Id,Position,First Name,Nickname,Last Name,FPPG,Played,Salary,Game,Team,Opponent,Injury Indicator,Injury Details,Tier,Probable Pitcher,Batting Order,Roster Position
118849-16960,P,Zack,Zack Wheeler,Wheeler,44.4,20,11000,BOS@PHI,PHI,BOS,,,,,,P
118849-52859,P,Jacob,Jacob deGrom,deGrom,36.95,20,11000,ATH@TEX,TEX,ATH,,,,,,P
118849-118225,P,Cristopher,Cristopher Sanchez,Sanchez,39.4,20,10600,BOS@PHI,PHI,BOS,,,,,,P
118849-83157,P,Ranger,Ranger Suarez,Suarez,37,14,10500,BOS@PHI,PHI,BOS,,,,,,P
118849-135977,P,Garrett,Garrett Crochet,Crochet,43.80952380952381,21,10300,BOS@PHI,BOS,PHI,,,,,,P
118849-13233,P,Nathan,Nathan Eovaldi,Eovaldi,36.8125,16,10200,ATH@TEX,TEX,ATH,,,,,,P
118849-60633,P,Carlos,Carlos Rodon,Rodon,36.285714285714285,21,10000,NYY@TOR,NYY,TOR,,,,,,P
118849-66766,P,Adrian,Adrian Houser,Houser,34.1,10,9900,CWS@TB,CWS,TB,,,,,,P
118849-60647,P,Aaron,Aaron Nola,Nola,24.555555555555557,9,9900,BOS@PHI,PHI,BOS,IL,Ribs,,,,P
118849-79280,P,Jesus,Jesus Luzardo,Luzardo,32.3,20,9700,BOS@PHI,PHI,BOS,,,,Yes,,P
118849-82621,P,Clarke,Clarke Schmidt,Schmidt,30,14,9600,NYY@TOR,NYY,TOR,IL,Elbow,,,,P
118849-82630,P,Shane,Shane Baz,Baz,29.1,20,9600,CWS@TB,TB,CWS,,,,,,P
118849-52185,P,Max,Max Fried,Fried,36.2,20,9600,NYY@TOR,NYY,TOR,,,,Yes,,P
118849-102294,P,Grayson,Grayson Rodriguez,Rodriguez,35.6,20,9500,BAL@CLE,BAL,CLE,IL,Elbow,,,,P
118849-11328,P,Martin,Martin Perez,Perez,26.75,4,9400,CWS@TB,CWS,TB,IL,Elbow,,,,P
118849-102407,P,Shane,Shane McClanahan,McClanahan,0,1,9200,CWS@TB,TB,CWS,IL,Triceps,,,,P
118849-83166,P,Zack,Zack Littell,Littell,28.6,20,9200,CWS@TB,TB,CWS,,,,,,P
118849-82554,P,Shane,Shane Bieber,Bieber,58,5,9200,BAL@CLE,CLE,BAL,IL,Elbow,,,,P
118849-79109,P,Tyler,Tyler Mahle,Mahle,28.785714285714285,14,9100,ATH@TEX,TEX,ATH,IL,Shoulder,,,,P
118849-82607,P,Trevor,Trevor Rogers,Rogers,34.714285714285715,7,9100,BAL@CLE,BAL,CLE,,,,,,P
118849-135647,P,Ryan,Ryan Pepiot,Pepiot,31.38095238095238,21,9000,CWS@TB,TB,CWS,,,,,,P
118849-16956,P,Gerrit,Gerrit Cole,Cole,32,22,9000,NYY@TOR,NYY,TOR,IL,Elbow,,,,P
118849-165698,P,Taj,Taj Bradley,Bradley,26.75,20,9000,CWS@TB,TB,CWS,,,,Yes,,P
118849-163680,P,Brayan,Brayan Bello,Bello,28.58823529411765,17,9000,BOS@PHI,BOS,PHI,,,,,,P
118849-185490,P,Logan,Logan Allen,Allen,22.894736842105264,19,8800,BAL@CLE,CLE,BAL,,,,,,P
118849-60639,P,Jose,Jose Berrios,Berrios,28.428571428571427,21,8800,NYY@TOR,TOR,NYY,,,,,,P
118849-118206,P,Luis,Luis Gil,Gil,30.29032258064516,31,8800,NYY@TOR,NYY,TOR,IL,Lat,,,,P
118849-38000,P,Kevin,Kevin Gausman,Gausman,30.4,20,8700,NYY@TOR,TOR,NYY,,,,,,P
118849-119361,P,Drew,Drew Rasmussen,Rasmussen,24.85,20,8700,CWS@TB,TB,CWS,,,,,,P
118849-52198,P,Lucas,Lucas Giolito,Giolito,30.142857142857142,14,8700,BOS@PHI,BOS,PHI,,,,Yes,,P
118849-79226,P,Eric,Eric Lauer,Lauer,23.933333333333334,15,8600,NYY@TOR,TOR,NYY,,,,,,P
118849-102447,P,Dean,Dean Kremer,Kremer,27.2,20,8500,BAL@CLE,BAL,CLE,,,,,,P
118849-102458,P,Kutter,Kutter Crawford,Crawford,27.96969696969697,33,8500,BOS@PHI,BOS,PHI,IL,Wrist,,,,P
118849-185501,P,Tanner,Tanner Bibee,Bibee,27.55,20,8500,BAL@CLE,CLE,BAL,,,,,,P
118849-146663,P,Slade,Slade Cecconi,Cecconi,29.90909090909091,11,8500,BAL@CLE,CLE,BAL,,,,Yes,,P
118849-228790,P,Cam,Cam Schlittler,Schlittler,26,2,8500,NYY@TOR,NYY,TOR,,,,,,P
118849-179725,P,Luis,Luis Ortiz,Ortiz,29.3125,16,8400,BAL@CLE,CLE,BAL,O,Personal,,,,P
118849-53067,P,Chris,Chris Bassitt,Bassitt,29.142857142857142,21,8300,NYY@TOR,TOR,NYY,,,,Yes,,P
118849-5481,P,Max,Max Scherzer,Scherzer,21.666666666666668,6,8200,NYY@TOR,TOR,NYY,,,,,,P
118849-165518,P,Gavin,Gavin Williams,Williams,28.6,20,8200,BAL@CLE,CLE,BAL,,,,,,P
118849-198912,P,Will,Will Warren,Warren,25.428571428571427,21,8100,NYY@TOR,NYY,TOR,,,,,,P
118849-85476,P,Jeffrey,Jeffrey Springs,Springs,25.476190476190474,21,8000,ATH@TEX,ATH,TEX,,,,,,P
118849-165706,P,Jack,Jack Leiter,Leiter,24.470588235294116,18,8000,ATH@TEX,TEX,ATH,,,,,,P
118849-163700,P,Kyle,Kyle Bradish,Bradish,32.625,8,8000,BAL@CLE,BAL,CLE,IL,Elbow,,,,P
118849-194677,P,Easton,Easton Lucas,Lucas,21.4,5,7900,NYY@TOR,TOR,NYY,,,,,,P
118849-68482,P,Zach,Zach Eflin,Eflin,20.75,12,7900,BAL@CLE,BAL,CLE,IL,Back,,Yes,,P
118849-211874,P,Kumar,Kumar Rocker,Rocker,20.166666666666668,12,7900,ATH@TEX,TEX,ATH,,,,,,P
118849-13664,P,Patrick,Patrick Corbin,Corbin,25.77777777777778,18,7800,ATH@TEX,TEX,ATH,,,,Yes,,P
118849-185896,P,Cody,Cody Bradford,Bradford,29.785714285714285,14,7800,ATH@TEX,TEX,ATH,IL,Elbow,,,,P
118849-5466,P,Charlie,Charlie Morton,Morton,20.142857142857142,21,7700,BAL@CLE,BAL,CLE,,,,,,P
118849-193326,P,Jacob,Jacob Lopez,Lopez,23.2,15,7700,ATH@TEX,ATH,TEX,,,,,,P
118849-68485,P,Ryan,Ryan Yarbrough,Yarbrough,16.6875,16,7700,NYY@TOR,NYY,TOR,IL,Oblique,,,,P
118849-170315,P,Davis,Davis Martin,Martin,23.333333333333332,15,7600,CWS@TB,CWS,TB,,,,,,P
118849-219668,P,Hunter,Hunter Dobbins,Dobbins,20.76923076923077,13,7600,BOS@PHI,BOS,PHI,IL,Knee,,,,P
118849-82638,P,Jordan,Jordan Hicks,Hicks,11.333333333333334,19,7600,BOS@PHI,BOS,PHI,,,,,,P
118849-211765,P,Richard,Richard Fitts,Fitts,17.88888888888889,9,7600,BOS@PHI,BOS,PHI,,,,,,P
118849-165715,P,Gunnar,Gunnar Hoglund,Hoglund,17.833333333333332,6,7600,ATH@TEX,ATH,TEX,IL,Hip,,,,P
118849-163685,P,JP,JP Sears,Sears,22.25,20,7600,ATH@TEX,ATH,TEX,,,,Yes,,P
118849-97300,P,John,John Means,Means,28,5,7500,BAL@CLE,CLE,BAL,IL,Elbow,,,,P
118849-60644,P,Luis,Luis Severino,Severino,21.523809523809526,21,7500,ATH@TEX,ATH,TEX,,,,,,P
118849-79118,P,Triston,Triston McKenzie,McKenzie,2,4,7500,BAL@CLE,CLE,BAL,DTD,Illness,,,,P
118849-79123,P,Tyler,Tyler Alexander,Alexander,8.59375,32,7500,CWS@TB,CWS,TB,,,,,,P
118849-119441,P,Alek,Alek Manoah,Manoah,27,6,7500,NYY@TOR,TOR,NYY,IL,Elbow,,,,P
118849-60646,P,Ben,Ben Lively,Lively,20.555555555555557,9,7400,BAL@CLE,CLE,BAL,IL,Elbow,,,,P
118849-187769,P,Osvaldo,Osvaldo Bido,Bido,12.928571428571429,14,7400,ATH@TEX,ATH,TEX,,,,,,P
118849-119411,P,Joey,Joey Cantillo,Cantillo,10.68,25,7400,BAL@CLE,CLE,BAL,,,,,,P
118849-165543,P,Sean,Sean Burke,Burke,23.05,20,7400,CWS@TB,CWS,TB,,,,,,P
118849-165561,P,Chayce,Chayce McDermott,McDermott,11.5,2,7400,BAL@CLE,BAL,CLE,DTD,Elbow,,,,P
118849-202541,P,Cade,Cade Povich,Povich,23.615384615384617,13,7400,BAL@CLE,BAL,CLE,IL,Hip,,,,P
118849-219659,P,Brandon,Brandon Young,Young,14.428571428571429,7,7300,BAL@CLE,BAL,CLE,,,,,,P
118849-220895,P,Tomoyuki,Tomoyuki Sugano,Sugano,21.68421052631579,19,7300,BAL@CLE,BAL,CLE,,,,,,P
118849-200581,P,Jonathan,Jonathan Cannon,Cannon,22.5,16,7300,CWS@TB,CWS,TB,,,,Yes,,P
118849-146717,P,Mick,Mick Abel,Abel,18.666666666666668,7,7200,BOS@PHI,PHI,BOS,,,,,,P
118849-21097,P,Taijuan,Taijuan Walker,Walker,13.80952380952381,21,7200,BOS@PHI,PHI,BOS,,,,,,P
118849-82557,P,Aaron,Aaron Civale,Civale,18.75,12,7200,CWS@TB,CWS,TB,,,,,,P
118849-70470,P,Albert,Albert Suarez,Suarez,11,1,7200,BAL@CLE,BAL,CLE,IL,Shoulder,,,,P
118849-160939,P,Jacob,Jacob Latz,Latz,12.904761904761905,22,7100,ATH@TEX,TEX,ATH,,,,,,P
118849-146705,P,J.T.,J.T. Ginn,Ginn,16,12,7100,ATH@TEX,ATH,TEX,,,,,,P
118849-79168,P,Walker,Walker Buehler,Buehler,20.823529411764707,17,7100,BOS@PHI,BOS,PHI,,,,,,P
118849-220840,P,Shane,Shane Smith,Smith,23,18,7100,CWS@TB,CWS,TB,IL,Ankle,,,,P
118849-6266,P,Carlos,Carlos Carrasco,Carrasco,15,8,7000,NYY@TOR,NYY,TOR,,,,,,P
118849-79076,P,Kolby,Kolby Allard,Allard,7.947368421052632,19,7000,BAL@CLE,CLE,BAL,,,,,,P
118849-146733,P,Kyle,Kyle Harrison,Harrison,14.5,8,7000,BOS@PHI,BOS,PHI,,,,,,P
118849-163698,P,Bowden,Bowden Francis,Francis,17.785714285714285,14,7000,NYY@TOR,TOR,NYY,IL,Shoulder,,,,P
118849-52155,P,Jon,Jon Gray,Gray,20.47826086956522,24,7000,ATH@TEX,TEX,ATH,IL,Forearm,,,,P
118849-102498,P,Patrick,Patrick Sandoval,Sandoval,23.4375,16,6800,BOS@PHI,BOS,PHI,IL,Elbow,,,,P
118849-176240,P,Luis F.,Luis F. Castillo,Castillo,9,2,6800,BAL@CLE,BAL,CLE,,,,,,P
118849-102569,P,Michael,Michael Mercado,Mercado,2,3,6800,BOS@PHI,PHI,BOS,,,,,,P
118849-60637,P,Sean,Sean Newcomb,Newcomb,11.482758620689655,29,6800,ATH@TEX,ATH,TEX,,,,,,P
118849-198934,P,Yariel,Yariel Rodriguez,Rodriguez,6.357142857142857,42,6800,NYY@TOR,TOR,NYY,,,,,,P
118849-149886,P,Cody,Cody Poteet,Poteet,-4,1,6800,BAL@CLE,BAL,CLE,IL,Shoulder,,,,P
118849-185845,P,Allan,Allan Winans,Winans,5,2,6800,NYY@TOR,NYY,TOR,,,,,,P
118849-82540,P,Tanner,Tanner Houck,Houck,13.555555555555555,9,6800,BOS@PHI,BOS,PHI,IL,Elbow,,,,P
118849-39041,P,Marcus,Marcus Stroman,Stroman,15.285714285714286,7,6700,NYY@TOR,NYY,TOR,,,,,,P
118849-198917,P,Drew,Drew Thorpe,Thorpe,18.333333333333332,9,6500,CWS@TB,CWS,TB,IL,Elbow,,,,P
118849-198353,P,Mitch,Mitch Spence,Spence,10.620689655172415,29,6500,ATH@TEX,ATH,TEX,,,,,,P
118849-165634,P,Ken,Ken Waldichuk,Waldichuk,0,1,6500,ATH@TEX,ATH,TEX,,,,,,P
118849-52172,P,Noah,Noah Syndergaard,Syndergaard,,0,6500,CWS@TB,CWS,TB,,,,,,P
118849-79147,P,Jakob,Jakob Junis,Junis,4.815789473684211,38,6400,BAL@CLE,CLE,BAL,,,,,,P
118849-194939,P,Joe,Joe Boyle,Boyle,24.75,4,6400,CWS@TB,TB,CWS,,,,,,P
118849-181794,P,Hogan,Hogan Harris,Harris,6.833333333333333,30,6400,ATH@TEX,ATH,TEX,,,,,,P
118849-164504,P,Joey,Joey Estes,Estes,0,2,6400,ATH@TEX,ATH,TEX,,,,,,P
118849-52998,P,Aaron,Aaron Brooks,Brooks,15.8,5,6400,ATH@TEX,ATH,TEX,,,,,,P
118849-161256,P,Cooper,Cooper Criswell,Criswell,6.333333333333333,6,6300,BOS@PHI,BOS,PHI,,,,,,P
118849-73835,P,Ty,Ty Blach,Blach,9.15,20,6200,ATH@TEX,TEX,ATH,,,,,,P
118849-82534,P,Bryse,Bryse Wilson,Wilson,5.894736842105263,19,6200,CWS@TB,CWS,TB,,,,,,P
118849-70559,P,Mike,Mike Clevinger,Clevinger,1.375,8,6200,CWS@TB,CWS,TB,,,,,,P
118849-195785,P,Caleb,Caleb Boushley,Boushley,8.5625,16,6100,ATH@TEX,TEX,ATH,,,,,,P
118849-145922,P,Tyler,Tyler Wells,Wells,19.666666666666668,4,6000,BAL@CLE,BAL,CLE,IL,Elbow,,,,P
118849-163515,P,Elvin,Elvin Rodriguez,Rodriguez,8.833333333333334,6,6000,BAL@CLE,BAL,CLE,,,,,,P
118849-165720,P,Ricky,Ricky Tiedemann,Tiedemann,,0,6000,NYY@TOR,TOR,NYY,IL,Elbow,,,,P
118849-163681,P,Josh,Josh Winckowski,Winckowski,7.833333333333333,6,6000,BOS@PHI,BOS,PHI,IL,Elbow,,,,P
118849-102420,P,Owen,Owen White,White,14.5,2,5900,CWS@TB,CWS,TB,,,,,,P
118849-135231,P,Jared,Jared Shuster,Shuster,3.4166666666666665,12,5900,CWS@TB,CWS,TB,,,,,,P
118849-197907,P,Brady,Brady Basso,Basso,14.857142857142858,7,5900,ATH@TEX,ATH,TEX,IL,Shoulder,,,,P
118849-203266,P,Jake,Jake Bloss,Bloss,13.666666666666666,3,5900,NYY@TOR,TOR,NYY,IL,Elbow,,,,P
118849-119391,P,Roansy,Roansy Contreras,Contreras,6.085106382978723,49,5900,BAL@CLE,BAL,CLE,,,,,,P
118849-52873,P,Joe,Joe Ross,Ross,5.633333333333334,31,5900,BOS@PHI,PHI,BOS,IL,Back,,,,P
118849-165578,P,Ky,Ky Bush,Bush,14.25,4,5900,CWS@TB,CWS,TB,IL,Elbow,,,,P
118849-158858,P,Justin,Justin Bruihl,Bruihl,5.375,8,5800,NYY@TOR,TOR,NYY,,,,,,P
118849-198905,P,Mike,Mike Vasil,Vasil,11.222222222222221,27,5700,CWS@TB,CWS,TB,,,,,,P
118849-79126,P,Forrest,Forrest Whitley,Whitley,2,10,5700,CWS@TB,TB,CWS,,,,,,P
118849-101838,P,JT,JT Brubaker,Brubaker,4.666666666666667,9,5700,NYY@TOR,NYY,TOR,,,,,,P
118849-161275,P,Kyle,Kyle Tyler,Tyler,14.125,8,5700,CWS@TB,CWS,TB,,,,,,P
118849-119431,P,Seth,Seth Johnson,Johnson,7.2,5,5700,BOS@PHI,PHI,BOS,,,,,,P
118849-82573,P,Alex,Alex Faedo,Faedo,8.054054054054054,37,5700,CWS@TB,TB,CWS,IL,Shoulder,,,,P
118849-168965,P,Tanner,Tanner Banks,Banks,5.3023255813953485,43,5500,BOS@PHI,PHI,BOS,,,,,,P
118849-68619,P,Matt,Matt Bowman,Bowman,4.222222222222222,19,5500,BAL@CLE,BAL,CLE,,,,,,P
118849-171020,P,Michael,Michael Kelly,Kelly,5.142857142857143,14,5500,ATH@TEX,ATH,TEX,,,,,,P
118849-102419,P,Cole,Cole Winn,Winn,5.785714285714286,14,5500,ATH@TEX,TEX,ATH,,,,,,P
118849-211985,P,Andrew,Andrew Walters,Walters,2,2,5500,BAL@CLE,CLE,BAL,IL,Lat,,,,P
118849-102426,P,Adam,Adam Kloffenstein,Kloffenstein,3,1,5500,NYY@TOR,TOR,NYY,,,,,,P
118849-102428,P,Eric,Eric Pardinho,Pardinho,,0,5500,NYY@TOR,TOR,NYY,IL,Undisclosed,,,,P
118849-155687,P,Andrew,Andrew Wantz,Wantz,10,1,5500,CWS@TB,TB,CWS,IL,Elbow,,,,P
118849-102455,P,Cory,Cory Abbott,Abbott,0,1,5500,ATH@TEX,TEX,ATH,,,,,,P
118849-200764,P,Cam,Cam Booser,Booser,3.966666666666667,30,5500,CWS@TB,CWS,TB,,,,,,P
118849-79936,P,Mark,Mark Leiter Jr.,Leiter Jr.,5.146341463414634,41,5500,NYY@TOR,NYY,TOR,IL,Leg,,,,P
118849-154688,P,Jake,Jake Cousins,Cousins,6.4186046511627906,43,5500,NYY@TOR,NYY,TOR,IL,Elbow,,,,P
118849-102469,P,Ben,Ben Bowden,Bowden,,0,5500,ATH@TEX,ATH,TEX,,,,,,P
118849-169030,P,Zach,Zach Jackson,Jackson,,0,5500,ATH@TEX,ATH,TEX,,,,,,P
118849-11333,P,Craig,Craig Kimbrel,Kimbrel,6,1,5500,ATH@TEX,TEX,ATH,,,,,,P
118849-179275,P,Fernando,Fernando Cruz,Cruz,7.5,32,5500,NYY@TOR,NYY,TOR,IL,Oblique,,,,P
118849-102479,P,Lincoln,Lincoln Henzman,Henzman,,0,5500,ATH@TEX,ATH,TEX,,,,,,P
118849-189528,P,Robert,Robert Garcia,Garcia,4.75,44,5500,ATH@TEX,TEX,ATH,,,,,,P
118849-195682,P,Orion,Orion Kerkering,Kerkering,5.1395348837209305,43,5500,BOS@PHI,PHI,BOS,,,,,,P
118849-102501,P,Braydon,Braydon Fisher,Fisher,6.814814814814815,28,5500,NYY@TOR,TOR,NYY,,,,,,P
118849-73828,P,Dan,Dan Altavilla,Altavilla,5.0476190476190474,21,5500,CWS@TB,CWS,TB,,,,,,P
118849-102500,P,Robert,Robert Dugger,Dugger,,0,5500,ATH@TEX,TEX,ATH,,,,,,P
118849-102505,P,Edwin,Edwin Uceta,Uceta,6.534883720930233,43,5500,CWS@TB,TB,CWS,,,,,,P
118849-135279,P,Codi,Codi Heuer,Heuer,4,1,5500,ATH@TEX,TEX,ATH,,,,,,P
118849-116847,P,Cole,Cole Sulser,Sulser,6,13,5500,CWS@TB,TB,CWS,,,,,,P
118849-83054,P,Justin,Justin Anderson,Anderson,4.796296296296297,56,5500,CWS@TB,CWS,TB,,,,,,P
118849-135281,P,Bryan,Bryan Baker,Baker,5.545454545454546,45,5500,CWS@TB,TB,CWS,,,,,,P
118849-135289,P,Kodi,Kodi Whitley,Whitley,,0,5500,CWS@TB,TB,CWS,,,,,,P
118849-135306,P,Cole,Cole Wilcox,Wilcox,,0,5500,CWS@TB,TB,CWS,,,,,,P
118849-135304,P,Tyler,Tyler Baum,Baum,,0,5500,ATH@TEX,ATH,TEX,,,,,,P
118849-73869,P,Joe,Joe Mantiply,Mantiply,0.2,10,5500,NYY@TOR,TOR,NYY,,,,,,P
118849-102543,P,Connor,Connor Seabold,Seabold,10.666666666666666,3,5500,CWS@TB,TB,CWS,,,,,,P
118849-102542,P,Travis,Travis MacGregor,MacGregor,,0,5500,ATH@TEX,TEX,ATH,,,,,,P
118849-135313,P,Nick,Nick Sandlin,Sandlin,4.473684210526316,19,5500,NYY@TOR,TOR,NYY,IL,Elbow,,,,P
118849-81044,P,Austin,Austin Adams,Adams,4.2727272727272725,56,5500,BOS@PHI,BOS,PHI,,,,,,P
118849-170135,P,Yennier,Yennier Cano,Cano,4.175,40,5500,BAL@CLE,BAL,CLE,,,,,,P
118849-83097,P,D.J.,D.J. Snelten,Snelten,,0,5500,CWS@TB,CWS,TB,,,,,,P
118849-81052,P,Andrew,Andrew Kittredge,Kittredge,4.884615384615385,26,5500,BAL@CLE,BAL,CLE,,,,,,P
118849-184482,P,Hobie,Hobie Harris,Harris,,0,5500,BOS@PHI,BOS,PHI,,,,,,P
118849-80034,P,Jose,Jose Alvarado,Alvarado,7.05,20,5500,BOS@PHI,PHI,BOS,NA,Suspension,,,,P
118849-102565,P,Mason,Mason Englert,Englert,8.066666666666666,17,5500,CWS@TB,TB,CWS,,,,,,P
118849-154794,P,Joe,Joe Barlow,Barlow,,0,5500,ATH@TEX,TEX,ATH,,,,,,P
118849-135339,P,Clayton,Clayton Beeter,Beeter,-2,2,5500,NYY@TOR,NYY,TOR,,,,,,P
118849-85164,P,Matt,Matt Festa,Festa,3.5,33,5500,BAL@CLE,CLE,BAL,,,,,,P
118849-209078,P,Max,Max Lazar,Lazar,5.444444444444445,18,5500,BOS@PHI,PHI,BOS,,,,,,P
118849-102590,P,Joey,Joey Gerber,Gerber,,0,5500,CWS@TB,TB,CWS,,,,,,P
118849-102593,P,Gerardo,Gerardo Carrillo,Carrillo,,0,5500,ATH@TEX,TEX,ATH,,,,,,P
118849-135361,P,Nabil,Nabil Crismatt,Crismatt,7.8,5,5500,BOS@PHI,PHI,BOS,,,,,,P
118849-83158,P,Seranthony,Seranthony Dominguez,Dominguez,5.7560975609756095,41,5500,BAL@CLE,BAL,CLE,,,,,,P
118849-198874,P,Noah,Noah Schultz,Schultz,,0,5500,CWS@TB,CWS,TB,DTD,Knee,,,,P
118849-83163,P,Jonathan,Jonathan Loaisiga,Loaisiga,4.25,24,5500,NYY@TOR,NYY,TOR,,,,,,P
118849-145630,P,Kervin,Kervin Castro,Castro,,0,5500,NYY@TOR,NYY,TOR,,,,,,P
118849-60640,P,Nick,Nick Burdi,Burdi,7.75,4,5500,BOS@PHI,BOS,PHI,IL,Hip,,,,P
118849-83172,P,Jonathan,Jonathan Hernandez,Hernandez,6.448275862068965,29,5500,CWS@TB,TB,CWS,IL,Undisclosed,,,,P
118849-178411,P,Michael,Michael Plassmeyer,Plassmeyer,0,1,5500,ATH@TEX,TEX,ATH,,,,,,P
118849-198890,P,Walter,Walter Pennington,Pennington,5.8125,16,5500,BAL@CLE,BAL,CLE,,,,,,P
118849-205032,P,Daniel,Daniel Robert,Robert,6,8,5500,BOS@PHI,PHI,BOS,,,,,,P
118849-79085,P,Keegan,Keegan Akin,Akin,5.230769230769231,39,5500,BAL@CLE,BAL,CLE,IL,Shoulder,,,,P
118849-60656,P,Jeff,Jeff Hoffman,Hoffman,6.155555555555556,45,5500,NYY@TOR,TOR,NYY,,,,,,P
118849-146678,P,Tanner,Tanner Burns,Burns,,0,5500,BAL@CLE,CLE,BAL,IL,Oblique,,,,P
118849-198901,P,Chase,Chase Hampton,Hampton,,0,5500,NYY@TOR,NYY,TOR,IL,Elbow,,,,P
118849-146684,P,Jared,Jared Kelley,Kelley,,0,5500,CWS@TB,CWS,TB,,,,,,P
118849-197884,P,Yoniel,Yoniel Curet,Curet,0,1,5500,CWS@TB,TB,CWS,,,,,,P
118849-197891,P,Michael,Michael Arias,Arias,0,2,5500,NYY@TOR,NYY,TOR,,,,,,P
118849-198915,P,Luis,Luis Morales,Morales,,0,5500,ATH@TEX,ATH,TEX,,,,,,P
118849-197890,P,Marc,Marc Church,Church,4.6,5,5500,ATH@TEX,TEX,ATH,IL,Elbow,,,,P
118849-197893,P,Jose,Jose Corniell,Corniell,0,1,5500,ATH@TEX,TEX,ATH,,,,,,P
118849-198920,P,Dylan,Dylan Lesko,Lesko,,0,5500,CWS@TB,TB,CWS,,,,,,P
118849-79116,P,Riley,Riley Pint,Pint,1.75,4,5500,BAL@CLE,CLE,BAL,IL,Undisclosed,,,,P
118849-197902,P,Cade,Cade Smith,Smith,6.4222222222222225,45,5500,BAL@CLE,CLE,BAL,,,,,,P
118849-85263,P,CD,CD Pelham,Pelham,,0,5500,ATH@TEX,ATH,TEX,,,,,,P
118849-197900,P,Luis,Luis Perales,Perales,0,2,5500,BOS@PHI,BOS,PHI,IL,Elbow,,,,P
118849-65817,P,Scott,Scott McGough,McGough,3.5,7,5500,ATH@TEX,ATH,TEX,,,,,,P
118849-197919,P,Jairo,Jairo Iriarte,Iriarte,5.5,6,5500,CWS@TB,CWS,TB,,,,,,P
118849-197916,P,Anthony,Anthony Maldonado,Maldonado,2.5,6,5500,ATH@TEX,ATH,TEX,,,,,,P
118849-116002,P,Joel,Joel Kuhnel,Kuhnel,5,6,5500,NYY@TOR,NYY,TOR,,,,,,P
118849-146727,P,Justin,Justin Lange,Lange,,0,5500,NYY@TOR,NYY,TOR,,,,,,P
118849-146730,P,Nick,Nick Bitsko,Bitsko,,0,5500,CWS@TB,TB,CWS,IL,Undisclosed,,,,P
118849-79144,P,Scott,Scott Blewett,Blewett,6.730769230769231,26,5500,BAL@CLE,BAL,CLE,IL,Elbow,,,,P
118849-146740,P,CJ,CJ Van Eyk,Van Eyk,,0,5500,NYY@TOR,TOR,NYY,,,,,,P
118849-79171,P,Phil,Phil Bickford,Bickford,2.375,8,5500,BOS@PHI,PHI,BOS,,,,,,P
118849-113986,P,Emmanuel,Emmanuel Clase,Clase,5.733333333333333,45,5500,BAL@CLE,CLE,BAL,,,,,,P
118849-203080,P,Brandon,Brandon Eisert,Eisert,4.837209302325581,43,5500,CWS@TB,CWS,TB,,,,,,P
118849-181583,P,Prelander,Prelander Berroa,Berroa,7.0588235294117645,17,5500,CWS@TB,CWS,TB,IL,Elbow,,,,P
118849-135530,P,Brett,Brett de Geus,de Geus,3,1,5500,BOS@PHI,PHI,BOS,,,,,,P
118849-118122,P,Angel,Angel Perdomo,Perdomo,2.5,4,5500,ATH@TEX,ATH,TEX,IL,Undisclosed,,,,P
118849-79220,P,Kevin,Kevin Gowdy,Gowdy,,0,5500,NYY@TOR,TOR,NYY,,,,,,P
118849-159099,P,Connor,Connor Overton,Overton,0,2,5500,NYY@TOR,TOR,NYY,,,,,,P
118849-225666,P,Paxton,Paxton Schultz,Schultz,9.666666666666666,12,5500,NYY@TOR,TOR,NYY,IL,Finger,,,,P
118849-181651,P,Matt,Matt Krook,Krook,4.333333333333333,3,5500,BAL@CLE,CLE,BAL,,,,,,P
118849-170384,P,Yerry,Yerry de los Santos,de los Santos,6.214285714285714,14,5500,NYY@TOR,NYY,TOR,IL,Elbow,,,,P
118849-62872,P,Vince,Vince Velasquez,Velasquez,,0,5500,BAL@CLE,CLE,BAL,,,,,,P
118849-101803,P,Jacob,Jacob Webb,Webb,5.125,40,5500,ATH@TEX,TEX,ATH,,,,,,P
118849-158131,P,Tyler,Tyler Gilbert,Gilbert,6.8,25,5500,CWS@TB,CWS,TB,,,,,,P
118849-101814,P,Sam,Sam Hentges,Hentges,5.12,25,5500,BAL@CLE,CLE,BAL,IL,Shoulder,,,,P
118849-169400,P,Parker,Parker Mushinski,Mushinski,1.8,10,5500,BAL@CLE,CLE,BAL,,,,,,P
118849-101822,P,Josh,Josh Sborz,Sborz,5.6875,17,5500,ATH@TEX,TEX,ATH,IL,Shoulder,,,,P
118849-219586,P,Ian,Ian Seymour,Seymour,13,3,5500,CWS@TB,TB,CWS,,,,,,P
118849-228800,P,Lazaro,Lazaro Estrada,Estrada,21,1,5500,NYY@TOR,TOR,NYY,,,,,,P
118849-101829,P,Trey,Trey Supak,Supak,,0,5500,ATH@TEX,TEX,ATH,,,,,,P
118849-118217,P,Manuel,Manuel Rodriguez,Rodriguez,4.870967741935484,31,5500,CWS@TB,TB,CWS,IL,Forearm,,,,P
118849-118224,P,Garrett,Garrett Cleavinger,Cleavinger,5.794871794871795,40,5500,CWS@TB,TB,CWS,,,,,,P
118849-182750,P,Andrew,Andrew Painter,Painter,,0,5500,BOS@PHI,PHI,BOS,,,,,,P
118849-101854,P,Jacob,Jacob Waguespack,Waguespack,11.25,4,5500,CWS@TB,TB,CWS,IL,Undisclosed,,,,P
118849-185847,P,Garrett,Garrett Acton,Acton,,0,5500,CWS@TB,TB,CWS,,,,,,P
118849-95737,P,Ian,Ian Hamilton,Hamilton,5.882352941176471,34,5500,NYY@TOR,NYY,TOR,,,,,,P
118849-161273,P,Scott,Scott Effross,Effross,3.5555555555555554,9,5500,NYY@TOR,NYY,TOR,,,,,,P
118849-184829,P,McKinley,McKinley Moore,Moore,0,3,5500,NYY@TOR,NYY,TOR,,,,,,P
118849-226819,P,Caleb,Caleb Freeman,Freeman,2.6,5,5500,CWS@TB,CWS,TB,,,,,,P
118849-119298,P,Luis,Luis Frias,Frias,1.8181818181818181,11,5500,BAL@CLE,CLE,BAL,,,,,,P
118849-219654,P,Juan,Juan Carela,Carela,,0,5500,CWS@TB,CWS,TB,O,Elbow,,,,P
118849-119310,P,Noah,Noah Song,Song,,0,5500,BOS@PHI,BOS,PHI,,,,,,P
118849-219660,P,Kade,Kade Strowd,Strowd,5.333333333333333,3,5500,BAL@CLE,BAL,CLE,,,,,,P
118849-101904,P,Jordan,Jordan Romano,Romano,3.736842105263158,39,5500,BOS@PHI,PHI,BOS,,,,,,P
118849-170512,P,Peter,Peter Strzelecki,Strzelecki,5.3,10,5500,CWS@TB,TB,CWS,IL,Elbow,,,,P
118849-119316,P,Thaddeus,Thaddeus Ward,Ward,0,1,5500,BAL@CLE,BAL,CLE,,,,,,P
118849-71190,P,Jose,Jose Leclerc,Leclerc,3.3,10,5500,ATH@TEX,ATH,TEX,IL,Lat,,,,P
118849-119331,P,Daniel,Daniel Espino,Espino,0,3,5500,BAL@CLE,CLE,BAL,IL,Shoulder,,,,P
118849-181803,P,Zak,Zak Kent,Kent,7.75,4,5500,BAL@CLE,CLE,BAL,,,,,,P
118849-79402,P,Cionel,Cionel Perez,Perez,3.5789473684210527,19,5500,BAL@CLE,BAL,CLE,,,,,,P
118849-219694,P,Winston,Winston Santos,Santos,,0,5500,ATH@TEX,TEX,ATH,IL,Back,,,,P
118849-219693,P,Emiliano,Emiliano Teodo,Teodo,,0,5500,ATH@TEX,TEX,ATH,IL,Undisclosed,,,,P
118849-178743,P,Nicholas,Nicholas Padilla,Padilla,,0,5500,BOS@PHI,PHI,BOS,,,,,,P
118849-181815,P,Brent,Brent Headrick,Headrick,6.090909090909091,11,5500,NYY@TOR,NYY,TOR,,,,,,P
118849-219701,P,Franco,Franco Aleman,Aleman,,0,5500,BAL@CLE,CLE,BAL,,,,,,P
118849-219707,P,Jean,Jean Cabrera,Cabrera,,0,5500,BOS@PHI,PHI,BOS,,,,,,P
118849-181819,P,Tim,Tim Herrin,Herrin,4.361111111111111,37,5500,BAL@CLE,CLE,BAL,,,,,,P
118849-219705,P,Moises,Moises Chace,Chace,,0,5500,BOS@PHI,PHI,BOS,IL,Elbow,,,,P
118849-222783,P,Grant,Grant Taylor,Taylor,6.714285714285714,14,5500,CWS@TB,CWS,TB,,,,,,P
118849-181826,P,Colby,Colby White,White,0,1,5500,NYY@TOR,NYY,TOR,,,,,,P
118849-222786,P,Raul,Raul Alcantara,Alcantara,,0,5500,BAL@CLE,BAL,CLE,,,,,,P
118849-222784,P,Hagen,Hagen Smith,Smith,,0,5500,CWS@TB,CWS,TB,,,,,,P
118849-72265,P,Matt,Matt Strahm,Strahm,5.186046511627907,43,5500,BOS@PHI,PHI,BOS,,,,,,P
118849-207438,P,Fraser,Fraser Ellard,Ellard,5.125,8,5500,CWS@TB,CWS,TB,,,,,,P
118849-175698,P,Hunter,Hunter Gaddis,Gaddis,4.928571428571429,42,5500,BAL@CLE,CLE,BAL,,,,,,P
118849-81488,P,Jose,Jose Ruiz,Ruiz,2.888888888888889,18,5500,ATH@TEX,TEX,ATH,,,,,,P
118849-222807,P,Alejandro,Alejandro Rosario,Rosario,,0,5500,ATH@TEX,TEX,ATH,IL,Elbow,,,,P
118849-181847,P,Noah,Noah Denoyer,Denoyer,,0,5500,BAL@CLE,BAL,CLE,,,,,,P
118849-181850,P,Colin,Colin Selby,Selby,6.857142857142857,7,5500,BAL@CLE,BAL,CLE,,,,,,P
118849-150107,P,Tommy,Tommy Nance,Nance,8.666666666666666,3,5500,NYY@TOR,TOR,NYY,,,,,,P
118849-16989,P,Wilking,Wilking Rodriguez,Rodriguez,,0,5500,NYY@TOR,NYY,TOR,,,,,,P
118849-222814,P,Trey,Trey Yesavage,Yesavage,,0,5500,NYY@TOR,TOR,NYY,,,,,,P
118849-85600,P,Ryan,Ryan Burr,Burr,10.5,2,5500,NYY@TOR,TOR,NYY,IL,Shoulder,,,,P
118849-226913,P,Yaramil,Yaramil Hiraldo,Hiraldo,7,1,5500,BAL@CLE,BAL,CLE,,,,,,P
118849-169574,P,Penn,Penn Murfee,Murfee,3.142857142857143,15,5500,CWS@TB,CWS,TB,,,,,,P
118849-5735,P,David,David Robertson,Robertson,6.850746268656716,68,5500,BOS@PHI,PHI,BOS,,,,,,P
118849-119398,P,Yoendrys,Yoendrys Gomez,Gomez,5.363636363636363,12,5500,CWS@TB,CWS,TB,,,,,,P
118849-82541,P,Bryan,Bryan Mata,Mata,0,2,5500,BOS@PHI,BOS,PHI,,,,,,P
118849-184943,P,Jesse,Jesse Scholtens,Scholtens,,0,5500,CWS@TB,CWS,TB,IL,Elbow,,,,P
118849-222828,P,Jacob,Jacob Webb,Webb,,0,5500,BOS@PHI,BOS,PHI,,,,,,P
118849-82549,P,Brendon,Brendon Little,Little,7.23404255319149,48,5500,NYY@TOR,TOR,NYY,,,,,,P
118849-119413,P,Isaiah,Isaiah Campbell,Campbell,0,1,5500,BOS@PHI,BOS,PHI,,,,,,P
118849-222855,P,Ty,Ty Johnson,Johnson,,0,5500,CWS@TB,TB,CWS,,,,,,P
118849-222854,P,Brody,Brody Hopkins,Hopkins,,0,5500,CWS@TB,TB,CWS,,,,,,P
118849-62087,P,Miguel,Miguel Castro,Castro,2.5,6,5500,CWS@TB,CWS,TB,IL,Knee,,,,P
118849-165509,P,Bryce,Bryce Bonnin,Bonnin,,0,5500,ATH@TEX,TEX,ATH,,,,,,P
118849-119433,P,JJ,JJ Goss,Goss,,0,5500,CWS@TB,TB,CWS,,,,,,P
118849-222857,P,Jackson,Jackson Baumeister,Baumeister,,0,5500,CWS@TB,TB,CWS,,,,,,P
118849-222856,P,Trevor,Trevor Harrison,Harrison,,0,5500,CWS@TB,TB,CWS,,,,,,P
118849-82572,P,Gregory,Gregory Soto,Soto,4.181818181818182,44,5500,BAL@CLE,BAL,CLE,,,,,,P
118849-190092,P,Devin,Devin Sweet,Sweet,,0,5500,BOS@PHI,PHI,BOS,,,,,,P
118849-165522,P,Tommy,Tommy Mace,Mace,,0,5500,BAL@CLE,CLE,BAL,,,,,,P
118849-165521,P,Doug,Doug Nikhazy,Nikhazy,4.5,2,5500,BAL@CLE,CLE,BAL,,,,,,P
118849-220822,P,Elvis,Elvis Alvarado,Alvarado,6.75,12,5500,ATH@TEX,ATH,TEX,,,,,,P
118849-164500,P,Ryan,Ryan Cusick,Cusick,,0,5500,BOS@PHI,PHI,BOS,,,,,,P
118849-165528,P,Joe,Joe Rock,Rock,12,1,5500,CWS@TB,TB,CWS,,,,,,P
118849-165534,P,Norge,Norge Vera,Vera,,0,5500,ATH@TEX,ATH,TEX,,,,,,P
118849-82591,P,Chris,Chris Rodriguez,Rodriguez,,0,5500,CWS@TB,CWS,TB,IL,Undisclosed,,,,P
118849-202402,P,Justin,Justin Sterner,Sterner,5.142857142857143,36,5500,ATH@TEX,ATH,TEX,,,,,,P
118849-220834,P,Nate,Nate Lavender,Lavender,,0,5500,CWS@TB,TB,CWS,IL,Elbow,,,,P
118849-38563,P,Yimi,Yimi Garcia,Garcia,5.318181818181818,22,5500,NYY@TOR,TOR,NYY,IL,Ankle,,,,P
118849-220837,P,Evan,Evan Reifert,Reifert,,0,5500,CWS@TB,TB,CWS,,,,,,P
118849-164517,P,Chris,Chris Murphy,Murphy,9.285714285714286,7,5500,BOS@PHI,BOS,PHI,,,,,,P
118849-220836,P,Angel,Angel Bastardo,Bastardo,,0,5500,NYY@TOR,TOR,NYY,IL,Elbow,,,,P
118849-164522,P,Wikelman,Wikelman Gonzalez,Gonzalez,8,3,5500,CWS@TB,CWS,TB,,,,,,P
118849-220842,P,Eiberson,Eiberson Castellano,Castellano,,0,5500,BOS@PHI,PHI,BOS,IL,Undisclosed,,,,P
118849-165545,P,Tanner,Tanner McDougal,McDougal,,0,5500,CWS@TB,CWS,TB,,,,,,P
118849-220847,P,Grant,Grant Wolfram,Wolfram,4.333333333333333,6,5500,BAL@CLE,BAL,CLE,,,,,,P
118849-220845,P,Juan,Juan Nunez,Nunez,,0,5500,BAL@CLE,BAL,CLE,,,,,,P
118849-163507,P,Alan,Alan Rangel,Rangel,16.5,2,5500,BOS@PHI,PHI,BOS,,,,,,P
118849-222898,P,Mason,Mason Fluharty,Fluharty,5.057142857142857,38,5500,NYY@TOR,TOR,NYY,,,,,,P
118849-211632,P,Mason,Mason Montgomery,Montgomery,4.333333333333333,40,5500,CWS@TB,TB,CWS,,,,,,P
118849-114360,P,Devin,Devin Williams,Williams,5.512195121951219,42,5500,NYY@TOR,NYY,TOR,,,,,,P
118849-38596,P,Chris,Chris Martin,Martin,5.277777777777778,39,5500,ATH@TEX,TEX,ATH,IL,Calf,,,,P
118849-82628,P,Adonis,Adonis Medina,Medina,,0,5500,BOS@PHI,PHI,BOS,,,,,,P
118849-119494,P,Andrew,Andrew Dalquist,Dalquist,,0,5500,CWS@TB,CWS,TB,,,,,,P
118849-165582,P,Robinson,Robinson Pina,Pina,2,2,5500,NYY@TOR,TOR,NYY,,,,,,P
118849-228050,P,Nolan,Nolan Hoffman,Hoffman,,0,5500,BOS@PHI,PHI,BOS,,,,,,P
118849-165585,P,Erik,Erik Rivera,Rivera,,0,5500,BOS@PHI,BOS,PHI,,,,,,P
118849-198352,P,Shane,Shane Drohan,Drohan,0,1,5500,BOS@PHI,BOS,PHI,IL,Forearm,,,,P
118849-198356,P,Justin,Justin Slaten,Slaten,4.217391304347826,24,5500,BOS@PHI,BOS,PHI,IL,Shoulder,,,,P
118849-165594,P,Carlos,Carlos Duran,Duran,-8,1,5500,ATH@TEX,ATH,TEX,,,,,,P
118849-198361,P,Carson,Carson Coleman,Coleman,0,1,5500,NYY@TOR,NYY,TOR,IL,Undisclosed,,,,P
118849-228057,P,Jayvien,Jayvien Sandridge,Sandridge,2,1,5500,NYY@TOR,NYY,TOR,,,,,,P
118849-112348,P,Cody,Cody Stashak,Stashak,,0,5500,BOS@PHI,PHI,BOS,,,,,,P
118849-82657,P,Wil,Wil Crowe,Crowe,,0,5500,BOS@PHI,PHI,BOS,,,,,,P
118849-181985,P,Guillo,Guillo Zuniga,Zuniga,4.214285714285714,15,5500,BOS@PHI,PHI,BOS,,,,,,P
118849-53990,P,Shawn,Shawn Armstrong,Armstrong,5.880952380952381,43,5500,ATH@TEX,TEX,ATH,,,,,,P
118849-228072,P,Jake,Jake Palisch,Palisch,-3,1,5500,CWS@TB,CWS,TB,,,,,,P
118849-228077,P,Jack,Jack Perkins,Perkins,13.6,5,5500,ATH@TEX,ATH,TEX,,,,,,P
118849-228076,P,Paul,Paul Gervase,Gervase,5.6,5,5500,CWS@TB,TB,CWS,,,,,,P
118849-182006,P,Nic,Nic Enright,Enright,6.153846153846154,13,5500,BAL@CLE,CLE,BAL,,,,,,P
118849-182005,P,Kevin,Kevin Kelly,Kelly,4.083333333333333,24,5500,CWS@TB,TB,CWS,,,,,,P
118849-84732,P,Robert,Robert Stock,Stock,1,2,5500,BOS@PHI,BOS,PHI,,,,,,P
118849-165628,P,Josh,Josh Walker,Walker,9,3,5500,BOS@PHI,PHI,BOS,,,,,,P
118849-165635,P,Brendan,Brendan Beck,Beck,,0,5500,NYY@TOR,NYY,TOR,,,,,,P
118849-154368,P,Vinny,Vinny Nittoli,Nittoli,6,9,5500,BAL@CLE,BAL,CLE,,,,,,P
118849-165637,P,Brock,Brock Selvidge,Selvidge,,0,5500,NYY@TOR,NYY,TOR,,,,,,P
118849-165642,P,Mason,Mason Miller,Miller,6.583333333333333,36,5500,ATH@TEX,ATH,TEX,,,,,,P
118849-165650,P,Grant,Grant Holman,Holman,5,22,5500,ATH@TEX,ATH,TEX,IL,Shoulder,,,,P
118849-165649,P,Colin,Colin Peluse,Peluse,,0,5500,ATH@TEX,ATH,TEX,,,,,,P
118849-165653,P,Cristian,Cristian Hernandez,Hernandez,,0,5500,NYY@TOR,NYY,TOR,,,,,,P
118849-161563,P,Jovani,Jovani Moran,Moran,,0,5500,BOS@PHI,BOS,PHI,,,,,,P
118849-211737,P,Luis,Luis Guerrero,Guerrero,4.461538461538462,13,5500,BOS@PHI,BOS,PHI,IL,Elbow,,,,P
118849-201506,P,Tyler,Tyler Ferguson,Ferguson,3.8333333333333335,36,5500,ATH@TEX,ATH,TEX,,,,,,P
118849-199460,P,Jordan,Jordan Leasure,Leasure,5.153846153846154,40,5500,CWS@TB,CWS,TB,,,,,,P
118849-165674,P,Adam,Adam Macko,Macko,0,1,5500,NYY@TOR,TOR,NYY,,,,,,P
118849-165673,P,Levi,Levi Stoudt,Stoudt,0,1,5500,BAL@CLE,BAL,CLE,,,,,,P
118849-182062,P,Gus,Gus Varland,Varland,5.230769230769231,26,5500,CWS@TB,CWS,TB,,,,,,P
118849-182065,P,Zach,Zach Greene,Greene,,0,5500,NYY@TOR,NYY,TOR,,,,,,P
118849-178997,P,Greg,Greg Weissert,Weissert,4.191489361702128,47,5500,BOS@PHI,BOS,PHI,,,,,,P
118849-13118,P,Justin,Justin Wilson,Wilson,4.916666666666667,37,5500,BOS@PHI,BOS,PHI,,,,,,P
118849-84815,P,Joey,Joey Krehbiel,Krehbiel,,0,5500,CWS@TB,TB,CWS,,,,,,P
118849-163660,P,Steven,Steven Wilson,Wilson,5.242424242424242,33,5500,CWS@TB,CWS,TB,,,,,,P
118849-204624,P,Eric,Eric Orze,Orze,6.548387096774194,31,5500,CWS@TB,TB,CWS,,,,,,P
118849-204631,P,Hunter,Hunter Bigge,Bigge,5.3076923076923075,13,5500,CWS@TB,TB,CWS,IL,Lat,,,,P
118849-165719,P,Irv,Irv Carter,Carter,,0,5500,NYY@TOR,TOR,NYY,,,,,,P
118849-165722,P,Chad,Chad Dallas,Dallas,,0,5500,NYY@TOR,TOR,NYY,IL,Undisclosed,,,,P
118849-163673,P,Jorge,Jorge Juan,Juan,,0,5500,BOS@PHI,BOS,PHI,,,,,,P
118849-11108,P,Aroldis,Aroldis Chapman,Chapman,7.071428571428571,42,5500,BOS@PHI,BOS,PHI,,,,,,P
118849-163690,P,Nathan,Nathan Webb,Webb,,0,5500,BAL@CLE,BAL,CLE,,,,,,P
118849-70517,P,Chad,Chad Green,Green,4.428571428571429,42,5500,NYY@TOR,TOR,NYY,,,,,,P
118849-163701,P,Felix,Felix Bautista,Bautista,6.571428571428571,35,5500,BAL@CLE,BAL,CLE,,,,,,P
118849-15225,P,Liam,Liam Hendriks,Hendriks,3.357142857142857,14,5500,BOS@PHI,BOS,PHI,IL,Hip,,,,P
118849-161675,P,Jonathan,Jonathan Heasley,Heasley,-0.5,5,5500,CWS@TB,CWS,TB,,,,,,P
118849-68510,P,Amir,Amir Garrett,Garrett,6.666666666666667,8,5500,NYY@TOR,TOR,NYY,,,,,,P
118849-80801,P,Hoby,Hoby Milner,Milner,5.333333333333333,47,5500,ATH@TEX,TEX,ATH,,,,,,P
118849-108461,P,Pete,Pete Fairbanks,Fairbanks,5.076923076923077,39,5500,CWS@TB,TB,CWS,,,,,,P
118849-179118,P,Zack,Zack Kelly,Kelly,6.6875,17,5500,BOS@PHI,BOS,PHI,IL,Oblique,,,,P
118849-52141,P,Lucas,Lucas Sims,Sims,1.5625,18,5500,BOS@PHI,PHI,BOS,,,,,,P
118849-68527,P,Jose,Jose De Leon,De Leon,,0,5500,BOS@PHI,BOS,PHI,,,,,,P
118849-175032,P,Brennan,Brennan Bernardino,Bernardino,4.761904761904762,43,5500,BOS@PHI,BOS,PHI,,,,,,P
118849-102334,P,Corbin,Corbin Martin,Martin,6.333333333333333,3,5500,BAL@CLE,BAL,CLE,,,,,,P
118849-210885,P,Erik,Erik Sabrowski,Sabrowski,8.375,8,5500,BAL@CLE,CLE,BAL,,,,,,P
118849-68556,P,Dillon,Dillon Tate,Tate,5.6,5,5500,NYY@TOR,TOR,NYY,,,,,,P
118849-68561,P,Luke,Luke Weaver,Weaver,5.857142857142857,35,5500,NYY@TOR,NYY,TOR,,,,,,P
118849-102355,P,Jorge,Jorge Alcala,Alcala,4.696969696969697,35,5500,BOS@PHI,BOS,PHI,,,,,,P
118849-193498,P,John,John McMillon,McMillon,9,10,5500,BOS@PHI,PHI,BOS,,,,,,P
118849-52192,P,Luke,Luke Jackson,Jackson,3.9166666666666665,39,5500,ATH@TEX,TEX,ATH,,,,,,P
118849-70629,P,Jacob,Jacob Barnes,Barnes,2.5,6,5500,NYY@TOR,TOR,NYY,,,,,,P
118849-202726,P,Michel,Michel Otanez,Otanez,2,6,5500,ATH@TEX,ATH,TEX,IL,Undisclosed,,,,P
118849-102375,P,Luis,Luis Medina,Medina,20.375,8,5500,ATH@TEX,ATH,TEX,IL,Elbow,,,,P
118849-102377,P,Trevor,Trevor Stephan,Stephan,0,3,5500,BAL@CLE,CLE,BAL,IL,Elbow,,,,P
118849-213995,P,Luis,Luis Curvelo,Curvelo,,0,5500,ATH@TEX,TEX,ATH,,,,,,P
118849-79848,P,Paul,Paul Sewald,Sewald,4.555555555555555,18,5500,BAL@CLE,CLE,BAL,IL,Shoulder,,,,P
118849-102376,P,Garrett,Garrett Whitlock,Whitlock,8.216216216216216,37,5500,BOS@PHI,BOS,PHI,,,,,,P
118849-82924,P,Tim,Tim Hill,Hill,4.085106382978723,48,5500,NYY@TOR,NYY,TOR,,,,,,P
118849-102386,P,Steven,Steven Jennings,Jennings,,0,5500,ATH@TEX,TEX,ATH,,,,,,P
118849-102397,P,Wyatt,Wyatt Mills,Mills,,0,5500,BOS@PHI,BOS,PHI,,,,,,P
118849-60643,OF,Aaron,Aaron Judge,Judge,16.146535136912128,101,4800,NYY@TOR,NYY,TOR,,,,,,OF/UTIL
118849-60631,OF,Kyle,Kyle Schwarber,Schwarber,13.789108427444306,101,4100,BOS@PHI,PHI,BOS,,,,,,OF/UTIL
118849-38976,3B,Jose,Jose Ramirez,Ramirez,13.249484032699742,97,4000,BAL@CLE,CLE,BAL,,,,,,3B/UTIL
118849-12948,1B,Bryce,Bryce Harper,Harper,12.195890243739298,73,3800,BOS@PHI,PHI,BOS,,,,,,C/1B/UTIL
118849-222794,1B,Nick,Nick Kurtz,Kurtz,12.798412504650297,63,3700,ATH@TEX,ATH,TEX,,,,,,C/1B/UTIL
118849-65881,SS,Trea,Trea Turner,Turner,11.3989898989899,99,3600,BOS@PHI,PHI,BOS,,,,,,SS/UTIL
118849-82527,2B/3B,Jazz,Jazz Chisholm Jr.,Chisholm Jr.,12.245714460100446,70,3600,NYY@TOR,NYY,TOR,,,,,,2B/3B/UTIL
118849-195679,3B,Junior,Junior Caminero,Caminero,11.39687474568685,96,3500,CWS@TB,TB,CWS,,,,,,3B/UTIL
118849-79159,OF/1B,Cody,Cody Bellinger,Bellinger,11.685869299847147,92,3500,NYY@TOR,NYY,TOR,,,,,,C/1B/OF/UTIL
118849-119306,SS,Gunnar,Gunnar Henderson,Henderson,10.297849593623992,93,3400,BAL@CLE,BAL,CLE,,,,,,SS/UTIL
118849-16983,OF,George,George Springer,Springer,11.337894479851974,95,3400,NYY@TOR,TOR,NYY,,,,,,OF/UTIL
118849-82612,OF,Brent,Brent Rooker,Rooker,11.258252190154733,103,3400,ATH@TEX,ATH,TEX,,,,,,OF/UTIL
118849-198526,OF,Wyatt,Wyatt Langford,Langford,10.560494128568672,81,3400,ATH@TEX,TEX,ATH,,,,,,OF/UTIL
118849-68522,3B,Alex,Alex Bregman,Bregman,11.87586185849946,58,3400,BOS@PHI,BOS,PHI,,,,,,3B/UTIL
118849-12302,OF,Giancarlo,Giancarlo Stanton,Stanton,9.757692190317007,26,3200,NYY@TOR,NYY,TOR,,,,,,OF/UTIL
118849-79120,1B,Yandy,Yandy Diaz,Diaz,10.747917175292969,96,3200,CWS@TB,TB,CWS,,,,,,C/1B/UTIL
118849-79273,1B,Vladimir,Vladimir Guerrero Jr.,Guerrero Jr.,10.913131559738005,99,3200,NYY@TOR,TOR,NYY,,,,,,C/1B/UTIL
118849-161418,2B/1B/3B,Romy,Romy Gonzalez,Gonzalez,10.02500025431315,48,3200,BOS@PHI,BOS,PHI,,,,,,C/1B/2B/3B/UTIL
118849-52158,SS,Trevor,Trevor Story,Story,10.097979921283144,99,3200,BOS@PHI,BOS,PHI,,,,,,SS/UTIL
118849-83155,OF,Ramon,Ramon Laureano,Laureano,9.75205512895976,73,3100,BAL@CLE,BAL,CLE,,,,,,OF/UTIL
118849-197967,2B/SS,Jackson,Jackson Holliday,Holliday,9.372042748235888,93,3100,BAL@CLE,BAL,CLE,,,,,,2B/SS/UTIL
118849-203111,C/1B,Ben,Ben Rice,Rice,9.409638554216867,83,3100,NYY@TOR,NYY,TOR,,,,,,C/1B/UTIL
118849-85504,2B,Brandon,Brandon Lowe,Lowe,10.569767441860465,86,3100,CWS@TB,TB,CWS,IL,Foot,,,,2B/UTIL
118849-38412,SS,Corey,Corey Seager,Seager,10.964285714285714,70,3100,ATH@TEX,TEX,ATH,,,,,,SS/UTIL
118849-119372,OF/3B/1B,Miguel,Miguel Vargas,Vargas,9.093877675581952,98,3100,CWS@TB,CWS,TB,,,,,,C/1B/3B/OF/UTIL
118849-13342,OF,Nick,Nick Castellanos,Castellanos,9.177999877929688,100,3000,BOS@PHI,PHI,BOS,,,,,,OF/UTIL
118849-21705,2B,Marcus,Marcus Semien,Semien,9.200989978148206,101,3000,ATH@TEX,TEX,ATH,,,,,,2B/UTIL
118849-119311,OF,Jarren,Jarren Duran,Duran,10.903960879486386,101,3000,BOS@PHI,BOS,PHI,,,,,,OF/UTIL
118849-85520,OF,Adolis,Adolis Garcia,Garcia,9.1226806640625,97,3000,ATH@TEX,TEX,ATH,,,,,,OF/UTIL
118849-181795,OF,Lawrence,Lawrence Butler,Butler,10.517346440529337,98,3000,ATH@TEX,ATH,TEX,,,,,,OF/UTIL
118849-181811,OF/2B/SS,Ceddanne,Ceddanne Rafaela,Rafaela,9.950515589763208,97,3000,BOS@PHI,BOS,PHI,,,,,,2B/SS/OF/UTIL
118849-119396,SS,Anthony,Anthony Volpe,Volpe,9.139000244140625,100,3000,NYY@TOR,NYY,TOR,,,,,,SS/UTIL
118849-82536,OF,Cedric,Cedric Mullins,Mullins,9.519047328404017,84,3000,BAL@CLE,BAL,CLE,,,,,,OF/UTIL
118849-119405,2B/SS,Bryson,Bryson Stott,Stott,8.362221950954861,90,3000,BOS@PHI,PHI,BOS,,,,,,2B/SS/UTIL
118849-164507,OF,Colton,Colton Cowser,Cowser,8.928571428571429,42,3000,BAL@CLE,BAL,CLE,,,,,,OF/UTIL
118849-12968,1B,Paul,Paul Goldschmidt,Goldschmidt,9.283158151726974,95,3000,NYY@TOR,NYY,TOR,,,,,,C/1B/UTIL
118849-82654,SS,Bo,Bo Bichette,Bichette,10.213265555245536,98,3000,NYY@TOR,TOR,NYY,,,,,,SS/UTIL
118849-82734,OF,Luis,Luis Robert Jr.,Robert Jr.,9.614457831325302,83,3000,CWS@TB,CWS,TB,,,,,,OF/UTIL
118849-163662,1B,Jonathan,Jonathan Aranda,Aranda,9.806315532483552,95,3000,CWS@TB,TB,CWS,,,,,,C/1B/UTIL
118849-163666,OF,Steven,Steven Kwan,Kwan,9.263829657372009,94,3000,BAL@CLE,CLE,BAL,,,,,,OF/UTIL
118849-80847,OF,Mike,Mike Tauchman,Tauchman,9.908163265306122,49,3000,CWS@TB,CWS,TB,,,,,,OF/UTIL
118849-12310,1B,Carlos,Carlos Santana,Santana,8.64999974027593,94,2900,BAL@CLE,CLE,BAL,,,,,,C/1B/UTIL
118849-225386,OF,Chandler,Chandler Simpson,Simpson,9.73620710701778,58,2900,CWS@TB,TB,CWS,,,,,,OF/UTIL
118849-135298,1B/OF,Tyler,Tyler Soderstrom,Soderstrom,10.026470707912072,102,2900,ATH@TEX,ATH,TEX,,,,,,C/1B/OF/UTIL
118849-146667,3B/2B,Jordan,Jordan Westburg,Westburg,9.773469263193558,49,2900,BAL@CLE,BAL,CLE,,,,,,2B/3B/UTIL
118849-146716,C,Austin,Austin Wells,Wells,8.929268441549162,82,2900,NYY@TOR,NYY,TOR,,,,,,C/1B/UTIL
118849-79141,1B/OF,Ryan,Ryan O'Hearn,O'Hearn,9.195402298850574,87,2900,BAL@CLE,BAL,CLE,,,,,,C/1B/OF/UTIL
118849-79257,OF,Josh,Josh Lowe,Lowe,9.20357186453683,56,2900,CWS@TB,TB,CWS,,,,,,OF/UTIL
118849-119303,C,Shea,Shea Langeliers,Langeliers,9.604225695972712,71,2900,ATH@TEX,ATH,TEX,,,,,,C/1B/UTIL
118849-181812,OF,Wilyer,Wilyer Abreu,Abreu,10.104597420528018,87,2900,BOS@PHI,BOS,PHI,,,,,,OF/UTIL
118849-119395,OF,Jasson,Jasson Dominguez,Dominguez,9.416867175734186,83,2900,NYY@TOR,NYY,TOR,,,,,,OF/UTIL
118849-82533,OF,Daulton,Daulton Varsho,Varsho,11.908332824707031,24,2900,NYY@TOR,TOR,NYY,IL,Hamstring,,,,OF/UTIL
118849-165514,OF/2B,Angel,Angel Martinez,Martinez,8.209523518880209,84,2900,BAL@CLE,CLE,BAL,,,,,,2B/OF/UTIL
118849-17139,C,J.T.,J.T. Realmuto,Realmuto,8.418072436229291,83,2900,BOS@PHI,PHI,BOS,,,,,,C/1B/UTIL
118849-165710,OF,Evan,Evan Carter,Carter,9.560869299847147,46,2900,ATH@TEX,TEX,ATH,,,,,,OF/UTIL
118849-68495,OF,Andrew,Andrew Benintendi,Benintendi,9.319718481789172,71,2900,CWS@TB,CWS,TB,,,,,,OF/UTIL
118849-222287,SS/2B,Chase,Chase Meidroth,Meidroth,7.669737163342927,76,2800,CWS@TB,CWS,TB,,,,,,2B/SS/UTIL
118849-79175,OF,Trent,Trent Grisham,Grisham,9.766666957310267,84,2800,NYY@TOR,NYY,TOR,,,,,,OF/UTIL
118849-53757,OF,Rob,Rob Refsnyder,Refsnyder,8.120454268022018,44,2800,BOS@PHI,BOS,PHI,,,,,,OF/UTIL
118849-219666,OF,Jake,Jake Mangum,Mangum,8.646153846153846,65,2800,CWS@TB,TB,CWS,,,,,,OF/UTIL
118849-82570,1B,Jake,Jake Burger,Burger,7.9613330078125,75,2800,ATH@TEX,TEX,ATH,IL,Quadriceps,,,,C/1B/UTIL
118849-206482,SS,Jacob,Jacob Wilson,Wilson,9.632608828337297,92,2800,ATH@TEX,ATH,TEX,,,,,,SS/UTIL
118849-119444,C,Alejandro,Alejandro Kirk,Kirk,8.310588522518382,85,2800,NYY@TOR,TOR,NYY,,,,,,C/1B/UTIL
118849-82655,C,Danny,Danny Jansen,Jansen,7.787142508370536,70,2800,CWS@TB,TB,CWS,,,,,,C/1B/UTIL
118849-189308,1B,Kyle,Kyle Manzardo,Manzardo,8.277646771599265,85,2800,BAL@CLE,CLE,BAL,,,,,,C/1B/UTIL
118849-102370,3B/1B,Alec,Alec Bohm,Bohm,8.43260856296705,92,2800,BOS@PHI,PHI,BOS,IL,Ribs,,,,C/1B/3B/UTIL
118849-197762,C,Carlos,Carlos Narvaez,Narvaez,8.67662305955763,77,2700,BOS@PHI,BOS,PHI,,,,,,C/1B/UTIL
118849-135314,2B/SS/3B/1B,Ernie,Ernie Clement,Clement,6.981818305121528,99,2700,NYY@TOR,TOR,NYY,,,,,,C/1B/2B/3B/SS/UTIL
118849-198870,OF,Roman,Roman Anthony,Anthony,9.305555555555555,36,2700,BOS@PHI,BOS,PHI,,,,,,OF/UTIL
118849-185632,C/1B/OF,David,David Fry,Fry,4.8794115851907165,34,2700,BAL@CLE,CLE,BAL,,,,,,C/1B/OF/UTIL
118849-21875,OF,Max,Max Kepler,Kepler,7.575281036034059,89,2700,BOS@PHI,PHI,BOS,,,,,,OF/UTIL
118849-101844,OF,Lane,Lane Thomas,Thomas,6.1923076923076925,39,2700,BAL@CLE,CLE,BAL,IL,Foot,,,,OF/UTIL
118849-16945,C,Gary,Gary Sanchez,Sanchez,8.886666870117187,30,2700,BAL@CLE,BAL,CLE,IL,Knee,,,,C/1B/UTIL
118849-181830,3B/OF,Addison,Addison Barger,Barger,10.01558457411729,77,2700,NYY@TOR,TOR,NYY,,,,,,3B/OF/UTIL
118849-119437,3B,Josh,Josh Jung,Jung,8.101298542765829,77,2700,ATH@TEX,TEX,ATH,,,,,,3B/UTIL
118849-165544,2B/3B/1B,Lenyn,Lenyn Sosa,Sosa,7.346511485964753,86,2700,CWS@TB,CWS,TB,,,,,,C/1B/2B/3B/UTIL
118849-146160,SS/2B,Ha-Seong,Ha-Seong Kim,Kim,8.90999984741211,10,2700,CWS@TB,TB,CWS,DTD,Back,,,,2B/SS/UTIL
118849-165707,SS/3B/2B/1B/OF,Josh,Josh Smith,Smith,9.048314469583918,89,2700,ATH@TEX,TEX,ATH,,,,,,C/1B/2B/3B/SS/OF/UTIL
118849-68547,OF,Tyler,Tyler O'Neill,O'Neill,7.239393754438921,33,2700,BAL@CLE,BAL,CLE,DTD,Undisclosed,,,,OF/UTIL
118849-185303,SS/2B/3B/OF,Jose,Jose Caballero,Caballero,8.716455387163766,79,2700,CWS@TB,TB,CWS,,,,,,2B/3B/SS/OF/UTIL
118849-79918,C,Kyle,Kyle Higashioka,Higashioka,7.030357360839844,56,2600,ATH@TEX,TEX,ATH,DTD,Hamstring,,,,C/1B/UTIL
118849-116841,2B/1B/OF,Sam,Sam Haggerty,Haggerty,7.691489361702128,47,2600,ATH@TEX,TEX,ATH,IL,Ankle,,,,C/1B/2B/OF/UTIL
118849-116867,C,Tyler,Tyler Heineman,Heineman,7.994444105360243,36,2600,NYY@TOR,TOR,NYY,,,,,,C/1B/UTIL
118849-198869,C,Kyle,Kyle Teel,Teel,6.866666440610532,27,2600,CWS@TB,CWS,TB,,,,,,C/1B/UTIL
118849-79154,OF,Brandon,Brandon Marsh,Marsh,6.2873419266712816,79,2600,BOS@PHI,PHI,BOS,,,,,,OF/UTIL
118849-101850,3B/2B/1B,Ramon,Ramon Urias,Urias,7.288732394366197,71,2600,BAL@CLE,BAL,CLE,,,,,,C/1B/2B/3B/UTIL
118849-119307,C,Adley,Adley Rutschman,Rutschman,7.914706061868107,68,2600,BAL@CLE,BAL,CLE,IL,Oblique,,,,C/1B/UTIL
118849-206383,2B/SS/OF,Brooks,Brooks Baldwin,Baldwin,6.1456138209292765,57,2600,CWS@TB,CWS,TB,,,,,,2B/SS/OF/UTIL
118849-82617,2B,Andres,Andres Gimenez,Gimenez,8.240983806672643,61,2600,NYY@TOR,TOR,NYY,IL,Ankle,,,,2B/UTIL
118849-202431,2B/3B/SS/OF,Daniel,Daniel Schneemann,Schneemann,6.97283935546875,81,2600,BAL@CLE,CLE,BAL,,,,,,2B/3B/SS/OF/UTIL
118849-181987,OF,Masataka,Masataka Yoshida,Yoshida,4.962500095367432,8,2600,BOS@PHI,BOS,PHI,,,,,,OF/UTIL
118849-224021,3B/1B/OF,Otto,Otto Kemp,Kemp,7.625806254725302,31,2600,BOS@PHI,PHI,BOS,,,,,,C/1B/3B/OF/UTIL
118849-102315,C,Bo,Bo Naylor,Naylor,6.730263157894737,76,2600,BAL@CLE,CLE,BAL,,,,,,C/1B/UTIL
118849-135190,SS/2B,Taylor,Taylor Walls,Walls,6.426136363636363,88,2500,CWS@TB,TB,CWS,,,,,,2B/SS/UTIL
118849-79082,1B,Ryan,Ryan Mountcastle,Mountcastle,6.621153611403245,52,2500,BAL@CLE,BAL,CLE,IL,Hamstring,,,,C/1B/UTIL
118849-79122,OF,Nolan,Nolan Jones,Jones,5.987778049045139,90,2500,BAL@CLE,CLE,BAL,,,,,,OF/UTIL
118849-118120,C,Jonah,Jonah Heim,Heim,6.3799999237060545,80,2500,ATH@TEX,TEX,ATH,,,,,,C/1B/UTIL
118849-79225,3B/2B,Luis,Luis Urias,Urias,6.545945863466005,74,2500,ATH@TEX,ATH,TEX,,,,,,2B/3B/UTIL
118849-79247,3B/SS/2B/OF,Edmundo,Edmundo Sosa,Sosa,6.150943396226415,53,2500,BOS@PHI,PHI,BOS,,,,,,2B/3B/SS/OF/UTIL
118849-181662,OF,Nathan,Nathan Lukes,Lukes,6.894666341145833,75,2500,NYY@TOR,TOR,NYY,,,,,,OF/UTIL
118849-119318,2B/3B/OF,Christopher,Christopher Morel,Morel,6.66323538387523,68,2500,CWS@TB,TB,CWS,,,,,,2B/3B/OF/UTIL
118849-116339,3B/1B/2B,Abraham,Abraham Toro,Toro,7.821428571428571,56,2500,BOS@PHI,BOS,PHI,,,,,,C/1B/2B/3B/UTIL
118849-165535,SS/3B,Colson,Colson Montgomery,Montgomery,7.2866668701171875,15,2500,CWS@TB,CWS,TB,,,,,,3B/SS/UTIL
118849-165583,C,Edgar,Edgar Quero,Quero,6.309374809265137,64,2500,CWS@TB,CWS,TB,,,,,,C/1B/UTIL
118849-165641,SS/2B/3B,Max,Max Muncy,Muncy,6.9135592185844805,59,2500,ATH@TEX,ATH,TEX,IL,Hand,,,,2B/3B/SS/UTIL
118849-192426,2B/OF,Davis,Davis Schneider,Schneider,6.891891891891892,37,2500,NYY@TOR,TOR,NYY,,,,,,2B/OF/UTIL
118849-79884,OF,Anthony,Anthony Santander,Santander,6.955999755859375,50,2400,NYY@TOR,TOR,NYY,IL,Shoulder,,,,OF/UTIL
118849-102475,SS,Brayan,Brayan Rocchio,Rocchio,5.43962241118809,53,2400,BAL@CLE,CLE,BAL,,,,,,SS/UTIL
118849-83191,C,Austin,Austin Wynns,Wynns,7.3972976272170605,37,2400,ATH@TEX,ATH,TEX,,,,,,C/1B/UTIL
118849-79152,C,Matt,Matt Thaiss,Thaiss,5.932143075125558,56,2400,CWS@TB,TB,CWS,,,,,,C/1B/UTIL
118849-79195,OF/1B/3B,Miguel,Miguel Andujar,Andujar,7.524528071565448,53,2400,ATH@TEX,ATH,TEX,,,,,,C/1B/3B/OF/UTIL
118849-201253,OF,Joey,Joey Loperfido,Loperfido,7.240000152587891,10,2400,NYY@TOR,TOR,NYY,,,,,,OF/UTIL
118849-21074,OF,Michael A.,Michael A. Taylor,Taylor,5.63647066004136,85,2400,CWS@TB,CWS,TB,,,,,,OF/UTIL
118849-80485,OF,Austin,Austin Slater,Slater,5.540425402052859,47,2400,CWS@TB,CWS,TB,,,,,,OF/UTIL
118849-164516,SS/3B/2B,Marcelo,Marcelo Mayer,Mayer,6.274418320766715,43,2400,BOS@PHI,BOS,PHI,,,,,,2B/3B/SS/UTIL
118849-207557,2B/SS/3B,Nick,Nick Sogard,Sogard,7.088235294117647,17,2400,BOS@PHI,BOS,PHI,,,,,,2B/3B/SS/UTIL
118849-165701,3B/2B/1B,Curtis,Curtis Mead,Mead,5.342856893734056,49,2400,CWS@TB,TB,CWS,,,,,,C/1B/2B/3B/UTIL
118849-38112,1B/3B,Gio,Gio Urshela,Urshela,5.376744115075399,43,2300,ATH@TEX,ATH,TEX,,,,,,C/1B/3B/UTIL
118849-209179,1B/2B/3B,Will,Will Wagner,Wagner,6.072727087772254,33,2300,NYY@TOR,TOR,NYY,,,,,,C/1B/2B/3B/UTIL
118849-211345,OF/2B,Michael,Michael Helman,Helman,7.933333079020183,6,2300,ATH@TEX,TEX,ATH,,,,,,2B/OF/UTIL
118849-79277,1B,Rowdy,Rowdy Tellez,Tellez,6.836363821318655,66,2300,ATH@TEX,TEX,ATH,,,,,,C/1B/UTIL
118849-173546,OF,Nate,Nate Eaton,Eaton,4.821428571428571,14,2300,BOS@PHI,BOS,PHI,,,,,,OF/UTIL
118849-119346,C,Korey,Korey Lee,Lee,4.421428680419922,14,2300,CWS@TB,CWS,TB,,,,,,C/1B/UTIL
118849-181813,SS/2B,David,David Hamilton,Hamilton,4.987096971081149,62,2300,BOS@PHI,BOS,PHI,,,,,,2B/SS/UTIL
118849-164512,3B/1B,Coby,Coby Mayo,Mayo,5.803448381095097,29,2300,BAL@CLE,BAL,CLE,,,,,,C/1B/3B/UTIL
118849-181991,1B,Ryan,Ryan Noda,Noda,3.8187499046325684,16,2300,CWS@TB,CWS,TB,IL,Quadriceps,,,,C/1B/UTIL
118849-165648,OF,Johan,Johan Rojas,Rojas,5.379104386514692,67,2300,BOS@PHI,PHI,BOS,,,,,,OF/UTIL
118849-200498,SS/3B/2B/OF,Max,Max Schuemann,Schuemann,3.879411585190717,68,2300,ATH@TEX,ATH,TEX,,,,,,2B/3B/SS/OF/UTIL
118849-163667,OF/1B,Jhonkensy,Jhonkensy Noel,Noel,3.018367222377232,49,2300,BAL@CLE,CLE,BAL,,,,,,C/1B/OF/UTIL
118849-68593,SS/2B/OF,Jorge,Jorge Mateo,Mateo,5.621874809265137,32,2300,BAL@CLE,BAL,CLE,IL,Hamstring,,,,2B/SS/OF/UTIL
118849-197753,OF,Johnathan,Johnathan Rodriguez,Rodriguez,3.875,24,2200,BAL@CLE,CLE,BAL,,,,,,OF/UTIL
118849-192649,OF/1B,Weston,Weston Wilson,Wilson,3.2545453851873223,22,2200,BOS@PHI,PHI,BOS,,,,,,C/1B/OF/UTIL
118849-102546,2B/3B/SS,Gabriel,Gabriel Arias,Arias,7.364934747869318,77,2200,BAL@CLE,CLE,BAL,IL,Ankle,,,,2B/3B/SS/UTIL
118849-198867,C,Samuel,Samuel Basallo,Basallo,,0,2200,BAL@CLE,BAL,CLE,DTD,Oblique,,,,C/1B/UTIL
118849-198875,OF,Chase,Chase DeLauter,DeLauter,,0,2200,BAL@CLE,CLE,BAL,DTD,Wrist,,,,OF/UTIL
118849-226832,1B,Tim,Tim Elko,Elko,6.709999847412109,20,2200,CWS@TB,CWS,TB,IL,Knee,,,,C/1B/UTIL
118849-13864,OF/1B,Joc,Joc Pederson,Pederson,4.673913043478261,46,2200,ATH@TEX,TEX,ATH,IL,Hand,,,,C/1B/OF/UTIL
118849-119363,OF,JJ,JJ Bleday,Bleday,7.774193548387097,62,2200,ATH@TEX,ATH,TEX,,,,,,OF/UTIL
118849-119364,OF,Kameron,Kameron Misner,Misner,6.569013998542033,71,2200,CWS@TB,TB,CWS,,,,,,OF/UTIL
118849-226907,OF,Alejandro,Alejandro Osuna,Osuna,4.893103237809806,29,2200,ATH@TEX,TEX,ATH,,,,,,OF/UTIL
118849-222825,2B/OF/1B,Kristian,Kristian Campbell,Campbell,7.437313250641324,67,2200,BOS@PHI,BOS,PHI,,,,,,C/1B/2B/OF/UTIL
118849-113309,3B/2B/OF,Josh,Josh Rojas,Rojas,4.5473686352110745,57,2200,CWS@TB,CWS,TB,,,,,,2B/3B/OF/UTIL
118849-165643,2B,Zack,Zack Gelof,Gelof,3.137500047683716,8,2200,ATH@TEX,ATH,TEX,,,,,,2B/UTIL
118849-165645,OF,Denzel,Denzel Clarke,Clarke,6.67234055539395,47,2200,ATH@TEX,ATH,TEX,IL,Hip,,,,OF/UTIL
118849-183092,OF,Jonatan,Jonatan Clase,Clase,6.014705882352941,34,2200,NYY@TOR,TOR,NYY,,,,,,OF/UTIL
118849-119637,3B/SS/OF/1B,Ezequiel,Ezequiel Duran,Duran,3.3075000762939455,40,2200,ATH@TEX,TEX,ATH,,,,,,C/1B/3B/SS/OF/UTIL
118849-163668,OF/2B/3B,Richie,Richie Palacios,Palacios,21.200000762939453,1,2200,CWS@TB,TB,CWS,IL,Knee,,,,2B/3B/OF/UTIL
118849-213853,C/3B,J.C.,J.C. Escarra,Escarra,4.657894736842105,38,2200,NYY@TOR,NYY,TOR,,,,,,C/1B/3B/UTIL
118849-163695,2B/3B,Jorbit,Jorbit Vivas,Vivas,3.8037035906756365,27,2200,NYY@TOR,NYY,TOR,,,,,,2B/3B/UTIL
118849-102307,2B/SS/OF,Jose,Jose Barrero,Barrero,2.4227272380482066,22,2200,BAL@CLE,BAL,CLE,,,,,,2B/SS/OF/UTIL
118849-97257,OF,Myles,Myles Straw,Straw,4.759036144578313,83,2200,NYY@TOR,TOR,NYY,,,,,,OF/UTIL
118849-70665,C,Jacob,Jacob Stallings,Stallings,3.1200000762939455,40,2100,BAL@CLE,BAL,CLE,,,,,,C/1B/UTIL
118849-172093,2B,Michael,Michael Stefanic,Stefanic,2.6888889736599393,9,2100,NYY@TOR,TOR,NYY,,,,,,2B/UTIL
118849-102504,C,Connor,Connor Wong,Wong,2.7138888041178384,36,2100,BOS@PHI,BOS,PHI,,,,,,C/1B/UTIL
118849-135282,OF,Joshua,Joshua Palacios,Palacios,4.543137195063572,51,2100,CWS@TB,CWS,TB,,,,,,OF/UTIL
118849-38004,C,Austin,Austin Hedges,Hedges,3.7025001525878904,40,2100,BAL@CLE,CLE,BAL,,,,,,C/1B/UTIL
118849-135310,C,Chadwick,Chadwick Tromp,Tromp,4.237500190734863,8,2100,BAL@CLE,BAL,CLE,IL,Back,,,,C/1B/UTIL
118849-102579,SS/2B,Leo,Leo Jimenez,Jimenez,2.8090908744118432,11,2100,NYY@TOR,TOR,NYY,,,,,,2B/SS/UTIL
118849-145611,SS/2B/3B,Oswald,Oswald Peraza,Peraza,3.8073528514188877,68,2100,NYY@TOR,NYY,TOR,,,,,,2B/3B/SS/UTIL
118849-60649,C,Alex,Alex Jackson,Jackson,5.074999809265137,8,2100,BAL@CLE,BAL,CLE,,,,,,C/1B/UTIL
118849-71182,3B/1B,Jeimer,Jeimer Candelario,Candelario,5.572727203369141,22,2100,NYY@TOR,NYY,TOR,,,,,,C/1B/3B/UTIL
118849-181806,OF,Jonny,Jonny DeLuca,DeLuca,9.144444783528646,9,2100,CWS@TB,TB,CWS,IL,Shoulder,,,,OF/UTIL
118849-119351,SS/2B/3B,Jake,Jake Amaya,Amaya,2.4323528514188877,34,2100,CWS@TB,CWS,TB,,,,,,2B/3B/SS/UTIL
118849-119401,C,Rafael,Rafael Marchan,Marchan,4.36,25,2100,BOS@PHI,PHI,BOS,,,,,,C/1B/UTIL
118849-119428,2B/3B,Will,Will Wilson,Wilson,3.248386998330393,31,2100,BAL@CLE,CLE,BAL,,,,,,2B/3B/UTIL
118849-222879,OF,Alan,Alan Roden,Roden,4.509523664202009,42,2100,NYY@TOR,TOR,NYY,,,,,,OF/UTIL
118849-169769,3B/SS/2B,Vinny,Vinny Capra,Capra,2.723404255319149,47,2100,CWS@TB,CWS,TB,,,,,,2B/3B/SS/UTIL
118849-228207,OF,Colby,Colby Thomas,Thomas,2.0333333015441895,6,2100,ATH@TEX,ATH,TEX,,,,,,OF/UTIL
118849-200663,C,David,David Banuelos,Banuelos,3,1,2100,BAL@CLE,BAL,CLE,,,,,,C/1B/UTIL
118849-102410,C,Ronaldo,Ronaldo Hernandez,Hernandez,,0,2000,BOS@PHI,BOS,PHI,,,,,,C/1B/UTIL
118849-13326,C,Christian,Christian Bethancourt,Bethancourt,5.056250095367432,64,2000,NYY@TOR,TOR,NYY,,,,,,C/1B/UTIL
118849-102425,SS,Orelvis,Orelvis Martinez,Martinez,1.5,2,2000,NYY@TOR,TOR,NYY,,,,,,SS/UTIL
118849-135207,2B,Alex,Alex De Goti,De Goti,,0,2000,ATH@TEX,TEX,ATH,,,,,,2B/UTIL
118849-102451,OF,Brennen,Brennen Davis,Davis,0,2,2000,NYY@TOR,NYY,TOR,IL,Undisclosed,,,,OF/UTIL
118849-135227,2B,Jose,Jose Rojas,Rojas,,0,2000,NYY@TOR,NYY,TOR,,,,,,2B/UTIL
118849-135239,2B/SS/3B,Rodolfo,Rodolfo Castro,Castro,0,2,2000,BOS@PHI,PHI,BOS,,,,,,2B/3B/SS/UTIL
118849-135246,OF,Dominic,Dominic Fletcher,Fletcher,4.406944274902344,72,2000,CWS@TB,CWS,TB,,,,,,OF/UTIL
118849-222286,OF,Braden,Braden Montgomery,Montgomery,,0,2000,CWS@TB,CWS,TB,,,,,,OF/UTIL
118849-102488,3B/1B,Emmanuel,Emmanuel Rivera,Rivera,3.855555499041522,27,2000,BAL@CLE,BAL,CLE,,,,,,C/1B/3B/UTIL
118849-135269,OF,Zach,Zach DeLoach,DeLoach,6.065217391304348,23,2000,CWS@TB,CWS,TB,,,,,,OF/UTIL
118849-157797,OF,Bryan,Bryan De La Cruz,De La Cruz,3.012500047683716,16,2000,NYY@TOR,NYY,TOR,,,,,,OF/UTIL
118849-102519,3B,Andrew,Andrew Bechtold,Bechtold,,0,2000,BOS@PHI,PHI,BOS,,,,,,3B/UTIL
118849-102521,C,Josh,Josh Breaux,Breaux,,0,2000,BOS@PHI,PHI,BOS,,,,,,C/1B/UTIL
118849-135288,SS/2B/3B,Alan,Alan Trejo,Trejo,3.078571319580078,14,2000,ATH@TEX,TEX,ATH,,,,,,2B/3B/SS/UTIL
118849-171128,3B/2B,Buddy,Buddy Kennedy,Kennedy,0.75,4,2000,NYY@TOR,TOR,NYY,,,,,,2B/3B/UTIL
118849-135302,OF,Brayan,Brayan Buelvas,Buelvas,,0,2000,ATH@TEX,ATH,TEX,,,,,,OF/UTIL
118849-102537,OF,Everson,Everson Pereira,Pereira,0,3,2000,NYY@TOR,NYY,TOR,,,,,,OF/UTIL
118849-197768,SS/3B,Luis,Luis Vazquez,Vazquez,0.8083333174387614,12,2000,BAL@CLE,BAL,CLE,,,,,,3B/SS/UTIL
118849-198803,3B,Damiano,Damiano Palmegiani,Palmegiani,,0,2000,NYY@TOR,TOR,NYY,,,,,,3B/UTIL
118849-184479,OF,Corey,Corey Julks,Julks,5.03582080442514,67,2000,CWS@TB,CWS,TB,,,,,,OF/UTIL
118849-102584,C,Tres,Tres Barrera,Barrera,,0,2000,CWS@TB,TB,CWS,,,,,,C/1B/UTIL
118849-83143,OF,Oscar,Oscar Mercado,Mercado,0,1,2000,BOS@PHI,PHI,BOS,,,,,,OF/UTIL
118849-187594,2B/3B,Coco,Coco Montes,Montes,1.9,5,2000,CWS@TB,TB,CWS,,,,,,2B/3B/UTIL
118849-198868,OF,Enrique,Enrique Bradfield Jr.,Bradfield Jr.,,0,2000,BAL@CLE,BAL,CLE,IL,Hamstring,,,,OF/UTIL
118849-226530,C,Maverick,Maverick Handley,Handley,2.1812500953674316,16,2000,BAL@CLE,BAL,CLE,IL,Concussion,,,,C/1B/UTIL
118849-146666,OF,Heston,Heston Kjerstad,Kjerstad,5.679629855685764,54,2000,BAL@CLE,BAL,CLE,,,,,,OF/UTIL
118849-60652,2B,Christian,Christian Arroyo,Arroyo,,0,2000,BOS@PHI,PHI,BOS,,,,,,2B/UTIL
118849-146675,3B,Blaze,Blaze Jordan,Jordan,,0,2000,BOS@PHI,BOS,PHI,,,,,,3B/UTIL
118849-198900,OF,Spencer,Spencer Jones,Jones,,0,2000,NYY@TOR,NYY,TOR,,,,,,OF/UTIL
118849-198914,SS,Roderick,Roderick Arias,Arias,,0,2000,NYY@TOR,NYY,TOR,,,,,,SS/UTIL
118849-116994,SS,Donovan,Donovan Walton,Walton,4.844444274902344,9,2000,BOS@PHI,PHI,BOS,,,,,,SS/UTIL
118849-146696,SS,Alex,Alex De Jesus,De Jesus,,0,2000,NYY@TOR,TOR,NYY,,,,,,SS/UTIL
118849-85262,OF,J.P.,J.P. Martinez,Martinez,2.3777777353922525,9,2000,BAL@CLE,BAL,CLE,,,,,,OF/UTIL
118849-197904,SS/3B,Darell,Darell Hernaiz,Hernaiz,4.012245022520727,49,2000,ATH@TEX,ATH,TEX,,,,,,3B/SS/UTIL
118849-198933,SS,Sebastian,Sebastian Walcott,Walcott,,0,2000,ATH@TEX,TEX,ATH,,,,,,SS/UTIL
118849-198932,1B,Xavier,Xavier Isaac,Isaac,,0,2000,CWS@TB,TB,CWS,IL,Undisclosed,,,,C/1B/UTIL
118849-79128,C,Garrett,Garrett Stubbs,Stubbs,5.580701861465187,57,2000,BOS@PHI,PHI,BOS,,,,,,C/1B/UTIL
118849-13596,OF,Trayce,Trayce Thompson,Thompson,0,3,2000,BOS@PHI,BOS,PHI,,,,,,OF/UTIL
118849-146719,OF,Junior,Junior Perez,Perez,,0,2000,ATH@TEX,ATH,TEX,,,,,,OF/UTIL
118849-146738,2B,Justin,Justin Foscue,Foscue,3.25,4,2000,ATH@TEX,TEX,ATH,,,,,,2B/UTIL
118849-79190,C,Ben,Ben Rortvedt,Rortvedt,2.6692308279184194,26,2000,CWS@TB,TB,CWS,,,,,,C/1B/UTIL
118849-194908,SS/2B/3B,Tristan,Tristan Gray,Gray,1.4,15,2000,CWS@TB,CWS,TB,,,,,,2B/3B/SS/UTIL
118849-79204,SS,Richie,Richie Martin,Martin,,0,2000,ATH@TEX,TEX,ATH,,,,,,SS/UTIL
118849-211339,C,Logan,Logan Driscoll,Driscoll,3.593333435058594,15,2000,CWS@TB,TB,CWS,IL,Ankle,,,,C/1B/UTIL
118849-38293,OF,Tyler,Tyler Naquin,Naquin,,0,2000,BAL@CLE,CLE,BAL,,,,,,OF/UTIL
118849-118189,C,Ali,Ali Sanchez,Sanchez,1.8,5,2000,NYY@TOR,TOR,NYY,,,,,,C/1B/UTIL
118849-79279,OF,Andrew,Andrew Stevenson,Stevenson,,0,2000,CWS@TB,TB,CWS,,,,,,OF/UTIL
118849-101807,C,Seby,Seby Zavala,Zavala,3.2526315387926603,19,2000,BOS@PHI,BOS,PHI,,,,,,C/1B/UTIL
118849-135646,C,Carson,Carson Taylor,Taylor,,0,2000,BOS@PHI,PHI,BOS,IL,Undisclosed,,,,C/1B/UTIL
118849-136673,C,Mark,Mark Kolozsvary,Kolozsvary,0,2,2000,BOS@PHI,BOS,PHI,IL,Undisclosed,,,,C/1B/UTIL
118849-155109,2B,Alejo,Alejo Lopez,Lopez,0,2,2000,ATH@TEX,ATH,TEX,,,,,,2B/UTIL
118849-84471,OF,Nick,Nick Martini,Martini,3.631818251176314,44,2000,ATH@TEX,ATH,TEX,,,,,,OF/UTIL
118849-226808,1B,Blaine,Blaine Crim,Crim,1.8399999618530274,5,2000,ATH@TEX,TEX,ATH,,,,,,C/1B/UTIL
118849-119304,SS/2B,Braden,Braden Shewmake,Shewmake,3.406896656957166,29,2000,NYY@TOR,NYY,TOR,IL,Undisclosed,,,,2B/SS/UTIL
118849-219667,OF,Jhostynxon,Jhostynxon Garcia,Garcia,,0,2000,BOS@PHI,BOS,PHI,,,,,,OF/UTIL
118849-79387,3B,Jake,Jake Gatewood,Gatewood,,0,2000,NYY@TOR,NYY,TOR,,,,,,3B/UTIL
118849-119332,SS,Yordys,Yordys Valdes,Valdes,,0,2000,BAL@CLE,CLE,BAL,,,,,,SS/UTIL
118849-79400,OF,Dylan,Dylan Carlson,Carlson,5.609756097560975,41,2000,BAL@CLE,BAL,CLE,,,,,,OF/UTIL
118849-219699,C,Jesus,Jesus Rodriguez,Rodriguez,,0,2000,NYY@TOR,NYY,TOR,,,,,,C/1B/UTIL
118849-181818,2B,Juan,Juan Brito,Brito,0,3,2000,BAL@CLE,CLE,BAL,IL,Hamstring,,,,2B/UTIL
118849-156224,C,Willie,Willie MacIver,MacIver,6.694117826573989,17,2000,ATH@TEX,ATH,TEX,,,,,,C/1B/UTIL
118849-222795,SS,George,George Lombard Jr.,Lombard Jr.,,0,2000,NYY@TOR,NYY,TOR,,,,,,SS/UTIL
118849-222799,C,Cooper,Cooper Ingle,Ingle,,0,2000,BAL@CLE,CLE,BAL,,,,,,C/1B/UTIL
118849-222798,1B,CJ,CJ Kayfus,Kayfus,,0,2000,BAL@CLE,CLE,BAL,,,,,,C/1B/UTIL
118849-222797,2B,Travis,Travis Bazzana,Bazzana,,0,2000,BAL@CLE,CLE,BAL,,,,,,2B/UTIL
118849-222796,SS,Angel,Angel Genao,Genao,,0,2000,BAL@CLE,CLE,BAL,,,,,,SS/UTIL
118849-222801,OF,Jaison,Jaison Chourio,Chourio,,0,2000,BAL@CLE,CLE,BAL,,,,,,OF/UTIL
118849-222800,1B,Ralphy,Ralphy Velazquez,Velazquez,,0,2000,BAL@CLE,CLE,BAL,,,,,,C/1B/UTIL
118849-222813,SS,Arjun,Arjun Nimmala,Nimmala,,0,2000,NYY@TOR,TOR,NYY,,,,,,SS/UTIL
118849-119393,SS,Robert,Robert Puason,Puason,,0,2000,ATH@TEX,ATH,TEX,,,,,,SS/UTIL
118849-181856,3B,Andre,Andre Lipcius,Lipcius,,0,2000,CWS@TB,CWS,TB,,,,,,3B/UTIL
118849-119394,SS,Logan,Logan Davidson,Davidson,3.466666751437717,9,2000,ATH@TEX,ATH,TEX,,,,,,SS/UTIL
118849-222827,SS,Franklin,Franklin Arias,Arias,,0,2000,BOS@PHI,BOS,PHI,,,,,,SS/UTIL
118849-222826,SS,Yoeilin,Yoeilin Cespedes,Cespedes,,0,2000,BOS@PHI,BOS,PHI,,,,,,SS/UTIL
118849-222847,OF,Justin,Justin Crawford,Crawford,,0,2000,BOS@PHI,PHI,BOS,,,,,,OF/UTIL
118849-118398,SS,Vimael,Vimael Machin,Machin,,0,2000,BAL@CLE,BAL,CLE,,,,,,SS/UTIL
118849-222851,C,Dominic,Dominic Keegan,Keegan,,0,2000,CWS@TB,TB,CWS,,,,,,C/1B/UTIL
118849-222850,3B,Brayden,Brayden Taylor,Taylor,,0,2000,CWS@TB,TB,CWS,,,,,,3B/UTIL
118849-222849,C,Eduardo,Eduardo Tait,Tait,,0,2000,BOS@PHI,PHI,BOS,,,,,,C/1B/UTIL
118849-222848,SS,Aidan,Aidan Miller,Miller,,0,2000,BOS@PHI,PHI,BOS,,,,,,SS/UTIL
118849-222853,1B,Tre',Tre' Morgan,Morgan,,0,2000,CWS@TB,TB,CWS,,,,,,C/1B/UTIL
118849-222852,OF,Theo,Theo Gillen,Gillen,,0,2000,CWS@TB,TB,CWS,,,,,,OF/UTIL
118849-201354,3B,Brett,Brett Harris,Harris,6.333333333333333,36,2000,ATH@TEX,ATH,TEX,,,,,,3B/UTIL
118849-176777,OF,Cal,Cal Stevenson,Stevenson,1.9,5,2000,BOS@PHI,PHI,BOS,,,,,,OF/UTIL
118849-165519,OF,Petey,Petey Halpin,Halpin,,0,2000,BAL@CLE,CLE,BAL,,,,,,OF/UTIL
118849-165516,C,Daniel,Daniel Vellojin,Vellojin,,0,2000,CWS@TB,TB,CWS,,,,,,C/1B/UTIL
118849-164502,SS/2B,Vaughn,Vaughn Grissom,Grissom,4.787878787878788,33,2000,BOS@PHI,BOS,PHI,,,,,,2B/SS/UTIL
118849-164505,OF,Hudson,Hudson Haskin,Haskin,,0,2000,BAL@CLE,BAL,CLE,,,,,,OF/UTIL
118849-165533,3B,Wes,Wes Kath,Kath,,0,2000,CWS@TB,CWS,TB,,,,,,3B/UTIL
118849-164514,SS,Maikol,Maikol Hernandez,Hernandez,,0,2000,BAL@CLE,BAL,CLE,,,,,,SS/UTIL
118849-226979,OF,Will,Will Robertson,Robertson,2.242857115609305,7,2000,CWS@TB,CWS,TB,,,,,,OF/UTIL
118849-165539,SS,Jose,Jose Rodriguez,Rodriguez,0,2,2000,BOS@PHI,PHI,BOS,,,,,,SS/UTIL
118849-164518,2B,Tyler,Tyler McDonough,McDonough,,0,2000,BOS@PHI,BOS,PHI,,,,,,2B/UTIL
118849-220839,2B,Cooper,Cooper Bowman,Bowman,,0,2000,ATH@TEX,ATH,TEX,,,,,,2B/UTIL
118849-164519,3B,Alex,Alex Binelas,Binelas,,0,2000,BOS@PHI,PHI,BOS,,,,,,3B/UTIL
118849-165540,3B,Bryan,Bryan Ramos,Ramos,6.063636548591383,33,2000,CWS@TB,CWS,TB,,,,,,3B/UTIL
118849-164526,C,Nathan,Nathan Hickey,Hickey,,0,2000,BOS@PHI,BOS,PHI,,,,,,C/1B/UTIL
118849-229041,3B,Cody,Cody Freeman,Freeman,5.299999872843425,3,2000,ATH@TEX,TEX,ATH,,,,,,3B/UTIL
118849-220848,SS,Christian,Christian Cairo,Cairo,,0,2000,BAL@CLE,CLE,BAL,,,,,,SS/UTIL
118849-164533,OF,Yohendrick,Yohendrick Pinango,Pinango,,0,2000,NYY@TOR,TOR,NYY,,,,,,OF/UTIL
118849-202433,2B/OF,Jamie,Jamie Westbrook,Westbrook,4.490476335797991,21,2000,CWS@TB,TB,CWS,,,,,,2B/OF/UTIL
118849-195289,OF,Cam,Cam Eden,Eden,,0,2000,NYY@TOR,NYY,TOR,,,,,,OF/UTIL
118849-165597,SS,Kahlil,Kahlil Watson,Watson,,0,2000,BAL@CLE,CLE,BAL,,,,,,SS/UTIL
118849-181990,C/OF,Blake,Blake Sabol,Sabol,2.737499952316284,8,2000,CWS@TB,CWS,TB,,,,,,C/1B/OF/UTIL
118849-165623,OF,Carlos,Carlos Cortes,Cortes,,0,2000,ATH@TEX,ATH,TEX,,,,,,OF/UTIL
118849-202501,OF,Duke,Duke Ellis,Ellis,3.0166667302449546,12,2000,NYY@TOR,NYY,TOR,,,,,,OF/UTIL
118849-165646,C,Rickardo,Rickardo Perez,Perez,,0,2000,BOS@PHI,PHI,BOS,,,,,,C/1B/UTIL
118849-165647,OF,Ethan,Ethan Wilson,Wilson,,0,2000,BOS@PHI,PHI,BOS,,,,,,OF/UTIL
118849-165644,OF,Pedro,Pedro Pineda,Pineda,,0,2000,ATH@TEX,ATH,TEX,,,,,,OF/UTIL
118849-165662,SS,Euribiel,Euribiel Angeles,Angeles,,0,2000,ATH@TEX,ATH,TEX,,,,,,SS/UTIL
118849-165667,OF,Samuel,Samuel Zavala,Zavala,,0,2000,CWS@TB,CWS,TB,,,,,,OF/UTIL
118849-165669,2B,Max,Max Ferguson,Ferguson,,0,2000,BOS@PHI,BOS,PHI,,,,,,2B/UTIL
118849-165688,C,Ricardo,Ricardo Genoves,Genoves,,0,2000,CWS@TB,TB,CWS,,,,,,C/1B/UTIL
118849-165702,SS,Carson,Carson Williams,Williams,,0,2000,CWS@TB,TB,CWS,,,,,,SS/UTIL
118849-165700,SS,Carlos,Carlos Colmenares,Colmenares,,0,2000,CWS@TB,TB,CWS,,,,,,SS/UTIL
118849-165704,2B,Cooper,Cooper Kinney,Kinney,,0,2000,CWS@TB,TB,CWS,,,,,,2B/UTIL
118849-165711,SS,Cam,Cam Cauley,Cauley,,0,2000,ATH@TEX,TEX,ATH,,,,,,SS/UTIL
118849-165708,2B,Trevor,Trevor Hauver,Hauver,,0,2000,ATH@TEX,TEX,ATH,,,,,,2B/UTIL
118849-165709,OF,Yeison,Yeison Morrobel,Morrobel,,0,2000,ATH@TEX,TEX,ATH,,,,,,OF/UTIL
118849-165714,SS,Manuel,Manuel Beltre,Beltre,,0,2000,NYY@TOR,TOR,NYY,,,,,,SS/UTIL
118849-165712,3B/OF,Dustin,Dustin Harris,Harris,4.206250190734863,16,2000,ATH@TEX,TEX,ATH,,,,,,3B/OF/UTIL
118849-165713,OF,Aaron,Aaron Zavala,Zavala,,0,2000,ATH@TEX,TEX,ATH,,,,,,OF/UTIL
118849-119636,SS,Alexander,Alexander Vargas,Vargas,,0,2000,NYY@TOR,NYY,TOR,,,,,,SS/UTIL
118849-163679,3B,Joe,Joe Perez,Perez,,0,2000,CWS@TB,CWS,TB,,,,,,3B/UTIL
118849-165724,OF,Dasan,Dasan Brown,Brown,,0,2000,NYY@TOR,TOR,NYY,,,,,,OF/UTIL
118849-163686,3B/SS,Oswaldo,Oswaldo Cabrera,Cabrera,6.597142682756696,35,2000,NYY@TOR,NYY,TOR,IL,Ankle,,,,3B/SS/UTIL
118849-180095,OF,Will,Will Brennan,Brennan,1.5,6,2000,BAL@CLE,CLE,BAL,IL,Elbow,,,,OF/UTIL
118849-102303,1B,Triston,Triston Casas,Casas,6.327586206896552,29,2000,BOS@PHI,BOS,PHI,IL,Knee,,,,C/1B/UTIL
118849-79776,C,Dom,Dom Nunez,Nunez,6.199999809265137,2,2000,BAL@CLE,CLE,BAL,,,,,,C/1B/UTIL
118849-102313,OF,George,George Valera,Valera,0,3,2000,BAL@CLE,CLE,BAL,,,,,,OF/UTIL
118849-102317,SS,Terrin,Terrin Vavra,Vavra,,0,2000,BAL@CLE,BAL,CLE,,,,,,SS/UTIL
118849-102331,2B/SS/3B,Nicky,Nicky Lopez,Lopez,1.3105262957121198,19,2000,NYY@TOR,NYY,TOR,,,,,,2B/3B/SS/UTIL
118849-68538,2B,Franklin,Franklin Barreto,Barreto,,0,2000,BAL@CLE,BAL,CLE,IL,Undisclosed,,,,2B/UTIL
118849-102337,OF,Seth,Seth Beer,Beer,,0,2000,BOS@PHI,PHI,BOS,,,,,,OF/UTIL
118849-102347,2B/SS/3B,Livan,Livan Soto,Soto,1.6133333841959636,15,2000,BAL@CLE,BAL,CLE,,,,,,2B/3B/SS/UTIL
118849-68554,SS,Andrew,Andrew Velazquez,Velazquez,0,2,2000,NYY@TOR,NYY,TOR,,,,,,SS/UTIL
118849-102346,OF,Jordyn,Jordyn Adams,Adams,0.6400000095367432,5,2000,BAL@CLE,BAL,CLE,,,,,,OF/UTIL
118849-102348,SS,Jeremiah,Jeremiah Jackson,Jackson,,0,2000,BAL@CLE,BAL,CLE,,,,,,SS/UTIL
118849-102352,C,Payton,Payton Henry,Henry,0,1,2000,BOS@PHI,PHI,BOS,,,,,,C/1B/UTIL
118849-102384,SS,Jeremy,Jeremy Eierman,Eierman,,0,2000,ATH@TEX,ATH,TEX,,,,,,SS/UTIL
118849-13303,C,Yasmani,Yasmani Grandal,Grandal,7.036986468589469,73,2000,BOS@PHI,BOS,PHI,,,,,,C/1B/UTIL