Id,Position,First Name,Nickname,Last Name,FPPG,Played,Salary,Game,Team,Opponent,Injury Indicator,Injury Details,Tier,Probable Pitcher,Batting Order,Roster Position
117414-16960,P,Zack,Zack Wheeler,Wheeler,44.63636363636363,11,11000,ATL@PHI,PHI,ATL,,,,Yes,,P
117414-52185,P,Max,Max Fried,Fried,41.36363636363637,11,11000,NYY@LAA,NYY,LAA,,,,,,P
117414-102330,P,Kris,Kris Bubic,Bubic,40.36363636363637,11,10600,CIN@KC,KC,CIN,,,,,,P
117414-79280,P,Jesus,Jesus Luzardo,Luzardo,40.18181818181818,11,10500,ATL@PHI,PHI,ATL,,,,,,P
117414-52859,P,Jacob,Jacob deGrom,deGrom,33.18181818181818,11,10500,TOR@TEX,TEX,TOR,,,,,,P
117414-12477,P,Chris,Chris Sale,Sale,34.36363636363637,11,10400,ATL@PHI,ATL,PHI,,,,,,P
117414-187194,P,Bryan,Bryan Woo,Woo,38.2,10,10400,WSH@SEA,SEA,WSH,,,,,,P
117414-13233,P,Nathan,Nathan Eovaldi,Eovaldi,37.25,12,10400,TOR@TEX,TEX,TOR,DTD,Triceps,,,,P
117414-102396,P,Logan,Logan Gilbert,Gilbert,34.833333333333336,6,10400,WSH@SEA,SEA,WSH,IL,Elbow,,,,P
117414-82550,P,Hunter,Hunter Greene,Greene,37.77777777777778,9,10200,CIN@KC,CIN,KC,,,,Yes,,P
117414-60633,P,Carlos,Carlos Rodon,Rodon,40.916666666666664,12,10100,NYY@LAA,NYY,LAA,,,,,,P
117414-118225,P,Cristopher,Cristopher Sanchez,Sanchez,34.4,10,10100,ATL@PHI,PHI,ATL,,,,,,P
117414-60647,P,Aaron,Aaron Nola,Nola,24.555555555555557,9,9900,ATL@PHI,PHI,ATL,IL,Ankle,,,,P
117414-82635,P,MacKenzie,MacKenzie Gore,Gore,39.09090909090909,11,9800,WSH@SEA,WSH,SEA,,,,,,P
117414-79270,P,Cole,Cole Ragans,Ragans,33.77777777777778,9,9800,CIN@KC,KC,CIN,IL,Groin,,,,P
117414-16961,P,Jameson,Jameson Taillon,Taillon,28.454545454545453,11,9700,COL@CHC,CHC,COL,,,,,,P
117414-63136,P,Matthew,Matthew Boyd,Boyd,31.9,10,9700,COL@CHC,CHC,COL,,,,Yes,,P
117414-83157,P,Ranger,Ranger Suarez,Suarez,38.8,5,9600,ATL@PHI,PHI,ATL,,,,,,P
117414-182153,P,Kodai,Kodai Senga,Senga,34.2,10,9600,CWS@NYM,NYM,CWS,,,,,,P
117414-79232,P,Clay,Clay Holmes,Holmes,30.454545454545453,11,9500,CWS@NYM,NYM,CWS,,,,,,P
117414-102294,P,Grayson,Grayson Rodriguez,Rodriguez,35.6,20,9500,STL@BAL,BAL,STL,IL,Lat,,,,P
117414-219697,P,Noah,Noah Cameron,Cameron,37.333333333333336,3,9400,CIN@KC,KC,CIN,,,,Yes,,P
117414-11328,P,Martin,Martin Perez,Perez,26.75,4,9400,CWS@NYM,CWS,NYM,IL,Elbow,,,,P
117414-165512,P,Andrew,Andrew Abbott,Abbott,33.125,8,9400,CIN@KC,CIN,KC,,,,,,P
117414-68491,P,Reynaldo,Reynaldo Lopez,Lopez,9,1,9200,ATL@PHI,ATL,PHI,IL,Shoulder,,,,P
117414-38000,P,Kevin,Kevin Gausman,Gausman,32.18181818181818,11,9200,TOR@TEX,TOR,TEX,,,,,,P
117414-102408,P,Matthew,Matthew Liberatore,Liberatore,32.3,10,9100,STL@BAL,STL,BAL,,,,,,P
117414-71034,P,Seth,Seth Lugo,Lugo,31.22222222222222,9,9100,CIN@KC,KC,CIN,IL,Finger,,,,P
117414-53067,P,Chris,Chris Bassitt,Bassitt,30.90909090909091,11,9100,TOR@TEX,TOR,TEX,,,,,,P
117414-198702,P,Shota,Shota Imanaga,Imanaga,27.5,8,9000,COL@CHC,CHC,COL,IL,Hamstring,,,,P
117414-53590,P,Nick,Nick Martinez,Martinez,26.90909090909091,11,9000,CIN@KC,CIN,KC,,,,,,P
117414-16956,P,Gerrit,Gerrit Cole,Cole,32,22,9000,NYY@LAA,NYY,LAA,IL,Elbow,,,,P
117414-82582,P,Griffin,Griffin Canning,Canning,28.1,10,9000,CWS@NYM,NYM,CWS,,,,Yes,,P
117414-102345,P,Jose,Jose Soriano,Soriano,26.272727272727273,11,9000,NYY@LAA,LAA,NYY,,,,,,P
117414-164503,P,Spencer,Spencer Schwellenbach,Schwellenbach,32.45454545454545,11,8900,ATL@PHI,ATL,PHI,,,,,,P
117414-17064,P,Sonny,Sonny Gray,Gray,32.18181818181818,11,8900,STL@BAL,STL,BAL,,,,,,P
117414-68518,P,Spencer,Spencer Turnbull,Turnbull,18.529411764705884,17,8900,TOR@TEX,TOR,TEX,,,,,,P
117414-79109,P,Tyler,Tyler Mahle,Mahle,29.727272727272727,11,8900,TOR@TEX,TEX,TOR,,,,Yes,,P
117414-82621,P,Clarke,Clarke Schmidt,Schmidt,26.714285714285715,7,8800,NYY@LAA,NYY,LAA,,,,Yes,,P
117414-52165,P,Sean,Sean Manaea,Manaea,31.083333333333332,36,8800,CWS@NYM,NYM,CWS,IL,Oblique,,,,P
117414-154714,P,Tylor,Tylor Megill,Megill,31.09090909090909,11,8800,CWS@NYM,NYM,CWS,,,,,,P
117414-79162,P,Luis,Luis Castillo,Castillo,28.727272727272727,11,8800,WSH@SEA,SEA,WSH,,,,,,P
117414-118206,P,Luis,Luis Gil,Gil,30.29032258064516,31,8800,NYY@LAA,NYY,LAA,IL,Lat,,,,P
117414-37999,P,Michael,Michael Wacha,Wacha,25.90909090909091,11,8700,CIN@KC,KC,CIN,,,,,,P
117414-119329,P,Nick,Nick Lodolo,Lodolo,30.181818181818183,11,8600,CIN@KC,CIN,KC,,,,,,P
117414-164509,P,AJ,AJ Smith-Shawver,Smith-Shawver,27.875,8,8600,ATL@PHI,ATL,PHI,,,,Yes,,P
117414-79207,P,Grant,Grant Holmes,Holmes,27.90909090909091,11,8600,ATL@PHI,ATL,PHI,,,,,,P
117414-52728,P,Michael,Michael Lorenzen,Lorenzen,26.09090909090909,12,8600,CIN@KC,KC,CIN,,,,,,P
117414-82618,P,David,David Peterson,Peterson,32.4,10,8500,CWS@NYM,NYM,CWS,,,,,,P
117414-198912,P,Will,Will Warren,Warren,27.818181818181817,11,8400,NYY@LAA,NYY,LAA,,,,,,P
117414-119414,P,George,George Kirby,Kirby,8,1,8400,WSH@SEA,SEA,WSH,,,,Yes,,P
117414-162445,P,Spencer,Spencer Strider,Strider,22,3,8400,ATL@PHI,ATL,PHI,,,,,,P
117414-68564,P,Erick,Erick Fedde,Fedde,23.727272727272727,11,8400,STL@BAL,STL,BAL,,,,,,P
117414-146664,P,Bryce,Bryce Elder,Elder,24.125,8,8400,ATL@PHI,ATL,PHI,,,,,,P
117414-165706,P,Jack,Jack Leiter,Leiter,22.75,8,8400,TOR@TEX,TEX,TOR,,,,,,P
117414-60639,P,Jose,Jose Berrios,Berrios,27.272727272727273,11,8300,TOR@TEX,TOR,TEX,,,,,,P
117414-38246,P,Tyler,Tyler Anderson,Anderson,25.818181818181817,11,8300,NYY@LAA,LAA,NYY,,,,,,P
117414-5481,P,Max,Max Scherzer,Scherzer,6,1,8300,TOR@TEX,TOR,TEX,IL,Thumb,,,,P
117414-68482,P,Zach,Zach Eflin,Eflin,20.666666666666668,6,8200,STL@BAL,BAL,STL,,,,,,P
117414-220840,P,Shane,Shane Smith,Smith,28.3,10,8200,CWS@NYM,CWS,NYM,,,,Yes,,P
117414-220895,P,Tomoyuki,Tomoyuki Sugano,Sugano,24.727272727272727,11,8200,STL@BAL,BAL,STL,,,,,,P
117414-165689,P,Bryce,Bryce Miller,Miller,20.875,8,8200,WSH@SEA,SEA,WSH,IL,Elbow,,,,P
117414-102001,P,Yusei,Yusei Kikuchi,Kikuchi,27.636363636363637,11,8100,NYY@LAA,LAA,NYY,,,,Yes,,P
117414-198879,P,Rhett,Rhett Lowder,Lowder,27,6,8000,CIN@KC,CIN,KC,IL,Forearm,,,,P
117414-21097,P,Taijuan,Taijuan Walker,Walker,21.555555555555557,9,8000,ATL@PHI,PHI,ATL,,,,,,P
117414-64488,P,Colin,Colin Rea,Rea,21.363636363636363,11,8000,COL@CHC,CHC,COL,,,,,,P
117414-163700,P,Kyle,Kyle Bradish,Bradish,32.625,8,8000,STL@BAL,BAL,STL,IL,Elbow,,,,P
117414-102344,P,Brady,Brady Singer,Singer,26.181818181818183,11,8000,CIN@KC,CIN,KC,,,,,,P
117414-194677,P,Easton,Easton Lucas,Lucas,19.5,4,7900,TOR@TEX,TOR,TEX,,,,,,P
117414-211874,P,Kumar,Kumar Rocker,Rocker,12.8,5,7900,TOR@TEX,TEX,TOR,IL,Shoulder,,,,P
117414-79073,P,Michael,Michael Soroka,Soroka,22.8,5,7900,WSH@SEA,WSH,SEA,,,,,,P
117414-102684,P,Jake,Jake Irvin,Irvin,28.727272727272727,11,7800,WSH@SEA,WSH,SEA,,,,,,P
117414-17121,P,Miles,Miles Mikolas,Mikolas,22.3,10,7800,STL@BAL,STL,BAL,,,,Yes,,P
117414-185896,P,Cody,Cody Bradford,Bradford,29.785714285714285,14,7800,TOR@TEX,TEX,TOR,IL,Elbow,,,,P
117414-146717,P,Mick,Mick Abel,Abel,55,1,7700,ATL@PHI,PHI,ATL,,,,,,P
117414-181837,P,Ben,Ben Brown,Brown,23.272727272727273,11,7700,COL@CHC,CHC,COL,,,,,,P
117414-202541,P,Cade,Cade Povich,Povich,23.333333333333332,9,7700,STL@BAL,BAL,STL,,,,Yes,,P
117414-200581,P,Jonathan,Jonathan Cannon,Cannon,23.272727272727273,11,7700,CWS@NYM,CWS,NYM,,,,,,P
117414-198876,P,Cade,Cade Horton,Horton,24.5,4,7600,COL@CHC,CHC,COL,,,,,,P
117414-119355,P,Jack,Jack Kochanowicz,Kochanowicz,21.181818181818183,11,7600,NYY@LAA,LAA,NYY,,,,,,P
117414-66766,P,Adrian,Adrian Houser,Houser,37,2,7600,CWS@NYM,CWS,NYM,,,,,,P
117414-13664,P,Patrick,Patrick Corbin,Corbin,24.88888888888889,9,7600,TOR@TEX,TEX,TOR,,,,,,P
117414-226810,P,Blade,Blade Tidwell,Tidwell,-1,1,7600,CWS@NYM,NYM,CWS,,,,,,P
117414-135229,P,Reid,Reid Detmers,Detmers,5.3125,18,7500,NYY@LAA,LAA,NYY,,,,,,P
117414-63781,P,Frankie,Frankie Montas,Montas,24.129032258064516,31,7500,CWS@NYM,NYM,CWS,IL,Lat,,,,P
117414-170315,P,Davis,Davis Martin,Martin,23.818181818181817,11,7500,CWS@NYM,CWS,NYM,,,,,,P
117414-119441,P,Alek,Alek Manoah,Manoah,27,6,7500,TOR@TEX,TOR,TEX,IL,Elbow,,,,P
117414-164532,P,DJ,DJ Herz,Herz,25.94736842105263,19,7500,WSH@SEA,WSH,SEA,IL,Elbow,,,,P
117414-68485,P,Ryan,Ryan Yarbrough,Yarbrough,15.916666666666666,12,7500,NYY@LAA,NYY,LAA,,,,,,P
117414-80859,P,Paul,Paul Blackburn,Blackburn,24.571428571428573,14,7500,CWS@NYM,NYM,CWS,IL,Knee,,,,P
117414-165543,P,Sean,Sean Burke,Burke,21.363636363636363,11,7500,CWS@NYM,CWS,NYM,,,,,,P
117414-165573,P,Alec,Alec Marsh,Marsh,24.423076923076923,26,7500,CIN@KC,KC,CIN,IL,Shoulder,,,,P
117414-163698,P,Bowden,Bowden Francis,Francis,21.363636363636363,11,7500,TOR@TEX,TOR,TEX,,,,,,P
117414-198886,P,Chase,Chase Dollander,Dollander,20.625,8,7400,COL@CHC,COL,CHC,IL,Forearm,,,,P
117414-226322,P,Logan,Logan Evans,Evans,26.333333333333332,6,7400,WSH@SEA,SEA,WSH,,,,,,P
117414-165561,P,Chayce,Chayce McDermott,McDermott,11.5,2,7400,STL@BAL,BAL,STL,,,,,,P
117414-102447,P,Dean,Dean Kremer,Kremer,22.272727272727273,11,7300,STL@BAL,BAL,STL,,,,,,P
117414-135268,P,Emerson,Emerson Hancock,Hancock,19,8,7300,WSH@SEA,SEA,WSH,,,,,,P
117414-178415,P,Javier,Javier Assad,Assad,24,29,7300,COL@CHC,CHC,COL,IL,Oblique,,,,P
117414-204632,P,Tanner,Tanner Gordon,Gordon,28,2,7300,COL@CHC,COL,CHC,,,,Yes,,P
117414-39041,P,Marcus,Marcus Stroman,Stroman,4.333333333333333,3,7200,NYY@LAA,NYY,LAA,IL,Knee,,,,P
117414-70470,P,Albert,Albert Suarez,Suarez,11,1,7200,STL@BAL,BAL,STL,IL,Shoulder,,,,P
117414-168950,P,Andre,Andre Pallante,Pallante,24,11,7200,STL@BAL,STL,BAL,,,,,,P
117414-81490,P,Chris,Chris Flexen,Flexen,10.857142857142858,7,7200,COL@CHC,CHC,COL,,,,,,P
117414-82607,P,Trevor,Trevor Rogers,Rogers,38,1,7100,STL@BAL,BAL,STL,,,,,,P
117414-101810,P,Justin,Justin Steele,Steele,29.25,4,7100,COL@CHC,CHC,COL,IL,Elbow,,,,P
117414-165731,P,Mitchell,Mitchell Parker,Parker,22.818181818181817,11,7100,WSH@SEA,WSH,SEA,,,,,,P
117414-6266,P,Carlos,Carlos Carrasco,Carrasco,15,8,7000,NYY@LAA,NYY,LAA,,,,,,P
117414-53607,P,Anthony,Anthony DeSclafani,DeSclafani,0,1,7000,NYY@LAA,NYY,LAA,O,Elbow,,,,P
117414-68483,P,Trevor,Trevor Williams,Williams,17.8,10,7000,WSH@SEA,WSH,SEA,,,,Yes,,P
117414-52155,P,Jon,Jon Gray,Gray,20.47826086956522,24,7000,TOR@TEX,TEX,TOR,IL,Wrist,,,,P
117414-60632,P,Kyle,Kyle Freeland,Freeland,18.727272727272727,11,7000,COL@CHC,COL,CHC,,,,,,P
117414-161465,P,Ryan,Ryan Feltner,Feltner,21,6,7000,COL@CHC,COL,CHC,IL,Back,,,,P
117414-211069,P,Sam,Sam Aldegheri,Aldegheri,19.333333333333332,3,6900,NYY@LAA,LAA,NYY,,,,,,P
117414-73880,P,German,German Marquez,Marquez,13.727272727272727,12,6900,COL@CHC,COL,CHC,,,,,,P
117414-176240,P,Luis F.,Luis F. Castillo,Castillo,9,2,6800,STL@BAL,BAL,STL,IL,Undisclosed,,,,P
117414-102569,P,Michael,Michael Mercado,Mercado,5.4,5,6800,ATL@PHI,PHI,ATL,,,,,,P
117414-198934,P,Yariel,Yariel Rodriguez,Rodriguez,6.045454545454546,22,6800,TOR@TEX,TOR,TEX,,,,,,P
117414-149886,P,Cody,Cody Poteet,Poteet,-4,1,6800,STL@BAL,BAL,STL,IL,Shoulder,,,,P
117414-219659,P,Brandon,Brandon Young,Young,17.5,2,6800,STL@BAL,BAL,STL,IL,Shoulder,,,,P
117414-79078,P,Ian,Ian Anderson,Anderson,2.2857142857142856,7,6800,ATL@PHI,ATL,PHI,,,,,,P
117414-79226,P,Eric,Eric Lauer,Lauer,17,5,6800,TOR@TEX,TOR,TEX,,,,Yes,,P
117414-185845,P,Allan,Allan Winans,Winans,-2,2,6800,NYY@LAA,NYY,LAA,,,,,,P
117414-222885,P,Brad,Brad Lord,Lord,11.714285714285714,15,6800,WSH@SEA,WSH,SEA,,,,,,P
117414-12972,P,Wade,Wade Miley,Miley,6,2,6700,CIN@KC,CIN,KC,IL,Elbow,,,,P
117414-164529,P,Jordan,Jordan Wicks,Wicks,3,2,6700,COL@CHC,CHC,COL,,,,,,P
117414-5466,P,Charlie,Charlie Morton,Morton,13.461538461538462,13,6700,STL@BAL,BAL,STL,,,,,,P
117414-53398,P,Kyle,Kyle Hendricks,Hendricks,19.4,10,6600,NYY@LAA,LAA,NYY,,,,,,P
117414-138016,P,Brandon,Brandon Waddell,Waddell,25,1,6600,CWS@NYM,NYM,CWS,,,,,,P
117414-102333,P,Daniel,Daniel Lynch IV,Lynch IV,5.565217391304348,23,6600,CIN@KC,KC,CIN,,,,,,P
117414-102574,P,Jake,Jake Woodford,Woodford,10.444444444444445,9,6500,NYY@LAA,NYY,LAA,,,,,,P
117414-198891,P,Caden,Caden Dana,Dana,10.5,2,6500,NYY@LAA,LAA,NYY,,,,,,P
117414-198917,P,Drew,Drew Thorpe,Thorpe,18.333333333333332,9,6500,CWS@NYM,CWS,NYM,IL,Elbow,,,,P
117414-68452,P,Kenta,Kenta Maeda,Maeda,3.857142857142857,7,6500,COL@CHC,CHC,COL,,,,,,P
117414-52174,P,Steven,Steven Matz,Matz,11.8,15,6500,STL@BAL,STL,BAL,,,,,,P
117414-83098,P,Austin,Austin Gomber,Gomber,22,30,6500,COL@CHC,COL,CHC,IL,Shoulder,,,,P
117414-60627,P,Touki,Touki Toussaint,Toussaint,9,1,6500,NYY@LAA,LAA,NYY,,,,,,P
117414-79103,P,Dane,Dane Dunning,Dunning,12,1,6500,TOR@TEX,TEX,TOR,,,,,,P
117414-194242,P,Carson,Carson Spiers,Spiers,16.666666666666668,3,6500,CIN@KC,CIN,KC,IL,Shoulder,,,,P
117414-165694,P,Michael,Michael McGreevy,McGreevy,38,1,6500,STL@BAL,STL,BAL,,,,,,P
117414-102456,P,Jhonathan,Jhonathan Diaz,Diaz,7,1,6400,WSH@SEA,SEA,WSH,,,,,,P
117414-170174,P,Chase,Chase Silseth,Silseth,21,4,6400,NYY@LAA,LAA,NYY,,,,,,P
117414-219695,P,Luinder,Luinder Avila,Avila,,0,6400,CIN@KC,KC,CIN,,,,,,P
117414-170891,P,Davis,Davis Daniel,Daniel,6,1,6400,ATL@PHI,ATL,PHI,,,,,,P
117414-165508,P,Graham,Graham Ashcraft,Ashcraft,7,22,6400,CIN@KC,CIN,KC,,,,,,P
117414-165618,P,Chase,Chase Petty,Petty,-1,2,6400,CIN@KC,CIN,KC,,,,,,P
117414-79254,P,Dakota,Dakota Hudson,Hudson,14.38888888888889,18,6300,NYY@LAA,LAA,NYY,,,,,,P
117414-73835,P,Ty,Ty Blach,Blach,9.15,20,6200,TOR@TEX,TEX,TOR,,,,,,P
117414-82534,P,Bryse,Bryse Wilson,Wilson,7.2,15,6200,CWS@NYM,CWS,NYM,,,,,,P
117414-119416,P,Brandon,Brandon Williamson,Williamson,15.25,4,6200,CIN@KC,CIN,KC,IL,Elbow,,,,P
117414-119447,P,Joan,Joan Adon,Adon,3.25,8,6200,WSH@SEA,WSH,SEA,IL,Undisclosed,,,,P
117414-199459,P,Nick,Nick Nastrini,Nastrini,11.666666666666666,9,6200,CWS@NYM,CWS,NYM,,,,,,P
117414-70559,P,Mike,Mike Clevinger,Clevinger,1.375,8,6200,CWS@NYM,CWS,NYM,,,,,,P
117414-197871,P,Bradley,Bradley Blalock,Blalock,0.6,5,6200,COL@CHC,COL,CHC,,,,,,P
117414-226881,P,Carson,Carson Palmquist,Palmquist,6.333333333333333,3,6200,COL@CHC,COL,CHC,,,,,,P
117414-181833,P,Darius,Darius Vines,Vines,7.25,4,6200,ATL@PHI,ATL,PHI,IL,Undisclosed,,,,P
117414-198872,P,Hurston,Hurston Waldrep,Waldrep,-4.5,2,6100,ATL@PHI,ATL,PHI,,,,,,P
117414-195785,P,Caleb,Caleb Boushley,Boushley,8,9,6100,TOR@TEX,TEX,TOR,,,,,,P
117414-163692,P,Jose,Jose Butto,Butto,6.8,20,6100,CWS@NYM,NYM,CWS,,,,,,P
117414-102502,P,Josiah,Josiah Gray,Gray,6.5,3,6000,WSH@SEA,WSH,SEA,IL,Elbow,,,,P
117414-198904,P,Christian,Christian Scott,Scott,22.11111111111111,9,6000,CWS@NYM,NYM,CWS,IL,Elbow,,,,P
117414-53608,P,Jose,Jose Urena,Urena,4.666666666666667,6,6000,TOR@TEX,TOR,TEX,,,,,,P
117414-145922,P,Tyler,Tyler Wells,Wells,19.666666666666668,4,6000,STL@BAL,BAL,STL,IL,Elbow,,,,P
117414-209958,P,Julian,Julian Aguiar,Aguiar,15.142857142857142,7,6000,CIN@KC,CIN,KC,IL,Elbow,,,,P
117414-165720,P,Ricky,Ricky Tiedemann,Tiedemann,,0,6000,TOR@TEX,TOR,TEX,IL,Elbow,,,,P
117414-135231,P,Jared,Jared Shuster,Shuster,4.4,10,5900,CWS@NYM,CWS,NYM,,,,,,P
117414-203266,P,Jake,Jake Bloss,Bloss,13.666666666666666,3,5900,TOR@TEX,TOR,TEX,IL,Elbow,,,,P
117414-119391,P,Roansy,Roansy Contreras,Contreras,6.085106382978723,49,5900,STL@BAL,BAL,STL,,,,,,P
117414-119449,P,Jackson,Jackson Rutledge,Rutledge,6.823529411764706,17,5900,WSH@SEA,WSH,SEA,,,,,,P
117414-79072,P,Brad,Brad Keller,Keller,6.041666666666667,24,5900,COL@CHC,CHC,COL,,,,,,P
117414-146728,P,Connor,Connor Phillips,Phillips,0,2,5900,CIN@KC,CIN,KC,,,,,,P
117414-181832,P,Roddery,Roddery Munoz,Munoz,5,4,5900,STL@BAL,STL,BAL,,,,,,P
117414-181845,P,Drew,Drew Rom,Rom,0,2,5900,STL@BAL,STL,BAL,,,,,,P
117414-52873,P,Joe,Joe Ross,Ross,6.411764705882353,18,5900,ATL@PHI,PHI,ATL,,,,,,P
117414-165578,P,Ky,Ky Bush,Bush,14.25,4,5900,CWS@NYM,CWS,NYM,IL,Elbow,,,,P
117414-79917,P,Casey,Casey Lawrence,Lawrence,9.333333333333334,6,5800,WSH@SEA,SEA,WSH,,,,,,P
117414-68517,P,Antonio,Antonio Senzatela,Senzatela,12.909090909090908,11,5800,COL@CHC,COL,CHC,,,,,,P
117414-158858,P,Justin,Justin Bruihl,Bruihl,2,7,5800,TOR@TEX,TOR,TEX,,,,,,P
117414-102487,P,Austin,Austin Cox,Cox,,0,5700,ATL@PHI,ATL,PHI,,,,,,P
117414-145610,P,Angel,Angel Zerpa,Zerpa,3.6818181818181817,22,5700,CIN@KC,KC,CIN,,,,,,P
117414-198905,P,Mike,Mike Vasil,Vasil,9.0625,16,5700,CWS@NYM,CWS,NYM,,,,,,P
117414-119423,P,Zack,Zack Thompson,Thompson,11.4,7,5700,STL@BAL,STL,BAL,IL,Lat,,,,P
117414-119431,P,Seth,Seth Johnson,Johnson,-20,1,5700,ATL@PHI,PHI,ATL,,,,,,P
117414-164511,P,Dylan,Dylan Dodd,Dodd,6,1,5700,ATL@PHI,ATL,PHI,,,,,,P
117414-213867,P,Blas,Blas Castano,Castano,,0,5700,WSH@SEA,SEA,WSH,,,,,,P
117414-101838,P,JT,JT Brubaker,Brubaker,0,3,5700,NYY@LAA,NYY,LAA,IL,Ribs,,,,P
117414-161275,P,Kyle,Kyle Tyler,Tyler,14.125,8,5700,ATL@PHI,PHI,ATL,,,,,,P
117414-165600,P,Jake,Jake Eder,Eder,4.4,5,5700,NYY@LAA,LAA,NYY,,,,,,P
117414-102297,P,Keegan,Keegan Thompson,Thompson,8.363636363636363,24,5700,COL@CHC,CHC,COL,,,,,,P
117414-102462,P,Lyon,Lyon Richardson,Richardson,6.222222222222222,10,5600,CIN@KC,CIN,KC,,,,,,P
117414-79873,P,Dylan,Dylan Covey,Covey,0,2,5500,ATL@PHI,ATL,PHI,,,,,,P
117414-178184,P,Kevin,Kevin Herget,Herget,6,1,5500,ATL@PHI,ATL,PHI,,,,,,P
117414-102419,P,Cole,Cole Winn,Winn,7.333333333333333,3,5500,TOR@TEX,TEX,TOR,,,,,,P
117414-102420,P,Owen,Owen White,White,-7.5,3,5500,CWS@NYM,CWS,NYM,,,,,,P
117414-135191,P,Josh,Josh Fleming,Fleming,4.541666666666667,25,5500,WSH@SEA,SEA,WSH,,,,,,P
117414-102426,P,Adam,Adam Kloffenstein,Kloffenstein,3,1,5500,TOR@TEX,TOR,TEX,,,,,,P
117414-102428,P,Eric,Eric Pardinho,Pardinho,,0,5500,TOR@TEX,TOR,TEX,,,,,,P
117414-135196,P,Tyler,Tyler Zuber,Zuber,9.5,2,5500,CWS@NYM,NYM,CWS,,,,,,P
117414-102455,P,Cory,Cory Abbott,Abbott,0,1,5500,TOR@TEX,TEX,TOR,,,,,,P
117414-190516,P,Daysbel,Daysbel Hernandez,Hernandez,5.7272727272727275,22,5500,ATL@PHI,ATL,PHI,,,,,,P
117414-135221,P,Cade,Cade Cavalli,Cavalli,0,1,5500,WSH@SEA,WSH,SEA,,,,,,P
117414-172092,P,Garrett,Garrett Hill,Hill,0,1,5500,WSH@SEA,SEA,WSH,,,,,,P
117414-200764,P,Cam,Cam Booser,Booser,4.25,24,5500,CWS@NYM,CWS,NYM,,,,,,P
117414-79936,P,Mark,Mark Leiter Jr.,Leiter Jr.,6.68,25,5500,NYY@LAA,NYY,LAA,,,,,,P
117414-104512,P,Geoff,Geoff Hartlieb,Hartlieb,4.2,5,5500,NYY@LAA,NYY,LAA,,,,,,P
117414-135236,P,Max,Max Kranick,Kranick,6.761904761904762,21,5500,CWS@NYM,NYM,CWS,,,,,,P
117414-102470,P,Rico,Rico Garcia,Garcia,,0,5500,CWS@NYM,NYM,CWS,,,,,,P
117414-102474,P,Eli,Eli Morgan,Morgan,0.5714285714285714,7,5500,COL@CHC,CHC,COL,IL,Elbow,,,,P
117414-149587,P,Jay,Jay Flaa,Flaa,,0,5500,ATL@PHI,ATL,PHI,,,,,,P
117414-102489,P,Carlos,Carlos Hernandez,Hernandez,3.4,20,5500,ATL@PHI,PHI,ATL,,,,,,P
117414-135256,P,Connor,Connor Brogdon,Brogdon,4.142857142857143,7,5500,NYY@LAA,LAA,NYY,,,,,,P
117414-102501,P,Braydon,Braydon Fisher,Fisher,9.5,6,5500,TOR@TEX,TOR,TEX,,,,,,P
117414-102500,P,Robert,Robert Dugger,Dugger,,0,5500,TOR@TEX,TEX,TOR,,,,,,P
117414-135279,P,Codi,Codi Heuer,Heuer,,0,5500,TOR@TEX,TEX,TOR,,,,,,P
117414-161907,P,Dylan,Dylan Lee,Lee,4.8,25,5500,ATL@PHI,ATL,PHI,,,,,,P
117414-194675,P,Luke,Luke Little,Little,-1,1,5500,COL@CHC,CHC,COL,,,,,,P
117414-135281,P,Bryan,Bryan Baker,Baker,6.24,25,5500,STL@BAL,BAL,STL,,,,,,P
117414-159857,P,Jose,Jose Marte,Marte,6.071428571428571,14,5500,CWS@NYM,NYM,CWS,O,Shoulder,,,,P
117414-82039,P,Aaron,Aaron Wilkerson,Wilkerson,,0,5500,CIN@KC,CIN,KC,,,,,,P
117414-209026,P,Parker,Parker Dunshee,Dunshee,1,1,5500,WSH@SEA,WSH,SEA,,,,,,P
117414-116868,P,Gabe,Gabe Speier,Speier,6.130434782608695,23,5500,WSH@SEA,SEA,WSH,,,,,,P
117414-114827,P,John,John Schreiber,Schreiber,4.666666666666667,25,5500,CIN@KC,KC,CIN,,,,,,P
117414-102542,P,Travis,Travis MacGregor,MacGregor,,0,5500,TOR@TEX,TEX,TOR,,,,,,P
117414-135313,P,Nick,Nick Sandlin,Sandlin,4.8,10,5500,TOR@TEX,TOR,TEX,IL,Lat,,,,P
117414-102549,P,Andres,Andres Munoz,Munoz,6.869565217391305,23,5500,WSH@SEA,SEA,WSH,,,,,,P
117414-170135,P,Yennier,Yennier Cano,Cano,4.045454545454546,22,5500,STL@BAL,BAL,STL,,,,,,P
117414-102558,P,Gregory,Gregory Santos,Santos,1.875,8,5500,WSH@SEA,SEA,WSH,IL,Knee,,,,P
117414-80033,P,Emilio,Emilio Pagan,Pagan,5.16,25,5500,CIN@KC,CIN,KC,,,,,,P
117414-80034,P,Jose,Jose Alvarado,Alvarado,7.05,20,5500,ATL@PHI,PHI,ATL,NA,Suspension,,,,P
117414-12452,P,Kenley,Kenley Jansen,Jansen,4.117647058823529,18,5500,NYY@LAA,LAA,NYY,,,,,,P
117414-102568,P,Colin,Colin Poche,Poche,2.230769230769231,13,5500,CWS@NYM,NYM,CWS,,,,,,P
117414-135339,P,Clayton,Clayton Beeter,Beeter,6.666666666666667,3,5500,NYY@LAA,NYY,LAA,,,,,,P
117414-102570,P,Sandy,Sandy Gaston,Gaston,,0,5500,NYY@LAA,LAA,NYY,,,,,,P
117414-145591,P,Eduard,Eduard Bazardo,Bazardo,5.238095238095238,21,5500,WSH@SEA,SEA,WSH,,,,,,P
117414-209078,P,Max,Max Lazar,Lazar,4.5,2,5500,ATL@PHI,PHI,ATL,,,,,,P
117414-145593,P,Carlos,Carlos Vargas,Vargas,5.590909090909091,22,5500,WSH@SEA,SEA,WSH,,,,,,P
117414-135358,P,Dylan,Dylan File,File,,0,5500,WSH@SEA,SEA,WSH,,,,,,P
117414-102593,P,Gerardo,Gerardo Carrillo,Carrillo,,0,5500,TOR@TEX,TEX,TOR,,,,,,P
117414-135361,P,Nabil,Nabil Crismatt,Crismatt,7.8,5,5500,ATL@PHI,PHI,ATL,,,,,,P
117414-145609,P,Peter,Peter Solomon,Solomon,,0,5500,COL@CHC,CHC,COL,,,,,,P
117414-145627,P,Lucas,Lucas Gilbreath,Gilbreath,-7.5,3,5500,COL@CHC,COL,CHC,,,,,,P
117414-198874,P,Noah,Noah Schultz,Schultz,,0,5500,CWS@NYM,CWS,NYM,,,,,,P
117414-145630,P,Kervin,Kervin Castro,Castro,,0,5500,NYY@LAA,NYY,LAA,,,,,,P
117414-145629,P,Mason,Mason Thompson,Thompson,0,1,5500,WSH@SEA,WSH,SEA,IL,Elbow,,,,P
117414-209116,P,Troy,Troy Taylor,Taylor,-0.14285714285714285,8,5500,WSH@SEA,SEA,WSH,,,,,,P
117414-178411,P,Michael,Michael Plassmeyer,Plassmeyer,0,1,5500,TOR@TEX,TEX,TOR,,,,,,P
117414-198890,P,Walter,Walter Pennington,Pennington,5.8125,16,5500,STL@BAL,BAL,STL,,,,,,P
117414-205032,P,Daniel,Daniel Robert,Robert,2.5,2,5500,ATL@PHI,PHI,ATL,,,,,,P
117414-198901,P,Chase,Chase Hampton,Hampton,,0,5500,NYY@LAA,NYY,LAA,IL,Elbow,,,,P
117414-198936,P,Tekoah,Tekoah Roby,Roby,,0,5500,STL@BAL,STL,BAL,,,,,,P
117414-203075,P,Michael,Michael Petersen,Petersen,9,1,5500,ATL@PHI,ATL,PHI,,,,,,P
117414-211265,P,Seth,Seth Halvorsen,Halvorsen,4.181818181818182,22,5500,COL@CHC,COL,CHC,,,,,,P
117414-174406,P,Huascar,Huascar Brazoban,Brazoban,8.166666666666666,24,5500,CWS@NYM,NYM,CWS,,,,,,P
117414-182597,P,Shintaro,Shintaro Fujinami,Fujinami,0,3,5500,WSH@SEA,SEA,WSH,,,,,,P
117414-117065,P,James,James Karinchak,Karinchak,0,3,5500,CWS@NYM,CWS,NYM,,,,,,P
117414-203080,P,Brandon,Brandon Eisert,Eisert,5.173913043478261,23,5500,CWS@NYM,CWS,NYM,,,,,,P
117414-209224,P,Orlando,Orlando Ribalta,Ribalta,6.5,4,5500,WSH@SEA,WSH,SEA,IL,Biceps,,,,P
117414-170323,P,Nick,Nick Vespi,Vespi,4.7272727272727275,11,5500,ATL@PHI,PHI,ATL,,,,,,P
117414-170324,P,Brandon,Brandon Hughes,Hughes,4.533333333333333,15,5500,COL@CHC,CHC,COL,,,,,,P
117414-135525,P,Adam,Adam Seminaris,Seminaris,,0,5500,WSH@SEA,SEA,WSH,,,,,,P
117414-135530,P,Brett,Brett de Geus,de Geus,2.1538461538461537,13,5500,ATL@PHI,PHI,ATL,,,,,,P
117414-153961,P,Tayler,Tayler Saucedo,Saucedo,2,4,5500,WSH@SEA,SEA,WSH,,,,,,P
117414-57717,P,Buck,Buck Farmer,Farmer,6.049180327868853,61,5500,NYY@LAA,LAA,NYY,,,,,,P
117414-225666,P,Paxton,Paxton Schultz,Schultz,15.5,4,5500,TOR@TEX,TOR,TEX,,,,,,P
117414-225665,P,Sauryn,Sauryn Lao,Lao,14,1,5500,WSH@SEA,SEA,WSH,,,,,,P
117414-225671,P,Zach,Zach Agnos,Agnos,4.714285714285714,14,5500,COL@CHC,COL,CHC,,,,,,P
117414-170384,P,Yerry,Yerry de los Santos,de los Santos,6.75,8,5500,NYY@LAA,NYY,LAA,,,,,,P
117414-61858,P,Raisel,Raisel Iglesias,Iglesias,4.904761904761905,21,5500,ATL@PHI,ATL,PHI,,,,,,P
117414-158131,P,Tyler,Tyler Gilbert,Gilbert,5.538461538461538,13,5500,CWS@NYM,CWS,NYM,IL,Knee,,,,P
117414-219569,P,Justin,Justin Hagenman,Hagenman,19,1,5500,CWS@NYM,NYM,CWS,,,,,,P
117414-219568,P,Rolddy,Rolddy Munoz,Munoz,,0,5500,ATL@PHI,ATL,PHI,,,,,,P
117414-188863,P,Randy,Randy Wynne,Wynne,15,1,5500,CIN@KC,CIN,KC,,,,,,P
117414-182750,P,Andrew,Andrew Painter,Painter,,0,5500,ATL@PHI,PHI,ATL,,,,,,P
117414-145916,P,Zach,Zach Pop,Pop,2.912280701754386,58,5500,WSH@SEA,SEA,WSH,,,,,,P
117414-184829,P,McKinley,McKinley Moore,Moore,0,3,5500,NYY@LAA,NYY,LAA,,,,,,P
117414-219654,P,Juan,Juan Carela,Carela,,0,5500,CWS@NYM,CWS,NYM,O,Elbow,,,,P
117414-219658,P,Jack,Jack Dashwood,Dashwood,,0,5500,NYY@LAA,LAA,NYY,,,,,,P
117414-219660,P,Kade,Kade Strowd,Strowd,3,1,5500,STL@BAL,BAL,STL,,,,,,P
117414-170514,P,Jose,Jose Cuas,Cuas,4.833333333333333,13,5500,ATL@PHI,ATL,PHI,,,,,,P
117414-119315,P,Kohl,Kohl Franklin,Franklin,,0,5500,COL@CHC,CHC,COL,IL,Elbow,,,,P
117414-219665,P,Matt,Matt Svanson,Svanson,6.833333333333333,6,5500,STL@BAL,STL,BAL,,,,,,P
117414-119316,P,Thaddeus,Thaddeus Ward,Ward,0,1,5500,STL@BAL,BAL,STL,,,,,,P
117414-162328,P,Reiver,Reiver Sanmartin,Sanmartin,0,2,5500,CIN@KC,CIN,KC,,,,,,P
117414-119328,P,Packy,Packy Naughton,Naughton,0,2,5500,STL@BAL,STL,BAL,IL,Elbow,,,,P
117414-119336,P,Karl,Karl Kauffmann,Kauffmann,0,1,5500,COL@CHC,COL,CHC,,,,,,P
117414-219694,P,Winston,Winston Santos,Santos,,0,5500,TOR@TEX,TEX,TOR,IL,Back,,,,P
117414-219693,P,Emiliano,Emiliano Teodo,Teodo,,0,5500,TOR@TEX,TEX,TOR,,,,,,P
117414-119347,P,Jonathan,Jonathan Bowlan,Bowlan,7.8,5,5500,CIN@KC,KC,CIN,,,,,,P
117414-219696,P,Eric,Eric Cerantola,Cerantola,,0,5500,CIN@KC,KC,CIN,,,,,,P
117414-178743,P,Nicholas,Nicholas Padilla,Padilla,,0,5500,ATL@PHI,PHI,ATL,,,,,,P
117414-219700,P,Luis,Luis Mey,Mey,5.3076923076923075,13,5500,CIN@KC,CIN,KC,,,,,,P
117414-219707,P,Jean,Jean Cabrera,Cabrera,,0,5500,ATL@PHI,PHI,ATL,,,,,,P
117414-219705,P,Moises,Moises Chace,Chace,,0,5500,ATL@PHI,PHI,ATL,IL,Elbow,,,,P
117414-119356,P,Oliver,Oliver Ortega,Ortega,0,1,5500,CWS@NYM,NYM,CWS,IL,Elbow,,,,P
117414-119358,P,Antoine,Antoine Kelly,Kelly,0,1,5500,COL@CHC,COL,CHC,,,,,,P
117414-72265,P,Matt,Matt Strahm,Strahm,5.36,25,5500,ATL@PHI,PHI,ATL,,,,,,P
117414-207438,P,Fraser,Fraser Ellard,Ellard,5,7,5500,CWS@NYM,CWS,NYM,IL,Lat,,,,P
117414-119375,P,Dedniel,Dedniel Nunez,Nunez,2.75,5,5500,CWS@NYM,NYM,CWS,,,,,,P
117414-150107,P,Tommy,Tommy Nance,Nance,4.65,20,5500,TOR@TEX,TOR,TEX,,,,,,P
117414-225880,P,Nathan,Nathan Wiles,Wiles,-3,1,5500,ATL@PHI,ATL,PHI,,,,,,P
117414-16989,P,Wilking,Wilking Rodriguez,Rodriguez,,0,5500,NYY@LAA,NYY,LAA,,,,,,P
117414-80476,P,Jackson,Jackson Stephens,Stephens,4.333333333333333,3,5500,ATL@PHI,ATL,PHI,,,,,,P
117414-119388,P,Junior,Junior Santos,Santos,,0,5500,WSH@SEA,WSH,SEA,,,,,,P
117414-119397,P,TJ,TJ Sikkema,Sikkema,,0,5500,CIN@KC,CIN,KC,IL,Undisclosed,,,,P
117414-82535,P,Kyle,Kyle Wright,Wright,0,1,5500,CIN@KC,KC,CIN,IL,Shoulder,,,,P
117414-186986,P,Eduardo,Eduardo Salazar,Salazar,1.7058823529411764,17,5500,WSH@SEA,WSH,SEA,,,,,,P
117414-184943,P,Jesse,Jesse Scholtens,Scholtens,,0,5500,CWS@NYM,CWS,NYM,IL,Elbow,,,,P
117414-162419,P,Matt,Matt Brash,Brash,5.142857142857143,7,5500,WSH@SEA,SEA,WSH,,,,,,P
117414-82547,P,Thomas,Thomas Hatch,Hatch,,0,5500,CIN@KC,KC,CIN,,,,,,P
117414-180848,P,Angel,Angel Felipe,Felipe,0,2,5500,NYY@LAA,LAA,NYY,IL,Elbow,,,,P
117414-82546,P,Adbert,Adbert Alzolay,Alzolay,3.888888888888889,18,5500,CWS@NYM,NYM,CWS,IL,Elbow,,,,P
117414-82549,P,Brendon,Brendon Little,Little,7.375,25,5500,TOR@TEX,TOR,TEX,,,,,,P
117414-82552,P,Tony,Tony Santillan,Santillan,4.5,27,5500,CIN@KC,CIN,KC,,,,,,P
117414-70271,P,Carlos,Carlos Estevez,Estevez,5.863636363636363,22,5500,CIN@KC,KC,CIN,,,,,,P
117414-82564,P,Yency,Yency Almonte,Almonte,5.588235294117647,17,5500,COL@CHC,CHC,COL,IL,Shoulder,,,,P
117414-62087,P,Miguel,Miguel Castro,Castro,2.6,5,5500,CWS@NYM,CWS,NYM,,,,,,P
117414-119435,P,Riley,Riley O'Brien,O'Brien,1.6666666666666667,3,5500,STL@BAL,STL,BAL,,,,,,P
117414-82572,P,Gregory,Gregory Soto,Soto,4.043478260869565,23,5500,STL@BAL,BAL,STL,,,,,,P
117414-119446,P,Andry,Andry Lara,Lara,,0,5500,WSH@SEA,WSH,SEA,,,,,,P
117414-119451,P,Matt,Matt Cronin,Cronin,,0,5500,WSH@SEA,SEA,WSH,,,,,,P
117414-164510,P,Victor,Victor Vodnik,Vodnik,4,9,5500,COL@CHC,COL,CHC,,,,,,P
117414-82591,P,Chris,Chris Rodriguez,Rodriguez,,0,5500,CWS@NYM,CWS,NYM,,,,,,P
117414-203420,P,Austin,Austin Kitchen,Kitchen,0,4,5500,WSH@SEA,SEA,WSH,,,,,,P
117414-164522,P,Wikelman,Wikelman Gonzalez,Gonzalez,0,2,5500,CWS@NYM,CWS,NYM,,,,,,P
117414-164530,P,Caleb,Caleb Kilian,Kilian,19,2,5500,COL@CHC,CHC,COL,IL,Undisclosed,,,,P
117414-80571,P,Phil,Phil Maton,Maton,5.454545454545454,22,5500,STL@BAL,STL,BAL,,,,,,P
117414-53953,P,Keone,Keone Kela,Kela,,0,5500,CWS@NYM,CWS,NYM,,,,,,P
117414-82627,P,JoJo,JoJo Romero,Romero,3.3181818181818183,22,5500,STL@BAL,STL,BAL,,,,,,P
117414-82628,P,Adonis,Adonis Medina,Medina,,0,5500,WSH@SEA,SEA,WSH,,,,,,P
117414-119494,P,Andrew,Andrew Dalquist,Dalquist,,0,5500,CWS@NYM,CWS,NYM,,,,,,P
117414-119496,P,Matt,Matt Thompson,Thompson,,0,5500,COL@CHC,CHC,COL,,,,,,P
117414-82639,P,Ryan,Ryan Helsley,Helsley,5.842105263157895,19,5500,STL@BAL,STL,BAL,,,,,,P
117414-82657,P,Wil,Wil Crowe,Crowe,,0,5500,ATL@PHI,PHI,ATL,,,,,,P
117414-82656,P,Nate,Nate Pearson,Pearson,1.375,8,5500,COL@CHC,CHC,COL,,,,,,P
117414-187105,P,Joe,Joe La Sorsa,La Sorsa,4.25,16,5500,CIN@KC,CIN,KC,,,,,,P
117414-187110,P,Ben,Ben Joyce,Joyce,2.6,5,5500,NYY@LAA,LAA,NYY,IL,Shoulder,,,,P
117414-53990,P,Shawn,Shawn Armstrong,Armstrong,6.1,21,5500,TOR@TEX,TEX,TOR,,,,,,P
117414-201456,P,Chris,Chris Roycroft,Roycroft,2.5,12,5500,STL@BAL,STL,BAL,,,,,,P
117414-84727,P,Drew,Drew Smith,Smith,5.7894736842105265,19,5500,CWS@NYM,NYM,CWS,IL,Elbow,,,,P
117414-13055,P,Anthony,Anthony Gose,Gose,3.3333333333333335,3,5500,CWS@NYM,NYM,CWS,,,,,,P
117414-199460,P,Jordan,Jordan Leasure,Leasure,4.909090909090909,23,5500,CWS@NYM,CWS,NYM,,,,,,P
117414-213816,P,Evan,Evan Sisk,Sisk,9.2,5,5500,CIN@KC,KC,CIN,,,,,,P
117414-119622,P,Matt,Matt Allan,Allan,,0,5500,CWS@NYM,NYM,CWS,,,,,,P
117414-213851,P,Domingo,Domingo Gonzalez,Gonzalez,,0,5500,ATL@PHI,ATL,PHI,,,,,,P
117414-183133,P,Curtis,Curtis Taylor,Taylor,,0,5500,STL@BAL,STL,BAL,,,,,,P
117414-189299,P,Victor,Victor Mederos,Mederos,9,1,5500,NYY@LAA,LAA,NYY,,,,,,P
117414-68469,P,Adam,Adam Plutko,Plutko,,0,5500,CIN@KC,CIN,KC,,,,,,P
117414-70517,P,Chad,Chad Green,Green,4.666666666666667,24,5500,TOR@TEX,TOR,TEX,,,,,,P
117414-68476,P,Taylor,Taylor Rogers,Rogers,4.571428571428571,23,5500,CIN@KC,CIN,KC,,,,,,P
117414-23437,P,Brooks,Brooks Raley,Raley,6.75,8,5500,CWS@NYM,NYM,CWS,IL,Elbow,,,,P
117414-170895,P,Jake,Jake Bird,Bird,8.782608695652174,23,5500,COL@CHC,COL,CHC,,,,,,P
117414-80791,P,Alan,Alan Busenitz,Busenitz,1,3,5500,CIN@KC,CIN,KC,,,,,,P
117414-68506,P,Rob,Rob Kaminsky,Kaminsky,,0,5500,STL@BAL,STL,BAL,,,,,,P
117414-68510,P,Amir,Amir Garrett,Garrett,6.666666666666667,8,5500,TOR@TEX,TOR,TEX,IL,Undisclosed,,,,P
117414-80801,P,Hoby,Hoby Milner,Milner,5.045454545454546,23,5500,TOR@TEX,TEX,TOR,,,,,,P
117414-68515,P,Sam,Sam Moll,Moll,-1,3,5500,CIN@KC,CIN,KC,,,,,,P
117414-68520,P,Michael,Michael Fulmer,Fulmer,5,1,5500,COL@CHC,CHC,COL,,,,,,P
117414-52141,P,Lucas,Lucas Sims,Sims,1.5625,18,5500,ATL@PHI,PHI,ATL,,,,,,P
117414-52143,P,Hunter,Hunter Harvey,Harvey,6.166666666666667,6,5500,CIN@KC,KC,CIN,IL,Shoulder,,,,P
117414-52148,P,Pierce,Pierce Johnson,Johnson,5.285714285714286,21,5500,ATL@PHI,ATL,PHI,,,,,,P
117414-52152,P,Robert,Robert Stephenson,Stephenson,0,2,5500,NYY@LAA,LAA,NYY,IL,Elbow,,,,P
117414-68548,P,Edwin,Edwin Diaz,Diaz,7,22,5500,CWS@NYM,NYM,CWS,,,,,,P
117414-68556,P,Dillon,Dillon Tate,Tate,5.6,5,5500,TOR@TEX,TOR,TEX,,,,,,P
117414-68561,P,Luke,Luke Weaver,Weaver,6.217391304347826,23,5500,NYY@LAA,NYY,LAA,,,,,,P
117414-189393,P,Daniel,Daniel Palencia,Palencia,5.9411764705882355,17,5500,COL@CHC,CHC,COL,,,,,,P
117414-193498,P,John,John McMillon,McMillon,9,10,5500,ATL@PHI,PHI,ATL,,,,,,P
117414-52192,P,Luke,Luke Jackson,Jackson,3.4,22,5500,TOR@TEX,TEX,TOR,,,,,,P
117414-70629,P,Jacob,Jacob Barnes,Barnes,2.5,6,5500,TOR@TEX,TOR,TEX,,,,,,P
117414-82921,P,Zack,Zack Weiss,Weiss,0,1,5500,STL@BAL,STL,BAL,,,,,,P
117414-213995,P,Luis,Luis Curvelo,Curvelo,,0,5500,TOR@TEX,TEX,TOR,,,,,,P
117414-82922,P,Tyler,Tyler Kinley,Kinley,3.5652173913043477,23,5500,COL@CHC,COL,CHC,,,,,,P
117414-82924,P,Tim,Tim Hill,Hill,4.454545454545454,23,5500,NYY@LAA,NYY,LAA,,,,,,P
117414-70649,P,Adrian,Adrian Sampson,Sampson,0,1,5500,WSH@SEA,WSH,SEA,,,,,,P
117414-13312,P,Ryan,Ryan Brasier,Brasier,3.25,4,5500,COL@CHC,CHC,COL,,,,,,P
117414-226310,P,Jose,Jose Fermin,Fermin,4.888888888888889,9,5500,NYY@LAA,LAA,NYY,IL,Elbow,,,,P
117414-168965,P,Tanner,Tanner Banks,Banks,5.739130434782608,23,5500,ATL@PHI,PHI,ATL,,,,,,P
117414-68619,P,Matt,Matt Bowman,Bowman,3.8666666666666667,16,5500,STL@BAL,BAL,STL,,,,,,P
117414-189470,P,Kyle,Kyle Leahy,Leahy,6.043478260869565,23,5500,STL@BAL,STL,BAL,,,,,,P
117414-82986,P,Colten,Colten Brewer,Brewer,5.5625,16,5500,NYY@LAA,NYY,LAA,,,,,,P
117414-68654,P,John,John Gant,Gant,,0,5500,CIN@KC,KC,CIN,,,,,,P
117414-82999,P,Scott,Scott Barlow,Barlow,4.16,25,5500,CIN@KC,CIN,KC,,,,,,P
117414-154688,P,Jake,Jake Cousins,Cousins,6.4186046511627906,43,5500,NYY@LAA,NYY,LAA,IL,Forearm,,,,P
117414-11333,P,Craig,Craig Kimbrel,Kimbrel,5.803571428571429,57,5500,ATL@PHI,ATL,PHI,,,,,,P
117414-179275,P,Fernando,Fernando Cruz,Cruz,7.666666666666667,21,5500,NYY@LAA,NYY,LAA,IL,Shoulder,,,,P
117414-209997,P,Jack,Jack Neely,Neely,3.5,6,5500,COL@CHC,CHC,COL,,,,,,P
117414-203863,P,Gordon,Gordon Graceffo,Graceffo,8.125,8,5500,STL@BAL,STL,BAL,,,,,,P
117414-189528,P,Robert,Robert Garcia,Garcia,4.444444444444445,27,5500,TOR@TEX,TEX,TOR,,,,,,P
117414-195682,P,Orion,Orion Kerkering,Kerkering,4.791666666666667,24,5500,ATL@PHI,PHI,ATL,,,,,,P
117414-83054,P,Justin,Justin Anderson,Anderson,4.796296296296297,56,5500,CWS@NYM,CWS,NYM,,,,,,P
117414-85108,P,Enyel,Enyel De Los Santos,De Los Santos,5.409090909090909,22,5500,ATL@PHI,ATL,PHI,,,,,,P
117414-13438,P,Drew,Drew Pomeranz,Pomeranz,6.571428571428571,14,5500,COL@CHC,CHC,COL,,,,,,P
117414-54403,P,Trevor,Trevor Gott,Gott,0,1,5500,WSH@SEA,SEA,WSH,,,,,,P
117414-179339,P,Bryce,Bryce Montes de Oca,Montes de Oca,,0,5500,CWS@NYM,NYM,CWS,IL,Elbow,,,,P
117414-21653,P,Hector,Hector Neris,Neris,4.3,12,5500,NYY@LAA,LAA,NYY,,,,,,P
117414-83097,P,D.J.,D.J. Snelten,Snelten,,0,5500,CWS@NYM,CWS,NYM,IL,Undisclosed,,,,P
117414-38041,P,Ryan,Ryan Pressly,Pressly,3.2857142857142856,22,5500,COL@CHC,CHC,COL,,,,,,P
117414-152734,P,Zach,Zach Thompson,Thompson,10,2,5500,ATL@PHI,ATL,PHI,,,,,,P
117414-81052,P,Andrew,Andrew Kittredge,Kittredge,8,3,5500,STL@BAL,BAL,STL,,,,,,P
117414-195748,P,Kelvin,Kelvin Caceres,Caceres,0,2,5500,NYY@LAA,LAA,NYY,,,,,,P
117414-154794,P,Joe,Joe Barlow,Barlow,,0,5500,TOR@TEX,TEX,TOR,,,,,,P
117414-140459,P,John,John King,King,3.3684210526315788,19,5500,STL@BAL,STL,BAL,,,,,,P
117414-160939,P,Jacob,Jacob Latz,Latz,8.666666666666666,10,5500,TOR@TEX,TEX,TOR,,,,,,P
117414-83116,P,Wander,Wander Suero,Suero,0,1,5500,ATL@PHI,ATL,PHI,,,,,,P
117414-83145,P,Jose,Jose Castillo,Castillo,3.3333333333333335,9,5500,CWS@NYM,NYM,CWS,,,,,,P
117414-21707,P,Michael,Michael Mariot,Mariot,,0,5500,WSH@SEA,SEA,WSH,,,,,,P
117414-66765,P,Jorge,Jorge Lopez,Lopez,4.5,25,5500,WSH@SEA,WSH,SEA,,,,,,P
117414-83159,P,Diego,Diego Castillo,Castillo,5.571428571428571,7,5500,COL@CHC,COL,CHC,,,,,,P
117414-83158,P,Seranthony,Seranthony Dominguez,Dominguez,4.714285714285714,21,5500,STL@BAL,BAL,STL,,,,,,P
117414-79067,P,Alex,Alex Young,Young,4.529411764705882,17,5500,CIN@KC,CIN,KC,IL,Elbow,,,,P
117414-83163,P,Jonathan,Jonathan Loaisiga,Loaisiga,5,5,5500,NYY@LAA,NYY,LAA,,,,,,P
117414-79071,P,Taylor,Taylor Clarke,Clarke,7.125,8,5500,CIN@KC,KC,CIN,,,,,,P
117414-79085,P,Keegan,Keegan Akin,Akin,5.32,25,5500,STL@BAL,BAL,STL,,,,,,P
117414-60656,P,Jeff,Jeff Hoffman,Hoffman,6.565217391304348,23,5500,TOR@TEX,TOR,TEX,,,,,,P
117414-83184,P,Julian,Julian Merryweather,Merryweather,3.0952380952380953,21,5500,COL@CHC,CHC,COL,,,,,,P
117414-197873,P,Zach,Zach Brzykcy,Brzykcy,2.5,8,5500,WSH@SEA,WSH,SEA,,,,,,P
117414-197879,P,Juan,Juan Mejia,Mejia,8.5,8,5500,COL@CHC,COL,CHC,,,,,,P
117414-146679,P,Chris,Chris McMahon,McMahon,,0,5500,COL@CHC,COL,CHC,IL,Undisclosed,,,,P
117414-197880,P,Angel,Angel Chivilli,Chivilli,4.85,20,5500,COL@CHC,COL,CHC,,,,,,P
117414-197887,P,Porter,Porter Hodge,Hodge,4.476190476190476,21,5500,COL@CHC,CHC,COL,IL,Oblique,,,,P
117414-146684,P,Jared,Jared Kelley,Kelley,,0,5500,CWS@NYM,CWS,NYM,,,,,,P
117414-197891,P,Michael,Michael Arias,Arias,0,2,5500,NYY@LAA,NYY,LAA,IL,Undisclosed,,,,P
117414-146691,P,Asa,Asa Lacy,Lacy,,0,5500,CIN@KC,KC,CIN,IL,Elbow,,,,P
117414-197890,P,Marc,Marc Church,Church,4.6,5,5500,TOR@TEX,TEX,TOR,IL,Oblique,,,,P
117414-21764,P,Caleb,Caleb Thielbar,Thielbar,4.6521739130434785,23,5500,COL@CHC,CHC,COL,,,,,,P
117414-85255,P,Shaun,Shaun Anderson,Anderson,9,5,5500,NYY@LAA,LAA,NYY,,,,,,P
117414-197893,P,Jose,Jose Corniell,Corniell,0,1,5500,TOR@TEX,TEX,TOR,IL,Elbow,,,,P
117414-72971,P,Ben,Ben Heller,Heller,4.5,8,5500,COL@CHC,CHC,COL,IL,Undisclosed,,,,P
117414-197896,P,Will,Will Klein,Klein,2.75,8,5500,WSH@SEA,SEA,WSH,,,,,,P
117414-146706,P,Robert,Robert Dominguez,Dominguez,,0,5500,CWS@NYM,NYM,CWS,,,,,,P
117414-197906,P,Royber,Royber Salinas,Salinas,0,1,5500,ATL@PHI,ATL,PHI,IL,Shoulder,,,,P
117414-79124,P,Joe,Joe Jimenez,Jimenez,5.855072463768116,70,5500,ATL@PHI,ATL,PHI,IL,Knee,,,,P
117414-187669,P,Ty,Ty Adcock,Adcock,1,1,5500,CWS@NYM,NYM,CWS,,,,,,P
117414-197919,P,Jairo,Jairo Iriarte,Iriarte,5.5,6,5500,CWS@NYM,CWS,NYM,,,,,,P
117414-116002,P,Joel,Joel Kuhnel,Kuhnel,5,6,5500,ATL@PHI,PHI,ATL,,,,,,P
117414-146721,P,Jeff,Jeff Criswell,Criswell,9.846153846153847,13,5500,COL@CHC,COL,CHC,IL,Elbow,,,,P
117414-146727,P,Justin,Justin Lange,Lange,,0,5500,NYY@LAA,NYY,LAA,IL,Shoulder,,,,P
117414-85286,P,Ian,Ian Gibaut,Gibaut,3.1333333333333333,15,5500,CIN@KC,CIN,KC,,,,,,P
117414-85289,P,Nick,Nick Anderson,Anderson,4.4324324324324325,37,5500,STL@BAL,STL,BAL,,,,,,P
117414-79144,P,Scott,Scott Blewett,Blewett,9.833333333333334,12,5500,ATL@PHI,ATL,PHI,,,,,,P
117414-146734,P,Tink,Tink Hence,Hence,,0,5500,STL@BAL,STL,BAL,IL,Ribs,,,,P
117414-79148,P,A.J.,A.J. Puckett,Puckett,,0,5500,COL@CHC,CHC,COL,,,,,,P
117414-79150,P,Josh,Josh Staumont,Staumont,4.12,25,5500,CIN@KC,CIN,KC,IL,Undisclosed,,,,P
117414-146737,P,Cole,Cole Henry,Henry,5.875,16,5500,WSH@SEA,WSH,SEA,,,,,,P
117414-146740,P,CJ,CJ Van Eyk,Van Eyk,,0,5500,TOR@TEX,TOR,TEX,,,,,,P
117414-193844,P,Evan,Evan Justice,Justice,4,1,5500,COL@CHC,COL,CHC,,,,,,P
117414-152888,P,Sam,Sam Long,Long,1.2857142857142858,7,5500,CIN@KC,KC,CIN,IL,Elbow,,,,P
117414-185662,P,Sammy,Sammy Peralta,Peralta,6,9,5500,NYY@LAA,LAA,NYY,,,,,,P
117414-79171,P,Phil,Phil Bickford,Bickford,2.375,8,5500,COL@CHC,CHC,COL,,,,,,P
117414-79172,P,Luis,Luis Ortiz,Ortiz,-4,3,5500,CWS@NYM,NYM,CWS,IL,Elbow,,,,P
117414-181583,P,Prelander,Prelander Berroa,Berroa,7.0588235294117645,17,5500,CWS@NYM,CWS,NYM,IL,Elbow,,,,P
117414-79185,P,Justin,Justin Dunn,Dunn,,0,5500,CWS@NYM,CWS,NYM,,,,,,P
117414-197975,P,Cooper,Cooper Hjerpe,Hjerpe,,0,5500,STL@BAL,STL,BAL,IL,Elbow,,,,P
117414-21846,P,Chris,Chris Devenski,Devenski,6,1,5500,CWS@NYM,NYM,CWS,,,,,,P
117414-118106,P,Victor,Victor Gonzalez,Gonzalez,3.1481481481481484,27,5500,NYY@LAA,LAA,NYY,IL,Undisclosed,,,,P
117414-79196,P,Albert,Albert Abreu,Abreu,,0,5500,CIN@KC,CIN,KC,,,,,,P
117414-38240,P,Rafael,Rafael Montero,Montero,4.315789473684211,19,5500,ATL@PHI,ATL,PHI,,,,,,P
117414-222565,P,Shinnosuke,Shinnosuke Ogasawara,Ogasawara,,0,5500,WSH@SEA,WSH,SEA,IL,Oblique,,,,P
117414-38251,P,Hunter,Hunter Strickland,Strickland,5,4,5500,NYY@LAA,LAA,NYY,,,,,,P
117414-79220,P,Kevin,Kevin Gowdy,Gowdy,,0,5500,TOR@TEX,TOR,TEX,,,,,,P
117414-159099,P,Connor,Connor Overton,Overton,0,2,5500,TOR@TEX,TOR,TEX,IL,Undisclosed,,,,P
117414-79250,P,Junior,Junior Fernandez,Fernandez,,0,5500,CIN@KC,KC,CIN,,,,,,P
117414-202139,P,Jack,Jack O'Loughlin,O'Loughlin,8,4,5500,COL@CHC,COL,CHC,,,,,,P
117414-79258,P,Ryne,Ryne Stanek,Stanek,4.2727272727272725,22,5500,CWS@NYM,NYM,CWS,,,,,,P
117414-38303,P,Andrew,Andrew Chafin,Chafin,5.1,11,5500,WSH@SEA,WSH,SEA,,,,,,P
117414-193949,P,Steven,Steven Cruz,Cruz,4.6,20,5500,CIN@KC,KC,CIN,,,,,,P
117414-118184,P,Enoli,Enoli Paredes,Paredes,5.944444444444445,18,5500,ATL@PHI,ATL,PHI,,,,,,P
117414-101803,P,Jacob,Jacob Webb,Webb,4.454545454545454,22,5500,TOR@TEX,TEX,TOR,,,,,,P
117414-101802,P,Patrick,Patrick Weigel,Weigel,,0,5500,WSH@SEA,WSH,SEA,,,,,,P
117414-118191,P,Antonio,Antonio Santos,Santos,,0,5500,COL@CHC,CHC,COL,,,,,,P
117414-118195,P,Tejay,Tejay Antone,Antone,4.5,6,5500,CIN@KC,CIN,KC,IL,Elbow,,,,P
117414-118196,P,Ryan,Ryan Hendrix,Hendrix,,0,5500,CIN@KC,KC,CIN,,,,,,P
117414-101815,P,Jimmy,Jimmy Herget,Herget,5.555555555555555,18,5500,COL@CHC,COL,CHC,,,,,,P
117414-101819,P,Jose,Jose Suarez,Suarez,12.333333333333334,3,5500,ATL@PHI,ATL,PHI,,,,,,P
117414-202175,P,Gerson,Gerson Garabito,Garabito,8,3,5500,TOR@TEX,TEX,TOR,,,,,,P
117414-136639,P,Burl,Burl Carraway,Carraway,,0,5500,COL@CHC,CHC,COL,,,,,,P
117414-101822,P,Josh,Josh Sborz,Sborz,5.6875,17,5500,TOR@TEX,TEX,TOR,IL,Shoulder,,,,P
117414-101825,P,Jose,Jose Quijada,Quijada,5.5,22,5500,NYY@LAA,LAA,NYY,,,,,,P
117414-118208,P,Brooks,Brooks Kriske,Kriske,9,1,5500,COL@CHC,CHC,COL,,,,,,P
117414-101826,P,Jordan,Jordan Holloway,Holloway,,0,5500,NYY@LAA,LAA,NYY,,,,,,P
117414-101829,P,Trey,Trey Supak,Supak,,0,5500,TOR@TEX,TEX,TOR,,,,,,P
117414-118216,P,Tyson,Tyson Miller,Miller,5.689655172413793,58,5500,COL@CHC,CHC,COL,IL,Hip,,,,P
117414-101845,P,Genesis,Genesis Cabrera,Cabrera,5.833333333333333,6,5500,CWS@NYM,NYM,CWS,,,,,,P
117414-101846,P,Erik,Erik Swanson,Swanson,3.977272727272727,45,5500,TOR@TEX,TOR,TEX,IL,Forearm,,,,P
117414-101851,P,Brock,Brock Burke,Burke,4,23,5500,NYY@LAA,LAA,NYY,,,,,,P
117414-101855,P,Trent,Trent Thornton,Thornton,3.4375,16,5500,WSH@SEA,SEA,WSH,IL,Abdomen,,,,P
117414-101856,P,Patrick,Patrick Murphy,Murphy,,0,5500,TOR@TEX,TEX,TOR,,,,,,P
117414-95737,P,Ian,Ian Hamilton,Hamilton,6.266666666666667,15,5500,NYY@LAA,NYY,LAA,,,,,,P
117414-161273,P,Scott,Scott Effross,Effross,3.3333333333333335,3,5500,NYY@LAA,NYY,LAA,,,,,,P
117414-226819,P,Caleb,Caleb Freeman,Freeman,1.75,4,5500,CWS@NYM,CWS,NYM,,,,,,P
117414-95757,P,Andrew,Andrew Vasquez,Vasquez,,0,5500,NYY@LAA,LAA,NYY,,,,,,P
117414-138767,P,Jesus,Jesus Cruz,Cruz,,0,5500,NYY@LAA,LAA,NYY,,,,,,P
117414-138764,P,Brandon,Brandon Leibrandt,Leibrandt,6.5,2,5500,NYY@LAA,NYY,LAA,,,,,,P
117414-101904,P,Jordan,Jordan Romano,Romano,4,22,5500,ATL@PHI,PHI,ATL,,,,,,P
117414-210448,P,Luis,Luis Peralta,Peralta,2.7777777777777777,9,5500,COL@CHC,COL,CHC,,,,,,P
117414-101911,P,Reed,Reed Garrett,Garrett,6.478260869565218,24,5500,CWS@NYM,NYM,CWS,,,,,,P
117414-210475,P,Ryan,Ryan Zeferjahn,Zeferjahn,5.571428571428571,21,5500,NYY@LAA,LAA,NYY,,,,,,P
117414-5673,P,Jesse,Jesse Chavez,Chavez,6,2,5500,ATL@PHI,ATL,PHI,,,,,,P
117414-79402,P,Cionel,Cionel Perez,Perez,3.5789473684210527,19,5500,STL@BAL,BAL,STL,,,,,,P
117414-181801,P,Jose A.,Jose A. Ferrer,Ferrer,4.076923076923077,26,5500,WSH@SEA,WSH,SEA,,,,,,P
117414-181815,P,Brent,Brent Headrick,Headrick,9.8,5,5500,NYY@LAA,NYY,LAA,,,,,,P
117414-181816,P,Casey,Casey Legumina,Legumina,6.444444444444445,19,5500,WSH@SEA,SEA,WSH,,,,,,P
117414-222783,P,Grant,Grant Taylor,Taylor,,0,5500,CWS@NYM,CWS,NYM,,,,,,P
117414-222782,P,Chase,Chase Burns,Burns,,0,5500,CIN@KC,CIN,KC,,,,,,P
117414-181826,P,Colby,Colby White,White,0,1,5500,NYY@LAA,NYY,LAA,,,,,,P
117414-222786,P,Raul,Raul Alcantara,Alcantara,,0,5500,STL@BAL,BAL,STL,,,,,,P
117414-222784,P,Hagen,Hagen Smith,Smith,,0,5500,CWS@NYM,CWS,NYM,O,Elbow,,,,P
117414-181831,P,Yosver,Yosver Zulueta,Zulueta,3.5,2,5500,CIN@KC,CIN,KC,,,,,,P
117414-181828,P,Kolton,Kolton Ingram,Ingram,,0,5500,ATL@PHI,ATL,PHI,,,,,,P
117414-81488,P,Jose,Jose Ruiz,Ruiz,3.642857142857143,14,5500,ATL@PHI,PHI,ATL,,,,,,P
117414-73301,P,Brent,Brent Suter,Suter,6.555555555555555,18,5500,CIN@KC,CIN,KC,,,,,,P
117414-222807,P,Alejandro,Alejandro Rosario,Rosario,,0,5500,TOR@TEX,TEX,TOR,IL,Elbow,,,,P
117414-181847,P,Noah,Noah Denoyer,Denoyer,,0,5500,STL@BAL,BAL,STL,,,,,,P
117414-181850,P,Colin,Colin Selby,Selby,6.666666666666667,3,5500,STL@BAL,BAL,STL,,,,,,P
117414-181848,P,Tom,Tom Cosgrove,Cosgrove,9,2,5500,COL@CHC,CHC,COL,,,,,,P
117414-222814,P,Trey,Trey Yesavage,Yesavage,,0,5500,TOR@TEX,TOR,TEX,,,,,,P
117414-222819,P,Jonah,Jonah Tong,Tong,,0,5500,CWS@NYM,NYM,CWS,,,,,,P
117414-85600,P,Ryan,Ryan Burr,Burr,5.705882352941177,34,5500,TOR@TEX,TOR,TEX,IL,Shoulder,,,,P
117414-81507,P,Aaron,Aaron Bummer,Bummer,5.833333333333333,18,5500,ATL@PHI,ATL,PHI,,,,,,P
117414-226913,P,Yaramil,Yaramil Hiraldo,Hiraldo,7,1,5500,STL@BAL,BAL,STL,,,,,,P
117414-169574,P,Penn,Penn Murfee,Murfee,3.142857142857143,15,5500,CWS@NYM,CWS,NYM,,,,,,P
117414-222822,P,Brandon,Brandon Sproat,Sproat,,0,5500,CWS@NYM,NYM,CWS,,,,,,P
117414-222820,P,Nolan,Nolan McLean,McLean,,0,5500,CWS@NYM,NYM,CWS,,,,,,P
117414-118381,P,Kyle,Kyle Finnegan,Finnegan,4.842105263157895,19,5500,WSH@SEA,WSH,SEA,DTD,Shoulder,,,,P
117414-222830,P,Travis,Travis Sykora,Sykora,,0,5500,WSH@SEA,WSH,SEA,,,,,,P
117414-222834,P,Quinn,Quinn Mathews,Mathews,,0,5500,STL@BAL,STL,BAL,IL,Shoulder,,,,P
117414-222833,P,Jarlin,Jarlin Susana,Susana,,0,5500,WSH@SEA,WSH,SEA,IL,Elbow,,,,P
117414-222832,P,Alex,Alex Clemmey,Clemmey,,0,5500,WSH@SEA,WSH,SEA,,,,,,P
117414-222843,P,Jurrangelo,Jurrangelo Cijntje,Cijntje,,0,5500,WSH@SEA,SEA,WSH,,,,,,P
117414-52871,P,Derek,Derek Law,Law,6.16,75,5500,WSH@SEA,WSH,SEA,IL,Forearm,,,,P
117414-165509,P,Bryce,Bryce Bonnin,Bonnin,,0,5500,TOR@TEX,TEX,TOR,,,,,,P
117414-222859,P,Cam,Cam Caminiti,Caminiti,,0,5500,ATL@PHI,ATL,PHI,,,,,,P
117414-110216,P,Stephen,Stephen Nogosek,Nogosek,,0,5500,CIN@KC,KC,CIN,,,,,,P
117414-110219,P,Sean,Sean Poppen,Poppen,,0,5500,NYY@LAA,LAA,NYY,,,,,,P
117414-190092,P,Devin,Devin Sweet,Sweet,,0,5500,ATL@PHI,PHI,ATL,,,,,,P
117414-165531,P,Sam,Sam Weatherly,Weatherly,,0,5500,COL@CHC,COL,CHC,,,,,,P
117414-165529,P,Jaden,Jaden Hill,Hill,6.666666666666667,3,5500,COL@CHC,COL,CHC,,,,,,P
117414-222881,P,Ryan,Ryan Johnson,Johnson,4.769230769230769,14,5500,NYY@LAA,LAA,NYY,,,,,,P
117414-38563,P,Yimi,Yimi Garcia,Garcia,5.285714285714286,21,5500,TOR@TEX,TOR,TEX,IL,Shoulder,,,,P
117414-220838,P,Garrett,Garrett McDaniels,McDaniels,2.9,10,5500,NYY@LAA,LAA,NYY,IL,Biceps,,,,P
117414-220836,P,Angel,Angel Bastardo,Bastardo,,0,5500,TOR@TEX,TOR,TEX,IL,Elbow,,,,P
117414-220842,P,Eiberson,Eiberson Castellano,Castellano,,0,5500,ATL@PHI,PHI,ATL,IL,Undisclosed,,,,P
117414-165545,P,Tanner,Tanner McDougal,McDougal,,0,5500,CWS@NYM,CWS,NYM,,,,,,P
117414-220847,P,Grant,Grant Wolfram,Wolfram,0.5,2,5500,STL@BAL,BAL,STL,,,,,,P
117414-220845,P,Juan,Juan Nunez,Nunez,,0,5500,STL@BAL,BAL,STL,,,,,,P
117414-163507,P,Alan,Alan Rangel,Rangel,,0,5500,ATL@PHI,PHI,ATL,,,,,,P
117414-222898,P,Mason,Mason Fluharty,Fluharty,5.7,22,5500,TOR@TEX,TOR,TEX,,,,,,P
117414-14006,P,Brian,Brian Moran,Moran,,0,5500,ATL@PHI,ATL,PHI,,,,,,P
117414-114360,P,Devin,Devin Williams,Williams,4.7727272727272725,23,5500,NYY@LAA,NYY,LAA,,,,,,P
117414-165566,P,Ben,Ben Kudrna,Kudrna,,0,5500,CIN@KC,KC,CIN,,,,,,P
117414-165564,P,Frank,Frank Mozzicato,Mozzicato,,0,5500,CIN@KC,KC,CIN,,,,,,P
117414-165570,P,Ben,Ben Hernandez,Hernandez,,0,5500,WSH@SEA,SEA,WSH,,,,,,P
117414-38596,P,Chris,Chris Martin,Martin,5.8,22,5500,TOR@TEX,TEX,TOR,IL,Shoulder,,,,P
117414-165572,P,Noah,Noah Murdock,Murdock,3.4615384615384617,14,5500,CIN@KC,KC,CIN,,,,,,P
117414-165577,P,Sam,Sam Bachman,Bachman,0,2,5500,NYY@LAA,LAA,NYY,,,,,,P
117414-165586,P,Mason,Mason Albright,Albright,,0,5500,COL@CHC,COL,CHC,,,,,,P
117414-188115,P,Grant,Grant Hartwig,Hartwig,4.25,6,5500,CWS@NYM,NYM,CWS,,,,,,P
117414-198354,P,Anthony,Anthony Molina,Molina,6,1,5500,COL@CHC,COL,CHC,,,,,,P
117414-222928,P,Michael,Michael Darrell-Hicks,Darrell-Hicks,3.8333333333333335,6,5500,NYY@LAA,LAA,NYY,,,,,,P
117414-179924,P,Gavin,Gavin Hollowell,Hollowell,6.2,5,5500,COL@CHC,CHC,COL,,,,,,P
117414-198357,P,Ryan,Ryan Fernandez,Fernandez,1.4,11,5500,STL@BAL,STL,BAL,,,,,,P
117414-198361,P,Carson,Carson Coleman,Coleman,0,1,5500,NYY@LAA,NYY,LAA,IL,Undisclosed,,,,P
117414-112348,P,Cody,Cody Stashak,Stashak,,0,5500,ATL@PHI,PHI,ATL,,,,,,P
117414-14049,P,Bryan,Bryan Shaw,Shaw,2.4,5,5500,WSH@SEA,SEA,WSH,,,,,,P
117414-181985,P,Guillo,Guillo Zuniga,Zuniga,4.214285714285714,15,5500,ATL@PHI,PHI,ATL,,,,,,P
117414-81640,P,Yacksel,Yacksel Rios,Rios,,0,5500,CWS@NYM,NYM,CWS,IL,Undisclosed,,,,P
117414-81642,P,A.J.,A.J. Minter,Minter,5.3076923076923075,13,5500,CWS@NYM,NYM,CWS,IL,Lat,,,,P
117414-165624,P,Dom,Dom Hamel,Hamel,,0,5500,CWS@NYM,NYM,CWS,,,,,,P
117414-165625,P,Calvin,Calvin Ziegler,Ziegler,,0,5500,CWS@NYM,NYM,CWS,O,Elbow,,,,P
117414-165628,P,Josh,Josh Walker,Walker,9,3,5500,TOR@TEX,TOR,TEX,,,,,,P
117414-165635,P,Brendan,Brendan Beck,Beck,,0,5500,NYY@LAA,NYY,LAA,,,,,,P
117414-165637,P,Brock,Brock Selvidge,Selvidge,,0,5500,NYY@LAA,NYY,LAA,IL,Biceps,,,,P
117414-165653,P,Cristian,Cristian Hernandez,Hernandez,,0,5500,NYY@LAA,NYY,LAA,,,,,,P
117414-165674,P,Adam,Adam Macko,Macko,0,1,5500,TOR@TEX,TOR,TEX,O,Knee,,,,P
117414-165673,P,Levi,Levi Stoudt,Stoudt,0,1,5500,STL@BAL,BAL,STL,,,,,,P
117414-182062,P,Gus,Gus Varland,Varland,5.230769230769231,26,5500,CWS@NYM,CWS,NYM,,,,,,P
117414-165682,P,Michael,Michael Morales,Morales,,0,5500,WSH@SEA,SEA,WSH,,,,,,P
117414-182064,P,Chris,Chris Clarke,Clarke,,0,5500,COL@CHC,CHC,COL,,,,,,P
117414-53043,P,Jesse,Jesse Hahn,Hahn,5,3,5500,WSH@SEA,SEA,WSH,,,,,,P
117414-182065,P,Zach,Zach Greene,Greene,,0,5500,NYY@LAA,NYY,LAA,,,,,,P
117414-163641,P,Ray,Ray Kerr,Kerr,11.2,10,5500,ATL@PHI,ATL,PHI,IL,Elbow,,,,P
117414-165695,P,Edwin,Edwin Nunez,Nunez,,0,5500,STL@BAL,STL,BAL,,,,,,P
117414-165696,P,Ian,Ian Bedell,Bedell,,0,5500,STL@BAL,STL,BAL,,,,,,P
117414-163654,P,Alexis,Alexis Diaz,Diaz,0.5,6,5500,CIN@KC,CIN,KC,,,,,,P
117414-163660,P,Steven,Steven Wilson,Wilson,4.823529411764706,17,5500,CWS@NYM,CWS,NYM,,,,,,P
117414-163664,P,Tommy,Tommy Romero,Romero,0,2,5500,COL@CHC,CHC,COL,,,,,,P
117414-165719,P,Irv,Irv Carter,Carter,,0,5500,TOR@TEX,TOR,TEX,,,,,,P
117414-165716,P,Sem,Sem Robberse,Robberse,0,2,5500,STL@BAL,STL,BAL,IL,Elbow,,,,P
117414-165722,P,Chad,Chad Dallas,Dallas,,0,5500,TOR@TEX,TOR,TEX,IL,Undisclosed,,,,P
117414-163673,P,Jorge,Jorge Juan,Juan,,0,5500,ATL@PHI,ATL,PHI,,,,,,P
117414-5983,P,Rich,Rich Hill,Hill,5,4,5500,CIN@KC,KC,CIN,,,,,,P
117414-163677,P,James,James McArthur,McArthur,4.618181818181818,57,5500,CIN@KC,KC,CIN,IL,Elbow,,,,P
117414-163682,P,Ethan,Ethan Roberts,Roberts,3.7777777777777777,9,5500,COL@CHC,CHC,COL,,,,,,P
117414-163690,P,Nathan,Nathan Webb,Webb,,0,5500,STL@BAL,BAL,STL,,,,,,P
117414-163688,P,Collin,Collin Snider,Snider,5.571428571428571,21,5500,WSH@SEA,SEA,WSH,,,,,,P
117414-163697,P,Hagen,Hagen Danner,Danner,0,1,5500,WSH@SEA,SEA,WSH,,,,,,P
117414-163701,P,Felix,Felix Bautista,Bautista,5.0588235294117645,17,5500,STL@BAL,BAL,STL,,,,,,P
117414-161675,P,Jonathan,Jonathan Heasley,Heasley,-0.5,5,5500,CWS@NYM,CWS,NYM,,,,,,P
117414-157600,P,Austin,Austin Warren,Warren,6,1,5500,CWS@NYM,NYM,CWS,,,,,,P
117414-102314,P,Lenny,Lenny Torres,Torres,,0,5500,CIN@KC,CIN,KC,,,,,,P
117414-102318,P,Ryan,Ryan Rolison,Rolison,3.2,5,5500,COL@CHC,COL,CHC,,,,,,P
117414-102324,P,Konnor,Konnor Pilkington,Pilkington,0,2,5500,WSH@SEA,WSH,SEA,,,,,,P
117414-102332,P,Jackson,Jackson Kowar,Kowar,0,1,5500,WSH@SEA,SEA,WSH,IL,Elbow,,,,P
117414-102334,P,Corbin,Corbin Martin,Martin,,0,5500,STL@BAL,BAL,STL,,,,,,P
117414-169957,P,Danny,Danny Young,Young,5.2,10,5500,CWS@NYM,NYM,CWS,IL,Elbow,,,,P
117414-79852,P,Lucas,Lucas Erceg,Erceg,4.75,24,5500,CIN@KC,KC,CIN,,,,,,P
117414-102386,P,Steven,Steven Jennings,Jennings,,0,5500,TOR@TEX,TEX,TOR,,,,,,P
117414-210936,P,Evan,Evan Kravetz,Kravetz,2,1,5500,CIN@KC,CIN,KC,,,,,,P
117414-60643,OF,Aaron,Aaron Judge,Judge,17.124074300130207,54,5100,NYY@LAA,NYY,LAA,,,,,,OF/UTIL
117414-79125,OF,Kyle,Kyle Tucker,Tucker,14.794545676491477,55,4500,COL@CHC,CHC,COL,,,,,,OF/UTIL
117414-60631,OF,Kyle,Kyle Schwarber,Schwarber,14.133333559389468,54,4300,ATL@PHI,PHI,ATL,,,,,,OF/UTIL
117414-167012,OF,Seiya,Seiya Suzuki,Suzuki,13.678430893841911,51,4100,COL@CHC,CHC,COL,,,,,,OF/UTIL
117414-146704,OF,Pete,Pete Crow-Armstrong,Crow-Armstrong,14.452727716619318,55,4000,COL@CHC,CHC,COL,,,,,,OF/UTIL
117414-102554,C,Cal,Cal Raleigh,Raleigh,13.660377358490566,53,3900,WSH@SEA,SEA,WSH,,,,,,C/1B/UTIL
117414-119349,SS,Bobby,Bobby Witt Jr.,Witt Jr.,12.136841891104716,57,3900,CIN@KC,KC,CIN,,,,,,SS/UTIL
117414-185300,SS,Zach,Zach Neto,Neto,13.022221883138021,36,3900,NYY@LAA,LAA,NYY,,,,,,SS/UTIL
117414-165661,OF,James,James Wood,Wood,13.190740514684606,54,3900,WSH@SEA,WSH,SEA,,,,,,OF/UTIL
117414-79756,OF,Ronald,Ronald Acuna Jr.,Acuna Jr.,14.725000381469727,4,3900,ATL@PHI,ATL,PHI,,,,,,OF/UTIL
117414-16952,SS,Francisco,Francisco Lindor,Lindor,12.07222267433449,54,3800,CWS@NYM,NYM,CWS,,,,,,SS/UTIL
117414-12948,1B,Bryce,Bryce Harper,Harper,11.86111111111111,54,3800,ATL@PHI,PHI,ATL,DTD,Elbow,,,,C/1B/UTIL
117414-82614,1B,Pete,Pete Alonso,Alonso,12.385454767400569,55,3800,CWS@NYM,NYM,CWS,,,,,,C/1B/UTIL
117414-65881,SS,Trea,Trea Turner,Turner,11.959615854116587,52,3700,ATL@PHI,PHI,ATL,,,,,,SS/UTIL
117414-79282,OF,Juan,Juan Soto,Soto,11.079629403573495,54,3700,CWS@NYM,NYM,CWS,,,,,,OF/UTIL
117414-165513,SS,Elly,Elly De La Cruz,De La Cruz,13.200000217982701,56,3700,CIN@KC,CIN,KC,,,,,,SS/UTIL
117414-73871,C,Carson,Carson Kelly,Kelly,12.690908720999053,33,3600,COL@CHC,CHC,COL,DTD,Illness,,,,C/1B/UTIL
117414-119410,SS,CJ,CJ Abrams,Abrams,12.363414485280106,41,3600,WSH@SEA,WSH,SEA,,,,,,SS/UTIL
117414-79151,OF,Taylor,Taylor Ward,Ward,11.22452876252948,53,3600,NYY@LAA,LAA,NYY,,,,,,OF/UTIL
117414-79159,OF/1B,Cody,Cody Bellinger,Bellinger,11.1591834243463,49,3600,NYY@LAA,NYY,LAA,,,,,,C/1B/OF/UTIL
117414-81953,OF,Austin,Austin Hays,Hays,13.063333129882812,30,3500,CIN@KC,CIN,KC,,,,,,OF/UTIL
117414-82533,OF,Daulton,Daulton Varsho,Varsho,12.742857433500744,21,3500,TOR@TEX,TOR,TEX,,,,,,OF/UTIL
117414-12968,1B,Paul,Paul Goldschmidt,Goldschmidt,10.772222448278356,54,3500,NYY@LAA,NYY,LAA,,,,,,C/1B/UTIL
117414-198526,OF,Wyatt,Wyatt Langford,Langford,11.223912778108016,46,3500,TOR@TEX,TEX,TOR,,,,,,OF/UTIL
117414-102400,OF,Julio,Julio Rodriguez,Rodriguez,11.696154080904448,52,3400,WSH@SEA,SEA,WSH,,,,,,OF/UTIL
117414-119405,2B/SS,Bryson,Bryson Stott,Stott,10.233333587646484,48,3400,ATL@PHI,PHI,ATL,,,,,,2B/SS/UTIL
117414-38412,SS,Corey,Corey Seager,Seager,10.26923076923077,26,3400,TOR@TEX,TEX,TOR,IL,Hamstring,,,,SS/UTIL
117414-119306,SS,Gunnar,Gunnar Henderson,Henderson,10.300000129862035,47,3300,STL@BAL,BAL,STL,,,,,,SS/UTIL
117414-82527,2B,Jazz,Jazz Chisholm Jr.,Chisholm Jr.,11.196666463216145,30,3300,NYY@LAA,NYY,LAA,IL,Oblique,,,,2B/UTIL
117414-82536,OF,Cedric,Cedric Mullins,Mullins,10.940815828284439,49,3300,STL@BAL,BAL,STL,DTD,Rest,,,,OF/UTIL
117414-17086,OF,Marcell,Marcell Ozuna,Ozuna,10.775999755859376,50,3300,ATL@PHI,ATL,PHI,,,,,,OF/UTIL
117414-68586,SS,Dansby,Dansby Swanson,Swanson,11.098182262073864,55,3300,COL@CHC,CHC,COL,,,,,,SS/UTIL
117414-79273,1B,Vladimir,Vladimir Guerrero Jr.,Guerrero Jr.,9.938889114945024,54,3300,TOR@TEX,TOR,TEX,,,,,,C/1B/UTIL
117414-135260,C,Logan,Logan O'Hoppe,O'Hoppe,9.520833333333334,48,3200,NYY@LAA,LAA,NYY,DTD,Head,,,,C/1B/UTIL
117414-102555,3B,Noelvi,Noelvi Marte,Marte,12.394736842105264,19,3200,CIN@KC,CIN,KC,IL,Oblique,,,,3B/UTIL
117414-203111,C/1B,Ben,Ben Rice,Rice,10.677083333333334,48,3200,NYY@LAA,NYY,LAA,,,,,,C/1B/UTIL
117414-119396,SS,Anthony,Anthony Volpe,Volpe,10.81886838517099,53,3200,NYY@LAA,NYY,LAA,,,,,,SS/UTIL
117414-12933,OF,Mike,Mike Trout,Trout,10.544827165274784,29,3200,NYY@LAA,LAA,NYY,IL,Knee,,,,OF/UTIL
117414-52175,1B,Matt,Matt Olson,Olson,10.632075471698114,53,3200,ATL@PHI,ATL,PHI,,,,,,C/1B/UTIL
117414-79092,OF,Ian,Ian Happ,Happ,10.684782608695652,46,3200,COL@CHC,CHC,COL,,,,,,OF/UTIL
117414-85261,OF,Randy,Randy Arozarena,Arozarena,10.599999521292892,51,3200,WSH@SEA,SEA,WSH,,,,,,OF/UTIL
117414-79175,OF,Trent,Trent Grisham,Grisham,10.008510508435839,47,3200,NYY@LAA,NYY,LAA,,,,,,OF/UTIL
117414-61553,3B,Yoan,Yoan Moncada,Moncada,10.325925473813657,27,3100,NYY@LAA,LAA,NYY,,,,,,3B/UTIL
117414-119395,OF,Jasson,Jasson Dominguez,Dominguez,10.315555826822917,45,3100,NYY@LAA,NYY,LAA,,,,,,OF/UTIL
117414-119420,C,Ivan,Ivan Herrera,Herrera,14.25652147376019,23,3100,STL@BAL,STL,BAL,,,,,,C/1B/UTIL
117414-119437,3B,Josh,Josh Jung,Jung,8.970212895819481,47,3100,TOR@TEX,TEX,TOR,,,,,,3B/UTIL
117414-154711,OF,Lars,Lars Nootbaar,Nootbaar,11.13773561873526,53,3100,STL@BAL,STL,BAL,,,,,,OF/UTIL
117414-79074,3B,Austin,Austin Riley,Riley,9.871698343528891,53,3100,ATL@PHI,ATL,PHI,,,,,,3B/UTIL
117414-21874,2B/3B,Jorge,Jorge Polanco,Polanco,10.258536734232088,41,3100,WSH@SEA,SEA,WSH,,,,,,2B/3B/UTIL
117414-101753,2B/SS/3B,Dylan,Dylan Moore,Moore,9.590244200171494,41,3100,WSH@SEA,SEA,WSH,,,,,,2B/3B/SS/UTIL
117414-163689,3B/2B/OF,Maikel,Maikel Garcia,Garcia,9.887500217982701,56,3100,CIN@KC,KC,CIN,,,,,,2B/3B/OF/UTIL
117414-12302,OF,Giancarlo,Giancarlo Stanton,Stanton,10.454263376635174,129,3000,NYY@LAA,NYY,LAA,IL,Elbow,,,,OF/UTIL
117414-198880,OF,Jordan,Jordan Beck,Beck,10.469565350076426,46,3000,COL@CHC,COL,CHC,,,,,,OF/UTIL
117414-119372,OF/3B/1B,Miguel,Miguel Vargas,Vargas,9.457692072941708,52,3000,CWS@NYM,CWS,NYM,,,,,,C/1B/3B/OF/UTIL
117414-13342,OF,Nick,Nick Castellanos,Castellanos,8.91296273690683,54,3000,ATL@PHI,PHI,ATL,,,,,,OF/UTIL
117414-79119,OF,Will,Will Benson,Benson,11.774999618530273,16,3000,CIN@KC,CIN,KC,,,,,,OF/UTIL
117414-85279,C,Miguel,Miguel Amaya,Amaya,10.67777732566551,27,3000,COL@CHC,CHC,COL,IL,Oblique,,,,C/1B/UTIL
117414-146716,C,Austin,Austin Wells,Wells,9.21489374688331,47,3000,NYY@LAA,NYY,LAA,,,,,,C/1B/UTIL
117414-79141,1B/OF,Ryan,Ryan O'Hearn,O'Hearn,10.935555691189236,45,3000,STL@BAL,BAL,STL,,,,,,C/1B/OF/UTIL
117414-21887,C/1B,Willson,Willson Contreras,Contreras,9.43725466260723,51,3000,STL@BAL,STL,BAL,,,,,,C/1B/UTIL
117414-102301,2B/SS,Nico,Nico Hoerner,Hoerner,10.368627211626839,51,3000,COL@CHC,CHC,COL,,,,,,2B/SS/UTIL
117414-119352,1B,Michael,Michael Busch,Busch,9.655769348144531,52,2900,COL@CHC,CHC,COL,,,,,,C/1B/UTIL
117414-23107,OF,Jorge,Jorge Soler,Soler,8.03,50,2900,NYY@LAA,LAA,NYY,,,,,,OF/UTIL
117414-16983,OF,George,George Springer,Springer,9.515999755859376,50,2900,TOR@TEX,TOR,TEX,,,,,,OF/UTIL
117414-82654,SS,Bo,Bo Bichette,Bichette,9.312962849934896,54,2900,TOR@TEX,TOR,TEX,,,,,,SS/UTIL
117414-82660,2B,Luis,Luis Garcia Jr.,Garcia Jr.,8.334042812915559,47,2900,WSH@SEA,WSH,SEA,,,,,,2B/UTIL
117414-82734,OF,Luis,Luis Robert Jr.,Robert Jr.,9.878431133195466,51,2900,CWS@NYM,CWS,NYM,,,,,,OF/UTIL
117414-68495,OF,Andrew,Andrew Benintendi,Benintendi,8.648275967301993,29,2900,CWS@NYM,CWS,NYM,,,,,,OF/UTIL
117414-85285,1B,Nathaniel,Nathaniel Lowe,Lowe,9,54,2900,WSH@SEA,WSH,SEA,,,,,,C/1B/UTIL
117414-197967,2B/SS,Jackson,Jackson Holliday,Holliday,8.88124974568685,48,2900,STL@BAL,BAL,STL,,,,,,2B/SS/UTIL
117414-197982,OF,Dylan,Dylan Crews,Crews,9.073333062065972,45,2900,WSH@SEA,WSH,SEA,IL,Oblique,,,,OF/UTIL
117414-85520,OF,Adolis,Adolis Garcia,Garcia,7.940000221946023,55,2900,TOR@TEX,TEX,TOR,,,,,,OF/UTIL
117414-165507,SS/2B,Matt,Matt McLain,McLain,9.293616761552526,47,2900,CIN@KC,CIN,KC,,,,,,2B/SS/UTIL
117414-163706,3B/2B/SS/OF,Brendan,Brendan Donovan,Donovan,10.188461303710938,52,2900,STL@BAL,STL,BAL,DTD,Hip,,,,2B/3B/SS/OF/UTIL
117414-102296,OF,TJ,TJ Friedl,Friedl,10.63653799203726,52,2900,CIN@KC,CIN,KC,,,,,,OF/UTIL
117414-135366,SS,Masyn,Masyn Winn,Winn,9.829545454545455,44,2800,STL@BAL,STL,BAL,,,,,,SS/UTIL
117414-119307,C,Adley,Adley Rutschman,Rutschman,7.617999877929687,50,2800,STL@BAL,BAL,STL,DTD,Head,,,,C/1B/UTIL
117414-82570,1B,Jake,Jake Burger,Burger,7.7800001356336805,45,2800,TOR@TEX,TEX,TOR,,,,,,C/1B/UTIL
117414-17097,OF,Brandon,Brandon Nimmo,Nimmo,8.57843137254902,51,2800,CWS@NYM,NYM,CWS,,,,,,OF/UTIL
117414-52179,SS,J.P.,J.P. Crawford,Crawford,8.941176470588236,51,2800,WSH@SEA,SEA,WSH,,,,,,SS/UTIL
117414-193598,1B,Nolan,Nolan Schanuel,Schanuel,8.434615501990685,52,2800,NYY@LAA,LAA,NYY,,,,,,C/1B/UTIL
117414-21705,2B,Marcus,Marcus Semien,Semien,5.93818192915483,55,2800,TOR@TEX,TEX,TOR,,,,,,2B/UTIL
117414-146667,3B/2B,Jordan,Jordan Westburg,Westburg,8.060869299847147,23,2800,STL@BAL,BAL,STL,IL,Hamstring,,,,2B/3B/UTIL
117414-79110,C,Tyler,Tyler Stephenson,Stephenson,9.19000015258789,20,2800,CIN@KC,CIN,KC,,,,,,C/1B/UTIL
117414-118120,C,Jonah,Jonah Heim,Heim,7.3522727272727275,44,2800,TOR@TEX,TEX,TOR,,,,,,C/1B/UTIL
117414-13719,3B,Nolan,Nolan Arenado,Arenado,9.175999755859374,50,2800,STL@BAL,STL,BAL,,,,,,3B/UTIL
117414-165527,OF/C/1B,Hunter,Hunter Goodman,Goodman,9.37962962962963,54,2800,COL@CHC,COL,CHC,,,,,,C/1B/OF/UTIL
117414-165571,1B,Vinnie,Vinnie Pasquantino,Pasquantino,8.539285932268415,56,2800,CIN@KC,KC,CIN,,,,,,C/1B/UTIL
117414-163674,SS,Ezequiel,Ezequiel Tovar,Tovar,8.914814701786748,27,2800,COL@CHC,COL,CHC,,,,,,SS/UTIL
117414-79884,OF,Anthony,Anthony Santander,Santander,7.054166793823242,48,2700,TOR@TEX,TOR,TEX,,,,,,OF/UTIL
117414-116841,2B/1B/OF,Sam,Sam Haggerty,Haggerty,6.946666463216146,15,2700,TOR@TEX,TEX,TOR,,,,,,C/1B/2B/OF/UTIL
117414-198935,OF,Victor,Victor Scott II,Scott II,9.586274390127144,51,2700,STL@BAL,STL,BAL,,,,,,OF/UTIL
117414-119376,3B/2B,Brett,Brett Baty,Baty,7.510810645850929,37,2700,CWS@NYM,NYM,CWS,,,,,,2B/3B/UTIL
117414-82580,OF,Jo,Jo Adell,Adell,6.657446678648603,47,2700,NYY@LAA,LAA,NYY,,,,,,OF/UTIL
117414-82593,C,Keibert,Keibert Ruiz,Ruiz,7.212500254313151,48,2700,WSH@SEA,WSH,SEA,,,,,,C/1B/UTIL
117414-82624,C,Sean,Sean Murphy,Murphy,9.35151533647017,33,2700,ATL@PHI,ATL,PHI,,,,,,C/1B/UTIL
117414-17139,C,J.T.,J.T. Realmuto,Realmuto,8.835555691189237,45,2700,ATL@PHI,PHI,ATL,,,,,,C/1B/UTIL
117414-68547,OF,Tyler,Tyler O'Neill,O'Neill,7.783333460489909,24,2700,STL@BAL,BAL,STL,IL,Shoulder,,,,OF/UTIL
117414-80847,OF,Mike,Mike Tauchman,Tauchman,10.425000190734863,8,2700,CWS@NYM,CWS,NYM,,,,,,OF/UTIL
117414-13266,C/1B,Salvador,Salvador Perez,Perez,7.079245513340212,53,2700,CIN@KC,KC,CIN,,,,,,C/1B/UTIL
117414-68589,2B/3B/OF,Amed,Amed Rosario,Rosario,7.914285932268415,28,2700,WSH@SEA,WSH,SEA,,,,,,2B/3B/OF/UTIL
117414-83155,OF,Ramon,Ramon Laureano,Laureano,7.391666836208767,36,2700,STL@BAL,BAL,STL,IL,Ankle,,,,OF/UTIL
117414-83191,C,Austin,Austin Wynns,Wynns,8.864705702837776,17,2700,CIN@KC,CIN,KC,,,,,,C/1B/UTIL
117414-146682,OF,Brenton,Brenton Doyle,Doyle,8.334042812915559,47,2700,COL@CHC,COL,CHC,,,,,,OF/UTIL
117414-21875,OF,Max,Max Kepler,Kepler,8.304081508091517,49,2700,ATL@PHI,PHI,ATL,,,,,,OF/UTIL
117414-165544,2B/3B/1B,Lenyn,Lenyn Sosa,Sosa,6.38076899601863,52,2700,CWS@NYM,CWS,NYM,,,,,,C/1B/2B/3B/UTIL
117414-165707,SS/3B/2B/1B/OF,Josh,Josh Smith,Smith,7.704166412353516,48,2700,TOR@TEX,TEX,TOR,,,,,,C/1B/2B/3B/SS/OF/UTIL
117414-38872,OF,Jesse,Jesse Winker,Winker,7.400000254313151,24,2700,CWS@NYM,NYM,CWS,IL,Oblique,,,,OF/UTIL
117414-102365,C,Francisco,Francisco Alvarez,Alvarez,6.4772727272727275,22,2700,CWS@NYM,NYM,CWS,,,,,,C/1B/UTIL
117414-102370,3B/1B,Alec,Alec Bohm,Bohm,8.109804041245404,51,2700,ATL@PHI,PHI,ATL,,,,,,C/1B/3B/UTIL
117414-79918,C,Kyle,Kyle Higashioka,Higashioka,5.423076923076923,26,2600,TOR@TEX,TEX,TOR,,,,,,C/1B/UTIL
117414-82615,3B,Mark,Mark Vientos,Vientos,7.800000249123086,49,2600,CWS@NYM,NYM,CWS,,,,,,3B/UTIL
117414-53994,1B,Josh,Josh Bell,Bell,6.495555284288194,45,2600,WSH@SEA,WSH,SEA,,,,,,C/1B/UTIL
117414-68587,2B,Ozzie,Ozzie Albies,Albies,8.658490450877064,53,2600,ATL@PHI,ATL,PHI,,,,,,2B/UTIL
117414-173078,OF,Alex,Alex Call,Call,7.368421052631579,38,2600,WSH@SEA,WSH,SEA,,,,,,OF/UTIL
117414-222287,SS/2B,Chase,Chase Meidroth,Meidroth,8.996874809265137,32,2600,CWS@NYM,CWS,NYM,,,,,,2B/SS/UTIL
117414-79082,1B,Ryan,Ryan Mountcastle,Mountcastle,6.402000122070312,50,2600,STL@BAL,BAL,STL,,,,,,C/1B/UTIL
117414-79160,OF,Alex,Alex Verdugo,Verdugo,8.109677222467237,31,2600,ATL@PHI,ATL,PHI,,,,,,OF/UTIL
117414-85307,2B/OF,Jeff,Jeff McNeil,McNeil,7.411538344163161,26,2600,CWS@NYM,NYM,CWS,,,,,,2B/OF/UTIL
117414-79165,2B/OF,Gavin,Gavin Lux,Lux,8.33,50,2600,CIN@KC,CIN,KC,,,,,,2B/OF/UTIL
117414-79247,3B/SS/2B/OF,Edmundo,Edmundo Sosa,Sosa,7,26,2600,ATL@PHI,PHI,ATL,,,,,,2B/3B/SS/OF/UTIL
117414-181662,OF,Nathan,Nathan Lukes,Lukes,7.089473523591694,38,2600,TOR@TEX,TOR,TEX,,,,,,OF/UTIL
117414-79277,1B,Rowdy,Rowdy Tellez,Tellez,7.1477272727272725,44,2600,WSH@SEA,SEA,WSH,,,,,,C/1B/UTIL
117414-101850,3B/2B/1B,Ramon,Ramon Urias,Urias,7.529411764705882,34,2600,STL@BAL,BAL,STL,,,,,,C/1B/2B/3B/UTIL
117414-136672,OF,Michael,Michael Harris II,Harris II,8.149056488612914,53,2600,ATL@PHI,ATL,PHI,,,,,,OF/UTIL
117414-181830,3B/OF,Addison,Addison Barger,Barger,6.857575850053267,33,2600,TOR@TEX,TOR,TEX,,,,,,3B/OF/UTIL
117414-102308,2B/3B/OF,Jonathan,Jonathan India,India,7.251020159040179,49,2600,CIN@KC,KC,CIN,,,,,,2B/3B/OF/UTIL
117414-79896,C,Luis,Luis Torrens,Torrens,6.299999815044981,33,2500,CWS@NYM,NYM,CWS,,,,,,C/1B/UTIL
117414-223299,3B,Ben,Ben Williamson,Williamson,6.525714111328125,35,2500,WSH@SEA,SEA,WSH,,,,,,3B/UTIL
117414-135314,2B/SS/3B,Ernie,Ernie Clement,Clement,5.240384615384615,52,2500,TOR@TEX,TOR,TEX,,,,,,2B/3B/SS/UTIL
117414-6312,1B/3B,Justin,Justin Turner,Turner,5.084374904632568,32,2500,COL@CHC,CHC,COL,,,,,,C/1B/3B/UTIL
117414-198877,3B,Matt,Matt Shaw,Shaw,8.784615149864784,26,2500,COL@CHC,CHC,COL,,,,,,3B/UTIL
117414-209172,1B,Andres,Andres Chaparro,Chaparro,8.481817996863162,33,2500,WSH@SEA,WSH,SEA,IL,Oblique,,,,C/1B/UTIL
117414-119326,3B/OF,Rece,Rece Hinds,Hinds,7.128571646554129,7,2500,CIN@KC,CIN,KC,,,,,,3B/OF/UTIL
117414-119337,1B/OF,Michael,Michael Toglia,Toglia,7.090565807414505,53,2500,COL@CHC,COL,CHC,,,,,,C/1B/OF/UTIL
117414-119354,SS/2B/OF,Kyren,Kyren Paris,Paris,7.616279069767442,43,2500,NYY@LAA,LAA,NYY,,,,,,2B/SS/OF/UTIL
117414-21074,OF,Michael A.,Michael A. Taylor,Taylor,5.002127789436503,47,2500,CWS@NYM,CWS,NYM,,,,,,OF/UTIL
117414-119444,C,Alejandro,Alejandro Kirk,Kirk,6.960464832394622,43,2500,TOR@TEX,TOR,TEX,,,,,,C/1B/UTIL
117414-164507,OF,Colton,Colton Cowser,Cowser,7.724999904632568,4,2500,STL@BAL,BAL,STL,IL,Thumb,,,,OF/UTIL
117414-113309,3B/2B/OF,Josh,Josh Rojas,Rojas,4.18947360390111,19,2500,CWS@NYM,CWS,NYM,,,,,,2B/3B/OF/UTIL
117414-119495,1B,Andrew,Andrew Vaughn,Vaughn,6.047916412353516,48,2500,CWS@NYM,CWS,NYM,,,,,,C/1B/UTIL
117414-119629,SS/2B,Luisangel,Luisangel Acuna,Acuna,6.276595744680851,47,2500,CWS@NYM,NYM,CWS,,,,,,2B/SS/UTIL
117414-68563,OF,Victor,Victor Robles,Robles,8.609999847412109,10,2500,WSH@SEA,SEA,WSH,IL,Shoulder,,,,OF/UTIL
117414-179272,OF/1B/2B,Spencer,Spencer Steer,Steer,7.777551144969706,49,2500,CIN@KC,CIN,KC,,,,,,C/1B/2B/OF/UTIL
117414-13423,OF,Starling,Starling Marte,Marte,6.402777777777778,36,2500,CWS@NYM,NYM,CWS,,,,,,OF/UTIL
117414-83173,C,Jose,Jose Trevino,Trevino,7.302703032622466,37,2500,CIN@KC,CIN,KC,,,,,,C/1B/UTIL
117414-146666,OF,Heston,Heston Kjerstad,Kjerstad,5.663830046958112,47,2500,STL@BAL,BAL,STL,,,,,,OF/UTIL
117414-197908,C,Pedro,Pedro Pages,Pages,7.17948717948718,39,2500,STL@BAL,STL,BAL,,,,,,C/1B/UTIL
117414-79263,OF,Leody,Leody Taveras,Taveras,6.143749872843425,48,2500,WSH@SEA,SEA,WSH,,,,,,OF/UTIL
117414-173548,2B,Michael,Michael Massey,Massey,4.9411764705882355,51,2500,CIN@KC,KC,CIN,,,,,,2B/UTIL
117414-13864,OF/1B,Joc,Joc Pederson,Pederson,4.673913043478261,46,2500,TOR@TEX,TEX,TOR,IL,Hand,,,,C/1B/OF/UTIL
117414-206383,2B/SS/OF,Brooks,Brooks Baldwin,Baldwin,5.604545593261719,44,2500,CWS@NYM,CWS,NYM,,,,,,2B/SS/OF/UTIL
117414-222858,C,Drake,Drake Baldwin,Baldwin,7.924242424242424,33,2500,ATL@PHI,ATL,PHI,,,,,,C/1B/UTIL
117414-165583,C,Edgar,Edgar Quero,Quero,6.106249809265137,32,2500,CWS@NYM,CWS,NYM,,,,,,C/1B/UTIL
117414-165710,OF,Evan,Evan Carter,Carter,7.590909090909091,11,2500,TOR@TEX,TEX,TOR,IL,Quadriceps,,,,OF/UTIL
117414-102288,OF,Drew,Drew Waters,Waters,6.997560826743522,41,2500,CIN@KC,KC,CIN,,,,,,OF/UTIL
117414-102415,2B/3B,Nolan,Nolan Gorman,Gorman,6.125806254725302,31,2400,STL@BAL,STL,BAL,,,,,,2B/3B/UTIL
117414-38973,OF,Tyrone,Tyrone Taylor,Taylor,6.283333460489909,48,2400,CWS@NYM,NYM,CWS,,,,,,OF/UTIL
117414-102485,OF,Kyle,Kyle Isbel,Isbel,5.425999755859375,50,2400,CIN@KC,KC,CIN,,,,,,OF/UTIL
117414-135282,OF,Joshua,Joshua Palacios,Palacios,5.3375,40,2400,CWS@NYM,CWS,NYM,,,,,,OF/UTIL
117414-116867,C,Tyler,Tyler Heineman,Heineman,7.842105263157895,19,2400,TOR@TEX,TOR,TEX,IL,Concussion,,,,C/1B/UTIL
117414-192649,OF/1B,Weston,Weston Wilson,Wilson,4.084615267240084,13,2400,ATL@PHI,PHI,ATL,,,,,,C/1B/OF/UTIL
117414-102577,2B/3B/OF,Santiago,Santiago Espinal,Espinal,6.5148938767453455,47,2400,CIN@KC,CIN,KC,,,,,,2B/3B/OF/UTIL
117414-102591,OF,Jake,Jake Fraley,Fraley,7.532142639160156,28,2400,CIN@KC,CIN,KC,IL,Calf,,,,OF/UTIL
117414-135364,OF,Jordan,Jordan Walker,Walker,7.154347958772079,46,2400,STL@BAL,STL,BAL,,,,,,OF/UTIL
117414-170350,OF,Dairon,Dairon Blanco,Blanco,5.650000254313151,6,2400,CIN@KC,KC,CIN,,,,,,OF/UTIL
117414-119313,OF,Matthew,Matthew Lugo,Lugo,7.571428571428571,14,2400,NYY@LAA,LAA,NYY,,,,,,OF/UTIL
117414-80462,SS/3B,Paul,Paul DeJong,DeJong,5.162499904632568,16,2400,WSH@SEA,WSH,SEA,IL,Orbital,,,,3B/SS/UTIL
117414-82617,2B,Andres,Andres Gimenez,Gimenez,8.399999830457899,36,2400,TOR@TEX,TOR,TEX,IL,Quadriceps,,,,2B/UTIL
117414-68514,3B,Ryan,Ryan McMahon,McMahon,7.955555668583623,54,2400,COL@CHC,COL,CHC,,,,,,3B/UTIL
117414-193863,OF,Jacob,Jacob Young,Young,5.634146341463414,41,2400,WSH@SEA,WSH,SEA,IL,Shoulder,,,,OF/UTIL
117414-79211,OF,Mickey,Mickey Moniak,Moniak,6.090384850135217,52,2400,COL@CHC,COL,CHC,,,,,,OF/UTIL
117414-38299,OF,Kevin,Kevin Pillar,Pillar,3.6849998474121093,20,2400,TOR@TEX,TEX,TOR,,,,,,OF/UTIL
117414-101817,2B/3B/SS,Luis,Luis Rengifo,Rengifo,5.251020159040179,49,2400,NYY@LAA,LAA,NYY,,,,,,2B/3B/SS/UTIL
117414-79400,OF,Dylan,Dylan Carlson,Carlson,4.905555725097656,18,2400,STL@BAL,BAL,STL,,,,,,OF/UTIL
117414-71217,C,Omar,Omar Narvaez,Narvaez,6.425000190734863,4,2400,CWS@NYM,CWS,NYM,,,,,,C/1B/UTIL
117414-165648,OF,Johan,Johan Rojas,Rojas,6.3076923076923075,39,2400,ATL@PHI,PHI,ATL,,,,,,OF/UTIL
117414-165693,OF/1B,Alec,Alec Burleson,Burleson,7.147825821586277,46,2400,STL@BAL,STL,BAL,,,,,,C/1B/OF/UTIL
117414-163695,2B,Jorbit,Jorbit Vivas,Vivas,4.115789313065378,19,2400,NYY@LAA,NYY,LAA,,,,,,2B/UTIL
117414-102363,OF/1B,Luke,Luke Raley,Raley,7.625,24,2400,WSH@SEA,SEA,WSH,IL,Oblique,,,,C/1B/OF/UTIL
117414-102418,OF,Eli,Eli White,White,7.509302183639171,43,2300,ATL@PHI,ATL,PHI,,,,,,OF/UTIL
117414-135284,C,Riley,Riley Adams,Adams,5.549999872843425,12,2300,WSH@SEA,WSH,SEA,,,,,,C/1B/UTIL
117414-209179,1B/2B/3B,Will,Will Wagner,Wagner,4.44000015258789,20,2300,TOR@TEX,TOR,TEX,IL,Foot,,,,C/1B/2B/3B/UTIL
117414-16946,1B,Jon,Jon Singleton,Singleton,6.964754198418289,122,2300,CWS@NYM,NYM,CWS,,,,,,C/1B/UTIL
117414-119365,SS/2B,Nasim,Nasim Nunez,Nunez,5.536841944644325,19,2300,WSH@SEA,WSH,SEA,,,,,,2B/SS/UTIL
117414-82553,OF,Jose,Jose Siri,Siri,4.95,10,2300,CWS@NYM,NYM,CWS,IL,Lower leg,,,,OF/UTIL
117414-164512,3B,Coby,Coby Mayo,Mayo,1.5,4,2300,STL@BAL,BAL,STL,,,,,,3B/UTIL
117414-13099,C,Travis,Travis d'Arnaud,d'Arnaud,4.858333269755046,24,2300,NYY@LAA,LAA,NYY,,,,,,C/1B/UTIL
117414-183092,OF,Jonatan,Jonatan Clase,Clase,7.354545593261719,11,2300,TOR@TEX,TOR,TEX,,,,,,OF/UTIL
117414-101276,2B/3B,Jon,Jon Berti,Berti,5.432257867628528,31,2300,COL@CHC,CHC,COL,,,,,,2B/3B/UTIL
117414-52182,C,Reese,Reese McGuire,McGuire,12.466667175292969,3,2300,COL@CHC,CHC,COL,,,,,,C/1B/UTIL
117414-68593,SS/2B/OF,Jorge,Jorge Mateo,Mateo,5.174073961046007,27,2300,STL@BAL,BAL,STL,,,,,,2B/SS/OF/UTIL
117414-212070,OF,Gustavo,Gustavo Campero,Campero,4.240000152587891,5,2300,NYY@LAA,LAA,NYY,IL,Ankle,,,,OF/UTIL
117414-13567,3B/1B/2B,DJ,DJ LeMahieu,LeMahieu,5.081818320534446,11,2300,NYY@LAA,NYY,LAA,,,,,,C/1B/2B/3B/UTIL
117414-85277,2B/OF/1B/3B,Cavan,Cavan Biggio,Biggio,3.573684290835732,38,2300,CIN@KC,KC,CIN,,,,,,C/1B/2B/3B/OF/UTIL
117414-79154,OF,Brandon,Brandon Marsh,Marsh,5.4499999152289496,36,2300,ATL@PHI,PHI,ATL,,,,,,OF/UTIL
117414-71182,3B/1B,Jeimer,Jeimer Candelario,Candelario,5.572727203369141,22,2300,CIN@KC,CIN,KC,IL,Back,,,,C/1B/3B/UTIL
117414-226832,1B,Tim,Tim Elko,Elko,7.530000305175781,10,2300,CWS@NYM,CWS,NYM,,,,,,C/1B/UTIL
117414-81511,2B/3B/SS,Kyle,Kyle Farmer,Farmer,5.936363913796165,44,2300,COL@CHC,COL,CHC,,,,,,2B/3B/SS/UTIL
117414-81622,C,Mitch,Mitch Garver,Garver,5.605555640326606,36,2300,WSH@SEA,SEA,WSH,,,,,,C/1B/UTIL
117414-165712,3B/OF,Dustin,Dustin Harris,Harris,4.206250190734863,16,2300,TOR@TEX,TEX,TOR,,,,,,3B/OF/UTIL
117414-163671,3B,Jose,Jose Tena,Tena,6.209090724135891,33,2300,WSH@SEA,WSH,SEA,,,,,,3B/UTIL
117414-102349,SS/2B,Leo,Leo Rivas,Rivas,5.837931139715787,29,2300,WSH@SEA,SEA,WSH,,,,,,2B/SS/UTIL
117414-180208,2B/3B/SS/OF,Miles,Miles Mastrobuoni,Mastrobuoni,4.5,40,2300,WSH@SEA,SEA,WSH,,,,,,2B/3B/SS/OF/UTIL
117414-135194,C,Freddy,Freddy Fermin,Fermin,4.838235294117647,34,2200,CIN@KC,KC,CIN,,,,,,C/1B/UTIL
117414-102488,3B/1B,Emmanuel,Emmanuel Rivera,Rivera,4.454999923706055,20,2200,STL@BAL,BAL,STL,,,,,,C/1B/3B/UTIL
117414-135308,OF,Robert,Robert Hassell III,Hassell III,4.3799999237060545,5,2200,WSH@SEA,WSH,SEA,,,,,,OF/UTIL
117414-102579,SS/2B,Leo,Leo Jimenez,Jimenez,6.251562595367432,64,2200,TOR@TEX,TOR,TEX,IL,Undisclosed,,,,2B/SS/UTIL
117414-145611,SS/2B/3B,Oswald,Oswald Peraza,Peraza,5.247058644014246,34,2200,NYY@LAA,NYY,LAA,,,,,,2B/3B/SS/UTIL
117414-116994,SS,Donovan,Donovan Walton,Walton,4.844444274902344,9,2200,CWS@NYM,NYM,CWS,,,,,,SS/UTIL
117414-119333,OF/2B,Tyler,Tyler Freeman,Freeman,5.387499809265137,16,2200,COL@CHC,COL,CHC,,,,,,2B/OF/UTIL
117414-16945,C,Gary,Gary Sanchez,Sanchez,2.9384615971491885,13,2200,STL@BAL,BAL,STL,IL,Wrist,,,,C/1B/UTIL
117414-119346,C,Korey,Korey Lee,Lee,4.4555553860134545,9,2200,CWS@NYM,CWS,NYM,,,,,,C/1B/UTIL
117414-80485,OF,Austin,Austin Slater,Slater,5.7000002179827005,14,2200,CWS@NYM,CWS,NYM,,,,,,OF/UTIL
117414-82563,2B/SS/OF,Garrett,Garrett Hampson,Hampson,4.842105263157895,19,2200,CIN@KC,CIN,KC,,,,,,2B/SS/OF/UTIL
117414-164498,2B,Ryan,Ryan Bliss,Bliss,6.427272449840199,11,2200,WSH@SEA,SEA,WSH,IL,Biceps,,,,2B/UTIL
117414-82586,OF,MJ,MJ Melendez,Melendez,3.456249952316284,16,2200,CIN@KC,KC,CIN,,,,,,OF/UTIL
117414-54068,OF,Hunter,Hunter Renfroe,Renfroe,3.5,36,2200,CIN@KC,KC,CIN,,,,,,OF/UTIL
117414-213853,C,J.C.,J.C. Escarra,Escarra,6.031578867059005,19,2200,NYY@LAA,NYY,LAA,,,,,,C/1B/UTIL
117414-183187,1B,Christian,Christian Encarnacion-Strand,Encarnacion-Strand,5.820000203450521,15,2200,CIN@KC,CIN,KC,IL,Back,,,,C/1B/UTIL
117414-97257,OF,Myles,Myles Straw,Straw,4.1636362942782315,44,2200,TOR@TEX,TOR,TEX,,,,,,OF/UTIL
117414-70665,C,Jacob,Jacob Stallings,Stallings,3.8074075204354747,27,2200,COL@CHC,COL,CHC,,,,,,C/1B/UTIL
117414-21666,OF/1B,Mark,Mark Canha,Canha,4.282142911638532,28,2200,CIN@KC,KC,CIN,,,,,,C/1B/OF/UTIL
117414-79218,SS/2B/3B,Kevin,Kevin Newman,Newman,3.1149999618530275,20,2200,NYY@LAA,LAA,NYY,,,,,,2B/3B/SS/UTIL
117414-226686,OF,Rhylan,Rhylan Thomas,Thomas,7.466666539510091,3,2200,WSH@SEA,SEA,WSH,,,,,,OF/UTIL
117414-101910,1B/OF,Connor,Connor Joe,Joe,3.231250047683716,16,2200,CIN@KC,CIN,KC,,,,,,C/1B/OF/UTIL
117414-222837,C,Moises,Moises Ballesteros,Ballesteros,7.019999694824219,5,2200,COL@CHC,CHC,COL,,,,,,C/1B/UTIL
117414-222879,OF,Alan,Alan Roden,Roden,4.425000054495675,28,2200,TOR@TEX,TOR,TEX,,,,,,OF/UTIL
117414-52995,C,Luke,Luke Maile,Maile,11.300000508626303,3,2200,CIN@KC,KC,CIN,,,,,,C/1B/UTIL
117414-202502,OF,Blake,Blake Dunn,Dunn,4.983333333333333,30,2200,CIN@KC,CIN,KC,,,,,,OF/UTIL
117414-169769,3B/SS/2B,Vinny,Vinny Capra,Capra,2.471428462437221,28,2200,CWS@NYM,CWS,NYM,,,,,,2B/3B/SS/UTIL
117414-159624,C,Yohel,Yohel Pozo,Pozo,6.1875,16,2200,STL@BAL,STL,BAL,,,,,,C/1B/UTIL
117414-102295,OF,Stuart,Stuart Fairchild,Fairchild,3.5700000762939452,20,2200,ATL@PHI,ATL,PHI,,,,,,OF/UTIL
117414-102307,2B/SS/OF,Jose,Jose Barrero,Barrero,3.6749998728434243,12,2200,STL@BAL,STL,BAL,,,,,,2B/SS/OF/UTIL
117414-102380,SS,Nick,Nick Allen,Allen,5.92173899774966,46,2200,ATL@PHI,ATL,PHI,,,,,,SS/UTIL
117414-102406,2B/SS/3B,Vidal,Vidal Brujan,Brujan,2.5647057925953582,17,2100,COL@CHC,CHC,COL,,,,,,2B/3B/SS/UTIL
117414-102413,1B,Luken,Luken Baker,Baker,3.7157893933747945,19,2100,STL@BAL,STL,BAL,,,,,,C/1B/UTIL
117414-135310,C,Chadwick,Chadwick Tromp,Tromp,1,3,2100,STL@BAL,BAL,STL,,,,,,C/1B/UTIL
117414-84471,OF,Nick,Nick Martini,Martini,3.631818251176314,44,2100,COL@CHC,COL,CHC,,,,,,OF/UTIL
117414-119325,2B/OF,Tyler,Tyler Callihan,Callihan,1.625,4,2100,CIN@KC,CIN,KC,IL,Forearm,,,,2B/OF/UTIL
117414-119335,3B/2B/SS,Aaron,Aaron Schunk,Schunk,2.0166667302449546,12,2100,COL@CHC,COL,CHC,,,,,,2B/3B/SS/UTIL
117414-119351,SS/2B/3B,Jake,Jake Amaya,Amaya,2.4323528514188877,34,2100,CWS@NYM,CWS,NYM,,,,,,2B/3B/SS/UTIL
117414-119401,C,Rafael,Rafael Marchan,Marchan,3.616666793823242,12,2100,ATL@PHI,PHI,ATL,,,,,,C/1B/UTIL
117414-119404,2B/3B,Nick,Nick Maton,Maton,4.32,25,2100,CWS@NYM,CWS,NYM,,,,,,2B/3B/UTIL
117414-82605,2B,Keston,Keston Hiura,Hiura,1.700000069358132,11,2100,COL@CHC,COL,CHC,,,,,,2B/UTIL
117414-119637,3B/OF,Ezequiel,Ezequiel Duran,Duran,1.8599999745686848,15,2100,TOR@TEX,TEX,TOR,,,,,,3B/OF/UTIL
117414-68525,3B/1B,J.D.,J.D. Davis,Davis,0.6,5,2100,NYY@LAA,LAA,NYY,,,,,,C/1B/3B/UTIL
117414-52147,1B/OF,Kris,Kris Bryant,Bryant,3.6272728659889917,11,2100,COL@CHC,COL,CHC,IL,Back,,,,C/1B/OF/UTIL
117414-211906,3B/2B/SS,Thomas,Thomas Saggese,Saggese,7.592857360839844,14,2100,STL@BAL,STL,BAL,,,,,,2B/3B/SS/UTIL
117414-189530,OF,Dominic,Dominic Canzone,Canzone,0,2,2100,WSH@SEA,SEA,WSH,,,,,,OF/UTIL
117414-13412,3B/1B,Donovan,Donovan Solano,Solano,2.133333379572088,33,2100,WSH@SEA,SEA,WSH,,,,,,C/1B/3B/UTIL
117414-60672,SS/2B,Tim,Tim Anderson,Anderson,3.8741934991651967,31,2100,NYY@LAA,LAA,NYY,,,,,,2B/SS/UTIL
117414-95776,2B/SS/3B/OF,Pablo,Pablo Reyes,Reyes,2.154999923706055,20,2100,NYY@LAA,NYY,LAA,,,,,,2B/3B/SS/OF/UTIL
117414-226907,OF,Alejandro,Alejandro Osuna,Osuna,5,3,2100,TOR@TEX,TEX,TOR,,,,,,OF/UTIL
117414-165530,SS/2B,Adael,Adael Amador,Amador,3.797059003044577,34,2100,COL@CHC,COL,CHC,,,,,,2B/SS/UTIL
117414-38561,OF/3B/2B,Chris,Chris Taylor,Taylor,1.559999974568685,30,2100,NYY@LAA,LAA,NYY,,,,,,2B/3B/OF/UTIL
117414-222886,C,Hayden,Hayden Senger,Senger,2.353846183189979,13,2100,CWS@NYM,NYM,CWS,,,,,,C/1B/UTIL
117414-165718,2B/OF,Samad,Samad Taylor,Taylor,1.5499999523162842,4,2100,WSH@SEA,SEA,WSH,,,,,,2B/OF/UTIL
117414-102309,OF,Michael,Michael Siani,Siani,1.5444444020589192,18,2100,STL@BAL,STL,BAL,,,,,,OF/UTIL
117414-192426,2B/OF,Davis,Davis Schneider,Schneider,3.089999961853027,10,2100,TOR@TEX,TOR,TEX,,,,,,2B/OF/UTIL
117414-102331,2B/SS/3B,Nicky,Nicky Lopez,Lopez,1.3105262957121198,19,2100,COL@CHC,CHC,COL,,,,,,2B/3B/SS/UTIL
117414-102398,OF,Jarred,Jarred Kelenic,Kelenic,4.278260935907778,23,2100,ATL@PHI,ATL,PHI,,,,,,OF/UTIL
117414-81924,2B/OF,Niko,Niko Goodrum,Goodrum,2.3384615091177134,13,2000,CWS@NYM,NYM,CWS,,,,,,2B/OF/UTIL
117414-102409,OF,Nick,Nick Schnell,Schnell,,0,2000,WSH@SEA,WSH,SEA,,,,,,OF/UTIL
117414-102410,C,Ronaldo,Ronaldo Hernandez,Hernandez,,0,2000,NYY@LAA,NYY,LAA,,,,,,C/1B/UTIL
117414-102425,SS,Orelvis,Orelvis Martinez,Martinez,1.5,2,2000,TOR@TEX,TOR,TEX,,,,,,SS/UTIL
117414-135195,C,Sebastian,Sebastian Rivero,Rivero,,0,2000,NYY@LAA,LAA,NYY,,,,,,C/1B/UTIL
117414-102427,3B,Jordan,Jordan Groshans,Groshans,,0,2000,CIN@KC,KC,CIN,,,,,,3B/UTIL
117414-135207,2B,Alex,Alex De Goti,De Goti,,0,2000,TOR@TEX,TEX,TOR,,,,,,2B/UTIL
117414-102451,OF,Brennen,Brennen Davis,Davis,0,2,2000,NYY@LAA,NYY,LAA,,,,,,OF/UTIL
117414-102452,OF,Nelson,Nelson Velazquez,Velazquez,7.760937690734863,64,2000,CIN@KC,KC,CIN,,,,,,OF/UTIL
117414-135223,C,Jakson,Jakson Reetz,Reetz,3.4625000953674316,8,2000,CWS@NYM,NYM,CWS,,,,,,C/1B/UTIL
117414-135227,2B,Jose,Jose Rojas,Rojas,,0,2000,NYY@LAA,NYY,LAA,,,,,,2B/UTIL
117414-172093,2B,Michael,Michael Stefanic,Stefanic,2.6000001089913503,7,2000,TOR@TEX,TOR,TEX,,,,,,2B/UTIL
117414-135239,2B/SS/3B,Rodolfo,Rodolfo Castro,Castro,0,2,2000,ATL@PHI,PHI,ATL,,,,,,2B/3B/SS/UTIL
117414-135242,C,P.J.,P.J. Higgins,Higgins,0,2,2000,CIN@KC,CIN,KC,,,,,,C/1B/UTIL
117414-135246,OF,Dominic,Dominic Fletcher,Fletcher,4.406944274902344,72,2000,CWS@NYM,CWS,NYM,,,,,,OF/UTIL
117414-135254,2B,Eddy,Eddy Alvarez,Alvarez,0.8857142584664481,14,2000,ATL@PHI,ATL,PHI,,,,,,2B/UTIL
117414-135263,C,Brian,Brian O'Keefe,O'Keefe,,0,2000,CIN@KC,KC,CIN,,,,,,C/1B/UTIL
117414-135267,2B,Kaden,Kaden Polcovich,Polcovich,,0,2000,WSH@SEA,SEA,WSH,,,,,,2B/UTIL
117414-102499,SS,Bryson,Bryson Brigman,Brigman,,0,2000,CIN@KC,CIN,KC,,,,,,SS/UTIL
117414-135265,1B,Austin,Austin Shenton,Shenton,4.7549999237060545,20,2000,WSH@SEA,SEA,WSH,,,,,,C/1B/UTIL
117414-135269,OF,Zach,Zach DeLoach,DeLoach,6.065217391304348,23,2000,CWS@NYM,CWS,NYM,,,,,,OF/UTIL
117414-157797,OF,Bryan,Bryan De La Cruz,De La Cruz,3.012500047683716,16,2000,NYY@LAA,NYY,LAA,,,,,,OF/UTIL
117414-102512,OF,Carlos,Carlos Rodriguez,Rodriguez,,0,2000,ATL@PHI,ATL,PHI,,,,,,OF/UTIL
117414-102519,3B,Andrew,Andrew Bechtold,Bechtold,,0,2000,ATL@PHI,PHI,ATL,,,,,,3B/UTIL
117414-102521,C,Josh,Josh Breaux,Breaux,,0,2000,ATL@PHI,PHI,ATL,,,,,,C/1B/UTIL
117414-116869,SS,Erick,Erick Mejia,Mejia,,0,2000,WSH@SEA,WSH,SEA,,,,,,SS/UTIL
117414-102537,OF,Everson,Everson Pereira,Pereira,0,3,2000,NYY@LAA,NYY,LAA,,,,,,OF/UTIL
117414-198803,3B,Damiano,Damiano Palmegiani,Palmegiani,,0,2000,TOR@TEX,TOR,TEX,,,,,,3B/UTIL
117414-184479,OF,Corey,Corey Julks,Julks,5.03582080442514,67,2000,CWS@NYM,CWS,NYM,,,,,,OF/UTIL
117414-102563,3B/2B/SS,Jonathan,Jonathan Ornelas,Ornelas,0.75,4,2000,ATL@PHI,ATL,PHI,,,,,,2B/3B/SS/UTIL
117414-198867,C,Samuel,Samuel Basallo,Basallo,,0,2000,STL@BAL,BAL,STL,,,,,,C/1B/UTIL
117414-198869,C,Kyle,Kyle Teel,Teel,,0,2000,CWS@NYM,CWS,NYM,,,,,,C/1B/UTIL
117414-198868,OF,Enrique,Enrique Bradfield Jr.,Bradfield Jr.,,0,2000,STL@BAL,BAL,STL,,,,,,OF/UTIL
117414-198878,3B,Sal,Sal Stewart,Stewart,,0,2000,CIN@KC,CIN,KC,,,,,,3B/UTIL
117414-198898,SS,Jett,Jett Williams,Williams,,0,2000,CWS@NYM,NYM,CWS,,,,,,SS/UTIL
117414-198903,OF,Drew,Drew Gilbert,Gilbert,,0,2000,CWS@NYM,NYM,CWS,,,,,,OF/UTIL
117414-198902,OF,Ryan,Ryan Clifford,Clifford,,0,2000,CWS@NYM,NYM,CWS,,,,,,OF/UTIL
117414-198900,OF,Spencer,Spencer Jones,Jones,,0,2000,NYY@LAA,NYY,LAA,IL,Ribs,,,,OF/UTIL
117414-198914,SS,Roderick,Roderick Arias,Arias,,0,2000,NYY@LAA,NYY,LAA,IL,Undisclosed,,,,SS/UTIL
117414-213262,C,Caleb,Caleb Knight,Knight,,0,2000,COL@CHC,CHC,COL,,,,,,C/1B/UTIL
117414-198931,SS,Felnin,Felnin Celesten,Celesten,,0,2000,WSH@SEA,SEA,WSH,,,,,,SS/UTIL
117414-198933,SS,Sebastian,Sebastian Walcott,Walcott,,0,2000,TOR@TEX,TEX,TOR,,,,,,SS/UTIL
117414-194908,SS/2B/3B,Tristan,Tristan Gray,Gray,1.4,15,2000,CWS@NYM,CWS,NYM,,,,,,2B/3B/SS/UTIL
117414-211306,2B,Darren,Darren Baker,Baker,3.355555640326606,9,2000,WSH@SEA,WSH,SEA,,,,,,2B/UTIL
117414-211345,2B,Michael,Michael Helman,Helman,2.3777777353922525,9,2000,TOR@TEX,TEX,TOR,,,,,,2B/UTIL
117414-180694,OF,Cade,Cade Marlowe,Marlowe,1.355555534362793,9,2000,WSH@SEA,SEA,WSH,IL,Undisclosed,,,,OF/UTIL
117414-135646,C,Carson,Carson Taylor,Taylor,,0,2000,ATL@PHI,PHI,ATL,IL,Undisclosed,,,,C/1B/UTIL
117414-119304,SS/2B,Braden,Braden Shewmake,Shewmake,3.406896656957166,29,2000,NYY@LAA,NYY,LAA,,,,,,2B/SS/UTIL
117414-119314,C,Ethan,Ethan Hearn,Hearn,,0,2000,COL@CHC,CHC,COL,,,,,,C/1B/UTIL
117414-219664,OF,Matt,Matt Koperniak,Koperniak,,0,2000,STL@BAL,STL,BAL,,,,,,OF/UTIL
117414-119320,2B,Chase,Chase Strumpf,Strumpf,,0,2000,COL@CHC,CHC,COL,,,,,,2B/UTIL
117414-119327,SS,Ivan,Ivan Johnson,Johnson,,0,2000,CIN@KC,CIN,KC,,,,,,SS/UTIL
117414-207395,C,Eric,Eric Yang,Yang,0,1,2000,CIN@KC,CIN,KC,,,,,,C/1B/UTIL
117414-158244,3B/2B,Yonny,Yonny Hernandez,Hernandez,,0,2000,CWS@NYM,NYM,CWS,,,,,,2B/3B/UTIL
117414-201253,OF,Joey,Joey Loperfido,Loperfido,6.10246898509838,81,2000,TOR@TEX,TOR,TEX,,,,,,OF/UTIL
117414-219699,C,Jesus,Jesus Rodriguez,Rodriguez,,0,2000,NYY@LAA,NYY,LAA,,,,,,C/1B/UTIL
117414-16951,3B,Anthony,Anthony Rendon,Rendon,7.038596705386513,57,2000,NYY@LAA,LAA,NYY,IL,Hip,,,,3B/UTIL
117414-219704,SS,Ben,Ben Cowles,Cowles,,0,2000,COL@CHC,CHC,COL,,,,,,SS/UTIL
117414-207434,3B,Luis,Luis De Los Santos,De Los Santos,2.8384616558368387,13,2000,CWS@NYM,NYM,CWS,,,,,,3B/UTIL
117414-80459,OF,Franchy,Franchy Cordero,Cordero,,0,2000,WSH@SEA,WSH,SEA,,,,,,OF/UTIL
117414-119390,OF,Kevin,Kevin Alcantara,Alcantara,2.066666603088379,3,2000,COL@CHC,CHC,COL,,,,,,OF/UTIL
117414-82531,C,Andy,Andy Yerzy,Yerzy,,0,2000,STL@BAL,STL,BAL,,,,,,C/1B/UTIL
117414-223870,C,Braxton,Braxton Fulford,Fulford,4.675000190734863,4,2000,COL@CHC,COL,CHC,,,,,,C/1B/UTIL
117414-82558,OF,Conner,Conner Capel,Capel,2.171428544180734,7,2000,ATL@PHI,ATL,PHI,,,,,,OF/UTIL
117414-119424,C,Julio E.,Julio E. Rodriguez,Rodriguez,,0,2000,WSH@SEA,SEA,WSH,,,,,,C/1B/UTIL
117414-82567,1B/OF,Ryan,Ryan Vilade,Vilade,4.027777777777778,18,2000,STL@BAL,STL,BAL,,,,,,C/1B/OF/UTIL
117414-176777,OF,Cal,Cal Stevenson,Stevenson,1.9,5,2000,ATL@PHI,PHI,ATL,,,,,,OF/UTIL
117414-119440,3B/2B,Davis,Davis Wendzel,Wendzel,1.8714286259242467,28,2000,CIN@KC,CIN,KC,,,,,,2B/3B/UTIL
117414-164501,SS,Cal,Cal Conley,Conley,,0,2000,ATL@PHI,ATL,PHI,,,,,,SS/UTIL
117414-203417,C,Nick,Nick Raposo,Raposo,,0,2000,WSH@SEA,SEA,WSH,,,,,,C/1B/UTIL
117414-119450,OF,Jeremy,Jeremy De La Rosa,De La Rosa,,0,2000,WSH@SEA,WSH,SEA,,,,,,OF/UTIL
117414-164505,OF,Hudson,Hudson Haskin,Haskin,,0,2000,STL@BAL,BAL,STL,,,,,,OF/UTIL
117414-82589,OF/1B,Nick,Nick Pratto,Pratto,0,2,2000,CIN@KC,KC,CIN,,,,,,C/1B/OF/UTIL
117414-164508,OF,Jesse,Jesse Franklin,Franklin,,0,2000,ATL@PHI,ATL,PHI,,,,,,OF/UTIL
117414-164514,SS,Maikol,Maikol Hernandez,Hernandez,,0,2000,STL@BAL,BAL,STL,,,,,,SS/UTIL
117414-21161,2B,Yolmer,Yolmer Sanchez,Sanchez,,0,2000,NYY@LAA,LAA,NYY,,,,,,2B/UTIL
117414-164527,SS,Cristian,Cristian Hernandez,Hernandez,,0,2000,COL@CHC,CHC,COL,,,,,,SS/UTIL
117414-164531,SS,Kevin,Kevin Made,Made,,0,2000,WSH@SEA,WSH,SEA,,,,,,SS/UTIL
117414-164528,SS,James,James Triantos,Triantos,,0,2000,COL@CHC,CHC,COL,,,,,,SS/UTIL
117414-82613,2B,Thairo,Thairo Estrada,Estrada,7.646874745686849,96,2000,COL@CHC,COL,CHC,IL,Wrist,,,,2B/UTIL
117414-164533,OF,Yohendrick,Yohendrick Pinango,Pinango,,0,2000,TOR@TEX,TOR,TEX,,,,,,OF/UTIL
117414-21183,C/1B,Carlos,Carlos Perez,Perez,,0,2000,COL@CHC,CHC,COL,,,,,,C/1B/UTIL
117414-82637,1B,Evan,Evan White,White,0,2,2000,NYY@LAA,LAA,NYY,IL,Hip,,,,C/1B/UTIL
117414-162509,1B/OF,Juan,Juan Yepez,Yepez,8.784127371651786,63,2000,WSH@SEA,WSH,SEA,,,,,,C/1B/OF/UTIL
117414-17105,C,Sandy,Sandy Leon,Leon,0,2,2000,ATL@PHI,ATL,PHI,,,,,,C/1B/UTIL
117414-103125,2B/SS/OF,Jack,Jack Lopez,Lopez,3.8551725190261315,29,2000,WSH@SEA,SEA,WSH,,,,,,2B/SS/OF/UTIL
117414-195289,OF,Cam,Cam Eden,Eden,,0,2000,NYY@LAA,NYY,LAA,IL,Undisclosed,,,,OF/UTIL
117414-82659,3B,Carter,Carter Kieboom,Kieboom,0,1,2000,NYY@LAA,LAA,NYY,,,,,,3B/UTIL
117414-17171,C,James,James McCann,McCann,7.277941086713006,68,2000,ATL@PHI,ATL,PHI,,,,,,C/1B/UTIL
117414-224021,3B,Otto,Otto Kemp,Kemp,,0,2000,ATL@PHI,PHI,ATL,,,,,,3B/UTIL
117414-199466,3B/1B,Trey,Trey Lipscomb,Lipscomb,3.066666603088379,3,2000,WSH@SEA,WSH,SEA,,,,,,C/1B/3B/UTIL
117414-176937,C,Chuckie,Chuckie Robinson,Robinson,1.976923135610727,26,2000,NYY@LAA,LAA,NYY,,,,,,C/1B/UTIL
117414-211757,OF,Bryce,Bryce Teodosio,Teodosio,1.2399999618530273,5,2000,NYY@LAA,LAA,NYY,,,,,,OF/UTIL
117414-119623,OF,Alex,Alex Ramirez,Ramirez,0,3,2000,CWS@NYM,NYM,CWS,,,,,,OF/UTIL
117414-119627,OF,Erick,Erick Pena,Pena,,0,2000,CIN@KC,KC,CIN,,,,,,OF/UTIL
117414-119636,SS,Alexander,Alexander Vargas,Vargas,,0,2000,NYY@LAA,NYY,LAA,,,,,,SS/UTIL
117414-174963,SS,Charles,Charles Leblanc,Leblanc,8.290908813476562,11,2000,ATL@PHI,ATL,PHI,IL,Undisclosed,,,,SS/UTIL
117414-209786,1B,Niko,Niko Kavadas,Kavadas,0,1,2000,NYY@LAA,LAA,NYY,,,,,,C/1B/UTIL
117414-203641,SS,Levi,Levi Jordan,Jordan,1.8142856870378767,7,2000,CIN@KC,CIN,KC,,,,,,SS/UTIL
117414-68538,2B,Franklin,Franklin Barreto,Barreto,,0,2000,STL@BAL,BAL,STL,IL,Undisclosed,,,,2B/UTIL
117414-52170,1B,Dominic,Dominic Smith,Smith,6.866666404149866,93,2000,NYY@LAA,NYY,LAA,,,,,,C/1B/UTIL
117414-68554,SS,Andrew,Andrew Velazquez,Velazquez,0,2,2000,NYY@LAA,NYY,LAA,,,,,,SS/UTIL
117414-13262,OF,Jurickson,Jurickson Profar,Profar,4.599999904632568,4,2000,ATL@PHI,ATL,PHI,NA,Suspension,,,,OF/UTIL
117414-13304,C,Tucker,Tucker Barnhart,Barnhart,2.142857142857143,7,2000,TOR@TEX,TEX,TOR,,,,,,C/1B/UTIL
117414-97291,2B,Harold,Harold Castro,Castro,,0,2000,CIN@KC,KC,CIN,IL,Undisclosed,,,,2B/UTIL
117414-13326,C,Christian,Christian Bethancourt,Bethancourt,5.056250095367432,64,2000,TOR@TEX,TOR,TEX,,,,,,C/1B/UTIL
117414-13343,2B,Dixon,Dixon Machado,Machado,,0,2000,COL@CHC,CHC,COL,,,,,,2B/UTIL
117414-171037,C,Jason,Jason Delay,Delay,6.400000095367432,8,2000,ATL@PHI,ATL,PHI,,,,,,C/1B/UTIL
117414-222286,OF,Braden,Braden Montgomery,Montgomery,,0,2000,CWS@NYM,CWS,NYM,,,,,,OF/UTIL
117414-171112,OF,Sean,Sean Bouchard,Bouchard,3.9322581137380292,31,2000,COL@CHC,COL,CHC,,,,,,OF/UTIL
117414-171128,3B/2B,Buddy,Buddy Kennedy,Kennedy,5.185714176722935,14,2000,ATL@PHI,PHI,ATL,,,,,,2B/3B/UTIL
117414-197764,C,Blake,Blake Hunt,Hunt,0,1,2000,WSH@SEA,SEA,WSH,,,,,,C/1B/UTIL
117414-197768,SS/3B,Luis,Luis Vazquez,Vazquez,1.223076893733098,13,2000,STL@BAL,BAL,STL,,,,,,3B/SS/UTIL
117414-83143,OF,Oscar,Oscar Mercado,Mercado,0,1,2000,ATL@PHI,PHI,ATL,,,,,,OF/UTIL
117414-195795,C,Chandler,Chandler Seagle,Seagle,,0,2000,ATL@PHI,ATL,PHI,,,,,,C/1B/UTIL
117414-226530,C,Maverick,Maverick Handley,Handley,1.6,10,2000,STL@BAL,BAL,STL,,,,,,C/1B/UTIL
117414-60649,C,Alex,Alex Jackson,Jackson,4.196551618904903,58,2000,NYY@LAA,NYY,LAA,,,,,,C/1B/UTIL
117414-109803,C,Austin,Austin Nola,Nola,0,1,2000,COL@CHC,COL,CHC,IL,Undisclosed,,,,C/1B/UTIL
117414-60652,2B,Christian,Christian Arroyo,Arroyo,,0,2000,ATL@PHI,PHI,ATL,,,,,,2B/UTIL
117414-146671,OF,Austin,Austin Hendrick,Hendrick,,0,2000,CIN@KC,CIN,KC,,,,,,OF/UTIL
117414-146674,OF,Owen,Owen Caissie,Caissie,,0,2000,COL@CHC,CHC,COL,,,,,,OF/UTIL
117414-146672,SS,Reginald,Reginald Preciado,Preciado,,0,2000,COL@CHC,CHC,COL,,,,,,SS/UTIL
117414-146673,SS,Ed,Ed Howard,Howard,,0,2000,COL@CHC,CHC,COL,,,,,,SS/UTIL
117414-146680,C,Drew,Drew Romo,Romo,4.737500190734863,16,2000,COL@CHC,COL,CHC,,,,,,C/1B/UTIL
117414-197881,OF,Yanquiel,Yanquiel Fernandez,Fernandez,0,1,2000,COL@CHC,COL,CHC,,,,,,OF/UTIL
117414-146681,OF,Zac,Zac Veen,Veen,4.100000063578288,12,2000,COL@CHC,COL,CHC,,,,,,OF/UTIL
117414-146690,3B/2B/1B,Nick,Nick Loftin,Loftin,6.349999904632568,2,2000,CIN@KC,KC,CIN,,,,,,C/1B/2B/3B/UTIL
117414-146694,SS,Arol,Arol Vera,Vera,,0,2000,NYY@LAA,LAA,NYY,,,,,,SS/UTIL
117414-197895,OF,Tyler,Tyler Gentry,Gentry,0,4,2000,CIN@KC,KC,CIN,,,,,,OF/UTIL
117414-146692,OF,David,David Calabrese,Calabrese,,0,2000,NYY@LAA,LAA,NYY,,,,,,OF/UTIL
117414-146693,OF,Alexander,Alexander Ramirez,Ramirez,,0,2000,NYY@LAA,LAA,NYY,,,,,,OF/UTIL
117414-79115,OF,Greg,Greg Allen,Allen,0,3,2000,COL@CHC,CHC,COL,,,,,,OF/UTIL
117414-146696,SS,Alex,Alex De Jesus,De Jesus,,0,2000,TOR@TEX,TOR,TEX,,,,,,SS/UTIL
117414-85268,1B,Joey,Joey Meneses,Meneses,7.273684049907484,76,2000,CWS@NYM,NYM,CWS,,,,,,C/1B/UTIL
117414-79128,C,Garrett,Garrett Stubbs,Stubbs,5.580701861465187,57,2000,ATL@PHI,PHI,ATL,,,,,,C/1B/UTIL
117414-79130,OF,Jose,Jose Azocar,Azocar,3.875,12,2000,CWS@NYM,NYM,CWS,,,,,,OF/UTIL
117414-197912,OF,Jacob,Jacob Hurtubise,Hurtubise,1.8000000317891438,12,2000,CIN@KC,CIN,KC,,,,,,OF/UTIL
117414-146735,OF,Roismar,Roismar Quintana,Quintana,,0,2000,WSH@SEA,WSH,SEA,,,,,,OF/UTIL
117414-146738,2B,Justin,Justin Foscue,Foscue,1.756250023841858,16,2000,TOR@TEX,TEX,TOR,,,,,,2B/UTIL
117414-79156,SS/2B,David,David Fletcher,Fletcher,2.1666666666666665,6,2000,ATL@PHI,ATL,PHI,,,,,,2B/SS/UTIL
117414-79174,C,Jacob,Jacob Nottingham,Nottingham,,0,2000,WSH@SEA,SEA,WSH,,,,,,C/1B/UTIL
117414-79189,2B,Travis,Travis Blankenhorn,Blankenhorn,2.9928572518484935,14,2000,NYY@LAA,LAA,NYY,IL,Undisclosed,,,,2B/UTIL
117414-181596,2B/3B,Jose,Jose Fermin,Fermin,2.434042585656998,47,2000,STL@BAL,STL,BAL,,,,,,2B/3B/UTIL
117414-79204,SS,Richie,Richie Martin,Martin,,0,2000,TOR@TEX,TEX,TOR,,,,,,SS/UTIL
117414-79213,SS,Scott,Scott Kingery,Kingery,0,2,2000,NYY@LAA,LAA,NYY,,,,,,SS/UTIL
117414-152972,2B/OF,Luke,Luke Williams,Williams,2.6285713740757535,7,2000,ATL@PHI,ATL,PHI,,,,,,2B/OF/UTIL
117414-118189,C,Ali,Ali Sanchez,Sanchez,3,1,2000,TOR@TEX,TOR,TEX,,,,,,C/1B/UTIL
117414-101811,OF,Sam,Sam Hilliard,Hilliard,7.791525630627648,59,2000,COL@CHC,COL,CHC,,,,,,OF/UTIL
117414-101821,1B,Edwin,Edwin Rios,Rios,1.8399999618530274,5,2000,CIN@KC,CIN,KC,,,,,,C/1B/UTIL
117414-226808,1B,Blaine,Blaine Crim,Crim,1.8399999618530274,5,2000,TOR@TEX,TEX,TOR,,,,,,C/1B/UTIL
117414-79387,3B,Jake,Jake Gatewood,Gatewood,,0,2000,NYY@LAA,NYY,LAA,,,,,,3B/UTIL
117414-181790,OF,Diego,Diego Hernandez,Hernandez,,0,2000,CIN@KC,KC,CIN,IL,Undisclosed,,,,OF/UTIL
117414-95772,C,Beau,Beau Taylor,Taylor,,0,2000,WSH@SEA,SEA,WSH,,,,,,C/1B/UTIL
117414-181797,3B,Warming,Warming Bernabel,Bernabel,,0,2000,COL@CHC,COL,CHC,,,,,,3B/UTIL
117414-222781,3B,Cam,Cam Collier,Collier,,0,2000,CIN@KC,CIN,KC,IL,Thumb,,,,3B/UTIL
117414-222795,SS,George,George Lombard Jr.,Lombard Jr.,,0,2000,NYY@LAA,NYY,LAA,,,,,,SS/UTIL
117414-222793,OF,Robert,Robert Calaz,Calaz,,0,2000,COL@CHC,COL,CHC,,,,,,OF/UTIL
117414-222792,OF,Charlie,Charlie Condon,Condon,,0,2000,COL@CHC,COL,CHC,,,,,,OF/UTIL
117414-167500,OF,Joey,Joey Wiemer,Wiemer,1.4476190294538225,21,2000,CIN@KC,KC,CIN,,,,,,OF/UTIL
117414-222806,1B,Jac,Jac Caglianone,Caglianone,,0,2000,CIN@KC,KC,CIN,,,,,,C/1B/UTIL
117414-222805,C,Blake,Blake Mitchell,Mitchell,,0,2000,CIN@KC,KC,CIN,IL,Wrist,,,,C/1B/UTIL
117414-179801,1B,Jared,Jared Young,Young,8.600000381469727,4,2000,CWS@NYM,NYM,CWS,,,,,,C/1B/UTIL
117414-222813,SS,Arjun,Arjun Nimmala,Nimmala,,0,2000,TOR@TEX,TOR,TEX,,,,,,SS/UTIL
117414-181856,3B,Andre,Andre Lipcius,Lipcius,,0,2000,CWS@NYM,CWS,NYM,,,,,,3B/UTIL
117414-226912,OF,John,John Rave,Rave,1.5,2,2000,CIN@KC,KC,CIN,,,,,,OF/UTIL
117414-222821,OF,Carson,Carson Benge,Benge,,0,2000,CWS@NYM,NYM,CWS,,,,,,OF/UTIL
117414-222831,SS,Jackson,Jackson Cluff,Cluff,,0,2000,WSH@SEA,WSH,SEA,,,,,,SS/UTIL
117414-222829,SS,Seaver,Seaver King,King,,0,2000,WSH@SEA,WSH,SEA,,,,,,SS/UTIL
117414-222835,C,Jimmy,Jimmy Crooks,Crooks,,0,2000,STL@BAL,STL,BAL,,,,,,C/1B/UTIL
117414-222839,SS,Colt,Colt Emerson,Emerson,,0,2000,WSH@SEA,SEA,WSH,,,,,,SS/UTIL
117414-222838,SS,Jefferson,Jefferson Rojas,Rojas,,0,2000,COL@CHC,CHC,COL,,,,,,SS/UTIL
117414-222836,SS,JJ,JJ Wetherholt,Wetherholt,,0,2000,STL@BAL,STL,BAL,,,,,,SS/UTIL
117414-222842,2B,Michael,Michael Arroyo,Arroyo,,0,2000,WSH@SEA,SEA,WSH,,,,,,2B/UTIL
117414-222841,OF,Lazaro,Lazaro Montes,Montes,,0,2000,WSH@SEA,SEA,WSH,,,,,,OF/UTIL
117414-222840,OF,Jonny,Jonny Farmelo,Farmelo,,0,2000,WSH@SEA,SEA,WSH,,,,,,OF/UTIL
117414-222847,OF,Justin,Justin Crawford,Crawford,,0,2000,ATL@PHI,PHI,ATL,,,,,,OF/UTIL
117414-118398,SS,Vimael,Vimael Machin,Machin,,0,2000,STL@BAL,BAL,STL,,,,,,SS/UTIL
117414-222844,SS,Cole,Cole Young,Young,,0,2000,WSH@SEA,SEA,WSH,,,,,,SS/UTIL
117414-222849,C,Eduardo,Eduardo Tait,Tait,,0,2000,ATL@PHI,PHI,ATL,,,,,,C/1B/UTIL
117414-222848,SS,Aidan,Aidan Miller,Miller,,0,2000,ATL@PHI,PHI,ATL,,,,,,SS/UTIL
117414-165510,OF,Jay,Jay Allen,Allen,,0,2000,CIN@KC,CIN,KC,,,,,,OF/UTIL
117414-165511,C,Mat,Mat Nelson,Nelson,,0,2000,CIN@KC,CIN,KC,,,,,,C/1B/UTIL
117414-165515,OF,Malvin,Malvin Valdez,Valdez,,0,2000,CIN@KC,CIN,KC,,,,,,OF/UTIL
117414-52878,OF,Billy,Billy McKinney,McKinney,4.254545385187322,11,2000,CWS@NYM,NYM,CWS,,,,,,OF/UTIL
117414-165517,OF,Ariel,Ariel Almonte,Almonte,,0,2000,CIN@KC,CIN,KC,,,,,,OF/UTIL
117414-222860,2B,Christian,Christian Moore,Moore,,0,2000,NYY@LAA,LAA,NYY,,,,,,2B/UTIL
117414-165526,OF,Benny,Benny Montgomery,Montgomery,,0,2000,COL@CHC,COL,CHC,,,,,,OF/UTIL
117414-165535,SS,Colson,Colson Montgomery,Montgomery,,0,2000,CWS@NYM,CWS,NYM,,,,,,SS/UTIL
117414-165532,3B,Julio,Julio Carreras,Carreras,0,1,2000,COL@CHC,COL,CHC,,,,,,3B/UTIL
117414-165533,3B,Wes,Wes Kath,Kath,,0,2000,CWS@NYM,CWS,NYM,,,,,,3B/UTIL
117414-165539,SS,Jose,Jose Rodriguez,Rodriguez,0,2,2000,ATL@PHI,PHI,ATL,NA,Suspension,,,,SS/UTIL
117414-165540,3B,Bryan,Bryan Ramos,Ramos,6.063636548591383,33,2000,CWS@NYM,CWS,NYM,,,,,,3B/UTIL
117414-163510,SS/2B,Diego A.,Diego A. Castillo,Castillo,7.900000095367432,4,2000,CIN@KC,KC,CIN,,,,,,2B/SS/UTIL
117414-222902,2B,Tyler,Tyler Tolbert,Tolbert,3.507692190317007,13,2000,CIN@KC,KC,CIN,,,,,,2B/UTIL
117414-165565,2B,Peyton,Peyton Wilson,Wilson,,0,2000,CIN@KC,KC,CIN,,,,,,2B/UTIL
117414-165574,SS,Daniel,Daniel Vazquez,Vazquez,,0,2000,CIN@KC,KC,CIN,,,,,,SS/UTIL
117414-165575,SS,Denzer,Denzer Guzman,Guzman,,0,2000,NYY@LAA,LAA,NYY,,,,,,SS/UTIL
117414-165579,C,Carter,Carter Jensen,Jensen,,0,2000,CIN@KC,KC,CIN,,,,,,C/1B/UTIL
117414-165576,SS,Adrian,Adrian Placencia,Placencia,,0,2000,NYY@LAA,LAA,NYY,,,,,,SS/UTIL
117414-165627,3B,Jaylen,Jaylen Palmer,Palmer,,0,2000,COL@CHC,CHC,COL,,,,,,3B/UTIL
117414-165629,1B,JT,JT Schwartz,Schwartz,,0,2000,CWS@NYM,NYM,CWS,,,,,,C/1B/UTIL
117414-202501,OF,Duke,Duke Ellis,Ellis,3.0166667302449546,12,2000,NYY@LAA,NYY,LAA,,,,,,OF/UTIL
117414-165646,C,Rickardo,Rickardo Perez,Perez,,0,2000,ATL@PHI,PHI,ATL,,,,,,C/1B/UTIL
117414-165647,OF,Ethan,Ethan Wilson,Wilson,,0,2000,ATL@PHI,PHI,ATL,,,,,,OF/UTIL
117414-206608,SS/2B,Nacho,Nacho Alvarez Jr.,Alvarez Jr.,2.2750000953674316,8,2000,ATL@PHI,ATL,PHI,IL,Wrist,,,,2B/SS/UTIL
117414-165663,SS,Victor,Victor Acosta,Acosta,,0,2000,CIN@KC,CIN,KC,,,,,,SS/UTIL
117414-165667,OF,Samuel,Samuel Zavala,Zavala,,0,2000,CWS@NYM,CWS,NYM,,,,,,OF/UTIL
117414-165675,SS,Edwin,Edwin Arroyo,Arroyo,,0,2000,CIN@KC,CIN,KC,,,,,,SS/UTIL
117414-165672,C,Harry,Harry Ford,Ford,,0,2000,WSH@SEA,SEA,WSH,,,,,,C/1B/UTIL
117414-165679,3B,Milkar,Milkar Perez,Perez,,0,2000,WSH@SEA,SEA,WSH,,,,,,3B/UTIL
117414-165681,3B,Starlin,Starlin Aguilar,Aguilar,,0,2000,WSH@SEA,SEA,WSH,,,,,,3B/UTIL
117414-165692,OF,Joshua,Joshua Baez,Baez,,0,2000,STL@BAL,STL,BAL,,,,,,OF/UTIL
117414-165711,SS,Cam,Cam Cauley,Cauley,,0,2000,TOR@TEX,TEX,TOR,,,,,,SS/UTIL
117414-165708,2B,Trevor,Trevor Hauver,Hauver,,0,2000,TOR@TEX,TEX,TOR,IL,Undisclosed,,,,2B/UTIL
117414-165709,OF,Yeison,Yeison Morrobel,Morrobel,,0,2000,TOR@TEX,TEX,TOR,,,,,,OF/UTIL
117414-165714,SS,Manuel,Manuel Beltre,Beltre,,0,2000,TOR@TEX,TOR,TEX,,,,,,SS/UTIL
117414-165713,OF,Aaron,Aaron Zavala,Zavala,,0,2000,TOR@TEX,TEX,TOR,,,,,,OF/UTIL
117414-165726,SS,Brady,Brady House,House,,0,2000,WSH@SEA,WSH,SEA,,,,,,SS/UTIL
117414-163679,3B,Joe,Joe Perez,Perez,,0,2000,CWS@NYM,CWS,NYM,,,,,,3B/UTIL
117414-165724,OF,Dasan,Dasan Brown,Brown,,0,2000,TOR@TEX,TOR,TEX,,,,,,OF/UTIL
117414-165725,OF,Daylen,Daylen Lile,Lile,1.5,4,2000,WSH@SEA,WSH,SEA,,,,,,OF/UTIL
117414-165730,C,Drew,Drew Millas,Millas,5.661904834565663,21,2000,WSH@SEA,WSH,SEA,,,,,,C/1B/UTIL
117414-165728,SS,Armando,Armando Cruz,Cruz,,0,2000,WSH@SEA,WSH,SEA,,,,,,SS/UTIL
117414-163686,3B/SS,Oswaldo,Oswaldo Cabrera,Cabrera,6.597142682756696,35,2000,NYY@LAA,NYY,LAA,IL,Ankle,,,,3B/SS/UTIL
117414-165732,1B,Branden,Branden Boissiere,Boissiere,,0,2000,WSH@SEA,WSH,SEA,,,,,,C/1B/UTIL
117414-163694,SS,Eddys,Eddys Leonard,Leonard,0,1,2000,ATL@PHI,ATL,PHI,,,,,,SS/UTIL
117414-163704,OF,Cooper,Cooper Hummel,Hummel,0.8571428571428571,7,2000,STL@BAL,BAL,STL,,,,,,OF/UTIL
117414-182170,OF,Oscar,Oscar Colas,Colas,4.228571483067104,14,2000,NYY@LAA,LAA,NYY,,,,,,OF/UTIL
117414-202657,1B,Tyler,Tyler Locklear,Locklear,5.006249904632568,16,2000,WSH@SEA,SEA,WSH,,,,,,C/1B/UTIL
117414-102317,SS,Terrin,Terrin Vavra,Vavra,,0,2000,STL@BAL,BAL,STL,,,,,,SS/UTIL
117414-102322,2B/3B,Nick,Nick Madrigal,Madrigal,2.823529411764706,51,2000,CWS@NYM,NYM,CWS,IL,Shoulder,,,,2B/3B/UTIL
117414-102337,OF,Seth,Seth Beer,Beer,,0,2000,ATL@PHI,PHI,ATL,,,,,,OF/UTIL
117414-102347,2B/SS/3B,Livan,Livan Soto,Soto,1.6133333841959636,15,2000,STL@BAL,BAL,STL,,,,,,2B/3B/SS/UTIL
117414-102346,OF,Jordyn,Jordyn Adams,Adams,6.215384850135217,13,2000,STL@BAL,BAL,STL,,,,,,OF/UTIL
117414-81869,C,Chad,Chad Wallach,Wallach,,0,2000,TOR@TEX,TEX,TOR,,,,,,C/1B/UTIL
117414-102348,SS,Jeremiah,Jeremiah Jackson,Jackson,,0,2000,STL@BAL,BAL,STL,,,,,,SS/UTIL
117414-171986,3B,Matthew,Matthew Batten,Batten,4.5,2,2000,ATL@PHI,ATL,PHI,,,,,,3B/UTIL
117414-24529,OF,Rafael,Rafael Ortega,Ortega,2.4866666158040363,15,2000,CWS@NYM,NYM,CWS,IL,Undisclosed,,,,OF/UTIL
117414-102352,C,Payton,Payton Henry,Henry,0,1,2000,ATL@PHI,PHI,ATL,,,,,,C/1B/UTIL
117414-200663,C,David,David Banuelos,Banuelos,0,1,2000,STL@BAL,BAL,STL,,,,,,C/1B/UTIL
117414-102356,OF,Gilberto,Gilberto Celestino,Celestino,,0,2000,CWS@NYM,NYM,CWS,,,,,,OF/UTIL
117414-102359,C,Will,Will Banfield,Banfield,,0,2000,CIN@KC,CIN,KC,,,,,,C/1B/UTIL
117414-102358,SS,Jose,Jose Devers,Devers,1.2399999618530273,5,2000,ATL@PHI,ATL,PHI,,,,,,SS/UTIL
117414-102360,OF,Connor,Connor Scott,Scott,,0,2000,CIN@KC,KC,CIN,IL,Undisclosed,,,,OF/UTIL
117414-102367,2B,Ronny,Ronny Mauricio,Mauricio,,0,2000,CWS@NYM,NYM,CWS,,,,,,2B/UTIL
117414-102390,OF,Travis,Travis Swaggerty,Swaggerty,,0,2000,CWS@NYM,NYM,CWS,,,,,,OF/UTIL