Id,Position,First Name,Nickname,Last Name,FPPG,Played,Salary,Game,Team,Opponent,Injury Indicator,Injury Details,Tier,Probable Pitcher,Batting Order,Roster Position
116646-16960,P,Zack,Zack Wheeler,Wheeler,42,8,11000,PHI@TB,PHI,TB,,,,,,P
116646-198625,P,Yoshinobu,Yoshinobu Yamamoto,Yamamoto,42.142857142857146,7,10800,LAD@ARI,LAD,ARI,,,,Yes,,P
116646-82550,P,Hunter,Hunter Greene,Greene,41,8,10600,CIN@ATL,CIN,ATL,DTD,Groin,,,,P
116646-79280,P,Jesus,Jesus Luzardo,Luzardo,39,7,10200,PHI@TB,PHI,TB,,,,Yes,,P
116646-162445,P,Spencer,Spencer Strider,Strider,24,1,10200,CIN@ATL,ATL,CIN,IL,Hamstring,,,,P
116646-52183,P,Tyler,Tyler Glasnow,Glasnow,21.2,5,10200,LAD@ARI,LAD,ARI,IL,Shoulder,,,,P
116646-68488,P,Blake,Blake Snell,Snell,19.5,2,10000,LAD@ARI,LAD,ARI,IL,Shoulder,,,,P
116646-12477,P,Chris,Chris Sale,Sale,31.375,8,9900,CIN@ATL,ATL,CIN,,,,,,P
116646-185606,P,Gavin,Gavin Stone,Stone,28.4,25,9900,LAD@ARI,LAD,ARI,IL,Shoulder,,,,P
116646-118225,P,Cristopher,Cristopher Sanchez,Sanchez,34.857142857142854,7,9700,PHI@TB,PHI,TB,,,,,,P
116646-53067,P,Chris,Chris Bassitt,Bassitt,32.714285714285715,7,9600,TOR@LAA,TOR,LAA,,,,Yes,,P
116646-82630,P,Shane,Shane Baz,Baz,29.428571428571427,7,9500,PHI@TB,TB,PHI,,,,,,P
116646-102344,P,Brady,Brady Singer,Singer,31.857142857142858,7,9400,CIN@ATL,CIN,ATL,,,,,,P
116646-102407,P,Shane,Shane McClanahan,McClanahan,0,1,9200,PHI@TB,TB,PHI,IL,Triceps,,,,P
116646-68491,P,Reynaldo,Reynaldo Lopez,Lopez,9,1,9200,CIN@ATL,ATL,CIN,IL,Shoulder,,,,P
116646-185701,P,Brandon,Brandon Pfaadt,Pfaadt,31.571428571428573,7,9100,LAD@ARI,ARI,LAD,,,,Yes,,P
116646-102343,P,Tony,Tony Gonsolin,Gonsolin,39.5,2,9100,LAD@ARI,LAD,ARI,,,,,,P
116646-83157,P,Ranger,Ranger Suarez,Suarez,8,1,8900,PHI@TB,PHI,TB,,,,,,P
116646-85251,P,Zac,Zac Gallen,Gallen,31.375,8,8900,LAD@ARI,ARI,LAD,,,,,,P
116646-68518,P,Spencer,Spencer Turnbull,Turnbull,18.529411764705884,17,8900,TOR@LAA,TOR,LAA,,,,,,P
116646-60647,P,Aaron,Aaron Nola,Nola,30.428571428571427,7,8800,PHI@TB,PHI,TB,,,,,,P
116646-165512,P,Andrew,Andrew Abbott,Abbott,32.6,5,8800,CIN@ATL,CIN,ATL,,,,,,P
116646-60639,P,Jose,Jose Berrios,Berrios,29.625,8,8700,TOR@LAA,TOR,LAA,,,,,,P
116646-164503,P,Spencer,Spencer Schwellenbach,Schwellenbach,29.571428571428573,7,8700,CIN@ATL,ATL,CIN,,,,Yes,,P
116646-38000,P,Kevin,Kevin Gausman,Gausman,29.714285714285715,7,8600,TOR@LAA,TOR,LAA,,,,,,P
116646-82594,P,Dustin,Dustin May,May,24.833333333333332,6,8600,LAD@ARI,LAD,ARI,,,,,,P
116646-82604,P,Corbin,Corbin Burnes,Burnes,26.833333333333332,6,8600,LAD@ARI,ARI,LAD,,,,,,P
116646-38246,P,Tyler,Tyler Anderson,Anderson,30.714285714285715,7,8500,TOR@LAA,LAA,TOR,,,,,,P
116646-52142,P,Eduardo,Eduardo Rodriguez,Rodriguez,26.285714285714285,7,8500,LAD@ARI,ARI,LAD,,,,,,P
116646-79207,P,Grant,Grant Holmes,Holmes,24.75,8,8400,CIN@ATL,ATL,CIN,,,,,,P
116646-5481,P,Max,Max Scherzer,Scherzer,6,1,8300,TOR@LAA,TOR,LAA,IL,Thumb,,,,P
116646-119329,P,Nick,Nick Lodolo,Lodolo,29.428571428571427,7,8300,CIN@ATL,CIN,ATL,,,,Yes,,P
116646-21097,P,Taijuan,Taijuan Walker,Walker,23.857142857142858,7,8300,PHI@TB,PHI,TB,,,,,,P
116646-119361,P,Drew,Drew Rasmussen,Rasmussen,24.428571428571427,7,8200,PHI@TB,TB,PHI,,,,,,P
116646-198879,P,Rhett,Rhett Lowder,Lowder,27,6,8000,CIN@ATL,CIN,ATL,IL,Forearm,,,,P
116646-102001,P,Yusei,Yusei Kikuchi,Kikuchi,25.75,8,8000,TOR@LAA,LAA,TOR,,,,,,P
116646-165698,P,Taj,Taj Bradley,Bradley,26.571428571428573,7,8000,PHI@TB,TB,PHI,,,,,,P
116646-194677,P,Easton,Easton Lucas,Lucas,19.5,4,7900,TOR@LAA,TOR,LAA,,,,,,P
116646-222787,P,Roki,Roki Sasaki,Sasaki,19.142857142857142,7,7900,LAD@ARI,LAD,ARI,,,,,,P
116646-163698,P,Bowden,Bowden Francis,Francis,19.142857142857142,7,7900,TOR@LAA,TOR,LAA,,,,,,P
116646-101881,P,Merrill,Merrill Kelly,Kelly,25.625,8,7800,LAD@ARI,ARI,LAD,,,,,,P
116646-83166,P,Zack,Zack Littell,Littell,23.285714285714285,7,7700,PHI@TB,TB,PHI,,,,,,P
116646-164509,P,AJ,AJ Smith-Shawver,Smith-Shawver,30.2,5,7700,CIN@ATL,ATL,CIN,,,,,,P
116646-102484,P,Brandon,Brandon Bielak,Bielak,5.375,16,7600,LAD@ARI,ARI,LAD,IL,Undisclosed,,,,P
116646-135647,P,Ryan,Ryan Pepiot,Pepiot,27.142857142857142,7,7600,PHI@TB,TB,PHI,,,,Yes,,P
116646-135229,P,Reid,Reid Detmers,Detmers,3.7,12,7500,TOR@LAA,LAA,TOR,,,,,,P
116646-5427,P,Clayton,Clayton Kershaw,Kershaw,19,7,7500,LAD@ARI,LAD,ARI,IL,Toe,,,,P
116646-119441,P,Alek,Alek Manoah,Manoah,27,6,7500,TOR@LAA,TOR,LAA,IL,Elbow,,,,P
116646-164497,P,Ryne,Ryne Nelson,Nelson,12.125,9,7500,LAD@ARI,ARI,LAD,,,,,,P
116646-135650,P,Landon,Landon Knack,Knack,17,4,7400,LAD@ARI,LAD,ARI,,,,,,P
116646-102345,P,Jose,Jose Soriano,Soriano,26.571428571428573,7,7300,TOR@LAA,LAA,TOR,,,,Yes,,P
116646-53590,P,Nick,Nick Martinez,Martinez,24.571428571428573,7,7200,CIN@ATL,CIN,ATL,,,,,,P
116646-197914,P,Nick,Nick Frasso,Frasso,0,2,7100,LAD@ARI,LAD,ARI,,,,,,P
116646-204505,P,Justin,Justin Wrobleski,Wrobleski,3,1,7100,LAD@ARI,LAD,ARI,,,,,,P
116646-102378,P,Matt,Matt Sauer,Sauer,18.666666666666668,3,7100,LAD@ARI,LAD,ARI,,,,,,P
116646-119355,P,Jack,Jack Kochanowicz,Kochanowicz,16.857142857142858,7,7000,TOR@LAA,LAA,TOR,,,,,,P
116646-79853,P,Jordan,Jordan Montgomery,Montgomery,17.16,25,7000,LAD@ARI,ARI,LAD,IL,Elbow,,,,P
116646-211069,P,Sam,Sam Aldegheri,Aldegheri,19.333333333333332,3,6900,TOR@LAA,LAA,TOR,,,,,,P
116646-102569,P,Michael,Michael Mercado,Mercado,5.4,5,6800,PHI@TB,PHI,TB,,,,,,P
116646-79078,P,Ian,Ian Anderson,Anderson,2.2857142857142856,7,6800,CIN@ATL,ATL,CIN,,,,,,P
116646-198934,P,Yariel,Yariel Rodriguez,Rodriguez,4.428571428571429,14,6800,TOR@LAA,TOR,LAA,,,,,,P
116646-12972,P,Wade,Wade Miley,Miley,6,2,6700,CIN@ATL,CIN,ATL,IL,Elbow,,,,P
116646-146664,P,Bryce,Bryce Elder,Elder,21.333333333333332,6,6600,CIN@ATL,ATL,CIN,,,,,,P
116646-119302,P,Blake,Blake Walston,Walston,12.571428571428571,7,6600,LAD@ARI,ARI,LAD,IL,Elbow,,,,P
116646-53398,P,Kyle,Kyle Hendricks,Hendricks,16.666666666666668,6,6500,TOR@LAA,LAA,TOR,,,,,,P
116646-60627,P,Touki,Touki Toussaint,Toussaint,9,1,6500,TOR@LAA,LAA,TOR,,,,,,P
116646-198891,P,Caden,Caden Dana,Dana,9,1,6500,TOR@LAA,LAA,TOR,,,,,,P
116646-53608,P,Jose,Jose Urena,Urena,8,2,6500,TOR@LAA,TOR,LAA,,,,,,P
116646-194242,P,Carson,Carson Spiers,Spiers,16.666666666666668,3,6500,CIN@ATL,CIN,ATL,IL,Shoulder,,,,P
116646-170174,P,Chase,Chase Silseth,Silseth,21,4,6400,TOR@LAA,LAA,TOR,,,,,,P
116646-194939,P,Joe,Joe Boyle,Boyle,42,1,6400,PHI@TB,TB,PHI,,,,,,P
116646-165508,P,Graham,Graham Ashcraft,Ashcraft,7.571428571428571,14,6400,CIN@ATL,CIN,ATL,,,,,,P
116646-170891,P,Davis,Davis Daniel,Daniel,6,1,6400,CIN@ATL,ATL,CIN,,,,,,P
116646-135245,P,Tommy,Tommy Henry,Henry,11,1,6300,LAD@ARI,ARI,LAD,,,,,,P
116646-79226,P,Eric,Eric Lauer,Lauer,9.5,2,6300,TOR@LAA,TOR,LAA,,,,,,P
116646-79254,P,Dakota,Dakota Hudson,Hudson,14.38888888888889,18,6300,TOR@LAA,LAA,TOR,,,,,,P
116646-135648,P,Bobby,Bobby Miller,Miller,12,1,6300,LAD@ARI,LAD,ARI,,,,,,P
116646-187967,P,Emmet,Emmet Sheehan,Sheehan,0,2,6300,LAD@ARI,LAD,ARI,IL,Elbow,,,,P
116646-181833,P,Darius,Darius Vines,Vines,7.25,4,6200,CIN@ATL,ATL,CIN,IL,Undisclosed,,,,P
116646-119416,P,Brandon,Brandon Williamson,Williamson,15.25,4,6200,CIN@ATL,CIN,ATL,IL,Elbow,,,,P
116646-204512,P,Yilber,Yilber Diaz,Diaz,3,1,6200,LAD@ARI,ARI,LAD,,,,,,P
116646-198872,P,Hurston,Hurston Waldrep,Waldrep,-4.5,2,6100,CIN@ATL,ATL,CIN,,,,,,P
116646-209958,P,Julian,Julian Aguiar,Aguiar,15.142857142857142,7,6000,CIN@ATL,CIN,ATL,IL,Elbow,,,,P
116646-165720,P,Ricky,Ricky Tiedemann,Tiedemann,,0,6000,TOR@LAA,TOR,LAA,IL,Elbow,,,,P
116646-209846,P,Ben,Ben Casparius,Casparius,13.416666666666666,12,6000,LAD@ARI,LAD,ARI,,,,,,P
116646-102342,P,Michael,Michael Grove,Grove,6.325,40,6000,LAD@ARI,LAD,ARI,IL,Shoulder,,,,P
116646-146728,P,Connor,Connor Phillips,Phillips,0,2,5900,CIN@ATL,CIN,ATL,IL,Shoulder,,,,P
116646-203266,P,Jake,Jake Bloss,Bloss,13.666666666666666,3,5900,TOR@LAA,TOR,LAA,IL,Elbow,,,,P
116646-52873,P,Joe,Joe Ross,Ross,6.583333333333333,13,5900,PHI@TB,PHI,TB,,,,,,P
116646-163675,P,Noah,Noah Davis,Davis,4,3,5900,LAD@ARI,LAD,ARI,,,,,,P
116646-158858,P,Justin,Justin Bruihl,Bruihl,2,7,5800,TOR@LAA,TOR,LAA,,,,,,P
116646-102487,P,Austin,Austin Cox,Cox,,0,5700,CIN@ATL,ATL,CIN,,,,,,P
116646-161275,P,Kyle,Kyle Tyler,Tyler,14.125,8,5700,PHI@TB,PHI,TB,,,,,,P
116646-119431,P,Seth,Seth Johnson,Johnson,-20,1,5700,PHI@TB,PHI,TB,,,,,,P
116646-82573,P,Alex,Alex Faedo,Faedo,8.054054054054054,37,5700,PHI@TB,TB,PHI,IL,Shoulder,,,,P
116646-164511,P,Dylan,Dylan Dodd,Dodd,6,1,5700,CIN@ATL,ATL,CIN,,,,,,P
116646-165600,P,Jake,Jake Eder,Eder,1.3333333333333333,3,5700,TOR@LAA,LAA,TOR,,,,,,P
116646-102462,P,Lyon,Lyon Richardson,Richardson,7.5,3,5600,CIN@ATL,CIN,ATL,,,,,,P
116646-82539,P,Jalen,Jalen Beeks,Beeks,6.176470588235294,17,5600,LAD@ARI,ARI,LAD,,,,,,P
116646-79873,P,Dylan,Dylan Covey,Covey,0,2,5500,CIN@ATL,ATL,CIN,,,,,,P
116646-226310,P,Jose,Jose Fermin,Fermin,3,5,5500,TOR@LAA,LAA,TOR,,,,,,P
116646-168965,P,Tanner,Tanner Banks,Banks,6.5,14,5500,PHI@TB,PHI,TB,,,,,,P
116646-135192,P,Ryan,Ryan Thompson,Thompson,4.2,15,5500,LAD@ARI,ARI,LAD,,,,,,P
116646-102426,P,Adam,Adam Kloffenstein,Kloffenstein,3,1,5500,TOR@LAA,TOR,LAA,IL,Shoulder,,,,P
116646-102428,P,Eric,Eric Pardinho,Pardinho,,0,5500,TOR@LAA,TOR,LAA,,,,,,P
116646-155687,P,Andrew,Andrew Wantz,Wantz,10,1,5500,PHI@TB,TB,PHI,IL,Elbow,,,,P
116646-82999,P,Scott,Scott Barlow,Barlow,3.7222222222222223,18,5500,CIN@ATL,CIN,ATL,,,,,,P
116646-190516,P,Daysbel,Daysbel Hernandez,Hernandez,5.75,16,5500,CIN@ATL,ATL,CIN,,,,,,P
116646-58434,P,Kendall,Kendall Graveman,Graveman,0,1,5500,LAD@ARI,ARI,LAD,IL,Back,,,,P
116646-11333,P,Craig,Craig Kimbrel,Kimbrel,5.803571428571429,57,5500,CIN@ATL,ATL,CIN,,,,,,P
116646-149587,P,Jay,Jay Flaa,Flaa,,0,5500,CIN@ATL,ATL,CIN,,,,,,P
116646-135249,P,Bryce,Bryce Jarvis,Jarvis,5.166666666666667,6,5500,LAD@ARI,ARI,LAD,,,,,,P
116646-135253,P,Alex,Alex Vesia,Vesia,6.2105263157894735,19,5500,LAD@ARI,LAD,ARI,,,,,,P
116646-102489,P,Carlos,Carlos Hernandez,Hernandez,3.3846153846153846,13,5500,PHI@TB,PHI,TB,,,,,,P
116646-135256,P,Connor,Connor Brogdon,Brogdon,3,1,5500,TOR@LAA,LAA,TOR,,,,,,P
116646-195682,P,Orion,Orion Kerkering,Kerkering,4.6875,16,5500,PHI@TB,PHI,TB,,,,,,P
116646-102501,P,Braydon,Braydon Fisher,Fisher,,0,5500,TOR@LAA,TOR,LAA,,,,,,P
116646-102505,P,Edwin,Edwin Uceta,Uceta,5.0625,16,5500,PHI@TB,TB,PHI,,,,,,P
116646-116847,P,Cole,Cole Sulser,Sulser,1.6666666666666667,3,5500,PHI@TB,TB,PHI,,,,,,P
116646-161907,P,Dylan,Dylan Lee,Lee,4.933333333333334,15,5500,CIN@ATL,ATL,CIN,,,,,,P
116646-85108,P,Enyel,Enyel De Los Santos,De Los Santos,6.133333333333334,15,5500,CIN@ATL,ATL,CIN,,,,,,P
116646-82039,P,Aaron,Aaron Wilkerson,Wilkerson,,0,5500,CIN@ATL,CIN,ATL,,,,,,P
116646-135289,P,Kodi,Kodi Whitley,Whitley,,0,5500,PHI@TB,TB,PHI,IL,Undisclosed,,,,P
116646-201853,P,Ryan,Ryan Loutos,Loutos,2.3333333333333335,3,5500,LAD@ARI,LAD,ARI,,,,,,P
116646-187521,P,Joe,Joe Jacques,Jacques,3,2,5500,LAD@ARI,LAD,ARI,,,,,,P
116646-135303,P,Jordan,Jordan Weems,Weems,3.575,41,5500,CIN@ATL,ATL,CIN,,,,,,P
116646-135306,P,Cole,Cole Wilcox,Wilcox,,0,5500,PHI@TB,TB,PHI,,,,,,P
116646-73869,P,Joe,Joe Mantiply,Mantiply,0.5,8,5500,LAD@ARI,ARI,LAD,,,,,,P
116646-102543,P,Connor,Connor Seabold,Seabold,,0,5500,PHI@TB,TB,PHI,,,,,,P
116646-135312,P,Kyle,Kyle Nelson,Nelson,3.727272727272727,11,5500,LAD@ARI,ARI,LAD,,,,,,P
116646-135313,P,Nick,Nick Sandlin,Sandlin,4.8,10,5500,TOR@LAA,TOR,LAA,IL,Lat,,,,P
116646-21653,P,Hector,Hector Neris,Neris,2.5,3,5500,TOR@LAA,LAA,TOR,,,,,,P
116646-152734,P,Zach,Zach Thompson,Thompson,10,2,5500,CIN@ATL,ATL,CIN,,,,,,P
116646-80033,P,Emilio,Emilio Pagan,Pagan,5.388888888888889,18,5500,CIN@ATL,CIN,ATL,,,,,,P
116646-80034,P,Jose,Jose Alvarado,Alvarado,7.3125,16,5500,PHI@TB,PHI,TB,,,,,,P
116646-12452,P,Kenley,Kenley Jansen,Jansen,3.7,10,5500,TOR@LAA,LAA,TOR,DTD,Illness,,,,P
116646-102565,P,Mason,Mason Englert,Englert,7.2,11,5500,PHI@TB,TB,PHI,,,,,,P
116646-195748,P,Kelvin,Kelvin Caceres,Caceres,0,2,5500,TOR@LAA,LAA,TOR,,,,,,P
116646-102570,P,Sandy,Sandy Gaston,Gaston,,0,5500,TOR@LAA,LAA,TOR,,,,,,P
116646-83116,P,Wander,Wander Suero,Suero,0,1,5500,CIN@ATL,ATL,CIN,,,,,,P
116646-209078,P,Max,Max Lazar,Lazar,4.2727272727272725,11,5500,PHI@TB,PHI,TB,,,,,,P
116646-102590,P,Joey,Joey Gerber,Gerber,,0,5500,PHI@TB,TB,PHI,,,,,,P
116646-135361,P,Nabil,Nabil Crismatt,Crismatt,7.8,5,5500,PHI@TB,PHI,TB,,,,,,P
116646-83145,P,Jose,Jose Castillo,Castillo,0.25,4,5500,LAD@ARI,ARI,LAD,,,,,,P
116646-206028,P,River,River Ryan,Ryan,28,4,5500,LAD@ARI,LAD,ARI,IL,Elbow,,,,P
116646-38106,P,Kirby,Kirby Yates,Yates,7.555555555555555,19,5500,LAD@ARI,LAD,ARI,,,,,,P
116646-79067,P,Alex,Alex Young,Young,4.529411764705882,17,5500,CIN@ATL,CIN,ATL,IL,Elbow,,,,P
116646-79066,P,Anthony,Anthony Banda,Banda,4.9411764705882355,17,5500,LAD@ARI,LAD,ARI,,,,,,P
116646-83172,P,Jonathan,Jonathan Hernandez,Hernandez,6.448275862068965,29,5500,PHI@TB,TB,PHI,IL,Undisclosed,,,,P
116646-205032,P,Daniel,Daniel Robert,Robert,8.75,4,5500,PHI@TB,PHI,TB,,,,,,P
116646-79084,P,Tanner,Tanner Scott,Scott,5.111111111111111,18,5500,LAD@ARI,LAD,ARI,,,,,,P
116646-60656,P,Jeff,Jeff Hoffman,Hoffman,7.3125,16,5500,TOR@LAA,TOR,LAA,,,,,,P
116646-197877,P,Cristian,Cristian Mena,Mena,3,1,5500,LAD@ARI,ARI,LAD,,,,,,P
116646-197884,P,Yoniel,Yoniel Curet,Curet,0,1,5500,PHI@TB,TB,PHI,IL,Shoulder,,,,P
116646-194816,P,Kyle,Kyle Hurt,Hurt,8.666666666666666,5,5500,LAD@ARI,LAD,ARI,IL,Elbow,,,,P
116646-85255,P,Shaun,Shaun Anderson,Anderson,5.666666666666667,6,5500,TOR@LAA,LAA,TOR,,,,,,P
116646-198920,P,Dylan,Dylan Lesko,Lesko,,0,5500,PHI@TB,TB,PHI,,,,,,P
116646-197906,P,Royber,Royber Salinas,Salinas,0,1,5500,CIN@ATL,ATL,CIN,IL,Shoulder,,,,P
116646-225559,P,Juan,Juan Morillo,Morillo,5.428571428571429,7,5500,LAD@ARI,ARI,LAD,,,,,,P
116646-79124,P,Joe,Joe Jimenez,Jimenez,5.855072463768116,70,5500,CIN@ATL,ATL,CIN,IL,Knee,,,,P
116646-65817,P,Scott,Scott McGough,McGough,6,1,5500,LAD@ARI,ARI,LAD,,,,,,P
116646-146717,P,Mick,Mick Abel,Abel,,0,5500,PHI@TB,PHI,TB,,,,,,P
116646-116002,P,Joel,Joel Kuhnel,Kuhnel,5,6,5500,PHI@TB,PHI,TB,,,,,,P
116646-85286,P,Ian,Ian Gibaut,Gibaut,3.9166666666666665,12,5500,CIN@ATL,CIN,ATL,IL,Shoulder,,,,P
116646-146730,P,Nick,Nick Bitsko,Bitsko,,0,5500,PHI@TB,TB,PHI,IL,Undisclosed,,,,P
116646-79144,P,Scott,Scott Blewett,Blewett,9.875,8,5500,CIN@ATL,ATL,CIN,,,,,,P
116646-85288,P,Brusdar,Brusdar Graterol,Graterol,4.4,10,5500,LAD@ARI,LAD,ARI,IL,Shoulder,,,,P
116646-79150,P,Josh,Josh Staumont,Staumont,4.12,25,5500,CIN@ATL,CIN,ATL,IL,Undisclosed,,,,P
116646-146740,P,CJ,CJ Van Eyk,Van Eyk,,0,5500,TOR@LAA,TOR,LAA,,,,,,P
116646-203075,P,Michael,Michael Petersen,Petersen,9,1,5500,CIN@ATL,ATL,CIN,,,,,,P
116646-170323,P,Nick,Nick Vespi,Vespi,4.7272727272727275,11,5500,PHI@TB,PHI,TB,,,,,,P
116646-118106,P,Victor,Victor Gonzalez,Gonzalez,3.1481481481481484,27,5500,TOR@LAA,LAA,TOR,,,,,,P
116646-79196,P,Albert,Albert Abreu,Abreu,,0,5500,CIN@ATL,CIN,ATL,,,,,,P
116646-38240,P,Rafael,Rafael Montero,Montero,4.923076923076923,13,5500,CIN@ATL,ATL,CIN,,,,,,P
116646-79209,P,A.J.,A.J. Puk,Puk,6.375,8,5500,LAD@ARI,ARI,LAD,IL,Elbow,,,,P
116646-135530,P,Brett,Brett de Geus,de Geus,2.1538461538461537,13,5500,PHI@TB,PHI,TB,,,,,,P
116646-38251,P,Hunter,Hunter Strickland,Strickland,4.619718309859155,72,5500,TOR@LAA,LAA,TOR,,,,,,P
116646-79220,P,Kevin,Kevin Gowdy,Gowdy,,0,5500,TOR@LAA,TOR,LAA,,,,,,P
116646-159099,P,Connor,Connor Overton,Overton,0,2,5500,TOR@LAA,TOR,LAA,,,,,,P
116646-225666,P,Paxton,Paxton Schultz,Schultz,22,2,5500,TOR@LAA,TOR,LAA,,,,,,P
116646-61858,P,Raisel,Raisel Iglesias,Iglesias,6,14,5500,CIN@ATL,ATL,CIN,,,,,,P
116646-118184,P,Enoli,Enoli Paredes,Paredes,5.944444444444445,18,5500,CIN@ATL,ATL,CIN,,,,,,P
116646-118195,P,Tejay,Tejay Antone,Antone,4.5,6,5500,CIN@ATL,CIN,ATL,IL,Elbow,,,,P
116646-219568,P,Rolddy,Rolddy Munoz,Munoz,,0,5500,CIN@ATL,ATL,CIN,,,,,,P
116646-158134,P,Stephen,Stephen Ridings,Ridings,,0,5500,LAD@ARI,LAD,ARI,,,,,,P
116646-101819,P,Jose,Jose Suarez,Suarez,12.333333333333334,3,5500,CIN@ATL,ATL,CIN,,,,,,P
116646-188863,P,Randy,Randy Wynne,Wynne,15,1,5500,CIN@ATL,CIN,ATL,,,,,,P
116646-40382,P,Luis,Luis Garcia,Garcia,4.777777777777778,18,5500,LAD@ARI,LAD,ARI,,,,,,P
116646-101825,P,Jose,Jose Quijada,Quijada,5.5,22,5500,TOR@LAA,LAA,TOR,,,,,,P
116646-219586,P,Ian,Ian Seymour,Seymour,,0,5500,PHI@TB,TB,PHI,,,,,,P
116646-101826,P,Jordan,Jordan Holloway,Holloway,,0,5500,TOR@LAA,LAA,TOR,,,,,,P
116646-118217,P,Manuel,Manuel Rodriguez,Rodriguez,5.0625,16,5500,PHI@TB,TB,PHI,,,,,,P
116646-118221,P,J.P.,J.P. Feyereisen,Feyereisen,3,3,5500,LAD@ARI,LAD,ARI,,,,,,P
116646-118224,P,Garrett,Garrett Cleavinger,Cleavinger,6.285714285714286,14,5500,PHI@TB,TB,PHI,,,,,,P
116646-101846,P,Erik,Erik Swanson,Swanson,3.977272727272727,45,5500,TOR@LAA,TOR,LAA,IL,Forearm,,,,P
116646-101851,P,Brock,Brock Burke,Burke,4.928571428571429,14,5500,TOR@LAA,LAA,TOR,,,,,,P
116646-80346,P,Giovanny,Giovanny Gallegos,Gallegos,4.842105263157895,21,5500,LAD@ARI,LAD,ARI,IL,Undisclosed,,,,P
116646-182750,P,Andrew,Andrew Painter,Painter,,0,5500,PHI@TB,PHI,TB,,,,,,P
116646-101854,P,Jacob,Jacob Waguespack,Waguespack,11.25,4,5500,PHI@TB,TB,PHI,,,,,,P
116646-185847,P,Garrett,Garrett Acton,Acton,,0,5500,PHI@TB,TB,PHI,,,,,,P
116646-119299,P,Drey,Drey Jameson,Jameson,2,3,5500,LAD@ARI,ARI,LAD,,,,,,P
116646-219658,P,Jack,Jack Dashwood,Dashwood,,0,5500,TOR@LAA,LAA,TOR,,,,,,P
116646-95757,P,Andrew,Andrew Vasquez,Vasquez,,0,5500,TOR@LAA,LAA,TOR,,,,,,P
116646-138767,P,Jesus,Jesus Cruz,Cruz,,0,5500,TOR@LAA,LAA,TOR,,,,,,P
116646-170514,P,Jose,Jose Cuas,Cuas,4.833333333333333,13,5500,PHI@TB,PHI,TB,,,,,,P
116646-101904,P,Jordan,Jordan Romano,Romano,2.1538461538461537,14,5500,PHI@TB,PHI,TB,,,,,,P
116646-162328,P,Reiver,Reiver Sanmartin,Sanmartin,0,2,5500,CIN@ATL,CIN,ATL,,,,,,P
116646-79390,P,Michael,Michael Kopech,Kopech,6.302631578947368,77,5500,LAD@ARI,LAD,ARI,IL,Shoulder,,,,P
116646-95774,P,Jeff,Jeff Brigham,Brigham,,0,5500,LAD@ARI,ARI,LAD,,,,,,P
116646-210475,P,Ryan,Ryan Zeferjahn,Zeferjahn,7,14,5500,TOR@LAA,LAA,TOR,,,,,,P
116646-5673,P,Jesse,Jesse Chavez,Chavez,6,2,5500,CIN@ATL,ATL,CIN,,,,,,P
116646-178743,P,Nicholas,Nicholas Padilla,Padilla,,0,5500,PHI@TB,PHI,TB,,,,,,P
116646-219700,P,Luis,Luis Mey,Mey,7.5,4,5500,CIN@ATL,CIN,ATL,,,,,,P
116646-219707,P,Jean,Jean Cabrera,Cabrera,,0,5500,PHI@TB,PHI,TB,,,,,,P
116646-219705,P,Moises,Moises Chace,Chace,,0,5500,PHI@TB,PHI,TB,,,,,,P
116646-222782,P,Chase,Chase Burns,Burns,,0,5500,CIN@ATL,CIN,ATL,,,,,,P
116646-181831,P,Yosver,Yosver Zulueta,Zulueta,3.5,2,5500,CIN@ATL,CIN,ATL,,,,,,P
116646-222790,P,Jose,Jose Rodriguez,Rodriguez,,0,5500,LAD@ARI,LAD,ARI,,,,,,P
116646-181828,P,Kolton,Kolton Ingram,Ingram,,0,5500,CIN@ATL,ATL,CIN,,,,,,P
116646-222789,P,Jackson,Jackson Ferris,Ferris,,0,5500,LAD@ARI,LAD,ARI,,,,,,P
116646-72265,P,Matt,Matt Strahm,Strahm,5.235294117647059,17,5500,PHI@TB,PHI,TB,,,,,,P
116646-219722,P,Jack,Jack Dreyer,Dreyer,7.6,15,5500,LAD@ARI,LAD,ARI,,,,,,P
116646-219726,P,Joe,Joe Elbis,Elbis,,0,5500,LAD@ARI,ARI,LAD,IL,Undisclosed,,,,P
116646-181836,P,Justin,Justin Martinez,Martinez,5.454545454545454,12,5500,LAD@ARI,ARI,LAD,IL,Shoulder,,,,P
116646-81488,P,Jose,Jose Ruiz,Ruiz,4.083333333333333,12,5500,PHI@TB,PHI,TB,IL,Neck,,,,P
116646-73301,P,Brent,Brent Suter,Suter,6.7272727272727275,11,5500,CIN@ATL,CIN,ATL,,,,,,P
116646-150107,P,Tommy,Tommy Nance,Nance,4.65,20,5500,TOR@LAA,TOR,LAA,,,,,,P
116646-225880,P,Nathan,Nathan Wiles,Wiles,-3,1,5500,CIN@ATL,ATL,CIN,,,,,,P
116646-80476,P,Jackson,Jackson Stephens,Stephens,4.333333333333333,3,5500,CIN@ATL,ATL,CIN,,,,,,P
116646-222814,P,Trey,Trey Yesavage,Yesavage,,0,5500,TOR@LAA,TOR,LAA,,,,,,P
116646-85600,P,Ryan,Ryan Burr,Burr,5.705882352941177,34,5500,TOR@LAA,TOR,LAA,IL,Shoulder,,,,P
116646-81507,P,Aaron,Aaron Bummer,Bummer,6.75,12,5500,CIN@ATL,ATL,CIN,,,,,,P
116646-119397,P,TJ,TJ Sikkema,Sikkema,,0,5500,CIN@ATL,CIN,ATL,IL,Undisclosed,,,,P
116646-119398,P,Yoendrys,Yoendrys Gomez,Gomez,6.5,9,5500,LAD@ARI,LAD,ARI,,,,,,P
116646-180848,P,Angel,Angel Felipe,Felipe,0,2,5500,TOR@LAA,LAA,TOR,IL,Elbow,,,,P
116646-82549,P,Brendon,Brendon Little,Little,6.555555555555555,19,5500,TOR@LAA,TOR,LAA,,,,,,P
116646-82552,P,Tony,Tony Santillan,Santillan,5.166666666666667,18,5500,CIN@ATL,CIN,ATL,,,,,,P
116646-222855,P,Ty,Ty Johnson,Johnson,,0,5500,PHI@TB,TB,PHI,,,,,,P
116646-222854,P,Brody,Brody Hopkins,Hopkins,,0,5500,PHI@TB,TB,PHI,,,,,,P
116646-119433,P,JJ,JJ Goss,Goss,,0,5500,PHI@TB,TB,PHI,,,,,,P
116646-222859,P,Cam,Cam Caminiti,Caminiti,,0,5500,CIN@ATL,ATL,CIN,DTD,Forearm,,,,P
116646-110219,P,Sean,Sean Poppen,Poppen,,0,5500,TOR@LAA,LAA,TOR,,,,,,P
116646-222857,P,Jackson,Jackson Baumeister,Baumeister,,0,5500,PHI@TB,TB,PHI,,,,,,P
116646-12939,P,Casey,Casey Kelly,Kelly,9.5,2,5500,LAD@ARI,ARI,LAD,,,,,,P
116646-222856,P,Trevor,Trevor Harrison,Harrison,,0,5500,PHI@TB,TB,PHI,,,,,,P
116646-190092,P,Devin,Devin Sweet,Sweet,,0,5500,PHI@TB,PHI,TB,,,,,,P
116646-12943,P,Shelby,Shelby Miller,Miller,7.533333333333333,15,5500,LAD@ARI,ARI,LAD,,,,,,P
116646-165528,P,Joe,Joe Rock,Rock,,0,5500,PHI@TB,TB,PHI,,,,,,P
116646-220834,P,Nate,Nate Lavender,Lavender,,0,5500,PHI@TB,TB,PHI,IL,Elbow,,,,P
116646-222881,P,Ryan,Ryan Johnson,Johnson,5.461538461538462,13,5500,TOR@LAA,LAA,TOR,,,,,,P
116646-38563,P,Yimi,Yimi Garcia,Garcia,5.4375,16,5500,TOR@LAA,TOR,LAA,,,,,,P
116646-220838,P,Garrett,Garrett McDaniels,McDaniels,2.9,10,5500,TOR@LAA,LAA,TOR,IL,Biceps,,,,P
116646-220837,P,Evan,Evan Reifert,Reifert,,0,5500,PHI@TB,TB,PHI,,,,,,P
116646-220836,P,Angel,Angel Bastardo,Bastardo,,0,5500,TOR@LAA,TOR,LAA,IL,Elbow,,,,P
116646-17065,P,Blake,Blake Treinen,Treinen,5.625,8,5500,LAD@ARI,LAD,ARI,IL,Forearm,,,,P
116646-220842,P,Eiberson,Eiberson Castellano,Castellano,,0,5500,PHI@TB,PHI,TB,IL,Undisclosed,,,,P
116646-163507,P,Alan,Alan Rangel,Rangel,,0,5500,PHI@TB,PHI,TB,,,,,,P
116646-222898,P,Mason,Mason Fluharty,Fluharty,6.461538461538462,14,5500,TOR@LAA,TOR,LAA,,,,,,P
116646-211632,P,Mason,Mason Montgomery,Montgomery,4.642857142857143,14,5500,PHI@TB,TB,PHI,,,,,,P
116646-114356,P,Kevin,Kevin Ginkel,Ginkel,5.5,4,5500,LAD@ARI,ARI,LAD,,,,,,P
116646-14006,P,Brian,Brian Moran,Moran,,0,5500,CIN@ATL,ATL,CIN,,,,,,P
116646-165577,P,Sam,Sam Bachman,Bachman,0,2,5500,TOR@LAA,LAA,TOR,IL,Shoulder,,,,P
116646-81614,P,Thyago,Thyago Vieira,Vieira,6.111111111111111,28,5500,LAD@ARI,ARI,LAD,O,Elbow,,,,P
116646-222928,P,Michael,Michael Darrell-Hicks,Darrell-Hicks,3.8333333333333335,6,5500,TOR@LAA,LAA,TOR,,,,,,P
116646-165595,P,Maddux,Maddux Bruns,Bruns,,0,5500,LAD@ARI,LAD,ARI,IL,Back,,,,P
116646-112348,P,Cody,Cody Stashak,Stashak,,0,5500,PHI@TB,PHI,TB,,,,,,P
116646-181985,P,Guillo,Guillo Zuniga,Zuniga,4.214285714285714,15,5500,PHI@TB,PHI,TB,,,,,,P
116646-187105,P,Joe,Joe La Sorsa,La Sorsa,4.25,16,5500,CIN@ATL,CIN,ATL,,,,,,P
116646-187110,P,Ben,Ben Joyce,Joyce,2.6,5,5500,TOR@LAA,LAA,TOR,IL,Shoulder,,,,P
116646-212709,P,Edgardo,Edgardo Henriquez,Henriquez,5.666666666666667,6,5500,LAD@ARI,LAD,ARI,IL,Foot,,,,P
116646-81641,P,John,John Curtiss,Curtiss,-0.6666666666666666,3,5500,LAD@ARI,ARI,LAD,,,,,,P
116646-181992,P,Jose,Jose Hernandez,Hernandez,4,8,5500,LAD@ARI,LAD,ARI,,,,,,P
116646-165618,P,Chase,Chase Petty,Petty,-11,1,5500,CIN@ATL,CIN,ATL,,,,,,P
116646-182005,P,Kevin,Kevin Kelly,Kelly,3,5,5500,PHI@TB,TB,PHI,IL,Thigh,,,,P
116646-84731,P,Evan,Evan Phillips,Phillips,5,7,5500,LAD@ARI,LAD,ARI,IL,Forearm,,,,P
116646-165628,P,Josh,Josh Walker,Walker,9,3,5500,TOR@LAA,TOR,LAA,,,,,,P
116646-194320,P,Andrew,Andrew Saalfrank,Saalfrank,-4.5,3,5500,LAD@ARI,ARI,LAD,NA,Suspension,,,,P
116646-165674,P,Adam,Adam Macko,Macko,0,1,5500,TOR@LAA,TOR,LAA,O,Knee,,,,P
116646-163641,P,Ray,Ray Kerr,Kerr,11.2,10,5500,CIN@ATL,ATL,CIN,IL,Elbow,,,,P
116646-163654,P,Alexis,Alexis Diaz,Diaz,0.5,6,5500,CIN@ATL,CIN,ATL,,,,,,P
116646-84815,P,Joey,Joey Krehbiel,Krehbiel,,0,5500,PHI@TB,TB,PHI,,,,,,P
116646-204624,P,Eric,Eric Orze,Orze,6.111111111111111,9,5500,PHI@TB,TB,PHI,,,,,,P
116646-204631,P,Hunter,Hunter Bigge,Bigge,5.3076923076923075,13,5500,PHI@TB,TB,PHI,IL,Lat,,,,P
116646-165719,P,Irv,Irv Carter,Carter,,0,5500,TOR@LAA,TOR,LAA,,,,,,P
116646-165722,P,Chad,Chad Dallas,Dallas,,0,5500,TOR@LAA,TOR,LAA,IL,Undisclosed,,,,P
116646-213851,P,Domingo,Domingo Gonzalez,Gonzalez,,0,5500,CIN@ATL,ATL,CIN,,,,,,P
116646-163673,P,Jorge,Jorge Juan,Juan,,0,5500,CIN@ATL,ATL,CIN,,,,,,P
116646-189299,P,Victor,Victor Mederos,Mederos,9,1,5500,TOR@LAA,LAA,TOR,,,,,,P
116646-68469,P,Adam,Adam Plutko,Plutko,,0,5500,CIN@ATL,CIN,ATL,,,,,,P
116646-70517,P,Chad,Chad Green,Green,4.647058823529412,17,5500,TOR@LAA,TOR,LAA,,,,,,P
116646-68476,P,Taylor,Taylor Rogers,Rogers,4.285714285714286,15,5500,CIN@ATL,CIN,ATL,,,,,,P
116646-82836,P,Julian,Julian Fernandez,Fernandez,,0,5500,LAD@ARI,LAD,ARI,,,,,,P
116646-80791,P,Alan,Alan Busenitz,Busenitz,1,3,5500,CIN@ATL,CIN,ATL,,,,,,P
116646-68510,P,Amir,Amir Garrett,Garrett,6.666666666666667,8,5500,TOR@LAA,TOR,LAA,IL,Undisclosed,,,,P
116646-68515,P,Sam,Sam Moll,Moll,-1,3,5500,CIN@ATL,CIN,ATL,IL,Shoulder,,,,P
116646-102314,P,Lenny,Lenny Torres,Torres,,0,5500,CIN@ATL,CIN,ATL,,,,,,P
116646-108461,P,Pete,Pete Fairbanks,Fairbanks,5.666666666666667,15,5500,PHI@TB,TB,PHI,,,,,,P
116646-52148,P,Pierce,Pierce Johnson,Johnson,5.785714285714286,14,5500,CIN@ATL,ATL,CIN,,,,,,P
116646-52152,P,Robert,Robert Stephenson,Stephenson,0,2,5500,TOR@LAA,LAA,TOR,IL,Elbow,,,,P
116646-68556,P,Dillon,Dillon Tate,Tate,5.6,5,5500,TOR@LAA,TOR,LAA,,,,,,P
116646-193498,P,John,John McMillon,McMillon,9,10,5500,PHI@TB,PHI,TB,,,,,,P
116646-70629,P,Jacob,Jacob Barnes,Barnes,2.5,6,5500,TOR@LAA,TOR,LAA,,,,,,P
116646-210936,P,Evan,Evan Kravetz,Kravetz,2,1,5500,CIN@ATL,CIN,ATL,,,,,,P
116646-102399,P,Sam,Sam Carlson,Carlson,,0,5500,LAD@ARI,LAD,ARI,,,,,,P
116646-82440,OF,Shohei,Shohei Ohtani,Ohtani,16.385714285714286,35,4600,LAD@ARI,LAD,ARI,,,,,,OF/UTIL
116646-60631,OF,Kyle,Kyle Schwarber,Schwarber,14.450000339084202,36,4400,PHI@TB,PHI,TB,,,,,,OF/UTIL
116646-119297,OF,Corbin,Corbin Carroll,Carroll,15.216216216216216,37,4300,LAD@ARI,ARI,LAD,,,,,,OF/UTIL
116646-11334,1B,Freddie,Freddie Freeman,Freeman,15.3500002347506,26,4200,LAD@ARI,LAD,ARI,,,,,,C/1B/UTIL
116646-39151,2B/SS/OF,Mookie,Mookie Betts,Betts,11.694117826573988,34,4000,LAD@ARI,LAD,ARI,,,,,,2B/SS/OF/UTIL
116646-12948,1B,Bryce,Bryce Harper,Harper,11.88611094156901,36,3900,PHI@TB,PHI,TB,,,,,,C/1B/UTIL
116646-73023,OF,Teoscar,Teoscar Hernandez,Hernandez,13.824242794152463,33,3700,LAD@ARI,LAD,ARI,IL,Groin,,,,OF/UTIL
116646-165513,SS,Elly,Elly De La Cruz,De La Cruz,12.697368421052632,38,3700,CIN@ATL,CIN,ATL,,,,,,SS/UTIL
116646-79756,OF,Ronald,Ronald Acuna Jr.,Acuna Jr.,11.634693379304847,49,3700,CIN@ATL,ATL,CIN,IL,Knee,,,,OF/UTIL
116646-81953,OF,Austin,Austin Hays,Hays,17.576923076923077,13,3600,CIN@ATL,CIN,ATL,IL,Hamstring,,,,OF/UTIL
116646-102438,SS,Geraldo,Geraldo Perdomo,Perdomo,12.91351318359375,37,3600,LAD@ARI,ARI,LAD,,,,,,SS/UTIL
116646-108450,SS/2B/OF,Tommy,Tommy Edman,Edman,11.826666259765625,30,3500,LAD@ARI,LAD,ARI,IL,Ankle,,,,2B/SS/OF/UTIL
116646-17086,OF,Marcell,Marcell Ozuna,Ozuna,10.293939763849432,33,3400,CIN@ATL,ATL,CIN,,,,,,OF/UTIL
116646-79074,3B,Austin,Austin Riley,Riley,10.936111450195312,36,3300,CIN@ATL,ATL,CIN,,,,,,3B/UTIL
116646-21853,2B,Ketel,Ketel Marte,Marte,7.06923088660607,13,3300,LAD@ARI,ARI,LAD,,,,,,2B/UTIL
116646-79273,1B,Vladimir,Vladimir Guerrero Jr.,Guerrero Jr.,9.677777608235678,36,3300,TOR@LAA,TOR,LAA,,,,,,C/1B/UTIL
116646-12933,OF,Mike,Mike Trout,Trout,10.544827165274784,29,3300,TOR@LAA,LAA,TOR,IL,Knee,,,,OF/UTIL
116646-185300,SS,Zach,Zach Neto,Neto,13.42352923224954,17,3300,TOR@LAA,LAA,TOR,,,,,,SS/UTIL
116646-21633,3B,Eugenio,Eugenio Suarez,Suarez,10.391891891891891,37,3200,LAD@ARI,ARI,LAD,,,,,,3B/UTIL
116646-102555,3B,Noelvi,Noelvi Marte,Marte,12.394736842105264,19,3200,CIN@ATL,CIN,ATL,IL,Oblique,,,,3B/UTIL
116646-79110,C,Tyler,Tyler Stephenson,Stephenson,10.433333079020182,6,3200,CIN@ATL,CIN,ATL,,,,,,C/1B/UTIL
116646-146695,OF,Andy,Andy Pages,Pages,10.032353120691637,34,3100,LAD@ARI,LAD,ARI,,,,,,OF/UTIL
116646-79401,C,Will,Will Smith,Smith,10.231034903690732,29,3100,LAD@ARI,LAD,ARI,,,,,,C/1B/UTIL
116646-16983,OF,George,George Springer,Springer,10.312120842211174,33,3100,TOR@LAA,TOR,LAA,,,,,,OF/UTIL
116646-119405,2B/SS,Bryson,Bryson Stott,Stott,10.463635993726326,33,3100,PHI@TB,PHI,TB,,,,,,2B/SS/UTIL
116646-165507,SS/2B,Matt,Matt McLain,McLain,10.151723927464978,29,3100,CIN@ATL,CIN,ATL,,,,,,2B/SS/UTIL
116646-163662,1B,Jonathan,Jonathan Aranda,Aranda,10.396875381469727,32,3100,PHI@TB,TB,PHI,,,,,,C/1B/UTIL
116646-52175,1B,Matt,Matt Olson,Olson,10.202777438693577,36,3100,CIN@ATL,ATL,CIN,,,,,,C/1B/UTIL
116646-79884,OF,Anthony,Anthony Santander,Santander,7.811428397042411,35,3000,TOR@LAA,TOR,LAA,,,,,,OF/UTIL
116646-65881,SS,Trea,Trea Turner,Turner,11.002941355985755,34,3000,PHI@TB,PHI,TB,,,,,,SS/UTIL
116646-79223,1B,Josh,Josh Naylor,Naylor,11.419444613986546,36,3000,LAD@ARI,ARI,LAD,,,,,,C/1B/UTIL
116646-82624,C,Sean,Sean Murphy,Murphy,11.295237949916295,21,3000,CIN@ATL,ATL,CIN,,,,,,C/1B/UTIL
116646-13342,OF,Nick,Nick Castellanos,Castellanos,9.380555894639757,36,2900,PHI@TB,PHI,TB,,,,,,OF/UTIL
116646-135260,C,Logan,Logan O'Hoppe,O'Hoppe,9.653333536783855,30,2900,TOR@LAA,LAA,TOR,,,,,,C/1B/UTIL
116646-79257,OF,Josh,Josh Lowe,Lowe,3,1,2900,PHI@TB,TB,PHI,IL,Oblique,,,,OF/UTIL
116646-23107,OF,Jorge,Jorge Soler,Soler,8.605882532456341,34,2900,TOR@LAA,LAA,TOR,,,,,,OF/UTIL
116646-60642,OF,Michael,Michael Conforto,Conforto,6.358823439654182,34,2800,LAD@ARI,LAD,ARI,,,,,,OF/UTIL
116646-79120,1B,Yandy,Yandy Diaz,Diaz,9.230555216471354,36,2800,PHI@TB,TB,PHI,,,,,,C/1B/UTIL
116646-79160,OF,Alex,Alex Verdugo,Verdugo,9.90625,16,2800,CIN@ATL,ATL,CIN,,,,,,OF/UTIL
116646-136672,OF,Michael,Michael Harris II,Harris II,8.255555894639757,36,2800,CIN@ATL,ATL,CIN,,,,,,OF/UTIL
116646-219666,OF,Jake,Jake Mangum,Mangum,9.090475899832589,21,2800,PHI@TB,TB,PHI,IL,Groin,,,,OF/UTIL
116646-219727,2B,Tim,Tim Tawa,Tawa,9.349999861283736,22,2800,LAD@ARI,ARI,LAD,,,,,,2B/UTIL
116646-82530,1B/OF,Pavin,Pavin Smith,Smith,8.702940996955423,34,2800,LAD@ARI,ARI,LAD,,,,,,C/1B/OF/UTIL
116646-82533,OF,Daulton,Daulton Varsho,Varsho,10.34999974568685,6,2800,TOR@LAA,TOR,LAA,,,,,,OF/UTIL
116646-82654,SS,Bo,Bo Bichette,Bichette,8.877777947319878,36,2800,TOR@LAA,TOR,LAA,,,,,,SS/UTIL
116646-17139,C,J.T.,J.T. Realmuto,Realmuto,8.690322383757561,31,2800,PHI@TB,PHI,TB,DTD,Foot,,,,C/1B/UTIL
116646-52176,3B,Max,Max Muncy,Muncy,6.060000174386161,35,2800,LAD@ARI,LAD,ARI,,,,,,3B/UTIL
116646-68587,2B,Ozzie,Ozzie Albies,Albies,9.397221883138021,36,2800,CIN@ATL,ATL,CIN,,,,,,2B/UTIL
116646-179272,OF/1B/2B,Spencer,Spencer Steer,Steer,7.932257867628528,31,2700,CIN@ATL,CIN,ATL,,,,,,C/1B/2B/OF/UTIL
116646-195679,3B,Junior,Junior Caminero,Caminero,8.688235114602481,34,2700,PHI@TB,TB,PHI,,,,,,3B/UTIL
116646-225386,OF,Chandler,Chandler Simpson,Simpson,8.893750190734863,16,2700,PHI@TB,TB,PHI,,,,,,OF/UTIL
116646-79151,OF,Taylor,Taylor Ward,Ward,7.764705882352941,34,2700,TOR@LAA,LAA,TOR,,,,,,OF/UTIL
116646-79165,2B/OF,Gavin,Gavin Lux,Lux,9.147058823529411,34,2700,CIN@ATL,CIN,ATL,,,,,,2B/OF/UTIL
116646-21875,OF,Max,Max Kepler,Kepler,8.91212139707623,33,2700,PHI@TB,PHI,TB,,,,,,OF/UTIL
116646-79247,3B/SS/2B/OF,Edmundo,Edmundo Sosa,Sosa,6.847058913286994,17,2700,PHI@TB,PHI,TB,,,,,,2B/3B/SS/OF/UTIL
116646-79272,OF,Lourdes,Lourdes Gurriel Jr.,Gurriel Jr.,8.752941355985755,34,2700,LAD@ARI,ARI,LAD,,,,,,OF/UTIL
116646-102296,OF,TJ,TJ Friedl,Friedl,10.785714285714286,35,2700,CIN@ATL,CIN,ATL,,,,,,OF/UTIL
116646-102370,3B/1B,Alec,Alec Bohm,Bohm,7.052941266228171,34,2700,PHI@TB,PHI,TB,,,,,,C/1B/3B/UTIL
116646-222295,2B/SS,Hyeseong,Hyeseong Kim,Kim,8.719999694824219,5,2600,LAD@ARI,LAD,ARI,,,,,,2B/SS/UTIL
116646-102577,2B/3B/OF,Santiago,Santiago Espinal,Espinal,6.313793313914332,29,2600,CIN@ATL,CIN,ATL,,,,,,2B/3B/OF/UTIL
116646-83191,C,Austin,Austin Wynns,Wynns,11.13076899601863,13,2600,CIN@ATL,CIN,ATL,,,,,,C/1B/UTIL
116646-13792,3B/1B/2B/OF,Kike,Kike Hernandez,Hernandez,6.510714394705636,28,2600,LAD@ARI,LAD,ARI,,,,,,C/1B/2B/3B/OF/UTIL
116646-85504,2B,Brandon,Brandon Lowe,Lowe,7.553124904632568,32,2600,PHI@TB,TB,PHI,,,,,,2B/UTIL
116646-119318,2B/3B/OF,Christopher,Christopher Morel,Morel,7.512903028918851,31,2600,PHI@TB,TB,PHI,,,,,,2B/3B/OF/UTIL
116646-13909,OF,Randal,Randal Grichuk,Grichuk,4.607999877929688,25,2600,LAD@ARI,ARI,LAD,,,,,,OF/UTIL
116646-102283,OF,Alek,Alek Thomas,Thomas,7.683333333333334,30,2600,LAD@ARI,ARI,LAD,,,,,,OF/UTIL
116646-185303,SS/2B/3B/OF,Jose,Jose Caballero,Caballero,7.639285496303013,28,2600,PHI@TB,TB,PHI,,,,,,2B/3B/SS/OF/UTIL
116646-193598,1B,Nolan,Nolan Schanuel,Schanuel,7.638235653147978,34,2500,TOR@LAA,LAA,TOR,,,,,,C/1B/UTIL
116646-116867,C,Tyler,Tyler Heineman,Heineman,8.169230534480167,13,2500,TOR@LAA,TOR,LAA,,,,,,C/1B/UTIL
116646-192649,OF/1B,Weston,Weston Wilson,Wilson,8.725000381469727,4,2500,PHI@TB,PHI,TB,,,,,,C/1B/OF/UTIL
116646-83173,C,Jose,Jose Trevino,Trevino,7.446428571428571,28,2500,CIN@ATL,CIN,ATL,,,,,,C/1B/UTIL
116646-79154,OF,Brandon,Brandon Marsh,Marsh,4.323809669131324,21,2500,PHI@TB,PHI,TB,,,,,,OF/UTIL
116646-119354,SS/2B/OF,Kyren,Kyren Paris,Paris,8.896875381469727,32,2500,TOR@LAA,LAA,TOR,,,,,,2B/SS/OF/UTIL
116646-119364,OF,Kameron,Kameron Misner,Misner,8.00967751779864,31,2500,PHI@TB,TB,PHI,,,,,,OF/UTIL
116646-119444,C,Alejandro,Alejandro Kirk,Kirk,6.571428571428571,28,2500,TOR@LAA,TOR,LAA,,,,,,C/1B/UTIL
116646-82617,2B,Andres,Andres Gimenez,Gimenez,8.399999830457899,36,2500,TOR@LAA,TOR,LAA,DTD,Quadriceps,,,,2B/UTIL
116646-163533,C,Jose,Jose Herrera,Herrera,6.228571210588727,14,2500,LAD@ARI,ARI,LAD,,,,,,C/1B/UTIL
116646-146160,SS,Ha-Seong,Ha-Seong Kim,Kim,9.21900826446281,121,2500,PHI@TB,TB,PHI,IL,Shoulder,,,,SS/UTIL
116646-163668,OF/2B/3B,Richie,Richie Palacios,Palacios,21.200000762939453,1,2500,PHI@TB,TB,PHI,IL,Knee,,,,2B/3B/OF/UTIL
116646-102418,OF,Eli,Eli White,White,7.428571428571429,28,2400,CIN@ATL,ATL,CIN,,,,,,OF/UTIL
116646-135190,SS,Taylor,Taylor Walls,Walls,5.334374904632568,32,2400,PHI@TB,TB,PHI,,,,,,SS/UTIL
116646-61553,3B,Yoan,Yoan Moncada,Moncada,11,10,2400,TOR@LAA,LAA,TOR,,,,,,3B/UTIL
116646-102591,OF,Jake,Jake Fraley,Fraley,7.532142639160156,28,2400,CIN@ATL,CIN,ATL,DTD,Calf,,,,OF/UTIL
116646-79108,3B,Nick,Nick Senzel,Senzel,6.351351351351352,74,2400,LAD@ARI,LAD,ARI,,,,,,3B/UTIL
116646-101817,2B/3B/SS,Luis,Luis Rengifo,Rengifo,5.391176560345818,34,2400,TOR@LAA,LAA,TOR,,,,,,2B/3B/SS/UTIL
116646-181806,OF,Jonny,Jonny DeLuca,DeLuca,9.144444783528646,9,2400,PHI@TB,TB,PHI,IL,Shoulder,,,,OF/UTIL
116646-82580,OF,Jo,Jo Adell,Adell,6.299999894766972,29,2400,TOR@LAA,LAA,TOR,,,,,,OF/UTIL
116646-82655,C,Danny,Danny Jansen,Jansen,5.06,25,2400,PHI@TB,TB,PHI,,,,,,C/1B/UTIL
116646-13390,SS/2B/3B,Miguel,Miguel Rojas,Rojas,3.6714284987676713,21,2300,LAD@ARI,LAD,ARI,,,,,,2B/3B/SS/UTIL
116646-212070,OF,Gustavo,Gustavo Campero,Campero,4.240000152587891,5,2300,TOR@LAA,LAA,TOR,DTD,Ankle,,,,OF/UTIL
116646-135314,2B/SS/3B,Ernie,Ernie Clement,Clement,3.9970586440142464,34,2300,TOR@LAA,TOR,LAA,,,,,,2B/3B/SS/UTIL
116646-38223,OF,Travis,Travis Jankowski,Jankowski,3.6666666666666665,15,2300,PHI@TB,TB,PHI,,,,,,OF/UTIL
116646-21890,SS,Orlando,Orlando Arcia,Arcia,2.790909160267223,11,2300,CIN@ATL,ATL,CIN,,,,,,SS/UTIL
116646-181662,OF,Nathan,Nathan Lukes,Lukes,6.2863637750799,22,2300,TOR@LAA,TOR,LAA,,,,,,OF/UTIL
116646-71182,3B/1B,Jeimer,Jeimer Candelario,Candelario,5.572727203369141,22,2300,CIN@ATL,CIN,ATL,IL,Back,,,,C/1B/3B/UTIL
116646-82563,2B/SS/OF,Garrett,Garrett Hampson,Hampson,5.0588235294117645,17,2300,LAD@ARI,ARI,LAD,,,,,,2B/SS/OF/UTIL
116646-222858,C,Drake,Drake Baldwin,Baldwin,6.975,20,2300,CIN@ATL,ATL,CIN,,,,,,C/1B/UTIL
116646-119442,C,Gabriel,Gabriel Moreno,Moreno,5.583333333333333,30,2300,LAD@ARI,ARI,LAD,DTD,Side,,,,C/1B/UTIL
116646-165648,OF,Johan,Johan Rojas,Rojas,7.86,25,2300,PHI@TB,PHI,TB,,,,,,OF/UTIL
116646-102398,OF,Jarred,Jarred Kelenic,Kelenic,4.278260935907778,23,2300,CIN@ATL,ATL,CIN,,,,,,OF/UTIL
116646-38040,OF,Eddie,Eddie Rosario,Rosario,0.75,4,2200,CIN@ATL,ATL,CIN,,,,,,OF/UTIL
116646-53401,1B/OF,Trey,Trey Mancini,Mancini,,0,2200,LAD@ARI,ARI,LAD,,,,,,C/1B/OF/UTIL
116646-209179,1B/2B/3B,Will,Will Wagner,Wagner,4.44000015258789,20,2200,TOR@LAA,TOR,LAA,,,,,,C/1B/2B/3B/UTIL
116646-79190,C,Ben,Ben Rortvedt,Rortvedt,2.9352942074046418,17,2200,PHI@TB,TB,PHI,,,,,,C/1B/UTIL
116646-79218,SS/2B/3B,Kevin,Kevin Newman,Newman,2.007142884390695,14,2200,TOR@LAA,LAA,TOR,,,,,,2B/3B/SS/UTIL
116646-119401,C,Rafael,Rafael Marchan,Marchan,3.5250000953674316,8,2200,PHI@TB,PHI,TB,,,,,,C/1B/UTIL
116646-222879,OF,Alan,Alan Roden,Roden,4.425000054495675,28,2200,TOR@LAA,TOR,LAA,,,,,,OF/UTIL
116646-202502,OF,Blake,Blake Dunn,Dunn,5.044827691439925,29,2200,CIN@ATL,CIN,ATL,,,,,,OF/UTIL
116646-13099,C,Travis,Travis d'Arnaud,d'Arnaud,4.060000101725261,15,2200,TOR@LAA,LAA,TOR,,,,,,C/1B/UTIL
116646-165701,3B/2B/1B,Curtis,Curtis Mead,Mead,2.695833206176758,24,2200,PHI@TB,TB,PHI,,,,,,C/1B/2B/3B/UTIL
116646-163691,OF,James,James Outman,Outman,17.450000762939453,2,2200,LAD@ARI,LAD,ARI,,,,,,OF/UTIL
116646-183187,1B,Christian,Christian Encarnacion-Strand,Encarnacion-Strand,5.820000203450521,15,2200,CIN@ATL,CIN,ATL,IL,Back,,,,C/1B/UTIL
116646-102295,OF,Stuart,Stuart Fairchild,Fairchild,2.050000031789144,12,2200,CIN@ATL,ATL,CIN,,,,,,OF/UTIL
116646-97257,OF,Myles,Myles Straw,Straw,4.742857251848493,28,2200,TOR@LAA,TOR,LAA,,,,,,OF/UTIL
116646-102579,SS/2B,Leo,Leo Jimenez,Jimenez,6.251562595367432,64,2100,TOR@LAA,TOR,LAA,IL,Undisclosed,,,,2B/SS/UTIL
116646-187594,2B/3B,Coco,Coco Montes,Montes,1.9,5,2100,PHI@TB,TB,PHI,,,,,,2B/3B/UTIL
116646-60672,SS/2B,Tim,Tim Anderson,Anderson,3.8045453158291904,22,2100,TOR@LAA,LAA,TOR,,,,,,2B/SS/UTIL
116646-38297,C,Austin,Austin Barnes,Barnes,4.899999936421712,12,2100,LAD@ARI,LAD,ARI,,,,,,C/1B/UTIL
116646-119325,2B/OF,Tyler,Tyler Callihan,Callihan,1.625,4,2100,CIN@ATL,CIN,ATL,IL,Forearm,,,,2B/OF/UTIL
116646-181830,3B/OF,Addison,Addison Barger,Barger,3.2933334350585937,15,2100,TOR@LAA,TOR,LAA,,,,,,3B/OF/UTIL
116646-164496,C,Adrian,Adrian Del Castillo,Del Castillo,10.315999755859375,25,2100,LAD@ARI,ARI,LAD,IL,Shoulder,,,,C/1B/UTIL
116646-38561,OF/3B/2B,Chris,Chris Taylor,Taylor,1.5043477597443953,23,2100,LAD@ARI,LAD,ARI,,,,,,2B/3B/OF/UTIL
116646-102285,OF,Cristian,Cristian Pache,Pache,3.2876405180170294,89,2100,LAD@ARI,ARI,LAD,,,,,,OF/UTIL
116646-192426,2B/OF,Davis,Davis Schneider,Schneider,3.089999961853027,10,2100,TOR@LAA,TOR,LAA,,,,,,2B/OF/UTIL
116646-68525,3B/1B,J.D.,J.D. Davis,Davis,0.6,5,2100,TOR@LAA,LAA,TOR,,,,,,C/1B/3B/UTIL
116646-102380,SS,Nick,Nick Allen,Allen,6.279310555293642,29,2100,CIN@ATL,ATL,CIN,,,,,,SS/UTIL
116646-13326,C,Christian,Christian Bethancourt,Bethancourt,5.056250095367432,64,2000,TOR@LAA,TOR,LAA,,,,,,C/1B/UTIL
116646-102425,SS,Orelvis,Orelvis Martinez,Martinez,1.5,2,2000,TOR@LAA,TOR,LAA,,,,,,SS/UTIL
116646-135195,C,Sebastian,Sebastian Rivero,Rivero,,0,2000,TOR@LAA,LAA,TOR,,,,,,C/1B/UTIL
116646-171037,C,Jason,Jason Delay,Delay,6.400000095367432,8,2000,CIN@ATL,ATL,CIN,,,,,,C/1B/UTIL
116646-102435,SS/2B/3B,Blaze,Blaze Alexander,Alexander,6.085483674080141,62,2000,LAD@ARI,ARI,LAD,,,,,,2B/3B/SS/UTIL
116646-102436,OF,Kristian,Kristian Robinson,Robinson,,0,2000,LAD@ARI,ARI,LAD,,,,,,OF/UTIL
116646-102461,SS,Aaron,Aaron Bracho,Bracho,,0,2000,LAD@ARI,LAD,ARI,,,,,,SS/UTIL
116646-172093,2B,Michael,Michael Stefanic,Stefanic,4.204762050083706,42,2000,TOR@LAA,TOR,LAA,,,,,,2B/UTIL
116646-135239,2B/SS/3B,Rodolfo,Rodolfo Castro,Castro,0,2,2000,PHI@TB,PHI,TB,,,,,,2B/3B/SS/UTIL
116646-135242,C,P.J.,P.J. Higgins,Higgins,0,2,2000,CIN@ATL,CIN,ATL,,,,,,C/1B/UTIL
116646-135254,2B,Eddy,Eddy Alvarez,Alvarez,0.8857142584664481,14,2000,CIN@ATL,ATL,CIN,,,,,,2B/UTIL
116646-102499,SS,Bryson,Bryson Brigman,Brigman,,0,2000,CIN@ATL,CIN,ATL,,,,,,SS/UTIL
116646-83051,2B/3B,David,David Bote,Bote,2.4051282833784056,39,2000,LAD@ARI,LAD,ARI,,,,,,2B/3B/UTIL
116646-102512,OF,Carlos,Carlos Rodriguez,Rodriguez,,0,2000,CIN@ATL,ATL,CIN,,,,,,OF/UTIL
116646-102519,3B,Andrew,Andrew Bechtold,Bechtold,,0,2000,PHI@TB,PHI,TB,,,,,,3B/UTIL
116646-102521,C,Josh,Josh Breaux,Breaux,,0,2000,PHI@TB,PHI,TB,,,,,,C/1B/UTIL
116646-171128,3B/2B,Buddy,Buddy Kennedy,Kennedy,5.185714176722935,14,2000,PHI@TB,PHI,TB,,,,,,2B/3B/UTIL
116646-198803,3B,Damiano,Damiano Palmegiani,Palmegiani,,0,2000,TOR@LAA,TOR,LAA,,,,,,3B/UTIL
116646-81046,1B,Garrett,Garrett Cooper,Cooper,4.883783701303843,37,2000,CIN@ATL,ATL,CIN,,,,,,C/1B/UTIL
116646-102584,C,Tres,Tres Barrera,Barrera,,0,2000,PHI@TB,TB,PHI,,,,,,C/1B/UTIL
116646-83143,OF,Oscar,Oscar Mercado,Mercado,0,1,2000,PHI@TB,PHI,TB,,,,,,OF/UTIL
116646-195795,C,Chandler,Chandler Seagle,Seagle,,0,2000,CIN@ATL,ATL,CIN,,,,,,C/1B/UTIL
116646-198865,OF,Druw,Druw Jones,Jones,,0,2000,LAD@ARI,ARI,LAD,,,,,,OF/UTIL
116646-198871,SS,Tommy,Tommy Troy,Troy,,0,2000,LAD@ARI,ARI,LAD,,,,,,SS/UTIL
116646-198878,3B,Sal,Sal Stewart,Stewart,,0,2000,CIN@ATL,CIN,ATL,,,,,,3B/UTIL
116646-60652,2B,Christian,Christian Arroyo,Arroyo,,0,2000,PHI@TB,PHI,TB,,,,,,2B/UTIL
116646-146671,OF,Austin,Austin Hendrick,Hendrick,,0,2000,CIN@ATL,CIN,ATL,,,,,,OF/UTIL
116646-79087,1B,Michael,Michael Chavis,Chavis,0,1,2000,LAD@ARI,LAD,ARI,,,,,,C/1B/UTIL
116646-198893,C,Dalton,Dalton Rushing,Rushing,,0,2000,LAD@ARI,LAD,ARI,,,,,,C/1B/UTIL
116646-198892,OF,Josue,Josue De Paula,De Paula,,0,2000,LAD@ARI,LAD,ARI,,,,,,OF/UTIL
116646-79093,OF,Eloy,Eloy Jimenez,Jimenez,5.833333333333333,99,2000,PHI@TB,TB,PHI,,,,,,OF/UTIL
116646-146694,SS,Arol,Arol Vera,Vera,,0,2000,TOR@LAA,LAA,TOR,,,,,,SS/UTIL
116646-146692,OF,David,David Calabrese,Calabrese,,0,2000,TOR@LAA,LAA,TOR,,,,,,OF/UTIL
116646-146693,OF,Alexander,Alexander Ramirez,Ramirez,,0,2000,TOR@LAA,LAA,TOR,,,,,,OF/UTIL
116646-146696,SS,Alex,Alex De Jesus,De Jesus,,0,2000,TOR@LAA,TOR,LAA,,,,,,SS/UTIL
116646-79119,OF,Will,Will Benson,Benson,0,1,2000,CIN@ATL,CIN,ATL,,,,,,OF/UTIL
116646-198932,1B,Xavier,Xavier Isaac,Isaac,,0,2000,PHI@TB,TB,PHI,,,,,,C/1B/UTIL
116646-197915,C,Hunter,Hunter Feduccia,Feduccia,1.5,2,2000,LAD@ARI,LAD,ARI,,,,,,C/1B/UTIL
116646-79128,C,Garrett,Garrett Stubbs,Stubbs,5.580701861465187,57,2000,PHI@TB,PHI,TB,,,,,,C/1B/UTIL
116646-197912,OF,Jacob,Jacob Hurtubise,Hurtubise,1.6727272380482068,11,2000,CIN@ATL,CIN,ATL,,,,,,OF/UTIL
116646-79156,SS/2B,David,David Fletcher,Fletcher,2.1666666666666665,6,2000,CIN@ATL,ATL,CIN,,,,,,2B/SS/UTIL
116646-85320,C,Michael,Michael Perez,Perez,0,1,2000,LAD@ARI,ARI,LAD,,,,,,C/1B/UTIL
116646-79189,2B,Travis,Travis Blankenhorn,Blankenhorn,2.9928572518484935,14,2000,TOR@LAA,LAA,TOR,,,,,,2B/UTIL
116646-135529,OF,Jake,Jake Vogel,Vogel,,0,2000,LAD@ARI,LAD,ARI,,,,,,OF/UTIL
116646-79213,SS,Scott,Scott Kingery,Kingery,0,2,2000,TOR@LAA,LAA,TOR,,,,,,SS/UTIL
116646-211339,C,Logan,Logan Driscoll,Driscoll,3.593333435058594,15,2000,PHI@TB,TB,PHI,IL,Ankle,,,,C/1B/UTIL
116646-79240,C,Aramis,Aramis Garcia,Garcia,0,3,2000,LAD@ARI,ARI,LAD,,,,,,C/1B/UTIL
116646-152972,2B/OF,Luke,Luke Williams,Williams,2.702564141689203,39,2000,CIN@ATL,ATL,CIN,,,,,,2B/OF/UTIL
116646-118189,C,Ali,Ali Sanchez,Sanchez,3.3870967741935485,31,2000,TOR@LAA,TOR,LAA,,,,,,C/1B/UTIL
116646-79279,OF,Andrew,Andrew Stevenson,Stevenson,,0,2000,PHI@TB,TB,PHI,,,,,,OF/UTIL
116646-101821,1B,Edwin,Edwin Rios,Rios,1.8399999618530274,5,2000,CIN@ATL,CIN,ATL,,,,,,C/1B/UTIL
116646-135646,C,Carson,Carson Taylor,Taylor,,0,2000,PHI@TB,PHI,TB,IL,Undisclosed,,,,C/1B/UTIL
116646-119313,SS,Matthew,Matthew Lugo,Lugo,,0,2000,TOR@LAA,LAA,TOR,,,,,,SS/UTIL
116646-119327,SS,Ivan,Ivan Johnson,Johnson,,0,2000,CIN@ATL,CIN,ATL,,,,,,SS/UTIL
116646-119326,3B/OF,Rece,Rece Hinds,Hinds,0,1,2000,CIN@ATL,CIN,ATL,,,,,,3B/OF/UTIL
116646-207395,C,Eric,Eric Yang,Yang,0,1,2000,CIN@ATL,CIN,ATL,,,,,,C/1B/UTIL
116646-201253,OF,Joey,Joey Loperfido,Loperfido,6.10246898509838,81,2000,TOR@LAA,TOR,LAA,,,,,,OF/UTIL
116646-16951,3B,Anthony,Anthony Rendon,Rendon,7.038596705386513,57,2000,TOR@LAA,LAA,TOR,IL,Hip,,,,3B/UTIL
116646-119353,3B,Kody,Kody Hoese,Hoese,,0,2000,LAD@ARI,LAD,ARI,,,,,,3B/UTIL
116646-222781,3B,Cam,Cam Collier,Collier,,0,2000,CIN@ATL,CIN,ATL,IL,Thumb,,,,3B/UTIL
116646-222791,OF,Zyhir,Zyhir Hope,Hope,,0,2000,LAD@ARI,LAD,ARI,,,,,,OF/UTIL
116646-222788,SS,Alex,Alex Freeland,Freeland,,0,2000,LAD@ARI,LAD,ARI,,,,,,SS/UTIL
116646-181835,OF,Jorge,Jorge Barrosa,Barrosa,6.44000015258789,5,2000,LAD@ARI,ARI,LAD,,,,,,OF/UTIL
116646-222803,2B,Demetrio,Demetrio Crisantes,Crisantes,,0,2000,LAD@ARI,ARI,LAD,,,,,,2B/UTIL
116646-222802,OF,Ryan,Ryan Waldschmidt,Waldschmidt,,0,2000,LAD@ARI,ARI,LAD,,,,,,OF/UTIL
116646-222804,OF,Slade,Slade Caldwell,Caldwell,,0,2000,LAD@ARI,ARI,LAD,,,,,,OF/UTIL
116646-222813,SS,Arjun,Arjun Nimmala,Nimmala,,0,2000,TOR@LAA,TOR,LAA,,,,,,SS/UTIL
116646-222847,OF,Justin,Justin Crawford,Crawford,,0,2000,PHI@TB,PHI,TB,,,,,,OF/UTIL
116646-82558,OF,Conner,Conner Capel,Capel,2.171428544180734,7,2000,CIN@ATL,ATL,CIN,,,,,,OF/UTIL
116646-222851,C,Dominic,Dominic Keegan,Keegan,,0,2000,PHI@TB,TB,PHI,IL,Elbow,,,,C/1B/UTIL
116646-222850,3B,Brayden,Brayden Taylor,Taylor,,0,2000,PHI@TB,TB,PHI,,,,,,3B/UTIL
116646-222849,C,Eduardo,Eduardo Tait,Tait,,0,2000,PHI@TB,PHI,TB,,,,,,C/1B/UTIL
116646-222848,SS,Aidan,Aidan Miller,Miller,,0,2000,PHI@TB,PHI,TB,,,,,,SS/UTIL
116646-165510,OF,Jay,Jay Allen,Allen,,0,2000,CIN@ATL,CIN,ATL,,,,,,OF/UTIL
116646-165511,C,Mat,Mat Nelson,Nelson,,0,2000,CIN@ATL,CIN,ATL,,,,,,C/1B/UTIL
116646-222853,1B,Tre',Tre' Morgan,Morgan,,0,2000,PHI@TB,TB,PHI,,,,,,C/1B/UTIL
116646-222852,OF,Theo,Theo Gillen,Gillen,,0,2000,PHI@TB,TB,PHI,,,,,,OF/UTIL
116646-165515,OF,Malvin,Malvin Valdez,Valdez,,0,2000,CIN@ATL,CIN,ATL,,,,,,OF/UTIL
116646-176777,OF,Cal,Cal Stevenson,Stevenson,1.9,5,2000,PHI@TB,PHI,TB,,,,,,OF/UTIL
116646-164495,SS,Jordan,Jordan Lawlar,Lawlar,0,2,2000,LAD@ARI,ARI,LAD,,,,,,SS/UTIL
116646-165516,C,Daniel,Daniel Vellojin,Vellojin,,0,2000,PHI@TB,TB,PHI,,,,,,C/1B/UTIL
116646-165517,OF,Ariel,Ariel Almonte,Almonte,,0,2000,CIN@ATL,CIN,ATL,,,,,,OF/UTIL
116646-222860,2B,Christian,Christian Moore,Moore,,0,2000,TOR@LAA,LAA,TOR,,,,,,2B/UTIL
116646-119440,3B/2B,Davis,Davis Wendzel,Wendzel,1.8714286259242467,28,2000,CIN@ATL,CIN,ATL,,,,,,2B/3B/UTIL
116646-164499,3B,A.J.,A.J. Vukovich,Vukovich,,0,2000,LAD@ARI,ARI,LAD,,,,,,3B/UTIL
116646-164501,SS,Cal,Cal Conley,Conley,,0,2000,CIN@ATL,ATL,CIN,,,,,,SS/UTIL
116646-164508,OF,Jesse,Jesse Franklin,Franklin,,0,2000,CIN@ATL,ATL,CIN,,,,,,OF/UTIL
116646-165539,SS,Jose,Jose Rodriguez,Rodriguez,0,2,2000,PHI@TB,PHI,TB,NA,Suspension,,,,SS/UTIL
116646-21161,2B,Yolmer,Yolmer Sanchez,Sanchez,,0,2000,TOR@LAA,LAA,TOR,,,,,,2B/UTIL
116646-164533,OF,Yohendrick,Yohendrick Pinango,Pinango,,0,2000,TOR@LAA,TOR,LAA,,,,,,OF/UTIL
116646-163513,C,Rene,Rene Pinto,Pinto,5.578947368421052,19,2000,LAD@ARI,ARI,LAD,,,,,,C/1B/UTIL
116646-202433,2B/OF,Jamie,Jamie Westbrook,Westbrook,4.490476335797991,21,2000,PHI@TB,TB,PHI,,,,,,2B/OF/UTIL
116646-165575,SS,Denzer,Denzer Guzman,Guzman,,0,2000,TOR@LAA,LAA,TOR,,,,,,SS/UTIL
116646-165576,SS,Adrian,Adrian Placencia,Placencia,,0,2000,TOR@LAA,LAA,TOR,,,,,,SS/UTIL
116646-82637,1B,Evan,Evan White,White,0,2,2000,TOR@LAA,LAA,TOR,IL,Hip,,,,C/1B/UTIL
116646-188114,SS,Connor,Connor Kaiser,Kaiser,,0,2000,LAD@ARI,ARI,LAD,,,,,,SS/UTIL
116646-17105,C,Sandy,Sandy Leon,Leon,0,2,2000,CIN@ATL,ATL,CIN,,,,,,C/1B/UTIL
116646-165590,SS,Wilman,Wilman Diaz,Diaz,,0,2000,LAD@ARI,LAD,ARI,,,,,,SS/UTIL
116646-165593,OF,Jose,Jose Ramos,Ramos,0,2,2000,LAD@ARI,LAD,ARI,,,,,,OF/UTIL
116646-165598,C,Jesus,Jesus Galiz,Galiz,,0,2000,LAD@ARI,LAD,ARI,IL,Undisclosed,,,,C/1B/UTIL
116646-203490,OF,Steward,Steward Berroa,Berroa,3.9250000544956754,28,2000,TOR@LAA,TOR,LAA,,,,,,OF/UTIL
116646-82659,3B,Carter,Carter Kieboom,Kieboom,0,1,2000,TOR@LAA,LAA,TOR,,,,,,3B/UTIL
116646-181991,1B,Ryan,Ryan Noda,Noda,4.016666836208767,36,2000,TOR@LAA,LAA,TOR,,,,,,C/1B/UTIL
116646-165619,SS,Noah,Noah Miller,Miller,,0,2000,LAD@ARI,LAD,ARI,IL,Knee,,,,SS/UTIL
116646-165646,C,Rickardo,Rickardo Perez,Perez,,0,2000,PHI@TB,PHI,TB,,,,,,C/1B/UTIL
116646-165647,OF,Ethan,Ethan Wilson,Wilson,,0,2000,PHI@TB,PHI,TB,,,,,,OF/UTIL
116646-17171,C,James,James McCann,McCann,7.277941086713006,68,2000,CIN@ATL,ATL,CIN,,,,,,C/1B/UTIL
116646-206608,SS/2B,Nacho,Nacho Alvarez Jr.,Alvarez Jr.,2.2750000953674316,8,2000,CIN@ATL,ATL,CIN,IL,Wrist,,,,2B/SS/UTIL
116646-224021,3B,Otto,Otto Kemp,Kemp,,0,2000,PHI@TB,PHI,TB,,,,,,3B/UTIL
116646-165663,SS,Victor,Victor Acosta,Acosta,,0,2000,CIN@ATL,CIN,ATL,,,,,,SS/UTIL
116646-165675,SS,Edwin,Edwin Arroyo,Arroyo,,0,2000,CIN@ATL,CIN,ATL,,,,,,SS/UTIL
116646-176937,C,Chuckie,Chuckie Robinson,Robinson,1.976923135610727,26,2000,TOR@LAA,LAA,TOR,,,,,,C/1B/UTIL
116646-211757,OF,Bryce,Bryce Teodosio,Teodosio,1.2399999618530273,5,2000,TOR@LAA,LAA,TOR,,,,,,OF/UTIL
116646-183092,OF,Jonatan,Jonatan Clase,Clase,1.5,2,2000,TOR@LAA,TOR,LAA,,,,,,OF/UTIL
116646-165688,C,Ricardo,Ricardo Genoves,Genoves,,0,2000,PHI@TB,TB,PHI,,,,,,C/1B/UTIL
116646-165702,SS,Carson,Carson Williams,Williams,,0,2000,PHI@TB,TB,PHI,,,,,,SS/UTIL
116646-165700,SS,Carlos,Carlos Colmenares,Colmenares,,0,2000,PHI@TB,TB,PHI,,,,,,SS/UTIL
116646-165704,2B,Cooper,Cooper Kinney,Kinney,,0,2000,PHI@TB,TB,PHI,,,,,,2B/UTIL
116646-165714,SS,Manuel,Manuel Beltre,Beltre,,0,2000,TOR@LAA,TOR,LAA,,,,,,SS/UTIL
116646-165724,OF,Dasan,Dasan Brown,Brown,,0,2000,TOR@LAA,TOR,LAA,,,,,,OF/UTIL
116646-163694,SS,Eddys,Eddys Leonard,Leonard,0,1,2000,CIN@ATL,ATL,CIN,,,,,,SS/UTIL
116646-174963,SS,Charles,Charles Leblanc,Leblanc,8.290908813476562,11,2000,CIN@ATL,ATL,CIN,IL,Undisclosed,,,,SS/UTIL
116646-209786,1B,Niko,Niko Kavadas,Kavadas,0,1,2000,TOR@LAA,LAA,TOR,,,,,,C/1B/UTIL
116646-203641,SS,Levi,Levi Jordan,Jordan,1.8142856870378767,7,2000,CIN@ATL,CIN,ATL,,,,,,SS/UTIL
116646-170879,C,Chris,Chris Okey,Okey,0,2,2000,LAD@ARI,LAD,ARI,,,,,,C/1B/UTIL
116646-102282,OF,Jake,Jake McCarthy,McCarthy,3.5642858232770647,14,2000,LAD@ARI,ARI,LAD,,,,,,OF/UTIL
116646-13262,OF,Jurickson,Jurickson Profar,Profar,4.599999904632568,4,2000,CIN@ATL,ATL,CIN,NA,Suspension,,,,OF/UTIL
116646-171986,3B,Matthew,Matthew Batten,Batten,4.5,2,2000,CIN@ATL,ATL,CIN,,,,,,3B/UTIL
116646-102352,C,Payton,Payton Henry,Henry,0,1,2000,PHI@TB,PHI,TB,,,,,,C/1B/UTIL
116646-80852,2B/SS/3B/OF,Ildemaro,Ildemaro Vargas,Vargas,5.583673593949299,98,2000,LAD@ARI,ARI,LAD,,,,,,2B/3B/SS/OF/UTIL
116646-102359,C,Will,Will Banfield,Banfield,,0,2000,CIN@ATL,CIN,ATL,,,,,,C/1B/UTIL
116646-102358,SS,Jose,Jose Devers,Devers,1.2399999618530273,5,2000,CIN@ATL,ATL,CIN,,,,,,SS/UTIL
116646-102392,OF,Esteury,Esteury Ruiz,Ruiz,5.896551724137931,29,2000,LAD@ARI,LAD,ARI,,,,,,OF/UTIL