Id,Position,First Name,Nickname,Last Name,FPPG,Played,Salary,Game,Team,Opponent,Injury Indicator,Injury Details,Tier,Probable Pitcher,Batting Order,Roster Position
119112-135977,P,Garrett,Garrett Crochet,Crochet,44.18181818181818,22,11000,HOU@BOS,BOS,HOU,,,,,,P
119112-118225,P,Cristopher,Cristopher Sanchez,Sanchez,38.61904761904762,21,10900,DET@PHI,PHI,DET,,,,,,P
119112-119340,P,Tarik,Tarik Skubal,Skubal,44.42857142857143,21,10800,DET@PHI,DET,PHI,,,,Yes,,P
119112-85599,P,Framber,Framber Valdez,Valdez,39.904761904761905,21,10800,HOU@BOS,HOU,BOS,,,,,,P
119112-16960,P,Zack,Zack Wheeler,Wheeler,43.666666666666664,21,10600,DET@PHI,PHI,DET,,,,Yes,,P
119112-119430,P,Joe,Joe Ryan,Ryan,36.04545454545455,22,10500,MIN@CLE,MIN,CLE,,,,,,P
119112-13233,P,Nathan,Nathan Eovaldi,Eovaldi,37.27777777777778,18,10500,TEX@SEA,TEX,SEA,,,,,,P
119112-83157,P,Ranger,Ranger Suarez,Suarez,37.0625,16,10300,DET@PHI,PHI,DET,,,,,,P
119112-80582,P,Brandon,Brandon Woodruff,Woodruff,40.75,4,10200,MIL@WSH,MIL,WSH,,,,Yes,,P
119112-187194,P,Bryan,Bryan Woo,Woo,36,21,10200,TEX@SEA,SEA,TEX,,,,,,P
119112-197981,P,Jacob,Jacob Misiorowski,Misiorowski,34.714285714285715,7,10200,MIL@WSH,MIL,WSH,,,,,,P
119112-102396,P,Logan,Logan Gilbert,Gilbert,34.06666666666667,15,10200,TEX@SEA,SEA,TEX,,,,,,P
119112-60633,P,Carlos,Carlos Rodon,Rodon,36,23,10100,NYY@MIA,NYY,MIA,,,,,,P
119112-146687,P,Hunter,Hunter Brown,Brown,39.09090909090909,22,10000,HOU@BOS,HOU,BOS,,,,,,P
119112-101839,P,Logan,Logan Webb,Webb,36.82608695652174,23,10000,SF@NYM,SF,NYM,,,,,,P
119112-52859,P,Jacob,Jacob deGrom,deGrom,36.38095238095238,21,10000,TEX@SEA,TEX,SEA,,,,,,P
119112-60647,P,Aaron,Aaron Nola,Nola,24.555555555555557,9,9900,DET@PHI,PHI,DET,IL,Ribs,,,,P
119112-83152,P,Pablo,Pablo Lopez,Lopez,31.818181818181817,11,9800,MIN@CLE,MIN,CLE,IL,Shoulder,,,,P
119112-79280,P,Jesus,Jesus Luzardo,Luzardo,32.13636363636363,22,9800,DET@PHI,PHI,DET,,,,,,P
119112-82621,P,Clarke,Clarke Schmidt,Schmidt,30,14,9600,NYY@MIA,NYY,MIA,IL,Elbow,,,,P
119112-82618,P,David,David Peterson,Peterson,32.095238095238095,21,9500,SF@NYM,NYM,SF,,,,,,P
119112-83190,P,Freddy,Freddy Peralta,Peralta,32.95652173913044,23,9500,MIL@WSH,MIL,WSH,,,,,,P
119112-119414,P,George,George Kirby,Kirby,30.692307692307693,13,9400,TEX@SEA,SEA,TEX,,,,,,P
119112-52185,P,Max,Max Fried,Fried,35.81818181818182,22,9400,NYY@MIA,NYY,MIA,,,,,,P
119112-79162,P,Luis,Luis Castillo,Castillo,30.863636363636363,22,9400,TEX@SEA,SEA,TEX,,,,Yes,,P
119112-101881,P,Merrill,Merrill Kelly,Kelly,32.59090909090909,22,9400,TEX@SEA,TEX,SEA,,,,Yes,,P
119112-198885,P,Spencer,Spencer Arrighetti,Arrighetti,22.5,2,9300,HOU@BOS,HOU,BOS,IL,Thumb,,,,P
119112-219653,P,Logan,Logan Henderson,Henderson,40,4,9300,MIL@WSH,MIL,WSH,,,,,,P
119112-182153,P,Kodai,Kodai Senga,Senga,32,16,9300,SF@NYM,NYM,SF,,,,Yes,,P
119112-135343,P,Max,Max Meyer,Meyer,27.833333333333332,12,9200,NYY@MIA,MIA,NYY,IL,Hip,,,,P
119112-82635,P,MacKenzie,MacKenzie Gore,Gore,33.13636363636363,22,9100,MIL@WSH,WSH,MIL,,,,,,P
119112-146663,P,Slade,Slade Cecconi,Cecconi,28.923076923076923,13,9100,MIN@CLE,CLE,MIN,,,,,,P
119112-79109,P,Tyler,Tyler Mahle,Mahle,28.785714285714285,14,9100,TEX@SEA,TEX,SEA,IL,Shoulder,,,,P
119112-79246,P,Jack,Jack Flaherty,Flaherty,31.045454545454547,22,9100,DET@PHI,DET,PHI,,,,,,P
119112-16956,P,Gerrit,Gerrit Cole,Cole,32,22,9000,NYY@MIA,NYY,MIA,IL,Elbow,,,,P
119112-53029,P,Robbie,Robbie Ray,Ray,35.17391304347826,23,9000,SF@NYM,SF,NYM,,,,,,P
119112-165698,P,Taj,Taj Bradley,Bradley,25.142857142857142,21,9000,MIN@CLE,MIN,CLE,,,,,,P
119112-219663,P,Chad,Chad Patrick,Patrick,26.105263157894736,19,8800,MIL@WSH,MIL,WSH,,,,,,P
119112-119409,P,Quinn,Quinn Priester,Priester,27.8,20,8800,MIL@WSH,MIL,WSH,,,,,,P
119112-154714,P,Tylor,Tylor Megill,Megill,29.714285714285715,14,8800,SF@NYM,NYM,SF,IL,Elbow,,,,P
119112-118206,P,Luis,Luis Gil,Gil,30.29032258064516,31,8800,NYY@MIA,NYY,MIA,IL,Lat,,,,P
119112-165518,P,Gavin,Gavin Williams,Williams,29.227272727272727,22,8800,MIN@CLE,CLE,MIN,,,,,,P
119112-165599,P,Eury,Eury Perez,Perez,27.88888888888889,9,8800,NYY@MIA,MIA,NYY,,,,Yes,,P
119112-85253,P,Casey,Casey Mize,Mize,28.055555555555557,18,8700,DET@PHI,DET,PHI,,,,,,P
119112-102395,P,Ryan,Ryan Weathers,Weathers,24.4,5,8700,NYY@MIA,MIA,NYY,IL,Lat,,,,P
119112-82599,P,Edward,Edward Cabrera,Cabrera,28.055555555555557,18,8600,NYY@MIA,MIA,NYY,,,,,,P
119112-164521,P,Brandon,Brandon Walter,Walter,31.88888888888889,9,8600,HOU@BOS,HOU,BOS,IL,Elbow,,,,P
119112-185490,P,Logan,Logan Allen,Allen,23.238095238095237,21,8600,MIN@CLE,CLE,MIN,,,,,,P
119112-185501,P,Tanner,Tanner Bibee,Bibee,27.80952380952381,21,8600,MIN@CLE,CLE,MIN,,,,Yes,,P
119112-165551,P,Reese,Reese Olson,Olson,28.076923076923077,13,8600,DET@PHI,DET,PHI,IL,Shoulder,,,,P
119112-165706,P,Jack,Jack Leiter,Leiter,25.789473684210527,20,8600,TEX@SEA,TEX,SEA,,,,,,P
119112-102458,P,Kutter,Kutter Crawford,Crawford,27.96969696969697,33,8500,HOU@BOS,BOS,HOU,IL,Wrist,,,,P
119112-168872,P,Ronel,Ronel Blanco,Blanco,28.555555555555557,9,8500,HOU@BOS,HOU,BOS,IL,Elbow,,,,P
119112-52198,P,Lucas,Lucas Giolito,Giolito,29.0625,16,8500,HOU@BOS,BOS,HOU,,,,,,P
119112-163680,P,Brayan,Brayan Bello,Bello,28.842105263157894,19,8500,HOU@BOS,BOS,HOU,,,,,,P
119112-52165,P,Sean,Sean Manaea,Manaea,28,4,8400,SF@NYM,NYM,SF,,,,,,P
119112-179725,P,Luis,Luis Ortiz,Ortiz,29.3125,16,8400,MIN@CLE,CLE,MIN,O,Personal,,,,P
119112-165636,P,Hayden,Hayden Wesneski,Wesneski,24.833333333333332,6,8300,HOU@BOS,HOU,BOS,IL,Elbow,,,,P
119112-211874,P,Kumar,Kumar Rocker,Rocker,19.571428571428573,14,8200,TEX@SEA,TEX,SEA,,,,,,P
119112-13664,P,Patrick,Patrick Corbin,Corbin,26.3,20,8200,TEX@SEA,TEX,SEA,,,,,,P
119112-165547,P,Jackson,Jackson Jobe,Jobe,22.7,10,8200,DET@PHI,DET,PHI,IL,Elbow,,,,P
119112-145612,P,Bailey,Bailey Ober,Ober,22.58823529411765,17,8000,MIN@CLE,MIN,CLE,IL,Hip,,Yes,,P
119112-110822,P,Jose,Jose Urquidy,Urquidy,0,1,8000,DET@PHI,DET,PHI,IL,Elbow,,,,P
119112-198912,P,Will,Will Warren,Warren,25.956521739130434,23,8000,NYY@MIA,NYY,MIA,,,,,,P
119112-21099,P,Jose,Jose Quintana,Quintana,25.0625,16,8000,MIL@WSH,MIL,WSH,,,,,,P
119112-203676,P,David,David Festa,Festa,22.272727272727273,11,8000,MIN@CLE,MIN,CLE,IL,Shoulder,,,,P
119112-199728,P,Landen,Landen Roupp,Roupp,27.75,20,8000,SF@NYM,SF,NYM,IL,Elbow,,,,P
119112-5466,P,Charlie,Charlie Morton,Morton,21.304347826086957,23,8000,DET@PHI,DET,PHI,,,,,,P
119112-79232,P,Clay,Clay Holmes,Holmes,25.818181818181817,22,8000,SF@NYM,NYM,SF,,,,,,P
119112-82594,P,Dustin,Dustin May,May,26.473684210526315,19,7900,HOU@BOS,BOS,HOU,,,,,,P
119112-209173,P,Zebby,Zebby Matthews,Matthews,25.571428571428573,7,7800,MIN@CLE,MIN,CLE,,,,,,P
119112-63781,P,Frankie,Frankie Montas,Montas,21.833333333333332,6,7800,SF@NYM,NYM,SF,,,,,,P
119112-52159,P,Lance,Lance McCullers Jr.,McCullers Jr.,18.636363636363637,11,7800,HOU@BOS,HOU,BOS,IL,Finger,,,,P
119112-185896,P,Cody,Cody Bradford,Bradford,29.785714285714285,14,7800,TEX@SEA,TEX,SEA,IL,Elbow,,,,P
119112-119411,P,Joey,Joey Cantillo,Cantillo,10.846153846153847,26,7700,MIN@CLE,CLE,MIN,,,,,,P
119112-82582,P,Griffin,Griffin Canning,Canning,24.8125,16,7700,SF@NYM,NYM,SF,IL,Achilles,,,,P
119112-68485,P,Ryan,Ryan Yarbrough,Yarbrough,16.6875,16,7700,NYY@MIA,NYY,MIA,IL,Oblique,,,,P
119112-226322,P,Logan,Logan Evans,Evans,22.416666666666668,12,7700,TEX@SEA,SEA,TEX,,,,,,P
119112-79224,P,Chris,Chris Paddack,Paddack,21.681818181818183,22,7700,DET@PHI,DET,PHI,,,,,,P
119112-228790,P,Cam,Cam Schlittler,Schlittler,23.666666666666668,3,7700,NYY@MIA,NYY,MIA,,,,Yes,,P
119112-161450,P,Janson,Janson Junk,Junk,22.923076923076923,13,7700,NYY@MIA,MIA,NYY,,,,,,P
119112-165689,P,Bryce,Bryce Miller,Miller,18.2,10,7700,TEX@SEA,SEA,TEX,IL,Elbow,,,,P
119112-102684,P,Jake,Jake Irvin,Irvin,23.818181818181817,22,7600,MIL@WSH,WSH,MIL,,,,Yes,,P
119112-219668,P,Hunter,Hunter Dobbins,Dobbins,20.76923076923077,13,7600,HOU@BOS,BOS,HOU,IL,Knee,,,,P
119112-82638,P,Jordan,Jordan Hicks,Hicks,9.952380952380953,22,7600,HOU@BOS,BOS,HOU,,,,,,P
119112-79245,P,Sandy,Sandy Alcantara,Alcantara,18.80952380952381,21,7600,NYY@MIA,MIA,NYY,,,,,,P
119112-165731,P,Mitchell,Mitchell Parker,Parker,20.40909090909091,22,7600,MIL@WSH,WSH,MIL,,,,,,P
119112-164532,P,DJ,DJ Herz,Herz,25.94736842105263,19,7500,MIL@WSH,WSH,MIL,IL,Elbow,,,,P
119112-97300,P,John,John Means,Means,28,5,7500,MIN@CLE,CLE,MIN,IL,Elbow,,,,P
119112-5202,P,Justin,Justin Verlander,Verlander,21.72222222222222,18,7500,SF@NYM,SF,NYM,,,,,,P
119112-79118,P,Triston,Triston McKenzie,McKenzie,2,4,7500,MIN@CLE,CLE,MIN,DTD,Illness,,,,P
119112-13123,P,Alex,Alex Cobb,Cobb,19.4,5,7400,DET@PHI,DET,PHI,IL,Hip,,,,P
119112-203679,P,Valente,Valente Bellozo,Bellozo,11.238095238095237,21,7400,NYY@MIA,MIA,NYY,,,,,,P
119112-60646,P,Ben,Ben Lively,Lively,20.555555555555557,9,7400,MIN@CLE,CLE,MIN,IL,Elbow,,,,P
119112-229085,P,Troy,Troy Melton,Melton,32,2,7400,DET@PHI,DET,PHI,,,,,,P
119112-102528,P,Simeon,Simeon Woods Richardson,Woods Richardson,21.705882352941178,17,7200,MIN@CLE,MIN,CLE,,,,,,P
119112-197766,P,Keider,Keider Montero,Montero,19.8,15,7200,DET@PHI,DET,PHI,,,,,,P
119112-146717,P,Mick,Mick Abel,Abel,18.666666666666668,7,7200,MIN@CLE,MIN,CLE,,,,,,P
119112-79228,P,Cal,Cal Quantrill,Quantrill,18.857142857142858,21,7200,NYY@MIA,MIA,NYY,,,,,,P
119112-135268,P,Emerson,Emerson Hancock,Hancock,19.2,15,7100,TEX@SEA,SEA,TEX,,,,,,P
119112-160939,P,Jacob,Jacob Latz,Latz,11.375,25,7100,TEX@SEA,TEX,SEA,,,,,,P
119112-79168,P,Walker,Walker Buehler,Buehler,20.61111111111111,18,7100,HOU@BOS,BOS,HOU,,,,Yes,,P
119112-202608,P,Carlos,Carlos Rodriguez,Rodriguez,13,1,7100,MIL@WSH,MIL,WSH,IL,Forearm,,,,P
119112-135212,P,Luis,Luis Garcia,Garcia,0,1,7000,HOU@BOS,HOU,BOS,IL,Elbow,,,,P
119112-135221,P,Cade,Cade Cavalli,Cavalli,0,1,7000,MIL@WSH,WSH,MIL,,,,,,P
119112-21097,P,Taijuan,Taijuan Walker,Walker,13.73913043478261,23,7000,DET@PHI,PHI,DET,,,,,,P
119112-52155,P,Jon,Jon Gray,Gray,6.666666666666667,3,7000,TEX@SEA,TEX,SEA,,,,,,P
119112-208032,P,Brant,Brant Hurter,Hurter,9.65625,34,7000,DET@PHI,DET,PHI,,,,,,P
119112-79076,P,Kolby,Kolby Allard,Allard,8.681818181818182,22,7000,MIN@CLE,CLE,MIN,,,,,,P
119112-146733,P,Kyle,Kyle Harrison,Harrison,14.5,8,7000,HOU@BOS,BOS,HOU,,,,,,P
119112-102335,P,Cristian,Cristian Javier,Javier,24.285714285714285,8,7000,HOU@BOS,HOU,BOS,IL,Elbow,,,,P
119112-79853,P,Jordan,Jordan Montgomery,Montgomery,17.16,25,7000,MIL@WSH,MIL,WSH,IL,Elbow,,,,P
119112-102572,P,Tobias,Tobias Myers,Myers,12.375,8,6900,MIL@WSH,MIL,WSH,,,,,,P
119112-219662,P,Colton,Colton Gordon,Gordon,21.46153846153846,13,6900,HOU@BOS,HOU,BOS,,,,Yes,,P
119112-170527,P,Jason,Jason Alexander,Alexander,10.5,8,6900,HOU@BOS,HOU,BOS,,,,,,P
119112-102498,P,Patrick,Patrick Sandoval,Sandoval,23.4375,16,6800,HOU@BOS,BOS,HOU,IL,Elbow,,,,P
119112-102569,P,Michael,Michael Mercado,Mercado,2,3,6800,DET@PHI,PHI,DET,,,,,,P
119112-213198,P,Ryan,Ryan Gusto,Gusto,18,24,6800,NYY@MIA,MIA,NYY,,,,,,P
119112-53608,P,Jose,Jose Urena,Urena,5.777777777777778,9,6800,MIN@CLE,MIN,CLE,,,,,,P
119112-82540,P,Tanner,Tanner Houck,Houck,13.555555555555555,9,6800,HOU@BOS,BOS,HOU,IL,Elbow,,,,P
119112-211765,P,Richard,Richard Fitts,Fitts,17.3,10,6800,HOU@BOS,BOS,HOU,,,,,,P
119112-80859,P,Paul,Paul Blackburn,Blackburn,8.833333333333334,6,6800,SF@NYM,NYM,SF,IL,Shoulder,,,,P
119112-79133,P,Matt,Matt Manning,Manning,21.4,5,6800,DET@PHI,PHI,DET,,,,,,P
119112-185845,P,Allan,Allan Winans,Winans,6.333333333333333,3,6800,NYY@MIA,NYY,MIA,,,,,,P
119112-194697,P,Sawyer,Sawyer Gipson-Long,Gipson-Long,17.4,5,6700,DET@PHI,DET,PHI,IL,Neck,,,,P
119112-219569,P,Justin,Justin Hagenman,Hagenman,13.75,4,6700,SF@NYM,NYM,SF,,,,,,P
119112-156976,P,Darren,Darren McCaughan,McCaughan,10.333333333333334,3,6700,MIN@CLE,MIN,CLE,,,,,,P
119112-226810,P,Blade,Blade Tidwell,Tidwell,9,4,6700,SF@NYM,SF,NYM,,,,,,P
119112-219703,P,Travis,Travis Adams,Adams,9.25,4,6600,MIN@CLE,MIN,CLE,,,,,,P
119112-82537,P,DL,DL Hall,Hall,7.875,16,6600,MIL@WSH,MIL,WSH,,,,,,P
119112-68483,P,Trevor,Trevor Williams,Williams,17.294117647058822,17,6600,MIL@WSH,WSH,MIL,IL,Elbow,,,,P
119112-203678,P,Hayden,Hayden Birdsong,Birdsong,16.2,21,6600,SF@NYM,SF,NYM,,,,,,P
119112-102515,P,Aaron,Aaron Ashby,Ashby,9.473684210526315,19,6500,MIL@WSH,MIL,WSH,,,,,,P
119112-52174,P,Steven,Steven Matz,Matz,8.53125,32,6500,HOU@BOS,BOS,HOU,,,,,,P
119112-208114,P,Connor,Connor Gillispie,Gillispie,12,6,6500,MIN@CLE,MIN,CLE,,,,,,P
119112-181805,P,J.P.,J.P. France,France,15.8,6,6500,HOU@BOS,HOU,BOS,IL,Shoulder,,,,P
119112-165665,P,Robert,Robert Gasser,Gasser,25.6,5,6500,MIL@WSH,MIL,WSH,IL,Elbow,,,,P
119112-102456,P,Jhonathan,Jhonathan Diaz,Diaz,7,1,6400,TEX@SEA,SEA,TEX,,,,,,P
119112-79147,P,Jakob,Jakob Junis,Junis,5.048780487804878,41,6400,MIN@CLE,CLE,MIN,,,,,,P
119112-222565,P,Shinnosuke,Shinnosuke Ogasawara,Ogasawara,5.5,2,6400,MIL@WSH,WSH,MIL,,,,,,P
119112-102416,P,Tyler,Tyler Phillips,Phillips,6.054054054054054,37,6300,NYY@MIA,MIA,NYY,,,,,,P
119112-138016,P,Brandon,Brandon Waddell,Waddell,9.9,10,6300,SF@NYM,NYM,SF,IL,Hip,,,,P
119112-161256,P,Cooper,Cooper Criswell,Criswell,10.285714285714286,7,6300,HOU@BOS,BOS,HOU,,,,,,P
119112-73835,P,Ty,Ty Blach,Blach,9.15,20,6200,TEX@SEA,TEX,SEA,IL,Undisclosed,,,,P
119112-119447,P,Joan,Joan Adon,Adon,3.25,8,6200,MIL@WSH,WSH,MIL,,,,,,P
119112-82636,P,Joey,Joey Lucchesi,Lucchesi,5.235294117647059,17,6200,SF@NYM,SF,NYM,,,,,,P
119112-181823,P,Keaton,Keaton Winn,Winn,17.666666666666668,12,6200,SF@NYM,SF,NYM,,,,,,P
119112-222885,P,Brad,Brad Lord,Lord,9.305555555555555,37,6200,MIL@WSH,WSH,MIL,,,,,,P
119112-165546,P,Ty,Ty Madden,Madden,13.142857142857142,7,6200,DET@PHI,DET,PHI,IL,Shoulder,,,,P
119112-165600,P,Jake,Jake Eder,Eder,8.75,8,6200,MIL@WSH,WSH,MIL,,,,,,P
119112-202480,P,Adam,Adam Mazur,Mazur,20,1,6200,NYY@MIA,MIA,NYY,,,,,,P
119112-219706,P,Carson,Carson Seymour,Seymour,10.5,4,6100,SF@NYM,SF,NYM,,,,,,P
119112-195785,P,Caleb,Caleb Boushley,Boushley,7.684210526315789,19,6100,TEX@SEA,TEX,SEA,,,,,,P
119112-163692,P,Jose,Jose Butto,Butto,6.485714285714286,35,6100,SF@NYM,SF,NYM,,,,,,P
119112-102446,P,Tristan,Tristan Beck,Beck,6.071428571428571,14,6000,SF@NYM,SF,NYM,,,,,,P
119112-102502,P,Josiah,Josiah Gray,Gray,6.5,3,6000,MIL@WSH,WSH,MIL,IL,Elbow,,,,P
119112-198904,P,Christian,Christian Scott,Scott,22.11111111111111,9,6000,SF@NYM,NYM,SF,IL,Elbow,,,,P
119112-101804,P,Huascar,Huascar Ynoa,Ynoa,0,2,6000,MIN@CLE,MIN,CLE,,,,,,P
119112-163681,P,Josh,Josh Winckowski,Winckowski,7.833333333333333,6,6000,HOU@BOS,BOS,HOU,IL,Elbow,,,,P
119112-199224,P,Mason,Mason Black,Black,18,1,5900,SF@NYM,SF,NYM,,,,,,P
119112-119449,P,Jackson,Jackson Rutledge,Rutledge,4.578947368421052,38,5900,MIL@WSH,WSH,MIL,,,,,,P
119112-161167,P,Glenn,Glenn Otto,Otto,0,1,5900,HOU@BOS,HOU,BOS,IL,Shoulder,,,,P
119112-177584,P,Xzavion,Xzavion Curry,Curry,2,3,5900,NYY@MIA,MIA,NYY,,,,,,P
119112-52873,P,Joe,Joe Ross,Ross,5.633333333333334,31,5900,DET@PHI,PHI,DET,IL,Back,,,,P
119112-169742,P,Tyler,Tyler Holton,Holton,5.717391304347826,47,5900,DET@PHI,DET,PHI,,,,,,P
119112-163675,P,Noah,Noah Davis,Davis,2.4,6,5900,MIN@CLE,MIN,CLE,,,,,,P
119112-135208,P,Shawn,Shawn Dubin,Dubin,6.555555555555555,18,5700,HOU@BOS,HOU,BOS,IL,Forearm,,,,P
119112-119431,P,Seth,Seth Johnson,Johnson,6.222222222222222,9,5700,DET@PHI,PHI,DET,,,,,,P
119112-213867,P,Blas,Blas Castano,Castano,3,1,5700,TEX@SEA,SEA,TEX,,,,,,P
119112-101838,P,JT,JT Brubaker,Brubaker,4.636363636363637,11,5700,NYY@MIA,NYY,MIA,,,,,,P
119112-195151,P,Anthony,Anthony Veneziano,Veneziano,3.75,24,5600,NYY@MIA,MIA,NYY,,,,,,P
119112-102405,P,Sean,Sean Hjelle,Hjelle,3.75,12,5500,SF@NYM,SF,NYM,,,,,,P
119112-178184,P,Kevin,Kevin Herget,Herget,5.333333333333333,3,5500,SF@NYM,NYM,SF,,,,,,P
119112-102419,P,Cole,Cole Winn,Winn,6.1875,16,5500,TEX@SEA,TEX,SEA,,,,,,P
119112-114708,P,Randy,Randy Dobnak,Dobnak,16,1,5500,DET@PHI,DET,PHI,,,,,,P
119112-135191,P,Josh,Josh Fleming,Fleming,4.541666666666667,25,5500,TEX@SEA,SEA,TEX,,,,,,P
119112-79895,P,Miguel,Miguel Diaz,Diaz,3,1,5500,SF@NYM,SF,NYM,,,,,,P
119112-135196,P,Tyler,Tyler Zuber,Zuber,9,1,5500,NYY@MIA,MIA,NYY,,,,,,P
119112-161827,P,Seth,Seth Martinez,Martinez,5.0227272727272725,44,5500,NYY@MIA,MIA,NYY,,,,,,P
119112-102442,P,Freddy,Freddy Tarnok,Tarnok,7.5,2,5500,NYY@MIA,MIA,NYY,,,,,,P
119112-102448,P,Brenan,Brenan Hanifee,Hanifee,4.913043478260869,46,5500,DET@PHI,DET,PHI,,,,,,P
119112-102455,P,Cory,Cory Abbott,Abbott,0,1,5500,TEX@SEA,TEX,SEA,,,,,,P
119112-192574,P,Lane,Lane Ramsey,Ramsey,,0,5500,NYY@MIA,MIA,NYY,,,,,,P
119112-172092,P,Garrett,Garrett Hill,Hill,0,1,5500,TEX@SEA,SEA,TEX,,,,,,P
119112-79936,P,Mark,Mark Leiter Jr.,Leiter Jr.,5.146341463414634,41,5500,NYY@MIA,NYY,MIA,IL,Leg,,,,P
119112-104512,P,Geoff,Geoff Hartlieb,Hartlieb,0.25,4,5500,DET@PHI,DET,PHI,,,,,,P
119112-135236,P,Max,Max Kranick,Kranick,6.625,24,5500,SF@NYM,NYM,SF,IL,Elbow,,,,P
119112-102470,P,Rico,Rico Garcia,Garcia,10.25,8,5500,SF@NYM,NYM,SF,,,,,,P
119112-135237,P,Nick,Nick Mears,Mears,4.511111111111111,46,5500,MIL@WSH,MIL,WSH,,,,,,P
119112-102489,P,Carlos,Carlos Hernandez,Hernandez,4.057142857142857,36,5500,MIN@CLE,CLE,MIN,,,,,,P
119112-135262,P,Anthony,Anthony Misiewicz,Misiewicz,4.333333333333333,4,5500,MIN@CLE,MIN,CLE,IL,Pectoral,,,,P
119112-102500,P,Robert,Robert Dugger,Dugger,,0,5500,TEX@SEA,TEX,SEA,,,,,,P
119112-102503,P,John,John Rooney,Rooney,,0,5500,NYY@MIA,MIA,NYY,,,,,,P
119112-116839,P,David,David Bednar,Bednar,6.0476190476190474,43,5500,NYY@MIA,NYY,MIA,,,,,,P
119112-135279,P,Codi,Codi Heuer,Heuer,4,1,5500,DET@PHI,DET,PHI,,,,,,P
119112-231537,P,Pierson,Pierson Ohl,Ohl,9,1,5500,MIN@CLE,MIN,CLE,,,,,,P
119112-159857,P,Jose,Jose Marte,Marte,6.071428571428571,14,5500,SF@NYM,NYM,SF,IL,Shoulder,,,,P
119112-102517,P,Jhoan,Jhoan Duran,Duran,6.26,50,5500,DET@PHI,PHI,DET,,,,,,P
119112-209026,P,Parker,Parker Dunshee,Dunshee,1,1,5500,MIL@WSH,WSH,MIL,,,,,,P
119112-116868,P,Gabe,Gabe Speier,Speier,5.530612244897959,49,5500,TEX@SEA,SEA,TEX,,,,,,P
119112-135303,P,Jordan,Jordan Weems,Weems,1.5,2,5500,HOU@BOS,HOU,BOS,,,,,,P
119112-102542,P,Travis,Travis MacGregor,MacGregor,,0,5500,TEX@SEA,TEX,SEA,,,,,,P
119112-102549,P,Andres,Andres Munoz,Munoz,6.785714285714286,42,5500,TEX@SEA,SEA,TEX,,,,,,P
119112-102558,P,Gregory,Gregory Santos,Santos,1.875,8,5500,TEX@SEA,SEA,TEX,IL,Knee,,,,P
119112-184482,P,Hobie,Hobie Harris,Harris,,0,5500,HOU@BOS,BOS,HOU,,,,,,P
119112-102560,P,Camilo,Camilo Doval,Doval,5.5,48,5500,NYY@MIA,NYY,MIA,,,,,,P
119112-80034,P,Jose,Jose Alvarado,Alvarado,7.05,20,5500,DET@PHI,PHI,DET,NA,Suspension,,,,P
119112-102568,P,Colin,Colin Poche,Poche,2,14,5500,SF@NYM,NYM,SF,,,,,,P
119112-135339,P,Clayton,Clayton Beeter,Beeter,-2,2,5500,MIL@WSH,WSH,MIL,,,,,,P
119112-145591,P,Eduard,Eduard Bazardo,Bazardo,6.204081632653061,49,5500,TEX@SEA,SEA,TEX,,,,,,P
119112-209078,P,Max,Max Lazar,Lazar,3.909090909090909,22,5500,DET@PHI,PHI,DET,,,,,,P
119112-102587,P,Jordan,Jordan Balazovic,Balazovic,,0,5500,DET@PHI,DET,PHI,,,,,,P
119112-145593,P,Carlos,Carlos Vargas,Vargas,4.404255319148936,47,5500,TEX@SEA,SEA,TEX,,,,,,P
119112-135358,P,Dylan,Dylan File,File,,0,5500,TEX@SEA,SEA,TEX,,,,,,P
119112-102593,P,Gerardo,Gerardo Carrillo,Carrillo,,0,5500,TEX@SEA,TEX,SEA,,,,,,P
119112-135361,P,Nabil,Nabil Crismatt,Crismatt,7.8,5,5500,DET@PHI,PHI,DET,,,,,,P
119112-194770,P,Nick,Nick Hernandez,Hernandez,7.666666666666667,3,5500,HOU@BOS,HOU,BOS,,,,,,P
119112-145620,P,Helcris,Helcris Olivarez,Olivarez,,0,5500,SF@NYM,SF,NYM,,,,,,P
119112-145630,P,Kervin,Kervin Castro,Castro,,0,5500,NYY@MIA,NYY,MIA,,,,,,P
119112-145629,P,Mason,Mason Thompson,Thompson,0.5,6,5500,MIL@WSH,WSH,MIL,,,,,,P
119112-209116,P,Troy,Troy Taylor,Taylor,-0.14285714285714285,8,5500,TEX@SEA,SEA,TEX,,,,,,P
119112-104672,P,Devin,Devin Smeltzer,Smeltzer,0,2,5500,DET@PHI,DET,PHI,,,,,,P
119112-149731,P,Anthony,Anthony Bender,Bender,4.978260869565218,46,5500,NYY@MIA,MIA,NYY,,,,,,P
119112-178411,P,Michael,Michael Plassmeyer,Plassmeyer,0,1,5500,TEX@SEA,TEX,SEA,,,,,,P
119112-205032,P,Daniel,Daniel Robert,Robert,3.8333333333333335,12,5500,DET@PHI,PHI,DET,IL,Finger,,,,P
119112-198896,P,Noble,Noble Meyer,Meyer,,0,5500,NYY@MIA,MIA,NYY,,,,,,P
119112-198901,P,Chase,Chase Hampton,Hampton,,0,5500,NYY@MIA,NYY,MIA,IL,Elbow,,,,P
119112-198919,P,Robby,Robby Snelling,Snelling,,0,5500,NYY@MIA,MIA,NYY,,,,,,P
119112-225549,P,Patrick,Patrick Monteverde,Monteverde,11,1,5500,NYY@MIA,MIA,NYY,,,,,,P
119112-198938,P,Carson,Carson Whisenhunt,Whisenhunt,12,1,5500,SF@NYM,SF,NYM,,,,,,P
119112-157997,P,Sean,Sean Guenther,Guenther,4.111111111111111,9,5500,DET@PHI,DET,PHI,IL,Hip,,,,P
119112-180540,P,Easton,Easton McGee,McGee,5.142857142857143,7,5500,MIL@WSH,MIL,WSH,,,,,,P
119112-203075,P,Michael,Michael Petersen,Petersen,6.5,4,5500,NYY@MIA,MIA,NYY,,,,,,P
119112-203074,P,Spencer,Spencer Bivens,Bivens,6.111111111111111,36,5500,SF@NYM,SF,NYM,,,,,,P
119112-174406,P,Huascar,Huascar Brazoban,Brazoban,6.181818181818182,44,5500,SF@NYM,NYM,SF,,,,,,P
119112-209224,P,Orlando,Orlando Ribalta,Ribalta,6.5,4,5500,MIL@WSH,WSH,MIL,,,,,,P
119112-135525,P,Adam,Adam Seminaris,Seminaris,,0,5500,TEX@SEA,SEA,TEX,,,,,,P
119112-135530,P,Brett,Brett de Geus,de Geus,3,1,5500,DET@PHI,PHI,DET,,,,,,P
119112-153961,P,Tayler,Tayler Saucedo,Saucedo,2.8,5,5500,TEX@SEA,SEA,TEX,,,,,,P
119112-225667,P,Cade,Cade Gibson,Gibson,5.84,25,5500,NYY@MIA,MIA,NYY,,,,,,P
119112-225665,P,Sauryn,Sauryn Lao,Lao,14,1,5500,TEX@SEA,SEA,TEX,,,,,,P
119112-170384,P,Yerry,Yerry de los Santos,de los Santos,7.117647058823529,17,5500,NYY@MIA,NYY,MIA,,,,,,P
119112-225748,P,Craig,Craig Yoho,Yoho,2.4285714285714284,7,5500,MIL@WSH,MIL,WSH,,,,,,P
119112-182750,P,Andrew,Andrew Painter,Painter,,0,5500,DET@PHI,PHI,DET,,,,,,P
119112-84452,P,Caleb,Caleb Ferguson,Ferguson,4.195652173913044,46,5500,TEX@SEA,SEA,TEX,,,,,,P
119112-145918,P,Will,Will Vest,Vest,6.5227272727272725,44,5500,DET@PHI,DET,PHI,,,,,,P
119112-184829,P,McKinley,McKinley Moore,Moore,0,3,5500,NYY@MIA,NYY,MIA,,,,,,P
119112-119298,P,Luis,Luis Frias,Frias,1.8181818181818181,11,5500,MIN@CLE,CLE,MIN,,,,,,P
119112-119310,P,Noah,Noah Song,Song,,0,5500,HOU@BOS,BOS,HOU,,,,,,P
119112-191007,P,Declan,Declan Cronin,Cronin,6.125,56,5500,NYY@MIA,MIA,NYY,,,,,,P
119112-119331,P,Daniel,Daniel Espino,Espino,0,3,5500,MIN@CLE,CLE,MIN,IL,Shoulder,,,,P
119112-119339,P,Tyler,Tyler Ivey,Ivey,,0,5500,HOU@BOS,HOU,BOS,,,,,,P
119112-219694,P,Winston,Winston Santos,Santos,,0,5500,TEX@SEA,TEX,SEA,IL,Back,,,,P
119112-219693,P,Emiliano,Emiliano Teodo,Teodo,,0,5500,TEX@SEA,TEX,SEA,IL,Undisclosed,,,,P
119112-178743,P,Nicholas,Nicholas Padilla,Padilla,,0,5500,DET@PHI,PHI,DET,,,,,,P
119112-219702,P,Marco,Marco Raya,Raya,,0,5500,MIN@CLE,MIN,CLE,,,,,,P
119112-219701,P,Franco,Franco Aleman,Aleman,,0,5500,MIN@CLE,CLE,MIN,,,,,,P
119112-219707,P,Jean,Jean Cabrera,Cabrera,,0,5500,DET@PHI,PHI,DET,,,,,,P
119112-219705,P,Moises,Moises Chace,Chace,,0,5500,DET@PHI,PHI,DET,IL,Elbow,,,,P
119112-119356,P,Oliver,Oliver Ortega,Ortega,0,1,5500,SF@NYM,NYM,SF,IL,Elbow,,,,P
119112-119359,P,Ethan,Ethan Small,Small,0,2,5500,SF@NYM,SF,NYM,IL,Undisclosed,,,,P
119112-219708,P,Carson,Carson Ragsdale,Ragsdale,,0,5500,SF@NYM,SF,NYM,,,,,,P
119112-119367,P,Matt,Matt Canterino,Canterino,0,1,5500,MIN@CLE,MIN,CLE,IL,Shoulder,,,,P
119112-72265,P,Matt,Matt Strahm,Strahm,5.288888888888889,45,5500,DET@PHI,PHI,DET,,,,,,P
119112-139851,P,Justin,Justin Topa,Topa,4.85,40,5500,MIN@CLE,MIN,CLE,,,,,,P
119112-119375,P,Dedniel,Dedniel Nunez,Nunez,5.222222222222222,10,5500,SF@NYM,NYM,SF,IL,Elbow,,,,P
119112-219730,P,Chase,Chase Lee,Lee,6.03125,32,5500,DET@PHI,DET,PHI,,,,,,P
119112-219729,P,Tyler,Tyler Mattison,Mattison,,0,5500,DET@PHI,DET,PHI,,,,,,P
119112-219728,P,Tyler,Tyler Owens,Owens,3,3,5500,DET@PHI,DET,PHI,IL,Hip,,,,P
119112-16989,P,Wilking,Wilking Rodriguez,Rodriguez,,0,5500,NYY@MIA,NYY,MIA,,,,,,P
119112-119388,P,Junior,Junior Santos,Santos,,0,5500,MIL@WSH,WSH,MIL,,,,,,P
119112-119392,P,Josh,Josh Wolf,Wolf,,0,5500,SF@NYM,SF,NYM,,,,,,P
119112-21096,P,Erasmo,Erasmo Ramirez,Ramirez,7.3076923076923075,13,5500,MIN@CLE,MIN,CLE,,,,,,P
119112-186986,P,Eduardo,Eduardo Salazar,Salazar,2.5,30,5500,MIL@WSH,WSH,MIL,,,,,,P
119112-119403,P,Erik,Erik Miller,Miller,4.714285714285714,36,5500,SF@NYM,SF,NYM,IL,Elbow,,,,P
119112-82541,P,Bryan,Bryan Mata,Mata,0,2,5500,HOU@BOS,BOS,HOU,,,,,,P
119112-162419,P,Matt,Matt Brash,Brash,5.225806451612903,31,5500,TEX@SEA,SEA,TEX,,,,,,P
119112-82546,P,Adbert,Adbert Alzolay,Alzolay,3.888888888888889,18,5500,SF@NYM,NYM,SF,IL,Elbow,,,,P
119112-119413,P,Isaiah,Isaiah Campbell,Campbell,0,1,5500,HOU@BOS,BOS,HOU,,,,,,P
119112-135798,P,Garrett,Garrett Stallings,Stallings,,0,5500,MIL@WSH,MIL,WSH,,,,,,P
119112-82548,P,Alex,Alex Lange,Lange,4.380952380952381,21,5500,DET@PHI,DET,PHI,IL,Lat,,,,P
119112-82572,P,Gregory,Gregory Soto,Soto,4.340425531914893,47,5500,SF@NYM,NYM,SF,,,,,,P
119112-12943,P,Shelby,Shelby Miller,Miller,6.027027027027027,37,5500,MIL@WSH,MIL,WSH,IL,Forearm,,,,P
119112-203415,P,Bryan,Bryan King,King,5.695652173913044,46,5500,HOU@BOS,HOU,BOS,,,,,,P
119112-170647,P,Jared,Jared Koenig,Koenig,4.294117647058823,51,5500,MIL@WSH,MIL,WSH,,,,,,P
119112-164500,P,Ryan,Ryan Cusick,Cusick,,0,5500,DET@PHI,PHI,DET,,,,,,P
119112-119446,P,Andry,Andry Lara,Lara,4.428571428571429,7,5500,MIL@WSH,WSH,MIL,,,,,,P
119112-82584,P,JB,JB Bukauskas,Bukauskas,5.5,6,5500,MIL@WSH,MIL,WSH,IL,Lat,,,,P
119112-82587,P,Richard,Richard Lovelady,Lovelady,2.375,8,5500,SF@NYM,NYM,SF,,,,,,P
119112-119451,P,Matt,Matt Cronin,Cronin,,0,5500,TEX@SEA,SEA,TEX,IL,Undisclosed,,,,P
119112-203420,P,Austin,Austin Kitchen,Kitchen,0,4,5500,TEX@SEA,SEA,TEX,,,,,,P
119112-164517,P,Chris,Chris Murphy,Murphy,8.9,10,5500,HOU@BOS,BOS,HOU,,,,,,P
119112-80571,P,Phil,Phil Maton,Maton,5.878048780487805,41,5500,TEX@SEA,TEX,SEA,,,,,,P
119112-82628,P,Adonis,Adonis Medina,Medina,,0,5500,DET@PHI,PHI,DET,,,,,,P
119112-170699,P,Matt,Matt Gage,Gage,5.2727272727272725,11,5500,SF@NYM,SF,NYM,,,,,,P
119112-82639,P,Ryan,Ryan Helsley,Helsley,6.081081081081081,37,5500,SF@NYM,NYM,SF,,,,,,P
119112-228050,P,Nolan,Nolan Hoffman,Hoffman,,0,5500,DET@PHI,PHI,DET,,,,,,P
119112-228057,P,Jayvien,Jayvien Sandridge,Sandridge,2,1,5500,NYY@MIA,NYY,MIA,,,,,,P
119112-82657,P,Wil,Wil Crowe,Crowe,,0,5500,DET@PHI,PHI,DET,,,,,,P
119112-53990,P,Shawn,Shawn Armstrong,Armstrong,5.934782608695652,47,5500,TEX@SEA,TEX,SEA,,,,,,P
119112-187121,P,Grant,Grant Anderson,Anderson,6,49,5500,MIL@WSH,MIL,WSH,,,,,,P
119112-84727,P,Drew,Drew Smith,Smith,5.7894736842105265,19,5500,SF@NYM,NYM,SF,IL,Elbow,,,,P
119112-84732,P,Robert,Robert Stock,Stock,1,2,5500,HOU@BOS,BOS,HOU,,,,,,P
119112-228101,P,Jonathan,Jonathan Pintaro,Pintaro,-1,1,5500,SF@NYM,NYM,SF,,,,,,P
119112-211737,P,Luis,Luis Guerrero,Guerrero,4.461538461538462,13,5500,HOU@BOS,BOS,HOU,IL,Elbow,,,,P
119112-199461,P,Luis,Luis Contreras,Contreras,5.333333333333333,9,5500,HOU@BOS,HOU,BOS,,,,,,P
119112-135976,P,Bennett,Bennett Sousa,Sousa,7.666666666666667,37,5500,HOU@BOS,HOU,BOS,,,,,,P
119112-199465,P,Juan,Juan Sanchez,Sanchez,,0,5500,SF@NYM,SF,NYM,,,,,,P
119112-103218,P,Nick,Nick Margevicius,Margevicius,,0,5500,DET@PHI,DET,PHI,,,,,,P
119112-178997,P,Greg,Greg Weissert,Weissert,4.470588235294118,51,5500,HOU@BOS,BOS,HOU,,,,,,P
119112-13118,P,Justin,Justin Wilson,Wilson,4.95,41,5500,HOU@BOS,BOS,HOU,,,,,,P
119112-119622,P,Matt,Matt Allan,Allan,,0,5500,SF@NYM,NYM,SF,,,,,,P
119112-11108,P,Aroldis,Aroldis Chapman,Chapman,6.76595744680851,47,5500,HOU@BOS,BOS,HOU,,,,,,P
119112-213871,P,Luarbert,Luarbert Arias,Arias,3.6666666666666665,6,5500,NYY@MIA,MIA,NYY,,,,,,P
119112-68466,P,Steven,Steven Okert,Okert,6.022222222222222,45,5500,HOU@BOS,HOU,BOS,,,,,,P
119112-15225,P,Liam,Liam Hendriks,Hendriks,3.357142857142857,14,5500,HOU@BOS,BOS,HOU,IL,Hip,,,,P
119112-203642,P,Raymond,Raymond Burgos,Burgos,3,1,5500,SF@NYM,SF,NYM,,,,,,P
119112-68474,P,Josh,Josh Hader,Hader,7.934782608695652,46,5500,HOU@BOS,HOU,BOS,,,,,,P
119112-170889,P,Aneurys,Aneurys Zabala,Zabala,,0,5500,DET@PHI,DET,PHI,,,,,,P
119112-23437,P,Brooks,Brooks Raley,Raley,5.6,5,5500,SF@NYM,NYM,SF,,,,,,P
119112-170895,P,Jake,Jake Bird,Bird,6.177777777777778,46,5500,NYY@MIA,NYY,MIA,,,,,,P
119112-80801,P,Hoby,Hoby Milner,Milner,5.244897959183674,51,5500,TEX@SEA,TEX,SEA,,,,,,P
119112-179118,P,Zack,Zack Kelly,Kelly,6.6875,17,5500,HOU@BOS,BOS,HOU,IL,Oblique,,,,P
119112-52141,P,Lucas,Lucas Sims,Sims,1.5625,18,5500,DET@PHI,PHI,DET,,,,,,P
119112-68527,P,Jose,Jose De Leon,De Leon,,0,5500,HOU@BOS,BOS,HOU,,,,,,P
119112-52146,P,Carl,Carl Edwards Jr.,Edwards Jr.,3,2,5500,TEX@SEA,TEX,SEA,,,,,,P
119112-175032,P,Brennan,Brennan Bernardino,Bernardino,4.739130434782608,47,5500,HOU@BOS,BOS,HOU,,,,,,P
119112-68548,P,Edwin,Edwin Diaz,Diaz,7.790697674418604,43,5500,SF@NYM,NYM,SF,,,,,,P
119112-68551,P,Tyler,Tyler Beede,Beede,4.846153846153846,13,5500,MIN@CLE,MIN,CLE,,,,,,P
119112-68561,P,Luke,Luke Weaver,Weaver,5.512820512820513,39,5500,NYY@MIA,NYY,MIA,,,,,,P
119112-193498,P,John,John McMillon,McMillon,9,10,5500,DET@PHI,PHI,DET,,,,,,P
119112-52192,P,Luke,Luke Jackson,Jackson,3.8421052631578947,41,5500,DET@PHI,DET,PHI,,,,,,P
119112-187367,P,Nick,Nick Robertson,Robertson,7.111111111111111,9,5500,HOU@BOS,HOU,BOS,,,,,,P
119112-213995,P,Luis,Luis Curvelo,Curvelo,15,1,5500,TEX@SEA,TEX,SEA,,,,,,P
119112-68584,P,Tyler,Tyler Jay,Jay,5.8,5,5500,MIL@WSH,MIL,WSH,,,,,,P
119112-82924,P,Tim,Tim Hill,Hill,4.03921568627451,52,5500,NYY@MIA,NYY,MIA,,,,,,P
119112-70649,P,Adrian,Adrian Sampson,Sampson,0,1,5500,MIL@WSH,WSH,MIL,,,,,,P
119112-168965,P,Tanner,Tanner Banks,Banks,5.319148936170213,47,5500,DET@PHI,PHI,DET,,,,,,P
119112-211985,P,Andrew,Andrew Walters,Walters,2,2,5500,MIN@CLE,CLE,MIN,IL,Lat,,,,P
119112-82974,P,Tanner,Tanner Rainey,Rainey,2.3,11,5500,DET@PHI,DET,PHI,,,,,,P
119112-154688,P,Jake,Jake Cousins,Cousins,6.4186046511627906,43,5500,NYY@MIA,NYY,MIA,IL,Elbow,,,,P
119112-11333,P,Craig,Craig Kimbrel,Kimbrel,6,1,5500,TEX@SEA,TEX,SEA,,,,,,P
119112-179275,P,Fernando,Fernando Cruz,Cruz,7.5,32,5500,NYY@MIA,NYY,MIA,IL,Oblique,,,,P
119112-189528,P,Robert,Robert Garcia,Garcia,4.808510638297872,48,5500,TEX@SEA,TEX,SEA,,,,,,P
119112-195682,P,Orion,Orion Kerkering,Kerkering,5.260869565217392,46,5500,DET@PHI,PHI,DET,,,,,,P
119112-201853,P,Ryan,Ryan Loutos,Loutos,1.6,11,5500,MIL@WSH,WSH,MIL,,,,,,P
119112-54403,P,Trevor,Trevor Gott,Gott,0,1,5500,TEX@SEA,SEA,TEX,,,,,,P
119112-187521,P,Joe,Joe Jacques,Jacques,3,2,5500,TEX@SEA,SEA,TEX,,,,,,P
119112-179339,P,Bryce,Bryce Montes de Oca,Montes de Oca,,0,5500,SF@NYM,NYM,SF,IL,Elbow,,,,P
119112-21653,P,Hector,Hector Neris,Neris,4.714285714285714,31,5500,HOU@BOS,HOU,BOS,,,,,,P
119112-38043,P,Enny,Enny Romero,Romero,,0,5500,SF@NYM,SF,NYM,,,,,,P
119112-154794,P,Joe,Joe Barlow,Barlow,,0,5500,TEX@SEA,TEX,SEA,,,,,,P
119112-85164,P,Matt,Matt Festa,Festa,3.7777777777777777,37,5500,MIN@CLE,CLE,MIN,,,,,,P
119112-160965,P,Elvis,Elvis Peguero,Peguero,4.166666666666667,6,5500,MIL@WSH,MIL,WSH,,,,,,P
119112-83145,P,Jose,Jose Castillo,Castillo,4.611111111111111,19,5500,SF@NYM,NYM,SF,,,,,,P
119112-21707,P,Michael,Michael Mariot,Mariot,,0,5500,TEX@SEA,SEA,TEX,,,,,,P
119112-83149,P,Jesus,Jesus Liranzo,Liranzo,,0,5500,MIL@WSH,MIL,WSH,,,,,,P
119112-83154,P,Miguel,Miguel Del Pozo,Del Pozo,,0,5500,SF@NYM,SF,NYM,,,,,,P
119112-83163,P,Jonathan,Jonathan Loaisiga,Loaisiga,4.066666666666666,30,5500,NYY@MIA,NYY,MIA,,,,,,P
119112-60640,P,Nick,Nick Burdi,Burdi,7.75,4,5500,HOU@BOS,BOS,HOU,IL,Hip,,,,P
119112-83170,P,Thomas,Thomas Pannone,Pannone,,0,5500,MIL@WSH,MIL,WSH,IL,Forearm,,,,P
119112-152806,P,Jason,Jason Foley,Foley,4.044776119402985,70,5500,DET@PHI,DET,PHI,IL,Shoulder,,,,P
119112-146670,P,Christian,Christian Roa,Roa,0,2,5500,NYY@MIA,MIA,NYY,,,,,,P
119112-83184,P,Julian,Julian Merryweather,Merryweather,3.0952380952380953,21,5500,SF@NYM,NYM,SF,,,,,,P
119112-197873,P,Zach,Zach Brzykcy,Brzykcy,3.7083333333333335,25,5500,MIL@WSH,WSH,MIL,,,,,,P
119112-146678,P,Tanner,Tanner Burns,Burns,,0,5500,MIN@CLE,CLE,MIN,IL,Oblique,,,,P
119112-79097,P,Bryan,Bryan Hudson,Hudson,4.583333333333333,12,5500,MIL@WSH,MIL,WSH,,,,,,P
119112-83193,P,Jesus,Jesus Tinoco,Tinoco,3.35,20,5500,NYY@MIA,MIA,NYY,IL,Forearm,,,,P
119112-197891,P,Michael,Michael Arias,Arias,0,2,5500,NYY@MIA,NYY,MIA,,,,,,P
119112-197890,P,Marc,Marc Church,Church,4.6,5,5500,TEX@SEA,TEX,SEA,IL,Elbow,,,,P
119112-146688,P,Alex,Alex Santos II,Santos II,,0,5500,HOU@BOS,HOU,BOS,,,,,,P
119112-197888,P,Bailey,Bailey Horn,Horn,4.666666666666667,3,5500,DET@PHI,DET,PHI,,,,,,P
119112-197893,P,Jose,Jose Corniell,Corniell,0,1,5500,TEX@SEA,TEX,SEA,,,,,,P
119112-197899,P,Kai-Wei,Kai-Wei Teng,Teng,4.5,5,5500,SF@NYM,SF,NYM,,,,Yes,,P
119112-146699,P,Dax,Dax Fulton,Fulton,,0,5500,NYY@MIA,MIA,NYY,,,,,,P
119112-197897,P,Trevor,Trevor McDonald,McDonald,12,1,5500,SF@NYM,SF,NYM,,,,,,P
119112-146702,P,Cole,Cole Sands,Sands,4.5,46,5500,MIN@CLE,MIN,CLE,,,,,,P
119112-79116,P,Riley,Riley Pint,Pint,1.75,4,5500,MIN@CLE,CLE,MIN,IL,Undisclosed,,,,P
119112-197902,P,Cade,Cade Smith,Smith,6.489795918367347,49,5500,MIN@CLE,CLE,MIN,,,,,,P
119112-197900,P,Luis,Luis Perales,Perales,0,2,5500,HOU@BOS,BOS,HOU,IL,Elbow,,,,P
119112-146706,P,Robert,Robert Dominguez,Dominguez,,0,5500,SF@NYM,NYM,SF,,,,,,P
119112-197910,P,Wilmer,Wilmer Flores,Flores,0,1,5500,DET@PHI,DET,PHI,IL,Shoulder,,,,P
119112-187669,P,Ty,Ty Adcock,Adcock,7,3,5500,SF@NYM,NYM,SF,,,,,,P
119112-179490,P,Cole,Cole Waites,Waites,,0,5500,SF@NYM,SF,NYM,IL,Undisclosed,,,,P
119112-116002,P,Joel,Joel Kuhnel,Kuhnel,5,6,5500,NYY@MIA,NYY,MIA,,,,,,P
119112-146727,P,Justin,Justin Lange,Lange,,0,5500,NYY@MIA,NYY,MIA,IL,Undisclosed,,,,P
119112-38189,P,Michael,Michael Tonkin,Tonkin,4.5,2,5500,MIN@CLE,MIN,CLE,,,,,,P
119112-146732,P,Nick,Nick Swiney,Swiney,,0,5500,HOU@BOS,HOU,BOS,,,,,,P
119112-146737,P,Cole,Cole Henry,Henry,4.666666666666667,41,5500,MIL@WSH,WSH,MIL,,,,,,P
119112-79161,P,Braxton,Braxton Garrett,Garrett,23.857142857142858,7,5500,NYY@MIA,MIA,NYY,IL,Elbow,,,,P
119112-154947,P,Justin,Justin Garza,Garza,3.4,5,5500,SF@NYM,NYM,SF,,,,,,P
119112-79171,P,Phil,Phil Bickford,Bickford,2.375,8,5500,DET@PHI,PHI,DET,,,,,,P
119112-113986,P,Emmanuel,Emmanuel Clase,Clase,5.458333333333333,48,5500,MIN@CLE,CLE,MIN,O,Personal,,,,P
119112-79172,P,Luis,Luis Ortiz,Ortiz,-4,3,5500,SF@NYM,NYM,SF,IL,Elbow,,,,P
119112-38217,P,Tommy,Tommy Kahnle,Kahnle,4.142857142857143,45,5500,DET@PHI,DET,PHI,,,,,,P
119112-226643,P,AJ,AJ Blubaugh,Blubaugh,24,1,5500,HOU@BOS,HOU,BOS,,,,,,P
119112-79184,P,Thomas,Thomas Szapucki,Szapucki,0,2,5500,DET@PHI,DET,PHI,,,,,,P
119112-204119,P,Jacob,Jacob Bosiokovic,Bosiokovic,,0,5500,MIN@CLE,MIN,CLE,,,,,,P
119112-21846,P,Chris,Chris Devenski,Devenski,4.818181818181818,11,5500,SF@NYM,NYM,SF,,,,,,P
119112-177493,P,Andrew,Andrew Nardi,Nardi,5.051724137931035,59,5500,NYY@MIA,MIA,NYY,IL,Back,,,,P
119112-38240,P,Rafael,Rafael Montero,Montero,4.2894736842105265,39,5500,DET@PHI,DET,PHI,,,,,,P
119112-193897,P,Kody,Kody Funderburk,Funderburk,4.230769230769231,13,5500,MIN@CLE,MIN,CLE,,,,,,P
119112-181651,P,Matt,Matt Krook,Krook,4.333333333333333,3,5500,MIN@CLE,CLE,MIN,,,,,,P
119112-79250,P,Junior,Junior Fernandez,Fernandez,,0,5500,SF@NYM,NYM,SF,,,,,,P
119112-62872,P,Vince,Vince Velasquez,Velasquez,,0,5500,MIN@CLE,CLE,MIN,,,,,,P
119112-79258,P,Ryne,Ryne Stanek,Stanek,4.72093023255814,44,5500,SF@NYM,NYM,SF,,,,,,P
119112-79265,P,Alex,Alex Speas,Speas,9,2,5500,MIN@CLE,MIN,CLE,,,,,,P
119112-101801,P,Joel,Joel Payamps,Payamps,2.260869565217391,23,5500,MIL@WSH,MIL,WSH,,,,,,P
119112-101803,P,Jacob,Jacob Webb,Webb,5.357142857142857,42,5500,TEX@SEA,TEX,SEA,IL,Back,,,,P
119112-101802,P,Patrick,Patrick Weigel,Weigel,,0,5500,MIL@WSH,WSH,MIL,,,,,,P
119112-101814,P,Sam,Sam Hentges,Hentges,5.12,25,5500,MIN@CLE,CLE,MIN,IL,Shoulder,,,,P
119112-101816,P,Bryan,Bryan Abreu,Abreu,7.583333333333333,49,5500,HOU@BOS,HOU,BOS,,,,,,P
119112-169400,P,Parker,Parker Mushinski,Mushinski,1.8,10,5500,MIN@CLE,CLE,MIN,,,,,,P
119112-101822,P,Josh,Josh Sborz,Sborz,5.6875,17,5500,TEX@SEA,TEX,SEA,IL,Shoulder,,,,P
119112-101829,P,Trey,Trey Supak,Supak,,0,5500,TEX@SEA,TEX,SEA,,,,,,P
119112-200143,P,Josh,Josh Maciejewski,Maciejewski,9,4,5500,MIL@WSH,MIL,WSH,,,,,,P
119112-101855,P,Trent,Trent Thornton,Thornton,5.121212121212121,33,5500,TEX@SEA,SEA,TEX,IL,Achilles,,,,P
119112-95737,P,Ian,Ian Hamilton,Hamilton,5.583333333333333,36,5500,NYY@MIA,NYY,MIA,,,,,,P
119112-161273,P,Scott,Scott Effross,Effross,1.8181818181818181,11,5500,NYY@MIA,NYY,MIA,,,,,,P
119112-101905,P,Sam,Sam McWilliams,McWilliams,,0,5500,MIL@WSH,MIL,WSH,,,,,,P
119112-101904,P,Jordan,Jordan Romano,Romano,3.8292682926829267,42,5500,DET@PHI,PHI,DET,,,,,,P
119112-101911,P,Reed,Reed Garrett,Garrett,5.883720930232558,45,5500,SF@NYM,NYM,SF,,,,,,P
119112-181791,P,Connor,Connor Thomas,Thomas,-2.5,2,5500,MIL@WSH,MIL,WSH,IL,Elbow,,,,P
119112-58913,P,Danny,Danny Coulombe,Coulombe,4.609756097560975,41,5500,TEX@SEA,TEX,SEA,,,,,,P
119112-181796,P,Blair,Blair Calvo,Calvo,,0,5500,DET@PHI,DET,PHI,,,,,,P
119112-181803,P,Zak,Zak Kent,Kent,7.75,4,5500,MIN@CLE,CLE,MIN,,,,,,P
119112-181801,P,Jose A.,Jose A. Ferrer,Ferrer,4.2745098039215685,51,5500,MIL@WSH,WSH,MIL,,,,,,P
119112-228913,P,PJ,PJ Poulin,Poulin,,0,5500,DET@PHI,DET,PHI,,,,,,P
119112-181815,P,Brent,Brent Headrick,Headrick,6.928571428571429,14,5500,NYY@MIA,NYY,MIA,,,,,,P
119112-222779,P,Thomas,Thomas White,White,,0,5500,NYY@MIA,MIA,NYY,,,,,,P
119112-181819,P,Tim,Tim Herrin,Herrin,4.342105263157895,39,5500,MIN@CLE,CLE,MIN,,,,,,P
119112-181816,P,Casey,Casey Legumina,Legumina,5.461538461538462,40,5500,TEX@SEA,SEA,TEX,,,,,,P
119112-181826,P,Colby,Colby White,White,0,1,5500,NYY@MIA,NYY,MIA,,,,,,P
119112-185926,P,Ryan,Ryan Walker,Walker,4.604166666666667,48,5500,SF@NYM,SF,NYM,,,,,,P
119112-181838,P,Abner,Abner Uribe,Uribe,6.137254901960785,51,5500,MIL@WSH,MIL,WSH,,,,,,P
119112-175698,P,Hunter,Hunter Gaddis,Gaddis,5.083333333333333,48,5500,MIN@CLE,CLE,MIN,,,,,,P
119112-81488,P,Jose,Jose Ruiz,Ruiz,2.888888888888889,18,5500,TEX@SEA,TEX,SEA,,,,,,P
119112-181843,P,Josh,Josh Simpson,Simpson,6.333333333333333,12,5500,NYY@MIA,MIA,NYY,,,,,,P
119112-181841,P,George,George Soriano,Soriano,6.333333333333333,12,5500,NYY@MIA,MIA,NYY,,,,,,P
119112-222807,P,Alejandro,Alejandro Rosario,Rosario,,0,5500,TEX@SEA,TEX,SEA,IL,Elbow,,,,P
119112-228948,P,Alex,Alex Carrillo,Carrillo,1.6666666666666667,3,5500,SF@NYM,NYM,SF,,,,,,P
119112-222812,P,Jaden,Jaden Hamm,Hamm,,0,5500,DET@PHI,DET,PHI,IL,Undisclosed,,,,P
119112-222819,P,Jonah,Jonah Tong,Tong,,0,5500,SF@NYM,NYM,SF,,,,,,P
119112-222822,P,Brandon,Brandon Sproat,Sproat,,0,5500,SF@NYM,NYM,SF,,,,,,P
119112-5735,P,David,David Robertson,Robertson,6.850746268656716,68,5500,DET@PHI,PHI,DET,,,,,,P
119112-222820,P,Nolan,Nolan McLean,McLean,,0,5500,SF@NYM,NYM,SF,,,,,,P
119112-118381,P,Kyle,Kyle Finnegan,Finnegan,4.05,40,5500,DET@PHI,DET,PHI,,,,,,P
119112-222830,P,Travis,Travis Sykora,Sykora,,0,5500,MIL@WSH,WSH,MIL,IL,Elbow,,,,P
119112-222828,P,Jacob,Jacob Webb,Webb,,0,5500,HOU@BOS,BOS,HOU,,,,,,P
119112-222833,P,Jarlin,Jarlin Susana,Susana,,0,5500,MIL@WSH,WSH,MIL,IL,Elbow,,,,P
119112-222832,P,Alex,Alex Clemmey,Clemmey,,0,5500,MIL@WSH,WSH,MIL,,,,,,P
119112-222843,P,Jurrangelo,Jurrangelo Cijntje,Cijntje,,0,5500,TEX@SEA,SEA,TEX,,,,,,P
119112-118397,P,Trevor,Trevor Megill,Megill,6.076923076923077,40,5500,MIL@WSH,MIL,WSH,,,,,,P
119112-210559,P,Brady,Brady Feigl,Feigl,-13,1,5500,MIN@CLE,MIN,CLE,IL,Shoulder,,,,P
119112-210562,P,Lake,Lake Bachar,Bachar,8.235294117647058,34,5500,NYY@MIA,MIA,NYY,,,,,,P
119112-52871,P,Derek,Derek Law,Law,6.16,75,5500,MIL@WSH,WSH,MIL,IL,Forearm,,,,P
119112-165509,P,Bryce,Bryce Bonnin,Bonnin,,0,5500,TEX@SEA,TEX,SEA,,,,,,P
119112-190092,P,Devin,Devin Sweet,Sweet,,0,5500,DET@PHI,PHI,DET,,,,,,P
119112-165522,P,Tommy,Tommy Mace,Mace,,0,5500,MIN@CLE,CLE,MIN,,,,,,P
119112-73362,P,Rob,Rob Zastryzny,Zastryzny,5.866666666666666,15,5500,MIL@WSH,MIL,WSH,IL,Ribs,,,,P
119112-165521,P,Doug,Doug Nikhazy,Nikhazy,4.5,2,5500,MIN@CLE,CLE,MIN,IL,Elbow,,,,P
119112-169636,P,Beau,Beau Brieske,Brieske,3.272727272727273,22,5500,DET@PHI,DET,PHI,IL,Undisclosed,,,,P
119112-220842,P,Eiberson,Eiberson Castellano,Castellano,,0,5500,DET@PHI,PHI,DET,IL,Undisclosed,,,,P
119112-220841,P,Anderson,Anderson Pilar,Pilar,,0,5500,NYY@MIA,MIA,NYY,,,,,,P
119112-163507,P,Alan,Alan Rangel,Rangel,10.5,4,5500,DET@PHI,PHI,DET,,,,,,P
119112-165553,P,Dylan,Dylan Smith,Smith,7.285714285714286,7,5500,DET@PHI,DET,PHI,IL,Undisclosed,,,,P
119112-114360,P,Devin,Devin Williams,Williams,5.340909090909091,45,5500,NYY@MIA,NYY,MIA,,,,,,P
119112-165570,P,Ben,Ben Hernandez,Hernandez,,0,5500,TEX@SEA,SEA,TEX,,,,,,P
119112-38596,P,Chris,Chris Martin,Martin,5.277777777777778,39,5500,TEX@SEA,TEX,SEA,IL,Calf,,,,P
119112-222930,P,Logan,Logan VanWey,VanWey,3.2857142857142856,7,5500,HOU@BOS,HOU,BOS,,,,,,P
119112-165584,P,Alejandro,Alejandro Hidalgo,Hidalgo,,0,5500,MIN@CLE,MIN,CLE,,,,,,P
119112-165585,P,Erik,Erik Rivera,Rivera,,0,5500,HOU@BOS,BOS,HOU,,,,,,P
119112-198352,P,Shane,Shane Drohan,Drohan,0,1,5500,HOU@BOS,BOS,HOU,IL,Forearm,,,,P
119112-198356,P,Justin,Justin Slaten,Slaten,4.217391304347826,24,5500,HOU@BOS,BOS,HOU,IL,Shoulder,,,,P
119112-198361,P,Carson,Carson Coleman,Coleman,0,1,5500,NYY@MIA,NYY,MIA,IL,Undisclosed,,,,P
119112-112348,P,Cody,Cody Stashak,Stashak,,0,5500,DET@PHI,PHI,DET,,,,,,P
119112-14049,P,Bryan,Bryan Shaw,Shaw,2.4,5,5500,TEX@SEA,SEA,TEX,,,,,,P
119112-141024,P,Bruce,Bruce Zimmermann,Zimmermann,0,1,5500,MIL@WSH,MIL,WSH,,,,,,P
119112-181985,P,Guillo,Guillo Zuniga,Zuniga,4.214285714285714,15,5500,DET@PHI,PHI,DET,,,,,,P
119112-81640,P,Yacksel,Yacksel Rios,Rios,,0,5500,SF@NYM,NYM,SF,IL,Undisclosed,,,,P
119112-81642,P,A.J.,A.J. Minter,Minter,5.3076923076923075,13,5500,SF@NYM,NYM,SF,IL,Lat,,,,P
119112-165609,P,Zach,Zach McCambley,McCambley,,0,5500,NYY@MIA,MIA,NYY,,,,,,P
119112-182006,P,Nic,Nic Enright,Enright,6.294117647058823,17,5500,MIN@CLE,CLE,MIN,,,,,,P
119112-165621,P,Russell,Russell Smith,Smith,,0,5500,MIL@WSH,MIL,WSH,IL,Undisclosed,,,,P
119112-165624,P,Dom,Dom Hamel,Hamel,,0,5500,SF@NYM,NYM,SF,,,,,,P
119112-165625,P,Calvin,Calvin Ziegler,Ziegler,,0,5500,SF@NYM,NYM,SF,IL,Elbow,,,,P
119112-165628,P,Josh,Josh Walker,Walker,9,3,5500,DET@PHI,PHI,DET,,,,,,P
119112-165635,P,Brendan,Brendan Beck,Beck,,0,5500,NYY@MIA,NYY,MIA,,,,,,P
119112-165637,P,Brock,Brock Selvidge,Selvidge,,0,5500,NYY@MIA,NYY,MIA,,,,,,P
119112-161545,P,Kaleb,Kaleb Ort,Ort,4.4375,32,5500,HOU@BOS,HOU,BOS,,,,,,P
119112-165653,P,Cristian,Cristian Hernandez,Hernandez,,0,5500,NYY@MIA,NYY,MIA,,,,,,P
119112-161563,P,Jovani,Jovani Moran,Moran,,0,5500,HOU@BOS,BOS,HOU,,,,,,P
119112-165682,P,Michael,Michael Morales,Morales,,0,5500,TEX@SEA,SEA,TEX,,,,,,P
119112-53043,P,Jesse,Jesse Hahn,Hahn,5,3,5500,TEX@SEA,SEA,TEX,,,,,,P
119112-182065,P,Zach,Zach Greene,Greene,,0,5500,NYY@MIA,NYY,MIA,,,,,,P
119112-165687,P,Will,Will Bednar,Bednar,,0,5500,SF@NYM,SF,NYM,,,,,,P
119112-165684,P,Matt,Matt Mikulski,Mikulski,,0,5500,MIN@CLE,MIN,CLE,,,,,,P
119112-165691,P,Manuel,Manuel Mercedes,Mercedes,,0,5500,SF@NYM,SF,NYM,,,,,,P
119112-116548,P,Tyler,Tyler Rogers,Rogers,4.867924528301887,53,5500,SF@NYM,NYM,SF,,,,,,P
119112-163655,P,Daniel,Daniel Duarte,Duarte,12,3,5500,MIN@CLE,MIN,CLE,IL,Elbow,,,,P
119112-163658,P,Randy,Randy Rodriguez,Rodriguez,7.266666666666667,45,5500,SF@NYM,SF,NYM,,,,,,P
119112-163663,P,Calvin,Calvin Faucher,Faucher,4.953488372093023,44,5500,NYY@MIA,MIA,NYY,,,,,,P
119112-163673,P,Jorge,Jorge Juan,Juan,,0,5500,HOU@BOS,BOS,HOU,,,,,,P
119112-108380,P,Tayler,Tayler Scott,Scott,4.130434782608695,23,5500,HOU@BOS,HOU,BOS,,,,,,P
119112-163684,P,Ronny,Ronny Henriquez,Henriquez,7.204081632653061,49,5500,NYY@MIA,MIA,NYY,,,,,,P
119112-163688,P,Collin,Collin Snider,Snider,4.791666666666667,24,5500,TEX@SEA,SEA,TEX,,,,,,P
119112-163697,P,Hagen,Hagen Danner,Danner,0,1,5500,TEX@SEA,SEA,TEX,,,,,,P
119112-163707,P,Freddy,Freddy Pacheco,Pacheco,,0,5500,DET@PHI,DET,PHI,,,,,,P
119112-210813,P,Ryan,Ryan Miller,Miller,4.153846153846154,13,5500,DET@PHI,DET,PHI,,,,,,P
119112-157600,P,Austin,Austin Warren,Warren,7.75,4,5500,SF@NYM,NYM,SF,,,,,,P
119112-102324,P,Konnor,Konnor Pilkington,Pilkington,8.5,6,5500,MIL@WSH,WSH,MIL,,,,,,P
119112-102332,P,Jackson,Jackson Kowar,Kowar,6.888888888888889,9,5500,TEX@SEA,SEA,TEX,,,,,,P
119112-210885,P,Erik,Erik Sabrowski,Sabrowski,6.818181818181818,11,5500,MIN@CLE,CLE,MIN,,,,,,P
119112-102355,P,Jorge,Jorge Alcala,Alcala,4.702702702702703,39,5500,HOU@BOS,BOS,HOU,,,,,,P
119112-198618,P,Coleman,Coleman Crow,Crow,,0,5500,MIL@WSH,MIL,WSH,,,,,,P
119112-169957,P,Danny,Danny Young,Young,5.2,10,5500,SF@NYM,NYM,SF,IL,Elbow,,,,P
119112-102377,P,Trevor,Trevor Stephan,Stephan,0,3,5500,MIN@CLE,CLE,MIN,,,,,,P
119112-79848,P,Paul,Paul Sewald,Sewald,4.555555555555555,18,5500,DET@PHI,DET,PHI,IL,Shoulder,,,,P
119112-102376,P,Garrett,Garrett Whitlock,Whitlock,8.073170731707316,41,5500,HOU@BOS,BOS,HOU,,,,,,P
119112-102386,P,Steven,Steven Jennings,Jennings,,0,5500,TEX@SEA,TEX,SEA,,,,,,P
119112-102397,P,Wyatt,Wyatt Mills,Mills,,0,5500,HOU@BOS,BOS,HOU,,,,,,P
119112-198655,P,Woo-Suk,Woo-Suk Go,Go,,0,5500,DET@PHI,DET,PHI,,,,,,P
119112-60643,OF,Aaron,Aaron Judge,Judge,16.08252427184466,103,4500,NYY@MIA,NYY,MIA,IL,Elbow,,,,OF/UTIL
119112-102554,C,Cal,Cal Raleigh,Raleigh,14.36944467050058,108,4100,TEX@SEA,SEA,TEX,,,,,,C/1B/UTIL
119112-60631,OF,Kyle,Kyle Schwarber,Schwarber,14.189907808916285,109,4000,DET@PHI,PHI,DET,,,,,,OF/UTIL
119112-38976,3B,Jose,Jose Ramirez,Ramirez,13.019811090433373,106,3900,MIN@CLE,CLE,MIN,,,,,,3B/UTIL
119112-79282,OF,Juan,Juan Soto,Soto,12.708333333333334,108,3900,SF@NYM,NYM,SF,,,,,,OF/UTIL
119112-82527,2B/3B,Jazz,Jazz Chisholm Jr.,Chisholm Jr.,11.740506329113924,79,3700,NYY@MIA,NYY,MIA,,,,,,2B/3B/UTIL
119112-68585,3B/1B,Rafael,Rafael Devers,Devers,11.43873829884572,111,3700,SF@NYM,SF,NYM,,,,,,C/1B/3B/UTIL
119112-39086,OF,Byron,Byron Buxton,Buxton,13.812940889246324,85,3600,MIN@CLE,MIN,CLE,IL,Ribs,,,,OF/UTIL
119112-82614,1B,Pete,Pete Alonso,Alonso,11.495454545454546,110,3600,SF@NYM,NYM,SF,,,,,,C/1B/UTIL
119112-21633,3B,Eugenio,Eugenio Suarez,Suarez,12.330555103443286,108,3600,TEX@SEA,SEA,TEX,,,,,,3B/UTIL
119112-79159,OF/1B,Cody,Cody Bellinger,Bellinger,11.701980439743194,101,3600,NYY@MIA,NYY,MIA,,,,,,C/1B/OF/UTIL
119112-16952,SS,Francisco,Francisco Lindor,Lindor,11.373148600260416,108,3500,SF@NYM,NYM,SF,,,,,,SS/UTIL
119112-12948,1B,Bryce,Bryce Harper,Harper,12.062962661554783,81,3500,DET@PHI,PHI,DET,,,,,,C/1B/UTIL
119112-68522,3B,Alex,Alex Bregman,Bregman,12.043076735276442,65,3500,HOU@BOS,BOS,HOU,,,,,,3B/UTIL
119112-21609,OF,Christian,Christian Yelich,Yelich,11.341747098756068,103,3500,MIL@WSH,MIL,WSH,,,,,,OF/UTIL
119112-165661,OF,James,James Wood,Wood,12.419626396393108,107,3500,MIL@WSH,WSH,MIL,,,,,,OF/UTIL
119112-65881,SS,Trea,Trea Turner,Turner,11.391589013215537,107,3400,DET@PHI,PHI,DET,,,,,,SS/UTIL
119112-119305,OF,Kyle,Kyle Stowers,Stowers,11.381553872117719,103,3400,NYY@MIA,MIA,NYY,,,,,,OF/UTIL
119112-119311,OF,Jarren,Jarren Duran,Duran,11.59082591205562,109,3400,HOU@BOS,BOS,HOU,,,,,,OF/UTIL
119112-119410,SS,CJ,CJ Abrams,Abrams,12.490526058799341,95,3400,MIL@WSH,WSH,MIL,,,,,,SS/UTIL
119112-38412,SS,Corey,Corey Seager,Seager,10.74102548452524,78,3400,TEX@SEA,TEX,SEA,,,,,,SS/UTIL
119112-161418,2B/1B/3B,Romy,Romy Gonzalez,Gonzalez,10.094443992332176,54,3400,HOU@BOS,BOS,HOU,,,,,,C/1B/2B/3B/UTIL
119112-165611,OF,Jackson,Jackson Chourio,Chourio,12.02547123747052,106,3400,MIL@WSH,MIL,WSH,IL,Hamstring,,,,OF/UTIL
119112-102400,OF,Julio,Julio Rodriguez,Rodriguez,11.263636363636364,110,3300,TEX@SEA,SEA,TEX,,,,,,OF/UTIL
119112-119345,SS,Jeremy,Jeremy Pena,Pena,11.416867175734186,83,3300,HOU@BOS,HOU,BOS,DTD,Hamstring,,,,SS/UTIL
119112-68544,3B,Matt,Matt Chapman,Chapman,10.686046511627907,86,3300,SF@NYM,SF,NYM,,,,,,3B/UTIL
119112-198526,OF,Wyatt,Wyatt Langford,Langford,10.441111246744791,90,3300,TEX@SEA,TEX,SEA,,,,,,OF/UTIL
119112-12302,OF,Giancarlo,Giancarlo Stanton,Stanton,10.945454915364584,33,3200,NYY@MIA,NYY,MIA,,,,,,OF/UTIL
119112-203111,C/1B,Ben,Ben Rice,Rice,9.234065799922734,91,3200,NYY@MIA,NYY,MIA,,,,,,C/1B/UTIL
119112-82536,OF,Cedric,Cedric Mullins,Mullins,9.846739395805027,92,3200,SF@NYM,NYM,SF,,,,,,OF/UTIL
119112-82644,OF,Jesus,Jesus Sanchez,Sanchez,9.057471264367816,87,3200,HOU@BOS,HOU,BOS,,,,,,OF/UTIL
119112-52158,SS,Trevor,Trevor Story,Story,10.363551630037968,107,3200,HOU@BOS,BOS,HOU,,,,,,SS/UTIL
119112-79223,1B,Josh,Josh Naylor,Naylor,10.95148490679146,101,3200,TEX@SEA,SEA,TEX,,,,,,C/1B/UTIL
119112-165605,OF,Sal,Sal Frelick,Frelick,9.681443047277707,97,3200,MIL@WSH,MIL,WSH,,,,,,OF/UTIL
119112-14562,2B/OF,Jose,Jose Altuve,Altuve,10.427358951208726,106,3100,HOU@BOS,HOU,BOS,,,,,,2B/OF/UTIL
119112-119343,OF,Riley,Riley Greene,Greene,11.414815266927084,108,3100,DET@PHI,DET,PHI,,,,,,OF/UTIL
119112-119395,OF,Jasson,Jasson Dominguez,Dominguez,9.805494371351305,91,3100,NYY@MIA,NYY,MIA,,,,,,OF/UTIL
119112-119396,SS,Anthony,Anthony Volpe,Volpe,9.891742671301605,109,3100,NYY@MIA,NYY,MIA,,,,,,SS/UTIL
119112-17097,OF,Brandon,Brandon Nimmo,Nimmo,10.51698159271816,106,3100,SF@NYM,NYM,SF,,,,,,OF/UTIL
119112-85261,OF,Randy,Randy Arozarena,Arozarena,11.556880285980505,109,3100,TEX@SEA,SEA,TEX,,,,,,OF/UTIL
119112-102284,C,William,William Contreras,Contreras,9.750485318378338,103,3100,MIL@WSH,MIL,WSH,,,,,,C/1B/UTIL
119112-176691,OF,Kerry,Kerry Carpenter,Carpenter,8.915853360804116,82,3000,DET@PHI,DET,PHI,,,,,,OF/UTIL
119112-82575,OF,Yordan,Yordan Alvarez,Alvarez,8.324137720568427,29,3000,HOU@BOS,HOU,BOS,IL,Hand,,,,OF/UTIL
119112-82642,OF,Heliot,Heliot Ramos,Ramos,9.920370596426505,108,3000,SF@NYM,SF,NYM,,,,,,OF/UTIL
119112-21705,2B,Marcus,Marcus Semien,Semien,9.320909534801137,110,3000,TEX@SEA,TEX,SEA,,,,,,2B/UTIL
119112-197886,C,Agustin,Agustin Ramirez,Ramirez,10.323809669131325,84,3000,NYY@MIA,MIA,NYY,,,,,,C/1B/UTIL
119112-146716,C,Austin,Austin Wells,Wells,8.988636363636363,88,3000,NYY@MIA,NYY,MIA,,,,,,C/1B/UTIL
119112-79175,OF,Trent,Trent Grisham,Grisham,9.764515866515456,93,3000,NYY@MIA,NYY,MIA,,,,,,OF/UTIL
119112-165514,OF/2B,Angel,Angel Martinez,Martinez,7.860869697902514,92,3000,MIN@CLE,CLE,MIN,,,,,,2B/OF/UTIL
119112-102353,2B,Brice,Brice Turang,Turang,9.821154080904448,104,3000,MIL@WSH,MIL,WSH,,,,,,2B/UTIL
119112-102362,OF,Trevor,Trevor Larnach,Larnach,8.557000122070313,100,3000,MIN@CLE,MIN,CLE,,,,,,OF/UTIL
119112-12310,1B,Carlos,Carlos Santana,Santana,8.399999880323223,102,2900,MIN@CLE,CLE,MIN,,,,,,C/1B/UTIL
119112-135203,1B,Spencer,Spencer Torkelson,Torkelson,10.814285714285715,105,2900,DET@PHI,DET,PHI,,,,,,C/1B/UTIL
119112-135218,OF,Jake,Jake Meyers,Meyers,8.380899150719804,89,2900,HOU@BOS,HOU,BOS,IL,Calf,,,,OF/UTIL
119112-145618,2B/SS,Otto,Otto Lopez,Lopez,9.88586956521739,92,2900,NYY@MIA,MIA,NYY,,,,,,2B/SS/UTIL
119112-119368,C,Ryan,Ryan Jeffers,Jeffers,7.913953204487646,86,2900,MIN@CLE,MIN,CLE,,,,,,C/1B/UTIL
119112-119377,OF,Matt,Matt Wallner,Wallner,8.094118006089154,68,2900,MIN@CLE,MIN,CLE,,,,,,OF/UTIL
119112-82570,1B,Jake,Jake Burger,Burger,7.9613330078125,75,2900,TEX@SEA,TEX,SEA,IL,Quadriceps,,,,C/1B/UTIL
119112-12968,1B,Paul,Paul Goldschmidt,Goldschmidt,8.833009590222998,103,2900,NYY@MIA,NYY,MIA,,,,,,C/1B/UTIL
119112-119495,1B,Andrew,Andrew Vaughn,Vaughn,8.7984619140625,65,2900,MIL@WSH,MIL,WSH,,,,,,C/1B/UTIL
119112-82660,2B,Luis,Luis Garcia Jr.,Garcia Jr.,8.84948478777384,97,2900,MIL@WSH,WSH,MIL,,,,,,2B/UTIL
119112-189308,1B,Kyle,Kyle Manzardo,Manzardo,8.67741935483871,93,2900,MIN@CLE,CLE,MIN,,,,,,C/1B/UTIL
119112-68514,3B,Ryan,Ryan McMahon,McMahon,8.49074074074074,108,2900,NYY@MIA,NYY,MIA,,,,,,3B/UTIL
119112-68588,2B,Gleyber,Gleyber Torres,Torres,10.364285838847257,98,2900,DET@PHI,DET,PHI,,,,,,2B/UTIL
119112-13342,OF,Nick,Nick Castellanos,Castellanos,9.36822452723423,107,2900,DET@PHI,PHI,DET,,,,,,OF/UTIL
119112-181811,OF/2B/SS,Ceddanne,Ceddanne Rafaela,Rafaela,9.517142740885417,105,2900,HOU@BOS,BOS,HOU,,,,,,2B/SS/OF/UTIL
119112-181812,OF,Wilyer,Wilyer Abreu,Abreu,9.74736842105263,95,2900,HOU@BOS,BOS,HOU,,,,,,OF/UTIL
119112-165559,C,Yainer,Yainer Diaz,Diaz,8.288659793814434,97,2900,HOU@BOS,HOU,BOS,,,,,,C/1B/UTIL
119112-165710,OF,Evan,Evan Carter,Carter,8.852727161754261,55,2900,TEX@SEA,TEX,SEA,,,,,,OF/UTIL
119112-198539,OF,Jung Hoo,Jung Hoo Lee,Lee,9.078846271221455,104,2900,SF@NYM,SF,NYM,,,,,,OF/UTIL
119112-198870,OF,Roman,Roman Anthony,Anthony,10.152273004705256,44,2800,HOU@BOS,BOS,HOU,,,,,,OF/UTIL
119112-219698,2B/3B,Caleb,Caleb Durbin,Durbin,8.324418888535611,86,2800,MIL@WSH,MIL,WSH,,,,,,2B/3B/UTIL
119112-80848,C,Victor,Victor Caratini,Caratini,7.601282364282852,78,2800,HOU@BOS,HOU,BOS,,,,,,C/1B/UTIL
119112-185303,SS/2B/3B/OF,Jose,Jose Caballero,Caballero,8.656321558459052,87,2800,NYY@MIA,NYY,MIA,,,,,,2B/3B/SS/OF/UTIL
119112-60655,SS,Willy,Willy Adames,Adames,9.986238532110091,109,2800,SF@NYM,SF,NYM,,,,,,SS/UTIL
119112-85285,1B,Nathaniel,Nathaniel Lowe,Lowe,8.93853199810063,109,2800,MIL@WSH,WSH,MIL,,,,,,C/1B/UTIL
119112-85307,2B/OF,Jeff,Jeff McNeil,McNeil,8.470270105310389,74,2800,SF@NYM,NYM,SF,,,,,,2B/OF/UTIL
119112-38218,1B,Christian,Christian Walker,Walker,8.748076805701622,104,2800,HOU@BOS,HOU,BOS,,,,,,C/1B/UTIL
119112-79215,1B,Rhys,Rhys Hoskins,Hoskins,8.890243902439025,82,2800,MIL@WSH,MIL,WSH,IL,Thumb,,,,C/1B/UTIL
119112-21874,2B/3B,Jorge,Jorge Polanco,Polanco,9.295652306598166,92,2800,TEX@SEA,SEA,TEX,,,,,,2B/3B/UTIL
119112-85520,OF,Adolis,Adolis Garcia,Garcia,9.003773815227005,106,2800,TEX@SEA,TEX,SEA,,,,,,OF/UTIL
119112-222785,2B,Luke,Luke Keaschall,Keaschall,14.400000435965401,7,2800,MIN@CLE,MIN,CLE,IL,Forearm,,,,2B/UTIL
119112-222846,OF,Cam,Cam Smith,Smith,8.561052503083882,95,2800,HOU@BOS,HOU,BOS,,,,,,OF/UTIL
119112-165707,SS/3B/2B/1B/OF,Josh,Josh Smith,Smith,9.045918367346939,98,2800,TEX@SEA,TEX,SEA,,,,,,C/1B/2B/3B/SS/OF/UTIL
119112-163666,OF,Steven,Steven Kwan,Kwan,9.69708726012591,103,2800,MIN@CLE,CLE,MIN,,,,,,OF/UTIL
119112-102393,SS/2B,Xavier,Xavier Edwards,Edwards,9.58913056746773,92,2800,NYY@MIA,MIA,NYY,,,,,,2B/SS/UTIL
119112-79918,C,Kyle,Kyle Higashioka,Higashioka,7.669491525423729,59,2700,TEX@SEA,TEX,SEA,,,,,,C/1B/UTIL
119112-102486,OF,Blake,Blake Perkins,Perkins,10.383333206176758,12,2700,MIL@WSH,MIL,WSH,,,,,,OF/UTIL
119112-116841,2B/1B/OF,Sam,Sam Haggerty,Haggerty,7.690566152896521,53,2700,TEX@SEA,TEX,SEA,,,,,,C/1B/2B/OF/UTIL
119112-119376,3B/2B,Brett,Brett Baty,Baty,7.077272588556463,88,2700,SF@NYM,NYM,SF,,,,,,2B/3B/UTIL
119112-82608,3B,Royce,Royce Lewis,Lewis,7.2592592592592595,54,2700,MIN@CLE,MIN,CLE,,,,,,3B/UTIL
119112-53994,1B,Josh,Josh Bell,Bell,8.174468344830451,94,2700,MIL@WSH,WSH,MIL,,,,,,C/1B/UTIL
119112-211773,OF/2B,Isaac,Isaac Collins,Collins,7.925000277432528,88,2700,MIL@WSH,MIL,WSH,,,,,,2B/OF/UTIL
119112-13423,OF,Starling,Starling Marte,Marte,7.382539779420883,63,2700,SF@NYM,NYM,SF,,,,,,OF/UTIL
119112-197762,C,Carlos,Carlos Narvaez,Narvaez,8.574698942253388,83,2700,HOU@BOS,BOS,HOU,,,,,,C/1B/UTIL
119112-197982,OF,Dylan,Dylan Crews,Crews,9.073333062065972,45,2700,MIL@WSH,WSH,MIL,IL,Oblique,,,,OF/UTIL
119112-118218,SS/3B/2B/OF,Zach,Zach McKinstry,McKinstry,9.655555802162247,99,2700,DET@PHI,DET,PHI,,,,,,2B/3B/SS/OF/UTIL
119112-101850,3B/2B/1B,Ramon,Ramon Urias,Urias,7.517949030949519,78,2700,HOU@BOS,HOU,BOS,,,,,,C/1B/2B/3B/UTIL
119112-202431,2B/3B/SS/OF,Daniel,Daniel Schneemann,Schneemann,7.120454268022017,88,2700,MIN@CLE,CLE,MIN,,,,,,2B/3B/SS/OF/UTIL
119112-38614,SS,Carlos,Carlos Correa,Correa,7.49468085106383,94,2700,HOU@BOS,HOU,BOS,,,,,,SS/UTIL
119112-181987,OF,Masataka,Masataka Yoshida,Yoshida,6.614285605294364,14,2700,HOU@BOS,BOS,HOU,,,,,,OF/UTIL
119112-102370,3B/1B,Alec,Alec Bohm,Bohm,8.43260856296705,92,2700,DET@PHI,PHI,DET,IL,Ribs,,,,C/1B/3B/UTIL
119112-135204,C,Dillon,Dillon Dingler,Dingler,8.048780487804878,82,2600,DET@PHI,DET,PHI,,,,,,C/1B/UTIL
119112-53757,OF,Rob,Rob Refsnyder,Refsnyder,7.73469387755102,49,2600,HOU@BOS,BOS,HOU,,,,,,OF/UTIL
119112-119341,OF,Wenceel,Wenceel Perez,Perez,9.75882376876532,51,2600,DET@PHI,DET,PHI,,,,,,OF/UTIL
119112-119405,2B/SS,Bryson,Bryson Stott,Stott,8.786734444754464,98,2600,DET@PHI,PHI,DET,,,,,,2B/SS/UTIL
119112-119437,3B,Josh,Josh Jung,Jung,8.133333478655134,84,2600,TEX@SEA,TEX,SEA,DTD,Calf,,,,3B/UTIL
119112-164506,2B/3B,Connor,Connor Norby,Norby,7.8972218831380205,72,2600,NYY@MIA,MIA,NYY,IL,Wrist,,,,2B/3B/UTIL
119112-82615,3B,Mark,Mark Vientos,Vientos,7.079220462155033,77,2600,SF@NYM,NYM,SF,,,,,,3B/UTIL
119112-82655,C,Danny,Danny Jansen,Jansen,7.64,75,2600,MIL@WSH,MIL,WSH,,,,,,C/1B/UTIL
119112-68589,2B/3B/OF,Amed,Amed Rosario,Rosario,7.266666412353516,48,2600,NYY@MIA,NYY,MIA,,,,,,2B/3B/OF/UTIL
119112-189530,OF,Dominic,Dominic Canzone,Canzone,7.456818320534446,44,2600,TEX@SEA,SEA,TEX,,,,,,OF/UTIL
119112-185632,C/1B/OF,David,David Fry,Fry,5.141025641025641,39,2600,MIN@CLE,CLE,MIN,,,,,,C/1B/OF/UTIL
119112-13638,1B,Wilmer,Wilmer Flores,Flores,8.5123712598663,97,2600,SF@NYM,SF,NYM,DTD,Lower body,,,,C/1B/UTIL
119112-21875,OF,Max,Max Kepler,Kepler,7.394736842105263,95,2600,DET@PHI,PHI,DET,,,,,,OF/UTIL
119112-222845,SS/2B,Brice,Brice Matthews,Matthews,8.636363636363637,11,2600,HOU@BOS,HOU,BOS,,,,,,2B/SS/UTIL
119112-165726,3B,Brady,Brady House,House,8.039393569483902,33,2600,MIL@WSH,WSH,MIL,,,,,,3B/UTIL
119112-165725,OF,Daylen,Daylen Lile,Lile,8.208888753255208,45,2600,MIL@WSH,WSH,MIL,,,,,,OF/UTIL
119112-163704,OF,Cooper,Cooper Hummel,Hummel,5.069444444444445,36,2600,HOU@BOS,HOU,BOS,,,,,,OF/UTIL
119112-102315,C,Bo,Bo Naylor,Naylor,7.119512046255717,82,2600,MIN@CLE,CLE,MIN,,,,,,C/1B/UTIL
119112-102326,1B/2B/3B/OF,Kody,Kody Clemens,Clemens,7.21830985915493,71,2600,MIN@CLE,MIN,CLE,,,,,,C/1B/2B/3B/OF/UTIL
119112-102363,OF/1B,Luke,Luke Raley,Raley,7.4244895467952805,49,2600,TEX@SEA,SEA,TEX,IL,Back,,,,C/1B/OF/UTIL
119112-102365,C,Francisco,Francisco Alvarez,Alvarez,7.588095528738839,42,2600,SF@NYM,NYM,SF,DTD,Head,,,,C/1B/UTIL
119112-135284,C,Riley,Riley Adams,Adams,6.0409088134765625,44,2500,MIL@WSH,WSH,MIL,,,,,,C/1B/UTIL
119112-198888,OF,Jacob,Jacob Melton,Melton,6.507692190317007,13,2500,HOU@BOS,HOU,BOS,,,,,,OF/UTIL
119112-80485,OF,Austin,Austin Slater,Slater,5.788461538461538,52,2500,NYY@MIA,NYY,MIA,,,,,,OF/UTIL
119112-82556,OF,Taylor,Taylor Trammell,Trammell,6.546428680419922,28,2500,HOU@BOS,HOU,BOS,,,,,,OF/UTIL
119112-17139,C,J.T.,J.T. Realmuto,Realmuto,8.597777642144097,90,2500,DET@PHI,PHI,DET,,,,,,C/1B/UTIL
119112-119621,OF,Luis,Luis Matos,Matos,6.07948733598758,39,2500,SF@NYM,SF,NYM,,,,,,OF/UTIL
119112-52170,1B/OF,Dominic,Dominic Smith,Smith,7.314705792595358,34,2500,SF@NYM,SF,NYM,,,,,,C/1B/OF/UTIL
119112-189389,OF,Dane,Dane Myers,Myers,7.208860759493671,79,2500,NYY@MIA,MIA,NYY,,,,,,OF/UTIL
119112-52179,SS,J.P.,J.P. Crawford,Crawford,8.863551630037968,107,2500,TEX@SEA,SEA,TEX,,,,,,SS/UTIL
119112-21885,SS/3B/OF,Javier,Javier Baez,Baez,8.058888753255209,90,2500,DET@PHI,DET,PHI,,,,,,3B/SS/OF/UTIL
119112-79249,OF,Harrison,Harrison Bader,Bader,7.808247674371779,97,2500,DET@PHI,PHI,DET,,,,,,OF/UTIL
119112-79255,1B/OF,Jake,Jake Bauers,Bauers,5.803333536783854,60,2500,MIL@WSH,MIL,WSH,IL,Shoulder,,,,C/1B/OF/UTIL
119112-101844,OF,Lane,Lane Thomas,Thomas,6.1923076923076925,39,2500,MIN@CLE,CLE,MIN,IL,Foot,,,,OF/UTIL
119112-222844,SS/2B,Cole,Cole Young,Young,6.758695519488791,46,2500,TEX@SEA,SEA,TEX,,,,,,2B/SS/UTIL
119112-165703,OF,Heriberto,Heriberto Hernandez,Hernandez,7.697436210436699,39,2500,NYY@MIA,MIA,NYY,,,,,,OF/UTIL
119112-102367,2B/3B/SS,Ronny,Ronny Mauricio,Mauricio,7.74102548452524,39,2500,SF@NYM,NYM,SF,,,,,,2B/3B/SS/UTIL
119112-102453,SS/2B/3B,Zack,Zack Short,Short,5.69545468417081,22,2400,HOU@BOS,HOU,BOS,,,,,,2B/3B/SS/UTIL
119112-38973,OF,Tyrone,Tyrone Taylor,Taylor,5.313402313547036,97,2400,SF@NYM,NYM,SF,,,,,,OF/UTIL
119112-102475,SS,Brayan,Brayan Rocchio,Rocchio,5.7564515144594255,62,2400,MIN@CLE,CLE,MIN,,,,,,SS/UTIL
119112-102546,2B/3B/SS,Gabriel,Gabriel Arias,Arias,7.467469732445407,83,2400,MIN@CLE,CLE,MIN,,,,,,2B/3B/SS/UTIL
119112-80462,SS/3B,Paul,Paul DeJong,DeJong,7.2185182924623845,27,2400,MIL@WSH,WSH,MIL,,,,,,3B/SS/UTIL
119112-82593,C,Keibert,Keibert Ruiz,Ruiz,6.239705702837775,68,2400,MIL@WSH,WSH,MIL,IL,Concussion,,,,C/1B/UTIL
119112-164513,3B/2B/SS,Joey,Joey Ortiz,Ortiz,6.519811090433373,106,2400,MIL@WSH,MIL,WSH,,,,,,2B/3B/SS/UTIL
119112-82596,C,Jake,Jake Rogers,Rogers,6.271874904632568,32,2400,DET@PHI,DET,PHI,,,,,,C/1B/UTIL
119112-164516,SS/3B/2B,Marcelo,Marcelo Mayer,Mayer,6.2727272727272725,44,2400,HOU@BOS,BOS,HOU,IL,Wrist,,,,2B/3B/SS/UTIL
119112-224021,3B/1B/OF,Otto,Otto Kemp,Kemp,7.761538774539263,39,2400,DET@PHI,PHI,DET,,,,,,C/1B/3B/OF/UTIL
119112-68563,OF,Victor,Victor Robles,Robles,8.609999847412109,10,2400,TEX@SEA,SEA,TEX,IL,Shoulder,,,,OF/UTIL
119112-79154,OF,Brandon,Brandon Marsh,Marsh,6.666666666666667,87,2400,DET@PHI,PHI,DET,,,,,,OF/UTIL
119112-79181,2B/3B/SS/OF,Mauricio,Mauricio Dubon,Dubon,6.343023255813954,86,2400,HOU@BOS,HOU,BOS,,,,,,2B/3B/SS/OF/UTIL
119112-197972,SS/3B/2B,Brooks,Brooks Lee,Lee,7.40111083984375,90,2400,MIN@CLE,MIN,CLE,,,,,,2B/3B/SS/UTIL
119112-118120,C,Jonah,Jonah Heim,Heim,6.6647727272727275,88,2400,TEX@SEA,TEX,SEA,,,,,,C/1B/UTIL
119112-13864,OF/1B,Joc,Joc Pederson,Pederson,4.454901900945925,51,2400,TEX@SEA,TEX,SEA,,,,,,C/1B/OF/UTIL
119112-116339,3B/1B/2B,Abraham,Abraham Toro,Toro,7.521874904632568,64,2400,HOU@BOS,BOS,HOU,,,,,,C/1B/2B/3B/UTIL
119112-220835,C/1B,Liam,Liam Hicks,Hicks,6.641891891891892,74,2400,NYY@MIA,MIA,NYY,,,,,,C/1B/UTIL
119112-165557,1B/2B/3B,Colt,Colt Keith,Keith,7.313131313131313,99,2400,DET@PHI,DET,PHI,,,,,,C/1B/2B/3B/UTIL
119112-81622,C,Mitch,Mitch Garver,Garver,6.8118643033302435,59,2400,TEX@SEA,SEA,TEX,,,,,,C/1B/UTIL
119112-165686,3B/SS/2B/1B,Casey,Casey Schmitt,Schmitt,6.764705882352941,51,2400,SF@NYM,SF,NYM,,,,,,C/1B/2B/3B/SS/UTIL
119112-38872,OF,Jesse,Jesse Winker,Winker,6.830769465519832,26,2400,SF@NYM,NYM,SF,IL,Back,,,,OF/UTIL
119112-79896,C,Luis,Luis Torrens,Torrens,4.685714285714286,70,2300,SF@NYM,NYM,SF,,,,,,C/1B/UTIL
119112-135216,OF,Chas,Chas McCormick,McCormick,2.8270832697550454,48,2300,HOU@BOS,HOU,BOS,,,,,,OF/UTIL
119112-223299,3B,Ben,Ben Williamson,Williamson,6.172941320082721,85,2300,TEX@SEA,SEA,TEX,,,,,,3B/UTIL
119112-211345,OF/2B,Michael,Michael Helman,Helman,6.724999904632568,8,2300,TEX@SEA,TEX,SEA,,,,,,2B/OF/UTIL
119112-207557,2B/SS/3B,Nick,Nick Sogard,Sogard,7.088235294117647,17,2300,HOU@BOS,BOS,HOU,,,,,,2B/3B/SS/UTIL
119112-211919,1B/3B/OF,Eric,Eric Wagaman,Wagaman,6.948979591836735,98,2300,NYY@MIA,MIA,NYY,,,,,,C/1B/3B/OF/UTIL
119112-60636,OF,Derek,Derek Hill,Hill,6.554545547022964,33,2300,NYY@MIA,MIA,NYY,IL,Finger,,,,OF/UTIL
119112-83182,C/OF,Eric,Eric Haase,Haase,5.323333231608073,30,2300,MIL@WSH,MIL,WSH,,,,,,C/1B/OF/UTIL
119112-79122,OF,Nolan,Nolan Jones,Jones,5.82626250295928,99,2300,MIN@CLE,CLE,MIN,,,,,,OF/UTIL
119112-79153,2B/OF,Jahmai,Jahmai Jones,Jones,5.04864873112859,37,2300,DET@PHI,DET,PHI,,,,,,2B/OF/UTIL
119112-136504,C,Patrick,Patrick Bailey,Bailey,5.576136502352628,88,2300,SF@NYM,SF,NYM,,,,,,C/1B/UTIL
119112-101753,2B/SS/3B/OF,Dylan,Dylan Moore,Moore,5.886249923706055,80,2300,TEX@SEA,SEA,TEX,,,,,,2B/3B/SS/OF/UTIL
119112-79247,3B/SS/2B/OF,Edmundo,Edmundo Sosa,Sosa,6.4293102395945585,58,2300,DET@PHI,PHI,DET,,,,,,2B/3B/SS/OF/UTIL
119112-181813,SS/2B,David,David Hamilton,Hamilton,5.009091001568419,66,2300,HOU@BOS,BOS,HOU,,,,,,2B/SS/UTIL
119112-222887,SS/2B,Christian,Christian Koss,Koss,5.128571283249628,42,2300,SF@NYM,SF,NYM,,,,,,2B/SS/UTIL
119112-165606,1B/3B/OF,Tyler,Tyler Black,Black,7.233333587646484,3,2300,MIL@WSH,MIL,WSH,,,,,,C/1B/3B/OF/UTIL
119112-163667,OF/1B,Jhonkensy,Jhonkensy Noel,Noel,3.018367222377232,49,2300,MIN@CLE,CLE,MIN,,,,,,C/1B/OF/UTIL
119112-163671,3B,Jose,Jose Tena,Tena,6.941304082455843,46,2300,MIL@WSH,WSH,MIL,,,,,,3B/UTIL
119112-163691,OF,James,James Outman,Outman,3.98181811246005,22,2300,MIN@CLE,MIN,CLE,,,,,,OF/UTIL
119112-102325,OF,Parker,Parker Meadows,Meadows,6.434210526315789,38,2300,DET@PHI,DET,PHI,IL,Quadriceps,,,,OF/UTIL
119112-102403,SS/2B,Marco,Marco Luciano,Luciano,4.362068965517241,29,2200,SF@NYM,SF,NYM,,,,,,2B/SS/UTIL
119112-102504,C,Connor,Connor Wong,Wong,3.2973685013620475,38,2200,HOU@BOS,BOS,HOU,,,,,,C/1B/UTIL
119112-231534,1B/OF,Troy,Troy Johnston,Johnston,3.0999999046325684,2,2200,NYY@MIA,MIA,NYY,,,,,,C/1B/OF/UTIL
119112-198875,OF,Chase,Chase DeLauter,DeLauter,,0,2200,MIN@CLE,CLE,MIN,IL,Wrist,,,,OF/UTIL
119112-119365,SS/2B,Nasim,Nasim Nunez,Nunez,5.378260736880095,23,2200,MIL@WSH,WSH,MIL,,,,,,2B/SS/UTIL
119112-82553,OF,Jose,Jose Siri,Siri,4.95,10,2200,SF@NYM,NYM,SF,IL,Lower leg,,,,OF/UTIL
119112-211631,OF,DaShawn,DaShawn Keirsey Jr.,Keirsey Jr.,2.3353846623347354,65,2200,MIN@CLE,MIN,CLE,,,,,,OF/UTIL
119112-187103,2B/3B/1B/SS,Andruw,Andruw Monasterio,Monasterio,4.0588235294117645,34,2200,MIL@WSH,MIL,WSH,,,,,,C/1B/2B/3B/SS/UTIL
119112-211756,SS/2B/3B/OF,Javier,Javier Sanoja,Sanoja,5.877215035354035,79,2200,NYY@MIA,MIA,NYY,,,,,,2B/3B/SS/OF/UTIL
119112-195378,SS/2B/OF,Tyler,Tyler Fitzgerald,Fitzgerald,6.398412795293899,63,2200,SF@NYM,SF,NYM,,,,,,2B/SS/OF/UTIL
119112-154422,OF/3B,Matt,Matt Vierling,Vierling,5.212000122070313,25,2200,DET@PHI,DET,PHI,,,,,,3B/OF/UTIL
119112-119629,SS/2B/3B,Luisangel,Luisangel Acuna,Acuna,4.534615541115786,78,2200,SF@NYM,NYM,SF,,,,,,2B/3B/SS/UTIL
119112-213853,C/3B,J.C.,J.C. Escarra,Escarra,4.538461538461538,39,2200,NYY@MIA,NYY,MIA,,,,,,C/1B/3B/UTIL
119112-68582,2B,Brendan,Brendan Rodgers,Rodgers,4.858139392941497,43,2200,HOU@BOS,HOU,BOS,IL,Concussion,,,,2B/UTIL
119112-13412,3B/1B,Donovan,Donovan Solano,Solano,4.449999809265137,64,2200,TEX@SEA,SEA,TEX,,,,,,C/1B/3B/UTIL
119112-197753,OF,Johnathan,Johnathan Rodriguez,Rodriguez,3.892857142857143,28,2200,MIN@CLE,CLE,MIN,,,,,,OF/UTIL
119112-146697,OF,Garrett,Garrett Mitchell,Mitchell,5.652000122070312,25,2200,MIL@WSH,MIL,WSH,IL,Shoulder,,,,OF/UTIL
119112-193863,OF,Jacob,Jacob Young,Young,5.551807081842997,83,2200,MIL@WSH,WSH,MIL,,,,,,OF/UTIL
119112-79277,1B,Rowdy,Rowdy Tellez,Tellez,6.660563294316681,71,2200,TEX@SEA,TEX,SEA,,,,,,C/1B/UTIL
119112-173546,OF,Nate,Nate Eaton,Eaton,4.821428571428571,14,2200,HOU@BOS,BOS,HOU,,,,,,OF/UTIL
119112-13858,C,Christian,Christian Vazquez,Vazquez,4.574576167737023,59,2200,MIN@CLE,MIN,CLE,,,,,,C/1B/UTIL
119112-71217,C,Omar,Omar Narvaez,Narvaez,6.425000190734863,4,2200,HOU@BOS,HOU,BOS,,,,,,C/1B/UTIL
119112-181814,2B,Edouard,Edouard Julien,Julien,5.886666870117187,30,2200,MIN@CLE,MIN,CLE,,,,,,2B/UTIL
119112-181820,OF/2B/SS/3B,Brett,Brett Wisely,Wisely,5.454545454545454,22,2200,SF@NYM,SF,NYM,,,,,,2B/3B/SS/OF/UTIL
119112-226907,OF,Alejandro,Alejandro Osuna,Osuna,4.893103237809806,29,2200,TEX@SEA,TEX,SEA,,,,,,OF/UTIL
119112-165633,SS,Trey,Trey Sweeney,Sweeney,5.660000071806066,85,2200,DET@PHI,DET,PHI,,,,,,SS/UTIL
119112-165648,OF,Johan,Johan Rojas,Rojas,5.346478959204445,71,2200,DET@PHI,PHI,DET,,,,,,OF/UTIL
119112-208716,1B/OF,Zach,Zach Dezenzo,Dezenzo,6.952940996955423,34,2200,HOU@BOS,HOU,BOS,IL,Hand,,,,C/1B/OF/UTIL
119112-163695,2B/3B,Jorbit,Jorbit Vivas,Vivas,3.5413792051117996,29,2200,NYY@MIA,NYY,MIA,,,,,,2B/3B/UTIL
119112-180208,2B/3B/SS/OF,Miles,Miles Mastrobuoni,Mastrobuoni,4.388888888888889,72,2200,TEX@SEA,SEA,TEX,,,,,,2B/3B/SS/OF/UTIL
119112-102411,C,Andrew,Andrew Knizner,Knizner,4.0235295015222885,17,2100,SF@NYM,SF,NYM,,,,,,C/1B/UTIL
119112-102454,C,Jhonny,Jhonny Pereda,Pereda,3.426315709164268,19,2100,MIN@CLE,MIN,CLE,,,,,,C/1B/UTIL
119112-102518,3B/1B,Jose,Jose Miranda,Miranda,4.241666793823242,12,2100,MIN@CLE,MIN,CLE,,,,,,C/1B/3B/UTIL
119112-192649,OF/1B,Weston,Weston Wilson,Wilson,2.869230710543119,26,2100,DET@PHI,PHI,DET,,,,,,C/1B/OF/UTIL
119112-135310,C,Chadwick,Chadwick Tromp,Tromp,4.237500190734863,8,2100,HOU@BOS,BOS,HOU,,,,,,C/1B/UTIL
119112-135308,OF,Robert,Robert Hassell III,Hassell III,6.145454406738281,22,2100,MIL@WSH,WSH,MIL,,,,,,OF/UTIL
119112-184480,C,Cesar,Cesar Salazar,Salazar,0.375,8,2100,HOU@BOS,HOU,BOS,,,,,,C/1B/UTIL
119112-209172,1B,Andres,Andres Chaparro,Chaparro,2.25,4,2100,MIL@WSH,WSH,MIL,,,,,,C/1B/UTIL
119112-119401,C,Rafael,Rafael Marchan,Marchan,4.423076923076923,26,2100,DET@PHI,PHI,DET,,,,,,C/1B/UTIL
119112-119428,2B/3B,Will,Will Wilson,Wilson,3.1468749046325684,32,2100,MIN@CLE,CLE,MIN,,,,,,2B/3B/UTIL
119112-82574,3B,Isaac,Isaac Paredes,Paredes,10.651063959649269,94,2100,HOU@BOS,HOU,BOS,IL,Hamstring,,,,3B/UTIL
119112-164498,2B,Ryan,Ryan Bliss,Bliss,6.427272449840199,11,2100,TEX@SEA,SEA,TEX,IL,Biceps,,,,2B/UTIL
119112-199342,3B/2B/1B,Graham,Graham Pauley,Pauley,4.5878050269150155,41,2100,NYY@MIA,MIA,NYY,,,,,,C/1B/2B/3B/UTIL
119112-82616,2B/3B/SS,Luis,Luis Guillorme,Guillorme,1.5333333015441895,12,2100,HOU@BOS,HOU,BOS,,,,,,2B/3B/SS/UTIL
119112-119637,3B/SS/OF/1B,Ezequiel,Ezequiel Duran,Duran,3.017391370690387,46,2100,TEX@SEA,TEX,SEA,,,,,,C/1B/3B/SS/OF/UTIL
119112-189314,OF,Justyn-Henry,Justyn-Henry Malloy,Malloy,5.186956654424253,46,2100,DET@PHI,DET,PHI,,,,,,OF/UTIL
119112-38004,C,Austin,Austin Hedges,Hedges,3.424444580078125,45,2100,MIN@CLE,CLE,MIN,,,,,,C/1B/UTIL
119112-79136,OF,Daz,Daz Cameron,Cameron,3.7095238821847096,21,2100,MIL@WSH,MIL,WSH,,,,,,OF/UTIL
119112-197974,3B,Jace,Jace Jung,Jung,4.172222137451172,18,2100,DET@PHI,DET,PHI,,,,,,3B/UTIL
119112-38297,C,Austin,Austin Barnes,Barnes,4.523076864389273,13,2100,SF@NYM,SF,NYM,,,,,,C/1B/UTIL
119112-79267,2B/3B,Andy,Andy Ibanez,Ibanez,5.634000244140625,50,2100,DET@PHI,DET,PHI,,,,,,2B/3B/UTIL
119112-71182,3B/1B,Jeimer,Jeimer Candelario,Candelario,5.572727203369141,22,2100,NYY@MIA,NYY,MIA,,,,,,C/1B/3B/UTIL
119112-179801,1B/OF,Jared,Jared Young,Young,4.7526317395662,19,2100,SF@NYM,NYM,SF,,,,,,C/1B/OF/UTIL
119112-226915,OF,Drew,Drew Avans,Avans,2.3375000953674316,8,2100,MIL@WSH,MIL,WSH,,,,,,OF/UTIL
119112-222825,2B/OF/1B,Kristian,Kristian Campbell,Campbell,7.437313250641324,67,2100,HOU@BOS,BOS,HOU,,,,,,C/1B/2B/OF/UTIL
119112-222879,OF,Alan,Alan Roden,Roden,4.372727134011009,44,2100,MIN@CLE,MIN,CLE,,,,,,OF/UTIL
119112-222886,C,Hayden,Hayden Senger,Senger,2.3333333333333335,21,2100,SF@NYM,NYM,SF,,,,,,C/1B/UTIL
119112-229041,3B,Cody,Cody Freeman,Freeman,3.9749999046325684,4,2100,TEX@SEA,TEX,SEA,,,,,,3B/UTIL
119112-165567,3B/2B/OF,Shay,Shay Whitcomb,Whitcomb,1.8649999618530273,20,2100,HOU@BOS,HOU,BOS,,,,,,2B/3B/OF/UTIL
119112-198359,3B,Deyvison,Deyvison De Los Santos,De Los Santos,0,2,2100,NYY@MIA,MIA,NYY,,,,,,3B/UTIL
119112-165639,OF,Brandon,Brandon Lockridge,Lockridge,4.09375,48,2100,MIL@WSH,MIL,WSH,,,,,,OF/UTIL
119112-165730,C,Drew,Drew Millas,Millas,7.255555894639757,9,2100,MIL@WSH,WSH,MIL,,,,,,C/1B/UTIL
119112-102349,SS/2B,Leo,Leo Rivas,Rivas,5.8600001017252605,30,2100,TEX@SEA,SEA,TEX,,,,,,2B/SS/UTIL
119112-102374,C/2B/3B,Anthony,Anthony Seigler,Seigler,2.926666768391927,15,2100,MIL@WSH,MIL,WSH,,,,,,C/1B/2B/3B/UTIL
119112-81924,2B/OF,Niko,Niko Goodrum,Goodrum,2.3384615091177134,13,2000,SF@NYM,NYM,SF,,,,,,2B/OF/UTIL
119112-102409,OF,Nick,Nick Schnell,Schnell,,0,2000,MIL@WSH,WSH,MIL,,,,,,OF/UTIL
119112-102410,C,Ronaldo,Ronaldo Hernandez,Hernandez,,0,2000,HOU@BOS,BOS,HOU,,,,,,C/1B/UTIL
119112-135207,2B,Alex,Alex De Goti,De Goti,,0,2000,TEX@SEA,TEX,SEA,,,,,,2B/UTIL
119112-102451,OF,Brennen,Brennen Davis,Davis,0,2,2000,NYY@MIA,NYY,MIA,IL,Undisclosed,,,,OF/UTIL
119112-135227,2B,Jose,Jose Rojas,Rojas,,0,2000,NYY@MIA,NYY,MIA,,,,,,2B/UTIL
119112-135239,2B/SS/3B,Rodolfo,Rodolfo Castro,Castro,0,2,2000,DET@PHI,PHI,DET,,,,,,2B/3B/SS/UTIL
119112-102472,SS,Raynel,Raynel Delgado,Delgado,,0,2000,MIL@WSH,MIL,WSH,,,,,,SS/UTIL
119112-135255,C,Brian,Brian Navarreto,Navarreto,,0,2000,NYY@MIA,MIA,NYY,,,,,,C/1B/UTIL
119112-135267,2B,Kaden,Kaden Polcovich,Polcovich,,0,2000,TEX@SEA,SEA,TEX,,,,,,2B/UTIL
119112-135265,1B,Austin,Austin Shenton,Shenton,4.7549999237060545,20,2000,TEX@SEA,SEA,TEX,,,,,,C/1B/UTIL
119112-82021,C,Tomas,Tomas Nido,Nido,5.345454476096413,11,2000,DET@PHI,DET,PHI,,,,,,C/1B/UTIL
119112-157797,OF,Bryan,Bryan De La Cruz,De La Cruz,3.012500047683716,16,2000,NYY@MIA,NYY,MIA,,,,,,OF/UTIL
119112-102519,3B,Andrew,Andrew Bechtold,Bechtold,,0,2000,DET@PHI,PHI,DET,,,,,,3B/UTIL
119112-102521,C,Josh,Josh Breaux,Breaux,,0,2000,DET@PHI,PHI,DET,,,,,,C/1B/UTIL
119112-135288,SS/2B/3B,Alan,Alan Trejo,Trejo,3.078571319580078,14,2000,TEX@SEA,TEX,SEA,,,,,,2B/3B/SS/UTIL
119112-116869,SS,Erick,Erick Mejia,Mejia,,0,2000,MIL@WSH,WSH,MIL,,,,,,SS/UTIL
119112-231559,OF,Jakob,Jakob Marsee,Marsee,21.399999618530273,1,2000,NYY@MIA,MIA,NYY,,,,,,OF/UTIL
119112-102541,OF,Jared,Jared Oliva,Oliva,,0,2000,MIL@WSH,MIL,WSH,,,,,,OF/UTIL
119112-102578,OF,Griffin,Griffin Conine,Conine,8.075,20,2000,NYY@MIA,MIA,NYY,IL,Shoulder,,,,OF/UTIL
119112-172216,3B/1B,David,David Villar,Villar,5.144444359673394,9,2000,SF@NYM,NYM,SF,,,,,,C/1B/3B/UTIL
119112-102588,OF,Brewer,Brewer Hicklen,Hicklen,21.399999618530273,1,2000,DET@PHI,PHI,DET,,,,,,OF/UTIL
119112-145617,C,David,David Garcia,Garcia,,0,2000,MIL@WSH,MIL,WSH,,,,,,C/1B/UTIL
119112-194773,C,Logan,Logan Porter,Porter,3.779999923706055,5,2000,SF@NYM,SF,NYM,,,,,,C/1B/UTIL
119112-198884,OF,Max,Max Clark,Clark,,0,2000,DET@PHI,DET,PHI,,,,,,OF/UTIL
119112-198895,OF,Walker,Walker Jenkins,Jenkins,,0,2000,MIN@CLE,MIN,CLE,,,,,,OF/UTIL
119112-198898,SS,Jett,Jett Williams,Williams,,0,2000,SF@NYM,NYM,SF,,,,,,SS/UTIL
119112-198897,3B,Brock,Brock Wilken,Wilken,,0,2000,MIL@WSH,MIL,WSH,IL,Knee,,,,3B/UTIL
119112-198903,OF,Drew,Drew Gilbert,Gilbert,,0,2000,SF@NYM,SF,NYM,,,,,,OF/UTIL
119112-198902,OF,Ryan,Ryan Clifford,Clifford,,0,2000,SF@NYM,NYM,SF,,,,,,OF/UTIL
119112-198900,OF,Spencer,Spencer Jones,Jones,,0,2000,NYY@MIA,NYY,MIA,,,,,,OF/UTIL
119112-198914,SS,Roderick,Roderick Arias,Arias,,0,2000,NYY@MIA,NYY,MIA,,,,,,SS/UTIL
119112-116994,SS,Donovan,Donovan Walton,Walton,4.844444274902344,9,2000,DET@PHI,PHI,DET,,,,,,SS/UTIL
119112-198931,SS,Felnin,Felnin Celesten,Celesten,,0,2000,TEX@SEA,SEA,TEX,,,,,,SS/UTIL
119112-198933,SS,Sebastian,Sebastian Walcott,Walcott,,0,2000,TEX@SEA,TEX,SEA,,,,,,SS/UTIL
119112-198937,OF,Bryce,Bryce Eldridge,Eldridge,,0,2000,SF@NYM,SF,NYM,,,,,,OF/UTIL
119112-209177,C/2B/1B,Mickey,Mickey Gasper,Gasper,3.3954544067382812,22,2000,MIN@CLE,MIN,CLE,,,,,,C/1B/2B/UTIL
119112-170321,C,Brian,Brian Serven,Serven,3.196551618904903,29,2000,DET@PHI,DET,PHI,,,,,,C/1B/UTIL
119112-135524,OF/2B,Austin,Austin Martin,Martin,9,1,2000,MIN@CLE,MIN,CLE,,,,,,2B/OF/UTIL
119112-211306,2B,Darren,Darren Baker,Baker,3.355555640326606,9,2000,MIL@WSH,WSH,MIL,,,,,,2B/UTIL
119112-180694,OF,Cade,Cade Marlowe,Marlowe,1.355555534362793,9,2000,TEX@SEA,SEA,TEX,,,,,,OF/UTIL
119112-135646,C,Carson,Carson Taylor,Taylor,,0,2000,DET@PHI,PHI,DET,IL,Undisclosed,,,,C/1B/UTIL
119112-96765,C,Joe,Joe Hudson,Hudson,0,1,2000,HOU@BOS,HOU,BOS,,,,,,C/1B/UTIL
119112-119304,SS/2B,Braden,Braden Shewmake,Shewmake,3.406896656957166,29,2000,NYY@MIA,NYY,MIA,,,,,,2B/SS/UTIL
119112-119308,SS,Adam,Adam Hall,Hall,,0,2000,MIL@WSH,MIL,WSH,,,,,,SS/UTIL
119112-219661,SS,Jared,Jared Serna,Serna,,0,2000,NYY@MIA,MIA,NYY,,,,,,SS/UTIL
119112-219667,OF,Jhostynxon,Jhostynxon Garcia,Garcia,,0,2000,HOU@BOS,BOS,HOU,,,,,,OF/UTIL
119112-119332,SS,Yordys,Yordys Valdes,Valdes,,0,2000,MIN@CLE,CLE,MIN,,,,,,SS/UTIL
119112-158244,3B/2B,Yonny,Yonny Hernandez,Hernandez,,0,2000,SF@NYM,NYM,SF,,,,,,2B/3B/UTIL
119112-219699,C,Jesus,Jesus Rodriguez,Rodriguez,,0,2000,SF@NYM,SF,NYM,,,,,,C/1B/UTIL
119112-16946,1B,Jon,Jon Singleton,Singleton,1,3,2000,HOU@BOS,HOU,BOS,,,,,,C/1B/UTIL
119112-156226,OF,Pedro,Pedro Leon,Leon,3.4571429661342075,7,2000,HOU@BOS,HOU,BOS,IL,Knee,,,,OF/UTIL
119112-119360,OF,Pablo,Pablo Abreu,Abreu,,0,2000,MIL@WSH,MIL,WSH,,,,,,OF/UTIL
119112-119362,SS,Eduardo,Eduardo Garcia,Garcia,,0,2000,MIL@WSH,MIL,WSH,,,,,,SS/UTIL
119112-119366,OF/1B,Jerar,Jerar Encarnacion,Encarnacion,2.2750000953674316,8,2000,SF@NYM,SF,NYM,IL,Oblique,,,,C/1B/OF/UTIL
119112-207434,3B,Luis,Luis De Los Santos,De Los Santos,2.8384616558368387,13,2000,SF@NYM,NYM,SF,,,,,,3B/UTIL
119112-119371,2B,Devin,Devin Mann,Mann,,0,2000,SF@NYM,SF,NYM,,,,,,2B/UTIL
119112-119370,SS,Will,Will Holland,Holland,,0,2000,MIN@CLE,MIN,CLE,,,,,,SS/UTIL
119112-119394,SS,Logan,Logan Davidson,Davidson,3.466666751437717,9,2000,HOU@BOS,HOU,BOS,,,,,,SS/UTIL
119112-119419,OF,Hunter,Hunter Bishop,Bishop,,0,2000,SF@NYM,SF,NYM,,,,,,OF/UTIL
119112-119418,OF,Jairo,Jairo Pomares,Pomares,,0,2000,SF@NYM,SF,NYM,,,,,,OF/UTIL
119112-119432,SS,Greg,Greg Jones,Jones,2,3,2000,HOU@BOS,HOU,BOS,,,,,,SS/UTIL
119112-176777,OF,Cal,Cal Stevenson,Stevenson,1.9,5,2000,DET@PHI,PHI,DET,,,,,,OF/UTIL
119112-119436,SS,Maximo,Maximo Acosta,Acosta,,0,2000,NYY@MIA,MIA,NYY,,,,,,SS/UTIL
119112-119439,C,Sam,Sam Huff,Huff,4.8,20,2000,SF@NYM,SF,NYM,IL,Undisclosed,,,,C/1B/UTIL
119112-164502,SS/2B,Vaughn,Vaughn Grissom,Grissom,4.787878787878788,33,2000,HOU@BOS,BOS,HOU,,,,,,2B/SS/UTIL
119112-203418,2B/3B/1B/OF,Armando,Armando Alvarez,Alvarez,4.462500095367432,16,2000,MIN@CLE,MIN,CLE,,,,,,C/1B/2B/3B/OF/UTIL
119112-203417,C,Nick,Nick Raposo,Raposo,,0,2000,TEX@SEA,SEA,TEX,,,,,,C/1B/UTIL
119112-119450,OF,Jeremy,Jeremy De La Rosa,De La Rosa,,0,2000,MIL@WSH,WSH,MIL,,,,,,OF/UTIL
119112-164518,2B,Tyler,Tyler McDonough,McDonough,,0,2000,HOU@BOS,BOS,HOU,,,,,,2B/UTIL
119112-164519,3B,Alex,Alex Binelas,Binelas,,0,2000,DET@PHI,PHI,DET,,,,,,3B/UTIL
119112-164526,C,Nathan,Nathan Hickey,Hickey,,0,2000,HOU@BOS,BOS,HOU,,,,,,C/1B/UTIL
119112-164531,SS,Kevin,Kevin Made,Made,,0,2000,MIL@WSH,WSH,MIL,,,,,,SS/UTIL
119112-82611,OF,Akil,Akil Baddoo,Baddoo,3.0714285714285716,7,2000,DET@PHI,DET,PHI,,,,,,OF/UTIL
119112-162509,1B/OF,Juan,Juan Yepez,Yepez,8.784127371651786,63,2000,MIL@WSH,WSH,MIL,,,,,,C/1B/OF/UTIL
119112-103125,2B/SS/OF,Jack,Jack Lopez,Lopez,3.8551725190261315,29,2000,TEX@SEA,SEA,TEX,,,,,,2B/SS/OF/UTIL
119112-195289,OF,Cam,Cam Eden,Eden,,0,2000,NYY@MIA,NYY,MIA,,,,,,OF/UTIL
119112-203490,OF,Steward,Steward Berroa,Berroa,3.9250000544956754,28,2000,MIL@WSH,MIL,WSH,IL,Shoulder,,,,OF/UTIL
119112-82661,OF,Daniel,Daniel Johnson,Johnson,4.392857142857143,14,2000,SF@NYM,SF,NYM,,,,,,OF/UTIL
119112-13054,C,Rob,Rob Brantly,Brantly,4.166666666666667,3,2000,NYY@MIA,MIA,NYY,,,,,,C/1B/UTIL
119112-209703,OF,Grant,Grant McCray,McCray,0,1,2000,SF@NYM,SF,NYM,,,,,,OF/UTIL
119112-199466,3B/1B,Trey,Trey Lipscomb,Lipscomb,3.066666603088379,3,2000,MIL@WSH,WSH,MIL,,,,,,C/1B/3B/UTIL
119112-193328,OF,Wade,Wade Meckler,Meckler,0,2,2000,SF@NYM,SF,NYM,,,,,,OF/UTIL
119112-119623,OF,Alex,Alex Ramirez,Ramirez,0,3,2000,SF@NYM,NYM,SF,,,,,,OF/UTIL
119112-119633,OF,Misael,Misael Urbina,Urbina,,0,2000,MIN@CLE,MIN,CLE,,,,,,OF/UTIL
119112-119632,OF,Hedbert,Hedbert Perez,Perez,,0,2000,MIL@WSH,MIL,WSH,,,,,,OF/UTIL
119112-119636,SS,Alexander,Alexander Vargas,Vargas,,0,2000,NYY@MIA,NYY,MIA,,,,,,SS/UTIL
119112-82824,1B,Mike,Mike Ford,Ford,3.600000080309416,19,2000,MIN@CLE,MIN,CLE,,,,,,C/1B/UTIL
119112-52157,C,Tom,Tom Murphy,Murphy,3.7571427481515065,14,2000,SF@NYM,SF,NYM,IL,Back,,,,C/1B/UTIL
119112-68554,SS,Andrew,Andrew Velazquez,Velazquez,0,2,2000,NYY@MIA,NYY,MIA,,,,,,SS/UTIL
119112-13303,C,Yasmani,Yasmani Grandal,Grandal,7.036986468589469,73,2000,HOU@BOS,BOS,HOU,,,,,,C/1B/UTIL
119112-13436,C,Max,Max Stassi,Stassi,0,1,2000,SF@NYM,SF,NYM,,,,,,C/1B/UTIL
119112-197764,C,Blake,Blake Hunt,Hunt,0,1,2000,TEX@SEA,SEA,TEX,,,,,,C/1B/UTIL
119112-83143,OF,Oscar,Oscar Mercado,Mercado,0,1,2000,DET@PHI,PHI,DET,,,,,,OF/UTIL
119112-79075,SS,Kevin,Kevin Maitan,Maitan,,0,2000,MIN@CLE,MIN,CLE,,,,,,SS/UTIL
119112-60652,2B,Christian,Christian Arroyo,Arroyo,,0,2000,DET@PHI,PHI,DET,,,,,,2B/UTIL
119112-197874,2B/3B,Oliver,Oliver Dunn,Dunn,4.985714503696987,14,2000,MIL@WSH,MIL,WSH,,,,,,2B/3B/UTIL
119112-197883,OF,Kenedy,Kenedy Corona,Corona,2,3,2000,HOU@BOS,HOU,BOS,,,,,,OF/UTIL
119112-146686,OF,Colin,Colin Barber,Barber,,0,2000,HOU@BOS,HOU,BOS,,,,,,OF/UTIL
119112-146685,OF,Daniel,Daniel Cabrera,Cabrera,,0,2000,DET@PHI,DET,PHI,,,,,,OF/UTIL
119112-79113,C,Francisco,Francisco Mejia,Mejia,,0,2000,MIL@WSH,WSH,MIL,,,,,,C/1B/UTIL
119112-146703,1B,Aaron,Aaron Sabato,Sabato,,0,2000,MIN@CLE,MIN,CLE,,,,,,C/1B/UTIL
119112-146700,SS,Freddy,Freddy Zamora,Zamora,,0,2000,MIL@WSH,MIL,WSH,,,,,,SS/UTIL
119112-85268,1B,Joey,Joey Meneses,Meneses,7.273684049907484,76,2000,SF@NYM,NYM,SF,,,,,,C/1B/UTIL
119112-79128,C,Garrett,Garrett Stubbs,Stubbs,5.580701861465187,57,2000,DET@PHI,PHI,DET,,,,,,C/1B/UTIL
119112-79130,OF,Jose,Jose Azocar,Azocar,3.3214285714285716,14,2000,SF@NYM,NYM,SF,,,,,,OF/UTIL
119112-197912,OF,Jacob,Jacob Hurtubise,Hurtubise,1.8000000317891438,12,2000,HOU@BOS,HOU,BOS,,,,,,OF/UTIL
119112-13596,OF,Trayce,Trayce Thompson,Thompson,0,3,2000,HOU@BOS,BOS,HOU,,,,,,OF/UTIL
119112-146718,SS,Casey,Casey Martin,Martin,,0,2000,MIL@WSH,MIL,WSH,,,,,,SS/UTIL
119112-197917,OF,Victor,Victor Mesa Jr.,Mesa Jr.,3.924999952316284,4,2000,NYY@MIA,MIA,NYY,,,,,,OF/UTIL
119112-146735,OF,Roismar,Roismar Quintana,Quintana,,0,2000,MIL@WSH,WSH,MIL,,,,,,OF/UTIL
119112-146738,2B,Justin,Justin Foscue,Foscue,3.25,4,2000,TEX@SEA,TEX,SEA,,,,,,2B/UTIL
119112-79174,C,Jacob,Jacob Nottingham,Nottingham,,0,2000,TEX@SEA,SEA,TEX,,,,,,C/1B/UTIL
119112-79204,SS,Richie,Richie Martin,Martin,,0,2000,TEX@SEA,TEX,SEA,,,,,,SS/UTIL
119112-226686,OF,Rhylan,Rhylan Thomas,Thomas,7.466666539510091,3,2000,TEX@SEA,SEA,TEX,,,,,,OF/UTIL
119112-38293,OF,Tyler,Tyler Naquin,Naquin,,0,2000,MIN@CLE,CLE,MIN,,,,,,OF/UTIL
119112-79263,OF,Leody,Leody Taveras,Taveras,5.622413898336476,58,2000,TEX@SEA,SEA,TEX,,,,,,OF/UTIL
119112-101807,C,Seby,Seby Zavala,Zavala,3.2526315387926603,19,2000,HOU@BOS,BOS,HOU,,,,,,C/1B/UTIL
119112-38324,C,Jorge,Jorge Alfaro,Alfaro,,0,2000,MIL@WSH,MIL,WSH,,,,,,C/1B/UTIL
119112-171482,1B,Bligh,Bligh Madris,Madris,6.338095528738839,21,2000,DET@PHI,DET,PHI,,,,,,C/1B/UTIL
119112-13794,OF,Delino,Delino DeShields,DeShields,,0,2000,MIL@WSH,WSH,MIL,,,,,,OF/UTIL
119112-136673,C,Mark,Mark Kolozsvary,Kolozsvary,0,2,2000,HOU@BOS,BOS,HOU,IL,Undisclosed,,,,C/1B/UTIL
119112-226808,1B,Blaine,Blaine Crim,Crim,1.8399999618530274,5,2000,TEX@SEA,TEX,SEA,,,,,,C/1B/UTIL
119112-79387,3B,Jake,Jake Gatewood,Gatewood,,0,2000,NYY@MIA,NYY,MIA,,,,,,3B/UTIL
119112-226840,OF,Carson,Carson McCusker,McCusker,0.6,5,2000,MIN@CLE,MIN,CLE,,,,,,OF/UTIL
119112-95772,C,Beau,Beau Taylor,Taylor,,0,2000,TEX@SEA,SEA,TEX,,,,,,C/1B/UTIL
119112-95776,2B/SS/3B/OF,Pablo,Pablo Reyes,Reyes,2.111999969482422,25,2000,SF@NYM,NYM,SF,,,,,,2B/3B/SS/OF/UTIL
119112-181818,2B,Juan,Juan Brito,Brito,0,3,2000,MIN@CLE,CLE,MIN,IL,Hamstring,,,,2B/UTIL
119112-222780,SS,Starlyn,Starlyn Caba,Caba,,0,2000,NYY@MIA,MIA,NYY,,,,,,SS/UTIL
119112-181824,SS,Osleivis,Osleivis Basabe,Basabe,0,1,2000,SF@NYM,SF,NYM,,,,,,SS/UTIL
119112-222795,SS,George,George Lombard Jr.,Lombard Jr.,,0,2000,NYY@MIA,NYY,MIA,,,,,,SS/UTIL
119112-226888,2B,Ryan,Ryan Fitzgerald,Fitzgerald,1.600000023841858,2,2000,MIN@CLE,MIN,CLE,,,,,,2B/UTIL
119112-222799,C,Cooper,Cooper Ingle,Ingle,,0,2000,MIN@CLE,CLE,MIN,,,,,,C/1B/UTIL
119112-222798,1B,CJ,CJ Kayfus,Kayfus,,0,2000,MIN@CLE,CLE,MIN,,,,,,C/1B/UTIL
119112-222797,2B,Travis,Travis Bazzana,Bazzana,,0,2000,MIN@CLE,CLE,MIN,,,,,,2B/UTIL
119112-222796,SS,Angel,Angel Genao,Genao,,0,2000,MIN@CLE,CLE,MIN,,,,,,SS/UTIL
119112-222801,OF,Jaison,Jaison Chourio,Chourio,,0,2000,MIN@CLE,CLE,MIN,,,,,,OF/UTIL
119112-222800,1B,Ralphy,Ralphy Velazquez,Velazquez,,0,2000,MIN@CLE,CLE,MIN,,,,,,C/1B/UTIL
119112-222811,SS,Bryce,Bryce Rainer,Rainer,,0,2000,DET@PHI,DET,PHI,IL,Shoulder,,,,SS/UTIL
119112-222810,SS,Kevin,Kevin McGonigle,McGonigle,,0,2000,DET@PHI,DET,PHI,,,,,,SS/UTIL
119112-222809,C,Josue,Josue Briceno,Briceno,,0,2000,DET@PHI,DET,PHI,,,,,,C/1B/UTIL
119112-222808,C,Thayron,Thayron Liranzo,Liranzo,,0,2000,DET@PHI,DET,PHI,,,,,,C/1B/UTIL
119112-222815,3B,Mike,Mike Boeve,Boeve,,0,2000,MIL@WSH,MIL,WSH,,,,,,3B/UTIL
119112-222817,SS,Jesus,Jesus Made,Made,,0,2000,MIL@WSH,MIL,WSH,,,,,,SS/UTIL
119112-222816,SS,Cooper,Cooper Pratt,Pratt,,0,2000,MIL@WSH,MIL,WSH,,,,,,SS/UTIL
119112-222821,OF,Carson,Carson Benge,Benge,,0,2000,SF@NYM,NYM,SF,,,,,,OF/UTIL
119112-222827,SS,Franklin,Franklin Arias,Arias,,0,2000,HOU@BOS,BOS,HOU,,,,,,SS/UTIL
119112-222826,SS,Yoeilin,Yoeilin Cespedes,Cespedes,,0,2000,HOU@BOS,BOS,HOU,,,,,,SS/UTIL
119112-222831,SS,Jackson,Jackson Cluff,Cluff,,0,2000,MIL@WSH,WSH,MIL,,,,,,SS/UTIL
119112-222829,SS,Seaver,Seaver King,King,,0,2000,MIL@WSH,WSH,MIL,,,,,,SS/UTIL
119112-226928,1B/2B/SS/3B,Jack,Jack Winkler,Winkler,1.3818181644786487,11,2000,NYY@MIA,MIA,NYY,,,,,,C/1B/2B/3B/SS/UTIL
119112-222839,SS,Colt,Colt Emerson,Emerson,,0,2000,TEX@SEA,SEA,TEX,,,,,,SS/UTIL
119112-222842,2B,Michael,Michael Arroyo,Arroyo,,0,2000,TEX@SEA,SEA,TEX,,,,,,2B/UTIL
119112-222841,OF,Lazaro,Lazaro Montes,Montes,,0,2000,TEX@SEA,SEA,TEX,,,,,,OF/UTIL
119112-222840,OF,Jonny,Jonny Farmelo,Farmelo,,0,2000,TEX@SEA,SEA,TEX,IL,Ribs,,,,OF/UTIL
119112-222847,OF,Justin,Justin Crawford,Crawford,,0,2000,DET@PHI,PHI,DET,,,,,,OF/UTIL
119112-222849,C,Eduardo,Eduardo Tait,Tait,,0,2000,MIN@CLE,MIN,CLE,,,,,,C/1B/UTIL
119112-222848,SS,Aidan,Aidan Miller,Miller,,0,2000,DET@PHI,PHI,DET,,,,,,SS/UTIL
119112-165519,OF,Petey,Petey Halpin,Halpin,,0,2000,MIN@CLE,CLE,MIN,,,,,,OF/UTIL
119112-165539,SS,Jose,Jose Rodriguez,Rodriguez,0,2,2000,DET@PHI,PHI,DET,,,,,,SS/UTIL
119112-165550,2B/3B/SS,Ryan,Ryan Kreidler,Kreidler,3.0588235294117645,17,2000,DET@PHI,DET,PHI,,,,,,2B/3B/SS/UTIL
119112-165548,SS,Cristian,Cristian Santana,Santana,,0,2000,DET@PHI,DET,PHI,,,,,,SS/UTIL
119112-165549,OF,Roberto,Roberto Campos,Campos,,0,2000,DET@PHI,DET,PHI,,,,,,OF/UTIL
119112-165554,SS,Trei,Trei Cruz,Cruz,,0,2000,DET@PHI,DET,PHI,,,,,,SS/UTIL
119112-165555,SS,Abel,Abel Bastidas,Bastidas,,0,2000,DET@PHI,DET,PHI,,,,,,SS/UTIL
119112-165552,3B,Izaac,Izaac Pacheco,Pacheco,,0,2000,DET@PHI,DET,PHI,,,,,,3B/UTIL
119112-220848,SS,Christian,Christian Cairo,Cairo,,0,2000,MIN@CLE,CLE,MIN,,,,,,SS/UTIL
119112-165558,OF,Tyler,Tyler Whitaker,Whitaker,,0,2000,HOU@BOS,HOU,BOS,,,,,,OF/UTIL
119112-165556,3B,Gage,Gage Workman,Workman,2.3333333333333335,12,2000,DET@PHI,DET,PHI,,,,,,3B/UTIL
119112-165563,SS,Cristian,Cristian Gonzalez,Gonzalez,,0,2000,HOU@BOS,HOU,BOS,,,,,,SS/UTIL
119112-165597,SS,Kahlil,Kahlil Watson,Watson,,0,2000,MIN@CLE,CLE,MIN,,,,,,SS/UTIL
119112-165602,C,Joe,Joe Mack,Mack,,0,2000,NYY@MIA,MIA,NYY,,,,,,C/1B/UTIL
119112-165603,SS,Yiddi,Yiddi Cappe,Cappe,,0,2000,NYY@MIA,MIA,NYY,,,,,,SS/UTIL
119112-165601,SS,Jose,Jose Salas,Salas,,0,2000,MIN@CLE,MIN,CLE,,,,,,SS/UTIL
119112-165607,SS,Jordan,Jordan McCants,McCants,,0,2000,NYY@MIA,MIA,NYY,,,,,,SS/UTIL
119112-165604,C,Jeferson,Jeferson Quero,Quero,,0,2000,MIL@WSH,MIL,WSH,IL,Shoulder,,,,C/1B/UTIL
119112-165610,3B,Zavier,Zavier Warren,Warren,,0,2000,MIL@WSH,MIL,WSH,,,,,,3B/UTIL
119112-165608,2B,Cody,Cody Morissette,Morissette,,0,2000,NYY@MIA,MIA,NYY,,,,,,2B/UTIL
119112-165622,SS,Jheremy,Jheremy Vargas,Vargas,,0,2000,MIL@WSH,MIL,WSH,,,,,,SS/UTIL
119112-165626,OF,Emmanuel,Emmanuel Rodriguez,Rodriguez,0,1,2000,MIN@CLE,MIN,CLE,IL,Oblique,,,,OF/UTIL
119112-165629,1B,JT,JT Schwartz,Schwartz,,0,2000,SF@NYM,NYM,SF,,,,,,C/1B/UTIL
119112-202501,OF,Duke,Duke Ellis,Ellis,3.0166667302449546,12,2000,NYY@MIA,NYY,MIA,,,,,,OF/UTIL
119112-165646,C,Rickardo,Rickardo Perez,Perez,,0,2000,DET@PHI,PHI,DET,,,,,,C/1B/UTIL
119112-165647,OF,Ethan,Ethan Wilson,Wilson,,0,2000,DET@PHI,PHI,DET,,,,,,OF/UTIL
119112-165652,OF,Yhoswar,Yhoswar Garcia,Garcia,,0,2000,MIL@WSH,MIL,WSH,,,,,,OF/UTIL
119112-165669,2B,Max,Max Ferguson,Ferguson,,0,2000,HOU@BOS,BOS,HOU,,,,,,2B/UTIL
119112-165672,C,Harry,Harry Ford,Ford,,0,2000,TEX@SEA,SEA,TEX,,,,,,C/1B/UTIL
119112-165679,3B,Milkar,Milkar Perez,Perez,,0,2000,TEX@SEA,SEA,TEX,,,,,,3B/UTIL
119112-165683,OF,Gabriel,Gabriel Gonzalez,Gonzalez,,0,2000,MIN@CLE,MIN,CLE,,,,,,OF/UTIL
119112-165681,3B,Starlin,Starlin Aguilar,Aguilar,,0,2000,TEX@SEA,SEA,TEX,,,,,,3B/UTIL
119112-165685,SS,Aeverson,Aeverson Arteaga,Arteaga,,0,2000,SF@NYM,SF,NYM,,,,,,SS/UTIL
119112-165690,C,Brett,Brett Auerbach,Auerbach,,0,2000,SF@NYM,SF,NYM,,,,,,C/1B/UTIL
119112-163653,OF,Allan,Allan Cerda,Cerda,,0,2000,MIN@CLE,MIN,CLE,,,,,,OF/UTIL
119112-165711,SS,Cam,Cam Cauley,Cauley,,0,2000,TEX@SEA,TEX,SEA,,,,,,SS/UTIL
119112-165708,2B,Trevor,Trevor Hauver,Hauver,,0,2000,TEX@SEA,TEX,SEA,,,,,,2B/UTIL
119112-165709,OF,Yeison,Yeison Morrobel,Morrobel,,0,2000,TEX@SEA,TEX,SEA,,,,,,OF/UTIL
119112-165712,3B/OF,Dustin,Dustin Harris,Harris,4.206250190734863,16,2000,TEX@SEA,TEX,SEA,,,,,,3B/OF/UTIL
119112-165713,OF,Aaron,Aaron Zavala,Zavala,,0,2000,TEX@SEA,TEX,SEA,,,,,,OF/UTIL
119112-165718,2B/OF,Samad,Samad Taylor,Taylor,1.5499999523162842,4,2000,TEX@SEA,SEA,TEX,,,,,,2B/OF/UTIL
119112-163669,C,Bryan,Bryan Lavastida,Lavastida,,0,2000,HOU@BOS,HOU,BOS,,,,,,C/1B/UTIL
119112-163672,3B/1B,Jonah,Jonah Bride,Bride,3.086666531032986,45,2000,MIN@CLE,MIN,CLE,,,,,,C/1B/3B/UTIL
119112-165728,SS,Armando,Armando Cruz,Cruz,,0,2000,MIL@WSH,WSH,MIL,,,,,,SS/UTIL
119112-163686,3B/SS,Oswaldo,Oswaldo Cabrera,Cabrera,6.597142682756696,35,2000,NYY@MIA,NYY,MIA,IL,Ankle,,,,3B/SS/UTIL
119112-165732,1B,Branden,Branden Boissiere,Boissiere,,0,2000,MIL@WSH,WSH,MIL,,,,,,C/1B/UTIL
119112-180095,OF,Will,Will Brennan,Brennan,1.5,6,2000,MIN@CLE,CLE,MIN,IL,Elbow,,,,OF/UTIL
119112-102279,3B,Drew,Drew Ellis,Ellis,,0,2000,SF@NYM,SF,NYM,,,,,,3B/UTIL
119112-182167,1B,Matt,Matt Mervis,Mervis,6.523809523809524,42,2000,NYY@MIA,MIA,NYY,,,,,,C/1B/UTIL
119112-102303,1B,Triston,Triston Casas,Casas,6.327586206896552,29,2000,HOU@BOS,BOS,HOU,IL,Knee,,,,C/1B/UTIL
119112-79776,C,Dom,Dom Nunez,Nunez,6.199999809265137,2,2000,MIN@CLE,CLE,MIN,,,,,,C/1B/UTIL
119112-102313,OF,George,George Valera,Valera,0,3,2000,MIN@CLE,CLE,MIN,,,,,,OF/UTIL
119112-102322,2B/3B,Nick,Nick Madrigal,Madrigal,2.823529411764706,51,2000,SF@NYM,NYM,SF,IL,Shoulder,,,,2B/3B/UTIL
119112-102331,2B/SS/3B,Nicky,Nicky Lopez,Lopez,1.3105262957121198,19,2000,NYY@MIA,NYY,MIA,,,,,,2B/3B/SS/UTIL
119112-102337,OF,Seth,Seth Beer,Beer,,0,2000,DET@PHI,PHI,DET,,,,,,OF/UTIL
119112-102339,C,Diego,Diego Cartaya,Cartaya,0,2,2000,SF@NYM,SF,NYM,,,,,,C/1B/UTIL
119112-24529,OF,Rafael,Rafael Ortega,Ortega,2.4866666158040363,15,2000,SF@NYM,NYM,SF,IL,Undisclosed,,,,OF/UTIL
119112-102352,C,Payton,Payton Henry,Henry,0,1,2000,DET@PHI,PHI,DET,,,,,,C/1B/UTIL
119112-102356,OF,Gilberto,Gilberto Celestino,Celestino,,0,2000,SF@NYM,NYM,SF,,,,,,OF/UTIL
119112-102390,OF,Travis,Travis Swaggerty,Swaggerty,,0,2000,SF@NYM,NYM,SF,,,,,,OF/UTIL