Id,Position,First Name,Nickname,Last Name,FPPG,Played,Salary,Game,Team,Opponent,Injury Indicator,Injury Details,Tier,Probable Pitcher,Batting Order,Roster Position
119229-135977,P,Garrett,Garrett Crochet,Crochet,44.18181818181818,22,11000,KC@BOS,BOS,KC,,,,,,P
119229-12477,P,Chris,Chris Sale,Sale,39.8,15,10800,MIL@ATL,ATL,MIL,IL,Ribs,,,,P
119229-79951,P,Nick,Nick Pivetta,Pivetta,36.31818181818182,22,10400,SD@ARI,SD,ARI,,,,,,P
119229-80582,P,Brandon,Brandon Woodruff,Woodruff,41.8,5,10200,MIL@ATL,MIL,ATL,,,,,,P
119229-102396,P,Logan,Logan Gilbert,Gilbert,34.06666666666667,15,10200,CWS@SEA,SEA,CWS,,,,,,P
119229-187194,P,Bryan,Bryan Woo,Woo,36,21,10100,CWS@SEA,SEA,CWS,,,,,,P
119229-117232,P,Michael,Michael King,King,34.3,10,10000,SD@ARI,SD,ARI,IL,Shoulder,,,,P
119229-162445,P,Spencer,Spencer Strider,Strider,33.642857142857146,14,10000,MIL@ATL,ATL,MIL,,,,Yes,,P
119229-119409,P,Quinn,Quinn Priester,Priester,28.38095238095238,21,9900,MIL@ATL,MIL,ATL,,,,,,P
119229-197981,P,Jacob,Jacob Misiorowski,Misiorowski,34.714285714285715,7,9800,MIL@ATL,MIL,ATL,IL,Lower leg,,,,P
119229-83190,P,Freddy,Freddy Peralta,Peralta,32.95652173913044,23,9600,MIL@ATL,MIL,ATL,,,,,,P
119229-164503,P,Spencer,Spencer Schwellenbach,Schwellenbach,37.411764705882355,17,9600,MIL@ATL,ATL,MIL,IL,Elbow,,,,P
119229-82604,P,Corbin,Corbin Burnes,Burnes,33.72727272727273,11,9600,SD@ARI,ARI,SD,IL,Elbow,,,,P
119229-102330,P,Kris,Kris Bubic,Bubic,34.5,20,9600,KC@BOS,KC,BOS,IL,Shoulder,,,,P
119229-11328,P,Martin,Martin Perez,Perez,26.75,4,9400,CWS@SEA,CWS,SEA,IL,Elbow,,,,P
119229-79162,P,Luis,Luis Castillo,Castillo,30.347826086956523,23,9400,CWS@SEA,SEA,CWS,,,,,,P
119229-82635,P,MacKenzie,MacKenzie Gore,Gore,33.13636363636363,22,9400,ATH@WSH,WSH,ATH,,,,,,P
119229-79270,P,Cole,Cole Ragans,Ragans,31,10,9300,KC@BOS,KC,BOS,IL,Shoulder,,,,P
119229-219653,P,Logan,Logan Henderson,Henderson,36.4,5,9300,MIL@ATL,MIL,ATL,,,,,,P
119229-119414,P,George,George Kirby,Kirby,30.692307692307693,13,9200,CWS@SEA,SEA,CWS,,,,Yes,,P
119229-68491,P,Reynaldo,Reynaldo Lopez,Lopez,9,1,9200,MIL@ATL,ATL,MIL,IL,Shoulder,,,,P
119229-79091,P,Dylan,Dylan Cease,Cease,31.08695652173913,23,9100,SD@ARI,SD,ARI,,,,,,P
119229-71034,P,Seth,Seth Lugo,Lugo,31.285714285714285,21,8900,KC@BOS,KC,BOS,,,,,,P
119229-219697,P,Noah,Noah Cameron,Cameron,30.533333333333335,15,8900,KC@BOS,KC,BOS,,,,,,P
119229-219663,P,Chad,Chad Patrick,Patrick,26.105263157894736,19,8800,MIL@ATL,MIL,ATL,,,,,,P
119229-164497,P,Ryne,Ryne Nelson,Nelson,21.043478260869566,24,8800,SD@ARI,ARI,SD,,,,,,P
119229-163680,P,Brayan,Brayan Bello,Bello,29.55,20,8800,KC@BOS,BOS,KC,,,,,,P
119229-85476,P,Jeffrey,Jeffrey Springs,Springs,26.869565217391305,23,8700,ATH@WSH,ATH,WSH,,,,Yes,,P
119229-164509,P,AJ,AJ Smith-Shawver,Smith-Shawver,25.333333333333332,9,8600,MIL@ATL,ATL,MIL,IL,Elbow,,,,P
119229-102458,P,Kutter,Kutter Crawford,Crawford,27.96969696969697,33,8500,KC@BOS,BOS,KC,IL,Wrist,,,,P
119229-52198,P,Lucas,Lucas Giolito,Giolito,29.88235294117647,17,8500,KC@BOS,BOS,KC,,,,,,P
119229-37999,P,Michael,Michael Wacha,Wacha,26.818181818181817,22,8400,KC@BOS,KC,BOS,,,,Yes,,P
119229-79207,P,Grant,Grant Holmes,Holmes,28.227272727272727,22,8400,MIL@ATL,ATL,MIL,IL,Elbow,,,,P
119229-85251,P,Zac,Zac Gallen,Gallen,26.434782608695652,23,8300,SD@ARI,ARI,SD,,,,,,P
119229-79079,P,Joey,Joey Wentz,Wentz,8,29,8100,MIL@ATL,ATL,MIL,,,,,,P
119229-16931,P,Yu,Yu Darvish,Darvish,16.8,5,8100,SD@ARI,SD,ARI,,,,,,P
119229-82594,P,Dustin,Dustin May,May,26.473684210526315,19,8100,KC@BOS,BOS,KC,,,,Yes,,P
119229-193326,P,Jacob,Jacob Lopez,Lopez,24.058823529411764,17,8100,ATH@WSH,ATH,WSH,,,,,,P
119229-60644,P,Luis,Luis Severino,Severino,23.347826086956523,23,8000,ATH@WSH,ATH,WSH,,,,,,P
119229-21099,P,Jose,Jose Quintana,Quintana,25.0625,16,8000,MIL@ATL,MIL,ATL,,,,Yes,,P
119229-68523,P,Joe,Joe Musgrove,Musgrove,28.45,20,8000,SD@ARI,SD,ARI,IL,Elbow,,,,P
119229-52142,P,Eduardo,Eduardo Rodriguez,Rodriguez,24.31578947368421,19,8000,SD@ARI,ARI,SD,,,,,,P
119229-185701,P,Brandon,Brandon Pfaadt,Pfaadt,25.863636363636363,23,7900,SD@ARI,ARI,SD,,,,,,P
119229-165543,P,Sean,Sean Burke,Burke,23.636363636363637,22,7700,CWS@SEA,CWS,SEA,,,,,,P
119229-165689,P,Bryce,Bryce Miller,Miller,18.2,10,7700,CWS@SEA,SEA,CWS,IL,Elbow,,,,P
119229-102684,P,Jake,Jake Irvin,Irvin,22.91304347826087,23,7600,ATH@WSH,WSH,ATH,,,,,,P
119229-219668,P,Hunter,Hunter Dobbins,Dobbins,20.76923076923077,13,7600,KC@BOS,BOS,KC,IL,Knee,,,,P
119229-219724,P,Ryan,Ryan Bergert,Bergert,16.545454545454547,11,7600,KC@BOS,KC,BOS,,,,,,P
119229-82638,P,Jordan,Jordan Hicks,Hicks,9.909090909090908,23,7600,KC@BOS,BOS,KC,,,,,,P
119229-198362,P,Stephen,Stephen Kolek,Kolek,24,14,7600,KC@BOS,KC,BOS,,,,,,P
119229-165715,P,Gunnar,Gunnar Hoglund,Hoglund,17.833333333333332,6,7600,ATH@WSH,ATH,WSH,IL,Hip,,,,P
119229-165731,P,Mitchell,Mitchell Parker,Parker,20.40909090909091,22,7600,ATH@WSH,WSH,ATH,,,,,,P
119229-226322,P,Logan,Logan Evans,Evans,22.307692307692307,13,7500,CWS@SEA,SEA,CWS,,,,,,P
119229-79123,P,Tyler,Tyler Alexander,Alexander,8.342857142857143,36,7500,CWS@SEA,CWS,SEA,,,,,,P
119229-118202,P,Kyle,Kyle Hart,Hart,13.88888888888889,9,7500,SD@ARI,SD,ARI,,,,,,P
119229-52728,P,Michael,Michael Lorenzen,Lorenzen,25.5,19,7500,KC@BOS,KC,BOS,IL,Oblique,,,,P
119229-164532,P,DJ,DJ Herz,Herz,25.94736842105263,19,7500,ATH@WSH,WSH,ATH,IL,Elbow,,,,P
119229-165573,P,Alec,Alec Marsh,Marsh,24.423076923076923,26,7500,KC@BOS,KC,BOS,IL,Shoulder,,,,P
119229-170315,P,Davis,Davis Martin,Martin,24.25,16,7400,CWS@SEA,CWS,SEA,,,,,,P
119229-187769,P,Osvaldo,Osvaldo Bido,Bido,12.466666666666667,15,7400,ATH@WSH,ATH,WSH,,,,,,P
119229-82557,P,Aaron,Aaron Civale,Civale,22.214285714285715,14,7400,CWS@SEA,CWS,SEA,,,,,,P
119229-146705,P,J.T.,J.T. Ginn,Ginn,17.071428571428573,14,7300,ATH@WSH,ATH,WSH,,,,,,P
119229-225880,P,Nathan,Nathan Wiles,Wiles,-3,1,7300,MIL@ATL,ATL,MIL,,,,,,P
119229-145625,P,Bailey,Bailey Falter,Falter,20.695652173913043,23,7200,KC@BOS,KC,BOS,,,,,,P
119229-200581,P,Jonathan,Jonathan Cannon,Cannon,21.88888888888889,18,7200,CWS@SEA,CWS,SEA,,,,Yes,,P
119229-135268,P,Emerson,Emerson Hancock,Hancock,19.2,15,7100,CWS@SEA,SEA,CWS,,,,,,P
119229-146664,P,Bryce,Bryce Elder,Elder,21.055555555555557,18,7100,MIL@ATL,ATL,MIL,,,,,,P
119229-79168,P,Walker,Walker Buehler,Buehler,19.736842105263158,19,7100,KC@BOS,BOS,KC,,,,,,P
119229-202608,P,Carlos,Carlos Rodriguez,Rodriguez,13,1,7100,MIL@ATL,MIL,ATL,,,,,,P
119229-6266,P,Carlos,Carlos Carrasco,Carrasco,16.444444444444443,9,7000,MIL@ATL,ATL,MIL,,,,,,P
119229-146733,P,Kyle,Kyle Harrison,Harrison,14.5,8,7000,KC@BOS,BOS,KC,,,,,,P
119229-220840,P,Shane,Shane Smith,Smith,22.789473684210527,19,7000,CWS@SEA,CWS,SEA,,,,,,P
119229-163685,P,JP,JP Sears,Sears,22.391304347826086,23,7000,SD@ARI,SD,ARI,,,,,,P
119229-79853,P,Jordan,Jordan Montgomery,Montgomery,17.16,25,7000,MIL@ATL,MIL,ATL,IL,Elbow,,,,P
119229-102572,P,Tobias,Tobias Myers,Myers,12.375,8,6900,MIL@ATL,MIL,ATL,,,,,,P
119229-170891,P,Davis,Davis Daniel,Daniel,13,3,6900,MIL@ATL,ATL,MIL,,,,,,P
119229-188485,P,Matt,Matt Waldron,Waldron,11,1,6800,SD@ARI,SD,ARI,,,,,,P
119229-102498,P,Patrick,Patrick Sandoval,Sandoval,23.4375,16,6800,KC@BOS,BOS,KC,IL,Elbow,,,,P
119229-198872,P,Hurston,Hurston Waldrep,Waldrep,32,1,6800,MIL@ATL,ATL,MIL,,,,,,P
119229-60637,P,Sean,Sean Newcomb,Newcomb,11.205882352941176,34,6800,ATH@WSH,ATH,WSH,,,,,,P
119229-79078,P,Ian,Ian Anderson,Anderson,2.2857142857142856,7,6800,MIL@ATL,ATL,MIL,IL,Undisclosed,,,,P
119229-82540,P,Tanner,Tanner Houck,Houck,13.555555555555555,9,6800,KC@BOS,BOS,KC,IL,Elbow,,,,P
119229-222885,P,Brad,Brad Lord,Lord,9.675675675675675,38,6800,ATH@WSH,WSH,ATH,,,,,,P
119229-211765,P,Richard,Richard Fitts,Fitts,17.3,10,6800,KC@BOS,BOS,KC,,,,,,P
119229-228058,P,Didier,Didier Fuentes,Fuentes,3.75,4,6700,MIL@ATL,ATL,MIL,,,,,,P
119229-82775,P,Nestor,Nestor Cortes,Cortes,17,2,6700,SD@ARI,SD,ARI,,,,Yes,,P
119229-119302,P,Blake,Blake Walston,Walston,12.571428571428571,7,6600,SD@ARI,ARI,SD,IL,Elbow,,,,P
119229-82537,P,DL,DL Hall,Hall,7.823529411764706,17,6600,MIL@ATL,MIL,ATL,,,,,,P
119229-68483,P,Trevor,Trevor Williams,Williams,17.294117647058822,17,6600,ATH@WSH,WSH,ATH,IL,Elbow,,,,P
119229-102333,P,Daniel,Daniel Lynch IV,Lynch IV,5,40,6600,KC@BOS,KC,BOS,,,,,,P
119229-102515,P,Aaron,Aaron Ashby,Ashby,10,20,6500,MIL@ATL,MIL,ATL,,,,,,P
119229-102574,P,Jake,Jake Woodford,Woodford,6.285714285714286,7,6500,SD@ARI,ARI,SD,,,,,,P
119229-198917,P,Drew,Drew Thorpe,Thorpe,18.333333333333332,9,6500,CWS@SEA,CWS,SEA,IL,Elbow,,,,P
119229-53607,P,Anthony,Anthony DeSclafani,DeSclafani,12.555555555555555,9,6500,SD@ARI,ARI,SD,,,,Yes,,P
119229-23089,P,Dallas,Dallas Keuchel,Keuchel,13.25,4,6500,KC@BOS,KC,BOS,,,,,,P
119229-198353,P,Mitch,Mitch Spence,Spence,10.620689655172415,29,6500,ATH@WSH,ATH,WSH,,,,,,P
119229-165634,P,Ken,Ken Waldichuk,Waldichuk,0,1,6500,ATH@WSH,ATH,WSH,,,,,,P
119229-165665,P,Robert,Robert Gasser,Gasser,25.6,5,6500,MIL@ATL,MIL,ATL,IL,Elbow,,,,P
119229-190370,P,Jackson,Jackson Wolf,Wolf,0,1,6500,SD@ARI,SD,ARI,,,,,,P
119229-52174,P,Steven,Steven Matz,Matz,8.382352941176471,34,6500,KC@BOS,BOS,KC,,,,,,P
119229-135221,P,Cade,Cade Cavalli,Cavalli,0,1,6400,ATH@WSH,WSH,ATH,,,,Yes,,P
119229-102456,P,Jhonathan,Jhonathan Diaz,Diaz,7,1,6400,CWS@SEA,SEA,CWS,,,,,,P
119229-222565,P,Shinnosuke,Shinnosuke Ogasawara,Ogasawara,6.666666666666667,3,6400,ATH@WSH,WSH,ATH,,,,,,P
119229-181794,P,Hogan,Hogan Harris,Harris,6.833333333333333,30,6400,ATH@WSH,ATH,WSH,,,,,,P
119229-219695,P,Luinder,Luinder Avila,Avila,,0,6400,KC@BOS,KC,BOS,IL,Shoulder,,,,P
119229-164504,P,Joey,Joey Estes,Estes,0,2,6400,ATH@WSH,ATH,WSH,,,,,,P
119229-165638,P,Randy,Randy Vasquez,Vasquez,17.681818181818183,22,6400,SD@ARI,SD,ARI,,,,,,P
119229-52998,P,Aaron,Aaron Brooks,Brooks,15.8,5,6400,ATH@WSH,ATH,WSH,,,,,,P
119229-68564,P,Erick,Erick Fedde,Fedde,17.136363636363637,22,6400,MIL@ATL,ATL,MIL,,,,,,P
119229-135245,P,Tommy,Tommy Henry,Henry,17.5,2,6300,SD@ARI,ARI,SD,IL,Elbow,,,,P
119229-161256,P,Cooper,Cooper Criswell,Criswell,10.285714285714286,7,6300,KC@BOS,BOS,KC,,,,,,P
119229-181660,P,Jhony,Jhony Brito,Brito,6.3076923076923075,26,6200,SD@ARI,SD,ARI,IL,Forearm,,,,P
119229-181833,P,Darius,Darius Vines,Vines,7.25,4,6200,MIL@ATL,ATL,MIL,IL,Undisclosed,,,,P
119229-82534,P,Bryse,Bryse Wilson,Wilson,5.894736842105263,19,6200,CWS@SEA,CWS,SEA,,,,,,P
119229-119447,P,Joan,Joan Adon,Adon,3.25,8,6200,ATH@WSH,WSH,ATH,,,,,,P
119229-165600,P,Jake,Jake Eder,Eder,8.75,8,6200,ATH@WSH,WSH,ATH,,,,,,P
119229-204512,P,Yilber,Yilber Diaz,Diaz,3,1,6200,SD@ARI,ARI,SD,,,,,,P
119229-70559,P,Mike,Mike Clevinger,Clevinger,1.375,8,6200,CWS@SEA,CWS,SEA,,,,,,P
119229-102394,P,Luis,Luis Patino,Patino,0,1,6200,SD@ARI,SD,ARI,,,,,,P
119229-79103,P,Dane,Dane Dunning,Dunning,7.25,9,6100,MIL@ATL,ATL,MIL,,,,,,P
119229-102502,P,Josiah,Josiah Gray,Gray,6.5,3,6000,ATH@WSH,WSH,ATH,IL,Elbow,,,,P
119229-163681,P,Josh,Josh Winckowski,Winckowski,7.833333333333333,6,6000,KC@BOS,BOS,KC,IL,Elbow,,,,P
119229-102420,P,Owen,Owen White,White,14.5,2,5900,CWS@SEA,CWS,SEA,,,,,,P
119229-135231,P,Jared,Jared Shuster,Shuster,3.4166666666666665,12,5900,CWS@SEA,CWS,SEA,,,,,,P
119229-178306,P,Bryan,Bryan Hoeing,Hoeing,5.142857142857143,7,5900,SD@ARI,SD,ARI,,,,,,P
119229-197907,P,Brady,Brady Basso,Basso,14.857142857142858,7,5900,ATH@WSH,ATH,WSH,IL,Shoulder,,,,P
119229-119449,P,Jackson,Jackson Rutledge,Rutledge,4.461538461538462,39,5900,ATH@WSH,WSH,ATH,,,,,,P
119229-165578,P,Ky,Ky Bush,Bush,14.25,4,5900,CWS@SEA,CWS,SEA,IL,Elbow,,,,P
119229-102487,P,Austin,Austin Cox,Cox,7.428571428571429,7,5700,MIL@ATL,ATL,MIL,,,,,,P
119229-145610,P,Angel,Angel Zerpa,Zerpa,4.765957447,47,5700,KC@BOS,KC,BOS,,,,,,P
119229-198905,P,Mike,Mike Vasil,Vasil,11.4,30,5700,CWS@SEA,CWS,SEA,,,,,,P
119229-161275,P,Kyle,Kyle Tyler,Tyler,14.125,8,5700,CWS@SEA,CWS,SEA,,,,,,P
119229-164511,P,Dylan,Dylan Dodd,Dodd,5,15,5700,MIL@ATL,ATL,MIL,,,,,,P
119229-213867,P,Blas,Blas Castano,Castano,3,1,5700,CWS@SEA,SEA,CWS,,,,,,P
119229-82539,P,Jalen,Jalen Beeks,Beeks,4.488372093023256,43,5600,SD@ARI,ARI,SD,,,,,,P
119229-79873,P,Dylan,Dylan Covey,Covey,0,2,5500,MIL@ATL,ATL,MIL,,,,,,P
119229-171020,P,Michael,Michael Kelly,Kelly,5.368421052631579,19,5500,ATH@WSH,ATH,WSH,,,,,,P
119229-135191,P,Josh,Josh Fleming,Fleming,4.541666666666667,25,5500,CWS@SEA,SEA,CWS,,,,,,P
119229-135192,P,Ryan,Ryan Thompson,Thompson,4.194444444444445,36,5500,SD@ARI,ARI,SD,IL,Shoulder,,,,P
119229-68654,P,John,John Gant,Gant,,0,5500,KC@BOS,KC,BOS,,,,,,P
119229-190516,P,Daysbel,Daysbel Hernandez,Hernandez,5.90625,33,5500,MIL@ATL,ATL,MIL,,,,,,P
119229-135226,P,Wes,Wes Benjamin,Benjamin,,0,5500,SD@ARI,SD,ARI,,,,,,P
119229-172092,P,Garrett,Garrett Hill,Hill,0,1,5500,CWS@SEA,SEA,CWS,,,,,,P
119229-200764,P,Cam,Cam Booser,Booser,3.966666666666667,30,5500,CWS@SEA,CWS,SEA,,,,,,P
119229-58434,P,Kendall,Kendall Graveman,Graveman,2.875,16,5500,SD@ARI,ARI,SD,,,,,,P
119229-102469,P,Ben,Ben Bowden,Bowden,1.75,4,5500,ATH@WSH,ATH,WSH,,,,,,P
119229-169030,P,Zach,Zach Jackson,Jackson,,0,5500,ATH@WSH,ATH,WSH,,,,,,P
119229-135237,P,Nick,Nick Mears,Mears,4.478260869565218,47,5500,MIL@ATL,MIL,ATL,,,,,,P
119229-102479,P,Lincoln,Lincoln Henzman,Henzman,,0,5500,ATH@WSH,ATH,WSH,,,,,,P
119229-149587,P,Jay,Jay Flaa,Flaa,,0,5500,MIL@ATL,ATL,MIL,,,,,,P
119229-135249,P,Bryce,Bryce Jarvis,Jarvis,7.625,8,5500,SD@ARI,ARI,SD,,,,,,P
119229-189529,P,Alek,Alek Jacob,Jacob,3.6956521739130435,23,5500,SD@ARI,SD,ARI,,,,,,P
119229-73828,P,Dan,Dan Altavilla,Altavilla,4.583333333333333,25,5500,CWS@SEA,CWS,SEA,IL,Lat,,,,P
119229-226411,P,David,David Morgan,Morgan,6.625,25,5500,SD@ARI,SD,ARI,,,,,,P
119229-83054,P,Justin,Justin Anderson,Anderson,4.796296296296297,56,5500,CWS@SEA,CWS,SEA,,,,,,P
119229-161907,P,Dylan,Dylan Lee,Lee,5.038461538461538,52,5500,MIL@ATL,ATL,MIL,,,,,,P
119229-85108,P,Enyel,Enyel De Los Santos,De Los Santos,4.925,43,5500,MIL@ATL,ATL,MIL,,,,,,P
119229-201853,P,Ryan,Ryan Loutos,Loutos,1.3636363636363635,12,5500,ATH@WSH,WSH,ATH,,,,,,P
119229-209026,P,Parker,Parker Dunshee,Dunshee,1,1,5500,ATH@WSH,WSH,ATH,,,,,,P
119229-54403,P,Trevor,Trevor Gott,Gott,0,1,5500,CWS@SEA,SEA,CWS,,,,,,P
119229-187521,P,Joe,Joe Jacques,Jacques,3,2,5500,CWS@SEA,SEA,CWS,,,,,,P
119229-116868,P,Gabe,Gabe Speier,Speier,5.48,50,5500,CWS@SEA,SEA,CWS,,,,,,P
119229-114827,P,John,John Schreiber,Schreiber,5.0625,50,5500,KC@BOS,KC,BOS,,,,,,P
119229-135304,P,Tyler,Tyler Baum,Baum,,0,5500,ATH@WSH,ATH,WSH,,,,,,P
119229-73866,P,Wandy,Wandy Peralta,Peralta,5.117647058823529,51,5500,SD@ARI,SD,ARI,,,,,,P
119229-135312,P,Kyle,Kyle Nelson,Nelson,4.5,2,5500,SD@ARI,ARI,SD,,,,,,P
119229-102549,P,Andres,Andres Munoz,Munoz,6.681818181818182,44,5500,CWS@SEA,SEA,CWS,,,,,,P
119229-83097,P,D.J.,D.J. Snelten,Snelten,,0,5500,CWS@SEA,CWS,SEA,,,,,,P
119229-152734,P,Zach,Zach Thompson,Thompson,10,2,5500,MIL@ATL,ATL,MIL,,,,,,P
119229-102558,P,Gregory,Gregory Santos,Santos,1.875,8,5500,CWS@SEA,SEA,CWS,IL,Knee,,,,P
119229-184482,P,Hobie,Hobie Harris,Harris,,0,5500,KC@BOS,BOS,KC,,,,,,P
119229-135339,P,Clayton,Clayton Beeter,Beeter,-2,2,5500,ATH@WSH,WSH,ATH,,,,,,P
119229-83116,P,Wander,Wander Suero,Suero,4,3,5500,MIL@ATL,ATL,MIL,,,,,,P
119229-145591,P,Eduard,Eduard Bazardo,Bazardo,6.2,50,5500,CWS@SEA,SEA,CWS,,,,,,P
119229-145593,P,Carlos,Carlos Vargas,Vargas,4.571428571428571,49,5500,CWS@SEA,SEA,CWS,,,,,,P
119229-135358,P,Dylan,Dylan File,File,,0,5500,CWS@SEA,SEA,CWS,,,,,,P
119229-160965,P,Elvis,Elvis Peguero,Peguero,4.166666666666667,6,5500,CWS@SEA,CWS,SEA,,,,,,P
119229-21707,P,Michael,Michael Mariot,Mariot,,0,5500,CWS@SEA,SEA,CWS,,,,,,P
119229-83149,P,Jesus,Jesus Liranzo,Liranzo,,0,5500,MIL@ATL,MIL,ATL,,,,,,P
119229-198874,P,Noah,Noah Schultz,Schultz,,0,5500,CWS@SEA,CWS,SEA,IL,Knee,,,,P
119229-79071,P,Taylor,Taylor Clarke,Clarke,4.766666666666667,30,5500,KC@BOS,KC,BOS,,,,,,P
119229-145629,P,Mason,Mason Thompson,Thompson,0.5,6,5500,ATH@WSH,WSH,ATH,,,,,,P
119229-209116,P,Troy,Troy Taylor,Taylor,-0.142857143,8,5500,CWS@SEA,SEA,CWS,,,,,,P
119229-60640,P,Nick,Nick Burdi,Burdi,7.75,4,5500,KC@BOS,BOS,KC,,,,,,P
119229-83170,P,Thomas,Thomas Pannone,Pannone,,0,5500,MIL@ATL,MIL,ATL,IL,Forearm,,,,P
119229-197873,P,Zach,Zach Brzykcy,Brzykcy,2.88,26,5500,ATH@WSH,WSH,ATH,,,,,,P
119229-197877,P,Cristian,Cristian Mena,Mena,15.666666666666666,3,5500,SD@ARI,ARI,SD,IL,Shoulder,,,,P
119229-79097,P,Bryan,Bryan Hudson,Hudson,4.583333333333333,12,5500,CWS@SEA,CWS,SEA,,,,,,P
119229-146684,P,Jared,Jared Kelley,Kelley,,0,5500,CWS@SEA,CWS,SEA,,,,,,P
119229-198915,P,Luis,Luis Morales,Morales,3,1,5500,ATH@WSH,ATH,WSH,,,,,,P
119229-146691,P,Asa,Asa Lacy,Lacy,,0,5500,KC@BOS,KC,BOS,IL,Elbow,,,,P
119229-85263,P,CD,CD Pelham,Pelham,,0,5500,ATH@WSH,ATH,WSH,,,,,,P
119229-197900,P,Luis,Luis Perales,Perales,0,2,5500,KC@BOS,BOS,KC,IL,Elbow,,,,P
119229-197906,P,Royber,Royber Salinas,Salinas,0,1,5500,MIL@ATL,ATL,MIL,,,,,,P
119229-225559,P,Juan,Juan Morillo,Morillo,3.903225806451613,31,5500,SD@ARI,ARI,SD,,,,,,P
119229-79124,P,Joe,Joe Jimenez,Jimenez,5.855072463768116,70,5500,MIL@ATL,ATL,MIL,IL,Knee,,,,P
119229-65817,P,Scott,Scott McGough,McGough,3.5,7,5500,ATH@WSH,ATH,WSH,,,,,,P
119229-197919,P,Jairo,Jairo Iriarte,Iriarte,5.5,6,5500,CWS@SEA,CWS,SEA,,,,,,P
119229-197916,P,Anthony,Anthony Maldonado,Maldonado,2.5,6,5500,ATH@WSH,ATH,WSH,,,,,,P
119229-83232,P,Jason,Jason Adam,Adam,6.245283018867925,53,5500,SD@ARI,SD,ARI,,,,,,P
119229-146737,P,Cole,Cole Henry,Henry,4.625,42,5500,ATH@WSH,WSH,ATH,,,,,,P
119229-152888,P,Sam,Sam Long,Long,3.761904761904762,21,5500,KC@BOS,KC,BOS,,,,,,P
119229-180540,P,Easton,Easton McGee,McGee,5.142857142857143,7,5500,MIL@ATL,MIL,ATL,,,,,,P
119229-228682,P,Eduarniel,Eduarniel Nunez,Nunez,3.8,5,5500,ATH@WSH,ATH,WSH,,,,,,P
119229-203080,P,Brandon,Brandon Eisert,Eisert,5.041666666666667,48,5500,CWS@SEA,CWS,SEA,,,,,,P
119229-209224,P,Orlando,Orlando Ribalta,Ribalta,6.4,5,5500,ATH@WSH,WSH,ATH,,,,,,P
119229-181583,P,Prelander,Prelander Berroa,Berroa,7.0588235294117645,17,5500,CWS@SEA,CWS,SEA,IL,Elbow,,,,P
119229-79185,P,Justin,Justin Dunn,Dunn,,0,5500,KC@BOS,KC,BOS,,,,,,P
119229-135525,P,Adam,Adam Seminaris,Seminaris,,0,5500,CWS@SEA,SEA,CWS,,,,,,P
119229-79209,P,A.J.,A.J. Puk,Puk,6.375,8,5500,SD@ARI,ARI,SD,IL,Elbow,,,,P
119229-118122,P,Angel,Angel Perdomo,Perdomo,2.5,4,5500,ATH@WSH,ATH,WSH,IL,Undisclosed,,,,P
119229-153961,P,Tayler,Tayler Saucedo,Saucedo,2.8,5,5500,CWS@SEA,SEA,CWS,,,,,,P
119229-79227,P,Adrian,Adrian Morejon,Morejon,6.039215686,53,5500,SD@ARI,SD,ARI,,,,,,P
119229-225665,P,Sauryn,Sauryn Lao,Lao,14,1,5500,CWS@SEA,SEA,CWS,,,,,,P
119229-193949,P,Steven,Steven Cruz,Cruz,4.738095238095238,43,5500,KC@BOS,KC,BOS,IL,Shoulder,,,,P
119229-61858,P,Raisel,Raisel Iglesias,Iglesias,5.0212765957446805,47,5500,MIL@ATL,ATL,MIL,,,,,,P
119229-181664,P,Sean,Sean Reynolds,Reynolds,6.117647058823529,17,5500,SD@ARI,SD,ARI,,,,,,P
119229-101801,P,Joel,Joel Payamps,Payamps,2.260869565217391,23,5500,MIL@ATL,MIL,ATL,,,,,,P
119229-118185,P,Matt,Matt Foster,Foster,4.333333333333333,6,5500,SD@ARI,ARI,SD,,,,,,P
119229-118184,P,Enoli,Enoli Paredes,Paredes,5.944444444444445,18,5500,MIL@ATL,ATL,MIL,,,,,,P
119229-79275,P,Sean,Sean Reid-Foley,Reid-Foley,5.826086956521739,23,5500,SD@ARI,ARI,SD,,,,,,P
119229-101802,P,Patrick,Patrick Weigel,Weigel,,0,5500,ATH@WSH,WSH,ATH,,,,,,P
119229-158131,P,Tyler,Tyler Gilbert,Gilbert,6.275862068965517,29,5500,CWS@SEA,CWS,SEA,,,,,,P
119229-219568,P,Rolddy,Rolddy Munoz,Munoz,,0,5500,MIL@ATL,ATL,MIL,,,,,,P
119229-118196,P,Ryan,Ryan Hendrix,Hendrix,,0,5500,KC@BOS,KC,BOS,,,,,,P
119229-101819,P,Jose,Jose Suarez,Suarez,12.333333333333334,3,5500,MIL@ATL,ATL,MIL,,,,,,P
119229-200143,P,Josh,Josh Maciejewski,Maciejewski,9,4,5500,MIL@ATL,MIL,ATL,,,,,,P
119229-225748,P,Craig,Craig Yoho,Yoho,2.4285714285714284,7,5500,MIL@ATL,MIL,ATL,,,,,,P
119229-101855,P,Trent,Trent Thornton,Thornton,5.121212121212121,33,5500,CWS@SEA,SEA,CWS,IL,Achilles,,,,P
119229-84452,P,Caleb,Caleb Ferguson,Ferguson,4.1875,48,5500,CWS@SEA,SEA,CWS,,,,,,P
119229-226819,P,Caleb,Caleb Freeman,Freeman,2.6,5,5500,CWS@SEA,CWS,SEA,,,,,,P
119229-119299,P,Drey,Drey Jameson,Jameson,2,3,5500,SD@ARI,ARI,SD,IL,Elbow,,,,P
119229-219654,P,Juan,Juan Carela,Carela,,0,5500,CWS@SEA,CWS,SEA,O,Elbow,,,,P
119229-119310,P,Noah,Noah Song,Song,,0,5500,KC@BOS,BOS,KC,,,,,,P
119229-101905,P,Sam,Sam McWilliams,McWilliams,,0,5500,MIL@ATL,MIL,ATL,,,,,,P
119229-170514,P,Jose,Jose Cuas,Cuas,4.833333333333333,13,5500,MIL@ATL,ATL,MIL,,,,,,P
119229-71190,P,Jose,Jose Leclerc,Leclerc,3.3,10,5500,ATH@WSH,ATH,WSH,IL,Lat,,,,P
119229-181791,P,Connor,Connor Thomas,Thomas,-2.5,2,5500,MIL@ATL,MIL,ATL,IL,Elbow,,,,P
119229-95774,P,Jeff,Jeff Brigham,Brigham,3.3333333333333335,4,5500,SD@ARI,ARI,SD,,,,,,P
119229-181801,P,Jose A.,Jose A. Ferrer,Ferrer,4.25,52,5500,ATH@WSH,WSH,ATH,,,,,,P
119229-119347,P,Jonathan,Jonathan Bowlan,Bowlan,6.105263157894737,19,5500,KC@BOS,KC,BOS,,,,,,P
119229-228913,P,PJ,PJ Poulin,Poulin,,0,5500,ATH@WSH,WSH,ATH,,,,,,P
119229-219696,P,Eric,Eric Cerantola,Cerantola,,0,5500,KC@BOS,KC,BOS,,,,,,P
119229-181816,P,Casey,Casey Legumina,Legumina,5.35,41,5500,CWS@SEA,SEA,CWS,,,,,,P
119229-222783,P,Grant,Grant Taylor,Taylor,6.333333333333333,18,5500,CWS@SEA,CWS,SEA,,,,,,P
119229-222784,P,Hagen,Hagen Smith,Smith,,0,5500,CWS@SEA,CWS,SEA,,,,,,P
119229-226884,P,Christian,Christian Montes De Oca,Montes De Oca,14,1,5500,SD@ARI,ARI,SD,IL,Back,,,,P
119229-219723,P,Omar,Omar Cruz,Cruz,10,2,5500,SD@ARI,SD,ARI,,,,,,P
119229-181838,P,Abner,Abner Uribe,Uribe,6.0754716981132075,53,5500,MIL@ATL,MIL,ATL,,,,,,P
119229-80460,P,John,John Brebbia,Brebbia,3.8947368421052633,19,5500,MIL@ATL,ATL,MIL,,,,,,P
119229-207438,P,Fraser,Fraser Ellard,Ellard,5.125,8,5500,CWS@SEA,CWS,SEA,,,,,,P
119229-219726,P,Joe,Joe Elbis,Elbis,,0,5500,SD@ARI,ARI,SD,O,Undisclosed,,,,P
119229-181836,P,Justin,Justin Martinez,Martinez,6.0625,17,5500,SD@ARI,ARI,SD,IL,Elbow,,,,P
119229-219725,P,Henry,Henry Baez,Baez,,0,5500,ATH@WSH,ATH,WSH,,,,,,P
119229-80476,P,Jackson,Jackson Stephens,Stephens,4.333333333333333,3,5500,MIL@ATL,ATL,MIL,,,,,,P
119229-119388,P,Junior,Junior Santos,Santos,,0,5500,ATH@WSH,WSH,ATH,,,,,,P
119229-81507,P,Aaron,Aaron Bummer,Bummer,5.648648648648648,37,5500,MIL@ATL,ATL,MIL,,,,,,P
119229-82535,P,Kyle,Kyle Wright,Wright,0,1,5500,KC@BOS,KC,BOS,IL,Oblique,,,,P
119229-119398,P,Yoendrys,Yoendrys Gomez,Gomez,5.363636363636363,12,5500,CWS@SEA,CWS,SEA,,,,,,P
119229-186986,P,Eduardo,Eduardo Salazar,Salazar,2.5,30,5500,ATH@WSH,WSH,ATH,,,,,,P
119229-82541,P,Bryan,Bryan Mata,Mata,0,2,5500,KC@BOS,BOS,KC,,,,,,P
119229-222830,P,Travis,Travis Sykora,Sykora,,0,5500,ATH@WSH,WSH,ATH,IL,Elbow,,,,P
119229-226925,P,Andrew,Andrew Hoffmann,Hoffmann,8.25,4,5500,SD@ARI,ARI,SD,,,,,,P
119229-222828,P,Jacob,Jacob Webb,Webb,,0,5500,KC@BOS,BOS,KC,,,,,,P
119229-162419,P,Matt,Matt Brash,Brash,5.15625,32,5500,CWS@SEA,SEA,CWS,,,,,,P
119229-156272,P,Reiss,Reiss Knehr,Knehr,0,1,5500,SD@ARI,SD,ARI,,,,,,P
119229-222833,P,Jarlin,Jarlin Susana,Susana,,0,5500,ATH@WSH,WSH,ATH,IL,Elbow,,,,P
119229-226929,P,Bradgley,Bradgley Rodriguez,Rodriguez,8,1,5500,SD@ARI,SD,ARI,,,,,,P
119229-222832,P,Alex,Alex Clemmey,Clemmey,,0,5500,ATH@WSH,WSH,ATH,,,,,,P
119229-119413,P,Isaiah,Isaiah Campbell,Campbell,0,1,5500,KC@BOS,BOS,KC,,,,,,P
119229-135798,P,Garrett,Garrett Stallings,Stallings,,0,5500,MIL@ATL,MIL,ATL,,,,,,P
119229-222843,P,Jurrangelo,Jurrangelo Cijntje,Cijntje,,0,5500,CWS@SEA,SEA,CWS,,,,,,P
119229-118397,P,Trevor,Trevor Megill,Megill,6.075,41,5500,MIL@ATL,MIL,ATL,,,,,,P
119229-70271,P,Carlos,Carlos Estevez,Estevez,4.979166666666667,48,5500,KC@BOS,KC,BOS,,,,,,P
119229-52871,P,Derek,Derek Law,Law,6.16,75,5500,ATH@WSH,WSH,ATH,IL,Forearm,,,,P
119229-62087,P,Miguel,Miguel Castro,Castro,2.5,6,5500,CWS@SEA,CWS,SEA,IL,Knee,,,,P
119229-222859,P,Cam,Cam Caminiti,Caminiti,,0,5500,MIL@ATL,ATL,MIL,,,,,,P
119229-110216,P,Stephen,Stephen Nogosek,Nogosek,,0,5500,KC@BOS,KC,BOS,,,,,,P
119229-12939,P,Casey,Casey Kelly,Kelly,9.5,2,5500,SD@ARI,ARI,SD,,,,,,P
119229-12943,P,Shelby,Shelby Miller,Miller,6.027027027027027,37,5500,MIL@ATL,MIL,ATL,IL,Forearm,,,,P
119229-73362,P,Rob,Rob Zastryzny,Zastryzny,5.866666666666666,15,5500,MIL@ATL,MIL,ATL,IL,Ribs,,,,P
119229-170647,P,Jared,Jared Koenig,Koenig,4.269230769230769,52,5500,MIL@ATL,MIL,ATL,,,,,,P
119229-220822,P,Elvis,Elvis Alvarado,Alvarado,6.882352941176471,17,5500,ATH@WSH,ATH,WSH,,,,,,P
119229-119446,P,Andry,Andry Lara,Lara,5,8,5500,ATH@WSH,WSH,ATH,,,,,,P
119229-82584,P,JB,JB Bukauskas,Bukauskas,5.5,6,5500,MIL@ATL,MIL,ATL,IL,Lat,,,,P
119229-119451,P,Matt,Matt Cronin,Cronin,,0,5500,CWS@SEA,SEA,CWS,IL,Undisclosed,,,,P
119229-226968,P,Kyle,Kyle Backhus,Backhus,4.5625,16,5500,SD@ARI,ARI,SD,,,,,,P
119229-165534,P,Norge,Norge Vera,Vera,,0,5500,ATH@WSH,ATH,WSH,,,,,,P
119229-82591,P,Chris,Chris Rodriguez,Rodriguez,,0,5500,CWS@SEA,CWS,SEA,IL,Undisclosed,,,,P
119229-203420,P,Austin,Austin Kitchen,Kitchen,0,4,5500,CWS@SEA,SEA,CWS,,,,,,P
119229-202402,P,Justin,Justin Sterner,Sterner,5.128205128205129,40,5500,ATH@WSH,ATH,WSH,,,,,,P
119229-164517,P,Chris,Chris Murphy,Murphy,8.636363636363637,11,5500,KC@BOS,BOS,KC,,,,,,P
119229-164522,P,Wikelman,Wikelman Gonzalez,Gonzalez,8,3,5500,CWS@SEA,CWS,SEA,,,,,,P
119229-84651,P,Austin,Austin Davis,Davis,2.5714285714285716,7,5500,SD@ARI,SD,ARI,,,,,,P
119229-165545,P,Tanner,Tanner McDougal,McDougal,,0,5500,CWS@SEA,CWS,SEA,,,,,,P
119229-114356,P,Kevin,Kevin Ginkel,Ginkel,3.689655172413793,29,5500,SD@ARI,ARI,SD,IL,Shoulder,,,,P
119229-14006,P,Brian,Brian Moran,Moran,,0,5500,MIL@ATL,ATL,MIL,,,,,,P
119229-165566,P,Ben,Ben Kudrna,Kudrna,,0,5500,KC@BOS,KC,BOS,,,,,,P
119229-165564,P,Frank,Frank Mozzicato,Mozzicato,,0,5500,KC@BOS,KC,BOS,,,,,,P
119229-165570,P,Ben,Ben Hernandez,Hernandez,,0,5500,CWS@SEA,SEA,CWS,,,,,,P
119229-165572,P,Noah,Noah Murdock,Murdock,3.4615384615384617,14,5500,KC@BOS,KC,BOS,,,,,,P
119229-119494,P,Andrew,Andrew Dalquist,Dalquist,,0,5500,CWS@SEA,CWS,SEA,,,,,,P
119229-81614,P,Thyago,Thyago Vieira,Vieira,6.111111111111111,28,5500,SD@ARI,ARI,SD,O,Elbow,,,,P
119229-165585,P,Erik,Erik Rivera,Rivera,,0,5500,KC@BOS,BOS,KC,,,,,,P
119229-198352,P,Shane,Shane Drohan,Drohan,0,1,5500,KC@BOS,BOS,KC,IL,Forearm,,,,P
119229-198356,P,Justin,Justin Slaten,Slaten,4.217391304347826,24,5500,KC@BOS,BOS,KC,IL,Shoulder,,,,P
119229-165594,P,Carlos,Carlos Duran,Duran,-8,1,5500,ATH@WSH,ATH,WSH,,,,,,P
119229-229084,P,Brandyn,Brandyn Garcia,Garcia,0.25,4,5500,SD@ARI,ARI,SD,,,,,,P
119229-14049,P,Bryan,Bryan Shaw,Shaw,2.4,5,5500,CWS@SEA,SEA,CWS,,,,,,P
119229-141024,P,Bruce,Bruce Zimmermann,Zimmermann,0,1,5500,MIL@ATL,MIL,ATL,,,,,,P
119229-81641,P,John,John Curtiss,Curtiss,4,11,5500,SD@ARI,ARI,SD,,,,,,P
119229-228072,P,Jake,Jake Palisch,Palisch,-3,1,5500,CWS@SEA,CWS,SEA,,,,,,P
119229-228077,P,Jack,Jack Perkins,Perkins,11.88888888888889,9,5500,ATH@WSH,ATH,WSH,,,,,,P
119229-187121,P,Grant,Grant Anderson,Anderson,5.92,50,5500,MIL@ATL,MIL,ATL,,,,,,P
119229-165621,P,Russell,Russell Smith,Smith,,0,5500,MIL@ATL,MIL,ATL,IL,Undisclosed,,,,P
119229-84732,P,Robert,Robert Stock,Stock,1,2,5500,KC@BOS,BOS,KC,,,,,,P
119229-13055,P,Anthony,Anthony Gose,Gose,3.3333333333333335,3,5500,SD@ARI,ARI,SD,,,,,,P
119229-165642,P,Mason,Mason Miller,Miller,6.564102564102564,39,5500,SD@ARI,SD,ARI,,,,,,P
119229-165650,P,Grant,Grant Holman,Holman,5,22,5500,ATH@WSH,ATH,WSH,IL,Shoulder,,,,P
119229-194323,P,Hunter,Hunter Stratton,Stratton,1,5,5500,MIL@ATL,ATL,MIL,,,,,,P
119229-194320,P,Andrew,Andrew Saalfrank,Saalfrank,5.75,8,5500,SD@ARI,ARI,SD,,,,,,P
119229-165649,P,Colin,Colin Peluse,Peluse,,0,5500,ATH@WSH,ATH,WSH,,,,,,P
119229-161563,P,Jovani,Jovani Moran,Moran,,0,5500,KC@BOS,BOS,KC,,,,,,P
119229-211737,P,Luis,Luis Guerrero,Guerrero,4.461538461538462,13,5500,KC@BOS,BOS,KC,IL,Elbow,,,,P
119229-201506,P,Tyler,Tyler Ferguson,Ferguson,3.8333333333333335,36,5500,ATH@WSH,ATH,WSH,,,,,,P
119229-165671,P,Victor,Victor Lizarraga,Lizarraga,,0,5500,SD@ARI,SD,ARI,,,,,,P
119229-199460,P,Jordan,Jordan Leasure,Leasure,5.5,45,5500,CWS@SEA,CWS,SEA,,,,,,P
119229-182062,P,Gus,Gus Varland,Varland,5.230769230769231,26,5500,CWS@SEA,CWS,SEA,,,,,,P
119229-165682,P,Michael,Michael Morales,Morales,,0,5500,CWS@SEA,SEA,CWS,,,,,,P
119229-53043,P,Jesse,Jesse Hahn,Hahn,5,3,5500,CWS@SEA,SEA,CWS,,,,,,P
119229-178997,P,Greg,Greg Weissert,Weissert,4.470588235294118,51,5500,KC@BOS,BOS,KC,,,,,,P
119229-163641,P,Ray,Ray Kerr,Kerr,11.2,10,5500,MIL@ATL,ATL,MIL,IL,Elbow,,,,P
119229-13118,P,Justin,Justin Wilson,Wilson,5.071428571428571,43,5500,KC@BOS,BOS,KC,,,,,,P
119229-84815,P,Joey,Joey Krehbiel,Krehbiel,,0,5500,KC@BOS,KC,BOS,,,,,,P
119229-163660,P,Steven,Steven Wilson,Wilson,5.102564102564102,39,5500,CWS@SEA,CWS,SEA,,,,,,P
119229-70482,P,J.B.,J.B. Wendelken,Wendelken,,0,5500,SD@ARI,SD,ARI,,,,,,P
119229-213851,P,Domingo,Domingo Gonzalez,Gonzalez,,0,5500,MIL@ATL,ATL,MIL,,,,,,P
119229-163673,P,Jorge,Jorge Juan,Juan,,0,5500,KC@BOS,BOS,KC,,,,,,P
119229-228189,P,Juan,Juan Burgos,Burgos,8.75,4,5500,SD@ARI,ARI,SD,,,,,,P
119229-163677,P,James,James McArthur,McArthur,4.618181818181818,57,5500,KC@BOS,KC,BOS,IL,Elbow,,,,P
119229-11108,P,Aroldis,Aroldis Chapman,Chapman,6.714285714285714,49,5500,KC@BOS,BOS,KC,,,,,,P
119229-163687,P,Ron,Ron Marinaccio,Marinaccio,10,2,5500,SD@ARI,SD,ARI,,,,,,P
119229-163688,P,Collin,Collin Snider,Snider,4.791666666666667,24,5500,CWS@SEA,SEA,CWS,,,,,,P
119229-163697,P,Hagen,Hagen Danner,Danner,0,1,5500,CWS@SEA,SEA,CWS,,,,,,P
119229-163702,P,Logan,Logan Gillaspie,Gillaspie,9,3,5500,SD@ARI,SD,ARI,,,,,,P
119229-15225,P,Liam,Liam Hendriks,Hendriks,3.357142857142857,14,5500,KC@BOS,BOS,KC,IL,Hip,,,,P
119229-161675,P,Jonathan,Jonathan Heasley,Heasley,-0.5,5,5500,CWS@SEA,CWS,SEA,,,,,,P
119229-68520,P,Michael,Michael Fulmer,Fulmer,5.666666666666667,3,5500,KC@BOS,KC,BOS,,,,,,P
119229-179118,P,Zack,Zack Kelly,Kelly,6.6875,17,5500,KC@BOS,BOS,KC,,,,,,P
119229-68527,P,Jose,Jose De Leon,De Leon,,0,5500,KC@BOS,BOS,KC,,,,,,P
119229-52143,P,Hunter,Hunter Harvey,Harvey,5.6,10,5500,KC@BOS,KC,BOS,,,,,,P
119229-52148,P,Pierce,Pierce Johnson,Johnson,5.25,44,5500,MIL@ATL,ATL,MIL,,,,,,P
119229-102324,P,Konnor,Konnor Pilkington,Pilkington,7,7,5500,ATH@WSH,WSH,ATH,,,,,,P
119229-175032,P,Brennan,Brennan Bernardino,Bernardino,4.739130434782608,47,5500,KC@BOS,BOS,KC,,,,,,P
119229-179129,P,Jeremiah,Jeremiah Estrada,Estrada,6.547169811320755,54,5500,SD@ARI,SD,ARI,,,,,,P
119229-102332,P,Jackson,Jackson Kowar,Kowar,6.888888888888889,9,5500,CWS@SEA,SEA,CWS,,,,,,P
119229-163782,P,Robert,Robert Suarez,Suarez,5.122448979591836,49,5500,SD@ARI,SD,ARI,,,,,,P
119229-102355,P,Jorge,Jorge Alcala,Alcala,4.358974358974359,41,5500,KC@BOS,BOS,KC,,,,,,P
119229-198619,P,Yuki,Yuki Matsui,Matsui,4.619047619047619,44,5500,SD@ARI,SD,ARI,,,,,,P
119229-198618,P,Coleman,Coleman Crow,Crow,,0,5500,MIL@ATL,MIL,ATL,IL,Undisclosed,,,,P
119229-202726,P,Michel,Michel Otanez,Otanez,2,6,5500,ATH@WSH,ATH,WSH,IL,Undisclosed,,,,P
119229-102375,P,Luis,Luis Medina,Medina,20.375,8,5500,ATH@WSH,ATH,WSH,IL,Elbow,,,,P
119229-68584,P,Tyler,Tyler Jay,Jay,5.8,5,5500,MIL@ATL,MIL,ATL,,,,,,P
119229-102376,P,Garrett,Garrett Whitlock,Whitlock,7.790697674418604,43,5500,KC@BOS,BOS,KC,,,,,,P
119229-70634,P,Daniel,Daniel Mengden,Mengden,,0,5500,SD@ARI,ARI,SD,,,,,,P
119229-82922,P,Tyler,Tyler Kinley,Kinley,4.294117647058823,51,5500,MIL@ATL,ATL,MIL,,,,,,P
119229-79852,P,Lucas,Lucas Erceg,Erceg,5.217391304347826,46,5500,KC@BOS,KC,BOS,,,,,,P
119229-82935,P,Trevor,Trevor Richards,Richards,4.25,5,5500,SD@ARI,ARI,SD,,,,,,P
119229-70649,P,Adrian,Adrian Sampson,Sampson,0,1,5500,ATH@WSH,WSH,ATH,,,,,,P
119229-102397,P,Wyatt,Wyatt Mills,Mills,,0,5500,KC@BOS,BOS,KC,,,,,,P
119229-102554,C,Cal,Cal Raleigh,Raleigh,14.164545232599432,110,4300,CWS@SEA,SEA,CWS,,,,,,C/1B/UTIL
119229-119297,OF,Corbin,Corbin Carroll,Carroll,13.184374491373697,96,4200,SD@ARI,ARI,SD,,,,,,OF/UTIL
119229-222794,1B,Nick,Nick Kurtz,Kurtz,13.661643668396833,73,4000,ATH@WSH,ATH,WSH,,,,,,C/1B/UTIL
119229-79756,OF,Ronald,Ronald Acuna Jr.,Acuna Jr.,13.338181374289773,55,4000,MIL@ATL,ATL,MIL,IL,Calf,,,,OF/UTIL
119229-21853,2B,Ketel,Ketel Marte,Marte,12.457499694824218,80,3800,SD@ARI,ARI,SD,,,,,,2B/UTIL
119229-21633,3B,Eugenio,Eugenio Suarez,Suarez,12.10636319247159,110,3700,CWS@SEA,SEA,CWS,,,,,,3B/UTIL
119229-79393,OF,Fernando,Fernando Tatis Jr.,Tatis Jr.,11.69008987014358,111,3700,SD@ARI,SD,ARI,,,,,,OF/UTIL
119229-13929,3B,Manny,Manny Machado,Machado,11.55929160329093,113,3700,SD@ARI,SD,ARI,,,,,,3B/UTIL
119229-119349,SS,Bobby,Bobby Witt Jr.,Witt Jr.,12.294690697594026,113,3600,KC@BOS,KC,BOS,,,,,,SS/UTIL
119229-165611,OF,Jackson,Jackson Chourio,Chourio,12.02547123747052,106,3600,MIL@ATL,MIL,ATL,IL,Hamstring,,,,OF/UTIL
119229-21609,OF,Christian,Christian Yelich,Yelich,11.640566268057194,106,3500,MIL@ATL,MIL,ATL,,,,,,OF/UTIL
119229-82612,OF,Brent,Brent Rooker,Rooker,11.368695864470109,115,3500,ATH@WSH,ATH,WSH,,,,,,OF/UTIL
119229-165661,OF,James,James Wood,Wood,12.219266279028096,109,3500,ATH@WSH,WSH,ATH,,,,,,OF/UTIL
119229-68522,3B,Alex,Alex Bregman,Bregman,11.786764705882353,68,3500,KC@BOS,BOS,KC,,,,,,3B/UTIL
119229-52175,1B,Matt,Matt Olson,Olson,10.902702262809685,111,3500,MIL@ATL,ATL,MIL,,,,,,C/1B/UTIL
119229-102438,SS,Geraldo,Geraldo Perdomo,Perdomo,11.474106924874443,112,3400,SD@ARI,ARI,SD,,,,,,SS/UTIL
119229-83155,OF,Ramon,Ramon Laureano,Laureano,10.123255530069041,86,3400,SD@ARI,SD,ARI,,,,,,OF/UTIL
119229-119311,OF,Jarren,Jarren Duran,Duran,11.650000435965401,112,3400,KC@BOS,BOS,KC,,,,,,OF/UTIL
119229-119410,SS,CJ,CJ Abrams,Abrams,12.232989439030284,97,3400,ATH@WSH,WSH,ATH,,,,,,SS/UTIL
119229-102400,OF,Julio,Julio Rodriguez,Rodriguez,11.425892421177455,112,3300,CWS@SEA,SEA,CWS,,,,,,OF/UTIL
119229-85261,OF,Randy,Randy Arozarena,Arozarena,11.73963941969313,111,3200,CWS@SEA,SEA,CWS,,,,,,OF/UTIL
119229-165605,OF,Sal,Sal Frelick,Frelick,9.707142732581314,98,3200,MIL@ATL,MIL,ATL,DTD,Knee,,,,OF/UTIL
119229-165666,OF,Jackson,Jackson Merrill,Merrill,9.622499847,80,3200,SD@ARI,SD,ARI,,,,,,OF/UTIL
119229-52158,SS,Trevor,Trevor Story,Story,10.702702702702704,111,3200,KC@BOS,BOS,KC,,,,,,SS/UTIL
119229-79223,1B,Josh,Josh Naylor,Naylor,10.826213355203278,103,3100,CWS@SEA,SEA,CWS,,,,,,C/1B/UTIL
119229-119303,C,Shea,Shea Langeliers,Langeliers,11.171084484422064,83,3100,ATH@WSH,ATH,WSH,,,,,,C/1B/UTIL
119229-181812,OF,Wilyer,Wilyer Abreu,Abreu,9.777319839320231,97,3100,KC@BOS,BOS,KC,,,,,,OF/UTIL
119229-161418,2B/1B/3B,Romy,Romy Gonzalez,Gonzalez,10.431578519051534,57,3100,KC@BOS,BOS,KC,,,,,,C/1B/2B/3B/UTIL
119229-165535,SS/3B,Colson,Colson Montgomery,Montgomery,10.98800048828125,25,3100,CWS@SEA,CWS,SEA,,,,,,3B/SS/UTIL
119229-82734,OF,Luis,Luis Robert Jr.,Robert Jr.,10.034065665779533,91,3100,CWS@SEA,CWS,SEA,,,,,,OF/UTIL
119229-102284,C,William,William Contreras,Contreras,9.706604004,106,3100,MIL@ATL,MIL,ATL,,,,,,C/1B/UTIL
119229-102353,2B,Brice,Brice Turang,Turang,10.19158878504673,107,3100,MIL@ATL,MIL,ATL,,,,,,2B/UTIL
119229-37982,SS/2B,Xander,Xander Bogaerts,Bogaerts,8.715315535261825,111,3000,SD@ARI,SD,ARI,,,,,,2B/SS/UTIL
119229-79074,3B,Austin,Austin Riley,Riley,9.782352821499694,102,3000,MIL@ATL,ATL,MIL,IL,Abdomen,,,,3B/UTIL
119229-79141,1B/OF,Ryan,Ryan O'Hearn,O'Hearn,9.096938775510203,98,3000,SD@ARI,SD,ARI,,,,,,C/1B/OF/UTIL
119229-119372,OF/3B/1B,Miguel,Miguel Vargas,Vargas,9.116981362396816,106,3000,CWS@SEA,CWS,SEA,IL,Oblique,,,,C/1B/3B/OF/UTIL
119229-82569,1B/OF,Gavin,Gavin Sheets,Sheets,8.528846153846153,104,3000,SD@ARI,SD,ARI,,,,,,C/1B/OF/UTIL
119229-17086,OF,Marcell,Marcell Ozuna,Ozuna,9.293069065207302,101,3000,MIL@ATL,ATL,MIL,,,,,,OF/UTIL
119229-119495,1B,Andrew,Andrew Vaughn,Vaughn,8.630882711971507,68,3000,MIL@ATL,MIL,ATL,,,,,,C/1B/UTIL
119229-163689,3B/2B/OF,Maikel,Maikel Garcia,Garcia,10.348672782425332,113,3000,KC@BOS,KC,BOS,,,,,,2B/3B/OF/UTIL
119229-68495,OF,Andrew,Andrew Benintendi,Benintendi,9.641249847412109,80,3000,CWS@SEA,CWS,SEA,,,,,,OF/UTIL
119229-198870,OF,Roman,Roman Anthony,Anthony,10.041304215140965,46,2900,KC@BOS,BOS,KC,DTD,Back,,,,OF/UTIL
119229-79272,OF,Lourdes,Lourdes Gurriel Jr.,Gurriel Jr.,8.883495145631068,103,2900,SD@ARI,ARI,SD,,,,,,OF/UTIL
119229-101827,1B/2B,Luis,Luis Arraez,Arraez,8.724299065,107,2900,SD@ARI,SD,ARI,,,,,,C/1B/2B/UTIL
119229-181795,OF,Lawrence,Lawrence Butler,Butler,10.056880285980505,109,2900,ATH@WSH,ATH,WSH,,,,,,OF/UTIL
119229-181811,OF/2B/SS,Ceddanne,Ceddanne Rafaela,Rafaela,9.682406955,108,2900,KC@BOS,BOS,KC,,,,,,2B/SS/OF/UTIL
119229-219698,2B/3B,Caleb,Caleb Durbin,Durbin,8.418181679465555,88,2900,MIL@ATL,MIL,ATL,,,,,,2B/3B/UTIL
119229-82624,C,Sean,Sean Murphy,Murphy,9.076315628854852,76,2900,MIL@ATL,ATL,MIL,,,,,,C/1B/UTIL
119229-165571,1B,Vinnie,Vinnie Pasquantino,Pasquantino,9.620535714285714,112,2900,KC@BOS,KC,BOS,,,,,,C/1B/UTIL
119229-82660,2B,Luis,Luis Garcia Jr.,Garcia Jr.,8.701010347616792,99,2900,ATH@WSH,WSH,ATH,,,,,,2B/UTIL
119229-13262,OF,Jurickson,Jurickson Profar,Profar,9.987096971081149,31,2900,MIL@ATL,ATL,MIL,,,,,,OF/UTIL
119229-80847,OF,Mike,Mike Tauchman,Tauchman,9.649152335474046,59,2900,CWS@SEA,CWS,SEA,,,,,,OF/UTIL
119229-13266,C/1B,Salvador,Salvador Perez,Perez,9.258715708321388,109,2900,KC@BOS,KC,BOS,,,,,,C/1B/UTIL
119229-102486,OF,Blake,Blake Perkins,Perkins,10.17999979654948,15,2800,MIL@ATL,MIL,ATL,,,,,,OF/UTIL
119229-135298,1B/OF,Tyler,Tyler Soderstrom,Soderstrom,9.964601769911505,113,2800,ATH@WSH,ATH,WSH,,,,,,C/1B/OF/UTIL
119229-198869,C,Kyle,Kyle Teel,Teel,7.65882335,34,2800,CWS@SEA,CWS,SEA,,,,,,C/1B/UTIL
119229-85285,1B,Nathaniel,Nathaniel Lowe,Lowe,8.857272616299715,110,2800,ATH@WSH,WSH,ATH,,,,,,C/1B/UTIL
119229-197982,OF,Dylan,Dylan Crews,Crews,9.073333062065972,45,2800,ATH@WSH,WSH,ATH,IL,Oblique,,,,OF/UTIL
119229-118210,1B/2B,Jake,Jake Cronenworth,Cronenworth,8.330681541,88,2800,SD@ARI,SD,ARI,,,,,,C/1B/2B/UTIL
119229-165544,2B/3B/1B,Lenyn,Lenyn Sosa,Sosa,7.942105263157894,95,2800,CWS@SEA,CWS,SEA,,,,,,C/1B/2B/3B/UTIL
119229-68587,2B,Ozzie,Ozzie Albies,Albies,8.307206987260699,111,2800,MIL@ATL,ATL,MIL,,,,,,2B/UTIL
119229-197762,C,Carlos,Carlos Narvaez,Narvaez,8.508333478655134,84,2700,KC@BOS,BOS,KC,,,,,,C/1B/UTIL
119229-79215,1B,Rhys,Rhys Hoskins,Hoskins,8.890243902439025,82,2700,MIL@ATL,MIL,ATL,IL,Thumb,,,,C/1B/UTIL
119229-21874,2B/3B,Jorge,Jorge Polanco,Polanco,9.328723663979389,94,2700,CWS@SEA,SEA,CWS,,,,,,2B/3B/UTIL
119229-82530,1B/OF,Pavin,Pavin Smith,Smith,8.007594627670095,79,2700,SD@ARI,ARI,SD,IL,Oblique,,,,C/1B/OF/UTIL
119229-222858,C,Drake,Drake Baldwin,Baldwin,7.971250153,80,2700,MIL@ATL,ATL,MIL,,,,,,C/1B/UTIL
119229-206482,SS,Jacob,Jacob Wilson,Wilson,9.528723534117354,94,2700,ATH@WSH,ATH,WSH,IL,Forearm,,,,SS/UTIL
119229-165583,C,Edgar,Edgar Quero,Quero,6.740845156387544,71,2700,CWS@SEA,CWS,SEA,,,,,,C/1B/UTIL
119229-53994,1B,Josh,Josh Bell,Bell,8.066666920979818,96,2700,ATH@WSH,WSH,ATH,,,,,,C/1B/UTIL
119229-211773,OF/2B,Isaac,Isaac Collins,Collins,8.357142857142858,91,2700,MIL@ATL,MIL,ATL,,,,,,2B/OF/UTIL
119229-165725,OF,Daylen,Daylen Lile,Lile,8.119149066032247,47,2700,ATH@WSH,WSH,ATH,,,,,,OF/UTIL
119229-102308,2B/3B/OF,Jonathan,Jonathan India,India,7.949999883,104,2700,KC@BOS,KC,BOS,,,,,,2B/3B/OF/UTIL
119229-52179,SS,J.P.,J.P. Crawford,Crawford,8.988990714,109,2700,CWS@SEA,SEA,CWS,,,,,,SS/UTIL
119229-222287,SS/2B,Chase,Chase Meidroth,Meidroth,7.639285859607515,84,2600,CWS@SEA,CWS,SEA,DTD,Thumb,,,,2B/SS/UTIL
119229-189530,OF,Dominic,Dominic Canzone,Canzone,7.33260843,46,2600,CWS@SEA,SEA,CWS,,,,,,OF/UTIL
119229-136672,OF,Michael,Michael Harris II,Harris II,7.801835086367546,109,2600,MIL@ATL,ATL,MIL,,,,,,OF/UTIL
119229-53757,OF,Rob,Rob Refsnyder,Refsnyder,8.030769348144531,52,2600,KC@BOS,BOS,KC,,,,,,OF/UTIL
119229-119442,C,Gabriel,Gabriel Moreno,Moreno,8.052829958,53,2600,SD@ARI,ARI,SD,IL,Finger,,,,C/1B/UTIL
119229-164513,3B/2B/SS,Joey,Joey Ortiz,Ortiz,6.692660550458716,109,2600,MIL@ATL,MIL,ATL,,,,,,2B/3B/SS/UTIL
119229-82655,C,Danny,Danny Jansen,Jansen,7.5394736842105265,76,2600,MIL@ATL,MIL,ATL,,,,,,C/1B/UTIL
119229-181987,OF,Masataka,Masataka Yoshida,Yoshida,6.573333231608073,15,2600,KC@BOS,BOS,KC,,,,,,OF/UTIL
119229-165641,SS/2B/3B,Max,Max Muncy,Muncy,6.9135592185844805,59,2600,ATH@WSH,ATH,WSH,IL,Hand,,,,2B/3B/SS/UTIL
119229-17171,C,James,James McCann,McCann,7.163158215974507,19,2600,SD@ARI,ARI,SD,,,,,,C/1B/UTIL
119229-53033,OF,Mike,Mike Yastrzemski,Yastrzemski,7.747524752475248,101,2600,KC@BOS,KC,BOS,,,,,,OF/UTIL
119229-165726,3B,Brady,Brady House,House,7.579999651227679,35,2600,ATH@WSH,WSH,ATH,,,,,,3B/UTIL
119229-135284,C,Riley,Riley Adams,Adams,6.113043743631114,46,2500,ATH@WSH,WSH,ATH,,,,,,C/1B/UTIL
119229-146690,3B/2B/OF,Nick,Nick Loftin,Loftin,5.936585216987424,41,2500,KC@BOS,KC,BOS,,,,,,2B/3B/OF/UTIL
119229-197904,SS/3B,Darell,Darell Hernaiz,Hernaiz,7.340000152587891,5,2500,ATH@WSH,ATH,WSH,,,,,,3B/SS/UTIL
119229-79255,1B/OF,Jake,Jake Bauers,Bauers,5.803333536783854,60,2500,MIL@ATL,MIL,ATL,IL,Shoulder,,,,C/1B/OF/UTIL
119229-206383,2B/SS/OF,Brooks,Brooks Baldwin,Baldwin,6.095238095238095,63,2500,CWS@SEA,CWS,SEA,,,,,,2B/SS/OF/UTIL
119229-119363,OF,JJ,JJ Bleday,Bleday,8.110937118530273,64,2500,ATH@WSH,ATH,WSH,,,,,,OF/UTIL
119229-13909,OF,Randal,Randal Grichuk,Grichuk,5.991025485,78,2500,KC@BOS,KC,BOS,,,,,,OF/UTIL
119229-116339,3B/1B/2B,Abraham,Abraham Toro,Toro,7.588235294117647,68,2500,KC@BOS,BOS,KC,,,,,,C/1B/2B/3B/UTIL
119229-12919,SS/2B/3B/OF,Jose,Jose Iglesias,Iglesias,5.1365855147198936,82,2500,SD@ARI,SD,ARI,,,,,,2B/3B/SS/OF/UTIL
119229-222844,SS/2B,Cole,Cole Young,Young,6.668750127156575,48,2500,CWS@SEA,SEA,CWS,,,,,,2B/SS/UTIL
119229-164496,C,Adrian,Adrian Del Castillo,Del Castillo,4.690000153,10,2500,SD@ARI,ARI,SD,,,,,,C/1B/UTIL
119229-82593,C,Keibert,Keibert Ruiz,Ruiz,6.239705702837775,68,2500,ATH@WSH,WSH,ATH,IL,Concussion,,,,C/1B/UTIL
119229-102363,OF/1B,Luke,Luke Raley,Raley,7.4244895467952805,49,2500,CWS@SEA,SEA,CWS,IL,Back,,,,C/1B/OF/UTIL
119229-102418,OF,Eli,Eli White,White,6.589610310343953,77,2400,MIL@ATL,ATL,MIL,,,,,,OF/UTIL
119229-135194,C,Freddy,Freddy Fermin,Fermin,5.135211353570643,71,2400,SD@ARI,SD,ARI,,,,,,C/1B/UTIL
119229-102435,SS/2B/3B,Blaze,Blaze Alexander,Alexander,5.838461655836839,26,2400,SD@ARI,ARI,SD,,,,,,2B/3B/SS/UTIL
119229-102485,OF,Kyle,Kyle Isbel,Isbel,5.6129998779296875,100,2400,KC@BOS,KC,BOS,,,,,,OF/UTIL
119229-70898,2B/3B/OF,Adam,Adam Frazier,Frazier,6.584444173177084,90,2400,KC@BOS,KC,BOS,,,,,,2B/3B/OF/UTIL
119229-79225,3B/2B,Luis,Luis Urias,Urias,6.469879518072289,83,2400,ATH@WSH,ATH,WSH,DTD,Back,,,,2B/3B/UTIL
119229-80462,SS/3B,Paul,Paul DeJong,DeJong,7.2185182924623845,27,2400,ATH@WSH,WSH,ATH,,,,,,3B/SS/UTIL
119229-21074,OF,Michael A.,Michael A. Taylor,Taylor,5.280645226919523,93,2400,CWS@SEA,CWS,SEA,,,,,,OF/UTIL
119229-226912,OF,John,John Rave,Rave,4.967999877929688,50,2400,KC@BOS,KC,BOS,,,,,,OF/UTIL
119229-164516,SS/3B/2B,Marcelo,Marcelo Mayer,Mayer,6.2727272727272725,44,2400,KC@BOS,BOS,KC,IL,Wrist,,,,2B/3B/SS/UTIL
119229-81622,C,Mitch,Mitch Garver,Garver,6.748333231608073,60,2400,CWS@SEA,SEA,CWS,,,,,,C/1B/UTIL
119229-163671,3B,Jose,Jose Tena,Tena,6.793616761552527,47,2400,ATH@WSH,WSH,ATH,,,,,,3B/UTIL
119229-102283,OF,Alek,Alek Thomas,Thomas,6.913401810164304,97,2400,SD@ARI,ARI,SD,,,,,,OF/UTIL
119229-68563,OF,Victor,Victor Robles,Robles,8.609999847412109,10,2400,CWS@SEA,SEA,CWS,IL,Shoulder,,,,OF/UTIL
119229-54307,C,Elias,Elias Diaz,Diaz,4.737931174793463,87,2300,SD@ARI,SD,ARI,,,,,,C/1B/UTIL
119229-223299,3B,Ben,Ben Williamson,Williamson,6.172941320082721,85,2300,CWS@SEA,SEA,CWS,,,,,,3B/UTIL
119229-38112,1B/3B,Gio,Gio Urshela,Urshela,5.319607603783701,51,2300,ATH@WSH,ATH,WSH,,,,,,C/1B/3B/UTIL
119229-83182,C/OF,Eric,Eric Haase,Haase,5.323333231608073,30,2300,MIL@ATL,MIL,ATL,,,,,,C/1B/OF/UTIL
119229-83191,C,Austin,Austin Wynns,Wynns,7.4525001525878904,40,2300,ATH@WSH,ATH,WSH,IL,Abdomen,,,,C/1B/UTIL
119229-209179,1B/2B/3B,Will,Will Wagner,Wagner,5.627500153,40,2300,SD@ARI,SD,ARI,,,,,,C/1B/2B/3B/UTIL
119229-193863,OF,Jacob,Jacob Young,Young,5.598809378487723,84,2300,ATH@WSH,WSH,ATH,,,,,,OF/UTIL
119229-101753,2B/SS/3B/OF,Dylan,Dylan Moore,Moore,5.887654245635609,81,2300,CWS@SEA,SEA,CWS,,,,,,2B/3B/SS/OF/UTIL
119229-181813,SS/2B,David,David Hamilton,Hamilton,4.934328449306204,67,2300,KC@BOS,BOS,KC,,,,,,2B/SS/UTIL
119229-222806,1B/OF,Jac,Jac Caglianone,Caglianone,5.580487879311166,41,2300,KC@BOS,KC,BOS,IL,Hamstring,,,,C/1B/OF/UTIL
119229-113309,3B/2B/OF,Josh,Josh Rojas,Rojas,4.673437595367432,64,2300,CWS@SEA,CWS,SEA,,,,,,2B/3B/OF/UTIL
119229-207557,2B/SS/3B,Nick,Nick Sogard,Sogard,7.088235294117647,17,2300,KC@BOS,BOS,KC,,,,,,2B/3B/SS/UTIL
119229-165639,OF,Brandon,Brandon Lockridge,Lockridge,4.429411645029106,51,2300,MIL@ATL,MIL,ATL,,,,,,OF/UTIL
119229-165701,3B/2B/1B,Curtis,Curtis Mead,Mead,5.342856893734056,49,2300,CWS@SEA,CWS,SEA,,,,,,C/1B/2B/3B/UTIL
119229-102282,OF,Jake,Jake McCarthy,McCarthy,5.660000174386161,35,2300,SD@ARI,ARI,SD,,,,,,OF/UTIL
119229-102288,OF,Drew,Drew Waters,Waters,5.280555725097656,72,2300,KC@BOS,KC,BOS,,,,,,OF/UTIL
119229-202657,1B,Tyler,Tyler Locklear,Locklear,10.774999618530273,4,2300,SD@ARI,ARI,SD,,,,,,C/1B/UTIL
119229-13253,C,Martin,Martin Maldonado,Maldonado,3.831249952316284,64,2300,SD@ARI,SD,ARI,,,,,,C/1B/UTIL
119229-102380,SS,Nick,Nick Allen,Allen,4.935294057808671,102,2300,MIL@ATL,ATL,MIL,,,,,,SS/UTIL
119229-13412,3B/1B,Donovan,Donovan Solano,Solano,4.449999809265137,64,2200,CWS@SEA,SEA,CWS,,,,,,C/1B/3B/UTIL
119229-102504,C,Connor,Connor Wong,Wong,3.220000076293945,40,2200,KC@BOS,BOS,KC,,,,,,C/1B/UTIL
119229-146697,OF,Garrett,Garrett Mitchell,Mitchell,5.652000122070312,25,2200,MIL@ATL,MIL,ATL,IL,Shoulder,,,,OF/UTIL
119229-173546,OF,Nate,Nate Eaton,Eaton,4.821428571428571,14,2200,KC@BOS,BOS,KC,,,,,,OF/UTIL
119229-173548,2B/OF,Michael,Michael Massey,Massey,4.607142857142857,56,2200,KC@BOS,KC,BOS,IL,Back,,,,2B/OF/UTIL
119229-202259,1B/OF,Trenton,Trenton Brooks,Brooks,2.48,25,2200,SD@ARI,SD,ARI,,,,,,C/1B/OF/UTIL
119229-226832,1B,Tim,Tim Elko,Elko,6.709999847412109,20,2200,CWS@SEA,CWS,SEA,,,,,,C/1B/UTIL
119229-175654,OF,Bryce,Bryce Johnson,Johnson,3.4866666158040363,30,2200,SD@ARI,SD,ARI,,,,,,OF/UTIL
119229-119346,C,Korey,Korey Lee,Lee,4.421428680419922,14,2200,CWS@SEA,CWS,SEA,,,,,,C/1B/UTIL
119229-119365,SS/2B,Nasim,Nasim Nunez,Nunez,5.378260736880095,23,2200,ATH@WSH,WSH,ATH,,,,,,2B/SS/UTIL
119229-181835,OF,Jorge,Jorge Barrosa,Barrosa,4.440000153,10,2200,SD@ARI,ARI,SD,,,,,,OF/UTIL
119229-164495,SS/3B/2B,Jordan,Jordan Lawlar,Lawlar,1.524999976158142,8,2200,SD@ARI,ARI,SD,IL,Hamstring,,,,2B/3B/SS/UTIL
119229-222902,2B/OF,Tyler,Tyler Tolbert,Tolbert,4.0969696044921875,33,2200,KC@BOS,KC,BOS,,,,,,2B/OF/UTIL
119229-163533,C,Jose,Jose Herrera,Herrera,5.521153963529146,52,2200,SD@ARI,ARI,SD,,,,,,C/1B/UTIL
119229-187103,2B/3B/1B/SS,Andruw,Andruw Monasterio,Monasterio,4.114285714285714,35,2200,MIL@ATL,MIL,ATL,,,,,,C/1B/2B/3B/SS/UTIL
119229-165606,1B/3B/OF,Tyler,Tyler Black,Black,7.233333587646484,3,2200,MIL@ATL,MIL,ATL,,,,,,C/1B/3B/OF/UTIL
119229-165623,OF,Carlos,Carlos Cortes,Cortes,6.480000305175781,10,2200,ATH@WSH,ATH,WSH,,,,,,OF/UTIL
119229-206608,SS/2B/3B,Nacho,Nacho Alvarez Jr.,Alvarez Jr.,4.377777947319879,9,2200,MIL@ATL,ATL,MIL,,,,,,2B/3B/SS/UTIL
119229-200498,SS/3B/2B/OF,Max,Max Schuemann,Schuemann,4.009091067623783,77,2200,ATH@WSH,ATH,WSH,,,,,,2B/3B/SS/OF/UTIL
119229-165730,C,Drew,Drew Millas,Millas,8.75,10,2200,ATH@WSH,WSH,ATH,,,,,,C/1B/UTIL
119229-180208,2B/3B/SS/OF,Miles,Miles Mastrobuoni,Mastrobuoni,4.328767123287672,73,2200,CWS@SEA,SEA,CWS,,,,,,2B/3B/SS/OF/UTIL
119229-102398,OF,Jarred,Jarred Kelenic,Kelenic,4.100000063578288,24,2200,MIL@ATL,ATL,MIL,,,,,,OF/UTIL
119229-135282,OF,Joshua,Joshua Palacios,Palacios,4.543137195063572,51,2100,CWS@SEA,CWS,SEA,,,,,,OF/UTIL
119229-135310,C,Chadwick,Chadwick Tromp,Tromp,4.237500190734863,8,2100,KC@BOS,BOS,KC,,,,,,C/1B/UTIL
119229-135308,OF,Robert,Robert Hassell III,Hassell III,6.683333079020183,24,2100,ATH@WSH,WSH,ATH,,,,,,OF/UTIL
119229-102550,C,Luis,Luis Campusano,Campusano,1.8,10,2100,SD@ARI,SD,ARI,,,,,,C/1B/UTIL
119229-21666,OF/1B,Mark,Mark Canha,Canha,3.691304414168648,46,2100,KC@BOS,KC,BOS,IL,Elbow,,,,C/1B/OF/UTIL
119229-102563,3B/2B/SS,Jonathan,Jonathan Ornelas,Ornelas,0.75,4,2100,MIL@ATL,ATL,MIL,,,,,,2B/3B/SS/UTIL
119229-209172,1B,Andres,Andres Chaparro,Chaparro,2.25,4,2100,ATH@WSH,WSH,ATH,,,,,,C/1B/UTIL
119229-79136,OF,Daz,Daz Cameron,Cameron,3.7095238821847096,21,2100,MIL@ATL,MIL,ATL,,,,,,OF/UTIL
119229-152972,2B/OF/SS/3B,Luke,Luke Williams,Williams,1.954054136533995,37,2100,MIL@ATL,ATL,MIL,,,,,,2B/3B/SS/OF/UTIL
119229-228914,1B,Tristin,Tristin English,English,2.2142857142857144,7,2100,SD@ARI,ARI,SD,,,,,,C/1B/UTIL
119229-119351,SS/2B/3B,Jake,Jake Amaya,Amaya,2.4323528514188877,34,2100,CWS@SEA,CWS,SEA,,,,,,2B/3B/SS/UTIL
119229-219727,2B/1B/OF,Tim,Tim Tawa,Tawa,6.189830715373411,59,2100,SD@ARI,ARI,SD,,,,,,C/1B/2B/OF/UTIL
119229-226915,OF,Drew,Drew Avans,Avans,2.3375000953674316,8,2100,MIL@ATL,MIL,ATL,,,,,,OF/UTIL
119229-222825,2B/OF/1B,Kristian,Kristian Campbell,Campbell,7.437313250641324,67,2100,KC@BOS,BOS,KC,,,,,,C/1B/2B/OF/UTIL
119229-164498,2B,Ryan,Ryan Bliss,Bliss,6.427272449840199,11,2100,CWS@SEA,SEA,CWS,IL,Biceps,,,,2B/UTIL
119229-82586,OF,MJ,MJ Melendez,Melendez,2.8043478260869565,23,2100,KC@BOS,KC,BOS,,,,,,OF/UTIL
119229-165643,2B,Zack,Zack Gelof,Gelof,3.137500047683716,8,2100,ATH@WSH,ATH,WSH,,,,,,2B/UTIL
119229-165645,OF,Denzel,Denzel Clarke,Clarke,6.672340555,47,2100,ATH@WSH,ATH,WSH,IL,Hip,,,,OF/UTIL
119229-169769,3B/SS/2B,Vinny,Vinny Capra,Capra,2.723404255319149,47,2100,CWS@SEA,CWS,SEA,,,,,,2B/3B/SS/UTIL
119229-228207,OF,Colby,Colby Thomas,Thomas,2.361538520226112,13,2100,ATH@WSH,ATH,WSH,,,,,,OF/UTIL
119229-68537,2B/3B/SS/OF,Tyler,Tyler Wade,Wade,3.468333435058594,60,2100,SD@ARI,SD,ARI,,,,,,2B/3B/SS/OF/UTIL
119229-102349,SS/2B,Leo,Leo Rivas,Rivas,5.8600001017252605,30,2100,CWS@SEA,SEA,CWS,,,,,,2B/SS/UTIL
119229-80852,2B/SS/3B/OF,Ildemaro,Ildemaro Vargas,Vargas,7.2,10,2100,SD@ARI,ARI,SD,IL,Foot,,,,2B/3B/SS/OF/UTIL
119229-102374,C/2B/3B,Anthony,Anthony Seigler,Seigler,3.105555640326606,18,2100,MIL@ATL,MIL,ATL,,,,,,C/1B/2B/3B/UTIL
119229-102409,OF,Nick,Nick Schnell,Schnell,,0,2000,ATH@WSH,WSH,ATH,,,,,,OF/UTIL
119229-97291,2B,Harold,Harold Castro,Castro,,0,2000,KC@BOS,KC,BOS,,,,,,2B/UTIL
119229-102410,C,Ronaldo,Ronaldo Hernandez,Hernandez,,0,2000,KC@BOS,BOS,KC,,,,,,C/1B/UTIL
119229-102427,3B,Jordan,Jordan Groshans,Groshans,,0,2000,KC@BOS,KC,BOS,,,,,,3B/UTIL
119229-171037,C,Jason,Jason Delay,Delay,6.400000095367432,8,2000,MIL@ATL,ATL,MIL,,,,,,C/1B/UTIL
119229-102436,OF,Kristian,Kristian Robinson,Robinson,,0,2000,SD@ARI,ARI,SD,,,,,,OF/UTIL
119229-102472,SS,Raynel,Raynel Delgado,Delgado,,0,2000,MIL@ATL,MIL,ATL,,,,,,SS/UTIL
119229-135246,OF,Dominic,Dominic Fletcher,Fletcher,4.406944274902344,72,2000,CWS@SEA,CWS,SEA,,,,,,OF/UTIL
119229-222286,OF,Braden,Braden Montgomery,Montgomery,,0,2000,CWS@SEA,CWS,SEA,,,,,,OF/UTIL
119229-135263,C,Brian,Brian O'Keefe,O'Keefe,,0,2000,KC@BOS,KC,BOS,,,,,,C/1B/UTIL
119229-135267,2B,Kaden,Kaden Polcovich,Polcovich,,0,2000,CWS@SEA,SEA,CWS,,,,,,2B/UTIL
119229-135265,1B,Austin,Austin Shenton,Shenton,4.7549999237060545,20,2000,CWS@SEA,SEA,CWS,,,,,,C/1B/UTIL
119229-135269,OF,Zach,Zach DeLoach,DeLoach,6.065217391304348,23,2000,CWS@SEA,CWS,SEA,,,,,,OF/UTIL
119229-102512,OF,Carlos,Carlos Rodriguez,Rodriguez,,0,2000,MIL@ATL,ATL,MIL,,,,,,OF/UTIL
119229-197761,C,Jair,Jair Camargo,Camargo,1.0333333015441895,6,2000,MIL@ATL,ATL,MIL,,,,,,C/1B/UTIL
119229-116869,SS,Erick,Erick Mejia,Mejia,,0,2000,ATH@WSH,WSH,ATH,,,,,,SS/UTIL
119229-135302,OF,Brayan,Brayan Buelvas,Buelvas,,0,2000,ATH@WSH,ATH,WSH,,,,,,OF/UTIL
119229-197764,C,Blake,Blake Hunt,Hunt,0,1,2000,CWS@SEA,SEA,CWS,,,,,,C/1B/UTIL
119229-102541,OF,Jared,Jared Oliva,Oliva,,0,2000,MIL@ATL,MIL,ATL,,,,,,OF/UTIL
119229-184479,OF,Corey,Corey Julks,Julks,0,1,2000,CWS@SEA,CWS,SEA,,,,,,OF/UTIL
119229-195795,C,Chandler,Chandler Seagle,Seagle,,0,2000,MIL@ATL,ATL,MIL,,,,,,C/1B/UTIL
119229-198865,OF,Druw,Druw Jones,Jones,,0,2000,SD@ARI,ARI,SD,,,,,,OF/UTIL
119229-145617,C,David,David Garcia,Garcia,,0,2000,MIL@ATL,MIL,ATL,,,,,,C/1B/UTIL
119229-198871,SS,Tommy,Tommy Troy,Troy,,0,2000,SD@ARI,ARI,SD,,,,,,SS/UTIL
119229-60634,OF,Forrest,Forrest Wall,Wall,4.072222391764323,18,2000,SD@ARI,SD,ARI,,,,,,OF/UTIL
119229-83174,3B,Sergio,Sergio Alcantara,Alcantara,0,1,2000,SD@ARI,ARI,SD,,,,,,3B/UTIL
119229-197874,2B/3B,Oliver,Oliver Dunn,Dunn,4.985714503696987,14,2000,MIL@ATL,MIL,ATL,,,,,,2B/3B/UTIL
119229-198897,3B,Brock,Brock Wilken,Wilken,,0,2000,MIL@ATL,MIL,ATL,IL,Knee,,,,3B/UTIL
119229-197895,OF,Tyler,Tyler Gentry,Gentry,0,4,2000,KC@BOS,KC,BOS,,,,,,OF/UTIL
119229-198918,C,Ethan,Ethan Salas,Salas,,0,2000,SD@ARI,SD,ARI,IL,Back,,,,C/1B/UTIL
119229-79113,C,Francisco,Francisco Mejia,Mejia,,0,2000,ATH@WSH,WSH,ATH,,,,,,C/1B/UTIL
119229-146700,SS,Freddy,Freddy Zamora,Zamora,,0,2000,MIL@ATL,MIL,ATL,,,,,,SS/UTIL
119229-198931,SS,Felnin,Felnin Celesten,Celesten,,0,2000,CWS@SEA,SEA,CWS,,,,,,SS/UTIL
119229-13596,OF,Trayce,Trayce Thompson,Thompson,0,3,2000,KC@BOS,BOS,KC,,,,,,OF/UTIL
119229-146718,SS,Casey,Casey Martin,Martin,,0,2000,MIL@ATL,MIL,ATL,,,,,,SS/UTIL
119229-146719,OF,Junior,Junior Perez,Perez,,0,2000,ATH@WSH,ATH,WSH,,,,,,OF/UTIL
119229-146726,OF,Josh,Josh Mears,Mears,,0,2000,SD@ARI,SD,ARI,,,,,,OF/UTIL
119229-146735,OF,Roismar,Roismar Quintana,Quintana,,0,2000,ATH@WSH,WSH,ATH,,,,,,OF/UTIL
119229-79156,SS/2B,David,David Fletcher,Fletcher,2.1666666666666665,6,2000,MIL@ATL,ATL,MIL,,,,,,2B/SS/UTIL
119229-79174,C,Jacob,Jacob Nottingham,Nottingham,,0,2000,CWS@SEA,SEA,CWS,,,,,,C/1B/UTIL
119229-85320,C,Michael,Michael Perez,Perez,0,1,2000,SD@ARI,ARI,SD,,,,,,C/1B/UTIL
119229-82251,OF,Tim,Tim Locastro,Locastro,0,1,2000,SD@ARI,SD,ARI,,,,,,OF/UTIL
119229-79178,2B,Isan,Isan Diaz,Diaz,,0,2000,KC@BOS,KC,BOS,,,,,,2B/UTIL
119229-211306,2B,Darren,Darren Baker,Baker,3.355555640326606,9,2000,ATH@WSH,WSH,ATH,,,,,,2B/UTIL
119229-170350,OF,Dairon,Dairon Blanco,Blanco,3.7666668362087674,9,2000,KC@BOS,KC,BOS,,,,,,OF/UTIL
119229-226686,OF,Rhylan,Rhylan Thomas,Thomas,7.466666539510091,3,2000,CWS@SEA,SEA,CWS,,,,,,OF/UTIL
119229-38276,OF,Albert,Albert Almora,Almora,0,2,2000,SD@ARI,ARI,SD,,,,,,OF/UTIL
119229-79240,C,Aramis,Aramis Garcia,Garcia,0,2,2000,SD@ARI,ARI,SD,IL,Undisclosed,,,,C/1B/UTIL
119229-193947,SS,Mason,Mason McCoy,McCoy,0,4,2000,SD@ARI,SD,ARI,,,,,,SS/UTIL
119229-79263,OF,Leody,Leody Taveras,Taveras,5.622413898336476,58,2000,CWS@SEA,SEA,CWS,,,,,,OF/UTIL
119229-180644,2B,Nate,Nate Mondou,Mondou,0,1,2000,SD@ARI,SD,ARI,,,,,,2B/UTIL
119229-101807,C,Seby,Seby Zavala,Zavala,3.2526315387926603,19,2000,KC@BOS,BOS,KC,,,,,,C/1B/UTIL
119229-38324,C,Jorge,Jorge Alfaro,Alfaro,,0,2000,MIL@ATL,MIL,ATL,,,,,,C/1B/UTIL
119229-180694,OF,Cade,Cade Marlowe,Marlowe,1.355555534362793,9,2000,CWS@SEA,SEA,CWS,,,,,,OF/UTIL
119229-13794,OF,Delino,Delino DeShields,DeShields,,0,2000,ATH@WSH,WSH,ATH,,,,,,OF/UTIL
119229-136673,C,Mark,Mark Kolozsvary,Kolozsvary,0,2,2000,KC@BOS,BOS,KC,IL,Undisclosed,,,,C/1B/UTIL
119229-155109,2B,Alejo,Alejo Lopez,Lopez,0,2,2000,ATH@WSH,ATH,WSH,,,,,,2B/UTIL
119229-84471,OF,Nick,Nick Martini,Martini,3.631818251176314,44,2000,ATH@WSH,ATH,WSH,,,,,,OF/UTIL
119229-119308,SS,Adam,Adam Hall,Hall,,0,2000,MIL@ATL,MIL,ATL,,,,,,SS/UTIL
119229-219667,OF,Jhostynxon,Jhostynxon Garcia,Garcia,,0,2000,KC@BOS,BOS,KC,,,,,,OF/UTIL
119229-181790,OF,Diego,Diego Hernandez,Hernandez,,0,2000,KC@BOS,KC,BOS,,,,,,OF/UTIL
119229-95772,C,Beau,Beau Taylor,Taylor,,0,2000,CWS@SEA,SEA,CWS,,,,,,C/1B/UTIL
119229-119360,OF,Pablo,Pablo Abreu,Abreu,,0,2000,MIL@ATL,MIL,ATL,,,,,,OF/UTIL
119229-156224,C,Willie,Willie MacIver,MacIver,6.694117826573989,17,2000,ATH@WSH,ATH,WSH,,,,,,C/1B/UTIL
119229-119362,SS,Eduardo,Eduardo Garcia,Garcia,,0,2000,MIL@ATL,MIL,ATL,,,,,,SS/UTIL
119229-222803,2B,Demetrio,Demetrio Crisantes,Crisantes,,0,2000,SD@ARI,ARI,SD,IL,Shoulder,,,,2B/UTIL
119229-222802,OF,Ryan,Ryan Waldschmidt,Waldschmidt,,0,2000,SD@ARI,ARI,SD,,,,,,OF/UTIL
119229-222805,C,Blake,Blake Mitchell,Mitchell,,0,2000,KC@BOS,KC,BOS,,,,,,C/1B/UTIL
119229-222804,OF,Slade,Slade Caldwell,Caldwell,,0,2000,SD@ARI,ARI,SD,,,,,,OF/UTIL
119229-222815,3B,Mike,Mike Boeve,Boeve,,0,2000,MIL@ATL,MIL,ATL,,,,,,3B/UTIL
119229-119393,SS,Robert,Robert Puason,Puason,,0,2000,ATH@WSH,ATH,WSH,,,,,,SS/UTIL
119229-222818,SS,Leo,Leo De Vries,De Vries,,0,2000,ATH@WSH,ATH,WSH,,,,,,SS/UTIL
119229-181856,3B,Andre,Andre Lipcius,Lipcius,,0,2000,CWS@SEA,CWS,SEA,,,,,,3B/UTIL
119229-222817,SS,Jesus,Jesus Made,Made,,0,2000,MIL@ATL,MIL,ATL,,,,,,SS/UTIL
119229-222816,SS,Cooper,Cooper Pratt,Pratt,,0,2000,MIL@ATL,MIL,ATL,,,,,,SS/UTIL
119229-222827,SS,Franklin,Franklin Arias,Arias,,0,2000,KC@BOS,BOS,KC,,,,,,SS/UTIL
119229-222826,SS,Yoeilin,Yoeilin Cespedes,Cespedes,,0,2000,KC@BOS,BOS,KC,,,,,,SS/UTIL
119229-119402,C,Rodolfo,Rodolfo Duran,Duran,,0,2000,SD@ARI,SD,ARI,,,,,,C/1B/UTIL
119229-222831,SS,Jackson,Jackson Cluff,Cluff,,0,2000,ATH@WSH,WSH,ATH,,,,,,SS/UTIL
119229-222829,SS,Seaver,Seaver King,King,,0,2000,ATH@WSH,WSH,ATH,,,,,,SS/UTIL
119229-222839,SS,Colt,Colt Emerson,Emerson,,0,2000,CWS@SEA,SEA,CWS,,,,,,SS/UTIL
119229-222842,2B,Michael,Michael Arroyo,Arroyo,,0,2000,CWS@SEA,SEA,CWS,,,,,,2B/UTIL
119229-222841,OF,Lazaro,Lazaro Montes,Montes,,0,2000,CWS@SEA,SEA,CWS,,,,,,OF/UTIL
119229-222840,OF,Jonny,Jonny Farmelo,Farmelo,,0,2000,CWS@SEA,SEA,CWS,IL,Ribs,,,,OF/UTIL
119229-82558,OF,Conner,Conner Capel,Capel,2.171428544180734,7,2000,MIL@ATL,ATL,MIL,,,,,,OF/UTIL
119229-119424,C,Julio E.,Julio E. Rodriguez,Rodriguez,,0,2000,KC@BOS,KC,BOS,,,,,,C/1B/UTIL
119229-201354,3B,Brett,Brett Harris,Harris,6.333333333333333,36,2000,ATH@WSH,ATH,WSH,,,,,,3B/UTIL
119229-119434,OF,Moises,Moises Gomez,Gomez,,0,2000,SD@ARI,SD,ARI,,,,,,OF/UTIL
119229-164499,3B,A.J.,A.J. Vukovich,Vukovich,,0,2000,SD@ARI,ARI,SD,,,,,,3B/UTIL
119229-164502,SS/2B,Vaughn,Vaughn Grissom,Grissom,4.787878787878788,33,2000,KC@BOS,BOS,KC,,,,,,2B/SS/UTIL
119229-164501,SS,Cal,Cal Conley,Conley,,0,2000,MIL@ATL,ATL,MIL,,,,,,SS/UTIL
119229-203417,C,Nick,Nick Raposo,Raposo,,0,2000,CWS@SEA,SEA,CWS,,,,,,C/1B/UTIL
119229-119450,OF,Jeremy,Jeremy De La Rosa,De La Rosa,,0,2000,ATH@WSH,WSH,ATH,,,,,,OF/UTIL
119229-82589,OF/1B,Nick,Nick Pratto,Pratto,0,2,2000,KC@BOS,KC,BOS,,,,,,C/1B/OF/UTIL
119229-164508,OF,Jesse,Jesse Franklin,Franklin,,0,2000,MIL@ATL,ATL,MIL,,,,,,OF/UTIL
119229-165533,3B,Wes,Wes Kath,Kath,,0,2000,CWS@SEA,CWS,SEA,,,,,,3B/UTIL
119229-226979,OF,Will,Will Robertson,Robertson,2.242857115609305,7,2000,CWS@SEA,CWS,SEA,,,,,,OF/UTIL
119229-164518,2B,Tyler,Tyler McDonough,McDonough,,0,2000,KC@BOS,BOS,KC,,,,,,2B/UTIL
119229-220839,2B,Cooper,Cooper Bowman,Bowman,,0,2000,ATH@WSH,ATH,WSH,,,,,,2B/UTIL
119229-165540,3B,Bryan,Bryan Ramos,Ramos,6.063636548591383,33,2000,CWS@SEA,CWS,SEA,,,,,,3B/UTIL
119229-164526,C,Nathan,Nathan Hickey,Hickey,,0,2000,KC@BOS,BOS,KC,,,,,,C/1B/UTIL
119229-164531,SS,Kevin,Kevin Made,Made,,0,2000,ATH@WSH,WSH,ATH,,,,,,SS/UTIL
119229-163510,SS/2B,Diego A.,Diego A. Castillo,Castillo,7.900000095367432,4,2000,KC@BOS,KC,BOS,,,,,,2B/SS/UTIL
119229-163513,C,Rene,Rene Pinto,Pinto,5.578947368421052,19,2000,SD@ARI,ARI,SD,,,,,,C/1B/UTIL
119229-165565,2B,Peyton,Peyton Wilson,Wilson,,0,2000,KC@BOS,KC,BOS,,,,,,2B/UTIL
119229-165574,SS,Daniel,Daniel Vazquez,Vazquez,,0,2000,KC@BOS,KC,BOS,,,,,,SS/UTIL
119229-165579,C,Carter,Carter Jensen,Jensen,,0,2000,KC@BOS,KC,BOS,,,,,,C/1B/UTIL
119229-162509,1B/OF,Juan,Juan Yepez,Yepez,8.784127371651786,63,2000,ATH@WSH,WSH,ATH,,,,,,C/1B/OF/UTIL
119229-188114,SS,Connor,Connor Kaiser,Kaiser,6.5,1,2000,SD@ARI,ARI,SD,,,,,,SS/UTIL
119229-17105,C,Sandy,Sandy Leon,Leon,0,1,2000,MIL@ATL,ATL,MIL,,,,,,C/1B/UTIL
119229-103125,2B/SS/OF,Jack,Jack Lopez,Lopez,3.8551725190261315,29,2000,CWS@SEA,SEA,CWS,,,,,,2B/SS/OF/UTIL
119229-203490,OF,Steward,Steward Berroa,Berroa,3.9250000544956754,28,2000,MIL@ATL,MIL,ATL,IL,Shoulder,,,,OF/UTIL
119229-116450,OF,Seth,Seth Brown,Brown,3.149999919690584,38,2000,SD@ARI,ARI,SD,,,,,,OF/UTIL
119229-181990,C/OF,Blake,Blake Sabol,Sabol,2.737499952316284,8,2000,CWS@SEA,CWS,SEA,,,,,,C/1B/OF/UTIL
119229-165604,C,Jeferson,Jeferson Quero,Quero,,0,2000,MIL@ATL,MIL,ATL,IL,Shoulder,,,,C/1B/UTIL
119229-165610,3B,Zavier,Zavier Warren,Warren,,0,2000,MIL@ATL,MIL,ATL,,,,,,3B/UTIL
119229-165622,SS,Jheremy,Jheremy Vargas,Vargas,,0,2000,MIL@ATL,MIL,ATL,,,,,,SS/UTIL
119229-52995,C,Luke,Luke Maile,Maile,6.199999809265137,8,2000,KC@BOS,KC,BOS,,,,,,C/1B/UTIL
119229-165644,OF,Pedro,Pedro Pineda,Pineda,,0,2000,ATH@WSH,ATH,WSH,,,,,,OF/UTIL
119229-165652,OF,Yhoswar,Yhoswar Garcia,Garcia,,0,2000,MIL@ATL,MIL,ATL,,,,,,OF/UTIL
119229-165662,SS,Euribiel,Euribiel Angeles,Angeles,,0,2000,ATH@WSH,ATH,WSH,,,,,,SS/UTIL
119229-165667,OF,Samuel,Samuel Zavala,Zavala,,0,2000,CWS@SEA,CWS,SEA,,,,,,OF/UTIL
119229-165669,2B,Max,Max Ferguson,Ferguson,,0,2000,KC@BOS,BOS,KC,,,,,,2B/UTIL
119229-199466,3B/1B,Trey,Trey Lipscomb,Lipscomb,3.066666603088379,3,2000,ATH@WSH,WSH,ATH,,,,,,C/1B/3B/UTIL
119229-165672,C,Harry,Harry Ford,Ford,,0,2000,CWS@SEA,SEA,CWS,,,,,,C/1B/UTIL
119229-165679,3B,Milkar,Milkar Perez,Perez,,0,2000,CWS@SEA,SEA,CWS,,,,,,3B/UTIL
119229-165681,3B,Starlin,Starlin Aguilar,Aguilar,,0,2000,CWS@SEA,SEA,CWS,,,,,,3B/UTIL
119229-110404,3B,Mike,Mike Brosseau,Brosseau,0,1,2000,SD@ARI,SD,ARI,,,,,,3B/UTIL
119229-119627,OF,Erick,Erick Pena,Pena,,0,2000,KC@BOS,KC,BOS,,,,,,OF/UTIL
119229-163661,3B/2B,Eguy,Eguy Rosario,Rosario,4.193548387096774,31,2000,SD@ARI,SD,ARI,IL,Groin,,,,2B/3B/UTIL
119229-119632,OF,Hedbert,Hedbert Perez,Perez,,0,2000,MIL@ATL,MIL,ATL,,,,,,OF/UTIL
119229-165718,2B/OF,Samad,Samad Taylor,Taylor,1.5499999523162842,4,2000,CWS@SEA,SEA,CWS,,,,,,2B/OF/UTIL
119229-163679,3B,Joe,Joe Perez,Perez,,0,2000,CWS@SEA,CWS,SEA,,,,,,3B/UTIL
119229-165728,SS,Armando,Armando Cruz,Cruz,,0,2000,ATH@WSH,WSH,ATH,,,,,,SS/UTIL
119229-165732,1B,Branden,Branden Boissiere,Boissiere,,0,2000,ATH@WSH,WSH,ATH,,,,,,C/1B/UTIL
119229-163694,SS,Eddys,Eddys Leonard,Leonard,0,1,2000,MIL@ATL,ATL,MIL,,,,,,SS/UTIL
119229-174963,SS,Charles,Charles Leblanc,Leblanc,8.290908813476562,11,2000,MIL@ATL,ATL,MIL,,,,,,SS/UTIL
119229-102285,OF,Cristian,Cristian Pache,Pache,3.2876405180170294,89,2000,SD@ARI,ARI,SD,,,,,,OF/UTIL
119229-102303,1B,Triston,Triston Casas,Casas,6.327586206896552,29,2000,KC@BOS,BOS,KC,IL,Knee,,,,C/1B/UTIL
119229-171986,3B,Matthew,Matthew Batten,Batten,4.5,2,2000,MIL@ATL,ATL,MIL,,,,,,3B/UTIL
119229-102360,OF,Connor,Connor Scott,Scott,,0,2000,KC@BOS,KC,BOS,IL,Undisclosed,,,,OF/UTIL
119229-102384,SS,Jeremy,Jeremy Eierman,Eierman,,0,2000,ATH@WSH,ATH,WSH,,,,,,SS/UTIL
119229-102391,OF,Tirso,Tirso Ornelas,Ornelas,1.7857142857142858,7,2000,SD@ARI,SD,ARI,,,,,,OF/UTIL
119229-13303,C,Yasmani,Yasmani Grandal,Grandal,7.036986468589469,73,2000,KC@BOS,BOS,KC,,,,,,C/1B/UTIL
