Id,Position,First Name,Nickname,Last Name,FPPG,Played,Salary,Game,Team,Opponent,Injury Indicator,Injury Details,Tier,Probable Pitcher,Batting Order,Roster Position
118134-12477,P,Chris,Chris Sale,Sale,39.8,15,10800,ATL@MIA,ATL,MIA,IL,Ribs,,,,P
118134-197980,P,Paul,Paul Skenes,Skenes,39.5625,16,10800,TEX@PIT,PIT,TEX,,,,,,P
118134-13233,P,Nathan,Nathan Eovaldi,Eovaldi,37.25,12,10400,TEX@PIT,TEX,PIT,IL,Triceps,,,,P
118134-17064,P,Sonny,Sonny Gray,Gray,32.86666666666667,15,10300,CIN@STL,STL,CIN,,,,,,P
118134-63136,P,Matthew,Matthew Boyd,Boyd,32.6,15,10300,SEA@CHC,CHC,SEA,DTD,Shoulder,,,,P
118134-164503,P,Spencer,Spencer Schwellenbach,Schwellenbach,35.666666666666664,15,10000,ATL@MIA,ATL,MIA,,,,,,P
118134-102396,P,Logan,Logan Gilbert,Gilbert,35.42857142857143,7,10000,SEA@CHC,SEA,CHC,,,,Yes,,P
118134-83152,P,Pablo,Pablo Lopez,Lopez,31.818181818181817,11,9800,MIL@MIN,MIN,MIL,IL,Shoulder,,,,P
118134-52859,P,Jacob,Jacob deGrom,deGrom,35.6,15,9800,TEX@PIT,TEX,PIT,,,,,,P
118134-82550,P,Hunter,Hunter Greene,Greene,35.27272727272727,11,9700,CIN@STL,CIN,STL,IL,Groin,,,,P
118134-165512,P,Andrew,Andrew Abbott,Abbott,35.166666666666664,12,9700,CIN@STL,CIN,STL,,,,Yes,,P
118134-119414,P,George,George Kirby,Kirby,23,6,9600,SEA@CHC,SEA,CHC,,,,,,P
118134-82604,P,Corbin,Corbin Burnes,Burnes,33.72727272727273,11,9600,ARI@COL,ARI,COL,IL,Elbow,,,,P
118134-53067,P,Chris,Chris Bassitt,Bassitt,30.8,15,9600,CWS@TOR,TOR,CWS,,,,Yes,,P
118134-101881,P,Merrill,Merrill Kelly,Kelly,33.1875,16,9500,ARI@COL,ARI,COL,,,,,,P
118134-11328,P,Martin,Martin Perez,Perez,26.75,4,9400,CWS@TOR,CWS,TOR,IL,Elbow,,,,P
118134-219653,P,Logan,Logan Henderson,Henderson,40,4,9300,MIL@MIN,MIL,MIN,,,,,,P
118134-187194,P,Bryan,Bryan Woo,Woo,35.07142857142857,14,9300,SEA@CHC,SEA,CHC,,,,,,P
118134-83190,P,Freddy,Freddy Peralta,Peralta,32.4375,16,9300,MIL@MIN,MIL,MIN,,,,,,P
118134-135343,P,Max,Max Meyer,Meyer,27.833333333333332,12,9200,ATL@MIA,MIA,ATL,IL,Hip,,,,P
118134-16961,P,Jameson,Jameson Taillon,Taillon,28.8,15,9200,SEA@CHC,CHC,SEA,,,,,,P
118134-68491,P,Reynaldo,Reynaldo Lopez,Lopez,9,1,9200,ATL@MIA,ATL,MIA,IL,Shoulder,,,,P
118134-79207,P,Grant,Grant Holmes,Holmes,30.5625,16,9200,ATL@MIA,ATL,MIA,,,,,,P
118134-102408,P,Matthew,Matthew Liberatore,Liberatore,27.428571428571427,14,9100,CIN@STL,STL,CIN,,,,,,P
118134-119430,P,Joe,Joe Ryan,Ryan,35.13333333333333,15,9100,MIL@MIN,MIN,MIL,,,,,,P
118134-38000,P,Kevin,Kevin Gausman,Gausman,29.066666666666666,15,9100,CWS@TOR,TOR,CWS,,,,,,P
118134-79109,P,Tyler,Tyler Mahle,Mahle,28.785714285714285,14,9100,TEX@PIT,TEX,PIT,IL,Shoulder,,,,P
118134-198702,P,Shota,Shota Imanaga,Imanaga,27.5,8,9000,SEA@CHC,CHC,SEA,IL,Hamstring,,,,P
118134-80582,P,Brandon,Brandon Woodruff,Woodruff,,0,9000,MIL@MIN,MIL,MIN,IL,Elbow,,,,P
118134-60639,P,Jose,Jose Berrios,Berrios,29.6875,16,9000,CWS@TOR,TOR,CWS,,,,,,P
118134-146725,P,Jared,Jared Jones,Jones,30.59090909090909,22,8900,TEX@PIT,PIT,TEX,IL,Elbow,,,,P
118134-119329,P,Nick,Nick Lodolo,Lodolo,29.2,15,8700,CIN@STL,CIN,STL,,,,,,P
118134-66766,P,Adrian,Adrian Houser,Houser,32.2,5,8700,CWS@TOR,CWS,TOR,IL,Personal,,Yes,,P
118134-102395,P,Ryan,Ryan Weathers,Weathers,24.4,5,8700,ATL@MIA,MIA,ATL,IL,Lat,,,,P
118134-162445,P,Spencer,Spencer Strider,Strider,31.714285714285715,7,8600,ATL@MIA,ATL,MIA,,,,,,P
118134-164509,P,AJ,AJ Smith-Shawver,Smith-Shawver,25.333333333333332,9,8600,ATL@MIA,ATL,MIA,IL,Elbow,,,,P
118134-220840,P,Shane,Shane Smith,Smith,27.214285714285715,14,8600,CWS@TOR,CWS,TOR,,,,,,P
118134-165706,P,Jack,Jack Leiter,Leiter,22.75,12,8600,TEX@PIT,TEX,PIT,,,,Yes,,P
118134-197981,P,Jacob,Jacob Misiorowski,Misiorowski,38,2,8500,MIL@MIN,MIL,MIN,,,,,,P
118134-181837,P,Ben,Ben Brown,Brown,25.666666666666668,15,8500,SEA@CHC,CHC,SEA,,,,,,P
118134-79162,P,Luis,Luis Castillo,Castillo,29.066666666666666,15,8400,SEA@CHC,SEA,CHC,,,,,,P
118134-79217,P,Mitch,Mitch Keller,Keller,26.5625,16,8400,TEX@PIT,PIT,TEX,,,,,,P
118134-219663,P,Chad,Chad Patrick,Patrick,25.75,16,8300,MIL@MIN,MIL,MIN,,,,,,P
118134-52142,P,Eduardo,Eduardo Rodriguez,Rodriguez,22.833333333333332,12,8300,ARI@COL,ARI,COL,,,,,,P
118134-5481,P,Max,Max Scherzer,Scherzer,6,1,8300,CWS@TOR,TOR,CWS,IL,Thumb,,,,P
118134-209173,P,Zebby,Zebby Matthews,Matthews,26.25,4,8200,MIL@MIN,MIN,MIL,IL,Shoulder,,,,P
118134-211874,P,Kumar,Kumar Rocker,Rocker,17.625,8,8200,TEX@PIT,TEX,PIT,,,,,,P
118134-145612,P,Bailey,Bailey Ober,Ober,23.466666666666665,15,8100,MIL@MIN,MIN,MIL,,,,,,P
118134-68564,P,Erick,Erick Fedde,Fedde,24,15,8100,CIN@STL,STL,CIN,,,,,,P
118134-60632,P,Kyle,Kyle Freeland,Freeland,21.428571428571427,14,8100,ARI@COL,COL,ARI,IL,Back,,,,P
118134-146664,P,Bryce,Bryce Elder,Elder,25.181818181818183,11,8100,ATL@MIA,ATL,MIA,,,,Yes,,P
118134-85251,P,Zac,Zac Gallen,Gallen,25.75,16,8100,ARI@COL,ARI,COL,,,,,,P
118134-198879,P,Rhett,Rhett Lowder,Lowder,27,6,8000,CIN@STL,CIN,STL,IL,Forearm,,,,P
118134-82775,P,Nestor,Nestor Cortes,Cortes,17,2,8000,MIL@MIN,MIL,MIN,IL,Elbow,,,,P
118134-194677,P,Easton,Easton Lucas,Lucas,21.4,5,7900,CWS@TOR,TOR,CWS,IL,Undisclosed,,,,P
118134-53590,P,Nick,Nick Martinez,Martinez,22.9375,16,7900,CIN@STL,CIN,STL,,,,,,P
118134-185701,P,Brandon,Brandon Pfaadt,Pfaadt,24.285714285714285,15,7900,ARI@COL,ARI,COL,,,,Yes,,P
118134-198876,P,Cade,Cade Horton,Horton,23.375,8,7800,SEA@CHC,CHC,SEA,,,,,,P
118134-119409,P,Quinn,Quinn Priester,Priester,23.46153846153846,13,7800,MIL@MIN,MIL,MIN,,,,Yes,,P
118134-82599,P,Edward,Edward Cabrera,Cabrera,25.583333333333332,12,7800,ATL@MIA,MIA,ATL,,,,,,P
118134-185896,P,Cody,Cody Bradford,Bradford,29.785714285714285,14,7800,TEX@PIT,TEX,PIT,IL,Elbow,,,,P
118134-165655,P,Bubba,Bubba Chandler,Chandler,,0,7800,TEX@PIT,PIT,TEX,,,,,,P
118134-64488,P,Colin,Colin Rea,Rea,20.6,15,7700,SEA@CHC,CHC,SEA,,,,Yes,,P
118134-226322,P,Logan,Logan Evans,Evans,25.142857142857142,7,7700,SEA@CHC,SEA,CHC,,,,,,P
118134-13664,P,Patrick,Patrick Corbin,Corbin,24.307692307692307,13,7700,TEX@PIT,TEX,PIT,,,,,,P
118134-165689,P,Bryce,Bryce Miller,Miller,18.2,10,7700,SEA@CHC,SEA,CHC,IL,Elbow,,,,P
118134-145625,P,Bailey,Bailey Falter,Falter,23.4,15,7600,TEX@PIT,PIT,TEX,,,,Yes,,P
118134-21099,P,Jose,Jose Quintana,Quintana,25.9,10,7600,MIL@MIN,MIL,MIN,,,,,,P
118134-102344,P,Brady,Brady Singer,Singer,26.733333333333334,15,7600,CIN@STL,CIN,STL,,,,,,P
118134-170315,P,Davis,Davis Martin,Martin,23.928571428571427,14,7500,CWS@TOR,CWS,TOR,IL,Forearm,,,,P
118134-119441,P,Alek,Alek Manoah,Manoah,27,6,7500,CWS@TOR,TOR,CWS,IL,Elbow,,,,P
118134-79123,P,Tyler,Tyler Alexander,Alexander,7.8,25,7500,CWS@TOR,CWS,TOR,,,,,,P
118134-204632,P,Tanner,Tanner Gordon,Gordon,22.333333333333332,3,7500,ARI@COL,COL,ARI,IL,Oblique,,,,P
118134-200581,P,Jonathan,Jonathan Cannon,Cannon,22.083333333333332,12,7500,CWS@TOR,CWS,TOR,IL,Back,,,,P
118134-82557,P,Aaron,Aaron Civale,Civale,18,7,7400,CWS@TOR,CWS,TOR,,,,,,P
118134-203679,P,Valente,Valente Bellozo,Bellozo,13.666666666666666,12,7400,ATL@MIA,MIA,ATL,,,,,,P
118134-203676,P,David,David Festa,Festa,22.333333333333332,6,7400,MIL@MIN,MIN,MIL,,,,Yes,,P
118134-52167,P,Andrew,Andrew Heaney,Heaney,24.266666666666666,15,7400,TEX@PIT,PIT,TEX,,,,,,P
118134-168950,P,Andre,Andre Pallante,Pallante,23.466666666666665,15,7400,CIN@STL,STL,CIN,,,,,,P
118134-146724,P,Carmen,Carmen Mlodzinski,Mlodzinski,13.25,12,7400,TEX@PIT,PIT,TEX,,,,,,P
118134-79224,P,Chris,Chris Paddack,Paddack,21.533333333333335,15,7400,MIL@MIN,MIN,MIL,,,,,,P
118134-178415,P,Javier,Javier Assad,Assad,24,29,7300,SEA@CHC,CHC,SEA,IL,Oblique,,,,P
118134-79245,P,Sandy,Sandy Alcantara,Alcantara,17.357142857142858,14,7300,ATL@MIA,MIA,ATL,,,,Yes,,P
118134-81490,P,Chris,Chris Flexen,Flexen,10.583333333333334,12,7200,SEA@CHC,CHC,SEA,,,,,,P
118134-165543,P,Sean,Sean Burke,Burke,22.333333333333332,15,7200,CWS@TOR,CWS,TOR,,,,,,P
118134-165659,P,Mike,Mike Burrows,Burrows,22,6,7200,TEX@PIT,PIT,TEX,,,,,,P
118134-135268,P,Emerson,Emerson Hancock,Hancock,20.53846153846154,13,7100,SEA@CHC,SEA,CHC,,,,,,P
118134-101810,P,Justin,Justin Steele,Steele,29.25,4,7100,SEA@CHC,CHC,SEA,IL,Elbow,,,,P
118134-202608,P,Carlos,Carlos Rodriguez,Rodriguez,13,1,7100,MIL@MIN,MIL,MIN,IL,Forearm,,,,P
118134-102528,P,Simeon,Simeon Woods Richardson,Woods Richardson,20.363636363636363,11,7000,MIL@MIN,MIN,MIL,,,,,,P
118134-53607,P,Anthony,Anthony DeSclafani,DeSclafani,3.5,2,7000,ARI@COL,ARI,COL,,,,,,P
118134-17121,P,Miles,Miles Mikolas,Mikolas,20.785714285714285,14,7000,CIN@STL,STL,CIN,,,,Yes,,P
118134-52155,P,Jon,Jon Gray,Gray,20.47826086956522,24,7000,TEX@PIT,TEX,PIT,IL,Wrist,,,,P
118134-79226,P,Eric,Eric Lauer,Lauer,20.5,10,7000,CWS@TOR,TOR,CWS,,,,,,P
118134-161465,P,Ryan,Ryan Feltner,Feltner,21,6,7000,ARI@COL,COL,ARI,IL,Back,,,,P
118134-163698,P,Bowden,Bowden Francis,Francis,17.785714285714285,14,7000,CWS@TOR,TOR,CWS,IL,Shoulder,,,,P
118134-79853,P,Jordan,Jordan Montgomery,Montgomery,17.16,25,7000,ARI@COL,ARI,COL,IL,Elbow,,,,P
118134-102572,P,Tobias,Tobias Myers,Myers,13,6,6900,MIL@MIN,MIL,MIN,,,,,,P
118134-165599,P,Eury,Eury Perez,Perez,14.666666666666666,3,6900,ATL@MIA,MIA,ATL,,,,,,P
118134-198886,P,Chase,Chase Dollander,Dollander,18.416666666666668,12,6800,ARI@COL,COL,ARI,,,,,,P
118134-198916,P,Thomas,Thomas Harrington,Harrington,9,2,6800,TEX@PIT,PIT,TEX,,,,,,P
118134-198934,P,Yariel,Yariel Rodriguez,Rodriguez,6.2,30,6800,CWS@TOR,TOR,CWS,,,,,,P
118134-79078,P,Ian,Ian Anderson,Anderson,2.2857142857142856,7,6800,ATL@MIA,ATL,MIA,,,,,,P
118134-79228,P,Cal,Cal Quantrill,Quantrill,16.571428571428573,14,6800,ATL@MIA,MIA,ATL,DTD,Hamstring,,,,P
118134-164497,P,Ryne,Ryne Nelson,Nelson,16.125,17,6700,ARI@COL,ARI,COL,,,,,,P
118134-164529,P,Jordan,Jordan Wicks,Wicks,3,2,6700,SEA@CHC,CHC,SEA,IL,Undisclosed,,,,P
118134-68518,P,Spencer,Spencer Turnbull,Turnbull,7.333333333333333,3,6700,CWS@TOR,TOR,CWS,,,,,,P
118134-165694,P,Michael,Michael McGreevy,McGreevy,28.666666666666668,3,6700,CIN@STL,STL,CIN,,,,,,P
118134-119302,P,Blake,Blake Walston,Walston,12.571428571428571,7,6600,ARI@COL,ARI,COL,IL,Elbow,,,,P
118134-82537,P,DL,DL Hall,Hall,11.666666666666666,6,6600,MIL@MIN,MIL,MIN,,,,,,P
118134-102515,P,Aaron,Aaron Ashby,Ashby,9.714285714285714,7,6500,MIL@MIN,MIL,MIN,,,,,,P
118134-102574,P,Jake,Jake Woodford,Woodford,10.444444444444445,9,6500,SEA@CHC,CHC,SEA,,,,,,P
118134-198917,P,Drew,Drew Thorpe,Thorpe,18.333333333333332,9,6500,CWS@TOR,CWS,TOR,IL,Elbow,,,,P
118134-68452,P,Kenta,Kenta Maeda,Maeda,3.857142857142857,7,6500,SEA@CHC,CHC,SEA,,,,,,P
118134-52174,P,Steven,Steven Matz,Matz,9.863636363636363,22,6500,CIN@STL,STL,CIN,,,,,,P
118134-79103,P,Dane,Dane Dunning,Dunning,12,1,6500,TEX@PIT,TEX,PIT,,,,,,P
118134-194242,P,Carson,Carson Spiers,Spiers,16.666666666666668,3,6500,CIN@STL,CIN,STL,IL,Shoulder,,,,P
118134-165665,P,Robert,Robert Gasser,Gasser,25.6,5,6500,MIL@MIN,MIL,MIN,IL,Elbow,,,,P
118134-102456,P,Jhonathan,Jhonathan Diaz,Diaz,7,1,6400,SEA@CHC,SEA,CHC,,,,,,P
118134-228058,P,Didier,Didier Fuentes,Fuentes,12,1,6400,ATL@MIA,ATL,MIA,,,,,,P
118134-170891,P,Davis,Davis Daniel,Daniel,6,1,6400,ATL@MIA,ATL,MIA,,,,,,P
118134-165508,P,Graham,Graham Ashcraft,Ashcraft,6.862068965517241,29,6400,CIN@STL,CIN,STL,IL,Groin,,,,P
118134-165618,P,Chase,Chase Petty,Petty,0,3,6400,CIN@STL,CIN,STL,,,,,,P
118134-102416,P,Tyler,Tyler Phillips,Phillips,5.037037037037037,27,6300,ATL@MIA,MIA,ATL,,,,,,P
118134-135245,P,Tommy,Tommy Henry,Henry,17.5,2,6300,ARI@COL,ARI,COL,IL,Elbow,,,,P
118134-83098,P,Austin,Austin Gomber,Gomber,7,2,6300,ARI@COL,COL,ARI,,,,,,P
118134-208114,P,Connor,Connor Gillispie,Gillispie,12,6,6300,ATL@MIA,MIA,ATL,,,,,,P
118134-73835,P,Ty,Ty Blach,Blach,9.15,20,6200,TEX@PIT,TEX,PIT,,,,,,P
118134-82534,P,Bryse,Bryse Wilson,Wilson,5.894736842105263,19,6200,CWS@TOR,CWS,TOR,,,,,,P
118134-119416,P,Brandon,Brandon Williamson,Williamson,15.25,4,6200,CIN@STL,CIN,STL,IL,Elbow,,,,P
118134-199459,P,Nick,Nick Nastrini,Nastrini,11.666666666666666,9,6200,CWS@TOR,CWS,TOR,,,,,,P
118134-70559,P,Mike,Mike Clevinger,Clevinger,1.375,8,6200,CWS@TOR,CWS,TOR,,,,,,P
118134-197871,P,Bradley,Bradley Blalock,Blalock,0.6,5,6200,ARI@COL,COL,ARI,,,,,,P
118134-181833,P,Darius,Darius Vines,Vines,7.25,4,6200,ATL@MIA,ATL,MIA,IL,Undisclosed,,,,P
118134-204512,P,Yilber,Yilber Diaz,Diaz,3,1,6200,ARI@COL,ARI,COL,,,,,,P
118134-202480,P,Adam,Adam Mazur,Mazur,20,1,6200,ATL@MIA,MIA,ATL,,,,,,P
118134-104584,P,Zach,Zach Plesac,Plesac,9.333333333333334,3,6100,CIN@STL,STL,CIN,,,,,,P
118134-198872,P,Hurston,Hurston Waldrep,Waldrep,-4.5,2,6100,ATL@MIA,ATL,MIA,,,,,,P
118134-12972,P,Wade,Wade Miley,Miley,12,3,6100,CIN@STL,CIN,STL,IL,Forearm,,,,P
118134-195785,P,Caleb,Caleb Boushley,Boushley,9.071428571428571,14,6100,TEX@PIT,TEX,PIT,,,,,,P
118134-156976,P,Darren,Darren McCaughan,McCaughan,10.333333333333334,3,6100,MIL@MIN,MIN,MIL,,,,,,P
118134-68517,P,Antonio,Antonio Senzatela,Senzatela,11.666666666666666,15,6000,ARI@COL,COL,ARI,,,,Yes,,P
118134-209958,P,Julian,Julian Aguiar,Aguiar,15.142857142857142,7,6000,CIN@STL,CIN,STL,IL,Elbow,,,,P
118134-101804,P,Huascar,Huascar Ynoa,Ynoa,0,2,6000,MIL@MIN,MIN,MIL,,,,,,P
118134-226881,P,Carson,Carson Palmquist,Palmquist,11.428571428571429,7,6000,ARI@COL,COL,ARI,,,,,,P
118134-163515,P,Elvin,Elvin Rodriguez,Rodriguez,8.833333333333334,6,6000,MIL@MIN,MIL,MIN,,,,,,P
118134-165720,P,Ricky,Ricky Tiedemann,Tiedemann,,0,6000,CWS@TOR,TOR,CWS,IL,Elbow,,,,P
118134-102420,P,Owen,Owen White,White,14.5,2,5900,CWS@TOR,CWS,TOR,,,,,,P
118134-135231,P,Jared,Jared Shuster,Shuster,3.4166666666666665,12,5900,CWS@TOR,CWS,TOR,IL,Finger,,,,P
118134-73880,P,German,German Marquez,Marquez,17,16,5900,ARI@COL,COL,ARI,,,,,,P
118134-203266,P,Jake,Jake Bloss,Bloss,13.666666666666666,3,5900,CWS@TOR,TOR,CWS,IL,Elbow,,,,P
118134-79072,P,Brad,Brad Keller,Keller,6.363636363636363,33,5900,SEA@CHC,CHC,SEA,,,,,,P
118134-179456,P,Louis,Louis Varland,Varland,5.8,36,5900,MIL@MIN,MIN,MIL,,,,,,P
118134-146728,P,Connor,Connor Phillips,Phillips,9,1,5900,CIN@STL,CIN,STL,,,,,,P
118134-177584,P,Xzavion,Xzavion Curry,Curry,2,3,5900,ATL@MIA,MIA,ATL,,,,,,P
118134-181832,P,Roddery,Roddery Munoz,Munoz,4,5,5900,CIN@STL,STL,CIN,,,,,,P
118134-181845,P,Drew,Drew Rom,Rom,0,2,5900,CIN@STL,STL,CIN,IL,Undisclosed,,,,P
118134-165578,P,Ky,Ky Bush,Bush,14.25,4,5900,CWS@TOR,CWS,TOR,IL,Elbow,,,,P
118134-158858,P,Justin,Justin Bruihl,Bruihl,10,2,5800,CWS@TOR,TOR,CWS,,,,,,P
118134-102487,P,Austin,Austin Cox,Cox,,0,5700,ATL@MIA,ATL,MIA,,,,,,P
118134-198905,P,Mike,Mike Vasil,Vasil,11,21,5700,CWS@TOR,CWS,TOR,,,,,,P
118134-119423,P,Zack,Zack Thompson,Thompson,11.4,7,5700,CIN@STL,STL,CIN,IL,Lat,,,,P
118134-164511,P,Dylan,Dylan Dodd,Dodd,4.333333333333333,6,5700,ATL@MIA,ATL,MIA,,,,,,P
118134-213867,P,Blas,Blas Castano,Castano,3,1,5700,SEA@CHC,SEA,CHC,,,,,,P
118134-79079,P,Joey,Joey Wentz,Wentz,5.2272727272727275,22,5700,MIL@MIN,MIN,MIL,,,,,,P
118134-102297,P,Keegan,Keegan Thompson,Thompson,8.363636363636363,24,5700,SEA@CHC,CHC,SEA,,,,,,P
118134-102462,P,Lyon,Lyon Richardson,Richardson,6.294117647058823,18,5600,CIN@STL,CIN,STL,,,,,,P
118134-195151,P,Anthony,Anthony Veneziano,Veneziano,3.75,24,5600,ATL@MIA,MIA,ATL,,,,,,P
118134-82539,P,Jalen,Jalen Beeks,Beeks,5.111111111111111,36,5600,ARI@COL,ARI,COL,,,,,,P
118134-79873,P,Dylan,Dylan Covey,Covey,0,2,5500,ATL@MIA,ATL,MIA,,,,,,P
118134-178184,P,Kevin,Kevin Herget,Herget,6,1,5500,ATL@MIA,ATL,MIA,,,,,,P
118134-102419,P,Cole,Cole Winn,Winn,6.6,10,5500,TEX@PIT,TEX,PIT,,,,,,P
118134-114708,P,Randy,Randy Dobnak,Dobnak,16,1,5500,MIL@MIN,MIN,MIL,,,,,,P
118134-135191,P,Josh,Josh Fleming,Fleming,4.541666666666667,25,5500,SEA@CHC,SEA,CHC,,,,,,P
118134-135192,P,Ryan,Ryan Thompson,Thompson,3.9375,32,5500,ARI@COL,ARI,COL,,,,,,P
118134-102426,P,Adam,Adam Kloffenstein,Kloffenstein,3,1,5500,CWS@TOR,TOR,CWS,,,,,,P
118134-102428,P,Eric,Eric Pardinho,Pardinho,,0,5500,CWS@TOR,TOR,CWS,,,,,,P
118134-161827,P,Seth,Seth Martinez,Martinez,5.0227272727272725,44,5500,ATL@MIA,MIA,ATL,,,,,,P
118134-102442,P,Freddy,Freddy Tarnok,Tarnok,7.5,2,5500,ATL@MIA,MIA,ATL,,,,,,P
118134-102455,P,Cory,Cory Abbott,Abbott,0,1,5500,TEX@PIT,TEX,PIT,,,,,,P
118134-190516,P,Daysbel,Daysbel Hernandez,Hernandez,5.44,25,5500,ATL@MIA,ATL,MIA,IL,Forearm,,,,P
118134-192574,P,Lane,Lane Ramsey,Ramsey,,0,5500,ATL@MIA,MIA,ATL,,,,,,P
118134-172092,P,Garrett,Garrett Hill,Hill,0,1,5500,SEA@CHC,SEA,CHC,,,,,,P
118134-200764,P,Cam,Cam Booser,Booser,3.966666666666667,30,5500,CWS@TOR,CWS,TOR,IL,Shoulder,,,,P
118134-135237,P,Nick,Nick Mears,Mears,4.8125,32,5500,MIL@MIN,MIL,MIN,,,,,,P
118134-102474,P,Eli,Eli Morgan,Morgan,0.5714285714285714,7,5500,SEA@CHC,CHC,SEA,IL,Elbow,,,,P
118134-149587,P,Jay,Jay Flaa,Flaa,,0,5500,ATL@MIA,ATL,MIA,,,,,,P
118134-135249,P,Bryce,Bryce Jarvis,Jarvis,6.142857142857143,7,5500,ARI@COL,ARI,COL,,,,,,P
118134-135262,P,Anthony,Anthony Misiewicz,Misiewicz,6,1,5500,MIL@MIN,MIN,MIL,,,,,,P
118134-102501,P,Braydon,Braydon Fisher,Fisher,7.588235294117647,17,5500,CWS@TOR,TOR,CWS,,,,,,P
118134-73828,P,Dan,Dan Altavilla,Altavilla,4.9,10,5500,CWS@TOR,CWS,TOR,,,,,,P
118134-102500,P,Robert,Robert Dugger,Dugger,,0,5500,TEX@PIT,TEX,PIT,,,,,,P
118134-102503,P,John,John Rooney,Rooney,,0,5500,ATL@MIA,MIA,ATL,,,,,,P
118134-116839,P,David,David Bednar,Bednar,6.071428571428571,29,5500,TEX@PIT,PIT,TEX,,,,,,P
118134-135279,P,Codi,Codi Heuer,Heuer,4,1,5500,TEX@PIT,TEX,PIT,,,,,,P
118134-161906,P,Dauri,Dauri Moreta,Moreta,0,1,5500,TEX@PIT,PIT,TEX,,,,,,P
118134-161907,P,Dylan,Dylan Lee,Lee,5.514285714285714,35,5500,ATL@MIA,ATL,MIA,,,,,,P
118134-194675,P,Luke,Luke Little,Little,-1,1,5500,SEA@CHC,CHC,SEA,,,,,,P
118134-102517,P,Jhoan,Jhoan Duran,Duran,6.371428571428571,35,5500,MIL@MIN,MIN,MIL,,,,,,P
118134-82039,P,Aaron,Aaron Wilkerson,Wilkerson,,0,5500,CIN@STL,CIN,STL,,,,,,P
118134-102523,P,Deivi,Deivi Garcia,Garcia,4.285714285714286,14,5500,CIN@STL,CIN,STL,,,,,,P
118134-116868,P,Gabe,Gabe Speier,Speier,5.9375,32,5500,SEA@CHC,SEA,CHC,,,,,,P
118134-102542,P,Travis,Travis MacGregor,MacGregor,,0,5500,TEX@PIT,TEX,PIT,,,,,,P
118134-135312,P,Kyle,Kyle Nelson,Nelson,3.727272727272727,11,5500,ARI@COL,ARI,COL,,,,,,P
118134-135313,P,Nick,Nick Sandlin,Sandlin,4.909090909090909,11,5500,CWS@TOR,TOR,CWS,,,,,,P
118134-102549,P,Andres,Andres Munoz,Munoz,6.896551724137931,29,5500,SEA@CHC,SEA,CHC,,,,,,P
118134-102558,P,Gregory,Gregory Santos,Santos,1.875,8,5500,SEA@CHC,SEA,CHC,IL,Knee,,,,P
118134-80033,P,Emilio,Emilio Pagan,Pagan,5.8125,32,5500,CIN@STL,CIN,STL,,,,,,P
118134-145591,P,Eduard,Eduard Bazardo,Bazardo,5.5625,32,5500,SEA@CHC,SEA,CHC,,,,,,P
118134-145593,P,Carlos,Carlos Vargas,Vargas,5.181818181818182,33,5500,SEA@CHC,SEA,CHC,,,,,,P
118134-135358,P,Dylan,Dylan File,File,,0,5500,SEA@CHC,SEA,CHC,,,,,,P
118134-102593,P,Gerardo,Gerardo Carrillo,Carrillo,,0,5500,TEX@PIT,TEX,PIT,,,,,,P
118134-145609,P,Peter,Peter Solomon,Solomon,,0,5500,SEA@CHC,CHC,SEA,,,,,,P
118134-145627,P,Lucas,Lucas Gilbreath,Gilbreath,-7.5,3,5500,ARI@COL,COL,ARI,,,,,,P
118134-198874,P,Noah,Noah Schultz,Schultz,,0,5500,CWS@TOR,CWS,TOR,,,,,,P
118134-209116,P,Troy,Troy Taylor,Taylor,-0.14285714285714285,8,5500,SEA@CHC,SEA,CHC,,,,,,P
118134-149731,P,Anthony,Anthony Bender,Bender,4.354838709677419,31,5500,ATL@MIA,MIA,ATL,,,,,,P
118134-178411,P,Michael,Michael Plassmeyer,Plassmeyer,0,1,5500,TEX@PIT,TEX,PIT,,,,,,P
118134-198896,P,Noble,Noble Meyer,Meyer,,0,5500,ATL@MIA,MIA,ATL,,,,,,P
118134-198919,P,Robby,Robby Snelling,Snelling,,0,5500,ATL@MIA,MIA,ATL,,,,,,P
118134-170254,P,Colin,Colin Holderman,Holderman,2.5384615384615383,14,5500,TEX@PIT,PIT,TEX,IL,Thumb,,,,P
118134-225549,P,Patrick,Patrick Monteverde,Monteverde,11,1,5500,ATL@MIA,MIA,ATL,,,,,,P
118134-225559,P,Juan,Juan Morillo,Morillo,4.521739130434782,23,5500,ARI@COL,ARI,COL,,,,,,P
118134-198936,P,Tekoah,Tekoah Roby,Roby,,0,5500,CIN@STL,STL,CIN,,,,,,P
118134-209176,P,Chase,Chase Shugart,Shugart,5.230769230769231,27,5500,TEX@PIT,PIT,TEX,,,,,,P
118134-180540,P,Easton,Easton McGee,McGee,10.5,2,5500,MIL@MIN,MIL,MIN,,,,,,P
118134-203075,P,Michael,Michael Petersen,Petersen,4.5,2,5500,ATL@MIA,ATL,MIA,,,,,,P
118134-211265,P,Seth,Seth Halvorsen,Halvorsen,4.387096774193548,31,5500,ARI@COL,COL,ARI,,,,,,P
118134-182597,P,Shintaro,Shintaro Fujinami,Fujinami,0,3,5500,SEA@CHC,SEA,CHC,,,,,,P
118134-203080,P,Brandon,Brandon Eisert,Eisert,5.242424242424242,33,5500,CWS@TOR,CWS,TOR,,,,,,P
118134-170324,P,Brandon,Brandon Hughes,Hughes,4.533333333333333,15,5500,SEA@CHC,CHC,SEA,,,,,,P
118134-135525,P,Adam,Adam Seminaris,Seminaris,,0,5500,SEA@CHC,SEA,CHC,,,,,,P
118134-153961,P,Tayler,Tayler Saucedo,Saucedo,2,4,5500,SEA@CHC,SEA,CHC,,,,,,P
118134-225667,P,Cade,Cade Gibson,Gibson,6.266666666666667,15,5500,ATL@MIA,MIA,ATL,,,,,,P
118134-225666,P,Paxton,Paxton Schultz,Schultz,12.444444444444445,9,5500,CWS@TOR,TOR,CWS,,,,,,P
118134-225665,P,Sauryn,Sauryn Lao,Lao,14,1,5500,SEA@CHC,SEA,CHC,,,,,,P
118134-225671,P,Zach,Zach Agnos,Agnos,3.05,20,5500,ARI@COL,COL,ARI,,,,,,P
118134-61858,P,Raisel,Raisel Iglesias,Iglesias,4.793103448275862,29,5500,ATL@MIA,ATL,MIA,,,,,,P
118134-158131,P,Tyler,Tyler Gilbert,Gilbert,5.875,16,5500,CWS@TOR,CWS,TOR,,,,,,P
118134-219568,P,Rolddy,Rolddy Munoz,Munoz,,0,5500,ATL@MIA,ATL,MIA,,,,,,P
118134-188863,P,Randy,Randy Wynne,Wynne,15,1,5500,CIN@STL,CIN,STL,,,,,,P
118134-225748,P,Craig,Craig Yoho,Yoho,2.2,5,5500,MIL@MIN,MIL,MIN,,,,,,P
118134-135645,P,Isaac,Isaac Mattson,Mattson,6.888888888888889,9,5500,TEX@PIT,PIT,TEX,,,,,,P
118134-84452,P,Caleb,Caleb Ferguson,Ferguson,4.294117647058823,34,5500,TEX@PIT,PIT,TEX,,,,,,P
118134-145916,P,Zach,Zach Pop,Pop,3.5,2,5500,SEA@CHC,SEA,CHC,,,,,,P
118134-119299,P,Drey,Drey Jameson,Jameson,2,3,5500,ARI@COL,ARI,COL,IL,Elbow,,,,P
118134-119301,P,Brennan,Brennan Malone,Malone,,0,5500,TEX@PIT,PIT,TEX,,,,,,P
118134-219654,P,Juan,Juan Carela,Carela,,0,5500,CWS@TOR,CWS,TOR,O,Elbow,,,,P
118134-170514,P,Jose,Jose Cuas,Cuas,4.833333333333333,13,5500,ATL@MIA,ATL,MIA,,,,,,P
118134-119315,P,Kohl,Kohl Franklin,Franklin,,0,5500,SEA@CHC,CHC,SEA,IL,Elbow,,,,P
118134-170512,P,Peter,Peter Strzelecki,Strzelecki,5.3,10,5500,TEX@PIT,PIT,TEX,,,,,,P
118134-219665,P,Matt,Matt Svanson,Svanson,5.9,10,5500,CIN@STL,STL,CIN,,,,,,P
118134-119319,P,Ryan,Ryan Jensen,Jensen,,0,5500,MIL@MIN,MIN,MIL,,,,,,P
118134-162328,P,Reiver,Reiver Sanmartin,Sanmartin,0,2,5500,CIN@STL,CIN,STL,,,,,,P
118134-191007,P,Declan,Declan Cronin,Cronin,6.125,56,5500,ATL@MIA,MIA,ATL,,,,,,P
118134-119328,P,Packy,Packy Naughton,Naughton,0,2,5500,CIN@STL,STL,CIN,IL,Elbow,,,,P
118134-119336,P,Karl,Karl Kauffmann,Kauffmann,0,1,5500,ARI@COL,COL,ARI,,,,,,P
118134-219694,P,Winston,Winston Santos,Santos,,0,5500,TEX@PIT,TEX,PIT,IL,Back,,,,P
118134-219693,P,Emiliano,Emiliano Teodo,Teodo,,0,5500,TEX@PIT,TEX,PIT,,,,,,P
118134-219703,P,Travis,Travis Adams,Adams,,0,5500,MIL@MIN,MIN,MIL,,,,,,P
118134-219702,P,Marco,Marco Raya,Raya,,0,5500,MIL@MIN,MIN,MIL,,,,,,P
118134-219700,P,Luis,Luis Mey,Mey,4.866666666666666,15,5500,CIN@STL,CIN,STL,,,,,,P
118134-195135,P,Kyle,Kyle Nicolas,Nicolas,3,10,5500,TEX@PIT,PIT,TEX,,,,,,P
118134-119358,P,Antoine,Antoine Kelly,Kelly,0,1,5500,ARI@COL,COL,ARI,,,,,,P
118134-119367,P,Matt,Matt Canterino,Canterino,0,1,5500,MIL@MIN,MIN,MIL,IL,Shoulder,,,,P
118134-139851,P,Justin,Justin Topa,Topa,4.333333333333333,27,5500,MIL@MIN,MIN,MIL,,,,,,P
118134-207438,P,Fraser,Fraser Ellard,Ellard,5,7,5500,CWS@TOR,CWS,TOR,IL,Lat,,,,P
118134-219726,P,Joe,Joe Elbis,Elbis,,0,5500,ARI@COL,ARI,COL,O,Undisclosed,,,,P
118134-150107,P,Tommy,Tommy Nance,Nance,4.65,20,5500,CWS@TOR,TOR,CWS,,,,,,P
118134-225880,P,Nathan,Nathan Wiles,Wiles,-3,1,5500,ATL@MIA,ATL,MIA,,,,,,P
118134-80476,P,Jackson,Jackson Stephens,Stephens,4.333333333333333,3,5500,ATL@MIA,ATL,MIA,,,,,,P
118134-119397,P,TJ,TJ Sikkema,Sikkema,,0,5500,CIN@STL,CIN,STL,,,,,,P
118134-21096,P,Erasmo,Erasmo Ramirez,Ramirez,7.3076923076923075,13,5500,MIL@MIN,MIN,MIL,IL,Shoulder,,,,P
118134-184943,P,Jesse,Jesse Scholtens,Scholtens,,0,5500,CWS@TOR,CWS,TOR,IL,Elbow,,,,P
118134-162419,P,Matt,Matt Brash,Brash,5.266666666666667,15,5500,SEA@CHC,SEA,CHC,,,,,,P
118134-82549,P,Brendon,Brendon Little,Little,7.205882352941177,35,5500,CWS@TOR,TOR,CWS,,,,,,P
118134-135798,P,Garrett,Garrett Stallings,Stallings,,0,5500,MIL@MIN,MIL,MIN,,,,,,P
118134-82552,P,Tony,Tony Santillan,Santillan,4.416666666666667,37,5500,CIN@STL,CIN,STL,,,,,,P
118134-119426,P,Johan,Johan Oviedo,Oviedo,0,1,5500,TEX@PIT,PIT,TEX,IL,Lat,,,,P
118134-82564,P,Yency,Yency Almonte,Almonte,5.588235294117647,17,5500,SEA@CHC,CHC,SEA,IL,Shoulder,,,,P
118134-62087,P,Miguel,Miguel Castro,Castro,2.5,6,5500,CWS@TOR,CWS,TOR,IL,Knee,,,,P
118134-119435,P,Riley,Riley O'Brien,O'Brien,5.4,10,5500,CIN@STL,STL,CIN,,,,,,P
118134-12939,P,Casey,Casey Kelly,Kelly,9.5,2,5500,ARI@COL,ARI,COL,,,,,,P
118134-12943,P,Shelby,Shelby Miller,Miller,6.09375,32,5500,ARI@COL,ARI,COL,,,,,,P
118134-170647,P,Jared,Jared Koenig,Koenig,4.828571428571428,35,5500,MIL@MIN,MIL,MIN,,,,,,P
118134-82584,P,JB,JB Bukauskas,Bukauskas,5.5,6,5500,MIL@MIN,MIL,MIN,IL,Lat,,,,P
118134-119451,P,Matt,Matt Cronin,Cronin,,0,5500,SEA@CHC,SEA,CHC,IL,Undisclosed,,,,P
118134-164510,P,Victor,Victor Vodnik,Vodnik,5.238095238095238,21,5500,ARI@COL,COL,ARI,,,,,,P
118134-82591,P,Chris,Chris Rodriguez,Rodriguez,,0,5500,CWS@TOR,CWS,TOR,,,,,,P
118134-203420,P,Austin,Austin Kitchen,Kitchen,0,4,5500,SEA@CHC,SEA,CHC,,,,,,P
118134-82592,P,Dennis,Dennis Santana,Santana,5.03030303030303,33,5500,TEX@PIT,PIT,TEX,,,,,,P
118134-164522,P,Wikelman,Wikelman Gonzalez,Gonzalez,9,1,5500,CWS@TOR,CWS,TOR,,,,,,P
118134-164530,P,Caleb,Caleb Kilian,Kilian,19,2,5500,SEA@CHC,CHC,SEA,IL,Undisclosed,,,,P
118134-80571,P,Phil,Phil Maton,Maton,6.225806451612903,31,5500,CIN@STL,STL,CIN,,,,,,P
118134-82627,P,JoJo,JoJo Romero,Romero,3.9310344827586206,29,5500,CIN@STL,STL,CIN,,,,,,P
118134-82628,P,Adonis,Adonis Medina,Medina,,0,5500,SEA@CHC,SEA,CHC,,,,,,P
118134-119494,P,Andrew,Andrew Dalquist,Dalquist,,0,5500,CWS@TOR,CWS,TOR,,,,,,P
118134-119496,P,Matt,Matt Thompson,Thompson,,0,5500,SEA@CHC,CHC,SEA,,,,,,P
118134-82639,P,Ryan,Ryan Helsley,Helsley,6,27,5500,CIN@STL,STL,CIN,,,,,,P
118134-82653,P,Ryan,Ryan Borucki,Borucki,3.7142857142857144,29,5500,TEX@PIT,PIT,TEX,IL,Back,,,,P
118134-82656,P,Nate,Nate Pearson,Pearson,1.375,8,5500,SEA@CHC,CHC,SEA,,,,,,P
118134-187105,P,Joe,Joe La Sorsa,La Sorsa,-3,2,5500,CIN@STL,CIN,STL,,,,,,P
118134-53990,P,Shawn,Shawn Armstrong,Armstrong,6.1,31,5500,TEX@PIT,TEX,PIT,,,,,,P
118134-228072,P,Jake,Jake Palisch,Palisch,-3,1,5500,CWS@TOR,CWS,TOR,,,,,,P
118134-187121,P,Grant,Grant Anderson,Anderson,6.129032258064516,31,5500,MIL@MIN,MIL,MIN,,,,,,P
118134-201456,P,Chris,Chris Roycroft,Roycroft,3,14,5500,CIN@STL,STL,CIN,,,,,,P
118134-13055,P,Anthony,Anthony Gose,Gose,3.3333333333333335,3,5500,ARI@COL,ARI,COL,,,,,,P
118134-154368,P,Vinny,Vinny Nittoli,Nittoli,6,9,5500,MIL@MIN,MIL,MIN,,,,,,P
118134-199460,P,Jordan,Jordan Leasure,Leasure,5,31,5500,CWS@TOR,CWS,TOR,,,,,,P
118134-213851,P,Domingo,Domingo Gonzalez,Gonzalez,,0,5500,ATL@MIA,ATL,MIA,,,,,,P
118134-183131,P,Ryder,Ryder Ryan,Ryan,5.714285714285714,15,5500,TEX@PIT,PIT,TEX,,,,,,P
118134-183133,P,Curtis,Curtis Taylor,Taylor,,0,5500,CIN@STL,STL,CIN,,,,,,P
118134-213871,P,Luarbert,Luarbert Arias,Arias,3.6666666666666665,6,5500,ATL@MIA,MIA,ATL,,,,,,P
118134-68469,P,Adam,Adam Plutko,Plutko,,0,5500,CIN@STL,CIN,STL,,,,,,P
118134-70517,P,Chad,Chad Green,Green,4.393939393939394,33,5500,CWS@TOR,TOR,CWS,,,,,,P
118134-68476,P,Taylor,Taylor Rogers,Rogers,4.923076923076923,29,5500,CIN@STL,CIN,STL,,,,,,P
118134-170895,P,Jake,Jake Bird,Bird,8.515151515151516,33,5500,ARI@COL,COL,ARI,,,,,,P
118134-80791,P,Alan,Alan Busenitz,Busenitz,1,3,5500,CIN@STL,CIN,STL,,,,,,P
118134-68510,P,Amir,Amir Garrett,Garrett,6.666666666666667,8,5500,CWS@TOR,TOR,CWS,IL,Undisclosed,,,,P
118134-80801,P,Hoby,Hoby Milner,Milner,5.705882352941177,35,5500,TEX@PIT,TEX,PIT,,,,,,P
118134-68515,P,Sam,Sam Moll,Moll,-1,3,5500,CIN@STL,CIN,STL,,,,,,P
118134-39843,P,Burch,Burch Smith,Smith,4.76,50,5500,TEX@PIT,PIT,TEX,,,,,,P
118134-68520,P,Michael,Michael Fulmer,Fulmer,5,1,5500,SEA@CHC,CHC,SEA,,,,,,P
118134-52148,P,Pierce,Pierce Johnson,Johnson,5,29,5500,ATL@MIA,ATL,MIA,,,,,,P
118134-68551,P,Tyler,Tyler Beede,Beede,4.846153846153846,13,5500,MIL@MIN,MIN,MIL,,,,,,P
118134-68556,P,Dillon,Dillon Tate,Tate,5.6,5,5500,CWS@TOR,TOR,CWS,,,,,,P
118134-189393,P,Daniel,Daniel Palencia,Palencia,6,26,5500,SEA@CHC,CHC,SEA,,,,,,P
118134-52192,P,Luke,Luke Jackson,Jackson,3.642857142857143,30,5500,TEX@PIT,TEX,PIT,,,,,,P
118134-70629,P,Jacob,Jacob Barnes,Barnes,2.5,6,5500,CWS@TOR,TOR,CWS,,,,,,P
118134-82921,P,Zack,Zack Weiss,Weiss,0,1,5500,CIN@STL,STL,CIN,,,,,,P
118134-213995,P,Luis,Luis Curvelo,Curvelo,,0,5500,TEX@PIT,TEX,PIT,,,,,,P
118134-68584,P,Tyler,Tyler Jay,Jay,5.8,5,5500,MIL@MIN,MIL,MIN,,,,,,P
118134-82922,P,Tyler,Tyler Kinley,Kinley,3.4242424242424243,33,5500,ARI@COL,COL,ARI,,,,,,P
118134-82935,P,Trevor,Trevor Richards,Richards,1.5,3,5500,ARI@COL,ARI,COL,,,,,,P
118134-13312,P,Ryan,Ryan Brasier,Brasier,4.6,10,5500,SEA@CHC,CHC,SEA,,,,,,P
118134-189470,P,Kyle,Kyle Leahy,Leahy,5.96875,32,5500,CIN@STL,STL,CIN,,,,,,P
118134-82974,P,Tanner,Tanner Rainey,Rainey,2.3,11,5500,TEX@PIT,PIT,TEX,,,,,,P
118134-82999,P,Scott,Scott Barlow,Barlow,4.555555555555555,36,5500,CIN@STL,CIN,STL,,,,,,P
118134-58434,P,Kendall,Kendall Graveman,Graveman,1.7777777777777777,9,5500,ARI@COL,ARI,COL,IL,Hip,,,,P
118134-11333,P,Craig,Craig Kimbrel,Kimbrel,6,1,5500,TEX@PIT,TEX,PIT,,,,,,P
118134-209997,P,Jack,Jack Neely,Neely,3.5,6,5500,SEA@CHC,CHC,SEA,,,,,,P
118134-203863,P,Gordon,Gordon Graceffo,Graceffo,6.555555555555555,9,5500,CIN@STL,STL,CIN,,,,,,P
118134-189528,P,Robert,Robert Garcia,Garcia,4.352941176470588,34,5500,TEX@PIT,TEX,PIT,,,,,,P
118134-83054,P,Justin,Justin Anderson,Anderson,4.796296296296297,56,5500,CWS@TOR,CWS,TOR,,,,,,P
118134-85108,P,Enyel,Enyel De Los Santos,De Los Santos,5.333333333333333,31,5500,ATL@MIA,ATL,MIA,,,,,,P
118134-13438,P,Drew,Drew Pomeranz,Pomeranz,5.818181818181818,22,5500,SEA@CHC,CHC,SEA,DTD,Back,,,,P
118134-54403,P,Trevor,Trevor Gott,Gott,0,1,5500,SEA@CHC,SEA,CHC,,,,,,P
118134-187521,P,Joe,Joe Jacques,Jacques,3,2,5500,SEA@CHC,SEA,CHC,,,,,,P
118134-83097,P,D.J.,D.J. Snelten,Snelten,,0,5500,CWS@TOR,CWS,TOR,,,,,,P
118134-38041,P,Ryan,Ryan Pressly,Pressly,4,31,5500,SEA@CHC,CHC,SEA,,,,,,P
118134-152734,P,Zach,Zach Thompson,Thompson,10,2,5500,ATL@MIA,ATL,MIA,,,,,,P
118134-152733,P,Griffin,Griffin Jax,Jax,6.4411764705882355,34,5500,MIL@MIN,MIN,MIL,,,,,,P
118134-154794,P,Joe,Joe Barlow,Barlow,,0,5500,TEX@PIT,TEX,PIT,,,,,,P
118134-140459,P,John,John King,King,2.966666666666667,30,5500,CIN@STL,STL,CIN,,,,,,P
118134-160939,P,Jacob,Jacob Latz,Latz,10.266666666666667,16,5500,TEX@PIT,TEX,PIT,,,,,,P
118134-83116,P,Wander,Wander Suero,Suero,0,1,5500,ATL@MIA,ATL,MIA,,,,,,P
118134-160965,P,Elvis,Elvis Peguero,Peguero,4.166666666666667,6,5500,MIL@MIN,MIL,MIN,,,,,,P
118134-21707,P,Michael,Michael Mariot,Mariot,,0,5500,SEA@CHC,SEA,CHC,,,,,,P
118134-83149,P,Jesus,Jesus Liranzo,Liranzo,,0,5500,MIL@MIN,MIL,MIN,,,,,,P
118134-83159,P,Diego,Diego Castillo,Castillo,5.571428571428571,7,5500,ARI@COL,COL,ARI,,,,,,P
118134-79067,P,Alex,Alex Young,Young,4.529411764705882,17,5500,CIN@STL,CIN,STL,IL,Elbow,,,,P
118134-83170,P,Thomas,Thomas Pannone,Pannone,,0,5500,MIL@MIN,MIL,MIN,IL,Forearm,,,,P
118134-146670,P,Christian,Christian Roa,Roa,0,2,5500,ATL@MIA,MIA,ATL,,,,,,P
118134-60656,P,Jeff,Jeff Hoffman,Hoffman,6.2727272727272725,33,5500,CWS@TOR,TOR,CWS,,,,,,P
118134-197879,P,Juan,Juan Mejia,Mejia,6.166666666666667,18,5500,ARI@COL,COL,ARI,,,,,,P
118134-146679,P,Chris,Chris McMahon,McMahon,,0,5500,ARI@COL,COL,ARI,IL,Undisclosed,,,,P
118134-197877,P,Cristian,Cristian Mena,Mena,15.666666666666666,3,5500,ARI@COL,ARI,COL,IL,Shoulder,,,,P
118134-79097,P,Bryan,Bryan Hudson,Hudson,4.583333333333333,12,5500,MIL@MIN,MIL,MIN,,,,,,P
118134-83193,P,Jesus,Jesus Tinoco,Tinoco,3.35,20,5500,ATL@MIA,MIA,ATL,IL,Forearm,,,,P
118134-5370,P,Daniel,Daniel Bard,Bard,0,1,5500,SEA@CHC,SEA,CHC,,,,,,P
118134-197880,P,Angel,Angel Chivilli,Chivilli,4.85,20,5500,ARI@COL,COL,ARI,,,,,,P
118134-197887,P,Porter,Porter Hodge,Hodge,4.476190476190476,21,5500,SEA@CHC,CHC,SEA,IL,Hip,,,,P
118134-146684,P,Jared,Jared Kelley,Kelley,,0,5500,CWS@TOR,CWS,TOR,,,,,,P
118134-197890,P,Marc,Marc Church,Church,4.6,5,5500,TEX@PIT,TEX,PIT,,,,,,P
118134-21764,P,Caleb,Caleb Thielbar,Thielbar,4.696969696969697,33,5500,SEA@CHC,CHC,SEA,,,,,,P
118134-197893,P,Jose,Jose Corniell,Corniell,0,1,5500,TEX@PIT,TEX,PIT,IL,Elbow,,,,P
118134-146699,P,Dax,Dax Fulton,Fulton,,0,5500,ATL@MIA,MIA,ATL,,,,,,P
118134-72971,P,Ben,Ben Heller,Heller,4.5,8,5500,SEA@CHC,CHC,SEA,IL,Undisclosed,,,,P
118134-146702,P,Cole,Cole Sands,Sands,4.0588235294117645,34,5500,MIL@MIN,MIN,MIL,,,,,,P
118134-197906,P,Royber,Royber Salinas,Salinas,0,1,5500,ATL@MIA,ATL,MIA,IL,Shoulder,,,,P
118134-70933,P,Brock,Brock Stewart,Stewart,5.478260869565218,23,5500,MIL@MIN,MIN,MIL,,,,,,P
118134-79124,P,Joe,Joe Jimenez,Jimenez,5.855072463768116,70,5500,ATL@MIA,ATL,MIA,IL,Knee,,,,P
118134-197919,P,Jairo,Jairo Iriarte,Iriarte,5.5,6,5500,CWS@TOR,CWS,TOR,,,,,,P
118134-79135,P,Beau,Beau Burrows,Burrows,,0,5500,TEX@PIT,PIT,TEX,,,,,,P
118134-146723,P,Eddy,Eddy Yean,Yean,,0,5500,TEX@PIT,PIT,TEX,,,,,,P
118134-146721,P,Jeff,Jeff Criswell,Criswell,9.846153846153847,13,5500,ARI@COL,COL,ARI,IL,Elbow,,,,P
118134-85286,P,Ian,Ian Gibaut,Gibaut,3.6363636363636362,22,5500,CIN@STL,CIN,STL,,,,,,P
118134-85289,P,Nick,Nick Anderson,Anderson,4.4324324324324325,37,5500,ARI@COL,COL,ARI,,,,,,P
118134-146734,P,Tink,Tink Hence,Hence,,0,5500,CIN@STL,STL,CIN,,,,,,P
118134-38189,P,Michael,Michael Tonkin,Tonkin,7.517857142857143,57,5500,MIL@MIN,MIN,MIL,,,,,,P
118134-79148,P,A.J.,A.J. Puckett,Puckett,,0,5500,SEA@CHC,CHC,SEA,,,,,,P
118134-79150,P,Josh,Josh Staumont,Staumont,4.12,25,5500,CIN@STL,CIN,STL,IL,Undisclosed,,,,P
118134-146740,P,CJ,CJ Van Eyk,Van Eyk,,0,5500,CWS@TOR,TOR,CWS,,,,,,P
118134-193844,P,Evan,Evan Justice,Justice,4,1,5500,ARI@COL,COL,ARI,,,,,,P
118134-79161,P,Braxton,Braxton Garrett,Garrett,23.857142857142858,7,5500,ATL@MIA,MIA,ATL,IL,Elbow,,,,P
118134-79171,P,Phil,Phil Bickford,Bickford,2.375,8,5500,SEA@CHC,CHC,SEA,,,,,,P
118134-181583,P,Prelander,Prelander Berroa,Berroa,7.0588235294117645,17,5500,CWS@TOR,CWS,TOR,IL,Elbow,,,,P
118134-197975,P,Cooper,Cooper Hjerpe,Hjerpe,,0,5500,CIN@STL,STL,CIN,IL,Elbow,,,,P
118134-204119,P,Jacob,Jacob Bosiokovic,Bosiokovic,,0,5500,MIL@MIN,MIN,MIL,,,,,,P
118134-177493,P,Andrew,Andrew Nardi,Nardi,5.051724137931035,59,5500,ATL@MIA,MIA,ATL,IL,Back,,,,P
118134-79196,P,Albert,Albert Abreu,Abreu,,0,5500,CIN@STL,CIN,STL,,,,,,P
118134-38240,P,Rafael,Rafael Montero,Montero,5.076923076923077,26,5500,ATL@MIA,ATL,MIA,,,,,,P
118134-79209,P,A.J.,A.J. Puk,Puk,6.375,8,5500,ARI@COL,ARI,COL,IL,Elbow,,,,P
118134-193897,P,Kody,Kody Funderburk,Funderburk,4.333333333333333,9,5500,MIL@MIN,MIN,MIL,,,,,,P
118134-79220,P,Kevin,Kevin Gowdy,Gowdy,,0,5500,CWS@TOR,TOR,CWS,,,,,,P
118134-159099,P,Connor,Connor Overton,Overton,0,2,5500,CWS@TOR,TOR,CWS,IL,Undisclosed,,,,P
118134-202139,P,Jack,Jack O'Loughlin,O'Loughlin,8,4,5500,ARI@COL,COL,ARI,,,,,,P
118134-79265,P,Alex,Alex Speas,Speas,9,2,5500,MIL@MIN,MIN,MIL,,,,,,P
118134-101801,P,Joel,Joel Payamps,Payamps,2.260869565217391,23,5500,MIL@MIN,MIL,MIN,,,,,,P
118134-118185,P,Matt,Matt Foster,Foster,4.333333333333333,6,5500,ARI@COL,ARI,COL,,,,,,P
118134-118184,P,Enoli,Enoli Paredes,Paredes,5.944444444444445,18,5500,ATL@MIA,ATL,MIA,,,,,,P
118134-79275,P,Sean,Sean Reid-Foley,Reid-Foley,5.826086956521739,23,5500,ARI@COL,ARI,COL,,,,,,P
118134-101803,P,Jacob,Jacob Webb,Webb,5.1,30,5500,TEX@PIT,TEX,PIT,,,,,,P
118134-118191,P,Antonio,Antonio Santos,Santos,,0,5500,SEA@CHC,CHC,SEA,,,,,,P
118134-118195,P,Tejay,Tejay Antone,Antone,4.5,6,5500,CIN@STL,CIN,STL,IL,Elbow,,,,P
118134-101812,P,Justin,Justin Lawrence,Lawrence,7.454545454545454,11,5500,TEX@PIT,PIT,TEX,IL,Elbow,,,,P
118134-101815,P,Jimmy,Jimmy Herget,Herget,5.923076923076923,26,5500,ARI@COL,COL,ARI,,,,,,P
118134-101819,P,Jose,Jose Suarez,Suarez,12.333333333333334,3,5500,ATL@MIA,ATL,MIA,IL,Undisclosed,,,,P
118134-136639,P,Burl,Burl Carraway,Carraway,,0,5500,SEA@CHC,CHC,SEA,,,,,,P
118134-101822,P,Josh,Josh Sborz,Sborz,5.6875,17,5500,TEX@PIT,TEX,PIT,IL,Shoulder,,,,P
118134-118208,P,Brooks,Brooks Kriske,Kriske,9,1,5500,SEA@CHC,CHC,SEA,,,,,,P
118134-101829,P,Trey,Trey Supak,Supak,,0,5500,TEX@PIT,TEX,PIT,,,,,,P
118134-118216,P,Tyson,Tyson Miller,Miller,5.689655172413793,58,5500,SEA@CHC,CHC,SEA,,,,,,P
118134-200143,P,Josh,Josh Maciejewski,Maciejewski,9,4,5500,MIL@MIN,MIL,MIN,,,,,,P
118134-101845,P,Genesis,Genesis Cabrera,Cabrera,4,15,5500,SEA@CHC,CHC,SEA,,,,,,P
118134-101846,P,Erik,Erik Swanson,Swanson,0.6666666666666666,6,5500,CWS@TOR,TOR,CWS,,,,,,P
118134-101849,P,Wei-Chieh,Wei-Chieh Huang,Huang,,0,5500,TEX@PIT,PIT,TEX,,,,,,P
118134-101855,P,Trent,Trent Thornton,Thornton,3.85,20,5500,SEA@CHC,SEA,CHC,,,,,,P
118134-101856,P,Patrick,Patrick Murphy,Murphy,,0,5500,TEX@PIT,TEX,PIT,,,,,,P
118134-226819,P,Caleb,Caleb Freeman,Freeman,2.6,5,5500,CWS@TOR,CWS,TOR,,,,,,P
118134-101905,P,Sam,Sam McWilliams,McWilliams,,0,5500,MIL@MIN,MIL,MIN,,,,,,P
118134-210448,P,Luis,Luis Peralta,Peralta,2.7777777777777777,9,5500,ARI@COL,COL,ARI,,,,,,P
118134-181791,P,Connor,Connor Thomas,Thomas,-2.5,2,5500,MIL@MIN,MIL,MIN,IL,Elbow,,,,P
118134-95774,P,Jeff,Jeff Brigham,Brigham,3.3333333333333335,4,5500,ARI@COL,ARI,COL,,,,,,P
118134-58913,P,Danny,Danny Coulombe,Coulombe,5.12,25,5500,MIL@MIN,MIN,MIL,,,,,,P
118134-5673,P,Jesse,Jesse Chavez,Chavez,6,2,5500,ATL@MIA,ATL,MIA,,,,,,P
118134-222779,P,Thomas,Thomas White,White,,0,5500,ATL@MIA,MIA,ATL,,,,,,P
118134-181816,P,Casey,Casey Legumina,Legumina,5.925925925925926,28,5500,SEA@CHC,SEA,CHC,,,,,,P
118134-222783,P,Grant,Grant Taylor,Taylor,5.4,5,5500,CWS@TOR,CWS,TOR,,,,,,P
118134-222782,P,Chase,Chase Burns,Burns,,0,5500,CIN@STL,CIN,STL,,,,,,P
118134-222784,P,Hagen,Hagen Smith,Smith,,0,5500,CWS@TOR,CWS,TOR,IL,Elbow,,,,P
118134-181831,P,Yosver,Yosver Zulueta,Zulueta,3.5,2,5500,CIN@STL,CIN,STL,,,,,,P
118134-181828,P,Kolton,Kolton Ingram,Ingram,,0,5500,ATL@MIA,ATL,MIA,,,,,,P
118134-226884,P,Christian,Christian Montes De Oca,Montes De Oca,14,1,5500,ARI@COL,ARI,COL,IL,Back,,,,P
118134-181838,P,Abner,Abner Uribe,Uribe,6.628571428571429,35,5500,MIL@MIN,MIL,MIN,,,,,,P
118134-181836,P,Justin,Justin Martinez,Martinez,6.0625,17,5500,ARI@COL,ARI,COL,IL,Elbow,,,,P
118134-81488,P,Jose,Jose Ruiz,Ruiz,2.888888888888889,18,5500,ATL@MIA,ATL,MIA,,,,,,P
118134-181843,P,Josh,Josh Simpson,Simpson,-3,1,5500,ATL@MIA,MIA,ATL,,,,,,P
118134-181841,P,George,George Soriano,Soriano,6.333333333333333,12,5500,ATL@MIA,MIA,ATL,,,,,,P
118134-73301,P,Brent,Brent Suter,Suter,6,24,5500,CIN@STL,CIN,STL,,,,,,P
118134-222807,P,Alejandro,Alejandro Rosario,Rosario,,0,5500,TEX@PIT,TEX,PIT,IL,Elbow,,,,P
118134-181848,P,Tom,Tom Cosgrove,Cosgrove,9,2,5500,SEA@CHC,CHC,SEA,,,,,,P
118134-222814,P,Trey,Trey Yesavage,Yesavage,,0,5500,CWS@TOR,TOR,CWS,,,,,,P
118134-85600,P,Ryan,Ryan Burr,Burr,5.705882352941177,34,5500,CWS@TOR,TOR,CWS,IL,Shoulder,,,,P
118134-81507,P,Aaron,Aaron Bummer,Bummer,5.615384615384615,26,5500,ATL@MIA,ATL,MIA,,,,,,P
118134-169574,P,Penn,Penn Murfee,Murfee,3.142857142857143,15,5500,CWS@TOR,CWS,TOR,,,,,,P
118134-222834,P,Quinn,Quinn Mathews,Mathews,,0,5500,CIN@STL,STL,CIN,,,,,,P
118134-222843,P,Jurrangelo,Jurrangelo Cijntje,Cijntje,,0,5500,SEA@CHC,SEA,CHC,,,,,,P
118134-118394,P,Yohan,Yohan Ramirez,Ramirez,4.783783783783784,38,5500,TEX@PIT,PIT,TEX,,,,,,P
118134-118397,P,Trevor,Trevor Megill,Megill,5.285714285714286,29,5500,MIL@MIN,MIL,MIN,,,,,,P
118134-210559,P,Brady,Brady Feigl,Feigl,-13,1,5500,MIL@MIN,MIN,MIL,,,,,,P
118134-210562,P,Lake,Lake Bachar,Bachar,7.538461538461538,26,5500,ATL@MIA,MIA,ATL,,,,,,P
118134-165509,P,Bryce,Bryce Bonnin,Bonnin,,0,5500,TEX@PIT,TEX,PIT,,,,,,P
118134-222859,P,Cam,Cam Caminiti,Caminiti,,0,5500,ATL@MIA,ATL,MIA,,,,,,P
118134-73362,P,Rob,Rob Zastryzny,Zastryzny,5.666666666666667,12,5500,MIL@MIN,MIL,MIN,,,,,,P
118134-52887,P,Tyler,Tyler Matzek,Matzek,4.428571428571429,7,5500,CIN@STL,STL,CIN,,,,,,P
118134-165531,P,Sam,Sam Weatherly,Weatherly,,0,5500,ARI@COL,COL,ARI,,,,,,P
118134-226969,P,Brian,Brian Van Belle,Van Belle,,0,5500,CIN@STL,CIN,STL,,,,,,P
118134-165529,P,Jaden,Jaden Hill,Hill,6.666666666666667,3,5500,ARI@COL,COL,ARI,,,,,,P
118134-226968,P,Kyle,Kyle Backhus,Backhus,4.8,5,5500,ARI@COL,ARI,COL,,,,,,P
118134-38563,P,Yimi,Yimi Garcia,Garcia,5.285714285714286,21,5500,CWS@TOR,TOR,CWS,IL,Shoulder,,,,P
118134-220836,P,Angel,Angel Bastardo,Bastardo,,0,5500,CWS@TOR,TOR,CWS,IL,Elbow,,,,P
118134-226980,P,Andre,Andre Granillo,Granillo,5.8,5,5500,CIN@STL,STL,CIN,,,,,,P
118134-161450,P,Janson,Janson Junk,Junk,24.333333333333332,6,5500,ATL@MIA,MIA,ATL,,,,,,P
118134-220841,P,Anderson,Anderson Pilar,Pilar,,0,5500,ATL@MIA,MIA,ATL,,,,,,P
118134-165545,P,Tanner,Tanner McDougal,McDougal,,0,5500,CWS@TOR,CWS,TOR,,,,,,P
118134-222898,P,Mason,Mason Fluharty,Fluharty,5.483870967741935,33,5500,CWS@TOR,TOR,CWS,,,,,,P
118134-114356,P,Kevin,Kevin Ginkel,Ginkel,2.625,16,5500,ARI@COL,ARI,COL,,,,,,P
118134-14006,P,Brian,Brian Moran,Moran,,0,5500,ATL@MIA,ATL,MIA,,,,,,P
118134-165570,P,Ben,Ben Hernandez,Hernandez,,0,5500,SEA@CHC,SEA,CHC,,,,,,P
118134-38596,P,Chris,Chris Martin,Martin,5.8,27,5500,TEX@PIT,TEX,PIT,,,,,,P
118134-165582,P,Robinson,Robinson Pina,Pina,0,1,5500,ATL@MIA,MIA,ATL,,,,,,P
118134-81615,P,Tim,Tim Mayza,Mayza,6.142857142857143,7,5500,TEX@PIT,PIT,TEX,IL,Shoulder,,,,P
118134-81614,P,Thyago,Thyago Vieira,Vieira,6.111111111111111,28,5500,ARI@COL,ARI,COL,O,Elbow,,,,P
118134-165586,P,Mason,Mason Albright,Albright,,0,5500,ARI@COL,COL,ARI,,,,,,P
118134-198354,P,Anthony,Anthony Molina,Molina,3.5,4,5500,ARI@COL,COL,ARI,,,,,,P
118134-165584,P,Alejandro,Alejandro Hidalgo,Hidalgo,,0,5500,MIL@MIN,MIN,MIL,,,,,,P
118134-222928,P,Michael,Michael Darrell-Hicks,Darrell-Hicks,3.8333333333333335,6,5500,TEX@PIT,PIT,TEX,,,,,,P
118134-179924,P,Gavin,Gavin Hollowell,Hollowell,6.2,5,5500,SEA@CHC,CHC,SEA,,,,,,P
118134-198357,P,Ryan,Ryan Fernandez,Fernandez,1.4,11,5500,CIN@STL,STL,CIN,,,,,,P
118134-14049,P,Bryan,Bryan Shaw,Shaw,2.4,5,5500,SEA@CHC,SEA,CHC,,,,,,P
118134-141024,P,Bruce,Bruce Zimmermann,Zimmermann,0,1,5500,MIL@MIN,MIL,MIN,,,,,,P
118134-81641,P,John,John Curtiss,Curtiss,-0.6666666666666666,3,5500,ARI@COL,ARI,COL,,,,,,P
118134-165609,P,Zach,Zach McCambley,McCambley,,0,5500,ATL@MIA,MIA,ATL,,,,,,P
118134-165621,P,Russell,Russell Smith,Smith,,0,5500,MIL@MIN,MIL,MIN,IL,Undisclosed,,,,P
118134-194323,P,Hunter,Hunter Stratton,Stratton,-3.5,2,5500,TEX@PIT,PIT,TEX,,,,,,P
118134-194320,P,Andrew,Andrew Saalfrank,Saalfrank,-4.5,3,5500,ARI@COL,ARI,COL,,,,,,P
118134-165657,P,Anthony,Anthony Solometo,Solometo,,0,5500,TEX@PIT,PIT,TEX,IL,Shoulder,,,,P
118134-165674,P,Adam,Adam Macko,Macko,0,1,5500,CWS@TOR,TOR,CWS,,,,,,P
118134-182062,P,Gus,Gus Varland,Varland,5.230769230769231,26,5500,CWS@TOR,CWS,TOR,IL,Undisclosed,,,,P
118134-165682,P,Michael,Michael Morales,Morales,,0,5500,SEA@CHC,SEA,CHC,,,,,,P
118134-182064,P,Chris,Chris Clarke,Clarke,,0,5500,SEA@CHC,CHC,SEA,,,,,,P
118134-53043,P,Jesse,Jesse Hahn,Hahn,5,3,5500,SEA@CHC,SEA,CHC,,,,,,P
118134-163641,P,Ray,Ray Kerr,Kerr,11.2,10,5500,ATL@MIA,ATL,MIA,IL,Elbow,,,,P
118134-165695,P,Edwin,Edwin Nunez,Nunez,,0,5500,CIN@STL,STL,CIN,,,,,,P
118134-165696,P,Ian,Ian Bedell,Bedell,,0,5500,CIN@STL,STL,CIN,,,,,,P
118134-163655,P,Daniel,Daniel Duarte,Duarte,12,3,5500,MIL@MIN,MIN,MIL,IL,Elbow,,,,P
118134-163663,P,Calvin,Calvin Faucher,Faucher,4.551724137931035,30,5500,ATL@MIA,MIA,ATL,,,,,,P
118134-163660,P,Steven,Steven Wilson,Wilson,5.4,25,5500,CWS@TOR,CWS,TOR,,,,,,P
118134-163664,P,Tommy,Tommy Romero,Romero,0,2,5500,SEA@CHC,CHC,SEA,,,,,,P
118134-165719,P,Irv,Irv Carter,Carter,,0,5500,CWS@TOR,TOR,CWS,,,,,,P
118134-165716,P,Sem,Sem Robberse,Robberse,0,2,5500,CIN@STL,STL,CIN,IL,Elbow,,,,P
118134-165722,P,Chad,Chad Dallas,Dallas,,0,5500,CWS@TOR,TOR,CWS,IL,Undisclosed,,,,P
118134-108380,P,Tayler,Tayler Scott,Scott,3.85,20,5500,ARI@COL,ARI,COL,,,,,,P
118134-163682,P,Ethan,Ethan Roberts,Roberts,3.7777777777777777,9,5500,SEA@CHC,CHC,SEA,,,,,,P
118134-163684,P,Ronny,Ronny Henriquez,Henriquez,7.125,32,5500,ATL@MIA,MIA,ATL,,,,,,P
118134-163688,P,Collin,Collin Snider,Snider,4.791666666666667,24,5500,SEA@CHC,SEA,CHC,IL,Forearm,,,,P
118134-163697,P,Hagen,Hagen Danner,Danner,0,1,5500,SEA@CHC,SEA,CHC,,,,,,P
118134-161675,P,Jonathan,Jonathan Heasley,Heasley,-0.5,5,5500,CWS@TOR,CWS,TOR,,,,,,P
118134-102314,P,Lenny,Lenny Torres,Torres,,0,5500,CIN@STL,CIN,STL,,,,,,P
118134-102318,P,Ryan,Ryan Rolison,Rolison,3,14,5500,ARI@COL,COL,ARI,,,,,,P
118134-102332,P,Jackson,Jackson Kowar,Kowar,7.142857142857143,7,5500,SEA@CHC,SEA,CHC,,,,,,P
118134-198618,P,Coleman,Coleman Crow,Crow,,0,5500,MIL@MIN,MIL,MIN,IL,Hip,,,,P
118134-102387,P,Braxton,Braxton Ashcraft,Ashcraft,9.285714285714286,7,5500,TEX@PIT,PIT,TEX,,,,,,P
118134-102386,P,Steven,Steven Jennings,Jennings,,0,5500,TEX@PIT,TEX,PIT,,,,,,P
118134-210936,P,Evan,Evan Kravetz,Kravetz,2,1,5500,CIN@STL,CIN,STL,,,,,,P
118134-79756,OF,Ronald,Ronald Acuna Jr.,Acuna Jr.,15.61153822678786,26,4500,ATL@MIA,ATL,MIA,,,,,,OF/UTIL
118134-102554,C,Cal,Cal Raleigh,Raleigh,15.079730059649494,74,4400,SEA@CHC,SEA,CHC,,,,,,C/1B/UTIL
118134-119297,OF,Corbin,Corbin Carroll,Carroll,13.880555894639757,72,4300,ARI@COL,ARI,COL,DTD,Hand,,,,OF/UTIL
118134-21853,2B,Ketel,Ketel Marte,Marte,13.61199951171875,50,4300,ARI@COL,ARI,COL,,,,,,2B/UTIL
118134-21633,3B,Eugenio,Eugenio Suarez,Suarez,12.68552599455181,76,4200,ARI@COL,ARI,COL,,,,,,3B/UTIL
118134-165513,SS,Elly,Elly De La Cruz,De La Cruz,13.503896738027597,77,4100,CIN@STL,CIN,STL,,,,,,SS/UTIL
118134-39086,OF,Byron,Byron Buxton,Buxton,13.750847250728285,59,4000,MIL@MIN,MIN,MIL,,,,,,OF/UTIL
118134-79125,OF,Kyle,Kyle Tucker,Tucker,13.674666341145834,75,3900,SEA@CHC,CHC,SEA,,,,,,OF/UTIL
118134-79223,1B,Josh,Josh Naylor,Naylor,11.291780654698202,73,3900,ARI@COL,ARI,COL,,,,,,C/1B/UTIL
118134-102438,SS,Geraldo,Geraldo Perdomo,Perdomo,11.243999837239583,75,3800,ARI@COL,ARI,COL,,,,,,SS/UTIL
118134-146704,OF,Pete,Pete Crow-Armstrong,Crow-Armstrong,14.355999348958333,75,3800,SEA@CHC,CHC,SEA,,,,,,OF/UTIL
118134-102389,SS/OF,Oneil,Oneil Cruz,Cruz,12.301470588235293,68,3800,TEX@PIT,PIT,TEX,,,,,,SS/OF/UTIL
118134-52175,1B,Matt,Matt Olson,Olson,11.363999837239584,75,3700,ATL@MIA,ATL,MIA,,,,,,C/1B/UTIL
118134-165611,OF,Jackson,Jackson Chourio,Chourio,11.799999839381167,76,3700,MIL@MIN,MIL,MIN,,,,,,OF/UTIL
118134-21609,OF,Christian,Christian Yelich,Yelich,11.593055725097656,72,3600,MIL@MIN,MIL,MIN,,,,,,OF/UTIL
118134-165527,OF/C/1B,Hunter,Hunter Goodman,Goodman,10.5013330078125,75,3600,ARI@COL,COL,ARI,,,,,,C/1B/OF/UTIL
118134-82530,1B/OF,Pavin,Pavin Smith,Smith,7.824999640969669,68,3500,ARI@COL,ARI,COL,,,,,,C/1B/OF/UTIL
118134-79272,OF,Lourdes,Lourdes Gurriel Jr.,Gurriel Jr.,9.43661971830986,71,3500,ARI@COL,ARI,COL,,,,,,OF/UTIL
118134-81953,OF,Austin,Austin Hays,Hays,12.841935680758569,31,3400,CIN@STL,CIN,STL,IL,Foot,,,,OF/UTIL
118134-198880,OF,Jordan,Jordan Beck,Beck,9.883582271746736,67,3400,ARI@COL,COL,ARI,,,,,,OF/UTIL
118134-68514,3B,Ryan,Ryan McMahon,McMahon,8.538158215974507,76,3300,ARI@COL,COL,ARI,,,,,,3B/UTIL
118134-167012,OF,Seiya,Seiya Suzuki,Suzuki,12.19861094156901,72,3300,SEA@CHC,CHC,SEA,,,,,,OF/UTIL
118134-21887,C/1B,Willson,Willson Contreras,Contreras,10.533333672417534,72,3300,CIN@STL,STL,CIN,,,,,,C/1B/UTIL
118134-198526,OF,Wyatt,Wyatt Langford,Langford,10.795312881469727,64,3300,TEX@PIT,TEX,PIT,DTD,Back,,,,OF/UTIL
118134-102296,OF,TJ,TJ Friedl,Friedl,10.930137320740583,73,3300,CIN@STL,CIN,STL,,,,,,OF/UTIL
118134-102400,OF,Julio,Julio Rodriguez,Rodriguez,10.64864864864865,74,3200,SEA@CHC,SEA,CHC,,,,,,OF/UTIL
118134-119333,OF/2B,Tyler,Tyler Freeman,Freeman,8.335134970175254,37,3200,ARI@COL,COL,ARI,,,,,,2B/OF/UTIL
118134-82533,OF,Daulton,Daulton Varsho,Varsho,11.908332824707031,24,3200,CWS@TOR,TOR,CWS,IL,Hamstring,,,,OF/UTIL
118134-82613,2B,Thairo,Thairo Estrada,Estrada,8.574999809265137,16,3200,ARI@COL,COL,ARI,DTD,Hand,,,,2B/UTIL
118134-79074,3B,Austin,Austin Riley,Riley,10.137333170572917,75,3200,ATL@MIA,ATL,MIA,,,,,,3B/UTIL
118134-79273,1B,Vladimir,Vladimir Guerrero Jr.,Guerrero Jr.,10.737333170572917,75,3200,CWS@TOR,TOR,CWS,,,,,,C/1B/UTIL
118134-165605,OF,Sal,Sal Frelick,Frelick,9.247297132337415,74,3200,MIL@MIN,MIL,MIN,,,,,,OF/UTIL
118134-102555,3B,Noelvi,Noelvi Marte,Marte,12.394736842105264,19,3100,CIN@STL,CIN,STL,IL,Oblique,,,,3B/UTIL
118134-219727,2B/1B/OF,Tim,Tim Tawa,Tawa,7.18,50,3100,ARI@COL,ARI,COL,,,,,,C/1B/2B/OF/UTIL
118134-17086,OF,Marcell,Marcell Ozuna,Ozuna,10.244444105360243,72,3100,ATL@MIA,ATL,MIA,,,,,,OF/UTIL
118134-82644,OF,Jesus,Jesus Sanchez,Sanchez,9.443636807528408,55,3100,ATL@MIA,MIA,ATL,,,,,,OF/UTIL
118134-82654,SS,Bo,Bo Bichette,Bichette,10.465789794921875,76,3100,CWS@TOR,TOR,CWS,,,,,,SS/UTIL
118134-79092,OF,Ian,Ian Happ,Happ,11.623880414820428,67,3100,SEA@CHC,CHC,SEA,,,,,,OF/UTIL
118134-79110,C,Tyler,Tyler Stephenson,Stephenson,9.81052599455181,38,3100,CIN@STL,CIN,STL,,,,,,C/1B/UTIL
118134-85261,OF,Randy,Randy Arozarena,Arozarena,10.391780487478595,73,3100,SEA@CHC,SEA,CHC,,,,,,OF/UTIL
118134-79211,OF,Mickey,Mickey Moniak,Moniak,7.624242609197443,66,3100,ARI@COL,COL,ARI,,,,,,OF/UTIL
118134-38412,SS,Corey,Corey Seager,Seager,8.478260869565217,46,3100,TEX@PIT,TEX,PIT,,,,,,SS/UTIL
118134-85520,OF,Adolis,Adolis Garcia,Garcia,8.57361094156901,72,3100,TEX@PIT,TEX,PIT,,,,,,OF/UTIL
118134-163674,SS,Ezequiel,Ezequiel Tovar,Tovar,8.493749618530273,32,3100,ARI@COL,COL,ARI,IL,Oblique,,,,SS/UTIL
118134-119337,1B/OF,Michael,Michael Toglia,Toglia,7.695081867155482,61,3000,ARI@COL,COL,ARI,,,,,,C/1B/OF/UTIL
118134-119352,1B,Michael,Michael Busch,Busch,10.329577808648768,71,3000,SEA@CHC,CHC,SEA,,,,,,C/1B/UTIL
118134-119368,C,Ryan,Ryan Jeffers,Jeffers,8.149180427926485,61,3000,MIL@MIN,MIN,MIL,,,,,,C/1B/UTIL
118134-16983,OF,George,George Springer,Springer,9.836620062169894,71,3000,CWS@TOR,TOR,CWS,,,,,,OF/UTIL
118134-82555,SS/2B/3B/OF,Willi,Willi Castro,Castro,9.380356924874443,56,3000,MIL@MIN,MIN,MIL,,,,,,2B/3B/SS/OF/UTIL
118134-119420,C,Ivan,Ivan Herrera,Herrera,11.89047604515439,42,3000,CIN@STL,STL,CIN,IL,Hamstring,,,,C/1B/UTIL
118134-119437,3B,Josh,Josh Jung,Jung,7.9666664817116475,66,3000,TEX@PIT,TEX,PIT,,,,,,3B/UTIL
118134-119442,C,Gabriel,Gabriel Moreno,Moreno,8.0528299583579,53,3000,ARI@COL,ARI,COL,IL,Finger,,,,C/1B/UTIL
118134-80847,OF,Mike,Mike Tauchman,Tauchman,10.335714067731585,28,3000,CWS@TOR,CWS,TOR,DTD,Groin,,,,OF/UTIL
118134-52179,SS,J.P.,J.P. Crawford,Crawford,9.668055216471354,72,3000,SEA@CHC,SEA,CHC,,,,,,SS/UTIL
118134-197886,C,Agustin,Agustin Ramirez,Ramirez,9.770587995940565,51,3000,ATL@MIA,MIA,ATL,,,,,,C/1B/UTIL
118134-181830,3B/OF,Addison,Addison Barger,Barger,9.037735849056604,53,3000,CWS@TOR,TOR,CWS,DTD,Hip,,,,3B/OF/UTIL
118134-165707,SS/3B/2B/1B/OF,Josh,Josh Smith,Smith,9.212307504507212,65,3000,TEX@PIT,TEX,PIT,,,,,,C/1B/2B/3B/SS/OF/UTIL
118134-102283,OF,Alek,Alek Thomas,Thomas,6.210605968128551,66,3000,ARI@COL,ARI,COL,,,,,,OF/UTIL
118134-102284,C,William,William Contreras,Contreras,9.373611450195312,72,3000,MIL@MIN,MIL,MIN,,,,,,C/1B/UTIL
118134-102353,2B,Brice,Brice Turang,Turang,10.125675510715794,74,3000,MIL@MIN,MIL,MIN,,,,,,2B/UTIL
118134-102362,OF,Trevor,Trevor Larnach,Larnach,9.395774304027288,71,3000,MIL@MIN,MIN,MIL,DTD,Hand,,,,OF/UTIL
118134-135366,SS,Masyn,Masyn Winn,Winn,9.426154033954328,65,2900,CIN@STL,STL,CIN,,,,,,SS/UTIL
118134-119377,OF,Matt,Matt Wallner,Wallner,8.133332994249132,36,2900,MIL@MIN,MIN,MIL,,,,,,OF/UTIL
118134-82734,OF,Luis,Luis Robert Jr.,Robert Jr.,9.075362495754076,69,2900,CWS@TOR,CWS,TOR,,,,,,OF/UTIL
118134-21705,2B,Marcus,Marcus Semien,Semien,8.106578626130757,76,2900,TEX@PIT,TEX,PIT,,,,,,2B/UTIL
118134-146682,OF,Brenton,Brenton Doyle,Doyle,7.628787878787879,66,2900,ARI@COL,COL,ARI,,,,,,OF/UTIL
118134-79165,2B/OF,Gavin,Gavin Lux,Lux,7.863767762115036,69,2900,CIN@STL,CIN,STL,,,,,,2B/OF/UTIL
118134-79215,1B,Rhys,Rhys Hoskins,Hoskins,8.79726044119221,73,2900,MIL@MIN,MIL,MIN,,,,,,C/1B/UTIL
118134-21874,2B/3B,Jorge,Jorge Polanco,Polanco,9.083871164629537,62,2900,SEA@CHC,SEA,CHC,,,,,,2B/3B/UTIL
118134-101842,1B,Ty,Ty France,France,8.383784113703546,74,2900,MIL@MIN,MIN,MIL,,,,,,C/1B/UTIL
118134-136672,OF,Michael,Michael Harris II,Harris II,7.925333658854167,75,2900,ATL@MIA,ATL,MIA,,,,,,OF/UTIL
118134-13909,OF,Randal,Randal Grichuk,Grichuk,5.385416666666667,48,2900,ARI@COL,ARI,COL,,,,,,OF/UTIL
118134-165507,SS/2B,Matt,Matt McLain,McLain,8.98208937004431,67,2900,CIN@STL,CIN,STL,,,,,,2B/SS/UTIL
118134-165710,OF,Evan,Evan Carter,Carter,9.281481707537615,27,2900,TEX@PIT,TEX,PIT,,,,,,OF/UTIL
118134-163706,3B/2B/SS/OF,Brendan,Brendan Donovan,Donovan,9.966666843580162,69,2900,CIN@STL,STL,CIN,,,,,,2B/3B/SS/OF/UTIL
118134-102393,SS/2B,Xavier,Xavier Edwards,Edwards,8.665000406901042,60,2900,ATL@MIA,MIA,ATL,,,,,,2B/SS/UTIL
118134-116841,2B/1B/OF,Sam,Sam Haggerty,Haggerty,7.928124904632568,32,2800,TEX@PIT,TEX,PIT,,,,,,C/1B/2B/OF/UTIL
118134-116867,C,Tyler,Tyler Heineman,Heineman,8.642307574932392,26,2800,CWS@TOR,TOR,CWS,,,,,,C/1B/UTIL
118134-102591,OF,Jake,Jake Fraley,Fraley,7.608888753255209,45,2800,CIN@STL,CIN,STL,,,,,,OF/UTIL
118134-119372,OF/3B/1B,Miguel,Miguel Vargas,Vargas,9.564864699904984,74,2800,CWS@TOR,CWS,TOR,,,,,,C/1B/3B/OF/UTIL
118134-119444,C,Alejandro,Alejandro Kirk,Kirk,8.512903028918851,62,2800,CWS@TOR,TOR,CWS,,,,,,C/1B/UTIL
118134-164506,2B/3B,Connor,Connor Norby,Norby,8.11111111111111,54,2800,ATL@MIA,MIA,ATL,,,,,,2B/3B/UTIL
118134-82624,C,Sean,Sean Murphy,Murphy,8.5,45,2800,ATL@MIA,ATL,MIA,,,,,,C/1B/UTIL
118134-68495,OF,Andrew,Andrew Benintendi,Benintendi,9.382000122070313,50,2800,CWS@TOR,CWS,TOR,,,,,,OF/UTIL
118134-189389,OF,Dane,Dane Myers,Myers,8.222448855030294,49,2800,ATL@MIA,MIA,ATL,,,,,,OF/UTIL
118134-68587,2B,Ozzie,Ozzie Albies,Albies,8.107999674479167,75,2800,ATL@MIA,ATL,MIA,,,,,,2B/UTIL
118134-68586,SS,Dansby,Dansby Swanson,Swanson,9.961841784025493,76,2800,SEA@CHC,CHC,SEA,,,,,,SS/UTIL
118134-154711,OF,Lars,Lars Nootbaar,Nootbaar,9.725675840635557,74,2800,CIN@STL,STL,CIN,,,,,,OF/UTIL
118134-79119,OF,Will,Will Benson,Benson,8.7,35,2800,CIN@STL,CIN,STL,,,,,,OF/UTIL
118134-85279,C,Miguel,Miguel Amaya,Amaya,10.67777732566551,27,2800,SEA@CHC,CHC,SEA,IL,Oblique,,,,C/1B/UTIL
118134-5456,OF,Andrew,Andrew McCutchen,McCutchen,8.438235114602481,68,2800,TEX@PIT,PIT,TEX,,,,,,OF/UTIL
118134-79230,OF,Bryan,Bryan Reynolds,Reynolds,8.543055216471354,72,2800,TEX@PIT,PIT,TEX,,,,,,OF/UTIL
118134-13719,3B,Nolan,Nolan Arenado,Arenado,9.288732394366198,71,2800,CIN@STL,STL,CIN,,,,,,3B/UTIL
118134-101811,OF,Sam,Sam Hilliard,Hilliard,7.758823170381434,17,2800,ARI@COL,COL,ARI,,,,,,OF/UTIL
118134-226967,SS,Ryan,Ryan Ritter,Ritter,6.9571429661342075,14,2800,ARI@COL,COL,ARI,,,,,,SS/UTIL
118134-163533,C,Jose,Jose Herrera,Herrera,5.387096774193548,31,2800,ARI@COL,ARI,COL,,,,,,C/1B/UTIL
118134-102363,OF/1B,Luke,Luke Raley,Raley,8.123076805701622,26,2800,SEA@CHC,SEA,CHC,,,,,,C/1B/OF/UTIL
118134-79918,C,Kyle,Kyle Higashioka,Higashioka,5.945945945945946,37,2700,TEX@PIT,TEX,PIT,,,,,,C/1B/UTIL
118134-102486,OF,Blake,Blake Perkins,Perkins,8.120325104007875,123,2700,MIL@MIN,MIL,MIN,IL,Lower leg,,,,OF/UTIL
118134-73871,C,Carson,Carson Kelly,Kelly,10.023404385181184,47,2700,SEA@CHC,CHC,SEA,,,,,,C/1B/UTIL
118134-135314,2B/SS/3B/1B,Ernie,Ernie Clement,Clement,6.937838167757602,74,2700,CWS@TOR,TOR,CWS,,,,,,C/1B/2B/3B/SS/UTIL
118134-145618,2B/SS,Otto,Otto Lopez,Lopez,8.698333740234375,60,2700,ATL@MIA,MIA,ATL,,,,,,2B/SS/UTIL
118134-119305,OF,Kyle,Kyle Stowers,Stowers,9.115493129676496,71,2700,ATL@MIA,MIA,ATL,,,,,,OF/UTIL
118134-164495,SS/3B/2B,Jordan,Jordan Lawlar,Lawlar,1.524999976158142,8,2700,ARI@COL,ARI,COL,,,,,,2B/3B/SS/UTIL
118134-164496,C,Adrian,Adrian Del Castillo,Del Castillo,10.315999755859375,25,2700,ARI@COL,ARI,COL,IL,Back,,,,C/1B/UTIL
118134-82617,2B,Andres,Andres Gimenez,Gimenez,7.847999877929688,50,2700,CWS@TOR,TOR,CWS,,,,,,2B/UTIL
118134-183187,1B/3B,Christian,Christian Encarnacion-Strand,Encarnacion-Strand,7.6923076923076925,26,2700,CIN@STL,CIN,STL,,,,,,C/1B/3B/UTIL
118134-136090,2B/SS,Nick,Nick Gonzales,Gonzales,7.976470947265625,17,2700,TEX@PIT,PIT,TEX,,,,,,2B/SS/UTIL
118134-13262,OF,Jurickson,Jurickson Profar,Profar,4.599999904632568,4,2700,ATL@MIA,ATL,MIA,NA,Suspension,,,,OF/UTIL
118134-179272,OF/1B/2B,Spencer,Spencer Steer,Steer,7.718571254185268,70,2700,CIN@STL,CIN,STL,,,,,,C/1B/2B/OF/UTIL
118134-197972,SS/3B/2B,Brooks,Brooks Lee,Lee,7.488333129882813,60,2700,MIL@MIN,MIN,MIL,,,,,,2B/3B/SS/UTIL
118134-101753,2B/SS/3B/OF,Dylan,Dylan Moore,Moore,7.148275967301993,58,2700,SEA@CHC,SEA,CHC,,,,,,2B/3B/SS/OF/UTIL
118134-79255,1B/OF,Jake,Jake Bauers,Bauers,6.502127789436503,47,2700,MIL@MIN,MIL,MIN,,,,,,C/1B/OF/UTIL
118134-81511,2B/3B/SS/1B,Kyle,Kyle Farmer,Farmer,5.416363525390625,55,2700,ARI@COL,COL,ARI,,,,,,C/1B/2B/3B/SS/UTIL
118134-222858,C,Drake,Drake Baldwin,Baldwin,7.684000244140625,50,2700,ATL@MIA,ATL,MIA,,,,,,C/1B/UTIL
118134-38614,SS,Carlos,Carlos Correa,Correa,7.316923170823317,65,2700,MIL@MIN,MIN,MIL,,,,,,SS/UTIL
118134-165693,OF/1B,Alec,Alec Burleson,Burleson,8.390908905954072,66,2700,CIN@STL,STL,CIN,,,,,,C/1B/OF/UTIL
118134-102301,2B/SS,Nico,Nico Hoerner,Hoerner,9.370833502875435,72,2700,SEA@CHC,CHC,SEA,,,,,,2B/SS/UTIL
118134-135364,OF,Jordan,Jordan Walker,Walker,6.73518541124132,54,2600,CIN@STL,STL,CIN,,,,,,OF/UTIL
118134-198935,OF,Victor,Victor Scott II,Scott II,8.76111094156901,72,2600,CIN@STL,STL,CIN,,,,,,OF/UTIL
118134-223870,C,Braxton,Braxton Fulford,Fulford,8.387499809265137,8,2600,ARI@COL,COL,ARI,,,,,,C/1B/UTIL
118134-82570,1B,Jake,Jake Burger,Burger,7.875384521484375,65,2600,TEX@PIT,TEX,PIT,IL,Oblique,,,,C/1B/UTIL
118134-211773,OF/2B,Isaac,Isaac Collins,Collins,7.115517451845366,58,2600,MIL@MIN,MIL,MIN,,,,,,2B/OF/UTIL
118134-68563,OF,Victor,Victor Robles,Robles,8.609999847412109,10,2600,SEA@CHC,SEA,CHC,IL,Shoulder,,,,OF/UTIL
118134-80852,2B/SS/3B/OF,Ildemaro,Ildemaro Vargas,Vargas,7.685714176722935,7,2600,ARI@COL,ARI,COL,,,,,,2B/3B/SS/OF/UTIL
118134-82977,SS/3B/2B,Isiah,Isiah Kiner-Falefa,Kiner-Falefa,7.0292306753305285,65,2600,TEX@PIT,PIT,TEX,,,,,,2B/3B/SS/UTIL
118134-222287,SS/2B,Chase,Chase Meidroth,Meidroth,7.9830189830852,53,2600,CWS@TOR,CWS,TOR,,,,,,2B/SS/UTIL
118134-189530,OF,Dominic,Dominic Canzone,Canzone,6.781818043101918,11,2600,SEA@CHC,SEA,CHC,,,,,,OF/UTIL
118134-83173,C,Jose,Jose Trevino,Trevino,7.51063829787234,47,2600,CIN@STL,CIN,STL,,,,,,C/1B/UTIL
118134-21890,SS/1B/3B/2B,Orlando,Orlando Arcia,Arcia,3.8870967741935485,31,2600,ARI@COL,COL,ARI,,,,,,C/1B/2B/3B/SS/UTIL
118134-79249,OF,Harrison,Harrison Bader,Bader,7.539706061868107,68,2600,MIL@MIN,MIN,MIL,,,,,,OF/UTIL
118134-181662,OF,Nathan,Nathan Lukes,Lukes,6.819607603783701,51,2600,CWS@TOR,TOR,CWS,,,,,,OF/UTIL
118134-220835,C/1B,Liam,Liam Hicks,Hicks,7.680851063829787,47,2600,ATL@MIA,MIA,ATL,,,,,,C/1B/UTIL
118134-102331,2B/SS/3B,Nicky,Nicky Lopez,Lopez,1.3105262957121198,19,2600,ARI@COL,ARI,COL,,,,,,2B/3B/SS/UTIL
118134-79884,OF,Anthony,Anthony Santander,Santander,6.955999755859375,50,2500,CWS@TOR,TOR,CWS,IL,Shoulder,,,,OF/UTIL
118134-102415,2B/3B,Nolan,Nolan Gorman,Gorman,7.061224489795919,49,2500,CIN@STL,STL,CIN,,,,,,2B/3B/UTIL
118134-102435,SS/2B/3B,Blaze,Blaze Alexander,Alexander,6.085483674080141,62,2500,ARI@COL,ARI,COL,,,,,,2B/3B/SS/UTIL
118134-102436,OF,Kristian,Kristian Robinson,Robinson,,0,2500,ARI@COL,ARI,COL,,,,,,OF/UTIL
118134-223299,3B,Ben,Ben Williamson,Williamson,6.209090909090909,55,2500,SEA@CHC,SEA,CHC,,,,,,3B/UTIL
118134-53401,1B/OF,Trey,Trey Mancini,Mancini,,0,2500,ARI@COL,ARI,COL,,,,,,C/1B/OF/UTIL
118134-198865,OF,Druw,Druw Jones,Jones,,0,2500,ARI@COL,ARI,COL,,,,,,OF/UTIL
118134-198871,SS,Tommy,Tommy Troy,Troy,,0,2500,ARI@COL,ARI,COL,,,,,,SS/UTIL
118134-119335,3B/2B/SS,Aaron,Aaron Schunk,Schunk,2.0166667302449546,12,2500,ARI@COL,COL,ARI,,,,,,2B/3B/SS/UTIL
118134-219698,2B/3B,Caleb,Caleb Durbin,Durbin,7.858928680419922,56,2500,MIL@MIN,MIL,MIN,,,,,,2B/3B/UTIL
118134-21074,OF,Michael A.,Michael A. Taylor,Taylor,5.368181633226799,66,2500,CWS@TOR,CWS,TOR,,,,,,OF/UTIL
118134-119412,2B/3B/1B,Owen,Owen Miller,Miller,2.7222222222222223,9,2500,ARI@COL,COL,ARI,,,,,,C/1B/2B/3B/UTIL
118134-164499,3B,A.J.,A.J. Vukovich,Vukovich,,0,2500,ARI@COL,ARI,COL,,,,,,3B/UTIL
118134-164513,3B/2B/SS,Joey,Joey Ortiz,Ortiz,5.85066650390625,75,2500,MIL@MIN,MIL,MIN,,,,,,2B/3B/SS/UTIL
118134-82605,2B/1B,Keston,Keston Hiura,Hiura,4.637499809265137,8,2500,ARI@COL,COL,ARI,,,,,,C/1B/2B/UTIL
118134-82608,3B,Royce,Royce Lewis,Lewis,6.216666666666667,30,2500,MIL@MIN,MIN,MIL,IL,Hamstring,,,,3B/UTIL
118134-52147,1B/OF,Kris,Kris Bryant,Bryant,3.6272728659889917,11,2500,ARI@COL,COL,ARI,IL,Back,,,,C/1B/OF/UTIL
118134-211919,1B/3B/OF,Eric,Eric Wagaman,Wagaman,7.868571254185268,70,2500,ATL@MIA,MIA,ATL,,,,,,C/1B/3B/OF/UTIL
118134-52182,C,Reese,Reese McGuire,McGuire,9.063636086203836,11,2500,SEA@CHC,CHC,SEA,,,,,,C/1B/UTIL
118134-171112,OF,Sean,Sean Bouchard,Bouchard,3.809375047683716,32,2500,ARI@COL,COL,ARI,,,,,,OF/UTIL
118134-109803,C,Austin,Austin Nola,Nola,0,1,2500,ARI@COL,COL,ARI,,,,,,C/1B/UTIL
118134-146680,C,Drew,Drew Romo,Romo,4.737500190734863,16,2500,ARI@COL,COL,ARI,,,,,,C/1B/UTIL
118134-197881,OF,Yanquiel,Yanquiel Fernandez,Fernandez,0,1,2500,ARI@COL,COL,ARI,,,,,,OF/UTIL
118134-146681,OF,Zac,Zac Veen,Veen,4.100000063578288,12,2500,ARI@COL,COL,ARI,,,,,,OF/UTIL
118134-85254,C,Joey,Joey Bart,Bart,6.102083206176758,48,2500,TEX@PIT,PIT,TEX,,,,,,C/1B/UTIL
118134-197908,C,Pedro,Pedro Pages,Pages,6.365517451845366,58,2500,CIN@STL,STL,CIN,,,,,,C/1B/UTIL
118134-79160,OF,Alex,Alex Verdugo,Verdugo,6.31,50,2500,ATL@MIA,ATL,MIA,,,,,,OF/UTIL
118134-85320,C,Michael,Michael Perez,Perez,0,1,2500,ARI@COL,ARI,COL,,,,,,C/1B/UTIL
118134-79240,C,Aramis,Aramis Garcia,Garcia,0,2,2500,ARI@COL,ARI,COL,,,,,,C/1B/UTIL
118134-71182,3B/1B,Jeimer,Jeimer Candelario,Candelario,5.572727203369141,22,2500,CIN@STL,CIN,STL,IL,Back,,,,C/1B/3B/UTIL
118134-226832,1B,Tim,Tim Elko,Elko,7.4555553860134545,18,2500,CWS@TOR,CWS,TOR,,,,,,C/1B/UTIL
118134-181797,3B,Warming,Warming Bernabel,Bernabel,,0,2500,ARI@COL,COL,ARI,,,,,,3B/UTIL
118134-181835,OF,Jorge,Jorge Barrosa,Barrosa,6.44000015258789,5,2500,ARI@COL,ARI,COL,,,,,,OF/UTIL
118134-222793,OF,Robert,Robert Calaz,Calaz,,0,2500,ARI@COL,COL,ARI,,,,,,OF/UTIL
118134-222792,OF,Charlie,Charlie Condon,Condon,,0,2500,ARI@COL,COL,ARI,,,,,,OF/UTIL
118134-222803,2B,Demetrio,Demetrio Crisantes,Crisantes,,0,2500,ARI@COL,ARI,COL,IL,Shoulder,,,,2B/UTIL
118134-222802,OF,Ryan,Ryan Waldschmidt,Waldschmidt,,0,2500,ARI@COL,ARI,COL,,,,,,OF/UTIL
118134-222804,OF,Slade,Slade Caldwell,Caldwell,,0,2500,ARI@COL,ARI,COL,,,,,,OF/UTIL
118134-165526,OF,Benny,Benny Montgomery,Montgomery,,0,2500,ARI@COL,COL,ARI,,,,,,OF/UTIL
118134-165530,SS/2B,Adael,Adael Amador,Amador,3.797059003044577,34,2500,ARI@COL,COL,ARI,,,,,,2B/SS/UTIL
118134-165532,3B,Julio,Julio Carreras,Carreras,0,1,2500,ARI@COL,COL,ARI,,,,,,3B/UTIL
118134-163513,C,Rene,Rene Pinto,Pinto,5.578947368421052,19,2500,ARI@COL,ARI,COL,,,,,,C/1B/UTIL
118134-188114,SS,Connor,Connor Kaiser,Kaiser,,0,2500,ARI@COL,ARI,COL,,,,,,SS/UTIL
118134-81622,C,Mitch,Mitch Garver,Garver,6.45116264875545,43,2500,SEA@CHC,SEA,CHC,,,,,,C/1B/UTIL
118134-165712,3B/OF,Dustin,Dustin Harris,Harris,4.206250190734863,16,2500,TEX@PIT,TEX,PIT,,,,,,3B/OF/UTIL
118134-102282,OF,Jake,Jake McCarthy,McCarthy,3.5642858232770647,14,2500,ARI@COL,ARI,COL,,,,,,OF/UTIL
118134-102285,OF,Cristian,Cristian Pache,Pache,3.2876405180170294,89,2500,ARI@COL,ARI,COL,IL,Undisclosed,,,,OF/UTIL
118134-102326,1B/2B/3B/OF,Kody,Kody Clemens,Clemens,6.431250254313151,48,2500,MIL@MIN,MIN,MIL,,,,,,C/1B/2B/3B/OF/UTIL
118134-102418,OF,Eli,Eli White,White,6.208474369372352,59,2400,ATL@MIA,ATL,MIA,,,,,,OF/UTIL
118134-102577,2B/3B/OF,Santiago,Santiago Espinal,Espinal,5.295522205865205,67,2400,CIN@STL,CIN,STL,,,,,,2B/3B/OF/UTIL
118134-198869,C,Kyle,Kyle Teel,Teel,5.827272588556463,11,2400,CWS@TOR,CWS,TOR,,,,,,C/1B/UTIL
118134-198877,3B,Matt,Matt Shaw,Shaw,7.367391171662704,46,2400,SEA@CHC,CHC,SEA,,,,,,3B/UTIL
118134-119495,1B,Andrew,Andrew Vaughn,Vaughn,6.047916412353516,48,2400,MIL@MIN,MIL,MIN,,,,,,C/1B/UTIL
118134-183092,OF,Jonatan,Jonatan Clase,Clase,6.3000002260561345,27,2400,CWS@TOR,TOR,CWS,,,,,,OF/UTIL
118134-119637,3B/SS/OF,Ezequiel,Ezequiel Duran,Duran,2.8250001271565757,24,2400,TEX@PIT,TEX,PIT,,,,,,3B/SS/OF/UTIL
118134-211906,3B/2B/SS,Thomas,Thomas Saggese,Saggese,7.2866668701171875,15,2400,CIN@STL,STL,CIN,,,,,,2B/3B/SS/UTIL
118134-60636,OF,Derek,Derek Hill,Hill,8.291304215140965,23,2400,ATL@MIA,MIA,ATL,IL,Wrist,,,,OF/UTIL
118134-70898,2B/3B/OF,Adam,Adam Frazier,Frazier,6.5588235294117645,68,2400,TEX@PIT,PIT,TEX,,,,,,2B/3B/OF/UTIL
118134-118120,C,Jonah,Jonah Heim,Heim,6.70877182274534,57,2400,TEX@PIT,TEX,PIT,,,,,,C/1B/UTIL
118134-79216,3B,Ke'Bryan,Ke'Bryan Hayes,Hayes,6.535211267605634,71,2400,TEX@PIT,PIT,TEX,,,,,,3B/UTIL
118134-79263,OF,Leody,Leody Taveras,Taveras,5.622413898336476,58,2400,SEA@CHC,SEA,CHC,,,,,,OF/UTIL
118134-181829,1B,Spencer,Spencer Horwitz,Horwitz,6.50689644649111,29,2400,TEX@PIT,PIT,TEX,,,,,,C/1B/UTIL
118134-165544,2B/3B/1B,Lenyn,Lenyn Sosa,Sosa,6.491935483870968,62,2400,CWS@TOR,CWS,TOR,,,,,,C/1B/2B/3B/UTIL
118134-192426,2B/OF,Davis,Davis Schneider,Schneider,5.445000076293946,20,2400,CWS@TOR,TOR,CWS,,,,,,2B/OF/UTIL
118134-102402,OF,Alexander,Alexander Canario,Canario,5.717391304347826,46,2300,TEX@PIT,PIT,TEX,,,,,,OF/UTIL
118134-6312,1B/3B,Justin,Justin Turner,Turner,4.4424999237060545,40,2300,SEA@CHC,CHC,SEA,,,,,,C/1B/3B/UTIL
118134-80485,OF,Austin,Austin Slater,Slater,4.943333435058594,30,2300,CWS@TOR,CWS,TOR,,,,,,OF/UTIL
118134-211774,1B/OF,Billy,Billy Cook,Cook,3.066666603088379,3,2300,TEX@PIT,PIT,TEX,,,,,,C/1B/OF/UTIL
118134-97257,OF,Myles,Myles Straw,Straw,4.626666768391927,60,2300,CWS@TOR,TOR,CWS,,,,,,OF/UTIL
118134-146697,OF,Garrett,Garrett Mitchell,Mitchell,5.652000122070312,25,2300,MIL@MIN,MIL,MIN,IL,Oblique,,,,OF/UTIL
118134-79136,OF,Daz,Daz Cameron,Cameron,3.8950000762939454,20,2300,MIL@MIN,MIL,MIN,,,,,,OF/UTIL
118134-101910,1B/OF,Connor,Connor Joe,Joe,3.393103500892376,29,2300,CIN@STL,CIN,STL,,,,,,C/1B/OF/UTIL
118134-13858,C,Christian,Christian Vazquez,Vazquez,4.9625,40,2300,MIL@MIN,MIN,MIL,,,,,,C/1B/UTIL
118134-13864,OF/1B,Joc,Joc Pederson,Pederson,4.673913043478261,46,2300,TEX@PIT,TEX,PIT,IL,Hand,,,,C/1B/OF/UTIL
118134-206383,2B/SS/OF,Brooks,Brooks Baldwin,Baldwin,5.314893681952294,47,2300,CWS@TOR,CWS,TOR,,,,,,2B/SS/OF/UTIL
118134-222844,SS/2B,Cole,Cole Young,Young,5.487500190734863,16,2300,SEA@CHC,SEA,CHC,,,,,,2B/SS/UTIL
118134-222879,OF,Alan,Alan Roden,Roden,4.389743511493389,39,2300,CWS@TOR,TOR,CWS,DTD,Knee,,,,OF/UTIL
118134-165583,C,Edgar,Edgar Quero,Quero,5.716326655173789,49,2300,CWS@TOR,CWS,TOR,,,,,,C/1B/UTIL
118134-181991,1B,Ryan,Ryan Noda,Noda,5.242857251848493,7,2300,CWS@TOR,CWS,TOR,,,,,,C/1B/UTIL
118134-165654,C/OF,Henry,Henry Davis,Davis,6.1441174675436585,34,2300,TEX@PIT,PIT,TEX,,,,,,C/1B/OF/UTIL
118134-165703,OF,Heriberto,Heriberto Hernandez,Hernandez,6.356249809265137,16,2300,ATL@MIA,MIA,ATL,,,,,,OF/UTIL
118134-102380,SS,Nick,Nick Allen,Allen,5.525757760712595,66,2300,ATL@MIA,ATL,MIA,,,,,,SS/UTIL
118134-172093,2B,Michael,Michael Stefanic,Stefanic,2.6888889736599393,9,2200,CWS@TOR,TOR,CWS,,,,,,2B/UTIL
118134-135282,OF,Joshua,Joshua Palacios,Palacios,4.543137195063572,51,2200,CWS@TOR,CWS,TOR,,,,,,OF/UTIL
118134-102518,3B/1B,Jose,Jose Miranda,Miranda,4.241666793823242,12,2200,MIL@MIN,MIN,MIL,,,,,,C/1B/3B/UTIL
118134-119326,3B/OF,Rece,Rece Hinds,Hinds,7.128571646554129,7,2200,CIN@STL,CIN,STL,,,,,,3B/OF/UTIL
118134-119346,C,Korey,Korey Lee,Lee,4.421428680419922,14,2200,CWS@TOR,CWS,TOR,,,,,,C/1B/UTIL
118134-113309,3B/2B/OF,Josh,Josh Rojas,Rojas,4.615000152587891,40,2200,CWS@TOR,CWS,TOR,,,,,,2B/3B/OF/UTIL
118134-211756,SS/2B/OF,Javier,Javier Sanoja,Sanoja,5.2350001017252605,60,2200,ATL@MIA,MIA,ATL,,,,,,2B/SS/OF/UTIL
118134-101276,2B/3B,Jon,Jon Berti,Berti,4.677777608235677,36,2200,SEA@CHC,CHC,SEA,,,,,,2B/3B/UTIL
118134-13412,3B/1B,Donovan,Donovan Solano,Solano,3.4604651872501817,43,2200,SEA@CHC,SEA,CHC,,,,,,C/1B/3B/UTIL
118134-13487,OF,Tommy,Tommy Pham,Pham,4.903921688304228,51,2200,TEX@PIT,PIT,TEX,,,,,,OF/UTIL
118134-83182,C/OF,Eric,Eric Haase,Haase,4.986363497647372,22,2200,MIL@MIN,MIL,MIN,,,,,,C/1B/OF/UTIL
118134-226907,OF,Alejandro,Alejandro Osuna,Osuna,2.846666717529297,15,2200,TEX@PIT,TEX,PIT,,,,,,OF/UTIL
118134-181851,3B/2B/1B/SS,Jared,Jared Triolo,Triolo,5.327083269755046,48,2200,TEX@PIT,PIT,TEX,,,,,,C/1B/2B/3B/SS/UTIL
118134-163672,3B/1B,Jonah,Jonah Bride,Bride,3.1642855689639138,42,2200,MIL@MIN,MIN,MIL,,,,,,C/1B/3B/UTIL
118134-159624,C,Yohel,Yohel Pozo,Pozo,5.615999755859375,25,2200,CIN@STL,STL,CIN,,,,,,C/1B/UTIL
118134-161677,C,Nick,Nick Fortes,Fortes,4.786486651446368,37,2200,ATL@MIA,MIA,ATL,,,,,,C/1B/UTIL
118134-102295,OF,Stuart,Stuart Fairchild,Fairchild,3.51818188753995,22,2200,ATL@MIA,ATL,MIA,,,,,,OF/UTIL
118134-102307,2B/SS/OF,Jose,Jose Barrero,Barrero,2.395238058907645,21,2200,CIN@STL,STL,CIN,,,,,,2B/SS/OF/UTIL
118134-163772,C,Brett,Brett Sullivan,Sullivan,6.400000254313151,3,2200,TEX@PIT,PIT,TEX,,,,,,C/1B/UTIL
118134-102349,SS/2B,Leo,Leo Rivas,Rivas,5.8600001017252605,30,2200,SEA@CHC,SEA,CHC,,,,,,2B/SS/UTIL
118134-180208,2B/3B/SS/OF,Miles,Miles Mastrobuoni,Mastrobuoni,4.258928571428571,56,2200,SEA@CHC,SEA,CHC,,,,,,2B/3B/SS/OF/UTIL
118134-102406,2B/SS/3B/OF,Vidal,Vidal Brujan,Brujan,2.5652173913043477,23,2100,SEA@CHC,CHC,SEA,,,,,,2B/3B/SS/OF/UTIL
118134-102578,OF,Griffin,Griffin Conine,Conine,8.075,20,2100,ATL@MIA,MIA,ATL,IL,Shoulder,,,,OF/UTIL
118134-209179,1B/2B/3B,Will,Will Wagner,Wagner,4.44000015258789,20,2100,CWS@TOR,TOR,CWS,,,,,,C/1B/2B/3B/UTIL
118134-135524,OF/2B,Austin,Austin Martin,Martin,5.78494623655914,93,2100,MIL@MIN,MIN,MIL,IL,Hamstring,,,,2B/OF/UTIL
118134-119351,SS/2B/3B,Jake,Jake Amaya,Amaya,2.4323528514188877,34,2100,CWS@TOR,CWS,TOR,,,,,,2B/3B/SS/UTIL
118134-82563,2B/SS/OF,Garrett,Garrett Hampson,Hampson,3.740740740740741,27,2100,CIN@STL,CIN,STL,,,,,,2B/SS/OF/UTIL
118134-82567,1B/OF,Ryan,Ryan Vilade,Vilade,1.7428571156093053,7,2100,CIN@STL,CIN,STL,,,,,,C/1B/OF/UTIL
118134-164498,2B,Ryan,Ryan Bliss,Bliss,6.427272449840199,11,2100,SEA@CHC,SEA,CHC,IL,Biceps,,,,2B/UTIL
118134-187103,2B/3B/1B/SS,Andruw,Andruw Monasterio,Monasterio,2.9368420651084497,19,2100,MIL@MIN,MIL,MIN,,,,,,C/1B/2B/3B/SS/UTIL
118134-119634,SS/2B,Liover,Liover Peguero,Peguero,2.25,4,2100,TEX@PIT,PIT,TEX,,,,,,2B/SS/UTIL
118134-146715,C/1B,Endy,Endy Rodriguez,Rodriguez,4.277777777777778,18,2100,TEX@PIT,PIT,TEX,IL,Elbow,,,,C/1B/UTIL
118134-181814,2B,Edouard,Edouard Julien,Julien,6.089655382879849,29,2100,MIL@MIN,MIN,MIL,,,,,,2B/UTIL
118134-226915,OF,Drew,Drew Avans,Avans,2.3375000953674316,8,2100,MIL@MIN,MIL,MIN,,,,,,OF/UTIL
118134-169769,3B/SS/2B,Vinny,Vinny Capra,Capra,2.761904761904762,42,2100,CWS@TOR,CWS,TOR,,,,,,2B/3B/SS/UTIL
118134-102398,OF,Jarred,Jarred Kelenic,Kelenic,4.278260935907778,23,2100,ATL@MIA,ATL,MIA,,,,,,OF/UTIL
118134-198658,OF/2B,Ronny,Ronny Simon,Simon,5.089473523591694,19,2000,TEX@PIT,PIT,TEX,,,,,,2B/OF/UTIL
118134-102413,1B,Luken,Luken Baker,Baker,3.7157893933747945,19,2000,CIN@STL,STL,CIN,,,,,,C/1B/UTIL
118134-102425,SS,Orelvis,Orelvis Martinez,Martinez,1.5,2,2000,CWS@TOR,TOR,CWS,,,,,,SS/UTIL
118134-135207,2B,Alex,Alex De Goti,De Goti,,0,2000,TEX@PIT,TEX,PIT,,,,,,2B/UTIL
118134-135242,C,P.J.,P.J. Higgins,Higgins,0,2,2000,CIN@STL,CIN,STL,,,,,,C/1B/UTIL
118134-102472,SS,Raynel,Raynel Delgado,Delgado,,0,2000,MIL@MIN,MIL,MIN,,,,,,SS/UTIL
118134-135246,OF,Dominic,Dominic Fletcher,Fletcher,4.406944274902344,72,2000,CWS@TOR,CWS,TOR,,,,,,OF/UTIL
118134-135254,2B,Eddy,Eddy Alvarez,Alvarez,0.8857142584664481,14,2000,ATL@MIA,ATL,MIA,,,,,,2B/UTIL
118134-135255,C,Brian,Brian Navarreto,Navarreto,,0,2000,ATL@MIA,MIA,ATL,,,,,,C/1B/UTIL
118134-135267,2B,Kaden,Kaden Polcovich,Polcovich,,0,2000,SEA@CHC,SEA,CHC,,,,,,2B/UTIL
118134-102499,SS,Bryson,Bryson Brigman,Brigman,,0,2000,CIN@STL,CIN,STL,,,,,,SS/UTIL
118134-135265,1B,Austin,Austin Shenton,Shenton,4.7549999237060545,20,2000,SEA@CHC,SEA,CHC,,,,,,C/1B/UTIL
118134-135269,OF,Zach,Zach DeLoach,DeLoach,6.065217391304348,23,2000,CWS@TOR,CWS,TOR,,,,,,OF/UTIL
118134-102512,OF,Carlos,Carlos Rodriguez,Rodriguez,,0,2000,ATL@MIA,ATL,MIA,,,,,,OF/UTIL
118134-102520,2B,Yunior,Yunior Severino,Severino,0,1,2000,MIL@MIN,MIN,MIL,,,,,,2B/UTIL
118134-135288,SS/2B/3B,Alan,Alan Trejo,Trejo,3.078571319580078,14,2000,TEX@PIT,TEX,PIT,,,,,,2B/3B/SS/UTIL
118134-102541,OF,Jared,Jared Oliva,Oliva,,0,2000,MIL@MIN,MIL,MIN,,,,,,OF/UTIL
118134-198803,3B,Damiano,Damiano Palmegiani,Palmegiani,,0,2000,CWS@TOR,TOR,CWS,,,,,,3B/UTIL
118134-184479,OF,Corey,Corey Julks,Julks,5.03582080442514,67,2000,CWS@TOR,CWS,TOR,,,,,,OF/UTIL
118134-102563,3B/2B/SS,Jonathan,Jonathan Ornelas,Ornelas,0.75,4,2000,ATL@MIA,ATL,MIA,,,,,,2B/3B/SS/UTIL
118134-102579,SS/2B,Leo,Leo Jimenez,Jimenez,6.251562595367432,64,2000,CWS@TOR,TOR,CWS,,,,,,2B/SS/UTIL
118134-145617,C,David,David Garcia,Garcia,,0,2000,MIL@MIN,MIL,MIN,,,,,,C/1B/UTIL
118134-198878,3B,Sal,Sal Stewart,Stewart,,0,2000,CIN@STL,CIN,STL,,,,,,3B/UTIL
118134-198895,OF,Walker,Walker Jenkins,Jenkins,,0,2000,MIL@MIN,MIN,MIL,,,,,,OF/UTIL
118134-198897,3B,Brock,Brock Wilken,Wilken,,0,2000,MIL@MIN,MIL,MIN,,,,,,3B/UTIL
118134-213262,C,Caleb,Caleb Knight,Knight,,0,2000,SEA@CHC,CHC,SEA,,,,,,C/1B/UTIL
118134-198931,SS,Felnin,Felnin Celesten,Celesten,,0,2000,SEA@CHC,SEA,CHC,,,,,,SS/UTIL
118134-198933,SS,Sebastian,Sebastian Walcott,Walcott,,0,2000,TEX@PIT,TEX,PIT,,,,,,SS/UTIL
118134-209177,C/2B/1B,Mickey,Mickey Gasper,Gasper,3.676470588235294,17,2000,MIL@MIN,MIN,MIL,,,,,,C/1B/2B/UTIL
118134-194908,SS/2B/3B,Tristan,Tristan Gray,Gray,1.4,15,2000,CWS@TOR,CWS,TOR,,,,,,2B/3B/SS/UTIL
118134-211345,2B,Michael,Michael Helman,Helman,2.3777777353922525,9,2000,TEX@PIT,TEX,PIT,,,,,,2B/UTIL
118134-180694,OF,Cade,Cade Marlowe,Marlowe,1.355555534362793,9,2000,SEA@CHC,SEA,CHC,IL,Undisclosed,,,,OF/UTIL
118134-119308,SS,Adam,Adam Hall,Hall,,0,2000,MIL@MIN,MIL,MIN,,,,,,SS/UTIL
118134-219661,SS,Jared,Jared Serna,Serna,,0,2000,ATL@MIA,MIA,ATL,,,,,,SS/UTIL
118134-119314,C,Ethan,Ethan Hearn,Hearn,,0,2000,SEA@CHC,CHC,SEA,,,,,,C/1B/UTIL
118134-219664,OF,Matt,Matt Koperniak,Koperniak,,0,2000,CIN@STL,STL,CIN,,,,,,OF/UTIL
118134-119320,2B,Chase,Chase Strumpf,Strumpf,,0,2000,SEA@CHC,CHC,SEA,,,,,,2B/UTIL
118134-119325,2B/OF,Tyler,Tyler Callihan,Callihan,1.625,4,2000,CIN@STL,CIN,STL,IL,Forearm,,,,2B/OF/UTIL
118134-119327,SS,Ivan,Ivan Johnson,Johnson,,0,2000,CIN@STL,CIN,STL,,,,,,SS/UTIL
118134-207395,C,Eric,Eric Yang,Yang,0,1,2000,CIN@STL,CIN,STL,,,,,,C/1B/UTIL
118134-201253,OF,Joey,Joey Loperfido,Loperfido,6.10246898509838,81,2000,CWS@TOR,TOR,CWS,,,,,,OF/UTIL
118134-219704,SS,Ben,Ben Cowles,Cowles,,0,2000,SEA@CHC,CHC,SEA,,,,,,SS/UTIL
118134-119360,OF,Pablo,Pablo Abreu,Abreu,,0,2000,MIL@MIN,MIL,MIN,,,,,,OF/UTIL
118134-119362,SS,Eduardo,Eduardo Garcia,Garcia,,0,2000,MIL@MIN,MIL,MIN,,,,,,SS/UTIL
118134-119370,SS,Will,Will Holland,Holland,,0,2000,MIL@MIN,MIN,MIL,,,,,,SS/UTIL
118134-119390,OF,Kevin,Kevin Alcantara,Alcantara,2.066666603088379,3,2000,SEA@CHC,CHC,SEA,,,,,,OF/UTIL
118134-82531,C,Andy,Andy Yerzy,Yerzy,,0,2000,CIN@STL,STL,CIN,,,,,,C/1B/UTIL
118134-119407,OF,Sammy,Sammy Siani,Siani,,0,2000,TEX@PIT,PIT,TEX,,,,,,OF/UTIL
118134-119408,2B/OF,Ji Hwan,Ji Hwan Bae,Bae,3.942857197352818,7,2000,TEX@PIT,PIT,TEX,,,,,,2B/OF/UTIL
118134-119421,3B,Malcom,Malcom Nunez,Nunez,,0,2000,TEX@PIT,PIT,TEX,IL,Undisclosed,,,,3B/UTIL
118134-82558,OF,Conner,Conner Capel,Capel,2.171428544180734,7,2000,ATL@MIA,ATL,MIA,,,,,,OF/UTIL
118134-119424,C,Julio E.,Julio E. Rodriguez,Rodriguez,,0,2000,SEA@CHC,SEA,CHC,,,,,,C/1B/UTIL
118134-119436,SS,Maximo,Maximo Acosta,Acosta,,0,2000,ATL@MIA,MIA,ATL,,,,,,SS/UTIL
118134-119440,3B/2B,Davis,Davis Wendzel,Wendzel,1.8714286259242467,28,2000,CIN@STL,CIN,STL,,,,,,2B/3B/UTIL
118134-164501,SS,Cal,Cal Conley,Conley,,0,2000,ATL@MIA,ATL,MIA,,,,,,SS/UTIL
118134-203418,2B/3B/1B/OF,Armando,Armando Alvarez,Alvarez,4.462500095367432,16,2000,MIL@MIN,MIN,MIL,,,,,,C/1B/2B/3B/OF/UTIL
118134-203417,C,Nick,Nick Raposo,Raposo,,0,2000,SEA@CHC,SEA,CHC,,,,,,C/1B/UTIL
118134-164508,OF,Jesse,Jesse Franklin,Franklin,,0,2000,ATL@MIA,ATL,MIA,,,,,,OF/UTIL
118134-211631,OF,DaShawn,DaShawn Keirsey Jr.,Keirsey Jr.,2.195833365122477,48,2000,MIL@MIN,MIN,MIL,,,,,,OF/UTIL
118134-164527,SS,Cristian,Cristian Hernandez,Hernandez,,0,2000,SEA@CHC,CHC,SEA,,,,,,SS/UTIL
118134-199342,3B,Graham,Graham Pauley,Pauley,4.4178570338657925,28,2000,ATL@MIA,MIA,ATL,,,,,,3B/UTIL
118134-164528,SS,James,James Triantos,Triantos,,0,2000,SEA@CHC,CHC,SEA,,,,,,SS/UTIL
118134-164533,OF,Yohendrick,Yohendrick Pinango,Pinango,,0,2000,CWS@TOR,TOR,CWS,,,,,,OF/UTIL
118134-82620,2B,Nick,Nick Solak,Solak,0.75,4,2000,TEX@PIT,PIT,TEX,,,,,,2B/UTIL
118134-21183,C/1B,Carlos,Carlos Perez,Perez,,0,2000,SEA@CHC,CHC,SEA,,,,,,C/1B/UTIL
118134-17105,C,Sandy,Sandy Leon,Leon,0,2,2000,ATL@MIA,ATL,MIA,,,,,,C/1B/UTIL
118134-103125,2B/SS/OF,Jack,Jack Lopez,Lopez,3.8551725190261315,29,2000,SEA@CHC,SEA,CHC,,,,,,2B/SS/OF/UTIL
118134-226041,OF/1B,Matt,Matt Gorski,Gorski,4.76000010172526,15,2000,TEX@PIT,PIT,TEX,,,,,,C/1B/OF/UTIL
118134-13054,C,Rob,Rob Brantly,Brantly,4.166666666666667,3,2000,ATL@MIA,MIA,ATL,IL,Lat,,,,C/1B/UTIL
118134-17171,C,James,James McCann,McCann,7.277941086713006,68,2000,ATL@MIA,ATL,MIA,,,,,,C/1B/UTIL
118134-119626,OF,Hudson,Hudson Head,Head,,0,2000,TEX@PIT,PIT,TEX,,,,,,OF/UTIL
118134-119633,OF,Misael,Misael Urbina,Urbina,,0,2000,MIL@MIN,MIN,MIL,,,,,,OF/UTIL
118134-119632,OF,Hedbert,Hedbert Perez,Perez,,0,2000,MIL@MIN,MIL,MIN,,,,,,OF/UTIL
118134-174963,SS,Charles,Charles Leblanc,Leblanc,8.290908813476562,11,2000,ATL@MIA,ATL,MIA,IL,Undisclosed,,,,SS/UTIL
118134-203641,SS,Levi,Levi Jordan,Jordan,1.8142856870378767,7,2000,CIN@STL,CIN,STL,,,,,,SS/UTIL
118134-82824,1B,Mike,Mike Ford,Ford,3.600000080309416,19,2000,MIL@MIN,MIN,MIL,,,,,,C/1B/UTIL
118134-13304,C,Tucker,Tucker Barnhart,Barnhart,1.875,8,2000,TEX@PIT,TEX,PIT,,,,,,C/1B/UTIL
118134-13326,C,Christian,Christian Bethancourt,Bethancourt,5.056250095367432,64,2000,CWS@TOR,TOR,CWS,,,,,,C/1B/UTIL
118134-13343,2B,Dixon,Dixon Machado,Machado,,0,2000,SEA@CHC,CHC,SEA,,,,,,2B/UTIL
118134-171037,C,Jason,Jason Delay,Delay,6.400000095367432,8,2000,ATL@MIA,ATL,MIA,,,,,,C/1B/UTIL
118134-222286,OF,Braden,Braden Montgomery,Montgomery,,0,2000,CWS@TOR,CWS,TOR,,,,,,OF/UTIL
118134-197761,C,Jair,Jair Camargo,Camargo,1.0333333015441895,6,2000,MIL@MIN,MIN,MIL,,,,,,C/1B/UTIL
118134-197764,C,Blake,Blake Hunt,Hunt,0,1,2000,SEA@CHC,SEA,CHC,,,,,,C/1B/UTIL
118134-195795,C,Chandler,Chandler Seagle,Seagle,,0,2000,ATL@MIA,ATL,MIA,,,,,,C/1B/UTIL
118134-79075,SS,Kevin,Kevin Maitan,Maitan,,0,2000,MIL@MIN,MIN,MIL,,,,,,SS/UTIL
118134-146671,OF,Austin,Austin Hendrick,Hendrick,,0,2000,CIN@STL,CIN,STL,,,,,,OF/UTIL
118134-146668,2B,Nick,Nick Yorke,Yorke,8.754545731977982,11,2000,TEX@PIT,PIT,TEX,,,,,,2B/UTIL
118134-146674,OF,Owen,Owen Caissie,Caissie,,0,2000,SEA@CHC,CHC,SEA,,,,,,OF/UTIL
118134-197874,2B/3B,Oliver,Oliver Dunn,Dunn,4.985714503696987,14,2000,MIL@MIN,MIL,MIN,,,,,,2B/3B/UTIL
118134-146672,SS,Reginald,Reginald Preciado,Preciado,,0,2000,SEA@CHC,CHC,SEA,,,,,,SS/UTIL
118134-146673,SS,Ed,Ed Howard,Howard,,0,2000,SEA@CHC,CHC,SEA,,,,,,SS/UTIL
118134-79115,OF,Greg,Greg Allen,Allen,0,3,2000,SEA@CHC,CHC,SEA,,,,,,OF/UTIL
118134-146696,SS,Alex,Alex De Jesus,De Jesus,,0,2000,CWS@TOR,TOR,CWS,,,,,,SS/UTIL
118134-146703,1B,Aaron,Aaron Sabato,Sabato,,0,2000,MIL@MIN,MIN,MIL,,,,,,C/1B/UTIL
118134-146700,SS,Freddy,Freddy Zamora,Zamora,,0,2000,MIL@MIN,MIL,MIN,,,,,,SS/UTIL
118134-85274,OF,DJ,DJ Stewart,Stewart,4.864473844829359,76,2000,TEX@PIT,PIT,TEX,,,,,,OF/UTIL
118134-197912,OF,Jacob,Jacob Hurtubise,Hurtubise,1.8000000317891438,12,2000,SEA@CHC,SEA,CHC,,,,,,OF/UTIL
118134-146718,SS,Casey,Casey Martin,Martin,,0,2000,MIL@MIN,MIL,MIN,,,,,,SS/UTIL
118134-197918,SS,Tsung-Che,Tsung-Che Cheng,Cheng,0,3,2000,TEX@PIT,PIT,TEX,,,,,,SS/UTIL
118134-197917,OF,Victor,Victor Mesa Jr.,Mesa Jr.,3.924999952316284,4,2000,ATL@MIA,MIA,ATL,,,,,,OF/UTIL
118134-146731,SS/2B,Alika,Alika Williams,Williams,4.191892056851773,37,2000,TEX@PIT,PIT,TEX,,,,,,2B/SS/UTIL
118134-146738,2B,Justin,Justin Foscue,Foscue,1.756250023841858,16,2000,TEX@PIT,TEX,PIT,,,,,,2B/UTIL
118134-79156,SS/2B,David,David Fletcher,Fletcher,2.1666666666666665,6,2000,ATL@MIA,ATL,MIA,,,,,,2B/SS/UTIL
118134-79174,C,Jacob,Jacob Nottingham,Nottingham,,0,2000,SEA@CHC,SEA,CHC,,,,,,C/1B/UTIL
118134-181596,2B/3B,Jose,Jose Fermin,Fermin,2.434042585656998,47,2000,CIN@STL,STL,CIN,,,,,,2B/3B/UTIL
118134-79204,SS,Richie,Richie Martin,Martin,,0,2000,TEX@PIT,TEX,PIT,,,,,,SS/UTIL
118134-226686,OF,Rhylan,Rhylan Thomas,Thomas,7.466666539510091,3,2000,SEA@CHC,SEA,CHC,,,,,,OF/UTIL
118134-181642,2B/OF/1B,Enmanuel,Enmanuel Valdez,Valdez,6.335483674080141,31,2000,TEX@PIT,PIT,TEX,IL,Shoulder,,,,C/1B/2B/OF/UTIL
118134-152972,2B/OF/SS,Luke,Luke Williams,Williams,2.5888888041178384,18,2000,ATL@MIA,ATL,MIA,,,,,,2B/SS/OF/UTIL
118134-79277,1B,Rowdy,Rowdy Tellez,Tellez,6.766129032258065,62,2000,SEA@CHC,SEA,CHC,,,,,,C/1B/UTIL
118134-118189,C,Ali,Ali Sanchez,Sanchez,1.8,5,2000,CWS@TOR,TOR,CWS,,,,,,C/1B/UTIL
118134-38324,C,Jorge,Jorge Alfaro,Alfaro,,0,2000,MIL@MIN,MIL,MIN,,,,,,C/1B/UTIL
118134-101821,1B,Edwin,Edwin Rios,Rios,1.8399999618530274,5,2000,CIN@STL,CIN,STL,,,,,,C/1B/UTIL
118134-226808,1B,Blaine,Blaine Crim,Crim,1.8399999618530274,5,2000,TEX@PIT,TEX,PIT,,,,,,C/1B/UTIL
118134-226840,OF,Carson,Carson McCusker,McCusker,0.6,5,2000,MIL@MIN,MIN,MIL,,,,,,OF/UTIL
118134-95772,C,Beau,Beau Taylor,Taylor,,0,2000,SEA@CHC,SEA,CHC,,,,,,C/1B/UTIL
118134-222781,3B,Cam,Cam Collier,Collier,,0,2000,CIN@STL,CIN,STL,,,,,,3B/UTIL
118134-222780,SS,Starlyn,Starlyn Caba,Caba,,0,2000,ATL@MIA,MIA,ATL,IL,Thumb,,,,SS/UTIL
118134-222785,2B,Luke,Luke Keaschall,Keaschall,14.400000435965401,7,2000,MIL@MIN,MIN,MIL,IL,Forearm,,,,2B/UTIL
118134-226888,2B,Ryan,Ryan Fitzgerald,Fitzgerald,1.600000023841858,2,2000,MIL@MIN,MIN,MIL,,,,,,2B/UTIL
118134-222815,3B,Mike,Mike Boeve,Boeve,,0,2000,MIL@MIN,MIL,MIN,,,,,,3B/UTIL
118134-222813,SS,Arjun,Arjun Nimmala,Nimmala,,0,2000,CWS@TOR,TOR,CWS,,,,,,SS/UTIL
118134-181856,3B,Andre,Andre Lipcius,Lipcius,,0,2000,CWS@TOR,CWS,TOR,,,,,,3B/UTIL
118134-222817,SS,Jesus,Jesus Made,Made,,0,2000,MIL@MIN,MIL,MIN,,,,,,SS/UTIL
118134-222816,SS,Cooper,Cooper Pratt,Pratt,,0,2000,MIL@MIN,MIL,MIN,,,,,,SS/UTIL
118134-222823,SS,Konnor,Konnor Griffin,Griffin,,0,2000,TEX@PIT,PIT,TEX,,,,,,SS/UTIL
118134-222824,2B,Termarr,Termarr Johnson,Johnson,,0,2000,TEX@PIT,PIT,TEX,,,,,,2B/UTIL
118134-222835,C,Jimmy,Jimmy Crooks,Crooks,,0,2000,CIN@STL,STL,CIN,,,,,,C/1B/UTIL
118134-226928,1B/2B/SS/3B,Jack,Jack Winkler,Winkler,0.5,6,2000,ATL@MIA,MIA,ATL,,,,,,C/1B/2B/3B/SS/UTIL
118134-222839,SS,Colt,Colt Emerson,Emerson,,0,2000,SEA@CHC,SEA,CHC,,,,,,SS/UTIL
118134-222838,SS,Jefferson,Jefferson Rojas,Rojas,,0,2000,SEA@CHC,CHC,SEA,,,,,,SS/UTIL
118134-222837,C,Moises,Moises Ballesteros,Ballesteros,7.019999694824219,5,2000,SEA@CHC,CHC,SEA,,,,,,C/1B/UTIL
118134-222836,SS,JJ,JJ Wetherholt,Wetherholt,,0,2000,CIN@STL,STL,CIN,,,,,,SS/UTIL
118134-222842,2B,Michael,Michael Arroyo,Arroyo,,0,2000,SEA@CHC,SEA,CHC,,,,,,2B/UTIL
118134-222841,OF,Lazaro,Lazaro Montes,Montes,,0,2000,SEA@CHC,SEA,CHC,,,,,,OF/UTIL
118134-222840,OF,Jonny,Jonny Farmelo,Farmelo,,0,2000,SEA@CHC,SEA,CHC,IL,Ribs,,,,OF/UTIL
118134-165510,OF,Jay,Jay Allen,Allen,,0,2000,CIN@STL,CIN,STL,,,,,,OF/UTIL
118134-165511,C,Mat,Mat Nelson,Nelson,,0,2000,CIN@STL,CIN,STL,,,,,,C/1B/UTIL
118134-165515,OF,Malvin,Malvin Valdez,Valdez,,0,2000,CIN@STL,CIN,STL,,,,,,OF/UTIL
118134-52878,OF,Billy,Billy McKinney,McKinney,4.254545385187322,11,2000,TEX@PIT,TEX,PIT,,,,,,OF/UTIL
118134-165517,OF,Ariel,Ariel Almonte,Almonte,,0,2000,CIN@STL,CIN,STL,,,,,,OF/UTIL
118134-165535,SS,Colson,Colson Montgomery,Montgomery,,0,2000,CWS@TOR,CWS,TOR,,,,,,SS/UTIL
118134-165533,3B,Wes,Wes Kath,Kath,,0,2000,CWS@TOR,CWS,TOR,,,,,,3B/UTIL
118134-226979,OF,Will,Will Robertson,Robertson,4.166666666666667,3,2000,CWS@TOR,TOR,CWS,,,,,,OF/UTIL
118134-165540,3B,Bryan,Bryan Ramos,Ramos,6.063636548591383,33,2000,CWS@TOR,CWS,TOR,,,,,,3B/UTIL
118134-198359,3B,Deyvison,Deyvison De Los Santos,De Los Santos,0,2,2000,ATL@MIA,MIA,ATL,,,,,,3B/UTIL
118134-165602,C,Joe,Joe Mack,Mack,,0,2000,ATL@MIA,MIA,ATL,,,,,,C/1B/UTIL
118134-165603,SS,Yiddi,Yiddi Cappe,Cappe,,0,2000,ATL@MIA,MIA,ATL,IL,Undisclosed,,,,SS/UTIL
118134-165601,SS,Jose,Jose Salas,Salas,,0,2000,MIL@MIN,MIN,MIL,,,,,,SS/UTIL
118134-165606,1B/3B/OF,Tyler,Tyler Black,Black,5.433333502875434,18,2000,MIL@MIN,MIL,MIN,,,,,,C/1B/3B/OF/UTIL
118134-165607,SS,Jordan,Jordan McCants,McCants,,0,2000,ATL@MIA,MIA,ATL,,,,,,SS/UTIL
118134-165604,C,Jeferson,Jeferson Quero,Quero,,0,2000,MIL@MIN,MIL,MIN,,,,,,C/1B/UTIL
118134-165610,3B,Zavier,Zavier Warren,Warren,,0,2000,MIL@MIN,MIL,MIN,,,,,,3B/UTIL
118134-165608,2B,Cody,Cody Morissette,Morissette,,0,2000,ATL@MIA,MIA,ATL,,,,,,2B/UTIL
118134-165622,SS,Jheremy,Jheremy Vargas,Vargas,,0,2000,MIL@MIN,MIL,MIN,,,,,,SS/UTIL
118134-165626,OF,Emmanuel,Emmanuel Rodriguez,Rodriguez,0,1,2000,MIL@MIN,MIN,MIL,IL,Hip,,,,OF/UTIL
118134-165627,3B,Jaylen,Jaylen Palmer,Palmer,,0,2000,SEA@CHC,CHC,SEA,,,,,,3B/UTIL
118134-202502,OF,Blake,Blake Dunn,Dunn,4.983333333333333,30,2000,CIN@STL,CIN,STL,,,,,,OF/UTIL
118134-206608,SS/2B,Nacho,Nacho Alvarez Jr.,Alvarez Jr.,2.2750000953674316,8,2000,ATL@MIA,ATL,MIA,,,,,,2B/SS/UTIL
118134-165652,OF,Yhoswar,Yhoswar Garcia,Garcia,,0,2000,MIL@MIN,MIL,MIN,,,,,,OF/UTIL
118134-165658,SS,Maikol,Maikol Escotto,Escotto,,0,2000,TEX@PIT,PIT,TEX,,,,,,SS/UTIL
118134-165656,OF,Lonnie,Lonnie White,White,,0,2000,TEX@PIT,PIT,TEX,,,,,,OF/UTIL
118134-165663,SS,Victor,Victor Acosta,Acosta,,0,2000,CIN@STL,CIN,STL,,,,,,SS/UTIL
118134-165667,OF,Samuel,Samuel Zavala,Zavala,,0,2000,CWS@TOR,CWS,TOR,,,,,,OF/UTIL
118134-165675,SS,Edwin,Edwin Arroyo,Arroyo,,0,2000,CIN@STL,CIN,STL,,,,,,SS/UTIL
118134-165672,C,Harry,Harry Ford,Ford,,0,2000,SEA@CHC,SEA,CHC,,,,,,C/1B/UTIL
118134-165679,3B,Milkar,Milkar Perez,Perez,,0,2000,SEA@CHC,SEA,CHC,,,,,,3B/UTIL
118134-165683,OF,Gabriel,Gabriel Gonzalez,Gonzalez,,0,2000,MIL@MIN,MIN,MIL,,,,,,OF/UTIL
118134-165681,3B,Starlin,Starlin Aguilar,Aguilar,,0,2000,SEA@CHC,SEA,CHC,,,,,,3B/UTIL
118134-165692,OF,Joshua,Joshua Baez,Baez,,0,2000,CIN@STL,STL,CIN,,,,,,OF/UTIL
118134-163653,OF,Allan,Allan Cerda,Cerda,,0,2000,MIL@MIN,MIN,MIL,,,,,,OF/UTIL
118134-165711,SS,Cam,Cam Cauley,Cauley,,0,2000,TEX@PIT,TEX,PIT,,,,,,SS/UTIL
118134-165708,2B,Trevor,Trevor Hauver,Hauver,,0,2000,TEX@PIT,TEX,PIT,,,,,,2B/UTIL
118134-165709,OF,Yeison,Yeison Morrobel,Morrobel,,0,2000,TEX@PIT,TEX,PIT,,,,,,OF/UTIL
118134-165714,SS,Manuel,Manuel Beltre,Beltre,,0,2000,CWS@TOR,TOR,CWS,,,,,,SS/UTIL
118134-165713,OF,Aaron,Aaron Zavala,Zavala,,0,2000,TEX@PIT,TEX,PIT,,,,,,OF/UTIL
118134-165718,2B/OF,Samad,Samad Taylor,Taylor,1.5499999523162842,4,2000,SEA@CHC,SEA,CHC,,,,,,2B/OF/UTIL
118134-163679,3B,Joe,Joe Perez,Perez,,0,2000,CWS@TOR,CWS,TOR,,,,,,3B/UTIL
118134-165724,OF,Dasan,Dasan Brown,Brown,,0,2000,CWS@TOR,TOR,CWS,,,,,,OF/UTIL
118134-163694,SS,Eddys,Eddys Leonard,Leonard,0,1,2000,ATL@MIA,ATL,MIA,,,,,,SS/UTIL
118134-163696,OF,Jack,Jack Suwinski,Suwinski,4.572222391764323,18,2000,TEX@PIT,PIT,TEX,,,,,,OF/UTIL
118134-171923,1B,Darick,Darick Hall,Hall,0,2,2000,TEX@PIT,PIT,TEX,,,,,,C/1B/UTIL
118134-182167,1B,Matt,Matt Mervis,Mervis,6.523809523809524,42,2000,ATL@MIA,MIA,ATL,,,,,,C/1B/UTIL
118134-202657,1B,Tyler,Tyler Locklear,Locklear,5.006249904632568,16,2000,SEA@CHC,SEA,CHC,,,,,,C/1B/UTIL
118134-102309,OF,Michael,Michael Siani,Siani,1.6210525914242393,19,2000,CIN@STL,STL,CIN,,,,,,OF/UTIL
118134-102339,C,Diego,Diego Cartaya,Cartaya,0,2,2000,MIL@MIN,MIN,MIL,,,,,,C/1B/UTIL
118134-171986,3B,Matthew,Matthew Batten,Batten,4.5,2,2000,ATL@MIA,ATL,MIA,,,,,,3B/UTIL
118134-102359,C,Will,Will Banfield,Banfield,,0,2000,CIN@STL,CIN,STL,,,,,,C/1B/UTIL
118134-102358,SS,Jose,Jose Devers,Devers,1.2399999618530273,5,2000,ATL@MIA,ATL,MIA,,,,,,SS/UTIL
118134-102374,C,Anthony,Anthony Seigler,Seigler,,0,2000,MIL@MIN,MIL,MIN,,,,,,C/1B/UTIL