Id,Position,First Name,Nickname,Last Name,FPPG,Played,Salary,Game,Team,Opponent,Injury Indicator,Injury Details,Tier,Probable Pitcher,Batting Order,Roster Position
120486-12477,P,Chris,Chris Sale,Sale,40.22222222222222,18,10700,HOU@ATL,ATL,HOU,,,,,,P
120486-82550,P,Hunter,Hunter Greene,Greene,37.75,16,10700,CIN@ATH,CIN,ATH,,,,Yes,,P
120486-187194,P,Bryan,Bryan Woo,Woo,37.42857142857143,28,10600,LAA@SEA,SEA,LAA,,,,Yes,,P
120486-198625,P,Yoshinobu,Yoshinobu Yamamoto,Yamamoto,37.285714285714285,28,10600,LAD@SF,LAD,SF,,,,,,P
120486-52183,P,Tyler,Tyler Glasnow,Glasnow,30.533333333333335,15,10300,LAD@SF,LAD,SF,,,,,,P
120486-146687,P,Hunter,Hunter Brown,Brown,38.892857142857146,28,10300,HOU@ATL,HOU,ATL,,,,Yes,,P
120486-102396,P,Logan,Logan Gilbert,Gilbert,33.5,22,10200,LAA@SEA,SEA,LAA,,,,,,P
120486-79951,P,Nick,Nick Pivetta,Pivetta,36.172413793103445,29,10000,COL@SD,SD,COL,,,,,,P
120486-119414,P,George,George Kirby,Kirby,28.35,20,10000,LAA@SEA,SEA,LAA,,,,,,P
120486-83190,P,Freddy,Freddy Peralta,Peralta,34.766666666666666,30,9900,STL@MIL,MIL,STL,,,,,,P
120486-185606,P,Gavin,Gavin Stone,Stone,28.4,25,9900,LAD@SF,LAD,SF,IL,Shoulder,,,,P
120486-198915,P,Luis,Luis Morales,Morales,27.285714285714285,7,9800,CIN@ATH,ATH,CIN,,,,,,P
120486-101839,P,Logan,Logan Webb,Webb,37.63333333333333,30,9800,LAD@SF,SF,LAD,,,,Yes,,P
120486-85599,P,Framber,Framber Valdez,Valdez,35.32142857142857,28,9800,HOU@ATL,HOU,ATL,,,,,,P
120486-198872,P,Hurston,Hurston Waldrep,Waldrep,32,8,9700,HOU@ATL,ATL,HOU,,,,,,P
120486-164503,P,Spencer,Spencer Schwellenbach,Schwellenbach,37.411764705882355,17,9600,HOU@ATL,ATL,HOU,IL,Elbow,,,,P
120486-82604,P,Corbin,Corbin Burnes,Burnes,33.72727272727273,11,9600,ARI@MIN,ARI,MIN,IL,Elbow,,,,P
120486-79091,P,Dylan,Dylan Cease,Cease,30.03448275862069,29,9600,COL@SD,SD,COL,,,,Yes,,P
120486-119430,P,Joe,Joe Ryan,Ryan,34.57142857142857,28,9400,ARI@MIN,MIN,ARI,,,,Yes,,P
120486-193326,P,Jacob,Jacob Lopez,Lopez,26.714285714285715,21,9400,CIN@ATH,ATH,CIN,IL,Elbow,,,,P
120486-83152,P,Pablo,Pablo Lopez,Lopez,31.615384615384617,13,9400,ARI@MIN,MIN,ARI,,,,,,P
120486-53029,P,Robbie,Robbie Ray,Ray,32.9,30,9400,LAD@SF,SF,LAD,,,,,,P
120486-219653,P,Logan,Logan Henderson,Henderson,36.4,5,9300,STL@MIL,MIL,STL,IL,Elbow,,,,P
120486-119329,P,Nick,Nick Lodolo,Lodolo,30.8,25,9200,CIN@ATH,CIN,ATH,,,,,,P
120486-80582,P,Brandon,Brandon Woodruff,Woodruff,35.90909090909091,11,9200,STL@MIL,MIL,STL,,,,,,P
120486-68491,P,Reynaldo,Reynaldo Lopez,Lopez,9,1,9200,HOU@ATL,ATL,HOU,IL,Shoulder,,,,P
120486-165512,P,Andrew,Andrew Abbott,Abbott,31.53846153846154,26,9200,CIN@ATH,CIN,ATH,,,,,,P
120486-117232,P,Michael,Michael King,King,30.083333333333332,12,9100,COL@SD,SD,COL,,,,,,P
120486-68488,P,Blake,Blake Snell,Snell,33.44444444444444,9,9100,LAD@SF,LAD,SF,,,,,,P
120486-102344,P,Brady,Brady Singer,Singer,29.310344827586206,29,9100,CIN@ATH,CIN,ATH,,,,,,P
120486-209173,P,Zebby,Zebby Matthews,Matthews,26.214285714285715,14,9000,ARI@MIN,MIN,ARI,,,,,,P
120486-17064,P,Sonny,Sonny Gray,Gray,31.413793103448278,29,8900,STL@MIL,STL,MIL,,,,Yes,,P
120486-197981,P,Jacob,Jacob Misiorowski,Misiorowski,30.25,12,8900,STL@MIL,MIL,STL,,,,Yes,,P
120486-187967,P,Emmet,Emmet Sheehan,Sheehan,30.333333333333332,12,8900,LAD@SF,LAD,SF,,,,,,P
120486-219663,P,Chad,Chad Patrick,Patrick,25.772727272727273,22,8800,STL@MIL,MIL,STL,,,,,,P
120486-222782,P,Chase,Chase Burns,Burns,25.333333333333332,9,8800,CIN@ATH,CIN,ATH,,,,,,P
120486-102345,P,Jose,Jose Soriano,Soriano,28.266666666666666,30,8800,LAA@SEA,LAA,SEA,,,,,,P
120486-85251,P,Zac,Zac Gallen,Gallen,27.7,30,8700,ARI@MIN,ARI,MIN,,,,,,P
120486-135361,P,Nabil,Nabil Crismatt,Crismatt,23,5,8600,ARI@MIN,ARI,MIN,,,,,,P
120486-164509,P,AJ,AJ Smith-Shawver,Smith-Shawver,25.333333333333332,9,8600,HOU@ATL,ATL,HOU,IL,Elbow,,,,P
120486-164521,P,Brandon,Brandon Walter,Walter,31.88888888888889,9,8600,HOU@ATL,HOU,ATL,IL,Elbow,,,,P
120486-79162,P,Luis,Luis Castillo,Castillo,28.566666666666666,30,8600,LAA@SEA,SEA,LAA,,,,,,P
120486-168872,P,Ronel,Ronel Blanco,Blanco,28.555555555555557,9,8500,HOU@ATL,HOU,ATL,IL,Elbow,,,,P
120486-5427,P,Clayton,Clayton Kershaw,Kershaw,25.263157894736842,19,8500,LAD@SF,LAD,SF,,,,Yes,,P
120486-119409,P,Quinn,Quinn Priester,Priester,27.74074074074074,27,8400,STL@MIL,MIL,STL,,,,,,P
120486-164497,P,Ryne,Ryne Nelson,Nelson,22.8,31,8400,ARI@MIN,ARI,MIN,,,,Yes,,P
120486-199728,P,Landen,Landen Roupp,Roupp,25.545454545454547,22,8400,LAD@SF,SF,LAD,IL,Knee,,,,P
120486-79207,P,Grant,Grant Holmes,Holmes,28.227272727272727,22,8400,HOU@ATL,ATL,HOU,IL,Elbow,,,,P
120486-222787,P,Roki,Roki Sasaki,Sasaki,16.375,8,8400,LAD@SF,LAD,SF,IL,Shoulder,,,,P
120486-165636,P,Hayden,Hayden Wesneski,Wesneski,24.833333333333332,6,8300,HOU@ATL,HOU,ATL,IL,Elbow,,,,P
120486-5202,P,Justin,Justin Verlander,Verlander,25.03846153846154,26,8200,LAD@SF,SF,LAD,,,,,,P
120486-135212,P,Luis,Luis Garcia,Garcia,22.5,2,8100,HOU@ATL,HOU,ATL,IL,Elbow,,,,P
120486-228077,P,Jack,Jack Perkins,Perkins,16.25,12,8100,CIN@ATH,ATH,CIN,IL,Shoulder,,,,P
120486-102343,P,Tony,Tony Gonsolin,Gonsolin,26.285714285714285,7,8100,LAD@SF,LAD,SF,IL,Elbow,,,,P
120486-198879,P,Rhett,Rhett Lowder,Lowder,27,6,8000,CIN@ATH,CIN,ATH,IL,Oblique,,,,P
120486-203676,P,David,David Festa,Festa,22.272727272727273,11,8000,ARI@MIN,MIN,ARI,IL,Shoulder,,,,P
120486-68523,P,Joe,Joe Musgrove,Musgrove,28.45,20,8000,COL@SD,SD,COL,IL,Elbow,,,,P
120486-60644,P,Luis,Luis Severino,Severino,24.03846153846154,26,8000,CIN@ATH,ATH,CIN,,,,Yes,,P
120486-21099,P,Jose,Jose Quintana,Quintana,25.08695652173913,23,7900,STL@MIL,MIL,STL,,,,,,P
120486-102001,P,Yusei,Yusei Kikuchi,Kikuchi,27.516129032258064,31,7900,LAA@SEA,LAA,SEA,,,,,,P
120486-162445,P,Spencer,Spencer Strider,Strider,27.8,20,7800,HOU@ATL,ATL,HOU,,,,,,P
120486-145612,P,Bailey,Bailey Ober,Ober,22.583333333333332,24,7700,ARI@MIN,MIN,ARI,,,,,,P
120486-16931,P,Yu,Yu Darvish,Darvish,21.583333333333332,12,7700,COL@SD,SD,COL,,,,,,P
120486-52142,P,Eduardo,Eduardo Rodriguez,Rodriguez,25.153846153846153,26,7700,ARI@MIN,ARI,MIN,,,,,,P
120486-83166,P,Zack,Zack Littell,Littell,26.896551724137932,29,7700,CIN@ATH,CIN,ATH,,,,,,P
120486-204505,P,Justin,Justin Wrobleski,Wrobleski,17.5,18,7700,LAD@SF,LAD,SF,,,,,,P
120486-135650,P,Landon,Landon Knack,Knack,20.11111111111111,9,7600,LAD@SF,LAD,SF,,,,,,P
120486-146664,P,Bryce,Bryce Elder,Elder,23.64,25,7600,HOU@ATL,ATL,HOU,,,,Yes,,P
120486-146705,P,J.T.,J.T. Ginn,Ginn,19.714285714285715,21,7600,CIN@ATH,ATH,CIN,DTD,Calf,,,,P
120486-85476,P,Jeffrey,Jeffrey Springs,Springs,25.366666666666667,30,7600,CIN@ATH,ATH,CIN,,,,,,P
120486-165715,P,Gunnar,Gunnar Hoglund,Hoglund,17.833333333333332,6,7600,CIN@ATH,ATH,CIN,IL,Hip,,,,P
120486-135229,P,Reid,Reid Detmers,Detmers,6.389830508474576,61,7500,LAA@SEA,LAA,SEA,IL,Elbow,,,,P
120486-52159,P,Lance,Lance McCullers Jr.,McCullers Jr.,16.571428571428573,15,7500,HOU@ATL,HOU,ATL,IL,Hand,,,,P
120486-226322,P,Logan,Logan Evans,Evans,21.6,15,7500,LAA@SEA,SEA,LAA,IL,Elbow,,,,P
120486-118202,P,Kyle,Kyle Hart,Hart,10.538461538461538,13,7500,COL@SD,SD,COL,,,,,,P
120486-102408,P,Matthew,Matthew Liberatore,Liberatore,23.333333333333332,27,7400,STL@MIL,STL,MIL,,,,,,P
120486-102528,P,Simeon,Simeon Woods Richardson,Woods Richardson,21.55,20,7400,ARI@MIN,MIN,ARI,,,,,,P
120486-187769,P,Osvaldo,Osvaldo Bido,Bido,11.347826086956522,23,7400,CIN@ATH,ATH,CIN,,,,,,P
120486-102335,P,Cristian,Cristian Javier,Javier,20.833333333333332,6,7400,HOU@ATL,HOU,ATL,,,,,,P
120486-198885,P,Spencer,Spencer Arrighetti,Arrighetti,21.428571428571427,7,7300,HOU@ATL,HOU,ATL,IL,Elbow,,,,P
120486-225880,P,Nathan,Nathan Wiles,Wiles,-3,1,7300,HOU@ATL,ATL,HOU,,,,,,P
120486-79079,P,Joey,Joey Wentz,Wentz,10.25,36,7300,HOU@ATL,ATL,HOU,,,,,,P
120486-165698,P,Taj,Taj Bradley,Bradley,24.32,25,7300,ARI@MIN,MIN,ARI,,,,,,P
120486-17121,P,Miles,Miles Mikolas,Mikolas,19.071428571428573,28,7200,STL@MIL,STL,MIL,,,,,,P
120486-232673,P,Mitch,Mitch Farris,Farris,27.5,2,7200,LAA@SEA,LAA,SEA,,,,Yes,,P
120486-185701,P,Brandon,Brandon Pfaadt,Pfaadt,24.413793103448278,30,7200,ARI@MIN,ARI,MIN,,,,,,P
120486-165689,P,Bryce,Bryce Miller,Miller,20.4,15,7200,LAA@SEA,SEA,LAA,,,,,,P
120486-135268,P,Emerson,Emerson Hancock,Hancock,16.42105263157895,19,7100,LAA@SEA,SEA,LAA,,,,,,P
120486-170527,P,Jason,Jason Alexander,Alexander,21.066666666666666,15,7100,HOU@ATL,HOU,ATL,,,,,,P
120486-197914,P,Nick,Nick Frasso,Frasso,0,2,7100,LAD@SF,LAD,SF,,,,,,P
120486-146717,P,Mick,Mick Abel,Abel,12.5,9,7100,ARI@MIN,MIN,ARI,,,,,,P
120486-38246,P,Tyler,Tyler Anderson,Anderson,21.153846153846153,26,7100,LAA@SEA,LAA,SEA,IL,Oblique,,,,P
120486-202608,P,Carlos,Carlos Rodriguez,Rodriguez,8.666666666666666,3,7100,STL@MIL,MIL,STL,,,,,,P
120486-102572,P,Tobias,Tobias Myers,Myers,10,18,7000,STL@MIL,MIL,STL,,,,,,P
120486-82775,P,Nestor,Nestor Cortes,Cortes,17.25,8,7000,COL@SD,SD,COL,IL,Biceps,,,,P
120486-68517,P,Antonio,Antonio Senzatela,Senzatela,12.11111111111111,27,7000,COL@SD,COL,SD,,,,,,P
120486-168950,P,Andre,Andre Pallante,Pallante,19.75862068965517,29,7000,STL@MIL,STL,MIL,,,,,,P
120486-161465,P,Ryan,Ryan Feltner,Feltner,21,6,7000,COL@SD,COL,SD,IL,Undisclosed,,,,P
120486-165638,P,Randy,Randy Vasquez,Vasquez,19.68,25,7000,COL@SD,SD,COL,,,,,,P
120486-165694,P,Michael,Michael McGreevy,McGreevy,22.714285714285715,14,7000,STL@MIL,STL,MIL,,,,,,P
120486-79853,P,Jordan,Jordan Montgomery,Montgomery,17.16,25,7000,STL@MIL,MIL,STL,IL,Elbow,,,,P
120486-211069,P,Sam,Sam Aldegheri,Aldegheri,5,2,6900,LAA@SEA,LAA,SEA,,,,,,P
120486-53590,P,Nick,Nick Martinez,Martinez,18.885714285714286,35,6900,CIN@ATH,CIN,ATH,,,,,,P
120486-219662,P,Colton,Colton Gordon,Gordon,18.41176470588235,17,6900,HOU@ATL,HOU,ATL,,,,,,P
120486-170891,P,Davis,Davis Daniel,Daniel,13,3,6900,HOU@ATL,ATL,HOU,,,,,,P
120486-163685,P,JP,JP Sears,Sears,22.26923076923077,26,6900,COL@SD,SD,COL,,,,,,P
120486-188485,P,Matt,Matt Waldron,Waldron,11,1,6800,COL@SD,SD,COL,,,,,,P
120486-198938,P,Carson,Carson Whisenhunt,Whisenhunt,18.2,5,6800,LAD@SF,SF,LAD,IL,Back,,,,P
120486-60637,P,Sean,Sean Newcomb,Newcomb,10.106382978723405,47,6800,CIN@ATH,ATH,CIN,,,,,,P
120486-79078,P,Ian,Ian Anderson,Anderson,2.2857142857142856,7,6800,HOU@ATL,ATL,HOU,,,,,,P
120486-197899,P,Kai-Wei,Kai-Wei Teng,Teng,17.833333333333332,6,6800,LAD@SF,SF,LAD,,,,,,P
120486-198891,P,Caden,Caden Dana,Dana,17.75,4,6700,LAA@SEA,LAA,SEA,,,,,,P
120486-228058,P,Didier,Didier Fuentes,Fuentes,3.75,4,6700,HOU@ATL,ATL,HOU,IL,Undisclosed,,,,P
120486-60632,P,Kyle,Kyle Freeland,Freeland,22.333333333333332,28,6700,COL@SD,COL,SD,,,,,,P
120486-156976,P,Darren,Darren McCaughan,McCaughan,10.333333333333334,3,6700,ARI@MIN,MIN,ARI,,,,,,P
120486-226810,P,Blade,Blade Tidwell,Tidwell,9,4,6700,LAD@SF,SF,LAD,IL,Shoulder,,,,P
120486-204632,P,Tanner,Tanner Gordon,Gordon,22.153846153846153,13,6700,COL@SD,COL,SD,,,,,,P
120486-119302,P,Blake,Blake Walston,Walston,12.571428571428571,7,6600,ARI@MIN,ARI,MIN,IL,Elbow,,,,P
120486-82537,P,DL,DL Hall,Hall,8.31578947368421,19,6600,STL@MIL,MIL,STL,IL,Oblique,,,,P
120486-203678,P,Hayden,Hayden Birdsong,Birdsong,16.2,21,6600,LAD@SF,SF,LAD,,,,,,P
120486-102515,P,Aaron,Aaron Ashby,Ashby,9.08108108108108,37,6500,STL@MIL,MIL,STL,,,,,,P
120486-53398,P,Kyle,Kyle Hendricks,Hendricks,20.964285714285715,28,6500,LAA@SEA,LAA,SEA,,,,,,P
120486-102574,P,Jake,Jake Woodford,Woodford,4.85,21,6500,ARI@MIN,ARI,MIN,,,,,,P
120486-198886,P,Chase,Chase Dollander,Dollander,16.904761904761905,21,6500,COL@SD,COL,SD,O,Knee,,,,P
120486-135648,P,Bobby,Bobby Miller,Miller,7.5,2,6500,LAD@SF,LAD,SF,,,,,,P
120486-209846,P,Ben,Ben Casparius,Casparius,8.177777777777777,46,6500,LAD@SF,LAD,SF,,,,,,P
120486-52167,P,Andrew,Andrew Heaney,Heaney,17.5,26,6500,LAD@SF,LAD,SF,,,,,,P
120486-60627,P,Touki,Touki Toussaint,Toussaint,9,1,6500,LAA@SEA,LAA,SEA,,,,,,P
120486-208114,P,Connor,Connor Gillispie,Gillispie,12,6,6500,ARI@MIN,MIN,ARI,IL,Undisclosed,,,,P
120486-181805,P,J.P.,J.P. France,France,15.8,6,6500,HOU@ATL,HOU,ATL,,,,,,P
120486-194242,P,Carson,Carson Spiers,Spiers,16.666666666666668,3,6500,CIN@ATH,CIN,ATH,IL,Elbow,,,,P
120486-198353,P,Mitch,Mitch Spence,Spence,10.620689655172415,29,6500,CIN@ATH,ATH,CIN,,,,,,P
120486-165634,P,Ken,Ken Waldichuk,Waldichuk,0,1,6500,CIN@ATH,ATH,CIN,,,,,,P
120486-165665,P,Robert,Robert Gasser,Gasser,25.6,5,6500,STL@MIL,MIL,STL,,,,,,P
120486-190370,P,Jackson,Jackson Wolf,Wolf,0,1,6500,COL@SD,SD,COL,,,,,,P
120486-102456,P,Jhonathan,Jhonathan Diaz,Diaz,7,1,6400,LAA@SEA,SEA,LAA,,,,,,P
120486-170174,P,Chase,Chase Silseth,Silseth,6,5,6400,LAA@SEA,LAA,SEA,,,,,,P
120486-219703,P,Travis,Travis Adams,Adams,8.25,12,6400,ARI@MIN,MIN,ARI,,,,,,P
120486-119355,P,Jack,Jack Kochanowicz,Kochanowicz,14.391304347826088,23,6400,LAA@SEA,LAA,SEA,,,,,,P
120486-181794,P,Hogan,Hogan Harris,Harris,6.904761904761905,42,6400,CIN@ATH,ATH,CIN,,,,,,P
120486-165508,P,Graham,Graham Ashcraft,Ashcraft,6,53,6400,CIN@ATH,CIN,ATH,,,,,,P
120486-165618,P,Chase,Chase Petty,Petty,0,3,6400,CIN@ATH,CIN,ATH,,,,,,P
120486-52998,P,Aaron,Aaron Brooks,Brooks,15.8,5,6400,CIN@ATH,ATH,CIN,,,,,,P
120486-135245,P,Tommy,Tommy Henry,Henry,17.5,2,6300,ARI@MIN,ARI,MIN,IL,Elbow,,,,P
120486-53607,P,Anthony,Anthony DeSclafani,DeSclafani,12.75,12,6300,ARI@MIN,ARI,MIN,,,,,,P
120486-68564,P,Erick,Erick Fedde,Fedde,15.321428571428571,28,6300,STL@MIL,MIL,STL,,,,,,P
120486-232593,P,McCade,McCade Brown,Brown,6.5,4,6300,COL@SD,COL,SD,,,,,,P
120486-79254,P,Dakota,Dakota Hudson,Hudson,14.38888888888889,18,6300,LAA@SEA,LAA,SEA,,,,,,P
120486-6266,P,Carlos,Carlos Carrasco,Carrasco,13.363636363636363,11,6200,HOU@ATL,ATL,HOU,,,,,,P
120486-53608,P,Jose,Jose Urena,Urena,10.6,15,6200,LAA@SEA,LAA,SEA,,,,,,P
120486-119416,P,Brandon,Brandon Williamson,Williamson,15.25,4,6200,CIN@ATH,CIN,ATH,IL,Elbow,,,,P
120486-82636,P,Joey,Joey Lucchesi,Lucchesi,4.515151515151516,33,6200,LAD@SF,SF,LAD,,,,,,P
120486-199459,P,Nick,Nick Nastrini,Nastrini,11.666666666666666,9,6200,LAD@SF,LAD,SF,,,,,,P
120486-232608,P,Mason,Mason Barnett,Barnett,15.666666666666666,3,6200,CIN@ATH,ATH,CIN,,,,,,P
120486-181660,P,Jhony,Jhony Brito,Brito,6.3076923076923075,26,6200,COL@SD,SD,COL,IL,Forearm,,,,P
120486-181823,P,Keaton,Keaton Winn,Winn,6.6,5,6200,LAD@SF,SF,LAD,,,,,,P
120486-181833,P,Darius,Darius Vines,Vines,7.25,4,6200,HOU@ATL,ATL,HOU,IL,Undisclosed,,,,P
120486-204512,P,Yilber,Yilber Diaz,Diaz,3,1,6200,ARI@MIN,ARI,MIN,,,,,,P
120486-104584,P,Zach,Zach Plesac,Plesac,9.333333333333334,3,6100,STL@MIL,STL,MIL,,,,,,P
120486-73880,P,German,German Marquez,Marquez,16.08695652173913,24,6100,COL@SD,COL,SD,,,,,,P
120486-12972,P,Wade,Wade Miley,Miley,12,3,6100,CIN@ATH,CIN,ATH,IL,Forearm,,,,P
120486-79103,P,Dane,Dane Dunning,Dunning,7.4,11,6100,HOU@ATL,ATL,HOU,,,,,,P
120486-226881,P,Carson,Carson Palmquist,Palmquist,9.11111111111111,9,6100,COL@SD,COL,SD,,,,,,P
120486-163692,P,Jose,Jose Butto,Butto,6.16,50,6100,LAD@SF,SF,LAD,,,,,,P
120486-102446,P,Tristan,Tristan Beck,Beck,6.84,25,6000,LAD@SF,SF,LAD,,,,,,P
120486-231537,P,Pierson,Pierson Ohl,Ohl,8.625,8,6000,ARI@MIN,MIN,ARI,,,,,,P
120486-219706,P,Carson,Carson Seymour,Seymour,8.307692307692308,13,6000,LAD@SF,SF,LAD,,,,,,P
120486-12939,P,Casey,Casey Kelly,Kelly,2.5,2,6000,ARI@MIN,ARI,MIN,,,,,,P
120486-68505,P,Carson,Carson Fulmer,Fulmer,8.384615384615385,13,6000,LAA@SEA,LAA,SEA,IL,Elbow,,,,P
120486-209958,P,Julian,Julian Aguiar,Aguiar,15.142857142857142,7,6000,CIN@ATH,CIN,ATH,IL,Elbow,,,,P
120486-197871,P,Bradley,Bradley Blalock,Blalock,7.454545454545454,11,6000,COL@SD,COL,SD,,,,Yes,,P
120486-101804,P,Huascar,Huascar Ynoa,Ynoa,0,2,6000,ARI@MIN,MIN,ARI,,,,,,P
120486-163515,P,Elvin,Elvin Rodriguez,Rodriguez,7.571428571428571,7,6000,ARI@MIN,ARI,MIN,,,,,,P
120486-102342,P,Michael,Michael Grove,Grove,6.325,40,6000,LAD@SF,LAD,SF,IL,Shoulder,,,,P
120486-135231,P,Jared,Jared Shuster,Shuster,3.4166666666666665,12,5900,CIN@ATH,ATH,CIN,,,,,,P
120486-178306,P,Bryan,Bryan Hoeing,Hoeing,5.142857142857143,7,5900,COL@SD,SD,COL,,,,,,P
120486-199224,P,Mason,Mason Black,Black,18,1,5900,LAD@SF,SF,LAD,,,,,,P
120486-119391,P,Roansy,Roansy Contreras,Contreras,7,3,5900,COL@SD,COL,SD,,,,,,P
120486-164504,P,Joey,Joey Estes,Estes,5,3,5900,CIN@ATH,ATH,CIN,IL,Back,,,,P
120486-197907,P,Brady,Brady Basso,Basso,8.5,4,5900,CIN@ATH,ATH,CIN,,,,,,P
120486-146728,P,Connor,Connor Phillips,Phillips,7.071428571428571,14,5900,CIN@ATH,CIN,ATH,,,,,,P
120486-161167,P,Glenn,Glenn Otto,Otto,0,1,5900,HOU@ATL,HOU,ATL,IL,Shoulder,,,,P
120486-177584,P,Xzavion,Xzavion Curry,Curry,2,3,5900,COL@SD,COL,SD,,,,,,P
120486-181832,P,Roddery,Roddery Munoz,Munoz,5,9,5900,STL@MIL,STL,MIL,,,,,,P
120486-181845,P,Drew,Drew Rom,Rom,0,2,5900,STL@MIL,STL,MIL,IL,Undisclosed,,,,P
120486-163675,P,Noah,Noah Davis,Davis,1.5,9,5900,ARI@MIN,MIN,ARI,,,,,,P
120486-189299,P,Victor,Victor Mederos,Mederos,10.2,5,5800,LAA@SEA,LAA,SEA,IL,Shoulder,,,,P
120486-198354,P,Anthony,Anthony Molina,Molina,5.428571428571429,14,5800,COL@SD,COL,SD,,,,,,P
120486-102487,P,Austin,Austin Cox,Cox,5.153846153846154,13,5700,HOU@ATL,ATL,HOU,,,,,,P
120486-119423,P,Zack,Zack Thompson,Thompson,11.4,7,5700,STL@MIL,STL,MIL,IL,Lat,,,,P
120486-164511,P,Dylan,Dylan Dodd,Dodd,5.391304347826087,23,5700,HOU@ATL,ATL,HOU,,,,,,P
120486-213867,P,Blas,Blas Castano,Castano,3,1,5700,LAA@SEA,SEA,LAA,,,,,,P
120486-101838,P,JT,JT Brubaker,Brubaker,5.428571428571429,14,5700,LAD@SF,SF,LAD,,,,,,P
120486-102462,P,Lyon,Lyon Richardson,Richardson,4.5625,34,5600,CIN@ATH,CIN,ATH,,,,,,P
120486-195151,P,Anthony,Anthony Veneziano,Veneziano,4.269230769230769,26,5600,STL@MIL,STL,MIL,,,,,,P
120486-82539,P,Jalen,Jalen Beeks,Beeks,4.553571428571429,56,5600,ARI@MIN,ARI,MIN,,,,,,P
120486-79873,P,Dylan,Dylan Covey,Covey,0,2,5500,HOU@ATL,ATL,HOU,,,,,,P
120486-102405,P,Sean,Sean Hjelle,Hjelle,3.75,12,5500,LAD@SF,SF,LAD,,,,,,P
120486-135191,P,Josh,Josh Fleming,Fleming,4.541666666666667,25,5500,LAA@SEA,SEA,LAA,,,,,,P
120486-79895,P,Miguel,Miguel Diaz,Diaz,3,1,5500,LAD@SF,SF,LAD,,,,,,P
120486-135192,P,Ryan,Ryan Thompson,Thompson,4.097560975609756,41,5500,ARI@MIN,ARI,MIN,,,,,,P
120486-190516,P,Daysbel,Daysbel Hernandez,Hernandez,5.052631578947368,39,5500,HOU@ATL,ATL,HOU,IL,Shoulder,,,,P
120486-135226,P,Wes,Wes Benjamin,Benjamin,,0,5500,COL@SD,SD,COL,,,,,,P
120486-172092,P,Garrett,Garrett Hill,Hill,0,1,5500,LAA@SEA,SEA,LAA,,,,,,P
120486-102469,P,Ben,Ben Bowden,Bowden,3.4545454545454546,11,5500,CIN@ATH,ATH,CIN,IL,Lat,,,,P
120486-135237,P,Nick,Nick Mears,Mears,4.431034482758621,59,5500,STL@MIL,MIL,STL,IL,Back,,,,P
120486-102479,P,Lincoln,Lincoln Henzman,Henzman,,0,5500,CIN@ATH,ATH,CIN,,,,,,P
120486-149587,P,Jay,Jay Flaa,Flaa,,0,5500,HOU@ATL,ATL,HOU,,,,,,P
120486-135249,P,Bryce,Bryce Jarvis,Jarvis,8,11,5500,ARI@MIN,ARI,MIN,,,,,,P
120486-135253,P,Alex,Alex Vesia,Vesia,5.754098360655738,61,5500,LAD@SF,LAD,SF,,,,,,P
120486-135256,P,Connor,Connor Brogdon,Brogdon,4.8108108108108105,38,5500,LAA@SEA,LAA,SEA,,,,,,P
120486-135262,P,Anthony,Anthony Misiewicz,Misiewicz,4.333333333333333,4,5500,ARI@MIN,MIN,ARI,IL,Pectoral,,,,P
120486-102503,P,John,John Rooney,Rooney,7,1,5500,HOU@ATL,HOU,ATL,IL,Elbow,,,,P
120486-161907,P,Dylan,Dylan Lee,Lee,4.926470588235294,68,5500,HOU@ATL,ATL,HOU,,,,,,P
120486-102523,P,Deivi,Deivi Garcia,Garcia,4.285714285714286,14,5500,CIN@ATH,CIN,ATH,,,,,,P
120486-116868,P,Gabe,Gabe Speier,Speier,5.3088235294117645,69,5500,LAA@SEA,SEA,LAA,,,,,,P
120486-135303,P,Jordan,Jordan Weems,Weems,-2,4,5500,HOU@ATL,HOU,ATL,,,,,,P
120486-231563,P,Dugan,Dugan Darnell,Darnell,4.555555555555555,9,5500,COL@SD,COL,SD,IL,Hip,,,,P
120486-135304,P,Tyler,Tyler Baum,Baum,,0,5500,CIN@ATH,ATH,CIN,,,,,,P
120486-73866,P,Wandy,Wandy Peralta,Peralta,5.045454545454546,66,5500,COL@SD,SD,COL,,,,,,P
120486-102543,P,Connor,Connor Seabold,Seabold,8.666666666666666,6,5500,HOU@ATL,ATL,HOU,,,,,,P
120486-102542,P,Travis,Travis MacGregor,MacGregor,,0,5500,STL@MIL,MIL,STL,,,,,,P
120486-135312,P,Kyle,Kyle Nelson,Nelson,3,3,5500,ARI@MIN,ARI,MIN,,,,,,P
120486-102549,P,Andres,Andres Munoz,Munoz,6.52542372881356,59,5500,LAA@SEA,SEA,LAA,,,,,,P
120486-102558,P,Gregory,Gregory Santos,Santos,1.875,8,5500,LAA@SEA,SEA,LAA,IL,Knee,,,,P
120486-80033,P,Emilio,Emilio Pagan,Pagan,5.596774193548387,62,5500,CIN@ATH,CIN,ATH,,,,,,P
120486-12452,P,Kenley,Kenley Jansen,Jansen,5.315789473684211,59,5500,LAA@SEA,LAA,SEA,,,,,,P
120486-102570,P,Sandy,Sandy Gaston,Gaston,,0,5500,LAA@SEA,LAA,SEA,,,,,,P
120486-145591,P,Eduard,Eduard Bazardo,Bazardo,6.149253731343284,67,5500,LAA@SEA,SEA,LAA,,,,,,P
120486-102582,P,Nick,Nick Raquet,Raquet,4.5,2,5500,STL@MIL,STL,MIL,,,,,,P
120486-145593,P,Carlos,Carlos Vargas,Vargas,4.859375,64,5500,LAA@SEA,SEA,LAA,,,,,,P
120486-135358,P,Dylan,Dylan File,File,,0,5500,LAA@SEA,SEA,LAA,,,,,,P
120486-194770,P,Nick,Nick Hernandez,Hernandez,5.833333333333333,6,5500,HOU@ATL,HOU,ATL,,,,,,P
120486-145620,P,Helcris,Helcris Olivarez,Olivarez,,0,5500,LAD@SF,SF,LAD,,,,,,P
120486-145627,P,Lucas,Lucas Gilbreath,Gilbreath,6,1,5500,COL@SD,COL,SD,,,,,,P
120486-209116,P,Troy,Troy Taylor,Taylor,-0.14285714285714285,8,5500,LAA@SEA,SEA,LAA,,,,,,P
120486-194816,P,Kyle,Kyle Hurt,Hurt,8.666666666666666,5,5500,LAD@SF,LAD,SF,IL,Elbow,,,,P
120486-225559,P,Juan,Juan Morillo,Morillo,3.864864864864865,38,5500,ARI@MIN,ARI,MIN,,,,,,P
120486-65817,P,Scott,Scott McGough,McGough,4.333333333333333,10,5500,CIN@ATH,ATH,CIN,,,,,,P
120486-198936,P,Tekoah,Tekoah Roby,Roby,,0,5500,STL@MIL,STL,MIL,IL,Elbow,,,,P
120486-180540,P,Easton,Easton McGee,McGee,6.222222222222222,9,5500,STL@MIL,MIL,STL,,,,,,P
120486-203074,P,Spencer,Spencer Bivens,Bivens,6.48936170212766,47,5500,LAD@SF,SF,LAD,,,,,,P
120486-211265,P,Seth,Seth Halvorsen,Halvorsen,4.175,42,5500,COL@SD,COL,SD,IL,Elbow,,,,P
120486-135525,P,Adam,Adam Seminaris,Seminaris,,0,5500,LAA@SEA,SEA,LAA,,,,,,P
120486-153961,P,Tayler,Tayler Saucedo,Saucedo,4.3,10,5500,LAA@SEA,SEA,LAA,,,,,,P
120486-57717,P,Buck,Buck Farmer,Farmer,6.049180327868853,61,5500,CIN@ATH,CIN,ATH,,,,,,P
120486-225671,P,Zach,Zach Agnos,Agnos,2.75,28,5500,COL@SD,COL,SD,IL,Elbow,,,,P
120486-61858,P,Raisel,Raisel Iglesias,Iglesias,5.174603174603175,63,5500,HOU@ATL,ATL,HOU,,,,,,P
120486-219568,P,Rolddy,Rolddy Munoz,Munoz,3.6666666666666665,3,5500,HOU@ATL,ATL,HOU,,,,,,P
120486-158134,P,Stephen,Stephen Ridings,Ridings,,0,5500,LAD@SF,LAD,SF,,,,,,P
120486-188863,P,Randy,Randy Wynne,Wynne,15,1,5500,CIN@ATH,CIN,ATH,,,,,,P
120486-225748,P,Craig,Craig Yoho,Yoho,3.25,8,5500,STL@MIL,MIL,STL,,,,,,P
120486-80346,P,Giovanny,Giovanny Gallegos,Gallegos,4.842105263157895,21,5500,LAD@SF,LAD,SF,IL,Undisclosed,,,,P
120486-84452,P,Caleb,Caleb Ferguson,Ferguson,4.17741935483871,63,5500,LAA@SEA,SEA,LAA,,,,,,P
120486-119299,P,Drey,Drey Jameson,Jameson,2,3,5500,ARI@MIN,ARI,MIN,IL,Elbow,,,,P
120486-219658,P,Jack,Jack Dashwood,Dashwood,,0,5500,LAA@SEA,LAA,SEA,,,,,,P
120486-170514,P,Jose,Jose Cuas,Cuas,4.833333333333333,13,5500,HOU@ATL,ATL,HOU,,,,,,P
120486-219665,P,Matt,Matt Svanson,Svanson,9.363636363636363,33,5500,STL@MIL,STL,MIL,,,,,,P
120486-162328,P,Reiver,Reiver Sanmartin,Sanmartin,11,1,5500,CIN@ATH,CIN,ATH,,,,,,P
120486-119328,P,Packy,Packy Naughton,Naughton,0,2,5500,STL@MIL,STL,MIL,IL,Elbow,,,,P
120486-119336,P,Karl,Karl Kauffmann,Kauffmann,0,1,5500,COL@SD,COL,SD,,,,,,P
120486-119339,P,Tyler,Tyler Ivey,Ivey,,0,5500,HOU@ATL,HOU,ATL,,,,,,P
120486-219702,P,Marco,Marco Raya,Raya,,0,5500,ARI@MIN,MIN,ARI,,,,,,P
120486-219700,P,Luis,Luis Mey,Mey,4.956521739130435,23,5500,CIN@ATH,CIN,ATH,,,,,,P
120486-119359,P,Ethan,Ethan Small,Small,0,2,5500,LAD@SF,SF,LAD,,,,,,P
120486-119358,P,Antoine,Antoine Kelly,Kelly,0,1,5500,COL@SD,COL,SD,,,,,,P
120486-119367,P,Matt,Matt Canterino,Canterino,0,1,5500,ARI@MIN,MIN,ARI,IL,Shoulder,,,,P
120486-219723,P,Omar,Omar Cruz,Cruz,10,2,5500,COL@SD,SD,COL,,,,,,P
120486-139851,P,Justin,Justin Topa,Topa,4.722222222222222,54,5500,ARI@MIN,MIN,ARI,IL,Oblique,,,,P
120486-219722,P,Jack,Jack Dreyer,Dreyer,6.066666666666666,60,5500,LAD@SF,LAD,SF,,,,,,P
120486-219726,P,Joe,Joe Elbis,Elbis,,0,5500,ARI@MIN,ARI,MIN,O,Undisclosed,,,,P
120486-219725,P,Henry,Henry Baez,Baez,,0,5500,CIN@ATH,ATH,CIN,,,,,,P
120486-119392,P,Josh,Josh Wolf,Wolf,,0,5500,LAD@SF,SF,LAD,,,,,,P
120486-119397,P,TJ,TJ Sikkema,Sikkema,,0,5500,CIN@ATH,CIN,ATH,,,,,,P
120486-21096,P,Erasmo,Erasmo Ramirez,Ramirez,4.333333333333333,9,5500,ARI@MIN,MIN,ARI,,,,,,P
120486-119403,P,Erik,Erik Miller,Miller,4.714285714285714,36,5500,LAD@SF,SF,LAD,IL,Elbow,,,,P
120486-119406,P,Cody,Cody Bolton,Bolton,0,1,5500,HOU@ATL,HOU,ATL,,,,,,P
120486-162419,P,Matt,Matt Brash,Brash,5.604166666666667,48,5500,LAA@SEA,SEA,LAA,,,,,,P
120486-82547,P,Thomas,Thomas Hatch,Hatch,9.666666666666666,9,5500,ARI@MIN,MIN,ARI,,,,,,P
120486-156272,P,Reiss,Reiss Knehr,Knehr,0,1,5500,COL@SD,SD,COL,,,,,,P
120486-180848,P,Angel,Angel Felipe,Felipe,0,2,5500,LAA@SEA,LAA,SEA,,,,,,P
120486-135798,P,Garrett,Garrett Stallings,Stallings,,0,5500,STL@MIL,MIL,STL,,,,,,P
120486-82552,P,Tony,Tony Santillan,Santillan,4.943661971830986,72,5500,CIN@ATH,CIN,ATH,,,,,,P
120486-119435,P,Riley,Riley O'Brien,O'Brien,6.911764705882353,34,5500,STL@MIL,STL,MIL,,,,,,P
120486-12943,P,Shelby,Shelby Miller,Miller,6,48,5500,STL@MIL,MIL,STL,IL,Elbow,,,,P
120486-203415,P,Bryan,Bryan King,King,5.854838709677419,62,5500,HOU@ATL,HOU,ATL,,,,,,P
120486-170647,P,Jared,Jared Koenig,Koenig,4.954545454545454,66,5500,STL@MIL,MIL,STL,,,,,,P
120486-82584,P,JB,JB Bukauskas,Bukauskas,5.5,6,5500,STL@MIL,MIL,STL,IL,Lat,,,,P
120486-119451,P,Matt,Matt Cronin,Cronin,,0,5500,LAA@SEA,SEA,LAA,IL,Undisclosed,,,,P
120486-164510,P,Victor,Victor Vodnik,Vodnik,5.434782608695652,47,5500,COL@SD,COL,SD,,,,,,P
120486-203420,P,Austin,Austin Kitchen,Kitchen,0,4,5500,LAA@SEA,SEA,LAA,,,,,,P
120486-17065,P,Blake,Blake Treinen,Treinen,5.625,25,5500,LAD@SF,LAD,SF,,,,,,P
120486-84651,P,Austin,Austin Davis,Davis,2.5714285714285716,7,5500,COL@SD,SD,COL,,,,,,P
120486-82627,P,JoJo,JoJo Romero,Romero,5.169491525423729,59,5500,STL@MIL,STL,MIL,,,,,,P
120486-170699,P,Matt,Matt Gage,Gage,4.888888888888889,27,5500,LAD@SF,SF,LAD,,,,,,P
120486-187110,P,Ben,Ben Joyce,Joyce,2.6,5,5500,LAA@SEA,LAA,SEA,IL,Shoulder,,,,P
120486-228076,P,Paul,Paul Gervase,Gervase,6.166666666666667,6,5500,LAD@SF,LAD,SF,,,,,,P
120486-187121,P,Grant,Grant Anderson,Anderson,5.88135593220339,59,5500,STL@MIL,MIL,STL,,,,,,P
120486-201456,P,Chris,Chris Roycroft,Roycroft,3.823529411764706,17,5500,STL@MIL,STL,MIL,,,,,,P
120486-84731,P,Evan,Evan Phillips,Phillips,5,7,5500,LAD@SF,LAD,SF,IL,Elbow,,,,P
120486-13055,P,Anthony,Anthony Gose,Gose,3.3333333333333335,3,5500,ARI@MIN,ARI,MIN,,,,,,P
120486-201506,P,Tyler,Tyler Ferguson,Ferguson,4.54,50,5500,CIN@ATH,ATH,CIN,,,,,,P
120486-199461,P,Luis,Luis Contreras,Contreras,5.333333333333333,9,5500,HOU@ATL,HOU,ATL,,,,,,P
120486-135976,P,Bennett,Bennett Sousa,Sousa,7.232558139534884,44,5500,HOU@ATL,HOU,ATL,IL,Elbow,,,,P
120486-199465,P,Juan,Juan Sanchez,Sanchez,,0,5500,LAD@SF,SF,LAD,,,,,,P
120486-70482,P,J.B.,J.B. Wendelken,Wendelken,,0,5500,COL@SD,SD,COL,,,,,,P
120486-213851,P,Domingo,Domingo Gonzalez,Gonzalez,,0,5500,LAA@SEA,SEA,LAA,,,,,,P
120486-228189,P,Juan,Juan Burgos,Burgos,4.6923076923076925,13,5500,ARI@MIN,ARI,MIN,,,,,,P
120486-183133,P,Curtis,Curtis Taylor,Taylor,,0,5500,STL@MIL,STL,MIL,,,,,,P
120486-68466,P,Steven,Steven Okert,Okert,6.049180327868853,61,5500,HOU@ATL,HOU,ATL,,,,,,P
120486-68469,P,Adam,Adam Plutko,Plutko,,0,5500,CIN@ATH,CIN,ATH,,,,,,P
120486-203642,P,Raymond,Raymond Burgos,Burgos,3,1,5500,LAD@SF,SF,LAD,,,,,,P
120486-68474,P,Josh,Josh Hader,Hader,8.041666666666666,48,5500,HOU@ATL,HOU,ATL,IL,Shoulder,,,,P
120486-80791,P,Alan,Alan Busenitz,Busenitz,1,3,5500,CIN@ATH,CIN,ATH,,,,,,P
120486-68515,P,Sam,Sam Moll,Moll,3.8260869565217392,23,5500,CIN@ATH,CIN,ATH,,,,,,P
120486-68520,P,Michael,Michael Fulmer,Fulmer,5.666666666666667,3,5500,LAA@SEA,SEA,LAA,,,,,,P
120486-52148,P,Pierce,Pierce Johnson,Johnson,5.103448275862069,58,5500,HOU@ATL,ATL,HOU,,,,,,P
120486-52152,P,Robert,Robert Stephenson,Stephenson,5,10,5500,LAA@SEA,LAA,SEA,,,,,,P
120486-179129,P,Jeremiah,Jeremiah Estrada,Estrada,6.463768115942029,70,5500,COL@SD,SD,COL,,,,,,P
120486-68551,P,Tyler,Tyler Beede,Beede,4.846153846153846,13,5500,ARI@MIN,MIN,ARI,,,,,,P
120486-232399,P,Joel,Joel Peguero,Peguero,9.444444444444445,9,5500,LAD@SF,SF,LAD,,,,,,P
120486-156631,P,Charlie,Charlie Barnes,Barnes,,0,5500,CIN@ATH,CIN,ATH,,,,,,P
120486-52192,P,Luke,Luke Jackson,Jackson,4.2727272727272725,47,5500,LAA@SEA,SEA,LAA,,,,,,P
120486-82921,P,Zack,Zack Weiss,Weiss,0,1,5500,STL@MIL,STL,MIL,,,,,,P
120486-68584,P,Tyler,Tyler Jay,Jay,5.8,5,5500,STL@MIL,MIL,STL,,,,,,P
120486-70634,P,Daniel,Daniel Mengden,Mengden,,0,5500,ARI@MIN,ARI,MIN,,,,,,P
120486-82922,P,Tyler,Tyler Kinley,Kinley,5.121212121212121,66,5500,HOU@ATL,ATL,HOU,,,,,,P
120486-82935,P,Trevor,Trevor Richards,Richards,4.25,5,5500,ARI@MIN,ARI,MIN,,,,,,P
120486-226310,P,Jose,Jose Fermin,Fermin,4.9411764705882355,35,5500,LAA@SEA,LAA,SEA,,,,,,P
120486-171020,P,Michael,Michael Kelly,Kelly,4.852941176470588,34,5500,CIN@ATH,ATH,CIN,,,,,,P
120486-189470,P,Kyle,Kyle Leahy,Leahy,7.290909090909091,56,5500,STL@MIL,STL,MIL,,,,,,P
120486-82999,P,Scott,Scott Barlow,Barlow,5.101449275362318,70,5500,CIN@ATH,CIN,ATH,,,,,,P
120486-212025,P,Zach,Zach Penrod,Penrod,3,7,5500,LAD@SF,LAD,SF,,,,,,P
120486-169030,P,Zach,Zach Jackson,Jackson,,0,5500,CIN@ATH,ATH,CIN,,,,,,P
120486-11333,P,Craig,Craig Kimbrel,Kimbrel,5.666666666666667,9,5500,HOU@ATL,HOU,ATL,,,,,,P
120486-203863,P,Gordon,Gordon Graceffo,Graceffo,7.636363636363637,22,5500,STL@MIL,STL,MIL,,,,,,P
120486-189529,P,Alek,Alek Jacob,Jacob,4.068965517241379,29,5500,COL@SD,SD,COL,,,,,,P
120486-226411,P,David,David Morgan,Morgan,6.486486486486487,38,5500,COL@SD,SD,COL,IL,Shoulder,,,,P
120486-85108,P,Enyel,Enyel De Los Santos,De Los Santos,5.425925925925926,57,5500,HOU@ATL,HOU,ATL,,,,,,P
120486-187521,P,Joe,Joe Jacques,Jacques,3,2,5500,LAA@SEA,SEA,LAA,,,,,,P
120486-232576,P,Zach,Zach Maxwell,Maxwell,9,6,5500,CIN@ATH,CIN,ATH,,,,,,P
120486-21653,P,Hector,Hector Neris,Neris,4.46875,35,5500,HOU@ATL,HOU,ATL,,,,,,P
120486-38043,P,Enny,Enny Romero,Romero,,0,5500,LAD@SF,SF,LAD,,,,,,P
120486-152734,P,Zach,Zach Thompson,Thompson,10,2,5500,HOU@ATL,ATL,HOU,,,,,,P
120486-195748,P,Kelvin,Kelvin Caceres,Caceres,0,2,5500,LAA@SEA,LAA,SEA,,,,,,P
120486-140459,P,John,John King,King,3.159090909090909,44,5500,STL@MIL,STL,MIL,,,,,,P
120486-232618,P,Taylor,Taylor Rashi,Rashi,8.75,4,5500,ARI@MIN,ARI,MIN,,,,,,P
120486-83145,P,Jose,Jose Castillo,Castillo,5.173913043478261,24,5500,LAA@SEA,SEA,LAA,,,,,,P
120486-21707,P,Michael,Michael Mariot,Mariot,,0,5500,LAA@SEA,SEA,LAA,,,,,,P
120486-83149,P,Jesus,Jesus Liranzo,Liranzo,,0,5500,STL@MIL,MIL,STL,,,,,,P
120486-206028,P,River,River Ryan,Ryan,28,4,5500,LAD@SF,LAD,SF,IL,Elbow,,,,P
120486-83154,P,Miguel,Miguel Del Pozo,Del Pozo,,0,5500,LAD@SF,SF,LAD,,,,,,P
120486-83159,P,Diego,Diego Castillo,Castillo,5.571428571428571,7,5500,COL@SD,COL,SD,,,,,,P
120486-38106,P,Kirby,Kirby Yates,Yates,5.2727272727272725,46,5500,LAD@SF,LAD,SF,,,,,,P
120486-79067,P,Alex,Alex Young,Young,4.529411764705882,17,5500,CIN@ATH,CIN,ATH,IL,Elbow,,,,P
120486-79066,P,Anthony,Anthony Banda,Banda,4.723076923076923,65,5500,LAD@SF,LAD,SF,,,,,,P
120486-83170,P,Thomas,Thomas Pannone,Pannone,,0,5500,STL@MIL,MIL,STL,IL,Forearm,,,,P
120486-79084,P,Tanner,Tanner Scott,Scott,4.403846153846154,54,5500,LAD@SF,LAD,SF,,,,,,P
120486-83184,P,Julian,Julian Merryweather,Merryweather,3.0952380952380953,21,5500,STL@MIL,MIL,STL,,,,,,P
120486-197879,P,Juan,Juan Mejia,Mejia,5.979166666666667,48,5500,COL@SD,COL,SD,,,,,,P
120486-146679,P,Chris,Chris McMahon,McMahon,,0,5500,COL@SD,COL,SD,IL,Undisclosed,,,,P
120486-197877,P,Cristian,Cristian Mena,Mena,15.666666666666666,3,5500,ARI@MIN,ARI,MIN,IL,Shoulder,,,,P
120486-197880,P,Angel,Angel Chivilli,Chivilli,4.205128205128205,39,5500,COL@SD,COL,SD,,,,,,P
120486-146688,P,Alex,Alex Santos II,Santos II,,0,5500,HOU@ATL,HOU,ATL,,,,,,P
120486-85255,P,Shaun,Shaun Anderson,Anderson,4.857142857142857,7,5500,LAA@SEA,LAA,SEA,,,,,,P
120486-197897,P,Trevor,Trevor McDonald,McDonald,12,1,5500,LAD@SF,SF,LAD,,,,,,P
120486-197896,P,Will,Will Klein,Klein,7.1,10,5500,LAD@SF,LAD,SF,,,,,,P
120486-146702,P,Cole,Cole Sands,Sands,4.854838709677419,62,5500,ARI@MIN,MIN,ARI,,,,,,P
120486-85263,P,CD,CD Pelham,Pelham,,0,5500,CIN@ATH,ATH,CIN,,,,,,P
120486-197906,P,Royber,Royber Salinas,Salinas,0,1,5500,HOU@ATL,ATL,HOU,,,,,,P
120486-70933,P,Brock,Brock Stewart,Stewart,5.209302325581396,43,5500,LAD@SF,LAD,SF,IL,Shoulder,,,,P
120486-79124,P,Joe,Joe Jimenez,Jimenez,5.855072463768116,70,5500,HOU@ATL,ATL,HOU,IL,Knee,,,,P
120486-79129,P,Kyle,Kyle Funkhouser,Funkhouser,,0,5500,LAD@SF,LAD,SF,,,,,,P
120486-232728,P,Hayden,Hayden Harris,Harris,1.6666666666666667,3,5500,HOU@ATL,ATL,HOU,,,,,,P
120486-197916,P,Anthony,Anthony Maldonado,Maldonado,2.5,6,5500,CIN@ATH,ATH,CIN,,,,,,P
120486-179490,P,Cole,Cole Waites,Waites,,0,5500,LAD@SF,SF,LAD,IL,Undisclosed,,,,P
120486-83232,P,Jason,Jason Adam,Adam,6.338461538461538,65,5500,COL@SD,SD,COL,IL,Quadriceps,,,,P
120486-146721,P,Jeff,Jeff Criswell,Criswell,9.846153846153847,13,5500,COL@SD,COL,SD,IL,Elbow,,,,P
120486-85286,P,Ian,Ian Gibaut,Gibaut,3.28,25,5500,CIN@ATH,CIN,ATH,IL,Shoulder,,,,P
120486-85289,P,Nick,Nick Anderson,Anderson,3.6666666666666665,12,5500,LAA@SEA,SEA,LAA,,,,,,P
120486-85288,P,Brusdar,Brusdar Graterol,Graterol,4.4,10,5500,LAD@SF,LAD,SF,IL,Shoulder,,,,P
120486-232744,P,Jayden,Jayden Murray,Murray,7.333333333333333,3,5500,HOU@ATL,HOU,ATL,,,,,,P
120486-146734,P,Tink,Tink Hence,Hence,,0,5500,STL@MIL,STL,MIL,IL,Undisclosed,,,,P
120486-38189,P,Michael,Michael Tonkin,Tonkin,5.176470588235294,17,5500,ARI@MIN,MIN,ARI,,,,,,P
120486-146732,P,Nick,Nick Swiney,Swiney,,0,5500,HOU@ATL,HOU,ATL,,,,,,P
120486-79150,P,Josh,Josh Staumont,Staumont,4.12,25,5500,CIN@ATH,CIN,ATH,IL,Undisclosed,,,,P
120486-193844,P,Evan,Evan Justice,Justice,4,1,5500,COL@SD,COL,SD,,,,,,P
120486-185662,P,Sammy,Sammy Peralta,Peralta,7,2,5500,LAA@SEA,LAA,SEA,,,,,,P
120486-228678,P,Sam,Sam Benschoter,Benschoter,,0,5500,CIN@ATH,CIN,ATH,,,,,,P
120486-228682,P,Eduarniel,Eduarniel Nunez,Nunez,4.7,10,5500,CIN@ATH,ATH,CIN,,,,,,P
120486-226643,P,AJ,AJ Blubaugh,Blubaugh,17.625,8,5500,HOU@ATL,HOU,ATL,,,,,,P
120486-197975,P,Cooper,Cooper Hjerpe,Hjerpe,,0,5500,STL@MIL,STL,MIL,IL,Elbow,,,,P
120486-204119,P,Jacob,Jacob Bosiokovic,Bosiokovic,,0,5500,ARI@MIN,MIN,ARI,,,,,,P
120486-118106,P,Victor,Victor Gonzalez,Gonzalez,3.1481481481481484,27,5500,LAA@SEA,LAA,SEA,,,,,,P
120486-79196,P,Albert,Albert Abreu,Abreu,,0,5500,CIN@ATH,CIN,ATH,,,,,,P
120486-232804,P,Cody,Cody Laweryson,Laweryson,,0,5500,ARI@MIN,MIN,ARI,,,,,,P
120486-79209,P,A.J.,A.J. Puk,Puk,6.375,8,5500,ARI@MIN,ARI,MIN,IL,Elbow,,,,P
120486-38251,P,Hunter,Hunter Strickland,Strickland,4.7368421052631575,19,5500,LAA@SEA,LAA,SEA,IL,Shoulder,,,,P
120486-118122,P,Angel,Angel Perdomo,Perdomo,2.5,4,5500,CIN@ATH,ATH,CIN,IL,Undisclosed,,,,P
120486-193897,P,Kody,Kody Funderburk,Funderburk,4.806451612903226,31,5500,ARI@MIN,MIN,ARI,,,,,,P
120486-79227,P,Adrian,Adrian Morejon,Morejon,6.242424242424242,68,5500,COL@SD,SD,COL,,,,,,P
120486-38303,P,Andrew,Andrew Chafin,Chafin,4.7,42,5500,LAA@SEA,LAA,SEA,IL,Triceps,,,,P
120486-79265,P,Alex,Alex Speas,Speas,9,2,5500,ARI@MIN,MIN,ARI,,,,,,P
120486-181664,P,Sean,Sean Reynolds,Reynolds,5.684210526315789,19,5500,COL@SD,SD,COL,,,,,,P
120486-118180,P,Tucker,Tucker Davidson,Davidson,23,1,5500,STL@MIL,MIL,STL,,,,,,P
120486-101801,P,Joel,Joel Payamps,Payamps,2.44,25,5500,STL@MIL,MIL,STL,,,,,,P
120486-118185,P,Matt,Matt Foster,Foster,4.333333333333333,6,5500,ARI@MIN,ARI,MIN,,,,,,P
120486-118184,P,Enoli,Enoli Paredes,Paredes,5.944444444444445,18,5500,HOU@ATL,ATL,HOU,,,,,,P
120486-79275,P,Sean,Sean Reid-Foley,Reid-Foley,5.826086956521739,23,5500,ARI@MIN,ARI,MIN,,,,,,P
120486-118195,P,Tejay,Tejay Antone,Antone,4.5,6,5500,CIN@ATH,CIN,ATH,,,,,,P
120486-101815,P,Jimmy,Jimmy Herget,Herget,7.226415094339623,53,5500,COL@SD,COL,SD,,,,,,P
120486-101816,P,Bryan,Bryan Abreu,Abreu,7.265625,65,5500,HOU@ATL,HOU,ATL,,,,,,P
120486-101819,P,Jose,Jose Suarez,Suarez,12.333333333333334,3,5500,HOU@ATL,ATL,HOU,,,,,,P
120486-40382,P,Luis,Luis Garcia,Garcia,4.709090909090909,55,5500,LAA@SEA,LAA,SEA,,,,,,P
120486-101825,P,Jose,Jose Quijada,Quijada,6.5,2,5500,LAA@SEA,LAA,SEA,,,,,,P
120486-118208,P,Brooks,Brooks Kriske,Kriske,3.9375,16,5500,ARI@MIN,MIN,ARI,,,,,,P
120486-101826,P,Jordan,Jordan Holloway,Holloway,,0,5500,LAA@SEA,LAA,SEA,,,,,,P
120486-200143,P,Josh,Josh Maciejewski,Maciejewski,9,4,5500,STL@MIL,MIL,STL,,,,,,P
120486-101845,P,Genesis,Genesis Cabrera,Cabrera,3.5588235294117645,34,5500,ARI@MIN,MIN,ARI,,,,,,P
120486-101851,P,Brock,Brock Burke,Burke,4.484848484848484,66,5500,LAA@SEA,LAA,SEA,,,,,,P
120486-101855,P,Trent,Trent Thornton,Thornton,5.121212121212121,33,5500,LAA@SEA,SEA,LAA,IL,Achilles,,,,P
120486-95757,P,Andrew,Andrew Vasquez,Vasquez,,0,5500,LAA@SEA,LAA,SEA,,,,,,P
120486-138767,P,Jesus,Jesus Cruz,Cruz,,0,5500,LAA@SEA,LAA,SEA,,,,,,P
120486-101905,P,Sam,Sam McWilliams,McWilliams,,0,5500,STL@MIL,MIL,STL,,,,,,P
120486-210448,P,Luis,Luis Peralta,Peralta,2,20,5500,COL@SD,COL,SD,IL,Hip,,,,P
120486-71190,P,Jose,Jose Leclerc,Leclerc,3.3,10,5500,CIN@ATH,ATH,CIN,IL,Lat,,,,P
120486-181791,P,Connor,Connor Thomas,Thomas,-2.5,2,5500,STL@MIL,MIL,STL,IL,Elbow,,,,P
120486-79390,P,Michael,Michael Kopech,Kopech,4.818181818181818,11,5500,LAD@SF,LAD,SF,,,,,,P
120486-210475,P,Ryan,Ryan Zeferjahn,Zeferjahn,5.672413793103448,59,5500,LAA@SEA,LAA,SEA,IL,Knee,,,,P
120486-181816,P,Casey,Casey Legumina,Legumina,5.159090909090909,45,5500,LAA@SEA,SEA,LAA,,,,,,P
120486-222786,P,Raul,Raul Alcantara,Alcantara,,0,5500,STL@MIL,MIL,STL,,,,,,P
120486-185926,P,Ryan,Ryan Walker,Walker,4.819672131147541,62,5500,LAD@SF,SF,LAD,,,,,,P
120486-181831,P,Yosver,Yosver Zulueta,Zulueta,4.857142857142857,7,5500,CIN@ATH,CIN,ATH,,,,,,P
120486-222790,P,Jose,Jose Rodriguez,Rodriguez,,0,5500,LAD@SF,LAD,SF,,,,,,P
120486-222789,P,Jackson,Jackson Ferris,Ferris,,0,5500,LAD@SF,LAD,SF,,,,,,P
120486-226884,P,Christian,Christian Montes De Oca,Montes De Oca,14,1,5500,ARI@MIN,ARI,MIN,IL,Back,,,,P
120486-181838,P,Abner,Abner Uribe,Uribe,6.147058823529412,68,5500,STL@MIL,MIL,STL,,,,,,P
120486-181836,P,Justin,Justin Martinez,Martinez,6.0625,17,5500,ARI@MIN,ARI,MIN,IL,Elbow,,,,P
120486-73301,P,Brent,Brent Suter,Suter,5.531914893617022,47,5500,CIN@ATH,CIN,ATH,,,,,,P
120486-81507,P,Aaron,Aaron Bummer,Bummer,6.309523809523809,42,5500,HOU@ATL,ATL,HOU,IL,Shoulder,,,,P
120486-226925,P,Andrew,Andrew Hoffmann,Hoffmann,5.1,10,5500,ARI@MIN,ARI,MIN,IL,Elbow,,,,P
120486-222834,P,Quinn,Quinn Mathews,Mathews,,0,5500,STL@MIL,STL,MIL,,,,,,P
120486-226929,P,Bradgley,Bradgley Rodriguez,Rodriguez,8,1,5500,COL@SD,SD,COL,,,,,,P
120486-222843,P,Jurrangelo,Jurrangelo Cijntje,Cijntje,,0,5500,LAA@SEA,SEA,LAA,,,,,,P
120486-118397,P,Trevor,Trevor Megill,Megill,6.3125,49,5500,STL@MIL,MIL,STL,IL,Elbow,,,,P
120486-210559,P,Brady,Brady Feigl,Feigl,-13,1,5500,ARI@MIN,MIN,ARI,,,,,,P
120486-222859,P,Cam,Cam Caminiti,Caminiti,,0,5500,HOU@ATL,ATL,HOU,,,,,,P
120486-110219,P,Sean,Sean Poppen,Poppen,,0,5500,LAA@SEA,LAA,SEA,,,,,,P
120486-73362,P,Rob,Rob Zastryzny,Zastryzny,5.571428571428571,21,5500,STL@MIL,MIL,STL,,,,,,P
120486-220822,P,Elvis,Elvis Alvarado,Alvarado,6.290322580645161,31,5500,CIN@ATH,ATH,CIN,,,,,,P
120486-52887,P,Tyler,Tyler Matzek,Matzek,4.428571428571429,7,5500,STL@MIL,STL,MIL,IL,Undisclosed,,,,P
120486-165531,P,Sam,Sam Weatherly,Weatherly,,0,5500,COL@SD,COL,SD,,,,,,P
120486-165529,P,Jaden,Jaden Hill,Hill,5.75,21,5500,COL@SD,COL,SD,,,,,,P
120486-226968,P,Kyle,Kyle Backhus,Backhus,3.2903225806451615,31,5500,ARI@MIN,ARI,MIN,,,,,,P
120486-165534,P,Norge,Norge Vera,Vera,,0,5500,CIN@ATH,ATH,CIN,,,,,,P
120486-202402,P,Justin,Justin Sterner,Sterner,6.018867924528302,54,5500,CIN@ATH,ATH,CIN,,,,,,P
120486-222881,P,Ryan,Ryan Johnson,Johnson,4.769230769230769,14,5500,LAA@SEA,LAA,SEA,,,,,,P
120486-220838,P,Garrett,Garrett McDaniels,McDaniels,2.9,10,5500,LAD@SF,LAD,SF,,,,,,P
120486-226980,P,Andre,Andre Granillo,Granillo,6.428571428571429,14,5500,STL@MIL,STL,MIL,,,,,,P
120486-220841,P,Anderson,Anderson Pilar,Pilar,,0,5500,HOU@ATL,ATL,HOU,,,,,,P
120486-114356,P,Kevin,Kevin Ginkel,Ginkel,3.689655172413793,29,5500,ARI@MIN,ARI,MIN,IL,Shoulder,,,,P
120486-14006,P,Brian,Brian Moran,Moran,,0,5500,HOU@ATL,ATL,HOU,,,,,,P
120486-165570,P,Ben,Ben Hernandez,Hernandez,,0,5500,LAA@SEA,SEA,LAA,,,,,,P
120486-165577,P,Sam,Sam Bachman,Bachman,4.470588235294118,19,5500,LAA@SEA,LAA,SEA,,,,,,P
120486-81614,P,Thyago,Thyago Vieira,Vieira,6.111111111111111,28,5500,ARI@MIN,ARI,MIN,O,Elbow,,,,P
120486-165586,P,Mason,Mason Albright,Albright,,0,5500,COL@SD,COL,SD,,,,,,P
120486-222930,P,Logan,Logan VanWey,VanWey,3.888888888888889,9,5500,HOU@ATL,HOU,ATL,,,,,,P
120486-165584,P,Alejandro,Alejandro Hidalgo,Hidalgo,,0,5500,ARI@MIN,MIN,ARI,,,,,,P
120486-198357,P,Ryan,Ryan Fernandez,Fernandez,2.9583333333333335,25,5500,STL@MIL,STL,MIL,,,,,,P
120486-165594,P,Carlos,Carlos Duran,Duran,-8,1,5500,CIN@ATH,ATH,CIN,,,,,,P
120486-165595,P,Maddux,Maddux Bruns,Bruns,,0,5500,LAD@SF,LAD,SF,,,,,,P
120486-229084,P,Brandyn,Brandyn Garcia,Garcia,3.857142857142857,7,5500,ARI@MIN,ARI,MIN,,,,,,P
120486-14049,P,Bryan,Bryan Shaw,Shaw,2.4,5,5500,LAA@SEA,SEA,LAA,,,,,,P
120486-141024,P,Bruce,Bruce Zimmermann,Zimmermann,0,1,5500,STL@MIL,MIL,STL,,,,,,P
120486-181985,P,Guillo,Guillo Zuniga,Zuniga,4.214285714285714,15,5500,LAA@SEA,SEA,LAA,,,,,,P
120486-212709,P,Edgardo,Edgardo Henriquez,Henriquez,3.933333333333333,15,5500,LAD@SF,LAD,SF,,,,,,P
120486-81641,P,John,John Curtiss,Curtiss,5.291666666666667,24,5500,ARI@MIN,ARI,MIN,,,,,,P
120486-181992,P,Jose,Jose Hernandez,Hernandez,4,8,5500,LAD@SF,LAD,SF,,,,,,P
120486-165621,P,Russell,Russell Smith,Smith,,0,5500,STL@MIL,MIL,STL,IL,Undisclosed,,,,P
120486-165642,P,Mason,Mason Miller,Miller,7.148148148148148,54,5500,COL@SD,SD,COL,,,,,,P
120486-161545,P,Kaleb,Kaleb Ort,Ort,4.530612244897959,49,5500,HOU@ATL,HOU,ATL,IL,Elbow,,,,P
120486-165650,P,Grant,Grant Holman,Holman,5,22,5500,CIN@ATH,ATH,CIN,IL,Finger,,,,P
120486-194323,P,Hunter,Hunter Stratton,Stratton,3.7777777777777777,9,5500,HOU@ATL,ATL,HOU,,,,,,P
120486-194320,P,Andrew,Andrew Saalfrank,Saalfrank,5.04,25,5500,ARI@MIN,ARI,MIN,,,,,,P
120486-165649,P,Colin,Colin Peluse,Peluse,,0,5500,CIN@ATH,ATH,CIN,,,,,,P
120486-165671,P,Victor,Victor Lizarraga,Lizarraga,,0,5500,COL@SD,SD,COL,,,,,,P
120486-182062,P,Gus,Gus Varland,Varland,5.230769230769231,26,5500,ARI@MIN,ARI,MIN,IL,Undisclosed,,,,P
120486-165682,P,Michael,Michael Morales,Morales,,0,5500,LAA@SEA,SEA,LAA,,,,,,P
120486-53043,P,Jesse,Jesse Hahn,Hahn,5,3,5500,LAA@SEA,SEA,LAA,,,,,,P
120486-165687,P,Will,Will Bednar,Bednar,,0,5500,LAD@SF,SF,LAD,,,,,,P
120486-165684,P,Matt,Matt Mikulski,Mikulski,,0,5500,ARI@MIN,MIN,ARI,,,,,,P
120486-165691,P,Manuel,Manuel Mercedes,Mercedes,,0,5500,LAD@SF,SF,LAD,,,,,,P
120486-163641,P,Ray,Ray Kerr,Kerr,11.2,10,5500,HOU@ATL,ATL,HOU,IL,Elbow,,,,P
120486-165695,P,Edwin,Edwin Nunez,Nunez,,0,5500,STL@MIL,STL,MIL,,,,,,P
120486-165696,P,Ian,Ian Bedell,Bedell,,0,5500,STL@MIL,STL,MIL,,,,,,P
120486-163654,P,Alexis,Alexis Diaz,Diaz,2.9411764705882355,17,5500,HOU@ATL,ATL,HOU,,,,,,P
120486-163655,P,Daniel,Daniel Duarte,Duarte,12,3,5500,ARI@MIN,MIN,ARI,IL,Elbow,,,,P
120486-163658,P,Randy,Randy Rodriguez,Rodriguez,6.82,50,5500,LAD@SF,SF,LAD,IL,Elbow,,,,P
120486-165716,P,Sem,Sem Robberse,Robberse,0,2,5500,STL@MIL,STL,MIL,IL,Elbow,,,,P
120486-108380,P,Tayler,Tayler Scott,Scott,3.6666666666666665,24,5500,HOU@ATL,HOU,ATL,,,,,,P
120486-163687,P,Ron,Ron Marinaccio,Marinaccio,10,5,5500,COL@SD,SD,COL,,,,,,P
120486-163688,P,Collin,Collin Snider,Snider,4.791666666666667,24,5500,LAA@SEA,SEA,LAA,,,,,,P
120486-163697,P,Hagen,Hagen Danner,Danner,0,1,5500,LAA@SEA,SEA,LAA,,,,,,P
120486-163702,P,Logan,Logan Gillaspie,Gillaspie,9,3,5500,COL@SD,SD,COL,,,,,,P
120486-102314,P,Lenny,Lenny Torres,Torres,,0,5500,CIN@ATH,CIN,ATH,,,,,,P
120486-102318,P,Ryan,Ryan Rolison,Rolison,3.5555555555555554,27,5500,COL@SD,COL,SD,,,,,,P
120486-102332,P,Jackson,Jackson Kowar,Kowar,5.6,15,5500,LAA@SEA,SEA,LAA,IL,Shoulder,,,,P
120486-163782,P,Robert,Robert Suarez,Suarez,5.46875,64,5500,COL@SD,SD,COL,,,,,,P
120486-102355,P,Jorge,Jorge Alcala,Alcala,4.28,52,5500,STL@MIL,STL,MIL,,,,,,P
120486-198619,P,Yuki,Yuki Matsui,Matsui,5.018518518518518,56,5500,COL@SD,SD,COL,,,,,,P
120486-198618,P,Coleman,Coleman Crow,Crow,,0,5500,STL@MIL,MIL,STL,IL,Elbow,,,,P
120486-202726,P,Michel,Michel Otanez,Otanez,2,6,5500,CIN@ATH,ATH,CIN,,,,,,P
120486-102375,P,Luis,Luis Medina,Medina,20.375,8,5500,CIN@ATH,ATH,CIN,IL,Elbow,,,,P
120486-210936,P,Evan,Evan Kravetz,Kravetz,2,1,5500,CIN@ATH,CIN,ATH,,,,,,P
120486-102399,P,Sam,Sam Carlson,Carlson,,0,5500,LAD@SF,LAD,SF,,,,,,P
120486-82440,OF,Shohei,Shohei Ohtani,Ohtani,15.063888549804688,144,4700,LAD@SF,LAD,SF,,,,,,OF/UTIL
120486-102554,C,Cal,Cal Raleigh,Raleigh,13.822068628771552,145,4200,LAA@SEA,SEA,LAA,,,,,,C/1B/UTIL
120486-39086,OF,Byron,Byron Buxton,Buxton,13.726785932268415,112,4100,ARI@MIN,MIN,ARI,,,,,,OF/UTIL
120486-119297,OF,Corbin,Corbin Carroll,Carroll,13.58625991471851,131,4100,ARI@MIN,ARI,MIN,,,,,,OF/UTIL
120486-222794,1B,Nick,Nick Kurtz,Kurtz,13.382524508874393,103,4000,CIN@ATH,ATH,CIN,,,,,,C/1B/UTIL
120486-102400,OF,Julio,Julio Rodriguez,Rodriguez,12.064625850340136,147,3900,LAA@SEA,SEA,LAA,,,,,,OF/UTIL
120486-68585,3B/1B,Rafael,Rafael Devers,Devers,12,148,3900,LAD@SF,SF,LAD,,,,,,C/1B/3B/UTIL
120486-79756,OF,Ronald,Ronald Acuna Jr.,Acuna Jr.,11.68125,80,3900,HOU@ATL,ATL,HOU,,,,,,OF/UTIL
120486-82575,OF,Yordan,Yordan Alvarez,Alvarez,9.566666666666666,45,3800,HOU@ATL,HOU,ATL,,,,,,OF/UTIL
120486-13262,OF,Jurickson,Jurickson Profar,Profar,12.586153470552885,65,3800,HOU@ATL,ATL,HOU,,,,,,OF/UTIL
120486-21853,2B,Ketel,Ketel Marte,Marte,12.055752644496682,113,3800,ARI@MIN,ARI,MIN,DTD,Foot,,,,2B/UTIL
120486-165513,SS,Elly,Elly De La Cruz,De La Cruz,11.880272274925595,147,3800,CIN@ATH,CIN,ATH,,,,,,SS/UTIL
120486-102438,SS,Geraldo,Geraldo Perdomo,Perdomo,12.305442342952807,147,3700,ARI@MIN,ARI,MIN,,,,,,SS/UTIL
120486-39151,2B/SS/OF,Mookie,Mookie Betts,Betts,10.347058464499082,136,3700,LAD@SF,LAD,SF,,,,,,2B/SS/OF/UTIL
120486-60655,SS,Willy,Willy Adames,Adames,10.557931202855604,145,3700,LAD@SF,SF,LAD,,,,,,SS/UTIL
120486-119303,C,Shea,Shea Langeliers,Langeliers,11.401785714285714,112,3600,CIN@ATH,ATH,CIN,,,,,,C/1B/UTIL
120486-11334,1B,Freddie,Freddie Freeman,Freeman,10.937593617833647,133,3600,LAD@SF,LAD,SF,,,,,,C/1B/UTIL
120486-79393,OF,Fernando,Fernando Tatis Jr.,Tatis Jr.,11.70763905843099,144,3600,COL@SD,SD,COL,,,,,,OF/UTIL
120486-82612,OF,Brent,Brent Rooker,Rooker,11.058107943148226,148,3500,CIN@ATH,ATH,CIN,,,,,,OF/UTIL
120486-21609,OF,Christian,Christian Yelich,Yelich,11.83308859432445,136,3500,STL@MIL,MIL,STL,,,,,,OF/UTIL
120486-21633,3B,Eugenio,Eugenio Suarez,Suarez,11.704137762661638,145,3500,LAA@SEA,SEA,LAA,,,,,,3B/UTIL
120486-85261,OF,Randy,Randy Arozarena,Arozarena,11.714383896083048,146,3500,LAA@SEA,SEA,LAA,,,,,,OF/UTIL
120486-79223,1B,Josh,Josh Naylor,Naylor,11.117037398726852,135,3500,LAA@SEA,SEA,LAA,,,,,,C/1B/UTIL
120486-13929,3B,Manny,Manny Machado,Machado,10.75743226747255,148,3500,COL@SD,SD,COL,,,,,,3B/UTIL
120486-165611,OF,Jackson,Jackson Chourio,Chourio,12.143590160924145,117,3500,STL@MIL,MIL,STL,,,,,,OF/UTIL
120486-185300,SS,Zach,Zach Neto,Neto,11.643750190734863,128,3400,LAA@SEA,LAA,SEA,DTD,Hand,,,,SS/UTIL
120486-79401,C,Will,Will Smith,Smith,10.702727716619318,110,3400,LAD@SF,LAD,SF,DTD,Hand,,,,C/1B/UTIL
120486-222785,2B,Luke,Luke Keaschall,Keaschall,12.580000305175782,40,3400,ARI@MIN,MIN,ARI,,,,,,2B/UTIL
120486-12933,OF,Mike,Mike Trout,Trout,10.386324368990385,117,3300,LAA@SEA,LAA,SEA,,,,,,OF/UTIL
120486-68544,3B,Matt,Matt Chapman,Chapman,10.73333311917489,114,3300,LAD@SF,SF,LAD,,,,,,3B/UTIL
120486-52175,1B,Matt,Matt Olson,Olson,10.81564642458546,147,3300,HOU@ATL,ATL,HOU,,,,,,C/1B/UTIL
120486-52176,3B,Max,Max Muncy,Muncy,10.878260736880096,92,3300,LAD@SF,LAD,SF,DTD,Forearm,,,,3B/UTIL
120486-73023,OF,Teoscar,Teoscar Hernandez,Hernandez,9.900000201769112,121,3300,LAD@SF,LAD,SF,,,,,,OF/UTIL
120486-102353,2B,Brice,Brice Turang,Turang,11.16690106459067,142,3300,STL@MIL,MIL,STL,,,,,,2B/UTIL
120486-102555,3B/OF,Noelvi,Noelvi Marte,Marte,10.44210494192023,76,3200,CIN@ATH,CIN,ATH,,,,,,3B/OF/UTIL
120486-14562,2B/OF,Jose,Jose Altuve,Altuve,10.044755415482955,143,3200,HOU@ATL,HOU,ATL,,,,,,2B/OF/UTIL
120486-119345,SS,Jeremy,Jeremy Pena,Pena,10.830508474576272,118,3200,HOU@ATL,HOU,ATL,,,,,,SS/UTIL
120486-82574,3B,Isaac,Isaac Paredes,Paredes,10.651063959649269,94,3200,HOU@ATL,HOU,ATL,IL,Hamstring,,,,3B/UTIL
120486-82642,OF,Heliot,Heliot Ramos,Ramos,9.534507214183538,142,3200,LAD@SF,SF,LAD,,,,,,OF/UTIL
120486-79151,OF,Taylor,Taylor Ward,Ward,10.947916666666666,144,3200,LAA@SEA,LAA,SEA,,,,,,OF/UTIL
120486-165527,OF/C/1B,Hunter,Hunter Goodman,Goodman,10.765649227695612,131,3200,COL@SD,COL,SD,,,,,,C/1B/OF/UTIL
120486-81953,OF,Austin,Austin Hays,Hays,10.781052117598684,95,3100,CIN@ATH,CIN,ATH,,,,,,OF/UTIL
120486-135298,1B/OF,Tyler,Tyler Soderstrom,Soderstrom,10.26027397260274,146,3100,CIN@ATH,ATH,CIN,DTD,Groin,,,,C/1B/OF/UTIL
120486-82580,OF,Jo,Jo Adell,Adell,9.988405974014945,138,3100,LAA@SEA,LAA,SEA,DTD,Illness,,,,OF/UTIL
120486-146695,OF,Andy,Andy Pages,Pages,9.818309515294894,142,3100,LAD@SF,LAD,SF,,,,,,OF/UTIL
120486-38218,1B,Christian,Christian Walker,Walker,9.177304964539006,141,3100,HOU@ATL,HOU,ATL,,,,,,C/1B/UTIL
120486-198539,OF,Jung Hoo,Jung Hoo Lee,Lee,9.114493107450182,138,3100,LAD@SF,SF,LAD,,,,,,OF/UTIL
120486-102284,C,William,William Contreras,Contreras,10.308510638297872,141,3100,STL@MIL,MIL,STL,,,,,,C/1B/UTIL
120486-119377,OF,Matt,Matt Wallner,Wallner,9.104040280737058,99,3000,ARI@MIN,MIN,ARI,,,,,,OF/UTIL
120486-119420,C/OF,Ivan,Ivan Herrera,Herrera,10.49032231812836,93,3000,STL@MIL,STL,MIL,,,,,,C/1B/OF/UTIL
120486-82608,3B,Royce,Royce Lewis,Lewis,8.43186799772493,91,3000,ARI@MIN,MIN,ARI,,,,,,3B/UTIL
120486-68587,2B,Ozzie,Ozzie Albies,Albies,8.946258337319303,147,3000,HOU@ATL,ATL,HOU,,,,,,2B/UTIL
120486-83155,OF,Ramon,Ramon Laureano,Laureano,10.476032856082128,121,3000,COL@SD,SD,COL,,,,,,OF/UTIL
120486-21874,2B/3B,Jorge,Jorge Polanco,Polanco,9.606349400111608,126,3000,LAA@SEA,SEA,LAA,,,,,,2B/3B/UTIL
120486-21887,C/1B,Willson,Willson Contreras,Contreras,10.162405831473214,133,3000,STL@MIL,STL,MIL,,,,,,C/1B/UTIL
120486-165605,OF,Sal,Sal Frelick,Frelick,9.685384427584134,130,3000,STL@MIL,MIL,STL,,,,,,OF/UTIL
120486-165666,OF,Jackson,Jackson Merrill,Merrill,9.278431611902574,102,3000,COL@SD,SD,COL,,,,,,OF/UTIL
120486-102296,OF,TJ,TJ Friedl,Friedl,9.736956167912137,138,3000,CIN@ATH,CIN,ATH,,,,,,OF/UTIL
120486-108450,SS/2B/OF/3B,Tommy,Tommy Edman,Edman,8.497727134011008,88,3000,LAD@SF,LAD,SF,,,,,,2B/3B/SS/OF/UTIL
120486-102435,SS/2B/3B/OF,Blaze,Blaze Alexander,Alexander,8.052459216508709,61,2900,ARI@MIN,ARI,MIN,,,,,,2B/3B/SS/OF/UTIL
120486-61553,3B,Yoan,Yoan Moncada,Moncada,9.05066650390625,75,2900,LAA@SEA,LAA,SEA,,,,,,3B/UTIL
120486-17086,OF,Marcell,Marcell Ozuna,Ozuna,9.16212139707623,132,2900,HOU@ATL,ATL,HOU,,,,,,OF/UTIL
120486-119495,1B,Andrew,Andrew Vaughn,Vaughn,8.356862984451594,102,2900,STL@MIL,MIL,STL,,,,,,C/1B/UTIL
120486-52170,1B/OF,Dominic,Dominic Smith,Smith,8.201587495349703,63,2900,LAD@SF,SF,LAD,DTD,Upper leg,,,,C/1B/OF/UTIL
120486-193598,1B,Nolan,Nolan Schanuel,Schanuel,9.005599609375,125,2900,LAA@SEA,LAA,SEA,IL,Wrist,,,,C/1B/UTIL
120486-146682,OF,Brenton,Brenton Doyle,Doyle,8.430468559265137,128,2900,COL@SD,COL,SD,,,,,,OF/UTIL
120486-79110,C,Tyler,Tyler Stephenson,Stephenson,8.574358817858574,78,2900,CIN@ATH,CIN,ATH,,,,,,C/1B/UTIL
120486-79141,1B/OF,Ryan,Ryan O'Hearn,O'Hearn,8.749617947876908,131,2900,COL@SD,SD,COL,,,,,,C/1B/OF/UTIL
120486-79195,OF/1B/3B,Miguel,Miguel Andujar,Andujar,8.43647030101103,85,2900,CIN@ATH,CIN,ATH,,,,,,C/1B/3B/OF/UTIL
120486-79211,OF,Mickey,Mickey Moniak,Moniak,8.474400390625,125,2900,COL@SD,COL,SD,,,,,,OF/UTIL
120486-79272,OF,Lourdes,Lourdes Gurriel Jr.,Gurriel Jr.,9.646511817163276,129,2900,ARI@MIN,ARI,MIN,IL,Knee,,,,OF/UTIL
120486-136672,OF,Michael,Michael Harris II,Harris II,8.490344659213362,145,2900,HOU@ATL,ATL,HOU,,,,,,OF/UTIL
120486-181795,OF,Lawrence,Lawrence Butler,Butler,9.788571602957589,140,2900,CIN@ATH,ATH,CIN,,,,,,OF/UTIL
120486-165507,SS/2B,Matt,Matt McLain,McLain,8.548485033439867,132,2900,CIN@ATH,CIN,ATH,,,,,,2B/SS/UTIL
120486-222858,C,Drake,Drake Baldwin,Baldwin,8.445454545454545,110,2900,HOU@ATL,ATL,HOU,,,,,,C/1B/UTIL
120486-38614,SS/3B,Carlos,Carlos Correa,Correa,8.204580525405534,131,2900,HOU@ATL,HOU,ATL,,,,,,3B/SS/UTIL
120486-102362,OF,Trevor,Trevor Larnach,Larnach,8.691602867068225,131,2900,ARI@MIN,MIN,ARI,,,,,,OF/UTIL
120486-135218,OF,Jake,Jake Meyers,Meyers,8.436170212765957,94,2800,HOU@ATL,HOU,ATL,,,,,,OF/UTIL
120486-102486,OF,Blake,Blake Perkins,Perkins,7.842856997535343,42,2800,STL@MIL,MIL,STL,,,,,,OF/UTIL
120486-135366,SS,Masyn,Masyn Winn,Winn,8.704651352046996,129,2800,STL@MIL,STL,MIL,O,Knee,,,,SS/UTIL
120486-198880,OF,Jordan,Jordan Beck,Beck,9.139259620949074,135,2800,COL@SD,COL,SD,,,,,,OF/UTIL
120486-198903,OF,Drew,Drew Gilbert,Gilbert,6.884615384615385,26,2800,LAD@SF,SF,LAD,,,,,,OF/UTIL
120486-82569,1B/OF,Gavin,Gavin Sheets,Sheets,8.682442934458493,131,2800,COL@SD,SD,COL,,,,,,C/1B/OF/UTIL
120486-82624,C,Sean,Sean Murphy,Murphy,8.003191359499668,94,2800,HOU@ATL,ATL,HOU,IL,Hip,,,,C/1B/UTIL
120486-211773,OF/2B,Isaac,Isaac Collins,Collins,8.818033187115779,122,2800,STL@MIL,MIL,STL,,,,,,2B/OF/UTIL
120486-119621,OF,Luis,Luis Matos,Matos,7.5,56,2800,LAD@SF,SF,LAD,,,,,,OF/UTIL
120486-52179,SS,J.P.,J.P. Crawford,Crawford,8.344444274902344,144,2800,LAA@SEA,SEA,LAA,,,,,,SS/UTIL
120486-173078,OF,Alex,Alex Call,Call,6.562626385929609,99,2800,LAD@SF,LAD,SF,,,,,,OF/UTIL
120486-179272,OF/1B/2B,Spencer,Spencer Steer,Steer,8.725372769939366,134,2800,CIN@ATH,CIN,ATH,,,,,,C/1B/2B/OF/UTIL
120486-154711,OF,Lars,Lars Nootbaar,Nootbaar,9.049180327868852,122,2800,STL@MIL,STL,MIL,,,,,,OF/UTIL
120486-37982,SS/2B,Xander,Xander Bogaerts,Bogaerts,9.026717557251908,131,2800,COL@SD,SD,COL,IL,Foot,,,,2B/SS/UTIL
120486-79255,1B/OF,Jake,Jake Bauers,Bauers,6.614864864864865,74,2800,STL@MIL,MIL,STL,,,,,,C/1B/OF/UTIL
120486-206482,SS,Jacob,Jacob Wilson,Wilson,9.644642421177455,112,2800,CIN@ATH,ATH,CIN,,,,,,SS/UTIL
120486-165559,C,Yainer,Yainer Diaz,Diaz,8.2984496124031,129,2800,HOU@ATL,HOU,ATL,,,,,,C/1B/UTIL
120486-165693,OF/1B,Alec,Alec Burleson,Burleson,8.946825784350198,126,2800,STL@MIL,STL,MIL,,,,,,C/1B/OF/UTIL
120486-163674,SS,Ezequiel,Ezequiel Tovar,Tovar,8.47283935546875,81,2800,COL@SD,COL,SD,,,,,,SS/UTIL
120486-102326,1B/2B/3B/OF,Kody,Kody Clemens,Clemens,7.7509431659050705,106,2800,ARI@MIN,MIN,ARI,,,,,,C/1B/2B/3B/OF/UTIL
120486-102415,2B/3B,Nolan,Nolan Gorman,Gorman,8.019607843137255,102,2700,STL@MIL,STL,MIL,,,,,,2B/3B/UTIL
120486-135524,OF/2B,Austin,Austin Martin,Martin,7.248648978568412,37,2700,ARI@MIN,MIN,ARI,,,,,,2B/OF/UTIL
120486-119333,OF/2B,Tyler,Tyler Freeman,Freeman,8.148543570805522,103,2700,COL@SD,COL,SD,,,,,,2B/OF/UTIL
120486-219698,2B/3B,Caleb,Caleb Durbin,Durbin,8.352032917301829,123,2700,STL@MIL,MIL,STL,,,,,,2B/3B/UTIL
120486-119363,OF,JJ,JJ Bleday,Bleday,8.5727275501598,88,2700,CIN@ATH,ATH,CIN,,,,,,OF/UTIL
120486-119368,C,Ryan,Ryan Jeffers,Jeffers,8.117544073807565,114,2700,ARI@MIN,MIN,ARI,IL,Concussion,,,,C/1B/UTIL
120486-119442,C,Gabriel,Gabriel Moreno,Moreno,9.331428745814732,70,2700,ARI@MIN,ARI,MIN,,,,,,C/1B/UTIL
120486-82644,OF,Jesus,Jesus Sanchez,Sanchez,8.597499593098958,120,2700,HOU@ATL,HOU,ATL,,,,,,OF/UTIL
120486-79165,2B/OF,Gavin,Gavin Lux,Lux,7.201562404632568,128,2700,CIN@ATH,CIN,ATH,,,,,,2B/OF/UTIL
120486-13638,1B,Wilmer,Wilmer Flores,Flores,8.11810355350889,116,2700,LAD@SF,SF,LAD,,,,,,C/1B/UTIL
120486-79215,1B,Rhys,Rhys Hoskins,Hoskins,8.755952380952381,84,2700,STL@MIL,MIL,STL,,,,,,C/1B/UTIL
120486-79216,3B,Ke'Bryan,Ke'Bryan Hayes,Hayes,7.069565040477808,138,2700,CIN@ATH,CIN,ATH,,,,,,3B/UTIL
120486-13719,3B,Nolan,Nolan Arenado,Arenado,8.157291412353516,96,2700,STL@MIL,STL,MIL,IL,Shoulder,,,,3B/UTIL
120486-101827,1B/2B,Luis,Luis Arraez,Arraez,8.472535039337588,142,2700,COL@SD,SD,COL,,,,,,C/1B/2B/UTIL
120486-118210,1B/2B,Jake,Jake Cronenworth,Cronenworth,8.51639344262295,122,2700,COL@SD,SD,COL,,,,,,C/1B/2B/UTIL
120486-222846,OF,Cam,Cam Smith,Smith,7.8392001953125,125,2700,HOU@ATL,HOU,ATL,,,,,,OF/UTIL
120486-163706,3B/2B/SS/OF,Brendan,Brendan Donovan,Donovan,9.116216436162725,111,2700,STL@MIL,STL,MIL,,,,,,2B/3B/SS/OF/UTIL
120486-164513,3B/2B/SS,Joey,Joey Ortiz,Ortiz,6.851851851851852,135,2600,STL@MIL,MIL,STL,,,,,,2B/3B/SS/UTIL
120486-82655,C,Danny,Danny Jansen,Jansen,7.153333197699653,90,2600,STL@MIL,MIL,STL,,,,,,C/1B/UTIL
120486-146160,SS/2B,Ha-Seong,Ha-Seong Kim,Kim,7.178787693832859,33,2600,HOU@ATL,ATL,HOU,,,,,,2B/SS/UTIL
120486-80848,C,Victor,Victor Caratini,Caratini,7.275489956724877,102,2600,HOU@ATL,HOU,ATL,,,,,,C/1B/UTIL
120486-222295,2B/SS/OF,Hyeseong,Hyeseong Kim,Kim,5.893846247746394,65,2600,LAD@SF,LAD,SF,,,,,,2B/SS/OF/UTIL
120486-189530,OF,Dominic,Dominic Canzone,Canzone,6.810000174386161,70,2600,LAA@SEA,SEA,LAA,,,,,,OF/UTIL
120486-60642,OF,Michael,Michael Conforto,Conforto,6.428346648929626,127,2600,LAD@SF,LAD,SF,,,,,,OF/UTIL
120486-197908,C,Pedro,Pedro Pages,Pages,6.713461655836839,104,2600,STL@MIL,STL,MIL,,,,,,C/1B/UTIL
120486-197972,SS/3B/2B,Brooks,Brooks Lee,Lee,7.5396825396825395,126,2600,ARI@MIN,MIN,ARI,,,,,,2B/3B/SS/UTIL
120486-81622,C,Mitch,Mitch Garver,Garver,6.886250305175781,80,2600,LAA@SEA,SEA,LAA,,,,,,C/1B/UTIL
120486-165686,3B/SS/2B/1B,Casey,Casey Schmitt,Schmitt,7.581927563770708,83,2600,LAD@SF,SF,LAD,,,,,,C/1B/2B/3B/SS/UTIL
120486-135194,C,Freddy,Freddy Fermin,Fermin,5.505102040816326,98,2500,COL@SD,SD,COL,,,,,,C/1B/UTIL
120486-135260,C,Logan,Logan O'Hoppe,O'Hoppe,7.307339449541284,109,2500,LAA@SEA,LAA,SEA,IL,Concussion,,,,C/1B/UTIL
120486-102591,OF,Jake,Jake Fraley,Fraley,6.588158055355675,76,2500,HOU@ATL,ATL,HOU,,,,,,OF/UTIL
120486-135364,OF,Jordan,Jordan Walker,Walker,6.620408038703763,98,2500,STL@MIL,STL,MIL,,,,,,OF/UTIL
120486-82556,OF,Taylor,Taylor Trammell,Trammell,5.379591961296237,49,2500,HOU@ATL,HOU,ATL,,,,,,OF/UTIL
120486-187103,2B/3B/1B/SS,Andruw,Andruw Monasterio,Monasterio,5.0017242431640625,58,2500,STL@MIL,MIL,STL,,,,,,C/1B/2B/3B/SS/UTIL
120486-232219,3B,Kyle,Kyle Karros,Karros,6.4096773209110385,31,2500,COL@SD,COL,SD,,,,,,3B/UTIL
120486-228207,OF,Colby,Colby Thomas,Thomas,6.525,40,2500,CIN@ATH,ATH,CIN,,,,,,OF/UTIL
120486-13390,SS/2B/3B,Miguel,Miguel Rojas,Rojas,5.396039603960396,101,2500,LAD@SF,LAD,SF,,,,,,2B/3B/SS/UTIL
120486-197881,OF,Yanquiel,Yanquiel Fernandez,Fernandez,5.042499923706055,40,2500,COL@SD,COL,SD,,,,,,OF/UTIL
120486-79119,OF,Will,Will Benson,Benson,6.841558283025568,77,2500,CIN@ATH,CIN,ATH,,,,,,OF/UTIL
120486-101817,2B/3B/SS,Luis,Luis Rengifo,Rengifo,6.970073170905565,137,2500,LAA@SEA,LAA,SEA,,,,,,2B/3B/SS/UTIL
120486-101850,3B/2B/1B,Ramon,Ramon Urias,Urias,6.975238327752976,105,2500,HOU@ATL,HOU,ATL,,,,,,C/1B/2B/3B/UTIL
120486-222844,SS/2B,Cole,Cole Young,Young,6.230136819081764,73,2500,LAA@SEA,SEA,LAA,,,,,,2B/SS/UTIL
120486-206608,SS/2B/3B,Nacho,Nacho Alvarez Jr.,Alvarez Jr.,6.0409088134765625,44,2500,HOU@ATL,ATL,HOU,,,,,,2B/3B/SS/UTIL
120486-102363,OF/1B,Luke,Luke Raley,Raley,5.894029759649021,67,2500,LAA@SEA,SEA,LAA,,,,,,C/1B/OF/UTIL
120486-102418,OF,Eli,Eli White,White,6.4313132546164775,99,2400,HOU@ATL,ATL,HOU,,,,,,OF/UTIL
120486-198893,C,Dalton,Dalton Rushing,Rushing,5.61999986436632,45,2400,LAD@SF,LAD,SF,IL,Lower leg,,,,C/1B/UTIL
120486-198935,OF,Victor,Victor Scott II,Scott II,7.701612903225806,124,2400,STL@MIL,STL,MIL,,,,,,OF/UTIL
120486-119337,1B/OF,Michael,Michael Toglia,Toglia,6.869663195663623,89,2400,COL@SD,COL,SD,,,,,,C/1B/OF/UTIL
120486-23107,OF,Jorge,Jorge Soler,Soler,7.709756246427211,82,2400,LAA@SEA,LAA,SEA,IL,Back,,,,OF/UTIL
120486-13099,C,Travis,Travis d'Arnaud,d'Arnaud,5.72029003198596,69,2400,LAA@SEA,LAA,SEA,IL,Concussion,,,,C/1B/UTIL
120486-232365,OF,Nathan,Nathan Church,Church,6.693749904632568,16,2400,STL@MIL,STL,MIL,,,,,,OF/UTIL
120486-68563,OF,Victor,Victor Robles,Robles,7.3285711379278276,21,2400,LAA@SEA,SEA,LAA,,,,,,OF/UTIL
120486-83173,C,Jose,Jose Trevino,Trevino,5.890804597701149,87,2400,CIN@ATH,CIN,ATH,,,,,,C/1B/UTIL
120486-197904,SS/3B,Darell,Darell Hernaiz,Hernaiz,7.178947047183388,38,2400,CIN@ATH,ATH,CIN,,,,,,3B/SS/UTIL
120486-136504,C,Patrick,Patrick Bailey,Bailey,6.350413424909608,121,2400,LAD@SF,SF,LAD,,,,,,C/1B/UTIL
120486-79181,2B/3B/SS/OF,Mauricio,Mauricio Dubon,Dubon,5.824793287545196,121,2400,HOU@ATL,HOU,ATL,,,,,,2B/3B/SS/OF/UTIL
120486-13792,3B/1B/2B/OF,Kike,Kike Hernandez,Hernandez,5.195121951219512,82,2400,LAD@SF,LAD,SF,,,,,,C/1B/2B/3B/OF/UTIL
120486-226967,SS,Ryan,Ryan Ritter,Ritter,7.077083587646484,48,2400,COL@SD,COL,SD,DTD,Undisclosed,,,,SS/UTIL
120486-38561,OF/3B/2B,Chris,Chris Taylor,Taylor,4.3173076923076925,52,2400,LAA@SEA,LAA,SEA,,,,,,2B/3B/OF/UTIL
120486-222887,SS/2B,Christian,Christian Koss,Koss,5.147058823529412,68,2400,LAD@SF,SF,LAD,,,,,,2B/SS/UTIL
120486-165639,OF,Brandon,Brandon Lockridge,Lockridge,4.476119311887826,67,2400,STL@MIL,MIL,STL,,,,,,OF/UTIL
120486-165643,2B,Zack,Zack Gelof,Gelof,6.487499872843425,24,2400,CIN@ATH,ATH,CIN,,,,,,2B/UTIL
120486-135195,C,Sebastian,Sebastian Rivero,Rivero,7.55999984741211,5,2300,LAA@SEA,LAA,SEA,,,,,,C/1B/UTIL
120486-102577,2B/3B/OF,Santiago,Santiago Espinal,Espinal,4.234545343572443,110,2300,CIN@ATH,CIN,ATH,,,,,,2B/3B/OF/UTIL
120486-198878,3B,Sal,Sal Stewart,Stewart,6.262499809265137,8,2300,CIN@ATH,CIN,ATH,,,,,,3B/UTIL
120486-209179,1B/2B/3B,Will,Will Wagner,Wagner,4.594117706897212,51,2300,COL@SD,SD,COL,,,,,,C/1B/2B/3B/UTIL
120486-156224,C,Willie,Willie MacIver,MacIver,6.639285496303013,28,2300,CIN@ATH,ATH,CIN,,,,,,C/1B/UTIL
120486-12919,SS/2B/3B/OF,Jose,Jose Iglesias,Iglesias,5.126923194298377,104,2300,COL@SD,SD,COL,DTD,Hand,,,,2B/3B/SS/OF/UTIL
120486-223870,C,Braxton,Braxton Fulford,Fulford,6.009091001568419,33,2300,COL@SD,COL,SD,,,,,,C/1B/UTIL
120486-17171,C,James,James McCann,McCann,6.391176560345818,34,2300,ARI@MIN,ARI,MIN,,,,,,C/1B/UTIL
120486-211757,OF,Bryce,Bryce Teodosio,Teodosio,5.702702702702703,37,2300,LAA@SEA,LAA,SEA,,,,,,OF/UTIL
120486-211906,3B/2B/SS,Thomas,Thomas Saggese,Saggese,5.938235114602482,68,2300,STL@MIL,STL,MIL,,,,,,2B/3B/SS/UTIL
120486-80852,2B/SS/3B/OF,Ildemaro,Ildemaro Vargas,Vargas,6.788889001916956,27,2300,ARI@MIN,ARI,MIN,,,,,,2B/3B/SS/OF/UTIL
120486-83182,C/OF,Eric,Eric Haase,Haase,5.323333231608073,30,2300,STL@MIL,MIL,STL,,,,,,C/1B/OF/UTIL
120486-79225,3B/2B,Luis,Luis Urias,Urias,6.123958587646484,96,2300,STL@MIL,MIL,STL,,,,,,2B/3B/UTIL
120486-181797,3B,Warming,Warming Bernabel,Bernabel,7.891891891891892,37,2300,COL@SD,COL,SD,IL,Concussion,,,,3B/UTIL
120486-181814,2B/1B,Edouard,Edouard Julien,Julien,5.142592818648727,54,2300,ARI@MIN,MIN,ARI,,,,,,C/1B/2B/UTIL
120486-165606,1B/3B/OF,Tyler,Tyler Black,Black,6.1400001525878904,5,2300,STL@MIL,MIL,STL,,,,,,C/1B/3B/OF/UTIL
120486-165641,SS/2B/3B,Max,Max Muncy,Muncy,6.9135592185844805,59,2300,CIN@ATH,ATH,CIN,IL,Hand,,,,2B/3B/SS/UTIL
120486-163691,OF,James,James Outman,Outman,5.026666598849826,45,2300,ARI@MIN,MIN,ARI,,,,,,OF/UTIL
120486-159624,C,Yohel,Yohel Pozo,Pozo,4.979687690734863,64,2300,STL@MIL,STL,MIL,,,,,,C/1B/UTIL
120486-202657,1B,Tyler,Tyler Locklear,Locklear,6.2645160305884575,31,2300,ARI@MIN,ARI,MIN,IL,Elbow,,,,C/1B/UTIL
120486-102380,SS,Nick,Nick Allen,Allen,4.5713179240855135,129,2300,HOU@ATL,ATL,HOU,,,,,,SS/UTIL
120486-145611,SS/2B/3B,Oswald,Oswald Peraza,Peraza,4.014583269755046,96,2200,LAA@SEA,LAA,SEA,,,,,,2B/3B/SS/UTIL
120486-119394,SS,Logan,Logan Davidson,Davidson,4.287499904632568,16,2200,LAA@SEA,LAA,SEA,,,,,,SS/UTIL
120486-164495,SS/3B/2B,Jordan,Jordan Lawlar,Lawlar,4.3705884148092835,17,2200,ARI@MIN,ARI,MIN,,,,,,2B/3B/SS/UTIL
120486-164496,C,Adrian,Adrian Del Castillo,Del Castillo,5.329411674948299,34,2200,ARI@MIN,ARI,MIN,,,,,,C/1B/UTIL
120486-209703,OF,Grant,Grant McCray,McCray,1.335714340209961,14,2200,LAD@SF,SF,LAD,,,,,,OF/UTIL
120486-54307,C,Elias,Elias Diaz,Diaz,4.997000122070313,100,2200,COL@SD,SD,COL,,,,,,C/1B/UTIL
120486-79190,C,Ben,Ben Rortvedt,Rortvedt,3.2181817257043086,33,2200,LAD@SF,LAD,SF,,,,,,C/1B/UTIL
120486-181596,2B/3B/OF,Jose,Jose Fermin,Fermin,4.48181811246005,22,2200,STL@MIL,STL,MIL,,,,,,2B/3B/OF/UTIL
120486-21890,SS/1B/3B/2B,Orlando,Orlando Arcia,Arcia,4.05492949149978,71,2200,COL@SD,COL,SD,,,,,,C/1B/2B/3B/SS/UTIL
120486-13858,C,Christian,Christian Vazquez,Vazquez,4.473770391745646,61,2200,ARI@MIN,MIN,ARI,IL,Shoulder,,,,C/1B/UTIL
120486-175654,OF,Bryce,Bryce Johnson,Johnson,3.153191424430685,47,2200,COL@SD,SD,COL,,,,,,OF/UTIL
120486-222788,SS,Alex,Alex Freeland,Freeland,5.9655172413793105,29,2200,LAD@SF,LAD,SF,,,,,,SS/UTIL
120486-181835,OF,Jorge,Jorge Barrosa,Barrosa,2.8714285350981212,21,2200,ARI@MIN,ARI,MIN,,,,,,OF/UTIL
120486-81511,2B/3B/SS/1B,Kyle,Kyle Farmer,Farmer,5.793548255838374,93,2200,COL@SD,COL,SD,,,,,,C/1B/2B/3B/SS/UTIL
120486-222835,C,Jimmy,Jimmy Crooks,Crooks,3.9857142312186107,7,2200,STL@MIL,STL,MIL,,,,,,C/1B/UTIL
120486-165623,OF,Carlos,Carlos Cortes,Cortes,6.0258065500567035,31,2200,CIN@ATH,ATH,CIN,,,,,,OF/UTIL
120486-165672,C,Harry,Harry Ford,Ford,2.424999952316284,4,2200,LAA@SEA,SEA,LAA,,,,,,C/1B/UTIL
120486-208716,1B/OF,Zach,Zach Dezenzo,Dezenzo,6.952940996955423,34,2200,HOU@ATL,HOU,ATL,IL,Hand,,,,C/1B/OF/UTIL
120486-102283,OF,Alek,Alek Thomas,Thomas,6.277692119891827,130,2200,ARI@MIN,ARI,MIN,,,,,,OF/UTIL
120486-102282,OF,Jake,Jake McCarthy,McCarthy,6.496363414417614,55,2200,ARI@MIN,ARI,MIN,,,,,,OF/UTIL
120486-102349,SS/2B,Leo,Leo Rivas,Rivas,6.361538618038862,39,2200,LAA@SEA,SEA,LAA,,,,,,2B/SS/UTIL
120486-102406,2B/SS/3B/OF,Vidal,Vidal Brujan,Brujan,2.679310239594558,58,2100,HOU@ATL,ATL,HOU,,,,,,2B/3B/SS/OF/UTIL
120486-102411,C,Andrew,Andrew Knizner,Knizner,4.203571319580078,28,2100,LAD@SF,SF,LAD,,,,,,C/1B/UTIL
120486-102454,C,Jhonny,Jhonny Pereda,Pereda,4.026086890179178,23,2100,ARI@MIN,MIN,ARI,,,,,,C/1B/UTIL
120486-184480,C,Cesar,Cesar Salazar,Salazar,1.9545454545454546,11,2100,HOU@ATL,HOU,ATL,,,,,,C/1B/UTIL
120486-209177,C/2B/1B,Mickey,Mickey Gasper,Gasper,4.2974998474121096,40,2100,ARI@MIN,MIN,ARI,,,,,,C/1B/2B/UTIL
120486-119313,OF,Matthew,Matthew Lugo,Lugo,5.1387097758631555,31,2100,LAA@SEA,LAA,SEA,,,,,,OF/UTIL
120486-219727,2B/1B/OF,Tim,Tim Tawa,Tawa,6.591935680758569,62,2100,ARI@MIN,ARI,MIN,,,,,,C/1B/2B/OF/UTIL
120486-82530,1B/OF,Pavin,Pavin Smith,Smith,7.65747140467852,87,2100,ARI@MIN,ARI,MIN,IL,Quadriceps,,,,C/1B/OF/UTIL
120486-201354,3B,Brett,Brett Harris,Harris,4.5150001525878904,20,2100,CIN@ATH,ATH,CIN,,,,,,3B/UTIL
120486-211631,OF,DaShawn,DaShawn Keirsey Jr.,Keirsey Jr.,2.3457142421177455,70,2100,ARI@MIN,MIN,ARI,,,,,,OF/UTIL
120486-203490,OF,Steward,Steward Berroa,Berroa,4.5,2,2100,STL@MIL,MIL,STL,,,,,,OF/UTIL
120486-79136,OF,Daz,Daz Cameron,Cameron,3.7095238821847096,21,2100,STL@MIL,MIL,STL,,,,,,OF/UTIL
120486-152972,2B/OF/SS/3B,Luke,Luke Williams,Williams,1.9886363636363635,44,2100,HOU@ATL,ATL,HOU,,,,,,2B/3B/SS/OF/UTIL
120486-226915,OF,Drew,Drew Avans,Avans,2.3375000953674316,8,2100,STL@MIL,MIL,STL,,,,,,OF/UTIL
120486-165645,OF,Denzel,Denzel Clarke,Clarke,6.67234055539395,47,2100,CIN@ATH,ATH,CIN,IL,Hip,,,,OF/UTIL
120486-200498,SS/3B/2B/OF,Max,Max Schuemann,Schuemann,3.8795697612147175,93,2100,CIN@ATH,ATH,CIN,,,,,,2B/3B/SS/OF/UTIL
120486-102374,C/2B/3B,Anthony,Anthony Seigler,Seigler,3.373529322007123,34,2100,STL@MIL,MIL,STL,,,,,,C/1B/2B/3B/UTIL
120486-102403,SS/2B,Marco,Marco Luciano,Luciano,4.362068965517241,29,2000,LAD@SF,SF,LAD,,,,,,2B/SS/UTIL
120486-102413,1B,Luken,Luken Baker,Baker,3.7157893933747945,19,2000,LAD@SF,LAD,SF,,,,,,C/1B/UTIL
120486-102436,OF,Kristian,Kristian Robinson,Robinson,,0,2000,ARI@MIN,ARI,MIN,,,,,,OF/UTIL
120486-135216,OF,Chas,Chas McCormick,McCormick,2.8500000924775093,66,2000,HOU@ATL,HOU,ATL,,,,,,OF/UTIL
120486-102453,SS/2B/3B,Zack,Zack Short,Short,5.69545468417081,22,2000,HOU@ATL,HOU,ATL,,,,,,2B/3B/SS/UTIL
120486-102461,SS,Aaron,Aaron Bracho,Bracho,,0,2000,LAD@SF,LAD,SF,,,,,,SS/UTIL
120486-223299,3B,Ben,Ben Williamson,Williamson,6.172941320082721,85,2000,LAA@SEA,SEA,LAA,,,,,,3B/UTIL
120486-135242,C,P.J.,P.J. Higgins,Higgins,0,2,2000,CIN@ATH,CIN,ATH,,,,,,C/1B/UTIL
120486-102472,SS,Raynel,Raynel Delgado,Delgado,,0,2000,STL@MIL,MIL,STL,,,,,,SS/UTIL
120486-135267,2B,Kaden,Kaden Polcovich,Polcovich,,0,2000,LAA@SEA,SEA,LAA,,,,,,2B/UTIL
120486-102499,SS,Bryson,Bryson Brigman,Brigman,,0,2000,CIN@ATH,CIN,ATH,,,,,,SS/UTIL
120486-135265,1B,Austin,Austin Shenton,Shenton,4.7549999237060545,20,2000,LAA@SEA,SEA,LAA,,,,,,C/1B/UTIL
120486-102512,OF,Carlos,Carlos Rodriguez,Rodriguez,,0,2000,HOU@ATL,ATL,HOU,,,,,,OF/UTIL
120486-102518,3B/1B,Jose,Jose Miranda,Miranda,4.241666793823242,12,2000,ARI@MIN,MIN,ARI,,,,,,C/1B/3B/UTIL
120486-135302,OF,Brayan,Brayan Buelvas,Buelvas,,0,2000,CIN@ATH,ATH,CIN,,,,,,OF/UTIL
120486-102541,OF,Jared,Jared Oliva,Oliva,,0,2000,STL@MIL,MIL,STL,,,,,,OF/UTIL
120486-102550,C,Luis,Luis Campusano,Campusano,1.8,10,2000,COL@SD,SD,COL,,,,,,C/1B/UTIL
120486-102563,3B/2B/SS,Jonathan,Jonathan Ornelas,Ornelas,2.0333333015441895,6,2000,HOU@ATL,ATL,HOU,,,,,,2B/3B/SS/UTIL
120486-198865,OF,Druw,Druw Jones,Jones,,0,2000,ARI@MIN,ARI,MIN,,,,,,OF/UTIL
120486-145617,C,David,David Garcia,Garcia,,0,2000,STL@MIL,MIL,STL,,,,,,C/1B/UTIL
120486-198871,SS,Tommy,Tommy Troy,Troy,,0,2000,ARI@MIN,ARI,MIN,,,,,,SS/UTIL
120486-194773,C,Logan,Logan Porter,Porter,3.779999923706055,5,2000,LAD@SF,SF,LAD,,,,,,C/1B/UTIL
120486-198888,OF,Jacob,Jacob Melton,Melton,4.416128835370464,31,2000,HOU@ATL,HOU,ATL,,,,,,OF/UTIL
120486-198895,OF,Walker,Walker Jenkins,Jenkins,,0,2000,ARI@MIN,MIN,ARI,,,,,,OF/UTIL
120486-198892,OF,Josue,Josue De Paula,De Paula,,0,2000,LAD@SF,LAD,SF,,,,,,OF/UTIL
120486-198897,3B,Brock,Brock Wilken,Wilken,,0,2000,STL@MIL,MIL,STL,,,,,,3B/UTIL
120486-198918,C,Ethan,Ethan Salas,Salas,,0,2000,COL@SD,SD,COL,IL,Back,,,,C/1B/UTIL
120486-198931,SS,Felnin,Felnin Celesten,Celesten,,0,2000,LAA@SEA,SEA,LAA,,,,,,SS/UTIL
120486-198937,OF,Bryce,Bryce Eldridge,Eldridge,,0,2000,LAD@SF,SF,LAD,,,,,,OF/UTIL
120486-82251,OF,Tim,Tim Locastro,Locastro,0,1,2000,COL@SD,SD,COL,,,,,,OF/UTIL
120486-135529,OF,Jake,Jake Vogel,Vogel,,0,2000,LAD@SF,LAD,SF,,,,,,OF/UTIL
120486-180644,2B,Nate,Nate Mondou,Mondou,0,1,2000,COL@SD,SD,COL,,,,,,2B/UTIL
120486-180694,OF,Cade,Cade Marlowe,Marlowe,1.355555534362793,9,2000,LAA@SEA,SEA,LAA,,,,,,OF/UTIL
120486-84471,OF,Nick,Nick Martini,Martini,3.631818251176314,44,2000,CIN@ATH,ATH,CIN,,,,,,OF/UTIL
120486-96765,C,Joe,Joe Hudson,Hudson,0,1,2000,HOU@ATL,HOU,ATL,,,,,,C/1B/UTIL
120486-119308,SS,Adam,Adam Hall,Hall,,0,2000,STL@MIL,MIL,STL,,,,,,SS/UTIL
120486-219664,OF,Matt,Matt Koperniak,Koperniak,,0,2000,STL@MIL,STL,MIL,,,,,,OF/UTIL
120486-119325,2B/OF,Tyler,Tyler Callihan,Callihan,1.625,4,2000,CIN@ATH,CIN,ATH,IL,Wrist,,,,2B/OF/UTIL
120486-119327,SS,Ivan,Ivan Johnson,Johnson,,0,2000,CIN@ATH,CIN,ATH,,,,,,SS/UTIL
120486-119326,3B/OF,Rece,Rece Hinds,Hinds,4.579999796549479,15,2000,CIN@ATH,CIN,ATH,,,,,,3B/OF/UTIL
120486-207395,C,Eric,Eric Yang,Yang,0,1,2000,CIN@ATH,CIN,ATH,,,,,,C/1B/UTIL
120486-119335,3B/2B/SS,Aaron,Aaron Schunk,Schunk,1.4235294566434973,17,2000,COL@SD,COL,SD,,,,,,2B/3B/SS/UTIL
120486-219699,C,Jesus,Jesus Rodriguez,Rodriguez,,0,2000,LAD@SF,SF,LAD,,,,,,C/1B/UTIL
120486-16946,1B,Jon,Jon Singleton,Singleton,1,3,2000,HOU@ATL,HOU,ATL,,,,,,C/1B/UTIL
120486-16951,3B,Anthony,Anthony Rendon,Rendon,7.038596705386513,57,2000,LAA@SEA,LAA,SEA,IL,Hip,,,,3B/UTIL
120486-119353,3B,Kody,Kody Hoese,Hoese,,0,2000,LAD@SF,LAD,SF,,,,,,3B/UTIL
120486-119354,SS/2B/OF,Kyren,Kyren Paris,Paris,7.443181818181818,44,2000,LAA@SEA,LAA,SEA,IL,Undisclosed,,,,2B/SS/OF/UTIL
120486-156226,OF,Pedro,Pedro Leon,Leon,3.4571429661342075,7,2000,HOU@ATL,HOU,ATL,IL,Knee,,,,OF/UTIL
120486-119360,OF,Pablo,Pablo Abreu,Abreu,,0,2000,STL@MIL,MIL,STL,,,,,,OF/UTIL
120486-119362,SS,Eduardo,Eduardo Garcia,Garcia,,0,2000,STL@MIL,MIL,STL,,,,,,SS/UTIL
120486-119366,OF/1B,Jerar,Jerar Encarnacion,Encarnacion,5.55999984741211,10,2000,LAD@SF,SF,LAD,IL,Hamstring,,,,C/1B/OF/UTIL
120486-119371,2B,Devin,Devin Mann,Mann,,0,2000,LAD@SF,SF,LAD,,,,,,2B/UTIL
120486-119370,SS,Will,Will Holland,Holland,,0,2000,ARI@MIN,MIN,ARI,,,,,,SS/UTIL
120486-119393,SS,Robert,Robert Puason,Puason,,0,2000,CIN@ATH,ATH,CIN,,,,,,SS/UTIL
120486-82531,C,Andy,Andy Yerzy,Yerzy,,0,2000,STL@MIL,STL,MIL,,,,,,C/1B/UTIL
120486-119402,C,Rodolfo,Rodolfo Duran,Duran,,0,2000,COL@SD,SD,COL,,,,,,C/1B/UTIL
120486-119412,2B/3B/1B,Owen,Owen Miller,Miller,2.7222222222222223,9,2000,COL@SD,COL,SD,,,,,,C/1B/2B/3B/UTIL
120486-119419,OF,Hunter,Hunter Bishop,Bishop,,0,2000,LAD@SF,SF,LAD,,,,,,OF/UTIL
120486-119418,OF,Jairo,Jairo Pomares,Pomares,,0,2000,LAD@SF,SF,LAD,,,,,,OF/UTIL
120486-82558,OF,Conner,Conner Capel,Capel,2.171428544180734,7,2000,HOU@ATL,ATL,HOU,,,,,,OF/UTIL
120486-82567,1B/OF,Ryan,Ryan Vilade,Vilade,1.524999976158142,8,2000,CIN@ATH,CIN,ATH,,,,,,C/1B/OF/UTIL
120486-119432,SS,Greg,Greg Jones,Jones,2,3,2000,HOU@ATL,HOU,ATL,,,,,,SS/UTIL
120486-119434,OF,Moises,Moises Gomez,Gomez,,0,2000,COL@SD,SD,COL,,,,,,OF/UTIL
120486-119439,C,Sam,Sam Huff,Huff,4.8,20,2000,LAD@SF,SF,LAD,,,,,,C/1B/UTIL
120486-164498,2B,Ryan,Ryan Bliss,Bliss,6.427272449840199,11,2000,LAA@SEA,SEA,LAA,IL,Knee,,,,2B/UTIL
120486-119440,3B/2B,Davis,Davis Wendzel,Wendzel,1.8714286259242467,28,2000,CIN@ATH,CIN,ATH,,,,,,2B/3B/UTIL
120486-164499,3B,A.J.,A.J. Vukovich,Vukovich,,0,2000,ARI@MIN,ARI,MIN,,,,,,3B/UTIL
120486-164501,SS,Cal,Cal Conley,Conley,,0,2000,HOU@ATL,ATL,HOU,,,,,,SS/UTIL
120486-203418,2B/3B/1B/OF,Armando,Armando Alvarez,Alvarez,4.462500095367432,16,2000,ARI@MIN,MIN,ARI,,,,,,C/1B/2B/3B/OF/UTIL
120486-203417,C,Nick,Nick Raposo,Raposo,,0,2000,LAA@SEA,SEA,LAA,,,,,,C/1B/UTIL
120486-164508,OF,Jesse,Jesse Franklin,Franklin,,0,2000,HOU@ATL,ATL,HOU,,,,,,OF/UTIL
120486-21161,2B,Yolmer,Yolmer Sanchez,Sanchez,,0,2000,LAA@SEA,LAA,SEA,,,,,,2B/UTIL
120486-82605,2B/1B,Keston,Keston Hiura,Hiura,4.637499809265137,8,2000,COL@SD,COL,SD,,,,,,C/1B/2B/UTIL
120486-21172,1B/2B/3B,Brandon,Brandon Drury,Drury,4.8051547020981,97,2000,LAA@SEA,LAA,SEA,,,,,,C/1B/2B/3B/UTIL
120486-82613,2B,Thairo,Thairo Estrada,Estrada,8.187179174178686,39,2000,COL@SD,COL,SD,IL,Hamstring,,,,2B/UTIL
120486-82616,2B/3B/SS,Luis,Luis Guillorme,Guillorme,1.5333333015441895,12,2000,HOU@ATL,HOU,ATL,,,,,,2B/3B/SS/UTIL
120486-82637,1B,Evan,Evan White,White,0,2,2000,LAA@SEA,LAA,SEA,IL,Hip,,,,C/1B/UTIL
120486-17105,C,Sandy,Sandy Leon,Leon,0,2,2000,HOU@ATL,ATL,HOU,,,,,,C/1B/UTIL
120486-103125,2B/SS/OF,Jack,Jack Lopez,Lopez,3.8551725190261315,29,2000,LAA@SEA,SEA,LAA,,,,,,2B/SS/OF/UTIL
120486-82659,3B,Carter,Carter Kieboom,Kieboom,0,1,2000,LAA@SEA,LAA,SEA,,,,,,3B/UTIL
120486-232173,OF,Justin,Justin Dean,Dean,0.3333333333333333,18,2000,LAD@SF,LAD,SF,,,,,,OF/UTIL
120486-226041,OF/1B,Matt,Matt Gorski,Gorski,4.76000010172526,15,2000,LAD@SF,LAD,SF,IL,Hand,,,,C/1B/OF/UTIL
120486-70435,OF,Ben,Ben Gamel,Gamel,5.779487022986779,39,2000,LAA@SEA,LAA,SEA,,,,,,OF/UTIL
120486-176937,C,Chuckie,Chuckie Robinson,Robinson,1.976923135610727,26,2000,LAD@SF,LAD,SF,,,,,,C/1B/UTIL
120486-195378,SS/2B/OF,Tyler,Tyler Fitzgerald,Fitzgerald,5.983333163791233,72,2000,LAD@SF,SF,LAD,,,,,,2B/SS/OF/UTIL
120486-193328,OF,Wade,Wade Meckler,Meckler,0,2,2000,LAD@SF,SF,LAD,,,,,,OF/UTIL
120486-119633,OF,Misael,Misael Urbina,Urbina,,0,2000,ARI@MIN,MIN,ARI,,,,,,OF/UTIL
120486-119632,OF,Hedbert,Hedbert Perez,Perez,,0,2000,STL@MIL,MIL,STL,,,,,,OF/UTIL
120486-119636,SS,Alexander,Alexander Vargas,Vargas,,0,2000,CIN@ATH,CIN,ATH,,,,,,SS/UTIL
120486-174963,SS,Charles,Charles Leblanc,Leblanc,8.290908813476562,11,2000,HOU@ATL,ATL,HOU,,,,,,SS/UTIL
120486-203639,3B/1B,CJ,CJ Alexander,Alexander,1.5,6,2000,LAD@SF,LAD,SF,,,,,,C/1B/3B/UTIL
120486-209786,1B,Niko,Niko Kavadas,Kavadas,1.5,10,2000,LAA@SEA,LAA,SEA,,,,,,C/1B/UTIL
120486-203641,SS,Levi,Levi Jordan,Jordan,1.8142856870378767,7,2000,CIN@ATH,CIN,ATH,,,,,,SS/UTIL
120486-170879,C,Chris,Chris Okey,Okey,0,2,2000,LAD@SF,LAD,SF,,,,,,C/1B/UTIL
120486-82824,1B,Mike,Mike Ford,Ford,3.600000080309416,19,2000,ARI@MIN,MIN,ARI,,,,,,C/1B/UTIL
120486-183187,1B/3B,Christian,Christian Encarnacion-Strand,Encarnacion-Strand,7.502777947319879,36,2000,CIN@ATH,CIN,ATH,,,,,,C/1B/3B/UTIL
120486-52147,1B/OF,Kris,Kris Bryant,Bryant,3.6272728659889917,11,2000,COL@SD,COL,SD,IL,Back,,,,C/1B/OF/UTIL
120486-68537,2B/3B/SS/OF,Tyler,Tyler Wade,Wade,3.468333435058594,60,2000,COL@SD,SD,COL,,,,,,2B/3B/SS/OF/UTIL
120486-52157,C,Tom,Tom Murphy,Murphy,3.7571427481515065,14,2000,LAD@SF,SF,LAD,IL,Back,,,,C/1B/UTIL
120486-13253,C,Martin,Martin Maldonado,Maldonado,3.831249952316284,64,2000,COL@SD,SD,COL,,,,,,C/1B/UTIL
120486-68582,2B,Brendan,Brendan Rodgers,Rodgers,4.858139392941497,43,2000,HOU@ATL,HOU,ATL,IL,Back,,,,2B/UTIL
120486-171037,C,Jason,Jason Delay,Delay,6.400000095367432,8,2000,HOU@ATL,ATL,HOU,,,,,,C/1B/UTIL
120486-212070,OF,Gustavo,Gustavo Campero,Campero,5.885714394705636,28,2000,LAA@SEA,LAA,SEA,IL,Ankle,,,,OF/UTIL
120486-83051,2B/3B,David,David Bote,Bote,2.4051282833784056,39,2000,LAD@SF,LAD,SF,,,,,,2B/3B/UTIL
120486-171112,OF,Sean,Sean Bouchard,Bouchard,3.809375047683716,32,2000,COL@SD,COL,SD,,,,,,OF/UTIL
120486-13436,C,Max,Max Stassi,Stassi,0,1,2000,LAD@SF,SF,LAD,IL,Undisclosed,,,,C/1B/UTIL
120486-197761,C,Jair,Jair Camargo,Camargo,1.0333333015441895,6,2000,HOU@ATL,ATL,HOU,IL,Undisclosed,,,,C/1B/UTIL
120486-197764,C,Blake,Blake Hunt,Hunt,0,1,2000,LAA@SEA,SEA,LAA,,,,,,C/1B/UTIL
120486-232639,SS,Cesar,Cesar Prieto,Prieto,1,3,2000,STL@MIL,STL,MIL,,,,,,SS/UTIL
120486-195795,C,Chandler,Chandler Seagle,Seagle,,0,2000,HOU@ATL,ATL,HOU,,,,,,C/1B/UTIL
120486-79075,SS,Kevin,Kevin Maitan,Maitan,,0,2000,ARI@MIN,MIN,ARI,,,,,,SS/UTIL
120486-79074,3B,Austin,Austin Riley,Riley,9.782352821499694,102,2000,HOU@ATL,ATL,HOU,IL,Abdomen,,,,3B/UTIL
120486-83174,3B,Sergio,Sergio Alcantara,Alcantara,0,1,2000,ARI@MIN,ARI,MIN,,,,,,3B/UTIL
120486-109803,C,Austin,Austin Nola,Nola,2.6600001017252604,15,2000,COL@SD,COL,SD,,,,,,C/1B/UTIL
120486-146671,OF,Austin,Austin Hendrick,Hendrick,,0,2000,CIN@ATH,CIN,ATH,,,,,,OF/UTIL
120486-146675,3B,Blaze,Blaze Jordan,Jordan,,0,2000,STL@MIL,STL,MIL,,,,,,3B/UTIL
120486-197874,2B/3B,Oliver,Oliver Dunn,Dunn,4.985714503696987,14,2000,STL@MIL,MIL,STL,,,,,,2B/3B/UTIL
120486-83191,C,Austin,Austin Wynns,Wynns,7.4525001525878904,40,2000,CIN@ATH,ATH,CIN,IL,Abdomen,,,,C/1B/UTIL
120486-197883,OF,Kenedy,Kenedy Corona,Corona,2,3,2000,HOU@ATL,HOU,ATL,,,,,,OF/UTIL
120486-146680,C,Drew,Drew Romo,Romo,0,2,2000,COL@SD,COL,SD,,,,,,C/1B/UTIL
120486-146681,OF,Zac,Zac Veen,Veen,4.100000063578288,12,2000,COL@SD,COL,SD,,,,,,OF/UTIL
120486-146686,OF,Colin,Colin Barber,Barber,,0,2000,HOU@ATL,HOU,ATL,,,,,,OF/UTIL
120486-146694,SS,Arol,Arol Vera,Vera,,0,2000,LAA@SEA,LAA,SEA,,,,,,SS/UTIL
120486-79108,3B,Nick,Nick Senzel,Senzel,6.351351351351352,74,2000,LAD@SF,LAD,SF,,,,,,3B/UTIL
120486-146692,OF,David,David Calabrese,Calabrese,,0,2000,LAA@SEA,LAA,SEA,,,,,,OF/UTIL
120486-146693,OF,Alexander,Alexander Ramirez,Ramirez,,0,2000,LAA@SEA,LAA,SEA,,,,,,OF/UTIL
120486-146697,OF,Garrett,Garrett Mitchell,Mitchell,5.652000122070312,25,2000,STL@MIL,MIL,STL,IL,Shoulder,,,,OF/UTIL
120486-146703,1B,Aaron,Aaron Sabato,Sabato,,0,2000,ARI@MIN,MIN,ARI,,,,,,C/1B/UTIL
120486-146700,SS,Freddy,Freddy Zamora,Zamora,,0,2000,STL@MIL,MIL,STL,,,,,,SS/UTIL
120486-197912,OF,Jacob,Jacob Hurtubise,Hurtubise,1.8000000317891438,12,2000,HOU@ATL,HOU,ATL,,,,,,OF/UTIL
120486-85277,2B/OF/1B/3B,Cavan,Cavan Biggio,Biggio,3.573684290835732,38,2000,LAA@SEA,LAA,SEA,,,,,,C/1B/2B/3B/OF/UTIL
120486-146718,SS,Casey,Casey Martin,Martin,,0,2000,STL@MIL,MIL,STL,,,,,,SS/UTIL
120486-146719,OF,Junior,Junior Perez,Perez,,0,2000,CIN@ATH,ATH,CIN,,,,,,OF/UTIL
120486-146726,OF,Josh,Josh Mears,Mears,,0,2000,COL@SD,SD,COL,,,,,,OF/UTIL
120486-79156,SS/2B,David,David Fletcher,Fletcher,2.1666666666666665,6,2000,HOU@ATL,ATL,HOU,,,,,,2B/SS/UTIL
120486-79174,C,Jacob,Jacob Nottingham,Nottingham,,0,2000,LAA@SEA,SEA,LAA,,,,,,C/1B/UTIL
120486-85320,C,Michael,Michael Perez,Perez,0,1,2000,ARI@MIN,ARI,MIN,,,,,,C/1B/UTIL
120486-79189,2B,Travis,Travis Blankenhorn,Blankenhorn,2.9928572518484935,14,2000,LAA@SEA,LAA,SEA,,,,,,2B/UTIL
120486-232803,OF,Zach,Zach Cole,Cole,38.400001525878906,1,2000,HOU@ATL,HOU,ATL,,,,,,OF/UTIL
120486-79213,SS/2B,Scott,Scott Kingery,Kingery,1.9263157091642682,19,2000,LAA@SEA,LAA,SEA,,,,,,2B/SS/UTIL
120486-228716,SS,Chad,Chad Stevens,Stevens,1.8399999618530274,5,2000,LAA@SEA,LAA,SEA,,,,,,SS/UTIL
120486-226686,OF,Rhylan,Rhylan Thomas,Thomas,7.466666539510091,3,2000,LAA@SEA,SEA,LAA,,,,,,OF/UTIL
120486-38276,OF,Albert,Albert Almora,Almora,0,2,2000,ARI@MIN,ARI,MIN,,,,,,OF/UTIL
120486-79240,C,Aramis,Aramis Garcia,Garcia,0,2,2000,ARI@MIN,ARI,MIN,,,,,,C/1B/UTIL
120486-193947,SS,Mason,Mason McCoy,McCoy,2.2636363289572974,11,2000,COL@SD,SD,COL,,,,,,SS/UTIL
120486-79263,OF,Leody,Leody Taveras,Taveras,5.622413898336476,58,2000,LAA@SEA,SEA,LAA,,,,,,OF/UTIL
120486-101811,OF,Sam,Sam Hilliard,Hilliard,7.055000305175781,20,2000,COL@SD,COL,SD,,,,,,OF/UTIL
120486-101821,1B,Edwin,Edwin Rios,Rios,1.8399999618530274,5,2000,CIN@ATH,CIN,ATH,,,,,,C/1B/UTIL
120486-155109,2B,Alejo,Alejo Lopez,Lopez,0,2,2000,CIN@ATH,ATH,CIN,,,,,,2B/UTIL
120486-226808,1B,Blaine,Blaine Crim,Crim,5.816666920979817,6,2000,COL@SD,COL,SD,,,,,,C/1B/UTIL
120486-202259,1B/OF,Trenton,Trenton Brooks,Brooks,2.48,25,2000,COL@SD,SD,COL,,,,,,C/1B/OF/UTIL
120486-101910,1B/OF,Connor,Connor Joe,Joe,2.557142893473307,42,2000,CIN@ATH,CIN,ATH,,,,,,C/1B/OF/UTIL
120486-226840,OF,Carson,Carson McCusker,McCusker,0.8571428571428571,7,2000,ARI@MIN,MIN,ARI,,,,,,OF/UTIL
120486-95772,C,Beau,Beau Taylor,Taylor,,0,2000,LAA@SEA,SEA,LAA,,,,,,C/1B/UTIL
120486-228914,1B,Tristin,Tristin English,English,2.2142857142857144,7,2000,ARI@MIN,ARI,MIN,,,,,,C/1B/UTIL
120486-181820,OF/2B/SS/3B,Brett,Brett Wisely,Wisely,5.454545454545454,22,2000,LAD@SF,SF,LAD,,,,,,2B/3B/SS/OF/UTIL
120486-222781,3B,Cam,Cam Collier,Collier,,0,2000,CIN@ATH,CIN,ATH,,,,,,3B/UTIL
120486-181824,SS,Osleivis,Osleivis Basabe,Basabe,0,1,2000,LAD@SF,SF,LAD,,,,,,SS/UTIL
120486-222791,OF,Zyhir,Zyhir Hope,Hope,,0,2000,LAD@SF,LAD,SF,,,,,,OF/UTIL
120486-222793,OF,Robert,Robert Calaz,Calaz,,0,2000,COL@SD,COL,SD,,,,,,OF/UTIL
120486-222792,OF,Charlie,Charlie Condon,Condon,,0,2000,COL@SD,COL,SD,,,,,,OF/UTIL
120486-226888,2B,Ryan,Ryan Fitzgerald,Fitzgerald,5.324999809265137,16,2000,ARI@MIN,MIN,ARI,,,,,,2B/UTIL
120486-222803,2B,Demetrio,Demetrio Crisantes,Crisantes,,0,2000,ARI@MIN,ARI,MIN,IL,Shoulder,,,,2B/UTIL
120486-222802,OF,Ryan,Ryan Waldschmidt,Waldschmidt,,0,2000,ARI@MIN,ARI,MIN,,,,,,OF/UTIL
120486-222804,OF,Slade,Slade Caldwell,Caldwell,,0,2000,ARI@MIN,ARI,MIN,,,,,,OF/UTIL
120486-222815,3B,Mike,Mike Boeve,Boeve,,0,2000,STL@MIL,MIL,STL,,,,,,3B/UTIL
120486-222818,SS,Leo,Leo De Vries,De Vries,,0,2000,CIN@ATH,ATH,CIN,,,,,,SS/UTIL
120486-222817,SS,Jesus,Jesus Made,Made,,0,2000,STL@MIL,MIL,STL,,,,,,SS/UTIL
120486-222816,SS,Cooper,Cooper Pratt,Pratt,,0,2000,STL@MIL,MIL,STL,,,,,,SS/UTIL
120486-222839,SS,Colt,Colt Emerson,Emerson,,0,2000,LAA@SEA,SEA,LAA,,,,,,SS/UTIL
120486-222836,SS,JJ,JJ Wetherholt,Wetherholt,,0,2000,STL@MIL,STL,MIL,,,,,,SS/UTIL
120486-222842,2B,Michael,Michael Arroyo,Arroyo,,0,2000,LAA@SEA,SEA,LAA,,,,,,2B/UTIL
120486-222841,OF,Lazaro,Lazaro Montes,Montes,,0,2000,LAA@SEA,SEA,LAA,,,,,,OF/UTIL
120486-222840,OF,Jonny,Jonny Farmelo,Farmelo,,0,2000,LAA@SEA,SEA,LAA,,,,,,OF/UTIL
120486-222845,SS/2B,Brice,Brice Matthews,Matthews,8.636363636363637,11,2000,HOU@ATL,HOU,ATL,,,,,,2B/SS/UTIL
120486-222849,C,Eduardo,Eduardo Tait,Tait,,0,2000,ARI@MIN,MIN,ARI,,,,,,C/1B/UTIL
120486-165510,OF,Jay,Jay Allen,Allen,,0,2000,CIN@ATH,CIN,ATH,,,,,,OF/UTIL
120486-165511,C,Mat,Mat Nelson,Nelson,,0,2000,CIN@ATH,CIN,ATH,,,,,,C/1B/UTIL
120486-165515,OF,Malvin,Malvin Valdez,Valdez,,0,2000,CIN@ATH,CIN,ATH,,,,,,OF/UTIL
120486-165517,OF,Ariel,Ariel Almonte,Almonte,,0,2000,CIN@ATH,CIN,ATH,,,,,,OF/UTIL
120486-222860,2B,Christian,Christian Moore,Moore,6.3025641808143025,39,2000,LAA@SEA,LAA,SEA,,,,,,2B/UTIL
120486-165526,OF,Benny,Benny Montgomery,Montgomery,,0,2000,COL@SD,COL,SD,,,,,,OF/UTIL
120486-165530,SS/2B,Adael,Adael Amador,Amador,4.428571428571429,42,2000,COL@SD,COL,SD,,,,,,2B/SS/UTIL
120486-222879,OF,Alan,Alan Roden,Roden,4.616363525390625,55,2000,ARI@MIN,MIN,ARI,IL,Thumb,,,,OF/UTIL
120486-165532,3B,Julio,Julio Carreras,Carreras,0,1,2000,COL@SD,COL,SD,,,,,,3B/UTIL
120486-220839,2B,Cooper,Cooper Bowman,Bowman,,0,2000,CIN@ATH,ATH,CIN,,,,,,2B/UTIL
120486-165558,OF,Tyler,Tyler Whitaker,Whitaker,,0,2000,HOU@ATL,HOU,ATL,,,,,,OF/UTIL
120486-165563,SS,Cristian,Cristian Gonzalez,Gonzalez,,0,2000,HOU@ATL,HOU,ATL,,,,,,SS/UTIL
120486-165567,3B/2B/OF,Shay,Shay Whitcomb,Whitcomb,1.8649999618530273,20,2000,HOU@ATL,HOU,ATL,,,,,,2B/3B/OF/UTIL
120486-165575,SS,Denzer,Denzer Guzman,Guzman,,0,2000,LAA@SEA,LAA,SEA,,,,,,SS/UTIL
120486-165576,SS,Adrian,Adrian Placencia,Placencia,,0,2000,LAA@SEA,LAA,SEA,,,,,,SS/UTIL
120486-163533,C,Jose,Jose Herrera,Herrera,5.650000210466056,58,2000,ARI@MIN,ARI,MIN,,,,,,C/1B/UTIL
120486-188114,SS,Connor,Connor Kaiser,Kaiser,3.171428680419922,7,2000,ARI@MIN,ARI,MIN,,,,,,SS/UTIL
120486-165590,SS,Wilman,Wilman Diaz,Diaz,,0,2000,LAD@SF,LAD,SF,,,,,,SS/UTIL
120486-165593,OF,Jose,Jose Ramos,Ramos,0,2,2000,LAD@SF,LAD,SF,,,,,,OF/UTIL
120486-165598,C,Jesus,Jesus Galiz,Galiz,,0,2000,LAD@SF,LAD,SF,IL,Undisclosed,,,,C/1B/UTIL
120486-116450,OF,Seth,Seth Brown,Brown,3.149999919690584,38,2000,ARI@MIN,ARI,MIN,,,,,,OF/UTIL
120486-165601,SS,Jose,Jose Salas,Salas,,0,2000,ARI@MIN,MIN,ARI,,,,,,SS/UTIL
120486-165604,C,Jeferson,Jeferson Quero,Quero,,0,2000,STL@MIL,MIL,STL,,,,,,C/1B/UTIL
120486-165610,3B,Zavier,Zavier Warren,Warren,,0,2000,STL@MIL,MIL,STL,,,,,,3B/UTIL
120486-165619,SS,Noah,Noah Miller,Miller,,0,2000,LAD@SF,LAD,SF,,,,,,SS/UTIL
120486-165622,SS,Jheremy,Jheremy Vargas,Vargas,,0,2000,STL@MIL,MIL,STL,,,,,,SS/UTIL
120486-165626,OF,Emmanuel,Emmanuel Rodriguez,Rodriguez,0,1,2000,ARI@MIN,MIN,ARI,,,,,,OF/UTIL
120486-202502,OF,Blake,Blake Dunn,Dunn,4.983333333333333,30,2000,CIN@ATH,CIN,ATH,,,,,,OF/UTIL
120486-165644,OF,Pedro,Pedro Pineda,Pineda,,0,2000,CIN@ATH,ATH,CIN,,,,,,OF/UTIL
120486-165652,OF,Yhoswar,Yhoswar Garcia,Garcia,,0,2000,STL@MIL,MIL,STL,,,,,,OF/UTIL
120486-165662,SS,Euribiel,Euribiel Angeles,Angeles,,0,2000,CIN@ATH,ATH,CIN,,,,,,SS/UTIL
120486-165663,SS,Victor,Victor Acosta,Acosta,,0,2000,CIN@ATH,CIN,ATH,,,,,,SS/UTIL
120486-165675,SS,Edwin,Edwin Arroyo,Arroyo,,0,2000,CIN@ATH,CIN,ATH,,,,,,SS/UTIL
120486-165679,3B,Milkar,Milkar Perez,Perez,,0,2000,LAA@SEA,SEA,LAA,,,,,,3B/UTIL
120486-165683,OF,Gabriel,Gabriel Gonzalez,Gonzalez,,0,2000,ARI@MIN,MIN,ARI,,,,,,OF/UTIL
120486-165681,3B,Starlin,Starlin Aguilar,Aguilar,,0,2000,LAA@SEA,SEA,LAA,,,,,,3B/UTIL
120486-165685,SS,Aeverson,Aeverson Arteaga,Arteaga,,0,2000,LAD@SF,SF,LAD,,,,,,SS/UTIL
120486-165690,C,Brett,Brett Auerbach,Auerbach,,0,2000,LAD@SF,SF,LAD,,,,,,C/1B/UTIL
120486-165692,OF,Joshua,Joshua Baez,Baez,,0,2000,STL@MIL,STL,MIL,,,,,,OF/UTIL
120486-110404,3B,Mike,Mike Brosseau,Brosseau,0,1,2000,COL@SD,SD,COL,,,,,,3B/UTIL
120486-163653,OF,Allan,Allan Cerda,Cerda,,0,2000,ARI@MIN,MIN,ARI,,,,,,OF/UTIL
120486-163661,3B/2B,Eguy,Eguy Rosario,Rosario,4.193548387096774,31,2000,COL@SD,SD,COL,IL,Abdomen,,,,2B/3B/UTIL
120486-165718,2B/OF,Samad,Samad Taylor,Taylor,1.5499999523162842,4,2000,LAA@SEA,SEA,LAA,,,,,,2B/OF/UTIL
120486-163669,C,Bryan,Bryan Lavastida,Lavastida,,0,2000,CIN@ATH,ATH,CIN,,,,,,C/1B/UTIL
120486-163672,3B/1B,Jonah,Jonah Bride,Bride,3.086666531032986,45,2000,ARI@MIN,MIN,ARI,,,,,,C/1B/3B/UTIL
120486-163694,SS,Eddys,Eddys Leonard,Leonard,0,1,2000,HOU@ATL,ATL,HOU,,,,,,SS/UTIL
120486-102279,3B,Drew,Drew Ellis,Ellis,,0,2000,LAD@SF,SF,LAD,,,,,,3B/UTIL
120486-102285,OF,Cristian,Cristian Pache,Pache,3.2876405180170294,89,2000,ARI@MIN,ARI,MIN,,,,,,OF/UTIL
120486-182170,OF,Oscar,Oscar Colas,Colas,4.228571483067104,14,2000,LAA@SEA,LAA,SEA,,,,,,OF/UTIL
120486-102309,OF,Michael,Michael Siani,Siani,1.6210525914242393,19,2000,STL@MIL,STL,MIL,,,,,,OF/UTIL
120486-102339,C,Diego,Diego Cartaya,Cartaya,0,2,2000,LAD@SF,SF,LAD,,,,,,C/1B/UTIL
120486-81869,C,Chad,Chad Wallach,Wallach,0,1,2000,LAA@SEA,LAA,SEA,,,,,,C/1B/UTIL
120486-171986,3B,Matthew,Matthew Batten,Batten,4.5,2,2000,HOU@ATL,ATL,HOU,,,,,,3B/UTIL
120486-102359,C,Will,Will Banfield,Banfield,0.42857142857142855,7,2000,CIN@ATH,CIN,ATH,,,,,,C/1B/UTIL
120486-102384,SS,Jeremy,Jeremy Eierman,Eierman,,0,2000,CIN@ATH,ATH,CIN,,,,,,SS/UTIL
120486-180208,2B/3B/SS/OF,Miles,Miles Mastrobuoni,Mastrobuoni,4.293333333333333,75,2000,LAA@SEA,SEA,LAA,,,,,,2B/3B/SS/OF/UTIL
120486-102391,OF,Tirso,Tirso Ornelas,Ornelas,1.7857142857142858,7,2000,COL@SD,SD,COL,,,,,,OF/UTIL
120486-102392,OF,Esteury,Esteury Ruiz,Ruiz,3.3894737645199426,19,2000,LAD@SF,LAD,SF,,,,,,OF/UTIL
120486-102398,OF,Jarred,Jarred Kelenic,Kelenic,4.100000063578288,24,2000,HOU@ATL,ATL,HOU,,,,,,OF/UTIL