Id,Position,First Name,Nickname,Last Name,FPPG,Played,Salary,Game,Team,Opponent,Injury Indicator,Injury Details,Tier,Probable Pitcher,Batting Order,Roster Position
120671-80582,P,Brandon,Brandon Woodruff,Woodruff,36.666666666666664,12,10800,LAA@MIL,MIL,LAA,,,,,,P
120671-52183,P,Tyler,Tyler Glasnow,Glasnow,31.0625,16,10600,SF@LAD,LAD,SF,,,,,,P
120671-198625,P,Yoshinobu,Yoshinobu Yamamoto,Yamamoto,37.285714285714285,28,10500,SF@LAD,LAD,SF,,,,Yes,,P
120671-82607,P,Trevor,Trevor Rogers,Rogers,39.3125,16,10400,NYY@BAL,BAL,NYY,,,,,,P
120671-82550,P,Hunter,Hunter Greene,Greene,35.588235294117645,17,10100,CHC@CIN,CIN,CHC,,,,Yes,,P
120671-68488,P,Blake,Blake Snell,Snell,36.8,10,10100,SF@LAD,LAD,SF,,,,,,P
120671-60633,P,Carlos,Carlos Rodon,Rodon,35.096774193548384,31,10000,NYY@BAL,NYY,BAL,,,,,,P
120671-83190,P,Freddy,Freddy Peralta,Peralta,35.41935483870968,31,10000,LAA@MIL,MIL,LAA,,,,,,P
120671-185606,P,Gavin,Gavin Stone,Stone,28.4,25,9900,SF@LAD,LAD,SF,IL,Shoulder,,,,P
120671-163700,P,Kyle,Kyle Bradish,Bradish,38,4,9800,NYY@BAL,BAL,NYY,,,,,,P
120671-52185,P,Max,Max Fried,Fried,34.733333333333334,30,9800,NYY@BAL,NYY,BAL,,,,Yes,,P
120671-145922,P,Tyler,Tyler Wells,Wells,34.333333333333336,3,9700,NYY@BAL,BAL,NYY,,,,,,P
120671-82621,P,Clarke,Clarke Schmidt,Schmidt,30,14,9600,NYY@BAL,NYY,BAL,IL,Elbow,,,,P
120671-101839,P,Logan,Logan Webb,Webb,36.70967741935484,31,9500,SF@LAD,SF,LAD,,,,Yes,,P
120671-102294,P,Grayson,Grayson Rodriguez,Rodriguez,35.6,20,9500,NYY@BAL,BAL,NYY,IL,Elbow,,,,P
120671-102344,P,Brady,Brady Singer,Singer,29.6,30,9500,CHC@CIN,CIN,CHC,,,,,,P
120671-228790,P,Cam,Cam Schlittler,Schlittler,29.5,12,9400,NYY@BAL,NYY,BAL,,,,,,P
120671-198876,P,Cade,Cade Horton,Horton,27.90909090909091,22,9300,CHC@CIN,CHC,CIN,,,,,,P
120671-219653,P,Logan,Logan Henderson,Henderson,36.4,5,9300,LAA@MIL,MIL,LAA,IL,Elbow,,,,P
120671-165512,P,Andrew,Andrew Abbott,Abbott,31.333333333333332,27,9200,CHC@CIN,CIN,CHC,,,,,,P
120671-63136,P,Matthew,Matthew Boyd,Boyd,31.2,30,9200,CHC@CIN,CHC,CIN,,,,,,P
120671-198702,P,Shota,Shota Imanaga,Imanaga,29.869565217391305,23,9100,CHC@CIN,CHC,CIN,,,,,,P
120671-16956,P,Gerrit,Gerrit Cole,Cole,32,22,9000,NYY@BAL,NYY,BAL,IL,Elbow,,,,P
120671-53029,P,Robbie,Robbie Ray,Ray,32.225806451612904,31,9000,SF@LAD,SF,LAD,,,,,,P
120671-5202,P,Justin,Justin Verlander,Verlander,25.37037037037037,27,8900,SF@LAD,SF,LAD,,,,,,P
120671-197981,P,Jacob,Jacob Misiorowski,Misiorowski,29.076923076923077,13,8900,LAA@MIL,MIL,LAA,,,,,,P
120671-119329,P,Nick,Nick Lodolo,Lodolo,30.23076923076923,26,8900,CHC@CIN,CIN,CHC,,,,,,P
120671-187967,P,Emmet,Emmet Sheehan,Sheehan,30.692307692307693,13,8900,SF@LAD,LAD,SF,,,,,,P
120671-219663,P,Chad,Chad Patrick,Patrick,24.375,24,8800,LAA@MIL,MIL,LAA,,,,,,P
120671-222782,P,Chase,Chase Burns,Burns,23.7,10,8800,CHC@CIN,CIN,CHC,,,,,,P
120671-16961,P,Jameson,Jameson Taillon,Taillon,26.80952380952381,21,8800,CHC@CIN,CHC,CIN,,,,,,P
120671-102447,P,Dean,Dean Kremer,Kremer,25.93103448275862,29,8600,NYY@BAL,BAL,NYY,,,,,,P
120671-119409,P,Quinn,Quinn Priester,Priester,27.74074074074074,27,8600,LAA@MIL,MIL,LAA,,,,Yes,,P
120671-5427,P,Clayton,Clayton Kershaw,Kershaw,24.15,20,8500,SF@LAD,LAD,SF,,,,,,P
120671-199728,P,Landen,Landen Roupp,Roupp,25.545454545454547,22,8400,SF@LAD,SF,LAD,IL,Knee,,,,P
120671-118206,P,Luis,Luis Gil,Gil,25.22222222222222,9,8400,NYY@BAL,NYY,BAL,,,,,,P
120671-222787,P,Roki,Roki Sasaki,Sasaki,16.375,8,8400,SF@LAD,LAD,SF,IL,Shoulder,,,,P
120671-21099,P,Jose,Jose Quintana,Quintana,24.416666666666668,24,8100,LAA@MIL,MIL,LAA,IL,Calf,,,,P
120671-102343,P,Tony,Tony Gonsolin,Gonsolin,26.285714285714285,7,8100,SF@LAD,LAD,SF,IL,Elbow,,,,P
120671-198879,P,Rhett,Rhett Lowder,Lowder,27,6,8000,CHC@CIN,CIN,CHC,IL,Oblique,,,,P
120671-83166,P,Zack,Zack Littell,Littell,26.466666666666665,30,7900,CHC@CIN,CIN,CHC,,,,,,P
120671-102345,P,Jose,Jose Soriano,Soriano,27.193548387096776,31,7900,LAA@MIL,LAA,MIL,DTD,Forearm,,,,P
120671-79073,P,Michael,Michael Soroka,Soroka,23.944444444444443,18,7800,CHC@CIN,CHC,CIN,,,,,,P
120671-81594,P,Dietrich,Dietrich Enns,Enns,10.333333333333334,21,7800,NYY@BAL,BAL,NYY,,,,,,P
120671-198912,P,Will,Will Warren,Warren,25.258064516129032,31,7700,NYY@BAL,NYY,BAL,,,,,,P
120671-204505,P,Justin,Justin Wrobleski,Wrobleski,16,20,7700,SF@LAD,LAD,SF,,,,,,P
120671-68485,P,Ryan,Ryan Yarbrough,Yarbrough,15.263157894736842,19,7700,NYY@BAL,NYY,BAL,,,,,,P
120671-135650,P,Landon,Landon Knack,Knack,20.11111111111111,9,7600,SF@LAD,LAD,SF,,,,,,P
120671-102001,P,Yusei,Yusei Kikuchi,Kikuchi,27.516129032258064,31,7600,LAA@MIL,LAA,MIL,,,,Yes,,P
120671-135229,P,Reid,Reid Detmers,Detmers,6.389830508474576,61,7500,LAA@MIL,LAA,MIL,IL,Elbow,,,,P
120671-219659,P,Brandon,Brandon Young,Young,17.333333333333332,12,7400,NYY@BAL,BAL,NYY,IL,Hamstring,,,,P
120671-165561,P,Chayce,Chayce McDermott,McDermott,6.333333333333333,3,7400,NYY@BAL,BAL,NYY,,,,,,P
120671-68482,P,Zach,Zach Eflin,Eflin,20.214285714285715,14,7300,NYY@BAL,BAL,NYY,IL,Back,,,,P
120671-53398,P,Kyle,Kyle Hendricks,Hendricks,20.275862068965516,29,7200,LAA@MIL,LAA,MIL,,,,,,P
120671-232673,P,Mitch,Mitch Farris,Farris,24.333333333333332,3,7200,LAA@MIL,LAA,MIL,,,,,,P
120671-181837,P,Ben,Ben Brown,Brown,20.56,25,7200,CHC@CIN,CHC,CIN,,,,,,P
120671-164529,P,Jordan,Jordan Wicks,Wicks,5,6,7200,CHC@CIN,CHC,CIN,,,,,,P
120671-202541,P,Cade,Cade Povich,Povich,24.55,20,7200,NYY@BAL,BAL,NYY,,,,Yes,,P
120671-70470,P,Albert,Albert Suarez,Suarez,13.6,5,7200,NYY@BAL,BAL,NYY,IL,Elbow,,,,P
120671-197914,P,Nick,Nick Frasso,Frasso,0,2,7100,SF@LAD,LAD,SF,,,,,,P
120671-38246,P,Tyler,Tyler Anderson,Anderson,21.153846153846153,26,7100,LAA@MIL,LAA,MIL,IL,Oblique,,,,P
120671-101810,P,Justin,Justin Steele,Steele,29.25,4,7100,CHC@CIN,CHC,CIN,IL,Elbow,,,,P
120671-220895,P,Tomoyuki,Tomoyuki Sugano,Sugano,22.5,28,7100,NYY@BAL,BAL,NYY,,,,,,P
120671-202608,P,Carlos,Carlos Rodriguez,Rodriguez,8.666666666666666,3,7100,LAA@MIL,MIL,LAA,,,,,,P
120671-102572,P,Tobias,Tobias Myers,Myers,9.736842105263158,19,7000,LAA@MIL,MIL,LAA,,,,,,P
120671-82557,P,Aaron,Aaron Civale,Civale,19.714285714285715,21,7000,CHC@CIN,CHC,CIN,,,,,,P
120671-64488,P,Colin,Colin Rea,Rea,21.466666666666665,30,7000,CHC@CIN,CHC,CIN,,,,Yes,,P
120671-79853,P,Jordan,Jordan Montgomery,Montgomery,17.16,25,7000,LAA@MIL,MIL,LAA,IL,Elbow,,,,P
120671-211069,P,Sam,Sam Aldegheri,Aldegheri,5,2,6900,LAA@MIL,LAA,MIL,,,,,,P
120671-53590,P,Nick,Nick Martinez,Martinez,18.75,36,6900,CHC@CIN,CIN,CHC,,,,,,P
120671-176240,P,Luis F.,Luis F. Castillo,Castillo,9,2,6800,NYY@BAL,BAL,NYY,,,,,,P
120671-198938,P,Carson,Carson Whisenhunt,Whisenhunt,18.2,5,6800,SF@LAD,SF,LAD,IL,Back,,,,P
120671-185845,P,Allan,Allan Winans,Winans,6.333333333333333,3,6800,NYY@BAL,NYY,BAL,,,,,,P
120671-80859,P,Paul,Paul Blackburn,Blackburn,9,12,6800,NYY@BAL,NYY,BAL,,,,,,P
120671-198891,P,Caden,Caden Dana,Dana,15.8,5,6700,LAA@MIL,LAA,MIL,,,,,,P
120671-226810,P,Blade,Blade Tidwell,Tidwell,9,4,6700,SF@LAD,SF,LAD,IL,Shoulder,,,,P
120671-197899,P,Kai-Wei,Kai-Wei Teng,Teng,19.142857142857142,7,6600,SF@LAD,SF,LAD,,,,,,P
120671-82537,P,DL,DL Hall,Hall,8.31578947368421,19,6600,LAA@MIL,MIL,LAA,IL,Oblique,,,,P
120671-203678,P,Hayden,Hayden Birdsong,Birdsong,16.2,21,6600,SF@LAD,SF,LAD,,,,,,P
120671-102515,P,Aaron,Aaron Ashby,Ashby,9.18421052631579,38,6500,LAA@MIL,MIL,LAA,,,,,,P
120671-60627,P,Touki,Touki Toussaint,Toussaint,9,1,6500,LAA@MIL,LAA,MIL,,,,,,P
120671-178415,P,Javier,Javier Assad,Assad,19.166666666666668,6,6500,CHC@CIN,CHC,CIN,,,,,,P
120671-135648,P,Bobby,Bobby Miller,Miller,7.5,2,6500,SF@LAD,LAD,SF,,,,,,P
120671-194242,P,Carson,Carson Spiers,Spiers,16.666666666666668,3,6500,CHC@CIN,CIN,CHC,IL,Elbow,,,,P
120671-165665,P,Robert,Robert Gasser,Gasser,25.6,5,6500,LAA@MIL,MIL,LAA,,,,,,P
120671-68452,P,Kenta,Kenta Maeda,Maeda,3.857142857142857,7,6500,NYY@BAL,NYY,BAL,,,,,,P
120671-209846,P,Ben,Ben Casparius,Casparius,8.177777777777777,46,6500,SF@LAD,LAD,SF,,,,,,P
120671-52167,P,Andrew,Andrew Heaney,Heaney,17.5,26,6500,SF@LAD,LAD,SF,,,,,,P
120671-170174,P,Chase,Chase Silseth,Silseth,6.571428571428571,7,6400,LAA@MIL,LAA,MIL,,,,,,P
120671-119355,P,Jack,Jack Kochanowicz,Kochanowicz,14.391304347826088,23,6400,LAA@MIL,LAA,MIL,,,,,,P
120671-165508,P,Graham,Graham Ashcraft,Ashcraft,5.75,56,6400,CHC@CIN,CIN,CHC,,,,,,P
120671-165618,P,Chase,Chase Petty,Petty,0,3,6400,CHC@CIN,CIN,CHC,,,,,,P
120671-79254,P,Dakota,Dakota Hudson,Hudson,14.38888888888889,18,6300,LAA@MIL,LAA,MIL,,,,,,P
120671-68564,P,Erick,Erick Fedde,Fedde,14.833333333333334,30,6300,LAA@MIL,MIL,LAA,,,,,,P
120671-53608,P,Jose,Jose Urena,Urena,10.588235294117647,17,6200,LAA@MIL,LAA,MIL,,,,,,P
120671-181823,P,Keaton,Keaton Winn,Winn,6,7,6200,SF@LAD,SF,LAD,,,,,,P
120671-119416,P,Brandon,Brandon Williamson,Williamson,15.25,4,6200,CHC@CIN,CIN,CHC,IL,Elbow,,,,P
120671-82636,P,Joey,Joey Lucchesi,Lucchesi,4.314285714285714,35,6200,SF@LAD,SF,LAD,,,,,,P
120671-199459,P,Nick,Nick Nastrini,Nastrini,11.666666666666666,9,6200,SF@LAD,LAD,SF,,,,,,P
120671-12972,P,Wade,Wade Miley,Miley,12,3,6100,CHC@CIN,CIN,CHC,IL,Forearm,,,,P
120671-163692,P,Jose,Jose Butto,Butto,5.884615384615385,52,6100,SF@LAD,SF,LAD,,,,,,P
120671-209958,P,Julian,Julian Aguiar,Aguiar,15.142857142857142,7,6000,CHC@CIN,CIN,CHC,IL,Elbow,,,,P
120671-102446,P,Tristan,Tristan Beck,Beck,6.777777777777778,27,6000,SF@LAD,SF,LAD,,,,,,P
120671-83098,P,Austin,Austin Gomber,Gomber,10.916666666666666,12,6000,CHC@CIN,CHC,CIN,,,,,,P
120671-219706,P,Carson,Carson Seymour,Seymour,7.928571428571429,14,6000,SF@LAD,SF,LAD,,,,,,P
120671-68505,P,Carson,Carson Fulmer,Fulmer,8.384615384615385,13,6000,LAA@MIL,LAA,MIL,IL,Elbow,,,,P
120671-102342,P,Michael,Michael Grove,Grove,6.325,40,6000,SF@LAD,LAD,SF,IL,Shoulder,,,,P
120671-79072,P,Brad,Brad Keller,Keller,5.984615384615385,65,5900,CHC@CIN,CHC,CIN,,,,,,P
120671-146728,P,Connor,Connor Phillips,Phillips,7.5625,16,5900,CHC@CIN,CIN,CHC,,,,,,P
120671-199224,P,Mason,Mason Black,Black,18,1,5900,SF@LAD,SF,LAD,,,,,,P
120671-52873,P,Joe,Joe Ross,Ross,5.416666666666667,37,5900,CHC@CIN,CHC,CIN,,,,,,P
120671-189299,P,Victor,Victor Mederos,Mederos,10.2,5,5800,LAA@MIL,LAA,MIL,IL,Shoulder,,,,P
120671-135208,P,Shawn,Shawn Dubin,Dubin,4.666666666666667,30,5700,NYY@BAL,BAL,NYY,IL,Elbow,,,,P
120671-101838,P,JT,JT Brubaker,Brubaker,5.466666666666667,15,5700,SF@LAD,SF,LAD,,,,,,P
120671-102297,P,Keegan,Keegan Thompson,Thompson,8.363636363636363,24,5700,CHC@CIN,CHC,CIN,,,,,,P
120671-102462,P,Lyon,Lyon Richardson,Richardson,4.5625,34,5600,CHC@CIN,CIN,CHC,,,,,,P
120671-13312,P,Ryan,Ryan Brasier,Brasier,3.5357142857142856,28,5500,CHC@CIN,CHC,CIN,IL,Groin,,,,P
120671-102405,P,Sean,Sean Hjelle,Hjelle,3.75,12,5500,SF@LAD,SF,LAD,,,,,,P
120671-226310,P,Jose,Jose Fermin,Fermin,4.9714285714285715,36,5500,LAA@MIL,LAA,MIL,,,,,,P
120671-79895,P,Miguel,Miguel Diaz,Diaz,3,1,5500,SF@LAD,SF,LAD,,,,,,P
120671-82999,P,Scott,Scott Barlow,Barlow,5.013888888888889,73,5500,CHC@CIN,CIN,CHC,,,,,,P
120671-212025,P,Zach,Zach Penrod,Penrod,3,7,5500,SF@LAD,LAD,SF,,,,,,P
120671-79936,P,Mark,Mark Leiter Jr.,Leiter Jr.,4.482142857142857,57,5500,NYY@BAL,NYY,BAL,,,,,,P
120671-154688,P,Jake,Jake Cousins,Cousins,6.4186046511627906,43,5500,NYY@BAL,NYY,BAL,IL,Elbow,,,,P
120671-102470,P,Rico,Rico Garcia,Garcia,6.12,25,5500,NYY@BAL,BAL,NYY,,,,,,P
120671-135237,P,Nick,Nick Mears,Mears,4.3559322033898304,60,5500,LAA@MIL,MIL,LAA,,,,,,P
120671-179275,P,Fernando,Fernando Cruz,Cruz,7.069767441860465,44,5500,NYY@BAL,NYY,BAL,,,,,,P
120671-102474,P,Eli,Eli Morgan,Morgan,0.5714285714285714,7,5500,CHC@CIN,CHC,CIN,IL,Elbow,,,,P
120671-209997,P,Jack,Jack Neely,Neely,3.5,6,5500,CHC@CIN,CHC,CIN,,,,,,P
120671-135253,P,Alex,Alex Vesia,Vesia,5.666666666666667,63,5500,SF@LAD,LAD,SF,,,,,,P
120671-135256,P,Connor,Connor Brogdon,Brogdon,4.82051282051282,40,5500,LAA@MIL,LAA,MIL,,,,,,P
120671-195681,P,Jose,Jose Espada,Espada,,0,5500,NYY@BAL,BAL,NYY,,,,,,P
120671-116839,P,David,David Bednar,Bednar,6.758620689655173,59,5500,NYY@BAL,NYY,BAL,,,,,,P
120671-194675,P,Luke,Luke Little,Little,8.5,2,5500,CHC@CIN,CHC,CIN,,,,,,P
120671-231540,P,Houston,Houston Roth,Roth,,0,5500,NYY@BAL,BAL,NYY,,,,,,P
120671-102523,P,Deivi,Deivi Garcia,Garcia,4.285714285714286,14,5500,CHC@CIN,CIN,CHC,,,,,,P
120671-13438,P,Drew,Drew Pomeranz,Pomeranz,5.037735849056604,53,5500,CHC@CIN,CHC,CIN,,,,,,P
120671-232576,P,Zach,Zach Maxwell,Maxwell,6.75,8,5500,CHC@CIN,CIN,CHC,,,,,,P
120671-102542,P,Travis,Travis MacGregor,MacGregor,,0,5500,LAA@MIL,MIL,LAA,,,,,,P
120671-170135,P,Yennier,Yennier Cano,Cano,3.8852459016393444,61,5500,NYY@BAL,BAL,NYY,,,,,,P
120671-38043,P,Enny,Enny Romero,Romero,,0,5500,SF@LAD,SF,LAD,,,,,,P
120671-81052,P,Andrew,Andrew Kittredge,Kittredge,5.764705882352941,51,5500,CHC@CIN,CHC,CIN,,,,,,P
120671-80033,P,Emilio,Emilio Pagan,Pagan,5.703125,64,5500,CHC@CIN,CIN,CHC,,,,,,P
120671-102560,P,Camilo,Camilo Doval,Doval,5.136363636363637,66,5500,NYY@BAL,NYY,BAL,,,,,,P
120671-12452,P,Kenley,Kenley Jansen,Jansen,5.315789473684211,59,5500,LAA@MIL,LAA,MIL,,,,,,P
120671-195748,P,Kelvin,Kelvin Caceres,Caceres,0,2,5500,LAA@MIL,LAA,MIL,,,,,,P
120671-102570,P,Sandy,Sandy Gaston,Gaston,,0,5500,LAA@MIL,LAA,MIL,,,,,,P
120671-83145,P,Jose,Jose Castillo,Castillo,5.173913043478261,24,5500,NYY@BAL,BAL,NYY,,,,,,P
120671-145609,P,Peter,Peter Solomon,Solomon,,0,5500,CHC@CIN,CHC,CIN,,,,,,P
120671-83149,P,Jesus,Jesus Liranzo,Liranzo,,0,5500,LAA@MIL,MIL,LAA,,,,,,P
120671-206028,P,River,River Ryan,Ryan,28,4,5500,SF@LAD,LAD,SF,IL,Elbow,,,,P
120671-83154,P,Miguel,Miguel Del Pozo,Del Pozo,,0,5500,SF@LAD,SF,LAD,,,,,,P
120671-145620,P,Helcris,Helcris Olivarez,Olivarez,,0,5500,SF@LAD,SF,LAD,,,,,,P
120671-38106,P,Kirby,Kirby Yates,Yates,5.021739130434782,48,5500,SF@LAD,LAD,SF,,,,,,P
120671-79067,P,Alex,Alex Young,Young,4.529411764705882,17,5500,CHC@CIN,CIN,CHC,IL,Elbow,,,,P
120671-83163,P,Jonathan,Jonathan Loaisiga,Loaisiga,4.066666666666666,30,5500,NYY@BAL,NYY,BAL,IL,Elbow,,,,P
120671-79066,P,Anthony,Anthony Banda,Banda,4.641791044776119,67,5500,SF@LAD,LAD,SF,,,,,,P
120671-145630,P,Kervin,Kervin Castro,Castro,,0,5500,NYY@BAL,NYY,BAL,,,,,,P
120671-83170,P,Thomas,Thomas Pannone,Pannone,,0,5500,LAA@MIL,MIL,LAA,IL,Forearm,,,,P
120671-198890,P,Walter,Walter Pennington,Pennington,5.8125,16,5500,NYY@BAL,BAL,NYY,,,,,,P
120671-136424,P,Jake,Jake Brentz,Brentz,0,1,5500,CHC@CIN,CHC,CIN,,,,,,P
120671-79085,P,Keegan,Keegan Akin,Akin,5.237288135593221,60,5500,NYY@BAL,BAL,NYY,,,,,,P
120671-79084,P,Tanner,Tanner Scott,Scott,4.490909090909091,57,5500,SF@LAD,LAD,SF,,,,,,P
120671-83184,P,Julian,Julian Merryweather,Merryweather,3.0952380952380953,21,5500,LAA@MIL,MIL,LAA,,,,,,P
120671-198901,P,Chase,Chase Hampton,Hampton,,0,5500,NYY@BAL,NYY,BAL,IL,Elbow,,,,P
120671-197887,P,Porter,Porter Hodge,Hodge,4.628571428571429,35,5500,CHC@CIN,CHC,CIN,,,,,,P
120671-197891,P,Michael,Michael Arias,Arias,0,2,5500,NYY@BAL,NYY,BAL,,,,,,P
120671-194816,P,Kyle,Kyle Hurt,Hurt,8.666666666666666,5,5500,SF@LAD,LAD,SF,IL,Elbow,,,,P
120671-21764,P,Caleb,Caleb Thielbar,Thielbar,4.8125,64,5500,CHC@CIN,CHC,CIN,,,,,,P
120671-85255,P,Shaun,Shaun Anderson,Anderson,4.857142857142857,7,5500,LAA@MIL,LAA,MIL,,,,,,P
120671-72971,P,Ben,Ben Heller,Heller,4.5,8,5500,CHC@CIN,CHC,CIN,IL,Undisclosed,,,,P
120671-197897,P,Trevor,Trevor McDonald,McDonald,3,1,5500,SF@LAD,SF,LAD,,,,,,P
120671-197896,P,Will,Will Klein,Klein,7.1,10,5500,SF@LAD,LAD,SF,,,,,,P
120671-70933,P,Brock,Brock Stewart,Stewart,5.209302325581396,43,5500,SF@LAD,LAD,SF,IL,Shoulder,,,,P
120671-79129,P,Kyle,Kyle Funkhouser,Funkhouser,,0,5500,SF@LAD,LAD,SF,,,,,,P
120671-179490,P,Cole,Cole Waites,Waites,,0,5500,SF@LAD,SF,LAD,,,,,,P
120671-116002,P,Joel,Joel Kuhnel,Kuhnel,5,6,5500,NYY@BAL,NYY,BAL,,,,,,P
120671-146727,P,Justin,Justin Lange,Lange,,0,5500,NYY@BAL,NYY,BAL,IL,Undisclosed,,,,P
120671-85286,P,Ian,Ian Gibaut,Gibaut,3.28,25,5500,CHC@CIN,CIN,CHC,IL,Shoulder,,,,P
120671-79144,P,Scott,Scott Blewett,Blewett,6.730769230769231,26,5500,NYY@BAL,BAL,NYY,IL,Elbow,,,,P
120671-85288,P,Brusdar,Brusdar Graterol,Graterol,4.4,10,5500,SF@LAD,LAD,SF,IL,Shoulder,,,,P
120671-79148,P,A.J.,A.J. Puckett,Puckett,,0,5500,CHC@CIN,CHC,CIN,,,,,,P
120671-79150,P,Josh,Josh Staumont,Staumont,4.12,25,5500,CHC@CIN,CIN,CHC,IL,Undisclosed,,,,P
120671-185662,P,Sammy,Sammy Peralta,Peralta,5.75,4,5500,LAA@MIL,LAA,MIL,,,,,,P
120671-180540,P,Easton,Easton McGee,McGee,6.222222222222222,9,5500,LAA@MIL,MIL,LAA,,,,,,P
120671-203074,P,Spencer,Spencer Bivens,Bivens,6.346938775510204,49,5500,SF@LAD,SF,LAD,,,,,,P
120671-228678,P,Sam,Sam Benschoter,Benschoter,,0,5500,CHC@CIN,CIN,CHC,,,,,,P
120671-118106,P,Victor,Victor Gonzalez,Gonzalez,3.1481481481481484,27,5500,LAA@MIL,LAA,MIL,,,,,,P
120671-79196,P,Albert,Albert Abreu,Abreu,,0,5500,CHC@CIN,CIN,CHC,,,,,,P
120671-38251,P,Hunter,Hunter Strickland,Strickland,4.7368421052631575,19,5500,LAA@MIL,LAA,MIL,IL,Shoulder,,,,P
120671-57717,P,Buck,Buck Farmer,Farmer,6.049180327868853,61,5500,CHC@CIN,CIN,CHC,,,,,,P
120671-170384,P,Yerry,Yerry de los Santos,de los Santos,6.333333333333333,25,5500,NYY@BAL,NYY,BAL,,,,,,P
120671-38303,P,Andrew,Andrew Chafin,Chafin,4.7,42,5500,LAA@MIL,LAA,MIL,IL,Triceps,,,,P
120671-118180,P,Tucker,Tucker Davidson,Davidson,23,1,5500,LAA@MIL,MIL,LAA,,,,,,P
120671-101801,P,Joel,Joel Payamps,Payamps,2.7037037037037037,27,5500,LAA@MIL,MIL,LAA,,,,,,P
120671-118191,P,Antonio,Antonio Santos,Santos,,0,5500,CHC@CIN,CHC,CIN,,,,,,P
120671-118195,P,Tejay,Tejay Antone,Antone,4.5,6,5500,CHC@CIN,CIN,CHC,,,,,,P
120671-158134,P,Stephen,Stephen Ridings,Ridings,,0,5500,SF@LAD,LAD,SF,,,,,,P
120671-136639,P,Burl,Burl Carraway,Carraway,,0,5500,CHC@CIN,CHC,CIN,,,,,,P
120671-188863,P,Randy,Randy Wynne,Wynne,15,1,5500,CHC@CIN,CIN,CHC,,,,,,P
120671-40382,P,Luis,Luis Garcia,Garcia,4.709090909090909,55,5500,LAA@MIL,LAA,MIL,,,,,,P
120671-101825,P,Jose,Jose Quijada,Quijada,6.5,2,5500,LAA@MIL,LAA,MIL,,,,,,P
120671-101826,P,Jordan,Jordan Holloway,Holloway,,0,5500,LAA@MIL,LAA,MIL,,,,,,P
120671-118216,P,Tyson,Tyson Miller,Miller,5.689655172413793,58,5500,CHC@CIN,CHC,CIN,,,,,,P
120671-200143,P,Josh,Josh Maciejewski,Maciejewski,9,4,5500,LAA@MIL,MIL,LAA,,,,,,P
120671-225748,P,Craig,Craig Yoho,Yoho,3.25,8,5500,LAA@MIL,MIL,LAA,,,,,,P
120671-101851,P,Brock,Brock Burke,Burke,4.484848484848484,66,5500,LAA@MIL,LAA,MIL,,,,,,P
120671-80346,P,Giovanny,Giovanny Gallegos,Gallegos,4.842105263157895,21,5500,SF@LAD,LAD,SF,IL,Undisclosed,,,,P
120671-95737,P,Ian,Ian Hamilton,Hamilton,5.583333333333333,36,5500,NYY@BAL,NYY,BAL,,,,,,P
120671-161273,P,Scott,Scott Effross,Effross,1.8181818181818181,11,5500,NYY@BAL,NYY,BAL,,,,,,P
120671-145916,P,Zach,Zach Pop,Pop,-0.8,5,5500,CHC@CIN,CHC,CIN,,,,,,P
120671-184829,P,McKinley,McKinley Moore,Moore,0,3,5500,NYY@BAL,NYY,BAL,,,,,,P
120671-219658,P,Jack,Jack Dashwood,Dashwood,,0,5500,LAA@MIL,LAA,MIL,,,,,,P
120671-95757,P,Andrew,Andrew Vasquez,Vasquez,,0,5500,LAA@MIL,LAA,MIL,,,,,,P
120671-138767,P,Jesus,Jesus Cruz,Cruz,,0,5500,LAA@MIL,LAA,MIL,,,,,,P
120671-219660,P,Kade,Kade Strowd,Strowd,5.4,21,5500,NYY@BAL,BAL,NYY,,,,,,P
120671-101905,P,Sam,Sam McWilliams,McWilliams,,0,5500,LAA@MIL,MIL,LAA,,,,,,P
120671-119315,P,Kohl,Kohl Franklin,Franklin,,0,5500,CHC@CIN,CHC,CIN,IL,Elbow,,,,P
120671-119316,P,Thaddeus,Thaddeus Ward,Ward,0,1,5500,NYY@BAL,BAL,NYY,,,,,,P
120671-119319,P,Ryan,Ryan Jensen,Jensen,,0,5500,CHC@CIN,CHC,CIN,,,,,,P
120671-162328,P,Reiver,Reiver Sanmartin,Sanmartin,11,1,5500,CHC@CIN,CIN,CHC,,,,,,P
120671-181791,P,Connor,Connor Thomas,Thomas,-2.5,2,5500,LAA@MIL,MIL,LAA,IL,Elbow,,,,P
120671-79390,P,Michael,Michael Kopech,Kopech,4.538461538461538,13,5500,SF@LAD,LAD,SF,,,,,,P
120671-210475,P,Ryan,Ryan Zeferjahn,Zeferjahn,5.672413793103448,59,5500,LAA@MIL,LAA,MIL,IL,Knee,,,,P
120671-79402,P,Cionel,Cionel Perez,Perez,3.5789473684210527,19,5500,NYY@BAL,BAL,NYY,,,,,,P
120671-181815,P,Brent,Brent Headrick,Headrick,7.9411764705882355,17,5500,NYY@BAL,NYY,BAL,IL,Forearm,,,,P
120671-219700,P,Luis,Luis Mey,Mey,4.956521739130435,23,5500,CHC@CIN,CIN,CHC,,,,,,P
120671-119359,P,Ethan,Ethan Small,Small,0,2,5500,SF@LAD,SF,LAD,,,,,,P
120671-181826,P,Colby,Colby White,White,0,1,5500,NYY@BAL,NYY,BAL,,,,,,P
120671-222786,P,Raul,Raul Alcantara,Alcantara,,0,5500,LAA@MIL,MIL,LAA,,,,,,P
120671-185926,P,Ryan,Ryan Walker,Walker,4.73015873015873,64,5500,SF@LAD,SF,LAD,,,,,,P
120671-181831,P,Yosver,Yosver Zulueta,Zulueta,4.857142857142857,7,5500,CHC@CIN,CIN,CHC,,,,,,P
120671-222790,P,Jose,Jose Rodriguez,Rodriguez,,0,5500,SF@LAD,LAD,SF,,,,,,P
120671-222789,P,Jackson,Jackson Ferris,Ferris,,0,5500,SF@LAD,LAD,SF,,,,,,P
120671-219722,P,Jack,Jack Dreyer,Dreyer,5.967741935483871,62,5500,SF@LAD,LAD,SF,,,,,,P
120671-181838,P,Abner,Abner Uribe,Uribe,6.271428571428571,70,5500,LAA@MIL,MIL,LAA,,,,,,P
120671-73301,P,Brent,Brent Suter,Suter,5.541666666666667,48,5500,CHC@CIN,CIN,CHC,,,,,,P
120671-181847,P,Noah,Noah Denoyer,Denoyer,,0,5500,NYY@BAL,BAL,NYY,,,,,,P
120671-181850,P,Colin,Colin Selby,Selby,6,9,5500,NYY@BAL,BAL,NYY,IL,Hamstring,,,,P
120671-181848,P,Tom,Tom Cosgrove,Cosgrove,9,2,5500,CHC@CIN,CHC,CIN,,,,,,P
120671-16989,P,Wilking,Wilking Rodriguez,Rodriguez,,0,5500,NYY@BAL,NYY,BAL,,,,,,P
120671-119392,P,Josh,Josh Wolf,Wolf,,0,5500,SF@LAD,SF,LAD,,,,,,P
120671-226913,P,Yaramil,Yaramil Hiraldo,Hiraldo,4.857142857142857,14,5500,NYY@BAL,BAL,NYY,,,,,,P
120671-119397,P,TJ,TJ Sikkema,Sikkema,,0,5500,CHC@CIN,CIN,CHC,,,,,,P
120671-119403,P,Erik,Erik Miller,Miller,4.714285714285714,36,5500,SF@LAD,SF,LAD,IL,Elbow,,,,P
120671-180848,P,Angel,Angel Felipe,Felipe,0,2,5500,LAA@MIL,LAA,MIL,,,,,,P
120671-135798,P,Garrett,Garrett Stallings,Stallings,,0,5500,LAA@MIL,MIL,LAA,,,,,,P
120671-82552,P,Tony,Tony Santillan,Santillan,4.890410958904109,74,5500,CHC@CIN,CIN,CHC,,,,,,P
120671-118397,P,Trevor,Trevor Megill,Megill,6.3125,49,5500,LAA@MIL,MIL,LAA,IL,Elbow,,,,P
120671-82564,P,Yency,Yency Almonte,Almonte,5.588235294117647,17,5500,CHC@CIN,CHC,CIN,,,,,,P
120671-110219,P,Sean,Sean Poppen,Poppen,,0,5500,LAA@MIL,LAA,MIL,,,,,,P
120671-12943,P,Shelby,Shelby Miller,Miller,6,48,5500,LAA@MIL,MIL,LAA,IL,Elbow,,,,P
120671-73362,P,Rob,Rob Zastryzny,Zastryzny,5.409090909090909,22,5500,LAA@MIL,MIL,LAA,,,,,,P
120671-170647,P,Jared,Jared Koenig,Koenig,5.014925373134329,67,5500,LAA@MIL,MIL,LAA,,,,,,P
120671-82584,P,JB,JB Bukauskas,Bukauskas,5.5,6,5500,LAA@MIL,MIL,LAA,IL,Lat,,,,P
120671-222881,P,Ryan,Ryan Johnson,Johnson,4.769230769230769,14,5500,LAA@MIL,LAA,MIL,,,,,,P
120671-220838,P,Garrett,Garrett McDaniels,McDaniels,2.9,10,5500,SF@LAD,LAD,SF,,,,,,P
120671-17065,P,Blake,Blake Treinen,Treinen,5.076923076923077,27,5500,SF@LAD,LAD,SF,,,,,,P
120671-220847,P,Grant,Grant Wolfram,Wolfram,7.35,20,5500,NYY@BAL,BAL,NYY,,,,,,P
120671-220845,P,Juan,Juan Nunez,Nunez,,0,5500,NYY@BAL,BAL,NYY,IL,Undisclosed,,,,P
120671-164530,P,Caleb,Caleb Kilian,Kilian,19,2,5500,CHC@CIN,CHC,CIN,,,,,,P
120671-114360,P,Devin,Devin Williams,Williams,5.612903225806452,63,5500,NYY@BAL,NYY,BAL,,,,,,P
120671-119496,P,Matt,Matt Thompson,Thompson,,0,5500,CHC@CIN,CHC,CIN,,,,,,P
120671-170699,P,Matt,Matt Gage,Gage,4.379310344827586,29,5500,SF@LAD,SF,LAD,,,,,,P
120671-165577,P,Sam,Sam Bachman,Bachman,4.470588235294118,19,5500,LAA@MIL,LAA,MIL,,,,,,P
120671-179924,P,Gavin,Gavin Hollowell,Hollowell,6.142857142857143,7,5500,CHC@CIN,CHC,CIN,,,,,,P
120671-165595,P,Maddux,Maddux Bruns,Bruns,,0,5500,SF@LAD,LAD,SF,,,,,,P
120671-198361,P,Carson,Carson Coleman,Coleman,0,1,5500,NYY@BAL,NYY,BAL,,,,,,P
120671-228057,P,Jayvien,Jayvien Sandridge,Sandridge,2,1,5500,NYY@BAL,NYY,BAL,,,,,,P
120671-82656,P,Nate,Nate Pearson,Pearson,1.8181818181818181,11,5500,CHC@CIN,CHC,CIN,,,,,,P
120671-141024,P,Bruce,Bruce Zimmermann,Zimmermann,0,1,5500,LAA@MIL,MIL,LAA,,,,,,P
120671-187110,P,Ben,Ben Joyce,Joyce,2.6,5,5500,LAA@MIL,LAA,MIL,IL,Shoulder,,,,P
120671-212709,P,Edgardo,Edgardo Henriquez,Henriquez,4.277777777777778,18,5500,SF@LAD,LAD,SF,,,,,,P
120671-181992,P,Jose,Jose Hernandez,Hernandez,4,8,5500,SF@LAD,LAD,SF,,,,,,P
120671-228076,P,Paul,Paul Gervase,Gervase,6.166666666666667,6,5500,SF@LAD,LAD,SF,,,,,,P
120671-187121,P,Grant,Grant Anderson,Anderson,5.790322580645161,62,5500,LAA@MIL,MIL,LAA,,,,,,P
120671-165621,P,Russell,Russell Smith,Smith,,0,5500,LAA@MIL,MIL,LAA,IL,Undisclosed,,,,P
120671-84731,P,Evan,Evan Phillips,Phillips,5,7,5500,SF@LAD,LAD,SF,IL,Elbow,,,,P
120671-165628,P,Josh,Josh Walker,Walker,9,3,5500,NYY@BAL,BAL,NYY,,,,,,P
120671-165635,P,Brendan,Brendan Beck,Beck,,0,5500,NYY@BAL,NYY,BAL,,,,,,P
120671-154368,P,Vinny,Vinny Nittoli,Nittoli,6,9,5500,NYY@BAL,BAL,NYY,,,,,,P
120671-165637,P,Brock,Brock Selvidge,Selvidge,,0,5500,NYY@BAL,NYY,BAL,,,,,,P
120671-165653,P,Cristian,Cristian Hernandez,Hernandez,,0,5500,NYY@BAL,NYY,BAL,,,,,,P
120671-199465,P,Juan,Juan Sanchez,Sanchez,,0,5500,SF@LAD,SF,LAD,,,,,,P
120671-165673,P,Levi,Levi Stoudt,Stoudt,0,1,5500,NYY@BAL,BAL,NYY,,,,,,P
120671-182064,P,Chris,Chris Clarke,Clarke,,0,5500,CHC@CIN,CHC,CIN,,,,,,P
120671-182065,P,Zach,Zach Greene,Greene,,0,5500,NYY@BAL,NYY,BAL,,,,,,P
120671-165687,P,Will,Will Bednar,Bednar,,0,5500,SF@LAD,SF,LAD,,,,,,P
120671-165691,P,Manuel,Manuel Mercedes,Mercedes,,0,5500,SF@LAD,SF,LAD,,,,,,P
120671-163658,P,Randy,Randy Rodriguez,Rodriguez,6.82,50,5500,SF@LAD,SF,LAD,IL,Elbow,,,,P
120671-163664,P,Tommy,Tommy Romero,Romero,0,2,5500,CHC@CIN,CHC,CIN,,,,,,P
120671-163682,P,Ethan,Ethan Roberts,Roberts,3.3,10,5500,CHC@CIN,CHC,CIN,,,,,,P
120671-163690,P,Nathan,Nathan Webb,Webb,,0,5500,NYY@BAL,BAL,NYY,,,,,,P
120671-68469,P,Adam,Adam Plutko,Plutko,,0,5500,CHC@CIN,CIN,CHC,,,,,,P
120671-163701,P,Felix,Felix Bautista,Bautista,6.571428571428571,35,5500,NYY@BAL,BAL,NYY,IL,Shoulder,,,,P
120671-203642,P,Raymond,Raymond Burgos,Burgos,3,1,5500,SF@LAD,SF,LAD,,,,,,P
120671-68476,P,Taylor,Taylor Rogers,Rogers,5.098039215686274,54,5500,CHC@CIN,CHC,CIN,,,,,,P
120671-170895,P,Jake,Jake Bird,Bird,6.085106382978723,48,5500,NYY@BAL,NYY,BAL,,,,,,P
120671-80791,P,Alan,Alan Busenitz,Busenitz,1,3,5500,CHC@CIN,CIN,CHC,,,,,,P
120671-68515,P,Sam,Sam Moll,Moll,3.8260869565217392,23,5500,CHC@CIN,CIN,CHC,,,,,,P
120671-102314,P,Lenny,Lenny Torres,Torres,,0,5500,CHC@CIN,CIN,CHC,,,,,,P
120671-52152,P,Robert,Robert Stephenson,Stephenson,5.4,11,5500,LAA@MIL,LAA,MIL,,,,,,P
120671-102334,P,Corbin,Corbin Martin,Martin,5.8125,17,5500,NYY@BAL,BAL,NYY,,,,,,P
120671-232399,P,Joel,Joel Peguero,Peguero,7.916666666666667,12,5500,SF@LAD,SF,LAD,,,,,,P
120671-68561,P,Luke,Luke Weaver,Weaver,5.440677966101695,59,5500,NYY@BAL,NYY,BAL,,,,,,P
120671-189393,P,Daniel,Daniel Palencia,Palencia,5.7,52,5500,CHC@CIN,CHC,CIN,IL,Shoulder,,,,P
120671-156631,P,Charlie,Charlie Barnes,Barnes,,0,5500,CHC@CIN,CIN,CHC,,,,,,P
120671-198618,P,Coleman,Coleman Crow,Crow,,0,5500,LAA@MIL,MIL,LAA,IL,Elbow,,,,P
120671-68584,P,Tyler,Tyler Jay,Jay,5.8,5,5500,LAA@MIL,MIL,LAA,,,,,,P
120671-82924,P,Tim,Tim Hill,Hill,3.923076923076923,66,5500,NYY@BAL,NYY,BAL,,,,,,P
120671-210936,P,Evan,Evan Kravetz,Kravetz,2,1,5500,CHC@CIN,CIN,CHC,,,,,,P
120671-102399,P,Sam,Sam Carlson,Carlson,,0,5500,SF@LAD,LAD,SF,,,,,,P
120671-60643,OF,Aaron,Aaron Judge,Judge,15.71056269256162,142,4800,NYY@BAL,NYY,BAL,,,,,,OF/UTIL
120671-82440,OF,Shohei,Shohei Ohtani,Ohtani,15.220804713716444,149,4700,SF@LAD,LAD,SF,,,,,,OF/UTIL
120671-82527,2B/3B,Jazz,Jazz Chisholm Jr.,Chisholm Jr.,12.282500203450521,120,3900,NYY@BAL,NYY,BAL,,,,,,2B/3B/UTIL
120671-68585,3B/1B,Rafael,Rafael Devers,Devers,11.771895265267565,153,3800,SF@LAD,SF,LAD,,,,,,C/1B/3B/UTIL
120671-21609,OF,Christian,Christian Yelich,Yelich,11.833571079799107,140,3700,LAA@MIL,MIL,LAA,,,,,,OF/UTIL
120671-39151,2B/SS/OF,Mookie,Mookie Betts,Betts,10.492198754709664,141,3700,SF@LAD,LAD,SF,,,,,,2B/SS/OF/UTIL
120671-79125,OF,Kyle,Kyle Tucker,Tucker,12.430827434797932,133,3700,CHC@CIN,CHC,CIN,IL,Calf,,,,OF/UTIL
120671-165513,SS,Elly,Elly De La Cruz,De La Cruz,11.68947400544819,152,3700,CHC@CIN,CIN,CHC,,,,,,SS/UTIL
120671-11334,1B,Freddie,Freddie Freeman,Freeman,11.083333333333334,138,3600,SF@LAD,LAD,SF,,,,,,C/1B/UTIL
120671-79092,OF,Ian,Ian Happ,Happ,10.709286063058036,140,3600,CHC@CIN,CHC,CIN,,,,,,OF/UTIL
120671-73023,OF,Teoscar,Teoscar Hernandez,Hernandez,10.028571234809029,126,3600,SF@LAD,LAD,SF,,,,,,OF/UTIL
120671-165611,OF,Jackson,Jackson Chourio,Chourio,12.003305986893078,121,3600,LAA@MIL,MIL,LAA,,,,,,OF/UTIL
120671-12302,OF,Giancarlo,Giancarlo Stanton,Stanton,10.864179468866604,67,3500,NYY@BAL,NYY,BAL,,,,,,OF/UTIL
120671-60655,SS,Willy,Willy Adames,Adames,10.41066650390625,150,3500,SF@LAD,SF,LAD,,,,,,SS/UTIL
120671-79159,OF/1B,Cody,Cody Bellinger,Bellinger,11.568309515294894,142,3500,NYY@BAL,NYY,BAL,,,,,,C/1B/OF/UTIL
120671-146704,OF,Pete,Pete Crow-Armstrong,Crow-Armstrong,11.730612410980017,147,3400,CHC@CIN,CHC,CIN,,,,,,OF/UTIL
120671-102353,2B,Brice,Brice Turang,Turang,11.09109622485017,146,3400,LAA@MIL,MIL,LAA,,,,,,2B/UTIL
120671-185300,SS,Zach,Zach Neto,Neto,11.643750190734863,128,3400,LAA@MIL,LAA,MIL,IL,Hand,,,,SS/UTIL
120671-167012,OF,Seiya,Seiya Suzuki,Suzuki,10.739716658355496,141,3300,CHC@CIN,CHC,CIN,,,,,,OF/UTIL
120671-79175,OF,Trent,Trent Grisham,Grisham,10.57089552238806,134,3300,NYY@BAL,NYY,BAL,,,,,,OF/UTIL
120671-119306,SS,Gunnar,Gunnar Henderson,Henderson,10.774999830457899,144,3300,NYY@BAL,BAL,NYY,,,,,,SS/UTIL
120671-79401,C,Will,Will Smith,Smith,10.702727716619318,110,3300,SF@LAD,LAD,SF,IL,Hand,,,,C/1B/UTIL
120671-52176,3B,Max,Max Muncy,Muncy,10.828420538651315,95,3300,SF@LAD,LAD,SF,,,,,,3B/UTIL
120671-102555,3B/OF,Noelvi,Noelvi Marte,Marte,10.329629780333718,81,3200,CHC@CIN,CIN,CHC,,,,,,3B/OF/UTIL
120671-79151,OF,Taylor,Taylor Ward,Ward,11.05135118639147,148,3200,LAA@MIL,LAA,MIL,,,,,,OF/UTIL
120671-68544,3B,Matt,Matt Chapman,Chapman,10.5731088333771,119,3200,SF@LAD,SF,LAD,,,,,,3B/UTIL
120671-81953,OF,Austin,Austin Hays,Hays,10.561615915009469,99,3100,CHC@CIN,CIN,CHC,,,,,,OF/UTIL
120671-146695,OF,Andy,Andy Pages,Pages,10.011643501177225,146,3100,SF@LAD,LAD,SF,,,,,,OF/UTIL
120671-197967,2B/SS,Jackson,Jackson Holliday,Holliday,9.458450532295334,142,3100,NYY@BAL,BAL,NYY,,,,,,2B/SS/UTIL
120671-203111,C/1B,Ben,Ben Rice,Rice,9.508461350661058,130,3100,NYY@BAL,NYY,BAL,,,,,,C/1B/UTIL
120671-12933,OF,Mike,Mike Trout,Trout,10.092561579932852,121,3100,LAA@MIL,LAA,MIL,,,,,,OF/UTIL
120671-165605,OF,Sal,Sal Frelick,Frelick,10.009701856926306,134,3100,LAA@MIL,MIL,LAA,,,,,,OF/UTIL
120671-102284,C,William,William Contreras,Contreras,10.44861094156901,144,3100,LAA@MIL,MIL,LAA,,,,,,C/1B/UTIL
120671-68586,SS,Dansby,Dansby Swanson,Swanson,9.823489605180368,149,3100,CHC@CIN,CHC,CIN,,,,,,SS/UTIL
120671-146667,3B/2B,Jordan,Jordan Westburg,Westburg,10.25066650390625,75,3000,NYY@BAL,BAL,NYY,,,,,,2B/3B/UTIL
120671-79110,C,Tyler,Tyler Stephenson,Stephenson,8.96790153597608,81,3000,CHC@CIN,CIN,CHC,,,,,,C/1B/UTIL
120671-119352,1B,Michael,Michael Busch,Busch,9.977241042564655,145,3000,CHC@CIN,CHC,CIN,,,,,,C/1B/UTIL
120671-82580,OF,Jo,Jo Adell,Adell,9.85985898299956,142,3000,LAA@MIL,LAA,MIL,,,,,,OF/UTIL
120671-102301,2B/SS,Nico,Nico Hoerner,Hoerner,9.84725993953339,146,3000,CHC@CIN,CHC,CIN,,,,,,2B/SS/UTIL
120671-108450,SS/2B/OF/3B,Tommy,Tommy Edman,Edman,8.603296971583104,91,3000,SF@LAD,LAD,SF,,,,,,2B/3B/SS/OF/UTIL
120671-193598,1B,Nolan,Nolan Schanuel,Schanuel,9.005599609375,125,2900,LAA@MIL,LAA,MIL,IL,Wrist,,,,C/1B/UTIL
120671-61553,3B,Yoan,Yoan Moncada,Moncada,8.815584257051542,77,2900,LAA@MIL,LAA,MIL,DTD,Ankle,,,,3B/UTIL
120671-73871,C,Carson,Carson Kelly,Kelly,9.042718683631675,103,2900,CHC@CIN,CHC,CIN,,,,,,C/1B/UTIL
120671-146716,C,Austin,Austin Wells,Wells,8.63135593220339,118,2900,NYY@BAL,NYY,BAL,,,,,,C/1B/UTIL
120671-79195,OF/1B/3B,Miguel,Miguel Andujar,Andujar,8.413953204487646,86,2900,CHC@CIN,CIN,CHC,,,,,,C/1B/3B/OF/UTIL
120671-119395,OF,Jasson,Jasson Dominguez,Dominguez,8.96525444418697,118,2900,NYY@BAL,NYY,BAL,,,,,,OF/UTIL
120671-82555,SS/2B/3B/OF,Willi,Willi Castro,Castro,8.084615593282585,117,2900,CHC@CIN,CHC,CIN,,,,,,2B/3B/SS/OF/UTIL
120671-119495,1B,Andrew,Andrew Vaughn,Vaughn,8.374038696289062,104,2900,LAA@MIL,MIL,LAA,,,,,,C/1B/UTIL
120671-82642,OF,Heliot,Heliot Ramos,Ramos,9.376190808354592,147,2900,SF@LAD,SF,LAD,,,,,,OF/UTIL
120671-198539,OF,Jung Hoo,Jung Hoo Lee,Lee,8.945070078675176,142,2900,SF@LAD,SF,LAD,,,,,,OF/UTIL
120671-102296,OF,TJ,TJ Friedl,Friedl,9.594366369113116,142,2900,CHC@CIN,CIN,CHC,,,,,,OF/UTIL
120671-68514,3B,Ryan,Ryan McMahon,McMahon,7.85675708667652,148,2900,NYY@BAL,NYY,BAL,,,,,,3B/UTIL
120671-68547,OF,Tyler,Tyler O'Neill,O'Neill,9.085106382978724,47,2900,NYY@BAL,BAL,NYY,,,,,,OF/UTIL
120671-52170,1B/OF,Dominic,Dominic Smith,Smith,8.201587495349703,63,2900,SF@LAD,SF,LAD,IL,Hamstring,,,,C/1B/OF/UTIL
120671-102348,SS,Jeremiah,Jeremiah Jackson,Jackson,9.207499694824218,40,2900,NYY@BAL,BAL,NYY,,,,,,SS/UTIL
120671-185303,SS/2B/3B/OF,Jose,Jose Caballero,Caballero,8.47749989827474,120,2900,NYY@BAL,NYY,BAL,,,,,,2B/3B/SS/OF/UTIL
120671-173078,OF,Alex,Alex Call,Call,6.6754904354319855,102,2800,SF@LAD,LAD,SF,,,,,,OF/UTIL
120671-179272,OF/1B/2B,Spencer,Spencer Steer,Steer,8.881617826573988,136,2800,CHC@CIN,CIN,CHC,,,,,,C/1B/2B/OF/UTIL
120671-102486,OF,Blake,Blake Perkins,Perkins,8.271739130434783,46,2800,LAA@MIL,MIL,LAA,,,,,,OF/UTIL
120671-198878,3B,Sal,Sal Stewart,Stewart,10.292307927058292,13,2800,CHC@CIN,CIN,CHC,,,,,,3B/UTIL
120671-198877,3B,Matt,Matt Shaw,Shaw,7.777965998245498,118,2800,CHC@CIN,CHC,CIN,,,,,,3B/UTIL
120671-79082,1B,Ryan,Ryan Mountcastle,Mountcastle,7.47195136837843,82,2800,NYY@BAL,BAL,NYY,,,,,,C/1B/UTIL
120671-79255,1B/OF,Jake,Jake Bauers,Bauers,6.5181817389153816,77,2800,LAA@MIL,MIL,LAA,,,,,,C/1B/OF/UTIL
120671-219698,2B/3B,Caleb,Caleb Durbin,Durbin,8.675590935654528,127,2800,LAA@MIL,MIL,LAA,,,,,,2B/3B/UTIL
120671-119396,SS,Anthony,Anthony Volpe,Volpe,8.934964693509615,143,2800,NYY@BAL,NYY,BAL,,,,,,SS/UTIL
120671-165507,SS/2B,Matt,Matt McLain,McLain,8.465693787066606,137,2800,CHC@CIN,CIN,CHC,,,,,,2B/SS/UTIL
120671-211773,OF/2B,Isaac,Isaac Collins,Collins,8.700000393775202,124,2800,LAA@MIL,MIL,LAA,,,,,,2B/OF/UTIL
120671-119621,OF,Luis,Luis Matos,Matos,7.591228284333882,57,2800,SF@LAD,SF,LAD,,,,,,OF/UTIL
120671-12310,1B,Carlos,Carlos Santana,Santana,7.78347097349561,121,2700,CHC@CIN,CHC,CIN,,,,,,C/1B/UTIL
120671-198903,OF,Drew,Drew Gilbert,Gilbert,6.482758620689655,29,2700,SF@LAD,SF,LAD,,,,,,OF/UTIL
120671-79165,2B/OF,Gavin,Gavin Lux,Lux,7.2833335182883525,132,2700,CHC@CIN,CIN,CHC,,,,,,2B/OF/UTIL
120671-13638,1B,Wilmer,Wilmer Flores,Flores,8.257142651982669,119,2700,SF@LAD,SF,LAD,,,,,,C/1B/UTIL
120671-79215,1B,Rhys,Rhys Hoskins,Hoskins,8.652941176470588,85,2700,LAA@MIL,MIL,LAA,,,,,,C/1B/UTIL
120671-79216,3B,Ke'Bryan,Ke'Bryan Hayes,Hayes,6.89154912384463,142,2700,CHC@CIN,CIN,CHC,,,,,,3B/UTIL
120671-222837,C,Moises,Moises Ballesteros,Ballesteros,11.258333841959635,12,2700,CHC@CIN,CHC,CIN,,,,,,C/1B/UTIL
120671-164507,OF,Colton,Colton Cowser,Cowser,8.804761614118304,84,2700,NYY@BAL,BAL,NYY,,,,,,OF/UTIL
120671-12968,1B,Paul,Paul Goldschmidt,Goldschmidt,8.072794297162224,136,2700,NYY@BAL,NYY,BAL,,,,,,C/1B/UTIL
120671-232356,OF,Dylan,Dylan Beavers,Beavers,10.33703726309317,27,2700,NYY@BAL,BAL,NYY,,,,,,OF/UTIL
120671-13390,SS/2B/3B,Miguel,Miguel Rojas,Rojas,5.673585135981722,106,2600,SF@LAD,LAD,SF,,,,,,2B/3B/SS/UTIL
120671-60642,OF,Michael,Michael Conforto,Conforto,6.55076904296875,130,2600,SF@LAD,LAD,SF,,,,,,OF/UTIL
120671-79119,OF,Will,Will Benson,Benson,7.081707465939406,82,2600,CHC@CIN,CIN,CHC,,,,,,OF/UTIL
120671-136504,C,Patrick,Patrick Bailey,Bailey,6.274602980840774,126,2600,SF@LAD,SF,LAD,,,,,,C/1B/UTIL
120671-16945,C,Gary,Gary Sanchez,Sanchez,8.886666870117187,30,2600,NYY@BAL,BAL,NYY,IL,Knee,,,,C/1B/UTIL
120671-164513,3B/2B/SS,Joey,Joey Ortiz,Ortiz,6.654676258992806,139,2600,LAA@MIL,MIL,LAA,,,,,,2B/3B/SS/UTIL
120671-165575,SS,Denzer,Denzer Guzman,Guzman,6.175000190734863,4,2600,LAA@MIL,LAA,MIL,,,,,,SS/UTIL
120671-82655,C,Danny,Danny Jansen,Jansen,7.313186813186813,91,2600,LAA@MIL,MIL,LAA,,,,,,C/1B/UTIL
120671-165686,3B/SS/2B/1B,Casey,Casey Schmitt,Schmitt,7.628735772494612,87,2600,SF@LAD,SF,LAD,,,,,,C/1B/2B/3B/SS/UTIL
120671-68589,2B/3B/OF,Amed,Amed Rosario,Rosario,6.805084745762712,59,2600,NYY@BAL,NYY,BAL,,,,,,2B/3B/OF/UTIL
120671-222295,2B/SS/OF,Hyeseong,Hyeseong Kim,Kim,5.804545547022964,66,2500,SF@LAD,LAD,SF,,,,,,2B/SS/OF/UTIL
120671-135260,C,Logan,Logan O'Hoppe,O'Hoppe,7.240909090909091,110,2500,LAA@MIL,LAA,MIL,,,,,,C/1B/UTIL
120671-198937,OF,Bryce,Bryce Eldridge,Eldridge,1.5,2,2500,SF@LAD,SF,LAD,,,,,,OF/UTIL
120671-101817,2B/3B/SS,Luis,Luis Rengifo,Rengifo,6.820714460100446,140,2500,LAA@MIL,LAA,MIL,,,,,,2B/3B/SS/UTIL
120671-119307,C,Adley,Adley Rutschman,Rutschman,7.987059110753677,85,2500,NYY@BAL,BAL,NYY,IL,Oblique,,,,C/1B/UTIL
120671-222860,2B,Christian,Christian Moore,Moore,6.7999998580577765,43,2500,LAA@MIL,LAA,MIL,,,,,,2B/UTIL
120671-187103,2B/3B/1B/SS,Andruw,Andruw Monasterio,Monasterio,5.013114553983094,61,2500,LAA@MIL,MIL,LAA,,,,,,C/1B/2B/3B/SS/UTIL
120671-52182,C,Reese,Reese McGuire,McGuire,7.224390541634908,41,2500,CHC@CIN,CHC,CIN,,,,,,C/1B/UTIL
120671-198867,C,Samuel,Samuel Basallo,Basallo,7.712500254313151,24,2400,NYY@BAL,BAL,NYY,,,,,,C/1B/UTIL
120671-83173,C,Jose,Jose Trevino,Trevino,5.859550561797753,89,2400,CHC@CIN,CIN,CHC,,,,,,C/1B/UTIL
120671-198893,C,Dalton,Dalton Rushing,Rushing,5.497825954271399,46,2400,SF@LAD,LAD,SF,,,,,,C/1B/UTIL
120671-13792,3B/1B/2B/OF,Kike,Kike Hernandez,Hernandez,5.306896692034842,87,2400,SF@LAD,LAD,SF,,,,,,C/1B/2B/3B/OF/UTIL
120671-23107,OF,Jorge,Jorge Soler,Soler,7.709756246427211,82,2400,LAA@MIL,LAA,MIL,IL,Back,,,,OF/UTIL
120671-80485,OF,Austin,Austin Slater,Slater,5.142623150934939,61,2400,NYY@BAL,NYY,BAL,,,,,,OF/UTIL
120671-38561,OF/3B/2B,Chris,Chris Taylor,Taylor,4.235849056603773,53,2400,LAA@MIL,LAA,MIL,,,,,,2B/3B/OF/UTIL
120671-164512,3B/1B,Coby,Coby Mayo,Mayo,6.90933349609375,75,2400,NYY@BAL,BAL,NYY,,,,,,C/1B/3B/UTIL
120671-222887,SS/2B,Christian,Christian Koss,Koss,5.307246553725091,69,2400,SF@LAD,SF,LAD,,,,,,2B/SS/UTIL
120671-165639,OF,Brandon,Brandon Lockridge,Lockridge,4.476119311887826,67,2400,LAA@MIL,MIL,LAA,,,,,,OF/UTIL
120671-13099,C,Travis,Travis d'Arnaud,d'Arnaud,5.72029003198596,69,2400,LAA@MIL,LAA,MIL,IL,Concussion,,,,C/1B/UTIL
120671-135195,C,Sebastian,Sebastian Rivero,Rivero,5.099999904632568,8,2300,LAA@MIL,LAA,MIL,,,,,,C/1B/UTIL
120671-6312,1B/3B,Justin,Justin Turner,Turner,4.274666748046875,75,2300,CHC@CIN,CHC,CIN,,,,,,C/1B/3B/UTIL
120671-102577,2B/3B/OF,Santiago,Santiago Espinal,Espinal,4.150442477876106,113,2300,CHC@CIN,CIN,CHC,,,,,,2B/3B/OF/UTIL
120671-145611,SS/2B/3B,Oswald,Oswald Peraza,Peraza,4.203030364681976,99,2300,LAA@MIL,LAA,MIL,,,,,,2B/3B/SS/UTIL
120671-83182,C/OF,Eric,Eric Haase,Haase,5.323333231608073,30,2300,LAA@MIL,MIL,LAA,,,,,,C/1B/OF/UTIL
120671-79225,3B/2B,Luis,Luis Urias,Urias,6.123958587646484,96,2300,LAA@MIL,MIL,LAA,,,,,,2B/3B/UTIL
120671-165606,1B/3B/OF,Tyler,Tyler Black,Black,6.1400001525878904,5,2300,LAA@MIL,MIL,LAA,,,,,,C/1B/3B/OF/UTIL
120671-211757,OF,Bryce,Bryce Teodosio,Teodosio,5.304878048780488,41,2300,LAA@MIL,LAA,MIL,,,,,,OF/UTIL
120671-60649,C,Alex,Alex Jackson,Jackson,6.811428397042411,35,2200,NYY@BAL,BAL,NYY,,,,,,C/1B/UTIL
120671-79190,C,Ben,Ben Rortvedt,Rortvedt,3.707894576223273,38,2200,SF@LAD,LAD,SF,,,,,,C/1B/UTIL
120671-79400,OF,Dylan,Dylan Carlson,Carlson,5.3721518214744854,79,2200,NYY@BAL,BAL,NYY,,,,,,OF/UTIL
120671-119366,OF/1B,Jerar,Jerar Encarnacion,Encarnacion,6.964285714285714,14,2200,SF@LAD,SF,LAD,,,,,,C/1B/OF/UTIL
120671-222788,SS,Alex,Alex Freeland,Freeland,5.9655172413793105,29,2200,SF@LAD,LAD,SF,,,,,,SS/UTIL
120671-119394,SS,Logan,Logan Davidson,Davidson,3.8111110263400607,18,2200,LAA@MIL,LAA,MIL,,,,,,SS/UTIL
120671-209703,OF,Grant,Grant McCray,McCray,1.3875000476837158,16,2200,SF@LAD,SF,LAD,,,,,,OF/UTIL
120671-68593,SS/2B/OF,Jorge,Jorge Mateo,Mateo,5.238461616711739,39,2200,NYY@BAL,BAL,NYY,,,,,,2B/SS/OF/UTIL
120671-102411,C,Andrew,Andrew Knizner,Knizner,4.123333231608073,30,2100,SF@LAD,SF,LAD,,,,,,C/1B/UTIL
120671-13368,OF,Billy,Billy Hamilton,Hamilton,,0,2100,CHC@CIN,CHC,CIN,,,,,,OF/UTIL
120671-102488,3B/1B,Emmanuel,Emmanuel Rivera,Rivera,4.430232558139535,43,2100,NYY@BAL,BAL,NYY,,,,,,C/1B/3B/UTIL
120671-79136,OF,Daz,Daz Cameron,Cameron,3.7095238821847096,21,2100,LAA@MIL,MIL,LAA,,,,,,OF/UTIL
120671-119313,OF,Matthew,Matthew Lugo,Lugo,5.1387097758631555,31,2100,LAA@MIL,LAA,MIL,,,,,,OF/UTIL
120671-119390,OF,Kevin,Kevin Alcantara,Alcantara,1.8399999618530274,5,2100,CHC@CIN,CHC,CIN,,,,,,OF/UTIL
120671-226915,OF,Drew,Drew Avans,Avans,2.3375000953674316,8,2100,LAA@MIL,MIL,LAA,,,,,,OF/UTIL
120671-203490,OF,Steward,Steward Berroa,Berroa,4.5,2,2100,LAA@MIL,MIL,LAA,,,,,,OF/UTIL
120671-82661,OF,Daniel,Daniel Johnson,Johnson,3.9709676927135837,31,2100,NYY@BAL,BAL,NYY,,,,,,OF/UTIL
120671-102374,C/2B/3B,Anthony,Anthony Seigler,Seigler,3.373529322007123,34,2100,LAA@MIL,MIL,LAA,,,,,,C/1B/2B/3B/UTIL
120671-102403,SS/2B,Marco,Marco Luciano,Luciano,4.362068965517241,29,2000,SF@LAD,SF,LAD,,,,,,2B/SS/UTIL
120671-102413,1B,Luken,Luken Baker,Baker,3.7157893933747945,19,2000,SF@LAD,LAD,SF,,,,,,C/1B/UTIL
120671-13343,2B,Dixon,Dixon Machado,Machado,,0,2000,CHC@CIN,CHC,CIN,,,,,,2B/UTIL
120671-102451,OF,Brennen,Brennen Davis,Davis,0,2,2000,NYY@BAL,NYY,BAL,,,,,,OF/UTIL
120671-135223,C,Jakson,Jakson Reetz,Reetz,3.4625000953674316,8,2000,NYY@BAL,BAL,NYY,,,,,,C/1B/UTIL
120671-135227,2B,Jose,Jose Rojas,Rojas,,0,2000,NYY@BAL,NYY,BAL,,,,,,2B/UTIL
120671-102461,SS,Aaron,Aaron Bracho,Bracho,,0,2000,SF@LAD,LAD,SF,,,,,,SS/UTIL
120671-135242,C,P.J.,P.J. Higgins,Higgins,0,2,2000,CHC@CIN,CIN,CHC,,,,,,C/1B/UTIL
120671-102472,SS,Raynel,Raynel Delgado,Delgado,,0,2000,LAA@MIL,MIL,LAA,,,,,,SS/UTIL
120671-102499,SS,Bryson,Bryson Brigman,Brigman,,0,2000,CHC@CIN,CIN,CHC,,,,,,SS/UTIL
120671-212070,OF,Gustavo,Gustavo Campero,Campero,5.885714394705636,28,2000,LAA@MIL,LAA,MIL,IL,Ankle,,,,OF/UTIL
120671-157797,OF,Bryan,Bryan De La Cruz,De La Cruz,3.012500047683716,16,2000,NYY@BAL,NYY,BAL,,,,,,OF/UTIL
120671-83051,2B/3B,David,David Bote,Bote,2.4051282833784056,39,2000,SF@LAD,LAD,SF,,,,,,2B/3B/UTIL
120671-13436,C,Max,Max Stassi,Stassi,0,1,2000,SF@LAD,SF,LAD,IL,Undisclosed,,,,C/1B/UTIL
120671-197768,SS/3B,Luis,Luis Vazquez,Vazquez,2.549999910242417,34,2000,NYY@BAL,BAL,NYY,,,,,,3B/SS/UTIL
120671-102541,OF,Jared,Jared Oliva,Oliva,,0,2000,LAA@MIL,MIL,LAA,,,,,,OF/UTIL
120671-145617,C,David,David Garcia,Garcia,,0,2000,LAA@MIL,MIL,LAA,,,,,,C/1B/UTIL
120671-194773,C,Logan,Logan Porter,Porter,3.779999923706055,5,2000,SF@LAD,SF,LAD,,,,,,C/1B/UTIL
120671-198868,OF,Enrique,Enrique Bradfield Jr.,Bradfield Jr.,,0,2000,NYY@BAL,BAL,NYY,,,,,,OF/UTIL
120671-60634,OF,Forrest,Forrest Wall,Wall,4.072222391764323,18,2000,CHC@CIN,CHC,CIN,,,,,,OF/UTIL
120671-226530,C,Maverick,Maverick Handley,Handley,2.1812500953674316,16,2000,NYY@BAL,BAL,NYY,,,,,,C/1B/UTIL
120671-146666,OF,Heston,Heston Kjerstad,Kjerstad,5.679629855685764,54,2000,NYY@BAL,BAL,NYY,IL,Rest,,,,OF/UTIL
120671-146671,OF,Austin,Austin Hendrick,Hendrick,,0,2000,CHC@CIN,CIN,CHC,,,,,,OF/UTIL
120671-198892,OF,Josue,Josue De Paula,De Paula,,0,2000,SF@LAD,LAD,SF,,,,,,OF/UTIL
120671-146674,OF,Owen,Owen Caissie,Caissie,4.733333269755046,12,2000,CHC@CIN,CHC,CIN,IL,Concussion,,,,OF/UTIL
120671-197874,2B/3B,Oliver,Oliver Dunn,Dunn,4.985714503696987,14,2000,LAA@MIL,MIL,LAA,,,,,,2B/3B/UTIL
120671-146672,SS,Reginald,Reginald Preciado,Preciado,,0,2000,CHC@CIN,CHC,CIN,,,,,,SS/UTIL
120671-198897,3B,Brock,Brock Wilken,Wilken,,0,2000,LAA@MIL,MIL,LAA,,,,,,3B/UTIL
120671-146673,SS,Ed,Ed Howard,Howard,,0,2000,CHC@CIN,CHC,CIN,,,,,,SS/UTIL
120671-198900,OF,Spencer,Spencer Jones,Jones,,0,2000,NYY@BAL,NYY,BAL,,,,,,OF/UTIL
120671-198914,SS,Roderick,Roderick Arias,Arias,,0,2000,NYY@BAL,NYY,BAL,,,,,,SS/UTIL
120671-146694,SS,Arol,Arol Vera,Vera,,0,2000,LAA@MIL,LAA,MIL,,,,,,SS/UTIL
120671-79108,3B,Nick,Nick Senzel,Senzel,6.351351351351352,74,2000,SF@LAD,LAD,SF,,,,,,3B/UTIL
120671-146692,OF,David,David Calabrese,Calabrese,,0,2000,LAA@MIL,LAA,MIL,,,,,,OF/UTIL
120671-146693,OF,Alexander,Alexander Ramirez,Ramirez,,0,2000,LAA@MIL,LAA,MIL,,,,,,OF/UTIL
120671-146697,OF,Garrett,Garrett Mitchell,Mitchell,5.652000122070312,25,2000,LAA@MIL,MIL,LAA,IL,Shoulder,,,,OF/UTIL
120671-213262,C,Caleb,Caleb Knight,Knight,,0,2000,CHC@CIN,CHC,CIN,,,,,,C/1B/UTIL
120671-146700,SS,Freddy,Freddy Zamora,Zamora,,0,2000,LAA@MIL,MIL,LAA,,,,,,SS/UTIL
120671-85262,OF,J.P.,J.P. Martinez,Martinez,2.3777777353922525,9,2000,NYY@BAL,BAL,NYY,,,,,,OF/UTIL
120671-85277,2B/OF/1B/3B,Cavan,Cavan Biggio,Biggio,3.573684290835732,38,2000,LAA@MIL,LAA,MIL,,,,,,C/1B/2B/3B/OF/UTIL
120671-146718,SS,Casey,Casey Martin,Martin,,0,2000,LAA@MIL,MIL,LAA,,,,,,SS/UTIL
120671-85279,C,Miguel,Miguel Amaya,Amaya,10.403570992606026,28,2000,CHC@CIN,CHC,CIN,IL,Ankle,,,,C/1B/UTIL
120671-79189,2B,Travis,Travis Blankenhorn,Blankenhorn,2.9928572518484935,14,2000,LAA@MIL,LAA,MIL,,,,,,2B/UTIL
120671-135529,OF,Jake,Jake Vogel,Vogel,,0,2000,SF@LAD,LAD,SF,,,,,,OF/UTIL
120671-79213,SS/2B,Scott,Scott Kingery,Kingery,1.9263157091642682,19,2000,LAA@MIL,LAA,MIL,,,,,,2B/SS/UTIL
120671-228716,SS,Chad,Chad Stevens,Stevens,1.8399999618530274,5,2000,LAA@MIL,LAA,MIL,,,,,,SS/UTIL
120671-101821,1B,Edwin,Edwin Rios,Rios,1.8399999618530274,5,2000,CHC@CIN,CIN,CHC,,,,,,C/1B/UTIL
120671-119304,SS/2B,Braden,Braden Shewmake,Shewmake,3.406896656957166,29,2000,NYY@BAL,NYY,BAL,,,,,,2B/SS/UTIL
120671-119308,SS,Adam,Adam Hall,Hall,,0,2000,LAA@MIL,MIL,LAA,,,,,,SS/UTIL
120671-71182,3B/1B,Jeimer,Jeimer Candelario,Candelario,5.572727203369141,22,2000,NYY@BAL,NYY,BAL,,,,,,C/1B/3B/UTIL
120671-119314,C,Ethan,Ethan Hearn,Hearn,,0,2000,CHC@CIN,CHC,CIN,,,,,,C/1B/UTIL
120671-101910,1B/OF,Connor,Connor Joe,Joe,2.557142893473307,42,2000,CHC@CIN,CIN,CHC,,,,,,C/1B/OF/UTIL
120671-119320,2B,Chase,Chase Strumpf,Strumpf,,0,2000,CHC@CIN,CHC,CIN,,,,,,2B/UTIL
120671-79387,3B,Jake,Jake Gatewood,Gatewood,,0,2000,NYY@BAL,NYY,BAL,,,,,,3B/UTIL
120671-119325,2B/OF,Tyler,Tyler Callihan,Callihan,1.625,4,2000,CHC@CIN,CIN,CHC,IL,Wrist,,,,2B/OF/UTIL
120671-119327,SS,Ivan,Ivan Johnson,Johnson,,0,2000,CHC@CIN,CIN,CHC,,,,,,SS/UTIL
120671-119326,3B/OF,Rece,Rece Hinds,Hinds,4.579999796549479,15,2000,CHC@CIN,CIN,CHC,,,,,,3B/OF/UTIL
120671-207395,C,Eric,Eric Yang,Yang,0,1,2000,CHC@CIN,CIN,CHC,,,,,,C/1B/UTIL
120671-219699,C,Jesus,Jesus Rodriguez,Rodriguez,,0,2000,SF@LAD,SF,LAD,,,,,,C/1B/UTIL
120671-16951,3B,Anthony,Anthony Rendon,Rendon,7.038596705386513,57,2000,LAA@MIL,LAA,MIL,IL,Hip,,,,3B/UTIL
120671-119353,3B,Kody,Kody Hoese,Hoese,,0,2000,SF@LAD,LAD,SF,,,,,,3B/UTIL
120671-119354,SS/2B/OF,Kyren,Kyren Paris,Paris,7.443181818181818,44,2000,LAA@MIL,LAA,MIL,IL,Undisclosed,,,,2B/SS/OF/UTIL
120671-181820,OF/2B/SS/3B,Brett,Brett Wisely,Wisely,5.454545454545454,22,2000,SF@LAD,SF,LAD,,,,,,2B/3B/SS/OF/UTIL
120671-222781,3B,Cam,Cam Collier,Collier,,0,2000,CHC@CIN,CIN,CHC,,,,,,3B/UTIL
120671-119360,OF,Pablo,Pablo Abreu,Abreu,,0,2000,LAA@MIL,MIL,LAA,,,,,,OF/UTIL
120671-181824,SS,Osleivis,Osleivis Basabe,Basabe,0,1,2000,SF@LAD,SF,LAD,,,,,,SS/UTIL
120671-119362,SS,Eduardo,Eduardo Garcia,Garcia,,0,2000,LAA@MIL,MIL,LAA,,,,,,SS/UTIL
120671-222791,OF,Zyhir,Zyhir Hope,Hope,,0,2000,SF@LAD,LAD,SF,,,,,,OF/UTIL
120671-222795,SS,George,George Lombard Jr.,Lombard Jr.,,0,2000,NYY@BAL,NYY,BAL,,,,,,SS/UTIL
120671-119371,2B,Devin,Devin Mann,Mann,,0,2000,SF@LAD,SF,LAD,,,,,,2B/UTIL
120671-222815,3B,Mike,Mike Boeve,Boeve,,0,2000,LAA@MIL,MIL,LAA,,,,,,3B/UTIL
120671-222817,SS,Jesus,Jesus Made,Made,,0,2000,LAA@MIL,MIL,LAA,,,,,,SS/UTIL
120671-222816,SS,Cooper,Cooper Pratt,Pratt,,0,2000,LAA@MIL,MIL,LAA,,,,,,SS/UTIL
120671-222838,SS,Jefferson,Jefferson Rojas,Rojas,,0,2000,CHC@CIN,CHC,CIN,,,,,,SS/UTIL
120671-119419,OF,Hunter,Hunter Bishop,Bishop,,0,2000,SF@LAD,SF,LAD,,,,,,OF/UTIL
120671-119418,OF,Jairo,Jairo Pomares,Pomares,,0,2000,SF@LAD,SF,LAD,,,,,,OF/UTIL
120671-118398,SS,Vimael,Vimael Machin,Machin,5.425000190734863,4,2000,NYY@BAL,BAL,NYY,,,,,,SS/UTIL
120671-165510,OF,Jay,Jay Allen,Allen,,0,2000,CHC@CIN,CIN,CHC,,,,,,OF/UTIL
120671-165511,C,Mat,Mat Nelson,Nelson,,0,2000,CHC@CIN,CIN,CHC,,,,,,C/1B/UTIL
120671-82567,1B/OF,Ryan,Ryan Vilade,Vilade,1.524999976158142,8,2000,CHC@CIN,CIN,CHC,,,,,,C/1B/OF/UTIL
120671-165515,OF,Malvin,Malvin Valdez,Valdez,,0,2000,CHC@CIN,CIN,CHC,,,,,,OF/UTIL
120671-119439,C,Sam,Sam Huff,Huff,4.8,20,2000,SF@LAD,SF,LAD,,,,,,C/1B/UTIL
120671-165517,OF,Ariel,Ariel Almonte,Almonte,,0,2000,CHC@CIN,CIN,CHC,,,,,,OF/UTIL
120671-119440,3B/2B,Davis,Davis Wendzel,Wendzel,1.8714286259242467,28,2000,CHC@CIN,CIN,CHC,,,,,,2B/3B/UTIL
120671-164505,OF,Hudson,Hudson Haskin,Haskin,,0,2000,NYY@BAL,BAL,NYY,,,,,,OF/UTIL
120671-164514,SS,Maikol,Maikol Hernandez,Hernandez,,0,2000,NYY@BAL,BAL,NYY,,,,,,SS/UTIL
120671-21161,2B,Yolmer,Yolmer Sanchez,Sanchez,,0,2000,LAA@MIL,LAA,MIL,,,,,,2B/UTIL
120671-164527,SS,Cristian,Cristian Hernandez,Hernandez,,0,2000,CHC@CIN,CHC,CIN,,,,,,SS/UTIL
120671-164528,SS,James,James Triantos,Triantos,,0,2000,CHC@CIN,CHC,CIN,,,,,,SS/UTIL
120671-21172,1B/2B/3B,Brandon,Brandon Drury,Drury,4.8051547020981,97,2000,LAA@MIL,LAA,MIL,,,,,,C/1B/2B/3B/UTIL
120671-21183,C/1B,Carlos,Carlos Perez,Perez,,0,2000,CHC@CIN,CHC,CIN,,,,,,C/1B/UTIL
120671-165576,SS,Adrian,Adrian Placencia,Placencia,,0,2000,LAA@MIL,LAA,MIL,,,,,,SS/UTIL
120671-82637,1B,Evan,Evan White,White,0,2,2000,LAA@MIL,LAA,MIL,IL,Hip,,,,C/1B/UTIL
120671-165590,SS,Wilman,Wilman Diaz,Diaz,,0,2000,SF@LAD,LAD,SF,,,,,,SS/UTIL
120671-165593,OF,Jose,Jose Ramos,Ramos,0,2,2000,SF@LAD,LAD,SF,,,,,,OF/UTIL
120671-165598,C,Jesus,Jesus Galiz,Galiz,,0,2000,SF@LAD,LAD,SF,IL,Undisclosed,,,,C/1B/UTIL
120671-82659,3B,Carter,Carter Kieboom,Kieboom,3,1,2000,LAA@MIL,LAA,MIL,,,,,,3B/UTIL
120671-181991,1B,Ryan,Ryan Noda,Noda,3.46086949887483,23,2000,NYY@BAL,BAL,NYY,,,,,,C/1B/UTIL
120671-165604,C,Jeferson,Jeferson Quero,Quero,,0,2000,LAA@MIL,MIL,LAA,,,,,,C/1B/UTIL
120671-165610,3B,Zavier,Zavier Warren,Warren,,0,2000,LAA@MIL,MIL,LAA,,,,,,3B/UTIL
120671-232173,OF,Justin,Justin Dean,Dean,0.3333333333333333,18,2000,SF@LAD,LAD,SF,,,,,,OF/UTIL
120671-165619,SS,Noah,Noah Miller,Miller,,0,2000,SF@LAD,LAD,SF,,,,,,SS/UTIL
120671-165622,SS,Jheremy,Jheremy Vargas,Vargas,,0,2000,LAA@MIL,MIL,LAA,,,,,,SS/UTIL
120671-165627,3B,Jaylen,Jaylen Palmer,Palmer,,0,2000,CHC@CIN,CHC,CIN,,,,,,3B/UTIL
120671-226041,OF/1B,Matt,Matt Gorski,Gorski,4.76000010172526,15,2000,SF@LAD,LAD,SF,IL,Hand,,,,C/1B/OF/UTIL
120671-13054,C,Rob,Rob Brantly,Brantly,4.166666666666667,3,2000,NYY@BAL,NYY,BAL,,,,,,C/1B/UTIL
120671-202502,OF,Blake,Blake Dunn,Dunn,4.983333333333333,30,2000,CHC@CIN,CIN,CHC,,,,,,OF/UTIL
120671-202501,OF,Duke,Duke Ellis,Ellis,3.0166667302449546,12,2000,NYY@BAL,NYY,BAL,,,,,,OF/UTIL
120671-165652,OF,Yhoswar,Yhoswar Garcia,Garcia,,0,2000,LAA@MIL,MIL,LAA,,,,,,OF/UTIL
120671-165663,SS,Victor,Victor Acosta,Acosta,,0,2000,CHC@CIN,CIN,CHC,,,,,,SS/UTIL
120671-70435,OF,Ben,Ben Gamel,Gamel,5.779487022986779,39,2000,LAA@MIL,LAA,MIL,,,,,,OF/UTIL
120671-165675,SS,Edwin,Edwin Arroyo,Arroyo,,0,2000,CHC@CIN,CIN,CHC,,,,,,SS/UTIL
120671-176937,C,Chuckie,Chuckie Robinson,Robinson,3.200000047683716,1,2000,SF@LAD,LAD,SF,,,,,,C/1B/UTIL
120671-195378,SS/2B/OF,Tyler,Tyler Fitzgerald,Fitzgerald,5.983333163791233,72,2000,SF@LAD,SF,LAD,,,,,,2B/SS/OF/UTIL
120671-193328,OF,Wade,Wade Meckler,Meckler,0,2,2000,SF@LAD,SF,LAD,,,,,,OF/UTIL
120671-165685,SS,Aeverson,Aeverson Arteaga,Arteaga,,0,2000,SF@LAD,SF,LAD,,,,,,SS/UTIL
120671-165690,C,Brett,Brett Auerbach,Auerbach,,0,2000,SF@LAD,SF,LAD,,,,,,C/1B/UTIL
120671-119632,OF,Hedbert,Hedbert Perez,Perez,,0,2000,LAA@MIL,MIL,LAA,,,,,,OF/UTIL
120671-119636,SS,Alexander,Alexander Vargas,Vargas,,0,2000,CHC@CIN,CIN,CHC,,,,,,SS/UTIL
120671-213853,C/3B,J.C.,J.C. Escarra,Escarra,4.5125,40,2000,NYY@BAL,NYY,BAL,,,,,,C/1B/3B/UTIL
120671-163686,3B/SS,Oswaldo,Oswaldo Cabrera,Cabrera,6.597142682756696,35,2000,NYY@BAL,NYY,BAL,IL,Ankle,,,,3B/SS/UTIL
120671-163695,2B/3B,Jorbit,Jorbit Vivas,Vivas,3.5413792051117996,29,2000,NYY@BAL,NYY,BAL,,,,,,2B/3B/UTIL
120671-203639,3B/1B,CJ,CJ Alexander,Alexander,1.5,6,2000,SF@LAD,LAD,SF,,,,,,C/1B/3B/UTIL
120671-209786,1B,Niko,Niko Kavadas,Kavadas,1.5,10,2000,LAA@MIL,LAA,MIL,,,,,,C/1B/UTIL
120671-203641,SS,Levi,Levi Jordan,Jordan,1.8142856870378767,7,2000,CHC@CIN,CIN,CHC,,,,,,SS/UTIL
120671-170879,C,Chris,Chris Okey,Okey,0,2,2000,SF@LAD,LAD,SF,,,,,,C/1B/UTIL
120671-102279,3B,Drew,Drew Ellis,Ellis,,0,2000,SF@LAD,SF,LAD,,,,,,3B/UTIL
120671-183187,1B/3B,Christian,Christian Encarnacion-Strand,Encarnacion-Strand,7.502777947319879,36,2000,CHC@CIN,CIN,CHC,,,,,,C/1B/3B/UTIL
120671-182170,OF,Oscar,Oscar Colas,Colas,4.228571483067104,14,2000,LAA@MIL,LAA,MIL,,,,,,OF/UTIL
120671-102307,2B/SS/OF,Jose,Jose Barrero,Barrero,2.4227272380482066,22,2000,NYY@BAL,BAL,NYY,,,,,,2B/SS/OF/UTIL
120671-102317,SS,Terrin,Terrin Vavra,Vavra,0,1,2000,NYY@BAL,BAL,NYY,,,,,,SS/UTIL
120671-102331,2B/SS/3B,Nicky,Nicky Lopez,Lopez,1.3105262957121198,19,2000,CHC@CIN,CHC,CIN,,,,,,2B/3B/SS/UTIL
120671-68538,2B,Franklin,Franklin Barreto,Barreto,,0,2000,NYY@BAL,BAL,NYY,,,,,,2B/UTIL
120671-52157,C,Tom,Tom Murphy,Murphy,3.7571427481515065,14,2000,SF@LAD,SF,LAD,IL,Back,,,,C/1B/UTIL
120671-102339,C,Diego,Diego Cartaya,Cartaya,0,2,2000,SF@LAD,SF,LAD,,,,,,C/1B/UTIL
120671-102347,2B/SS/3B,Livan,Livan Soto,Soto,1.6133333841959636,15,2000,NYY@BAL,BAL,NYY,,,,,,2B/3B/SS/UTIL
120671-68554,SS,Andrew,Andrew Velazquez,Velazquez,0,2,2000,NYY@BAL,NYY,BAL,,,,,,SS/UTIL
120671-102346,OF,Jordyn,Jordyn Adams,Adams,0.3200000047683716,10,2000,NYY@BAL,BAL,NYY,,,,,,OF/UTIL
120671-81869,C,Chad,Chad Wallach,Wallach,0,1,2000,LAA@MIL,LAA,MIL,,,,,,C/1B/UTIL
120671-200663,C,David,David Banuelos,Banuelos,3,1,2000,NYY@BAL,BAL,NYY,,,,,,C/1B/UTIL
120671-102359,C,Will,Will Banfield,Banfield,0.42857142857142855,7,2000,CHC@CIN,CIN,CHC,,,,,,C/1B/UTIL
120671-102392,OF,Esteury,Esteury Ruiz,Ruiz,3.3894737645199426,19,2000,SF@LAD,LAD,SF,,,,,,OF/UTIL