Id,Position,First Name,Nickname,Last Name,FPPG,Played,Salary,Game,Team,Opponent,Injury Indicator,Injury Details,Tier,Probable Pitcher,Batting Order,Roster Position
117192-146687,P,Hunter,Hunter Brown,Brown,42.4,10,11000,SEA@HOU,HOU,SEA,,,,,,P
117192-119340,P,Tarik,Tarik Skubal,Skubal,40.3,10,11000,CLE@DET,DET,CLE,,,,,,P
117192-135977,P,Garrett,Garrett Crochet,Crochet,40.18181818181818,11,10800,BAL@BOS,BOS,BAL,,,,,,P
117192-102396,P,Logan,Logan Gilbert,Gilbert,34.833333333333336,6,10400,SEA@HOU,SEA,HOU,IL,Elbow,,,,P
117192-12477,P,Chris,Chris Sale,Sale,33.8,10,10300,ATL@WSH,ATL,WSH,,,,,,P
117192-197980,P,Paul,Paul Skenes,Skenes,36.9,10,10300,MIL@PIT,PIT,MIL,,,,,,P
117192-82635,P,MacKenzie,MacKenzie Gore,Gore,38.4,10,10100,ATL@WSH,WSH,ATL,,,,,,P
117192-164509,P,AJ,AJ Smith-Shawver,Smith-Shawver,33.142857142857146,7,9800,ATL@WSH,ATL,WSH,,,,Yes,,P
117192-187194,P,Bryan,Bryan Woo,Woo,38.333333333333336,9,9800,SEA@HOU,SEA,HOU,,,,,,P
117192-83190,P,Freddy,Freddy Peralta,Peralta,33.2,10,9700,MIL@PIT,MIL,PIT,,,,,,P
117192-85599,P,Framber,Framber Valdez,Valdez,33.7,10,9700,SEA@HOU,HOU,SEA,,,,,,P
117192-162445,P,Spencer,Spencer Strider,Strider,17,2,9500,ATL@WSH,ATL,WSH,,,,,,P
117192-102294,P,Grayson,Grayson Rodriguez,Rodriguez,35.6,20,9500,BAL@BOS,BAL,BOS,IL,Lat,,,,P
117192-198885,P,Spencer,Spencer Arrighetti,Arrighetti,22.5,2,9300,SEA@HOU,HOU,SEA,IL,Thumb,,,,P
117192-165551,P,Reese,Reese Olson,Olson,31.88888888888889,9,9300,CLE@DET,DET,CLE,IL,Finger,,,,P
117192-119414,P,George,George Kirby,Kirby,31.78787878787879,33,9200,SEA@HOU,SEA,HOU,IL,Shoulder,,Yes,,P
117192-82554,P,Shane,Shane Bieber,Bieber,58,5,9200,CLE@DET,CLE,DET,IL,Elbow,,,,P
117192-68491,P,Reynaldo,Reynaldo Lopez,Lopez,9,1,9200,ATL@WSH,ATL,WSH,IL,Shoulder,,,,P
117192-21099,P,Jose,Jose Quintana,Quintana,29.333333333333332,6,9000,MIL@PIT,MIL,PIT,IL,Shoulder,,,,P
117192-164503,P,Spencer,Spencer Schwellenbach,Schwellenbach,30.5,10,9000,ATL@WSH,ATL,WSH,,,,,,P
117192-80582,P,Brandon,Brandon Woodruff,Woodruff,,0,9000,MIL@PIT,MIL,PIT,IL,Ankle,,,,P
117192-146725,P,Jared,Jared Jones,Jones,30.59090909090909,22,8900,MIL@PIT,PIT,MIL,IL,Elbow,,,,P
117192-179725,P,Luis,Luis Ortiz,Ortiz,29.11111111111111,9,8900,CLE@DET,CLE,DET,,,,,,P
117192-165518,P,Gavin,Gavin Williams,Williams,28.4,10,8900,CLE@DET,CLE,DET,,,,,,P
117192-85253,P,Casey,Casey Mize,Mize,35,7,8800,CLE@DET,DET,CLE,IL,Hamstring,,,,P
117192-79246,P,Jack,Jack Flaherty,Flaherty,28.333333333333332,9,8800,CLE@DET,DET,CLE,,,,Yes,,P
117192-79162,P,Luis,Luis Castillo,Castillo,28.5,10,8700,SEA@HOU,SEA,HOU,,,,,,P
117192-220895,P,Tomoyuki,Tomoyuki Sugano,Sugano,25.6,10,8700,BAL@BOS,BAL,BOS,,,,,,P
117192-79168,P,Walker,Walker Buehler,Buehler,27.857142857142858,7,8600,BAL@BOS,BOS,BAL,,,,,,P
117192-102458,P,Kutter,Kutter Crawford,Crawford,27.96969696969697,33,8500,BAL@BOS,BOS,BAL,IL,Knee,,,,P
117192-168872,P,Ronel,Ronel Blanco,Blanco,28.555555555555557,9,8500,SEA@HOU,HOU,SEA,DTD,Elbow,,,,P
117192-185501,P,Tanner,Tanner Bibee,Bibee,24.333333333333332,9,8400,CLE@DET,CLE,DET,,,,Yes,,P
117192-146664,P,Bryce,Bryce Elder,Elder,24.125,8,8400,ATL@WSH,ATL,WSH,,,,,,P
117192-68482,P,Zach,Zach Eflin,Eflin,23.6,5,8400,BAL@BOS,BAL,BOS,,,,,,P
117192-79217,P,Mitch,Mitch Keller,Keller,27.7,10,8300,MIL@PIT,PIT,MIL,,,,,,P
117192-165636,P,Hayden,Hayden Wesneski,Wesneski,24.833333333333332,6,8300,SEA@HOU,HOU,SEA,IL,Elbow,,,,P
117192-52167,P,Andrew,Andrew Heaney,Heaney,27.3,10,8300,MIL@PIT,PIT,MIL,,,,,,P
117192-185490,P,Logan,Logan Allen,Allen,21.555555555555557,9,8200,CLE@DET,CLE,DET,,,,,,P
117192-219653,P,Logan,Logan Henderson,Henderson,43.333333333333336,3,8200,MIL@PIT,MIL,PIT,,,,,,P
117192-165689,P,Bryce,Bryce Miller,Miller,20.875,8,8200,SEA@HOU,SEA,HOU,IL,Elbow,,,,P
117192-79207,P,Grant,Grant Holmes,Holmes,26.1,10,8100,ATL@WSH,ATL,WSH,,,,,,P
117192-202541,P,Cade,Cade Povich,Povich,22.5,8,8100,BAL@BOS,BAL,BOS,,,,Yes,,P
117192-163680,P,Brayan,Brayan Bello,Bello,22,6,8100,BAL@BOS,BOS,BAL,,,,,,P
117192-110822,P,Jose,Jose Urquidy,Urquidy,0,1,8000,CLE@DET,DET,CLE,IL,Elbow,,,,P
117192-82775,P,Nestor,Nestor Cortes,Cortes,17,2,8000,MIL@PIT,MIL,PIT,IL,Elbow,,,,P
117192-163700,P,Kyle,Kyle Bradish,Bradish,32.625,8,8000,BAL@BOS,BAL,BOS,IL,Elbow,,,,P
117192-226322,P,Logan,Logan Evans,Evans,23,5,7900,SEA@HOU,SEA,HOU,,,,,,P
117192-165655,P,Bubba,Bubba Chandler,Chandler,,0,7800,MIL@PIT,PIT,MIL,,,,,,P
117192-165731,P,Mitchell,Mitchell Parker,Parker,23.7,10,7800,ATL@WSH,WSH,ATL,,,,,,P
117192-219668,P,Hunter,Hunter Dobbins,Dobbins,25.5,6,7700,BAL@BOS,BOS,BAL,,,,,,P
117192-211765,P,Richard,Richard Fitts,Fitts,26.666666666666668,3,7700,BAL@BOS,BOS,BAL,IL,Pectoral,,,,P
117192-52198,P,Lucas,Lucas Giolito,Giolito,19.5,4,7700,BAL@BOS,BOS,BAL,,,,Yes,,P
117192-102684,P,Jake,Jake Irvin,Irvin,26.1,10,7600,ATL@WSH,WSH,ATL,,,,,,P
117192-219663,P,Chad,Chad Patrick,Patrick,23.727272727272727,11,7600,MIL@PIT,MIL,PIT,,,,,,P
117192-97300,P,John,John Means,Means,28,5,7500,CLE@DET,CLE,DET,IL,Elbow,,,,P
117192-102447,P,Dean,Dean Kremer,Kremer,21.1,10,7500,BAL@BOS,BAL,BOS,,,,,,P
117192-79118,P,Triston,Triston McKenzie,McKenzie,2,4,7500,CLE@DET,CLE,DET,,,,,,P
117192-79123,P,Tyler,Tyler Alexander,Alexander,7.777777777777778,18,7500,MIL@PIT,MIL,PIT,,,,,,P
117192-165547,P,Jackson,Jackson Jobe,Jobe,24,8,7500,CLE@DET,DET,CLE,,,,,,P
117192-164532,P,DJ,DJ Herz,Herz,25.94736842105263,19,7500,ATL@WSH,WSH,ATL,IL,Elbow,,,,P
117192-197766,P,Keider,Keider Montero,Montero,18.5,6,7400,CLE@DET,DET,CLE,,,,,,P
117192-145625,P,Bailey,Bailey Falter,Falter,25.4,10,7400,MIL@PIT,PIT,MIL,,,,,,P
117192-60646,P,Ben,Ben Lively,Lively,20.555555555555557,9,7400,CLE@DET,CLE,DET,IL,Forearm,,,,P
117192-146724,P,Carmen,Carmen Mlodzinski,Mlodzinski,14.88888888888889,9,7400,MIL@PIT,PIT,MIL,,,,,,P
117192-165561,P,Chayce,Chayce McDermott,McDermott,11.5,2,7400,BAL@BOS,BAL,BOS,,,,,,P
117192-13123,P,Alex,Alex Cobb,Cobb,19.4,5,7400,CLE@DET,DET,CLE,IL,Hip,,,,P
117192-68483,P,Trevor,Trevor Williams,Williams,19.22222222222222,9,7400,ATL@WSH,WSH,ATL,,,,Yes,,P
117192-135268,P,Emerson,Emerson Hancock,Hancock,17.714285714285715,7,7300,SEA@HOU,SEA,HOU,,,,,,P
117192-60637,P,Sean,Sean Newcomb,Newcomb,17.454545454545453,11,7300,BAL@BOS,BOS,BAL,,,,,,P
117192-82557,P,Aaron,Aaron Civale,Civale,0,1,7300,MIL@PIT,MIL,PIT,IL,Hamstring,,,,P
117192-70470,P,Albert,Albert Suarez,Suarez,11,1,7200,BAL@BOS,BAL,BOS,IL,Shoulder,,,,P
117192-161256,P,Cooper,Cooper Criswell,Criswell,0.3333333333333333,3,7100,BAL@BOS,BOS,BAL,,,,,,P
117192-119409,P,Quinn,Quinn Priester,Priester,17.125,8,7100,MIL@PIT,MIL,PIT,,,,,,P
117192-82607,P,Trevor,Trevor Rogers,Rogers,19.36,25,7100,BAL@BOS,BAL,BOS,,,,,,P
117192-202608,P,Carlos,Carlos Rodriguez,Rodriguez,11.333333333333334,3,7100,MIL@PIT,MIL,PIT,,,,,,P
117192-135212,P,Luis,Luis Garcia,Garcia,0,1,7000,SEA@HOU,HOU,SEA,IL,Elbow,,,,P
117192-208032,P,Brant,Brant Hurter,Hurter,9.642857142857142,14,7000,CLE@DET,DET,CLE,,,,,,P
117192-79076,P,Kolby,Kolby Allard,Allard,11.142857142857142,7,7000,CLE@DET,CLE,DET,,,,,,P
117192-102335,P,Cristian,Cristian Javier,Javier,24.285714285714285,8,7000,SEA@HOU,HOU,SEA,IL,Elbow,,,,P
117192-102572,P,Tobias,Tobias Myers,Myers,13,6,6900,MIL@PIT,MIL,PIT,,,,,,P
117192-79073,P,Michael,Michael Soroka,Soroka,23.75,4,6900,ATL@WSH,WSH,ATL,,,,,,P
117192-197981,P,Jacob,Jacob Misiorowski,Misiorowski,,0,6900,MIL@PIT,MIL,PIT,,,,,,P
117192-102498,P,Patrick,Patrick Sandoval,Sandoval,23.4375,16,6800,BAL@BOS,BOS,BAL,IL,Elbow,,,,P
117192-176240,P,Luis F.,Luis F. Castillo,Castillo,9,2,6800,BAL@BOS,BAL,BOS,IL,Undisclosed,,,,P
117192-79078,P,Ian,Ian Anderson,Anderson,2.2857142857142856,7,6800,ATL@WSH,ATL,WSH,,,,,,P
117192-198916,P,Thomas,Thomas Harrington,Harrington,9,2,6800,MIL@PIT,PIT,MIL,,,,,,P
117192-79133,P,Matt,Matt Manning,Manning,21.4,5,6800,CLE@DET,DET,CLE,,,,,,P
117192-149886,P,Cody,Cody Poteet,Poteet,-4,1,6800,BAL@BOS,BAL,BOS,IL,Shoulder,,,,P
117192-219659,P,Brandon,Brandon Young,Young,17.5,2,6800,BAL@BOS,BAL,BOS,IL,Shoulder,,,,P
117192-82540,P,Tanner,Tanner Houck,Houck,13.555555555555555,9,6800,BAL@BOS,BOS,BAL,IL,Elbow,,,,P
117192-119411,P,Joey,Joey Cantillo,Cantillo,7.315789473684211,19,6800,CLE@DET,CLE,DET,,,,,,P
117192-222885,P,Brad,Brad Lord,Lord,11.583333333333334,13,6800,ATL@WSH,WSH,ATL,,,,,,P
117192-213198,P,Ryan,Ryan Gusto,Gusto,14.454545454545455,11,6700,SEA@HOU,HOU,SEA,,,,,,P
117192-219662,P,Colton,Colton Gordon,Gordon,20.5,2,6700,SEA@HOU,HOU,SEA,,,,,,P
117192-52159,P,Lance,Lance McCullers Jr.,McCullers Jr.,7,3,6600,SEA@HOU,HOU,SEA,,,,Yes,,P
117192-102515,P,Aaron,Aaron Ashby,Ashby,11.214285714285714,15,6500,MIL@PIT,MIL,PIT,IL,Oblique,,,,P
117192-181805,P,J.P.,J.P. France,France,15.8,6,6500,SEA@HOU,HOU,SEA,IL,Shoulder,,,,P
117192-165665,P,Robert,Robert Gasser,Gasser,25.6,5,6500,MIL@PIT,MIL,PIT,IL,Elbow,,,,P
117192-102456,P,Jhonathan,Jhonathan Diaz,Diaz,7,1,6400,SEA@HOU,SEA,HOU,,,,,,P
117192-79147,P,Jakob,Jakob Junis,Junis,3.9047619047619047,21,6400,CLE@DET,CLE,DET,,,,,,P
117192-5466,P,Charlie,Charlie Morton,Morton,11.5,12,6400,BAL@BOS,BAL,BOS,,,,,,P
117192-82537,P,DL,DL Hall,Hall,15.307692307692308,13,6400,MIL@PIT,MIL,PIT,IL,Lat,,,,P
117192-170891,P,Davis,Davis Daniel,Daniel,6,1,6400,ATL@WSH,ATL,WSH,,,,,,P
117192-146663,P,Slade,Slade Cecconi,Cecconi,30,1,6200,CLE@DET,CLE,DET,,,,,,P
117192-181833,P,Darius,Darius Vines,Vines,7.25,4,6200,ATL@WSH,ATL,WSH,IL,Undisclosed,,,,P
117192-119447,P,Joan,Joan Adon,Adon,3.25,8,6200,ATL@WSH,WSH,ATL,IL,Undisclosed,,,,P
117192-165546,P,Ty,Ty Madden,Madden,13.142857142857142,7,6200,CLE@DET,DET,CLE,IL,Shoulder,,,,P
117192-198872,P,Hurston,Hurston Waldrep,Waldrep,-4.5,2,6100,ATL@WSH,ATL,WSH,,,,,,P
117192-102502,P,Josiah,Josiah Gray,Gray,6.5,3,6000,ATL@WSH,WSH,ATL,IL,Elbow,,,,P
117192-145922,P,Tyler,Tyler Wells,Wells,19.666666666666668,4,6000,BAL@BOS,BAL,BOS,IL,Elbow,,,,P
117192-163515,P,Elvin,Elvin Rodriguez,Rodriguez,8.833333333333334,6,6000,MIL@PIT,MIL,PIT,,,,,,P
117192-81594,P,Dietrich,Dietrich Enns,Enns,,0,6000,CLE@DET,DET,CLE,,,,,,P
117192-163681,P,Josh,Josh Winckowski,Winckowski,7.833333333333333,6,6000,BAL@BOS,BOS,BAL,IL,Elbow,,,,P
117192-161167,P,Glenn,Glenn Otto,Otto,0,1,5900,SEA@HOU,HOU,SEA,IL,Shoulder,,,,P
117192-119391,P,Roansy,Roansy Contreras,Contreras,6.085106382978723,49,5900,BAL@BOS,BAL,BOS,,,,,,P
117192-119449,P,Jackson,Jackson Rutledge,Rutledge,7.857142857142857,14,5900,ATL@WSH,WSH,ATL,,,,,,P
117192-169742,P,Tyler,Tyler Holton,Holton,5.7894736842105265,20,5900,CLE@DET,DET,CLE,,,,,,P
117192-68505,P,Carson,Carson Fulmer,Fulmer,10.567567567567568,37,5900,MIL@PIT,PIT,MIL,,,,,,P
117192-79917,P,Casey,Casey Lawrence,Lawrence,9.333333333333334,6,5800,SEA@HOU,SEA,HOU,,,,,,P
117192-194697,P,Sawyer,Sawyer Gipson-Long,Gipson-Long,0,1,5800,CLE@DET,DET,CLE,IL,Elbow,,,,P
117192-135208,P,Shawn,Shawn Dubin,Dubin,8.75,4,5700,SEA@HOU,HOU,SEA,,,,,,P
117192-102487,P,Austin,Austin Cox,Cox,,0,5700,ATL@WSH,ATL,WSH,,,,,,P
117192-79079,P,Joey,Joey Wentz,Wentz,5.352941176470588,17,5700,MIL@PIT,PIT,MIL,,,,,,P
117192-79126,P,Forrest,Forrest Whitley,Whitley,4,2,5700,SEA@HOU,HOU,SEA,,,,,,P
117192-164511,P,Dylan,Dylan Dodd,Dodd,6,1,5700,ATL@WSH,ATL,WSH,,,,,,P
117192-165659,P,Mike,Mike Burrows,Burrows,19,1,5700,MIL@PIT,PIT,MIL,,,,Yes,,P
117192-213867,P,Blas,Blas Castano,Castano,,0,5700,SEA@HOU,SEA,HOU,,,,,,P
117192-79873,P,Dylan,Dylan Covey,Covey,0,2,5500,ATL@WSH,ATL,WSH,,,,,,P
117192-68619,P,Matt,Matt Bowman,Bowman,3.8666666666666667,16,5500,BAL@BOS,BAL,BOS,,,,,,P
117192-178184,P,Kevin,Kevin Herget,Herget,6,1,5500,ATL@WSH,ATL,WSH,,,,,,P
117192-211985,P,Andrew,Andrew Walters,Walters,5.230769230769231,13,5500,CLE@DET,CLE,DET,,,,,,P
117192-135191,P,Josh,Josh Fleming,Fleming,4.541666666666667,25,5500,SEA@HOU,SEA,HOU,,,,,,P
117192-82974,P,Tanner,Tanner Rainey,Rainey,3.6666666666666665,7,5500,MIL@PIT,PIT,MIL,,,,,,P
117192-102448,P,Brenan,Brenan Hanifee,Hanifee,5.428571428571429,21,5500,CLE@DET,DET,CLE,,,,,,P
117192-190516,P,Daysbel,Daysbel Hernandez,Hernandez,5.684210526315789,19,5500,ATL@WSH,ATL,WSH,,,,,,P
117192-135221,P,Cade,Cade Cavalli,Cavalli,0,1,5500,ATL@WSH,WSH,ATL,,,,,,P
117192-212025,P,Zach,Zach Penrod,Penrod,3,7,5500,BAL@BOS,BOS,BAL,IL,Elbow,,,,P
117192-172092,P,Garrett,Garrett Hill,Hill,0,1,5500,SEA@HOU,SEA,HOU,,,,,,P
117192-11333,P,Craig,Craig Kimbrel,Kimbrel,5.803571428571429,57,5500,ATL@WSH,ATL,WSH,,,,,,P
117192-135237,P,Nick,Nick Mears,Mears,4.380952380952381,21,5500,MIL@PIT,MIL,PIT,,,,,,P
117192-149587,P,Jay,Jay Flaa,Flaa,,0,5500,ATL@WSH,ATL,WSH,,,,,,P
117192-116839,P,David,David Bednar,Bednar,5.125,17,5500,MIL@PIT,PIT,MIL,,,,,,P
117192-161906,P,Dauri,Dauri Moreta,Moreta,0,1,5500,MIL@PIT,PIT,MIL,IL,Elbow,,,,P
117192-161907,P,Dylan,Dylan Lee,Lee,5,22,5500,ATL@WSH,ATL,WSH,,,,,,P
117192-135281,P,Bryan,Bryan Baker,Baker,6.7272727272727275,22,5500,BAL@BOS,BAL,BOS,,,,,,P
117192-85108,P,Enyel,Enyel De Los Santos,De Los Santos,5.526315789473684,19,5500,ATL@WSH,ATL,WSH,,,,,,P
117192-102523,P,Deivi,Deivi Garcia,Garcia,4.285714285714286,14,5500,MIL@PIT,MIL,PIT,,,,,,P
117192-209026,P,Parker,Parker Dunshee,Dunshee,1,1,5500,ATL@WSH,WSH,ATL,,,,,,P
117192-54403,P,Trevor,Trevor Gott,Gott,0,1,5500,SEA@HOU,SEA,HOU,,,,,,P
117192-116868,P,Gabe,Gabe Speier,Speier,6.2727272727272725,22,5500,SEA@HOU,SEA,HOU,,,,,,P
117192-102549,P,Andres,Andres Munoz,Munoz,7.045454545454546,22,5500,SEA@HOU,SEA,HOU,,,,,,P
117192-81044,P,Austin,Austin Adams,Adams,4.2727272727272725,56,5500,BAL@BOS,BOS,BAL,,,,,,P
117192-170135,P,Yennier,Yennier Cano,Cano,3.6315789473684212,19,5500,BAL@BOS,BAL,BOS,,,,,,P
117192-152734,P,Zach,Zach Thompson,Thompson,10,2,5500,ATL@WSH,ATL,WSH,,,,,,P
117192-81052,P,Andrew,Andrew Kittredge,Kittredge,6,1,5500,BAL@BOS,BAL,BOS,,,,,,P
117192-102558,P,Gregory,Gregory Santos,Santos,1.875,8,5500,SEA@HOU,SEA,HOU,IL,Knee,,,,P
117192-184482,P,Hobie,Hobie Harris,Harris,,0,5500,BAL@BOS,BOS,BAL,IL,Shoulder,,,,P
117192-83116,P,Wander,Wander Suero,Suero,0,1,5500,ATL@WSH,ATL,WSH,,,,,,P
117192-85164,P,Matt,Matt Festa,Festa,5.571428571428571,7,5500,CLE@DET,CLE,DET,,,,,,P
117192-145591,P,Eduard,Eduard Bazardo,Bazardo,5.2631578947368425,19,5500,SEA@HOU,SEA,HOU,,,,,,P
117192-102587,P,Jordan,Jordan Balazovic,Balazovic,,0,5500,CLE@DET,DET,CLE,,,,,,P
117192-145593,P,Carlos,Carlos Vargas,Vargas,5.7,20,5500,SEA@HOU,SEA,HOU,,,,,,P
117192-135358,P,Dylan,Dylan File,File,,0,5500,SEA@HOU,SEA,HOU,,,,,,P
117192-160965,P,Elvis,Elvis Peguero,Peguero,4.166666666666667,6,5500,MIL@PIT,MIL,PIT,,,,,,P
117192-21707,P,Michael,Michael Mariot,Mariot,,0,5500,SEA@HOU,SEA,HOU,,,,,,P
117192-66765,P,Jorge,Jorge Lopez,Lopez,4.5,23,5500,ATL@WSH,WSH,ATL,,,,,,P
117192-83149,P,Jesus,Jesus Liranzo,Liranzo,,0,5500,MIL@PIT,MIL,PIT,,,,,,P
117192-194770,P,Nick,Nick Hernandez,Hernandez,6.6,5,5500,SEA@HOU,HOU,SEA,,,,,,P
117192-83158,P,Seranthony,Seranthony Dominguez,Dominguez,5.166666666666667,18,5500,BAL@BOS,BAL,BOS,,,,,,P
117192-145629,P,Mason,Mason Thompson,Thompson,0,1,5500,ATL@WSH,WSH,ATL,IL,Elbow,,,,P
117192-209116,P,Troy,Troy Taylor,Taylor,-0.14285714285714285,8,5500,SEA@HOU,SEA,HOU,,,,,,P
117192-60640,P,Nick,Nick Burdi,Burdi,5,2,5500,BAL@BOS,BOS,BAL,,,,,,P
117192-83170,P,Thomas,Thomas Pannone,Pannone,,0,5500,MIL@PIT,MIL,PIT,IL,Forearm,,,,P
117192-152806,P,Jason,Jason Foley,Foley,4.044776119402985,70,5500,CLE@DET,DET,CLE,IL,Shoulder,,,,P
117192-198890,P,Walter,Walter Pennington,Pennington,5.8125,16,5500,BAL@BOS,BAL,BOS,,,,,,P
117192-79085,P,Keegan,Keegan Akin,Akin,5.590909090909091,22,5500,BAL@BOS,BAL,BOS,,,,,,P
117192-197873,P,Zach,Zach Brzykcy,Brzykcy,1.8333333333333333,6,5500,ATL@WSH,WSH,ATL,,,,,,P
117192-146678,P,Tanner,Tanner Burns,Burns,,0,5500,CLE@DET,CLE,DET,,,,,,P
117192-79097,P,Bryan,Bryan Hudson,Hudson,4.583333333333333,12,5500,MIL@PIT,MIL,PIT,,,,,,P
117192-146688,P,Alex,Alex Santos II,Santos II,,0,5500,SEA@HOU,HOU,SEA,,,,,,P
117192-197888,P,Bailey,Bailey Horn,Horn,10,1,5500,CLE@DET,DET,CLE,,,,,,P
117192-197896,P,Will,Will Klein,Klein,2.75,8,5500,SEA@HOU,SEA,HOU,,,,,,P
117192-170254,P,Colin,Colin Holderman,Holderman,2.5384615384615383,14,5500,MIL@PIT,PIT,MIL,IL,Thumb,,,,P
117192-79116,P,Riley,Riley Pint,Pint,1.75,4,5500,CLE@DET,CLE,DET,IL,Undisclosed,,,,P
117192-197902,P,Cade,Cade Smith,Smith,6.173913043478261,23,5500,CLE@DET,CLE,DET,,,,,,P
117192-197900,P,Luis,Luis Perales,Perales,0,2,5500,BAL@BOS,BOS,BAL,IL,Elbow,,,,P
117192-197906,P,Royber,Royber Salinas,Salinas,0,1,5500,ATL@WSH,ATL,WSH,IL,Shoulder,,,,P
117192-79124,P,Joe,Joe Jimenez,Jimenez,5.855072463768116,70,5500,ATL@WSH,ATL,WSH,IL,Knee,,,,P
117192-197910,P,Wilmer,Wilmer Flores,Flores,0,1,5500,CLE@DET,DET,CLE,IL,Shoulder,,,,P
117192-209176,P,Chase,Chase Shugart,Shugart,5.764705882352941,18,5500,MIL@PIT,PIT,MIL,,,,,,P
117192-79135,P,Beau,Beau Burrows,Burrows,,0,5500,MIL@PIT,PIT,MIL,,,,,,P
117192-146723,P,Eddy,Eddy Yean,Yean,,0,5500,MIL@PIT,PIT,MIL,,,,,,P
117192-79144,P,Scott,Scott Blewett,Blewett,10.454545454545455,11,5500,ATL@WSH,ATL,WSH,,,,,,P
117192-146732,P,Nick,Nick Swiney,Swiney,,0,5500,SEA@HOU,HOU,SEA,,,,,,P
117192-157997,P,Sean,Sean Guenther,Guenther,4.5,8,5500,CLE@DET,DET,CLE,,,,,,P
117192-146737,P,Cole,Cole Henry,Henry,6.071428571428571,14,5500,ATL@WSH,WSH,ATL,,,,,,P
117192-180540,P,Easton,Easton McGee,McGee,6,1,5500,MIL@PIT,MIL,PIT,,,,,,P
117192-203075,P,Michael,Michael Petersen,Petersen,9,1,5500,ATL@WSH,ATL,WSH,,,,,,P
117192-113986,P,Emmanuel,Emmanuel Clase,Clase,5.571428571428571,21,5500,CLE@DET,CLE,DET,,,,,,P
117192-182597,P,Shintaro,Shintaro Fujinami,Fujinami,0,3,5500,SEA@HOU,SEA,HOU,,,,,,P
117192-38217,P,Tommy,Tommy Kahnle,Kahnle,5.7894736842105265,19,5500,CLE@DET,DET,CLE,,,,,,P
117192-209224,P,Orlando,Orlando Ribalta,Ribalta,6.5,4,5500,ATL@WSH,WSH,ATL,IL,Biceps,,,,P
117192-226643,P,AJ,AJ Blubaugh,Blubaugh,24,1,5500,SEA@HOU,HOU,SEA,,,,,,P
117192-79184,P,Thomas,Thomas Szapucki,Szapucki,0,2,5500,CLE@DET,DET,CLE,IL,Shoulder,,,,P
117192-38240,P,Rafael,Rafael Montero,Montero,4.5,18,5500,ATL@WSH,ATL,WSH,,,,,,P
117192-222565,P,Shinnosuke,Shinnosuke Ogasawara,Ogasawara,,0,5500,ATL@WSH,WSH,ATL,IL,Oblique,,,,P
117192-135525,P,Adam,Adam Seminaris,Seminaris,,0,5500,SEA@HOU,SEA,HOU,,,,,,P
117192-153961,P,Tayler,Tayler Saucedo,Saucedo,2,4,5500,SEA@HOU,SEA,HOU,,,,,,P
117192-225665,P,Sauryn,Sauryn Lao,Lao,14,1,5500,SEA@HOU,SEA,HOU,,,,,,P
117192-62872,P,Vince,Vince Velasquez,Velasquez,,0,5500,CLE@DET,CLE,DET,,,,,,P
117192-38303,P,Andrew,Andrew Chafin,Chafin,4.375,9,5500,ATL@WSH,WSH,ATL,,,,,,P
117192-61858,P,Raisel,Raisel Iglesias,Iglesias,5.105263157894737,19,5500,ATL@WSH,ATL,WSH,,,,,,P
117192-101801,P,Joel,Joel Payamps,Payamps,2.260869565217391,23,5500,MIL@PIT,MIL,PIT,,,,,,P
117192-118184,P,Enoli,Enoli Paredes,Paredes,5.944444444444445,18,5500,ATL@WSH,ATL,WSH,,,,,,P
117192-101802,P,Patrick,Patrick Weigel,Weigel,,0,5500,ATL@WSH,WSH,ATL,,,,,,P
117192-219568,P,Rolddy,Rolddy Munoz,Munoz,,0,5500,ATL@WSH,ATL,WSH,,,,,,P
117192-101812,P,Justin,Justin Lawrence,Lawrence,7.454545454545454,11,5500,MIL@PIT,PIT,MIL,IL,Elbow,,,,P
117192-101814,P,Sam,Sam Hentges,Hentges,5.12,25,5500,CLE@DET,CLE,DET,IL,Shoulder,,,,P
117192-101816,P,Bryan,Bryan Abreu,Abreu,6.318181818181818,22,5500,SEA@HOU,HOU,SEA,,,,,,P
117192-101819,P,Jose,Jose Suarez,Suarez,12.333333333333334,3,5500,ATL@WSH,ATL,WSH,,,,,,P
117192-169400,P,Parker,Parker Mushinski,Mushinski,1.8,10,5500,CLE@DET,CLE,DET,,,,,,P
117192-200143,P,Josh,Josh Maciejewski,Maciejewski,9,4,5500,MIL@PIT,MIL,PIT,,,,,,P
117192-225748,P,Craig,Craig Yoho,Yoho,2.2,5,5500,MIL@PIT,MIL,PIT,,,,,,P
117192-101849,P,Wei-Chieh,Wei-Chieh Huang,Huang,,0,5500,MIL@PIT,PIT,MIL,,,,,,P
117192-101855,P,Trent,Trent Thornton,Thornton,3.4375,16,5500,SEA@HOU,SEA,HOU,IL,Abdomen,,,,P
117192-135645,P,Isaac,Isaac Mattson,Mattson,8.333333333333334,3,5500,MIL@PIT,PIT,MIL,,,,,,P
117192-84452,P,Caleb,Caleb Ferguson,Ferguson,3.6956521739130435,23,5500,MIL@PIT,PIT,MIL,,,,,,P
117192-145918,P,Will,Will Vest,Vest,7.523809523809524,21,5500,CLE@DET,DET,CLE,,,,,,P
117192-145916,P,Zach,Zach Pop,Pop,2.912280701754386,58,5500,SEA@HOU,SEA,HOU,,,,,,P
117192-119298,P,Luis,Luis Frias,Frias,1.8181818181818181,11,5500,CLE@DET,CLE,DET,,,,,,P
117192-119301,P,Brennan,Brennan Malone,Malone,,0,5500,MIL@PIT,PIT,MIL,,,,,,P
117192-119310,P,Noah,Noah Song,Song,,0,5500,BAL@BOS,BOS,BAL,O,Elbow,,,,P
117192-219660,P,Kade,Kade Strowd,Strowd,3,1,5500,BAL@BOS,BAL,BOS,,,,,,P
117192-101905,P,Sam,Sam McWilliams,McWilliams,,0,5500,MIL@PIT,MIL,PIT,,,,,,P
117192-170512,P,Peter,Peter Strzelecki,Strzelecki,5.3,10,5500,MIL@PIT,PIT,MIL,,,,,,P
117192-119316,P,Thaddeus,Thaddeus Ward,Ward,0,1,5500,BAL@BOS,BAL,BOS,,,,,,P
117192-170527,P,Jason,Jason Alexander,Alexander,-0.75,4,5500,SEA@HOU,HOU,SEA,,,,,,P
117192-181791,P,Connor,Connor Thomas,Thomas,-2.5,2,5500,MIL@PIT,MIL,PIT,IL,Elbow,,,,P
117192-119331,P,Daniel,Daniel Espino,Espino,0,3,5500,CLE@DET,CLE,DET,IL,Shoulder,,,,P
117192-181796,P,Blair,Blair Calvo,Calvo,,0,5500,CLE@DET,DET,CLE,IL,Undisclosed,,,,P
117192-5673,P,Jesse,Jesse Chavez,Chavez,6,2,5500,ATL@WSH,ATL,WSH,,,,,,P
117192-181803,P,Zak,Zak Kent,Kent,8,3,5500,CLE@DET,CLE,DET,,,,,,P
117192-119339,P,Tyler,Tyler Ivey,Ivey,,0,5500,SEA@HOU,HOU,SEA,,,,,,P
117192-79402,P,Cionel,Cionel Perez,Perez,4.444444444444445,18,5500,BAL@BOS,BAL,BOS,,,,,,P
117192-181801,P,Jose A.,Jose A. Ferrer,Ferrer,4.12,25,5500,ATL@WSH,WSH,ATL,,,,,,P
117192-219701,P,Franco,Franco Aleman,Aleman,,0,5500,CLE@DET,CLE,DET,,,,,,P
117192-181819,P,Tim,Tim Herrin,Herrin,4.714285714285714,21,5500,CLE@DET,CLE,DET,,,,,,P
117192-181816,P,Casey,Casey Legumina,Legumina,6.823529411764706,17,5500,SEA@HOU,SEA,HOU,,,,,,P
117192-195135,P,Kyle,Kyle Nicolas,Nicolas,2,7,5500,MIL@PIT,PIT,MIL,,,,,,P
117192-222786,P,Raul,Raul Alcantara,Alcantara,,0,5500,BAL@BOS,BAL,BOS,,,,,,P
117192-181828,P,Kolton,Kolton Ingram,Ingram,,0,5500,ATL@WSH,ATL,WSH,,,,,,P
117192-181838,P,Abner,Abner Uribe,Uribe,6.958333333333333,24,5500,MIL@PIT,MIL,PIT,,,,,,P
117192-80460,P,John,John Brebbia,Brebbia,5.333333333333333,12,5500,CLE@DET,DET,CLE,,,,,,P
117192-175698,P,Hunter,Hunter Gaddis,Gaddis,6,22,5500,CLE@DET,CLE,DET,,,,,,P
117192-219730,P,Chase,Chase Lee,Lee,7.666666666666667,9,5500,CLE@DET,DET,CLE,,,,,,P
117192-219729,P,Tyler,Tyler Mattison,Mattison,,0,5500,CLE@DET,DET,CLE,IL,Elbow,,,,P
117192-219728,P,Tyler,Tyler Owens,Owens,4.5,2,5500,CLE@DET,DET,CLE,,,,,,P
117192-181847,P,Noah,Noah Denoyer,Denoyer,,0,5500,BAL@BOS,BAL,BOS,,,,,,P
117192-181850,P,Colin,Colin Selby,Selby,6.666666666666667,3,5500,BAL@BOS,BAL,BOS,,,,,,P
117192-225880,P,Nathan,Nathan Wiles,Wiles,-3,1,5500,ATL@WSH,ATL,WSH,,,,,,P
117192-181854,P,Brendan,Brendan White,White,0,1,5500,CLE@DET,DET,CLE,,,,,,P
117192-80476,P,Jackson,Jackson Stephens,Stephens,4.333333333333333,3,5500,ATL@WSH,ATL,WSH,,,,,,P
117192-119388,P,Junior,Junior Santos,Santos,,0,5500,ATL@WSH,WSH,ATL,,,,,,P
117192-222812,P,Jaden,Jaden Hamm,Hamm,,0,5500,CLE@DET,DET,CLE,,,,,,P
117192-81507,P,Aaron,Aaron Bummer,Bummer,5.588235294117647,17,5500,ATL@WSH,ATL,WSH,,,,,,P
117192-186986,P,Eduardo,Eduardo Salazar,Salazar,1.7058823529411764,17,5500,ATL@WSH,WSH,ATL,,,,,,P
117192-82541,P,Bryan,Bryan Mata,Mata,0,2,5500,BAL@BOS,BOS,BAL,,,,,,P
117192-118381,P,Kyle,Kyle Finnegan,Finnegan,4.944444444444445,18,5500,ATL@WSH,WSH,ATL,,,,,,P
117192-222830,P,Travis,Travis Sykora,Sykora,,0,5500,ATL@WSH,WSH,ATL,,,,,,P
117192-119406,P,Cody,Cody Bolton,Bolton,0,1,5500,CLE@DET,CLE,DET,IL,Undisclosed,,,,P
117192-222828,P,Jacob,Jacob Webb,Webb,,0,5500,BAL@BOS,BOS,BAL,,,,,,P
117192-162419,P,Matt,Matt Brash,Brash,6.4,5,5500,SEA@HOU,SEA,HOU,,,,,,P
117192-222833,P,Jarlin,Jarlin Susana,Susana,,0,5500,ATL@WSH,WSH,ATL,IL,Elbow,,,,P
117192-222832,P,Alex,Alex Clemmey,Clemmey,,0,5500,ATL@WSH,WSH,ATL,,,,,,P
117192-119413,P,Isaiah,Isaiah Campbell,Campbell,0.25,8,5500,BAL@BOS,BOS,BAL,,,,,,P
117192-135798,P,Garrett,Garrett Stallings,Stallings,,0,5500,MIL@PIT,MIL,PIT,,,,,,P
117192-82548,P,Alex,Alex Lange,Lange,4.380952380952381,21,5500,CLE@DET,DET,CLE,IL,Lat,,,,P
117192-222843,P,Jurrangelo,Jurrangelo Cijntje,Cijntje,,0,5500,SEA@HOU,SEA,HOU,,,,,,P
117192-118394,P,Yohan,Yohan Ramirez,Ramirez,4.783783783783784,38,5500,MIL@PIT,PIT,MIL,,,,,,P
117192-118397,P,Trevor,Trevor Megill,Megill,4.722222222222222,19,5500,MIL@PIT,MIL,PIT,,,,,,P
117192-119426,P,Johan,Johan Oviedo,Oviedo,0,1,5500,MIL@PIT,PIT,MIL,IL,Lat,,,,P
117192-52871,P,Derek,Derek Law,Law,6.16,75,5500,ATL@WSH,WSH,ATL,IL,Forearm,,,,P
117192-222859,P,Cam,Cam Caminiti,Caminiti,,0,5500,ATL@WSH,ATL,WSH,,,,,,P
117192-82572,P,Gregory,Gregory Soto,Soto,4.2105263157894735,19,5500,BAL@BOS,BAL,BOS,,,,,,P
117192-165522,P,Tommy,Tommy Mace,Mace,,0,5500,CLE@DET,CLE,DET,,,,,,P
117192-73362,P,Rob,Rob Zastryzny,Zastryzny,9.666666666666666,3,5500,MIL@PIT,MIL,PIT,,,,,,P
117192-165521,P,Doug,Doug Nikhazy,Nikhazy,0,1,5500,CLE@DET,CLE,DET,,,,,,P
117192-203415,P,Bryan,Bryan King,King,6.090909090909091,22,5500,SEA@HOU,HOU,SEA,,,,,,P
117192-170647,P,Jared,Jared Koenig,Koenig,4.583333333333333,24,5500,MIL@PIT,MIL,PIT,,,,,,P
117192-119446,P,Andry,Andry Lara,Lara,,0,5500,ATL@WSH,WSH,ATL,,,,,,P
117192-82584,P,JB,JB Bukauskas,Bukauskas,5.5,6,5500,MIL@PIT,MIL,PIT,IL,Lat,,,,P
117192-119451,P,Matt,Matt Cronin,Cronin,,0,5500,SEA@HOU,SEA,HOU,,,,,,P
117192-203420,P,Austin,Austin Kitchen,Kitchen,0,4,5500,SEA@HOU,SEA,HOU,,,,,,P
117192-82592,P,Dennis,Dennis Santana,Santana,4.476190476190476,21,5500,MIL@PIT,PIT,MIL,,,,,,P
117192-169636,P,Beau,Beau Brieske,Brieske,4,15,5500,CLE@DET,DET,CLE,,,,,,P
117192-164517,P,Chris,Chris Murphy,Murphy,0,2,5500,BAL@BOS,BOS,BAL,IL,Elbow,,,,P
117192-164521,P,Brandon,Brandon Walter,Walter,30,1,5500,SEA@HOU,HOU,SEA,,,,,,P
117192-220847,P,Grant,Grant Wolfram,Wolfram,0.5,2,5500,BAL@BOS,BAL,BOS,,,,,,P
117192-220845,P,Juan,Juan Nunez,Nunez,,0,5500,BAL@BOS,BAL,BOS,,,,,,P
117192-165553,P,Dylan,Dylan Smith,Smith,,0,5500,CLE@DET,DET,CLE,,,,,,P
117192-14006,P,Brian,Brian Moran,Moran,,0,5500,ATL@WSH,ATL,WSH,,,,,,P
117192-165570,P,Ben,Ben Hernandez,Hernandez,,0,5500,SEA@HOU,SEA,HOU,,,,,,P
117192-82628,P,Adonis,Adonis Medina,Medina,,0,5500,SEA@HOU,SEA,HOU,,,,,,P
117192-170699,P,Matt,Matt Gage,Gage,,0,5500,CLE@DET,DET,CLE,,,,,,P
117192-81615,P,Tim,Tim Mayza,Mayza,6.142857142857143,7,5500,MIL@PIT,PIT,MIL,IL,Shoulder,,,,P
117192-222930,P,Logan,Logan VanWey,VanWey,3.2857142857142856,7,5500,SEA@HOU,HOU,SEA,,,,,,P
117192-165585,P,Erik,Erik Rivera,Rivera,,0,5500,BAL@BOS,BOS,BAL,,,,,,P
117192-198352,P,Shane,Shane Drohan,Drohan,0,1,5500,BAL@BOS,BOS,BAL,IL,Forearm,,,,P
117192-198356,P,Justin,Justin Slaten,Slaten,4.2631578947368425,20,5500,BAL@BOS,BOS,BAL,,,,,,P
117192-82653,P,Ryan,Ryan Borucki,Borucki,4.277777777777778,19,5500,MIL@PIT,PIT,MIL,,,,,,P
117192-14049,P,Bryan,Bryan Shaw,Shaw,2.4,5,5500,SEA@HOU,SEA,HOU,,,,,,P
117192-141024,P,Bruce,Bruce Zimmermann,Zimmermann,0,1,5500,MIL@PIT,MIL,PIT,,,,,,P
117192-187121,P,Grant,Grant Anderson,Anderson,6,21,5500,MIL@PIT,MIL,PIT,,,,,,P
117192-182006,P,Nic,Nic Enright,Enright,,0,5500,CLE@DET,CLE,DET,,,,,,P
117192-165621,P,Russell,Russell Smith,Smith,,0,5500,MIL@PIT,MIL,PIT,IL,Undisclosed,,,,P
117192-84732,P,Robert,Robert Stock,Stock,3,1,5500,BAL@BOS,BOS,BAL,,,,,,P
117192-154368,P,Vinny,Vinny Nittoli,Nittoli,6,9,5500,MIL@PIT,MIL,PIT,,,,,,P
117192-161545,P,Kaleb,Kaleb Ort,Ort,4.090909090909091,11,5500,SEA@HOU,HOU,SEA,,,,,,P
117192-194323,P,Hunter,Hunter Stratton,Stratton,-3.5,2,5500,MIL@PIT,PIT,MIL,,,,,,P
117192-161563,P,Jovani,Jovani Moran,Moran,,0,5500,BAL@BOS,BOS,BAL,IL,Elbow,,,,P
117192-211737,P,Luis,Luis Guerrero,Guerrero,7,3,5500,BAL@BOS,BOS,BAL,,,,,,P
117192-165657,P,Anthony,Anthony Solometo,Solometo,,0,5500,MIL@PIT,PIT,MIL,IL,Shoulder,,,,P
117192-199461,P,Luis,Luis Contreras,Contreras,4.285714285714286,7,5500,SEA@HOU,HOU,SEA,,,,,,P
117192-135976,P,Bennett,Bennett Sousa,Sousa,7.666666666666667,12,5500,SEA@HOU,HOU,SEA,,,,,,P
117192-165673,P,Levi,Levi Stoudt,Stoudt,0,1,5500,BAL@BOS,BAL,BOS,,,,,,P
117192-165682,P,Michael,Michael Morales,Morales,,0,5500,SEA@HOU,SEA,HOU,,,,,,P
117192-103218,P,Nick,Nick Margevicius,Margevicius,,0,5500,CLE@DET,DET,CLE,,,,,,P
117192-178997,P,Greg,Greg Weissert,Weissert,5.045454545454546,22,5500,BAL@BOS,BOS,BAL,,,,,,P
117192-163641,P,Ray,Ray Kerr,Kerr,11.2,10,5500,ATL@WSH,ATL,WSH,IL,Elbow,,,,P
117192-13118,P,Justin,Justin Wilson,Wilson,4.95,20,5500,BAL@BOS,BOS,BAL,,,,,,P
117192-213851,P,Domingo,Domingo Gonzalez,Gonzalez,,0,5500,ATL@WSH,ATL,WSH,,,,,,P
117192-183131,P,Ryder,Ryder Ryan,Ryan,5.714285714285714,15,5500,MIL@PIT,PIT,MIL,,,,,,P
117192-163673,P,Jorge,Jorge Juan,Juan,,0,5500,ATL@WSH,ATL,WSH,,,,,,P
117192-108380,P,Tayler,Tayler Scott,Scott,4.352941176470588,17,5500,SEA@HOU,HOU,SEA,,,,,,P
117192-163683,P,Ricky,Ricky Vanasco,Vanasco,4,4,5500,CLE@DET,DET,CLE,,,,,,P
117192-11108,P,Aroldis,Aroldis Chapman,Chapman,6.714285714285714,21,5500,BAL@BOS,BOS,BAL,,,,,,P
117192-163690,P,Nathan,Nathan Webb,Webb,,0,5500,BAL@BOS,BAL,BOS,,,,,,P
117192-163688,P,Collin,Collin Snider,Snider,5.578947368421052,19,5500,SEA@HOU,SEA,HOU,,,,,,P
117192-68466,P,Steven,Steven Okert,Okert,6.894736842105263,19,5500,SEA@HOU,HOU,SEA,,,,,,P
117192-163697,P,Hagen,Hagen Danner,Danner,0,1,5500,SEA@HOU,SEA,HOU,,,,,,P
117192-163701,P,Felix,Felix Bautista,Bautista,4.933333333333334,15,5500,BAL@BOS,BAL,BOS,,,,,,P
117192-15225,P,Liam,Liam Hendriks,Hendriks,4.181818181818182,11,5500,BAL@BOS,BOS,BAL,,,,,,P
117192-163707,P,Freddy,Freddy Pacheco,Pacheco,,0,5500,CLE@DET,DET,CLE,IL,Biceps,,,,P
117192-68474,P,Josh,Josh Hader,Hader,7.578947368421052,19,5500,SEA@HOU,HOU,SEA,,,,,,P
117192-210813,P,Ryan,Ryan Miller,Miller,4.153846153846154,13,5500,CLE@DET,DET,CLE,,,,,,P
117192-170889,P,Aneurys,Aneurys Zabala,Zabala,,0,5500,CLE@DET,DET,CLE,,,,,,P
117192-39843,P,Burch,Burch Smith,Smith,4.76,50,5500,MIL@PIT,PIT,MIL,IL,Undisclosed,,,,P
117192-179118,P,Zack,Zack Kelly,Kelly,6.5,7,5500,BAL@BOS,BOS,BAL,,,,,,P
117192-68527,P,Jose,Jose De Leon,De Leon,,0,5500,BAL@BOS,BOS,BAL,,,,,,P
117192-52148,P,Pierce,Pierce Johnson,Johnson,5.052631578947368,19,5500,ATL@WSH,ATL,WSH,,,,,,P
117192-102324,P,Konnor,Konnor Pilkington,Pilkington,0,2,5500,ATL@WSH,WSH,ATL,,,,,,P
117192-175032,P,Brennan,Brennan Bernardino,Bernardino,5.7,21,5500,BAL@BOS,BOS,BAL,,,,,,P
117192-102332,P,Jackson,Jackson Kowar,Kowar,0,1,5500,SEA@HOU,SEA,HOU,IL,Elbow,,,,P
117192-102334,P,Corbin,Corbin Martin,Martin,,0,5500,BAL@BOS,BAL,BOS,,,,,,P
117192-210885,P,Erik,Erik Sabrowski,Sabrowski,10.153846153846153,13,5500,CLE@DET,CLE,DET,IL,Elbow,,,,P
117192-198618,P,Coleman,Coleman Crow,Crow,,0,5500,MIL@PIT,MIL,PIT,,,,,,P
117192-187367,P,Nick,Nick Robertson,Robertson,7.111111111111111,9,5500,SEA@HOU,HOU,SEA,,,,,,P
117192-102377,P,Trevor,Trevor Stephan,Stephan,0,3,5500,CLE@DET,CLE,DET,IL,Elbow,,,,P
117192-68584,P,Tyler,Tyler Jay,Jay,5.8,5,5500,MIL@PIT,MIL,PIT,,,,,,P
117192-79848,P,Paul,Paul Sewald,Sewald,4.428571428571429,14,5500,CLE@DET,CLE,DET,IL,Shoulder,,,,P
117192-102376,P,Garrett,Garrett Whitlock,Whitlock,8.352941176470589,17,5500,BAL@BOS,BOS,BAL,,,,,,P
117192-102387,P,Braxton,Braxton Ashcraft,Ashcraft,0,1,5500,MIL@PIT,PIT,MIL,,,,,,P
117192-70649,P,Adrian,Adrian Sampson,Sampson,0,1,5500,ATL@WSH,WSH,ATL,,,,,,P
117192-102397,P,Wyatt,Wyatt Mills,Mills,,0,5500,BAL@BOS,BOS,BAL,,,,,,P
117192-68585,3B,Rafael,Rafael Devers,Devers,12.856862984451594,51,3900,BAL@BOS,BOS,BAL,,,,,,3B/UTIL
117192-165661,OF,James,James Wood,Wood,12.857142857142858,49,3800,ATL@WSH,WSH,ATL,,,,,,OF/UTIL
117192-102554,C,Cal,Cal Raleigh,Raleigh,13.466667175292969,48,3700,SEA@HOU,SEA,HOU,,,,,,C/1B/UTIL
117192-79756,OF,Ronald,Ronald Acuna Jr.,Acuna Jr.,11.634693379304847,49,3700,ATL@WSH,ATL,WSH,IL,Knee,,,,OF/UTIL
117192-68522,3B,Alex,Alex Bregman,Bregman,12.71800048828125,50,3700,BAL@BOS,BOS,BAL,,,,,,3B/UTIL
117192-38976,3B,Jose,Jose Ramirez,Ramirez,12.178261134935463,46,3600,CLE@DET,CLE,DET,,,,,,3B/UTIL
117192-119410,SS,CJ,CJ Abrams,Abrams,13.383332994249132,36,3600,ATL@WSH,WSH,ATL,,,,,,SS/UTIL
117192-119343,OF,Riley,Riley Greene,Greene,11.854166666666666,48,3500,CLE@DET,DET,CLE,,,,,,OF/UTIL
117192-17086,OF,Marcell,Marcell Ozuna,Ozuna,10.742222086588542,45,3500,ATL@WSH,ATL,WSH,,,,,,OF/UTIL
117192-102389,SS/OF,Oneil,Oneil Cruz,Cruz,12.476190476190476,42,3500,MIL@PIT,PIT,MIL,,,,,,SS/OF/UTIL
117192-119311,OF,Jarren,Jarren Duran,Duran,11.434000244140625,50,3400,BAL@BOS,BOS,BAL,,,,,,OF/UTIL
117192-82536,OF,Cedric,Cedric Mullins,Mullins,11.523912512737772,46,3400,BAL@BOS,BAL,BOS,,,,,,OF/UTIL
117192-68588,2B,Gleyber,Gleyber Torres,Torres,11.054054054054054,37,3400,CLE@DET,DET,CLE,,,,,,2B/UTIL
117192-21874,2B/3B,Jorge,Jorge Polanco,Polanco,11.068421213250412,38,3300,SEA@HOU,SEA,HOU,,,,,,2B/3B/UTIL
117192-102400,OF,Julio,Julio Rodriguez,Rodriguez,11.237500508626303,48,3200,SEA@HOU,SEA,HOU,,,,,,OF/UTIL
117192-135203,1B,Spencer,Spencer Torkelson,Torkelson,12.593877052774234,49,3200,CLE@DET,DET,CLE,,,,,,C/1B/UTIL
117192-79074,3B,Austin,Austin Riley,Riley,10.262500127156576,48,3200,ATL@WSH,ATL,WSH,,,,,,3B/UTIL
117192-85261,OF,Randy,Randy Arozarena,Arozarena,10.754348091457201,46,3200,SEA@HOU,SEA,HOU,,,,,,OF/UTIL
117192-181812,OF,Wilyer,Wilyer Abreu,Abreu,10.475509954958547,49,3200,BAL@BOS,BOS,BAL,,,,,,OF/UTIL
117192-82575,OF,Yordan,Yordan Alvarez,Alvarez,8.324137720568427,29,3200,SEA@HOU,HOU,SEA,IL,Hand,,,,OF/UTIL
117192-82574,3B,Isaac,Isaac Paredes,Paredes,11.020833333333334,48,3200,SEA@HOU,HOU,SEA,,,,,,3B/UTIL
117192-102284,C,William,William Contreras,Contreras,10.149999867314877,46,3200,MIL@PIT,MIL,PIT,,,,,,C/1B/UTIL
117192-52175,1B,Matt,Matt Olson,Olson,10.633333206176758,48,3200,ATL@WSH,ATL,WSH,,,,,,C/1B/UTIL
117192-119306,SS,Gunnar,Gunnar Henderson,Henderson,9.929268441549162,41,3100,BAL@BOS,BAL,BOS,,,,,,SS/UTIL
117192-165611,OF,Jackson,Jackson Chourio,Chourio,10.346938775510203,49,3100,MIL@PIT,MIL,PIT,,,,,,OF/UTIL
117192-21609,OF,Christian,Christian Yelich,Yelich,9.358333587646484,48,3000,MIL@PIT,MIL,PIT,,,,,,OF/UTIL
117192-85285,1B,Nathaniel,Nathaniel Lowe,Lowe,9.551020408163266,49,3000,ATL@WSH,WSH,ATL,,,,,,C/1B/UTIL
117192-119345,SS,Jeremy,Jeremy Pena,Pena,10.006122199856506,49,3000,SEA@HOU,HOU,SEA,,,,,,SS/UTIL
117192-176691,OF,Kerry,Kerry Carpenter,Carpenter,9.608510768159906,47,3000,CLE@DET,DET,CLE,,,,,,OF/UTIL
117192-163666,OF,Steven,Steven Kwan,Kwan,10.227083206176758,48,3000,CLE@DET,CLE,DET,,,,,,OF/UTIL
117192-102353,2B,Brice,Brice Turang,Turang,11.212765957446809,47,3000,MIL@PIT,MIL,PIT,,,,,,2B/UTIL
117192-79141,1B/OF,Ryan,Ryan O'Hearn,O'Hearn,9.917948404947916,39,2900,BAL@BOS,BAL,BOS,,,,,,C/1B/OF/UTIL
117192-38218,1B,Christian,Christian Walker,Walker,7.589583079020183,48,2900,SEA@HOU,HOU,SEA,,,,,,C/1B/UTIL
117192-197967,2B/SS,Jackson,Jackson Holliday,Holliday,8.5976747024891,43,2900,BAL@BOS,BAL,BOS,,,,,,2B/SS/UTIL
117192-197982,OF,Dylan,Dylan Crews,Crews,9.073333062065972,45,2900,ATL@WSH,WSH,ATL,IL,Oblique,,,,OF/UTIL
117192-79215,1B,Rhys,Rhys Hoskins,Hoskins,9.934042423329455,47,2900,MIL@PIT,MIL,PIT,,,,,,C/1B/UTIL
117192-101753,2B/SS/3B,Dylan,Dylan Moore,Moore,9.730555216471354,36,2900,SEA@HOU,SEA,HOU,,,,,,2B/3B/SS/UTIL
117192-21885,SS/3B/OF,Javier,Javier Baez,Baez,9.917500305175782,40,2900,CLE@DET,DET,CLE,,,,,,3B/SS/OF/UTIL
117192-118218,SS/3B/2B/OF,Zach,Zach McKinstry,McKinstry,9.17173899774966,46,2900,CLE@DET,DET,CLE,,,,,,2B/3B/SS/OF/UTIL
117192-82624,C,Sean,Sean Murphy,Murphy,10.086666870117188,30,2900,ATL@WSH,ATL,WSH,,,,,,C/1B/UTIL
117192-165605,OF,Sal,Sal Frelick,Frelick,8.914893617021276,47,2900,MIL@PIT,MIL,PIT,,,,,,OF/UTIL
117192-189308,1B,Kyle,Kyle Manzardo,Manzardo,9.944186188453852,43,2900,CLE@DET,CLE,DET,,,,,,C/1B/UTIL
117192-135218,OF,Jake,Jake Meyers,Meyers,8.445833206176758,48,2800,SEA@HOU,HOU,SEA,,,,,,OF/UTIL
117192-79230,OF,Bryan,Bryan Reynolds,Reynolds,8.325000127156576,48,2800,MIL@PIT,PIT,MIL,,,,,,OF/UTIL
117192-53757,OF,Rob,Rob Refsnyder,Refsnyder,8.743749618530273,16,2800,BAL@BOS,BOS,BAL,,,,,,OF/UTIL
117192-222825,2B/OF,Kristian,Kristian Campbell,Campbell,8.697618756975446,42,2800,BAL@BOS,BOS,BAL,,,,,,2B/OF/UTIL
117192-181987,OF,Masataka,Masataka Yoshida,Yoshida,8.75925925925926,108,2800,BAL@BOS,BOS,BAL,IL,Shoulder,,,,OF/UTIL
117192-82660,2B,Luis,Luis Garcia Jr.,Garcia Jr.,8.452380952380953,42,2800,ATL@WSH,WSH,ATL,,,,,,2B/UTIL
117192-136090,2B/SS,Nick,Nick Gonzales,Gonzales,22.200000762939453,1,2800,MIL@PIT,PIT,MIL,IL,Ankle,,,,2B/SS/UTIL
117192-52158,SS,Trevor,Trevor Story,Story,8.547916412353516,48,2800,BAL@BOS,BOS,BAL,,,,,,SS/UTIL
117192-52179,SS,J.P.,J.P. Crawford,Crawford,9.16739156971807,46,2800,SEA@HOU,SEA,HOU,,,,,,SS/UTIL
117192-173078,OF,Alex,Alex Call,Call,7.5235295015222885,34,2700,ATL@WSH,WSH,ATL,,,,,,OF/UTIL
117192-12310,1B,Carlos,Carlos Santana,Santana,9.299999734629756,46,2700,CLE@DET,CLE,DET,,,,,,C/1B/UTIL
117192-197762,C,Carlos,Carlos Narvaez,Narvaez,8.813888549804688,36,2700,BAL@BOS,BOS,BAL,,,,,,C/1B/UTIL
117192-83155,OF,Ramon,Ramon Laureano,Laureano,7.391666836208767,36,2700,BAL@BOS,BAL,BOS,DTD,Ankle,,,,OF/UTIL
117192-14562,2B/OF,Jose,Jose Altuve,Altuve,7.697872080701463,47,2700,SEA@HOU,HOU,SEA,,,,,,2B/OF/UTIL
117192-146667,3B/2B,Jordan,Jordan Westburg,Westburg,8.060869299847147,23,2700,BAL@BOS,BAL,BOS,IL,Hamstring,,,,2B/3B/UTIL
117192-79160,OF,Alex,Alex Verdugo,Verdugo,8.048148261176216,27,2700,ATL@WSH,ATL,WSH,,,,,,OF/UTIL
117192-136672,OF,Michael,Michael Harris II,Harris II,8.206249872843424,48,2700,ATL@WSH,ATL,WSH,,,,,,OF/UTIL
117192-119307,C,Adley,Adley Rutschman,Rutschman,7.539130169412364,46,2700,BAL@BOS,BAL,BOS,,,,,,C/1B/UTIL
117192-181811,OF/2B/SS,Ceddanne,Ceddanne Rafaela,Rafaela,8.395652439283287,46,2700,BAL@BOS,BOS,BAL,,,,,,2B/SS/OF/UTIL
117192-161418,2B/1B/3B,Romy,Romy Gonzalez,Gonzalez,8.941176470588236,17,2700,BAL@BOS,BOS,BAL,IL,Quadriceps,,,,C/1B/2B/3B/UTIL
117192-82593,C,Keibert,Keibert Ruiz,Ruiz,7.539535167605378,43,2700,ATL@WSH,WSH,ATL,,,,,,C/1B/UTIL
117192-165559,C,Yainer,Yainer Diaz,Diaz,7.441860465116279,43,2700,SEA@HOU,HOU,SEA,,,,,,C/1B/UTIL
117192-202431,2B/3B/SS/OF,Daniel,Daniel Schneemann,Schneemann,7.355263157894737,38,2700,CLE@DET,CLE,DET,,,,,,2B/3B/SS/OF/UTIL
117192-53994,1B,Josh,Josh Bell,Bell,6.909755799828506,41,2700,ATL@WSH,WSH,ATL,,,,,,C/1B/UTIL
117192-165633,SS,Trey,Trey Sweeney,Sweeney,7.96875,48,2700,CLE@DET,DET,CLE,,,,,,SS/UTIL
117192-102325,OF,Parker,Parker Meadows,Meadows,8.785393532742276,89,2700,CLE@DET,DET,CLE,IL,Arm,,,,OF/UTIL
117192-68547,OF,Tyler,Tyler O'Neill,O'Neill,7.783333460489909,24,2700,BAL@BOS,BAL,BOS,IL,Shoulder,,,,OF/UTIL
117192-68587,2B,Ozzie,Ozzie Albies,Albies,8.53125,48,2700,ATL@WSH,ATL,WSH,,,,,,2B/UTIL
117192-68589,2B/3B/OF,Amed,Amed Rosario,Rosario,7.995999755859375,25,2700,ATL@WSH,WSH,ATL,DTD,Leg,,,,2B/3B/OF/UTIL
117192-135204,C,Dillon,Dillon Dingler,Dingler,8.666666666666666,36,2600,CLE@DET,DET,CLE,,,,,,C/1B/UTIL
117192-102486,OF,Blake,Blake Perkins,Perkins,8.120325104007875,123,2600,MIL@PIT,MIL,PIT,IL,Lower leg,,,,OF/UTIL
117192-102546,2B/3B/SS,Gabriel,Gabriel Arias,Arias,7.873913308848506,46,2600,CLE@DET,CLE,DET,,,,,,2B/3B/SS/UTIL
117192-79082,1B,Ryan,Ryan Mountcastle,Mountcastle,6.291304215140965,46,2600,BAL@BOS,BAL,BOS,,,,,,C/1B/UTIL
117192-85254,C,Joey,Joey Bart,Bart,6.792307535807292,39,2600,MIL@PIT,PIT,MIL,,,,,,C/1B/UTIL
117192-146697,OF,Garrett,Garrett Mitchell,Mitchell,5.652000122070312,25,2600,MIL@PIT,MIL,PIT,IL,Oblique,,,,OF/UTIL
117192-185632,C/1B/OF,David,David Fry,Fry,7.909848299893466,132,2600,CLE@DET,CLE,DET,IL,Elbow,,,,C/1B/OF/UTIL
117192-5456,OF,Andrew,Andrew McCutchen,McCutchen,7.195348695267079,43,2600,MIL@PIT,PIT,MIL,,,,,,OF/UTIL
117192-79277,1B,Rowdy,Rowdy Tellez,Tellez,7.2926829268292686,41,2600,SEA@HOU,SEA,HOU,,,,,,C/1B/UTIL
117192-101850,3B/2B/1B,Ramon,Ramon Urias,Urias,7.350000108991351,28,2600,BAL@BOS,BAL,BOS,,,,,,C/1B/2B/3B/UTIL
117192-222846,OF,Cam,Cam Smith,Smith,7.680555555555555,36,2600,SEA@HOU,HOU,SEA,,,,,,OF/UTIL
117192-165514,OF/2B,Angel,Angel Martinez,Martinez,7.1294115851907165,34,2600,CLE@DET,CLE,DET,,,,,,2B/OF/UTIL
117192-165557,1B/2B,Colt,Colt Keith,Keith,7.138636502352628,44,2600,CLE@DET,DET,CLE,,,,,,C/1B/2B/UTIL
117192-208716,1B/OF,Zach,Zach Dezenzo,Dezenzo,7.010714394705636,28,2600,SEA@HOU,HOU,SEA,,,,,,C/1B/OF/UTIL
117192-82977,SS/3B/2B,Isiah,Isiah Kiner-Falefa,Kiner-Falefa,7.3578948974609375,38,2500,MIL@PIT,PIT,MIL,,,,,,2B/3B/SS/UTIL
117192-223299,3B,Ben,Ben Williamson,Williamson,6.583333333333333,30,2500,SEA@HOU,SEA,HOU,,,,,,3B/UTIL
117192-146666,OF,Heston,Heston Kjerstad,Kjerstad,5.740476335797991,42,2500,BAL@BOS,BAL,BOS,,,,,,OF/UTIL
117192-83182,C/OF,Eric,Eric Haase,Haase,5.262499809265137,16,2500,MIL@PIT,MIL,PIT,,,,,,C/1B/OF/UTIL
117192-209172,1B,Andres,Andres Chaparro,Chaparro,8.481817996863162,33,2500,ATL@WSH,WSH,ATL,IL,Oblique,,,,C/1B/UTIL
117192-181642,2B/OF/1B,Enmanuel,Enmanuel Valdez,Valdez,6.335483674080141,31,2500,MIL@PIT,PIT,MIL,IL,Shoulder,,,,C/1B/2B/OF/UTIL
117192-79255,1B/OF,Jake,Jake Bauers,Bauers,6.909375190734863,32,2500,MIL@PIT,MIL,PIT,,,,,,C/1B/OF/UTIL
117192-79267,2B/3B,Andy,Andy Ibanez,Ibanez,5.728571428571429,35,2500,CLE@DET,DET,CLE,,,,,,2B/3B/UTIL
117192-219698,2B/3B,Caleb,Caleb Durbin,Durbin,6.390322777532762,31,2500,MIL@PIT,MIL,PIT,,,,,,2B/3B/UTIL
117192-181829,2B/1B,Spencer,Spencer Horwitz,Horwitz,3,5,2500,MIL@PIT,PIT,MIL,,,,,,C/1B/2B/UTIL
117192-222858,C,Drake,Drake Baldwin,Baldwin,8.60344827586207,29,2500,ATL@WSH,ATL,WSH,,,,,,C/1B/UTIL
117192-164507,OF,Colton,Colton Cowser,Cowser,7.724999904632568,4,2500,BAL@BOS,BAL,BOS,IL,Thumb,,,,OF/UTIL
117192-164513,3B/2B/SS,Joey,Joey Ortiz,Ortiz,4.6875,48,2500,MIL@PIT,MIL,PIT,,,,,,2B/3B/SS/UTIL
117192-154422,OF/3B,Matt,Matt Vierling,Vierling,8.7264897428601,151,2500,CLE@DET,DET,CLE,IL,Shoulder,,,,3B/OF/UTIL
117192-102315,C,Bo,Bo Naylor,Naylor,7.861111111111111,36,2500,CLE@DET,CLE,DET,,,,,,C/1B/UTIL
117192-80848,C,Victor,Victor Caratini,Caratini,6.789654961947737,29,2500,SEA@HOU,HOU,SEA,,,,,,C/1B/UTIL
117192-68563,OF,Victor,Victor Robles,Robles,8.609999847412109,10,2500,SEA@HOU,SEA,HOU,IL,Shoulder,,,,OF/UTIL
117192-68582,2B,Brendan,Brendan Rodgers,Rodgers,5.212121212121212,33,2500,SEA@HOU,HOU,SEA,,,,,,2B/UTIL
117192-102402,OF,Alexander,Alexander Canario,Canario,5.635714394705636,28,2400,MIL@PIT,PIT,MIL,,,,,,OF/UTIL
117192-102418,OF,Eli,Eli White,White,8.072499847412109,40,2400,ATL@WSH,ATL,WSH,,,,,,OF/UTIL
117192-79122,OF,Nolan,Nolan Jones,Jones,5.0953489791515265,43,2400,CLE@DET,CLE,DET,,,,,,OF/UTIL
117192-193863,OF,Jacob,Jacob Young,Young,5.634146341463414,41,2400,ATL@WSH,WSH,ATL,DTD,Shoulder,,,,OF/UTIL
117192-119341,OF,Wenceel,Wenceel Perez,Perez,7.774576478085275,118,2400,CLE@DET,DET,CLE,IL,Back,,,,OF/UTIL
117192-181813,SS/2B,David,David Hamilton,Hamilton,6.388888888888889,27,2400,BAL@BOS,BOS,BAL,,,,,,2B/SS/UTIL
117192-80462,SS/3B,Paul,Paul DeJong,DeJong,5.162499904632568,16,2400,ATL@WSH,WSH,ATL,IL,Orbital,,,,3B/SS/UTIL
117192-181851,3B/2B/1B/SS,Jared,Jared Triolo,Triolo,4.5606060606060606,33,2400,MIL@PIT,PIT,MIL,,,,,,C/1B/2B/3B/SS/UTIL
117192-81622,C,Mitch,Mitch Garver,Garver,5.4935484855405745,31,2400,SEA@HOU,SEA,HOU,,,,,,C/1B/UTIL
117192-163667,OF/1B,Jhonkensy,Jhonkensy Noel,Noel,3.8714285714285714,35,2400,CLE@DET,CLE,DET,,,,,,C/1B/OF/UTIL
117192-189314,OF,Justyn-Henry,Justyn-Henry Malloy,Malloy,5.471794715294471,39,2400,CLE@DET,DET,CLE,,,,,,OF/UTIL
117192-102363,OF/1B,Luke,Luke Raley,Raley,7.625,24,2400,SEA@HOU,SEA,HOU,IL,Oblique,,,,C/1B/OF/UTIL
117192-13303,C,Yasmani,Yasmani Grandal,Grandal,7.036986468589469,73,2400,BAL@BOS,BOS,BAL,,,,,,C/1B/UTIL
117192-135284,C,Riley,Riley Adams,Adams,6.05454531582919,11,2300,ATL@WSH,WSH,ATL,,,,,,C/1B/UTIL
117192-54401,OF,Manuel,Manuel Margot,Margot,5.283333460489909,6,2300,CLE@DET,DET,CLE,,,,,,OF/UTIL
117192-13487,OF,Tommy,Tommy Pham,Pham,5.075675758155617,37,2300,MIL@PIT,PIT,MIL,,,,,,OF/UTIL
117192-70898,2B/3B/OF,Adam,Adam Frazier,Frazier,5.710869830587636,46,2300,MIL@PIT,PIT,MIL,,,,,,2B/3B/OF/UTIL
117192-79181,2B/OF,Mauricio,Mauricio Dubon,Dubon,5.158620900121228,29,2300,SEA@HOU,HOU,SEA,,,,,,2B/OF/UTIL
117192-197974,3B,Jace,Jace Jung,Jung,4.172222137451172,18,2300,CLE@DET,DET,CLE,,,,,,3B/UTIL
117192-79216,3B,Ke'Bryan,Ke'Bryan Hayes,Hayes,6.912765827584774,47,2300,MIL@PIT,PIT,MIL,,,,,,3B/UTIL
117192-226686,OF,Rhylan,Rhylan Thomas,Thomas,7.466666539510091,3,2300,SEA@HOU,SEA,HOU,,,,,,OF/UTIL
117192-21890,SS,Orlando,Orlando Arcia,Arcia,2.361538520226112,13,2300,ATL@WSH,ATL,WSH,,,,,,SS/UTIL
117192-79263,OF,Leody,Leody Taveras,Taveras,6.2139537722565406,43,2300,SEA@HOU,SEA,HOU,,,,,,OF/UTIL
117192-101844,OF,Lane,Lane Thomas,Thomas,3.8000001173753004,13,2300,CLE@DET,CLE,DET,IL,Wrist,,,,OF/UTIL
117192-119365,SS/2B,Nasim,Nasim Nunez,Nunez,5.166666666666667,18,2300,ATL@WSH,WSH,ATL,,,,,,2B/SS/UTIL
117192-164512,3B,Coby,Coby Mayo,Mayo,1.5,4,2300,BAL@BOS,BAL,BOS,,,,,,3B/UTIL
117192-211773,OF/2B,Isaac,Isaac Collins,Collins,4.522222306993273,36,2300,MIL@PIT,MIL,PIT,,,,,,2B/OF/UTIL
117192-163671,3B,Jose,Jose Tena,Tena,6.323333231608073,30,2300,ATL@WSH,WSH,ATL,,,,,,3B/UTIL
117192-102295,OF,Stuart,Stuart Fairchild,Fairchild,3.4315787867495886,19,2300,ATL@WSH,ATL,WSH,,,,,,OF/UTIL
117192-102349,SS/2B,Leo,Leo Rivas,Rivas,6.280769348144531,26,2300,SEA@HOU,SEA,HOU,,,,,,2B/SS/UTIL
117192-102380,SS,Nick,Nick Allen,Allen,6.175609681664444,41,2300,ATL@WSH,ATL,WSH,,,,,,SS/UTIL
117192-68593,SS/2B/OF,Jorge,Jorge Mateo,Mateo,3.73181811246005,22,2300,BAL@BOS,BAL,BOS,,,,,,2B/SS/OF/UTIL
117192-135216,OF,Chas,Chas McCormick,McCormick,2.296875,32,2200,SEA@HOU,HOU,SEA,,,,,,OF/UTIL
117192-102488,3B/1B,Emmanuel,Emmanuel Rivera,Rivera,4.939999898274739,15,2200,BAL@BOS,BAL,BOS,,,,,,C/1B/3B/UTIL
117192-82021,C,Tomas,Tomas Nido,Nido,5.345454476096413,11,2200,CLE@DET,DET,CLE,,,,,,C/1B/UTIL
117192-102504,C,Connor,Connor Wong,Wong,2.8666665818956165,18,2200,BAL@BOS,BOS,BAL,,,,,,C/1B/UTIL
117192-38004,C,Austin,Austin Hedges,Hedges,5.184210526315789,19,2200,CLE@DET,CLE,DET,,,,,,C/1B/UTIL
117192-38040,OF,Eddie,Eddie Rosario,Rosario,1.2399999618530273,5,2200,MIL@PIT,MIL,PIT,,,,,,OF/UTIL
117192-184480,C,Cesar,Cesar Salazar,Salazar,6.615384615384615,13,2200,SEA@HOU,HOU,SEA,,,,,,C/1B/UTIL
117192-198870,OF,Roman,Roman Anthony,Anthony,,0,2200,BAL@BOS,BOS,BAL,,,,,,OF/UTIL
117192-197874,2B/3B,Oliver,Oliver Dunn,Dunn,4.985714503696987,14,2200,MIL@PIT,MIL,PIT,,,,,,2B/3B/UTIL
117192-146715,C/1B,Endy,Endy Rodriguez,Rodriguez,4.520000203450521,15,2200,MIL@PIT,PIT,MIL,IL,Finger,,,,C/1B/UTIL
117192-16945,C,Gary,Gary Sanchez,Sanchez,2.9384615971491885,13,2200,BAL@BOS,BAL,BOS,IL,Wrist,,,,C/1B/UTIL
117192-116339,3B/1B/2B,Abraham,Abraham Toro,Toro,4.612500190734863,8,2200,BAL@BOS,BOS,BAL,,,,,,C/1B/2B/3B/UTIL
117192-164498,2B,Ryan,Ryan Bliss,Bliss,6.427272449840199,11,2200,SEA@HOU,SEA,HOU,IL,Biceps,,,,2B/UTIL
117192-165550,2B/3B/SS,Ryan,Ryan Kreidler,Kreidler,3.0588235294117645,17,2200,CLE@DET,DET,CLE,,,,,,2B/3B/SS/UTIL
117192-165556,3B,Gage,Gage Workman,Workman,2.3333333333333335,12,2200,CLE@DET,DET,CLE,,,,,,3B/UTIL
117192-207557,2B/SS/3B,Nick,Nick Sogard,Sogard,5.777777777777778,9,2200,BAL@BOS,BOS,BAL,,,,,,2B/3B/SS/UTIL
117192-226041,OF/1B,Matt,Matt Gorski,Gorski,4.76000010172526,15,2200,MIL@PIT,PIT,MIL,,,,,,C/1B/OF/UTIL
117192-180208,2B/3B/SS/OF,Miles,Miles Mastrobuoni,Mastrobuoni,4.007894817151521,38,2200,SEA@HOU,SEA,HOU,,,,,,2B/3B/SS/OF/UTIL
117192-102398,OF,Jarred,Jarred Kelenic,Kelenic,4.278260935907778,23,2200,ATL@WSH,ATL,WSH,,,,,,OF/UTIL
117192-102475,SS,Brayan,Brayan Rocchio,Rocchio,4.188571602957589,35,2100,CLE@DET,CLE,DET,,,,,,SS/UTIL
117192-189530,OF,Dominic,Dominic Canzone,Canzone,0,2,2100,SEA@HOU,SEA,HOU,,,,,,OF/UTIL
117192-13412,3B/1B,Donovan,Donovan Solano,Solano,1.6321428843906947,28,2100,SEA@HOU,SEA,HOU,,,,,,C/1B/3B/UTIL
117192-197753,OF,Johnathan,Johnathan Rodriguez,Rodriguez,0,4,2100,CLE@DET,CLE,DET,,,,,,OF/UTIL
117192-135310,C,Chadwick,Chadwick Tromp,Tromp,1.5,2,2100,BAL@BOS,BAL,BOS,,,,,,C/1B/UTIL
117192-102588,OF,Brewer,Brewer Hicklen,Hicklen,21.399999618530273,1,2100,CLE@DET,DET,CLE,,,,,,OF/UTIL
117192-197918,SS,Tsung-Che,Tsung-Che Cheng,Cheng,0,3,2100,MIL@PIT,PIT,MIL,,,,,,SS/UTIL
117192-79136,OF,Daz,Daz Cameron,Cameron,2.074999968210856,12,2100,MIL@PIT,MIL,PIT,,,,,,OF/UTIL
117192-79400,OF,Dylan,Dylan Carlson,Carlson,1.476923135610727,13,2100,BAL@BOS,BAL,BOS,,,,,,OF/UTIL
117192-119428,2B/3B,Will,Will Wilson,Wilson,2.553846212533804,13,2100,CLE@DET,CLE,DET,,,,,,2B/3B/UTIL
117192-82596,C,Jake,Jake Rogers,Rogers,5.657142639160156,7,2100,CLE@DET,DET,CLE,,,,,,C/1B/UTIL
117192-181990,C/OF,Blake,Blake Sabol,Sabol,2.737499952316284,8,2100,BAL@BOS,BOS,BAL,,,,,,C/1B/OF/UTIL
117192-165654,C/OF,Henry,Henry Davis,Davis,4.675000190734863,16,2100,MIL@PIT,PIT,MIL,,,,,,C/1B/OF/UTIL
117192-119634,SS/2B,Liover,Liover Peguero,Peguero,2.25,4,2100,MIL@PIT,PIT,MIL,,,,,,2B/SS/UTIL
117192-165718,2B/OF,Samad,Samad Taylor,Taylor,1.5499999523162842,4,2100,SEA@HOU,SEA,HOU,,,,,,2B/OF/UTIL
117192-102409,OF,Nick,Nick Schnell,Schnell,,0,2000,ATL@WSH,WSH,ATL,,,,,,OF/UTIL
117192-171037,C,Jason,Jason Delay,Delay,6.400000095367432,8,2000,ATL@WSH,ATL,WSH,,,,,,C/1B/UTIL
117192-102453,SS/2B/3B,Zack,Zack Short,Short,3.388372022052144,43,2000,SEA@HOU,HOU,SEA,,,,,,2B/3B/SS/UTIL
117192-102472,SS,Raynel,Raynel Delgado,Delgado,,0,2000,MIL@PIT,MIL,PIT,,,,,,SS/UTIL
117192-135254,2B,Eddy,Eddy Alvarez,Alvarez,0.8857142584664481,14,2000,ATL@WSH,ATL,WSH,,,,,,2B/UTIL
117192-135267,2B,Kaden,Kaden Polcovich,Polcovich,,0,2000,SEA@HOU,SEA,HOU,,,,,,2B/UTIL
117192-135265,1B,Austin,Austin Shenton,Shenton,4.7549999237060545,20,2000,SEA@HOU,SEA,HOU,,,,,,C/1B/UTIL
117192-102512,OF,Carlos,Carlos Rodriguez,Rodriguez,,0,2000,ATL@WSH,ATL,WSH,,,,,,OF/UTIL
117192-116869,SS,Erick,Erick Mejia,Mejia,,0,2000,ATL@WSH,WSH,ATL,,,,,,SS/UTIL
117192-197764,C,Blake,Blake Hunt,Hunt,0,1,2000,SEA@HOU,SEA,HOU,,,,,,C/1B/UTIL
117192-197768,SS/3B,Luis,Luis Vazquez,Vazquez,1.223076893733098,13,2000,BAL@BOS,BAL,BOS,,,,,,3B/SS/UTIL
117192-102541,OF,Jared,Jared Oliva,Oliva,,0,2000,MIL@PIT,MIL,PIT,,,,,,OF/UTIL
117192-135308,OF,Robert,Robert Hassell III,Hassell III,,0,2000,ATL@WSH,WSH,ATL,,,,,,OF/UTIL
117192-198867,C,Samuel,Samuel Basallo,Basallo,,0,2000,BAL@BOS,BAL,BOS,,,,,,C/1B/UTIL
117192-195795,C,Chandler,Chandler Seagle,Seagle,,0,2000,ATL@WSH,ATL,WSH,,,,,,C/1B/UTIL
117192-145617,C,David,David Garcia,Garcia,,0,2000,MIL@PIT,MIL,PIT,,,,,,C/1B/UTIL
117192-198868,OF,Enrique,Enrique Bradfield Jr.,Bradfield Jr.,,0,2000,BAL@BOS,BAL,BOS,,,,,,OF/UTIL
117192-198875,OF,Chase,Chase DeLauter,DeLauter,,0,2000,CLE@DET,CLE,DET,IL,Abdomen,,,,OF/UTIL
117192-226530,C,Maverick,Maverick Handley,Handley,1.8571428571428572,7,2000,BAL@BOS,BAL,BOS,,,,,,C/1B/UTIL
117192-198884,OF,Max,Max Clark,Clark,,0,2000,CLE@DET,DET,CLE,,,,,,OF/UTIL
117192-198888,OF,Jacob,Jacob Melton,Melton,,0,2000,SEA@HOU,HOU,SEA,,,,,,OF/UTIL
117192-146668,2B,Nick,Nick Yorke,Yorke,8.754545731977982,11,2000,MIL@PIT,PIT,MIL,,,,,,2B/UTIL
117192-146675,3B,Blaze,Blaze Jordan,Jordan,,0,2000,BAL@BOS,BOS,BAL,,,,,,3B/UTIL
117192-198897,3B,Brock,Brock Wilken,Wilken,,0,2000,MIL@PIT,MIL,PIT,,,,,,3B/UTIL
117192-197883,OF,Kenedy,Kenedy Corona,Corona,0,1,2000,SEA@HOU,HOU,SEA,,,,,,OF/UTIL
117192-146686,OF,Colin,Colin Barber,Barber,,0,2000,SEA@HOU,HOU,SEA,,,,,,OF/UTIL
117192-146685,OF,Daniel,Daniel Cabrera,Cabrera,,0,2000,CLE@DET,DET,CLE,,,,,,OF/UTIL
117192-146700,SS,Freddy,Freddy Zamora,Zamora,,0,2000,MIL@PIT,MIL,PIT,,,,,,SS/UTIL
117192-198931,SS,Felnin,Felnin Celesten,Celesten,,0,2000,SEA@HOU,SEA,HOU,,,,,,SS/UTIL
117192-85274,OF,DJ,DJ Stewart,Stewart,4.864473844829359,76,2000,MIL@PIT,PIT,MIL,,,,,,OF/UTIL
117192-13596,OF,Trayce,Trayce Thompson,Thompson,0,3,2000,BAL@BOS,BOS,BAL,,,,,,OF/UTIL
117192-146718,SS,Casey,Casey Martin,Martin,,0,2000,MIL@PIT,MIL,PIT,,,,,,SS/UTIL
117192-146731,SS/2B,Alika,Alika Williams,Williams,4.191892056851773,37,2000,MIL@PIT,PIT,MIL,,,,,,2B/SS/UTIL
117192-146735,OF,Roismar,Roismar Quintana,Quintana,,0,2000,ATL@WSH,WSH,ATL,,,,,,OF/UTIL
117192-79153,2B/OF,Jahmai,Jahmai Jones,Jones,3.0171428135463167,35,2000,CLE@DET,DET,CLE,,,,,,2B/OF/UTIL
117192-79156,SS/2B,David,David Fletcher,Fletcher,2.1666666666666665,6,2000,ATL@WSH,ATL,WSH,,,,,,2B/SS/UTIL
117192-79174,C,Jacob,Jacob Nottingham,Nottingham,,0,2000,SEA@HOU,SEA,HOU,,,,,,C/1B/UTIL
117192-170321,C,Brian,Brian Serven,Serven,3.196551618904903,29,2000,CLE@DET,DET,CLE,,,,,,C/1B/UTIL
117192-211306,2B,Darren,Darren Baker,Baker,3.355555640326606,9,2000,ATL@WSH,WSH,ATL,,,,,,2B/UTIL
117192-152972,2B/OF,Luke,Luke Williams,Williams,3.0399999618530273,5,2000,ATL@WSH,ATL,WSH,,,,,,2B/OF/UTIL
117192-38293,OF,Tyler,Tyler Naquin,Naquin,,0,2000,CLE@DET,CLE,DET,,,,,,OF/UTIL
117192-101807,C,Seby,Seby Zavala,Zavala,3.2526315387926603,19,2000,BAL@BOS,BOS,BAL,IL,Oblique,,,,C/1B/UTIL
117192-38324,C,Jorge,Jorge Alfaro,Alfaro,,0,2000,MIL@PIT,MIL,PIT,,,,,,C/1B/UTIL
117192-180694,OF,Cade,Cade Marlowe,Marlowe,1.355555534362793,9,2000,SEA@HOU,SEA,HOU,IL,Undisclosed,,,,OF/UTIL
117192-171482,1B,Bligh,Bligh Madris,Madris,6.338095528738839,21,2000,CLE@DET,DET,CLE,,,,,,C/1B/UTIL
117192-136673,C,Mark,Mark Kolozsvary,Kolozsvary,0,2,2000,BAL@BOS,BOS,BAL,,,,,,C/1B/UTIL
117192-173546,OF,Nate,Nate Eaton,Eaton,0,1,2000,BAL@BOS,BOS,BAL,,,,,,OF/UTIL
117192-96765,C,Joe,Joe Hudson,Hudson,0,1,2000,SEA@HOU,HOU,SEA,,,,,,C/1B/UTIL
117192-119308,SS,Adam,Adam Hall,Hall,,0,2000,MIL@PIT,MIL,PIT,,,,,,SS/UTIL
117192-219667,OF,Jhostynxon,Jhostynxon Garcia,Garcia,,0,2000,BAL@BOS,BOS,BAL,,,,,,OF/UTIL
117192-95772,C,Beau,Beau Taylor,Taylor,,0,2000,SEA@HOU,SEA,HOU,,,,,,C/1B/UTIL
117192-119332,SS,Yordys,Yordys Valdes,Valdes,,0,2000,CLE@DET,CLE,DET,,,,,,SS/UTIL
117192-181818,2B,Juan,Juan Brito,Brito,0,3,2000,CLE@DET,CLE,DET,IL,Thumb,,,,2B/UTIL
117192-156226,OF,Pedro,Pedro Leon,Leon,3.4571429661342075,7,2000,SEA@HOU,HOU,SEA,IL,Knee,,,,OF/UTIL
117192-119360,OF,Pablo,Pablo Abreu,Abreu,,0,2000,MIL@PIT,MIL,PIT,,,,,,OF/UTIL
117192-119362,SS,Eduardo,Eduardo Garcia,Garcia,,0,2000,MIL@PIT,MIL,PIT,,,,,,SS/UTIL
117192-80459,OF,Franchy,Franchy Cordero,Cordero,,0,2000,ATL@WSH,WSH,ATL,,,,,,OF/UTIL
117192-222799,C,Cooper,Cooper Ingle,Ingle,,0,2000,CLE@DET,CLE,DET,,,,,,C/1B/UTIL
117192-222798,1B,CJ,CJ Kayfus,Kayfus,,0,2000,CLE@DET,CLE,DET,,,,,,C/1B/UTIL
117192-222797,2B,Travis,Travis Bazzana,Bazzana,,0,2000,CLE@DET,CLE,DET,IL,Oblique,,,,2B/UTIL
117192-222796,SS,Angel,Angel Genao,Genao,,0,2000,CLE@DET,CLE,DET,IL,Shoulder,,,,SS/UTIL
117192-222801,OF,Jaison,Jaison Chourio,Chourio,,0,2000,CLE@DET,CLE,DET,IL,Shoulder,,,,OF/UTIL
117192-222800,1B,Ralphy,Ralphy Velazquez,Velazquez,,0,2000,CLE@DET,CLE,DET,,,,,,C/1B/UTIL
117192-222811,SS,Bryce,Bryce Rainer,Rainer,,0,2000,CLE@DET,DET,CLE,,,,,,SS/UTIL
117192-222810,SS,Kevin,Kevin McGonigle,McGonigle,,0,2000,CLE@DET,DET,CLE,IL,Ankle,,,,SS/UTIL
117192-222809,C,Josue,Josue Briceno,Briceno,,0,2000,CLE@DET,DET,CLE,,,,,,C/1B/UTIL
117192-222808,C,Thayron,Thayron Liranzo,Liranzo,,0,2000,CLE@DET,DET,CLE,,,,,,C/1B/UTIL
117192-222815,3B,Mike,Mike Boeve,Boeve,,0,2000,MIL@PIT,MIL,PIT,,,,,,3B/UTIL
117192-222817,SS,Jesus,Jesus Made,Made,,0,2000,MIL@PIT,MIL,PIT,,,,,,SS/UTIL
117192-222816,SS,Cooper,Cooper Pratt,Pratt,,0,2000,MIL@PIT,MIL,PIT,,,,,,SS/UTIL
117192-222823,SS,Konnor,Konnor Griffin,Griffin,,0,2000,MIL@PIT,PIT,MIL,,,,,,SS/UTIL
117192-222827,SS,Franklin,Franklin Arias,Arias,,0,2000,BAL@BOS,BOS,BAL,,,,,,SS/UTIL
117192-222826,SS,Yoeilin,Yoeilin Cespedes,Cespedes,,0,2000,BAL@BOS,BOS,BAL,,,,,,SS/UTIL
117192-222824,2B,Termarr,Termarr Johnson,Johnson,,0,2000,MIL@PIT,PIT,MIL,,,,,,2B/UTIL
117192-222831,SS,Jackson,Jackson Cluff,Cluff,,0,2000,ATL@WSH,WSH,ATL,,,,,,SS/UTIL
117192-119407,OF,Sammy,Sammy Siani,Siani,,0,2000,MIL@PIT,PIT,MIL,,,,,,OF/UTIL
117192-222829,SS,Seaver,Seaver King,King,,0,2000,ATL@WSH,WSH,ATL,,,,,,SS/UTIL
117192-119408,2B/OF,Ji Hwan,Ji Hwan Bae,Bae,3.942857197352818,7,2000,MIL@PIT,PIT,MIL,,,,,,2B/OF/UTIL
117192-222839,SS,Colt,Colt Emerson,Emerson,,0,2000,SEA@HOU,SEA,HOU,,,,,,SS/UTIL
117192-222842,2B,Michael,Michael Arroyo,Arroyo,,0,2000,SEA@HOU,SEA,HOU,,,,,,2B/UTIL
117192-222841,OF,Lazaro,Lazaro Montes,Montes,,0,2000,SEA@HOU,SEA,HOU,,,,,,OF/UTIL
117192-222840,OF,Jonny,Jonny Farmelo,Farmelo,,0,2000,SEA@HOU,SEA,HOU,,,,,,OF/UTIL
117192-119421,3B,Malcom,Malcom Nunez,Nunez,,0,2000,MIL@PIT,PIT,MIL,IL,Undisclosed,,,,3B/UTIL
117192-82556,OF,Taylor,Taylor Trammell,Trammell,1.1272726925936611,11,2000,SEA@HOU,HOU,SEA,IL,Calf,,,,OF/UTIL
117192-222845,SS,Brice,Brice Matthews,Matthews,,0,2000,SEA@HOU,HOU,SEA,IL,Concussion,,,,SS/UTIL
117192-82558,OF,Conner,Conner Capel,Capel,2.171428544180734,7,2000,ATL@WSH,ATL,WSH,,,,,,OF/UTIL
117192-118398,SS,Vimael,Vimael Machin,Machin,,0,2000,BAL@BOS,BAL,BOS,,,,,,SS/UTIL
117192-222844,SS,Cole,Cole Young,Young,,0,2000,SEA@HOU,SEA,HOU,,,,,,SS/UTIL
117192-119424,C,Julio E.,Julio E. Rodriguez,Rodriguez,,0,2000,SEA@HOU,SEA,HOU,,,,,,C/1B/UTIL
117192-165519,OF,Petey,Petey Halpin,Halpin,,0,2000,CLE@DET,CLE,DET,,,,,,OF/UTIL
117192-164502,SS/2B,Vaughn,Vaughn Grissom,Grissom,4.787878787878788,33,2000,BAL@BOS,BOS,BAL,,,,,,2B/SS/UTIL
117192-164501,SS,Cal,Cal Conley,Conley,,0,2000,ATL@WSH,ATL,WSH,,,,,,SS/UTIL
117192-203417,C,Nick,Nick Raposo,Raposo,,0,2000,SEA@HOU,SEA,HOU,,,,,,C/1B/UTIL
117192-119450,OF,Jeremy,Jeremy De La Rosa,De La Rosa,,0,2000,ATL@WSH,WSH,ATL,,,,,,OF/UTIL
117192-164505,OF,Hudson,Hudson Haskin,Haskin,,0,2000,BAL@BOS,BAL,BOS,,,,,,OF/UTIL
117192-164508,OF,Jesse,Jesse Franklin,Franklin,,0,2000,ATL@WSH,ATL,WSH,,,,,,OF/UTIL
117192-164514,SS,Maikol,Maikol Hernandez,Hernandez,,0,2000,BAL@BOS,BAL,BOS,,,,,,SS/UTIL
117192-164518,2B,Tyler,Tyler McDonough,McDonough,,0,2000,BAL@BOS,BOS,BAL,IL,Undisclosed,,,,2B/UTIL
117192-164519,3B,Alex,Alex Binelas,Binelas,,0,2000,BAL@BOS,BOS,BAL,,,,,,3B/UTIL
117192-164516,SS,Marcelo,Marcelo Mayer,Mayer,,0,2000,BAL@BOS,BOS,BAL,,,,,,SS/UTIL
117192-164526,C,Nathan,Nathan Hickey,Hickey,,0,2000,BAL@BOS,BOS,BAL,,,,,,C/1B/UTIL
117192-165548,SS,Cristian,Cristian Santana,Santana,,0,2000,CLE@DET,DET,CLE,,,,,,SS/UTIL
117192-165549,OF,Roberto,Roberto Campos,Campos,,0,2000,CLE@DET,DET,CLE,,,,,,OF/UTIL
117192-165554,SS,Trei,Trei Cruz,Cruz,,0,2000,CLE@DET,DET,CLE,,,,,,SS/UTIL
117192-164531,SS,Kevin,Kevin Made,Made,,0,2000,ATL@WSH,WSH,ATL,,,,,,SS/UTIL
117192-165555,SS,Abel,Abel Bastidas,Bastidas,,0,2000,CLE@DET,DET,CLE,,,,,,SS/UTIL
117192-82611,OF,Akil,Akil Baddoo,Baddoo,4.3,5,2000,CLE@DET,DET,CLE,,,,,,OF/UTIL
117192-165552,3B,Izaac,Izaac Pacheco,Pacheco,,0,2000,CLE@DET,DET,CLE,,,,,,3B/UTIL
117192-220848,SS,Christian,Christian Cairo,Cairo,,0,2000,CLE@DET,CLE,DET,,,,,,SS/UTIL
117192-165558,OF,Tyler,Tyler Whitaker,Whitaker,,0,2000,SEA@HOU,HOU,SEA,,,,,,OF/UTIL
117192-82616,2B/3B/SS,Luis,Luis Guillorme,Guillorme,3.858227693581883,79,2000,SEA@HOU,HOU,SEA,,,,,,2B/3B/SS/UTIL
117192-165563,SS,Cristian,Cristian Gonzalez,Gonzalez,,0,2000,SEA@HOU,HOU,SEA,,,,,,SS/UTIL
117192-82620,2B,Nick,Nick Solak,Solak,1,3,2000,MIL@PIT,PIT,MIL,,,,,,2B/UTIL
117192-165567,3B/2B,Shay,Shay Whitcomb,Whitcomb,3.584999847412109,20,2000,SEA@HOU,HOU,SEA,,,,,,2B/3B/UTIL
117192-162509,1B/OF,Juan,Juan Yepez,Yepez,8.784127371651786,63,2000,ATL@WSH,WSH,ATL,,,,,,C/1B/OF/UTIL
117192-17105,C,Sandy,Sandy Leon,Leon,0,2,2000,ATL@WSH,ATL,WSH,,,,,,C/1B/UTIL
117192-103125,2B/SS/OF,Jack,Jack Lopez,Lopez,3.8551725190261315,29,2000,SEA@HOU,SEA,HOU,,,,,,2B/SS/OF/UTIL
117192-187103,2B/3B/1B,Andruw,Andruw Monasterio,Monasterio,1.125,8,2000,MIL@PIT,MIL,PIT,,,,,,C/1B/2B/3B/UTIL
117192-165597,SS,Kahlil,Kahlil Watson,Watson,,0,2000,CLE@DET,CLE,DET,,,,,,SS/UTIL
117192-165606,1B/3B/OF,Tyler,Tyler Black,Black,5.433333502875434,18,2000,MIL@PIT,MIL,PIT,IL,Hand,,,,C/1B/3B/OF/UTIL
117192-165604,C,Jeferson,Jeferson Quero,Quero,,0,2000,MIL@PIT,MIL,PIT,IL,Hamstring,,,,C/1B/UTIL
117192-165610,3B,Zavier,Zavier Warren,Warren,,0,2000,MIL@PIT,MIL,PIT,,,,,,3B/UTIL
117192-165622,SS,Jheremy,Jheremy Vargas,Vargas,,0,2000,MIL@PIT,MIL,PIT,,,,,,SS/UTIL
117192-17171,C,James,James McCann,McCann,7.277941086713006,68,2000,ATL@WSH,ATL,WSH,,,,,,C/1B/UTIL
117192-206608,SS/2B,Nacho,Nacho Alvarez Jr.,Alvarez Jr.,2.2750000953674316,8,2000,ATL@WSH,ATL,WSH,IL,Wrist,,,,2B/SS/UTIL
117192-165652,OF,Yhoswar,Yhoswar Garcia,Garcia,,0,2000,MIL@PIT,MIL,PIT,,,,,,OF/UTIL
117192-165658,SS,Maikol,Maikol Escotto,Escotto,,0,2000,MIL@PIT,PIT,MIL,,,,,,SS/UTIL
117192-165656,OF,Lonnie,Lonnie White,White,,0,2000,MIL@PIT,PIT,MIL,,,,,,OF/UTIL
117192-70435,OF,Ben,Ben Gamel,Gamel,5.779487022986779,39,2000,CLE@DET,DET,CLE,IL,Undisclosed,,,,OF/UTIL
117192-165669,2B,Max,Max Ferguson,Ferguson,,0,2000,BAL@BOS,BOS,BAL,,,,,,2B/UTIL
117192-199466,3B/1B,Trey,Trey Lipscomb,Lipscomb,3.066666603088379,3,2000,ATL@WSH,WSH,ATL,,,,,,C/1B/3B/UTIL
117192-165672,C,Harry,Harry Ford,Ford,,0,2000,SEA@HOU,SEA,HOU,,,,,,C/1B/UTIL
117192-165679,3B,Milkar,Milkar Perez,Perez,,0,2000,SEA@HOU,SEA,HOU,,,,,,3B/UTIL
117192-165681,3B,Starlin,Starlin Aguilar,Aguilar,,0,2000,SEA@HOU,SEA,HOU,,,,,,3B/UTIL
117192-211774,1B/OF,Billy,Billy Cook,Cook,7.25,16,2000,MIL@PIT,PIT,MIL,,,,,,C/1B/OF/UTIL
117192-119626,OF,Hudson,Hudson Head,Head,,0,2000,MIL@PIT,PIT,MIL,,,,,,OF/UTIL
117192-119632,OF,Hedbert,Hedbert Perez,Perez,,0,2000,MIL@PIT,MIL,PIT,,,,,,OF/UTIL
117192-163669,C,Bryan,Bryan Lavastida,Lavastida,,0,2000,SEA@HOU,HOU,SEA,,,,,,C/1B/UTIL
117192-165726,SS,Brady,Brady House,House,,0,2000,ATL@WSH,WSH,ATL,,,,,,SS/UTIL
117192-165725,OF,Daylen,Daylen Lile,Lile,,0,2000,ATL@WSH,WSH,ATL,,,,,,OF/UTIL
117192-165730,C,Drew,Drew Millas,Millas,5.661904834565663,21,2000,ATL@WSH,WSH,ATL,,,,,,C/1B/UTIL
117192-165728,SS,Armando,Armando Cruz,Cruz,,0,2000,ATL@WSH,WSH,ATL,,,,,,SS/UTIL
117192-165732,1B,Branden,Branden Boissiere,Boissiere,,0,2000,ATL@WSH,WSH,ATL,,,,,,C/1B/UTIL
117192-163694,SS,Eddys,Eddys Leonard,Leonard,0,1,2000,ATL@WSH,ATL,WSH,,,,,,SS/UTIL
117192-174963,SS,Charles,Charles Leblanc,Leblanc,8.290908813476562,11,2000,ATL@WSH,ATL,WSH,IL,Undisclosed,,,,SS/UTIL
117192-163696,OF,Jack,Jack Suwinski,Suwinski,4.393750190734863,16,2000,MIL@PIT,PIT,MIL,,,,,,OF/UTIL
117192-180095,OF,Will,Will Brennan,Brennan,1.5,6,2000,CLE@DET,CLE,DET,,,,,,OF/UTIL
117192-171923,1B,Darick,Darick Hall,Hall,0,2,2000,MIL@PIT,PIT,MIL,,,,,,C/1B/UTIL
117192-102303,1B,Triston,Triston Casas,Casas,6.327586206896552,29,2000,BAL@BOS,BOS,BAL,IL,Knee,,,,C/1B/UTIL
117192-79776,C,Dom,Dom Nunez,Nunez,,0,2000,CLE@DET,CLE,DET,,,,,,C/1B/UTIL
117192-202657,1B,Tyler,Tyler Locklear,Locklear,5.006249904632568,16,2000,SEA@HOU,SEA,HOU,,,,,,C/1B/UTIL
117192-102313,OF,George,George Valera,Valera,0,3,2000,CLE@DET,CLE,DET,IL,Knee,,,,OF/UTIL
117192-102317,SS,Terrin,Terrin Vavra,Vavra,,0,2000,BAL@BOS,BAL,BOS,,,,,,SS/UTIL
117192-68538,2B,Franklin,Franklin Barreto,Barreto,,0,2000,BAL@BOS,BAL,BOS,IL,Undisclosed,,,,2B/UTIL
117192-163772,C,Brett,Brett Sullivan,Sullivan,3.9000000953674316,8,2000,MIL@PIT,PIT,MIL,,,,,,C/1B/UTIL
117192-102347,2B/SS/3B,Livan,Livan Soto,Soto,1.6133333841959636,15,2000,BAL@BOS,BAL,BOS,,,,,,2B/3B/SS/UTIL
117192-102346,OF,Jordyn,Jordyn Adams,Adams,6.215384850135217,13,2000,BAL@BOS,BAL,BOS,,,,,,OF/UTIL
117192-102348,SS,Jeremiah,Jeremiah Jackson,Jackson,,0,2000,BAL@BOS,BAL,BOS,,,,,,SS/UTIL
117192-13262,OF,Jurickson,Jurickson Profar,Profar,4.599999904632568,4,2000,ATL@WSH,ATL,WSH,NA,Suspension,,,,OF/UTIL
117192-171986,3B,Matthew,Matthew Batten,Batten,4.5,2,2000,ATL@WSH,ATL,WSH,,,,,,3B/UTIL
117192-200663,C,David,David Banuelos,Banuelos,0,1,2000,BAL@BOS,BAL,BOS,,,,,,C/1B/UTIL
117192-102358,SS,Jose,Jose Devers,Devers,1.2399999618530273,5,2000,ATL@WSH,ATL,WSH,,,,,,SS/UTIL
117192-102374,C,Anthony,Anthony Seigler,Seigler,,0,2000,MIL@PIT,MIL,PIT,,,,,,C/1B/UTIL