Id,Position,First Name,Nickname,Last Name,FPPG,Played,Salary,Game,Team,Opponent,Injury Indicator,Injury Details,Tier,Probable Pitcher,Batting Order,Roster Position
116782-146687,P,Hunter,Hunter Brown,Brown,45,8,11000,CIN@HOU,HOU,CIN,,,,,,P
116782-119340,P,Tarik,Tarik Skubal,Skubal,41.75,8,10800,TEX@DET,DET,TEX,,,,,0,P
116782-197980,P,Paul,Paul Skenes,Skenes,35,8,10800,ATL@PIT,PIT,ATL,,,,,,P
116782-82550,P,Hunter,Hunter Greene,Greene,41,8,10600,CIN@HOU,CIN,HOU,IL,Groin,,,0,P
116782-135977,P,Garrett,Garrett Crochet,Crochet,41.22222222222222,9,10600,BOS@KC,BOS,KC,,,,,0,P
116782-101839,P,Logan,Logan Webb,Webb,40.111111111111114,9,10500,SF@MIN,SF,MIN,,,,,0,P
116782-12477,P,Chris,Chris Sale,Sale,31.375,8,10400,ATL@PIT,ATL,PIT,,,,Yes,,P
116782-162445,P,Spencer,Spencer Strider,Strider,24,1,10200,ATL@PIT,ATL,PIT,IL,Hamstring,,,0,P
116782-13233,P,Nathan,Nathan Eovaldi,Eovaldi,39.25,8,10200,TEX@DET,TEX,DET,,,,Yes,,P
116782-79270,P,Cole,Cole Ragans,Ragans,35,8,10200,BOS@KC,KC,BOS,,,,,0,P
116782-119430,P,Joe,Joe Ryan,Ryan,36.5,8,10000,SF@MIN,MIN,SF,,,,,0,P
116782-135343,P,Max,Max Meyer,Meyer,31.75,8,9800,MIA@CWS,MIA,CWS,,,,,,P
116782-17064,P,Sonny,Sonny Gray,Gray,33.25,8,9800,STL@WSH,STL,WSH,,,,,0,P
116782-82635,P,MacKenzie,MacKenzie Gore,Gore,40.375,8,9800,STL@WSH,WSH,STL,,,,Yes,,P
116782-83152,P,Pablo,Pablo Lopez,Lopez,35.333333333333336,6,9700,SF@MIN,MIN,SF,,,,Yes,,P
116782-82630,P,Shane,Shane Baz,Baz,29.428571428571427,7,9500,MIL@TB,TB,MIL,,,,,0,P
116782-52859,P,Jacob,Jacob deGrom,deGrom,31.75,8,9500,TEX@DET,TEX,DET,,,,,0,P
116782-102330,P,Kris,Kris Bubic,Bubic,37.75,8,9500,BOS@KC,KC,BOS,,,,,0,P
116782-145612,P,Bailey,Bailey Ober,Ober,29.375,8,9400,SF@MIN,MIN,SF,,,,,0,P
116782-11328,P,Martin,Martin Perez,Perez,26.75,4,9400,MIA@CWS,CWS,MIA,IL,Elbow,,,,P
116782-79246,P,Jack,Jack Flaherty,Flaherty,27.5,8,9400,TEX@DET,DET,TEX,,,,,0,P
116782-85599,P,Framber,Framber Valdez,Valdez,30.625,8,9400,CIN@HOU,HOU,CIN,,,,,,P
116782-198885,P,Spencer,Spencer Arrighetti,Arrighetti,22.5,2,9300,CIN@HOU,HOU,CIN,IL,Thumb,,,,P
116782-83190,P,Freddy,Freddy Peralta,Peralta,35.375,8,9300,MIL@TB,MIL,TB,DTD,Groin,,,0,P
116782-102407,P,Shane,Shane McClanahan,McClanahan,0,1,9200,MIL@TB,TB,MIL,IL,Triceps,,,0,P
116782-68491,P,Reynaldo,Reynaldo Lopez,Lopez,9,1,9200,ATL@PIT,ATL,PIT,IL,Shoulder,,,0,P
116782-102344,P,Brady,Brady Singer,Singer,26.5,8,9100,CIN@HOU,CIN,HOU,,,,,0,P
116782-102408,P,Matthew,Matthew Liberatore,Liberatore,33.285714285714285,7,9000,STL@WSH,STL,WSH,,,,,0,P
116782-21099,P,Jose,Jose Quintana,Quintana,29.333333333333332,6,9000,MIL@TB,MIL,TB,,,,,0,P
116782-164509,P,AJ,AJ Smith-Shawver,Smith-Shawver,31,6,9000,ATL@PIT,ATL,PIT,,,,,0,P
116782-80582,P,Brandon,Brandon Woodruff,Woodruff,,0,9000,MIL@TB,MIL,TB,IL,Shoulder,,,0,P
116782-165551,P,Reese,Reese Olson,Olson,32.714285714285715,7,9000,TEX@DET,DET,TEX,,,,Yes,,P
116782-146725,P,Jared,Jared Jones,Jones,30.59090909090909,22,8900,ATL@PIT,PIT,ATL,IL,Elbow,,,,P
116782-71034,P,Seth,Seth Lugo,Lugo,31.625,8,8900,BOS@KC,KC,BOS,,,,Yes,,P
116782-85253,P,Casey,Casey Mize,Mize,35,7,8800,TEX@DET,DET,TEX,IL,Hamstring,,,0,P
116782-79168,P,Walker,Walker Buehler,Buehler,29.333333333333332,6,8800,BOS@KC,BOS,KC,IL,Shoulder,,,0,P
116782-165512,P,Andrew,Andrew Abbott,Abbott,32.6,5,8800,CIN@HOU,CIN,HOU,,,,,0,P
116782-53029,P,Robbie,Robbie Ray,Ray,34.375,8,8800,SF@MIN,SF,MIN,,,,,0,P
116782-164503,P,Spencer,Spencer Schwellenbach,Schwellenbach,30.5,8,8700,ATL@PIT,ATL,PIT,,,,,0,P
116782-52167,P,Andrew,Andrew Heaney,Heaney,28.125,8,8600,ATL@PIT,PIT,ATL,,,,,,P
116782-79109,P,Tyler,Tyler Mahle,Mahle,29.625,8,8600,TEX@DET,TEX,DET,,,,,0,P
116782-102458,P,Kutter,Kutter Crawford,Crawford,27.96969696969697,33,8500,BOS@KC,BOS,KC,IL,Knee,,,0,P
116782-163680,P,Brayan,Brayan Bello,Bello,27.75,4,8500,BOS@KC,BOS,KC,,,,,0,P
116782-203676,P,David,David Festa,Festa,26,3,8400,SF@MIN,MIN,SF,,,,,0,P
116782-79207,P,Grant,Grant Holmes,Holmes,24.75,8,8400,ATL@PIT,ATL,PIT,,,,,0,P
116782-165547,P,Jackson,Jackson Jobe,Jobe,19,6,8400,TEX@DET,DET,TEX,,,,,0,P
116782-119329,P,Nick,Nick Lodolo,Lodolo,30.375,8,8300,CIN@HOU,CIN,HOU,,,,,0,P
116782-37999,P,Michael,Michael Wacha,Wacha,27.125,8,8300,BOS@KC,KC,BOS,,,,,0,P
116782-52728,P,Michael,Michael Lorenzen,Lorenzen,29.5,9,8300,BOS@KC,KC,BOS,,,,,0,P
116782-165636,P,Hayden,Hayden Wesneski,Wesneski,24.833333333333332,6,8300,CIN@HOU,HOU,CIN,IL,Elbow,,,,P
116782-165698,P,Taj,Taj Bradley,Bradley,27.125,8,8300,MIL@TB,TB,MIL,,,,,0,P
116782-165731,P,Mitchell,Mitchell Parker,Parker,24,8,8300,STL@WSH,WSH,STL,,,,,0,P
116782-83166,P,Zack,Zack Littell,Littell,24.25,8,8200,MIL@TB,TB,MIL,,,,,0,P
116782-220840,P,Shane,Shane Smith,Smith,29,8,8200,MIA@CWS,CWS,MIA,,,,,,P
116782-102684,P,Jake,Jake Irvin,Irvin,25.5,8,8100,STL@WSH,WSH,STL,,,,,0,P
116782-102395,P,Ryan,Ryan Weathers,Weathers,28.3125,16,8100,MIA@CWS,MIA,CWS,IL,Forearm,,,,P
116782-198879,P,Rhett,Rhett Lowder,Lowder,27,6,8000,CIN@HOU,CIN,HOU,IL,Forearm,,,0,P
116782-110822,P,Jose,Jose Urquidy,Urquidy,0,1,8000,TEX@DET,DET,TEX,IL,Elbow,,,0,P
116782-53590,P,Nick,Nick Martinez,Martinez,25,8,8000,CIN@HOU,CIN,HOU,,,,,0,P
116782-82775,P,Nestor,Nestor Cortes,Cortes,17,2,8000,MIL@TB,MIL,TB,IL,Elbow,,,0,P
116782-52159,P,Lance,Lance McCullers Jr.,McCullers Jr.,1.5,2,8000,CIN@HOU,HOU,CIN,,,,,,P
116782-146664,P,Bryce,Bryce Elder,Elder,23.571428571428573,7,8000,ATL@PIT,ATL,PIT,,,,,0,P
116782-79217,P,Mitch,Mitch Keller,Keller,25,8,8000,ATL@PIT,PIT,ATL,,,,,,P
116782-102528,P,Simeon,Simeon Woods Richardson,Woods Richardson,23,7,7900,SF@MIN,MIN,SF,,,,,0,P
116782-211874,P,Kumar,Kumar Rocker,Rocker,12.8,5,7900,TEX@DET,TEX,DET,IL,Shoulder,,,0,P
116782-52198,P,Lucas,Lucas Giolito,Giolito,16.5,2,7900,BOS@KC,BOS,KC,,,,Yes,,P
116782-119361,P,Drew,Drew Rasmussen,Rasmussen,24.428571428571427,7,7800,MIL@TB,TB,MIL,,,,Yes,,P
116782-82599,P,Edward,Edward Cabrera,Cabrera,18.666666666666668,6,7800,MIA@CWS,MIA,CWS,,,,,,P
116782-146733,P,Kyle,Kyle Harrison,Harrison,12,2,7800,SF@MIN,SF,MIN,,,,,0,P
116782-185896,P,Cody,Cody Bradford,Bradford,29.785714285714285,14,7800,TEX@DET,TEX,DET,IL,Elbow,,,0,P
116782-165655,P,Bubba,Bubba Chandler,Chandler,,0,7800,ATL@PIT,PIT,ATL,,,,,,P
116782-170315,P,Davis,Davis Martin,Martin,21.125,8,7700,MIA@CWS,CWS,MIA,,,,,,P
116782-82638,P,Jordan,Jordan Hicks,Hicks,22.5,8,7700,SF@MIN,SF,MIN,,,,,0,P
116782-211765,P,Richard,Richard Fitts,Fitts,26.666666666666668,3,7700,BOS@KC,BOS,KC,IL,Pectoral,,,0,P
116782-168872,P,Ronel,Ronel Blanco,Blanco,23.142857142857142,7,7700,CIN@HOU,HOU,CIN,,,,Yes,,P
116782-135647,P,Ryan,Ryan Pepiot,Pepiot,27.25,8,7600,MIL@TB,TB,MIL,,,,,0,P
116782-219668,P,Hunter,Hunter Dobbins,Dobbins,31,4,7600,BOS@KC,BOS,KC,,,,,0,P
116782-82540,P,Tanner,Tanner Houck,Houck,18.5,8,7600,BOS@KC,BOS,KC,,,,,0,P
116782-68564,P,Erick,Erick Fedde,Fedde,25.625,8,7600,STL@WSH,STL,WSH,,,,,0,P
116782-199728,P,Landen,Landen Roupp,Roupp,26.428571428571427,7,7600,SF@MIN,SF,MIN,,,,Yes,,P
116782-164532,P,DJ,DJ Herz,Herz,25.94736842105263,19,7500,STL@WSH,WSH,STL,IL,Elbow,,,0,P
116782-168950,P,Andre,Andre Pallante,Pallante,22.625,8,7500,STL@WSH,STL,WSH,,,,,0,P
116782-5202,P,Justin,Justin Verlander,Verlander,22.125,8,7500,SF@MIN,SF,MIN,,,,,0,P
116782-79123,P,Tyler,Tyler Alexander,Alexander,9,12,7500,MIL@TB,MIL,TB,,,,,0,P
116782-79245,P,Sandy,Sandy Alcantara,Alcantara,13,7,7500,MIA@CWS,MIA,CWS,,,,Yes,,P
116782-165573,P,Alec,Alec Marsh,Marsh,24.423076923076923,26,7500,BOS@KC,KC,BOS,IL,Shoulder,,,0,P
116782-165599,P,Eury,Eury Perez,Perez,0,2,7500,MIA@CWS,MIA,CWS,IL,Elbow,,,,P
116782-165706,P,Jack,Jack Leiter,Leiter,19.2,5,7500,TEX@DET,TEX,DET,,,,,0,P
116782-200581,P,Jonathan,Jonathan Cannon,Cannon,23.875,8,7500,MIA@CWS,CWS,MIA,,,,,,P
116782-213198,P,Ryan,Ryan Gusto,Gusto,17.88888888888889,9,7400,CIN@HOU,HOU,CIN,,,,,,P
116782-219663,P,Chad,Chad Patrick,Patrick,23.875,8,7400,MIL@TB,MIL,TB,,,,Yes,,P
116782-13123,P,Alex,Alex Cobb,Cobb,19.4,5,7400,TEX@DET,DET,TEX,IL,Hip,,,0,P
116782-68483,P,Trevor,Trevor Williams,Williams,19.625,8,7400,STL@WSH,WSH,STL,,,,,0,P
116782-13664,P,Patrick,Patrick Corbin,Corbin,23,6,7400,TEX@DET,TEX,DET,,,,,0,P
116782-82557,P,Aaron,Aaron Civale,Civale,0,1,7300,MIL@TB,MIL,TB,IL,Hamstring,,,0,P
116782-203678,P,Hayden,Hayden Birdsong,Birdsong,12.11111111111111,9,7300,SF@MIN,SF,MIN,,,,,0,P
116782-60637,P,Sean,Sean Newcomb,Newcomb,18.625,8,7300,BOS@KC,BOS,KC,,,,,0,P
116782-165543,P,Sean,Sean Burke,Burke,20.75,8,7300,MIA@CWS,CWS,MIA,,,,Yes,,P
116782-145625,P,Bailey,Bailey Falter,Falter,23.5,8,7200,ATL@PIT,PIT,ATL,,,,,,P
116782-197766,P,Keider,Keider Montero,Montero,22.5,4,7100,TEX@DET,DET,TEX,,,,,0,P
116782-161256,P,Cooper,Cooper Criswell,Criswell,0.3333333333333333,3,7100,BOS@KC,BOS,KC,,,,,0,P
116782-135212,P,Luis,Luis Garcia,Garcia,0,1,7000,CIN@HOU,HOU,CIN,IL,Elbow,,,,P
116782-102572,P,Tobias,Tobias Myers,Myers,13.4,5,7000,MIL@TB,MIL,TB,,,,,0,P
116782-52155,P,Jon,Jon Gray,Gray,20.47826086956522,24,7000,TEX@DET,TEX,DET,IL,Wrist,,,0,P
116782-208032,P,Brant,Brant Hurter,Hurter,9.7,10,7000,TEX@DET,DET,TEX,,,,,0,P
116782-163515,P,Elvin,Elvin Rodriguez,Rodriguez,8.833333333333334,6,7000,MIL@TB,MIL,TB,,,,,0,P
116782-102335,P,Cristian,Cristian Javier,Javier,24.285714285714285,8,7000,CIN@HOU,HOU,CIN,IL,Elbow,,,,P
116782-102498,P,Patrick,Patrick Sandoval,Sandoval,23.4375,16,6800,BOS@KC,BOS,KC,IL,Elbow,,,0,P
116782-198916,P,Thomas,Thomas Harrington,Harrington,9,2,6800,ATL@PIT,PIT,ATL,,,,,,P
116782-119409,P,Quinn,Quinn Priester,Priester,17.166666666666668,6,6800,MIL@TB,MIL,TB,,,,,0,P
116782-79078,P,Ian,Ian Anderson,Anderson,2.2857142857142856,7,6800,ATL@PIT,ATL,PIT,,,,,0,P
116782-79133,P,Matt,Matt Manning,Manning,21.4,5,6800,TEX@DET,DET,TEX,,,,,0,P
116782-222885,P,Brad,Brad Lord,Lord,14.5,9,6800,STL@WSH,WSH,STL,,,,,0,P
116782-219653,P,Logan,Logan Henderson,Henderson,52,1,6700,MIL@TB,MIL,TB,,,,,0,P
116782-12972,P,Wade,Wade Miley,Miley,6,2,6700,CIN@HOU,CIN,HOU,IL,Elbow,,,0,P
116782-17121,P,Miles,Miles Mikolas,Mikolas,16,7,6700,STL@WSH,STL,WSH,,,,Yes,,P
116782-79224,P,Chris,Chris Paddack,Paddack,19.5,8,6700,SF@MIN,MIN,SF,,,,,0,P
116782-102515,P,Aaron,Aaron Ashby,Ashby,11.214285714285714,15,6500,MIL@TB,MIL,TB,IL,Oblique,,,0,P
116782-198917,P,Drew,Drew Thorpe,Thorpe,18.333333333333332,9,6500,MIA@CWS,CWS,MIA,IL,Elbow,,,,P
116782-52174,P,Steven,Steven Matz,Matz,13.8,10,6500,STL@WSH,STL,WSH,,,,,0,P
116782-79103,P,Dane,Dane Dunning,Dunning,12,1,6500,TEX@DET,TEX,DET,,,,,0,P
116782-79228,P,Cal,Cal Quantrill,Quantrill,14,7,6500,MIA@CWS,MIA,CWS,,,,,,P
116782-181805,P,J.P.,J.P. France,France,15.8,6,6500,CIN@HOU,HOU,CIN,IL,Shoulder,,,,P
116782-194242,P,Carson,Carson Spiers,Spiers,16.666666666666668,3,6500,CIN@HOU,CIN,HOU,IL,Shoulder,,,0,P
116782-165665,P,Robert,Robert Gasser,Gasser,25.6,5,6500,MIL@TB,MIL,TB,IL,Elbow,,,0,P
116782-165694,P,Michael,Michael McGreevy,McGreevy,38,1,6500,STL@WSH,STL,WSH,,,,,0,P
116782-194939,P,Joe,Joe Boyle,Boyle,42,1,6400,MIL@TB,TB,MIL,,,,,0,P
116782-82537,P,DL,DL Hall,Hall,15.307692307692308,13,6400,MIL@TB,MIL,TB,IL,Lat,,,0,P
116782-170891,P,Davis,Davis Daniel,Daniel,6,1,6400,ATL@PIT,ATL,PIT,,,,,0,P
116782-165508,P,Graham,Graham Ashcraft,Ashcraft,8.0625,16,6400,CIN@HOU,CIN,HOU,,,,,0,P
116782-102416,P,Tyler,Tyler Phillips,Phillips,4.923076923076923,13,6300,MIA@CWS,MIA,CWS,,,,,,P
116782-209173,P,Zebby,Zebby Matthews,Matthews,18.22222222222222,9,6300,SF@MIN,MIN,SF,,,,,0,P
116782-82534,P,Bryse,Bryse Wilson,Wilson,6.615384615384615,13,6300,MIA@CWS,CWS,MIA,,,,,,P
116782-66766,P,Adrian,Adrian Houser,Houser,9.304347826086957,23,6300,TEX@DET,TEX,DET,,,,,0,P
116782-208114,P,Connor,Connor Gillispie,Gillispie,12,6,6300,MIA@CWS,MIA,CWS,,,,,,P
116782-146724,P,Carmen,Carmen Mlodzinski,Mlodzinski,15.285714285714286,7,6300,ATL@PIT,PIT,ATL,,,,Yes,,P
116782-73835,P,Ty,Ty Blach,Blach,9.15,20,6200,TEX@DET,TEX,DET,,,,,0,P
116782-119416,P,Brandon,Brandon Williamson,Williamson,15.25,4,6200,CIN@HOU,CIN,HOU,IL,Elbow,,,0,P
116782-119447,P,Joan,Joan Adon,Adon,3.25,8,6200,STL@WSH,WSH,STL,,,,,0,P
116782-82636,P,Joey,Joey Lucchesi,Lucchesi,19,2,6200,SF@MIN,SF,MIN,,,,,0,P
116782-199459,P,Nick,Nick Nastrini,Nastrini,11.666666666666666,9,6200,MIA@CWS,CWS,MIA,,,,,,P
116782-70559,P,Mike,Mike Clevinger,Clevinger,1.375,8,6200,MIA@CWS,CWS,MIA,,,,,,P
116782-181823,P,Keaton,Keaton Winn,Winn,17.666666666666668,12,6200,SF@MIN,SF,MIN,IL,Undisclosed,,,0,P
116782-181833,P,Darius,Darius Vines,Vines,7.25,4,6200,ATL@PIT,ATL,PIT,IL,Undisclosed,,,0,P
116782-165546,P,Ty,Ty Madden,Madden,13.142857142857142,7,6200,TEX@DET,DET,TEX,IL,Shoulder,,,0,P
116782-202480,P,Adam,Adam Mazur,Mazur,11.625,8,6200,MIA@CWS,MIA,CWS,,,,,,P
116782-198872,P,Hurston,Hurston Waldrep,Waldrep,-4.5,2,6100,ATL@PIT,ATL,PIT,,,,,0,P
116782-195785,P,Caleb,Caleb Boushley,Boushley,7,5,6100,TEX@DET,TEX,DET,,,,,0,P
116782-79073,P,Michael,Michael Soroka,Soroka,19.5,2,6100,STL@WSH,WSH,STL,,,,,0,P
116782-156976,P,Darren,Darren McCaughan,McCaughan,10.333333333333334,3,6100,SF@MIN,MIN,SF,,,,,0,P
116782-102333,P,Daniel,Daniel Lynch IV,Lynch IV,5.9375,16,6100,BOS@KC,KC,BOS,,,,,0,P
116782-102502,P,Josiah,Josiah Gray,Gray,6.5,3,6000,STL@WSH,WSH,STL,IL,Elbow,,,0,P
116782-219697,P,Noah,Noah Cameron,Cameron,38,1,6000,BOS@KC,KC,BOS,,,,,0,P
116782-203679,P,Valente,Valente Bellozo,Bellozo,18.75,4,6000,MIA@CWS,MIA,CWS,,,,,,P
116782-209958,P,Julian,Julian Aguiar,Aguiar,15.142857142857142,7,6000,CIN@HOU,CIN,HOU,IL,Elbow,,,0,P
116782-101804,P,Huascar,Huascar Ynoa,Ynoa,0,2,6000,SF@MIN,MIN,SF,,,,,0,P
116782-165618,P,Chase,Chase Petty,Petty,-11,1,6000,CIN@HOU,CIN,HOU,,,,Yes,,P
116782-163681,P,Josh,Josh Winckowski,Winckowski,7.833333333333333,6,6000,BOS@KC,BOS,KC,,,,,0,P
116782-202608,P,Carlos,Carlos Rodriguez,Rodriguez,11.333333333333334,3,6000,MIL@TB,MIL,TB,,,,,0,P
116782-102446,P,Tristan,Tristan Beck,Beck,11.571428571428571,7,5900,SF@MIN,SF,MIN,,,,,0,P
116782-135231,P,Jared,Jared Shuster,Shuster,3.4285714285714284,7,5900,MIA@CWS,CWS,MIA,,,,,,P
116782-199224,P,Mason,Mason Black,Black,14.444444444444445,9,5900,SF@MIN,SF,MIN,,,,,0,P
116782-119449,P,Jackson,Jackson Rutledge,Rutledge,9,11,5900,STL@WSH,WSH,STL,,,,,0,P
116782-68505,P,Carson,Carson Fulmer,Fulmer,10.567567567567568,37,5900,ATL@PIT,PIT,ATL,,,,,,P
116782-179456,P,Louis,Louis Varland,Varland,5.75,21,5900,SF@MIN,MIN,SF,,,,,0,P
116782-146728,P,Connor,Connor Phillips,Phillips,0,2,5900,CIN@HOU,CIN,HOU,,,,,0,P
116782-161167,P,Glenn,Glenn Otto,Otto,0,1,5900,CIN@HOU,HOU,CIN,IL,Shoulder,,,,P
116782-177584,P,Xzavion,Xzavion Curry,Curry,2,3,5900,MIA@CWS,MIA,CWS,,,,,,P
116782-181832,P,Roddery,Roddery Munoz,Munoz,5,4,5900,STL@WSH,STL,WSH,,,,,0,P
116782-181845,P,Drew,Drew Rom,Rom,0,2,5900,STL@WSH,STL,WSH,IL,Shoulder,,,0,P
116782-165578,P,Ky,Ky Bush,Bush,14.25,4,5900,MIA@CWS,CWS,MIA,IL,Elbow,,,,P
116782-169742,P,Tyler,Tyler Holton,Holton,6.466666666666667,15,5900,TEX@DET,DET,TEX,,,,,0,P
116782-194697,P,Sawyer,Sawyer Gipson-Long,Gipson-Long,0,1,5800,TEX@DET,DET,TEX,IL,Elbow,,,0,P
116782-135208,P,Shawn,Shawn Dubin,Dubin,7.290322580645161,31,5700,CIN@HOU,HOU,CIN,IL,Shoulder,,,,P
116782-102442,P,Freddy,Freddy Tarnok,Tarnok,0,1,5700,MIA@CWS,MIA,CWS,,,,,,P
116782-102487,P,Austin,Austin Cox,Cox,,0,5700,ATL@PIT,ATL,PIT,,,,,0,P
116782-145610,P,Angel,Angel Zerpa,Zerpa,3.8,15,5700,BOS@KC,KC,BOS,,,,,0,P
116782-198905,P,Mike,Mike Vasil,Vasil,9,11,5700,MIA@CWS,CWS,MIA,,,,,,P
116782-119423,P,Zack,Zack Thompson,Thompson,11.4,7,5700,STL@WSH,STL,WSH,IL,Lat,,,0,P
116782-82573,P,Alex,Alex Faedo,Faedo,8.054054054054054,37,5700,MIL@TB,TB,MIL,IL,Shoulder,,,0,P
116782-164511,P,Dylan,Dylan Dodd,Dodd,6,1,5700,ATL@PIT,ATL,PIT,,,,,0,P
116782-79079,P,Joey,Joey Wentz,Wentz,6.071428571428571,14,5700,ATL@PIT,PIT,ATL,,,,,,P
116782-79126,P,Forrest,Forrest Whitley,Whitley,12,1,5700,CIN@HOU,HOU,CIN,IL,Knee,,,,P
116782-165659,P,Mike,Mike Burrows,Burrows,19,1,5700,ATL@PIT,PIT,ATL,,,,,,P
116782-102462,P,Lyon,Lyon Richardson,Richardson,8.75,5,5600,CIN@HOU,CIN,HOU,,,,,0,P
116782-79873,P,Dylan,Dylan Covey,Covey,0,2,5500,ATL@PIT,ATL,PIT,,,,,0,P
116782-102405,P,Sean,Sean Hjelle,Hjelle,6.551724137931035,58,5500,SF@MIN,SF,MIN,,,,,0,P
116782-102419,P,Cole,Cole Winn,Winn,3.769230769230769,13,5500,TEX@DET,TEX,DET,,,,,0,P
116782-102420,P,Owen,Owen White,White,-7.5,3,5500,MIA@CWS,CWS,MIA,,,,,,P
116782-114708,P,Randy,Randy Dobnak,Dobnak,16,1,5500,SF@MIN,MIN,SF,IL,Undisclosed,,,0,P
116782-79895,P,Miguel,Miguel Diaz,Diaz,3,1,5500,SF@MIN,SF,MIN,,,,,0,P
116782-161827,P,Seth,Seth Martinez,Martinez,5.0227272727272725,44,5500,MIA@CWS,MIA,CWS,,,,,,P
116782-155687,P,Andrew,Andrew Wantz,Wantz,10,1,5500,MIL@TB,TB,MIL,IL,Elbow,,,0,P
116782-102448,P,Brenan,Brenan Hanifee,Hanifee,6.533333333333333,15,5500,TEX@DET,DET,TEX,,,,,0,P
116782-102455,P,Cory,Cory Abbott,Abbott,0,1,5500,TEX@DET,TEX,DET,,,,,0,P
116782-190516,P,Daysbel,Daysbel Hernandez,Hernandez,5.647058823529412,17,5500,ATL@PIT,ATL,PIT,,,,,0,P
116782-135221,P,Cade,Cade Cavalli,Cavalli,0,1,5500,STL@WSH,WSH,STL,IL,Elbow,,,0,P
116782-192574,P,Lane,Lane Ramsey,Ramsey,,0,5500,MIA@CWS,MIA,CWS,,,,,,P
116782-200764,P,Cam,Cam Booser,Booser,4.3125,16,5500,MIA@CWS,CWS,MIA,,,,,,P
116782-135237,P,Nick,Nick Mears,Mears,5.25,16,5500,MIL@TB,MIL,TB,,,,,0,P
116782-149587,P,Jay,Jay Flaa,Flaa,,0,5500,ATL@PIT,ATL,PIT,,,,,0,P
116782-135262,P,Anthony,Anthony Misiewicz,Misiewicz,6,1,5500,SF@MIN,MIN,SF,,,,,0,P
116782-73828,P,Dan,Dan Altavilla,Altavilla,1.6,5,5500,MIA@CWS,CWS,MIA,,,,,,P
116782-102500,P,Robert,Robert Dugger,Dugger,,0,5500,TEX@DET,TEX,DET,,,,,0,P
116782-102503,P,John,John Rooney,Rooney,,0,5500,MIA@CWS,MIA,CWS,,,,,,P
116782-116839,P,David,David Bednar,Bednar,5.5,13,5500,ATL@PIT,PIT,ATL,,,,,,P
116782-102505,P,Edwin,Edwin Uceta,Uceta,4.277777777777778,18,5500,MIL@TB,TB,MIL,,,,,0,P
116782-135279,P,Codi,Codi Heuer,Heuer,,0,5500,TEX@DET,TEX,DET,,,,,0,P
116782-116847,P,Cole,Cole Sulser,Sulser,3.5,4,5500,MIL@TB,TB,MIL,,,,,0,P
116782-161906,P,Dauri,Dauri Moreta,Moreta,0,1,5500,ATL@PIT,PIT,ATL,IL,Elbow,,,,P
116782-161907,P,Dylan,Dylan Lee,Lee,5.294117647058823,17,5500,ATL@PIT,ATL,PIT,,,,,0,P
116782-102517,P,Jhoan,Jhoan Duran,Duran,6.052631578947368,19,5500,SF@MIN,MIN,SF,,,,,0,P
116782-82039,P,Aaron,Aaron Wilkerson,Wilkerson,,0,5500,CIN@HOU,CIN,HOU,,,,,0,P
116782-102523,P,Deivi,Deivi Garcia,Garcia,4.285714285714286,14,5500,MIL@TB,MIL,TB,,,,,0,P
116782-135289,P,Kodi,Kodi Whitley,Whitley,,0,5500,MIL@TB,TB,MIL,IL,Undisclosed,,,0,P
116782-209026,P,Parker,Parker Dunshee,Dunshee,1,1,5500,STL@WSH,WSH,STL,,,,,0,P
116782-135303,P,Jordan,Jordan Weems,Weems,3.575,41,5500,ATL@PIT,ATL,PIT,,,,,0,P
116782-135306,P,Cole,Cole Wilcox,Wilcox,,0,5500,MIL@TB,TB,MIL,,,,,0,P
116782-114827,P,John,John Schreiber,Schreiber,5.8125,16,5500,BOS@KC,KC,BOS,,,,,0,P
116782-102543,P,Connor,Connor Seabold,Seabold,,0,5500,MIL@TB,TB,MIL,,,,,0,P
116782-102542,P,Travis,Travis MacGregor,MacGregor,,0,5500,TEX@DET,TEX,DET,,,,,0,P
116782-80033,P,Emilio,Emilio Pagan,Pagan,5.2631578947368425,19,5500,CIN@HOU,CIN,HOU,,,,,0,P
116782-184482,P,Hobie,Hobie Harris,Harris,,0,5500,BOS@KC,BOS,KC,IL,Shoulder,,,0,P
116782-102560,P,Camilo,Camilo Doval,Doval,5,19,5500,SF@MIN,SF,MIN,,,,,0,P
116782-102565,P,Mason,Mason Englert,Englert,7.2,11,5500,MIL@TB,TB,MIL,,,,,0,P
116782-102587,P,Jordan,Jordan Balazovic,Balazovic,,0,5500,TEX@DET,DET,TEX,,,,,0,P
116782-102590,P,Joey,Joey Gerber,Gerber,,0,5500,MIL@TB,TB,MIL,,,,,0,P
116782-102593,P,Gerardo,Gerardo Carrillo,Carrillo,,0,5500,TEX@DET,TEX,DET,,,,,0,P
116782-194770,P,Nick,Nick Hernandez,Hernandez,6.6,5,5500,CIN@HOU,HOU,CIN,,,,,,P
116782-145620,P,Helcris,Helcris Olivarez,Olivarez,,0,5500,SF@MIN,SF,MIN,,,,,0,P
116782-198874,P,Noah,Noah Schultz,Schultz,,0,5500,MIA@CWS,CWS,MIA,,,,,,P
116782-145629,P,Mason,Mason Thompson,Thompson,0,1,5500,STL@WSH,WSH,STL,IL,Elbow,,,0,P
116782-149731,P,Anthony,Anthony Bender,Bender,5.0625,16,5500,MIA@CWS,MIA,CWS,,,,,,P
116782-178411,P,Michael,Michael Plassmeyer,Plassmeyer,0,1,5500,TEX@DET,TEX,DET,,,,,0,P
116782-198896,P,Noble,Noble Meyer,Meyer,,0,5500,MIA@CWS,MIA,CWS,,,,,,P
116782-198919,P,Robby,Robby Snelling,Snelling,,0,5500,MIA@CWS,MIA,CWS,,,,,,P
116782-198920,P,Dylan,Dylan Lesko,Lesko,,0,5500,MIL@TB,TB,MIL,,,,,0,P
116782-170254,P,Colin,Colin Holderman,Holderman,3,11,5500,ATL@PIT,PIT,ATL,,,,,,P
116782-225549,P,Patrick,Patrick Monteverde,Monteverde,11,1,5500,MIA@CWS,MIA,CWS,,,,,,P
116782-198938,P,Carson,Carson Whisenhunt,Whisenhunt,,0,5500,SF@MIN,SF,MIN,,,,,0,P
116782-198936,P,Tekoah,Tekoah Roby,Roby,,0,5500,STL@WSH,STL,WSH,,,,,0,P
116782-209176,P,Chase,Chase Shugart,Shugart,5.214285714285714,15,5500,ATL@PIT,PIT,ATL,,,,,,P
116782-157997,P,Sean,Sean Guenther,Guenther,5.4,5,5500,TEX@DET,DET,TEX,,,,,0,P
116782-180540,P,Easton,Easton McGee,McGee,,0,5500,MIL@TB,MIL,TB,,,,,0,P
116782-203075,P,Michael,Michael Petersen,Petersen,9,1,5500,ATL@PIT,ATL,PIT,,,,,0,P
116782-203074,P,Spencer,Spencer Bivens,Bivens,7.181818181818182,11,5500,SF@MIN,SF,MIN,,,,,0,P
116782-117065,P,James,James Karinchak,Karinchak,0,3,5500,MIA@CWS,CWS,MIA,,,,,,P
116782-203080,P,Brandon,Brandon Eisert,Eisert,5.666666666666667,15,5500,MIA@CWS,CWS,MIA,,,,,,P
116782-209224,P,Orlando,Orlando Ribalta,Ribalta,6.5,4,5500,STL@WSH,WSH,STL,IL,Biceps,,,0,P
116782-225667,P,Cade,Cade Gibson,Gibson,6.333333333333333,3,5500,MIA@CWS,MIA,CWS,,,,,,P
116782-61858,P,Raisel,Raisel Iglesias,Iglesias,5.6,15,5500,ATL@PIT,ATL,PIT,,,,,0,P
116782-158131,P,Tyler,Tyler Gilbert,Gilbert,6.181818181818182,11,5500,MIA@CWS,CWS,MIA,,,,,,P
116782-219568,P,Rolddy,Rolddy Munoz,Munoz,,0,5500,ATL@PIT,ATL,PIT,,,,,0,P
116782-188863,P,Randy,Randy Wynne,Wynne,15,1,5500,CIN@HOU,CIN,HOU,,,,,0,P
116782-219586,P,Ian,Ian Seymour,Seymour,,0,5500,MIL@TB,TB,MIL,,,,,0,P
116782-225748,P,Craig,Craig Yoho,Yoho,2.2,5,5500,MIL@TB,MIL,TB,,,,,0,P
116782-135645,P,Isaac,Isaac Mattson,Mattson,8.333333333333334,3,5500,ATL@PIT,PIT,ATL,,,,,,P
116782-84452,P,Caleb,Caleb Ferguson,Ferguson,3.3684210526315788,19,5500,ATL@PIT,PIT,ATL,,,,,,P
116782-145918,P,Will,Will Vest,Vest,6.75,16,5500,TEX@DET,DET,TEX,,,,,0,P
116782-119301,P,Brennan,Brennan Malone,Malone,,0,5500,ATL@PIT,PIT,ATL,,,,,,P
116782-219654,P,Juan,Juan Carela,Carela,,0,5500,MIA@CWS,CWS,MIA,O,Elbow,,,,P
116782-219662,P,Colton,Colton Gordon,Gordon,,0,5500,CIN@HOU,HOU,CIN,,,,,,P
116782-119310,P,Noah,Noah Song,Song,,0,5500,BOS@KC,BOS,KC,O,Elbow,,,0,P
116782-170512,P,Peter,Peter Strzelecki,Strzelecki,5.3,10,5500,ATL@PIT,PIT,ATL,,,,,,P
116782-219665,P,Matt,Matt Svanson,Svanson,5.75,4,5500,STL@WSH,STL,WSH,,,,,0,P
116782-119319,P,Ryan,Ryan Jensen,Jensen,,0,5500,SF@MIN,MIN,SF,,,,,0,P
116782-162328,P,Reiver,Reiver Sanmartin,Sanmartin,0,2,5500,CIN@HOU,CIN,HOU,,,,,0,P
116782-191007,P,Declan,Declan Cronin,Cronin,6.125,56,5500,MIA@CWS,MIA,CWS,IL,Hip,,,,P
116782-119328,P,Packy,Packy Naughton,Naughton,0,2,5500,STL@WSH,STL,WSH,IL,Elbow,,,0,P
116782-119339,P,Tyler,Tyler Ivey,Ivey,,0,5500,CIN@HOU,HOU,CIN,,,,,,P
116782-219695,P,Luinder,Luinder Avila,Avila,,0,5500,BOS@KC,KC,BOS,,,,,0,P
116782-219694,P,Winston,Winston Santos,Santos,,0,5500,TEX@DET,TEX,DET,IL,Back,,,0,P
116782-219693,P,Emiliano,Emiliano Teodo,Teodo,,0,5500,TEX@DET,TEX,DET,IL,Shoulder,,,0,P
116782-119347,P,Jonathan,Jonathan Bowlan,Bowlan,9,1,5500,BOS@KC,KC,BOS,,,,,0,P
116782-219696,P,Eric,Eric Cerantola,Cerantola,,0,5500,BOS@KC,KC,BOS,,,,,0,P
116782-219703,P,Travis,Travis Adams,Adams,,0,5500,SF@MIN,MIN,SF,,,,,0,P
116782-219702,P,Marco,Marco Raya,Raya,,0,5500,SF@MIN,MIN,SF,,,,,0,P
116782-219700,P,Luis,Luis Mey,Mey,7,6,5500,CIN@HOU,CIN,HOU,,,,,0,P
116782-219706,P,Carson,Carson Seymour,Seymour,,0,5500,SF@MIN,SF,MIN,,,,,0,P
116782-195135,P,Kyle,Kyle Nicolas,Nicolas,2,7,5500,ATL@PIT,PIT,ATL,,,,,,P
116782-119359,P,Ethan,Ethan Small,Small,0,2,5500,SF@MIN,SF,MIN,IL,Undisclosed,,,0,P
116782-219708,P,Carson,Carson Ragsdale,Ragsdale,,0,5500,SF@MIN,SF,MIN,,,,,0,P
116782-119367,P,Matt,Matt Canterino,Canterino,0,1,5500,SF@MIN,MIN,SF,IL,Shoulder,,,0,P
116782-139851,P,Justin,Justin Topa,Topa,5.3076923076923075,13,5500,SF@MIN,MIN,SF,,,,,0,P
116782-80460,P,John,John Brebbia,Brebbia,7,9,5500,TEX@DET,DET,TEX,,,,,0,P
116782-195151,P,Anthony,Anthony Veneziano,Veneziano,3.3333333333333335,18,5500,MIA@CWS,MIA,CWS,,,,,,P
116782-207438,P,Fraser,Fraser Ellard,Ellard,5,7,5500,MIA@CWS,CWS,MIA,IL,Lat,,,,P
116782-219730,P,Chase,Chase Lee,Lee,6.428571428571429,7,5500,TEX@DET,DET,TEX,,,,,0,P
116782-219729,P,Tyler,Tyler Mattison,Mattison,,0,5500,TEX@DET,DET,TEX,IL,Elbow,,,0,P
116782-219728,P,Tyler,Tyler Owens,Owens,4.5,2,5500,TEX@DET,DET,TEX,,,,,0,P
116782-225880,P,Nathan,Nathan Wiles,Wiles,-3,1,5500,ATL@PIT,ATL,PIT,,,,,0,P
116782-80476,P,Jackson,Jackson Stephens,Stephens,4.333333333333333,3,5500,ATL@PIT,ATL,PIT,,,,,0,P
116782-119388,P,Junior,Junior Santos,Santos,,0,5500,STL@WSH,WSH,STL,,,,,0,P
116782-119392,P,Josh,Josh Wolf,Wolf,,0,5500,SF@MIN,SF,MIN,,,,,0,P
116782-119397,P,TJ,TJ Sikkema,Sikkema,,0,5500,CIN@HOU,CIN,HOU,IL,Undisclosed,,,0,P
116782-82535,P,Kyle,Kyle Wright,Wright,0,1,5500,BOS@KC,KC,BOS,IL,Shoulder,,,0,P
116782-21096,P,Erasmo,Erasmo Ramirez,Ramirez,7.3076923076923075,13,5500,SF@MIN,MIN,SF,IL,Shoulder,,,0,P
116782-186986,P,Eduardo,Eduardo Salazar,Salazar,1.7058823529411764,17,5500,STL@WSH,WSH,STL,,,,,0,P
116782-119403,P,Erik,Erik Miller,Miller,5.642857142857143,14,5500,SF@MIN,SF,MIN,,,,,0,P
116782-82541,P,Bryan,Bryan Mata,Mata,0,2,5500,BOS@KC,BOS,KC,,,,,0,P
116782-184943,P,Jesse,Jesse Scholtens,Scholtens,,0,5500,MIA@CWS,CWS,MIA,IL,Elbow,,,,P
116782-82547,P,Thomas,Thomas Hatch,Hatch,,0,5500,BOS@KC,KC,BOS,,,,,0,P
116782-119413,P,Isaiah,Isaiah Campbell,Campbell,0.25,8,5500,BOS@KC,BOS,KC,,,,,0,P
116782-135798,P,Garrett,Garrett Stallings,Stallings,,0,5500,MIL@TB,MIL,TB,,,,,0,P
116782-82548,P,Alex,Alex Lange,Lange,4.380952380952381,21,5500,TEX@DET,DET,TEX,IL,Lat,,,0,P
116782-82552,P,Tony,Tony Santillan,Santillan,5.368421052631579,19,5500,CIN@HOU,CIN,HOU,,,,,0,P
116782-70271,P,Carlos,Carlos Estevez,Estevez,5.470588235294118,17,5500,BOS@KC,KC,BOS,,,,,0,P
116782-119426,P,Johan,Johan Oviedo,Oviedo,0,1,5500,ATL@PIT,PIT,ATL,IL,Lat,,,,P
116782-62087,P,Miguel,Miguel Castro,Castro,3.4545454545454546,11,5500,CIN@HOU,HOU,CIN,,,,,,P
116782-119433,P,JJ,JJ Goss,Goss,,0,5500,MIL@TB,TB,MIL,,,,,0,P
116782-119435,P,Riley,Riley O'Brien,O'Brien,1.6666666666666667,3,5500,STL@WSH,STL,WSH,,,,,0,P
116782-203415,P,Bryan,Bryan King,King,5.2631578947368425,19,5500,CIN@HOU,HOU,CIN,,,,,,P
116782-170647,P,Jared,Jared Koenig,Koenig,5.473684210526316,19,5500,MIL@TB,MIL,TB,,,,,0,P
116782-119446,P,Andry,Andry Lara,Lara,,0,5500,STL@WSH,WSH,STL,,,,,0,P
116782-82584,P,JB,JB Bukauskas,Bukauskas,5.5,6,5500,MIL@TB,MIL,TB,IL,Lat,,,0,P
116782-82587,P,Richard,Richard Lovelady,Lovelady,1,2,5500,SF@MIN,MIN,SF,,,,,0,P
116782-82591,P,Chris,Chris Rodriguez,Rodriguez,,0,5500,MIA@CWS,CWS,MIA,,,,,,P
116782-82592,P,Dennis,Dennis Santana,Santana,3.9411764705882355,17,5500,ATL@PIT,PIT,ATL,,,,,,P
116782-164517,P,Chris,Chris Murphy,Murphy,0,2,5500,BOS@KC,BOS,KC,IL,Elbow,,,0,P
116782-164522,P,Wikelman,Wikelman Gonzalez,Gonzalez,0,2,5500,MIA@CWS,CWS,MIA,,,,,,P
116782-164521,P,Brandon,Brandon Walter,Walter,0,2,5500,CIN@HOU,HOU,CIN,,,,,,P
116782-211632,P,Mason,Mason Montgomery,Montgomery,4.6875,16,5500,MIL@TB,TB,MIL,,,,,0,P
116782-80571,P,Phil,Phil Maton,Maton,4.764705882352941,17,5500,STL@WSH,STL,WSH,,,,,0,P
116782-53953,P,Keone,Keone Kela,Kela,,0,5500,MIA@CWS,CWS,MIA,,,,,,P
116782-82627,P,JoJo,JoJo Romero,Romero,2.933333333333333,15,5500,STL@WSH,STL,WSH,,,,,0,P
116782-119494,P,Andrew,Andrew Dalquist,Dalquist,,0,5500,MIA@CWS,CWS,MIA,,,,,,P
116782-170699,P,Matt,Matt Gage,Gage,,0,5500,TEX@DET,DET,TEX,,,,,0,P
116782-82639,P,Ryan,Ryan Helsley,Helsley,5.357142857142857,14,5500,STL@WSH,STL,WSH,,,,,0,P
116782-82653,P,Ryan,Ryan Borucki,Borucki,4.25,16,5500,ATL@PIT,PIT,ATL,,,,,,P
116782-187105,P,Joe,Joe La Sorsa,La Sorsa,4.25,16,5500,CIN@HOU,CIN,HOU,,,,,0,P
116782-53990,P,Shawn,Shawn Armstrong,Armstrong,5.933333333333334,15,5500,TEX@DET,TEX,DET,,,,,0,P
116782-187121,P,Grant,Grant Anderson,Anderson,6.111111111111111,18,5500,MIL@TB,MIL,TB,,,,,0,P
116782-201456,P,Chris,Chris Roycroft,Roycroft,2.4444444444444446,9,5500,STL@WSH,STL,WSH,,,,,0,P
116782-84732,P,Robert,Robert Stock,Stock,3,1,5500,BOS@KC,BOS,KC,,,,,0,P
116782-154368,P,Vinny,Vinny Nittoli,Nittoli,6,9,5500,MIL@TB,MIL,TB,,,,,0,P
116782-211737,P,Luis,Luis Guerrero,Guerrero,7,3,5500,BOS@KC,BOS,KC,,,,,0,P
116782-199461,P,Luis,Luis Contreras,Contreras,4.285714285714286,7,5500,CIN@HOU,HOU,CIN,,,,,,P
116782-199460,P,Jordan,Jordan Leasure,Leasure,5.0625,17,5500,MIA@CWS,CWS,MIA,,,,,,P
116782-135976,P,Bennett,Bennett Sousa,Sousa,7.555555555555555,9,5500,CIN@HOU,HOU,CIN,,,,,,P
116782-199465,P,Juan,Juan Sanchez,Sanchez,,0,5500,SF@MIN,SF,MIN,,,,,0,P
116782-103218,P,Nick,Nick Margevicius,Margevicius,,0,5500,TEX@DET,DET,TEX,,,,,0,P
116782-178997,P,Greg,Greg Weissert,Weissert,5.647058823529412,17,5500,BOS@KC,BOS,KC,,,,,0,P
116782-213816,P,Evan,Evan Sisk,Sisk,11,2,5500,BOS@KC,KC,BOS,,,,,0,P
116782-13118,P,Justin,Justin Wilson,Wilson,4.4,15,5500,BOS@KC,BOS,KC,,,,,0,P
116782-84815,P,Joey,Joey Krehbiel,Krehbiel,,0,5500,MIL@TB,TB,MIL,,,,,0,P
116782-213851,P,Domingo,Domingo Gonzalez,Gonzalez,,0,5500,ATL@PIT,ATL,PIT,,,,,0,P
116782-183131,P,Ryder,Ryder Ryan,Ryan,5.714285714285714,15,5500,ATL@PIT,PIT,ATL,,,,,,P
116782-183133,P,Curtis,Curtis Taylor,Taylor,,0,5500,STL@WSH,STL,WSH,,,,,0,P
116782-11108,P,Aroldis,Aroldis Chapman,Chapman,6.866666666666666,15,5500,BOS@KC,BOS,KC,,,,,0,P
116782-213871,P,Luarbert,Luarbert Arias,Arias,3.6666666666666665,6,5500,MIA@CWS,MIA,CWS,,,,,,P
116782-68466,P,Steven,Steven Okert,Okert,8.0625,16,5500,CIN@HOU,HOU,CIN,,,,,,P
116782-68469,P,Adam,Adam Plutko,Plutko,,0,5500,CIN@HOU,CIN,HOU,,,,,0,P
116782-15225,P,Liam,Liam Hendriks,Hendriks,5.25,8,5500,BOS@KC,BOS,KC,,,,,0,P
116782-203642,P,Raymond,Raymond Burgos,Burgos,3,1,5500,SF@MIN,SF,MIN,,,,,0,P
116782-68474,P,Josh,Josh Hader,Hader,8.2,15,5500,CIN@HOU,HOU,CIN,,,,,,P
116782-68476,P,Taylor,Taylor Rogers,Rogers,4.333333333333333,16,5500,CIN@HOU,CIN,HOU,,,,,0,P
116782-170889,P,Aneurys,Aneurys Zabala,Zabala,,0,5500,TEX@DET,DET,TEX,,,,,0,P
116782-80791,P,Alan,Alan Busenitz,Busenitz,1,3,5500,CIN@HOU,CIN,HOU,,,,,0,P
116782-68506,P,Rob,Rob Kaminsky,Kaminsky,,0,5500,STL@WSH,STL,WSH,IL,Undisclosed,,,0,P
116782-80801,P,Hoby,Hoby Milner,Milner,5.9411764705882355,17,5500,TEX@DET,TEX,DET,,,,,0,P
116782-68515,P,Sam,Sam Moll,Moll,-1,3,5500,CIN@HOU,CIN,HOU,IL,Shoulder,,,0,P
116782-39843,P,Burch,Burch Smith,Smith,4.76,50,5500,ATL@PIT,PIT,ATL,IL,Undisclosed,,,,P
116782-179118,P,Zack,Zack Kelly,Kelly,6.5,7,5500,BOS@KC,BOS,KC,,,,,0,P
116782-68527,P,Jose,Jose De Leon,De Leon,,0,5500,BOS@KC,BOS,KC,,,,,0,P
116782-52143,P,Hunter,Hunter Harvey,Harvey,6.166666666666667,6,5500,BOS@KC,KC,BOS,IL,Shoulder,,,0,P
116782-52148,P,Pierce,Pierce Johnson,Johnson,5.5625,16,5500,ATL@PIT,ATL,PIT,,,,,0,P
116782-175032,P,Brennan,Brennan Bernardino,Bernardino,5.875,16,5500,BOS@KC,BOS,KC,,,,,0,P
116782-68551,P,Tyler,Tyler Beede,Beede,4.846153846153846,13,5500,SF@MIN,MIN,SF,,,,,0,P
116782-52192,P,Luke,Luke Jackson,Jackson,3.4,16,5500,TEX@DET,TEX,DET,,,,,0,P
116782-70624,P,Chris,Chris Stratton,Stratton,4.909090909090909,11,5500,BOS@KC,KC,BOS,,,,,0,P
116782-187367,P,Nick,Nick Robertson,Robertson,7.111111111111111,9,5500,CIN@HOU,HOU,CIN,,,,,,P
116782-82921,P,Zack,Zack Weiss,Weiss,0,1,5500,STL@WSH,STL,WSH,,,,,0,P
116782-213995,P,Luis,Luis Curvelo,Curvelo,,0,5500,TEX@DET,TEX,DET,,,,,0,P
116782-68584,P,Tyler,Tyler Jay,Jay,5.8,5,5500,MIL@TB,MIL,TB,,,,,0,P
116782-70649,P,Adrian,Adrian Sampson,Sampson,0,1,5500,STL@WSH,WSH,STL,,,,,0,P
116782-189470,P,Kyle,Kyle Leahy,Leahy,6.388888888888889,18,5500,STL@WSH,STL,WSH,,,,,0,P
116782-82974,P,Tanner,Tanner Rainey,Rainey,7.5,2,5500,ATL@PIT,PIT,ATL,,,,,,P
116782-82999,P,Scott,Scott Barlow,Barlow,3.4210526315789473,19,5500,CIN@HOU,CIN,HOU,,,,,0,P
116782-212025,P,Zach,Zach Penrod,Penrod,3,7,5500,BOS@KC,BOS,KC,IL,Elbow,,,0,P
116782-11333,P,Craig,Craig Kimbrel,Kimbrel,5.803571428571429,57,5500,ATL@PIT,ATL,PIT,,,,,0,P
116782-203863,P,Gordon,Gordon Graceffo,Graceffo,10.5,4,5500,STL@WSH,STL,WSH,,,,,0,P
116782-189528,P,Robert,Robert Garcia,Garcia,4.7894736842105265,19,5500,TEX@DET,TEX,DET,,,,,0,P
116782-83054,P,Justin,Justin Anderson,Anderson,4.796296296296297,56,5500,MIA@CWS,CWS,MIA,,,,,,P
116782-85108,P,Enyel,Enyel De Los Santos,De Los Santos,6.3125,16,5500,ATL@PIT,ATL,PIT,,,,,0,P
116782-81044,P,Austin,Austin Adams,Adams,4.2727272727272725,56,5500,BOS@KC,BOS,KC,,,,,0,P
116782-83097,P,D.J.,D.J. Snelten,Snelten,,0,5500,MIA@CWS,CWS,MIA,IL,Undisclosed,,,,P
116782-38043,P,Enny,Enny Romero,Romero,,0,5500,SF@MIN,SF,MIN,O,Personal,,,0,P
116782-152734,P,Zach,Zach Thompson,Thompson,10,2,5500,ATL@PIT,ATL,PIT,,,,,0,P
116782-152733,P,Griffin,Griffin Jax,Jax,5.631578947368421,19,5500,SF@MIN,MIN,SF,,,,,0,P
116782-154794,P,Joe,Joe Barlow,Barlow,,0,5500,TEX@DET,TEX,DET,,,,,0,P
116782-140459,P,John,John King,King,2.4615384615384617,13,5500,STL@WSH,STL,WSH,,,,,0,P
116782-160939,P,Jacob,Jacob Latz,Latz,8.4,6,5500,TEX@DET,TEX,DET,,,,,0,P
116782-83116,P,Wander,Wander Suero,Suero,0,1,5500,ATL@PIT,ATL,PIT,,,,,0,P
116782-160965,P,Elvis,Elvis Peguero,Peguero,3.2,5,5500,MIL@TB,MIL,TB,,,,,0,P
116782-66765,P,Jorge,Jorge Lopez,Lopez,4.3125,17,5500,STL@WSH,WSH,STL,,,,,0,P
116782-83149,P,Jesus,Jesus Liranzo,Liranzo,,0,5500,MIL@TB,MIL,TB,,,,,0,P
116782-83154,P,Miguel,Miguel Del Pozo,Del Pozo,,0,5500,SF@MIN,SF,MIN,,,,,0,P
116782-79067,P,Alex,Alex Young,Young,4.529411764705882,17,5500,CIN@HOU,CIN,HOU,IL,Elbow,,,0,P
116782-79071,P,Taylor,Taylor Clarke,Clarke,6.25,4,5500,BOS@KC,KC,BOS,,,,,0,P
116782-60640,P,Nick,Nick Burdi,Burdi,5.909090909090909,12,5500,BOS@KC,BOS,KC,,,,,0,P
116782-83170,P,Thomas,Thomas Pannone,Pannone,,0,5500,MIL@TB,MIL,TB,IL,Forearm,,,0,P
116782-152806,P,Jason,Jason Foley,Foley,4.044776119402985,70,5500,TEX@DET,DET,TEX,IL,Shoulder,,,0,P
116782-83172,P,Jonathan,Jonathan Hernandez,Hernandez,6.448275862068965,29,5500,MIL@TB,TB,MIL,IL,Undisclosed,,,0,P
116782-146670,P,Christian,Christian Roa,Roa,0,2,5500,MIA@CWS,MIA,CWS,,,,,,P
116782-197873,P,Zach,Zach Brzykcy,Brzykcy,2.5,2,5500,STL@WSH,WSH,STL,,,,,0,P
116782-79097,P,Bryan,Bryan Hudson,Hudson,3.727272727272727,11,5500,MIL@TB,MIL,TB,,,,,0,P
116782-83193,P,Jesus,Jesus Tinoco,Tinoco,4.833333333333333,12,5500,MIA@CWS,MIA,CWS,,,,,,P
116782-146684,P,Jared,Jared Kelley,Kelley,,0,5500,MIA@CWS,CWS,MIA,,,,,,P
116782-197884,P,Yoniel,Yoniel Curet,Curet,0,1,5500,MIL@TB,TB,MIL,IL,Shoulder,,,0,P
116782-146691,P,Asa,Asa Lacy,Lacy,,0,5500,BOS@KC,KC,BOS,IL,Elbow,,,0,P
116782-197890,P,Marc,Marc Church,Church,4.6,5,5500,TEX@DET,TEX,DET,IL,Oblique,,,0,P
116782-146688,P,Alex,Alex Santos II,Santos II,,0,5500,CIN@HOU,HOU,CIN,,,,,,P
116782-197888,P,Bailey,Bailey Horn,Horn,10,1,5500,TEX@DET,DET,TEX,,,,,0,P
116782-197893,P,Jose,Jose Corniell,Corniell,0,1,5500,TEX@DET,TEX,DET,IL,Elbow,,,0,P
116782-197899,P,Kai-Wei,Kai-Wei Teng,Teng,4.5,5,5500,SF@MIN,SF,MIN,,,,,0,P
116782-146699,P,Dax,Dax Fulton,Fulton,,0,5500,MIA@CWS,MIA,CWS,,,,,,P
116782-197897,P,Trevor,Trevor McDonald,McDonald,12,1,5500,SF@MIN,SF,MIN,,,,,0,P
116782-146702,P,Cole,Cole Sands,Sands,4.705882352941177,17,5500,SF@MIN,MIN,SF,,,,,0,P
116782-197900,P,Luis,Luis Perales,Perales,0,2,5500,BOS@KC,BOS,KC,IL,Elbow,,,0,P
116782-197906,P,Royber,Royber Salinas,Salinas,0,1,5500,ATL@PIT,ATL,PIT,IL,Shoulder,,,0,P
116782-70933,P,Brock,Brock Stewart,Stewart,4.25,8,5500,SF@MIN,MIN,SF,,,,,0,P
116782-79124,P,Joe,Joe Jimenez,Jimenez,5.855072463768116,70,5500,ATL@PIT,ATL,PIT,IL,Knee,,,0,P
116782-197910,P,Wilmer,Wilmer Flores,Flores,0,1,5500,TEX@DET,DET,TEX,IL,Shoulder,,,0,P
116782-197919,P,Jairo,Jairo Iriarte,Iriarte,5.5,6,5500,MIA@CWS,CWS,MIA,,,,,,P
116782-179490,P,Cole,Cole Waites,Waites,,0,5500,SF@MIN,SF,MIN,IL,Undisclosed,,,0,P
116782-146723,P,Eddy,Eddy Yean,Yean,,0,5500,ATL@PIT,PIT,ATL,,,,,,P
116782-85286,P,Ian,Ian Gibaut,Gibaut,3.9166666666666665,12,5500,CIN@HOU,CIN,HOU,IL,Shoulder,,,0,P
116782-85289,P,Nick,Nick Anderson,Anderson,4.4324324324324325,37,5500,STL@WSH,STL,WSH,,,,,0,P
116782-146730,P,Nick,Nick Bitsko,Bitsko,,0,5500,MIL@TB,TB,MIL,IL,Undisclosed,,,0,P
116782-79144,P,Scott,Scott Blewett,Blewett,10.9,10,5500,ATL@PIT,ATL,PIT,,,,,0,P
116782-146734,P,Tink,Tink Hence,Hence,,0,5500,STL@WSH,STL,WSH,IL,Ribs,,,0,P
116782-38189,P,Michael,Michael Tonkin,Tonkin,7.517857142857143,57,5500,SF@MIN,MIN,SF,IL,Shoulder,,,0,P
116782-146732,P,Nick,Nick Swiney,Swiney,,0,5500,CIN@HOU,HOU,CIN,,,,,,P
116782-79150,P,Josh,Josh Staumont,Staumont,4.12,25,5500,CIN@HOU,CIN,HOU,IL,Undisclosed,,,0,P
116782-146737,P,Cole,Cole Henry,Henry,6.777777777777778,9,5500,STL@WSH,WSH,STL,,,,,0,P
116782-79161,P,Braxton,Braxton Garrett,Garrett,23.857142857142858,7,5500,MIA@CWS,MIA,CWS,IL,Elbow,,,,P
116782-152888,P,Sam,Sam Long,Long,1.2857142857142858,7,5500,BOS@KC,KC,BOS,IL,Elbow,,,0,P
116782-154947,P,Justin,Justin Garza,Garza,,0,5500,SF@MIN,SF,MIN,,,,,0,P
116782-38217,P,Tommy,Tommy Kahnle,Kahnle,5.714285714285714,14,5500,TEX@DET,DET,TEX,,,,,0,P
116782-181583,P,Prelander,Prelander Berroa,Berroa,7.0588235294117645,17,5500,MIA@CWS,CWS,MIA,IL,Elbow,,,,P
116782-79185,P,Justin,Justin Dunn,Dunn,,0,5500,MIA@CWS,CWS,MIA,,,,,,P
116782-226643,P,AJ,AJ Blubaugh,Blubaugh,24,1,5500,CIN@HOU,HOU,CIN,,,,,,P
116782-79184,P,Thomas,Thomas Szapucki,Szapucki,0,2,5500,TEX@DET,DET,TEX,IL,Shoulder,,,0,P
116782-197975,P,Cooper,Cooper Hjerpe,Hjerpe,,0,5500,STL@WSH,STL,WSH,IL,Elbow,,,0,P
116782-204119,P,Jacob,Jacob Bosiokovic,Bosiokovic,,0,5500,SF@MIN,MIN,SF,,,,,0,P
116782-177493,P,Andrew,Andrew Nardi,Nardi,5.051724137931035,59,5500,MIA@CWS,MIA,CWS,IL,Back,,,,P
116782-79196,P,Albert,Albert Abreu,Abreu,,0,5500,CIN@HOU,CIN,HOU,,,,,0,P
116782-197981,P,Jacob,Jacob Misiorowski,Misiorowski,,0,5500,MIL@TB,MIL,TB,,,,,0,P
116782-38240,P,Rafael,Rafael Montero,Montero,4.066666666666666,15,5500,ATL@PIT,ATL,PIT,,,,,0,P
116782-222565,P,Shinnosuke,Shinnosuke Ogasawara,Ogasawara,,0,5500,STL@WSH,WSH,STL,IL,Oblique,,,0,P
116782-193897,P,Kody,Kody Funderburk,Funderburk,10.5,2,5500,SF@MIN,MIN,SF,,,,,0,P
116782-79250,P,Junior,Junior Fernandez,Fernandez,,0,5500,BOS@KC,KC,BOS,,,,,0,P
116782-38303,P,Andrew,Andrew Chafin,Chafin,5,4,5500,STL@WSH,WSH,STL,,,,,0,P
116782-193949,P,Steven,Steven Cruz,Cruz,5.166666666666667,12,5500,BOS@KC,KC,BOS,,,,,0,P
116782-79265,P,Alex,Alex Speas,Speas,9,2,5500,SF@MIN,MIN,SF,,,,,0,P
116782-101801,P,Joel,Joel Payamps,Payamps,2.235294117647059,17,5500,MIL@TB,MIL,TB,,,,,0,P
116782-118184,P,Enoli,Enoli Paredes,Paredes,5.944444444444445,18,5500,ATL@PIT,ATL,PIT,,,,,0,P
116782-101803,P,Jacob,Jacob Webb,Webb,4.823529411764706,17,5500,TEX@DET,TEX,DET,,,,,0,P
116782-101802,P,Patrick,Patrick Weigel,Weigel,,0,5500,STL@WSH,WSH,STL,,,,,0,P
116782-118195,P,Tejay,Tejay Antone,Antone,4.5,6,5500,CIN@HOU,CIN,HOU,IL,Elbow,,,0,P
116782-101812,P,Justin,Justin Lawrence,Lawrence,7.454545454545454,11,5500,ATL@PIT,PIT,ATL,IL,Elbow,,,,P
116782-118196,P,Ryan,Ryan Hendrix,Hendrix,,0,5500,BOS@KC,KC,BOS,,,,,0,P
116782-101816,P,Bryan,Bryan Abreu,Abreu,6.5,18,5500,CIN@HOU,HOU,CIN,,,,,,P
116782-101819,P,Jose,Jose Suarez,Suarez,12.333333333333334,3,5500,ATL@PIT,ATL,PIT,,,,,0,P
116782-202175,P,Gerson,Gerson Garabito,Garabito,8,3,5500,TEX@DET,TEX,DET,,,,,0,P
116782-101822,P,Josh,Josh Sborz,Sborz,5.6875,17,5500,TEX@DET,TEX,DET,IL,Shoulder,,,0,P
116782-101829,P,Trey,Trey Supak,Supak,,0,5500,TEX@DET,TEX,DET,,,,,0,P
116782-118217,P,Manuel,Manuel Rodriguez,Rodriguez,5,18,5500,MIL@TB,TB,MIL,,,,,0,P
116782-200143,P,Josh,Josh Maciejewski,Maciejewski,9,4,5500,MIL@TB,MIL,TB,,,,,0,P
116782-118224,P,Garrett,Garrett Cleavinger,Cleavinger,6.066666666666666,15,5500,MIL@TB,TB,MIL,,,,,0,P
116782-101849,P,Wei-Chieh,Wei-Chieh Huang,Huang,,0,5500,ATL@PIT,PIT,ATL,,,,,,P
116782-101854,P,Jacob,Jacob Waguespack,Waguespack,11.25,4,5500,MIL@TB,TB,MIL,,,,,0,P
116782-101856,P,Patrick,Patrick Murphy,Murphy,,0,5500,TEX@DET,TEX,DET,IL,Undisclosed,,,0,P
116782-185847,P,Garrett,Garrett Acton,Acton,,0,5500,MIL@TB,TB,MIL,,,,,0,P
116782-226819,P,Caleb,Caleb Freeman,Freeman,1.75,4,5500,MIA@CWS,CWS,MIA,,,,,,P
116782-101905,P,Sam,Sam McWilliams,McWilliams,,0,5500,MIL@TB,MIL,TB,,,,,0,P
116782-181791,P,Connor,Connor Thomas,Thomas,-2.5,2,5500,MIL@TB,MIL,TB,IL,Elbow,,,0,P
116782-58913,P,Danny,Danny Coulombe,Coulombe,6.0588235294117645,17,5500,SF@MIN,MIN,SF,,,,,0,P
116782-181796,P,Blair,Blair Calvo,Calvo,,0,5500,TEX@DET,DET,TEX,IL,Undisclosed,,,0,P
116782-5673,P,Jesse,Jesse Chavez,Chavez,6,2,5500,ATL@PIT,ATL,PIT,,,,,0,P
116782-181801,P,Jose A.,Jose A. Ferrer,Ferrer,3.45,20,5500,STL@WSH,WSH,STL,,,,,0,P
116782-222779,P,Thomas,Thomas White,White,,0,5500,MIA@CWS,MIA,CWS,,,,,,P
116782-222783,P,Grant,Grant Taylor,Taylor,,0,5500,MIA@CWS,CWS,MIA,,,,,,P
116782-222782,P,Chase,Chase Burns,Burns,,0,5500,CIN@HOU,CIN,HOU,,,,,0,P
116782-222784,P,Hagen,Hagen Smith,Smith,,0,5500,MIA@CWS,CWS,MIA,,,,,,P
116782-185926,P,Ryan,Ryan Walker,Walker,4.266666666666667,15,5500,SF@MIN,SF,MIN,,,,,0,P
116782-181831,P,Yosver,Yosver Zulueta,Zulueta,3.5,2,5500,CIN@HOU,CIN,HOU,,,,,0,P
116782-181828,P,Kolton,Kolton Ingram,Ingram,,0,5500,ATL@PIT,ATL,PIT,,,,,0,P
116782-181838,P,Abner,Abner Uribe,Uribe,6.444444444444445,18,5500,MIL@TB,MIL,TB,,,,,0,P
116782-181843,P,Josh,Josh Simpson,Simpson,0,2,5500,MIA@CWS,MIA,CWS,,,,,,P
116782-181841,P,George,George Soriano,Soriano,6.090909090909091,11,5500,MIA@CWS,MIA,CWS,,,,,,P
116782-73301,P,Brent,Brent Suter,Suter,7.166666666666667,12,5500,CIN@HOU,CIN,HOU,,,,,0,P
116782-222807,P,Alejandro,Alejandro Rosario,Rosario,,0,5500,TEX@DET,TEX,DET,IL,Elbow,,,0,P
116782-181854,P,Brendan,Brendan White,White,0,1,5500,TEX@DET,DET,TEX,,,,,0,P
116782-222812,P,Jaden,Jaden Hamm,Hamm,,0,5500,TEX@DET,DET,TEX,,,,,0,P
116782-81507,P,Aaron,Aaron Bummer,Bummer,6.923076923076923,13,5500,ATL@PIT,ATL,PIT,,,,,0,P
116782-169574,P,Penn,Penn Murfee,Murfee,3.142857142857143,15,5500,MIA@CWS,CWS,MIA,,,,,,P
116782-118381,P,Kyle,Kyle Finnegan,Finnegan,4.933333333333334,15,5500,STL@WSH,WSH,STL,,,,,0,P
116782-222830,P,Travis,Travis Sykora,Sykora,,0,5500,STL@WSH,WSH,STL,IL,Hip,,,0,P
116782-222828,P,Jacob,Jacob Webb,Webb,,0,5500,BOS@KC,BOS,KC,,,,,0,P
116782-222834,P,Quinn,Quinn Mathews,Mathews,,0,5500,STL@WSH,STL,WSH,IL,Shoulder,,,0,P
116782-222833,P,Jarlin,Jarlin Susana,Susana,,0,5500,STL@WSH,WSH,STL,IL,Undisclosed,,,0,P
116782-222832,P,Alex,Alex Clemmey,Clemmey,,0,5500,STL@WSH,WSH,STL,,,,,0,P
116782-118394,P,Yohan,Yohan Ramirez,Ramirez,4.783783783783784,38,5500,ATL@PIT,PIT,ATL,,,,,,P
116782-118397,P,Trevor,Trevor Megill,Megill,4.6923076923076925,14,5500,MIL@TB,MIL,TB,,,,,0,P
116782-210559,P,Brady,Brady Feigl,Feigl,-13,1,5500,SF@MIN,MIN,SF,,,,,0,P
116782-210562,P,Lake,Lake Bachar,Bachar,6,17,5500,MIA@CWS,MIA,CWS,,,,,,P
116782-222855,P,Ty,Ty Johnson,Johnson,,0,5500,MIL@TB,TB,MIL,,,,,0,P
116782-222854,P,Brody,Brody Hopkins,Hopkins,,0,5500,MIL@TB,TB,MIL,,,,,0,P
116782-52871,P,Derek,Derek Law,Law,6.16,75,5500,STL@WSH,WSH,STL,IL,Forearm,,,0,P
116782-165509,P,Bryce,Bryce Bonnin,Bonnin,,0,5500,TEX@DET,TEX,DET,,,,,0,P
116782-222859,P,Cam,Cam Caminiti,Caminiti,,0,5500,ATL@PIT,ATL,PIT,DTD,Forearm,,,0,P
116782-110216,P,Stephen,Stephen Nogosek,Nogosek,,0,5500,BOS@KC,KC,BOS,,,,,0,P
116782-222857,P,Jackson,Jackson Baumeister,Baumeister,,0,5500,MIL@TB,TB,MIL,,,,,0,P
116782-222856,P,Trevor,Trevor Harrison,Harrison,,0,5500,MIL@TB,TB,MIL,,,,,0,P
116782-165528,P,Joe,Joe Rock,Rock,,0,5500,MIL@TB,TB,MIL,,,,,0,P
116782-220834,P,Nate,Nate Lavender,Lavender,,0,5500,MIL@TB,TB,MIL,IL,Elbow,,,0,P
116782-169636,P,Beau,Beau Brieske,Brieske,3.2,10,5500,TEX@DET,DET,TEX,,,,,0,P
116782-220837,P,Evan,Evan Reifert,Reifert,,0,5500,MIL@TB,TB,MIL,,,,,0,P
116782-161450,P,Janson,Janson Junk,Junk,1.8,6,5500,MIA@CWS,MIA,CWS,,,,,,P
116782-220841,P,Anderson,Anderson Pilar,Pilar,,0,5500,MIA@CWS,MIA,CWS,,,,,,P
116782-165545,P,Tanner,Tanner McDougal,McDougal,,0,5500,MIA@CWS,CWS,MIA,,,,,,P
116782-165553,P,Dylan,Dylan Smith,Smith,,0,5500,TEX@DET,DET,TEX,,,,,0,P
116782-14006,P,Brian,Brian Moran,Moran,,0,5500,ATL@PIT,ATL,PIT,,,,,0,P
116782-81594,P,Dietrich,Dietrich Enns,Enns,,0,5500,TEX@DET,DET,TEX,,,,,0,P
116782-165566,P,Ben,Ben Kudrna,Kudrna,,0,5500,BOS@KC,KC,BOS,,,,,0,P
116782-165564,P,Frank,Frank Mozzicato,Mozzicato,,0,5500,BOS@KC,KC,BOS,,,,,0,P
116782-38596,P,Chris,Chris Martin,Martin,5.764705882352941,17,5500,TEX@DET,TEX,DET,,,,,0,P
116782-165582,P,Robinson,Robinson Pina,Pina,,0,5500,MIA@CWS,MIA,CWS,,,,,,P
116782-81615,P,Tim,Tim Mayza,Mayza,6.142857142857143,7,5500,ATL@PIT,PIT,ATL,IL,Shoulder,,,,P
116782-222930,P,Logan,Logan VanWey,VanWey,3.2857142857142856,7,5500,CIN@HOU,HOU,CIN,,,,,,P
116782-165584,P,Alejandro,Alejandro Hidalgo,Hidalgo,,0,5500,SF@MIN,MIN,SF,,,,,0,P
116782-165585,P,Erik,Erik Rivera,Rivera,,0,5500,BOS@KC,BOS,KC,,,,,0,P
116782-198352,P,Shane,Shane Drohan,Drohan,0,1,5500,BOS@KC,BOS,KC,,,,,0,P
116782-198357,P,Ryan,Ryan Fernandez,Fernandez,1.4,11,5500,STL@WSH,STL,WSH,,,,,0,P
116782-198356,P,Justin,Justin Slaten,Slaten,3.4,16,5500,BOS@KC,BOS,KC,,,,,0,P
116782-141024,P,Bruce,Bruce Zimmermann,Zimmermann,0,1,5500,MIL@TB,MIL,TB,,,,,0,P
116782-165609,P,Zach,Zach McCambley,McCambley,,0,5500,MIA@CWS,MIA,CWS,,,,,,P
116782-165621,P,Russell,Russell Smith,Smith,,0,5500,MIL@TB,MIL,TB,IL,Undisclosed,,,0,P
116782-182005,P,Kevin,Kevin Kelly,Kelly,3,5,5500,MIL@TB,TB,MIL,IL,Thigh,,,0,P
116782-161545,P,Kaleb,Kaleb Ort,Ort,2.857142857142857,7,5500,CIN@HOU,HOU,CIN,,,,,,P
116782-194323,P,Hunter,Hunter Stratton,Stratton,-3.5,2,5500,ATL@PIT,PIT,ATL,,,,,,P
116782-161563,P,Jovani,Jovani Moran,Moran,,0,5500,BOS@KC,BOS,KC,IL,Elbow,,,0,P
116782-165657,P,Anthony,Anthony Solometo,Solometo,,0,5500,ATL@PIT,PIT,ATL,IL,Shoulder,,,,P
116782-182062,P,Gus,Gus Varland,Varland,5.230769230769231,26,5500,MIA@CWS,CWS,MIA,,,,,,P
116782-165687,P,Will,Will Bednar,Bednar,,0,5500,SF@MIN,SF,MIN,,,,,0,P
116782-165684,P,Matt,Matt Mikulski,Mikulski,,0,5500,SF@MIN,SF,MIN,,,,,0,P
116782-165691,P,Manuel,Manuel Mercedes,Mercedes,,0,5500,SF@MIN,SF,MIN,,,,,0,P
116782-163641,P,Ray,Ray Kerr,Kerr,11.2,10,5500,ATL@PIT,ATL,PIT,IL,Elbow,,,0,P
116782-165695,P,Edwin,Edwin Nunez,Nunez,,0,5500,STL@WSH,STL,WSH,,,,,0,P
116782-165696,P,Ian,Ian Bedell,Bedell,,0,5500,STL@WSH,STL,WSH,,,,,0,P
116782-163654,P,Alexis,Alexis Diaz,Diaz,0.5,6,5500,CIN@HOU,CIN,HOU,,,,,0,P
116782-116548,P,Tyler,Tyler Rogers,Rogers,5.2631578947368425,19,5500,SF@MIN,SF,MIN,,,,,0,P
116782-163655,P,Daniel,Daniel Duarte,Duarte,12,3,5500,SF@MIN,MIN,SF,IL,Elbow,,,0,P
116782-163658,P,Randy,Randy Rodriguez,Rodriguez,8,16,5500,SF@MIN,SF,MIN,,,,,0,P
116782-163663,P,Calvin,Calvin Faucher,Faucher,5.571428571428571,14,5500,MIA@CWS,MIA,CWS,,,,,,P
116782-163660,P,Steven,Steven Wilson,Wilson,5.7,10,5500,MIA@CWS,CWS,MIA,,,,,,P
116782-204624,P,Eric,Eric Orze,Orze,6.1,10,5500,MIL@TB,TB,MIL,,,,,0,P
116782-204631,P,Hunter,Hunter Bigge,Bigge,5.3076923076923075,13,5500,MIL@TB,TB,MIL,IL,Lat,,,0,P
116782-165716,P,Sem,Sem Robberse,Robberse,0,2,5500,STL@WSH,STL,WSH,IL,Undisclosed,,,0,P
116782-163673,P,Jorge,Jorge Juan,Juan,,0,5500,ATL@PIT,ATL,PIT,,,,,0,P
116782-108380,P,Tayler,Tayler Scott,Scott,4.125,16,5500,CIN@HOU,HOU,CIN,,,,,,P
116782-163677,P,James,James McArthur,McArthur,4.618181818181818,57,5500,BOS@KC,KC,BOS,IL,Elbow,,,0,P
116782-163683,P,Ricky,Ricky Vanasco,Vanasco,4,4,5500,TEX@DET,DET,TEX,,,,,0,P
116782-163684,P,Ronny,Ronny Henriquez,Henriquez,7.733333333333333,15,5500,MIA@CWS,MIA,CWS,,,,,,P
116782-163707,P,Freddy,Freddy Pacheco,Pacheco,,0,5500,TEX@DET,DET,TEX,IL,Biceps,,,0,P
116782-210813,P,Ryan,Ryan Miller,Miller,4.153846153846154,13,5500,TEX@DET,DET,TEX,,,,,0,P
116782-161675,P,Jonathan,Jonathan Heasley,Heasley,-0.5,5,5500,MIA@CWS,CWS,MIA,,,,,,P
116782-102314,P,Lenny,Lenny Torres,Torres,,0,5500,CIN@HOU,CIN,HOU,,,,,0,P
116782-108461,P,Pete,Pete Fairbanks,Fairbanks,6.0588235294117645,17,5500,MIL@TB,TB,MIL,,,,,0,P
116782-102324,P,Konnor,Konnor Pilkington,Pilkington,0,2,5500,STL@WSH,WSH,STL,,,,,0,P
116782-102355,P,Jorge,Jorge Alcala,Alcala,3.6363636363636362,13,5500,SF@MIN,MIN,SF,,,,,0,P
116782-198618,P,Coleman,Coleman Crow,Crow,,0,5500,MIL@TB,MIL,TB,,,,,0,P
116782-102376,P,Garrett,Garrett Whitlock,Whitlock,8.857142857142858,14,5500,BOS@KC,BOS,KC,,,,,0,P
116782-79852,P,Lucas,Lucas Erceg,Erceg,4.777777777777778,18,5500,BOS@KC,KC,BOS,,,,,0,P
116782-102387,P,Braxton,Braxton Ashcraft,Ashcraft,0,1,5500,ATL@PIT,PIT,ATL,,,,,,P
116782-102386,P,Steven,Steven Jennings,Jennings,,0,5500,TEX@DET,TEX,DET,,,,,0,P
116782-210936,P,Evan,Evan Kravetz,Kravetz,2,1,5500,CIN@HOU,CIN,HOU,,,,,0,P
116782-102397,P,Wyatt,Wyatt Mills,Mills,,0,5500,BOS@KC,BOS,KC,,,,,0,P
116782-198655,P,Woo-Suk,Woo-Suk Go,Go,,0,5500,MIA@CWS,MIA,CWS,IL,Finger,,,,P
116782-119349,SS,Bobby,Bobby Witt Jr.,Witt Jr.,13.254762195405506,42,4200,BOS@KC,KC,BOS,,,,,2,SS/UTIL
116782-68522,3B,Alex,Alex Bregman,Bregman,13.657499694824219,40,4000,BOS@KC,BOS,KC,,,,,3,3B/UTIL
116782-165661,OF,James,James Wood,Wood,12.62249984741211,40,3700,STL@WSH,WSH,STL,,,,,3,OF/UTIL
116782-79756,OF,Ronald,Ronald Acuna Jr.,Acuna Jr.,11.634693379304847,49,3700,ATL@PIT,ATL,PIT,IL,Knee,,,0,OF/UTIL
116782-39086,OF,Byron,Byron Buxton,Buxton,13.31081081081081,37,3600,SF@MIN,MIN,SF,,,,,1,OF/UTIL
116782-119311,OF,Jarren,Jarren Duran,Duran,11.242500305175781,40,3600,BOS@KC,BOS,KC,,,,,1,OF/UTIL
116782-17086,OF,Marcell,Marcell Ozuna,Ozuna,9.936111450195312,36,3600,ATL@PIT,ATL,PIT,,,,,4,OF/UTIL
116782-68585,3B,Rafael,Rafael Devers,Devers,12.0317070193407,41,3600,BOS@KC,BOS,KC,,,,,2,3B/UTIL
116782-165513,SS,Elly,Elly De La Cruz,De La Cruz,12.553658834317835,41,3600,CIN@HOU,CIN,HOU,,,,,3,SS/UTIL
116782-102389,SS/OF,Oneil,Oneil Cruz,Cruz,13.421621786581504,37,3600,ATL@PIT,PIT,ATL,DTD,Back,,,,SS/OF/UTIL
116782-81953,OF,Austin,Austin Hays,Hays,15.433333333333334,15,3500,CIN@HOU,CIN,HOU,,,,,4,OF/UTIL
116782-82734,OF,Luis,Luis Robert Jr.,Robert Jr.,10.616215886296454,37,3500,MIA@CWS,CWS,MIA,DTD,Knee,,,,OF/UTIL
116782-68588,2B,Gleyber,Gleyber Torres,Torres,12.055555555555555,27,3500,TEX@DET,DET,TEX,,,,,2,2B/UTIL
116782-21609,OF,Christian,Christian Yelich,Yelich,10.286841944644326,38,3500,MIL@TB,MIL,TB,,,,,3,OF/UTIL
116782-181812,OF,Wilyer,Wilyer Abreu,Abreu,11.664102407602163,39,3500,BOS@KC,BOS,KC,,,,,4,OF/UTIL
116782-165611,OF,Jackson,Jackson Chourio,Chourio,11.602564102564102,39,3400,MIL@TB,MIL,TB,,,,,2,OF/UTIL
116782-198526,OF,Wyatt,Wyatt Langford,Langford,11.433333333333334,30,3400,TEX@DET,TEX,DET,,,,,2,OF/UTIL
116782-135203,1B,Spencer,Spencer Torkelson,Torkelson,12.69000015258789,40,3300,TEX@DET,DET,TEX,,,,,5,C/1B/UTIL
116782-119305,OF,Kyle,Kyle Stowers,Stowers,11.216666327582466,36,3300,MIA@CWS,MIA,CWS,,,,,,OF/UTIL
116782-119343,OF,Riley,Riley Greene,Greene,10.510526155170641,38,3300,TEX@DET,DET,TEX,,,,,4,OF/UTIL
116782-119410,SS,CJ,CJ Abrams,Abrams,12.82222267433449,27,3300,STL@WSH,WSH,STL,,,,,1,SS/UTIL
116782-52175,1B,Matt,Matt Olson,Olson,10.223077236077724,39,3300,ATL@PIT,ATL,PIT,,,,,3,C/1B/UTIL
116782-79074,3B,Austin,Austin Riley,Riley,10.561538305038061,39,3300,ATL@PIT,ATL,PIT,,,,,2,3B/UTIL
116782-21887,C/1B,Willson,Willson Contreras,Contreras,9.75897451547476,39,3300,STL@WSH,STL,WSH,,,,,5,C/1B/UTIL
116782-38412,SS,Corey,Corey Seager,Seager,10.26923076923077,26,3300,TEX@DET,TEX,DET,,,,,0,SS/UTIL
116782-53033,OF,Mike,Mike Yastrzemski,Yastrzemski,10.031428745814733,35,3300,SF@MIN,SF,MIN,,,,,1,OF/UTIL
116782-198539,OF,Jung Hoo,Jung Hoo Lee,Lee,11.048717792217548,39,3300,SF@MIN,SF,MIN,,,,,3,OF/UTIL
116782-102555,3B,Noelvi,Noelvi Marte,Marte,12.394736842105264,19,3200,CIN@HOU,CIN,HOU,IL,Oblique,,,0,3B/UTIL
116782-176691,OF,Kerry,Kerry Carpenter,Carpenter,9.964865194784629,37,3200,TEX@DET,DET,TEX,,,,,1,OF/UTIL
116782-82575,OF,Yordan,Yordan Alvarez,Alvarez,8.324137720568427,29,3200,CIN@HOU,HOU,CIN,IL,Hand,,,,OF/UTIL
116782-154711,OF,Lars,Lars Nootbaar,Nootbaar,11.551282051282051,39,3200,STL@WSH,STL,WSH,,,,,1,OF/UTIL
116782-163689,3B/2B/OF,Maikel,Maikel Garcia,Garcia,10.231707317073171,41,3200,BOS@KC,KC,BOS,,,,,5,2B/3B/OF/UTIL
116782-14562,2B/OF,Jose,Jose Altuve,Altuve,8.63783800279772,37,3100,CIN@HOU,HOU,CIN,DTD,Hamstring,,,,2B/OF/UTIL
116782-119345,SS,Jeremy,Jeremy Pena,Pena,10.460526315789474,38,3100,CIN@HOU,HOU,CIN,,,,,,SS/UTIL
116782-82642,OF,Heliot,Heliot Ramos,Ramos,10.407692151191908,39,3100,SF@MIN,SF,MIN,,,,,5,OF/UTIL
116782-52158,SS,Trevor,Trevor Story,Story,9.648717635717148,39,3100,BOS@KC,BOS,KC,,,,,5,SS/UTIL
116782-197886,C,Agustin,Agustin Ramirez,Ramirez,10.837499618530273,16,3100,MIA@CWS,MIA,CWS,,,,,,C/1B/UTIL
116782-79110,C,Tyler,Tyler Stephenson,Stephenson,9.700000339084202,9,3100,CIN@HOU,CIN,HOU,,,,,0,C/1B/UTIL
116782-85285,1B,Nathaniel,Nathaniel Lowe,Lowe,9.644999694824218,40,3100,STL@WSH,WSH,STL,,,,,4,C/1B/UTIL
116782-118218,SS/3B/2B/OF,Zach,Zach McKinstry,McKinstry,9.583333333333334,36,3100,TEX@DET,DET,TEX,,,,,6,2B/3B/SS/OF/UTIL
116782-222825,2B/OF,Kristian,Kristian Campbell,Campbell,9.545714460100447,35,3100,BOS@KC,BOS,KC,,,,,0,2B/OF/UTIL
116782-163662,1B,Jonathan,Jonathan Aranda,Aranda,9.939999825613839,35,3100,MIL@TB,TB,MIL,,,,,4,C/1B/UTIL
116782-163706,3B/2B/SS/OF,Brendan,Brendan Donovan,Donovan,10.544737163342928,38,3100,STL@WSH,STL,WSH,,,,,3,2B/3B/SS/OF/UTIL
116782-102353,2B,Brice,Brice Turang,Turang,11.162162162162161,37,3100,MIL@TB,MIL,TB,,,,,5,2B/UTIL
116782-82574,3B,Isaac,Isaac Paredes,Paredes,9.39729762721706,37,3000,CIN@HOU,HOU,CIN,,,,,,3B/UTIL
116782-82608,3B,Royce,Royce Lewis,Lewis,0.6,5,3000,SF@MIN,MIN,SF,,,,,8,3B/UTIL
116782-82624,C,Sean,Sean Murphy,Murphy,10.766666412353516,24,3000,ATL@PIT,ATL,PIT,,,,,0,C/1B/UTIL
116782-82660,2B,Luis,Luis Garcia Jr.,Garcia Jr.,8.280555725097656,36,3000,STL@WSH,WSH,STL,,,,,6,2B/UTIL
116782-60655,SS,Willy,Willy Adames,Adames,9.12249984741211,40,3000,SF@MIN,SF,MIN,,,,,2,SS/UTIL
116782-13638,1B,Wilmer,Wilmer Flores,Flores,9.664102407602163,39,3000,SF@MIN,SF,MIN,,,,,0,C/1B/UTIL
116782-79257,OF,Josh,Josh Lowe,Lowe,3,1,3000,MIL@TB,TB,MIL,IL,Oblique,,,0,OF/UTIL
116782-136672,OF,Michael,Michael Harris II,Harris II,8.671795184795673,39,3000,ATL@PIT,ATL,PIT,,,,,8,OF/UTIL
116782-165507,SS/2B,Matt,Matt McLain,McLain,10.953125,32,3000,CIN@HOU,CIN,HOU,,,,,2,2B/SS/UTIL
116782-165707,SS/3B/2B/1B/OF,Josh,Josh Smith,Smith,9.341176650103401,34,3000,TEX@DET,TEX,DET,,,,,1,C/1B/2B/3B/SS/OF/UTIL
116782-102284,C,William,William Contreras,Contreras,9.621621621621621,37,3000,MIL@TB,MIL,TB,,,,,4,C/1B/UTIL
116782-119437,3B,Josh,Josh Jung,Jung,7.4774194532825105,31,2900,TEX@DET,TEX,DET,,,,,7,3B/UTIL
116782-82593,C,Keibert,Keibert Ruiz,Ruiz,7.6457144601004465,35,2900,STL@WSH,WSH,STL,,,,,0,C/1B/UTIL
116782-82644,OF,Jesus,Jesus Sanchez,Sanchez,7.56500015258789,20,2900,MIA@CWS,MIA,CWS,,,,,,OF/UTIL
116782-68495,OF,Andrew,Andrew Benintendi,Benintendi,8.858333587646484,24,2900,MIA@CWS,CWS,MIA,IL,Calf,,,,OF/UTIL
116782-68544,3B,Matt,Matt Chapman,Chapman,11.20999984741211,40,2900,SF@MIN,SF,MIN,,,,,4,3B/UTIL
116782-189389,OF,Dane,Dane Myers,Myers,9.11724116884429,29,2900,MIA@CWS,MIA,CWS,,,,,,OF/UTIL
116782-13266,C/1B,Salvador,Salvador Perez,Perez,7.379486866486379,39,2900,BOS@KC,KC,BOS,,,,,4,C/1B/UTIL
116782-68587,2B,Ozzie,Ozzie Albies,Albies,8.915384928385416,39,2900,ATL@PIT,ATL,PIT,,,,,6,2B/UTIL
116782-173078,OF,Alex,Alex Call,Call,9.023077157827524,26,2900,STL@WSH,WSH,STL,,,,,2,OF/UTIL
116782-79120,1B,Yandy,Yandy Diaz,Diaz,9.256410256410257,39,2900,MIL@TB,TB,MIL,,,,,3,C/1B/UTIL
116782-79160,OF,Alex,Alex Verdugo,Verdugo,8.826315628854852,19,2900,ATL@PIT,ATL,PIT,,,,,1,OF/UTIL
116782-38218,1B,Christian,Christian Walker,Walker,7.875675510715794,37,2900,CIN@HOU,HOU,CIN,,,,,,C/1B/UTIL
116782-21885,SS/3B/OF,Javier,Javier Baez,Baez,9.40967781313004,31,2900,TEX@DET,DET,TEX,,,,,9,3B/SS/OF/UTIL
116782-79230,OF,Bryan,Bryan Reynolds,Reynolds,8.628205128205128,39,2900,ATL@PIT,PIT,ATL,,,,,,OF/UTIL
116782-13719,3B,Nolan,Nolan Arenado,Arenado,8.955555386013454,36,2900,STL@WSH,STL,WSH,,,,,4,3B/UTIL
116782-85520,OF,Adolis,Adolis Garcia,Garcia,8.33846185146234,39,2900,TEX@DET,TEX,DET,,,,,4,OF/UTIL
116782-165571,1B,Vinnie,Vinnie Pasquantino,Pasquantino,8.336585068121188,41,2900,BOS@KC,KC,BOS,,,,,3,C/1B/UTIL
116782-102308,2B/3B/OF,Jonathan,Jonathan India,India,7.505405735325169,37,2900,BOS@KC,KC,BOS,,,,,1,2B/3B/OF/UTIL
116782-135366,SS,Masyn,Masyn Winn,Winn,9.210345038052264,29,2800,STL@WSH,STL,WSH,,,,,2,SS/UTIL
116782-219666,OF,Jake,Jake Mangum,Mangum,9.090475899832589,21,2800,MIL@TB,TB,MIL,IL,Groin,,,0,OF/UTIL
116782-119377,OF,Matt,Matt Wallner,Wallner,7.994444105360243,18,2800,SF@MIN,MIN,SF,IL,Hamstring,,,0,OF/UTIL
116782-164506,2B/3B,Connor,Connor Norby,Norby,8.784210205078125,19,2800,MIA@CWS,MIA,CWS,,,,,,2B/3B/UTIL
116782-195378,SS/2B/OF,Tyler,Tyler Fitzgerald,Fitzgerald,9.012000122070312,25,2800,SF@MIN,SF,MIN,IL,Ribs,,,0,2B/SS/OF/UTIL
116782-136090,2B/SS,Nick,Nick Gonzales,Gonzales,22.200000762939453,1,2800,ATL@PIT,PIT,ATL,IL,Ankle,,,,2B/SS/UTIL
116782-195679,3B,Junior,Junior Caminero,Caminero,9.070270435230151,37,2800,MIL@TB,TB,MIL,,,,,0,3B/UTIL
116782-197982,OF,Dylan,Dylan Crews,Crews,8.50540573532517,37,2800,STL@WSH,WSH,STL,,,,,7,OF/UTIL
116782-101842,1B,Ty,Ty France,France,8.672499847412109,40,2800,SF@MIN,MIN,SF,,,,,3,C/1B/UTIL
116782-181811,OF/2B/SS,Ceddanne,Ceddanne Rafaela,Rafaela,9.247222052680122,36,2800,BOS@KC,BOS,KC,,,,,9,2B/SS/OF/UTIL
116782-181987,OF,Masataka,Masataka Yoshida,Yoshida,8.75925925925926,108,2800,BOS@KC,BOS,KC,IL,Shoulder,,,0,OF/UTIL
116782-102362,OF,Trevor,Trevor Larnach,Larnach,9.051282051282051,39,2800,SF@MIN,MIN,SF,,,,,2,OF/UTIL
116782-102393,SS,Xavier,Xavier Edwards,Edwards,8.905262997275905,38,2800,MIA@CWS,MIA,CWS,,,,,,SS/UTIL
116782-102415,2B/3B,Nolan,Nolan Gorman,Gorman,6.779166539510091,24,2700,STL@WSH,STL,WSH,,,,,0,2B/3B/UTIL
116782-135204,C,Dillon,Dillon Dingler,Dingler,8.828571319580078,28,2700,TEX@DET,DET,TEX,,,,,7,C/1B/UTIL
116782-135218,OF,Jake,Jake Meyers,Meyers,8.208108438027871,37,2700,CIN@HOU,HOU,CIN,,,,,,OF/UTIL
116782-225386,OF,Chandler,Chandler Simpson,Simpson,8.12105279219778,19,2700,MIL@TB,TB,MIL,,,,,1,OF/UTIL
116782-145618,2B,Otto,Otto Lopez,Lopez,8.083333333333334,30,2700,MIA@CWS,MIA,CWS,IL,Ankle,,,,2B/UTIL
116782-198935,OF,Victor,Victor Scott II,Scott II,10.51388888888889,36,2700,STL@WSH,STL,WSH,,,,,9,OF/UTIL
116782-53757,OF,Rob,Rob Refsnyder,Refsnyder,9.053845919095552,13,2700,BOS@KC,BOS,KC,DTD,Back,,,0,OF/UTIL
116782-119368,C,Ryan,Ryan Jeffers,Jeffers,8.010000101725261,30,2700,SF@MIN,MIN,SF,,,,,6,C/1B/UTIL
116782-80847,OF,Mike,Mike Tauchman,Tauchman,7.066666920979817,3,2700,MIA@CWS,CWS,MIA,IL,Hamstring,,,,OF/UTIL
116782-5456,OF,Andrew,Andrew McCutchen,McCutchen,7.75,34,2700,ATL@PIT,PIT,ATL,,,,,,OF/UTIL
116782-118120,C,Jonah,Jonah Heim,Heim,7.803225609564012,31,2700,TEX@DET,TEX,DET,,,,,8,C/1B/UTIL
116782-79215,1B,Rhys,Rhys Hoskins,Hoskins,8.486486486486486,37,2700,MIL@TB,MIL,TB,,,,,6,C/1B/UTIL
116782-79249,OF,Harrison,Harrison Bader,Bader,8.727778116861979,36,2700,SF@MIN,MIN,SF,,,,,9,OF/UTIL
116782-101910,1B/OF,Connor,Connor Joe,Joe,3.0875000953674316,8,2700,CIN@HOU,CIN,HOU,,,,,0,C/1B/OF/UTIL
116782-181829,2B/1B,Spencer,Spencer Horwitz,Horwitz,8.777551144969706,98,2700,ATL@PIT,PIT,ATL,IL,Wrist,,,,C/1B/2B/UTIL
116782-161418,2B/1B/3B,Romy,Romy Gonzalez,Gonzalez,8.941176470588236,17,2700,BOS@KC,BOS,KC,IL,Back,,,0,C/1B/2B/3B/UTIL
116782-165559,C,Yainer,Yainer Diaz,Diaz,7.709090724135891,33,2700,CIN@HOU,HOU,CIN,,,,,,C/1B/UTIL
116782-38614,SS,Carlos,Carlos Correa,Correa,6.464102720602964,39,2700,SF@MIN,MIN,SF,,,,,5,SS/UTIL
116782-182167,1B,Matt,Matt Mervis,Mervis,8.013333129882813,30,2700,MIA@CWS,MIA,CWS,,,,,,C/1B/UTIL
116782-102296,OF,TJ,TJ Friedl,Friedl,11.081579107987253,38,2700,CIN@HOU,CIN,HOU,,,,,1,OF/UTIL
116782-102325,OF,Parker,Parker Meadows,Meadows,8.785393532742276,89,2700,TEX@DET,DET,TEX,IL,Arm,,,0,OF/UTIL
116782-102486,OF,Blake,Blake Perkins,Perkins,8.120325104007875,123,2600,MIL@TB,MIL,TB,IL,Lower leg,,,0,OF/UTIL
116782-135364,OF,Jordan,Jordan Walker,Walker,6.724999904632568,32,2600,STL@WSH,STL,WSH,,,,,8,OF/UTIL
116782-119318,2B/3B/OF,Christopher,Christopher Morel,Morel,7.427272912227746,33,2600,MIL@TB,TB,MIL,,,,,0,2B/3B/OF/UTIL
116782-119372,OF/3B/1B,Miguel,Miguel Vargas,Vargas,7.421052631578948,38,2600,MIA@CWS,CWS,MIA,,,,,,C/1B/3B/OF/UTIL
116782-82555,SS/2B/3B/OF,Willi,Willi Castro,Castro,6.8478260869565215,23,2600,SF@MIN,MIN,SF,,,,,7,2B/3B/SS/OF/UTIL
116782-119420,C,Ivan,Ivan Herrera,Herrera,18.212499618530273,8,2600,STL@WSH,STL,WSH,,,,,6,C/1B/UTIL
116782-53994,1B,Josh,Josh Bell,Bell,6.830302845348012,33,2600,STL@WSH,WSH,STL,,,,,5,C/1B/UTIL
116782-146160,SS,Ha-Seong,Ha-Seong Kim,Kim,9.21900826446281,121,2600,MIL@TB,TB,MIL,IL,Shoulder,,,0,SS/UTIL
116782-119621,OF,Luis,Luis Matos,Matos,6.729411854463465,17,2600,SF@MIN,SF,MIN,,,,,7,OF/UTIL
116782-189314,OF,Justyn-Henry,Justyn-Henry Malloy,Malloy,6.161290322580645,31,2600,TEX@DET,DET,TEX,,,,,0,OF/UTIL
116782-211919,1B/3B/OF,Eric,Eric Wagaman,Wagaman,7.652941535500919,34,2600,MIA@CWS,MIA,CWS,,,,,,C/1B/3B/OF/UTIL
116782-68582,2B,Brendan,Brendan Rodgers,Rodgers,6.2592592592592595,27,2600,CIN@HOU,HOU,CIN,,,,,,2B/UTIL
116782-68589,2B/3B/OF,Amed,Amed Rosario,Rosario,7.80454531582919,22,2600,STL@WSH,WSH,STL,,,,,0,2B/3B/OF/UTIL
116782-179272,OF/1B/2B,Spencer,Spencer Steer,Steer,8.044117647058824,34,2600,CIN@HOU,CIN,HOU,,,,,6,C/1B/2B/OF/UTIL
116782-21705,2B,Marcus,Marcus Semien,Semien,6.171794793544671,39,2600,TEX@DET,TEX,DET,,,,,5,2B/UTIL
116782-85254,C,Joey,Joey Bart,Bart,7.432257867628528,31,2600,ATL@PIT,PIT,ATL,,,,,,C/1B/UTIL
116782-146697,OF,Garrett,Garrett Mitchell,Mitchell,5.652000122070312,25,2600,MIL@TB,MIL,TB,IL,Oblique,,,0,OF/UTIL
116782-79165,2B/OF,Gavin,Gavin Lux,Lux,8.91891891891892,37,2600,CIN@HOU,CIN,HOU,,,,,5,2B/OF/UTIL
116782-101787,1B/OF,LaMonte,LaMonte Wade Jr.,Wade Jr.,5.637142944335937,35,2600,SF@MIN,SF,MIN,,,,,6,C/1B/OF/UTIL
116782-79267,2B/3B,Andy,Andy Ibanez,Ibanez,6.170370596426505,27,2600,TEX@DET,DET,TEX,,,,,0,2B/3B/UTIL
116782-85504,2B,Brandon,Brandon Lowe,Lowe,7.531428745814732,35,2600,MIL@TB,TB,MIL,,,,,2,2B/UTIL
116782-206383,2B/SS/OF,Brooks,Brooks Baldwin,Baldwin,6.172972808013091,37,2600,MIA@CWS,CWS,MIA,,,,,,2B/SS/OF/UTIL
116782-222846,OF,Cam,Cam Smith,Smith,7.592592592592593,27,2600,CIN@HOU,HOU,CIN,,,,,,OF/UTIL
116782-165544,2B/3B/1B,Lenyn,Lenyn Sosa,Sosa,5.953846075595954,39,2600,MIA@CWS,CWS,MIA,,,,,,C/1B/2B/3B/UTIL
116782-165605,OF,Sal,Sal Frelick,Frelick,8.559459789379224,37,2600,MIL@TB,MIL,TB,,,,,1,OF/UTIL
116782-208716,1B/OF,Zach,Zach Dezenzo,Dezenzo,7.885714576357887,21,2600,CIN@HOU,HOU,CIN,,,,,,C/1B/OF/UTIL
116782-102288,OF,Drew,Drew Waters,Waters,7.2928570338657925,28,2600,BOS@KC,KC,BOS,,,,,7,OF/UTIL
116782-102418,OF,Eli,Eli White,White,7.899999803112399,31,2500,ATL@PIT,ATL,PIT,,,,,7,OF/UTIL
116782-79918,C,Kyle,Kyle Higashioka,Higashioka,6.623529322007123,17,2500,TEX@DET,TEX,DET,IL,Ribs,,,0,C/1B/UTIL
116782-102577,2B/3B/OF,Santiago,Santiago Espinal,Espinal,6.571875095367432,32,2500,CIN@HOU,CIN,HOU,,,,,9,2B/3B/OF/UTIL
116782-172216,3B/1B,David,David Villar,Villar,6.1200000762939455,5,2500,SF@MIN,SF,MIN,,,,,0,C/1B/3B/UTIL
116782-170350,OF,Dairon,Dairon Blanco,Blanco,6.133333206176758,3,2500,BOS@KC,KC,BOS,IL,Achilles,,,0,OF/UTIL
116782-219698,2B/3B,Caleb,Caleb Durbin,Durbin,7.033333188011532,21,2500,MIL@TB,MIL,TB,,,,,9,2B/3B/UTIL
116782-119364,OF,Kameron,Kameron Misner,Misner,7.844118006089154,34,2500,MIL@TB,TB,MIL,,,,,5,OF/UTIL
116782-21074,OF,Michael A.,Michael A. Taylor,Taylor,5.279411764705882,34,2500,MIA@CWS,CWS,MIA,,,,,,OF/UTIL
116782-113309,3B/2B/OF,Josh,Josh Rojas,Rojas,6.733333587646484,6,2500,MIA@CWS,CWS,MIA,,,,,,2B/3B/OF/UTIL
116782-164513,3B/2B/SS,Joey,Joey Ortiz,Ortiz,5.461538461538462,39,2500,MIL@TB,MIL,TB,,,,,8,2B/3B/SS/UTIL
116782-119495,1B,Andrew,Andrew Vaughn,Vaughn,6.652631659256785,38,2500,MIA@CWS,CWS,MIA,,,,,,C/1B/UTIL
116782-154422,OF/3B,Matt,Matt Vierling,Vierling,8.7264897428601,151,2500,TEX@DET,DET,TEX,IL,Shoulder,,,0,3B/OF/UTIL
116782-185303,SS/2B/3B/OF,Jose,Jose Caballero,Caballero,7.583871164629536,31,2500,MIL@TB,TB,MIL,,,,,6,2B/3B/SS/OF/UTIL
116782-13303,C,Yasmani,Yasmani Grandal,Grandal,7.036986468589469,73,2500,BOS@KC,BOS,KC,,,,,0,C/1B/UTIL
116782-197762,C,Carlos,Carlos Narvaez,Narvaez,8.677777890805844,27,2500,BOS@KC,BOS,KC,,,,,8,C/1B/UTIL
116782-60636,OF,Derek,Derek Hill,Hill,8.990909229625355,11,2500,MIA@CWS,MIA,CWS,IL,Wrist,,,,OF/UTIL
116782-83173,C,Jose,Jose Trevino,Trevino,7.931034482758621,29,2500,CIN@HOU,CIN,HOU,,,,,7,C/1B/UTIL
116782-83182,C/OF,Eric,Eric Haase,Haase,6.246153611403245,13,2500,MIL@TB,MIL,TB,,,,,0,C/1B/OF/UTIL
116782-83191,C,Austin,Austin Wynns,Wynns,10.335714067731585,14,2500,CIN@HOU,CIN,HOU,,,,,0,C/1B/UTIL
116782-197908,C,Pedro,Pedro Pages,Pages,7.675862279431573,29,2500,STL@WSH,STL,WSH,,,,,0,C/1B/UTIL
116782-79216,3B,Ke'Bryan,Ke'Bryan Hayes,Hayes,6.62105279219778,38,2500,ATL@PIT,PIT,ATL,,,,,,3B/UTIL
116782-181642,2B/OF/1B,Enmanuel,Enmanuel Valdez,Valdez,6.335483674080141,31,2500,ATL@PIT,PIT,ATL,IL,Shoulder,,,,C/1B/2B/OF/UTIL
116782-38299,OF,Kevin,Kevin Pillar,Pillar,4.094444274902344,18,2500,TEX@DET,TEX,DET,IL,Back,,,0,OF/UTIL
116782-173548,2B,Michael,Michael Massey,Massey,5.033333248562283,36,2500,BOS@KC,KC,BOS,,,,,6,2B/UTIL
116782-165557,1B/2B,Colt,Colt Keith,Keith,7.151351516311233,37,2500,TEX@DET,DET,TEX,,,,,3,C/1B/2B/UTIL
116782-165583,C,Edgar,Edgar Quero,Quero,6.8599998474121096,20,2500,MIA@CWS,CWS,MIA,,,,,,C/1B/UTIL
116782-165633,SS,Trey,Trey Sweeney,Sweeney,8.156410412910658,39,2500,TEX@DET,DET,TEX,,,,,0,SS/UTIL
116782-163668,OF/2B/3B,Richie,Richie Palacios,Palacios,21.200000762939453,1,2500,MIL@TB,TB,MIL,IL,Knee,,,0,2B/3B/OF/UTIL
116782-135190,SS,Taylor,Taylor Walls,Walls,6.294285801478795,35,2400,MIL@TB,TB,MIL,,,,,8,SS/UTIL
116782-102591,OF,Jake,Jake Fraley,Fraley,7.532142639160156,28,2400,CIN@HOU,CIN,HOU,IL,Calf,,,0,OF/UTIL
116782-209172,1B,Andres,Andres Chaparro,Chaparro,8.481817996863162,33,2400,STL@WSH,WSH,STL,IL,Oblique,,,0,C/1B/UTIL
116782-119326,3B/OF,Rece,Rece Hinds,Hinds,7.800000190734863,4,2400,CIN@HOU,CIN,HOU,,,,,0,3B/OF/UTIL
116782-119341,OF,Wenceel,Wenceel Perez,Perez,7.774576478085275,118,2400,TEX@DET,DET,TEX,IL,Back,,,0,OF/UTIL
116782-119366,OF/1B,Jerar,Jerar Encarnacion,Encarnacion,7.802857317243304,35,2400,SF@MIN,SF,MIN,IL,Hand,,,0,C/1B/OF/UTIL
116782-80462,SS/3B,Paul,Paul DeJong,DeJong,5.162499904632568,16,2400,STL@WSH,WSH,STL,IL,Orbital,,,0,3B/SS/UTIL
116782-82586,OF,MJ,MJ Melendez,Melendez,3.456249952316284,16,2400,BOS@KC,KC,BOS,,,,,0,OF/UTIL
116782-82655,C,Danny,Danny Jansen,Jansen,5.148148148148148,27,2400,MIL@TB,TB,MIL,,,,,9,C/1B/UTIL
116782-211756,SS/2B/OF,Javier,Javier Sanoja,Sanoja,6,28,2400,MIA@CWS,MIA,CWS,,,,,,2B/SS/OF/UTIL
116782-80848,C,Victor,Victor Caratini,Caratini,6.989473844829359,19,2400,CIN@HOU,HOU,CIN,,,,,,C/1B/UTIL
116782-13487,OF,Tommy,Tommy Pham,Pham,5.2363637288411455,33,2400,ATL@PIT,PIT,ATL,DTD,Illness,,,,OF/UTIL
116782-70898,2B/3B/OF,Adam,Adam Frazier,Frazier,5.945945945945946,37,2400,ATL@PIT,PIT,ATL,,,,,,2B/3B/OF/UTIL
116782-85277,2B/OF/1B/3B,Cavan,Cavan Biggio,Biggio,3.7206897077889276,29,2400,BOS@KC,KC,BOS,,,,,0,C/1B/2B/3B/OF/UTIL
116782-79152,C,Matt,Matt Thaiss,Thaiss,6.651852077907986,27,2400,MIA@CWS,CWS,MIA,,,,,,C/1B/UTIL
116782-136504,C,Patrick,Patrick Bailey,Bailey,4.942857142857143,35,2400,SF@MIN,SF,MIN,,,,,0,C/1B/UTIL
116782-197972,SS/3B/2B,Brooks,Brooks Lee,Lee,5.82,25,2400,SF@MIN,MIN,SF,,,,,4,2B/3B/SS/UTIL
116782-79255,1B/OF,Jake,Jake Bauers,Bauers,6.787499745686849,24,2400,MIL@TB,MIL,TB,,,,,7,C/1B/OF/UTIL
116782-181806,OF,Jonny,Jonny DeLuca,DeLuca,9.144444783528646,9,2400,MIL@TB,TB,MIL,IL,Shoulder,,,0,OF/UTIL
116782-181813,SS/2B,David,David Hamilton,Hamilton,5.483333163791233,18,2400,BOS@KC,BOS,KC,,,,,7,2B/SS/UTIL
116782-181851,3B/2B/1B/SS,Jared,Jared Triolo,Triolo,3.40000005868765,26,2400,ATL@PIT,PIT,ATL,,,,,,C/1B/2B/3B/SS/UTIL
116782-222858,C,Drake,Drake Baldwin,Baldwin,6.630434782608695,23,2400,ATL@PIT,ATL,PIT,,,,,5,C/1B/UTIL
116782-165693,OF/1B,Alec,Alec Burleson,Burleson,6.375,36,2400,STL@WSH,STL,WSH,,,,,0,C/1B/OF/UTIL
116782-163672,3B/1B,Jonah,Jonah Bride,Bride,3.8043478260869565,23,2400,SF@MIN,MIN,SF,,,,,0,C/1B/3B/UTIL
116782-159624,C,Yohel,Yohel Pozo,Pozo,7.2727272727272725,11,2400,STL@WSH,STL,WSH,,,,,7,C/1B/UTIL
116782-102402,OF,Alexander,Alexander Canario,Canario,4.816666497124566,18,2300,ATL@PIT,PIT,ATL,,,,,,OF/UTIL
116782-102413,1B,Luken,Luken Baker,Baker,3.7157893933747945,19,2300,STL@WSH,STL,WSH,,,,,0,C/1B/UTIL
116782-102485,OF,Kyle,Kyle Isbel,Isbel,5.638888888888889,36,2300,BOS@KC,KC,BOS,,,,,9,OF/UTIL
116782-102504,C,Connor,Connor Wong,Wong,3.507692190317007,13,2300,BOS@KC,BOS,KC,,,,,0,C/1B/UTIL
116782-135284,C,Riley,Riley Adams,Adams,7.399999830457899,9,2300,STL@WSH,WSH,STL,,,,,9,C/1B/UTIL
116782-102578,OF,Griffin,Griffin Conine,Conine,8.075,20,2300,MIA@CWS,MIA,CWS,IL,Shoulder,,,,OF/UTIL
116782-80485,OF,Austin,Austin Slater,Slater,4.987500190734863,8,2300,MIA@CWS,CWS,MIA,IL,Knee,,,,OF/UTIL
116782-226041,OF/1B,Matt,Matt Gorski,Gorski,4.320000076293946,10,2300,ATL@PIT,PIT,ATL,,,,,,C/1B/OF/UTIL
116782-211773,OF/2B,Isaac,Isaac Collins,Collins,5.088888662832755,27,2300,MIL@TB,MIL,TB,,,,,0,2B/OF/UTIL
116782-82977,SS/3B/2B,Isiah,Isiah Kiner-Falefa,Kiner-Falefa,7.28999989827474,30,2300,ATL@PIT,PIT,ATL,IL,Hamstring,,,,2B/3B/SS/UTIL
116782-222287,SS/2B,Chase,Chase Meidroth,Meidroth,6.822222391764323,18,2300,MIA@CWS,CWS,MIA,,,,,,2B/SS/UTIL
116782-54401,OF,Manuel,Manuel Margot,Margot,5.283333460489909,6,2300,TEX@DET,DET,TEX,,,,,0,OF/UTIL
116782-21666,OF/1B,Mark,Mark Canha,Canha,4.573684290835732,19,2300,BOS@KC,KC,BOS,,,,,0,C/1B/OF/UTIL
116782-193863,OF,Jacob,Jacob Young,Young,5.985714285714286,35,2300,STL@WSH,WSH,STL,,,,,0,OF/UTIL
116782-79181,2B/OF,Mauricio,Mauricio Dubon,Dubon,4.3478260869565215,23,2300,CIN@HOU,HOU,CIN,,,,,,2B/OF/UTIL
116782-38223,OF,Travis,Travis Jankowski,Jankowski,4.288888719346788,18,2300,MIL@TB,TB,MIL,,,,,7,OF/UTIL
116782-197974,3B,Jace,Jace Jung,Jung,4.18000005086263,15,2300,TEX@DET,DET,TEX,,,,,8,3B/UTIL
116782-21890,SS,Orlando,Orlando Arcia,Arcia,2.361538520226112,13,2300,ATL@PIT,ATL,PIT,,,,,0,SS/UTIL
116782-71182,3B/1B,Jeimer,Jeimer Candelario,Candelario,5.572727203369141,22,2300,CIN@HOU,CIN,HOU,IL,Back,,,0,C/1B/3B/UTIL
116782-13858,C,Christian,Christian Vazquez,Vazquez,3.9900001525878905,20,2300,SF@MIN,MIN,SF,,,,,0,C/1B/UTIL
116782-13864,OF/1B,Joc,Joc Pederson,Pederson,4.147058823529412,34,2300,TEX@DET,TEX,DET,,,,,3,C/1B/OF/UTIL
116782-71217,C,Omar,Omar Narvaez,Narvaez,6.425000190734863,4,2300,MIA@CWS,CWS,MIA,,,,,,C/1B/UTIL
116782-220835,C,Liam,Liam Hicks,Hicks,8.441666920979818,24,2300,MIA@CWS,MIA,CWS,,,,,,C/1B/UTIL
116782-52995,C,Luke,Luke Maile,Maile,13.949999809265137,2,2300,BOS@KC,KC,BOS,,,,,8,C/1B/UTIL
116782-169769,3B/SS/2B,Vinny,Vinny Capra,Capra,2.883333206176758,24,2300,MIL@TB,MIL,TB,,,,,0,2B/3B/SS/UTIL
116782-165712,3B/OF,Dustin,Dustin Harris,Harris,4.206250190734863,16,2300,TEX@DET,TEX,DET,,,,,0,3B/OF/UTIL
116782-102307,2B/SS/OF,Jose,Jose Barrero,Barrero,5.842857360839844,7,2300,STL@WSH,STL,WSH,,,,,0,2B/SS/OF/UTIL
116782-102326,1B/2B/3B/OF,Kody,Kody Clemens,Clemens,2.906666564941406,15,2300,SF@MIN,MIN,SF,,,,,0,C/1B/2B/3B/OF/UTIL
116782-102398,OF,Jarred,Jarred Kelenic,Kelenic,4.278260935907778,23,2300,ATL@PIT,ATL,PIT,,,,,0,OF/UTIL
116782-135194,C,Freddy,Freddy Fermin,Fermin,4.596296239782263,27,2200,BOS@KC,KC,BOS,,,,,0,C/1B/UTIL
116782-135216,OF,Chas,Chas McCormick,McCormick,2.2833333015441895,24,2200,CIN@HOU,HOU,CIN,,,,,,OF/UTIL
116782-82021,C,Tomas,Tomas Nido,Nido,6.1999999152289496,9,2200,TEX@DET,DET,TEX,,,,,0,C/1B/UTIL
116782-135282,OF,Joshua,Joshua Palacios,Palacios,4,27,2200,MIA@CWS,CWS,MIA,,,,,,OF/UTIL
116782-102518,3B/1B,Jose,Jose Miranda,Miranda,4.241666793823242,12,2200,SF@MIN,MIN,SF,,,,,0,C/1B/3B/UTIL
116782-184480,C,Cesar,Cesar Salazar,Salazar,6.615384615384615,13,2200,CIN@HOU,HOU,CIN,,,,,,C/1B/UTIL
116782-198870,OF,Roman,Roman Anthony,Anthony,,0,2200,BOS@KC,BOS,KC,,,,,0,OF/UTIL
116782-209177,C/2B/1B,Mickey,Mickey Gasper,Gasper,3.676470588235294,17,2200,SF@MIN,MIN,SF,,,,,0,C/1B/2B/UTIL
116782-119346,C,Korey,Korey Lee,Lee,4.4555553860134545,9,2200,MIA@CWS,CWS,MIA,IL,Ankle,,,,C/1B/UTIL
116782-119365,SS/2B,Nasim,Nasim Nunez,Nunez,4.850000108991351,14,2200,STL@WSH,WSH,STL,,,,,0,2B/SS/UTIL
116782-199342,3B,Graham,Graham Pauley,Pauley,4.650000138716265,22,2200,MIA@CWS,MIA,CWS,,,,,,3B/UTIL
116782-21172,1B/2B/3B,Brandon,Brandon Drury,Drury,4.8051547020981,97,2200,MIA@CWS,CWS,MIA,IL,Thumb,,,,C/1B/2B/3B/UTIL
116782-54068,OF,Hunter,Hunter Renfroe,Renfroe,2.9806452105122228,31,2200,BOS@KC,KC,BOS,,,,,0,OF/UTIL
116782-183187,1B,Christian,Christian Encarnacion-Strand,Encarnacion-Strand,5.820000203450521,15,2200,CIN@HOU,CIN,HOU,IL,Back,,,0,C/1B/UTIL
116782-211906,3B/2B/SS,Thomas,Thomas Saggese,Saggese,7.592857360839844,14,2200,STL@WSH,STL,WSH,,,,,0,2B/3B/SS/UTIL
116782-38040,OF,Eddie,Eddie Rosario,Rosario,1.2399999618530273,5,2200,ATL@PIT,ATL,PIT,,,,,0,OF/UTIL
116782-197874,2B/3B,Oliver,Oliver Dunn,Dunn,4.985714503696987,14,2200,MIL@TB,MIL,TB,,,,,0,2B/3B/UTIL
116782-146715,C/1B,Endy,Endy Rodriguez,Rodriguez,4.520000203450521,15,2200,ATL@PIT,PIT,ATL,IL,Finger,,,,C/1B/UTIL
116782-79190,C,Ben,Ben Rortvedt,Rortvedt,2.7722223069932728,18,2200,MIL@TB,TB,MIL,,,,,0,C/1B/UTIL
116782-165550,2B/3B/SS,Ryan,Ryan Kreidler,Kreidler,3.0588235294117645,17,2200,TEX@DET,DET,TEX,,,,,0,2B/3B/SS/UTIL
116782-165556,3B,Gage,Gage Workman,Workman,2.3333333333333335,12,2200,MIA@CWS,CWS,MIA,IL,Hip,,,,3B/UTIL
116782-202502,OF,Blake,Blake Dunn,Dunn,4.983333333333333,30,2200,CIN@HOU,CIN,HOU,,,,,0,OF/UTIL
116782-165686,3B/SS/2B/1B,Casey,Casey Schmitt,Schmitt,3.9000000953674316,8,2200,SF@MIN,SF,MIN,IL,Oblique,,,0,C/1B/2B/3B/SS/UTIL
116782-165701,3B/2B/1B,Curtis,Curtis Mead,Mead,2.7192306518554688,26,2200,MIL@TB,TB,MIL,,,,,0,C/1B/2B/3B/UTIL
116782-165710,OF,Evan,Evan Carter,Carter,6.179999923706054,5,2200,TEX@DET,TEX,DET,,,,,6,OF/UTIL
116782-163671,3B,Jose,Jose Tena,Tena,5.509523664202009,21,2200,STL@WSH,WSH,STL,,,,,8,3B/UTIL
116782-161677,C,Nick,Nick Fortes,Fortes,5.354545593261719,11,2200,MIA@CWS,MIA,CWS,,,,,,C/1B/UTIL
116782-102295,OF,Stuart,Stuart Fairchild,Fairchild,1.6400000254313152,15,2200,ATL@PIT,ATL,PIT,,,,,0,OF/UTIL
116782-198658,OF,Ronny,Ronny Simon,Simon,4.799999930641868,11,2100,MIA@CWS,MIA,CWS,,,,,,OF/UTIL
116782-102588,OF,Brewer,Brewer Hicklen,Hicklen,21.399999618530273,1,2100,TEX@DET,DET,TEX,,,,,0,OF/UTIL
116782-135524,OF/2B,Austin,Austin Martin,Martin,5.78494623655914,93,2100,SF@MIN,MIN,SF,IL,Hamstring,,,0,2B/OF/UTIL
116782-119325,2B/OF,Tyler,Tyler Callihan,Callihan,1.625,4,2100,CIN@HOU,CIN,HOU,IL,Forearm,,,0,2B/OF/UTIL
116782-119351,SS/2B/3B,Jake,Jake Amaya,Amaya,2.5843749046325684,32,2100,MIA@CWS,CWS,MIA,,,,,,2B/3B/SS/UTIL
116782-119404,2B/3B,Nick,Nick Maton,Maton,4.32,25,2100,MIA@CWS,CWS,MIA,,,,,,2B/3B/UTIL
116782-82570,1B,Jake,Jake Burger,Burger,6.686666870117188,30,2100,TEX@DET,TEX,DET,,,,,0,C/1B/UTIL
116782-119439,C,Sam,Sam Huff,Huff,4.530769348144531,13,2100,SF@MIN,SF,MIN,,,,,8,C/1B/UTIL
116782-82596,C,Jake,Jake Rogers,Rogers,6.599999745686849,6,2100,TEX@DET,DET,TEX,IL,Oblique,,,0,C/1B/UTIL
116782-211631,OF,DaShawn,DaShawn Keirsey Jr.,Keirsey Jr.,1.2133333841959635,30,2100,SF@MIN,MIN,SF,,,,,0,OF/UTIL
116782-13054,C,Rob,Rob Brantly,Brantly,4.166666666666667,3,2100,MIA@CWS,MIA,CWS,IL,Lat,,,,C/1B/UTIL
116782-119634,SS/2B,Liover,Liover Peguero,Peguero,1,3,2100,ATL@PIT,PIT,ATL,,,,,,2B/SS/UTIL
116782-119637,3B/OF,Ezequiel,Ezequiel Duran,Duran,1.4111110899183485,9,2100,TEX@DET,TEX,DET,,,,,9,3B/OF/UTIL
116782-187594,2B/3B,Coco,Coco Montes,Montes,1.9,5,2100,MIL@TB,TB,MIL,,,,,0,2B/3B/UTIL
116782-197918,SS,Tsung-Che,Tsung-Che Cheng,Cheng,0,3,2100,ATL@PIT,PIT,ATL,,,,,,SS/UTIL
116782-79136,OF,Daz,Daz Cameron,Cameron,2.7666666242811413,9,2100,MIL@TB,MIL,TB,,,,,0,OF/UTIL
116782-181814,2B,Edouard,Edouard Julien,Julien,6.089655382879849,29,2100,SF@MIN,MIN,SF,,,,,0,2B/UTIL
116782-116339,3B/1B/2B,Abraham,Abraham Toro,Toro,1.2,5,2100,BOS@KC,BOS,KC,,,,,0,C/1B/2B/3B/UTIL
116782-222887,SS/2B,Christian,Christian Koss,Koss,3.25,20,2100,SF@MIN,SF,MIN,,,,,0,2B/SS/UTIL
116782-181990,C/OF,Blake,Blake Sabol,Sabol,2.737499952316284,8,2100,BOS@KC,BOS,KC,,,,,0,C/1B/OF/UTIL
116782-165654,C/OF,Henry,Henry Davis,Davis,4.149999936421712,12,2100,ATL@PIT,PIT,ATL,,,,,,C/1B/OF/UTIL
116782-102309,OF,Michael,Michael Siani,Siani,1.5444444020589192,18,2100,STL@WSH,STL,WSH,,,,,0,OF/UTIL
116782-102380,SS,Nick,Nick Allen,Allen,5.971875190734863,32,2100,ATL@PIT,ATL,PIT,,,,,9,SS/UTIL
116782-102403,SS/2B,Marco,Marco Luciano,Luciano,4.362068965517241,29,2000,SF@MIN,SF,MIN,,,,,0,2B/SS/UTIL
116782-102409,OF,Nick,Nick Schnell,Schnell,,0,2000,STL@WSH,WSH,STL,,,,,0,OF/UTIL
116782-102411,C,Andrew,Andrew Knizner,Knizner,2.9078947368421053,38,2000,STL@WSH,WSH,STL,,,,,0,C/1B/UTIL
116782-102427,3B,Jordan,Jordan Groshans,Groshans,,0,2000,BOS@KC,KC,BOS,,,,,0,3B/UTIL
116782-135207,2B,Alex,Alex De Goti,De Goti,,0,2000,TEX@DET,TEX,DET,,,,,0,2B/UTIL
116782-102453,SS/2B/3B,Zack,Zack Short,Short,3.388372022052144,43,2000,CIN@HOU,HOU,CIN,,,,,,2B/3B/SS/UTIL
116782-102452,OF,Nelson,Nelson Velazquez,Velazquez,7.760937690734863,64,2000,BOS@KC,KC,BOS,,,,,0,OF/UTIL
116782-135242,C,P.J.,P.J. Higgins,Higgins,0,2,2000,CIN@HOU,CIN,HOU,,,,,0,C/1B/UTIL
116782-102472,SS,Raynel,Raynel Delgado,Delgado,,0,2000,MIL@TB,MIL,TB,,,,,0,SS/UTIL
116782-135246,OF,Dominic,Dominic Fletcher,Fletcher,4.406944274902344,72,2000,MIA@CWS,CWS,MIA,,,,,,OF/UTIL
116782-135254,2B,Eddy,Eddy Alvarez,Alvarez,0.8857142584664481,14,2000,ATL@PIT,ATL,PIT,,,,,0,2B/UTIL
116782-135255,C,Brian,Brian Navarreto,Navarreto,,0,2000,MIA@CWS,MIA,CWS,,,,,,C/1B/UTIL
116782-135263,C,Brian,Brian O'Keefe,O'Keefe,,0,2000,BOS@KC,KC,BOS,,,,,0,C/1B/UTIL
116782-102499,SS,Bryson,Bryson Brigman,Brigman,,0,2000,CIN@HOU,CIN,HOU,,,,,0,SS/UTIL
116782-135269,OF,Zach,Zach DeLoach,DeLoach,6.065217391304348,23,2000,MIA@CWS,CWS,MIA,,,,,,OF/UTIL
116782-116841,2B/1B/OF,Sam,Sam Haggerty,Haggerty,4.75,2,2000,TEX@DET,TEX,DET,,,,,0,C/1B/2B/OF/UTIL
116782-102512,OF,Carlos,Carlos Rodriguez,Rodriguez,,0,2000,ATL@PIT,ATL,PIT,,,,,0,OF/UTIL
116782-102520,2B,Yunior,Yunior Severino,Severino,0,1,2000,SF@MIN,MIN,SF,IL,Hamstring,,,0,2B/UTIL
116782-116869,SS,Erick,Erick Mejia,Mejia,,0,2000,STL@WSH,WSH,STL,,,,,0,SS/UTIL
116782-102541,OF,Jared,Jared Oliva,Oliva,,0,2000,MIL@TB,MIL,TB,,,,,0,OF/UTIL
116782-135308,OF,Robert,Robert Hassell III,Hassell III,,0,2000,STL@WSH,WSH,STL,,,,,0,OF/UTIL
116782-184479,OF,Corey,Corey Julks,Julks,5.03582080442514,67,2000,MIA@CWS,CWS,MIA,,,,,,OF/UTIL
116782-102563,3B/2B/SS,Jonathan,Jonathan Ornelas,Ornelas,0.75,4,2000,TEX@DET,TEX,DET,,,,,0,2B/3B/SS/UTIL
116782-102584,C,Tres,Tres Barrera,Barrera,,0,2000,MIL@TB,TB,MIL,,,,,0,C/1B/UTIL
116782-145617,C,David,David Garcia,Garcia,,0,2000,MIL@TB,MIL,TB,,,,,0,C/1B/UTIL
116782-198869,C,Kyle,Kyle Teel,Teel,,0,2000,MIA@CWS,CWS,MIA,,,,,,C/1B/UTIL
116782-194773,C,Logan,Logan Porter,Porter,,0,2000,SF@MIN,SF,MIN,,,,,0,C/1B/UTIL
116782-198878,3B,Sal,Sal Stewart,Stewart,,0,2000,CIN@HOU,CIN,HOU,,,,,0,3B/UTIL
116782-198884,OF,Max,Max Clark,Clark,,0,2000,TEX@DET,DET,TEX,,,,,0,OF/UTIL
116782-198888,OF,Jacob,Jacob Melton,Melton,,0,2000,CIN@HOU,HOU,CIN,,,,,,OF/UTIL
116782-198895,OF,Walker,Walker Jenkins,Jenkins,,0,2000,SF@MIN,MIN,SF,IL,Ankle,,,0,OF/UTIL
116782-198897,3B,Brock,Brock Wilken,Wilken,,0,2000,MIL@TB,MIL,TB,,,,,0,3B/UTIL
116782-198933,SS,Sebastian,Sebastian Walcott,Walcott,,0,2000,TEX@DET,TEX,DET,,,,,0,SS/UTIL
116782-198932,1B,Xavier,Xavier Isaac,Isaac,,0,2000,MIL@TB,TB,MIL,,,,,0,C/1B/UTIL
116782-198937,OF,Bryce,Bryce Eldridge,Eldridge,,0,2000,SF@MIN,SF,MIN,,,,,0,OF/UTIL
116782-170321,C,Brian,Brian Serven,Serven,3.196551618904903,29,2000,TEX@DET,DET,TEX,,,,,0,C/1B/UTIL
116782-194908,SS/2B/3B,Tristan,Tristan Gray,Gray,1.4,15,2000,MIA@CWS,CWS,MIA,,,,,,2B/3B/SS/UTIL
116782-211306,2B,Darren,Darren Baker,Baker,3.355555640326606,9,2000,STL@WSH,WSH,STL,,,,,0,2B/UTIL
116782-211339,C,Logan,Logan Driscoll,Driscoll,3.593333435058594,15,2000,MIL@TB,TB,MIL,IL,Ankle,,,0,C/1B/UTIL
116782-211345,2B,Michael,Michael Helman,Helman,2.3777777353922525,9,2000,STL@WSH,STL,WSH,,,,,0,2B/UTIL
116782-96765,C,Joe,Joe Hudson,Hudson,0,1,2000,CIN@HOU,HOU,CIN,,,,,,C/1B/UTIL
116782-119308,SS,Adam,Adam Hall,Hall,,0,2000,MIL@TB,MIL,TB,,,,,0,SS/UTIL
116782-219661,SS,Jared,Jared Serna,Serna,,0,2000,MIA@CWS,MIA,CWS,,,,,,SS/UTIL
116782-219667,OF,Jhostynxon,Jhostynxon Garcia,Garcia,,0,2000,BOS@KC,BOS,KC,,,,,0,OF/UTIL
116782-219664,OF,Matt,Matt Koperniak,Koperniak,,0,2000,STL@WSH,STL,WSH,,,,,0,OF/UTIL
116782-119327,SS,Ivan,Ivan Johnson,Johnson,,0,2000,CIN@HOU,CIN,HOU,,,,,0,SS/UTIL
116782-207395,C,Eric,Eric Yang,Yang,0,1,2000,CIN@HOU,CIN,HOU,,,,,0,C/1B/UTIL
116782-156226,OF,Pedro,Pedro Leon,Leon,3.4571429661342075,7,2000,CIN@HOU,HOU,CIN,IL,Knee,,,,OF/UTIL
116782-119360,OF,Pablo,Pablo Abreu,Abreu,,0,2000,MIL@TB,MIL,TB,,,,,0,OF/UTIL
116782-119362,SS,Eduardo,Eduardo Garcia,Garcia,,0,2000,MIL@TB,MIL,TB,,,,,0,SS/UTIL
116782-80459,OF,Franchy,Franchy Cordero,Cordero,,0,2000,STL@WSH,WSH,STL,,,,,0,OF/UTIL
116782-119371,2B,Devin,Devin Mann,Mann,,0,2000,SF@MIN,SF,MIN,,,,,0,2B/UTIL
116782-119370,SS,Will,Will Holland,Holland,,0,2000,SF@MIN,MIN,SF,,,,,0,SS/UTIL
116782-82531,C,Andy,Andy Yerzy,Yerzy,,0,2000,STL@WSH,STL,WSH,,,,,0,C/1B/UTIL
116782-119407,OF,Sammy,Sammy Siani,Siani,,0,2000,ATL@PIT,PIT,ATL,,,,,,OF/UTIL
116782-119408,2B/OF,Ji Hwan,Ji Hwan Bae,Bae,3.066666603088379,3,2000,ATL@PIT,PIT,ATL,,,,,,2B/OF/UTIL
116782-119419,OF,Hunter,Hunter Bishop,Bishop,,0,2000,SF@MIN,SF,MIN,,,,,0,OF/UTIL
116782-119418,OF,Jairo,Jairo Pomares,Pomares,,0,2000,SF@MIN,SF,MIN,,,,,0,OF/UTIL
116782-119421,3B,Malcom,Malcom Nunez,Nunez,,0,2000,ATL@PIT,PIT,ATL,,,,,,3B/UTIL
116782-82556,OF,Taylor,Taylor Trammell,Trammell,1.1272726925936611,11,2000,CIN@HOU,HOU,CIN,IL,Calf,,,,OF/UTIL
116782-82558,OF,Conner,Conner Capel,Capel,2.171428544180734,7,2000,ATL@PIT,ATL,PIT,,,,,0,OF/UTIL
116782-82567,1B/OF,Ryan,Ryan Vilade,Vilade,4.027777777777778,18,2000,STL@WSH,STL,WSH,,,,,0,C/1B/OF/UTIL
116782-119436,SS,Maximo,Maximo Acosta,Acosta,,0,2000,MIA@CWS,MIA,CWS,,,,,,SS/UTIL
116782-119440,3B/2B,Davis,Davis Wendzel,Wendzel,1.8714286259242467,28,2000,CIN@HOU,CIN,HOU,,,,,0,2B/3B/UTIL
116782-164502,SS/2B,Vaughn,Vaughn Grissom,Grissom,4.787878787878788,33,2000,BOS@KC,BOS,KC,,,,,0,2B/SS/UTIL
116782-164501,SS,Cal,Cal Conley,Conley,,0,2000,ATL@PIT,ATL,PIT,,,,,0,SS/UTIL
116782-203418,2B/3B/1B/OF,Armando,Armando Alvarez,Alvarez,4.462500095367432,16,2000,SF@MIN,MIN,SF,IL,Ankle,,,0,C/1B/2B/3B/OF/UTIL
116782-119450,OF,Jeremy,Jeremy De La Rosa,De La Rosa,,0,2000,STL@WSH,WSH,STL,,,,,0,OF/UTIL
116782-82589,OF/1B,Nick,Nick Pratto,Pratto,0,2,2000,BOS@KC,KC,BOS,,,,,0,C/1B/OF/UTIL
116782-164508,OF,Jesse,Jesse Franklin,Franklin,,0,2000,ATL@PIT,ATL,PIT,,,,,0,OF/UTIL
116782-164518,2B,Tyler,Tyler McDonough,McDonough,,0,2000,BOS@KC,BOS,KC,IL,Undisclosed,,,0,2B/UTIL
116782-164519,3B,Alex,Alex Binelas,Binelas,,0,2000,BOS@KC,BOS,KC,,,,,0,3B/UTIL
116782-164516,SS,Marcelo,Marcelo Mayer,Mayer,,0,2000,BOS@KC,BOS,KC,,,,,0,SS/UTIL
116782-164526,C,Nathan,Nathan Hickey,Hickey,,0,2000,BOS@KC,BOS,KC,,,,,0,C/1B/UTIL
116782-164531,SS,Kevin,Kevin Made,Made,,0,2000,STL@WSH,WSH,STL,,,,,0,SS/UTIL
116782-82611,OF,Akil,Akil Baddoo,Baddoo,4.246874809265137,32,2000,TEX@DET,DET,TEX,,,,,0,OF/UTIL
116782-82616,2B/3B/SS,Luis,Luis Guillorme,Guillorme,3.858227693581883,79,2000,CIN@HOU,HOU,CIN,,,,,,2B/3B/SS/UTIL
116782-82620,2B,Nick,Nick Solak,Solak,,0,2000,ATL@PIT,PIT,ATL,,,,,,2B/UTIL
116782-207557,2B/SS/3B,Nick,Nick Sogard,Sogard,9.199999809265137,1,2000,BOS@KC,BOS,KC,,,,,6,2B/3B/SS/UTIL
116782-162509,1B/OF,Juan,Juan Yepez,Yepez,8.784127371651786,63,2000,STL@WSH,WSH,STL,,,,,0,C/1B/OF/UTIL
116782-17105,C,Sandy,Sandy Leon,Leon,0,2,2000,ATL@PIT,ATL,PIT,,,,,0,C/1B/UTIL
116782-187103,2B/3B/1B,Andruw,Andruw Monasterio,Monasterio,0,1,2000,MIL@TB,MIL,TB,,,,,0,C/1B/2B/3B/UTIL
116782-82661,OF,Daniel,Daniel Johnson,Johnson,1.600000023841858,2,2000,SF@MIN,SF,MIN,,,,,0,OF/UTIL
116782-17171,C,James,James McCann,McCann,7.277941086713006,68,2000,ATL@PIT,ATL,PIT,,,,,0,C/1B/UTIL
116782-70435,OF,Ben,Ben Gamel,Gamel,5.779487022986779,39,2000,TEX@DET,DET,TEX,IL,Undisclosed,,,0,OF/UTIL
116782-209703,OF,Grant,Grant McCray,McCray,7.17837854333826,37,2000,SF@MIN,SF,MIN,,,,,0,OF/UTIL
116782-199466,3B/1B,Trey,Trey Lipscomb,Lipscomb,3.066666603088379,3,2000,STL@WSH,WSH,STL,,,,,0,C/1B/3B/UTIL
116782-193328,OF,Wade,Wade Meckler,Meckler,0,2,2000,SF@MIN,SF,MIN,,,,,0,OF/UTIL
116782-211774,1B/OF,Billy,Billy Cook,Cook,7.25,16,2000,ATL@PIT,PIT,ATL,,,,,,C/1B/OF/UTIL
116782-119627,OF,Erick,Erick Pena,Pena,,0,2000,BOS@KC,KC,BOS,,,,,0,OF/UTIL
116782-119626,OF,Hudson,Hudson Head,Head,,0,2000,ATL@PIT,PIT,ATL,,,,,,OF/UTIL
116782-119633,OF,Misael,Misael Urbina,Urbina,,0,2000,SF@MIN,MIN,SF,,,,,0,OF/UTIL
116782-119632,OF,Hedbert,Hedbert Perez,Perez,,0,2000,MIL@TB,MIL,TB,,,,,0,OF/UTIL
116782-174963,SS,Charles,Charles Leblanc,Leblanc,8.290908813476562,11,2000,ATL@PIT,ATL,PIT,IL,Undisclosed,,,0,SS/UTIL
116782-203641,SS,Levi,Levi Jordan,Jordan,1.8142856870378767,7,2000,CIN@HOU,CIN,HOU,,,,,0,SS/UTIL
116782-82824,1B,Mike,Mike Ford,Ford,3.600000080309416,19,2000,SF@MIN,MIN,SF,,,,,0,C/1B/UTIL
116782-52157,C,Tom,Tom Murphy,Murphy,3.7571427481515065,14,2000,SF@MIN,SF,MIN,IL,Back,,,0,C/1B/UTIL
116782-13262,OF,Jurickson,Jurickson Profar,Profar,4.599999904632568,4,2000,ATL@PIT,ATL,PIT,NA,Suspension,,,0,OF/UTIL
116782-13304,C,Tucker,Tucker Barnhart,Barnhart,4,3,2000,TEX@DET,TEX,DET,,,,,0,C/1B/UTIL
116782-97291,2B,Harold,Harold Castro,Castro,,0,2000,BOS@KC,KC,BOS,,,,,0,2B/UTIL
116782-171037,C,Jason,Jason Delay,Delay,6.400000095367432,8,2000,ATL@PIT,ATL,PIT,,,,,0,C/1B/UTIL
116782-222286,OF,Braden,Braden Montgomery,Montgomery,,0,2000,MIA@CWS,CWS,MIA,,,,,,OF/UTIL
116782-13436,C,Max,Max Stassi,Stassi,0,1,2000,SF@MIN,SF,MIN,,,,,0,C/1B/UTIL
116782-197761,C,Jair,Jair Camargo,Camargo,1.0333333015441895,6,2000,SF@MIN,MIN,SF,,,,,0,C/1B/UTIL
116782-81046,1B,Garrett,Garrett Cooper,Cooper,4.883783701303843,37,2000,ATL@PIT,ATL,PIT,,,,,0,C/1B/UTIL
116782-195795,C,Chandler,Chandler Seagle,Seagle,,0,2000,ATL@PIT,ATL,PIT,,,,,0,C/1B/UTIL
116782-79075,SS,Kevin,Kevin Maitan,Maitan,,0,2000,SF@MIN,MIN,SF,,,,,0,SS/UTIL
116782-83174,3B,Sergio,Sergio Alcantara,Alcantara,0,2,2000,SF@MIN,SF,MIN,,,,,0,3B/UTIL
116782-146671,OF,Austin,Austin Hendrick,Hendrick,,0,2000,CIN@HOU,CIN,HOU,,,,,0,OF/UTIL
116782-146668,2B,Nick,Nick Yorke,Yorke,8.754545731977982,11,2000,ATL@PIT,PIT,ATL,,,,,,2B/UTIL
116782-146675,3B,Blaze,Blaze Jordan,Jordan,,0,2000,BOS@KC,BOS,KC,,,,,0,3B/UTIL
116782-79093,OF,Eloy,Eloy Jimenez,Jimenez,5.833333333333333,99,2000,MIL@TB,TB,MIL,,,,,0,OF/UTIL
116782-197883,OF,Kenedy,Kenedy Corona,Corona,0,1,2000,CIN@HOU,HOU,CIN,,,,,,OF/UTIL
116782-146686,OF,Colin,Colin Barber,Barber,,0,2000,CIN@HOU,HOU,CIN,,,,,,OF/UTIL
116782-146685,OF,Daniel,Daniel Cabrera,Cabrera,,0,2000,TEX@DET,DET,TEX,,,,,0,OF/UTIL
116782-146690,3B/2B/1B,Nick,Nick Loftin,Loftin,4.620689655172414,58,2000,BOS@KC,KC,BOS,,,,,0,C/1B/2B/3B/UTIL
116782-197895,OF,Tyler,Tyler Gentry,Gentry,0,4,2000,BOS@KC,KC,BOS,,,,,0,OF/UTIL
116782-146703,1B,Aaron,Aaron Sabato,Sabato,,0,2000,SF@MIN,MIN,SF,,,,,0,C/1B/UTIL
116782-79119,OF,Will,Will Benson,Benson,6.349999904632568,2,2000,CIN@HOU,CIN,HOU,,,,,8,OF/UTIL
116782-146700,SS,Freddy,Freddy Zamora,Zamora,,0,2000,MIL@TB,MIL,TB,,,,,0,SS/UTIL
116782-85274,OF,DJ,DJ Stewart,Stewart,4.864473844829359,76,2000,ATL@PIT,PIT,ATL,,,,,,OF/UTIL
116782-197912,OF,Jacob,Jacob Hurtubise,Hurtubise,1.8000000317891438,12,2000,CIN@HOU,CIN,HOU,,,,,0,OF/UTIL
116782-13596,OF,Trayce,Trayce Thompson,Thompson,0,3,2000,BOS@KC,BOS,KC,,,,,0,OF/UTIL
116782-146718,SS,Casey,Casey Martin,Martin,,0,2000,MIL@TB,MIL,TB,,,,,0,SS/UTIL
116782-197917,OF,Victor,Victor Mesa Jr.,Mesa Jr.,0,2,2000,MIA@CWS,MIA,CWS,IL,Hamstring,,,,OF/UTIL
116782-146731,SS/2B,Alika,Alika Williams,Williams,4.191892056851773,37,2000,ATL@PIT,PIT,ATL,,,,,,2B/SS/UTIL
116782-146735,OF,Roismar,Roismar Quintana,Quintana,,0,2000,STL@WSH,WSH,STL,,,,,0,OF/UTIL
116782-79153,2B/OF,Jahmai,Jahmai Jones,Jones,3.0171428135463167,35,2000,TEX@DET,DET,TEX,,,,,0,2B/OF/UTIL
116782-146738,2B,Justin,Justin Foscue,Foscue,1.756250023841858,16,2000,TEX@DET,TEX,DET,,,,,0,2B/UTIL
116782-38196,1B,Jake,Jake Lamb,Lamb,0,1,2000,SF@MIN,SF,MIN,,,,,0,C/1B/UTIL
116782-79156,SS/2B,David,David Fletcher,Fletcher,2.1666666666666665,6,2000,ATL@PIT,ATL,PIT,,,,,0,2B/SS/UTIL
116782-181596,2B/3B,Jose,Jose Fermin,Fermin,2.434042585656998,47,2000,STL@WSH,STL,WSH,,,,,0,2B/3B/UTIL
116782-38276,OF,Albert,Albert Almora,Almora,0,2,2000,MIA@CWS,MIA,CWS,,,,,,OF/UTIL
116782-152972,2B/OF,Luke,Luke Williams,Williams,3,2,2000,ATL@PIT,ATL,PIT,,,,,0,2B/OF/UTIL
116782-79279,OF,Andrew,Andrew Stevenson,Stevenson,,0,2000,MIL@TB,TB,MIL,,,,,0,OF/UTIL
116782-101807,C,Seby,Seby Zavala,Zavala,3.2526315387926603,19,2000,BOS@KC,BOS,KC,IL,Oblique,,,0,C/1B/UTIL
116782-38324,C,Jorge,Jorge Alfaro,Alfaro,,0,2000,MIL@TB,MIL,TB,,,,,0,C/1B/UTIL
116782-101821,1B,Edwin,Edwin Rios,Rios,1.8399999618530274,5,2000,CIN@HOU,CIN,HOU,,,,,0,C/1B/UTIL
116782-171482,1B,Bligh,Bligh Madris,Madris,6.338095528738839,21,2000,TEX@DET,DET,TEX,,,,,0,C/1B/UTIL
116782-136673,C,Mark,Mark Kolozsvary,Kolozsvary,0,2,2000,BOS@KC,BOS,KC,,,,,0,C/1B/UTIL
116782-173546,OF,Nate,Nate Eaton,Eaton,0,1,2000,BOS@KC,BOS,KC,,,,,0,OF/UTIL
116782-226808,1B,Blaine,Blaine Crim,Crim,1.8399999618530274,5,2000,TEX@DET,TEX,DET,,,,,0,C/1B/UTIL
116782-226832,1B,Tim,Tim Elko,Elko,0,1,2000,MIA@CWS,CWS,MIA,,,,,,C/1B/UTIL
116782-226840,OF,Carson,Carson McCusker,McCusker,,0,2000,SF@MIN,MIN,SF,,,,,0,OF/UTIL
116782-181790,OF,Diego,Diego Hernandez,Hernandez,,0,2000,BOS@KC,KC,BOS,IL,Undisclosed,,,0,OF/UTIL
116782-181820,OF/2B/SS,Brett,Brett Wisely,Wisely,2.549999952316284,4,2000,SF@MIN,SF,MIN,,,,,9,2B/SS/OF/UTIL
116782-222781,3B,Cam,Cam Collier,Collier,,0,2000,CIN@HOU,CIN,HOU,IL,Thumb,,,0,3B/UTIL
116782-222780,SS,Starlyn,Starlyn Caba,Caba,,0,2000,MIA@CWS,MIA,CWS,IL,Undisclosed,,,,SS/UTIL
116782-181824,SS,Osleivis,Osleivis Basabe,Basabe,0,1,2000,SF@MIN,SF,MIN,,,,,0,SS/UTIL
116782-222785,2B,Luke,Luke Keaschall,Keaschall,14.400000435965401,7,2000,SF@MIN,MIN,SF,IL,Forearm,,,0,2B/UTIL
116782-167500,OF,Joey,Joey Wiemer,Wiemer,1.4476190294538225,21,2000,BOS@KC,KC,BOS,,,,,0,OF/UTIL
116782-222806,1B,Jac,Jac Caglianone,Caglianone,,0,2000,BOS@KC,KC,BOS,,,,,0,C/1B/UTIL
116782-222805,C,Blake,Blake Mitchell,Mitchell,,0,2000,BOS@KC,KC,BOS,IL,Wrist,,,0,C/1B/UTIL
116782-222811,SS,Bryce,Bryce Rainer,Rainer,,0,2000,TEX@DET,DET,TEX,,,,,0,SS/UTIL
116782-222810,SS,Kevin,Kevin McGonigle,McGonigle,,0,2000,TEX@DET,DET,TEX,IL,Ankle,,,0,SS/UTIL
116782-222809,C,Josue,Josue Briceno,Briceno,,0,2000,TEX@DET,DET,TEX,,,,,0,C/1B/UTIL
116782-222808,C,Thayron,Thayron Liranzo,Liranzo,,0,2000,TEX@DET,DET,TEX,,,,,0,C/1B/UTIL
116782-222815,3B,Mike,Mike Boeve,Boeve,,0,2000,MIL@TB,MIL,TB,IL,Shoulder,,,0,3B/UTIL
116782-181856,3B,Andre,Andre Lipcius,Lipcius,,0,2000,MIA@CWS,CWS,MIA,,,,,,3B/UTIL
116782-222817,SS,Jesus,Jesus Made,Made,,0,2000,MIL@TB,MIL,TB,,,,,0,SS/UTIL
116782-222816,SS,Cooper,Cooper Pratt,Pratt,,0,2000,MIL@TB,MIL,TB,,,,,0,SS/UTIL
116782-222823,SS,Konnor,Konnor Griffin,Griffin,,0,2000,ATL@PIT,PIT,ATL,,,,,,SS/UTIL
116782-222827,SS,Franklin,Franklin Arias,Arias,,0,2000,BOS@KC,BOS,KC,,,,,0,SS/UTIL
116782-222826,SS,Yoeilin,Yoeilin Cespedes,Cespedes,,0,2000,BOS@KC,BOS,KC,,,,,0,SS/UTIL
116782-222824,2B,Termarr,Termarr Johnson,Johnson,,0,2000,ATL@PIT,PIT,ATL,,,,,,2B/UTIL
116782-222831,SS,Jackson,Jackson Cluff,Cluff,,0,2000,STL@WSH,WSH,STL,,,,,0,SS/UTIL
116782-222829,SS,Seaver,Seaver King,King,,0,2000,STL@WSH,WSH,STL,,,,,0,SS/UTIL
116782-222835,C,Jimmy,Jimmy Crooks,Crooks,,0,2000,STL@WSH,STL,WSH,,,,,0,C/1B/UTIL
116782-222836,SS,JJ,JJ Wetherholt,Wetherholt,,0,2000,STL@WSH,STL,WSH,,,,,0,SS/UTIL
116782-222845,SS,Brice,Brice Matthews,Matthews,,0,2000,CIN@HOU,HOU,CIN,,,,,,SS/UTIL
116782-222851,C,Dominic,Dominic Keegan,Keegan,,0,2000,MIL@TB,TB,MIL,IL,Elbow,,,0,C/1B/UTIL
116782-222850,3B,Brayden,Brayden Taylor,Taylor,,0,2000,MIL@TB,TB,MIL,,,,,0,3B/UTIL
116782-165510,OF,Jay,Jay Allen,Allen,,0,2000,CIN@HOU,CIN,HOU,,,,,0,OF/UTIL
116782-165511,C,Mat,Mat Nelson,Nelson,,0,2000,CIN@HOU,CIN,HOU,,,,,0,C/1B/UTIL
116782-222853,1B,Tre',Tre' Morgan,Morgan,,0,2000,MIL@TB,TB,MIL,,,,,0,C/1B/UTIL
116782-222852,OF,Theo,Theo Gillen,Gillen,,0,2000,MIL@TB,TB,MIL,,,,,0,OF/UTIL
116782-165515,OF,Malvin,Malvin Valdez,Valdez,,0,2000,CIN@HOU,CIN,HOU,,,,,0,OF/UTIL
116782-165516,C,Daniel,Daniel Vellojin,Vellojin,,0,2000,MIL@TB,TB,MIL,,,,,0,C/1B/UTIL
116782-165517,OF,Ariel,Ariel Almonte,Almonte,,0,2000,CIN@HOU,CIN,HOU,,,,,0,OF/UTIL
116782-165535,SS,Colson,Colson Montgomery,Montgomery,,0,2000,MIA@CWS,CWS,MIA,,,,,,SS/UTIL
116782-165533,3B,Wes,Wes Kath,Kath,,0,2000,MIA@CWS,CWS,MIA,,,,,,3B/UTIL
116782-165540,3B,Bryan,Bryan Ramos,Ramos,6.063636548591383,33,2000,MIA@CWS,CWS,MIA,,,,,,3B/UTIL
116782-165548,SS,Cristian,Cristian Santana,Santana,,0,2000,TEX@DET,DET,TEX,,,,,0,SS/UTIL
116782-165549,OF,Roberto,Roberto Campos,Campos,,0,2000,TEX@DET,DET,TEX,,,,,0,OF/UTIL
116782-165554,SS,Trei,Trei Cruz,Cruz,,0,2000,TEX@DET,DET,TEX,,,,,0,SS/UTIL
116782-165555,SS,Abel,Abel Bastidas,Bastidas,,0,2000,TEX@DET,DET,TEX,,,,,0,SS/UTIL
116782-165552,3B,Izaac,Izaac Pacheco,Pacheco,,0,2000,TEX@DET,DET,TEX,,,,,0,3B/UTIL
116782-165558,OF,Tyler,Tyler Whitaker,Whitaker,,0,2000,CIN@HOU,HOU,CIN,,,,,,OF/UTIL
116782-222902,2B,Tyler,Tyler Tolbert,Tolbert,3.507692190317007,13,2000,BOS@KC,KC,BOS,,,,,0,2B/UTIL
116782-165563,SS,Cristian,Cristian Gonzalez,Gonzalez,,0,2000,CIN@HOU,HOU,CIN,,,,,,SS/UTIL
116782-165567,3B/2B,Shay,Shay Whitcomb,Whitcomb,3.584999847412109,20,2000,CIN@HOU,HOU,CIN,,,,,,2B/3B/UTIL
116782-165565,2B,Peyton,Peyton Wilson,Wilson,,0,2000,BOS@KC,KC,BOS,,,,,0,2B/UTIL
116782-202433,2B/OF,Jamie,Jamie Westbrook,Westbrook,4.490476335797991,21,2000,MIL@TB,TB,MIL,,,,,0,2B/OF/UTIL
116782-165574,SS,Daniel,Daniel Vazquez,Vazquez,,0,2000,BOS@KC,KC,BOS,,,,,0,SS/UTIL
116782-165579,C,Carter,Carter Jensen,Jensen,,0,2000,BOS@KC,KC,BOS,,,,,0,C/1B/UTIL
116782-198359,3B,Deyvison,Deyvison De Los Santos,De Los Santos,0,2,2000,MIA@CWS,MIA,CWS,,,,,,3B/UTIL
116782-165602,C,Joe,Joe Mack,Mack,,0,2000,MIA@CWS,MIA,CWS,,,,,,C/1B/UTIL
116782-165603,SS,Yiddi,Yiddi Cappe,Cappe,,0,2000,MIA@CWS,MIA,CWS,,,,,,SS/UTIL
116782-165601,SS,Jose,Jose Salas,Salas,,0,2000,SF@MIN,MIN,SF,,,,,0,SS/UTIL
116782-165606,1B/3B/OF,Tyler,Tyler Black,Black,5.433333502875434,18,2000,MIL@TB,MIL,TB,IL,Hand,,,0,C/1B/3B/OF/UTIL
116782-165607,SS,Jordan,Jordan McCants,McCants,,0,2000,MIA@CWS,MIA,CWS,,,,,,SS/UTIL
116782-165604,C,Jeferson,Jeferson Quero,Quero,,0,2000,MIL@TB,MIL,TB,IL,Hamstring,,,0,C/1B/UTIL
116782-165610,3B,Zavier,Zavier Warren,Warren,,0,2000,MIL@TB,MIL,TB,,,,,0,3B/UTIL
116782-165608,2B,Cody,Cody Morissette,Morissette,,0,2000,MIA@CWS,MIA,CWS,,,,,,2B/UTIL
116782-165622,SS,Jheremy,Jheremy Vargas,Vargas,,0,2000,MIL@TB,MIL,TB,,,,,0,SS/UTIL
116782-165626,OF,Emmanuel,Emmanuel Rodriguez,Rodriguez,0,1,2000,SF@MIN,MIN,SF,,,,,0,OF/UTIL
116782-206608,SS/2B,Nacho,Nacho Alvarez Jr.,Alvarez Jr.,2.2750000953674316,8,2000,ATL@PIT,ATL,PIT,IL,Wrist,,,0,2B/SS/UTIL
116782-165652,OF,Yhoswar,Yhoswar Garcia,Garcia,,0,2000,MIL@TB,MIL,TB,,,,,0,OF/UTIL
116782-165658,SS,Maikol,Maikol Escotto,Escotto,,0,2000,ATL@PIT,PIT,ATL,,,,,,SS/UTIL
116782-165656,OF,Lonnie,Lonnie White,White,,0,2000,ATL@PIT,PIT,ATL,,,,,,OF/UTIL
116782-165663,SS,Victor,Victor Acosta,Acosta,,0,2000,CIN@HOU,CIN,HOU,,,,,0,SS/UTIL
116782-165667,OF,Samuel,Samuel Zavala,Zavala,,0,2000,MIA@CWS,CWS,MIA,,,,,,OF/UTIL
116782-165669,2B,Max,Max Ferguson,Ferguson,,0,2000,BOS@KC,BOS,KC,,,,,0,2B/UTIL
116782-165675,SS,Edwin,Edwin Arroyo,Arroyo,,0,2000,CIN@HOU,CIN,HOU,,,,,0,SS/UTIL
116782-165683,OF,Gabriel,Gabriel Gonzalez,Gonzalez,,0,2000,SF@MIN,MIN,SF,,,,,0,OF/UTIL
116782-165685,SS,Aeverson,Aeverson Arteaga,Arteaga,,0,2000,SF@MIN,SF,MIN,,,,,0,SS/UTIL
116782-165690,C,Brett,Brett Auerbach,Auerbach,,0,2000,SF@MIN,SF,MIN,,,,,0,C/1B/UTIL
116782-165688,C,Ricardo,Ricardo Genoves,Genoves,,0,2000,MIL@TB,TB,MIL,,,,,0,C/1B/UTIL
116782-165692,OF,Joshua,Joshua Baez,Baez,,0,2000,STL@WSH,STL,WSH,,,,,0,OF/UTIL
116782-165702,SS,Carson,Carson Williams,Williams,,0,2000,MIL@TB,TB,MIL,,,,,0,SS/UTIL
116782-165703,OF,Heriberto,Heriberto Hernandez,Hernandez,,0,2000,MIA@CWS,MIA,CWS,,,,,,OF/UTIL
116782-165700,SS,Carlos,Carlos Colmenares,Colmenares,,0,2000,MIL@TB,TB,MIL,,,,,0,SS/UTIL
116782-163653,OF,Allan,Allan Cerda,Cerda,,0,2000,SF@MIN,MIN,SF,,,,,0,OF/UTIL
116782-165704,2B,Cooper,Cooper Kinney,Kinney,,0,2000,MIL@TB,TB,MIL,,,,,0,2B/UTIL
116782-165711,SS,Cam,Cam Cauley,Cauley,,0,2000,TEX@DET,TEX,DET,,,,,0,SS/UTIL
116782-165708,2B,Trevor,Trevor Hauver,Hauver,,0,2000,TEX@DET,TEX,DET,,,,,0,2B/UTIL
116782-165709,OF,Yeison,Yeison Morrobel,Morrobel,,0,2000,TEX@DET,TEX,DET,,,,,0,OF/UTIL
116782-165713,OF,Aaron,Aaron Zavala,Zavala,,0,2000,TEX@DET,TEX,DET,,,,,0,OF/UTIL
116782-163669,C,Bryan,Bryan Lavastida,Lavastida,,0,2000,CIN@HOU,HOU,CIN,,,,,,C/1B/UTIL
116782-165726,SS,Brady,Brady House,House,,0,2000,STL@WSH,WSH,STL,,,,,0,SS/UTIL
116782-163679,3B,Joe,Joe Perez,Perez,,0,2000,MIA@CWS,CWS,MIA,,,,,,3B/UTIL
116782-165725,OF,Daylen,Daylen Lile,Lile,,0,2000,STL@WSH,WSH,STL,,,,,0,OF/UTIL
116782-165730,C,Drew,Drew Millas,Millas,5.661904834565663,21,2000,STL@WSH,WSH,STL,,,,,0,C/1B/UTIL
116782-165728,SS,Armando,Armando Cruz,Cruz,,0,2000,STL@WSH,WSH,STL,,,,,0,SS/UTIL
116782-165732,1B,Branden,Branden Boissiere,Boissiere,,0,2000,STL@WSH,WSH,STL,,,,,0,C/1B/UTIL
116782-163694,SS,Eddys,Eddys Leonard,Leonard,0,1,2000,ATL@PIT,ATL,PIT,,,,,0,SS/UTIL
116782-163696,OF,Jack,Jack Suwinski,Suwinski,4.393750190734863,16,2000,ATL@PIT,PIT,ATL,,,,,,OF/UTIL
116782-171923,1B,Darick,Darick Hall,Hall,0,2,2000,ATL@PIT,PIT,ATL,,,,,,C/1B/UTIL
116782-182170,OF,Oscar,Oscar Colas,Colas,4.228571483067104,14,2000,MIA@CWS,CWS,MIA,,,,,,OF/UTIL
116782-102303,1B,Triston,Triston Casas,Casas,6.327586206896552,29,2000,BOS@KC,BOS,KC,IL,Knee,,,0,C/1B/UTIL
116782-163772,C,Brett,Brett Sullivan,Sullivan,3.9000000953674316,8,2000,ATL@PIT,PIT,ATL,,,,,,C/1B/UTIL
116782-102339,C,Diego,Diego Cartaya,Cartaya,0,2,2000,SF@MIN,MIN,SF,,,,,0,C/1B/UTIL
116782-81869,C,Chad,Chad Wallach,Wallach,,0,2000,TEX@DET,TEX,DET,,,,,0,C/1B/UTIL
116782-171986,3B,Matthew,Matthew Batten,Batten,4.5,2,2000,ATL@PIT,ATL,PIT,,,,,0,3B/UTIL
116782-102359,C,Will,Will Banfield,Banfield,,0,2000,CIN@HOU,CIN,HOU,,,,,0,C/1B/UTIL
116782-102358,SS,Jose,Jose Devers,Devers,1.2399999618530273,5,2000,ATL@PIT,ATL,PIT,,,,,0,SS/UTIL
116782-102360,OF,Connor,Connor Scott,Scott,,0,2000,BOS@KC,KC,BOS,IL,Undisclosed,,,0,OF/UTIL
116782-102374,C,Anthony,Anthony Seigler,Seigler,,0,2000,MIL@TB,MIL,TB,,,,,0,C/1B/UTIL
116782-102388,OF,Cal,Cal Mitchell,Mitchell,,0,2000,SF@MIN,SF,MIN,,,,,0,OF/UTIL