Id,Position,First Name,Nickname,Last Name,FPPG,Played,Salary,Game,Team,Opponent,Injury Indicator,Injury Details,Tier,Probable Pitcher,Batting Order,Roster Position
120523-16960,P,Zack,Zack Wheeler,Wheeler,42.625,24,11000,PHI@LAD,PHI,LAD,IL,Shoulder,,,,P
120523-82550,P,Hunter,Hunter Greene,Greene,35.588235294117645,17,10700,CIN@STL,CIN,STL,,,,,,P
120523-13233,P,Nathan,Nathan Eovaldi,Eovaldi,37.45454545454545,22,10700,TEX@HOU,TEX,HOU,IL,Shoulder,,,,P
120523-52183,P,Tyler,Tyler Glasnow,Glasnow,31.0625,16,10600,PHI@LAD,LAD,PHI,,,,,,P
120523-198625,P,Yoshinobu,Yoshinobu Yamamoto,Yamamoto,37.285714285714285,28,10600,PHI@LAD,LAD,PHI,,,,,,P
120523-118225,P,Cristopher,Cristopher Sanchez,Sanchez,39.13793103448276,29,10500,PHI@LAD,PHI,LAD,,,,,,P
120523-82607,P,Trevor,Trevor Rogers,Rogers,39.3125,16,10400,BAL@CWS,BAL,CWS,DTD,Toe,,,,P
120523-83157,P,Ranger,Ranger Suarez,Suarez,37.08695652173913,23,10300,PHI@LAD,PHI,LAD,,,,Yes,,P
120523-146687,P,Hunter,Hunter Brown,Brown,38.58620689655172,29,10300,TEX@HOU,HOU,TEX,,,,,,P
120523-85599,P,Framber,Framber Valdez,Valdez,34.206896551724135,29,10200,TEX@HOU,HOU,TEX,,,,,,P
120523-38000,P,Kevin,Kevin Gausman,Gausman,33.172413793103445,29,10100,TOR@TB,TOR,TB,,,,,,P
120523-60633,P,Carlos,Carlos Rodon,Rodon,35.333333333333336,30,10000,NYY@MIN,NYY,MIN,,,,Yes,,P
120523-82554,P,Shane,Shane Bieber,Bieber,33.4,5,9900,TOR@TB,TOR,TB,,,,,,P
120523-185606,P,Gavin,Gavin Stone,Stone,28.4,25,9900,PHI@LAD,LAD,PHI,IL,Shoulder,,,,P
120523-79280,P,Jesus,Jesus Luzardo,Luzardo,34.43333333333333,30,9900,PHI@LAD,PHI,LAD,,,,,,P
120523-101839,P,Logan,Logan Webb,Webb,36.70967741935484,31,9800,SF@ARI,SF,ARI,,,,,,P
120523-52859,P,Jacob,Jacob deGrom,deGrom,34.857142857142854,28,9800,TEX@HOU,TEX,HOU,,,,,,P
120523-163700,P,Kyle,Kyle Bradish,Bradish,35.666666666666664,3,9800,BAL@CWS,BAL,CWS,,,,Yes,,P
120523-82604,P,Corbin,Corbin Burnes,Burnes,33.72727272727273,11,9600,SF@ARI,ARI,SF,IL,Elbow,,,,P
120523-82621,P,Clarke,Clarke Schmidt,Schmidt,30,14,9600,NYY@MIN,NYY,MIN,IL,Elbow,,,,P
120523-52185,P,Max,Max Fried,Fried,34.733333333333334,30,9500,NYY@MIN,NYY,MIN,,,,,,P
120523-228790,P,Cam,Cam Schlittler,Schlittler,30.363636363636363,11,9500,NYY@MIN,NYY,MIN,,,,,,P
120523-102294,P,Grayson,Grayson Rodriguez,Rodriguez,35.6,20,9500,BAL@CWS,BAL,CWS,IL,Elbow,,,,P
120523-119430,P,Joe,Joe Ryan,Ryan,34,29,9400,NYY@MIN,MIN,NYY,,,,,,P
120523-83152,P,Pablo,Pablo Lopez,Lopez,31.615384615384617,13,9400,NYY@MIN,MIN,NYY,,,,,,P
120523-101881,P,Merrill,Merrill Kelly,Kelly,32.36666666666667,30,9400,TEX@HOU,TEX,HOU,,,,,,P
120523-53067,P,Chris,Chris Bassitt,Bassitt,28.419354838709676,31,9300,TOR@TB,TOR,TB,,,,,,P
120523-102407,P,Shane,Shane McClanahan,McClanahan,0,1,9200,TOR@TB,TB,TOR,IL,Triceps,,,,P
120523-60647,P,Aaron,Aaron Nola,Nola,24.333333333333332,15,9200,PHI@LAD,PHI,LAD,,,,,,P
120523-165512,P,Andrew,Andrew Abbott,Abbott,31.53846153846154,26,9200,CIN@STL,CIN,STL,,,,,,P
120523-68488,P,Blake,Blake Snell,Snell,33.44444444444444,9,9100,PHI@LAD,LAD,PHI,,,,,,P
120523-79109,P,Tyler,Tyler Mahle,Mahle,28.785714285714285,14,9100,TEX@HOU,TEX,HOU,IL,Shoulder,,,,P
120523-102344,P,Brady,Brady Singer,Singer,29.310344827586206,29,9100,CIN@STL,CIN,STL,,,,,,P
120523-209173,P,Zebby,Zebby Matthews,Matthews,26.214285714285715,14,9000,NYY@MIN,MIN,NYY,,,,,,P
120523-135647,P,Ryan,Ryan Pepiot,Pepiot,31,29,9000,TOR@TB,TB,TOR,,,,,,P
120523-16956,P,Gerrit,Gerrit Cole,Cole,32,22,9000,NYY@MIN,NYY,MIN,IL,Elbow,,,,P
120523-53029,P,Robbie,Robbie Ray,Ray,32.225806451612904,31,9000,SF@ARI,SF,ARI,,,,,,P
120523-119329,P,Nick,Nick Lodolo,Lodolo,30.23076923076923,26,8900,CIN@STL,CIN,STL,,,,,,P
120523-17064,P,Sonny,Sonny Gray,Gray,31.466666666666665,30,8900,CIN@STL,STL,CIN,,,,,,P
120523-187967,P,Emmet,Emmet Sheehan,Sheehan,30.333333333333332,12,8900,PHI@LAD,LAD,PHI,,,,Yes,,P
120523-119361,P,Drew,Drew Rasmussen,Rasmussen,26.20689655172414,29,8800,TOR@TB,TB,TOR,,,,,,P
120523-118206,P,Luis,Luis Gil,Gil,27.375,8,8800,NYY@MIN,NYY,MIN,,,,,,P
120523-222782,P,Chase,Chase Burns,Burns,25.333333333333332,9,8800,CIN@STL,CIN,STL,,,,,,P
120523-82630,P,Shane,Shane Baz,Baz,27.82758620689655,29,8700,TOR@TB,TB,TOR,,,,,,P
120523-85251,P,Zac,Zac Gallen,Gallen,27.7,30,8700,SF@ARI,ARI,SF,,,,Yes,,P
120523-79226,P,Eric,Eric Lauer,Lauer,23.08695652173913,23,8700,TOR@TB,TOR,TB,,,,,,P
120523-220840,P,Shane,Shane Smith,Smith,25.153846153846153,26,8700,BAL@CWS,CWS,BAL,,,,,,P
120523-102447,P,Dean,Dean Kremer,Kremer,25.821428571428573,28,8600,BAL@CWS,BAL,CWS,DTD,Forearm,,,,P
120523-164521,P,Brandon,Brandon Walter,Walter,31.88888888888889,9,8600,TEX@HOU,HOU,TEX,IL,Elbow,,,,P
120523-5481,P,Max,Max Scherzer,Scherzer,26.866666666666667,15,8600,TOR@TB,TOR,TB,,,,,,P
120523-168872,P,Ronel,Ronel Blanco,Blanco,28.555555555555557,9,8500,TEX@HOU,HOU,TEX,IL,Elbow,,,,P
120523-66766,P,Adrian,Adrian Houser,Houser,29.736842105263158,19,8500,TOR@TB,TB,TOR,,,,,,P
120523-5427,P,Clayton,Clayton Kershaw,Kershaw,24.15,20,8500,PHI@LAD,LAD,PHI,,,,,,P
120523-164497,P,Ryne,Ryne Nelson,Nelson,23.161290322580644,32,8400,SF@ARI,ARI,SF,,,,,,P
120523-199728,P,Landen,Landen Roupp,Roupp,25.545454545454547,22,8400,SF@ARI,SF,ARI,IL,Knee,,,,P
120523-222787,P,Roki,Roki Sasaki,Sasaki,16.375,8,8400,PHI@LAD,LAD,PHI,IL,Shoulder,,,,P
120523-165706,P,Jack,Jack Leiter,Leiter,27.115384615384617,27,8400,TEX@HOU,TEX,HOU,,,,Yes,,P
120523-11328,P,Martin,Martin Perez,Perez,25.2,10,8300,BAL@CWS,CWS,BAL,,,,,,P
120523-165636,P,Hayden,Hayden Wesneski,Wesneski,24.833333333333332,6,8300,TEX@HOU,HOU,TEX,IL,Elbow,,,,P
120523-211874,P,Kumar,Kumar Rocker,Rocker,19.571428571428573,14,8200,TEX@HOU,TEX,HOU,,,,,,P
120523-5202,P,Justin,Justin Verlander,Verlander,25.03846153846154,26,8200,SF@ARI,SF,ARI,,,,,,P
120523-135212,P,Luis,Luis Garcia,Garcia,22.5,2,8100,TEX@HOU,HOU,TEX,IL,Elbow,,,,P
120523-60639,P,Jose,Jose Berrios,Berrios,26.96551724137931,29,8100,TOR@TB,TOR,TB,,,,,,P
120523-102343,P,Tony,Tony Gonsolin,Gonsolin,26.285714285714285,7,8100,PHI@LAD,LAD,PHI,IL,Elbow,,,,P
120523-145612,P,Bailey,Bailey Ober,Ober,23,25,8000,NYY@MIN,MIN,NYY,,,,,,P
120523-198879,P,Rhett,Rhett Lowder,Lowder,27,6,8000,CIN@STL,CIN,STL,IL,Oblique,,,,P
120523-219586,P,Ian,Ian Seymour,Seymour,16.0625,16,8000,TOR@TB,TB,TOR,,,,,,P
120523-203676,P,David,David Festa,Festa,22.272727272727273,11,8000,NYY@MIN,MIN,NYY,IL,Shoulder,,,,P
120523-165543,P,Sean,Sean Burke,Burke,23.12,25,8000,BAL@CWS,CWS,BAL,,,,,,P
120523-194677,P,Easton,Easton Lucas,Lucas,17.666666666666668,6,7900,TOR@TB,TOR,TB,,,,,,P
120523-83166,P,Zack,Zack Littell,Littell,26.896551724137932,29,7900,CIN@STL,CIN,STL,,,,Yes,,P
120523-135361,P,Nabil,Nabil Crismatt,Crismatt,24.666666666666668,6,7800,SF@ARI,ARI,SF,,,,,,P
120523-185896,P,Cody,Cody Bradford,Bradford,29.785714285714285,14,7800,TEX@HOU,TEX,HOU,IL,Elbow,,,,P
120523-81594,P,Dietrich,Dietrich Enns,Enns,9.65,20,7800,BAL@CWS,BAL,CWS,,,,,,P
120523-102408,P,Matthew,Matthew Liberatore,Liberatore,23.333333333333332,27,7700,CIN@STL,STL,CIN,,,,Yes,,P
120523-198912,P,Will,Will Warren,Warren,25.258064516129032,31,7700,NYY@MIN,NYY,MIN,,,,,,P
120523-194939,P,Joe,Joe Boyle,Boyle,16.7,10,7700,TOR@TB,TB,TOR,,,,,,P
120523-68485,P,Ryan,Ryan Yarbrough,Yarbrough,16.555555555555557,18,7700,NYY@MIN,NYY,MIN,,,,,,P
120523-52142,P,Eduardo,Eduardo Rodriguez,Rodriguez,25.153846153846153,26,7700,SF@ARI,ARI,SF,,,,,,P
120523-204505,P,Justin,Justin Wrobleski,Wrobleski,17.57894736842105,19,7700,PHI@LAD,LAD,PHI,,,,,,P
120523-202541,P,Cade,Cade Povich,Povich,24.55,20,7700,BAL@CWS,BAL,CWS,,,,,,P
120523-135650,P,Landon,Landon Knack,Knack,20.11111111111111,9,7600,PHI@LAD,LAD,PHI,,,,,,P
120523-145922,P,Tyler,Tyler Wells,Wells,33,2,7600,BAL@CWS,BAL,CWS,,,,,,P
120523-170315,P,Davis,Davis Martin,Martin,23.875,24,7500,BAL@CWS,CWS,BAL,,,,,,P
120523-119441,P,Alek,Alek Manoah,Manoah,27,6,7500,TOR@TB,TOR,TB,,,,,,P
120523-52159,P,Lance,Lance McCullers Jr.,McCullers Jr.,16.571428571428573,15,7500,TEX@HOU,HOU,TEX,IL,Hand,,,,P
120523-79123,P,Tyler,Tyler Alexander,Alexander,8.434782608695652,48,7500,BAL@CWS,CWS,BAL,,,,,,P
120523-219659,P,Brandon,Brandon Young,Young,17.333333333333332,12,7400,BAL@CWS,BAL,CWS,IL,Hamstring,,,,P
120523-160939,P,Jacob,Jacob Latz,Latz,13.379310344827585,30,7400,TEX@HOU,TEX,HOU,,,,,,P
120523-165561,P,Chayce,Chayce McDermott,McDermott,11.5,2,7400,BAL@CWS,BAL,CWS,,,,,,P
120523-102335,P,Cristian,Cristian Javier,Javier,20.833333333333332,6,7400,TEX@HOU,HOU,TEX,,,,,,P
120523-198885,P,Spencer,Spencer Arrighetti,Arrighetti,21.428571428571427,7,7300,TEX@HOU,HOU,TEX,IL,Elbow,,,,P
120523-68482,P,Zach,Zach Eflin,Eflin,20.214285714285715,14,7300,BAL@CWS,BAL,CWS,IL,Back,,,,P
120523-13664,P,Patrick,Patrick Corbin,Corbin,23.964285714285715,28,7300,TEX@HOU,TEX,HOU,,,,,,P
120523-222814,P,Trey,Trey Yesavage,Yesavage,,0,7300,TOR@TB,TOR,TB,,,,Yes,,P
120523-165698,P,Taj,Taj Bradley,Bradley,24.32,25,7300,NYY@MIN,MIN,NYY,,,,,,P
120523-70470,P,Albert,Albert Suarez,Suarez,13.6,5,7200,BAL@CWS,BAL,CWS,,,,,,P
120523-185701,P,Brandon,Brandon Pfaadt,Pfaadt,24.413793103448278,30,7200,SF@ARI,ARI,SF,,,,,,P
120523-79228,P,Cal,Cal Quantrill,Quantrill,15.346153846153847,26,7200,TEX@HOU,TEX,HOU,,,,,,P
120523-200581,P,Jonathan,Jonathan Cannon,Cannon,18.95,20,7200,BAL@CWS,CWS,BAL,,,,,,P
120523-102528,P,Simeon,Simeon Woods Richardson,Woods Richardson,21.55,20,7100,NYY@MIN,MIN,NYY,,,,Yes,,P
120523-170527,P,Jason,Jason Alexander,Alexander,21.066666666666666,15,7100,TEX@HOU,HOU,TEX,,,,Yes,,P
120523-197914,P,Nick,Nick Frasso,Frasso,0,2,7100,PHI@LAD,LAD,PHI,,,,,,P
120523-146717,P,Mick,Mick Abel,Abel,12.5,9,7100,NYY@MIN,MIN,NYY,,,,,,P
120523-220895,P,Tomoyuki,Tomoyuki Sugano,Sugano,22.5,28,7100,BAL@CWS,BAL,CWS,,,,,,P
120523-52155,P,Jon,Jon Gray,Gray,8,6,7000,TEX@HOU,TEX,HOU,IL,Shoulder,,,,P
120523-168950,P,Andre,Andre Pallante,Pallante,19.75862068965517,29,7000,CIN@STL,STL,CIN,,,,,,P
120523-165694,P,Michael,Michael McGreevy,McGreevy,22.714285714285715,14,7000,CIN@STL,STL,CIN,,,,,,P
120523-163698,P,Bowden,Bowden Francis,Francis,17.785714285714285,14,7000,TOR@TB,TOR,TB,IL,Shoulder,,,,P
120523-53590,P,Nick,Nick Martinez,Martinez,18.75,36,6900,CIN@STL,CIN,STL,,,,,,P
120523-219662,P,Colton,Colton Gordon,Gordon,18.41176470588235,17,6900,TEX@HOU,HOU,TEX,,,,,,P
120523-176240,P,Luis F.,Luis F. Castillo,Castillo,9,2,6800,BAL@CWS,BAL,CWS,,,,,,P
120523-102569,P,Michael,Michael Mercado,Mercado,2,3,6800,PHI@LAD,PHI,LAD,,,,,,P
120523-198934,P,Yariel,Yariel Rodriguez,Rodriguez,5.39344262295082,61,6800,TOR@TB,TOR,TB,,,,,,P
120523-198938,P,Carson,Carson Whisenhunt,Whisenhunt,18.2,5,6800,SF@ARI,SF,ARI,IL,Back,,,,P
120523-17121,P,Miles,Miles Mikolas,Mikolas,19.448275862068964,29,6800,CIN@STL,STL,CIN,,,,,,P
120523-80859,P,Paul,Paul Blackburn,Blackburn,9,12,6800,NYY@MIN,NYY,MIN,,,,,,P
120523-79133,P,Matt,Matt Manning,Manning,21.4,5,6800,PHI@LAD,PHI,LAD,,,,,,P
120523-79168,P,Walker,Walker Buehler,Buehler,20.083333333333332,24,6800,PHI@LAD,PHI,LAD,,,,,,P
120523-185845,P,Allan,Allan Winans,Winans,6.333333333333333,3,6800,NYY@MIN,NYY,MIN,,,,,,P
120523-119398,P,Yoendrys,Yoendrys Gomez,Gomez,13.055555555555555,19,6700,BAL@CWS,CWS,BAL,,,,,,P
120523-156976,P,Darren,Darren McCaughan,McCaughan,10.333333333333334,3,6700,NYY@MIN,MIN,NYY,,,,,,P
120523-226810,P,Blade,Blade Tidwell,Tidwell,9,4,6700,SF@ARI,SF,ARI,IL,Shoulder,,,,P
120523-119302,P,Blake,Blake Walston,Walston,12.571428571428571,7,6600,SF@ARI,ARI,SF,IL,Elbow,,,,P
120523-21097,P,Taijuan,Taijuan Walker,Walker,15.193548387096774,31,6600,PHI@LAD,PHI,LAD,,,,,,P
120523-203678,P,Hayden,Hayden Birdsong,Birdsong,16.2,21,6600,SF@ARI,SF,ARI,,,,,,P
120523-197899,P,Kai-Wei,Kai-Wei Teng,Teng,17.833333333333332,6,6600,SF@ARI,SF,ARI,,,,Yes,,P
120523-102574,P,Jake,Jake Woodford,Woodford,4.85,21,6500,SF@ARI,ARI,SF,,,,,,P
120523-198917,P,Drew,Drew Thorpe,Thorpe,18.333333333333332,9,6500,BAL@CWS,CWS,BAL,IL,Elbow,,,,P
120523-135648,P,Bobby,Bobby Miller,Miller,7.5,2,6500,PHI@LAD,LAD,PHI,,,,,,P
120523-68452,P,Kenta,Kenta Maeda,Maeda,3.857142857142857,7,6500,NYY@MIN,NYY,MIN,,,,,,P
120523-209846,P,Ben,Ben Casparius,Casparius,8.177777777777777,46,6500,PHI@LAD,LAD,PHI,,,,,,P
120523-52167,P,Andrew,Andrew Heaney,Heaney,17.5,26,6500,PHI@LAD,LAD,PHI,,,,,,P
120523-208114,P,Connor,Connor Gillispie,Gillispie,12,6,6500,NYY@MIN,MIN,NYY,IL,Undisclosed,,,,P
120523-181805,P,J.P.,J.P. France,France,3,1,6500,TEX@HOU,HOU,TEX,,,,,,P
120523-194242,P,Carson,Carson Spiers,Spiers,16.666666666666668,3,6500,CIN@STL,CIN,STL,IL,Elbow,,,,P
120523-219703,P,Travis,Travis Adams,Adams,8.25,12,6400,NYY@MIN,MIN,NYY,,,,,,P
120523-165508,P,Graham,Graham Ashcraft,Ashcraft,5.833333333333333,54,6400,CIN@STL,CIN,STL,,,,,,P
120523-165618,P,Chase,Chase Petty,Petty,0,3,6400,CIN@STL,CIN,STL,,,,,,P
120523-135245,P,Tommy,Tommy Henry,Henry,17.5,2,6300,SF@ARI,ARI,SF,IL,Elbow,,,,P
120523-53607,P,Anthony,Anthony DeSclafani,DeSclafani,12.615384615384615,13,6300,SF@ARI,ARI,SF,,,,,,P
120523-73835,P,Ty,Ty Blach,Blach,9.15,20,6200,TEX@HOU,TEX,HOU,IL,Undisclosed,,,,P
120523-82534,P,Bryse,Bryse Wilson,Wilson,6.05,20,6200,BAL@CWS,CWS,BAL,,,,,,P
120523-119416,P,Brandon,Brandon Williamson,Williamson,15.25,4,6200,CIN@STL,CIN,STL,IL,Elbow,,,,P
120523-82636,P,Joey,Joey Lucchesi,Lucchesi,4.515151515151516,33,6200,SF@ARI,SF,ARI,,,,,,P
120523-199459,P,Nick,Nick Nastrini,Nastrini,11.666666666666666,9,6200,PHI@LAD,LAD,PHI,,,,,,P
120523-70559,P,Mike,Mike Clevinger,Clevinger,1.375,8,6200,BAL@CWS,CWS,BAL,,,,,,P
120523-181823,P,Keaton,Keaton Winn,Winn,6,6,6200,SF@ARI,SF,ARI,,,,,,P
120523-204512,P,Yilber,Yilber Diaz,Diaz,3,1,6200,SF@ARI,ARI,SF,,,,,,P
120523-104584,P,Zach,Zach Plesac,Plesac,9.333333333333334,3,6100,CIN@STL,STL,CIN,,,,,,P
120523-198905,P,Mike,Mike Vasil,Vasil,10.581395348837209,43,6100,BAL@CWS,CWS,BAL,,,,,,P
120523-12972,P,Wade,Wade Miley,Miley,12,3,6100,CIN@STL,CIN,STL,IL,Forearm,,,,P
120523-195785,P,Caleb,Caleb Boushley,Boushley,6.64,25,6100,TOR@TB,TB,TOR,,,,,,P
120523-163692,P,Jose,Jose Butto,Butto,5.901960784313726,51,6100,SF@ARI,SF,ARI,,,,,,P
120523-102446,P,Tristan,Tristan Beck,Beck,6.923076923076923,26,6000,SF@ARI,SF,ARI,,,,,,P
120523-231537,P,Pierson,Pierson Ohl,Ohl,9,9,6000,NYY@MIN,MIN,NYY,,,,,,P
120523-219706,P,Carson,Carson Seymour,Seymour,7.928571428571429,14,6000,SF@ARI,SF,ARI,,,,,,P
120523-12939,P,Casey,Casey Kelly,Kelly,2.5,2,6000,SF@ARI,ARI,SF,,,,,,P
120523-209958,P,Julian,Julian Aguiar,Aguiar,15.142857142857142,7,6000,CIN@STL,CIN,STL,IL,Elbow,,,,P
120523-101804,P,Huascar,Huascar Ynoa,Ynoa,0,2,6000,NYY@MIN,MIN,NYY,,,,,,P
120523-163515,P,Elvin,Elvin Rodriguez,Rodriguez,7.571428571428571,7,6000,SF@ARI,ARI,SF,,,,,,P
120523-165720,P,Ricky,Ricky Tiedemann,Tiedemann,,0,6000,TOR@TB,TOR,TB,IL,Elbow,,,,P
120523-102342,P,Michael,Michael Grove,Grove,6.325,40,6000,PHI@LAD,LAD,PHI,IL,Shoulder,,,,P
120523-102420,P,Owen,Owen White,White,6,3,5900,BAL@CWS,CWS,BAL,IL,Hip,,,,P
120523-203266,P,Jake,Jake Bloss,Bloss,13.666666666666666,3,5900,TOR@TB,TOR,TB,IL,Elbow,,,,P
120523-199224,P,Mason,Mason Black,Black,18,1,5900,SF@ARI,SF,ARI,,,,,,P
120523-179456,P,Louis,Louis Varland,Varland,5.231884057971015,70,5900,TOR@TB,TOR,TB,,,,,,P
120523-146728,P,Connor,Connor Phillips,Phillips,7.066666666666666,15,5900,CIN@STL,CIN,STL,,,,,,P
120523-161167,P,Glenn,Glenn Otto,Otto,0,1,5900,TEX@HOU,HOU,TEX,IL,Shoulder,,,,P
120523-181832,P,Roddery,Roddery Munoz,Munoz,5,9,5900,CIN@STL,STL,CIN,,,,,,P
120523-181845,P,Drew,Drew Rom,Rom,0,2,5900,CIN@STL,STL,CIN,IL,Undisclosed,,,,P
120523-165578,P,Ky,Ky Bush,Bush,14.25,4,5900,BAL@CWS,CWS,BAL,IL,Elbow,,,,P
120523-163675,P,Noah,Noah Davis,Davis,1.5,9,5900,NYY@MIN,MIN,NYY,,,,,,P
120523-158858,P,Justin,Justin Bruihl,Bruihl,4.428571428571429,14,5800,TOR@TB,TOR,TB,,,,,,P
120523-135208,P,Shawn,Shawn Dubin,Dubin,4.666666666666667,30,5700,BAL@CWS,BAL,CWS,IL,Elbow,,,,P
120523-119423,P,Zack,Zack Thompson,Thompson,11.4,7,5700,CIN@STL,STL,CIN,IL,Lat,,,,P
120523-119431,P,Seth,Seth Johnson,Johnson,7.7,10,5700,PHI@LAD,PHI,LAD,,,,,,P
120523-82573,P,Alex,Alex Faedo,Faedo,8.054054054054054,37,5700,TOR@TB,TB,TOR,IL,Shoulder,,,,P
120523-79126,P,Forrest,Forrest Whitley,Whitley,2,10,5700,TOR@TB,TB,TOR,,,,,,P
120523-101838,P,JT,JT Brubaker,Brubaker,5.466666666666667,15,5700,SF@ARI,SF,ARI,,,,,,P
120523-161275,P,Kyle,Kyle Tyler,Tyler,14.125,8,5700,BAL@CWS,CWS,BAL,,,,,,P
120523-102462,P,Lyon,Lyon Richardson,Richardson,4.5625,34,5600,CIN@STL,CIN,STL,,,,,,P
120523-195151,P,Anthony,Anthony Veneziano,Veneziano,4.269230769230769,26,5600,CIN@STL,STL,CIN,,,,,,P
120523-82539,P,Jalen,Jalen Beeks,Beeks,4.491228070175438,57,5600,SF@ARI,ARI,SF,,,,,,P
120523-102405,P,Sean,Sean Hjelle,Hjelle,3.75,12,5500,SF@ARI,SF,ARI,,,,,,P
120523-102419,P,Cole,Cole Winn,Winn,6.0344827586206895,29,5500,TEX@HOU,TEX,HOU,,,,,,P
120523-79895,P,Miguel,Miguel Diaz,Diaz,3,1,5500,SF@ARI,SF,ARI,,,,,,P
120523-135192,P,Ryan,Ryan Thompson,Thompson,4.046511627906977,43,5500,SF@ARI,ARI,SF,,,,,,P
120523-102426,P,Adam,Adam Kloffenstein,Kloffenstein,3,1,5500,TOR@TB,TOR,TB,,,,,,P
120523-102428,P,Eric,Eric Pardinho,Pardinho,,0,5500,TOR@TB,TOR,TB,,,,,,P
120523-155687,P,Andrew,Andrew Wantz,Wantz,10,1,5500,TOR@TB,TB,TOR,,,,,,P
120523-102455,P,Cory,Cory Abbott,Abbott,0,1,5500,TEX@HOU,TEX,HOU,,,,,,P
120523-200764,P,Cam,Cam Booser,Booser,4.285714285714286,35,5500,BAL@CWS,CWS,BAL,,,,,,P
120523-79936,P,Mark,Mark Leiter Jr.,Leiter Jr.,4.363636363636363,56,5500,NYY@MIN,NYY,MIN,,,,,,P
120523-102470,P,Rico,Rico Garcia,Garcia,6.478260869565218,23,5500,BAL@CWS,BAL,CWS,,,,,,P
120523-135249,P,Bryce,Bryce Jarvis,Jarvis,8,11,5500,SF@ARI,ARI,SF,,,,,,P
120523-135253,P,Alex,Alex Vesia,Vesia,5.754098360655738,61,5500,PHI@LAD,LAD,PHI,,,,,,P
120523-135262,P,Anthony,Anthony Misiewicz,Misiewicz,4.333333333333333,4,5500,NYY@MIN,MIN,NYY,IL,Pectoral,,,,P
120523-102501,P,Braydon,Braydon Fisher,Fisher,6.488888888888889,46,5500,TOR@TB,TOR,TB,,,,,,P
120523-102500,P,Robert,Robert Dugger,Dugger,,0,5500,TEX@HOU,TEX,HOU,,,,,,P
120523-102503,P,John,John Rooney,Rooney,7,1,5500,TEX@HOU,HOU,TEX,IL,Elbow,,,,P
120523-116839,P,David,David Bednar,Bednar,6.824561403508772,58,5500,NYY@MIN,NYY,MIN,,,,,,P
120523-102505,P,Edwin,Edwin Uceta,Uceta,7.061538461538461,65,5500,TOR@TB,TB,TOR,,,,,,P
120523-116847,P,Cole,Cole Sulser,Sulser,6.857142857142857,14,5500,TOR@TB,TB,TOR,,,,,,P
120523-135281,P,Bryan,Bryan Baker,Baker,5.5606060606060606,67,5500,TOR@TB,TB,TOR,,,,,,P
120523-102517,P,Jhoan,Jhoan Duran,Duran,6.369230769230769,67,5500,PHI@LAD,PHI,LAD,,,,,,P
120523-231540,P,Houston,Houston Roth,Roth,,0,5500,BAL@CWS,BAL,CWS,,,,,,P
120523-102523,P,Deivi,Deivi Garcia,Garcia,4.285714285714286,14,5500,CIN@STL,CIN,STL,,,,,,P
120523-135289,P,Kodi,Kodi Whitley,Whitley,,0,5500,TOR@TB,TB,TOR,,,,,,P
120523-135303,P,Jordan,Jordan Weems,Weems,-2,4,5500,TEX@HOU,HOU,TEX,,,,,,P
120523-135306,P,Cole,Cole Wilcox,Wilcox,,0,5500,TOR@TB,TB,TOR,,,,,,P
120523-73869,P,Joe,Joe Mantiply,Mantiply,0.2,10,5500,TOR@TB,TOR,TB,,,,,,P
120523-135312,P,Kyle,Kyle Nelson,Nelson,3,3,5500,SF@ARI,ARI,SF,,,,,,P
120523-135313,P,Nick,Nick Sandlin,Sandlin,4.473684210526316,19,5500,TOR@TB,TOR,TB,IL,Elbow,,,,P
120523-170135,P,Yennier,Yennier Cano,Cano,3.8852459016393444,61,5500,BAL@CWS,BAL,CWS,,,,,,P
120523-80033,P,Emilio,Emilio Pagan,Pagan,5.596774193548387,62,5500,CIN@STL,CIN,STL,,,,,,P
120523-102560,P,Camilo,Camilo Doval,Doval,5.125,64,5500,NYY@MIN,NYY,MIN,,,,,,P
120523-80034,P,Jose,Jose Alvarado,Alvarado,6.111111111111111,28,5500,PHI@LAD,PHI,LAD,IL,Forearm,,,,P
120523-102565,P,Mason,Mason Englert,Englert,7.464285714285714,30,5500,TOR@TB,TB,TOR,IL,Shoulder,,,,P
120523-209078,P,Max,Max Lazar,Lazar,3.84375,32,5500,PHI@LAD,PHI,LAD,,,,,,P
120523-102582,P,Nick,Nick Raquet,Raquet,4.5,2,5500,CIN@STL,STL,CIN,,,,,,P
120523-102590,P,Joey,Joey Gerber,Gerber,12,1,5500,TOR@TB,TB,TOR,,,,,,P
120523-102593,P,Gerardo,Gerardo Carrillo,Carrillo,,0,5500,TEX@HOU,TEX,HOU,,,,,,P
120523-194770,P,Nick,Nick Hernandez,Hernandez,5.833333333333333,6,5500,TEX@HOU,HOU,TEX,,,,,,P
120523-145620,P,Helcris,Helcris Olivarez,Olivarez,,0,5500,SF@ARI,SF,ARI,,,,,,P
120523-198874,P,Noah,Noah Schultz,Schultz,,0,5500,BAL@CWS,CWS,BAL,IL,Knee,,,,P
120523-145630,P,Kervin,Kervin Castro,Castro,,0,5500,NYY@MIN,NYY,MIN,,,,,,P
120523-178411,P,Michael,Michael Plassmeyer,Plassmeyer,0,1,5500,TEX@HOU,TEX,HOU,,,,,,P
120523-198890,P,Walter,Walter Pennington,Pennington,5.8125,16,5500,BAL@CWS,BAL,CWS,,,,,,P
120523-205032,P,Daniel,Daniel Robert,Robert,4.4,15,5500,PHI@LAD,PHI,LAD,IL,Forearm,,,,P
120523-198901,P,Chase,Chase Hampton,Hampton,,0,5500,NYY@MIN,NYY,MIN,IL,Elbow,,,,P
120523-194816,P,Kyle,Kyle Hurt,Hurt,8.666666666666666,5,5500,PHI@LAD,LAD,PHI,IL,Elbow,,,,P
120523-198920,P,Dylan,Dylan Lesko,Lesko,,0,5500,TOR@TB,TB,TOR,,,,,,P
120523-225559,P,Juan,Juan Morillo,Morillo,3.864864864864865,38,5500,SF@ARI,ARI,SF,,,,,,P
120523-198936,P,Tekoah,Tekoah Roby,Roby,,0,5500,CIN@STL,STL,CIN,IL,Elbow,,,,P
120523-203074,P,Spencer,Spencer Bivens,Bivens,6.416666666666667,48,5500,SF@ARI,SF,ARI,,,,,,P
120523-203080,P,Brandon,Brandon Eisert,Eisert,5.030769230769231,65,5500,BAL@CWS,CWS,BAL,,,,,,P
120523-135530,P,Brett,Brett de Geus,de Geus,3,1,5500,PHI@LAD,PHI,LAD,,,,,,P
120523-57717,P,Buck,Buck Farmer,Farmer,6.049180327868853,61,5500,CIN@STL,CIN,STL,,,,,,P
120523-225666,P,Paxton,Paxton Schultz,Schultz,9.384615384615385,13,5500,TOR@TB,TOR,TB,,,,,,P
120523-170384,P,Yerry,Yerry de los Santos,de los Santos,6.333333333333333,25,5500,NYY@MIN,NYY,MIN,,,,,,P
120523-158131,P,Tyler,Tyler Gilbert,Gilbert,5.439024390243903,41,5500,BAL@CWS,CWS,BAL,,,,Yes,,P
120523-158134,P,Stephen,Stephen Ridings,Ridings,,0,5500,PHI@LAD,LAD,PHI,,,,,,P
120523-188863,P,Randy,Randy Wynne,Wynne,15,1,5500,CIN@STL,CIN,STL,,,,,,P
120523-80346,P,Giovanny,Giovanny Gallegos,Gallegos,4.842105263157895,21,5500,PHI@LAD,LAD,PHI,IL,Undisclosed,,,,P
120523-182750,P,Andrew,Andrew Painter,Painter,,0,5500,PHI@LAD,PHI,LAD,,,,,,P
120523-184829,P,McKinley,McKinley Moore,Moore,0,3,5500,NYY@MIN,NYY,MIN,,,,,,P
120523-119299,P,Drey,Drey Jameson,Jameson,2,3,5500,SF@ARI,ARI,SF,IL,Elbow,,,,P
120523-219654,P,Juan,Juan Carela,Carela,,0,5500,BAL@CWS,CWS,BAL,O,Elbow,,,,P
120523-219660,P,Kade,Kade Strowd,Strowd,5.2105263157894735,20,5500,BAL@CWS,BAL,CWS,,,,,,P
120523-170512,P,Peter,Peter Strzelecki,Strzelecki,5.3,10,5500,TOR@TB,TB,TOR,DTD,Elbow,,,,P
120523-219665,P,Matt,Matt Svanson,Svanson,9.529411764705882,34,5500,CIN@STL,STL,CIN,,,,,,P
120523-119316,P,Thaddeus,Thaddeus Ward,Ward,0,1,5500,BAL@CWS,BAL,CWS,,,,,,P
120523-162328,P,Reiver,Reiver Sanmartin,Sanmartin,11,1,5500,CIN@STL,CIN,STL,,,,,,P
120523-119328,P,Packy,Packy Naughton,Naughton,0,2,5500,CIN@STL,STL,CIN,IL,Elbow,,,,P
120523-119339,P,Tyler,Tyler Ivey,Ivey,,0,5500,TEX@HOU,HOU,TEX,,,,,,P
120523-219694,P,Winston,Winston Santos,Santos,,0,5500,TEX@HOU,TEX,HOU,,,,,,P
120523-219693,P,Emiliano,Emiliano Teodo,Teodo,,0,5500,TEX@HOU,TEX,HOU,,,,,,P
120523-178743,P,Nicholas,Nicholas Padilla,Padilla,,0,5500,PHI@LAD,PHI,LAD,,,,,,P
120523-219702,P,Marco,Marco Raya,Raya,,0,5500,NYY@MIN,MIN,NYY,,,,,,P
120523-219700,P,Luis,Luis Mey,Mey,4.956521739130435,23,5500,CIN@STL,CIN,STL,,,,,,P
120523-219707,P,Jean,Jean Cabrera,Cabrera,,0,5500,PHI@LAD,PHI,LAD,,,,,,P
120523-219705,P,Moises,Moises Chace,Chace,,0,5500,PHI@LAD,PHI,LAD,IL,Elbow,,,,P
120523-119359,P,Ethan,Ethan Small,Small,0,2,5500,SF@ARI,SF,ARI,,,,,,P
120523-219708,P,Carson,Carson Ragsdale,Ragsdale,-9,1,5500,BAL@CWS,BAL,CWS,,,,,,P
120523-119367,P,Matt,Matt Canterino,Canterino,0,1,5500,NYY@MIN,MIN,NYY,IL,Shoulder,,,,P
120523-72265,P,Matt,Matt Strahm,Strahm,5.301587301587301,63,5500,PHI@LAD,PHI,LAD,,,,,,P
120523-139851,P,Justin,Justin Topa,Topa,4.722222222222222,54,5500,NYY@MIN,MIN,NYY,IL,Oblique,,,,P
120523-219722,P,Jack,Jack Dreyer,Dreyer,6.066666666666666,60,5500,PHI@LAD,LAD,PHI,,,,,,P
120523-207438,P,Fraser,Fraser Ellard,Ellard,5.785714285714286,14,5500,BAL@CWS,CWS,BAL,,,,,,P
120523-219726,P,Joe,Joe Elbis,Elbis,,0,5500,SF@ARI,ARI,SF,O,Undisclosed,,,,P
120523-150107,P,Tommy,Tommy Nance,Nance,6.521739130434782,23,5500,TOR@TB,TOR,TB,,,,,,P
120523-16989,P,Wilking,Wilking Rodriguez,Rodriguez,,0,5500,NYY@MIN,NYY,MIN,,,,,,P
120523-119392,P,Josh,Josh Wolf,Wolf,,0,5500,SF@ARI,SF,ARI,,,,,,P
120523-119397,P,TJ,TJ Sikkema,Sikkema,,0,5500,CIN@STL,CIN,STL,,,,,,P
120523-21096,P,Erasmo,Erasmo Ramirez,Ramirez,4.333333333333333,9,5500,NYY@MIN,MIN,NYY,,,,,,P
120523-119403,P,Erik,Erik Miller,Miller,4.714285714285714,36,5500,SF@ARI,SF,ARI,IL,Elbow,,,,P
120523-184943,P,Jesse,Jesse Scholtens,Scholtens,,0,5500,TOR@TB,TB,TOR,,,,,,P
120523-119406,P,Cody,Cody Bolton,Bolton,0,1,5500,TEX@HOU,HOU,TEX,,,,,,P
120523-82547,P,Thomas,Thomas Hatch,Hatch,9.3,10,5500,NYY@MIN,MIN,NYY,,,,,,P
120523-82549,P,Brendon,Brendon Little,Little,6,71,5500,TOR@TB,TOR,TB,,,,,,P
120523-82552,P,Tony,Tony Santillan,Santillan,4.944444444444445,73,5500,CIN@STL,CIN,STL,,,,,,P
120523-62087,P,Miguel,Miguel Castro,Castro,2.5,6,5500,BAL@CWS,CWS,BAL,IL,Knee,,,,P
120523-119433,P,JJ,JJ Goss,Goss,,0,5500,TOR@TB,TB,TOR,,,,,,P
120523-119435,P,Riley,Riley O'Brien,O'Brien,6.714285714285714,36,5500,CIN@STL,STL,CIN,,,,,,P
120523-203415,P,Bryan,Bryan King,King,5.873015873015873,63,5500,TEX@HOU,HOU,TEX,,,,,,P
120523-164500,P,Ryan,Ryan Cusick,Cusick,,0,5500,PHI@LAD,PHI,LAD,,,,,,P
120523-82591,P,Chris,Chris Rodriguez,Rodriguez,,0,5500,BAL@CWS,CWS,BAL,IL,Undisclosed,,,,P
120523-164522,P,Wikelman,Wikelman Gonzalez,Gonzalez,8.428571428571429,14,5500,BAL@CWS,CWS,BAL,,,,,,P
120523-17065,P,Blake,Blake Treinen,Treinen,5.625,25,5500,PHI@LAD,LAD,PHI,,,,,,P
120523-211632,P,Mason,Mason Montgomery,Montgomery,4.5,57,5500,TOR@TB,TB,TOR,,,,,,P
120523-80571,P,Phil,Phil Maton,Maton,6.396551724137931,58,5500,TEX@HOU,TEX,HOU,,,,,,P
120523-82627,P,JoJo,JoJo Romero,Romero,5,61,5500,CIN@STL,STL,CIN,,,,,,P
120523-82628,P,Adonis,Adonis Medina,Medina,,0,5500,PHI@LAD,PHI,LAD,,,,,,P
120523-119494,P,Andrew,Andrew Dalquist,Dalquist,,0,5500,BAL@CWS,CWS,BAL,,,,,,P
120523-170699,P,Matt,Matt Gage,Gage,4.535714285714286,28,5500,SF@ARI,SF,ARI,,,,,,P
120523-228050,P,Nolan,Nolan Hoffman,Hoffman,0,1,5500,PHI@LAD,PHI,LAD,,,,,,P
120523-228057,P,Jayvien,Jayvien Sandridge,Sandridge,2,1,5500,NYY@MIN,NYY,MIN,,,,,,P
120523-82653,P,Ryan,Ryan Borucki,Borucki,4.026315789473684,39,5500,TOR@TB,TOR,TB,,,,,,P
120523-53990,P,Shawn,Shawn Armstrong,Armstrong,5.984375,65,5500,TEX@HOU,TEX,HOU,,,,,,P
120523-228072,P,Jake,Jake Palisch,Palisch,-3,1,5500,BAL@CWS,CWS,BAL,,,,,,P
120523-228076,P,Paul,Paul Gervase,Gervase,6.166666666666667,6,5500,PHI@LAD,LAD,PHI,,,,,,P
120523-201456,P,Chris,Chris Roycroft,Roycroft,3.823529411764706,17,5500,CIN@STL,STL,CIN,,,,,,P
120523-84731,P,Evan,Evan Phillips,Phillips,5,7,5500,PHI@LAD,LAD,PHI,IL,Elbow,,,,P
120523-13055,P,Anthony,Anthony Gose,Gose,3.3333333333333335,3,5500,SF@ARI,ARI,SF,,,,,,P
120523-154368,P,Vinny,Vinny Nittoli,Nittoli,6,9,5500,BAL@CWS,BAL,CWS,,,,,,P
120523-199461,P,Luis,Luis Contreras,Contreras,5.333333333333333,9,5500,TEX@HOU,HOU,TEX,,,,,,P
120523-199460,P,Jordan,Jordan Leasure,Leasure,5.786885245901639,62,5500,BAL@CWS,CWS,BAL,,,,,,P
120523-135976,P,Bennett,Bennett Sousa,Sousa,7.232558139534884,44,5500,TEX@HOU,HOU,TEX,IL,Elbow,,,,P
120523-199465,P,Juan,Juan Sanchez,Sanchez,,0,5500,SF@ARI,SF,ARI,,,,,,P
120523-228189,P,Juan,Juan Burgos,Burgos,4.6923076923076925,13,5500,SF@ARI,ARI,SF,,,,,,P
120523-183133,P,Curtis,Curtis Taylor,Taylor,,0,5500,CIN@STL,STL,CIN,,,,,,P
120523-68466,P,Steven,Steven Okert,Okert,6,62,5500,TEX@HOU,HOU,TEX,,,,,,P
120523-68469,P,Adam,Adam Plutko,Plutko,,0,5500,CIN@STL,CIN,STL,,,,,,P
120523-203642,P,Raymond,Raymond Burgos,Burgos,3,1,5500,SF@ARI,SF,ARI,,,,,,P
120523-68474,P,Josh,Josh Hader,Hader,8.041666666666666,48,5500,TEX@HOU,HOU,TEX,IL,Shoulder,,,,P
120523-82810,P,Elieser,Elieser Hernandez,Hernandez,5.25,9,5500,TOR@TB,TOR,TB,,,,,,P
120523-170895,P,Jake,Jake Bird,Bird,6.085106382978723,48,5500,NYY@MIN,NYY,MIN,,,,,,P
120523-80791,P,Alan,Alan Busenitz,Busenitz,1,3,5500,CIN@STL,CIN,STL,,,,,,P
120523-68510,P,Amir,Amir Garrett,Garrett,6.666666666666667,8,5500,TOR@TB,TOR,TB,,,,,,P
120523-80801,P,Hoby,Hoby Milner,Milner,4.841269841269841,68,5500,TEX@HOU,TEX,HOU,,,,,,P
120523-68515,P,Sam,Sam Moll,Moll,3.8260869565217392,23,5500,CIN@STL,CIN,STL,,,,,,P
120523-52141,P,Lucas,Lucas Sims,Sims,1.5625,18,5500,PHI@LAD,PHI,LAD,,,,,,P
120523-52146,P,Carl,Carl Edwards Jr.,Edwards Jr.,3,2,5500,TEX@HOU,TEX,HOU,,,,,,P
120523-68551,P,Tyler,Tyler Beede,Beede,4.846153846153846,13,5500,NYY@MIN,MIN,NYY,,,,,,P
120523-232399,P,Joel,Joel Peguero,Peguero,8.5,10,5500,SF@ARI,SF,ARI,,,,,,P
120523-68556,P,Dillon,Dillon Tate,Tate,5.666666666666667,6,5500,TOR@TB,TOR,TB,,,,,,P
120523-68561,P,Luke,Luke Weaver,Weaver,5.771929824561403,57,5500,NYY@MIN,NYY,MIN,,,,,,P
120523-156631,P,Charlie,Charlie Barnes,Barnes,,0,5500,CIN@STL,CIN,STL,,,,,,P
120523-193498,P,John,John McMillon,McMillon,9,10,5500,PHI@LAD,PHI,LAD,,,,,,P
120523-70629,P,Jacob,Jacob Barnes,Barnes,2.5,6,5500,TOR@TB,TOR,TB,,,,,,P
120523-82921,P,Zack,Zack Weiss,Weiss,0,1,5500,CIN@STL,STL,CIN,,,,,,P
120523-213995,P,Luis,Luis Curvelo,Curvelo,5.6,16,5500,TEX@HOU,TEX,HOU,,,,,,P
120523-70634,P,Daniel,Daniel Mengden,Mengden,,0,5500,SF@ARI,ARI,SF,,,,,,P
120523-82924,P,Tim,Tim Hill,Hill,3.890625,65,5500,NYY@MIN,NYY,MIN,,,,,,P
120523-82935,P,Trevor,Trevor Richards,Richards,4.25,5,5500,SF@ARI,ARI,SF,,,,,,P
120523-168965,P,Tanner,Tanner Banks,Banks,5.078125,64,5500,PHI@LAD,PHI,LAD,,,,,,P
120523-189470,P,Kyle,Kyle Leahy,Leahy,7.232142857142857,57,5500,CIN@STL,STL,CIN,,,,,,P
120523-82999,P,Scott,Scott Barlow,Barlow,4.985915492957746,72,5500,CIN@STL,CIN,STL,,,,,,P
120523-82998,P,Lou,Lou Trivino,Trivino,4.348837209302325,43,5500,PHI@LAD,PHI,LAD,,,,,,P
120523-212025,P,Zach,Zach Penrod,Penrod,3,7,5500,PHI@LAD,LAD,PHI,,,,,,P
120523-154688,P,Jake,Jake Cousins,Cousins,6.4186046511627906,43,5500,NYY@MIN,NYY,MIN,IL,Elbow,,,,P
120523-11333,P,Craig,Craig Kimbrel,Kimbrel,5.1,10,5500,TEX@HOU,HOU,TEX,,,,,,P
120523-179275,P,Fernando,Fernando Cruz,Cruz,7.146341463414634,42,5500,NYY@MIN,NYY,MIN,,,,,,P
120523-203863,P,Gordon,Gordon Graceffo,Graceffo,7.636363636363637,22,5500,CIN@STL,STL,CIN,,,,,,P
120523-189528,P,Robert,Robert Garcia,Garcia,5.061538461538461,66,5500,TEX@HOU,TEX,HOU,,,,,,P
120523-195682,P,Orion,Orion Kerkering,Kerkering,5.209677419354839,63,5500,PHI@LAD,PHI,LAD,,,,,,P
120523-195681,P,Jose,Jose Espada,Espada,,0,5500,BAL@CWS,BAL,CWS,,,,,,P
120523-83054,P,Justin,Justin Anderson,Anderson,4.796296296296297,56,5500,BAL@CWS,CWS,BAL,,,,,,P
120523-85108,P,Enyel,Enyel De Los Santos,De Los Santos,5.607142857142857,59,5500,TEX@HOU,HOU,TEX,,,,,,P
120523-232576,P,Zach,Zach Maxwell,Maxwell,7.285714285714286,7,5500,CIN@STL,CIN,STL,,,,,,P
120523-21653,P,Hector,Hector Neris,Neris,4.46875,35,5500,TEX@HOU,HOU,TEX,,,,,,P
120523-83097,P,D.J.,D.J. Snelten,Snelten,,0,5500,BAL@CWS,CWS,BAL,,,,,,P
120523-38043,P,Enny,Enny Romero,Romero,,0,5500,SF@ARI,SF,ARI,,,,,,P
120523-152733,P,Griffin,Griffin Jax,Jax,5.7272727272727275,68,5500,TOR@TB,TB,TOR,,,,,,P
120523-154794,P,Joe,Joe Barlow,Barlow,,0,5500,TEX@HOU,TEX,HOU,,,,,,P
120523-140459,P,John,John King,King,3.2,45,5500,CIN@STL,STL,CIN,,,,,,P
120523-232618,P,Taylor,Taylor Rashi,Rashi,7.6,5,5500,SF@ARI,ARI,SF,,,,,,P
120523-160965,P,Elvis,Elvis Peguero,Peguero,3.875,8,5500,BAL@CWS,CWS,BAL,IL,Elbow,,,,P
120523-206028,P,River,River Ryan,Ryan,28,4,5500,PHI@LAD,LAD,PHI,IL,Elbow,,,,P
120523-83154,P,Miguel,Miguel Del Pozo,Del Pozo,,0,5500,SF@ARI,SF,ARI,,,,,,P
120523-83158,P,Seranthony,Seranthony Dominguez,Dominguez,5.583333333333333,61,5500,TOR@TB,TOR,TB,,,,,,P
120523-38106,P,Kirby,Kirby Yates,Yates,5.021739130434782,48,5500,PHI@LAD,LAD,PHI,,,,,,P
120523-79067,P,Alex,Alex Young,Young,4.529411764705882,17,5500,CIN@STL,CIN,STL,IL,Elbow,,,,P
120523-83163,P,Jonathan,Jonathan Loaisiga,Loaisiga,4.066666666666666,30,5500,NYY@MIN,NYY,MIN,IL,Elbow,,,,P
120523-79066,P,Anthony,Anthony Banda,Banda,4.723076923076923,65,5500,PHI@LAD,LAD,PHI,,,,,,P
120523-83172,P,Jonathan,Jonathan Hernandez,Hernandez,6.448275862068965,29,5500,TOR@TB,TB,TOR,,,,,,P
120523-79085,P,Keegan,Keegan Akin,Akin,5.2105263157894735,58,5500,BAL@CWS,BAL,CWS,,,,,,P
120523-79084,P,Tanner,Tanner Scott,Scott,4.433962264150943,55,5500,PHI@LAD,LAD,PHI,,,,,,P
120523-60656,P,Jeff,Jeff Hoffman,Hoffman,5.8307692307692305,65,5500,TOR@TB,TOR,TB,,,,,,P
120523-197877,P,Cristian,Cristian Mena,Mena,15.666666666666666,3,5500,SF@ARI,ARI,SF,IL,Shoulder,,,,P
120523-79097,P,Bryan,Bryan Hudson,Hudson,4.875,16,5500,BAL@CWS,CWS,BAL,IL,Back,,,,P
120523-146684,P,Jared,Jared Kelley,Kelley,,0,5500,BAL@CWS,CWS,BAL,,,,,,P
120523-197884,P,Yoniel,Yoniel Curet,Curet,0,1,5500,TOR@TB,TB,TOR,,,,,,P
120523-197891,P,Michael,Michael Arias,Arias,0,2,5500,NYY@MIN,NYY,MIN,,,,,,P
120523-197890,P,Marc,Marc Church,Church,4.6,5,5500,TEX@HOU,TEX,HOU,IL,Elbow,,,,P
120523-146688,P,Alex,Alex Santos II,Santos II,,0,5500,TEX@HOU,HOU,TEX,,,,,,P
120523-197893,P,Jose,Jose Corniell,Corniell,0,1,5500,TEX@HOU,TEX,HOU,,,,,,P
120523-197897,P,Trevor,Trevor McDonald,McDonald,12,1,5500,SF@ARI,SF,ARI,,,,,,P
120523-197896,P,Will,Will Klein,Klein,7.1,10,5500,PHI@LAD,LAD,PHI,,,,,,P
120523-146702,P,Cole,Cole Sands,Sands,4.825396825396825,63,5500,NYY@MIN,MIN,NYY,,,,,,P
120523-70933,P,Brock,Brock Stewart,Stewart,5.209302325581396,43,5500,PHI@LAD,LAD,PHI,IL,Shoulder,,,,P
120523-79129,P,Kyle,Kyle Funkhouser,Funkhouser,,0,5500,PHI@LAD,LAD,PHI,,,,,,P
120523-197919,P,Jairo,Jairo Iriarte,Iriarte,5.5,6,5500,BAL@CWS,CWS,BAL,,,,,,P
120523-179490,P,Cole,Cole Waites,Waites,,0,5500,SF@ARI,SF,ARI,IL,Undisclosed,,,,P
120523-116002,P,Joel,Joel Kuhnel,Kuhnel,5,6,5500,NYY@MIN,NYY,MIN,,,,,,P
120523-146727,P,Justin,Justin Lange,Lange,,0,5500,NYY@MIN,NYY,MIN,IL,Undisclosed,,,,P
120523-85286,P,Ian,Ian Gibaut,Gibaut,3.28,25,5500,CIN@STL,CIN,STL,IL,Shoulder,,,,P
120523-146730,P,Nick,Nick Bitsko,Bitsko,,0,5500,TOR@TB,TB,TOR,,,,,,P
120523-79144,P,Scott,Scott Blewett,Blewett,6.730769230769231,26,5500,BAL@CWS,BAL,CWS,IL,Elbow,,,,P
120523-85288,P,Brusdar,Brusdar Graterol,Graterol,4.4,10,5500,PHI@LAD,LAD,PHI,IL,Shoulder,,,,P
120523-232744,P,Jayden,Jayden Murray,Murray,7.333333333333333,3,5500,TEX@HOU,HOU,TEX,,,,,,P
120523-146734,P,Tink,Tink Hence,Hence,,0,5500,CIN@STL,STL,CIN,IL,Undisclosed,,,,P
120523-38189,P,Michael,Michael Tonkin,Tonkin,5.111111111111111,18,5500,NYY@MIN,MIN,NYY,,,,,,P
120523-146732,P,Nick,Nick Swiney,Swiney,,0,5500,TEX@HOU,HOU,TEX,,,,,,P
120523-79150,P,Josh,Josh Staumont,Staumont,4.12,25,5500,CIN@STL,CIN,STL,IL,Undisclosed,,,,P
120523-146740,P,CJ,CJ Van Eyk,Van Eyk,,0,5500,TOR@TB,TOR,TB,,,,,,P
120523-79171,P,Phil,Phil Bickford,Bickford,2.375,8,5500,PHI@LAD,PHI,LAD,,,,,,P
120523-228678,P,Sam,Sam Benschoter,Benschoter,,0,5500,CIN@STL,CIN,STL,,,,,,P
120523-181583,P,Prelander,Prelander Berroa,Berroa,7.0588235294117645,17,5500,BAL@CWS,CWS,BAL,IL,Elbow,,,,P
120523-226643,P,AJ,AJ Blubaugh,Blubaugh,17.625,8,5500,TEX@HOU,HOU,TEX,,,,,,P
120523-197975,P,Cooper,Cooper Hjerpe,Hjerpe,,0,5500,CIN@STL,STL,CIN,IL,Elbow,,,,P
120523-204119,P,Jacob,Jacob Bosiokovic,Bosiokovic,,0,5500,NYY@MIN,MIN,NYY,,,,,,P
120523-79196,P,Albert,Albert Abreu,Abreu,,0,5500,CIN@STL,CIN,STL,,,,,,P
120523-232804,P,Cody,Cody Laweryson,Laweryson,12,1,5500,NYY@MIN,MIN,NYY,,,,,,P
120523-79209,P,A.J.,A.J. Puk,Puk,6.375,8,5500,SF@ARI,ARI,SF,IL,Elbow,,,,P
120523-193897,P,Kody,Kody Funderburk,Funderburk,4.9375,32,5500,NYY@MIN,MIN,NYY,,,,,,P
120523-79220,P,Kevin,Kevin Gowdy,Gowdy,,0,5500,TOR@TB,TOR,TB,,,,,,P
120523-159099,P,Connor,Connor Overton,Overton,0,2,5500,TOR@TB,TOR,TB,,,,,,P
120523-79265,P,Alex,Alex Speas,Speas,9,2,5500,NYY@MIN,MIN,NYY,,,,,,P
120523-118185,P,Matt,Matt Foster,Foster,4.333333333333333,6,5500,SF@ARI,ARI,SF,,,,,,P
120523-79275,P,Sean,Sean Reid-Foley,Reid-Foley,5.826086956521739,23,5500,SF@ARI,ARI,SF,,,,,,P
120523-101803,P,Jacob,Jacob Webb,Webb,5.76,50,5500,TEX@HOU,TEX,HOU,,,,,,P
120523-118195,P,Tejay,Tejay Antone,Antone,4.5,6,5500,CIN@STL,CIN,STL,,,,,,P
120523-101816,P,Bryan,Bryan Abreu,Abreu,7.265625,65,5500,TEX@HOU,HOU,TEX,,,,,,P
120523-101822,P,Josh,Josh Sborz,Sborz,5.6875,17,5500,TEX@HOU,TEX,HOU,IL,Shoulder,,,,P
120523-118208,P,Brooks,Brooks Kriske,Kriske,3.9375,16,5500,NYY@MIN,MIN,NYY,,,,,,P
120523-228800,P,Lazaro,Lazaro Estrada,Estrada,15.5,2,5500,TOR@TB,TOR,TB,,,,,,P
120523-101829,P,Trey,Trey Supak,Supak,,0,5500,TEX@HOU,TEX,HOU,,,,,,P
120523-118217,P,Manuel,Manuel Rodriguez,Rodriguez,4.870967741935484,31,5500,TOR@TB,TB,TOR,IL,Forearm,,,,P
120523-118224,P,Garrett,Garrett Cleavinger,Cleavinger,5.983333333333333,61,5500,TOR@TB,TB,TOR,,,,,,P
120523-101845,P,Genesis,Genesis Cabrera,Cabrera,3.6,35,5500,NYY@MIN,MIN,NYY,,,,,,P
120523-101854,P,Jacob,Jacob Waguespack,Waguespack,11.25,4,5500,PHI@LAD,PHI,LAD,,,,,,P
120523-185847,P,Garrett,Garrett Acton,Acton,3,1,5500,TOR@TB,TB,TOR,,,,,,P
120523-95737,P,Ian,Ian Hamilton,Hamilton,5.583333333333333,36,5500,NYY@MIN,NYY,MIN,,,,,,P
120523-161273,P,Scott,Scott Effross,Effross,1.8181818181818181,11,5500,NYY@MIN,NYY,MIN,,,,,,P
120523-226819,P,Caleb,Caleb Freeman,Freeman,2.6,5,5500,BAL@CWS,CWS,BAL,,,,,,P
120523-101904,P,Jordan,Jordan Romano,Romano,3.4166666666666665,49,5500,PHI@LAD,PHI,LAD,IL,Finger,,,,P
120523-79390,P,Michael,Michael Kopech,Kopech,4.538461538461538,13,5500,PHI@LAD,LAD,PHI,,,,,,P
120523-58913,P,Danny,Danny Coulombe,Coulombe,4.4,51,5500,TEX@HOU,TEX,HOU,IL,Shoulder,,,,P
120523-79402,P,Cionel,Cionel Perez,Perez,3.5789473684210527,19,5500,BAL@CWS,BAL,CWS,,,,,,P
120523-181815,P,Brent,Brent Headrick,Headrick,7.9411764705882355,17,5500,NYY@MIN,NYY,MIN,IL,Forearm,,,,P
120523-222783,P,Grant,Grant Taylor,Taylor,6.172413793103448,31,5500,BAL@CWS,CWS,BAL,DTD,Groin,,,,P
120523-181826,P,Colby,Colby White,White,0,1,5500,NYY@MIN,NYY,MIN,,,,,,P
120523-222784,P,Hagen,Hagen Smith,Smith,,0,5500,BAL@CWS,CWS,BAL,,,,,,P
120523-185926,P,Ryan,Ryan Walker,Walker,4.819672131147541,62,5500,SF@ARI,SF,ARI,,,,,,P
120523-181831,P,Yosver,Yosver Zulueta,Zulueta,4.857142857142857,7,5500,CIN@STL,CIN,STL,,,,,,P
120523-222790,P,Jose,Jose Rodriguez,Rodriguez,,0,5500,PHI@LAD,LAD,PHI,,,,,,P
120523-222789,P,Jackson,Jackson Ferris,Ferris,,0,5500,PHI@LAD,LAD,PHI,,,,,,P
120523-226884,P,Christian,Christian Montes De Oca,Montes De Oca,14,1,5500,SF@ARI,ARI,SF,IL,Back,,,,P
120523-181836,P,Justin,Justin Martinez,Martinez,6.0625,17,5500,SF@ARI,ARI,SF,IL,Elbow,,,,P
120523-81488,P,Jose,Jose Ruiz,Ruiz,2.888888888888889,18,5500,TEX@HOU,TEX,HOU,,,,,,P
120523-73301,P,Brent,Brent Suter,Suter,5.531914893617022,47,5500,CIN@STL,CIN,STL,,,,,,P
120523-222807,P,Alejandro,Alejandro Rosario,Rosario,,0,5500,TEX@HOU,TEX,HOU,IL,Elbow,,,,P
120523-181847,P,Noah,Noah Denoyer,Denoyer,,0,5500,BAL@CWS,BAL,CWS,,,,,,P
120523-181850,P,Colin,Colin Selby,Selby,6,9,5500,BAL@CWS,BAL,CWS,IL,Hamstring,,,,P
120523-85600,P,Ryan,Ryan Burr,Burr,10.5,2,5500,TOR@TB,TOR,TB,IL,Shoulder,,,,P
120523-226913,P,Yaramil,Yaramil Hiraldo,Hiraldo,4.333333333333333,12,5500,BAL@CWS,BAL,CWS,,,,,,P
120523-5735,P,David,David Robertson,Robertson,6.533333333333333,15,5500,PHI@LAD,PHI,LAD,,,,,,P
120523-226925,P,Andrew,Andrew Hoffmann,Hoffmann,5.1,10,5500,SF@ARI,ARI,SF,IL,Elbow,,,,P
120523-222834,P,Quinn,Quinn Mathews,Mathews,,0,5500,CIN@STL,STL,CIN,,,,,,P
120523-210559,P,Brady,Brady Feigl,Feigl,-13,1,5500,NYY@MIN,MIN,NYY,,,,,,P
120523-222855,P,Ty,Ty Johnson,Johnson,,0,5500,TOR@TB,TB,TOR,,,,,,P
120523-222854,P,Brody,Brody Hopkins,Hopkins,,0,5500,TOR@TB,TB,TOR,,,,,,P
120523-165509,P,Bryce,Bryce Bonnin,Bonnin,,0,5500,TEX@HOU,TEX,HOU,,,,,,P
120523-222857,P,Jackson,Jackson Baumeister,Baumeister,,0,5500,TOR@TB,TB,TOR,IL,Undisclosed,,,,P
120523-222856,P,Trevor,Trevor Harrison,Harrison,,0,5500,TOR@TB,TB,TOR,,,,,,P
120523-190092,P,Devin,Devin Sweet,Sweet,,0,5500,PHI@LAD,PHI,LAD,,,,,,P
120523-52887,P,Tyler,Tyler Matzek,Matzek,4.428571428571429,7,5500,CIN@STL,STL,CIN,IL,Undisclosed,,,,P
120523-165528,P,Joe,Joe Rock,Rock,16.666666666666668,3,5500,TOR@TB,TB,TOR,,,,,,P
120523-226969,P,Brian,Brian Van Belle,Van Belle,8.5,4,5500,TOR@TB,TB,TOR,IL,Elbow,,,,P
120523-226968,P,Kyle,Kyle Backhus,Backhus,3.21875,32,5500,SF@ARI,ARI,SF,,,,,,P
120523-220834,P,Nate,Nate Lavender,Lavender,,0,5500,TOR@TB,TB,TOR,IL,Elbow,,,,P
120523-38563,P,Yimi,Yimi Garcia,Garcia,5.318181818181818,22,5500,TOR@TB,TOR,TB,IL,Elbow,,,,P
120523-220838,P,Garrett,Garrett McDaniels,McDaniels,2.9,10,5500,PHI@LAD,LAD,PHI,,,,,,P
120523-220837,P,Evan,Evan Reifert,Reifert,,0,5500,TOR@TB,TB,TOR,,,,,,P
120523-220836,P,Angel,Angel Bastardo,Bastardo,,0,5500,TOR@TB,TOR,TB,IL,Elbow,,,,P
120523-226980,P,Andre,Andre Granillo,Granillo,6.428571428571429,14,5500,CIN@STL,STL,CIN,,,,,,P
120523-220842,P,Eiberson,Eiberson Castellano,Castellano,,0,5500,PHI@LAD,PHI,LAD,,,,,,P
120523-165545,P,Tanner,Tanner McDougal,McDougal,,0,5500,BAL@CWS,CWS,BAL,,,,,,P
120523-220847,P,Grant,Grant Wolfram,Wolfram,7.35,20,5500,BAL@CWS,BAL,CWS,,,,,,P
120523-220845,P,Juan,Juan Nunez,Nunez,,0,5500,BAL@CWS,BAL,CWS,IL,Undisclosed,,,,P
120523-163507,P,Alan,Alan Rangel,Rangel,9.6,5,5500,PHI@LAD,PHI,LAD,,,,,,P
120523-222898,P,Mason,Mason Fluharty,Fluharty,4.833333333333333,51,5500,TOR@TB,TOR,TB,,,,,,P
120523-114356,P,Kevin,Kevin Ginkel,Ginkel,3.689655172413793,29,5500,SF@ARI,ARI,SF,IL,Shoulder,,,,P
120523-114360,P,Devin,Devin Williams,Williams,5.45,61,5500,NYY@MIN,NYY,MIN,,,,,,P
120523-38596,P,Chris,Chris Martin,Martin,5.2682926829268295,44,5500,TEX@HOU,TEX,HOU,DTD,Hand,,,,P
120523-165582,P,Robinson,Robinson Pina,Pina,2,2,5500,TOR@TB,TOR,TB,IL,Elbow,,,,P
120523-81615,P,Tim,Tim Mayza,Mayza,4.916666666666667,12,5500,PHI@LAD,PHI,LAD,,,,,,P
120523-81614,P,Thyago,Thyago Vieira,Vieira,6.111111111111111,28,5500,SF@ARI,ARI,SF,O,Elbow,,,,P
120523-222930,P,Logan,Logan VanWey,VanWey,3.888888888888889,9,5500,TEX@HOU,HOU,TEX,,,,,,P
120523-165584,P,Alejandro,Alejandro Hidalgo,Hidalgo,,0,5500,NYY@MIN,MIN,NYY,,,,,,P
120523-198357,P,Ryan,Ryan Fernandez,Fernandez,2.9583333333333335,25,5500,CIN@STL,STL,CIN,,,,,,P
120523-165595,P,Maddux,Maddux Bruns,Bruns,,0,5500,PHI@LAD,LAD,PHI,,,,,,P
120523-198361,P,Carson,Carson Coleman,Coleman,0,1,5500,NYY@MIN,NYY,MIN,,,,,,P
120523-112348,P,Cody,Cody Stashak,Stashak,,0,5500,PHI@LAD,PHI,LAD,,,,,,P
120523-229084,P,Brandyn,Brandyn Garcia,Garcia,4,8,5500,SF@ARI,ARI,SF,,,,,,P
120523-212709,P,Edgardo,Edgardo Henriquez,Henriquez,4.588235294117647,17,5500,PHI@LAD,LAD,PHI,,,,,,P
120523-81641,P,John,John Curtiss,Curtiss,5.8,25,5500,SF@ARI,ARI,SF,,,,,,P
120523-181992,P,Jose,Jose Hernandez,Hernandez,4,8,5500,PHI@LAD,LAD,PHI,,,,,,P
120523-182005,P,Kevin,Kevin Kelly,Kelly,3.9411764705882355,35,5500,TOR@TB,TB,TOR,,,,,,P
120523-165628,P,Josh,Josh Walker,Walker,9,3,5500,BAL@CWS,BAL,CWS,,,,,,P
120523-165635,P,Brendan,Brendan Beck,Beck,,0,5500,NYY@MIN,NYY,MIN,,,,,,P
120523-165637,P,Brock,Brock Selvidge,Selvidge,,0,5500,NYY@MIN,NYY,MIN,,,,,,P
120523-161545,P,Kaleb,Kaleb Ort,Ort,4.530612244897959,49,5500,TEX@HOU,HOU,TEX,IL,Elbow,,,,P
120523-194320,P,Andrew,Andrew Saalfrank,Saalfrank,5.04,25,5500,SF@ARI,ARI,SF,,,,,,P
120523-165653,P,Cristian,Cristian Hernandez,Hernandez,,0,5500,NYY@MIN,NYY,MIN,,,,,,P
120523-165674,P,Adam,Adam Macko,Macko,0,1,5500,TOR@TB,TOR,TB,,,,,,P
120523-165673,P,Levi,Levi Stoudt,Stoudt,0,1,5500,BAL@CWS,BAL,CWS,,,,,,P
120523-182062,P,Gus,Gus Varland,Varland,5.230769230769231,26,5500,SF@ARI,ARI,SF,IL,Undisclosed,,,,P
120523-182065,P,Zach,Zach Greene,Greene,,0,5500,NYY@MIN,NYY,MIN,,,,,,P
120523-165687,P,Will,Will Bednar,Bednar,,0,5500,SF@ARI,SF,ARI,,,,,,P
120523-165684,P,Matt,Matt Mikulski,Mikulski,,0,5500,NYY@MIN,MIN,NYY,,,,,,P
120523-165691,P,Manuel,Manuel Mercedes,Mercedes,,0,5500,SF@ARI,SF,ARI,,,,,,P
120523-165695,P,Edwin,Edwin Nunez,Nunez,,0,5500,CIN@STL,STL,CIN,,,,,,P
120523-165696,P,Ian,Ian Bedell,Bedell,,0,5500,CIN@STL,STL,CIN,,,,,,P
120523-163655,P,Daniel,Daniel Duarte,Duarte,12,3,5500,NYY@MIN,MIN,NYY,IL,Elbow,,,,P
120523-163658,P,Randy,Randy Rodriguez,Rodriguez,6.82,50,5500,SF@ARI,SF,ARI,IL,Elbow,,,,P
120523-163660,P,Steven,Steven Wilson,Wilson,4.592592592592593,54,5500,BAL@CWS,CWS,BAL,,,,,,P
120523-204624,P,Eric,Eric Orze,Orze,6.333333333333333,33,5500,TOR@TB,TB,TOR,,,,,,P
120523-204631,P,Hunter,Hunter Bigge,Bigge,5.3076923076923075,13,5500,TOR@TB,TB,TOR,IL,Lat,,,,P
120523-165719,P,Irv,Irv Carter,Carter,,0,5500,TOR@TB,TOR,TB,,,,,,P
120523-165716,P,Sem,Sem Robberse,Robberse,0,2,5500,CIN@STL,STL,CIN,IL,Elbow,,,,P
120523-165722,P,Chad,Chad Dallas,Dallas,,0,5500,TOR@TB,TOR,TB,IL,Undisclosed,,,,P
120523-108380,P,Tayler,Tayler Scott,Scott,3.6666666666666665,24,5500,TEX@HOU,HOU,TEX,,,,,,P
120523-163690,P,Nathan,Nathan Webb,Webb,,0,5500,BAL@CWS,BAL,CWS,,,,,,P
120523-163701,P,Felix,Felix Bautista,Bautista,6.571428571428571,35,5500,BAL@CWS,BAL,CWS,IL,Shoulder,,,,P
120523-102314,P,Lenny,Lenny Torres,Torres,,0,5500,CIN@STL,CIN,STL,,,,,,P
120523-108461,P,Pete,Pete Fairbanks,Fairbanks,5.428571428571429,56,5500,TOR@TB,TB,TOR,,,,,,P
120523-102334,P,Corbin,Corbin Martin,Martin,5.8125,17,5500,BAL@CWS,BAL,CWS,,,,,,P
120523-102355,P,Jorge,Jorge Alcala,Alcala,4.333333333333333,53,5500,CIN@STL,STL,CIN,,,,,,P
120523-102386,P,Steven,Steven Jennings,Jennings,,0,5500,TEX@HOU,TEX,HOU,,,,,,P
120523-210936,P,Evan,Evan Kravetz,Kravetz,2,1,5500,CIN@STL,CIN,STL,,,,,,P
120523-102399,P,Sam,Sam Carlson,Carlson,,0,5500,PHI@LAD,LAD,PHI,,,,,,P
120523-60643,OF,Aaron,Aaron Judge,Judge,15.651799263714029,139,4900,NYY@MIN,NYY,MIN,,,,,,OF/UTIL
120523-82440,OF,Shohei,Shohei Ohtani,Ohtani,15.133561643835616,146,4700,PHI@LAD,LAD,PHI,,,,,,OF/UTIL
120523-60631,OF,Kyle,Kyle Schwarber,Schwarber,14.182000325520834,150,4300,PHI@LAD,PHI,LAD,,,,,,OF/UTIL
120523-119297,OF,Corbin,Corbin Carroll,Carroll,13.633082339638158,133,4200,SF@ARI,ARI,SF,,,,,,OF/UTIL
120523-39086,OF,Byron,Byron Buxton,Buxton,13.512280915912829,114,4100,NYY@MIN,MIN,NYY,,,,,,OF/UTIL
120523-68585,3B/1B,Rafael,Rafael Devers,Devers,11.922666829427083,150,4000,SF@ARI,SF,ARI,,,,,,C/1B/3B/UTIL
120523-102438,SS,Geraldo,Geraldo Perdomo,Perdomo,12.220805532980286,149,3900,SF@ARI,ARI,SF,,,,,,SS/UTIL
120523-165513,SS,Elly,Elly De La Cruz,De La Cruz,11.740939761168205,149,3900,CIN@STL,CIN,STL,,,,,,SS/UTIL
120523-39151,2B/SS/OF,Mookie,Mookie Betts,Betts,10.512318486752717,138,3800,PHI@LAD,LAD,PHI,,,,,,2B/SS/OF/UTIL
120523-65881,SS,Trea,Trea Turner,Turner,12.209286063058036,140,3800,PHI@LAD,PHI,LAD,IL,Hamstring,,,,SS/UTIL
120523-82527,2B/3B,Jazz,Jazz Chisholm Jr.,Chisholm Jr.,12.518803001469017,117,3800,NYY@MIN,NYY,MIN,,,,,,2B/3B/UTIL
120523-12948,1B,Bryce,Bryce Harper,Harper,11.793443023181352,122,3800,PHI@LAD,PHI,LAD,,,,,,C/1B/UTIL
120523-195679,3B,Junior,Junior Caminero,Caminero,12.124475865930943,143,3800,TOR@TB,TB,TOR,,,,,,3B/UTIL
120523-60655,SS,Willy,Willy Adames,Adames,10.58231275908801,147,3700,SF@ARI,SF,ARI,,,,,,SS/UTIL
120523-21853,2B,Ketel,Ketel Marte,Marte,11.924348250679348,115,3700,SF@ARI,ARI,SF,,,,,,2B/UTIL
120523-16983,OF,George,George Springer,Springer,12.829134242741143,127,3600,TOR@TB,TOR,TB,,,,,,OF/UTIL
120523-82575,OF,Yordan,Yordan Alvarez,Alvarez,9.482978983128325,47,3600,TEX@HOU,HOU,TEX,,,,,,OF/UTIL
120523-11334,1B,Freddie,Freddie Freeman,Freeman,11.102222583912036,135,3600,PHI@LAD,LAD,PHI,,,,,,C/1B/UTIL
120523-73023,OF,Teoscar,Teoscar Hernandez,Hernandez,10.147967082698171,123,3600,PHI@LAD,LAD,PHI,,,,,,OF/UTIL
120523-12302,OF,Giancarlo,Giancarlo Stanton,Stanton,10.9984619140625,65,3500,NYY@MIN,NYY,MIN,,,,,,OF/UTIL
120523-79273,1B,Vladimir,Vladimir Guerrero Jr.,Guerrero Jr.,11.654545283817745,143,3500,TOR@TB,TOR,TB,,,,,,C/1B/UTIL
120523-82533,OF,Daulton,Daulton Varsho,Varsho,11.940000406901042,60,3400,TOR@TB,TOR,TB,,,,,,OF/UTIL
120523-79401,C,Will,Will Smith,Smith,10.702727716619318,110,3400,PHI@LAD,LAD,PHI,IL,Hand,,,,C/1B/UTIL
120523-198526,OF,Wyatt,Wyatt Langford,Langford,10.921093940734863,128,3400,TEX@HOU,TEX,HOU,,,,,,OF/UTIL
120523-52176,3B,Max,Max Muncy,Muncy,10.86021505376344,93,3300,PHI@LAD,LAD,PHI,,,,,,3B/UTIL
120523-79159,OF/1B,Cody,Cody Bellinger,Bellinger,11.5,139,3300,NYY@MIN,NYY,MIN,,,,,,C/1B/OF/UTIL
120523-38218,1B,Christian,Christian Walker,Walker,9.293007163734703,143,3300,TEX@HOU,HOU,TEX,,,,,,C/1B/UTIL
120523-85504,2B,Brandon,Brandon Lowe,Lowe,10.426400390625,125,3300,TOR@TB,TB,TOR,,,,,,2B/UTIL
120523-222785,2B,Luke,Luke Keaschall,Keaschall,12.55714343843006,42,3300,NYY@MIN,MIN,NYY,,,,,,2B/UTIL
120523-102555,3B/OF,Noelvi,Noelvi Marte,Marte,10.49102548452524,78,3200,CIN@STL,CIN,STL,,,,,,3B/OF/UTIL
120523-14562,2B/OF,Jose,Jose Altuve,Altuve,9.995833502875435,144,3200,TEX@HOU,HOU,TEX,DTD,Foot,,,,2B/OF/UTIL
120523-119345,SS,Jeremy,Jeremy Pena,Pena,10.783333333333333,120,3200,TEX@HOU,HOU,TEX,,,,,,SS/UTIL
120523-119420,C/OF,Ivan,Ivan Herrera,Herrera,10.657894736842104,95,3200,CIN@STL,STL,CIN,,,,,,C/1B/OF/UTIL
120523-82574,3B,Isaac,Isaac Paredes,Paredes,10.651063959649269,94,3200,TEX@HOU,HOU,TEX,IL,Hamstring,,,,3B/UTIL
120523-82642,OF,Heliot,Heliot Ramos,Ramos,9.507638719346788,144,3200,SF@ARI,SF,ARI,,,,,,OF/UTIL
120523-82654,SS,Bo,Bo Bichette,Bichette,11.302877522200989,139,3200,TOR@TB,TOR,TB,IL,Knee,,,,SS/UTIL
120523-68544,3B,Matt,Matt Chapman,Chapman,10.762931034482758,116,3200,SF@ARI,SF,ARI,,,,,,3B/UTIL
120523-85520,OF,Adolis,Adolis Garcia,Garcia,9.426190088665674,126,3200,TEX@HOU,TEX,HOU,,,,,,OF/UTIL
120523-165535,SS/3B,Colson,Colson Montgomery,Montgomery,11.418644274695446,59,3200,BAL@CWS,CWS,BAL,,,,,,3B/SS/UTIL
120523-81953,OF,Austin,Austin Hays,Hays,10.6206180533183,97,3100,CIN@STL,CIN,STL,,,,,,OF/UTIL
120523-203111,C/1B,Ben,Ben Rice,Rice,9.538582869402067,127,3100,NYY@MIN,NYY,MIN,,,,,,C/1B/UTIL
120523-119306,SS,Gunnar,Gunnar Henderson,Henderson,10.6539003629211,141,3100,BAL@CWS,BAL,CWS,,,,,,SS/UTIL
120523-146695,OF,Andy,Andy Pages,Pages,9.813986184713723,143,3100,PHI@LAD,LAD,PHI,,,,,,OF/UTIL
120523-79120,1B,Yandy,Yandy Diaz,Diaz,10.576258817165018,139,3100,TOR@TB,TB,TOR,,,,,,C/1B/UTIL
120523-79175,OF,Trent,Trent Grisham,Grisham,10.184732451693701,131,3100,NYY@MIN,NYY,MIN,,,,,,OF/UTIL
120523-197967,2B/SS,Jackson,Jackson Holliday,Holliday,9.554676083352069,139,3100,BAL@CWS,BAL,CWS,,,,,,2B/SS/UTIL
120523-21887,C/1B,Willson,Willson Contreras,Contreras,10.226119767374067,134,3100,CIN@STL,STL,CIN,DTD,Undisclosed,,,,C/1B/UTIL
120523-102326,1B/2B/3B/OF,Kody,Kody Clemens,Clemens,7.838888662832755,108,3100,NYY@MIN,MIN,NYY,,,,,,C/1B/2B/3B/OF/UTIL
120523-225386,OF,Chandler,Chandler Simpson,Simpson,9.118181941485163,99,3000,TOR@TB,TB,TOR,,,,,,OF/UTIL
120523-119372,OF/3B/1B,Miguel,Miguel Vargas,Vargas,9.227777390252976,126,3000,BAL@CWS,CWS,BAL,,,,,,C/1B/3B/OF/UTIL
120523-119377,OF,Matt,Matt Wallner,Wallner,9.108910891089108,101,3000,NYY@MIN,MIN,NYY,,,,,,OF/UTIL
120523-119442,C,Gabriel,Gabriel Moreno,Moreno,9.378873583296654,71,3000,SF@ARI,ARI,SF,,,,,,C/1B/UTIL
120523-82608,3B,Royce,Royce Lewis,Lewis,8.510752688172044,93,3000,NYY@MIN,MIN,NYY,,,,,,3B/UTIL
120523-82734,OF,Luis,Luis Robert Jr.,Robert Jr.,9.935454767400568,110,3000,BAL@CWS,CWS,BAL,IL,Hamstring,,,,OF/UTIL
120523-146667,3B/2B,Jordan,Jordan Westburg,Westburg,10.405479117615583,73,3000,BAL@CWS,BAL,CWS,IL,Ankle,,,,2B/3B/UTIL
120523-79110,C,Tyler,Tyler Stephenson,Stephenson,8.86962040768394,79,3000,CIN@STL,CIN,STL,,,,,,C/1B/UTIL
120523-79257,OF,Josh,Josh Lowe,Lowe,9.462626139322916,99,3000,TOR@TB,TB,TOR,,,,,,OF/UTIL
120523-181830,3B/OF,Addison,Addison Barger,Barger,9.459835865458505,122,3000,TOR@TB,TOR,TB,,,,,,3B/OF/UTIL
120523-165707,SS/3B/2B/1B/OF,Josh,Josh Smith,Smith,8.252206241383272,136,3000,TEX@HOU,TEX,HOU,,,,,,C/1B/2B/3B/SS/OF/UTIL
120523-198539,OF,Jung Hoo,Jung Hoo Lee,Lee,9.093525179856115,139,3000,SF@ARI,SF,ARI,,,,,,OF/UTIL
120523-102296,OF,TJ,TJ Friedl,Friedl,9.619285365513393,140,3000,CIN@STL,CIN,STL,,,,,,OF/UTIL
120523-108450,SS/2B/OF/3B,Tommy,Tommy Edman,Edman,8.653932721427317,89,3000,PHI@LAD,LAD,PHI,,,,,,2B/3B/SS/OF/UTIL
120523-102435,SS/2B/3B/OF,Blaze,Blaze Alexander,Alexander,8.14920673673115,63,2900,SF@ARI,ARI,SF,DTD,Elbow,,,,2B/3B/SS/OF/UTIL
120523-119395,OF,Jasson,Jasson Dominguez,Dominguez,8.777777777777779,117,2900,NYY@MIN,NYY,MIN,,,,,,OF/UTIL
120523-119405,2B/SS,Bryson,Bryson Stott,Stott,9.284444625289352,135,2900,PHI@LAD,PHI,LAD,,,,,,2B/SS/UTIL
120523-82570,1B,Jake,Jake Burger,Burger,8.520213025681516,94,2900,TEX@HOU,TEX,HOU,,,,,,C/1B/UTIL
120523-119437,3B,Josh,Josh Jung,Jung,7.9991598690257355,119,2900,TEX@HOU,TEX,HOU,,,,,,3B/UTIL
120523-68514,3B,Ryan,Ryan McMahon,McMahon,7.890344659213362,145,2900,NYY@MIN,NYY,MIN,,,,,,3B/UTIL
120523-68547,OF,Tyler,Tyler O'Neill,O'Neill,9.022222222222222,45,2900,BAL@CWS,BAL,CWS,,,,,,OF/UTIL
120523-52170,1B/OF,Dominic,Dominic Smith,Smith,8.201587495349703,63,2900,SF@ARI,SF,ARI,IL,Hamstring,,,,C/1B/OF/UTIL
120523-185303,SS/2B/3B/OF,Jose,Jose Caballero,Caballero,8.488033979366987,117,2900,NYY@MIN,NYY,MIN,,,,,,2B/3B/SS/OF/UTIL
120523-21705,2B,Marcus,Marcus Semien,Semien,9.156693105622539,127,2900,TEX@HOU,TEX,HOU,IL,Foot,,,,2B/UTIL
120523-146716,C,Austin,Austin Wells,Wells,8.692173700747283,115,2900,NYY@MIN,NYY,MIN,,,,,,C/1B/UTIL
120523-79195,OF/1B/3B,Miguel,Miguel Andujar,Andujar,8.43647030101103,85,2900,CIN@STL,CIN,STL,,,,,,C/1B/3B/OF/UTIL
120523-21875,OF,Max,Max Kepler,Kepler,8.270588337874212,119,2900,PHI@LAD,PHI,LAD,,,,,,OF/UTIL
120523-79249,OF,Harrison,Harrison Bader,Bader,8.406716417910447,134,2900,PHI@LAD,PHI,LAD,,,,,,OF/UTIL
120523-79272,OF,Lourdes,Lourdes Gurriel Jr.,Gurriel Jr.,9.646511817163276,129,2900,SF@ARI,ARI,SF,IL,Knee,,,,OF/UTIL
120523-165559,C,Yainer,Yainer Diaz,Diaz,8.341221001312023,131,2900,TEX@HOU,HOU,TEX,,,,,,C/1B/UTIL
120523-38614,SS/3B,Carlos,Carlos Correa,Correa,8.218045112781954,133,2900,TEX@HOU,HOU,TEX,,,,,,3B/SS/UTIL
120523-102348,SS,Jeremiah,Jeremiah Jackson,Jackson,8.848648483688766,37,2900,BAL@CWS,BAL,CWS,,,,,,SS/UTIL
120523-102362,OF,Trevor,Trevor Larnach,Larnach,8.64848466352983,132,2900,NYY@MIN,MIN,NYY,,,,,,OF/UTIL
120523-79918,C,Kyle,Kyle Higashioka,Higashioka,8.002353084788602,85,2800,TEX@HOU,TEX,HOU,,,,,,C/1B/UTIL
120523-135218,OF,Jake,Jake Meyers,Meyers,8.545833587646484,96,2800,TEX@HOU,HOU,TEX,,,,,,OF/UTIL
120523-135366,SS,Masyn,Masyn Winn,Winn,8.704651352046996,129,2800,CIN@STL,STL,CIN,IL,Knee,,,,SS/UTIL
120523-219666,OF,Jake,Jake Mangum,Mangum,8.011428687686012,105,2800,TOR@TB,TB,TOR,,,,,,OF/UTIL
120523-119396,SS,Anthony,Anthony Volpe,Volpe,8.906383325022164,141,2800,NYY@MIN,NYY,MIN,DTD,Shoulder,,,,SS/UTIL
120523-224021,3B/1B/OF,Otto,Otto Kemp,Kemp,8.064150828235555,53,2800,PHI@LAD,PHI,LAD,,,,,,C/1B/3B/OF/UTIL
120523-119621,OF,Luis,Luis Matos,Matos,7.591228284333882,57,2800,SF@ARI,SF,ARI,,,,,,OF/UTIL
120523-68495,OF,Andrew,Andrew Benintendi,Benintendi,9.258406647538717,113,2800,BAL@CWS,CWS,BAL,,,,,,OF/UTIL
120523-173078,OF,Alex,Alex Call,Call,6.527000122070312,100,2800,PHI@LAD,LAD,PHI,,,,,,OF/UTIL
120523-13342,OF,Nick,Nick Castellanos,Castellanos,8.83941605839416,137,2800,PHI@LAD,PHI,LAD,,,,,,OF/UTIL
120523-179272,OF/1B/2B,Spencer,Spencer Steer,Steer,8.660740379050926,135,2800,CIN@STL,CIN,STL,,,,,,C/1B/2B/OF/UTIL
120523-154711,OF,Lars,Lars Nootbaar,Nootbaar,9.028225806451612,124,2800,CIN@STL,STL,CIN,,,,,,OF/UTIL
120523-79082,1B,Ryan,Ryan Mountcastle,Mountcastle,7.52716064453125,81,2800,BAL@CWS,BAL,CWS,,,,,,C/1B/UTIL
120523-79154,OF,Brandon,Brandon Marsh,Marsh,7.443089430894309,123,2800,PHI@LAD,PHI,LAD,,,,,,OF/UTIL
120523-13864,OF/1B,Joc,Joc Pederson,Pederson,5.9541177188648895,85,2800,TEX@HOU,TEX,HOU,,,,,,C/1B/OF/UTIL
120523-165507,SS/2B,Matt,Matt McLain,McLain,8.443283764284049,134,2800,CIN@STL,CIN,STL,,,,,,2B/SS/UTIL
120523-165693,OF/1B,Alec,Alec Burleson,Burleson,8.853906631469727,128,2800,CIN@STL,STL,CIN,,,,,,C/1B/OF/UTIL
120523-102415,2B/3B,Nolan,Nolan Gorman,Gorman,7.982692425067608,104,2700,CIN@STL,STL,CIN,,,,,,2B/3B/UTIL
120523-198869,C,Kyle,Kyle Teel,Teel,9.102985439015859,67,2700,BAL@CWS,CWS,BAL,,,,,,C/1B/UTIL
120523-198903,OF,Drew,Drew Gilbert,Gilbert,6.851851851851852,27,2700,SF@ARI,SF,ARI,,,,,,OF/UTIL
120523-135524,OF/2B,Austin,Austin Martin,Martin,7.343589587089343,39,2700,NYY@MIN,MIN,NYY,,,,,,2B/OF/UTIL
120523-119368,C,Ryan,Ryan Jeffers,Jeffers,8.117544073807565,114,2700,NYY@MIN,MIN,NYY,IL,Concussion,,,,C/1B/UTIL
120523-119444,C,Alejandro,Alejandro Kirk,Kirk,8.678333536783855,120,2700,TOR@TB,TOR,TB,,,,,,C/1B/UTIL
120523-164507,OF,Colton,Colton Cowser,Cowser,8.739506474247685,81,2700,BAL@CWS,BAL,CWS,,,,,,OF/UTIL
120523-12968,1B,Paul,Paul Goldschmidt,Goldschmidt,8.118044745653195,133,2700,NYY@MIN,NYY,MIN,,,,,,C/1B/UTIL
120523-82644,OF,Jesus,Jesus Sanchez,Sanchez,8.560655937820185,122,2700,TEX@HOU,HOU,TEX,,,,,,OF/UTIL
120523-17139,C,J.T.,J.T. Realmuto,Realmuto,8.64,125,2700,PHI@LAD,PHI,LAD,,,,,,C/1B/UTIL
120523-232356,OF,Dylan,Dylan Beavers,Beavers,8.883333206176758,24,2700,BAL@CWS,BAL,CWS,,,,,,OF/UTIL
120523-80847,OF,Mike,Mike Tauchman,Tauchman,8.869318181818182,88,2700,BAL@CWS,CWS,BAL,,,,,,OF/UTIL
120523-79165,2B/OF,Gavin,Gavin Lux,Lux,7.255384709284856,130,2700,CIN@STL,CIN,STL,,,,,,2B/OF/UTIL
120523-13638,1B,Wilmer,Wilmer Flores,Flores,8.086440781415519,118,2700,SF@ARI,SF,ARI,,,,,,C/1B/UTIL
120523-79216,3B,Ke'Bryan,Ke'Bryan Hayes,Hayes,6.98999982561384,140,2700,CIN@STL,CIN,STL,,,,,,3B/UTIL
120523-13719,3B,Nolan,Nolan Arenado,Arenado,8.157291412353516,96,2700,CIN@STL,STL,CIN,IL,Shoulder,,,,3B/UTIL
120523-181662,OF,Nathan,Nathan Lukes,Lukes,7.400000099244156,123,2700,TOR@TB,TOR,TB,,,,,,OF/UTIL
120523-222846,OF,Cam,Cam Smith,Smith,7.925396631634425,126,2700,TEX@HOU,HOU,TEX,,,,,,OF/UTIL
120523-165544,2B/3B/1B,Lenyn,Lenyn Sosa,Sosa,8.464615572415866,130,2700,BAL@CWS,CWS,BAL,,,,,,C/1B/2B/3B/UTIL
120523-163662,1B,Jonathan,Jonathan Aranda,Aranda,9.89417452025182,103,2700,TOR@TB,TB,TOR,IL,Wrist,,,,C/1B/UTIL
120523-163706,3B/2B/SS/OF,Brendan,Brendan Donovan,Donovan,9.255356924874443,112,2700,CIN@STL,STL,CIN,,,,,,2B/3B/SS/OF/UTIL
120523-102370,3B/1B,Alec,Alec Bohm,Bohm,8.368468688414977,111,2700,PHI@LAD,PHI,LAD,IL,Shoulder,,,,C/1B/3B/UTIL
120523-135314,2B/SS/3B/1B,Ernie,Ernie Clement,Clement,7.720833672417535,144,2600,TOR@TB,TOR,TB,,,,,,C/1B/2B/3B/SS/UTIL
120523-211345,OF/2B,Michael,Michael Helman,Helman,10.296154315655048,26,2600,TEX@HOU,TEX,HOU,,,,,,2B/OF/UTIL
120523-119318,2B/3B/OF,Christopher,Christopher Morel,Morel,6.586598189835696,97,2600,TOR@TB,TB,TOR,DTD,Abdomen,,,,2B/3B/OF/UTIL
120523-16945,C,Gary,Gary Sanchez,Sanchez,8.886666870117187,30,2600,BAL@CWS,BAL,CWS,IL,Knee,,,,C/1B/UTIL
120523-82617,2B,Andres,Andres Gimenez,Gimenez,7.407777913411459,90,2600,TOR@TB,TOR,TB,,,,,,2B/UTIL
120523-80848,C,Victor,Victor Caratini,Caratini,7.204854131902306,103,2600,TEX@HOU,HOU,TEX,,,,,,C/1B/UTIL
120523-60642,OF,Michael,Michael Conforto,Conforto,6.6015501983406,129,2600,PHI@LAD,LAD,PHI,,,,,,OF/UTIL
120523-197908,C,Pedro,Pedro Pages,Pages,6.70660400390625,106,2600,CIN@STL,STL,CIN,,,,,,C/1B/UTIL
120523-136504,C,Patrick,Patrick Bailey,Bailey,6.377235970846036,123,2600,SF@ARI,SF,ARI,,,,,,C/1B/UTIL
120523-197972,SS/3B/2B,Brooks,Brooks Lee,Lee,7.46875,128,2600,NYY@MIN,MIN,NYY,,,,,,2B/3B/SS/UTIL
120523-79277,1B,Rowdy,Rowdy Tellez,Tellez,6.3861386138613865,101,2600,TEX@HOU,TEX,HOU,,,,,,C/1B/UTIL
120523-165686,3B/SS/2B/1B,Casey,Casey Schmitt,Schmitt,7.479999856387868,85,2600,SF@ARI,SF,ARI,,,,,,C/1B/2B/3B/SS/UTIL
120523-192426,2B/OF,Davis,Davis Schneider,Schneider,7.60985898299956,71,2600,TOR@TB,TOR,TB,,,,,,2B/OF/UTIL
120523-116841,2B/1B/OF,Sam,Sam Haggerty,Haggerty,7.042187690734863,64,2500,TEX@HOU,TEX,HOU,IL,Ankle,,,,C/1B/2B/OF/UTIL
120523-116867,C,Tyler,Tyler Heineman,Heineman,6.598304877846928,59,2500,TOR@TB,TOR,TB,,,,,,C/1B/UTIL
120523-135364,OF,Jordan,Jordan Walker,Walker,6.642000122070312,100,2500,CIN@STL,STL,CIN,,,,,,OF/UTIL
120523-119307,C,Adley,Adley Rutschman,Rutschman,7.987059110753677,85,2500,BAL@CWS,BAL,CWS,IL,Oblique,,,,C/1B/UTIL
120523-82556,OF,Taylor,Taylor Trammell,Trammell,5.379591961296237,49,2500,TEX@HOU,HOU,TEX,,,,,,OF/UTIL
120523-68589,2B/3B/OF,Amed,Amed Rosario,Rosario,6.805084745762712,59,2500,NYY@MIN,NYY,MIN,,,,,,2B/3B/OF/UTIL
120523-13390,SS/2B/3B,Miguel,Miguel Rojas,Rojas,5.720388468029429,103,2500,PHI@LAD,LAD,PHI,,,,,,2B/3B/SS/UTIL
120523-222295,2B/SS/OF,Hyeseong,Hyeseong Kim,Kim,5.804545547022964,66,2500,PHI@LAD,LAD,PHI,,,,,,2B/SS/OF/UTIL
120523-79119,OF,Will,Will Benson,Benson,7.2683545848991296,79,2500,CIN@STL,CIN,STL,,,,,,OF/UTIL
120523-118120,C,Jonah,Jonah Heim,Heim,6.395652173913043,115,2500,TEX@HOU,TEX,HOU,,,,,,C/1B/UTIL
120523-79247,3B/SS/2B/OF,Edmundo,Edmundo Sosa,Sosa,6.255294261259191,85,2500,PHI@LAD,PHI,LAD,DTD,Groin,,,,2B/3B/SS/OF/UTIL
120523-101842,1B,Ty,Ty France,France,7.172932330827067,133,2500,TOR@TB,TOR,TB,,,,,,C/1B/UTIL
120523-101850,3B/2B/1B,Ramon,Ramon Urias,Urias,6.909434192585495,106,2500,TEX@HOU,HOU,TEX,,,,,,C/1B/2B/3B/UTIL
120523-165583,C,Edgar,Edgar Quero,Quero,6.907070583767361,99,2500,BAL@CWS,CWS,BAL,,,,,,C/1B/UTIL
120523-165702,SS,Carson,Carson Williams,Williams,6.769999694824219,20,2500,TOR@TB,TB,TOR,,,,,,SS/UTIL
120523-163668,OF/2B/3B,Richie,Richie Palacios,Palacios,7.380000305175781,10,2500,TOR@TB,TB,TOR,,,,,,2B/3B/OF/UTIL
120523-79884,OF,Anthony,Anthony Santander,Santander,6.955999755859375,50,2400,TOR@TB,TOR,TB,IL,Shoulder,,,,OF/UTIL
120523-198867,C,Samuel,Samuel Basallo,Basallo,6.840909090909091,22,2400,BAL@CWS,BAL,CWS,,,,,,C/1B/UTIL
120523-198893,C,Dalton,Dalton Rushing,Rushing,5.61999986436632,45,2400,PHI@LAD,LAD,PHI,IL,Lower leg,,,,C/1B/UTIL
120523-198935,OF,Victor,Victor Scott II,Scott II,7.630952380952381,126,2400,CIN@STL,STL,CIN,,,,,,OF/UTIL
120523-201253,OF,Joey,Joey Loperfido,Loperfido,7.049999910242417,34,2400,TOR@TB,TOR,TB,,,,,,OF/UTIL
120523-219727,2B/1B/OF,Tim,Tim Tawa,Tawa,6.628125190734863,64,2400,SF@ARI,ARI,SF,,,,,,C/1B/2B/OF/UTIL
120523-80485,OF,Austin,Austin Slater,Slater,5.228333536783854,60,2400,NYY@MIN,NYY,MIN,,,,,,OF/UTIL
120523-232365,OF,Nathan,Nathan Church,Church,6.655555725097656,18,2400,CIN@STL,STL,CIN,,,,,,OF/UTIL
120523-211906,3B/2B/SS,Thomas,Thomas Saggese,Saggese,6.124285888671875,70,2400,CIN@STL,STL,CIN,,,,,,2B/3B/SS/UTIL
120523-82977,SS/3B/2B,Isiah,Isiah Kiner-Falefa,Kiner-Falefa,6.772222125341022,126,2400,TOR@TB,TOR,TB,,,,,,2B/3B/SS/UTIL
120523-83173,C,Jose,Jose Trevino,Trevino,5.892045454545454,88,2400,CIN@STL,CIN,STL,,,,,,C/1B/UTIL
120523-79181,2B/3B/SS/OF,Mauricio,Mauricio Dubon,Dubon,5.777049080270236,122,2400,TEX@HOU,HOU,TEX,,,,,,2B/3B/SS/OF/UTIL
120523-101753,2B/SS/3B/OF,Dylan,Dylan Moore,Moore,5.738383591777146,99,2400,TEX@HOU,TEX,HOU,,,,,,2B/3B/SS/OF/UTIL
120523-13792,3B/1B/2B/OF,Kike,Kike Hernandez,Hernandez,5.113095238095238,84,2400,PHI@LAD,LAD,PHI,,,,,,C/1B/2B/3B/OF/UTIL
120523-181806,OF,Jonny,Jonny DeLuca,DeLuca,7.5,20,2400,TOR@TB,TB,TOR,IL,Hamstring,,,,OF/UTIL
120523-206383,2B/SS/OF,Brooks,Brooks Baldwin,Baldwin,6.481914763754987,94,2400,BAL@CWS,CWS,BAL,DTD,Hip,,,,2B/SS/OF/UTIL
120523-226907,OF,Alejandro,Alejandro Osuna,Osuna,4.390384674072266,52,2400,TEX@HOU,TEX,HOU,,,,,,OF/UTIL
120523-222887,SS/2B,Christian,Christian Koss,Koss,5.147058823529412,68,2400,SF@ARI,SF,ARI,,,,,,2B/SS/UTIL
120523-229041,3B,Cody,Cody Freeman,Freeman,6.28,25,2400,TEX@HOU,TEX,HOU,,,,,,3B/UTIL
120523-165701,3B/2B/1B,Curtis,Curtis Mead,Mead,5.761728545765818,81,2400,BAL@CWS,CWS,BAL,,,,,,C/1B/2B/3B/UTIL
120523-102537,OF,Everson,Everson Pereira,Pereira,5.677777608235677,18,2300,TOR@TB,TB,TOR,,,,,,OF/UTIL
120523-102577,2B/3B/OF,Santiago,Santiago Espinal,Espinal,4.196396286423142,111,2300,CIN@STL,CIN,STL,,,,,,2B/3B/OF/UTIL
120523-198878,3B,Sal,Sal Stewart,Stewart,8.1,10,2300,CIN@STL,CIN,STL,,,,,,3B/UTIL
120523-194908,SS/2B/3B,Tristan,Tristan Gray,Gray,6.2450000762939455,20,2300,TOR@TB,TB,TOR,,,,,,2B/3B/SS/UTIL
120523-21074,OF,Michael A.,Michael A. Taylor,Taylor,5.206504263528964,123,2300,BAL@CWS,CWS,BAL,,,,,,OF/UTIL
120523-164512,3B/1B,Coby,Coby Mayo,Mayo,6.688888973659939,72,2300,BAL@CWS,BAL,CWS,,,,,,C/1B/3B/UTIL
120523-17171,C,James,James McCann,McCann,7.128571428571429,35,2300,SF@ARI,ARI,SF,,,,,,C/1B/UTIL
120523-119637,3B/SS/OF/1B,Ezequiel,Ezequiel Duran,Duran,4.315384693634816,78,2300,TEX@HOU,TEX,HOU,,,,,,C/1B/3B/SS/OF/UTIL
120523-80852,2B/SS/3B/OF,Ildemaro,Ildemaro Vargas,Vargas,6.653571537562779,28,2300,SF@ARI,ARI,SF,,,,,,2B/3B/SS/OF/UTIL
120523-97257,OF,Myles,Myles Straw,Straw,5.343650696769593,126,2300,TOR@TB,TOR,TB,,,,,,OF/UTIL
120523-222287,SS/2B,Chase,Chase Meidroth,Meidroth,7.939090798117897,110,2300,BAL@CWS,CWS,BAL,,,,,,2B/SS/UTIL
120523-232803,OF,Zach,Zach Cole,Cole,15.800000508626303,3,2300,TEX@HOU,HOU,TEX,,,,,,OF/UTIL
120523-181814,2B/1B,Edouard,Edouard Julien,Julien,5.16727294921875,55,2300,NYY@MIN,MIN,NYY,,,,,,C/1B/2B/UTIL
120523-163691,OF,James,James Outman,Outman,4.812765892515791,47,2300,NYY@MIN,MIN,NYY,,,,,,OF/UTIL
120523-102283,OF,Alek,Alek Thomas,Thomas,6.539394031871449,132,2300,SF@ARI,ARI,SF,,,,,,OF/UTIL
120523-159624,C,Yohel,Yohel Pozo,Pozo,4.979687690734863,64,2300,CIN@STL,STL,CIN,,,,,,C/1B/UTIL
120523-161677,C,Nick,Nick Fortes,Fortes,4.529885127626616,87,2300,TOR@TB,TB,TOR,,,,,,C/1B/UTIL
120523-202657,1B,Tyler,Tyler Locklear,Locklear,6.2645160305884575,31,2300,SF@ARI,ARI,SF,IL,Elbow,,,,C/1B/UTIL
120523-135246,OF,Dominic,Dominic Fletcher,Fletcher,3.6799999237060548,5,2200,BAL@CWS,CWS,BAL,,,,,,OF/UTIL
120523-192649,OF/1B,Weston,Weston Wilson,Wilson,4.563043345575747,46,2200,PHI@LAD,PHI,LAD,,,,,,C/1B/OF/UTIL
120523-119346,C,Korey,Korey Lee,Lee,4.377272865988991,22,2200,BAL@CWS,CWS,BAL,,,,,,C/1B/UTIL
120523-164495,SS/3B/2B,Jordan,Jordan Lawlar,Lawlar,4.552631578947368,19,2200,SF@ARI,ARI,SF,,,,,,2B/3B/SS/UTIL
120523-164496,C,Adrian,Adrian Del Castillo,Del Castillo,5.525714111328125,35,2200,SF@ARI,ARI,SF,,,,,,C/1B/UTIL
120523-209703,OF,Grant,Grant McCray,McCray,1.335714340209961,14,2200,SF@ARI,SF,ARI,,,,,,OF/UTIL
120523-232344,1B,Bob,Bob Seymour,Seymour,5.4375,16,2200,TOR@TB,TB,TOR,,,,,,C/1B/UTIL
120523-68593,SS/2B/OF,Jorge,Jorge Mateo,Mateo,4.981579027677837,38,2200,BAL@CWS,BAL,CWS,,,,,,2B/SS/OF/UTIL
120523-13412,3B/1B,Donovan,Donovan Solano,Solano,4.442028985507246,69,2200,TEX@HOU,TEX,HOU,,,,,,C/1B/3B/UTIL
120523-60649,C,Alex,Alex Jackson,Jackson,6.923529232249541,34,2200,BAL@CWS,BAL,CWS,,,,,,C/1B/UTIL
120523-197915,C,Hunter,Hunter Feduccia,Feduccia,3.9433334350585936,30,2200,TOR@TB,TB,TOR,,,,,,C/1B/UTIL
120523-79190,C,Ben,Ben Rortvedt,Rortvedt,3.8399998256138392,35,2200,PHI@LAD,LAD,PHI,,,,,,C/1B/UTIL
120523-181596,2B/3B/OF,Jose,Jose Fermin,Fermin,5.091304281483525,23,2200,CIN@STL,STL,CIN,,,,,,2B/3B/OF/UTIL
120523-13858,C,Christian,Christian Vazquez,Vazquez,4.473770391745646,61,2200,NYY@MIN,MIN,NYY,IL,Shoulder,,,,C/1B/UTIL
120523-79400,OF,Dylan,Dylan Carlson,Carlson,5.353246911779626,77,2200,BAL@CWS,BAL,CWS,,,,,,OF/UTIL
120523-222788,SS,Alex,Alex Freeland,Freeland,5.9655172413793105,29,2200,PHI@LAD,LAD,PHI,,,,,,SS/UTIL
120523-181835,OF,Jorge,Jorge Barrosa,Barrosa,2.760869565217391,23,2200,SF@ARI,ARI,SF,,,,,,OF/UTIL
120523-222835,C,Jimmy,Jimmy Crooks,Crooks,3.487499952316284,8,2200,CIN@STL,STL,CIN,,,,,,C/1B/UTIL
120523-208716,1B/OF,Zach,Zach Dezenzo,Dezenzo,6.952940996955423,34,2200,TEX@HOU,HOU,TEX,IL,Hand,,,,C/1B/OF/UTIL
120523-102282,OF,Jake,Jake McCarthy,McCarthy,6.380356924874442,56,2200,SF@ARI,ARI,SF,,,,,,OF/UTIL
120523-102411,C,Andrew,Andrew Knizner,Knizner,4.162068860284213,29,2100,SF@ARI,SF,ARI,,,,,,C/1B/UTIL
120523-102454,C,Jhonny,Jhonny Pereda,Pereda,3.943999938964844,25,2100,NYY@MIN,MIN,NYY,,,,,,C/1B/UTIL
120523-102488,3B/1B,Emmanuel,Emmanuel Rivera,Rivera,4.535714285714286,42,2100,BAL@CWS,BAL,CWS,,,,,,C/1B/3B/UTIL
120523-184480,C,Cesar,Cesar Salazar,Salazar,1.9545454545454546,11,2100,TEX@HOU,HOU,TEX,,,,,,C/1B/UTIL
120523-209177,C/2B/1B,Mickey,Mickey Gasper,Gasper,4.7268293427258,41,2100,NYY@MIN,MIN,NYY,,,,,,C/1B/2B/UTIL
120523-82530,1B/OF,Pavin,Pavin Smith,Smith,7.65747140467852,87,2100,SF@ARI,ARI,SF,IL,Quadriceps,,,,C/1B/OF/UTIL
120523-119401,C,Rafael,Rafael Marchan,Marchan,4.352631418328536,38,2100,PHI@LAD,PHI,LAD,,,,,,C/1B/UTIL
120523-211631,OF,DaShawn,DaShawn Keirsey Jr.,Keirsey Jr.,2.3457142421177455,70,2100,NYY@MIN,MIN,NYY,,,,,,OF/UTIL
120523-82661,OF,Daniel,Daniel Johnson,Johnson,3.9709676927135837,31,2100,BAL@CWS,BAL,CWS,,,,,,OF/UTIL
120523-79128,C,Garrett,Garrett Stubbs,Stubbs,1.600000023841858,2,2100,PHI@LAD,PHI,LAD,,,,,,C/1B/UTIL
120523-165540,3B,Bryan,Bryan Ramos,Ramos,5.550000190734863,4,2100,BAL@CWS,CWS,BAL,,,,,,3B/UTIL
120523-102403,SS/2B,Marco,Marco Luciano,Luciano,4.362068965517241,29,2000,SF@ARI,SF,ARI,,,,,,2B/SS/UTIL
120523-102413,1B,Luken,Luken Baker,Baker,3.7157893933747945,19,2000,PHI@LAD,LAD,PHI,,,,,,C/1B/UTIL
120523-135190,SS/2B,Taylor,Taylor Walls,Walls,6.73465358620823,101,2000,TOR@TB,TB,TOR,IL,Groin,,,,2B/SS/UTIL
120523-102425,SS,Orelvis,Orelvis Martinez,Martinez,1.5,2,2000,TOR@TB,TOR,TB,DTD,Undisclosed,,,,SS/UTIL
120523-102436,OF,Kristian,Kristian Robinson,Robinson,,0,2000,SF@ARI,ARI,SF,,,,,,OF/UTIL
120523-135207,2B,Alex,Alex De Goti,De Goti,,0,2000,TEX@HOU,TEX,HOU,,,,,,2B/UTIL
120523-102451,OF,Brennen,Brennen Davis,Davis,0,2,2000,NYY@MIN,NYY,MIN,,,,,,OF/UTIL
120523-135216,OF,Chas,Chas McCormick,McCormick,2.8500000924775093,66,2000,TEX@HOU,HOU,TEX,,,,,,OF/UTIL
120523-102453,SS/2B/3B,Zack,Zack Short,Short,5.69545468417081,22,2000,TEX@HOU,HOU,TEX,,,,,,2B/3B/SS/UTIL
120523-135223,C,Jakson,Jakson Reetz,Reetz,3.4625000953674316,8,2000,BAL@CWS,BAL,CWS,,,,,,C/1B/UTIL
120523-135227,2B,Jose,Jose Rojas,Rojas,,0,2000,NYY@MIN,NYY,MIN,,,,,,2B/UTIL
120523-102461,SS,Aaron,Aaron Bracho,Bracho,,0,2000,PHI@LAD,LAD,PHI,,,,,,SS/UTIL
120523-172093,2B,Michael,Michael Stefanic,Stefanic,2.6888889736599393,9,2000,TOR@TB,TOR,TB,,,,,,2B/UTIL
120523-135239,2B/SS/3B,Rodolfo,Rodolfo Castro,Castro,0,2,2000,PHI@LAD,PHI,LAD,,,,,,2B/3B/SS/UTIL
120523-135242,C,P.J.,P.J. Higgins,Higgins,0,2,2000,CIN@STL,CIN,STL,,,,,,C/1B/UTIL
120523-102499,SS,Bryson,Bryson Brigman,Brigman,,0,2000,CIN@STL,CIN,STL,,,,,,SS/UTIL
120523-135269,OF,Zach,Zach DeLoach,DeLoach,6.065217391304348,23,2000,BAL@CWS,CWS,BAL,,,,,,OF/UTIL
120523-157797,OF,Bryan,Bryan De La Cruz,De La Cruz,3.012500047683716,16,2000,NYY@MIN,NYY,MIN,,,,,,OF/UTIL
120523-135282,OF,Joshua,Joshua Palacios,Palacios,4.543137195063572,51,2000,BAL@CWS,CWS,BAL,,,,,,OF/UTIL
120523-102519,3B,Andrew,Andrew Bechtold,Bechtold,,0,2000,PHI@LAD,PHI,LAD,,,,,,3B/UTIL
120523-102518,3B/1B,Jose,Jose Miranda,Miranda,4.241666793823242,12,2000,NYY@MIN,MIN,NYY,,,,,,C/1B/3B/UTIL
120523-102521,C,Josh,Josh Breaux,Breaux,,0,2000,PHI@LAD,PHI,LAD,,,,,,C/1B/UTIL
120523-135288,SS/2B/3B,Alan,Alan Trejo,Trejo,3.078571319580078,14,2000,TEX@HOU,TEX,HOU,,,,,,2B/3B/SS/UTIL
120523-198803,3B,Damiano,Damiano Palmegiani,Palmegiani,,0,2000,TOR@TB,TOR,TB,,,,,,3B/UTIL
120523-184479,OF,Corey,Corey Julks,Julks,5.349999904632568,4,2000,BAL@CWS,CWS,BAL,,,,,,OF/UTIL
120523-102579,SS/2B,Leo,Leo Jimenez,Jimenez,1.7166666454739041,18,2000,TOR@TB,TOR,TB,,,,,,2B/SS/UTIL
120523-102584,C,Tres,Tres Barrera,Barrera,,0,2000,TOR@TB,TB,TOR,,,,,,C/1B/UTIL
120523-102588,OF,Brewer,Brewer Hicklen,Hicklen,21.399999618530273,1,2000,PHI@LAD,PHI,LAD,,,,,,OF/UTIL
120523-198865,OF,Druw,Druw Jones,Jones,,0,2000,SF@ARI,ARI,SF,,,,,,OF/UTIL
120523-198871,SS,Tommy,Tommy Troy,Troy,,0,2000,SF@ARI,ARI,SF,,,,,,SS/UTIL
120523-194773,C,Logan,Logan Porter,Porter,3.779999923706055,5,2000,SF@ARI,SF,ARI,,,,,,C/1B/UTIL
120523-198868,OF,Enrique,Enrique Bradfield Jr.,Bradfield Jr.,,0,2000,BAL@CWS,BAL,CWS,,,,,,OF/UTIL
120523-198888,OF,Jacob,Jacob Melton,Melton,4.416128835370464,31,2000,TEX@HOU,HOU,TEX,,,,,,OF/UTIL
120523-198895,OF,Walker,Walker Jenkins,Jenkins,,0,2000,NYY@MIN,MIN,NYY,,,,,,OF/UTIL
120523-198892,OF,Josue,Josue De Paula,De Paula,,0,2000,PHI@LAD,LAD,PHI,,,,,,OF/UTIL
120523-198900,OF,Spencer,Spencer Jones,Jones,,0,2000,NYY@MIN,NYY,MIN,,,,,,OF/UTIL
120523-198914,SS,Roderick,Roderick Arias,Arias,,0,2000,NYY@MIN,NYY,MIN,,,,,,SS/UTIL
120523-116994,SS,Donovan,Donovan Walton,Walton,4.849999904632568,2,2000,PHI@LAD,PHI,LAD,,,,,,SS/UTIL
120523-198933,SS,Sebastian,Sebastian Walcott,Walcott,,0,2000,TEX@HOU,TEX,HOU,,,,,,SS/UTIL
120523-198932,1B,Xavier,Xavier Isaac,Isaac,,0,2000,TOR@TB,TB,TOR,IL,Undisclosed,,,,C/1B/UTIL
120523-198937,OF,Bryce,Bryce Eldridge,Eldridge,,0,2000,SF@ARI,SF,ARI,,,,,,OF/UTIL
120523-135529,OF,Jake,Jake Vogel,Vogel,,0,2000,PHI@LAD,LAD,PHI,,,,,,OF/UTIL
120523-211339,C,Logan,Logan Driscoll,Driscoll,3.593333435058594,15,2000,TOR@TB,TB,TOR,IL,Ankle,,,,C/1B/UTIL
120523-135646,C,Carson,Carson Taylor,Taylor,,0,2000,PHI@LAD,PHI,LAD,IL,Undisclosed,,,,C/1B/UTIL
120523-96765,C,Joe,Joe Hudson,Hudson,0,1,2000,TEX@HOU,HOU,TEX,,,,,,C/1B/UTIL
120523-119304,SS/2B,Braden,Braden Shewmake,Shewmake,3.406896656957166,29,2000,NYY@MIN,NYY,MIN,,,,,,2B/SS/UTIL
120523-219664,OF,Matt,Matt Koperniak,Koperniak,,0,2000,CIN@STL,STL,CIN,,,,,,OF/UTIL
120523-119325,2B/OF,Tyler,Tyler Callihan,Callihan,1.625,4,2000,CIN@STL,CIN,STL,IL,Wrist,,,,2B/OF/UTIL
120523-119327,SS,Ivan,Ivan Johnson,Johnson,,0,2000,CIN@STL,CIN,STL,,,,,,SS/UTIL
120523-119326,3B/OF,Rece,Rece Hinds,Hinds,4.579999796549479,15,2000,CIN@STL,CIN,STL,,,,,,3B/OF/UTIL
120523-207395,C,Eric,Eric Yang,Yang,0,1,2000,CIN@STL,CIN,STL,,,,,,C/1B/UTIL
120523-219699,C,Jesus,Jesus Rodriguez,Rodriguez,,0,2000,SF@ARI,SF,ARI,,,,,,C/1B/UTIL
120523-16946,1B,Jon,Jon Singleton,Singleton,1,3,2000,TEX@HOU,HOU,TEX,,,,,,C/1B/UTIL
120523-119351,SS/2B/3B,Jacob,Jacob Amaya,Amaya,2.578378419618349,37,2000,BAL@CWS,CWS,BAL,,,,,,2B/3B/SS/UTIL
120523-119353,3B,Kody,Kody Hoese,Hoese,,0,2000,PHI@LAD,LAD,PHI,,,,,,3B/UTIL
120523-219704,SS,Ben,Ben Cowles,Cowles,,0,2000,BAL@CWS,CWS,BAL,,,,,,SS/UTIL
120523-156226,OF,Pedro,Pedro Leon,Leon,3.4571429661342075,7,2000,TEX@HOU,HOU,TEX,IL,Knee,,,,OF/UTIL
120523-119364,OF,Kameron,Kameron Misner,Misner,6.569013998542033,71,2000,TOR@TB,TB,TOR,,,,,,OF/UTIL
120523-119366,OF/1B,Jerar,Jerar Encarnacion,Encarnacion,5.983333587646484,12,2000,SF@ARI,SF,ARI,,,,,,C/1B/OF/UTIL
120523-119371,2B,Devin,Devin Mann,Mann,,0,2000,SF@ARI,SF,ARI,,,,,,2B/UTIL
120523-119370,SS,Will,Will Holland,Holland,,0,2000,NYY@MIN,MIN,NYY,,,,,,SS/UTIL
120523-82531,C,Andy,Andy Yerzy,Yerzy,,0,2000,CIN@STL,STL,CIN,,,,,,C/1B/UTIL
120523-119419,OF,Hunter,Hunter Bishop,Bishop,,0,2000,SF@ARI,SF,ARI,,,,,,OF/UTIL
120523-119418,OF,Jairo,Jairo Pomares,Pomares,,0,2000,SF@ARI,SF,ARI,,,,,,OF/UTIL
120523-82567,1B/OF,Ryan,Ryan Vilade,Vilade,1.524999976158142,8,2000,CIN@STL,CIN,STL,,,,,,C/1B/OF/UTIL
120523-119432,SS,Greg,Greg Jones,Jones,2,3,2000,TEX@HOU,HOU,TEX,,,,,,SS/UTIL
120523-119439,C,Sam,Sam Huff,Huff,4.8,20,2000,SF@ARI,SF,ARI,,,,,,C/1B/UTIL
120523-119440,3B/2B,Davis,Davis Wendzel,Wendzel,1.8714286259242467,28,2000,CIN@STL,CIN,STL,,,,,,2B/3B/UTIL
120523-164499,3B,A.J.,A.J. Vukovich,Vukovich,,0,2000,SF@ARI,ARI,SF,,,,,,3B/UTIL
120523-203418,2B/3B/1B/OF,Armando,Armando Alvarez,Alvarez,4.462500095367432,16,2000,NYY@MIN,MIN,NYY,,,,,,C/1B/2B/3B/OF/UTIL
120523-164505,OF,Hudson,Hudson Haskin,Haskin,,0,2000,BAL@CWS,BAL,CWS,,,,,,OF/UTIL
120523-164514,SS,Maikol,Maikol Hernandez,Hernandez,,0,2000,BAL@CWS,BAL,CWS,,,,,,SS/UTIL
120523-164519,3B,Alex,Alex Binelas,Binelas,,0,2000,PHI@LAD,PHI,LAD,,,,,,3B/UTIL
120523-164533,OF,Yohendrick,Yohendrick Pinango,Pinango,,0,2000,TOR@TB,TOR,TB,,,,,,OF/UTIL
120523-82616,2B/3B/SS,Luis,Luis Guillorme,Guillorme,1.5333333015441895,12,2000,TEX@HOU,HOU,TEX,,,,,,2B/3B/SS/UTIL
120523-232173,OF,Justin,Justin Dean,Dean,0.3333333333333333,18,2000,PHI@LAD,LAD,PHI,,,,,,OF/UTIL
120523-226041,OF/1B,Matt,Matt Gorski,Gorski,4.76000010172526,15,2000,PHI@LAD,LAD,PHI,IL,Hand,,,,C/1B/OF/UTIL
120523-13054,C,Rob,Rob Brantly,Brantly,4.166666666666667,3,2000,NYY@MIN,NYY,MIN,,,,,,C/1B/UTIL
120523-232218,OF,Tristan,Tristan Peters,Peters,0,4,2000,TOR@TB,TB,TOR,,,,,,OF/UTIL
120523-176937,C,Chuckie,Chuckie Robinson,Robinson,1.976923135610727,26,2000,PHI@LAD,LAD,PHI,,,,,,C/1B/UTIL
120523-195378,SS/2B/OF,Tyler,Tyler Fitzgerald,Fitzgerald,5.983333163791233,72,2000,SF@ARI,SF,ARI,,,,,,2B/SS/OF/UTIL
120523-193328,OF,Wade,Wade Meckler,Meckler,0,2,2000,SF@ARI,SF,ARI,,,,,,OF/UTIL
120523-183092,OF,Jonatan,Jonatan Clase,Clase,6.014705882352941,34,2000,TOR@TB,TOR,TB,,,,,,OF/UTIL
120523-119633,OF,Misael,Misael Urbina,Urbina,,0,2000,NYY@MIN,MIN,NYY,,,,,,OF/UTIL
120523-119636,SS,Alexander,Alexander Vargas,Vargas,,0,2000,CIN@STL,CIN,STL,,,,,,SS/UTIL
120523-213853,C/3B,J.C.,J.C. Escarra,Escarra,4.5125,40,2000,NYY@MIN,NYY,MIN,,,,,,C/1B/3B/UTIL
120523-203639,3B/1B,CJ,CJ Alexander,Alexander,1.5,6,2000,PHI@LAD,LAD,PHI,,,,,,C/1B/3B/UTIL
120523-203641,SS,Levi,Levi Jordan,Jordan,1.8142856870378767,7,2000,CIN@STL,CIN,STL,,,,,,SS/UTIL
120523-170879,C,Chris,Chris Okey,Okey,0,2,2000,PHI@LAD,LAD,PHI,,,,,,C/1B/UTIL
120523-82824,1B,Mike,Mike Ford,Ford,3.600000080309416,19,2000,NYY@MIN,MIN,NYY,,,,,,C/1B/UTIL
120523-183187,1B/3B,Christian,Christian Encarnacion-Strand,Encarnacion-Strand,7.502777947319879,36,2000,CIN@STL,CIN,STL,,,,,,C/1B/3B/UTIL
120523-68538,2B,Franklin,Franklin Barreto,Barreto,,0,2000,BAL@CWS,BAL,CWS,,,,,,2B/UTIL
120523-52157,C,Tom,Tom Murphy,Murphy,3.7571427481515065,14,2000,SF@ARI,SF,ARI,IL,Back,,,,C/1B/UTIL
120523-68554,SS,Andrew,Andrew Velazquez,Velazquez,0,2,2000,NYY@MIN,NYY,MIN,,,,,,SS/UTIL
120523-68582,2B,Brendan,Brendan Rodgers,Rodgers,4.858139392941497,43,2000,TEX@HOU,HOU,TEX,IL,Back,,,,2B/UTIL
120523-13326,C,Christian,Christian Bethancourt,Bethancourt,5.056250095367432,64,2000,TOR@TB,TOR,TB,,,,,,C/1B/UTIL
120523-222286,OF,Braden,Braden Montgomery,Montgomery,,0,2000,BAL@CWS,CWS,BAL,IL,Foot,,,,OF/UTIL
120523-83051,2B/3B,David,David Bote,Bote,2.4051282833784056,39,2000,PHI@LAD,LAD,PHI,,,,,,2B/3B/UTIL
120523-171128,3B/2B,Buddy,Buddy Kennedy,Kennedy,2.146153816810021,13,2000,TOR@TB,TOR,TB,,,,,,2B/3B/UTIL
120523-13436,C,Max,Max Stassi,Stassi,0,1,2000,SF@ARI,SF,ARI,IL,Undisclosed,,,,C/1B/UTIL
120523-197768,SS/3B,Luis,Luis Vazquez,Vazquez,2.6272726347952178,33,2000,BAL@CWS,BAL,CWS,,,,,,3B/SS/UTIL
120523-232639,SS,Cesar,Cesar Prieto,Prieto,1,3,2000,CIN@STL,STL,CIN,,,,,,SS/UTIL
120523-83143,OF,Oscar,Oscar Mercado,Mercado,0,1,2000,PHI@LAD,PHI,LAD,,,,,,OF/UTIL
120523-187594,2B/3B,Coco,Coco Montes,Montes,1.9,5,2000,TOR@TB,TB,TOR,,,,,,2B/3B/UTIL
120523-226530,C,Maverick,Maverick Handley,Handley,2.1812500953674316,16,2000,BAL@CWS,BAL,CWS,,,,,,C/1B/UTIL
120523-79075,SS,Kevin,Kevin Maitan,Maitan,,0,2000,NYY@MIN,MIN,NYY,,,,,,SS/UTIL
120523-83174,3B,Sergio,Sergio Alcantara,Alcantara,0,1,2000,SF@ARI,ARI,SF,,,,,,3B/UTIL
120523-146666,OF,Heston,Heston Kjerstad,Kjerstad,5.679629855685764,54,2000,BAL@CWS,BAL,CWS,IL,Rest,,,,OF/UTIL
120523-60652,2B,Christian,Christian Arroyo,Arroyo,,0,2000,PHI@LAD,PHI,LAD,,,,,,2B/UTIL
120523-146671,OF,Austin,Austin Hendrick,Hendrick,,0,2000,CIN@STL,CIN,STL,,,,,,OF/UTIL
120523-146675,3B,Blaze,Blaze Jordan,Jordan,,0,2000,CIN@STL,STL,CIN,,,,,,3B/UTIL
120523-79093,OF,Eloy,Eloy Jimenez,Jimenez,5.833333333333333,99,2000,TOR@TB,TOR,TB,,,,,,OF/UTIL
120523-197883,OF,Kenedy,Kenedy Corona,Corona,2,3,2000,TEX@HOU,HOU,TEX,,,,,,OF/UTIL
120523-146686,OF,Colin,Colin Barber,Barber,,0,2000,TEX@HOU,HOU,TEX,,,,,,OF/UTIL
120523-79108,3B,Nick,Nick Senzel,Senzel,6.351351351351352,74,2000,PHI@LAD,LAD,PHI,,,,,,3B/UTIL
120523-146696,SS,Alex,Alex De Jesus,De Jesus,,0,2000,TOR@TB,TOR,TB,,,,,,SS/UTIL
120523-146703,1B,Aaron,Aaron Sabato,Sabato,,0,2000,NYY@MIN,MIN,NYY,,,,,,C/1B/UTIL
120523-85262,OF,J.P.,J.P. Martinez,Martinez,2.3777777353922525,9,2000,BAL@CWS,BAL,CWS,,,,,,OF/UTIL
120523-197912,OF,Jacob,Jacob Hurtubise,Hurtubise,1.8000000317891438,12,2000,TEX@HOU,HOU,TEX,,,,,,OF/UTIL
120523-146738,2B,Justin,Justin Foscue,Foscue,3.25,4,2000,TEX@HOU,TEX,HOU,,,,,,2B/UTIL
120523-79152,C,Matt,Matt Thaiss,Thaiss,5.736666870117188,60,2000,TOR@TB,TB,TOR,IL,Undisclosed,,,,C/1B/UTIL
120523-85320,C,Michael,Michael Perez,Perez,0,1,2000,SF@ARI,ARI,SF,,,,,,C/1B/UTIL
120523-79204,SS,Richie,Richie Martin,Martin,,0,2000,TEX@HOU,TEX,HOU,,,,,,SS/UTIL
120523-38276,OF,Albert,Albert Almora,Almora,0,2,2000,SF@ARI,ARI,SF,,,,,,OF/UTIL
120523-79240,C,Aramis,Aramis Garcia,Garcia,0,2,2000,SF@ARI,ARI,SF,,,,,,C/1B/UTIL
120523-79279,OF,Andrew,Andrew Stevenson,Stevenson,,0,2000,TOR@TB,TB,TOR,,,,,,OF/UTIL
120523-101821,1B,Edwin,Edwin Rios,Rios,1.8399999618530274,5,2000,CIN@STL,CIN,STL,,,,,,C/1B/UTIL
120523-38412,SS,Corey,Corey Seager,Seager,11.07058775658701,102,2000,TEX@HOU,TEX,HOU,IL,Abdomen,,,,SS/UTIL
120523-71182,3B/1B,Jeimer,Jeimer Candelario,Candelario,5.572727203369141,22,2000,NYY@MIN,NYY,MIN,,,,,,C/1B/3B/UTIL
120523-226832,1B,Tim,Tim Elko,Elko,5.83478247601053,23,2000,BAL@CWS,CWS,BAL,,,,,,C/1B/UTIL
120523-101910,1B/OF,Connor,Connor Joe,Joe,2.557142893473307,42,2000,CIN@STL,CIN,STL,,,,,,C/1B/OF/UTIL
120523-79387,3B,Jake,Jake Gatewood,Gatewood,,0,2000,NYY@MIN,NYY,MIN,,,,,,3B/UTIL
120523-226840,OF,Carson,Carson McCusker,McCusker,0.6666666666666666,9,2000,NYY@MIN,MIN,NYY,,,,,,OF/UTIL
120523-71217,C,Omar,Omar Narvaez,Narvaez,6.425000190734863,4,2000,TEX@HOU,TEX,HOU,,,,,,C/1B/UTIL
120523-228914,1B,Tristin,Tristin English,English,2.2142857142857144,7,2000,SF@ARI,ARI,SF,,,,,,C/1B/UTIL
120523-181820,OF/2B/SS/3B,Brett,Brett Wisely,Wisely,5.454545454545454,22,2000,SF@ARI,SF,ARI,,,,,,2B/3B/SS/OF/UTIL
120523-222781,3B,Cam,Cam Collier,Collier,,0,2000,CIN@STL,CIN,STL,,,,,,3B/UTIL
120523-181824,SS,Osleivis,Osleivis Basabe,Basabe,0,1,2000,SF@ARI,SF,ARI,,,,,,SS/UTIL
120523-222791,OF,Zyhir,Zyhir Hope,Hope,,0,2000,PHI@LAD,LAD,PHI,,,,,,OF/UTIL
120523-222795,SS,George,George Lombard Jr.,Lombard Jr.,,0,2000,NYY@MIN,NYY,MIN,,,,,,SS/UTIL
120523-226888,2B,Ryan,Ryan Fitzgerald,Fitzgerald,5.324999809265137,16,2000,NYY@MIN,MIN,NYY,,,,,,2B/UTIL
120523-222803,2B,Demetrio,Demetrio Crisantes,Crisantes,,0,2000,SF@ARI,ARI,SF,IL,Shoulder,,,,2B/UTIL
120523-222802,OF,Ryan,Ryan Waldschmidt,Waldschmidt,,0,2000,SF@ARI,ARI,SF,,,,,,OF/UTIL
120523-222804,OF,Slade,Slade Caldwell,Caldwell,,0,2000,SF@ARI,ARI,SF,,,,,,OF/UTIL
120523-222813,SS,Arjun,Arjun Nimmala,Nimmala,,0,2000,TOR@TB,TOR,TB,,,,,,SS/UTIL
120523-181856,3B,Andre,Andre Lipcius,Lipcius,,0,2000,BAL@CWS,CWS,BAL,,,,,,3B/UTIL
120523-222836,SS,JJ,JJ Wetherholt,Wetherholt,,0,2000,CIN@STL,STL,CIN,,,,,,SS/UTIL
120523-222847,OF,Justin,Justin Crawford,Crawford,,0,2000,PHI@LAD,PHI,LAD,IL,Concussion,,,,OF/UTIL
120523-222845,SS/2B,Brice,Brice Matthews,Matthews,8.636363636363637,11,2000,TEX@HOU,HOU,TEX,,,,,,2B/SS/UTIL
120523-118398,SS,Vimael,Vimael Machin,Machin,5.425000190734863,4,2000,BAL@CWS,BAL,CWS,,,,,,SS/UTIL
120523-222851,C,Dominic,Dominic Keegan,Keegan,,0,2000,TOR@TB,TB,TOR,,,,,,C/1B/UTIL
120523-222850,3B,Brayden,Brayden Taylor,Taylor,,0,2000,TOR@TB,TB,TOR,,,,,,3B/UTIL
120523-222849,C,Eduardo,Eduardo Tait,Tait,,0,2000,NYY@MIN,MIN,NYY,,,,,,C/1B/UTIL
120523-222848,SS,Aidan,Aidan Miller,Miller,,0,2000,PHI@LAD,PHI,LAD,,,,,,SS/UTIL
120523-165510,OF,Jay,Jay Allen,Allen,,0,2000,CIN@STL,CIN,STL,,,,,,OF/UTIL
120523-165511,C,Mat,Mat Nelson,Nelson,,0,2000,CIN@STL,CIN,STL,,,,,,C/1B/UTIL
120523-222853,1B,Tre',Tre' Morgan,Morgan,,0,2000,TOR@TB,TB,TOR,,,,,,C/1B/UTIL
120523-222852,OF,Theo,Theo Gillen,Gillen,,0,2000,TOR@TB,TB,TOR,,,,,,OF/UTIL
120523-165515,OF,Malvin,Malvin Valdez,Valdez,,0,2000,CIN@STL,CIN,STL,,,,,,OF/UTIL
120523-165516,C,Daniel,Daniel Vellojin,Vellojin,,0,2000,TOR@TB,TB,TOR,,,,,,C/1B/UTIL
120523-165517,OF,Ariel,Ariel Almonte,Almonte,,0,2000,CIN@STL,CIN,STL,,,,,,OF/UTIL
120523-222879,OF,Alan,Alan Roden,Roden,4.616363525390625,55,2000,NYY@MIN,MIN,NYY,IL,Thumb,,,,OF/UTIL
120523-165533,3B,Wes,Wes Kath,Kath,,0,2000,BAL@CWS,CWS,BAL,IL,Undisclosed,,,,3B/UTIL
120523-226979,OF,Will,Will Robertson,Robertson,3.716666751437717,18,2000,BAL@CWS,CWS,BAL,,,,,,OF/UTIL
120523-165539,SS,Jose,Jose Rodriguez,Rodriguez,0,2,2000,PHI@LAD,PHI,LAD,,,,,,SS/UTIL
120523-165558,OF,Tyler,Tyler Whitaker,Whitaker,,0,2000,TEX@HOU,HOU,TEX,,,,,,OF/UTIL
120523-165563,SS,Cristian,Cristian Gonzalez,Gonzalez,,0,2000,TEX@HOU,HOU,TEX,,,,,,SS/UTIL
120523-163513,C,Rene,Rene Pinto,Pinto,5.578947368421052,19,2000,TOR@TB,TOR,TB,,,,,,C/1B/UTIL
120523-165567,3B/2B/OF,Shay,Shay Whitcomb,Whitcomb,1.8649999618530273,20,2000,TEX@HOU,HOU,TEX,,,,,,2B/3B/OF/UTIL
120523-202433,2B/OF,Jamie,Jamie Westbrook,Westbrook,4.490476335797991,21,2000,TOR@TB,TB,TOR,,,,,,2B/OF/UTIL
120523-163533,C,Jose,Jose Herrera,Herrera,5.650000210466056,58,2000,SF@ARI,ARI,SF,,,,,,C/1B/UTIL
120523-188114,SS,Connor,Connor Kaiser,Kaiser,2.7750000953674316,8,2000,SF@ARI,ARI,SF,,,,,,SS/UTIL
120523-165590,SS,Wilman,Wilman Diaz,Diaz,,0,2000,PHI@LAD,LAD,PHI,,,,,,SS/UTIL
120523-165593,OF,Jose,Jose Ramos,Ramos,0,2,2000,PHI@LAD,LAD,PHI,,,,,,OF/UTIL
120523-165598,C,Jesus,Jesus Galiz,Galiz,,0,2000,PHI@LAD,LAD,PHI,IL,Undisclosed,,,,C/1B/UTIL
120523-116450,OF,Seth,Seth Brown,Brown,3.149999919690584,38,2000,SF@ARI,ARI,SF,,,,,,OF/UTIL
120523-165601,SS,Jose,Jose Salas,Salas,,0,2000,NYY@MIN,MIN,NYY,,,,,,SS/UTIL
120523-181990,C/OF,Blake,Blake Sabol,Sabol,2.737499952316284,8,2000,BAL@CWS,CWS,BAL,,,,,,C/1B/OF/UTIL
120523-181991,1B,Ryan,Ryan Noda,Noda,3.46086949887483,23,2000,BAL@CWS,BAL,CWS,,,,,,C/1B/UTIL
120523-165619,SS,Noah,Noah Miller,Miller,,0,2000,PHI@LAD,LAD,PHI,,,,,,SS/UTIL
120523-165626,OF,Emmanuel,Emmanuel Rodriguez,Rodriguez,0,1,2000,NYY@MIN,MIN,NYY,,,,,,OF/UTIL
120523-202502,OF,Blake,Blake Dunn,Dunn,4.983333333333333,30,2000,CIN@STL,CIN,STL,,,,,,OF/UTIL
120523-202501,OF,Duke,Duke Ellis,Ellis,3.0166667302449546,12,2000,NYY@MIN,NYY,MIN,,,,,,OF/UTIL
120523-165646,C,Rickardo,Rickardo Perez,Perez,,0,2000,PHI@LAD,PHI,LAD,,,,,,C/1B/UTIL
120523-165647,OF,Ethan,Ethan Wilson,Wilson,,0,2000,PHI@LAD,PHI,LAD,,,,,,OF/UTIL
120523-165648,OF,Johan,Johan Rojas,Rojas,5.346478959204445,71,2000,PHI@LAD,PHI,LAD,,,,,,OF/UTIL
120523-165663,SS,Victor,Victor Acosta,Acosta,,0,2000,CIN@STL,CIN,STL,,,,,,SS/UTIL
120523-165667,OF,Samuel,Samuel Zavala,Zavala,,0,2000,BAL@CWS,CWS,BAL,,,,,,OF/UTIL
120523-165670,C,Brandon,Brandon Valenzuela,Valenzuela,,0,2000,TOR@TB,TOR,TB,,,,,,C/1B/UTIL
120523-165675,SS,Edwin,Edwin Arroyo,Arroyo,,0,2000,CIN@STL,CIN,STL,,,,,,SS/UTIL
120523-169769,3B/SS/2B,Vinny,Vinny Capra,Capra,2.723404255319149,47,2000,BAL@CWS,CWS,BAL,,,,,,2B/3B/SS/UTIL
120523-165683,OF,Gabriel,Gabriel Gonzalez,Gonzalez,,0,2000,NYY@MIN,MIN,NYY,,,,,,OF/UTIL
120523-165685,SS,Aeverson,Aeverson Arteaga,Arteaga,,0,2000,SF@ARI,SF,ARI,,,,,,SS/UTIL
120523-165690,C,Brett,Brett Auerbach,Auerbach,,0,2000,SF@ARI,SF,ARI,,,,,,C/1B/UTIL
120523-165688,C,Ricardo,Ricardo Genoves,Genoves,,0,2000,TOR@TB,TB,TOR,IL,Undisclosed,,,,C/1B/UTIL
120523-165692,OF,Joshua,Joshua Baez,Baez,,0,2000,CIN@STL,STL,CIN,,,,,,OF/UTIL
120523-165700,SS,Carlos,Carlos Colmenares,Colmenares,,0,2000,TOR@TB,TB,TOR,,,,,,SS/UTIL
120523-163653,OF,Allan,Allan Cerda,Cerda,,0,2000,NYY@MIN,MIN,NYY,,,,,,OF/UTIL
120523-165704,2B,Cooper,Cooper Kinney,Kinney,,0,2000,TOR@TB,TB,TOR,,,,,,2B/UTIL
120523-165710,OF,Evan,Evan Carter,Carter,9.153968447730655,63,2000,TEX@HOU,TEX,HOU,IL,Wrist,,,,OF/UTIL
120523-165711,SS,Cam,Cam Cauley,Cauley,,0,2000,TEX@HOU,TEX,HOU,,,,,,SS/UTIL
120523-165708,2B,Trevor,Trevor Hauver,Hauver,,0,2000,TEX@HOU,TEX,HOU,,,,,,2B/UTIL
120523-165709,OF,Yeison,Yeison Morrobel,Morrobel,,0,2000,TEX@HOU,TEX,HOU,,,,,,OF/UTIL
120523-165714,SS,Manuel,Manuel Beltre,Beltre,,0,2000,TOR@TB,TOR,TB,,,,,,SS/UTIL
120523-165712,3B/OF,Dustin,Dustin Harris,Harris,4.2105263157894735,19,2000,TEX@HOU,TEX,HOU,,,,,,3B/OF/UTIL
120523-165713,OF,Aaron,Aaron Zavala,Zavala,,0,2000,TEX@HOU,TEX,HOU,,,,,,OF/UTIL
120523-163672,3B/1B,Jonah,Jonah Bride,Bride,3.086666531032986,45,2000,NYY@MIN,MIN,NYY,,,,,,C/1B/3B/UTIL
120523-163679,3B,Joe,Joe Perez,Perez,,0,2000,BAL@CWS,CWS,BAL,,,,,,3B/UTIL
120523-165724,OF,Dasan,Dasan Brown,Brown,,0,2000,TOR@TB,TOR,TB,,,,,,OF/UTIL
120523-163686,3B/SS,Oswaldo,Oswaldo Cabrera,Cabrera,6.597142682756696,35,2000,NYY@MIN,NYY,MIN,IL,Ankle,,,,3B/SS/UTIL
120523-163695,2B/3B,Jorbit,Jorbit Vivas,Vivas,3.5413792051117996,29,2000,NYY@MIN,NYY,MIN,,,,,,2B/3B/UTIL
120523-163704,OF,Cooper,Cooper Hummel,Hummel,4.9324324324324325,37,2000,TOR@TB,TB,TOR,,,,,,OF/UTIL
120523-102279,3B,Drew,Drew Ellis,Ellis,,0,2000,SF@ARI,SF,ARI,,,,,,3B/UTIL
120523-102285,OF,Cristian,Cristian Pache,Pache,3.2876405180170294,89,2000,SF@ARI,ARI,SF,,,,,,OF/UTIL
120523-102295,OF,Stuart,Stuart Fairchild,Fairchild,3.7285714830671037,28,2000,TOR@TB,TB,TOR,IL,Oblique,,,,OF/UTIL
120523-102307,2B/SS/OF,Jose,Jose Barrero,Barrero,2.4227272380482066,22,2000,BAL@CWS,BAL,CWS,,,,,,2B/SS/OF/UTIL
120523-102309,OF,Michael,Michael Siani,Siani,1.6210525914242393,19,2000,CIN@STL,STL,CIN,,,,,,OF/UTIL
120523-102317,SS,Terrin,Terrin Vavra,Vavra,0,1,2000,BAL@CWS,BAL,CWS,,,,,,SS/UTIL
120523-102337,OF,Seth,Seth Beer,Beer,,0,2000,PHI@LAD,PHI,LAD,,,,,,OF/UTIL
120523-102339,C,Diego,Diego Cartaya,Cartaya,0,2,2000,SF@ARI,SF,ARI,,,,,,C/1B/UTIL
120523-102347,2B/SS/3B,Livan,Livan Soto,Soto,1.6133333841959636,15,2000,BAL@CWS,BAL,CWS,,,,,,2B/3B/SS/UTIL
120523-102346,OF,Jordyn,Jordyn Adams,Adams,0.3200000047683716,10,2000,BAL@CWS,BAL,CWS,,,,,,OF/UTIL
120523-102352,C,Payton,Payton Henry,Henry,0,1,2000,PHI@LAD,PHI,LAD,,,,,,C/1B/UTIL
120523-200663,C,David,David Banuelos,Banuelos,3,1,2000,BAL@CWS,BAL,CWS,,,,,,C/1B/UTIL
120523-102359,C,Will,Will Banfield,Banfield,0.42857142857142855,7,2000,CIN@STL,CIN,STL,,,,,,C/1B/UTIL
120523-102392,OF,Esteury,Esteury Ruiz,Ruiz,3.3894737645199426,19,2000,PHI@LAD,LAD,PHI,,,,,,OF/UTIL