Id,Position,First Name,Nickname,Last Name,FPPG,Played,Salary,Game,Team,Opponent,Injury Indicator,Injury Details,Tier,Probable Pitcher,Batting Order,Roster Position
118211-101839,P,Logan,Logan Webb,Webb,40.75,16,11000,MIA@SF,SF,MIA,,,,Yes,,P
118211-16960,P,Zack,Zack Wheeler,Wheeler,42.53333333333333,15,10900,PHI@HOU,PHI,HOU,,,,Yes,,P
118211-12477,P,Chris,Chris Sale,Sale,39.8,15,10800,ATL@NYM,ATL,NYM,IL,Ribs,,,,P
118211-53029,P,Robbie,Robbie Ray,Ray,36.875,16,10500,MIA@SF,SF,MIA,,,,,,P
118211-198625,P,Yoshinobu,Yoshinobu Yamamoto,Yamamoto,35.53333333333333,15,10500,LAD@COL,LAD,COL,,,,Yes,,P
118211-182153,P,Kodai,Kodai Senga,Senga,35.46153846153846,13,10400,ATL@NYM,NYM,ATL,IL,Hamstring,,,,P
118211-17064,P,Sonny,Sonny Gray,Gray,32.86666666666667,15,10300,CHC@STL,STL,CHC,,,,,,P
118211-52183,P,Tyler,Tyler Glasnow,Glasnow,21.2,5,10200,LAD@COL,LAD,COL,IL,Shoulder,,,,P
118211-52185,P,Max,Max Fried,Fried,39.1875,16,10200,NYY@CIN,NYY,CIN,,,,Yes,,P
118211-146687,P,Hunter,Hunter Brown,Brown,42.333333333333336,15,10200,PHI@HOU,HOU,PHI,,,,,,P
118211-83157,P,Ranger,Ranger Suarez,Suarez,39.9,10,10100,PHI@HOU,PHI,HOU,,,,,,P
118211-68488,P,Blake,Blake Snell,Snell,19.5,2,10000,LAD@COL,LAD,COL,IL,Shoulder,,,,P
118211-85599,P,Framber,Framber Valdez,Valdez,38.25,16,10000,PHI@HOU,HOU,PHI,,,,,,P
118211-102396,P,Logan,Logan Gilbert,Gilbert,34.375,8,10000,SEA@MIN,SEA,MIN,,,,,,P
118211-164503,P,Spencer,Spencer Schwellenbach,Schwellenbach,35.75,16,9900,ATL@NYM,ATL,NYM,,,,,,P
118211-60633,P,Carlos,Carlos Rodon,Rodon,38.411764705882355,17,9900,NYY@CIN,NYY,CIN,,,,,,P
118211-60647,P,Aaron,Aaron Nola,Nola,24.555555555555557,9,9900,PHI@HOU,PHI,HOU,IL,Ribs,,,,P
118211-185606,P,Gavin,Gavin Stone,Stone,28.4,25,9900,LAD@COL,LAD,COL,IL,Shoulder,,,,P
118211-83152,P,Pablo,Pablo Lopez,Lopez,31.818181818181817,11,9800,SEA@MIN,MIN,SEA,IL,Shoulder,,,,P
118211-102330,P,Kris,Kris Bubic,Bubic,38.06666666666667,15,9800,TB@KC,KC,TB,,,,,,P
118211-82550,P,Hunter,Hunter Greene,Greene,35.27272727272727,11,9700,NYY@CIN,CIN,NYY,IL,Groin,,,,P
118211-118225,P,Cristopher,Cristopher Sanchez,Sanchez,35.333333333333336,15,9700,PHI@HOU,PHI,HOU,,,,,,P
118211-165512,P,Andrew,Andrew Abbott,Abbott,35.30769230769231,13,9700,NYY@CIN,CIN,NYY,,,,,,P
118211-82621,P,Clarke,Clarke Schmidt,Schmidt,32.5,12,9600,NYY@CIN,NYY,CIN,,,,,,P
118211-187194,P,Bryan,Bryan Woo,Woo,36,15,9600,SEA@MIN,SEA,MIN,,,,,,P
118211-119430,P,Joe,Joe Ryan,Ryan,35.13333333333333,15,9500,SEA@MIN,MIN,SEA,,,,Yes,,P
118211-162445,P,Spencer,Spencer Strider,Strider,32.25,8,9500,ATL@NYM,ATL,NYM,,,,,,P
118211-79280,P,Jesus,Jesus Luzardo,Luzardo,33.625,16,9500,PHI@HOU,PHI,HOU,,,,,,P
118211-135647,P,Ryan,Ryan Pepiot,Pepiot,33.1875,16,9400,TB@KC,TB,KC,,,,,,P
118211-198885,P,Spencer,Spencer Arrighetti,Arrighetti,22.5,2,9300,PHI@HOU,HOU,PHI,IL,Thumb,,,,P
118211-79270,P,Cole,Cole Ragans,Ragans,31,10,9300,TB@KC,KC,TB,IL,Shoulder,,,,P
118211-63136,P,Matthew,Matthew Boyd,Boyd,32.6,15,9300,CHC@STL,CHC,STL,,,,Yes,,P
118211-102407,P,Shane,Shane McClanahan,McClanahan,0,1,9200,TB@KC,TB,KC,IL,Triceps,,,,P
118211-135343,P,Max,Max Meyer,Meyer,27.833333333333332,12,9200,MIA@SF,MIA,SF,IL,Hip,,,,P
118211-82618,P,David,David Peterson,Peterson,32.13333333333333,15,9200,ATL@NYM,NYM,ATL,,,,,,P
118211-68491,P,Reynaldo,Reynaldo Lopez,Lopez,9,1,9200,ATL@NYM,ATL,NYM,IL,Shoulder,,,,P
118211-79207,P,Grant,Grant Holmes,Holmes,30.5625,16,9200,ATL@NYM,ATL,NYM,,,,,,P
118211-219697,P,Noah,Noah Cameron,Cameron,30.5,8,9100,TB@KC,KC,TB,,,,,,P
118211-198702,P,Shota,Shota Imanaga,Imanaga,27.5,8,9000,CHC@STL,CHC,STL,IL,Hamstring,,,,P
118211-119329,P,Nick,Nick Lodolo,Lodolo,29.125,16,9000,NYY@CIN,CIN,NYY,,,,,,P
118211-16956,P,Gerrit,Gerrit Cole,Cole,32,22,9000,NYY@CIN,NYY,CIN,IL,Elbow,,,,P
118211-52159,P,Lance,Lance McCullers Jr.,McCullers Jr.,24.428571428571427,7,9000,PHI@HOU,HOU,PHI,IL,Foot,,,,P
118211-79232,P,Clay,Clay Holmes,Holmes,30,15,9000,ATL@NYM,NYM,ATL,,,,Yes,,P
118211-16961,P,Jameson,Jameson Taillon,Taillon,26.8125,16,8900,CHC@STL,CHC,STL,,,,,,P
118211-82594,P,Dustin,Dustin May,May,27.642857142857142,14,8900,LAD@COL,LAD,COL,,,,,,P
118211-71034,P,Seth,Seth Lugo,Lugo,30.571428571428573,14,8900,TB@KC,KC,TB,,,,,,P
118211-52165,P,Sean,Sean Manaea,Manaea,31.083333333333332,36,8800,ATL@NYM,NYM,ATL,IL,Oblique,,,,P
118211-154714,P,Tylor,Tylor Megill,Megill,29.714285714285715,14,8800,ATL@NYM,NYM,ATL,IL,Elbow,,,,P
118211-79162,P,Luis,Luis Castillo,Castillo,27.8125,16,8800,SEA@MIN,SEA,MIN,,,,,,P
118211-118206,P,Luis,Luis Gil,Gil,30.29032258064516,31,8800,NYY@CIN,NYY,CIN,IL,Lat,,,,P
118211-119414,P,George,George Kirby,Kirby,23,6,8700,SEA@MIN,SEA,MIN,,,,Yes,,P
118211-164521,P,Brandon,Brandon Walter,Walter,31,4,8700,PHI@HOU,HOU,PHI,,,,,,P
118211-181837,P,Ben,Ben Brown,Brown,24.0625,16,8700,CHC@STL,CHC,STL,,,,,,P
118211-102395,P,Ryan,Ryan Weathers,Weathers,24.4,5,8700,MIA@SF,MIA,SF,IL,Lat,,,,P
118211-164509,P,AJ,AJ Smith-Shawver,Smith-Shawver,25.333333333333332,9,8600,ATL@NYM,ATL,NYM,IL,Elbow,,,,P
118211-102408,P,Matthew,Matthew Liberatore,Liberatore,28.266666666666666,15,8500,CHC@STL,STL,CHC,,,,,,P
118211-168872,P,Ronel,Ronel Blanco,Blanco,28.555555555555557,9,8500,PHI@HOU,HOU,PHI,IL,Elbow,,,,P
118211-37999,P,Michael,Michael Wacha,Wacha,27.466666666666665,15,8500,TB@KC,KC,TB,,,,Yes,,P
118211-83166,P,Zack,Zack Littell,Littell,27.75,16,8500,TB@KC,TB,KC,,,,,,P
118211-165698,P,Taj,Taj Bradley,Bradley,26.5625,16,8500,TB@KC,TB,KC,,,,,,P
118211-198912,P,Will,Will Warren,Warren,27.0625,16,8400,NYY@CIN,NYY,CIN,,,,,,P
118211-222787,P,Roki,Roki Sasaki,Sasaki,16.375,8,8400,LAD@COL,LAD,COL,IL,Shoulder,,,,P
118211-119361,P,Drew,Drew Rasmussen,Rasmussen,28.133333333333333,15,8300,TB@KC,TB,KC,,,,Yes,,P
118211-203678,P,Hayden,Hayden Birdsong,Birdsong,16.941176470588236,17,8300,MIA@SF,SF,MIA,,,,,,P
118211-146717,P,Mick,Mick Abel,Abel,22.6,5,8300,PHI@HOU,PHI,HOU,,,,,,P
118211-165636,P,Hayden,Hayden Wesneski,Wesneski,24.833333333333332,6,8300,PHI@HOU,HOU,PHI,IL,Elbow,,,,P
118211-213198,P,Ryan,Ryan Gusto,Gusto,19,17,8200,PHI@HOU,HOU,PHI,,,,,,P
118211-209173,P,Zebby,Zebby Matthews,Matthews,26.25,4,8200,SEA@MIN,MIN,SEA,IL,Shoulder,,,,P
118211-5427,P,Clayton,Clayton Kershaw,Kershaw,22.285714285714285,7,8200,LAD@COL,LAD,COL,,,,,,P
118211-222782,P,Chase,Chase Burns,Burns,30,1,8200,NYY@CIN,CIN,NYY,,,,,,P
118211-219662,P,Colton,Colton Gordon,Gordon,24.428571428571427,7,8100,PHI@HOU,HOU,PHI,,,,Yes,,P
118211-82582,P,Griffin,Griffin Canning,Canning,25.333333333333332,15,8100,ATL@NYM,NYM,ATL,,,,,,P
118211-60632,P,Kyle,Kyle Freeland,Freeland,21.428571428571427,14,8100,LAD@COL,COL,LAD,IL,Back,,,,P
118211-146664,P,Bryce,Bryce Elder,Elder,24.166666666666668,12,8100,ATL@NYM,ATL,NYM,,,,,,P
118211-102343,P,Tony,Tony Gonsolin,Gonsolin,26.285714285714285,7,8100,LAD@COL,LAD,COL,IL,Elbow,,,,P
118211-198879,P,Rhett,Rhett Lowder,Lowder,27,6,8000,NYY@CIN,CIN,NYY,IL,Forearm,,,,P
118211-199728,P,Landen,Landen Roupp,Roupp,26.666666666666668,15,8000,MIA@SF,SF,MIA,,,,,,P
118211-53590,P,Nick,Nick Martinez,Martinez,21.941176470588236,17,7900,NYY@CIN,CIN,NYY,,,,,,P
118211-82599,P,Edward,Edward Cabrera,Cabrera,25.583333333333332,12,7900,MIA@SF,MIA,SF,,,,Yes,,P
118211-52728,P,Michael,Michael Lorenzen,Lorenzen,24.666666666666668,16,7900,TB@KC,KC,TB,,,,,,P
118211-198876,P,Cade,Cade Horton,Horton,23.375,8,7800,CHC@STL,CHC,STL,,,,,,P
118211-82630,P,Shane,Shane Baz,Baz,27.266666666666666,15,7800,TB@KC,TB,KC,,,,,,P
118211-5202,P,Justin,Justin Verlander,Verlander,21.75,12,7800,MIA@SF,SF,MIA,,,,,,P
118211-102344,P,Brady,Brady Singer,Singer,26.733333333333334,15,7800,NYY@CIN,CIN,NYY,,,,Yes,,P
118211-68485,P,Ryan,Ryan Yarbrough,Yarbrough,16.6875,16,7700,NYY@CIN,NYY,CIN,IL,Oblique,,,,P
118211-64488,P,Colin,Colin Rea,Rea,19.375,16,7700,CHC@STL,CHC,STL,,,,,,P
118211-226322,P,Logan,Logan Evans,Evans,25.142857142857142,7,7700,SEA@MIN,SEA,MIN,,,,,,P
118211-165689,P,Bryce,Bryce Miller,Miller,18.2,10,7700,SEA@MIN,SEA,MIN,IL,Elbow,,,,P
118211-135650,P,Landon,Landon Knack,Knack,20.11111111111111,9,7600,LAD@COL,LAD,COL,,,,,,P
118211-21097,P,Taijuan,Taijuan Walker,Walker,13.588235294117647,17,7600,PHI@HOU,PHI,HOU,,,,,,P
118211-226810,P,Blade,Blade Tidwell,Tidwell,8,2,7600,ATL@NYM,NYM,ATL,,,,,,P
118211-145612,P,Bailey,Bailey Ober,Ober,23.3125,16,7500,SEA@MIN,MIN,SEA,,,,,,P
118211-79224,P,Chris,Chris Paddack,Paddack,21.125,16,7500,SEA@MIN,MIN,SEA,,,,,,P
118211-165573,P,Alec,Alec Marsh,Marsh,24.423076923076923,26,7500,TB@KC,KC,TB,IL,Shoulder,,,,P
118211-204632,P,Tanner,Tanner Gordon,Gordon,22.333333333333332,3,7500,LAD@COL,COL,LAD,IL,Oblique,,,,P
118211-203679,P,Valente,Valente Bellozo,Bellozo,13.666666666666666,12,7400,MIA@SF,MIA,SF,,,,,,P
118211-203676,P,David,David Festa,Festa,19,7,7400,SEA@MIN,MIN,SEA,,,,,,P
118211-68564,P,Erick,Erick Fedde,Fedde,24,15,7400,CHC@STL,STL,CHC,,,,Yes,,P
118211-168950,P,Andre,Andre Pallante,Pallante,23.466666666666665,15,7400,CHC@STL,STL,CHC,,,,,,P
118211-204505,P,Justin,Justin Wrobleski,Wrobleski,23.666666666666668,6,7400,LAD@COL,LAD,COL,,,,,,P
118211-178415,P,Javier,Javier Assad,Assad,24,29,7300,CHC@STL,CHC,STL,IL,Oblique,,,,P
118211-79245,P,Sandy,Sandy Alcantara,Alcantara,18.266666666666666,15,7300,MIA@SF,MIA,SF,,,,,,P
118211-39041,P,Marcus,Marcus Stroman,Stroman,4.333333333333333,3,7200,NYY@CIN,NYY,CIN,IL,Knee,,,,P
118211-63781,P,Frankie,Frankie Montas,Montas,30,1,7200,ATL@NYM,NYM,ATL,,,,,,P
118211-81490,P,Chris,Chris Flexen,Flexen,9.214285714285714,14,7200,CHC@STL,CHC,STL,,,,,,P
118211-135268,P,Emerson,Emerson Hancock,Hancock,20.53846153846154,13,7100,SEA@MIN,SEA,MIN,,,,,,P
118211-197914,P,Nick,Nick Frasso,Frasso,0,2,7100,LAD@COL,LAD,COL,,,,,,P
118211-101810,P,Justin,Justin Steele,Steele,29.25,4,7100,CHC@STL,CHC,STL,IL,Elbow,,,,P
118211-135212,P,Luis,Luis Garcia,Garcia,0,1,7000,PHI@HOU,HOU,PHI,IL,Elbow,,,,P
118211-6266,P,Carlos,Carlos Carrasco,Carrasco,15,8,7000,NYY@CIN,NYY,CIN,,,,,,P
118211-102528,P,Simeon,Simeon Woods Richardson,Woods Richardson,20.363636363636363,11,7000,SEA@MIN,MIN,SEA,,,,,,P
118211-17121,P,Miles,Miles Mikolas,Mikolas,21.2,15,7000,CHC@STL,STL,CHC,,,,,,P
118211-161465,P,Ryan,Ryan Feltner,Feltner,21,6,7000,LAD@COL,COL,LAD,IL,Back,,,,P
118211-102335,P,Cristian,Cristian Javier,Javier,24.285714285714285,8,7000,PHI@HOU,HOU,PHI,IL,Elbow,,,,P
118211-165599,P,Eury,Eury Perez,Perez,14.666666666666666,3,6900,MIA@SF,MIA,SF,,,,,,P
118211-102569,P,Michael,Michael Mercado,Mercado,2,3,6800,PHI@HOU,PHI,HOU,,,,,,P
118211-198886,P,Chase,Chase Dollander,Dollander,18.416666666666668,12,6800,LAD@COL,COL,LAD,,,,Yes,,P
118211-79078,P,Ian,Ian Anderson,Anderson,2.2857142857142856,7,6800,ATL@NYM,ATL,NYM,,,,,,P
118211-79228,P,Cal,Cal Quantrill,Quantrill,16.6,15,6800,MIA@SF,MIA,SF,,,,,,P
118211-185845,P,Allan,Allan Winans,Winans,4,1,6800,NYY@CIN,NYY,CIN,,,,,,P
118211-164529,P,Jordan,Jordan Wicks,Wicks,3,2,6700,CHC@STL,CHC,STL,IL,Undisclosed,,,,P
118211-80859,P,Paul,Paul Blackburn,Blackburn,10.6,5,6700,ATL@NYM,NYM,ATL,,,,,,P
118211-165694,P,Michael,Michael McGreevy,McGreevy,22,4,6700,CHC@STL,STL,CHC,,,,,,P
118211-219569,P,Justin,Justin Hagenman,Hagenman,15,2,6600,ATL@NYM,NYM,ATL,,,,,,P
118211-138016,P,Brandon,Brandon Waddell,Waddell,10.25,4,6600,ATL@NYM,NYM,ATL,,,,,,P
118211-102333,P,Daniel,Daniel Lynch IV,Lynch IV,4.882352941176471,34,6600,TB@KC,KC,TB,,,,,,P
118211-102574,P,Jake,Jake Woodford,Woodford,10.444444444444445,9,6500,CHC@STL,CHC,STL,,,,,,P
118211-135648,P,Bobby,Bobby Miller,Miller,7.5,2,6500,LAD@COL,LAD,COL,,,,,,P
118211-12936,P,Kyle,Kyle Gibson,Gibson,-0.5,4,6500,TB@KC,TB,KC,,,,,,P
118211-68452,P,Kenta,Kenta Maeda,Maeda,3.857142857142857,7,6500,CHC@STL,CHC,STL,,,,,,P
118211-209846,P,Ben,Ben Casparius,Casparius,11.958333333333334,24,6500,LAD@COL,LAD,COL,,,,,,P
118211-52174,P,Steven,Steven Matz,Matz,9.73913043478261,23,6500,CHC@STL,STL,CHC,,,,,,P
118211-181805,P,J.P.,J.P. France,France,15.8,6,6500,PHI@HOU,HOU,PHI,IL,Shoulder,,,,P
118211-194242,P,Carson,Carson Spiers,Spiers,16.666666666666668,3,6500,NYY@CIN,CIN,NYY,IL,Shoulder,,,,P
118211-102378,P,Matt,Matt Sauer,Sauer,11.555555555555555,9,6500,LAD@COL,LAD,COL,,,,,,P
118211-102456,P,Jhonathan,Jhonathan Diaz,Diaz,7,1,6400,SEA@MIN,SEA,MIN,,,,,,P
118211-194939,P,Joe,Joe Boyle,Boyle,42,1,6400,TB@KC,TB,KC,,,,,,P
118211-219695,P,Luinder,Luinder Avila,Avila,,0,6400,TB@KC,KC,TB,IL,Shoulder,,,,P
118211-170891,P,Davis,Davis Daniel,Daniel,6,1,6400,ATL@NYM,ATL,NYM,,,,,,P
118211-187967,P,Emmet,Emmet Sheehan,Sheehan,27,1,6400,LAD@COL,LAD,COL,,,,,,P
118211-165508,P,Graham,Graham Ashcraft,Ashcraft,6.862068965517241,29,6400,NYY@CIN,CIN,NYY,IL,Groin,,,,P
118211-165618,P,Chase,Chase Petty,Petty,0,3,6400,NYY@CIN,CIN,NYY,,,,,,P
118211-102416,P,Tyler,Tyler Phillips,Phillips,5.037037037037037,27,6300,MIA@SF,MIA,SF,,,,,,P
118211-73880,P,German,German Marquez,Marquez,17.8125,17,6300,LAD@COL,COL,LAD,,,,,,P
118211-228058,P,Didier,Didier Fuentes,Fuentes,12,1,6300,ATL@NYM,ATL,NYM,,,,Yes,,P
118211-83098,P,Austin,Austin Gomber,Gomber,7,2,6300,LAD@COL,COL,LAD,,,,,,P
118211-208114,P,Connor,Connor Gillispie,Gillispie,12,6,6300,SEA@MIN,MIN,SEA,,,,,,P
118211-119416,P,Brandon,Brandon Williamson,Williamson,15.25,4,6200,NYY@CIN,CIN,NYY,IL,Elbow,,,,P
118211-82636,P,Joey,Joey Lucchesi,Lucchesi,0.75,4,6200,MIA@SF,SF,MIA,,,,,,P
118211-197871,P,Bradley,Bradley Blalock,Blalock,0.6,5,6200,LAD@COL,COL,LAD,,,,,,P
118211-181823,P,Keaton,Keaton Winn,Winn,17.666666666666668,12,6200,MIA@SF,SF,MIA,IL,Undisclosed,,,,P
118211-181833,P,Darius,Darius Vines,Vines,7.25,4,6200,ATL@NYM,ATL,NYM,IL,Undisclosed,,,,P
118211-202480,P,Adam,Adam Mazur,Mazur,20,1,6200,MIA@SF,MIA,SF,,,,,,P
118211-104584,P,Zach,Zach Plesac,Plesac,9.333333333333334,3,6100,CHC@STL,STL,CHC,,,,,,P
118211-198872,P,Hurston,Hurston Waldrep,Waldrep,-4.5,2,6100,ATL@NYM,ATL,NYM,,,,,,P
118211-12972,P,Wade,Wade Miley,Miley,12,3,6100,NYY@CIN,CIN,NYY,IL,Forearm,,,,P
118211-156976,P,Darren,Darren McCaughan,McCaughan,10.333333333333334,3,6100,SEA@MIN,MIN,SEA,,,,,,P
118211-163692,P,Jose,Jose Butto,Butto,7.103448275862069,29,6100,ATL@NYM,NYM,ATL,,,,,,P
118211-198904,P,Christian,Christian Scott,Scott,22.11111111111111,9,6000,ATL@NYM,NYM,ATL,IL,Elbow,,,,P
118211-68517,P,Antonio,Antonio Senzatela,Senzatela,12.875,16,6000,LAD@COL,COL,LAD,,,,,,P
118211-209958,P,Julian,Julian Aguiar,Aguiar,15.142857142857142,7,6000,NYY@CIN,CIN,NYY,IL,Elbow,,,,P
118211-101804,P,Huascar,Huascar Ynoa,Ynoa,0,2,6000,SEA@MIN,MIN,SEA,,,,,,P
118211-226881,P,Carson,Carson Palmquist,Palmquist,11.428571428571429,7,6000,LAD@COL,COL,LAD,,,,,,P
118211-102342,P,Michael,Michael Grove,Grove,6.325,40,6000,LAD@COL,LAD,COL,IL,Shoulder,,,,P
118211-102446,P,Tristan,Tristan Beck,Beck,7.5,6,5900,MIA@SF,SF,MIA,,,,,,P
118211-199224,P,Mason,Mason Black,Black,14.444444444444445,9,5900,MIA@SF,SF,MIA,,,,,,P
118211-79072,P,Brad,Brad Keller,Keller,6.363636363636363,33,5900,CHC@STL,CHC,STL,,,,,,P
118211-179456,P,Louis,Louis Varland,Varland,5.722222222222222,37,5900,SEA@MIN,MIN,SEA,,,,,,P
118211-146728,P,Connor,Connor Phillips,Phillips,9,2,5900,NYY@CIN,CIN,NYY,,,,,,P
118211-161167,P,Glenn,Glenn Otto,Otto,0,1,5900,PHI@HOU,HOU,PHI,IL,Shoulder,,,,P
118211-177584,P,Xzavion,Xzavion Curry,Curry,2,3,5900,MIA@SF,MIA,SF,,,,,,P
118211-181832,P,Roddery,Roddery Munoz,Munoz,3.8333333333333335,6,5900,CHC@STL,STL,CHC,,,,,,P
118211-181845,P,Drew,Drew Rom,Rom,0,2,5900,CHC@STL,STL,CHC,IL,Undisclosed,,,,P
118211-52873,P,Joe,Joe Ross,Ross,5.52,26,5900,PHI@HOU,PHI,HOU,,,,,,P
118211-163675,P,Noah,Noah Davis,Davis,6.666666666666667,4,5900,LAD@COL,LAD,COL,,,,,,P
118211-135208,P,Shawn,Shawn Dubin,Dubin,6.555555555555555,18,5700,PHI@HOU,HOU,PHI,IL,Forearm,,,,P
118211-102487,P,Austin,Austin Cox,Cox,9,1,5700,ATL@NYM,ATL,NYM,,,,,,P
118211-145610,P,Angel,Angel Zerpa,Zerpa,4.757575757575758,33,5700,TB@KC,KC,TB,,,,,,P
118211-119423,P,Zack,Zack Thompson,Thompson,11.4,7,5700,CHC@STL,STL,CHC,IL,Lat,,,,P
118211-119431,P,Seth,Seth Johnson,Johnson,3,1,5700,PHI@HOU,PHI,HOU,,,,,,P
118211-82573,P,Alex,Alex Faedo,Faedo,8.054054054054054,37,5700,TB@KC,TB,KC,IL,Shoulder,,,,P
118211-164511,P,Dylan,Dylan Dodd,Dodd,5,8,5700,ATL@NYM,ATL,NYM,,,,,,P
118211-213867,P,Blas,Blas Castano,Castano,3,1,5700,SEA@MIN,SEA,MIN,,,,,,P
118211-79079,P,Joey,Joey Wentz,Wentz,5.130434782608695,23,5700,SEA@MIN,MIN,SEA,,,,,,P
118211-79126,P,Forrest,Forrest Whitley,Whitley,1.5,9,5700,TB@KC,TB,KC,,,,,,P
118211-101838,P,JT,JT Brubaker,Brubaker,9,1,5700,NYY@CIN,NYY,CIN,,,,,,P
118211-102297,P,Keegan,Keegan Thompson,Thompson,8.363636363636363,24,5700,CHC@STL,CHC,STL,,,,,,P
118211-102462,P,Lyon,Lyon Richardson,Richardson,6.2105263157894735,20,5600,NYY@CIN,CIN,NYY,,,,,,P
118211-195151,P,Anthony,Anthony Veneziano,Veneziano,3.75,24,5600,MIA@SF,MIA,SF,,,,,,P
118211-79873,P,Dylan,Dylan Covey,Covey,0,2,5500,ATL@NYM,ATL,NYM,,,,,,P
118211-102405,P,Sean,Sean Hjelle,Hjelle,6.285714285714286,7,5500,MIA@SF,SF,MIA,,,,,,P
118211-178184,P,Kevin,Kevin Herget,Herget,6,1,5500,ATL@NYM,ATL,NYM,,,,,,P
118211-114708,P,Randy,Randy Dobnak,Dobnak,16,1,5500,SEA@MIN,MIN,SEA,,,,,,P
118211-135191,P,Josh,Josh Fleming,Fleming,4.541666666666667,25,5500,SEA@MIN,SEA,MIN,,,,,,P
118211-79895,P,Miguel,Miguel Diaz,Diaz,3,1,5500,MIA@SF,SF,MIA,,,,,,P
118211-135196,P,Tyler,Tyler Zuber,Zuber,9,1,5500,ATL@NYM,NYM,ATL,,,,,,P
118211-161827,P,Seth,Seth Martinez,Martinez,5.0227272727272725,44,5500,MIA@SF,MIA,SF,,,,,,P
118211-155687,P,Andrew,Andrew Wantz,Wantz,10,1,5500,TB@KC,TB,KC,IL,Elbow,,,,P
118211-102442,P,Freddy,Freddy Tarnok,Tarnok,7.5,2,5500,MIA@SF,MIA,SF,,,,,,P
118211-190516,P,Daysbel,Daysbel Hernandez,Hernandez,5.44,25,5500,ATL@NYM,ATL,NYM,IL,Forearm,,,,P
118211-192574,P,Lane,Lane Ramsey,Ramsey,,0,5500,MIA@SF,MIA,SF,,,,,,P
118211-172092,P,Garrett,Garrett Hill,Hill,0,1,5500,SEA@MIN,SEA,MIN,,,,,,P
118211-79936,P,Mark,Mark Leiter Jr.,Leiter Jr.,5.675675675675675,37,5500,NYY@CIN,NYY,CIN,,,,,,P
118211-104512,P,Geoff,Geoff Hartlieb,Hartlieb,4.2,5,5500,NYY@CIN,NYY,CIN,,,,,,P
118211-135236,P,Max,Max Kranick,Kranick,6.625,24,5500,ATL@NYM,NYM,ATL,IL,Elbow,,,,P
118211-102470,P,Rico,Rico Garcia,Garcia,,0,5500,ATL@NYM,NYM,ATL,,,,,,P
118211-102474,P,Eli,Eli Morgan,Morgan,0.5714285714285714,7,5500,CHC@STL,CHC,STL,IL,Elbow,,,,P
118211-149587,P,Jay,Jay Flaa,Flaa,,0,5500,ATL@NYM,ATL,NYM,,,,,,P
118211-135253,P,Alex,Alex Vesia,Vesia,5.552631578947368,38,5500,LAD@COL,LAD,COL,,,,,,P
118211-135262,P,Anthony,Anthony Misiewicz,Misiewicz,6,1,5500,SEA@MIN,MIN,SEA,,,,,,P
118211-102503,P,John,John Rooney,Rooney,,0,5500,MIA@SF,MIA,SF,,,,,,P
118211-102505,P,Edwin,Edwin Uceta,Uceta,5.090909090909091,33,5500,TB@KC,TB,KC,,,,,,P
118211-116847,P,Cole,Cole Sulser,Sulser,6,13,5500,TB@KC,TB,KC,,,,,,P
118211-161907,P,Dylan,Dylan Lee,Lee,5.638888888888889,36,5500,ATL@NYM,ATL,NYM,,,,,,P
118211-194675,P,Luke,Luke Little,Little,-1,1,5500,CHC@STL,CHC,STL,,,,,,P
118211-159857,P,Jose,Jose Marte,Marte,6.071428571428571,14,5500,ATL@NYM,NYM,ATL,IL,Shoulder,,,,P
118211-102517,P,Jhoan,Jhoan Duran,Duran,6.1891891891891895,37,5500,SEA@MIN,MIN,SEA,,,,,,P
118211-82039,P,Aaron,Aaron Wilkerson,Wilkerson,,0,5500,NYY@CIN,CIN,NYY,,,,,,P
118211-102523,P,Deivi,Deivi Garcia,Garcia,4.285714285714286,14,5500,NYY@CIN,CIN,NYY,,,,,,P
118211-135289,P,Kodi,Kodi Whitley,Whitley,,0,5500,TB@KC,TB,KC,IL,Undisclosed,,,,P
118211-116868,P,Gabe,Gabe Speier,Speier,5.647058823529412,34,5500,SEA@MIN,SEA,MIN,,,,,,P
118211-135303,P,Jordan,Jordan Weems,Weems,3.575,41,5500,PHI@HOU,HOU,PHI,,,,,,P
118211-135306,P,Cole,Cole Wilcox,Wilcox,,0,5500,TB@KC,TB,KC,,,,,,P
118211-114827,P,John,John Schreiber,Schreiber,4.818181818181818,35,5500,TB@KC,KC,TB,,,,,,P
118211-102543,P,Connor,Connor Seabold,Seabold,10.666666666666666,3,5500,TB@KC,TB,KC,,,,,,P
118211-102549,P,Andres,Andres Munoz,Munoz,7.166666666666667,30,5500,SEA@MIN,SEA,MIN,,,,,,P
118211-102558,P,Gregory,Gregory Santos,Santos,1.875,8,5500,SEA@MIN,SEA,MIN,IL,Knee,,,,P
118211-80033,P,Emilio,Emilio Pagan,Pagan,5.735294117647059,34,5500,NYY@CIN,CIN,NYY,,,,,,P
118211-102560,P,Camilo,Camilo Doval,Doval,5.5,36,5500,MIA@SF,SF,MIA,,,,,,P
118211-80034,P,Jose,Jose Alvarado,Alvarado,7.05,20,5500,PHI@HOU,PHI,HOU,NA,Suspension,,,,P
118211-102565,P,Mason,Mason Englert,Englert,8.083333333333334,13,5500,TB@KC,TB,KC,,,,,,P
118211-102568,P,Colin,Colin Poche,Poche,2.230769230769231,13,5500,ATL@NYM,NYM,ATL,,,,,,P
118211-135339,P,Clayton,Clayton Beeter,Beeter,6.666666666666667,3,5500,NYY@CIN,NYY,CIN,,,,,,P
118211-145591,P,Eduard,Eduard Bazardo,Bazardo,5.588235294117647,34,5500,SEA@MIN,SEA,MIN,,,,,,P
118211-209078,P,Max,Max Lazar,Lazar,6,9,5500,PHI@HOU,PHI,HOU,,,,,,P
118211-145593,P,Carlos,Carlos Vargas,Vargas,5.085714285714285,35,5500,SEA@MIN,SEA,MIN,,,,,,P
118211-135358,P,Dylan,Dylan File,File,,0,5500,SEA@MIN,SEA,MIN,,,,,,P
118211-102590,P,Joey,Joey Gerber,Gerber,,0,5500,TB@KC,TB,KC,,,,,,P
118211-135361,P,Nabil,Nabil Crismatt,Crismatt,7.8,5,5500,PHI@HOU,PHI,HOU,,,,,,P
118211-145609,P,Peter,Peter Solomon,Solomon,,0,5500,CHC@STL,CHC,STL,,,,,,P
118211-194770,P,Nick,Nick Hernandez,Hernandez,3,2,5500,PHI@HOU,HOU,PHI,,,,,,P
118211-145620,P,Helcris,Helcris Olivarez,Olivarez,,0,5500,MIA@SF,SF,MIA,,,,,,P
118211-145627,P,Lucas,Lucas Gilbreath,Gilbreath,-7.5,3,5500,LAD@COL,COL,LAD,,,,,,P
118211-145630,P,Kervin,Kervin Castro,Castro,,0,5500,NYY@CIN,NYY,CIN,,,,,,P
118211-209116,P,Troy,Troy Taylor,Taylor,-0.14285714285714285,8,5500,SEA@MIN,SEA,MIN,,,,,,P
118211-149731,P,Anthony,Anthony Bender,Bender,4.606060606060606,33,5500,MIA@SF,MIA,SF,,,,,,P
118211-205032,P,Daniel,Daniel Robert,Robert,2.5,2,5500,PHI@HOU,PHI,HOU,,,,,,P
118211-198896,P,Noble,Noble Meyer,Meyer,,0,5500,MIA@SF,MIA,SF,,,,,,P
118211-198901,P,Chase,Chase Hampton,Hampton,,0,5500,NYY@CIN,NYY,CIN,IL,Elbow,,,,P
118211-194816,P,Kyle,Kyle Hurt,Hurt,8.666666666666666,5,5500,LAD@COL,LAD,COL,IL,Elbow,,,,P
118211-198919,P,Robby,Robby Snelling,Snelling,,0,5500,MIA@SF,MIA,SF,,,,,,P
118211-198920,P,Dylan,Dylan Lesko,Lesko,,0,5500,TB@KC,TB,KC,,,,,,P
118211-225549,P,Patrick,Patrick Monteverde,Monteverde,11,1,5500,MIA@SF,MIA,SF,,,,,,P
118211-198938,P,Carson,Carson Whisenhunt,Whisenhunt,,0,5500,MIA@SF,SF,MIA,,,,,,P
118211-198936,P,Tekoah,Tekoah Roby,Roby,,0,5500,CHC@STL,STL,CHC,,,,,,P
118211-203075,P,Michael,Michael Petersen,Petersen,4.5,2,5500,ATL@NYM,ATL,NYM,,,,,,P
118211-203074,P,Spencer,Spencer Bivens,Bivens,6.92,25,5500,MIA@SF,SF,MIA,,,,,,P
118211-211265,P,Seth,Seth Halvorsen,Halvorsen,4.4375,32,5500,LAD@COL,COL,LAD,,,,,,P
118211-174406,P,Huascar,Huascar Brazoban,Brazoban,6.636363636363637,33,5500,ATL@NYM,NYM,ATL,,,,,,P
118211-182597,P,Shintaro,Shintaro Fujinami,Fujinami,0,3,5500,SEA@MIN,SEA,MIN,,,,,,P
118211-170324,P,Brandon,Brandon Hughes,Hughes,4.533333333333333,15,5500,CHC@STL,CHC,STL,,,,,,P
118211-135525,P,Adam,Adam Seminaris,Seminaris,,0,5500,SEA@MIN,SEA,MIN,,,,,,P
118211-135530,P,Brett,Brett de Geus,de Geus,3,1,5500,PHI@HOU,PHI,HOU,,,,,,P
118211-153961,P,Tayler,Tayler Saucedo,Saucedo,2,4,5500,SEA@MIN,SEA,MIN,,,,,,P
118211-225667,P,Cade,Cade Gibson,Gibson,6.875,16,5500,MIA@SF,MIA,SF,,,,,,P
118211-225665,P,Sauryn,Sauryn Lao,Lao,14,1,5500,SEA@MIN,SEA,MIN,,,,,,P
118211-225671,P,Zach,Zach Agnos,Agnos,3.05,20,5500,LAD@COL,COL,LAD,,,,,,P
118211-170384,P,Yerry,Yerry de los Santos,de los Santos,6.214285714285714,14,5500,NYY@CIN,NYY,CIN,IL,Elbow,,,,P
118211-61858,P,Raisel,Raisel Iglesias,Iglesias,4.709677419354839,31,5500,ATL@NYM,ATL,NYM,,,,,,P
118211-219568,P,Rolddy,Rolddy Munoz,Munoz,,0,5500,ATL@NYM,ATL,NYM,,,,,,P
118211-158134,P,Stephen,Stephen Ridings,Ridings,,0,5500,LAD@COL,LAD,COL,,,,,,P
118211-188863,P,Randy,Randy Wynne,Wynne,15,1,5500,NYY@CIN,CIN,NYY,,,,,,P
118211-219586,P,Ian,Ian Seymour,Seymour,18,1,5500,TB@KC,TB,KC,,,,,,P
118211-80346,P,Giovanny,Giovanny Gallegos,Gallegos,4.842105263157895,21,5500,LAD@COL,LAD,COL,IL,Undisclosed,,,,P
118211-182750,P,Andrew,Andrew Painter,Painter,,0,5500,PHI@HOU,PHI,HOU,,,,,,P
118211-145916,P,Zach,Zach Pop,Pop,5.333333333333333,3,5500,SEA@MIN,SEA,MIN,,,,,,P
118211-184829,P,McKinley,McKinley Moore,Moore,0,3,5500,NYY@CIN,NYY,CIN,,,,,,P
118211-170514,P,Jose,Jose Cuas,Cuas,4.833333333333333,13,5500,ATL@NYM,ATL,NYM,,,,,,P
118211-119315,P,Kohl,Kohl Franklin,Franklin,,0,5500,CHC@STL,CHC,STL,IL,Elbow,,,,P
118211-219665,P,Matt,Matt Svanson,Svanson,5.9,10,5500,CHC@STL,STL,CHC,,,,,,P
118211-119319,P,Ryan,Ryan Jensen,Jensen,,0,5500,SEA@MIN,MIN,SEA,,,,,,P
118211-162328,P,Reiver,Reiver Sanmartin,Sanmartin,0,2,5500,NYY@CIN,CIN,NYY,,,,,,P
118211-170527,P,Jason,Jason Alexander,Alexander,6.2,5,5500,PHI@HOU,HOU,PHI,,,,,,P
118211-191007,P,Declan,Declan Cronin,Cronin,6.125,56,5500,MIA@SF,MIA,SF,,,,,,P
118211-119328,P,Packy,Packy Naughton,Naughton,0,2,5500,CHC@STL,STL,CHC,IL,Elbow,,,,P
118211-119336,P,Karl,Karl Kauffmann,Kauffmann,0,1,5500,LAD@COL,COL,LAD,,,,,,P
118211-119339,P,Tyler,Tyler Ivey,Ivey,,0,5500,PHI@HOU,HOU,PHI,,,,,,P
118211-119347,P,Jonathan,Jonathan Bowlan,Bowlan,6,12,5500,TB@KC,KC,TB,,,,,,P
118211-219696,P,Eric,Eric Cerantola,Cerantola,,0,5500,TB@KC,KC,TB,,,,,,P
118211-219703,P,Travis,Travis Adams,Adams,,0,5500,SEA@MIN,MIN,SEA,,,,,,P
118211-178743,P,Nicholas,Nicholas Padilla,Padilla,,0,5500,PHI@HOU,PHI,HOU,,,,,,P
118211-219702,P,Marco,Marco Raya,Raya,,0,5500,SEA@MIN,MIN,SEA,,,,,,P
118211-219700,P,Luis,Luis Mey,Mey,4.866666666666666,15,5500,NYY@CIN,CIN,NYY,,,,,,P
118211-219707,P,Jean,Jean Cabrera,Cabrera,,0,5500,PHI@HOU,PHI,HOU,,,,,,P
118211-219706,P,Carson,Carson Seymour,Seymour,,0,5500,MIA@SF,SF,MIA,,,,,,P
118211-219705,P,Moises,Moises Chace,Chace,,0,5500,PHI@HOU,PHI,HOU,IL,Elbow,,,,P
118211-119356,P,Oliver,Oliver Ortega,Ortega,0,1,5500,ATL@NYM,NYM,ATL,IL,Elbow,,,,P
118211-119359,P,Ethan,Ethan Small,Small,0,2,5500,MIA@SF,SF,MIA,IL,Undisclosed,,,,P
118211-119358,P,Antoine,Antoine Kelly,Kelly,0,1,5500,LAD@COL,COL,LAD,,,,,,P
118211-219708,P,Carson,Carson Ragsdale,Ragsdale,,0,5500,MIA@SF,SF,MIA,,,,,,P
118211-119367,P,Matt,Matt Canterino,Canterino,0,1,5500,SEA@MIN,MIN,SEA,IL,Shoulder,,,,P
118211-72265,P,Matt,Matt Strahm,Strahm,4.970588235294118,34,5500,PHI@HOU,PHI,HOU,,,,,,P
118211-139851,P,Justin,Justin Topa,Topa,4.285714285714286,28,5500,SEA@MIN,MIN,SEA,,,,,,P
118211-219722,P,Jack,Jack Dreyer,Dreyer,6.645161290322581,31,5500,LAD@COL,LAD,COL,,,,,,P
118211-80460,P,John,John Brebbia,Brebbia,3.8947368421052633,19,5500,ATL@NYM,ATL,NYM,,,,,,P
118211-119375,P,Dedniel,Dedniel Nunez,Nunez,3.5,7,5500,ATL@NYM,NYM,ATL,,,,,,P
118211-225880,P,Nathan,Nathan Wiles,Wiles,-3,1,5500,ATL@NYM,ATL,NYM,,,,,,P
118211-16989,P,Wilking,Wilking Rodriguez,Rodriguez,,0,5500,NYY@CIN,NYY,CIN,,,,,,P
118211-80476,P,Jackson,Jackson Stephens,Stephens,4.333333333333333,3,5500,ATL@NYM,ATL,NYM,,,,,,P
118211-119392,P,Josh,Josh Wolf,Wolf,,0,5500,MIA@SF,SF,MIA,,,,,,P
118211-119397,P,TJ,TJ Sikkema,Sikkema,,0,5500,NYY@CIN,CIN,NYY,,,,,,P
118211-82535,P,Kyle,Kyle Wright,Wright,0,1,5500,TB@KC,KC,TB,,,,,,P
118211-21096,P,Erasmo,Erasmo Ramirez,Ramirez,7.3076923076923075,13,5500,SEA@MIN,MIN,SEA,IL,Shoulder,,,,P
118211-119403,P,Erik,Erik Miller,Miller,4.774193548387097,32,5500,MIA@SF,SF,MIA,,,,,,P
118211-162419,P,Matt,Matt Brash,Brash,5.3125,16,5500,SEA@MIN,SEA,MIN,,,,,,P
118211-82547,P,Thomas,Thomas Hatch,Hatch,,0,5500,TB@KC,KC,TB,,,,,,P
118211-82546,P,Adbert,Adbert Alzolay,Alzolay,3.888888888888889,18,5500,ATL@NYM,NYM,ATL,IL,Elbow,,,,P
118211-82552,P,Tony,Tony Santillan,Santillan,4.5,39,5500,NYY@CIN,CIN,NYY,,,,,,P
118211-70271,P,Carlos,Carlos Estevez,Estevez,5.242424242424242,33,5500,TB@KC,KC,TB,,,,,,P
118211-82564,P,Yency,Yency Almonte,Almonte,5.588235294117647,17,5500,CHC@STL,CHC,STL,IL,Shoulder,,,,P
118211-119433,P,JJ,JJ Goss,Goss,,0,5500,TB@KC,TB,KC,,,,,,P
118211-119435,P,Riley,Riley O'Brien,O'Brien,5.181818181818182,11,5500,CHC@STL,STL,CHC,,,,,,P
118211-203415,P,Bryan,Bryan King,King,5.588235294117647,34,5500,PHI@HOU,HOU,PHI,,,,,,P
118211-164500,P,Ryan,Ryan Cusick,Cusick,,0,5500,PHI@HOU,PHI,HOU,,,,,,P
118211-82587,P,Richard,Richard Lovelady,Lovelady,1.3333333333333333,3,5500,ATL@NYM,NYM,ATL,,,,,,P
118211-119451,P,Matt,Matt Cronin,Cronin,,0,5500,SEA@MIN,SEA,MIN,IL,Undisclosed,,,,P
118211-164510,P,Victor,Victor Vodnik,Vodnik,5.136363636363637,22,5500,LAD@COL,COL,LAD,,,,,,P
118211-203420,P,Austin,Austin Kitchen,Kitchen,0,4,5500,SEA@MIN,SEA,MIN,,,,,,P
118211-17065,P,Blake,Blake Treinen,Treinen,5.625,8,5500,LAD@COL,LAD,COL,IL,Forearm,,,,P
118211-164530,P,Caleb,Caleb Kilian,Kilian,19,2,5500,CHC@STL,CHC,STL,IL,Undisclosed,,,,P
118211-211632,P,Mason,Mason Montgomery,Montgomery,4.529411764705882,35,5500,TB@KC,TB,KC,,,,,,P
118211-80571,P,Phil,Phil Maton,Maton,6.34375,32,5500,CHC@STL,STL,CHC,,,,,,P
118211-82627,P,JoJo,JoJo Romero,Romero,3.8666666666666667,30,5500,CHC@STL,STL,CHC,,,,,,P
118211-82628,P,Adonis,Adonis Medina,Medina,,0,5500,SEA@MIN,SEA,MIN,,,,,,P
118211-119496,P,Matt,Matt Thompson,Thompson,,0,5500,CHC@STL,CHC,STL,,,,,,P
118211-82639,P,Ryan,Ryan Helsley,Helsley,6,28,5500,CHC@STL,STL,CHC,,,,,,P
118211-228050,P,Nolan,Nolan Hoffman,Hoffman,,0,5500,PHI@HOU,PHI,HOU,,,,,,P
118211-228057,P,Jayvien,Jayvien Sandridge,Sandridge,,0,5500,NYY@CIN,NYY,CIN,,,,,,P
118211-228060,P,Jack,Jack Little,Little,3,1,5500,LAD@COL,LAD,COL,,,,,,P
118211-82657,P,Wil,Wil Crowe,Crowe,,0,5500,PHI@HOU,PHI,HOU,,,,,,P
118211-82656,P,Nate,Nate Pearson,Pearson,0.5555555555555556,9,5500,CHC@STL,CHC,STL,,,,,,P
118211-187105,P,Joe,Joe La Sorsa,La Sorsa,-3,2,5500,NYY@CIN,CIN,NYY,,,,,,P
118211-228076,P,Paul,Paul Gervase,Gervase,9,1,5500,TB@KC,TB,KC,,,,,,P
118211-201456,P,Chris,Chris Roycroft,Roycroft,3,14,5500,CHC@STL,STL,CHC,,,,,,P
118211-84727,P,Drew,Drew Smith,Smith,5.7894736842105265,19,5500,ATL@NYM,NYM,ATL,IL,Elbow,,,,P
118211-84731,P,Evan,Evan Phillips,Phillips,5,7,5500,LAD@COL,LAD,COL,IL,Elbow,,,,P
118211-199461,P,Luis,Luis Contreras,Contreras,4.285714285714286,7,5500,PHI@HOU,HOU,PHI,,,,,,P
118211-135976,P,Bennett,Bennett Sousa,Sousa,8,22,5500,PHI@HOU,HOU,PHI,,,,,,P
118211-199465,P,Juan,Juan Sanchez,Sanchez,,0,5500,MIA@SF,SF,MIA,,,,,,P
118211-213816,P,Evan,Evan Sisk,Sisk,9.2,5,5500,TB@KC,KC,TB,,,,,,P
118211-119622,P,Matt,Matt Allan,Allan,,0,5500,ATL@NYM,NYM,ATL,,,,,,P
118211-84815,P,Joey,Joey Krehbiel,Krehbiel,,0,5500,TB@KC,TB,KC,,,,,,P
118211-213851,P,Domingo,Domingo Gonzalez,Gonzalez,,0,5500,ATL@NYM,ATL,NYM,,,,,,P
118211-183133,P,Curtis,Curtis Taylor,Taylor,,0,5500,CHC@STL,STL,CHC,,,,,,P
118211-213871,P,Luarbert,Luarbert Arias,Arias,3.6666666666666665,6,5500,MIA@SF,MIA,SF,,,,,,P
118211-68466,P,Steven,Steven Okert,Okert,7.066666666666666,30,5500,PHI@HOU,HOU,PHI,,,,,,P
118211-68469,P,Adam,Adam Plutko,Plutko,,0,5500,NYY@CIN,CIN,NYY,,,,,,P
118211-203642,P,Raymond,Raymond Burgos,Burgos,3,1,5500,MIA@SF,SF,MIA,,,,,,P
118211-68474,P,Josh,Josh Hader,Hader,8.484848484848484,33,5500,PHI@HOU,HOU,PHI,,,,,,P
118211-68476,P,Taylor,Taylor Rogers,Rogers,4.814814814814815,30,5500,NYY@CIN,CIN,NYY,,,,,,P
118211-23437,P,Brooks,Brooks Raley,Raley,6.75,8,5500,ATL@NYM,NYM,ATL,IL,Elbow,,,,P
118211-170895,P,Jake,Jake Bird,Bird,8.515151515151516,33,5500,LAD@COL,COL,LAD,,,,,,P
118211-82836,P,Julian,Julian Fernandez,Fernandez,,0,5500,LAD@COL,LAD,COL,,,,,,P
118211-80791,P,Alan,Alan Busenitz,Busenitz,1,3,5500,NYY@CIN,CIN,NYY,,,,,,P
118211-68515,P,Sam,Sam Moll,Moll,-1,3,5500,NYY@CIN,CIN,NYY,,,,,,P
118211-68520,P,Michael,Michael Fulmer,Fulmer,5.5,2,5500,CHC@STL,CHC,STL,,,,,,P
118211-52141,P,Lucas,Lucas Sims,Sims,1.5625,18,5500,PHI@HOU,PHI,HOU,,,,,,P
118211-52143,P,Hunter,Hunter Harvey,Harvey,6.166666666666667,6,5500,TB@KC,KC,TB,IL,Shoulder,,,,P
118211-52148,P,Pierce,Pierce Johnson,Johnson,5.233333333333333,30,5500,ATL@NYM,ATL,NYM,,,,,,P
118211-68548,P,Edwin,Edwin Diaz,Diaz,7.433333333333334,30,5500,ATL@NYM,NYM,ATL,,,,,,P
118211-68551,P,Tyler,Tyler Beede,Beede,4.846153846153846,13,5500,SEA@MIN,MIN,SEA,,,,,,P
118211-68561,P,Luke,Luke Weaver,Weaver,5.923076923076923,26,5500,NYY@CIN,NYY,CIN,,,,,,P
118211-189393,P,Daniel,Daniel Palencia,Palencia,6,26,5500,CHC@STL,CHC,STL,,,,,,P
118211-193498,P,John,John McMillon,McMillon,9,10,5500,PHI@HOU,PHI,HOU,,,,,,P
118211-187367,P,Nick,Nick Robertson,Robertson,7.111111111111111,9,5500,PHI@HOU,HOU,PHI,,,,,,P
118211-82921,P,Zack,Zack Weiss,Weiss,0,1,5500,CHC@STL,STL,CHC,,,,,,P
118211-82922,P,Tyler,Tyler Kinley,Kinley,3.5,34,5500,LAD@COL,COL,LAD,,,,,,P
118211-82924,P,Tim,Tim Hill,Hill,4.085714285714285,36,5500,NYY@CIN,NYY,CIN,,,,,,P
118211-13312,P,Ryan,Ryan Brasier,Brasier,4.7272727272727275,11,5500,CHC@STL,CHC,STL,,,,,,P
118211-168965,P,Tanner,Tanner Banks,Banks,5.2727272727272725,33,5500,PHI@HOU,PHI,HOU,,,,,,P
118211-189470,P,Kyle,Kyle Leahy,Leahy,6.0606060606060606,33,5500,CHC@STL,STL,CHC,,,,,,P
118211-82986,P,Colten,Colten Brewer,Brewer,5.5625,16,5500,NYY@CIN,NYY,CIN,,,,,,P
118211-68654,P,John,John Gant,Gant,,0,5500,TB@KC,KC,TB,,,,,,P
118211-82999,P,Scott,Scott Barlow,Barlow,4.972972972972973,37,5500,NYY@CIN,CIN,NYY,,,,,,P
118211-82998,P,Lou,Lou Trivino,Trivino,4.923076923076923,26,5500,LAD@COL,LAD,COL,,,,,,P
118211-212025,P,Zach,Zach Penrod,Penrod,3,7,5500,LAD@COL,LAD,COL,,,,,,P
118211-154688,P,Jake,Jake Cousins,Cousins,6.4186046511627906,43,5500,NYY@CIN,NYY,CIN,IL,Elbow,,,,P
118211-179275,P,Fernando,Fernando Cruz,Cruz,7.4,30,5500,NYY@CIN,NYY,CIN,,,,,,P
118211-209997,P,Jack,Jack Neely,Neely,3.5,6,5500,CHC@STL,CHC,STL,,,,,,P
118211-203863,P,Gordon,Gordon Graceffo,Graceffo,7.1,10,5500,CHC@STL,STL,CHC,,,,,,P
118211-195682,P,Orion,Orion Kerkering,Kerkering,5.285714285714286,35,5500,PHI@HOU,PHI,HOU,,,,,,P
118211-85108,P,Enyel,Enyel De Los Santos,De Los Santos,5.096774193548387,32,5500,ATL@NYM,ATL,NYM,,,,,,P
118211-13438,P,Drew,Drew Pomeranz,Pomeranz,5.695652173913044,23,5500,CHC@STL,CHC,STL,,,,,,P
118211-54403,P,Trevor,Trevor Gott,Gott,0,1,5500,SEA@MIN,SEA,MIN,,,,,,P
118211-187521,P,Joe,Joe Jacques,Jacques,3,2,5500,SEA@MIN,SEA,MIN,,,,,,P
118211-179339,P,Bryce,Bryce Montes de Oca,Montes de Oca,,0,5500,ATL@NYM,NYM,ATL,IL,Elbow,,,,P
118211-38041,P,Ryan,Ryan Pressly,Pressly,3.967741935483871,32,5500,CHC@STL,CHC,STL,,,,,,P
118211-38043,P,Enny,Enny Romero,Romero,,0,5500,MIA@SF,SF,MIA,,,,,,P
118211-152734,P,Zach,Zach Thompson,Thompson,10,2,5500,ATL@NYM,ATL,NYM,IL,Undisclosed,,,,P
118211-152733,P,Griffin,Griffin Jax,Jax,6.361111111111111,36,5500,SEA@MIN,MIN,SEA,,,,,,P
118211-140459,P,John,John King,King,2.966666666666667,30,5500,CHC@STL,STL,CHC,,,,,,P
118211-83116,P,Wander,Wander Suero,Suero,0,1,5500,ATL@NYM,ATL,NYM,,,,,,P
118211-83145,P,Jose,Jose Castillo,Castillo,4.176470588235294,18,5500,ATL@NYM,NYM,ATL,,,,,,P
118211-21707,P,Michael,Michael Mariot,Mariot,,0,5500,SEA@MIN,SEA,MIN,,,,,,P
118211-206028,P,River,River Ryan,Ryan,28,4,5500,LAD@COL,LAD,COL,IL,Elbow,,,,P
118211-83154,P,Miguel,Miguel Del Pozo,Del Pozo,,0,5500,MIA@SF,SF,MIA,,,,,,P
118211-83159,P,Diego,Diego Castillo,Castillo,5.571428571428571,7,5500,LAD@COL,COL,LAD,,,,,,P
118211-38106,P,Kirby,Kirby Yates,Yates,6.035714285714286,29,5500,LAD@COL,LAD,COL,,,,,,P
118211-79067,P,Alex,Alex Young,Young,4.529411764705882,17,5500,NYY@CIN,CIN,NYY,IL,Elbow,,,,P
118211-83163,P,Jonathan,Jonathan Loaisiga,Loaisiga,4.4375,16,5500,NYY@CIN,NYY,CIN,DTD,Undisclosed,,,,P
118211-79066,P,Anthony,Anthony Banda,Banda,4.5,36,5500,LAD@COL,LAD,COL,,,,,,P
118211-79071,P,Taylor,Taylor Clarke,Clarke,4.4375,16,5500,TB@KC,KC,TB,,,,,,P
118211-83172,P,Jonathan,Jonathan Hernandez,Hernandez,6.448275862068965,29,5500,TB@KC,TB,KC,IL,Undisclosed,,,,P
118211-146670,P,Christian,Christian Roa,Roa,0,2,5500,MIA@SF,MIA,SF,,,,,,P
118211-79084,P,Tanner,Tanner Scott,Scott,5.052631578947368,38,5500,LAD@COL,LAD,COL,,,,,,P
118211-83184,P,Julian,Julian Merryweather,Merryweather,3.0952380952380953,21,5500,ATL@NYM,NYM,ATL,,,,,,P
118211-197879,P,Juan,Juan Mejia,Mejia,6.1,20,5500,LAD@COL,COL,LAD,,,,,,P
118211-146679,P,Chris,Chris McMahon,McMahon,,0,5500,LAD@COL,COL,LAD,IL,Undisclosed,,,,P
118211-83193,P,Jesus,Jesus Tinoco,Tinoco,3.35,20,5500,MIA@SF,MIA,SF,IL,Forearm,,,,P
118211-5370,P,Daniel,Daniel Bard,Bard,0,1,5500,SEA@MIN,SEA,MIN,,,,,,P
118211-197880,P,Angel,Angel Chivilli,Chivilli,4.904761904761905,21,5500,LAD@COL,COL,LAD,,,,,,P
118211-197887,P,Porter,Porter Hodge,Hodge,4.476190476190476,21,5500,CHC@STL,CHC,STL,,,,,,P
118211-197884,P,Yoniel,Yoniel Curet,Curet,0,1,5500,TB@KC,TB,KC,IL,Shoulder,,,,P
118211-197891,P,Michael,Michael Arias,Arias,0,2,5500,NYY@CIN,NYY,CIN,IL,Undisclosed,,,,P
118211-146691,P,Asa,Asa Lacy,Lacy,,0,5500,TB@KC,KC,TB,IL,Elbow,,,,P
118211-146688,P,Alex,Alex Santos II,Santos II,,0,5500,PHI@HOU,HOU,PHI,,,,,,P
118211-21764,P,Caleb,Caleb Thielbar,Thielbar,4.823529411764706,34,5500,CHC@STL,CHC,STL,,,,,,P
118211-197899,P,Kai-Wei,Kai-Wei Teng,Teng,4.5,5,5500,MIA@SF,SF,MIA,,,,,,P
118211-146699,P,Dax,Dax Fulton,Fulton,,0,5500,MIA@SF,MIA,SF,,,,,,P
118211-72971,P,Ben,Ben Heller,Heller,4.5,8,5500,CHC@STL,CHC,STL,IL,Undisclosed,,,,P
118211-197897,P,Trevor,Trevor McDonald,McDonald,12,1,5500,MIA@SF,SF,MIA,,,,,,P
118211-197896,P,Will,Will Klein,Klein,11,1,5500,LAD@COL,LAD,COL,,,,,,P
118211-146702,P,Cole,Cole Sands,Sands,4.0588235294117645,34,5500,SEA@MIN,MIN,SEA,,,,,,P
118211-146706,P,Robert,Robert Dominguez,Dominguez,,0,5500,ATL@NYM,NYM,ATL,,,,,,P
118211-197906,P,Royber,Royber Salinas,Salinas,0,1,5500,ATL@NYM,ATL,NYM,IL,Shoulder,,,,P
118211-70933,P,Brock,Brock Stewart,Stewart,5.64,25,5500,SEA@MIN,MIN,SEA,,,,,,P
118211-79124,P,Joe,Joe Jimenez,Jimenez,5.855072463768116,70,5500,ATL@NYM,ATL,NYM,IL,Knee,,,,P
118211-187669,P,Ty,Ty Adcock,Adcock,7,3,5500,ATL@NYM,NYM,ATL,,,,,,P
118211-79129,P,Kyle,Kyle Funkhouser,Funkhouser,,0,5500,LAD@COL,LAD,COL,,,,,,P
118211-179490,P,Cole,Cole Waites,Waites,,0,5500,MIA@SF,SF,MIA,IL,Undisclosed,,,,P
118211-116002,P,Joel,Joel Kuhnel,Kuhnel,5,6,5500,PHI@HOU,PHI,HOU,,,,,,P
118211-146721,P,Jeff,Jeff Criswell,Criswell,9.846153846153847,13,5500,LAD@COL,COL,LAD,IL,Elbow,,,,P
118211-146727,P,Justin,Justin Lange,Lange,,0,5500,NYY@CIN,NYY,CIN,IL,Shoulder,,,,P
118211-85286,P,Ian,Ian Gibaut,Gibaut,3.608695652173913,23,5500,NYY@CIN,CIN,NYY,,,,,,P
118211-85289,P,Nick,Nick Anderson,Anderson,4.4324324324324325,37,5500,LAD@COL,COL,LAD,,,,,,P
118211-146730,P,Nick,Nick Bitsko,Bitsko,,0,5500,TB@KC,TB,KC,IL,Undisclosed,,,,P
118211-85288,P,Brusdar,Brusdar Graterol,Graterol,4.4,10,5500,LAD@COL,LAD,COL,IL,Shoulder,,,,P
118211-146734,P,Tink,Tink Hence,Hence,,0,5500,CHC@STL,STL,CHC,,,,,,P
118211-38189,P,Michael,Michael Tonkin,Tonkin,7.517857142857143,57,5500,SEA@MIN,MIN,SEA,,,,,,P
118211-79148,P,A.J.,A.J. Puckett,Puckett,,0,5500,CHC@STL,CHC,STL,,,,,,P
118211-146732,P,Nick,Nick Swiney,Swiney,,0,5500,PHI@HOU,HOU,PHI,,,,,,P
118211-79150,P,Josh,Josh Staumont,Staumont,4.12,25,5500,NYY@CIN,CIN,NYY,IL,Undisclosed,,,,P
118211-193844,P,Evan,Evan Justice,Justice,4,1,5500,LAD@COL,COL,LAD,,,,,,P
118211-79161,P,Braxton,Braxton Garrett,Garrett,23.857142857142858,7,5500,MIA@SF,MIA,SF,IL,Elbow,,,,P
118211-152888,P,Sam,Sam Long,Long,2,9,5500,TB@KC,KC,TB,,,,,,P
118211-154947,P,Justin,Justin Garza,Garza,3.4,5,5500,ATL@NYM,NYM,ATL,,,,,,P
118211-79171,P,Phil,Phil Bickford,Bickford,2.375,8,5500,CHC@STL,CHC,STL,,,,,,P
118211-79172,P,Luis,Luis Ortiz,Ortiz,-4,3,5500,ATL@NYM,NYM,ATL,IL,Elbow,,,,P
118211-79185,P,Justin,Justin Dunn,Dunn,,0,5500,TB@KC,KC,TB,,,,,,P
118211-226643,P,AJ,AJ Blubaugh,Blubaugh,24,1,5500,PHI@HOU,HOU,PHI,,,,,,P
118211-197975,P,Cooper,Cooper Hjerpe,Hjerpe,,0,5500,CHC@STL,STL,CHC,IL,Elbow,,,,P
118211-204119,P,Jacob,Jacob Bosiokovic,Bosiokovic,,0,5500,SEA@MIN,MIN,SEA,,,,,,P
118211-21846,P,Chris,Chris Devenski,Devenski,6,4,5500,ATL@NYM,NYM,ATL,,,,,,P
118211-177493,P,Andrew,Andrew Nardi,Nardi,5.051724137931035,59,5500,MIA@SF,MIA,SF,IL,Back,,,,P
118211-79196,P,Albert,Albert Abreu,Abreu,,0,5500,NYY@CIN,CIN,NYY,,,,,,P
118211-38240,P,Rafael,Rafael Montero,Montero,5.111111111111111,27,5500,ATL@NYM,ATL,NYM,,,,,,P
118211-193897,P,Kody,Kody Funderburk,Funderburk,4.333333333333333,9,5500,SEA@MIN,MIN,SEA,,,,,,P
118211-79250,P,Junior,Junior Fernandez,Fernandez,,0,5500,TB@KC,KC,TB,,,,,,P
118211-202139,P,Jack,Jack O'Loughlin,O'Loughlin,8,4,5500,LAD@COL,COL,LAD,,,,,,P
118211-79258,P,Ryne,Ryne Stanek,Stanek,4.3,31,5500,ATL@NYM,NYM,ATL,,,,,,P
118211-193949,P,Steven,Steven Cruz,Cruz,5.689655172413793,29,5500,TB@KC,KC,TB,,,,,,P
118211-79265,P,Alex,Alex Speas,Speas,9,2,5500,SEA@MIN,MIN,SEA,,,,,,P
118211-118184,P,Enoli,Enoli Paredes,Paredes,5.944444444444445,18,5500,ATL@NYM,ATL,NYM,,,,,,P
118211-118191,P,Antonio,Antonio Santos,Santos,,0,5500,CHC@STL,CHC,STL,,,,,,P
118211-118195,P,Tejay,Tejay Antone,Antone,4.5,6,5500,NYY@CIN,CIN,NYY,IL,Elbow,,,,P
118211-118196,P,Ryan,Ryan Hendrix,Hendrix,,0,5500,TB@KC,KC,TB,,,,,,P
118211-101815,P,Jimmy,Jimmy Herget,Herget,6,27,5500,LAD@COL,COL,LAD,,,,,,P
118211-101816,P,Bryan,Bryan Abreu,Abreu,6.9714285714285715,36,5500,PHI@HOU,HOU,PHI,,,,,,P
118211-101819,P,Jose,Jose Suarez,Suarez,12.333333333333334,3,5500,ATL@NYM,ATL,NYM,IL,Undisclosed,,,,P
118211-136639,P,Burl,Burl Carraway,Carraway,,0,5500,CHC@STL,CHC,STL,,,,,,P
118211-40382,P,Luis,Luis Garcia,Garcia,4.615384615384615,26,5500,LAD@COL,LAD,COL,IL,Thigh,,,,P
118211-118208,P,Brooks,Brooks Kriske,Kriske,9,1,5500,CHC@STL,CHC,STL,,,,,,P
118211-118217,P,Manuel,Manuel Rodriguez,Rodriguez,4.870967741935484,31,5500,TB@KC,TB,KC,IL,Forearm,,,,P
118211-118216,P,Tyson,Tyson Miller,Miller,5.689655172413793,58,5500,CHC@STL,CHC,STL,,,,,,P
118211-118224,P,Garrett,Garrett Cleavinger,Cleavinger,5.709677419354839,31,5500,TB@KC,TB,KC,,,,,,P
118211-101845,P,Genesis,Genesis Cabrera,Cabrera,4,15,5500,CHC@STL,CHC,STL,,,,,,P
118211-101855,P,Trent,Trent Thornton,Thornton,3.85,20,5500,SEA@MIN,SEA,MIN,,,,,,P
118211-101854,P,Jacob,Jacob Waguespack,Waguespack,11.25,4,5500,TB@KC,TB,KC,IL,Undisclosed,,,,P
118211-185847,P,Garrett,Garrett Acton,Acton,,0,5500,TB@KC,TB,KC,,,,,,P
118211-95737,P,Ian,Ian Hamilton,Hamilton,6.3478260869565215,23,5500,NYY@CIN,NYY,CIN,,,,,,P
118211-161273,P,Scott,Scott Effross,Effross,6,1,5500,NYY@CIN,NYY,CIN,,,,,,P
118211-52733,P,Scott,Scott Alexander,Alexander,2.1052631578947367,19,5500,MIA@SF,SF,MIA,,,,,,P
118211-101904,P,Jordan,Jordan Romano,Romano,4.266666666666667,31,5500,PHI@HOU,PHI,HOU,,,,,,P
118211-210448,P,Luis,Luis Peralta,Peralta,2.7777777777777777,9,5500,LAD@COL,COL,LAD,,,,,,P
118211-101911,P,Reed,Reed Garrett,Garrett,6.387096774193548,33,5500,ATL@NYM,NYM,ATL,,,,,,P
118211-79390,P,Michael,Michael Kopech,Kopech,5.5,6,5500,LAD@COL,LAD,COL,,,,,,P
118211-58913,P,Danny,Danny Coulombe,Coulombe,5.153846153846154,26,5500,SEA@MIN,MIN,SEA,,,,,,P
118211-5673,P,Jesse,Jesse Chavez,Chavez,6,2,5500,ATL@NYM,ATL,NYM,,,,,,P
118211-181815,P,Brent,Brent Headrick,Headrick,6.090909090909091,11,5500,NYY@CIN,NYY,CIN,,,,,,P
118211-222779,P,Thomas,Thomas White,White,,0,5500,MIA@SF,MIA,SF,,,,,,P
118211-181816,P,Casey,Casey Legumina,Legumina,5.928571428571429,29,5500,SEA@MIN,SEA,MIN,,,,,,P
118211-181826,P,Colby,Colby White,White,0,1,5500,NYY@CIN,NYY,CIN,,,,,,P
118211-185926,P,Ryan,Ryan Walker,Walker,4.363636363636363,33,5500,MIA@SF,SF,MIA,,,,,,P
118211-181831,P,Yosver,Yosver Zulueta,Zulueta,3.5,2,5500,NYY@CIN,CIN,NYY,,,,,,P
118211-222790,P,Jose,Jose Rodriguez,Rodriguez,,0,5500,LAD@COL,LAD,COL,,,,,,P
118211-181828,P,Kolton,Kolton Ingram,Ingram,,0,5500,ATL@NYM,ATL,NYM,,,,,,P
118211-222789,P,Jackson,Jackson Ferris,Ferris,,0,5500,LAD@COL,LAD,COL,,,,,,P
118211-81488,P,Jose,Jose Ruiz,Ruiz,2.888888888888889,18,5500,ATL@NYM,ATL,NYM,,,,,,P
118211-181843,P,Josh,Josh Simpson,Simpson,-3,1,5500,MIA@SF,MIA,SF,,,,,,P
118211-181841,P,George,George Soriano,Soriano,6.333333333333333,12,5500,MIA@SF,MIA,SF,,,,,,P
118211-73301,P,Brent,Brent Suter,Suter,6.32,25,5500,NYY@CIN,CIN,NYY,,,,,,P
118211-181848,P,Tom,Tom Cosgrove,Cosgrove,9,2,5500,CHC@STL,CHC,STL,,,,,,P
118211-222819,P,Jonah,Jonah Tong,Tong,,0,5500,ATL@NYM,NYM,ATL,,,,,,P
118211-81507,P,Aaron,Aaron Bummer,Bummer,5.615384615384615,26,5500,ATL@NYM,ATL,NYM,,,,,,P
118211-222822,P,Brandon,Brandon Sproat,Sproat,,0,5500,ATL@NYM,NYM,ATL,,,,,,P
118211-222820,P,Nolan,Nolan McLean,McLean,,0,5500,ATL@NYM,NYM,ATL,,,,,,P
118211-226925,P,Andrew,Andrew Hoffmann,Hoffmann,12,1,5500,TB@KC,KC,TB,,,,,,P
118211-222834,P,Quinn,Quinn Mathews,Mathews,,0,5500,CHC@STL,STL,CHC,,,,,,P
118211-222843,P,Jurrangelo,Jurrangelo Cijntje,Cijntje,,0,5500,SEA@MIN,SEA,MIN,,,,,,P
118211-210559,P,Brady,Brady Feigl,Feigl,-13,1,5500,SEA@MIN,MIN,SEA,IL,Shoulder,,,,P
118211-210562,P,Lake,Lake Bachar,Bachar,7.538461538461538,26,5500,MIA@SF,MIA,SF,,,,,,P
118211-222855,P,Ty,Ty Johnson,Johnson,,0,5500,TB@KC,TB,KC,,,,,,P
118211-222854,P,Brody,Brody Hopkins,Hopkins,,0,5500,TB@KC,TB,KC,,,,,,P
118211-222859,P,Cam,Cam Caminiti,Caminiti,,0,5500,ATL@NYM,ATL,NYM,,,,,,P
118211-110216,P,Stephen,Stephen Nogosek,Nogosek,,0,5500,TB@KC,KC,TB,,,,,,P
118211-222857,P,Jackson,Jackson Baumeister,Baumeister,,0,5500,TB@KC,TB,KC,,,,,,P
118211-222856,P,Trevor,Trevor Harrison,Harrison,,0,5500,TB@KC,TB,KC,,,,,,P
118211-190092,P,Devin,Devin Sweet,Sweet,,0,5500,PHI@HOU,PHI,HOU,,,,,,P
118211-52887,P,Tyler,Tyler Matzek,Matzek,4.428571428571429,7,5500,CHC@STL,STL,CHC,,,,,,P
118211-165531,P,Sam,Sam Weatherly,Weatherly,,0,5500,LAD@COL,COL,LAD,,,,,,P
118211-165528,P,Joe,Joe Rock,Rock,,0,5500,TB@KC,TB,KC,,,,,,P
118211-226969,P,Brian,Brian Van Belle,Van Belle,,0,5500,NYY@CIN,CIN,NYY,,,,,,P
118211-165529,P,Jaden,Jaden Hill,Hill,6.666666666666667,3,5500,LAD@COL,COL,LAD,,,,,,P
118211-220834,P,Nate,Nate Lavender,Lavender,,0,5500,TB@KC,TB,KC,IL,Elbow,,,,P
118211-220838,P,Garrett,Garrett McDaniels,McDaniels,2.9,10,5500,LAD@COL,LAD,COL,,,,,,P
118211-220837,P,Evan,Evan Reifert,Reifert,,0,5500,TB@KC,TB,KC,,,,,,P
118211-226980,P,Andre,Andre Granillo,Granillo,5.8,5,5500,CHC@STL,STL,CHC,,,,,,P
118211-161450,P,Janson,Janson Junk,Junk,24.333333333333332,6,5500,MIA@SF,MIA,SF,,,,,,P
118211-220842,P,Eiberson,Eiberson Castellano,Castellano,,0,5500,PHI@HOU,PHI,HOU,IL,Undisclosed,,,,P
118211-220841,P,Anderson,Anderson Pilar,Pilar,,0,5500,MIA@SF,MIA,SF,,,,,,P
118211-163507,P,Alan,Alan Rangel,Rangel,6,1,5500,PHI@HOU,PHI,HOU,,,,,,P
118211-14006,P,Brian,Brian Moran,Moran,,0,5500,ATL@NYM,ATL,NYM,,,,,,P
118211-114360,P,Devin,Devin Williams,Williams,5.09375,33,5500,NYY@CIN,NYY,CIN,,,,,,P
118211-165566,P,Ben,Ben Kudrna,Kudrna,,0,5500,TB@KC,KC,TB,,,,,,P
118211-165564,P,Frank,Frank Mozzicato,Mozzicato,,0,5500,TB@KC,KC,TB,,,,,,P
118211-165570,P,Ben,Ben Hernandez,Hernandez,,0,5500,SEA@MIN,SEA,MIN,,,,,,P
118211-165572,P,Noah,Noah Murdock,Murdock,3.4615384615384617,14,5500,TB@KC,KC,TB,,,,,,P
118211-165582,P,Robinson,Robinson Pina,Pina,0,1,5500,MIA@SF,MIA,SF,,,,,,P
118211-165586,P,Mason,Mason Albright,Albright,,0,5500,LAD@COL,COL,LAD,,,,,,P
118211-188115,P,Grant,Grant Hartwig,Hartwig,4.25,6,5500,ATL@NYM,NYM,ATL,,,,,,P
118211-198354,P,Anthony,Anthony Molina,Molina,3.5,4,5500,LAD@COL,COL,LAD,,,,,,P
118211-222930,P,Logan,Logan VanWey,VanWey,3.2857142857142856,7,5500,PHI@HOU,HOU,PHI,IL,Undisclosed,,,,P
118211-165584,P,Alejandro,Alejandro Hidalgo,Hidalgo,,0,5500,SEA@MIN,MIN,SEA,,,,,,P
118211-179924,P,Gavin,Gavin Hollowell,Hollowell,6.2,5,5500,CHC@STL,CHC,STL,,,,,,P
118211-198357,P,Ryan,Ryan Fernandez,Fernandez,1.4,11,5500,CHC@STL,STL,CHC,,,,,,P
118211-165595,P,Maddux,Maddux Bruns,Bruns,,0,5500,LAD@COL,LAD,COL,,,,,,P
118211-198361,P,Carson,Carson Coleman,Coleman,0,1,5500,NYY@CIN,NYY,CIN,IL,Undisclosed,,,,P
118211-112348,P,Cody,Cody Stashak,Stashak,,0,5500,PHI@HOU,PHI,HOU,,,,,,P
118211-14049,P,Bryan,Bryan Shaw,Shaw,2.4,5,5500,SEA@MIN,SEA,MIN,,,,,,P
118211-181985,P,Guillo,Guillo Zuniga,Zuniga,4.214285714285714,15,5500,PHI@HOU,PHI,HOU,,,,,,P
118211-212709,P,Edgardo,Edgardo Henriquez,Henriquez,5.666666666666667,6,5500,LAD@COL,LAD,COL,IL,Foot,,,,P
118211-81640,P,Yacksel,Yacksel Rios,Rios,,0,5500,ATL@NYM,NYM,ATL,IL,Undisclosed,,,,P
118211-181992,P,Jose,Jose Hernandez,Hernandez,4,8,5500,LAD@COL,LAD,COL,,,,,,P
118211-81642,P,A.J.,A.J. Minter,Minter,5.3076923076923075,13,5500,ATL@NYM,NYM,ATL,IL,Lat,,,,P
118211-165609,P,Zach,Zach McCambley,McCambley,,0,5500,MIA@SF,MIA,SF,,,,,,P
118211-182005,P,Kevin,Kevin Kelly,Kelly,4.133333333333334,15,5500,TB@KC,TB,KC,,,,,,P
118211-165624,P,Dom,Dom Hamel,Hamel,,0,5500,ATL@NYM,NYM,ATL,,,,,,P
118211-165625,P,Calvin,Calvin Ziegler,Ziegler,,0,5500,ATL@NYM,NYM,ATL,O,Elbow,,,,P
118211-165628,P,Josh,Josh Walker,Walker,9,3,5500,PHI@HOU,PHI,HOU,,,,,,P
118211-165635,P,Brendan,Brendan Beck,Beck,,0,5500,NYY@CIN,NYY,CIN,,,,,,P
118211-165637,P,Brock,Brock Selvidge,Selvidge,,0,5500,NYY@CIN,NYY,CIN,,,,,,P
118211-161545,P,Kaleb,Kaleb Ort,Ort,4.2727272727272725,22,5500,PHI@HOU,HOU,PHI,,,,,,P
118211-165653,P,Cristian,Cristian Hernandez,Hernandez,,0,5500,NYY@CIN,NYY,CIN,,,,,,P
118211-165682,P,Michael,Michael Morales,Morales,,0,5500,SEA@MIN,SEA,MIN,,,,,,P
118211-182064,P,Chris,Chris Clarke,Clarke,,0,5500,CHC@STL,CHC,STL,,,,,,P
118211-53043,P,Jesse,Jesse Hahn,Hahn,5,3,5500,SEA@MIN,SEA,MIN,,,,,,P
118211-182065,P,Zach,Zach Greene,Greene,,0,5500,NYY@CIN,NYY,CIN,,,,,,P
118211-165687,P,Will,Will Bednar,Bednar,,0,5500,MIA@SF,SF,MIA,,,,,,P
118211-165684,P,Matt,Matt Mikulski,Mikulski,,0,5500,PHI@HOU,HOU,PHI,,,,,,P
118211-165691,P,Manuel,Manuel Mercedes,Mercedes,,0,5500,MIA@SF,SF,MIA,,,,,,P
118211-163641,P,Ray,Ray Kerr,Kerr,11.2,10,5500,ATL@NYM,ATL,NYM,IL,Elbow,,,,P
118211-165695,P,Edwin,Edwin Nunez,Nunez,,0,5500,CHC@STL,STL,CHC,,,,,,P
118211-165696,P,Ian,Ian Bedell,Bedell,,0,5500,CHC@STL,STL,CHC,,,,,,P
118211-163654,P,Alexis,Alexis Diaz,Diaz,0.5,6,5500,LAD@COL,LAD,COL,,,,,,P
118211-116548,P,Tyler,Tyler Rogers,Rogers,5.394736842105263,38,5500,MIA@SF,SF,MIA,,,,,,P
118211-163655,P,Daniel,Daniel Duarte,Duarte,12,3,5500,SEA@MIN,MIN,SEA,IL,Elbow,,,,P
118211-163658,P,Randy,Randy Rodriguez,Rodriguez,7.818181818181818,33,5500,MIA@SF,SF,MIA,,,,,,P
118211-163663,P,Calvin,Calvin Faucher,Faucher,4.612903225806452,32,5500,MIA@SF,MIA,SF,,,,,,P
118211-163664,P,Tommy,Tommy Romero,Romero,0,2,5500,CHC@STL,CHC,STL,,,,,,P
118211-204624,P,Eric,Eric Orze,Orze,6.6923076923076925,26,5500,TB@KC,TB,KC,,,,,,P
118211-204631,P,Hunter,Hunter Bigge,Bigge,5.3076923076923075,13,5500,TB@KC,TB,KC,IL,Lat,,,,P
118211-165716,P,Sem,Sem Robberse,Robberse,0,2,5500,CHC@STL,STL,CHC,IL,Elbow,,,,P
118211-5983,P,Rich,Rich Hill,Hill,5,4,5500,TB@KC,KC,TB,,,,,,P
118211-163677,P,James,James McArthur,McArthur,4.618181818181818,57,5500,TB@KC,KC,TB,IL,Elbow,,,,P
118211-163682,P,Ethan,Ethan Roberts,Roberts,3.7777777777777777,9,5500,CHC@STL,CHC,STL,,,,,,P
118211-163684,P,Ronny,Ronny Henriquez,Henriquez,7.117647058823529,34,5500,MIA@SF,MIA,SF,,,,,,P
118211-163688,P,Collin,Collin Snider,Snider,4.791666666666667,24,5500,SEA@MIN,SEA,MIN,IL,Forearm,,,,P
118211-163697,P,Hagen,Hagen Danner,Danner,0,1,5500,SEA@MIN,SEA,MIN,,,,,,P
118211-157600,P,Austin,Austin Warren,Warren,6,1,5500,ATL@NYM,NYM,ATL,,,,,,P
118211-102314,P,Lenny,Lenny Torres,Torres,,0,5500,NYY@CIN,CIN,NYY,,,,,,P
118211-108461,P,Pete,Pete Fairbanks,Fairbanks,5.433333333333334,30,5500,TB@KC,TB,KC,,,,,,P
118211-102318,P,Ryan,Ryan Rolison,Rolison,2.8666666666666667,15,5500,LAD@COL,COL,LAD,,,,,,P
118211-102332,P,Jackson,Jackson Kowar,Kowar,7.142857142857143,7,5500,SEA@MIN,SEA,MIN,,,,,,P
118211-169957,P,Danny,Danny Young,Young,5.2,10,5500,ATL@NYM,NYM,ATL,IL,Elbow,,,,P
118211-79852,P,Lucas,Lucas Erceg,Erceg,4.931034482758621,29,5500,TB@KC,KC,TB,,,,,,P
118211-210936,P,Evan,Evan Kravetz,Kravetz,2,1,5500,NYY@CIN,CIN,NYY,,,,,,P
118211-102399,P,Sam,Sam Carlson,Carlson,,0,5500,LAD@COL,LAD,COL,,,,,,P
118211-82440,OF,Shohei,Shohei Ohtani,Ohtani,15.755128518129007,78,5300,LAD@COL,LAD,COL,,,,,,OF/UTIL
118211-60643,OF,Aaron,Aaron Judge,Judge,16.253164556962027,79,4800,NYY@CIN,NYY,CIN,,,,,,OF/UTIL
118211-79756,OF,Ronald,Ronald Acuna Jr.,Acuna Jr.,16.00689697265625,29,4500,ATL@NYM,ATL,NYM,,,,,,OF/UTIL
118211-102554,C,Cal,Cal Raleigh,Raleigh,15.592207475142045,77,4400,SEA@MIN,SEA,MIN,,,,,,C/1B/UTIL
118211-11334,1B,Freddie,Freddie Freeman,Freeman,11.186764885397519,68,4300,LAD@COL,LAD,COL,,,,,,C/1B/UTIL
118211-79125,OF,Kyle,Kyle Tucker,Tucker,13.797435271434296,78,4200,CHC@STL,CHC,STL,,,,,,OF/UTIL
118211-60631,OF,Kyle,Kyle Schwarber,Schwarber,13.365823093848892,79,4000,PHI@HOU,PHI,HOU,,,,,,OF/UTIL
118211-146704,OF,Pete,Pete Crow-Armstrong,Crow-Armstrong,14.193589430588942,78,4000,CHC@STL,CHC,STL,,,,,,OF/UTIL
118211-73023,OF,Teoscar,Teoscar Hernandez,Hernandez,11.7890625,64,4000,LAD@COL,LAD,COL,,,,,,OF/UTIL
118211-165513,SS,Elly,Elly De La Cruz,De La Cruz,13.738749694824218,80,4000,NYY@CIN,CIN,NYY,,,,,,SS/UTIL
118211-68585,3B,Rafael,Rafael Devers,Devers,12.578749847412109,80,3900,MIA@SF,SF,MIA,,,,,,3B/UTIL
118211-39086,OF,Byron,Byron Buxton,Buxton,13.930645358177923,62,3800,SEA@MIN,MIN,SEA,,,,,,OF/UTIL
118211-119349,SS,Bobby,Bobby Witt Jr.,Witt Jr.,11.680000305175781,80,3800,TB@KC,KC,TB,,,,,,SS/UTIL
118211-79282,OF,Juan,Juan Soto,Soto,12.565822939329509,79,3800,ATL@NYM,NYM,ATL,,,,,,OF/UTIL
118211-39151,2B/SS/OF,Mookie,Mookie Betts,Betts,10.636986301369863,73,3700,LAD@COL,LAD,COL,,,,,,2B/SS/OF/UTIL
118211-65881,SS,Trea,Trea Turner,Turner,11.938960880428166,77,3700,PHI@HOU,PHI,HOU,,,,,,SS/UTIL
118211-52175,1B,Matt,Matt Olson,Olson,11.48974374624399,78,3700,ATL@NYM,ATL,NYM,,,,,,C/1B/UTIL
118211-79401,C,Will,Will Smith,Smith,11.695237901475695,63,3700,LAD@COL,LAD,COL,,,,,,C/1B/UTIL
118211-52176,3B,Max,Max Muncy,Muncy,10.027999674479167,75,3600,LAD@COL,LAD,COL,,,,,,3B/UTIL
118211-146695,OF,Andy,Andy Pages,Pages,11.111842105263158,76,3600,LAD@COL,LAD,COL,,,,,,OF/UTIL
118211-165527,OF/C/1B,Hunter,Hunter Goodman,Goodman,10.56578947368421,76,3600,LAD@COL,COL,LAD,,,,,,C/1B/OF/UTIL
118211-16952,SS,Francisco,Francisco Lindor,Lindor,11.894871638371395,78,3500,ATL@NYM,NYM,ATL,,,,,,SS/UTIL
118211-82614,1B,Pete,Pete Alonso,Alonso,12.47249984741211,80,3500,ATL@NYM,NYM,ATL,,,,,,C/1B/UTIL
118211-198880,OF,Jordan,Jordan Beck,Beck,10.139130080955615,69,3400,LAD@COL,COL,LAD,,,,,,OF/UTIL
118211-82527,2B/3B,Jazz,Jazz Chisholm Jr.,Chisholm Jr.,11.477551518654337,49,3400,NYY@CIN,NYY,CIN,,,,,,2B/3B/UTIL
118211-68514,3B,Ryan,Ryan McMahon,McMahon,8.473077236077724,78,3400,LAD@COL,COL,LAD,,,,,,3B/UTIL
118211-195679,3B,Junior,Junior Caminero,Caminero,11.694594924514359,74,3400,TB@KC,TB,KC,,,,,,3B/UTIL
118211-167012,OF,Seiya,Seiya Suzuki,Suzuki,12.7186669921875,75,3400,CHC@STL,CHC,STL,,,,,,OF/UTIL
118211-163689,3B/2B/OF,Maikel,Maikel Garcia,Garcia,10.743589743589743,78,3400,TB@KC,KC,TB,,,,,,2B/3B/OF/UTIL
118211-108450,SS/2B/OF,Tommy,Tommy Edman,Edman,9.770491803278688,61,3400,LAD@COL,LAD,COL,,,,,,2B/SS/OF/UTIL
118211-102400,OF,Julio,Julio Rodriguez,Rodriguez,10.949350332284903,77,3300,SEA@MIN,SEA,MIN,,,,,,OF/UTIL
118211-119345,SS,Jeremy,Jeremy Pena,Pena,11.688607903975475,79,3300,PHI@HOU,HOU,PHI,,,,,,SS/UTIL
118211-119352,1B,Michael,Michael Busch,Busch,10.087671567315924,73,3300,CHC@STL,CHC,STL,,,,,,C/1B/UTIL
118211-82642,OF,Heliot,Heliot Ramos,Ramos,11.274025656960227,77,3300,MIA@SF,SF,MIA,,,,,,OF/UTIL
118211-222295,2B/SS/OF,Hyeseong,Hyeseong Kim,Kim,7.852941176470588,34,3300,LAD@COL,LAD,COL,,,,,,2B/SS/OF/UTIL
118211-79074,3B,Austin,Austin Riley,Riley,10.224358974358974,78,3300,ATL@NYM,ATL,NYM,,,,,,3B/UTIL
118211-79092,OF,Ian,Ian Happ,Happ,11.3,70,3300,CHC@STL,CHC,STL,,,,,,OF/UTIL
118211-81953,OF,Austin,Austin Hays,Hays,12.841935680758569,31,3200,NYY@CIN,CIN,NYY,IL,Foot,,,,OF/UTIL
118211-119333,OF/2B,Tyler,Tyler Freeman,Freeman,8.776922763922276,39,3200,LAD@COL,COL,LAD,,,,,,2B/OF/UTIL
118211-12968,1B,Paul,Paul Goldschmidt,Goldschmidt,9.52051250751202,78,3200,NYY@CIN,NYY,CIN,,,,,,C/1B/UTIL
118211-82613,2B,Thairo,Thairo Estrada,Estrada,8.835293938131894,17,3200,LAD@COL,COL,LAD,,,,,,2B/UTIL
118211-85261,OF,Randy,Randy Arozarena,Arozarena,10.482894897460938,76,3200,SEA@MIN,SEA,MIN,,,,,,OF/UTIL
118211-79159,OF/1B,Cody,Cody Bellinger,Bellinger,10.283333672417534,72,3200,NYY@CIN,NYY,CIN,,,,,,C/1B/OF/UTIL
118211-79175,OF,Trent,Trent Grisham,Grisham,9.64558859432445,68,3200,NYY@CIN,NYY,CIN,,,,,,OF/UTIL
118211-79211,OF,Mickey,Mickey Moniak,Moniak,7.8940302151352615,67,3200,LAD@COL,COL,LAD,,,,,,OF/UTIL
118211-21887,C/1B,Willson,Willson Contreras,Contreras,10.437333170572916,75,3200,CHC@STL,STL,CHC,,,,,,C/1B/UTIL
118211-163706,3B/2B/SS/OF,Brendan,Brendan Donovan,Donovan,9.987499660915798,72,3200,CHC@STL,STL,CHC,,,,,,2B/3B/SS/OF/UTIL
118211-198893,C,Dalton,Dalton Rushing,Rushing,7.693749904632568,16,3100,LAD@COL,LAD,COL,,,,,,C/1B/UTIL
118211-203111,C/1B,Ben,Ben Rice,Rice,9.816418092642257,67,3100,NYY@CIN,NYY,CIN,,,,,,C/1B/UTIL
118211-82575,OF,Yordan,Yordan Alvarez,Alvarez,8.324137720568427,29,3100,PHI@HOU,HOU,PHI,IL,Hand,,,,OF/UTIL
118211-82574,3B,Isaac,Isaac Paredes,Paredes,10.886666666666667,75,3100,PHI@HOU,HOU,PHI,,,,,,3B/UTIL
118211-17086,OF,Marcell,Marcell Ozuna,Ozuna,10.117333170572916,75,3100,ATL@NYM,ATL,NYM,,,,,,OF/UTIL
118211-17097,OF,Brandon,Brandon Nimmo,Nimmo,10.11710558439556,76,3100,ATL@NYM,NYM,ATL,,,,,,OF/UTIL
118211-82644,OF,Jesus,Jesus Sanchez,Sanchez,9.54035066303454,57,3100,MIA@SF,MIA,SF,,,,,,OF/UTIL
118211-52179,SS,J.P.,J.P. Crawford,Crawford,9.533333333333333,75,3100,SEA@MIN,SEA,MIN,,,,,,SS/UTIL
118211-79120,1B,Yandy,Yandy Diaz,Diaz,10.673972769959333,73,3100,TB@KC,TB,KC,,,,,,C/1B/UTIL
118211-165693,OF/1B,Alec,Alec Burleson,Burleson,8.398550724637682,69,3100,CHC@STL,STL,CHC,,,,,,C/1B/OF/UTIL
118211-163674,SS,Ezequiel,Ezequiel Tovar,Tovar,8.493749618530273,32,3100,LAD@COL,COL,LAD,IL,Oblique,,,,SS/UTIL
118211-198539,OF,Jung Hoo,Jung Hoo Lee,Lee,9.69473668148643,76,3100,MIA@SF,SF,MIA,,,,,,OF/UTIL
118211-102362,OF,Trevor,Trevor Larnach,Larnach,9.63783800279772,74,3100,SEA@MIN,MIN,SEA,,,,,,OF/UTIL
118211-12302,OF,Giancarlo,Giancarlo Stanton,Stanton,4.785714285714286,7,3000,NYY@CIN,NYY,CIN,,,,,,OF/UTIL
118211-102555,3B,Noelvi,Noelvi Marte,Marte,12.394736842105264,19,3000,NYY@CIN,CIN,NYY,IL,Oblique,,,,3B/UTIL
118211-119337,1B/OF,Michael,Michael Toglia,Toglia,7.847618950737847,63,3000,LAD@COL,COL,LAD,,,,,,C/1B/OF/UTIL
118211-119377,OF,Matt,Matt Wallner,Wallner,7.897435897435898,39,3000,SEA@MIN,MIN,SEA,,,,,,OF/UTIL
118211-119396,SS,Anthony,Anthony Volpe,Volpe,9.629486866486378,78,3000,NYY@CIN,NYY,CIN,,,,,,SS/UTIL
118211-119420,C,Ivan,Ivan Herrera,Herrera,11.89047604515439,42,3000,CHC@STL,STL,CHC,IL,Hamstring,,,,C/1B/UTIL
118211-12948,1B,Bryce,Bryce Harper,Harper,11.72631621779057,57,3000,PHI@HOU,PHI,HOU,IL,Wrist,,,,C/1B/UTIL
118211-68544,3B,Matt,Matt Chapman,Chapman,10.723076923076922,65,3000,MIA@SF,SF,MIA,IL,Hand,,,,3B/UTIL
118211-13342,OF,Nick,Nick Castellanos,Castellanos,9.316666823167067,78,3000,PHI@HOU,PHI,HOU,,,,,,OF/UTIL
118211-154711,OF,Lars,Lars Nootbaar,Nootbaar,10.093420731393914,76,3000,CHC@STL,STL,CHC,,,,,,OF/UTIL
118211-60642,OF,Michael,Michael Conforto,Conforto,6.675362407297328,69,3000,LAD@COL,LAD,COL,,,,,,OF/UTIL
118211-197886,C,Agustin,Agustin Ramirez,Ramirez,9.458490335716391,53,3000,MIA@SF,MIA,SF,,,,,,C/1B/UTIL
118211-21874,2B/3B,Jorge,Jorge Polanco,Polanco,8.756923264723557,65,3000,SEA@MIN,SEA,MIN,,,,,,2B/3B/UTIL
118211-13792,3B/1B/2B/OF,Kike,Kike Hernandez,Hernandez,5.280000187800481,65,3000,LAD@COL,LAD,COL,,,,,,C/1B/2B/3B/OF/UTIL
118211-165571,1B,Vinnie,Vinnie Pasquantino,Pasquantino,8.850633065911788,79,3000,TB@KC,KC,TB,,,,,,C/1B/UTIL
118211-53033,OF,Mike,Mike Yastrzemski,Yastrzemski,8.475000169542101,72,3000,MIA@SF,SF,MIA,,,,,,OF/UTIL
118211-102363,OF/1B,Luke,Luke Raley,Raley,8.799999782017299,28,3000,SEA@MIN,SEA,MIN,,,,,,C/1B/OF/UTIL
118211-102393,SS/2B,Xavier,Xavier Edwards,Edwards,9.082257670740928,62,3000,MIA@SF,MIA,SF,,,,,,2B/SS/UTIL
118211-14562,2B/OF,Jose,Jose Altuve,Altuve,9.43684226588199,76,2900,PHI@HOU,HOU,PHI,,,,,,2B/OF/UTIL
118211-119368,C,Ryan,Ryan Jeffers,Jeffers,8.449206155443948,63,2900,SEA@MIN,MIN,SEA,,,,,,C/1B/UTIL
118211-185303,SS/2B/3B/OF,Jose,Jose Caballero,Caballero,9.252308067908654,65,2900,TB@KC,TB,KC,,,,,,2B/3B/SS/OF/UTIL
118211-68587,2B,Ozzie,Ozzie Albies,Albies,8.15128189478165,78,2900,ATL@NYM,ATL,NYM,,,,,,2B/UTIL
118211-68586,SS,Dansby,Dansby Swanson,Swanson,9.785897279397036,78,2900,CHC@STL,CHC,STL,,,,,,SS/UTIL
118211-189530,OF,Dominic,Dominic Canzone,Canzone,9.992856706891741,14,2900,SEA@MIN,SEA,MIN,,,,,,OF/UTIL
118211-60655,SS,Willy,Willy Adames,Adames,8.819231082231571,78,2900,MIA@SF,SF,MIA,,,,,,SS/UTIL
118211-146682,OF,Brenton,Brenton Doyle,Doyle,7.58382370892693,68,2900,LAD@COL,COL,LAD,,,,,,OF/UTIL
118211-146716,C,Austin,Austin Wells,Wells,9.047761376224347,67,2900,NYY@CIN,NYY,CIN,,,,,,C/1B/UTIL
118211-85307,2B/OF,Jeff,Jeff McNeil,McNeil,8.879166920979818,48,2900,ATL@NYM,NYM,ATL,,,,,,2B/OF/UTIL
118211-13638,1B,Wilmer,Wilmer Flores,Flores,9.278947529039884,76,2900,MIA@SF,SF,MIA,,,,,,C/1B/UTIL
118211-101842,1B,Ty,Ty France,France,8.542856984324269,77,2900,SEA@MIN,MIN,SEA,,,,,,C/1B/UTIL
118211-136672,OF,Michael,Michael Harris II,Harris II,7.744871481870994,78,2900,ATL@NYM,ATL,NYM,DTD,Elbow,,,,OF/UTIL
118211-85504,2B,Brandon,Brandon Lowe,Lowe,10.358904276808648,73,2900,TB@KC,TB,KC,,,,,,2B/UTIL
118211-163662,1B,Jonathan,Jonathan Aranda,Aranda,10.074324324324325,74,2900,TB@KC,TB,KC,,,,,,C/1B/UTIL
118211-102370,3B/1B,Alec,Alec Bohm,Bohm,8.610526637027139,76,2900,PHI@HOU,PHI,HOU,,,,,,C/1B/3B/UTIL
118211-102415,2B/3B,Nolan,Nolan Gorman,Gorman,7.703921448950674,51,2800,CHC@STL,STL,CHC,,,,,,2B/3B/UTIL
118211-135366,SS,Masyn,Masyn Winn,Winn,9.79852923224954,68,2800,CHC@STL,STL,CHC,,,,,,SS/UTIL
118211-119395,OF,Jasson,Jasson Dominguez,Dominguez,8.937879157788826,66,2800,NYY@CIN,NYY,CIN,,,,,,OF/UTIL
118211-82555,SS/2B/3B/OF,Willi,Willi Castro,Castro,9.215789259525767,57,2800,SEA@MIN,MIN,SEA,DTD,Wrist,,,,2B/3B/SS/OF/UTIL
118211-82624,C,Sean,Sean Murphy,Murphy,8.340425531914894,47,2800,ATL@NYM,ATL,NYM,,,,,,C/1B/UTIL
118211-189389,OF,Dane,Dane Myers,Myers,8.02745086071538,51,2800,MIA@SF,MIA,SF,,,,,,OF/UTIL
118211-13266,C/1B,Salvador,Salvador Perez,Perez,7.898684049907484,76,2800,TB@KC,KC,TB,,,,,,C/1B/UTIL
118211-13390,SS/2B/3B,Miguel,Miguel Rojas,Rojas,4.113043411918309,46,2800,LAD@COL,LAD,COL,,,,,,2B/3B/SS/UTIL
118211-79110,C,Tyler,Tyler Stephenson,Stephenson,9.682926829268293,41,2800,NYY@CIN,CIN,NYY,,,,,,C/1B/UTIL
118211-85279,C,Miguel,Miguel Amaya,Amaya,10.67777732566551,27,2800,CHC@STL,CHC,STL,IL,Oblique,,,,C/1B/UTIL
118211-38218,1B,Christian,Christian Walker,Walker,8.222368742290296,76,2800,PHI@HOU,HOU,PHI,,,,,,C/1B/UTIL
118211-13719,3B,Nolan,Nolan Arenado,Arenado,9.120270600190034,74,2800,CHC@STL,STL,CHC,,,,,,3B/UTIL
118211-79257,OF,Josh,Josh Lowe,Lowe,9.737142508370535,35,2800,TB@KC,TB,KC,,,,,,OF/UTIL
118211-101811,OF,Sam,Sam Hilliard,Hilliard,7.758823170381434,17,2800,LAD@COL,COL,LAD,,,,,,OF/UTIL
118211-222858,C,Drake,Drake Baldwin,Baldwin,7.809615501990685,52,2800,ATL@NYM,ATL,NYM,,,,,,C/1B/UTIL
118211-226967,SS,Ryan,Ryan Ritter,Ritter,7.037499904632568,16,2800,LAD@COL,COL,LAD,,,,,,SS/UTIL
118211-38614,SS,Carlos,Carlos Correa,Correa,7.632352941176471,68,2800,SEA@MIN,MIN,SEA,,,,,,SS/UTIL
118211-102296,OF,TJ,TJ Friedl,Friedl,10.702631900185033,76,2800,NYY@CIN,CIN,NYY,,,,,,OF/UTIL
118211-135218,OF,Jake,Jake Meyers,Meyers,8.288311846844561,77,2700,PHI@HOU,HOU,PHI,,,,,,OF/UTIL
118211-73871,C,Carson,Carson Kelly,Kelly,9.672000122070312,50,2700,CHC@STL,CHC,STL,,,,,,C/1B/UTIL
118211-102591,OF,Jake,Jake Fraley,Fraley,7.687233782829122,47,2700,NYY@CIN,CIN,NYY,,,,,,OF/UTIL
118211-119305,OF,Kyle,Kyle Stowers,Stowers,9.24794487104024,73,2700,MIA@SF,MIA,SF,,,,,,OF/UTIL
118211-119405,2B/SS,Bryson,Bryson Stott,Stott,9.076056681888204,71,2700,PHI@HOU,PHI,HOU,,,,,,2B/SS/UTIL
118211-52170,1B/OF,Dominic,Dominic Smith,Smith,7.987500190734863,16,2700,MIA@SF,SF,MIA,,,,,,C/1B/OF/UTIL
118211-13262,OF,Jurickson,Jurickson Profar,Profar,4.599999904632568,4,2700,ATL@NYM,ATL,NYM,NA,Suspension,,,,OF/UTIL
118211-13423,OF,Starling,Starling Marte,Marte,7.173076923076923,52,2700,ATL@NYM,NYM,ATL,,,,,,OF/UTIL
118211-197972,SS/3B/2B,Brooks,Brooks Lee,Lee,7.677777971540179,63,2700,SEA@MIN,MIN,SEA,,,,,,2B/3B/SS/UTIL
118211-101753,2B/SS/3B/OF,Dylan,Dylan Moore,Moore,6.9633331298828125,60,2700,SEA@MIN,SEA,MIN,,,,,,2B/3B/SS/OF/UTIL
118211-81511,2B/3B/SS/1B,Kyle,Kyle Farmer,Farmer,5.3350878263774675,57,2700,LAD@COL,COL,LAD,,,,,,C/1B/2B/3B/SS/UTIL
118211-165507,SS/2B,Matt,Matt McLain,McLain,9.041428920200893,70,2700,NYY@CIN,CIN,NYY,,,,,,2B/SS/UTIL
118211-165559,C,Yainer,Yainer Diaz,Diaz,7.77970996801404,69,2700,PHI@HOU,HOU,PHI,,,,,,C/1B/UTIL
118211-102301,2B/SS,Nico,Nico Hoerner,Hoerner,9.614666341145833,75,2700,CHC@STL,CHC,STL,,,,,,2B/SS/UTIL
118211-102308,2B/3B/OF,Jonathan,Jonathan India,India,7.546478701309419,71,2700,TB@KC,KC,TB,,,,,,2B/3B/OF/UTIL
118211-135364,OF,Jordan,Jordan Walker,Walker,6.612727494673296,55,2600,CHC@STL,STL,CHC,,,,,,OF/UTIL
118211-145618,2B/SS,Otto,Otto Lopez,Lopez,8.832257670740928,62,2600,MIA@SF,MIA,SF,,,,,,2B/SS/UTIL
118211-198935,OF,Victor,Victor Scott II,Scott II,8.72972972972973,74,2600,CHC@STL,STL,CHC,,,,,,OF/UTIL
118211-219666,OF,Jake,Jake Mangum,Mangum,9,44,2600,TB@KC,TB,KC,,,,,,OF/UTIL
118211-119376,3B/2B,Brett,Brett Baty,Baty,7.058620584422145,58,2600,ATL@NYM,NYM,ATL,,,,,,2B/3B/UTIL
118211-223870,C,Braxton,Braxton Fulford,Fulford,8.533333672417534,9,2600,LAD@COL,COL,LAD,,,,,,C/1B/UTIL
118211-164506,2B/3B,Connor,Connor Norby,Norby,8.048214503696986,56,2600,MIA@SF,MIA,SF,,,,,,2B/3B/UTIL
118211-17139,C,J.T.,J.T. Realmuto,Realmuto,8.466153658353365,65,2600,PHI@HOU,PHI,HOU,,,,,,C/1B/UTIL
118211-224021,3B/1B,Otto,Otto Kemp,Kemp,8.106666564941406,15,2600,PHI@HOU,PHI,HOU,,,,,,C/1B/3B/UTIL
118211-183187,1B/3B,Christian,Christian Encarnacion-Strand,Encarnacion-Strand,7.839285714285714,28,2600,NYY@CIN,CIN,NYY,,,,,,C/1B/3B/UTIL
118211-68563,OF,Victor,Victor Robles,Robles,8.609999847412109,10,2600,SEA@MIN,SEA,MIN,IL,Shoulder,,,,OF/UTIL
118211-52182,C,Reese,Reese McGuire,McGuire,9.107692425067608,13,2600,CHC@STL,CHC,STL,,,,,,C/1B/UTIL
118211-13567,3B/1B/2B,DJ,DJ LeMahieu,LeMahieu,5.758823619169347,34,2600,NYY@CIN,NYY,CIN,,,,,,C/1B/2B/3B/UTIL
118211-146690,3B/2B/OF,Nick,Nick Loftin,Loftin,6.716666751437717,18,2600,TB@KC,KC,TB,,,,,,2B/3B/OF/UTIL
118211-79160,OF,Alex,Alex Verdugo,Verdugo,6.1923076923076925,52,2600,ATL@NYM,ATL,NYM,,,,,,OF/UTIL
118211-79181,2B/3B/OF,Mauricio,Mauricio Dubon,Dubon,6.1749997820172995,56,2600,PHI@HOU,HOU,PHI,,,,,,2B/3B/OF/UTIL
118211-21890,SS/1B/3B/2B,Orlando,Orlando Arcia,Arcia,3.8870967741935485,31,2600,LAD@COL,COL,LAD,,,,,,C/1B/2B/3B/SS/UTIL
118211-79247,3B/SS/2B/OF,Edmundo,Edmundo Sosa,Sosa,6.259999847412109,40,2600,PHI@HOU,PHI,HOU,,,,,,2B/3B/SS/OF/UTIL
118211-79249,OF,Harrison,Harrison Bader,Bader,7.34788749587368,71,2600,SEA@MIN,MIN,SEA,,,,,,OF/UTIL
118211-222846,OF,Cam,Cam Smith,Smith,8.373845966045673,65,2600,PHI@HOU,HOU,PHI,,,,,,OF/UTIL
118211-165686,3B/SS/2B/1B,Casey,Casey Schmitt,Schmitt,7.7545452695904356,33,2600,MIA@SF,SF,MIA,,,,,,C/1B/2B/3B/SS/UTIL
118211-102461,SS,Aaron,Aaron Bracho,Bracho,,0,2500,LAD@COL,LAD,COL,,,,,,SS/UTIL
118211-198877,3B,Matt,Matt Shaw,Shaw,7.348979716398278,49,2500,CHC@STL,CHC,STL,,,,,,3B/UTIL
118211-198892,OF,Josue,Josue De Paula,De Paula,,0,2500,LAD@COL,LAD,COL,,,,,,OF/UTIL
118211-135529,OF,Jake,Jake Vogel,Vogel,,0,2500,LAD@COL,LAD,COL,,,,,,OF/UTIL
118211-119335,3B/2B/SS,Aaron,Aaron Schunk,Schunk,2.0166667302449546,12,2500,LAD@COL,COL,LAD,,,,,,2B/3B/SS/UTIL
118211-119353,3B,Kody,Kody Hoese,Hoese,,0,2500,LAD@COL,LAD,COL,,,,,,3B/UTIL
118211-119364,OF,Kameron,Kameron Misner,Misner,6.569013998542033,71,2500,TB@KC,TB,KC,,,,,,OF/UTIL
118211-119412,2B/3B/1B,Owen,Owen Miller,Miller,2.7222222222222223,9,2500,LAD@COL,COL,LAD,,,,,,C/1B/2B/3B/UTIL
118211-82605,2B/1B,Keston,Keston Hiura,Hiura,4.637499809265137,8,2500,LAD@COL,COL,LAD,,,,,,C/1B/2B/UTIL
118211-82608,3B,Royce,Royce Lewis,Lewis,6.216666666666667,30,2500,SEA@MIN,MIN,SEA,IL,Hamstring,,,,3B/UTIL
118211-203490,OF,Steward,Steward Berroa,Berroa,3.9250000544956754,28,2500,LAD@COL,LAD,COL,,,,,,OF/UTIL
118211-146160,SS,Ha-Seong,Ha-Seong Kim,Kim,9.21900826446281,121,2500,TB@KC,TB,KC,IL,Shoulder,,,,SS/UTIL
118211-176937,C,Chuckie,Chuckie Robinson,Robinson,1.976923135610727,26,2500,LAD@COL,LAD,COL,,,,,,C/1B/UTIL
118211-195378,SS/2B/OF,Tyler,Tyler Fitzgerald,Fitzgerald,6.252631471868147,57,2500,MIA@SF,SF,MIA,,,,,,2B/SS/OF/UTIL
118211-170879,C,Chris,Chris Okey,Okey,0,2,2500,LAD@COL,LAD,COL,,,,,,C/1B/UTIL
118211-52147,1B/OF,Kris,Kris Bryant,Bryant,3.6272728659889917,11,2500,LAD@COL,COL,LAD,IL,Back,,,,C/1B/OF/UTIL
118211-80848,C,Victor,Victor Caratini,Caratini,6.623076805701623,52,2500,PHI@HOU,HOU,PHI,,,,,,C/1B/UTIL
118211-179272,OF/1B/2B,Spencer,Spencer Steer,Steer,7.993150684931507,73,2500,NYY@CIN,CIN,NYY,,,,,,C/1B/2B/OF/UTIL
118211-83051,2B/3B,David,David Bote,Bote,2.4051282833784056,39,2500,LAD@COL,LAD,COL,,,,,,2B/3B/UTIL
118211-171112,OF,Sean,Sean Bouchard,Bouchard,3.809375047683716,32,2500,LAD@COL,COL,LAD,,,,,,OF/UTIL
118211-109803,C,Austin,Austin Nola,Nola,0,1,2500,LAD@COL,COL,LAD,,,,,,C/1B/UTIL
118211-79087,1B,Michael,Michael Chavis,Chavis,0,1,2500,LAD@COL,LAD,COL,,,,,,C/1B/UTIL
118211-146680,C,Drew,Drew Romo,Romo,4.737500190734863,16,2500,LAD@COL,COL,LAD,,,,,,C/1B/UTIL
118211-197881,OF,Yanquiel,Yanquiel Fernandez,Fernandez,0,1,2500,LAD@COL,COL,LAD,,,,,,OF/UTIL
118211-146681,OF,Zac,Zac Veen,Veen,4.100000063578288,12,2500,LAD@COL,COL,LAD,,,,,,OF/UTIL
118211-79108,3B,Nick,Nick Senzel,Senzel,6.351351351351352,74,2500,LAD@COL,LAD,COL,,,,,,3B/UTIL
118211-79119,OF,Will,Will Benson,Benson,8.013157894736842,38,2500,NYY@CIN,CIN,NYY,,,,,,OF/UTIL
118211-197915,C,Hunter,Hunter Feduccia,Feduccia,1.5,2,2500,LAD@COL,LAD,COL,,,,,,C/1B/UTIL
118211-79165,2B/OF,Gavin,Gavin Lux,Lux,7.934722052680121,72,2500,NYY@CIN,CIN,NYY,,,,,,2B/OF/UTIL
118211-21875,OF,Max,Max Kepler,Kepler,7.885915836817782,71,2500,PHI@HOU,PHI,HOU,,,,,,OF/UTIL
118211-181797,3B,Warming,Warming Bernabel,Bernabel,,0,2500,LAD@COL,COL,LAD,,,,,,3B/UTIL
118211-222791,OF,Zyhir,Zyhir Hope,Hope,,0,2500,LAD@COL,LAD,COL,,,,,,OF/UTIL
118211-222788,SS,Alex,Alex Freeland,Freeland,,0,2500,LAD@COL,LAD,COL,,,,,,SS/UTIL
118211-222793,OF,Robert,Robert Calaz,Calaz,,0,2500,LAD@COL,COL,LAD,,,,,,OF/UTIL
118211-222792,OF,Charlie,Charlie Condon,Condon,,0,2500,LAD@COL,COL,LAD,,,,,,OF/UTIL
118211-222806,1B/OF,Jac,Jac Caglianone,Caglianone,5.644444359673394,18,2500,TB@KC,KC,TB,,,,,,C/1B/OF/UTIL
118211-165526,OF,Benny,Benny Montgomery,Montgomery,,0,2500,LAD@COL,COL,LAD,,,,,,OF/UTIL
118211-165530,SS/2B,Adael,Adael Amador,Amador,3.797059003044577,34,2500,LAD@COL,COL,LAD,,,,,,2B/SS/UTIL
118211-165532,3B,Julio,Julio Carreras,Carreras,0,1,2500,LAD@COL,COL,LAD,,,,,,3B/UTIL
118211-220835,C/1B,Liam,Liam Hicks,Hicks,7.428571428571429,49,2500,MIA@SF,MIA,SF,,,,,,C/1B/UTIL
118211-165590,SS,Wilman,Wilman Diaz,Diaz,,0,2500,LAD@COL,LAD,COL,,,,,,SS/UTIL
118211-81622,C,Mitch,Mitch Garver,Garver,6.44545468417081,44,2500,SEA@MIN,SEA,MIN,,,,,,C/1B/UTIL
118211-165593,OF,Jose,Jose Ramos,Ramos,0,2,2500,LAD@COL,LAD,COL,,,,,,OF/UTIL
118211-165598,C,Jesus,Jesus Galiz,Galiz,,0,2500,LAD@COL,LAD,COL,IL,Undisclosed,,,,C/1B/UTIL
118211-165619,SS,Noah,Noah Miller,Miller,,0,2500,LAD@COL,LAD,COL,,,,,,SS/UTIL
118211-208716,1B/OF,Zach,Zach Dezenzo,Dezenzo,6.952940996955423,34,2500,PHI@HOU,HOU,PHI,IL,Hand,,,,C/1B/OF/UTIL
118211-163691,OF,James,James Outman,Outman,7.333333333333333,9,2500,LAD@COL,LAD,COL,,,,,,OF/UTIL
118211-102326,1B/2B/3B/OF,Kody,Kody Clemens,Clemens,6.541176590265012,51,2500,SEA@MIN,MIN,SEA,,,,,,C/1B/2B/3B/OF/UTIL
118211-102367,2B/3B/SS,Ronny,Ronny Mauricio,Mauricio,6.75,16,2500,ATL@NYM,NYM,ATL,,,,,,2B/3B/SS/UTIL
118211-102392,OF,Esteury,Esteury Ruiz,Ruiz,5.896551724137931,29,2500,LAD@COL,LAD,COL,,,,,,OF/UTIL
118211-102418,OF,Eli,Eli White,White,6.163934426229508,61,2400,ATL@NYM,ATL,NYM,,,,,,OF/UTIL
118211-38973,OF,Tyrone,Tyrone Taylor,Taylor,6.209859068964569,71,2400,ATL@NYM,NYM,ATL,,,,,,OF/UTIL
118211-223299,3B,Ben,Ben Williamson,Williamson,6.317543966728344,57,2400,SEA@MIN,SEA,MIN,,,,,,3B/UTIL
118211-102485,OF,Kyle,Kyle Isbel,Isbel,4.875714111328125,70,2400,TB@KC,KC,TB,,,,,,OF/UTIL
118211-198888,OF,Jacob,Jacob Melton,Melton,7.418181679465554,11,2400,PHI@HOU,HOU,PHI,IL,Ankle,,,,OF/UTIL
118211-119318,2B/3B/OF,Christopher,Christopher Morel,Morel,7.084210312157347,57,2400,TB@KC,TB,KC,,,,,,2B/3B/OF/UTIL
118211-82655,C,Danny,Danny Jansen,Jansen,7.464151058556898,53,2400,TB@KC,TB,KC,,,,,,C/1B/UTIL
118211-82661,OF,Daniel,Daniel Johnson,Johnson,5.229999923706055,10,2400,MIA@SF,SF,MIA,,,,,,OF/UTIL
118211-213853,C,J.C.,J.C. Escarra,Escarra,5.306451612903226,31,2400,NYY@CIN,NYY,CIN,,,,,,C/1B/UTIL
118211-211919,1B/3B/OF,Eric,Eric Wagaman,Wagaman,7.909722222222222,72,2400,MIA@SF,MIA,SF,,,,,,C/1B/3B/OF/UTIL
118211-13412,3B/1B,Donovan,Donovan Solano,Solano,4.726666598849826,45,2400,SEA@MIN,SEA,MIN,,,,,,C/1B/3B/UTIL
118211-60636,OF,Derek,Derek Hill,Hill,8.291304215140965,23,2400,MIA@SF,MIA,SF,IL,Wrist,,,,OF/UTIL
118211-83173,C,Jose,Jose Trevino,Trevino,7.497999877929687,50,2400,NYY@CIN,CIN,NYY,,,,,,C/1B/UTIL
118211-197908,C,Pedro,Pedro Pages,Pages,6.46000010172526,60,2400,CHC@STL,STL,CHC,,,,,,C/1B/UTIL
118211-79154,OF,Brandon,Brandon Marsh,Marsh,6.258620689655173,58,2400,PHI@HOU,PHI,HOU,,,,,,OF/UTIL
118211-102288,OF,Drew,Drew Waters,Waters,5.892063685825893,63,2400,TB@KC,KC,TB,,,,,,OF/UTIL
118211-38872,OF,Jesse,Jesse Winker,Winker,7.400000254313151,24,2400,ATL@NYM,NYM,ATL,IL,Oblique,,,,OF/UTIL
118211-135190,SS,Taylor,Taylor Walls,Walls,6.708955223880597,67,2300,TB@KC,TB,KC,,,,,,SS/UTIL
118211-79896,C,Luis,Luis Torrens,Torrens,5.039583206176758,48,2300,ATL@NYM,NYM,ATL,,,,,,C/1B/UTIL
118211-6312,1B/3B,Justin,Justin Turner,Turner,4.461904616582961,42,2300,CHC@STL,CHC,STL,,,,,,C/1B/3B/UTIL
118211-102577,2B/3B/OF,Santiago,Santiago Espinal,Espinal,5.068571254185268,70,2300,NYY@CIN,CIN,NYY,,,,,,2B/3B/OF/UTIL
118211-145611,SS/2B/3B,Oswald,Oswald Peraza,Peraza,4.47254913928462,51,2300,NYY@CIN,NYY,CIN,,,,,,2B/3B/SS/UTIL
118211-119629,SS/2B/3B,Luisangel,Luisangel Acuna,Acuna,4.870769324669471,65,2300,ATL@NYM,NYM,ATL,,,,,,2B/3B/SS/UTIL
118211-211906,3B/2B/SS,Thomas,Thomas Saggese,Saggese,6.831250190734863,16,2300,CHC@STL,STL,CHC,,,,,,2B/3B/SS/UTIL
118211-68582,2B,Brendan,Brendan Rodgers,Rodgers,4.858139392941497,43,2300,PHI@HOU,HOU,PHI,IL,Oblique,,,,2B/UTIL
118211-79152,C,Matt,Matt Thaiss,Thaiss,6.544444444444444,45,2300,TB@KC,TB,KC,,,,,,C/1B/UTIL
118211-136504,C,Patrick,Patrick Bailey,Bailey,5.062294881851947,61,2300,MIA@SF,SF,MIA,,,,,,C/1B/UTIL
118211-79263,OF,Leody,Leody Taveras,Taveras,5.622413898336476,58,2300,SEA@MIN,SEA,MIN,,,,,,OF/UTIL
118211-173548,2B/OF,Michael,Michael Massey,Massey,4.607142857142857,56,2300,TB@KC,KC,TB,IL,Ankle,,,,2B/OF/UTIL
118211-13858,C,Christian,Christian Vazquez,Vazquez,4.841463414634147,41,2300,SEA@MIN,MIN,SEA,,,,,,C/1B/UTIL
118211-222844,SS/2B,Cole,Cole Young,Young,5.942105343467311,19,2300,SEA@MIN,SEA,MIN,,,,,,2B/SS/UTIL
118211-165648,OF,Johan,Johan Rojas,Rojas,5.153448170629041,58,2300,PHI@HOU,PHI,HOU,,,,,,OF/UTIL
118211-102380,SS,Nick,Nick Allen,Allen,5.5101451044497285,69,2300,ATL@NYM,ATL,NYM,,,,,,SS/UTIL
118211-180208,2B/3B/SS/OF,Miles,Miles Mastrobuoni,Mastrobuoni,4.612280594675164,57,2300,SEA@MIN,SEA,MIN,,,,,,2B/3B/SS/OF/UTIL
118211-102406,2B/SS/3B/OF,Vidal,Vidal Brujan,Brujan,2.36,25,2200,CHC@STL,CHC,STL,,,,,,2B/3B/SS/OF/UTIL
118211-135194,C,Freddy,Freddy Fermin,Fermin,4.965217258619226,46,2200,TB@KC,KC,TB,,,,,,C/1B/UTIL
118211-135216,OF,Chas,Chas McCormick,McCormick,2.4777776930067272,36,2200,PHI@HOU,HOU,PHI,IL,Oblique,,,,OF/UTIL
118211-102518,3B/1B,Jose,Jose Miranda,Miranda,4.241666793823242,12,2200,SEA@MIN,MIN,SEA,,,,,,C/1B/3B/UTIL
118211-192649,OF/1B,Weston,Weston Wilson,Wilson,3.2545453851873223,22,2200,PHI@HOU,PHI,HOU,,,,,,C/1B/OF/UTIL
118211-184480,C,Cesar,Cesar Salazar,Salazar,0.5,6,2200,PHI@HOU,HOU,PHI,,,,,,C/1B/UTIL
118211-119326,3B/OF,Rece,Rece Hinds,Hinds,7.012499809265137,8,2200,NYY@CIN,CIN,NYY,,,,,,3B/OF/UTIL
118211-211756,SS/2B/OF,Javier,Javier Sanoja,Sanoja,5.149180427926486,61,2200,MIA@SF,MIA,SF,,,,,,2B/SS/OF/UTIL
118211-119621,OF,Luis,Luis Matos,Matos,6.470833460489909,24,2200,MIA@SF,SF,MIA,,,,,,OF/UTIL
118211-101276,2B/3B,Jon,Jon Berti,Berti,4.431578786749589,38,2200,CHC@STL,CHC,STL,,,,,,2B/3B/UTIL
118211-21666,OF/1B,Mark,Mark Canha,Canha,3.6000001488662345,41,2200,TB@KC,KC,TB,,,,,,C/1B/OF/UTIL
118211-101910,1B/OF,Connor,Connor Joe,Joe,3.393103500892376,29,2200,NYY@CIN,CIN,NYY,,,,,,C/1B/OF/UTIL
118211-71217,C,Omar,Omar Narvaez,Narvaez,6.425000190734863,4,2200,PHI@HOU,HOU,PHI,,,,,,C/1B/UTIL
118211-179801,1B/OF,Jared,Jared Young,Young,4.822222391764323,18,2200,ATL@NYM,NYM,ATL,,,,,,C/1B/OF/UTIL
118211-165703,OF,Heriberto,Heriberto Hernandez,Hernandez,6.356249809265137,16,2200,MIA@SF,MIA,SF,,,,,,OF/UTIL
118211-165701,3B/2B/1B,Curtis,Curtis Mead,Mead,5.665116421011991,43,2200,TB@KC,TB,KC,,,,,,C/1B/2B/3B/UTIL
118211-163668,OF/2B/3B,Richie,Richie Palacios,Palacios,21.200000762939453,1,2200,TB@KC,TB,KC,IL,Knee,,,,2B/3B/OF/UTIL
118211-163672,3B/1B,Jonah,Jonah Bride,Bride,3.160464974336846,43,2200,SEA@MIN,MIN,SEA,,,,,,C/1B/3B/UTIL
118211-163695,2B,Jorbit,Jorbit Vivas,Vivas,3.9636362249200996,22,2200,NYY@CIN,NYY,CIN,,,,,,2B/UTIL
118211-159624,C,Yohel,Yohel Pozo,Pozo,5.649999765249399,26,2200,CHC@STL,STL,CHC,,,,,,C/1B/UTIL
118211-161677,C,Nick,Nick Fortes,Fortes,4.776923155173277,39,2200,MIA@SF,MIA,SF,,,,,,C/1B/UTIL
118211-102295,OF,Stuart,Stuart Fairchild,Fairchild,3.365217457646909,23,2200,ATL@NYM,ATL,NYM,,,,,,OF/UTIL
118211-102307,2B/SS/OF,Jose,Jose Barrero,Barrero,2.4227272380482066,22,2200,CHC@STL,STL,CHC,,,,,,2B/SS/OF/UTIL
118211-102349,SS/2B,Leo,Leo Rivas,Rivas,5.8600001017252605,30,2200,SEA@MIN,SEA,MIN,,,,,,2B/SS/UTIL
118211-102365,C,Francisco,Francisco Alvarez,Alvarez,6.814285714285714,35,2200,ATL@NYM,NYM,ATL,,,,,,C/1B/UTIL
118211-102411,C,Andrew,Andrew Knizner,Knizner,3.4555555979410806,9,2100,MIA@SF,SF,MIA,,,,,,C/1B/UTIL
118211-225386,OF,Chandler,Chandler Simpson,Simpson,9.580555386013454,36,2100,TB@KC,TB,KC,,,,,,OF/UTIL
118211-102578,OF,Griffin,Griffin Conine,Conine,8.075,20,2100,MIA@SF,MIA,SF,IL,Shoulder,,,,OF/UTIL
118211-135524,OF/2B,Austin,Austin Martin,Martin,5.78494623655914,93,2100,SEA@MIN,MIN,SEA,IL,Hamstring,,,,2B/OF/UTIL
118211-119401,C,Rafael,Rafael Marchan,Marchan,4.825,20,2100,PHI@HOU,PHI,HOU,,,,,,C/1B/UTIL
118211-82553,OF,Jose,Jose Siri,Siri,4.95,10,2100,ATL@NYM,NYM,ATL,IL,Lower leg,,,,OF/UTIL
118211-82563,2B/SS/OF,Garrett,Garrett Hampson,Hampson,3.740740740740741,27,2100,CHC@STL,STL,CHC,,,,,,2B/SS/OF/UTIL
118211-82567,1B/OF,Ryan,Ryan Vilade,Vilade,1.7428571156093053,7,2100,NYY@CIN,CIN,NYY,,,,,,C/1B/OF/UTIL
118211-164498,2B,Ryan,Ryan Bliss,Bliss,6.427272449840199,11,2100,SEA@MIN,SEA,MIN,IL,Biceps,,,,2B/UTIL
118211-82616,2B/3B/SS,Luis,Luis Guillorme,Guillorme,1.355555534362793,9,2100,PHI@HOU,HOU,PHI,,,,,,2B/3B/SS/UTIL
118211-203639,3B/1B,CJ,CJ Alexander,Alexander,1.5,6,2100,NYY@CIN,NYY,CIN,,,,,,C/1B/3B/UTIL
118211-71182,3B/1B,Jeimer,Jeimer Candelario,Candelario,5.572727203369141,22,2100,NYY@CIN,CIN,NYY,,,,,,C/1B/3B/UTIL
118211-181806,OF,Jonny,Jonny DeLuca,DeLuca,9.144444783528646,9,2100,TB@KC,TB,KC,IL,Shoulder,,,,OF/UTIL
118211-181814,2B,Edouard,Edouard Julien,Julien,6.089655382879849,29,2100,SEA@MIN,MIN,SEA,,,,,,2B/UTIL
118211-226912,OF,John,John Rave,Rave,3.233333405994234,21,2100,TB@KC,KC,TB,,,,,,OF/UTIL
118211-222887,SS/2B,Christian,Christian Koss,Koss,4.402857317243304,35,2100,MIA@SF,SF,MIA,,,,,,2B/SS/UTIL
118211-222886,C,Hayden,Hayden Senger,Senger,2.1857143129621233,14,2100,ATL@NYM,NYM,ATL,,,,,,C/1B/UTIL
118211-163704,OF,Cooper,Cooper Hummel,Hummel,6.209999847412109,10,2100,PHI@HOU,HOU,PHI,,,,,,OF/UTIL
118211-102398,OF,Jarred,Jarred Kelenic,Kelenic,4.278260935907778,23,2100,ATL@NYM,ATL,NYM,,,,,,OF/UTIL
118211-102403,SS/2B,Marco,Marco Luciano,Luciano,4.362068965517241,29,2000,MIA@SF,SF,MIA,,,,,,2B/SS/UTIL
118211-81924,2B/OF,Niko,Niko Goodrum,Goodrum,2.3384615091177134,13,2000,ATL@NYM,NYM,ATL,,,,,,2B/OF/UTIL
118211-102410,C,Ronaldo,Ronaldo Hernandez,Hernandez,,0,2000,NYY@CIN,NYY,CIN,,,,,,C/1B/UTIL
118211-102413,1B,Luken,Luken Baker,Baker,3.7157893933747945,19,2000,CHC@STL,STL,CHC,,,,,,C/1B/UTIL
118211-102427,3B,Jordan,Jordan Groshans,Groshans,,0,2000,TB@KC,KC,TB,,,,,,3B/UTIL
118211-102451,OF,Brennen,Brennen Davis,Davis,0,2,2000,NYY@CIN,NYY,CIN,,,,,,OF/UTIL
118211-102453,SS/2B/3B,Zack,Zack Short,Short,3.388372022052144,43,2000,PHI@HOU,HOU,PHI,,,,,,2B/3B/SS/UTIL
118211-135223,C,Jakson,Jakson Reetz,Reetz,3.4625000953674316,8,2000,ATL@NYM,NYM,ATL,,,,,,C/1B/UTIL
118211-135227,2B,Jose,Jose Rojas,Rojas,,0,2000,NYY@CIN,NYY,CIN,,,,,,2B/UTIL
118211-135239,2B/SS/3B,Rodolfo,Rodolfo Castro,Castro,0,2,2000,PHI@HOU,PHI,HOU,,,,,,2B/3B/SS/UTIL
118211-135242,C,P.J.,P.J. Higgins,Higgins,0,2,2000,NYY@CIN,CIN,NYY,,,,,,C/1B/UTIL
118211-135254,2B,Eddy,Eddy Alvarez,Alvarez,0.8857142584664481,14,2000,ATL@NYM,ATL,NYM,,,,,,2B/UTIL
118211-135255,C,Brian,Brian Navarreto,Navarreto,,0,2000,MIA@SF,MIA,SF,,,,,,C/1B/UTIL
118211-135263,C,Brian,Brian O'Keefe,O'Keefe,,0,2000,TB@KC,KC,TB,,,,,,C/1B/UTIL
118211-135267,2B,Kaden,Kaden Polcovich,Polcovich,,0,2000,SEA@MIN,SEA,MIN,,,,,,2B/UTIL
118211-102499,SS,Bryson,Bryson Brigman,Brigman,,0,2000,NYY@CIN,CIN,NYY,,,,,,SS/UTIL
118211-135265,1B,Austin,Austin Shenton,Shenton,4.7549999237060545,20,2000,SEA@MIN,SEA,MIN,,,,,,C/1B/UTIL
118211-157797,OF,Bryan,Bryan De La Cruz,De La Cruz,3.012500047683716,16,2000,NYY@CIN,NYY,CIN,,,,,,OF/UTIL
118211-102512,OF,Carlos,Carlos Rodriguez,Rodriguez,,0,2000,ATL@NYM,ATL,NYM,,,,,,OF/UTIL
118211-102519,3B,Andrew,Andrew Bechtold,Bechtold,,0,2000,PHI@HOU,PHI,HOU,,,,,,3B/UTIL
118211-102521,C,Josh,Josh Breaux,Breaux,,0,2000,PHI@HOU,PHI,HOU,,,,,,C/1B/UTIL
118211-102520,2B,Yunior,Yunior Severino,Severino,0,1,2000,SEA@MIN,MIN,SEA,,,,,,2B/UTIL
118211-102537,OF,Everson,Everson Pereira,Pereira,0,3,2000,NYY@CIN,NYY,CIN,,,,,,OF/UTIL
118211-102563,3B/2B/SS,Jonathan,Jonathan Ornelas,Ornelas,0.75,4,2000,ATL@NYM,ATL,NYM,,,,,,2B/3B/SS/UTIL
118211-102584,C,Tres,Tres Barrera,Barrera,,0,2000,TB@KC,TB,KC,,,,,,C/1B/UTIL
118211-172216,3B/1B,David,David Villar,Villar,5.144444359673394,9,2000,ATL@NYM,NYM,ATL,,,,,,C/1B/3B/UTIL
118211-194773,C,Logan,Logan Porter,Porter,3.779999923706055,5,2000,MIA@SF,SF,MIA,,,,,,C/1B/UTIL
118211-198878,3B,Sal,Sal Stewart,Stewart,,0,2000,NYY@CIN,CIN,NYY,,,,,,3B/UTIL
118211-198895,OF,Walker,Walker Jenkins,Jenkins,,0,2000,SEA@MIN,MIN,SEA,,,,,,OF/UTIL
118211-198898,SS,Jett,Jett Williams,Williams,,0,2000,ATL@NYM,NYM,ATL,,,,,,SS/UTIL
118211-198903,OF,Drew,Drew Gilbert,Gilbert,,0,2000,ATL@NYM,NYM,ATL,,,,,,OF/UTIL
118211-198902,OF,Ryan,Ryan Clifford,Clifford,,0,2000,ATL@NYM,NYM,ATL,,,,,,OF/UTIL
118211-198900,OF,Spencer,Spencer Jones,Jones,,0,2000,NYY@CIN,NYY,CIN,,,,,,OF/UTIL
118211-198914,SS,Roderick,Roderick Arias,Arias,,0,2000,NYY@CIN,NYY,CIN,,,,,,SS/UTIL
118211-116994,SS,Donovan,Donovan Walton,Walton,4.844444274902344,9,2000,ATL@NYM,NYM,ATL,,,,,,SS/UTIL
118211-213262,C,Caleb,Caleb Knight,Knight,,0,2000,CHC@STL,CHC,STL,,,,,,C/1B/UTIL
118211-198931,SS,Felnin,Felnin Celesten,Celesten,,0,2000,SEA@MIN,SEA,MIN,,,,,,SS/UTIL
118211-198932,1B,Xavier,Xavier Isaac,Isaac,,0,2000,TB@KC,TB,KC,,,,,,C/1B/UTIL
118211-198937,OF,Bryce,Bryce Eldridge,Eldridge,,0,2000,MIA@SF,SF,MIA,DTD,Hamstring,,,,OF/UTIL
118211-209177,C/2B/1B,Mickey,Mickey Gasper,Gasper,3.676470588235294,17,2000,SEA@MIN,MIN,SEA,IL,Foot,,,,C/1B/2B/UTIL
118211-170350,OF,Dairon,Dairon Blanco,Blanco,3.7666668362087674,9,2000,TB@KC,KC,TB,,,,,,OF/UTIL
118211-211339,C,Logan,Logan Driscoll,Driscoll,3.593333435058594,15,2000,TB@KC,TB,KC,IL,Ankle,,,,C/1B/UTIL
118211-180694,OF,Cade,Cade Marlowe,Marlowe,1.355555534362793,9,2000,SEA@MIN,SEA,MIN,IL,Undisclosed,,,,OF/UTIL
118211-135646,C,Carson,Carson Taylor,Taylor,,0,2000,PHI@HOU,PHI,HOU,IL,Undisclosed,,,,C/1B/UTIL
118211-96765,C,Joe,Joe Hudson,Hudson,0,1,2000,PHI@HOU,HOU,PHI,,,,,,C/1B/UTIL
118211-119304,SS/2B,Braden,Braden Shewmake,Shewmake,3.406896656957166,29,2000,NYY@CIN,NYY,CIN,,,,,,2B/SS/UTIL
118211-219661,SS,Jared,Jared Serna,Serna,,0,2000,MIA@SF,MIA,SF,,,,,,SS/UTIL
118211-119314,C,Ethan,Ethan Hearn,Hearn,,0,2000,CHC@STL,CHC,STL,,,,,,C/1B/UTIL
118211-219664,OF,Matt,Matt Koperniak,Koperniak,,0,2000,CHC@STL,STL,CHC,,,,,,OF/UTIL
118211-119320,2B,Chase,Chase Strumpf,Strumpf,,0,2000,CHC@STL,CHC,STL,,,,,,2B/UTIL
118211-119325,2B/OF,Tyler,Tyler Callihan,Callihan,1.625,4,2000,NYY@CIN,CIN,NYY,IL,Forearm,,,,2B/OF/UTIL
118211-119327,SS,Ivan,Ivan Johnson,Johnson,,0,2000,NYY@CIN,CIN,NYY,,,,,,SS/UTIL
118211-207395,C,Eric,Eric Yang,Yang,0,1,2000,NYY@CIN,CIN,NYY,,,,,,C/1B/UTIL
118211-158244,3B/2B,Yonny,Yonny Hernandez,Hernandez,,0,2000,ATL@NYM,NYM,ATL,,,,,,2B/3B/UTIL
118211-219699,C,Jesus,Jesus Rodriguez,Rodriguez,,0,2000,NYY@CIN,NYY,CIN,,,,,,C/1B/UTIL
118211-16946,1B,Jon,Jon Singleton,Singleton,6.964754198418289,122,2000,PHI@HOU,HOU,PHI,,,,,,C/1B/UTIL
118211-219704,SS,Ben,Ben Cowles,Cowles,,0,2000,CHC@STL,CHC,STL,,,,,,SS/UTIL
118211-156226,OF,Pedro,Pedro Leon,Leon,3.4571429661342075,7,2000,PHI@HOU,HOU,PHI,IL,Knee,,,,OF/UTIL
118211-119366,OF/1B,Jerar,Jerar Encarnacion,Encarnacion,2.2750000953674316,8,2000,MIA@SF,SF,MIA,IL,Oblique,,,,C/1B/OF/UTIL
118211-207434,3B,Luis,Luis De Los Santos,De Los Santos,2.8384616558368387,13,2000,ATL@NYM,NYM,ATL,,,,,,3B/UTIL
118211-119371,2B,Devin,Devin Mann,Mann,,0,2000,MIA@SF,SF,MIA,,,,,,2B/UTIL
118211-119370,SS,Will,Will Holland,Holland,,0,2000,SEA@MIN,MIN,SEA,,,,,,SS/UTIL
118211-119390,OF,Kevin,Kevin Alcantara,Alcantara,2.066666603088379,3,2000,CHC@STL,CHC,STL,,,,,,OF/UTIL
118211-82531,C,Andy,Andy Yerzy,Yerzy,,0,2000,CHC@STL,STL,CHC,,,,,,C/1B/UTIL
118211-119419,OF,Hunter,Hunter Bishop,Bishop,,0,2000,MIA@SF,SF,MIA,,,,,,OF/UTIL
118211-119418,OF,Jairo,Jairo Pomares,Pomares,,0,2000,MIA@SF,SF,MIA,,,,,,OF/UTIL
118211-82556,OF,Taylor,Taylor Trammell,Trammell,1.1272726925936611,11,2000,PHI@HOU,HOU,PHI,,,,,,OF/UTIL
118211-82558,OF,Conner,Conner Capel,Capel,2.171428544180734,7,2000,ATL@NYM,ATL,NYM,,,,,,OF/UTIL
118211-119424,C,Julio E.,Julio E. Rodriguez,Rodriguez,,0,2000,SEA@MIN,SEA,MIN,,,,,,C/1B/UTIL
118211-119432,SS,Greg,Greg Jones,Jones,2,3,2000,PHI@HOU,HOU,PHI,,,,,,SS/UTIL
118211-176777,OF,Cal,Cal Stevenson,Stevenson,1.9,5,2000,PHI@HOU,PHI,HOU,,,,,,OF/UTIL
118211-119436,SS,Maximo,Maximo Acosta,Acosta,,0,2000,MIA@SF,MIA,SF,,,,,,SS/UTIL
118211-119439,C,Sam,Sam Huff,Huff,4.8,20,2000,MIA@SF,SF,MIA,,,,,,C/1B/UTIL
118211-119440,3B/2B,Davis,Davis Wendzel,Wendzel,1.8714286259242467,28,2000,NYY@CIN,CIN,NYY,,,,,,2B/3B/UTIL
118211-164501,SS,Cal,Cal Conley,Conley,,0,2000,ATL@NYM,ATL,NYM,,,,,,SS/UTIL
118211-203418,2B/3B/1B/OF,Armando,Armando Alvarez,Alvarez,4.462500095367432,16,2000,SEA@MIN,MIN,SEA,,,,,,C/1B/2B/3B/OF/UTIL
118211-203417,C,Nick,Nick Raposo,Raposo,,0,2000,SEA@MIN,SEA,MIN,,,,,,C/1B/UTIL
118211-82586,OF,MJ,MJ Melendez,Melendez,3.456249952316284,16,2000,TB@KC,KC,TB,,,,,,OF/UTIL
118211-82589,OF/1B,Nick,Nick Pratto,Pratto,0,2,2000,TB@KC,KC,TB,,,,,,C/1B/OF/UTIL
118211-164508,OF,Jesse,Jesse Franklin,Franklin,,0,2000,ATL@NYM,ATL,NYM,,,,,,OF/UTIL
118211-164519,3B,Alex,Alex Binelas,Binelas,,0,2000,PHI@HOU,PHI,HOU,,,,,,3B/UTIL
118211-211631,OF,DaShawn,DaShawn Keirsey Jr.,Keirsey Jr.,2.151020439303651,49,2000,SEA@MIN,MIN,SEA,,,,,,OF/UTIL
118211-164527,SS,Cristian,Cristian Hernandez,Hernandez,,0,2000,CHC@STL,CHC,STL,,,,,,SS/UTIL
118211-199342,3B,Graham,Graham Pauley,Pauley,4.4178570338657925,28,2000,MIA@SF,MIA,SF,,,,,,3B/UTIL
118211-164528,SS,James,James Triantos,Triantos,,0,2000,CHC@STL,CHC,STL,,,,,,SS/UTIL
118211-82615,3B,Mark,Mark Vientos,Vientos,7.809433847103479,53,2000,ATL@NYM,NYM,ATL,IL,Hamstring,,,,3B/UTIL
118211-21183,C/1B,Carlos,Carlos Perez,Perez,,0,2000,CHC@STL,CHC,STL,,,,,,C/1B/UTIL
118211-17105,C,Sandy,Sandy Leon,Leon,0,2,2000,ATL@NYM,ATL,NYM,,,,,,C/1B/UTIL
118211-103125,2B/SS/OF,Jack,Jack Lopez,Lopez,3.8551725190261315,29,2000,SEA@MIN,SEA,MIN,,,,,,2B/SS/OF/UTIL
118211-195289,OF,Cam,Cam Eden,Eden,,0,2000,NYY@CIN,NYY,CIN,,,,,,OF/UTIL
118211-13054,C,Rob,Rob Brantly,Brantly,4.166666666666667,3,2000,MIA@SF,MIA,SF,IL,Lat,,,,C/1B/UTIL
118211-209703,OF,Grant,Grant McCray,McCray,7.17837854333826,37,2000,MIA@SF,SF,MIA,,,,,,OF/UTIL
118211-193328,OF,Wade,Wade Meckler,Meckler,0,2,2000,MIA@SF,SF,MIA,,,,,,OF/UTIL
118211-119623,OF,Alex,Alex Ramirez,Ramirez,0,3,2000,ATL@NYM,NYM,ATL,,,,,,OF/UTIL
118211-119627,OF,Erick,Erick Pena,Pena,,0,2000,TB@KC,KC,TB,,,,,,OF/UTIL
118211-119633,OF,Misael,Misael Urbina,Urbina,,0,2000,SEA@MIN,MIN,SEA,,,,,,OF/UTIL
118211-119636,SS,Alexander,Alexander Vargas,Vargas,,0,2000,NYY@CIN,NYY,CIN,,,,,,SS/UTIL
118211-174963,SS,Charles,Charles Leblanc,Leblanc,8.290908813476562,11,2000,ATL@NYM,ATL,NYM,,,,,,SS/UTIL
118211-203641,SS,Levi,Levi Jordan,Jordan,1.8142856870378767,7,2000,NYY@CIN,CIN,NYY,,,,,,SS/UTIL
118211-82824,1B,Mike,Mike Ford,Ford,3.600000080309416,19,2000,SEA@MIN,MIN,SEA,,,,,,C/1B/UTIL
118211-52157,C,Tom,Tom Murphy,Murphy,3.7571427481515065,14,2000,MIA@SF,SF,MIA,IL,Back,,,,C/1B/UTIL
118211-68554,SS,Andrew,Andrew Velazquez,Velazquez,0,2,2000,NYY@CIN,NYY,CIN,,,,,,SS/UTIL
118211-97291,2B,Harold,Harold Castro,Castro,,0,2000,TB@KC,KC,TB,,,,,,2B/UTIL
118211-13343,2B,Dixon,Dixon Machado,Machado,,0,2000,CHC@STL,CHC,STL,,,,,,2B/UTIL
118211-171037,C,Jason,Jason Delay,Delay,6.400000095367432,8,2000,ATL@NYM,ATL,NYM,,,,,,C/1B/UTIL
118211-171128,3B/2B,Buddy,Buddy Kennedy,Kennedy,1,3,2000,PHI@HOU,PHI,HOU,,,,,,2B/3B/UTIL
118211-13436,C,Max,Max Stassi,Stassi,0,1,2000,MIA@SF,SF,MIA,,,,,,C/1B/UTIL
118211-197761,C,Jair,Jair Camargo,Camargo,1.0333333015441895,6,2000,SEA@MIN,MIN,SEA,,,,,,C/1B/UTIL
118211-197764,C,Blake,Blake Hunt,Hunt,0,1,2000,SEA@MIN,SEA,MIN,,,,,,C/1B/UTIL
118211-83143,OF,Oscar,Oscar Mercado,Mercado,0,1,2000,PHI@HOU,PHI,HOU,,,,,,OF/UTIL
118211-187594,2B/3B,Coco,Coco Montes,Montes,1.9,5,2000,TB@KC,TB,KC,,,,,,2B/3B/UTIL
118211-195795,C,Chandler,Chandler Seagle,Seagle,,0,2000,ATL@NYM,ATL,NYM,,,,,,C/1B/UTIL
118211-79075,SS,Kevin,Kevin Maitan,Maitan,,0,2000,SEA@MIN,MIN,SEA,,,,,,SS/UTIL
118211-83174,3B,Sergio,Sergio Alcantara,Alcantara,0,2,2000,MIA@SF,SF,MIA,,,,,,3B/UTIL
118211-60649,C,Alex,Alex Jackson,Jackson,4.196551618904903,58,2000,NYY@CIN,NYY,CIN,,,,,,C/1B/UTIL
118211-60652,2B,Christian,Christian Arroyo,Arroyo,,0,2000,PHI@HOU,PHI,HOU,,,,,,2B/UTIL
118211-146671,OF,Austin,Austin Hendrick,Hendrick,,0,2000,NYY@CIN,CIN,NYY,,,,,,OF/UTIL
118211-146674,OF,Owen,Owen Caissie,Caissie,,0,2000,CHC@STL,CHC,STL,,,,,,OF/UTIL
118211-146672,SS,Reginald,Reginald Preciado,Preciado,,0,2000,CHC@STL,CHC,STL,,,,,,SS/UTIL
118211-146673,SS,Ed,Ed Howard,Howard,,0,2000,CHC@STL,CHC,STL,,,,,,SS/UTIL
118211-79093,OF,Eloy,Eloy Jimenez,Jimenez,5.833333333333333,99,2000,TB@KC,TB,KC,IL,Achilles,,,,OF/UTIL
118211-197883,OF,Kenedy,Kenedy Corona,Corona,0,1,2000,PHI@HOU,HOU,PHI,,,,,,OF/UTIL
118211-146686,OF,Colin,Colin Barber,Barber,,0,2000,PHI@HOU,HOU,PHI,,,,,,OF/UTIL
118211-197895,OF,Tyler,Tyler Gentry,Gentry,0,4,2000,TB@KC,KC,TB,,,,,,OF/UTIL
118211-79115,OF,Greg,Greg Allen,Allen,0,3,2000,CHC@STL,CHC,STL,,,,,,OF/UTIL
118211-146703,1B,Aaron,Aaron Sabato,Sabato,,0,2000,SEA@MIN,MIN,SEA,,,,,,C/1B/UTIL
118211-85268,1B,Joey,Joey Meneses,Meneses,7.273684049907484,76,2000,ATL@NYM,NYM,ATL,,,,,,C/1B/UTIL
118211-79128,C,Garrett,Garrett Stubbs,Stubbs,5.580701861465187,57,2000,PHI@HOU,PHI,HOU,,,,,,C/1B/UTIL
118211-197912,OF,Jacob,Jacob Hurtubise,Hurtubise,1.8000000317891438,12,2000,SEA@MIN,SEA,MIN,,,,,,OF/UTIL
118211-85277,2B/OF/1B/3B,Cavan,Cavan Biggio,Biggio,3.573684290835732,38,2000,TB@KC,KC,TB,,,,,,C/1B/2B/3B/OF/UTIL
118211-197917,OF,Victor,Victor Mesa Jr.,Mesa Jr.,3.924999952316284,4,2000,MIA@SF,MIA,SF,,,,,,OF/UTIL
118211-79156,SS/2B,David,David Fletcher,Fletcher,2.1666666666666665,6,2000,ATL@NYM,ATL,NYM,,,,,,2B/SS/UTIL
118211-79174,C,Jacob,Jacob Nottingham,Nottingham,,0,2000,SEA@MIN,SEA,MIN,,,,,,C/1B/UTIL
118211-38223,OF,Travis,Travis Jankowski,Jankowski,4.2571429298037575,21,2000,ATL@NYM,NYM,ATL,,,,,,OF/UTIL
118211-79190,C,Ben,Ben Rortvedt,Rortvedt,2.6692308279184194,26,2000,TB@KC,TB,KC,,,,,,C/1B/UTIL
118211-181596,2B/3B,Jose,Jose Fermin,Fermin,2.434042585656998,47,2000,CHC@STL,STL,CHC,,,,,,2B/3B/UTIL
118211-226686,OF,Rhylan,Rhylan Thomas,Thomas,7.466666539510091,3,2000,SEA@MIN,SEA,MIN,,,,,,OF/UTIL
118211-152972,2B/OF/SS,Luke,Luke Williams,Williams,2.5888888041178384,18,2000,ATL@NYM,ATL,NYM,,,,,,2B/SS/OF/UTIL
118211-79277,1B,Rowdy,Rowdy Tellez,Tellez,6.766129032258065,62,2000,SEA@MIN,SEA,MIN,,,,,,C/1B/UTIL
118211-79279,OF,Andrew,Andrew Stevenson,Stevenson,,0,2000,TB@KC,TB,KC,,,,,,OF/UTIL
118211-101821,1B,Edwin,Edwin Rios,Rios,1.8399999618530274,5,2000,NYY@CIN,CIN,NYY,,,,,,C/1B/UTIL
118211-79387,3B,Jake,Jake Gatewood,Gatewood,,0,2000,NYY@CIN,NYY,CIN,,,,,,3B/UTIL
118211-226840,OF,Carson,Carson McCusker,McCusker,0.6,5,2000,SEA@MIN,MIN,SEA,,,,,,OF/UTIL
118211-181790,OF,Diego,Diego Hernandez,Hernandez,,0,2000,TB@KC,KC,TB,,,,,,OF/UTIL
118211-95772,C,Beau,Beau Taylor,Taylor,,0,2000,SEA@MIN,SEA,MIN,,,,,,C/1B/UTIL
118211-95776,2B/SS/3B/OF,Pablo,Pablo Reyes,Reyes,2.111999969482422,25,2000,ATL@NYM,NYM,ATL,,,,,,2B/3B/SS/OF/UTIL
118211-181820,OF/2B/SS,Brett,Brett Wisely,Wisely,1.6999999682108562,6,2000,MIA@SF,SF,MIA,,,,,,2B/SS/OF/UTIL
118211-222781,3B,Cam,Cam Collier,Collier,,0,2000,NYY@CIN,CIN,NYY,,,,,,3B/UTIL
118211-222780,SS,Starlyn,Starlyn Caba,Caba,,0,2000,MIA@SF,MIA,SF,IL,Thumb,,,,SS/UTIL
118211-181824,SS,Osleivis,Osleivis Basabe,Basabe,0,1,2000,MIA@SF,SF,MIA,,,,,,SS/UTIL
118211-222785,2B,Luke,Luke Keaschall,Keaschall,14.400000435965401,7,2000,SEA@MIN,MIN,SEA,IL,Forearm,,,,2B/UTIL
118211-222795,SS,George,George Lombard Jr.,Lombard Jr.,,0,2000,NYY@CIN,NYY,CIN,,,,,,SS/UTIL
118211-226888,2B,Ryan,Ryan Fitzgerald,Fitzgerald,1.600000023841858,2,2000,SEA@MIN,MIN,SEA,,,,,,2B/UTIL
118211-167500,OF,Joey,Joey Wiemer,Wiemer,1.4476190294538225,21,2000,TB@KC,KC,TB,,,,,,OF/UTIL
118211-222805,C,Blake,Blake Mitchell,Mitchell,,0,2000,TB@KC,KC,TB,IL,Wrist,,,,C/1B/UTIL
118211-222821,OF,Carson,Carson Benge,Benge,,0,2000,ATL@NYM,NYM,ATL,,,,,,OF/UTIL
118211-222835,C,Jimmy,Jimmy Crooks,Crooks,,0,2000,CHC@STL,STL,CHC,,,,,,C/1B/UTIL
118211-226928,1B/2B/SS/3B,Jack,Jack Winkler,Winkler,0.5,6,2000,MIA@SF,MIA,SF,,,,,,C/1B/2B/3B/SS/UTIL
118211-222839,SS,Colt,Colt Emerson,Emerson,,0,2000,SEA@MIN,SEA,MIN,,,,,,SS/UTIL
118211-222838,SS,Jefferson,Jefferson Rojas,Rojas,,0,2000,CHC@STL,CHC,STL,,,,,,SS/UTIL
118211-222837,C,Moises,Moises Ballesteros,Ballesteros,7.019999694824219,5,2000,CHC@STL,CHC,STL,,,,,,C/1B/UTIL
118211-222836,SS,JJ,JJ Wetherholt,Wetherholt,,0,2000,CHC@STL,STL,CHC,,,,,,SS/UTIL
118211-222842,2B,Michael,Michael Arroyo,Arroyo,,0,2000,SEA@MIN,SEA,MIN,,,,,,2B/UTIL
118211-222841,OF,Lazaro,Lazaro Montes,Montes,,0,2000,SEA@MIN,SEA,MIN,,,,,,OF/UTIL
118211-222840,OF,Jonny,Jonny Farmelo,Farmelo,,0,2000,SEA@MIN,SEA,MIN,IL,Ribs,,,,OF/UTIL
118211-222847,OF,Justin,Justin Crawford,Crawford,,0,2000,PHI@HOU,PHI,HOU,,,,,,OF/UTIL
118211-222845,SS,Brice,Brice Matthews,Matthews,,0,2000,PHI@HOU,HOU,PHI,,,,,,SS/UTIL
118211-222851,C,Dominic,Dominic Keegan,Keegan,,0,2000,TB@KC,TB,KC,,,,,,C/1B/UTIL
118211-222850,3B,Brayden,Brayden Taylor,Taylor,,0,2000,TB@KC,TB,KC,,,,,,3B/UTIL
118211-222849,C,Eduardo,Eduardo Tait,Tait,,0,2000,PHI@HOU,PHI,HOU,,,,,,C/1B/UTIL
118211-222848,SS,Aidan,Aidan Miller,Miller,,0,2000,PHI@HOU,PHI,HOU,,,,,,SS/UTIL
118211-165510,OF,Jay,Jay Allen,Allen,,0,2000,NYY@CIN,CIN,NYY,,,,,,OF/UTIL
118211-165511,C,Mat,Mat Nelson,Nelson,,0,2000,NYY@CIN,CIN,NYY,,,,,,C/1B/UTIL
118211-222853,1B,Tre',Tre' Morgan,Morgan,,0,2000,TB@KC,TB,KC,,,,,,C/1B/UTIL
118211-222852,OF,Theo,Theo Gillen,Gillen,,0,2000,TB@KC,TB,KC,,,,,,OF/UTIL
118211-165515,OF,Malvin,Malvin Valdez,Valdez,,0,2000,NYY@CIN,CIN,NYY,,,,,,OF/UTIL
118211-165516,C,Daniel,Daniel Vellojin,Vellojin,,0,2000,TB@KC,TB,KC,,,,,,C/1B/UTIL
118211-165517,OF,Ariel,Ariel Almonte,Almonte,,0,2000,NYY@CIN,CIN,NYY,,,,,,OF/UTIL
118211-165539,SS,Jose,Jose Rodriguez,Rodriguez,0,2,2000,PHI@HOU,PHI,HOU,,,,,,SS/UTIL
118211-163510,SS/2B,Diego A.,Diego A. Castillo,Castillo,7.900000095367432,4,2000,TB@KC,KC,TB,,,,,,2B/SS/UTIL
118211-165558,OF,Tyler,Tyler Whitaker,Whitaker,,0,2000,PHI@HOU,HOU,PHI,,,,,,OF/UTIL
118211-222902,2B,Tyler,Tyler Tolbert,Tolbert,3.7874999046325684,16,2000,TB@KC,KC,TB,,,,,,2B/UTIL
118211-165563,SS,Cristian,Cristian Gonzalez,Gonzalez,,0,2000,PHI@HOU,HOU,PHI,,,,,,SS/UTIL
118211-165567,3B/2B/OF,Shay,Shay Whitcomb,Whitcomb,0,7,2000,PHI@HOU,HOU,PHI,,,,,,2B/3B/OF/UTIL
118211-165565,2B,Peyton,Peyton Wilson,Wilson,,0,2000,TB@KC,KC,TB,,,,,,2B/UTIL
118211-202433,2B/OF,Jamie,Jamie Westbrook,Westbrook,4.490476335797991,21,2000,TB@KC,TB,KC,,,,,,2B/OF/UTIL
118211-165574,SS,Daniel,Daniel Vazquez,Vazquez,,0,2000,TB@KC,KC,TB,,,,,,SS/UTIL
118211-165579,C,Carter,Carter Jensen,Jensen,,0,2000,TB@KC,KC,TB,,,,,,C/1B/UTIL
118211-198359,3B,Deyvison,Deyvison De Los Santos,De Los Santos,0,2,2000,MIA@SF,MIA,SF,,,,,,3B/UTIL
118211-165602,C,Joe,Joe Mack,Mack,,0,2000,MIA@SF,MIA,SF,,,,,,C/1B/UTIL
118211-165603,SS,Yiddi,Yiddi Cappe,Cappe,,0,2000,MIA@SF,MIA,SF,,,,,,SS/UTIL
118211-165601,SS,Jose,Jose Salas,Salas,,0,2000,SEA@MIN,MIN,SEA,,,,,,SS/UTIL
118211-165607,SS,Jordan,Jordan McCants,McCants,,0,2000,MIA@SF,MIA,SF,,,,,,SS/UTIL
118211-165608,2B,Cody,Cody Morissette,Morissette,,0,2000,MIA@SF,MIA,SF,,,,,,2B/UTIL
118211-165626,OF,Emmanuel,Emmanuel Rodriguez,Rodriguez,0,1,2000,SEA@MIN,MIN,SEA,IL,Hip,,,,OF/UTIL
118211-165627,3B,Jaylen,Jaylen Palmer,Palmer,,0,2000,CHC@STL,CHC,STL,,,,,,3B/UTIL
118211-165629,1B,JT,JT Schwartz,Schwartz,,0,2000,ATL@NYM,NYM,ATL,,,,,,C/1B/UTIL
118211-52995,C,Luke,Luke Maile,Maile,11.300000508626303,3,2000,TB@KC,KC,TB,,,,,,C/1B/UTIL
118211-202502,OF,Blake,Blake Dunn,Dunn,4.983333333333333,30,2000,NYY@CIN,CIN,NYY,,,,,,OF/UTIL
118211-202501,OF,Duke,Duke Ellis,Ellis,3.0166667302449546,12,2000,NYY@CIN,NYY,CIN,IL,Undisclosed,,,,OF/UTIL
118211-165646,C,Rickardo,Rickardo Perez,Perez,,0,2000,PHI@HOU,PHI,HOU,,,,,,C/1B/UTIL
118211-165647,OF,Ethan,Ethan Wilson,Wilson,,0,2000,PHI@HOU,PHI,HOU,,,,,,OF/UTIL
118211-206608,SS/2B,Nacho,Nacho Alvarez Jr.,Alvarez Jr.,2.2750000953674316,8,2000,ATL@NYM,ATL,NYM,,,,,,2B/SS/UTIL
118211-165663,SS,Victor,Victor Acosta,Acosta,,0,2000,NYY@CIN,CIN,NYY,,,,,,SS/UTIL
118211-165675,SS,Edwin,Edwin Arroyo,Arroyo,,0,2000,NYY@CIN,CIN,NYY,,,,,,SS/UTIL
118211-165672,C,Harry,Harry Ford,Ford,,0,2000,SEA@MIN,SEA,MIN,,,,,,C/1B/UTIL
118211-165679,3B,Milkar,Milkar Perez,Perez,,0,2000,SEA@MIN,SEA,MIN,,,,,,3B/UTIL
118211-165683,OF,Gabriel,Gabriel Gonzalez,Gonzalez,,0,2000,SEA@MIN,MIN,SEA,,,,,,OF/UTIL
118211-165681,3B,Starlin,Starlin Aguilar,Aguilar,,0,2000,SEA@MIN,SEA,MIN,,,,,,3B/UTIL
118211-165685,SS,Aeverson,Aeverson Arteaga,Arteaga,,0,2000,MIA@SF,SF,MIA,,,,,,SS/UTIL
118211-165690,C,Brett,Brett Auerbach,Auerbach,,0,2000,MIA@SF,SF,MIA,,,,,,C/1B/UTIL
118211-165688,C,Ricardo,Ricardo Genoves,Genoves,,0,2000,TB@KC,TB,KC,,,,,,C/1B/UTIL
118211-165692,OF,Joshua,Joshua Baez,Baez,,0,2000,CHC@STL,STL,CHC,,,,,,OF/UTIL
118211-165702,SS,Carson,Carson Williams,Williams,,0,2000,TB@KC,TB,KC,,,,,,SS/UTIL
118211-165700,SS,Carlos,Carlos Colmenares,Colmenares,,0,2000,TB@KC,TB,KC,,,,,,SS/UTIL
118211-163653,OF,Allan,Allan Cerda,Cerda,,0,2000,SEA@MIN,MIN,SEA,,,,,,OF/UTIL
118211-165704,2B,Cooper,Cooper Kinney,Kinney,,0,2000,TB@KC,TB,KC,,,,,,2B/UTIL
118211-165718,2B/OF,Samad,Samad Taylor,Taylor,1.5499999523162842,4,2000,SEA@MIN,SEA,MIN,,,,,,2B/OF/UTIL
118211-163669,C,Bryan,Bryan Lavastida,Lavastida,,0,2000,PHI@HOU,HOU,PHI,,,,,,C/1B/UTIL
118211-163686,3B/SS,Oswaldo,Oswaldo Cabrera,Cabrera,6.597142682756696,35,2000,NYY@CIN,NYY,CIN,IL,Ankle,,,,3B/SS/UTIL
118211-163694,SS,Eddys,Eddys Leonard,Leonard,0,1,2000,ATL@NYM,ATL,NYM,,,,,,SS/UTIL
118211-102279,3B,Drew,Drew Ellis,Ellis,,0,2000,MIA@SF,SF,MIA,,,,,,3B/UTIL
118211-182167,1B,Matt,Matt Mervis,Mervis,6.523809523809524,42,2000,MIA@SF,MIA,SF,,,,,,C/1B/UTIL
118211-202657,1B,Tyler,Tyler Locklear,Locklear,5.006249904632568,16,2000,SEA@MIN,SEA,MIN,,,,,,C/1B/UTIL
118211-102309,OF,Michael,Michael Siani,Siani,1.6210525914242393,19,2000,CHC@STL,STL,CHC,,,,,,OF/UTIL
118211-102322,2B/3B,Nick,Nick Madrigal,Madrigal,2.823529411764706,51,2000,ATL@NYM,NYM,ATL,IL,Shoulder,,,,2B/3B/UTIL
118211-102337,OF,Seth,Seth Beer,Beer,,0,2000,PHI@HOU,PHI,HOU,,,,,,OF/UTIL
118211-102339,C,Diego,Diego Cartaya,Cartaya,0,2,2000,SEA@MIN,MIN,SEA,,,,,,C/1B/UTIL
118211-171986,3B,Matthew,Matthew Batten,Batten,4.5,2,2000,ATL@NYM,ATL,NYM,,,,,,3B/UTIL
118211-24529,OF,Rafael,Rafael Ortega,Ortega,2.4866666158040363,15,2000,ATL@NYM,NYM,ATL,IL,Undisclosed,,,,OF/UTIL
118211-102352,C,Payton,Payton Henry,Henry,0,1,2000,PHI@HOU,PHI,HOU,,,,,,C/1B/UTIL
118211-102356,OF,Gilberto,Gilberto Celestino,Celestino,,0,2000,ATL@NYM,NYM,ATL,,,,,,OF/UTIL
118211-102359,C,Will,Will Banfield,Banfield,,0,2000,NYY@CIN,CIN,NYY,,,,,,C/1B/UTIL
118211-102358,SS,Jose,Jose Devers,Devers,1.2399999618530273,5,2000,ATL@NYM,ATL,NYM,,,,,,SS/UTIL
118211-102360,OF,Connor,Connor Scott,Scott,,0,2000,TB@KC,KC,TB,IL,Undisclosed,,,,OF/UTIL
118211-102390,OF,Travis,Travis Swaggerty,Swaggerty,,0,2000,ATL@NYM,NYM,ATL,,,,,,OF/UTIL