Id,Position,First Name,Nickname,Last Name,FPPG,Played,Salary,Game,Team,Opponent,Injury Indicator,Injury Details,Tier,Probable Pitcher,Batting Order,Roster Position
118578-52859,P,Jacob,Jacob deGrom,deGrom,35.94444444444444,18,11200,TEX@LAA,TEX,LAA,,,,,,P
118578-135977,P,Garrett,Garrett Crochet,Crochet,42.94736842105263,19,10900,TB@BOS,BOS,TB,,,,,,P
118578-12477,P,Chris,Chris Sale,Sale,39.8,15,10800,ATL@ATH,ATL,ATH,IL,Ribs,,,,P
118578-187194,P,Bryan,Bryan Woo,Woo,37.705882352941174,17,10300,SEA@NYY,SEA,NYY,,,,Yes,,P
118578-117232,P,Michael,Michael King,King,34.3,10,10000,ARI@SD,SD,ARI,IL,Shoulder,,,,P
118578-60633,P,Carlos,Carlos Rodon,Rodon,35.94736842105263,19,10000,SEA@NYY,NYY,SEA,,,,,,P
118578-79951,P,Nick,Nick Pivetta,Pivetta,35.5,18,9900,ARI@SD,SD,ARI,,,,,,P
118578-52185,P,Max,Max Fried,Fried,37.78947368421053,19,9900,SEA@NYY,NYY,SEA,,,,,,P
118578-102408,P,Matthew,Matthew Liberatore,Liberatore,28.705882352941178,17,9800,WSH@STL,STL,WSH,,,,,,P
118578-162445,P,Spencer,Spencer Strider,Strider,32,10,9800,ATL@ATH,ATL,ATH,,,,Yes,,P
118578-52198,P,Lucas,Lucas Giolito,Giolito,30.76923076923077,13,9700,TB@BOS,BOS,TB,,,,,,P
118578-164503,P,Spencer,Spencer Schwellenbach,Schwellenbach,37.411764705882355,17,9600,ATL@ATH,ATL,ATH,IL,Elbow,,,,P
118578-17064,P,Sonny,Sonny Gray,Gray,34.5,18,9600,WSH@STL,STL,WSH,,,,,,P
118578-82604,P,Corbin,Corbin Burnes,Burnes,33.72727272727273,11,9600,ARI@SD,ARI,SD,IL,Elbow,,,,P
118578-82621,P,Clarke,Clarke Schmidt,Schmidt,30,14,9600,SEA@NYY,NYY,SEA,IL,Forearm,,,,P
118578-82635,P,MacKenzie,MacKenzie Gore,Gore,37.1578947368421,19,9600,WSH@STL,WSH,STL,,,,,,P
118578-79162,P,Luis,Luis Castillo,Castillo,29.5,18,9600,SEA@NYY,SEA,NYY,,,,,,P
118578-102396,P,Logan,Logan Gilbert,Gilbert,31.636363636363637,11,9600,SEA@NYY,SEA,NYY,,,,,,P
118578-82630,P,Shane,Shane Baz,Baz,30.72222222222222,18,9500,TB@BOS,TB,BOS,,,,,,P
118578-13233,P,Nathan,Nathan Eovaldi,Eovaldi,35.666666666666664,15,9400,TEX@LAA,TEX,LAA,,,,,,P
118578-11328,P,Martin,Martin Perez,Perez,26.75,4,9400,CLE@CWS,CWS,CLE,IL,Elbow,,,,P
118578-135647,P,Ryan,Ryan Pepiot,Pepiot,32.10526315789474,19,9300,TB@BOS,TB,BOS,,,,,,P
118578-66766,P,Adrian,Adrian Houser,Houser,35.77777777777778,9,9300,CLE@CWS,CWS,CLE,,,,,,P
118578-102407,P,Shane,Shane McClanahan,McClanahan,0,1,9200,TB@BOS,TB,BOS,IL,Triceps,,,,P
118578-82554,P,Shane,Shane Bieber,Bieber,58,5,9200,CLE@CWS,CLE,CWS,IL,Elbow,,,,P
118578-68491,P,Reynaldo,Reynaldo Lopez,Lopez,9,1,9200,ATL@ATH,ATL,ATH,IL,Shoulder,,,,P
118578-79207,P,Grant,Grant Holmes,Holmes,31.526315789473685,19,9200,ATL@ATH,ATL,ATH,,,,,,P
118578-102001,P,Yusei,Yusei Kikuchi,Kikuchi,31.263157894736842,19,9200,TEX@LAA,LAA,TEX,,,,,,P
118578-193326,P,Jacob,Jacob Lopez,Lopez,23.076923076923077,13,9100,ATL@ATH,ATH,ATL,,,,,,P
118578-79109,P,Tyler,Tyler Mahle,Mahle,28.785714285714285,14,9100,TEX@LAA,TEX,LAA,IL,Shoulder,,,,P
118578-16956,P,Gerrit,Gerrit Cole,Cole,32,22,9000,SEA@NYY,NYY,SEA,IL,Elbow,,,,P
118578-79091,P,Dylan,Dylan Cease,Cease,30.05263157894737,19,9000,ARI@SD,SD,ARI,,,,,,P
118578-101881,P,Merrill,Merrill Kelly,Kelly,32.31578947368421,19,9000,ARI@SD,ARI,SD,DTD,Calf,,,,P
118578-119414,P,George,George Kirby,Kirby,29.11111111111111,9,8900,SEA@NYY,SEA,NYY,,,,,,P
118578-79073,P,Michael,Michael Soroka,Soroka,26.666666666666668,12,8900,WSH@STL,WSH,STL,,,,Yes,,P
118578-146663,P,Slade,Slade Cecconi,Cecconi,31,10,8900,CLE@CWS,CLE,CWS,,,,,,P
118578-102345,P,Jose,Jose Soriano,Soriano,28.473684210526315,19,8900,TEX@LAA,LAA,TEX,,,,,,P
118578-83166,P,Zack,Zack Littell,Littell,28.789473684210527,19,8800,TB@BOS,TB,BOS,,,,,,P
118578-118206,P,Luis,Luis Gil,Gil,30.29032258064516,31,8800,SEA@NYY,NYY,SEA,IL,Lat,,,,P
118578-164497,P,Ryne,Ryne Nelson,Nelson,19.63157894736842,20,8700,ARI@SD,ARI,SD,,,,,,P
118578-52142,P,Eduardo,Eduardo Rodriguez,Rodriguez,24.866666666666667,15,8700,ARI@SD,ARI,SD,,,,Yes,,P
118578-16931,P,Yu,Yu Darvish,Darvish,20,1,8600,ARI@SD,SD,ARI,,,,,,P
118578-119361,P,Drew,Drew Rasmussen,Rasmussen,26.11111111111111,18,8600,TB@BOS,TB,BOS,,,,,,P
118578-164509,P,AJ,AJ Smith-Shawver,Smith-Shawver,25.333333333333332,9,8600,ATL@ATH,ATL,ATH,IL,Elbow,,,,P
118578-185490,P,Logan,Logan Allen,Allen,22.294117647058822,17,8600,CLE@CWS,CLE,CWS,,,,Yes,,P
118578-102458,P,Kutter,Kutter Crawford,Crawford,27.96969696969697,33,8500,TB@BOS,BOS,TB,IL,Wrist,,,,P
118578-85251,P,Zac,Zac Gallen,Gallen,28,19,8500,ARI@SD,ARI,SD,,,,,,P
118578-165698,P,Taj,Taj Bradley,Bradley,25.27777777777778,18,8500,TB@BOS,TB,BOS,,,,Yes,,P
118578-179725,P,Luis,Luis Ortiz,Ortiz,29.3125,16,8400,CLE@CWS,CLE,CWS,O,Personal,,,,P
118578-163680,P,Brayan,Brayan Bello,Bello,28,15,8400,TB@BOS,BOS,TB,,,,,,P
118578-198912,P,Will,Will Warren,Warren,26.842105263157894,19,8300,SEA@NYY,NYY,SEA,,,,,,P
118578-211874,P,Kumar,Kumar Rocker,Rocker,18,11,8200,TEX@LAA,TEX,LAA,,,,,,P
118578-185501,P,Tanner,Tanner Bibee,Bibee,26.944444444444443,18,8100,CLE@CWS,CLE,CWS,,,,,,P
118578-165518,P,Gavin,Gavin Williams,Williams,27.22222222222222,18,8100,CLE@CWS,CLE,CWS,,,,,,P
118578-163685,P,JP,JP Sears,Sears,22.88888888888889,18,8100,ATL@ATH,ATH,ATL,,,,Yes,,P
118578-68523,P,Joe,Joe Musgrove,Musgrove,28.45,20,8000,ARI@SD,SD,ARI,IL,Elbow,,,,P
118578-146705,P,J.T.,J.T. Ginn,Ginn,17.444444444444443,9,8000,ATL@ATH,ATH,ATL,,,,,,P
118578-228790,P,Cam,Cam Schlittler,Schlittler,34,1,8000,SEA@NYY,NYY,SEA,,,,,,P
118578-85476,P,Jeffrey,Jeffrey Springs,Springs,25.789473684210527,19,8000,ATL@ATH,ATH,ATL,,,,,,P
118578-102684,P,Jake,Jake Irvin,Irvin,24.42105263157895,19,7900,WSH@STL,WSH,STL,,,,,,P
118578-219724,P,Ryan,Ryan Bergert,Bergert,14.666666666666666,9,7900,ARI@SD,SD,ARI,IL,Forearm,,,,P
118578-38246,P,Tyler,Tyler Anderson,Anderson,23.77777777777778,18,7900,TEX@LAA,LAA,TEX,,,,,,P
118578-185701,P,Brandon,Brandon Pfaadt,Pfaadt,25.77777777777778,19,7900,ARI@SD,ARI,SD,,,,,,P
118578-211765,P,Richard,Richard Fitts,Fitts,18.875,8,7800,TB@BOS,BOS,TB,,,,,,P
118578-168950,P,Andre,Andre Pallante,Pallante,22.27777777777778,18,7800,WSH@STL,STL,WSH,,,,,,P
118578-13664,P,Patrick,Patrick Corbin,Corbin,24.75,16,7800,TEX@LAA,TEX,LAA,,,,Yes,,P
118578-185896,P,Cody,Cody Bradford,Bradford,29.785714285714285,14,7800,TEX@LAA,TEX,LAA,IL,Elbow,,,,P
118578-165706,P,Jack,Jack Leiter,Leiter,22.8,16,7800,TEX@LAA,TEX,LAA,,,,,,P
118578-68485,P,Ryan,Ryan Yarbrough,Yarbrough,16.6875,16,7700,SEA@NYY,NYY,SEA,IL,Oblique,,,,P
118578-165543,P,Sean,Sean Burke,Burke,22.77777777777778,18,7700,CLE@CWS,CWS,CLE,,,,,,P
118578-165689,P,Bryce,Bryce Miller,Miller,18.2,10,7700,SEA@NYY,SEA,NYY,IL,Elbow,,,,P
118578-82638,P,Jordan,Jordan Hicks,Hicks,12,16,7600,TB@BOS,BOS,TB,,,,,,P
118578-226322,P,Logan,Logan Evans,Evans,22.666666666666668,9,7600,SEA@NYY,SEA,NYY,,,,,,P
118578-79168,P,Walker,Walker Buehler,Buehler,20.066666666666666,15,7600,TB@BOS,BOS,TB,,,,Yes,,P
118578-198362,P,Stephen,Stephen Kolek,Kolek,23.75,12,7600,ARI@SD,SD,ARI,,,,,,P
118578-165715,P,Gunnar,Gunnar Hoglund,Hoglund,17.833333333333332,6,7600,ATL@ATH,ATH,ATL,IL,Hip,,,,P
118578-135229,P,Reid,Reid Detmers,Detmers,6.527777777777778,38,7500,TEX@LAA,LAA,TEX,,,,,,P
118578-170315,P,Davis,Davis Martin,Martin,23.928571428571427,14,7500,CLE@CWS,CWS,CLE,IL,Forearm,,,,P
118578-164532,P,DJ,DJ Herz,Herz,25.94736842105263,19,7500,WSH@STL,WSH,STL,IL,Elbow,,,,P
118578-97300,P,John,John Means,Means,28,5,7500,CLE@CWS,CLE,CWS,IL,Elbow,,,,P
118578-79118,P,Triston,Triston McKenzie,McKenzie,2,4,7500,CLE@CWS,CLE,CWS,DTD,Illness,,,,P
118578-79123,P,Tyler,Tyler Alexander,Alexander,8.206896551724139,29,7500,CLE@CWS,CWS,CLE,,,,,,P
118578-118202,P,Kyle,Kyle Hart,Hart,15.714285714285714,7,7500,ARI@SD,SD,ARI,,,,,,P
118578-60644,P,Luis,Luis Severino,Severino,20.68421052631579,19,7400,ATL@ATH,ATH,ATL,,,,,,P
118578-60646,P,Ben,Ben Lively,Lively,20.555555555555557,9,7400,CLE@CWS,CLE,CWS,IL,Elbow,,,,P
118578-187769,P,Osvaldo,Osvaldo Bido,Bido,13.333333333333334,12,7400,ATL@ATH,ATH,ATL,,,,,,P
118578-220840,P,Shane,Shane Smith,Smith,23.294117647058822,17,7400,CLE@CWS,CWS,CLE,,,,,,P
118578-165731,P,Mitchell,Mitchell Parker,Parker,22,18,7400,WSH@STL,WSH,STL,,,,,,P
118578-200581,P,Jonathan,Jonathan Cannon,Cannon,21.571428571428573,14,7400,CLE@CWS,CWS,CLE,,,,Yes,,P
118578-219668,P,Hunter,Hunter Dobbins,Dobbins,21.833333333333332,12,7300,TB@BOS,BOS,TB,IL,Elbow,,,,P
118578-17121,P,Miles,Miles Mikolas,Mikolas,19.58823529411765,17,7300,WSH@STL,STL,WSH,,,,Yes,,P
118578-146664,P,Bryce,Bryce Elder,Elder,22.533333333333335,15,7300,ATL@ATH,ATL,ATH,,,,,,P
118578-39041,P,Marcus,Marcus Stroman,Stroman,10.4,5,7200,SEA@NYY,NYY,SEA,,,,Yes,,P
118578-135268,P,Emerson,Emerson Hancock,Hancock,19.2,15,7100,SEA@NYY,SEA,NYY,,,,,,P
118578-53398,P,Kyle,Kyle Hendricks,Hendricks,21.166666666666668,18,7100,TEX@LAA,LAA,TEX,,,,,,P
118578-119355,P,Jack,Jack Kochanowicz,Kochanowicz,18.27777777777778,18,7100,TEX@LAA,LAA,TEX,,,,Yes,,P
118578-82557,P,Aaron,Aaron Civale,Civale,16.5,10,7100,CLE@CWS,CWS,CLE,,,,,,P
118578-68564,P,Erick,Erick Fedde,Fedde,19.166666666666668,18,7100,WSH@STL,STL,WSH,,,,,,P
118578-160939,P,Jacob,Jacob Latz,Latz,11.842105263157896,20,7100,TEX@LAA,TEX,LAA,,,,,,P
118578-135221,P,Cade,Cade Cavalli,Cavalli,0,1,7000,WSH@STL,WSH,STL,,,,,,P
118578-6266,P,Carlos,Carlos Carrasco,Carrasco,15,8,7000,SEA@NYY,NYY,SEA,,,,,,P
118578-52155,P,Jon,Jon Gray,Gray,20.47826086956522,24,7000,TEX@LAA,TEX,LAA,IL,Forearm,,,,P
118578-146733,P,Kyle,Kyle Harrison,Harrison,14.5,8,7000,TB@BOS,BOS,TB,,,,,,P
118578-165638,P,Randy,Randy Vasquez,Vasquez,19.22222222222222,18,7000,ARI@SD,SD,ARI,,,,Yes,,P
118578-79853,P,Jordan,Jordan Montgomery,Montgomery,17.16,25,7000,ARI@SD,ARI,SD,IL,Elbow,,,,P
118578-211069,P,Sam,Sam Aldegheri,Aldegheri,5,2,6900,TEX@LAA,LAA,TEX,,,,,,P
118578-53607,P,Anthony,Anthony DeSclafani,DeSclafani,11.6,5,6900,ARI@SD,ARI,SD,,,,,,P
118578-198353,P,Mitch,Mitch Spence,Spence,10.620689655172415,29,6900,ATL@ATH,ATH,ATL,,,,,,P
118578-188485,P,Matt,Matt Waldron,Waldron,11,1,6800,ARI@SD,SD,ARI,,,,,,P
118578-102498,P,Patrick,Patrick Sandoval,Sandoval,23.4375,16,6800,TB@BOS,BOS,TB,IL,Elbow,,,,P
118578-82540,P,Tanner,Tanner Houck,Houck,13.555555555555555,9,6800,TB@BOS,BOS,TB,IL,Elbow,,,,P
118578-60637,P,Sean,Sean Newcomb,Newcomb,12.458333333333334,24,6800,ATL@ATH,ATH,ATL,,,,,,P
118578-79078,P,Ian,Ian Anderson,Anderson,2.2857142857142856,7,6800,ATL@ATH,ATL,ATH,,,,,,P
118578-185845,P,Allan,Allan Winans,Winans,5,2,6800,SEA@NYY,NYY,SEA,,,,,,P
118578-222885,P,Brad,Brad Lord,Lord,9,33,6800,WSH@STL,WSH,STL,,,,,,P
118578-228058,P,Didier,Didier Fuentes,Fuentes,3.75,4,6700,ATL@ATH,ATL,ATH,,,,,,P
118578-165694,P,Michael,Michael McGreevy,McGreevy,22,4,6700,WSH@STL,STL,WSH,,,,,,P
118578-198872,P,Hurston,Hurston Waldrep,Waldrep,-4.5,2,6600,ATL@ATH,ATL,ATH,,,,,,P
118578-119302,P,Blake,Blake Walston,Walston,12.571428571428571,7,6600,ARI@SD,ARI,SD,IL,Elbow,,,,P
118578-68483,P,Trevor,Trevor Williams,Williams,17.294117647058822,17,6600,WSH@STL,WSH,STL,IL,Elbow,,,,P
118578-102574,P,Jake,Jake Woodford,Woodford,1.5,2,6500,ARI@SD,ARI,SD,,,,,,P
118578-198891,P,Caden,Caden Dana,Dana,10.5,2,6500,TEX@LAA,LAA,TEX,,,,,,P
118578-198917,P,Drew,Drew Thorpe,Thorpe,18.333333333333332,9,6500,CLE@CWS,CWS,CLE,IL,Elbow,,,,P
118578-119411,P,Joey,Joey Cantillo,Cantillo,9.217391304347826,23,6500,CLE@CWS,CLE,CWS,,,,,,P
118578-12936,P,Kyle,Kyle Gibson,Gibson,-0.5,4,6500,TB@BOS,TB,BOS,,,,,,P
118578-52172,P,Noah,Noah Syndergaard,Syndergaard,,0,6500,CLE@CWS,CWS,CLE,,,,,,P
118578-52174,P,Steven,Steven Matz,Matz,9.576923076923077,26,6500,WSH@STL,STL,WSH,,,,,,P
118578-60627,P,Touki,Touki Toussaint,Toussaint,9,1,6500,TEX@LAA,LAA,TEX,,,,,,P
118578-79103,P,Dane,Dane Dunning,Dunning,12,4,6500,TEX@LAA,TEX,LAA,,,,,,P
118578-165634,P,Ken,Ken Waldichuk,Waldichuk,0,1,6500,ATL@ATH,ATH,ATL,IL,Elbow,,,,P
118578-190370,P,Jackson,Jackson Wolf,Wolf,0,1,6500,ARI@SD,SD,ARI,,,,,,P
118578-102456,P,Jhonathan,Jhonathan Diaz,Diaz,7,1,6400,SEA@NYY,SEA,NYY,,,,,,P
118578-170174,P,Chase,Chase Silseth,Silseth,21,4,6400,TEX@LAA,LAA,TEX,IL,Undisclosed,,,,P
118578-194939,P,Joe,Joe Boyle,Boyle,39,2,6400,TB@BOS,TB,BOS,,,,,,P
118578-164504,P,Joey,Joey Estes,Estes,0,2,6400,ATL@ATH,ATH,ATL,,,,,,P
118578-170891,P,Davis,Davis Daniel,Daniel,6,1,6400,ATL@ATH,ATL,ATH,,,,,,P
118578-79147,P,Jakob,Jakob Junis,Junis,4.75,36,6400,CLE@CWS,CLE,CWS,,,,,,P
118578-181794,P,Hogan,Hogan Harris,Harris,6.857142857142857,28,6400,ATL@ATH,ATH,ATL,,,,,,P
118578-52998,P,Aaron,Aaron Brooks,Brooks,15.8,5,6400,ATL@ATH,ATH,ATL,,,,,,P
118578-135245,P,Tommy,Tommy Henry,Henry,17.5,2,6300,ARI@SD,ARI,SD,IL,Elbow,,,,P
118578-79254,P,Dakota,Dakota Hudson,Hudson,14.38888888888889,18,6300,TEX@LAA,LAA,TEX,,,,,,P
118578-161256,P,Cooper,Cooper Criswell,Criswell,6.333333333333333,6,6300,TB@BOS,BOS,TB,,,,,,P
118578-73835,P,Ty,Ty Blach,Blach,9.15,20,6200,TEX@LAA,TEX,LAA,,,,,,P
118578-82534,P,Bryse,Bryse Wilson,Wilson,5.894736842105263,19,6200,CLE@CWS,CWS,CLE,,,,,,P
118578-119447,P,Joan,Joan Adon,Adon,3.25,8,6200,WSH@STL,WSH,STL,,,,,,P
118578-70559,P,Mike,Mike Clevinger,Clevinger,1.375,8,6200,CLE@CWS,CWS,CLE,,,,,,P
118578-181660,P,Jhony,Jhony Brito,Brito,6.3076923076923075,26,6200,ARI@SD,SD,ARI,IL,Forearm,,,,P
118578-181833,P,Darius,Darius Vines,Vines,7.25,4,6200,ATL@ATH,ATL,ATH,IL,Undisclosed,,,,P
118578-204512,P,Yilber,Yilber Diaz,Diaz,3,1,6200,ARI@SD,ARI,SD,,,,,,P
118578-102394,P,Luis,Luis Patino,Patino,0,1,6200,ARI@SD,SD,ARI,,,,,,P
118578-104584,P,Zach,Zach Plesac,Plesac,9.333333333333334,3,6100,WSH@STL,STL,WSH,,,,,,P
118578-195785,P,Caleb,Caleb Boushley,Boushley,8.466666666666667,15,6100,TEX@LAA,TEX,LAA,,,,,,P
118578-102502,P,Josiah,Josiah Gray,Gray,6.5,3,6000,WSH@STL,WSH,STL,IL,Elbow,,,,P
118578-163681,P,Josh,Josh Winckowski,Winckowski,7.833333333333333,6,6000,TB@BOS,BOS,TB,IL,Elbow,,,,P
118578-102420,P,Owen,Owen White,White,14.5,2,5900,CLE@CWS,CWS,CLE,,,,,,P
118578-135231,P,Jared,Jared Shuster,Shuster,3.4166666666666665,12,5900,CLE@CWS,CWS,CLE,IL,Finger,,,,P
118578-178306,P,Bryan,Bryan Hoeing,Hoeing,5.8,5,5900,ARI@SD,SD,ARI,,,,,,P
118578-119449,P,Jackson,Jackson Rutledge,Rutledge,4.633333333333334,30,5900,WSH@STL,WSH,STL,,,,,,P
118578-68505,P,Carson,Carson Fulmer,Fulmer,10.567567567567568,37,5900,TEX@LAA,LAA,TEX,,,,,,P
118578-197907,P,Brady,Brady Basso,Basso,14.857142857142858,7,5900,ATL@ATH,ATH,ATL,IL,Shoulder,,,,P
118578-181832,P,Roddery,Roddery Munoz,Munoz,3.8333333333333335,6,5900,WSH@STL,STL,WSH,,,,,,P
118578-181845,P,Drew,Drew Rom,Rom,0,2,5900,WSH@STL,STL,WSH,IL,Undisclosed,,,,P
118578-165578,P,Ky,Ky Bush,Bush,14.25,4,5900,CLE@CWS,CWS,CLE,IL,Elbow,,,,P
118578-102487,P,Austin,Austin Cox,Cox,9.6,5,5700,ATL@ATH,ATL,ATH,,,,,,P
118578-198905,P,Mike,Mike Vasil,Vasil,11.25,24,5700,CLE@CWS,CWS,CLE,,,,,,P
118578-119423,P,Zack,Zack Thompson,Thompson,11.4,7,5700,WSH@STL,STL,WSH,IL,Lat,,,,P
118578-82573,P,Alex,Alex Faedo,Faedo,8.054054054054054,37,5700,TB@BOS,TB,BOS,IL,Shoulder,,,,P
118578-164511,P,Dylan,Dylan Dodd,Dodd,4.363636363636363,11,5700,ATL@ATH,ATL,ATH,,,,,,P
118578-213867,P,Blas,Blas Castano,Castano,3,1,5700,SEA@NYY,SEA,NYY,,,,,,P
118578-79126,P,Forrest,Forrest Whitley,Whitley,2,10,5700,TB@BOS,TB,BOS,,,,,,P
118578-101838,P,JT,JT Brubaker,Brubaker,1.2,5,5700,SEA@NYY,NYY,SEA,,,,,,P
118578-161275,P,Kyle,Kyle Tyler,Tyler,14.125,8,5700,CLE@CWS,CWS,CLE,,,,,,P
118578-165600,P,Jake,Jake Eder,Eder,4.4,5,5700,TEX@LAA,LAA,TEX,,,,,,P
118578-82539,P,Jalen,Jalen Beeks,Beeks,4.571428571428571,42,5600,ARI@SD,ARI,SD,,,,,,P
118578-79873,P,Dylan,Dylan Covey,Covey,0,2,5500,ATL@ATH,ATL,ATH,O,Undisclosed,,,,P
118578-178184,P,Kevin,Kevin Herget,Herget,4.5,2,5500,ATL@ATH,ATL,ATH,,,,,,P
118578-102419,P,Cole,Cole Winn,Winn,5.769230769230769,13,5500,TEX@LAA,TEX,LAA,,,,,,P
118578-135191,P,Josh,Josh Fleming,Fleming,4.541666666666667,25,5500,SEA@NYY,SEA,NYY,,,,,,P
118578-135192,P,Ryan,Ryan Thompson,Thompson,4.194444444444445,36,5500,ARI@SD,ARI,SD,IL,Shoulder,,,,P
118578-155687,P,Andrew,Andrew Wantz,Wantz,10,1,5500,TB@BOS,TB,BOS,IL,Elbow,,,,P
118578-102455,P,Cory,Cory Abbott,Abbott,0,1,5500,TEX@LAA,TEX,LAA,,,,,,P
118578-190516,P,Daysbel,Daysbel Hernandez,Hernandez,5.892857142857143,28,5500,ATL@ATH,ATL,ATH,,,,,,P
118578-135226,P,Wes,Wes Benjamin,Benjamin,,0,5500,ARI@SD,SD,ARI,,,,,,P
118578-172092,P,Garrett,Garrett Hill,Hill,0,1,5500,SEA@NYY,SEA,NYY,,,,,,P
118578-200764,P,Cam,Cam Booser,Booser,3.966666666666667,30,5500,CLE@CWS,CWS,CLE,IL,Shoulder,,,,P
118578-79936,P,Mark,Mark Leiter Jr.,Leiter Jr.,5.146341463414634,41,5500,SEA@NYY,NYY,SEA,IL,Leg,,,,P
118578-104512,P,Geoff,Geoff Hartlieb,Hartlieb,-1,2,5500,SEA@NYY,NYY,SEA,,,,,,P
118578-102469,P,Ben,Ben Bowden,Bowden,,0,5500,ATL@ATH,ATH,ATL,,,,,,P
118578-102479,P,Lincoln,Lincoln Henzman,Henzman,,0,5500,ATL@ATH,ATH,ATL,,,,,,P
118578-149587,P,Jay,Jay Flaa,Flaa,,0,5500,ATL@ATH,ATL,ATH,,,,,,P
118578-135249,P,Bryce,Bryce Jarvis,Jarvis,7.625,8,5500,ARI@SD,ARI,SD,,,,,,P
118578-135256,P,Connor,Connor Brogdon,Brogdon,4.545454545454546,23,5500,TEX@LAA,LAA,TEX,,,,,,P
118578-73828,P,Dan,Dan Altavilla,Altavilla,4.5625,16,5500,CLE@CWS,CWS,CLE,,,,,,P
118578-102500,P,Robert,Robert Dugger,Dugger,,0,5500,TEX@LAA,TEX,LAA,,,,,,P
118578-102505,P,Edwin,Edwin Uceta,Uceta,5.475,40,5500,TB@BOS,TB,BOS,,,,,,P
118578-135279,P,Codi,Codi Heuer,Heuer,4,1,5500,TEX@LAA,TEX,LAA,,,,,,P
118578-116847,P,Cole,Cole Sulser,Sulser,6,13,5500,TB@BOS,TB,BOS,,,,,,P
118578-161907,P,Dylan,Dylan Lee,Lee,5.428571428571429,42,5500,ATL@ATH,ATL,ATH,,,,,,P
118578-135289,P,Kodi,Kodi Whitley,Whitley,,0,5500,TB@BOS,TB,BOS,IL,Undisclosed,,,,P
118578-209026,P,Parker,Parker Dunshee,Dunshee,1,1,5500,WSH@STL,WSH,STL,,,,,,P
118578-116868,P,Gabe,Gabe Speier,Speier,6.076923076923077,39,5500,SEA@NYY,SEA,NYY,,,,,,P
118578-135306,P,Cole,Cole Wilcox,Wilcox,,0,5500,TB@BOS,TB,BOS,,,,,,P
118578-135304,P,Tyler,Tyler Baum,Baum,,0,5500,ATL@ATH,ATH,ATL,,,,,,P
118578-73866,P,Wandy,Wandy Peralta,Peralta,5.125,40,5500,ARI@SD,SD,ARI,,,,,,P
118578-102543,P,Connor,Connor Seabold,Seabold,10.666666666666666,3,5500,TB@BOS,TB,BOS,,,,,,P
118578-102542,P,Travis,Travis MacGregor,MacGregor,,0,5500,TEX@LAA,TEX,LAA,,,,,,P
118578-135312,P,Kyle,Kyle Nelson,Nelson,3.727272727272727,11,5500,ARI@SD,ARI,SD,,,,,,P
118578-102549,P,Andres,Andres Munoz,Munoz,6.942857142857143,35,5500,SEA@NYY,SEA,NYY,,,,,,P
118578-102558,P,Gregory,Gregory Santos,Santos,1.875,8,5500,SEA@NYY,SEA,NYY,IL,Knee,,,,P
118578-184482,P,Hobie,Hobie Harris,Harris,,0,5500,TB@BOS,BOS,TB,,,,,,P
118578-12452,P,Kenley,Kenley Jansen,Jansen,5.114285714285714,37,5500,TEX@LAA,LAA,TEX,,,,,,P
118578-102565,P,Mason,Mason Englert,Englert,7.6923076923076925,14,5500,TB@BOS,TB,BOS,,,,,,P
118578-135339,P,Clayton,Clayton Beeter,Beeter,-4,1,5500,SEA@NYY,NYY,SEA,,,,,,P
118578-102570,P,Sandy,Sandy Gaston,Gaston,,0,5500,TEX@LAA,LAA,TEX,,,,,,P
118578-145591,P,Eduard,Eduard Bazardo,Bazardo,6.025,40,5500,SEA@NYY,SEA,NYY,,,,,,P
118578-145593,P,Carlos,Carlos Vargas,Vargas,4.690476190476191,42,5500,SEA@NYY,SEA,NYY,,,,,,P
118578-135358,P,Dylan,Dylan File,File,,0,5500,SEA@NYY,SEA,NYY,,,,,,P
118578-102590,P,Joey,Joey Gerber,Gerber,,0,5500,TB@BOS,TB,BOS,,,,,,P
118578-102593,P,Gerardo,Gerardo Carrillo,Carrillo,,0,5500,TEX@LAA,TEX,LAA,,,,,,P
118578-198874,P,Noah,Noah Schultz,Schultz,,0,5500,CLE@CWS,CWS,CLE,,,,,,P
118578-145630,P,Kervin,Kervin Castro,Castro,,0,5500,SEA@NYY,NYY,SEA,,,,,,P
118578-145629,P,Mason,Mason Thompson,Thompson,5.5,2,5500,WSH@STL,WSH,STL,,,,,,P
118578-209116,P,Troy,Troy Taylor,Taylor,-0.14285714285714285,8,5500,SEA@NYY,SEA,NYY,,,,,,P
118578-178411,P,Michael,Michael Plassmeyer,Plassmeyer,0,1,5500,TEX@LAA,TEX,LAA,,,,,,P
118578-198901,P,Chase,Chase Hampton,Hampton,,0,5500,SEA@NYY,NYY,SEA,IL,Elbow,,,,P
118578-198915,P,Luis,Luis Morales,Morales,,0,5500,ATL@ATH,ATH,ATL,,,,,,P
118578-198920,P,Dylan,Dylan Lesko,Lesko,,0,5500,TB@BOS,TB,BOS,,,,,,P
118578-225559,P,Juan,Juan Morillo,Morillo,4.172413793103448,29,5500,ARI@SD,ARI,SD,,,,,,P
118578-65817,P,Scott,Scott McGough,McGough,3.5,7,5500,ATL@ATH,ATH,ATL,,,,,,P
118578-198936,P,Tekoah,Tekoah Roby,Roby,,0,5500,WSH@STL,STL,WSH,,,,,,P
118578-203075,P,Michael,Michael Petersen,Petersen,6.5,4,5500,ATL@ATH,ATL,ATH,,,,,,P
118578-203080,P,Brandon,Brandon Eisert,Eisert,4.871794871794871,39,5500,CLE@CWS,CWS,CLE,,,,,,P
118578-209224,P,Orlando,Orlando Ribalta,Ribalta,6.5,4,5500,WSH@STL,WSH,STL,IL,Biceps,,,,P
118578-135525,P,Adam,Adam Seminaris,Seminaris,,0,5500,SEA@NYY,SEA,NYY,,,,,,P
118578-153961,P,Tayler,Tayler Saucedo,Saucedo,2,4,5500,SEA@NYY,SEA,NYY,,,,,,P
118578-225665,P,Sauryn,Sauryn Lao,Lao,14,1,5500,SEA@NYY,SEA,NYY,,,,,,P
118578-170384,P,Yerry,Yerry de los Santos,de los Santos,6.214285714285714,14,5500,SEA@NYY,NYY,SEA,IL,Elbow,,,,P
118578-61858,P,Raisel,Raisel Iglesias,Iglesias,5.222222222222222,36,5500,ATL@ATH,ATL,ATH,,,,,,P
118578-158131,P,Tyler,Tyler Gilbert,Gilbert,6.571428571428571,21,5500,CLE@CWS,CWS,CLE,,,,,,P
118578-219568,P,Rolddy,Rolddy Munoz,Munoz,,0,5500,ATL@ATH,ATL,ATH,,,,,,P
118578-219586,P,Ian,Ian Seymour,Seymour,18,1,5500,TB@BOS,TB,BOS,,,,,,P
118578-184829,P,McKinley,McKinley Moore,Moore,0,3,5500,SEA@NYY,NYY,SEA,,,,,,P
118578-119299,P,Drey,Drey Jameson,Jameson,2,3,5500,ARI@SD,ARI,SD,IL,Elbow,,,,P
118578-119298,P,Luis,Luis Frias,Frias,1.8181818181818181,11,5500,CLE@CWS,CLE,CWS,,,,,,P
118578-219654,P,Juan,Juan Carela,Carela,,0,5500,CLE@CWS,CWS,CLE,O,Elbow,,,,P
118578-219658,P,Jack,Jack Dashwood,Dashwood,,0,5500,TEX@LAA,LAA,TEX,,,,,,P
118578-119310,P,Noah,Noah Song,Song,,0,5500,TB@BOS,BOS,TB,,,,,,P
118578-170514,P,Jose,Jose Cuas,Cuas,4.833333333333333,13,5500,ATL@ATH,ATL,ATH,,,,,,P
118578-170512,P,Peter,Peter Strzelecki,Strzelecki,5.3,10,5500,TB@BOS,TB,BOS,,,,,,P
118578-219665,P,Matt,Matt Svanson,Svanson,7,16,5500,WSH@STL,STL,WSH,,,,,,P
118578-119328,P,Packy,Packy Naughton,Naughton,0,2,5500,WSH@STL,STL,WSH,IL,Elbow,,,,P
118578-119331,P,Daniel,Daniel Espino,Espino,0,3,5500,CLE@CWS,CLE,CWS,IL,Shoulder,,,,P
118578-219694,P,Winston,Winston Santos,Santos,,0,5500,TEX@LAA,TEX,LAA,IL,Back,,,,P
118578-219693,P,Emiliano,Emiliano Teodo,Teodo,,0,5500,TEX@LAA,TEX,LAA,,,,,,P
118578-219701,P,Franco,Franco Aleman,Aleman,,0,5500,CLE@CWS,CLE,CWS,,,,,,P
118578-219723,P,Omar,Omar Cruz,Cruz,10,2,5500,ARI@SD,SD,ARI,,,,,,P
118578-80460,P,John,John Brebbia,Brebbia,3.8947368421052633,19,5500,ATL@ATH,ATL,ATH,,,,,,P
118578-207438,P,Fraser,Fraser Ellard,Ellard,5,7,5500,CLE@CWS,CWS,CLE,,,,,,P
118578-219726,P,Joe,Joe Elbis,Elbis,,0,5500,ARI@SD,ARI,SD,O,Undisclosed,,,,P
118578-219725,P,Henry,Henry Baez,Baez,,0,5500,ARI@SD,SD,ARI,,,,,,P
118578-225880,P,Nathan,Nathan Wiles,Wiles,-3,1,5500,ATL@ATH,ATL,ATH,,,,,,P
118578-16989,P,Wilking,Wilking Rodriguez,Rodriguez,,0,5500,SEA@NYY,NYY,SEA,,,,,,P
118578-80476,P,Jackson,Jackson Stephens,Stephens,4.333333333333333,3,5500,ATL@ATH,ATL,ATH,,,,,,P
118578-119388,P,Junior,Junior Santos,Santos,,0,5500,WSH@STL,WSH,STL,,,,,,P
118578-186986,P,Eduardo,Eduardo Salazar,Salazar,2.5,30,5500,WSH@STL,WSH,STL,,,,,,P
118578-82541,P,Bryan,Bryan Mata,Mata,0,2,5500,TB@BOS,BOS,TB,,,,,,P
118578-184943,P,Jesse,Jesse Scholtens,Scholtens,,0,5500,CLE@CWS,CWS,CLE,IL,Elbow,,,,P
118578-162419,P,Matt,Matt Brash,Brash,5.476190476190476,21,5500,SEA@NYY,SEA,NYY,,,,,,P
118578-156272,P,Reiss,Reiss Knehr,Knehr,0,1,5500,ARI@SD,SD,ARI,,,,,,P
118578-180848,P,Angel,Angel Felipe,Felipe,0,2,5500,TEX@LAA,LAA,TEX,,,,,,P
118578-119413,P,Isaiah,Isaiah Campbell,Campbell,0,1,5500,TB@BOS,BOS,TB,,,,,,P
118578-62087,P,Miguel,Miguel Castro,Castro,2.5,6,5500,CLE@CWS,CWS,CLE,IL,Knee,,,,P
118578-119433,P,JJ,JJ Goss,Goss,,0,5500,TB@BOS,TB,BOS,,,,,,P
118578-119435,P,Riley,Riley O'Brien,O'Brien,6.133333333333334,15,5500,WSH@STL,STL,WSH,,,,,,P
118578-12939,P,Casey,Casey Kelly,Kelly,9.5,2,5500,ARI@SD,ARI,SD,,,,,,P
118578-12943,P,Shelby,Shelby Miller,Miller,6.027027027027027,37,5500,ARI@SD,ARI,SD,IL,Forearm,,,,P
118578-119446,P,Andry,Andry Lara,Lara,21,1,5500,WSH@STL,WSH,STL,,,,,,P
118578-119451,P,Matt,Matt Cronin,Cronin,,0,5500,SEA@NYY,SEA,NYY,IL,Undisclosed,,,,P
118578-82591,P,Chris,Chris Rodriguez,Rodriguez,,0,5500,CLE@CWS,CWS,CLE,IL,Undisclosed,,,,P
118578-203420,P,Austin,Austin Kitchen,Kitchen,0,4,5500,SEA@NYY,SEA,NYY,,,,,,P
118578-164517,P,Chris,Chris Murphy,Murphy,10.666666666666666,3,5500,TB@BOS,BOS,TB,,,,,,P
118578-164522,P,Wikelman,Wikelman Gonzalez,Gonzalez,10.5,2,5500,CLE@CWS,CWS,CLE,,,,,,P
118578-84651,P,Austin,Austin Davis,Davis,2.5714285714285716,7,5500,ARI@SD,SD,ARI,,,,,,P
118578-211632,P,Mason,Mason Montgomery,Montgomery,4.333333333333333,40,5500,TB@BOS,TB,BOS,,,,,,P
118578-80571,P,Phil,Phil Maton,Maton,6.257142857142857,35,5500,WSH@STL,STL,WSH,,,,,,P
118578-82627,P,JoJo,JoJo Romero,Romero,4.294117647058823,34,5500,WSH@STL,STL,WSH,,,,,,P
118578-119494,P,Andrew,Andrew Dalquist,Dalquist,,0,5500,CLE@CWS,CWS,CLE,,,,,,P
118578-82639,P,Ryan,Ryan Helsley,Helsley,5.903225806451613,31,5500,WSH@STL,STL,WSH,,,,,,P
118578-228057,P,Jayvien,Jayvien Sandridge,Sandridge,2,1,5500,SEA@NYY,NYY,SEA,,,,,,P
118578-187110,P,Ben,Ben Joyce,Joyce,2.6,5,5500,TEX@LAA,LAA,TEX,IL,Shoulder,,,,P
118578-53990,P,Shawn,Shawn Armstrong,Armstrong,5.756756756756757,38,5500,TEX@LAA,TEX,LAA,,,,,,P
118578-228072,P,Jake,Jake Palisch,Palisch,-3,1,5500,CLE@CWS,CWS,CLE,,,,,,P
118578-228077,P,Jack,Jack Perkins,Perkins,17.333333333333332,3,5500,ATL@ATH,ATH,ATL,,,,,,P
118578-228076,P,Paul,Paul Gervase,Gervase,5.6,5,5500,TB@BOS,TB,BOS,,,,,,P
118578-201456,P,Chris,Chris Roycroft,Roycroft,3,14,5500,WSH@STL,STL,WSH,,,,,,P
118578-84732,P,Robert,Robert Stock,Stock,1,2,5500,TB@BOS,BOS,TB,,,,,,P
118578-13055,P,Anthony,Anthony Gose,Gose,3.3333333333333335,3,5500,ARI@SD,ARI,SD,,,,,,P
118578-211737,P,Luis,Luis Guerrero,Guerrero,4.461538461538462,13,5500,TB@BOS,BOS,TB,IL,Elbow,,,,P
118578-201506,P,Tyler,Tyler Ferguson,Ferguson,3.8333333333333335,36,5500,ATL@ATH,ATH,ATL,,,,,,P
118578-199460,P,Jordan,Jordan Leasure,Leasure,5.257142857142857,36,5500,CLE@CWS,CWS,CLE,,,,,,P
118578-178997,P,Greg,Greg Weissert,Weissert,4.25,44,5500,TB@BOS,BOS,TB,,,,,,P
118578-13118,P,Justin,Justin Wilson,Wilson,4.970588235294118,35,5500,TB@BOS,BOS,TB,,,,,,P
118578-84815,P,Joey,Joey Krehbiel,Krehbiel,,0,5500,TB@BOS,TB,BOS,,,,,,P
118578-70482,P,J.B.,J.B. Wendelken,Wendelken,,0,5500,ARI@SD,SD,ARI,,,,,,P
118578-213851,P,Domingo,Domingo Gonzalez,Gonzalez,,0,5500,ATL@ATH,ATL,ATH,,,,,,P
118578-228189,P,Juan,Juan Burgos,Burgos,10,2,5500,SEA@NYY,SEA,NYY,,,,,,P
118578-183133,P,Curtis,Curtis Taylor,Taylor,,0,5500,WSH@STL,STL,WSH,,,,,,P
118578-11108,P,Aroldis,Aroldis Chapman,Chapman,6.923076923076923,39,5500,TB@BOS,BOS,TB,,,,,,P
118578-189299,P,Victor,Victor Mederos,Mederos,9,2,5500,TEX@LAA,LAA,TEX,,,,,,P
118578-15225,P,Liam,Liam Hendriks,Hendriks,3.357142857142857,14,5500,TB@BOS,BOS,TB,IL,Hip,,,,P
118578-80801,P,Hoby,Hoby Milner,Milner,5.6,42,5500,TEX@LAA,TEX,LAA,,,,,,P
118578-179118,P,Zack,Zack Kelly,Kelly,6.6875,17,5500,TB@BOS,BOS,TB,IL,Oblique,,,,P
118578-68527,P,Jose,Jose De Leon,De Leon,,0,5500,TB@BOS,BOS,TB,,,,,,P
118578-52148,P,Pierce,Pierce Johnson,Johnson,5.176470588235294,34,5500,ATL@ATH,ATL,ATH,,,,,,P
118578-52152,P,Robert,Robert Stephenson,Stephenson,9,2,5500,TEX@LAA,LAA,TEX,IL,Biceps,,,,P
118578-175032,P,Brennan,Brennan Bernardino,Bernardino,4.410256410256411,40,5500,TB@BOS,BOS,TB,,,,,,P
118578-179129,P,Jeremiah,Jeremiah Estrada,Estrada,6.214285714285714,43,5500,ARI@SD,SD,ARI,,,,,,P
118578-68561,P,Luke,Luke Weaver,Weaver,5.5,32,5500,SEA@NYY,NYY,SEA,,,,,,P
118578-52192,P,Luke,Luke Jackson,Jackson,3.757575757575758,36,5500,TEX@LAA,TEX,LAA,,,,,,P
118578-82921,P,Zack,Zack Weiss,Weiss,0,1,5500,WSH@STL,STL,WSH,,,,,,P
118578-213995,P,Luis,Luis Curvelo,Curvelo,,0,5500,TEX@LAA,TEX,LAA,,,,,,P
118578-70634,P,Daniel,Daniel Mengden,Mengden,,0,5500,ARI@SD,ARI,SD,,,,,,P
118578-82924,P,Tim,Tim Hill,Hill,4.119047619047619,43,5500,SEA@NYY,NYY,SEA,,,,,,P
118578-82935,P,Trevor,Trevor Richards,Richards,1.5,3,5500,ARI@SD,ARI,SD,,,,,,P
118578-70649,P,Adrian,Adrian Sampson,Sampson,0,1,5500,WSH@STL,WSH,STL,IL,Undisclosed,,,,P
118578-226310,P,Jose,Jose Fermin,Fermin,6,16,5500,TEX@LAA,LAA,TEX,,,,,,P
118578-171020,P,Michael,Michael Kelly,Kelly,6.2727272727272725,11,5500,ATL@ATH,ATH,ATL,,,,,,P
118578-211985,P,Andrew,Andrew Walters,Walters,2,2,5500,CLE@CWS,CLE,CWS,IL,Lat,,,,P
118578-189470,P,Kyle,Kyle Leahy,Leahy,5.864864864864865,37,5500,WSH@STL,STL,WSH,,,,,,P
118578-58434,P,Kendall,Kendall Graveman,Graveman,1.7777777777777777,9,5500,ARI@SD,ARI,SD,IL,Hip,,,,P
118578-154688,P,Jake,Jake Cousins,Cousins,6.4186046511627906,43,5500,SEA@NYY,NYY,SEA,IL,Elbow,,,,P
118578-169030,P,Zach,Zach Jackson,Jackson,,0,5500,ATL@ATH,ATH,ATL,,,,,,P
118578-11333,P,Craig,Craig Kimbrel,Kimbrel,6,1,5500,TEX@LAA,TEX,LAA,,,,,,P
118578-179275,P,Fernando,Fernando Cruz,Cruz,7.5,32,5500,SEA@NYY,NYY,SEA,IL,Oblique,,,,P
118578-203863,P,Gordon,Gordon Graceffo,Graceffo,7.1,10,5500,WSH@STL,STL,WSH,,,,,,P
118578-189528,P,Robert,Robert Garcia,Garcia,4.625,40,5500,TEX@LAA,TEX,LAA,,,,,,P
118578-189529,P,Alek,Alek Jacob,Jacob,3.4545454545454546,22,5500,ARI@SD,SD,ARI,,,,,,P
118578-195681,P,Jose,Jose Espada,Espada,,0,5500,ARI@SD,SD,ARI,,,,,,P
118578-226411,P,David,David Morgan,Morgan,7.428571428571429,15,5500,ARI@SD,SD,ARI,,,,,,P
118578-83054,P,Justin,Justin Anderson,Anderson,4.796296296296297,56,5500,CLE@CWS,CWS,CLE,,,,,,P
118578-85108,P,Enyel,Enyel De Los Santos,De Los Santos,5.083333333333333,37,5500,ATL@ATH,ATL,ATH,,,,,,P
118578-201853,P,Ryan,Ryan Loutos,Loutos,1.7777777777777777,10,5500,WSH@STL,WSH,STL,,,,,,P
118578-54403,P,Trevor,Trevor Gott,Gott,0,1,5500,SEA@NYY,SEA,NYY,,,,,,P
118578-187521,P,Joe,Joe Jacques,Jacques,3,2,5500,SEA@NYY,SEA,NYY,,,,,,P
118578-81044,P,Austin,Austin Adams,Adams,4.2727272727272725,56,5500,TB@BOS,BOS,TB,,,,,,P
118578-83097,P,D.J.,D.J. Snelten,Snelten,,0,5500,CLE@CWS,CWS,CLE,,,,,,P
118578-152734,P,Zach,Zach Thompson,Thompson,10,2,5500,ATL@ATH,ATL,ATH,IL,Undisclosed,,,,P
118578-195748,P,Kelvin,Kelvin Caceres,Caceres,0,2,5500,TEX@LAA,LAA,TEX,,,,,,P
118578-154794,P,Joe,Joe Barlow,Barlow,,0,5500,TEX@LAA,TEX,LAA,,,,,,P
118578-140459,P,John,John King,King,3.138888888888889,36,5500,WSH@STL,STL,WSH,,,,,,P
118578-83116,P,Wander,Wander Suero,Suero,0,1,5500,ATL@ATH,ATL,ATH,,,,,,P
118578-85164,P,Matt,Matt Festa,Festa,3.607142857142857,28,5500,CLE@CWS,CLE,CWS,,,,,,P
118578-21707,P,Michael,Michael Mariot,Mariot,,0,5500,SEA@NYY,SEA,NYY,,,,,,P
118578-83163,P,Jonathan,Jonathan Loaisiga,Loaisiga,4.476190476190476,21,5500,SEA@NYY,NYY,SEA,,,,,,P
118578-60640,P,Nick,Nick Burdi,Burdi,7.75,4,5500,TB@BOS,BOS,TB,IL,Hip,,,,P
118578-83172,P,Jonathan,Jonathan Hernandez,Hernandez,6.448275862068965,29,5500,TB@BOS,TB,BOS,IL,Undisclosed,,,,P
118578-197873,P,Zach,Zach Brzykcy,Brzykcy,3.5,23,5500,WSH@STL,WSH,STL,,,,,,P
118578-146678,P,Tanner,Tanner Burns,Burns,,0,5500,CLE@CWS,CLE,CWS,IL,Oblique,,,,P
118578-197877,P,Cristian,Cristian Mena,Mena,15.666666666666666,3,5500,ARI@SD,ARI,SD,IL,Shoulder,,,,P
118578-5370,P,Daniel,Daniel Bard,Bard,0,1,5500,SEA@NYY,SEA,NYY,,,,,,P
118578-146684,P,Jared,Jared Kelley,Kelley,,0,5500,CLE@CWS,CWS,CLE,,,,,,P
118578-197884,P,Yoniel,Yoniel Curet,Curet,0,1,5500,TB@BOS,TB,BOS,,,,,,P
118578-197891,P,Michael,Michael Arias,Arias,0,2,5500,SEA@NYY,NYY,SEA,IL,Undisclosed,,,,P
118578-197890,P,Marc,Marc Church,Church,4.6,5,5500,TEX@LAA,TEX,LAA,IL,Elbow,,,,P
118578-85255,P,Shaun,Shaun Anderson,Anderson,6.833333333333333,6,5500,TEX@LAA,LAA,TEX,,,,,,P
118578-197893,P,Jose,Jose Corniell,Corniell,0,1,5500,TEX@LAA,TEX,LAA,IL,Elbow,,,,P
118578-79116,P,Riley,Riley Pint,Pint,1.75,4,5500,CLE@CWS,CLE,CWS,IL,Undisclosed,,,,P
118578-197902,P,Cade,Cade Smith,Smith,6.6,40,5500,CLE@CWS,CLE,CWS,,,,,,P
118578-85263,P,CD,CD Pelham,Pelham,,0,5500,ATL@ATH,ATH,ATL,,,,,,P
118578-197900,P,Luis,Luis Perales,Perales,0,2,5500,TB@BOS,BOS,TB,IL,Elbow,,,,P
118578-197906,P,Royber,Royber Salinas,Salinas,0,1,5500,ATL@ATH,ATL,ATH,IL,Shoulder,,,,P
118578-79124,P,Joe,Joe Jimenez,Jimenez,5.855072463768116,70,5500,ATL@ATH,ATL,ATH,IL,Knee,,,,P
118578-197919,P,Jairo,Jairo Iriarte,Iriarte,5.5,6,5500,CLE@CWS,CWS,CLE,,,,,,P
118578-197916,P,Anthony,Anthony Maldonado,Maldonado,2.5,6,5500,ATL@ATH,ATH,ATL,,,,,,P
118578-83232,P,Jason,Jason Adam,Adam,6.777777777777778,45,5500,ARI@SD,SD,ARI,,,,,,P
118578-116002,P,Joel,Joel Kuhnel,Kuhnel,5,6,5500,SEA@NYY,NYY,SEA,,,,,,P
118578-146727,P,Justin,Justin Lange,Lange,,0,5500,SEA@NYY,NYY,SEA,,,,,,P
118578-146730,P,Nick,Nick Bitsko,Bitsko,,0,5500,TB@BOS,TB,BOS,IL,Undisclosed,,,,P
118578-146734,P,Tink,Tink Hence,Hence,,0,5500,WSH@STL,STL,WSH,,,,,,P
118578-146737,P,Cole,Cole Henry,Henry,5.096774193548387,33,5500,WSH@STL,WSH,STL,,,,,,P
118578-185662,P,Sammy,Sammy Peralta,Peralta,6,9,5500,TEX@LAA,LAA,TEX,,,,,,P
118578-113986,P,Emmanuel,Emmanuel Clase,Clase,5.439024390243903,41,5500,CLE@CWS,CLE,CWS,,,,,,P
118578-228682,P,Eduarniel,Eduarniel Nunez,Nunez,3.5,4,5500,ARI@SD,SD,ARI,,,,,,P
118578-181583,P,Prelander,Prelander Berroa,Berroa,7.0588235294117645,17,5500,CLE@CWS,CWS,CLE,IL,Elbow,,,,P
118578-197975,P,Cooper,Cooper Hjerpe,Hjerpe,,0,5500,WSH@STL,STL,WSH,IL,Elbow,,,,P
118578-118106,P,Victor,Victor Gonzalez,Gonzalez,3.1481481481481484,27,5500,TEX@LAA,LAA,TEX,,,,,,P
118578-38240,P,Rafael,Rafael Montero,Montero,4.96875,32,5500,ATL@ATH,ATL,ATH,,,,,,P
118578-222565,P,Shinnosuke,Shinnosuke Ogasawara,Ogasawara,2,1,5500,WSH@STL,WSH,STL,,,,,,P
118578-79209,P,A.J.,A.J. Puk,Puk,6.375,8,5500,ARI@SD,ARI,SD,IL,Elbow,,,,P
118578-38251,P,Hunter,Hunter Strickland,Strickland,4.7368421052631575,19,5500,TEX@LAA,LAA,TEX,IL,Shoulder,,,,P
118578-118122,P,Angel,Angel Perdomo,Perdomo,2.5,4,5500,ATL@ATH,ATH,ATL,IL,Undisclosed,,,,P
118578-79227,P,Adrian,Adrian Morejon,Morejon,5.604651162790698,44,5500,ARI@SD,SD,ARI,,,,,,P
118578-181651,P,Matt,Matt Krook,Krook,4.333333333333333,3,5500,CLE@CWS,CLE,CWS,,,,,,P
118578-62872,P,Vince,Vince Velasquez,Velasquez,,0,5500,CLE@CWS,CLE,CWS,,,,,,P
118578-38303,P,Andrew,Andrew Chafin,Chafin,4.294117647058823,19,5500,WSH@STL,WSH,STL,,,,,,P
118578-181664,P,Sean,Sean Reynolds,Reynolds,6.117647058823529,17,5500,ARI@SD,SD,ARI,,,,,,P
118578-118185,P,Matt,Matt Foster,Foster,4.333333333333333,6,5500,ARI@SD,ARI,SD,,,,,,P
118578-118184,P,Enoli,Enoli Paredes,Paredes,5.944444444444445,18,5500,ATL@ATH,ATL,ATH,,,,,,P
118578-79275,P,Sean,Sean Reid-Foley,Reid-Foley,5.826086956521739,23,5500,ARI@SD,ARI,SD,,,,,,P
118578-101803,P,Jacob,Jacob Webb,Webb,5.2368421052631575,38,5500,TEX@LAA,TEX,LAA,,,,,,P
118578-101802,P,Patrick,Patrick Weigel,Weigel,,0,5500,WSH@STL,WSH,STL,,,,,,P
118578-101814,P,Sam,Sam Hentges,Hentges,5.12,25,5500,CLE@CWS,CLE,CWS,IL,Shoulder,,,,P
118578-101819,P,Jose,Jose Suarez,Suarez,12.333333333333334,3,5500,ATL@ATH,ATL,ATH,IL,Undisclosed,,,,P
118578-169400,P,Parker,Parker Mushinski,Mushinski,1.8,10,5500,CLE@CWS,CLE,CWS,,,,,,P
118578-40382,P,Luis,Luis Garcia,Garcia,4.379310344827586,29,5500,WSH@STL,WSH,STL,,,,,,P
118578-101822,P,Josh,Josh Sborz,Sborz,5.6875,17,5500,TEX@LAA,TEX,LAA,IL,Shoulder,,,,P
118578-101825,P,Jose,Jose Quijada,Quijada,5.5,22,5500,TEX@LAA,LAA,TEX,,,,,,P
118578-101826,P,Jordan,Jordan Holloway,Holloway,,0,5500,TEX@LAA,LAA,TEX,,,,,,P
118578-101829,P,Trey,Trey Supak,Supak,,0,5500,TEX@LAA,TEX,LAA,,,,,,P
118578-118217,P,Manuel,Manuel Rodriguez,Rodriguez,4.870967741935484,31,5500,TB@BOS,TB,BOS,IL,Forearm,,,,P
118578-118224,P,Garrett,Garrett Cleavinger,Cleavinger,5.638888888888889,37,5500,TB@BOS,TB,BOS,,,,,,P
118578-101851,P,Brock,Brock Burke,Burke,4.186046511627907,43,5500,TEX@LAA,LAA,TEX,,,,,,P
118578-101855,P,Trent,Trent Thornton,Thornton,4.7407407407407405,27,5500,SEA@NYY,SEA,NYY,,,,,,P
118578-101854,P,Jacob,Jacob Waguespack,Waguespack,11.25,4,5500,TB@BOS,TB,BOS,IL,Undisclosed,,,,P
118578-101856,P,Patrick,Patrick Murphy,Murphy,,0,5500,TEX@LAA,TEX,LAA,,,,,,P
118578-185847,P,Garrett,Garrett Acton,Acton,,0,5500,TB@BOS,TB,BOS,,,,,,P
118578-95737,P,Ian,Ian Hamilton,Hamilton,5.964285714285714,28,5500,SEA@NYY,NYY,SEA,,,,,,P
118578-161273,P,Scott,Scott Effross,Effross,5.25,4,5500,SEA@NYY,NYY,SEA,,,,,,P
118578-226819,P,Caleb,Caleb Freeman,Freeman,2.6,5,5500,CLE@CWS,CWS,CLE,,,,,,P
118578-95757,P,Andrew,Andrew Vasquez,Vasquez,,0,5500,TEX@LAA,LAA,TEX,,,,,,P
118578-138767,P,Jesus,Jesus Cruz,Cruz,,0,5500,TEX@LAA,LAA,TEX,,,,,,P
118578-71190,P,Jose,Jose Leclerc,Leclerc,3.3,10,5500,ATL@ATH,ATH,ATL,IL,Lat,,,,P
118578-95774,P,Jeff,Jeff Brigham,Brigham,3.3333333333333335,4,5500,ARI@SD,ARI,SD,,,,,,P
118578-210475,P,Ryan,Ryan Zeferjahn,Zeferjahn,5.026315789473684,39,5500,TEX@LAA,LAA,TEX,,,,,,P
118578-5673,P,Jesse,Jesse Chavez,Chavez,9,3,5500,ATL@ATH,ATL,ATH,,,,,,P
118578-181803,P,Zak,Zak Kent,Kent,7.75,4,5500,CLE@CWS,CLE,CWS,,,,,,P
118578-181801,P,Jose A.,Jose A. Ferrer,Ferrer,4.25,44,5500,WSH@STL,WSH,STL,,,,,,P
118578-181815,P,Brent,Brent Headrick,Headrick,6.090909090909091,11,5500,SEA@NYY,NYY,SEA,IL,Undisclosed,,,,P
118578-181819,P,Tim,Tim Herrin,Herrin,4.361111111111111,37,5500,CLE@CWS,CLE,CWS,,,,,,P
118578-181816,P,Casey,Casey Legumina,Legumina,5.65625,33,5500,SEA@NYY,SEA,NYY,,,,,,P
118578-222783,P,Grant,Grant Taylor,Taylor,6.090909090909091,11,5500,CLE@CWS,CWS,CLE,,,,,,P
118578-181826,P,Colby,Colby White,White,0,1,5500,SEA@NYY,NYY,SEA,,,,,,P
118578-222784,P,Hagen,Hagen Smith,Smith,,0,5500,CLE@CWS,CWS,CLE,,,,,,P
118578-181828,P,Kolton,Kolton Ingram,Ingram,,0,5500,ATL@ATH,ATL,ATH,,,,,,P
118578-226884,P,Christian,Christian Montes De Oca,Montes De Oca,14,1,5500,ARI@SD,ARI,SD,IL,Back,,,,P
118578-181836,P,Justin,Justin Martinez,Martinez,6.0625,17,5500,ARI@SD,ARI,SD,IL,Elbow,,,,P
118578-175698,P,Hunter,Hunter Gaddis,Gaddis,4.875,40,5500,CLE@CWS,CLE,CWS,,,,,,P
118578-81488,P,Jose,Jose Ruiz,Ruiz,2.888888888888889,18,5500,ATL@ATH,ATL,ATH,,,,,,P
118578-222807,P,Alejandro,Alejandro Rosario,Rosario,,0,5500,TEX@LAA,TEX,LAA,IL,Elbow,,,,P
118578-81507,P,Aaron,Aaron Bummer,Bummer,6.724137931034483,29,5500,ATL@ATH,ATL,ATH,,,,,,P
118578-169574,P,Penn,Penn Murfee,Murfee,3.142857142857143,15,5500,CLE@CWS,CWS,CLE,,,,,,P
118578-118381,P,Kyle,Kyle Finnegan,Finnegan,4.757575757575758,33,5500,WSH@STL,WSH,STL,,,,,,P
118578-222830,P,Travis,Travis Sykora,Sykora,,0,5500,WSH@STL,WSH,STL,IL,Triceps,,,,P
118578-222828,P,Jacob,Jacob Webb,Webb,,0,5500,TB@BOS,BOS,TB,,,,,,P
118578-222834,P,Quinn,Quinn Mathews,Mathews,,0,5500,WSH@STL,STL,WSH,,,,,,P
118578-222833,P,Jarlin,Jarlin Susana,Susana,,0,5500,WSH@STL,WSH,STL,IL,Elbow,,,,P
118578-226929,P,Bradgley,Bradgley Rodriguez,Rodriguez,8,1,5500,ARI@SD,SD,ARI,,,,,,P
118578-222832,P,Alex,Alex Clemmey,Clemmey,,0,5500,WSH@STL,WSH,STL,,,,,,P
118578-222843,P,Jurrangelo,Jurrangelo Cijntje,Cijntje,,0,5500,SEA@NYY,SEA,NYY,,,,,,P
118578-222855,P,Ty,Ty Johnson,Johnson,,0,5500,TB@BOS,TB,BOS,,,,,,P
118578-222854,P,Brody,Brody Hopkins,Hopkins,,0,5500,TB@BOS,TB,BOS,,,,,,P
118578-52871,P,Derek,Derek Law,Law,6.16,75,5500,WSH@STL,WSH,STL,IL,Forearm,,,,P
118578-165509,P,Bryce,Bryce Bonnin,Bonnin,,0,5500,TEX@LAA,TEX,LAA,,,,,,P
118578-222859,P,Cam,Cam Caminiti,Caminiti,,0,5500,ATL@ATH,ATL,ATH,,,,,,P
118578-110219,P,Sean,Sean Poppen,Poppen,,0,5500,TEX@LAA,LAA,TEX,,,,,,P
118578-222857,P,Jackson,Jackson Baumeister,Baumeister,,0,5500,TB@BOS,TB,BOS,,,,,,P
118578-222856,P,Trevor,Trevor Harrison,Harrison,,0,5500,TB@BOS,TB,BOS,,,,,,P
118578-165522,P,Tommy,Tommy Mace,Mace,,0,5500,CLE@CWS,CLE,CWS,,,,,,P
118578-165521,P,Doug,Doug Nikhazy,Nikhazy,4.5,2,5500,CLE@CWS,CLE,CWS,,,,,,P
118578-220822,P,Elvis,Elvis Alvarado,Alvarado,6.111111111111111,9,5500,ATL@ATH,ATH,ATL,,,,,,P
118578-52887,P,Tyler,Tyler Matzek,Matzek,4.428571428571429,7,5500,WSH@STL,STL,WSH,IL,Undisclosed,,,,P
118578-165528,P,Joe,Joe Rock,Rock,12,1,5500,TB@BOS,TB,BOS,,,,,,P
118578-226968,P,Kyle,Kyle Backhus,Backhus,5.3,10,5500,ARI@SD,ARI,SD,,,,,,P
118578-165534,P,Norge,Norge Vera,Vera,,0,5500,ATL@ATH,ATH,ATL,,,,,,P
118578-202402,P,Justin,Justin Sterner,Sterner,5.032258064516129,32,5500,ATL@ATH,ATH,ATL,,,,,,P
118578-220834,P,Nate,Nate Lavender,Lavender,,0,5500,TB@BOS,TB,BOS,IL,Elbow,,,,P
118578-222881,P,Ryan,Ryan Johnson,Johnson,4.769230769230769,14,5500,TEX@LAA,LAA,TEX,,,,,,P
118578-220837,P,Evan,Evan Reifert,Reifert,,0,5500,TB@BOS,TB,BOS,,,,,,P
118578-226980,P,Andre,Andre Granillo,Granillo,5.8,5,5500,WSH@STL,STL,WSH,,,,,,P
118578-165545,P,Tanner,Tanner McDougal,McDougal,,0,5500,CLE@CWS,CWS,CLE,,,,,,P
118578-114356,P,Kevin,Kevin Ginkel,Ginkel,3.375,24,5500,ARI@SD,ARI,SD,,,,,,P
118578-14006,P,Brian,Brian Moran,Moran,,0,5500,ATL@ATH,ATL,ATH,,,,,,P
118578-114360,P,Devin,Devin Williams,Williams,5.194444444444445,37,5500,SEA@NYY,NYY,SEA,,,,,,P
118578-165570,P,Ben,Ben Hernandez,Hernandez,,0,5500,SEA@NYY,SEA,NYY,,,,,,P
118578-38596,P,Chris,Chris Martin,Martin,5.125,35,5500,TEX@LAA,TEX,LAA,,,,,,P
118578-165577,P,Sam,Sam Bachman,Bachman,5.5,11,5500,TEX@LAA,LAA,TEX,,,,,,P
118578-81614,P,Thyago,Thyago Vieira,Vieira,6.111111111111111,28,5500,ARI@SD,ARI,SD,O,Elbow,,,,P
118578-165585,P,Erik,Erik Rivera,Rivera,,0,5500,TB@BOS,BOS,TB,,,,,,P
118578-198352,P,Shane,Shane Drohan,Drohan,0,1,5500,TB@BOS,BOS,TB,IL,Forearm,,,,P
118578-198357,P,Ryan,Ryan Fernandez,Fernandez,1.4,11,5500,WSH@STL,STL,WSH,,,,,,P
118578-198356,P,Justin,Justin Slaten,Slaten,4.217391304347826,24,5500,TB@BOS,BOS,TB,IL,Shoulder,,,,P
118578-165594,P,Carlos,Carlos Duran,Duran,-8,1,5500,ATL@ATH,ATH,ATL,,,,,,P
118578-198361,P,Carson,Carson Coleman,Coleman,0,1,5500,SEA@NYY,NYY,SEA,IL,Undisclosed,,,,P
118578-14049,P,Bryan,Bryan Shaw,Shaw,2.4,5,5500,SEA@NYY,SEA,NYY,,,,,,P
118578-81641,P,John,John Curtiss,Curtiss,5.2,5,5500,ARI@SD,ARI,SD,,,,,,P
118578-182006,P,Nic,Nic Enright,Enright,6.2727272727272725,11,5500,CLE@CWS,CLE,CWS,,,,,,P
118578-182005,P,Kevin,Kevin Kelly,Kelly,4.0476190476190474,21,5500,TB@BOS,TB,BOS,,,,,,P
118578-165635,P,Brendan,Brendan Beck,Beck,,0,5500,SEA@NYY,NYY,SEA,,,,,,P
118578-165637,P,Brock,Brock Selvidge,Selvidge,,0,5500,SEA@NYY,NYY,SEA,,,,,,P
118578-165642,P,Mason,Mason Miller,Miller,6.71875,32,5500,ATL@ATH,ATH,ATL,,,,,,P
118578-165650,P,Grant,Grant Holman,Holman,5,22,5500,ATL@ATH,ATH,ATL,IL,Shoulder,,,,P
118578-194323,P,Hunter,Hunter Stratton,Stratton,-3.3333333333333335,3,5500,ATL@ATH,ATL,ATH,,,,,,P
118578-194320,P,Andrew,Andrew Saalfrank,Saalfrank,-4.5,3,5500,ARI@SD,ARI,SD,,,,,,P
118578-165649,P,Colin,Colin Peluse,Peluse,,0,5500,ATL@ATH,ATH,ATL,,,,,,P
118578-165653,P,Cristian,Cristian Hernandez,Hernandez,,0,5500,SEA@NYY,NYY,SEA,,,,,,P
118578-161563,P,Jovani,Jovani Moran,Moran,,0,5500,TB@BOS,BOS,TB,,,,,,P
118578-165671,P,Victor,Victor Lizarraga,Lizarraga,,0,5500,ARI@SD,SD,ARI,,,,,,P
118578-182062,P,Gus,Gus Varland,Varland,5.230769230769231,26,5500,CLE@CWS,CWS,CLE,,,,,,P
118578-165682,P,Michael,Michael Morales,Morales,,0,5500,SEA@NYY,SEA,NYY,,,,,,P
118578-53043,P,Jesse,Jesse Hahn,Hahn,5,3,5500,SEA@NYY,SEA,NYY,,,,,,P
118578-182065,P,Zach,Zach Greene,Greene,,0,5500,SEA@NYY,NYY,SEA,,,,,,P
118578-163641,P,Ray,Ray Kerr,Kerr,11.2,10,5500,ATL@ATH,ATL,ATH,IL,Elbow,,,,P
118578-165695,P,Edwin,Edwin Nunez,Nunez,,0,5500,WSH@STL,STL,WSH,,,,,,P
118578-165696,P,Ian,Ian Bedell,Bedell,,0,5500,WSH@STL,STL,WSH,,,,,,P
118578-163660,P,Steven,Steven Wilson,Wilson,5.333333333333333,30,5500,CLE@CWS,CWS,CLE,,,,,,P
118578-204624,P,Eric,Eric Orze,Orze,6.548387096774194,31,5500,TB@BOS,TB,BOS,,,,,,P
118578-204631,P,Hunter,Hunter Bigge,Bigge,5.3076923076923075,13,5500,TB@BOS,TB,BOS,IL,Lat,,,,P
118578-165716,P,Sem,Sem Robberse,Robberse,0,2,5500,WSH@STL,STL,WSH,IL,Elbow,,,,P
118578-163673,P,Jorge,Jorge Juan,Juan,,0,5500,TB@BOS,BOS,TB,,,,,,P
118578-163687,P,Ron,Ron Marinaccio,Marinaccio,7.5625,16,5500,ARI@SD,SD,ARI,,,,,,P
118578-163688,P,Collin,Collin Snider,Snider,4.791666666666667,24,5500,SEA@NYY,SEA,NYY,IL,Forearm,,,,P
118578-163697,P,Hagen,Hagen Danner,Danner,0,1,5500,SEA@NYY,SEA,NYY,,,,,,P
118578-163702,P,Logan,Logan Gillaspie,Gillaspie,9,3,5500,ARI@SD,SD,ARI,,,,,,P
118578-161675,P,Jonathan,Jonathan Heasley,Heasley,-0.5,5,5500,CLE@CWS,CWS,CLE,,,,,,P
118578-108461,P,Pete,Pete Fairbanks,Fairbanks,5.472222222222222,36,5500,TB@BOS,TB,BOS,,,,,,P
118578-102324,P,Konnor,Konnor Pilkington,Pilkington,0,2,5500,WSH@STL,WSH,STL,,,,,,P
118578-102332,P,Jackson,Jackson Kowar,Kowar,7.142857142857143,7,5500,SEA@NYY,SEA,NYY,,,,,,P
118578-163782,P,Robert,Robert Suarez,Suarez,4.951219512195122,41,5500,ARI@SD,SD,ARI,,,,,,P
118578-210885,P,Erik,Erik Sabrowski,Sabrowski,7,5,5500,CLE@CWS,CLE,CWS,,,,,,P
118578-102355,P,Jorge,Jorge Alcala,Alcala,4.666666666666667,32,5500,TB@BOS,BOS,TB,,,,,,P
118578-198619,P,Yuki,Yuki Matsui,Matsui,4.885714285714286,37,5500,ARI@SD,SD,ARI,,,,,,P
118578-202726,P,Michel,Michel Otanez,Otanez,2,6,5500,ATL@ATH,ATH,ATL,IL,Undisclosed,,,,P
118578-102375,P,Luis,Luis Medina,Medina,20.375,8,5500,ATL@ATH,ATH,ATL,IL,Elbow,,,,P
118578-102377,P,Trevor,Trevor Stephan,Stephan,0,3,5500,CLE@CWS,CLE,CWS,IL,Elbow,,,,P
118578-79848,P,Paul,Paul Sewald,Sewald,4.705882352941177,17,5500,CLE@CWS,CLE,CWS,,,,,,P
118578-102376,P,Garrett,Garrett Whitlock,Whitlock,8.121212121212121,33,5500,TB@BOS,BOS,TB,,,,,,P
118578-102386,P,Steven,Steven Jennings,Jennings,,0,5500,TEX@LAA,TEX,LAA,,,,,,P
118578-102397,P,Wyatt,Wyatt Mills,Mills,,0,5500,TB@BOS,BOS,TB,,,,,,P
118578-60643,OF,Aaron,Aaron Judge,Judge,16.674999734629754,92,4800,SEA@NYY,NYY,SEA,,,,,,OF/UTIL
118578-102554,C,Cal,Cal Raleigh,Raleigh,14.856666395399305,90,4600,SEA@NYY,SEA,NYY,,,,,,C/1B/UTIL
118578-165661,OF,James,James Wood,Wood,13.579348356827445,92,4300,WSH@STL,WSH,STL,,,,,,OF/UTIL
118578-79756,OF,Ronald,Ronald Acuna Jr.,Acuna Jr.,13.663414931878812,41,4100,ATL@ATH,ATL,ATH,,,,,,OF/UTIL
118578-119297,OF,Corbin,Corbin Carroll,Carroll,13.623376623376624,77,4000,ARI@SD,ARI,SD,,,,,,OF/UTIL
118578-21853,2B,Ketel,Ketel Marte,Marte,13.252308067908654,65,3900,ARI@SD,ARI,SD,,,,,,2B/UTIL
118578-79393,OF,Fernando,Fernando Tatis Jr.,Tatis Jr.,11.795555284288195,90,3800,ARI@SD,SD,ARI,,,,,,OF/UTIL
118578-38976,3B,Jose,Jose Ramirez,Ramirez,12.335227272727273,88,3700,CLE@CWS,CLE,CWS,,,,,,3B/UTIL
118578-52158,SS,Trevor,Trevor Story,Story,10.287778049045139,90,3700,TB@BOS,BOS,TB,,,,,,SS/UTIL
118578-119311,OF,Jarren,Jarren Duran,Duran,11.15483897219422,93,3600,TB@BOS,BOS,TB,,,,,,OF/UTIL
118578-82527,2B/3B,Jazz,Jazz Chisholm Jr.,Chisholm Jr.,12.719672531378073,61,3600,SEA@NYY,NYY,SEA,,,,,,2B/3B/UTIL
118578-119410,SS,CJ,CJ Abrams,Abrams,12.312658382367484,79,3600,WSH@STL,WSH,STL,,,,,,SS/UTIL
118578-52175,1B,Matt,Matt Olson,Olson,11.37802224630838,91,3600,ATL@ATH,ATL,ATH,,,,,,C/1B/UTIL
118578-79223,1B,Josh,Josh Naylor,Naylor,11.371084190276733,83,3500,ARI@SD,ARI,SD,,,,,,C/1B/UTIL
118578-38412,SS,Corey,Corey Seager,Seager,10.724590364049693,61,3500,TEX@LAA,TEX,LAA,,,,,,SS/UTIL
118578-181812,OF,Wilyer,Wilyer Abreu,Abreu,10.20999984741211,80,3500,TB@BOS,BOS,TB,,,,,,OF/UTIL
118578-13929,3B,Manny,Manny Machado,Machado,11.003260736880096,92,3500,ARI@SD,SD,ARI,,,,,,3B/UTIL
118578-165710,OF,Evan,Evan Carter,Carter,9.763157894736842,38,3500,TEX@LAA,TEX,LAA,,,,,,OF/UTIL
118578-198526,OF,Wyatt,Wyatt Langford,Langford,10.806944105360243,72,3500,TEX@LAA,TEX,LAA,,,,,,OF/UTIL
118578-82612,OF,Brent,Brent Rooker,Rooker,10.948935650764628,94,3400,ATL@ATH,ATH,ATL,,,,,,OF/UTIL
118578-195679,3B,Junior,Junior Caminero,Caminero,11.354022848195044,87,3400,TB@BOS,TB,BOS,,,,,,3B/UTIL
118578-21633,3B,Eugenio,Eugenio Suarez,Suarez,12.234066470638735,91,3400,ARI@SD,ARI,SD,,,,,,3B/UTIL
118578-222794,1B,Nick,Nick Kurtz,Kurtz,10.850000452112269,54,3400,ATL@ATH,ATH,ATL,,,,,,C/1B/UTIL
118578-161418,2B/1B/3B,Romy,Romy Gonzalez,Gonzalez,11.30952380952381,42,3400,TB@BOS,BOS,TB,,,,,,C/1B/2B/3B/UTIL
118578-82580,OF,Jo,Jo Adell,Adell,9.641176470588235,85,3300,TEX@LAA,LAA,TEX,,,,,,OF/UTIL
118578-79074,3B,Austin,Austin Riley,Riley,9.992307558164491,91,3300,ATL@ATH,ATL,ATH,,,,,,3B/UTIL
118578-85261,OF,Randy,Randy Arozarena,Arozarena,11.215555826822916,90,3300,SEA@NYY,SEA,NYY,,,,,,OF/UTIL
118578-79120,1B,Yandy,Yandy Diaz,Diaz,10.573563499012213,87,3300,TB@BOS,TB,BOS,,,,,,C/1B/UTIL
118578-85504,2B,Brandon,Brandon Lowe,Lowe,10.747618902297248,84,3300,TB@BOS,TB,BOS,DTD,Side,,,,2B/UTIL
118578-181795,OF,Lawrence,Lawrence Butler,Butler,10.92471896396594,89,3300,ATL@ATH,ATH,ATL,,,,,,OF/UTIL
118578-102438,SS,Geraldo,Geraldo Perdomo,Perdomo,11.545651643172555,92,3200,ARI@SD,ARI,SD,,,,,,SS/UTIL
118578-12933,OF,Mike,Mike Trout,Trout,10.64848466352983,66,3200,TEX@LAA,LAA,TEX,,,,,,OF/UTIL
118578-17086,OF,Marcell,Marcell Ozuna,Ozuna,9.387356462149784,87,3200,ATL@ATH,ATL,ATH,,,,,,OF/UTIL
118578-68522,3B,Alex,Alex Bregman,Bregman,12.586274988511029,51,3200,TB@BOS,BOS,TB,IL,Quadriceps,,,,3B/UTIL
118578-79151,OF,Taylor,Taylor Ward,Ward,11.052222357855904,90,3200,TEX@LAA,LAA,TEX,,,,,,OF/UTIL
118578-79257,OF,Josh,Josh Lowe,Lowe,9.806122448979592,49,3200,TB@BOS,TB,BOS,,,,,,OF/UTIL
118578-181811,OF/2B/SS,Ceddanne,Ceddanne Rafaela,Rafaela,9.7602275501598,88,3200,TB@BOS,BOS,TB,,,,,,2B/SS/OF/UTIL
118578-163662,1B,Jonathan,Jonathan Aranda,Aranda,10.16931845925071,88,3200,TB@BOS,TB,BOS,,,,,,C/1B/UTIL
118578-102400,OF,Julio,Julio Rodriguez,Rodriguez,10.516483516483516,91,3100,SEA@NYY,SEA,NYY,,,,,,OF/UTIL
118578-12302,OF,Giancarlo,Giancarlo Stanton,Stanton,8.194444444444445,18,3100,SEA@NYY,NYY,SEA,,,,,,OF/UTIL
118578-119303,C,Shea,Shea Langeliers,Langeliers,9.382539295014881,63,3100,ATL@ATH,ATH,ATL,,,,,,C/1B/UTIL
118578-119395,OF,Jasson,Jasson Dominguez,Dominguez,9.950649509182224,77,3100,SEA@NYY,NYY,SEA,,,,,,OF/UTIL
118578-82624,C,Sean,Sean Murphy,Murphy,8.916071210588727,56,3100,ATL@ATH,ATL,ATH,,,,,,C/1B/UTIL
118578-82660,2B,Luis,Luis Garcia Jr.,Garcia Jr.,8.993827160493828,81,3100,WSH@STL,WSH,STL,,,,,,2B/UTIL
118578-82734,OF,Luis,Luis Robert Jr.,Robert Jr.,8.805333658854167,75,3100,CLE@CWS,CWS,CLE,,,,,,OF/UTIL
118578-185300,SS,Zach,Zach Neto,Neto,11.534246575342467,73,3100,TEX@LAA,LAA,TEX,,,,,,SS/UTIL
118578-21705,2B,Marcus,Marcus Semien,Semien,8.95326100225034,92,3100,TEX@LAA,TEX,LAA,,,,,,2B/UTIL
118578-85285,1B,Nathaniel,Nathaniel Lowe,Lowe,9.620651908542799,92,3100,WSH@STL,WSH,STL,,,,,,C/1B/UTIL
118578-21887,C/1B,Willson,Willson Contreras,Contreras,10.118390664286997,87,3100,WSH@STL,STL,WSH,,,,,,C/1B/UTIL
118578-165707,SS/3B/2B/1B/OF,Josh,Josh Smith,Smith,9.37249984741211,80,3100,TEX@LAA,TEX,LAA,,,,,,C/1B/2B/3B/SS/OF/UTIL
118578-12310,1B,Carlos,Carlos Santana,Santana,8.755294261259191,85,3000,CLE@CWS,CLE,CWS,,,,,,C/1B/UTIL
118578-135260,C,Logan,Logan O'Hoppe,O'Hoppe,8.02027027027027,74,3000,TEX@LAA,LAA,TEX,,,,,,C/1B/UTIL
118578-135298,1B/OF,Tyler,Tyler Soderstrom,Soderstrom,9.880645423807124,93,3000,ATL@ATH,ATH,ATL,,,,,,C/1B/OF/UTIL
118578-198870,OF,Roman,Roman Anthony,Anthony,9.674074526186343,27,3000,TB@BOS,BOS,TB,,,,,,OF/UTIL
118578-119372,OF/3B/1B,Miguel,Miguel Vargas,Vargas,8.714606467257724,89,3000,CLE@CWS,CWS,CLE,,,,,,C/1B/3B/OF/UTIL
118578-119420,C,Ivan,Ivan Herrera,Herrera,11.89047604515439,42,3000,WSH@STL,STL,WSH,IL,Hamstring,,,,C/1B/UTIL
118578-119437,3B,Josh,Josh Jung,Jung,7.82,75,3000,TEX@LAA,TEX,LAA,,,,,,3B/UTIL
118578-13262,OF,Jurickson,Jurickson Profar,Profar,7.927272449840199,11,3000,ATL@ATH,ATL,ATH,,,,,,OF/UTIL
118578-80847,OF,Mike,Mike Tauchman,Tauchman,9.536585365853659,41,3000,CLE@CWS,CWS,CLE,,,,,,OF/UTIL
118578-52179,SS,J.P.,J.P. Crawford,Crawford,9.134831460674157,89,3000,SEA@NYY,SEA,NYY,,,,,,SS/UTIL
118578-37982,SS/2B,Xander,Xander Bogaerts,Bogaerts,8.484444173177083,90,3000,ARI@SD,SD,ARI,,,,,,2B/SS/UTIL
118578-146716,C,Austin,Austin Wells,Wells,9.413333333333334,75,3000,SEA@NYY,NYY,SEA,,,,,,C/1B/UTIL
118578-79159,OF/1B,Cody,Cody Bellinger,Bellinger,11.045237949916295,84,3000,SEA@NYY,NYY,SEA,,,,,,C/1B/OF/UTIL
118578-85520,OF,Adolis,Adolis Garcia,Garcia,8.670454545454545,88,3000,TEX@LAA,TEX,LAA,,,,,,OF/UTIL
118578-165666,OF,Jackson,Jackson Merrill,Merrill,8.988333129882813,60,3000,ARI@SD,SD,ARI,,,,,,OF/UTIL
118578-163666,OF,Steven,Steven Kwan,Kwan,9.253408952192826,88,3000,CLE@CWS,CLE,CWS,,,,,,OF/UTIL
118578-163706,3B/2B/SS/OF,Brendan,Brendan Donovan,Donovan,9.807058536305147,85,3000,WSH@STL,STL,WSH,,,,,,2B/3B/SS/OF/UTIL
118578-116841,2B/1B/OF,Sam,Sam Haggerty,Haggerty,7.870454268022017,44,2900,TEX@LAA,TEX,LAA,,,,,,C/1B/2B/OF/UTIL
118578-203111,C/1B,Ben,Ben Rice,Rice,9.553333333333333,75,2900,SEA@NYY,NYY,SEA,,,,,,C/1B/UTIL
118578-82569,1B/OF,Gavin,Gavin Sheets,Sheets,8.851685256100772,89,2900,ARI@SD,SD,ARI,,,,,,C/1B/OF/UTIL
118578-82570,1B,Jake,Jake Burger,Burger,8.030555725097656,72,2900,TEX@LAA,TEX,LAA,,,,,,C/1B/UTIL
118578-12968,1B,Paul,Paul Goldschmidt,Goldschmidt,9.491953882677802,87,2900,SEA@NYY,NYY,SEA,,,,,,C/1B/UTIL
118578-185303,SS/2B/3B/OF,Jose,Jose Caballero,Caballero,8.917808219178083,73,2900,TB@BOS,TB,BOS,,,,,,2B/3B/SS/OF/UTIL
118578-193598,1B,Nolan,Nolan Schanuel,Schanuel,9.248314332426265,89,2900,TEX@LAA,LAA,TEX,,,,,,C/1B/UTIL
118578-154711,OF,Lars,Lars Nootbaar,Nootbaar,9.824705595128677,85,2900,WSH@STL,STL,WSH,,,,,,OF/UTIL
118578-189530,OF,Dominic,Dominic Canzone,Canzone,7.796296296296297,27,2900,SEA@NYY,SEA,NYY,,,,,,OF/UTIL
118578-197762,C,Carlos,Carlos Narvaez,Narvaez,9.279999651227678,70,2900,TB@BOS,BOS,TB,,,,,,C/1B/UTIL
118578-197982,OF,Dylan,Dylan Crews,Crews,9.073333062065972,45,2900,WSH@STL,WSH,STL,IL,Oblique,,,,OF/UTIL
118578-79272,OF,Lourdes,Lourdes Gurriel Jr.,Gurriel Jr.,9.629069483557412,86,2900,ARI@SD,ARI,SD,,,,,,OF/UTIL
118578-118210,1B/2B,Jake,Jake Cronenworth,Cronenworth,8.665671277402053,67,2900,ARI@SD,SD,ARI,,,,,,C/1B/2B/UTIL
118578-206482,SS,Jacob,Jacob Wilson,Wilson,10.0188232421875,85,2900,ATL@ATH,ATH,ATL,DTD,Hand,,,,SS/UTIL
118578-165693,OF/1B,Alec,Alec Burleson,Burleson,8.501234266493055,81,2900,WSH@STL,STL,WSH,,,,,,C/1B/OF/UTIL
118578-102363,OF/1B,Luke,Luke Raley,Raley,7.482050969050481,39,2900,SEA@NYY,SEA,NYY,,,,,,C/1B/OF/UTIL
118578-225386,OF,Chandler,Chandler Simpson,Simpson,9.712000122070313,50,2800,TB@BOS,TB,BOS,,,,,,OF/UTIL
118578-135366,SS,Masyn,Masyn Winn,Winn,9.174073772665896,81,2800,WSH@STL,STL,WSH,,,,,,SS/UTIL
118578-219666,OF,Jake,Jake Mangum,Mangum,8.950877407140899,57,2800,TB@BOS,TB,BOS,,,,,,OF/UTIL
118578-23107,OF,Jorge,Jorge Soler,Soler,7.5613330078125,75,2800,TEX@LAA,LAA,TEX,,,,,,OF/UTIL
118578-82530,1B/OF,Pavin,Pavin Smith,Smith,8.007594627670095,79,2800,ARI@SD,ARI,SD,IL,Oblique,,,,C/1B/OF/UTIL
118578-68495,OF,Andrew,Andrew Benintendi,Benintendi,8.885714091951884,63,2800,CLE@CWS,CWS,CLE,,,,,,OF/UTIL
118578-79175,OF,Trent,Trent Grisham,Grisham,9.637662020596592,77,2800,SEA@NYY,NYY,SEA,,,,,,OF/UTIL
118578-21874,2B/3B,Jorge,Jorge Polanco,Polanco,8.943243078283361,74,2800,SEA@NYY,SEA,NYY,,,,,,2B/3B/UTIL
118578-13719,3B,Nolan,Nolan Arenado,Arenado,8.647560677877287,82,2800,WSH@STL,STL,WSH,,,,,,3B/UTIL
118578-101827,1B/2B,Luis,Luis Arraez,Arraez,8.736046369685683,86,2800,ARI@SD,SD,ARI,,,,,,C/1B/2B/UTIL
118578-116339,3B/1B/2B,Abraham,Abraham Toro,Toro,8.438775510204081,49,2800,TB@BOS,BOS,TB,,,,,,C/1B/2B/3B/UTIL
118578-102415,2B/3B,Nolan,Nolan Gorman,Gorman,7.68095228407118,63,2700,WSH@STL,STL,WSH,,,,,,2B/3B/UTIL
118578-53757,OF,Rob,Rob Refsnyder,Refsnyder,8.31500015258789,40,2700,TB@BOS,BOS,TB,,,,,,OF/UTIL
118578-119396,SS,Anthony,Anthony Volpe,Volpe,9.316483382340316,91,2700,SEA@NYY,NYY,SEA,,,,,,SS/UTIL
118578-119442,C,Gabriel,Gabriel Moreno,Moreno,8.0528299583579,53,2700,ARI@SD,ARI,SD,IL,Finger,,,,C/1B/UTIL
118578-82655,C,Danny,Danny Jansen,Jansen,7.623809330047123,63,2700,TB@BOS,TB,BOS,,,,,,C/1B/UTIL
118578-53994,1B,Josh,Josh Bell,Bell,7.869999694824219,80,2700,WSH@STL,WSH,STL,,,,,,C/1B/UTIL
118578-146160,SS,Ha-Seong,Ha-Seong Kim,Kim,9.233333587646484,3,2700,TB@BOS,TB,BOS,,,,,,SS/UTIL
118578-13099,C,Travis,Travis d'Arnaud,d'Arnaud,6.885714576357887,42,2700,TEX@LAA,LAA,TEX,,,,,,C/1B/UTIL
118578-189308,1B,Kyle,Kyle Manzardo,Manzardo,7.814102564102564,78,2700,CLE@CWS,CLE,CWS,NA,Personal,,,,C/1B/UTIL
118578-68563,OF,Victor,Victor Robles,Robles,8.609999847412109,10,2700,SEA@NYY,SEA,NYY,IL,Shoulder,,,,OF/UTIL
118578-68587,2B,Ozzie,Ozzie Albies,Albies,7.6197804880666204,91,2700,ATL@ATH,ATL,ATH,,,,,,2B/UTIL
118578-173078,OF,Alex,Alex Call,Call,7.4209678403792845,62,2700,WSH@STL,WSH,STL,,,,,,OF/UTIL
118578-222287,SS/2B,Chase,Chase Meidroth,Meidroth,7.688059337103545,67,2700,CLE@CWS,CWS,CLE,,,,,,2B/SS/UTIL
118578-165514,OF/2B,Angel,Angel Martinez,Martinez,7.323999837239583,75,2700,CLE@CWS,CLE,CWS,,,,,,2B/OF/UTIL
118578-165544,2B/3B/1B,Lenyn,Lenyn Sosa,Sosa,7.0298699713372566,77,2700,CLE@CWS,CWS,CLE,,,,,,C/1B/2B/3B/UTIL
118578-181987,OF,Masataka,Masataka Yoshida,Yoshida,18.700000762939453,1,2700,TB@BOS,BOS,TB,,,,,,OF/UTIL
118578-165641,SS/2B/3B,Max,Max Muncy,Muncy,7.396078670726103,51,2700,ATL@ATH,ATH,ATL,,,,,,2B/3B/SS/UTIL
118578-135190,SS,Taylor,Taylor Walls,Walls,6.560759339151503,79,2600,TB@BOS,TB,BOS,,,,,,SS/UTIL
118578-79918,C,Kyle,Kyle Higashioka,Higashioka,6.808333079020183,48,2600,TEX@LAA,TEX,LAA,,,,,,C/1B/UTIL
118578-198935,OF,Victor,Victor Scott II,Scott II,8.274418320766715,86,2600,WSH@STL,STL,WSH,,,,,,OF/UTIL
118578-119318,2B/3B/OF,Christopher,Christopher Morel,Morel,7.0661291307018645,62,2600,TB@BOS,TB,BOS,,,,,,2B/3B/OF/UTIL
118578-164516,SS/3B,Marcelo,Marcelo Mayer,Mayer,6.372222052680121,36,2600,TB@BOS,BOS,TB,,,,,,3B/SS/UTIL
118578-68589,2B/3B/OF,Amed,Amed Rosario,Rosario,7.335555691189236,45,2600,WSH@STL,WSH,STL,,,,,,2B/3B/OF/UTIL
118578-79195,OF/1B/3B,Miguel,Miguel Andujar,Andujar,7.995651908542799,46,2600,ATL@ATH,ATH,ATL,,,,,,C/1B/3B/OF/UTIL
118578-79225,3B/2B,Luis,Luis Urias,Urias,6.695774561922315,71,2600,ATL@ATH,ATH,ATL,IL,Hamstring,,,,2B/3B/UTIL
118578-101753,2B/SS/3B/OF,Dylan,Dylan Moore,Moore,6.65970167473181,67,2600,SEA@NYY,SEA,NYY,,,,,,2B/3B/SS/OF/UTIL
118578-222858,C,Drake,Drake Baldwin,Baldwin,8.191803478803791,61,2600,ATL@ATH,ATL,ATH,,,,,,C/1B/UTIL
118578-222860,2B,Christian,Christian Moore,Moore,7.9777781168619795,18,2600,TEX@LAA,LAA,TEX,IL,Thumb,,,,2B/UTIL
118578-165535,SS,Colson,Colson Montgomery,Montgomery,7.200000127156575,6,2600,CLE@CWS,CWS,CLE,,,,,,SS/UTIL
118578-202431,2B/3B/SS/OF,Daniel,Daniel Schneemann,Schneemann,6.684931506849315,73,2600,CLE@CWS,CLE,CWS,,,,,,2B/3B/SS/OF/UTIL
118578-165726,SS,Brady,Brady House,House,7,20,2600,WSH@STL,WSH,STL,,,,,,SS/UTIL
118578-102283,OF,Alek,Alek Thomas,Thomas,6.357316924304497,82,2600,ARI@SD,ARI,SD,,,,,,OF/UTIL
118578-102315,C,Bo,Bo Naylor,Naylor,6.734285627092634,70,2600,CLE@CWS,CLE,CWS,,,,,,C/1B/UTIL
118578-61553,3B,Yoan,Yoan Moncada,Moncada,9.871874809265137,32,2500,TEX@LAA,LAA,TEX,,,,,,3B/UTIL
118578-198869,C,Kyle,Kyle Teel,Teel,6.7090911865234375,22,2500,CLE@CWS,CWS,CLE,,,,,,C/1B/UTIL
118578-156224,C,Willie,Willie MacIver,MacIver,6.694117826573989,17,2500,ATL@ATH,ATH,ATL,,,,,,C/1B/UTIL
118578-82593,C,Keibert,Keibert Ruiz,Ruiz,6.239705702837775,68,2500,WSH@STL,WSH,STL,IL,Concussion,,,,C/1B/UTIL
118578-207557,2B/SS/3B,Nick,Nick Sogard,Sogard,7.088235294117647,17,2500,TB@BOS,BOS,TB,,,,,,2B/3B/SS/UTIL
118578-17171,C,James,James McCann,McCann,14.62857164655413,7,2500,ARI@SD,ARI,SD,,,,,,C/1B/UTIL
118578-185632,C/1B/OF,David,David Fry,Fry,4.089285714285714,28,2500,CLE@CWS,CLE,CWS,,,,,,C/1B/OF/UTIL
118578-79152,C,Matt,Matt Thaiss,Thaiss,6.211538461538462,52,2500,TB@BOS,TB,BOS,,,,,,C/1B/UTIL
118578-118120,C,Jonah,Jonah Heim,Heim,6.642465669814855,73,2500,TEX@LAA,TEX,LAA,,,,,,C/1B/UTIL
118578-101817,2B/3B/SS,Luis,Luis Rengifo,Rengifo,6.011764705882353,85,2500,TEX@LAA,LAA,TEX,,,,,,2B/3B/SS/UTIL
118578-101844,OF,Lane,Lane Thomas,Thomas,6.1923076923076925,39,2500,CLE@CWS,CLE,CWS,IL,Foot,,,,OF/UTIL
118578-136672,OF,Michael,Michael Harris II,Harris II,7.093258289808638,89,2500,ATL@ATH,ATL,ATH,,,,,,OF/UTIL
118578-206383,2B/SS/OF,Brooks,Brooks Baldwin,Baldwin,5.951851738823785,54,2500,CLE@CWS,CWS,CLE,IL,Back,,,,2B/SS/OF/UTIL
118578-181813,SS/2B,David,David Hamilton,Hamilton,5.06885265913166,61,2500,TB@BOS,BOS,TB,,,,,,2B/SS/UTIL
118578-81622,C,Mitch,Mitch Garver,Garver,6.675999755859375,50,2500,SEA@NYY,SEA,NYY,,,,,,C/1B/UTIL
118578-165643,2B,Zack,Zack Gelof,Gelof,3.1799999237060548,5,2500,ATL@ATH,ATH,ATL,,,,,,2B/UTIL
118578-165725,OF,Daylen,Daylen Lile,Lile,6.703448065396013,29,2500,WSH@STL,WSH,STL,,,,,,OF/UTIL
118578-102282,OF,Jake,Jake McCarthy,McCarthy,5.988461421086238,26,2500,ARI@SD,ARI,SD,,,,,,OF/UTIL
118578-102418,OF,Eli,Eli White,White,6.027941086713006,68,2400,ATL@ATH,ATL,ATH,,,,,,OF/UTIL
118578-223299,3B,Ben,Ben Williamson,Williamson,6.157970926036006,69,2400,SEA@NYY,SEA,NYY,,,,,,3B/UTIL
118578-102475,SS,Brayan,Brayan Rocchio,Rocchio,4.670454545454546,44,2400,CLE@CWS,CLE,CWS,,,,,,SS/UTIL
118578-135364,OF,Jordan,Jordan Walker,Walker,6.612727494673296,55,2400,WSH@STL,STL,WSH,IL,Abdomen,,,,OF/UTIL
118578-80462,SS/3B,Paul,Paul DeJong,DeJong,6.834999847412109,20,2400,WSH@STL,WSH,STL,,,,,,3B/SS/UTIL
118578-21074,OF,Michael A.,Michael A. Taylor,Taylor,5.732051360301482,78,2400,CLE@CWS,CWS,CLE,,,,,,OF/UTIL
118578-12919,SS/2B/3B/OF,Jose,Jose Iglesias,Iglesias,4.823809426928324,63,2400,ARI@SD,SD,ARI,,,,,,2B/3B/SS/OF/UTIL
118578-83191,C,Austin,Austin Wynns,Wynns,7.220588235294118,34,2400,ATL@ATH,ATH,ATL,,,,,,C/1B/UTIL
118578-79122,OF,Nolan,Nolan Jones,Jones,5.702469060450424,81,2400,CLE@CWS,CLE,CWS,,,,,,OF/UTIL
118578-197908,C,Pedro,Pedro Pages,Pages,6.034722222222222,72,2400,WSH@STL,STL,WSH,,,,,,C/1B/UTIL
118578-13909,OF,Randal,Randal Grichuk,Grichuk,5.6838708692981355,62,2400,ARI@SD,ARI,SD,,,,,,OF/UTIL
118578-226907,OF,Alejandro,Alejandro Osuna,Osuna,5.04,25,2400,TEX@LAA,TEX,LAA,,,,,,OF/UTIL
118578-165583,C,Edgar,Edgar Quero,Quero,6.106896762190194,58,2400,CLE@CWS,CWS,CLE,,,,,,C/1B/UTIL
118578-163533,C,Jose,Jose Herrera,Herrera,5.597560975609756,41,2400,ARI@SD,ARI,SD,,,,,,C/1B/UTIL
118578-165645,OF,Denzel,Denzel Clarke,Clarke,6.31500015258789,40,2400,ATL@ATH,ATH,ATL,,,,,,OF/UTIL
118578-165701,3B/2B/1B,Curtis,Curtis Mead,Mead,5.506382718999335,47,2400,TB@BOS,TB,BOS,,,,,,C/1B/2B/3B/UTIL
118578-163671,3B,Jose,Jose Tena,Tena,7.115909229625355,44,2400,WSH@STL,WSH,STL,,,,,,3B/UTIL
118578-102435,SS/2B/3B,Blaze,Blaze Alexander,Alexander,2.6500000953674316,8,2300,ARI@SD,ARI,SD,,,,,,2B/3B/SS/UTIL
118578-211345,OF/2B,Michael,Michael Helman,Helman,3.6799999237060548,5,2300,TEX@LAA,TEX,LAA,,,,,,2B/OF/UTIL
118578-119346,C,Korey,Korey Lee,Lee,4.421428680419922,14,2300,CLE@CWS,CWS,CLE,,,,,,C/1B/UTIL
118578-211906,3B/2B/SS,Thomas,Thomas Saggese,Saggese,5.38,25,2300,WSH@STL,STL,WSH,,,,,,2B/3B/SS/UTIL
118578-38112,1B/3B,Gio,Gio Urshela,Urshela,5.615384615384615,39,2300,ATL@ATH,ATH,ATL,,,,,,C/1B/3B/UTIL
118578-13567,3B/1B/2B,DJ,DJ LeMahieu,LeMahieu,5.657777913411459,45,2300,SEA@NYY,NYY,SEA,,,,,,C/1B/2B/3B/UTIL
118578-193863,OF,Jacob,Jacob Young,Young,5.770588145536535,68,2300,WSH@STL,WSH,STL,,,,,,OF/UTIL
118578-101787,1B/OF,LaMonte,LaMonte Wade Jr.,Wade Jr.,4.8411766501034,68,2300,TEX@LAA,LAA,TEX,,,,,,C/1B/OF/UTIL
118578-173546,OF,Nate,Nate Eaton,Eaton,4.821428571428571,14,2300,TB@BOS,BOS,TB,,,,,,OF/UTIL
118578-202259,1B,Trenton,Trenton Brooks,Brooks,3.111111111111111,18,2300,ARI@SD,SD,ARI,,,,,,C/1B/UTIL
118578-175654,OF,Bryce,Bryce Johnson,Johnson,3.0875000953674316,16,2300,ARI@SD,SD,ARI,,,,,,OF/UTIL
118578-13864,OF/1B,Joc,Joc Pederson,Pederson,4.673913043478261,46,2300,TEX@LAA,TEX,LAA,IL,Hand,,,,C/1B/OF/UTIL
118578-222844,SS/2B,Cole,Cole Young,Young,5.640625,32,2300,SEA@NYY,SEA,NYY,,,,,,2B/SS/UTIL
118578-38561,OF/3B/2B,Chris,Chris Taylor,Taylor,3.4342105263157894,38,2300,TEX@LAA,LAA,TEX,IL,Hand,,,,2B/3B/OF/UTIL
118578-181991,1B,Ryan,Ryan Noda,Noda,3.8187499046325684,16,2300,CLE@CWS,CWS,CLE,IL,Quadriceps,,,,C/1B/UTIL
118578-200498,SS/3B/2B/OF,Max,Max Schuemann,Schuemann,4.061290371802546,62,2300,ATL@ATH,ATH,ATL,,,,,,2B/3B/SS/OF/UTIL
118578-163667,OF/1B,Jhonkensy,Jhonkensy Noel,Noel,3.018367222377232,49,2300,CLE@CWS,CLE,CWS,,,,,,C/1B/OF/UTIL
118578-159624,C,Yohel,Yohel Pozo,Pozo,5.622857230050223,35,2300,WSH@STL,STL,WSH,,,,,,C/1B/UTIL
118578-102380,SS,Nick,Nick Allen,Allen,5.345121802353278,82,2300,ATL@ATH,ATL,ATH,,,,,,SS/UTIL
118578-135284,C,Riley,Riley Adams,Adams,4.8645162274760585,31,2200,WSH@STL,WSH,STL,,,,,,C/1B/UTIL
118578-135308,OF,Robert,Robert Hassell III,Hassell III,5.676190330868676,21,2200,WSH@STL,WSH,STL,,,,,,OF/UTIL
118578-102546,2B/3B/SS,Gabriel,Gabriel Arias,Arias,7.364934747869318,77,2200,CLE@CWS,CLE,CWS,IL,Ankle,,,,2B/3B/SS/UTIL
118578-119363,OF,JJ,JJ Bleday,Bleday,7.774193548387097,62,2200,ATL@ATH,ATH,ATL,,,,,,OF/UTIL
118578-119365,SS/2B,Nasim,Nasim Nunez,Nunez,5.378260736880095,23,2200,WSH@STL,WSH,STL,,,,,,2B/SS/UTIL
118578-119364,OF,Kameron,Kameron Misner,Misner,6.569013998542033,71,2200,TB@BOS,TB,BOS,,,,,,OF/UTIL
118578-219727,2B/1B/OF,Tim,Tim Tawa,Tawa,6.189830715373411,59,2200,ARI@SD,ARI,SD,,,,,,C/1B/2B/OF/UTIL
118578-80485,OF,Austin,Austin Slater,Slater,5.280487804878049,41,2200,CLE@CWS,CWS,CLE,,,,,,OF/UTIL
118578-82563,2B/SS/OF,Garrett,Garrett Hampson,Hampson,3.316216133736275,37,2200,WSH@STL,STL,WSH,,,,,,2B/SS/OF/UTIL
118578-164496,C,Adrian,Adrian Del Castillo,Del Castillo,10.315999755859375,25,2200,ARI@SD,ARI,SD,,,,,,C/1B/UTIL
118578-113309,3B/2B/OF,Josh,Josh Rojas,Rojas,4.645282961287588,53,2200,CLE@CWS,CWS,CLE,,,,,,2B/3B/OF/UTIL
118578-119637,3B/SS/OF,Ezequiel,Ezequiel Duran,Duran,3.3371429443359375,35,2200,TEX@LAA,TEX,LAA,,,,,,3B/SS/OF/UTIL
118578-213853,C,J.C.,J.C. Escarra,Escarra,4.871428571428571,35,2200,SEA@NYY,NYY,SEA,,,,,,C/1B/UTIL
118578-68537,2B/3B/SS/OF,Tyler,Tyler Wade,Wade,3.716071537562779,56,2200,ARI@SD,SD,ARI,,,,,,2B/3B/SS/OF/UTIL
118578-54307,C,Elias,Elias Diaz,Diaz,4.450684847897047,73,2200,ARI@SD,SD,ARI,,,,,,C/1B/UTIL
118578-13412,3B/1B,Donovan,Donovan Solano,Solano,4.4178570338657925,56,2200,SEA@NYY,SEA,NYY,,,,,,C/1B/3B/UTIL
118578-212070,OF,Gustavo,Gustavo Campero,Campero,3.473333231608073,15,2200,TEX@LAA,LAA,TEX,,,,,,OF/UTIL
118578-79213,SS/2B,Scott,Scott Kingery,Kingery,2.815384498009315,13,2200,TEX@LAA,LAA,TEX,,,,,,2B/SS/UTIL
118578-226832,1B,Tim,Tim Elko,Elko,7.06315773411801,19,2200,CLE@CWS,CWS,CLE,,,,,,C/1B/UTIL
118578-222825,2B/OF/1B,Kristian,Kristian Campbell,Campbell,7.437313250641324,67,2200,TB@BOS,BOS,TB,,,,,,C/1B/2B/OF/UTIL
118578-165639,OF,Brandon,Brandon Lockridge,Lockridge,3.793617086207613,47,2200,ARI@SD,SD,ARI,,,,,,OF/UTIL
118578-163668,OF/2B/3B,Richie,Richie Palacios,Palacios,21.200000762939453,1,2200,TB@BOS,TB,BOS,IL,Knee,,,,2B/3B/OF/UTIL
118578-102295,OF,Stuart,Stuart Fairchild,Fairchild,3.7285714830671037,28,2200,ATL@ATH,ATL,ATH,,,,,,OF/UTIL
118578-180208,2B/3B/SS/OF,Miles,Miles Mastrobuoni,Mastrobuoni,4.271212028734611,66,2200,SEA@NYY,SEA,NYY,,,,,,2B/3B/SS/OF/UTIL
118578-102454,C,Jhonny,Jhonny Pereda,Pereda,3.426315709164268,19,2100,ATL@ATH,ATH,ATL,,,,,,C/1B/UTIL
118578-102504,C,Connor,Connor Wong,Wong,2.8696968772194604,33,2100,TB@BOS,BOS,TB,,,,,,C/1B/UTIL
118578-135282,OF,Joshua,Joshua Palacios,Palacios,4.543137195063572,51,2100,CLE@CWS,CWS,CLE,,,,,,OF/UTIL
118578-102550,C,Luis,Luis Campusano,Campusano,2,9,2100,ARI@SD,SD,ARI,,,,,,C/1B/UTIL
118578-145611,SS/2B/3B,Oswald,Oswald Peraza,Peraza,4.135593220338983,59,2100,SEA@NYY,NYY,SEA,,,,,,2B/3B/SS/UTIL
118578-209172,1B,Andres,Andres Chaparro,Chaparro,2.25,4,2100,WSH@STL,WSH,STL,,,,,,C/1B/UTIL
118578-119351,SS/2B/3B,Jake,Jake Amaya,Amaya,2.4323528514188877,34,2100,CLE@CWS,CWS,CLE,,,,,,2B/3B/SS/UTIL
118578-119354,SS/2B/OF,Kyren,Kyren Paris,Paris,7.443181818181818,44,2100,TEX@LAA,LAA,TEX,,,,,,2B/SS/OF/UTIL
118578-119428,2B/3B,Will,Will Wilson,Wilson,2.7178570883614674,28,2100,CLE@CWS,CLE,CWS,,,,,,2B/3B/UTIL
118578-164495,SS/3B/2B,Jordan,Jordan Lawlar,Lawlar,1.524999976158142,8,2100,ARI@SD,ARI,SD,IL,Hamstring,,,,2B/3B/SS/UTIL
118578-164498,2B,Ryan,Ryan Bliss,Bliss,6.427272449840199,11,2100,SEA@NYY,SEA,NYY,IL,Biceps,,,,2B/UTIL
118578-228207,OF,Colby,Colby Thomas,Thomas,1.8399999618530274,5,2100,ATL@ATH,ATH,ATL,,,,,,OF/UTIL
118578-13253,C,Martin,Martin Maldonado,Maldonado,3.501851964879919,54,2100,ARI@SD,SD,ARI,,,,,,C/1B/UTIL
118578-80852,2B/SS/3B/OF,Ildemaro,Ildemaro Vargas,Vargas,7.2,10,2100,ARI@SD,ARI,SD,IL,Foot,,,,2B/3B/SS/OF/UTIL
118578-38004,C,Austin,Austin Hedges,Hedges,3.41081072833087,37,2100,CLE@CWS,CLE,CWS,,,,,,C/1B/UTIL
118578-197753,OF,Johnathan,Johnathan Rodriguez,Rodriguez,3.43684226588199,19,2100,CLE@CWS,CLE,CWS,,,,,,OF/UTIL
118578-79218,SS/2B/3B,Kevin,Kevin Newman,Newman,3.131818251176314,44,2100,TEX@LAA,LAA,TEX,,,,,,2B/3B/SS/UTIL
118578-71182,3B/1B,Jeimer,Jeimer Candelario,Candelario,5.572727203369141,22,2100,SEA@NYY,NYY,SEA,,,,,,C/1B/3B/UTIL
118578-181806,OF,Jonny,Jonny DeLuca,DeLuca,9.144444783528646,9,2100,TB@BOS,TB,BOS,IL,Shoulder,,,,OF/UTIL
118578-169769,3B/SS/2B,Vinny,Vinny Capra,Capra,2.723404255319149,47,2100,CLE@CWS,CWS,CLE,,,,,,2B/3B/SS/UTIL
118578-165730,C,Drew,Drew Millas,Millas,4.724999904632568,4,2100,WSH@STL,WSH,STL,,,,,,C/1B/UTIL
118578-102349,SS/2B,Leo,Leo Rivas,Rivas,5.8600001017252605,30,2100,SEA@NYY,SEA,NYY,,,,,,2B/SS/UTIL
118578-102398,OF,Jarred,Jarred Kelenic,Kelenic,4.278260935907778,23,2100,ATL@ATH,ATL,ATH,,,,,,OF/UTIL
118578-102409,OF,Nick,Nick Schnell,Schnell,,0,2000,WSH@STL,WSH,STL,,,,,,OF/UTIL
118578-102410,C,Ronaldo,Ronaldo Hernandez,Hernandez,,0,2000,SEA@NYY,NYY,SEA,,,,,,C/1B/UTIL
118578-102413,1B,Luken,Luken Baker,Baker,3.7157893933747945,19,2000,WSH@STL,STL,WSH,,,,,,C/1B/UTIL
118578-135195,C,Sebastian,Sebastian Rivero,Rivero,,0,2000,TEX@LAA,LAA,TEX,,,,,,C/1B/UTIL
118578-102436,OF,Kristian,Kristian Robinson,Robinson,,0,2000,ARI@SD,ARI,SD,,,,,,OF/UTIL
118578-135207,2B,Alex,Alex De Goti,De Goti,,0,2000,TEX@LAA,TEX,LAA,,,,,,2B/UTIL
118578-102451,OF,Brennen,Brennen Davis,Davis,0,2,2000,SEA@NYY,NYY,SEA,,,,,,OF/UTIL
118578-135227,2B,Jose,Jose Rojas,Rojas,,0,2000,SEA@NYY,NYY,SEA,,,,,,2B/UTIL
118578-135246,OF,Dominic,Dominic Fletcher,Fletcher,4.406944274902344,72,2000,CLE@CWS,CWS,CLE,,,,,,OF/UTIL
118578-135267,2B,Kaden,Kaden Polcovich,Polcovich,,0,2000,SEA@NYY,SEA,NYY,,,,,,2B/UTIL
118578-135265,1B,Austin,Austin Shenton,Shenton,4.7549999237060545,20,2000,SEA@NYY,SEA,NYY,,,,,,C/1B/UTIL
118578-135269,OF,Zach,Zach DeLoach,DeLoach,6.065217391304348,23,2000,CLE@CWS,CWS,CLE,,,,,,OF/UTIL
118578-157797,OF,Bryan,Bryan De La Cruz,De La Cruz,3.012500047683716,16,2000,SEA@NYY,NYY,SEA,,,,,,OF/UTIL
118578-102512,OF,Carlos,Carlos Rodriguez,Rodriguez,,0,2000,ATL@ATH,ATL,ATH,,,,,,OF/UTIL
118578-135288,SS/2B/3B,Alan,Alan Trejo,Trejo,3.078571319580078,14,2000,TEX@LAA,TEX,LAA,,,,,,2B/3B/SS/UTIL
118578-116869,SS,Erick,Erick Mejia,Mejia,,0,2000,WSH@STL,WSH,STL,,,,,,SS/UTIL
118578-135302,OF,Brayan,Brayan Buelvas,Buelvas,,0,2000,ATL@ATH,ATH,ATL,,,,,,OF/UTIL
118578-102537,OF,Everson,Everson Pereira,Pereira,0,3,2000,SEA@NYY,NYY,SEA,,,,,,OF/UTIL
118578-184479,OF,Corey,Corey Julks,Julks,5.03582080442514,67,2000,CLE@CWS,CWS,CLE,,,,,,OF/UTIL
118578-102563,3B/2B/SS,Jonathan,Jonathan Ornelas,Ornelas,0.75,4,2000,ATL@ATH,ATL,ATH,,,,,,2B/3B/SS/UTIL
118578-102584,C,Tres,Tres Barrera,Barrera,,0,2000,TB@BOS,TB,BOS,,,,,,C/1B/UTIL
118578-198865,OF,Druw,Druw Jones,Jones,,0,2000,ARI@SD,ARI,SD,,,,,,OF/UTIL
118578-198871,SS,Tommy,Tommy Troy,Troy,,0,2000,ARI@SD,ARI,SD,,,,,,SS/UTIL
118578-198875,OF,Chase,Chase DeLauter,DeLauter,,0,2000,CLE@CWS,CLE,CWS,,,,,,OF/UTIL
118578-198900,OF,Spencer,Spencer Jones,Jones,,0,2000,SEA@NYY,NYY,SEA,,,,,,OF/UTIL
118578-198914,SS,Roderick,Roderick Arias,Arias,,0,2000,SEA@NYY,NYY,SEA,,,,,,SS/UTIL
118578-198918,C,Ethan,Ethan Salas,Salas,,0,2000,ARI@SD,SD,ARI,IL,Back,,,,C/1B/UTIL
118578-198931,SS,Felnin,Felnin Celesten,Celesten,,0,2000,SEA@NYY,SEA,NYY,,,,,,SS/UTIL
118578-198933,SS,Sebastian,Sebastian Walcott,Walcott,,0,2000,TEX@LAA,TEX,LAA,,,,,,SS/UTIL
118578-198932,1B,Xavier,Xavier Isaac,Isaac,,0,2000,TB@BOS,TB,BOS,IL,Undisclosed,,,,C/1B/UTIL
118578-82251,OF,Tim,Tim Locastro,Locastro,0,1,2000,ARI@SD,SD,ARI,,,,,,OF/UTIL
118578-194908,SS/2B/3B,Tristan,Tristan Gray,Gray,1.4,15,2000,CLE@CWS,CWS,CLE,,,,,,2B/3B/SS/UTIL
118578-211306,2B,Darren,Darren Baker,Baker,3.355555640326606,9,2000,WSH@STL,WSH,STL,,,,,,2B/UTIL
118578-211339,C,Logan,Logan Driscoll,Driscoll,3.593333435058594,15,2000,TB@BOS,TB,BOS,IL,Ankle,,,,C/1B/UTIL
118578-180644,2B,Nate,Nate Mondou,Mondou,0,1,2000,ARI@SD,SD,ARI,,,,,,2B/UTIL
118578-180694,OF,Cade,Cade Marlowe,Marlowe,1.355555534362793,9,2000,SEA@NYY,SEA,NYY,IL,Undisclosed,,,,OF/UTIL
118578-84471,OF,Nick,Nick Martini,Martini,3.631818251176314,44,2000,ATL@ATH,ATH,ATL,,,,,,OF/UTIL
118578-119304,SS/2B,Braden,Braden Shewmake,Shewmake,3.406896656957166,29,2000,SEA@NYY,NYY,SEA,IL,Undisclosed,,,,2B/SS/UTIL
118578-119313,OF,Matthew,Matthew Lugo,Lugo,6.599999820484834,17,2000,TEX@LAA,LAA,TEX,,,,,,OF/UTIL
118578-219667,OF,Jhostynxon,Jhostynxon Garcia,Garcia,,0,2000,TB@BOS,BOS,TB,,,,,,OF/UTIL
118578-219664,OF,Matt,Matt Koperniak,Koperniak,,0,2000,WSH@STL,STL,WSH,,,,,,OF/UTIL
118578-119332,SS,Yordys,Yordys Valdes,Valdes,,0,2000,CLE@CWS,CLE,CWS,,,,,,SS/UTIL
118578-219699,C,Jesus,Jesus Rodriguez,Rodriguez,,0,2000,SEA@NYY,NYY,SEA,,,,,,C/1B/UTIL
118578-16951,3B,Anthony,Anthony Rendon,Rendon,7.038596705386513,57,2000,TEX@LAA,LAA,TEX,IL,Hip,,,,3B/UTIL
118578-119393,SS,Robert,Robert Puason,Puason,,0,2000,ATL@ATH,ATH,ATL,,,,,,SS/UTIL
118578-82531,C,Andy,Andy Yerzy,Yerzy,,0,2000,WSH@STL,STL,WSH,,,,,,C/1B/UTIL
118578-119394,SS,Logan,Logan Davidson,Davidson,3.466666751437717,9,2000,ATL@ATH,ATH,ATL,,,,,,SS/UTIL
118578-119402,C,Rodolfo,Rodolfo Duran,Duran,,0,2000,ARI@SD,SD,ARI,,,,,,C/1B/UTIL
118578-82558,OF,Conner,Conner Capel,Capel,2.171428544180734,7,2000,ATL@ATH,ATL,ATH,,,,,,OF/UTIL
118578-119424,C,Julio E.,Julio E. Rodriguez,Rodriguez,,0,2000,SEA@NYY,SEA,NYY,,,,,,C/1B/UTIL
118578-201354,3B,Brett,Brett Harris,Harris,6.333333333333333,36,2000,ATL@ATH,ATH,ATL,,,,,,3B/UTIL
118578-119434,OF,Moises,Moises Gomez,Gomez,,0,2000,ARI@SD,SD,ARI,,,,,,OF/UTIL
118578-164499,3B,A.J.,A.J. Vukovich,Vukovich,,0,2000,ARI@SD,ARI,SD,,,,,,3B/UTIL
118578-164502,SS/2B,Vaughn,Vaughn Grissom,Grissom,4.787878787878788,33,2000,TB@BOS,BOS,TB,,,,,,2B/SS/UTIL
118578-164501,SS,Cal,Cal Conley,Conley,,0,2000,ATL@ATH,ATL,ATH,,,,,,SS/UTIL
118578-203417,C,Nick,Nick Raposo,Raposo,,0,2000,SEA@NYY,SEA,NYY,,,,,,C/1B/UTIL
118578-119450,OF,Jeremy,Jeremy De La Rosa,De La Rosa,,0,2000,WSH@STL,WSH,STL,,,,,,OF/UTIL
118578-164508,OF,Jesse,Jesse Franklin,Franklin,,0,2000,ATL@ATH,ATL,ATH,,,,,,OF/UTIL
118578-164518,2B,Tyler,Tyler McDonough,McDonough,,0,2000,TB@BOS,BOS,TB,,,,,,2B/UTIL
118578-21161,2B,Yolmer,Yolmer Sanchez,Sanchez,,0,2000,TEX@LAA,LAA,TEX,,,,,,2B/UTIL
118578-164526,C,Nathan,Nathan Hickey,Hickey,,0,2000,TB@BOS,BOS,TB,,,,,,C/1B/UTIL
118578-164531,SS,Kevin,Kevin Made,Made,,0,2000,WSH@STL,WSH,STL,,,,,,SS/UTIL
118578-21172,1B/2B/3B,Brandon,Brandon Drury,Drury,4.8051547020981,97,2000,TEX@LAA,LAA,TEX,,,,,,C/1B/2B/3B/UTIL
118578-82637,1B,Evan,Evan White,White,0,2,2000,TEX@LAA,LAA,TEX,IL,Hip,,,,C/1B/UTIL
118578-162509,1B/OF,Juan,Juan Yepez,Yepez,8.784127371651786,63,2000,WSH@STL,WSH,STL,,,,,,C/1B/OF/UTIL
118578-17105,C,Sandy,Sandy Leon,Leon,0,2,2000,ATL@ATH,ATL,ATH,,,,,,C/1B/UTIL
118578-103125,2B/SS/OF,Jack,Jack Lopez,Lopez,3.8551725190261315,29,2000,SEA@NYY,SEA,NYY,,,,,,2B/SS/OF/UTIL
118578-195289,OF,Cam,Cam Eden,Eden,,0,2000,SEA@NYY,NYY,SEA,,,,,,OF/UTIL
118578-82659,3B,Carter,Carter Kieboom,Kieboom,0,1,2000,TEX@LAA,LAA,TEX,,,,,,3B/UTIL
118578-70435,OF,Ben,Ben Gamel,Gamel,5.779487022986779,39,2000,TEX@LAA,LAA,TEX,IL,Undisclosed,,,,OF/UTIL
118578-199466,3B/1B,Trey,Trey Lipscomb,Lipscomb,3.066666603088379,3,2000,WSH@STL,WSH,STL,,,,,,C/1B/3B/UTIL
118578-211757,OF,Bryce,Bryce Teodosio,Teodosio,1.2399999618530273,5,2000,TEX@LAA,LAA,TEX,IL,Undisclosed,,,,OF/UTIL
118578-119636,SS,Alexander,Alexander Vargas,Vargas,,0,2000,SEA@NYY,NYY,SEA,,,,,,SS/UTIL
118578-174963,SS,Charles,Charles Leblanc,Leblanc,8.290908813476562,11,2000,ATL@ATH,ATL,ATH,,,,,,SS/UTIL
118578-209786,1B,Niko,Niko Kavadas,Kavadas,0,1,2000,TEX@LAA,LAA,TEX,,,,,,C/1B/UTIL
118578-68554,SS,Andrew,Andrew Velazquez,Velazquez,0,2,2000,SEA@NYY,NYY,SEA,,,,,,SS/UTIL
118578-13303,C,Yasmani,Yasmani Grandal,Grandal,7.036986468589469,73,2000,TB@BOS,BOS,TB,,,,,,C/1B/UTIL
118578-171037,C,Jason,Jason Delay,Delay,6.400000095367432,8,2000,ATL@ATH,ATL,ATH,,,,,,C/1B/UTIL
118578-222286,OF,Braden,Braden Montgomery,Montgomery,,0,2000,CLE@CWS,CWS,CLE,,,,,,OF/UTIL
118578-197764,C,Blake,Blake Hunt,Hunt,0,1,2000,SEA@NYY,SEA,NYY,,,,,,C/1B/UTIL
118578-187594,2B/3B,Coco,Coco Montes,Montes,1.9,5,2000,TB@BOS,TB,BOS,,,,,,2B/3B/UTIL
118578-195795,C,Chandler,Chandler Seagle,Seagle,,0,2000,ATL@ATH,ATL,ATH,,,,,,C/1B/UTIL
118578-60634,OF,Forrest,Forrest Wall,Wall,4.072222391764323,18,2000,ARI@SD,SD,ARI,,,,,,OF/UTIL
118578-146675,3B,Blaze,Blaze Jordan,Jordan,,0,2000,TB@BOS,BOS,TB,,,,,,3B/UTIL
118578-79093,OF,Eloy,Eloy Jimenez,Jimenez,5.833333333333333,99,2000,TB@BOS,TB,BOS,,,,,,OF/UTIL
118578-146694,SS,Arol,Arol Vera,Vera,,0,2000,TEX@LAA,LAA,TEX,,,,,,SS/UTIL
118578-146692,OF,David,David Calabrese,Calabrese,,0,2000,TEX@LAA,LAA,TEX,,,,,,OF/UTIL
118578-146693,OF,Alexander,Alexander Ramirez,Ramirez,,0,2000,TEX@LAA,LAA,TEX,,,,,,OF/UTIL
118578-197904,SS/3B,Darell,Darell Hernaiz,Hernaiz,4.012245022520727,49,2000,ATL@ATH,ATH,ATL,,,,,,3B/SS/UTIL
118578-197912,OF,Jacob,Jacob Hurtubise,Hurtubise,1.8000000317891438,12,2000,SEA@NYY,SEA,NYY,,,,,,OF/UTIL
118578-13596,OF,Trayce,Trayce Thompson,Thompson,0,3,2000,TB@BOS,BOS,TB,,,,,,OF/UTIL
118578-146719,OF,Junior,Junior Perez,Perez,,0,2000,ATL@ATH,ATH,ATL,,,,,,OF/UTIL
118578-146726,OF,Josh,Josh Mears,Mears,,0,2000,ARI@SD,SD,ARI,,,,,,OF/UTIL
118578-146735,OF,Roismar,Roismar Quintana,Quintana,,0,2000,WSH@STL,WSH,STL,,,,,,OF/UTIL
118578-146738,2B,Justin,Justin Foscue,Foscue,4.333333333333333,3,2000,TEX@LAA,TEX,LAA,,,,,,2B/UTIL
118578-79156,SS/2B,David,David Fletcher,Fletcher,2.1666666666666665,6,2000,ATL@ATH,ATL,ATH,,,,,,2B/SS/UTIL
118578-79174,C,Jacob,Jacob Nottingham,Nottingham,,0,2000,SEA@NYY,SEA,NYY,,,,,,C/1B/UTIL
118578-85320,C,Michael,Michael Perez,Perez,0,1,2000,ARI@SD,ARI,SD,,,,,,C/1B/UTIL
118578-79189,2B,Travis,Travis Blankenhorn,Blankenhorn,2.9928572518484935,14,2000,TEX@LAA,LAA,TEX,,,,,,2B/UTIL
118578-79190,C,Ben,Ben Rortvedt,Rortvedt,2.6692308279184194,26,2000,TB@BOS,TB,BOS,,,,,,C/1B/UTIL
118578-181596,2B/3B,Jose,Jose Fermin,Fermin,5.171428680419922,7,2000,WSH@STL,STL,WSH,,,,,,2B/3B/UTIL
118578-79204,SS,Richie,Richie Martin,Martin,,0,2000,TEX@LAA,TEX,LAA,,,,,,SS/UTIL
118578-228716,SS,Chad,Chad Stevens,Stevens,1.8399999618530274,5,2000,TEX@LAA,LAA,TEX,,,,,,SS/UTIL
118578-226686,OF,Rhylan,Rhylan Thomas,Thomas,7.466666539510091,3,2000,SEA@NYY,SEA,NYY,,,,,,OF/UTIL
118578-38276,OF,Albert,Albert Almora,Almora,0,2,2000,ARI@SD,ARI,SD,,,,,,OF/UTIL
118578-79240,C,Aramis,Aramis Garcia,Garcia,0,2,2000,ARI@SD,ARI,SD,,,,,,C/1B/UTIL
118578-152972,2B/OF/SS,Luke,Luke Williams,Williams,2.026086890179178,23,2000,ATL@ATH,ATL,ATH,,,,,,2B/SS/OF/UTIL
118578-38293,OF,Tyler,Tyler Naquin,Naquin,,0,2000,CLE@CWS,CLE,CWS,,,,,,OF/UTIL
118578-193947,SS,Mason,Mason McCoy,McCoy,0,4,2000,ARI@SD,SD,ARI,,,,,,SS/UTIL
118578-79263,OF,Leody,Leody Taveras,Taveras,5.622413898336476,58,2000,SEA@NYY,SEA,NYY,,,,,,OF/UTIL
118578-79277,1B,Rowdy,Rowdy Tellez,Tellez,6.766129032258065,62,2000,TEX@LAA,TEX,LAA,,,,,,C/1B/UTIL
118578-79279,OF,Andrew,Andrew Stevenson,Stevenson,,0,2000,TB@BOS,TB,BOS,,,,,,OF/UTIL
118578-101807,C,Seby,Seby Zavala,Zavala,3.2526315387926603,19,2000,TB@BOS,BOS,TB,,,,,,C/1B/UTIL
118578-13794,OF,Delino,Delino DeShields,DeShields,,0,2000,WSH@STL,WSH,STL,,,,,,OF/UTIL
118578-136673,C,Mark,Mark Kolozsvary,Kolozsvary,0,2,2000,TB@BOS,BOS,TB,IL,Undisclosed,,,,C/1B/UTIL
118578-155109,2B,Alejo,Alejo Lopez,Lopez,0,2,2000,ATL@ATH,ATH,ATL,,,,,,2B/UTIL
118578-226808,1B,Blaine,Blaine Crim,Crim,1.8399999618530274,5,2000,TEX@LAA,TEX,LAA,,,,,,C/1B/UTIL
118578-79387,3B,Jake,Jake Gatewood,Gatewood,,0,2000,SEA@NYY,NYY,SEA,,,,,,3B/UTIL
118578-95772,C,Beau,Beau Taylor,Taylor,,0,2000,SEA@NYY,SEA,NYY,,,,,,C/1B/UTIL
118578-228914,1B,Tristin,Tristin English,English,3.5,1,2000,ARI@SD,ARI,SD,,,,,,C/1B/UTIL
118578-181818,2B,Juan,Juan Brito,Brito,0,3,2000,CLE@CWS,CLE,CWS,IL,Hamstring,,,,2B/UTIL
118578-222795,SS,George,George Lombard Jr.,Lombard Jr.,,0,2000,SEA@NYY,NYY,SEA,,,,,,SS/UTIL
118578-181835,OF,Jorge,Jorge Barrosa,Barrosa,6.44000015258789,5,2000,ARI@SD,ARI,SD,,,,,,OF/UTIL
118578-222799,C,Cooper,Cooper Ingle,Ingle,,0,2000,CLE@CWS,CLE,CWS,,,,,,C/1B/UTIL
118578-222798,1B,CJ,CJ Kayfus,Kayfus,,0,2000,CLE@CWS,CLE,CWS,,,,,,C/1B/UTIL
118578-222797,2B,Travis,Travis Bazzana,Bazzana,,0,2000,CLE@CWS,CLE,CWS,IL,Oblique,,,,2B/UTIL
118578-222796,SS,Angel,Angel Genao,Genao,,0,2000,CLE@CWS,CLE,CWS,,,,,,SS/UTIL
118578-222803,2B,Demetrio,Demetrio Crisantes,Crisantes,,0,2000,ARI@SD,ARI,SD,IL,Shoulder,,,,2B/UTIL
118578-222802,OF,Ryan,Ryan Waldschmidt,Waldschmidt,,0,2000,ARI@SD,ARI,SD,,,,,,OF/UTIL
118578-222801,OF,Jaison,Jaison Chourio,Chourio,,0,2000,CLE@CWS,CLE,CWS,,,,,,OF/UTIL
118578-222800,1B,Ralphy,Ralphy Velazquez,Velazquez,,0,2000,CLE@CWS,CLE,CWS,,,,,,C/1B/UTIL
118578-222804,OF,Slade,Slade Caldwell,Caldwell,,0,2000,ARI@SD,ARI,SD,,,,,,OF/UTIL
118578-222818,SS,Leodalis,Leodalis De Vries,De Vries,,0,2000,ARI@SD,SD,ARI,,,,,,SS/UTIL
118578-181856,3B,Andre,Andre Lipcius,Lipcius,,0,2000,CLE@CWS,CWS,CLE,,,,,,3B/UTIL
118578-222827,SS,Franklin,Franklin Arias,Arias,,0,2000,TB@BOS,BOS,TB,,,,,,SS/UTIL
118578-222826,SS,Yoeilin,Yoeilin Cespedes,Cespedes,,0,2000,TB@BOS,BOS,TB,,,,,,SS/UTIL
118578-222831,SS,Jackson,Jackson Cluff,Cluff,,0,2000,WSH@STL,WSH,STL,,,,,,SS/UTIL
118578-222829,SS,Seaver,Seaver King,King,,0,2000,WSH@STL,WSH,STL,,,,,,SS/UTIL
118578-222835,C,Jimmy,Jimmy Crooks,Crooks,,0,2000,WSH@STL,STL,WSH,,,,,,C/1B/UTIL
118578-222839,SS,Colt,Colt Emerson,Emerson,,0,2000,SEA@NYY,SEA,NYY,,,,,,SS/UTIL
118578-222836,SS,JJ,JJ Wetherholt,Wetherholt,,0,2000,WSH@STL,STL,WSH,,,,,,SS/UTIL
118578-222842,2B,Michael,Michael Arroyo,Arroyo,,0,2000,SEA@NYY,SEA,NYY,,,,,,2B/UTIL
118578-222841,OF,Lazaro,Lazaro Montes,Montes,,0,2000,SEA@NYY,SEA,NYY,,,,,,OF/UTIL
118578-222840,OF,Jonny,Jonny Farmelo,Farmelo,,0,2000,SEA@NYY,SEA,NYY,IL,Ribs,,,,OF/UTIL
118578-222851,C,Dominic,Dominic Keegan,Keegan,,0,2000,TB@BOS,TB,BOS,,,,,,C/1B/UTIL
118578-222850,3B,Brayden,Brayden Taylor,Taylor,,0,2000,TB@BOS,TB,BOS,,,,,,3B/UTIL
118578-222853,1B,Tre',Tre' Morgan,Morgan,,0,2000,TB@BOS,TB,BOS,,,,,,C/1B/UTIL
118578-222852,OF,Theo,Theo Gillen,Gillen,,0,2000,TB@BOS,TB,BOS,,,,,,OF/UTIL
118578-165519,OF,Petey,Petey Halpin,Halpin,,0,2000,CLE@CWS,CLE,CWS,,,,,,OF/UTIL
118578-165516,C,Daniel,Daniel Vellojin,Vellojin,,0,2000,TB@BOS,TB,BOS,,,,,,C/1B/UTIL
118578-165533,3B,Wes,Wes Kath,Kath,,0,2000,CLE@CWS,CWS,CLE,,,,,,3B/UTIL
118578-220839,2B,Cooper,Cooper Bowman,Bowman,,0,2000,ATL@ATH,ATH,ATL,IL,Undisclosed,,,,2B/UTIL
118578-165540,3B,Bryan,Bryan Ramos,Ramos,6.063636548591383,33,2000,CLE@CWS,CWS,CLE,,,,,,3B/UTIL
118578-220848,SS,Christian,Christian Cairo,Cairo,,0,2000,CLE@CWS,CLE,CWS,,,,,,SS/UTIL
118578-163513,C,Rene,Rene Pinto,Pinto,5.578947368421052,19,2000,ARI@SD,ARI,SD,,,,,,C/1B/UTIL
118578-202433,2B/OF,Jamie,Jamie Westbrook,Westbrook,4.490476335797991,21,2000,TB@BOS,TB,BOS,,,,,,2B/OF/UTIL
118578-165575,SS,Denzer,Denzer Guzman,Guzman,,0,2000,TEX@LAA,LAA,TEX,,,,,,SS/UTIL
118578-165576,SS,Adrian,Adrian Placencia,Placencia,,0,2000,TEX@LAA,LAA,TEX,,,,,,SS/UTIL
118578-188114,SS,Connor,Connor Kaiser,Kaiser,,0,2000,ARI@SD,ARI,SD,,,,,,SS/UTIL
118578-165597,SS,Kahlil,Kahlil Watson,Watson,,0,2000,CLE@CWS,CLE,CWS,,,,,,SS/UTIL
118578-116450,OF,Seth,Seth Brown,Brown,3.149999919690584,38,2000,ARI@SD,ARI,SD,,,,,,OF/UTIL
118578-181990,C/OF,Blake,Blake Sabol,Sabol,2.737499952316284,8,2000,TB@BOS,BOS,TB,,,,,,C/1B/OF/UTIL
118578-165623,OF,Carlos,Carlos Cortes,Cortes,,0,2000,ATL@ATH,ATH,ATL,,,,,,OF/UTIL
118578-202501,OF,Duke,Duke Ellis,Ellis,3.0166667302449546,12,2000,SEA@NYY,NYY,SEA,,,,,,OF/UTIL
118578-165644,OF,Pedro,Pedro Pineda,Pineda,,0,2000,ATL@ATH,ATH,ATL,,,,,,OF/UTIL
118578-206608,SS/2B,Nacho,Nacho Alvarez Jr.,Alvarez Jr.,2.2750000953674316,8,2000,ATL@ATH,ATL,ATH,O,Oblique,,,,2B/SS/UTIL
118578-165662,SS,Euribiel,Euribiel Angeles,Angeles,,0,2000,ATL@ATH,ATH,ATL,,,,,,SS/UTIL
118578-165667,OF,Samuel,Samuel Zavala,Zavala,,0,2000,CLE@CWS,CWS,CLE,,,,,,OF/UTIL
118578-165670,C,Brandon,Brandon Valenzuela,Valenzuela,,0,2000,ARI@SD,SD,ARI,,,,,,C/1B/UTIL
118578-165669,2B,Max,Max Ferguson,Ferguson,,0,2000,TB@BOS,BOS,TB,,,,,,2B/UTIL
118578-165672,C,Harry,Harry Ford,Ford,,0,2000,SEA@NYY,SEA,NYY,,,,,,C/1B/UTIL
118578-165679,3B,Milkar,Milkar Perez,Perez,,0,2000,SEA@NYY,SEA,NYY,,,,,,3B/UTIL
118578-165681,3B,Starlin,Starlin Aguilar,Aguilar,,0,2000,SEA@NYY,SEA,NYY,,,,,,3B/UTIL
118578-165688,C,Ricardo,Ricardo Genoves,Genoves,,0,2000,TB@BOS,TB,BOS,,,,,,C/1B/UTIL
118578-165692,OF,Joshua,Joshua Baez,Baez,,0,2000,WSH@STL,STL,WSH,,,,,,OF/UTIL
118578-165702,SS,Carson,Carson Williams,Williams,,0,2000,TB@BOS,TB,BOS,,,,,,SS/UTIL
118578-110404,3B,Mike,Mike Brosseau,Brosseau,0,1,2000,ARI@SD,SD,ARI,,,,,,3B/UTIL
118578-165700,SS,Carlos,Carlos Colmenares,Colmenares,,0,2000,TB@BOS,TB,BOS,,,,,,SS/UTIL
118578-165704,2B,Cooper,Cooper Kinney,Kinney,,0,2000,TB@BOS,TB,BOS,,,,,,2B/UTIL
118578-165711,SS,Cam,Cam Cauley,Cauley,,0,2000,TEX@LAA,TEX,LAA,,,,,,SS/UTIL
118578-165708,2B,Trevor,Trevor Hauver,Hauver,,0,2000,TEX@LAA,TEX,LAA,,,,,,2B/UTIL
118578-163661,3B/2B,Eguy,Eguy Rosario,Rosario,4.193548387096774,31,2000,ARI@SD,SD,ARI,IL,Groin,,,,2B/3B/UTIL
118578-165709,OF,Yeison,Yeison Morrobel,Morrobel,,0,2000,TEX@LAA,TEX,LAA,,,,,,OF/UTIL
118578-165712,3B/OF,Dustin,Dustin Harris,Harris,4.206250190734863,16,2000,TEX@LAA,TEX,LAA,,,,,,3B/OF/UTIL
118578-165713,OF,Aaron,Aaron Zavala,Zavala,,0,2000,TEX@LAA,TEX,LAA,,,,,,OF/UTIL
118578-165718,2B/OF,Samad,Samad Taylor,Taylor,1.5499999523162842,4,2000,SEA@NYY,SEA,NYY,,,,,,2B/OF/UTIL
118578-163679,3B,Joe,Joe Perez,Perez,,0,2000,CLE@CWS,CWS,CLE,,,,,,3B/UTIL
118578-165728,SS,Armando,Armando Cruz,Cruz,,0,2000,WSH@STL,WSH,STL,,,,,,SS/UTIL
118578-163686,3B/SS,Oswaldo,Oswaldo Cabrera,Cabrera,6.597142682756696,35,2000,SEA@NYY,NYY,SEA,IL,Ankle,,,,3B/SS/UTIL
118578-165732,1B,Branden,Branden Boissiere,Boissiere,,0,2000,WSH@STL,WSH,STL,,,,,,C/1B/UTIL
118578-163694,SS,Eddys,Eddys Leonard,Leonard,0,1,2000,ATL@ATH,ATL,ATH,,,,,,SS/UTIL
118578-163695,2B,Jorbit,Jorbit Vivas,Vivas,3.9636362249200996,22,2000,SEA@NYY,NYY,SEA,,,,,,2B/UTIL
118578-180095,OF,Will,Will Brennan,Brennan,1.5,6,2000,CLE@CWS,CLE,CWS,IL,Elbow,,,,OF/UTIL
118578-102285,OF,Cristian,Cristian Pache,Pache,3.2876405180170294,89,2000,ARI@SD,ARI,SD,,,,,,OF/UTIL
118578-182170,OF,Oscar,Oscar Colas,Colas,4.228571483067104,14,2000,TEX@LAA,LAA,TEX,,,,,,OF/UTIL
118578-102303,1B,Triston,Triston Casas,Casas,6.327586206896552,29,2000,TB@BOS,BOS,TB,IL,Knee,,,,C/1B/UTIL
118578-79776,C,Dom,Dom Nunez,Nunez,6.199999809265137,2,2000,CLE@CWS,CLE,CWS,,,,,,C/1B/UTIL
118578-202657,1B,Tyler,Tyler Locklear,Locklear,5.006249904632568,16,2000,SEA@NYY,SEA,NYY,,,,,,C/1B/UTIL
118578-102309,OF,Michael,Michael Siani,Siani,1.6210525914242393,19,2000,WSH@STL,STL,WSH,,,,,,OF/UTIL
118578-102313,OF,George,George Valera,Valera,0,3,2000,CLE@CWS,CLE,CWS,,,,,,OF/UTIL
118578-102331,2B/SS/3B,Nicky,Nicky Lopez,Lopez,1.3105262957121198,19,2000,SEA@NYY,NYY,SEA,,,,,,2B/3B/SS/UTIL
118578-81869,C,Chad,Chad Wallach,Wallach,,0,2000,TEX@LAA,LAA,TEX,,,,,,C/1B/UTIL
118578-171986,3B,Matthew,Matthew Batten,Batten,4.5,2,2000,ATL@ATH,ATL,ATH,,,,,,3B/UTIL
118578-102358,SS,Jose,Jose Devers,Devers,1.2399999618530273,5,2000,ATL@ATH,ATL,ATH,,,,,,SS/UTIL
118578-102384,SS,Jeremy,Jeremy Eierman,Eierman,,0,2000,ATL@ATH,ATH,ATL,,,,,,SS/UTIL
118578-102391,OF,Tirso,Tirso Ornelas,Ornelas,1.7857142857142858,7,2000,ARI@SD,SD,ARI,,,,,,OF/UTIL