Id,Position,First Name,Nickname,Last Name,FPPG,Played,Salary,Game,Team,Opponent,Injury Indicator,Injury Details,Tier,Probable Pitcher,Batting Order,Roster Position
120123-146687,P,Hunter,Hunter Brown,Brown,38.407407407407405,27,10800,NYY@HOU,HOU,NYY,,,,,0,P
120123-197980,P,Paul,Paul Skenes,Skenes,38.357142857142854,28,10600,LAD@PIT,PIT,LAD,,,,Yes,,P
120123-52185,P,Max,Max Fried,Fried,34.785714285714285,28,10200,NYY@HOU,NYY,HOU,,,,,0,P
120123-198625,P,Yoshinobu,Yoshinobu Yamamoto,Yamamoto,35.96153846153846,26,10100,LAD@PIT,LAD,PIT,,,,,0,P
120123-185606,P,Gavin,Gavin Stone,Stone,28.4,25,9900,LAD@PIT,LAD,PIT,IL,Shoulder,,,0,P
120123-83152,P,Pablo,Pablo Lopez,Lopez,31.818181818181817,11,9800,CWS@MIN,MIN,CWS,IL,Shoulder,,,0,P
120123-85599,P,Framber,Framber Valdez,Valdez,35.48148148148148,27,9800,NYY@HOU,HOU,NYY,,,,,0,P
120123-232379,P,Parker,Parker Messick,Messick,32,3,9800,CLE@TB,CLE,TB,,,,,0,P
120123-82440,P,Shohei,Shohei Ohtani,Ohtani,17.272727272727273,136,9700,LAD@PIT,LAD,PIT,,,,,1,P
120123-119430,P,Joe,Joe Ryan,Ryan,35.96296296296296,27,9700,CWS@MIN,MIN,CWS,,,,,0,P
120123-82621,P,Clarke,Clarke Schmidt,Schmidt,30,14,9600,NYY@HOU,NYY,HOU,IL,Elbow,,,0,P
120123-102330,P,Kris,Kris Bubic,Bubic,34.5,20,9600,LAA@KC,KC,LAA,IL,Shoulder,,,0,P
120123-60633,P,Carlos,Carlos Rodon,Rodon,35.42857142857143,28,9500,NYY@HOU,NYY,HOU,,,,Yes,,P
120123-209173,P,Zebby,Zebby Matthews,Matthews,27.153846153846153,13,9300,CWS@MIN,MIN,CWS,,,,,0,P
120123-79270,P,Cole,Cole Ragans,Ragans,31,10,9300,LAA@KC,KC,LAA,IL,Shoulder,,,0,P
120123-102407,P,Shane,Shane McClanahan,McClanahan,0,1,9200,CLE@TB,TB,CLE,IL,Triceps,,,0,P
120123-219697,P,Noah,Noah Cameron,Cameron,28.31578947368421,19,9200,LAA@KC,KC,LAA,,,,Yes,,P
120123-119361,P,Drew,Drew Rasmussen,Rasmussen,26.59259259259259,27,9200,CLE@TB,TB,CLE,,,,,0,P
120123-52183,P,Tyler,Tyler Glasnow,Glasnow,28.357142857142858,14,9200,LAD@PIT,LAD,PIT,,,,,0,P
120123-228790,P,Cam,Cam Schlittler,Schlittler,32.111111111111114,9,9100,NYY@HOU,NYY,HOU,,,,,0,P
120123-102001,P,Yusei,Yusei Kikuchi,Kikuchi,28.862068965517242,29,9100,LAA@KC,LAA,KC,,,,,0,P
120123-16956,P,Gerrit,Gerrit Cole,Cole,32,22,9000,NYY@HOU,NYY,HOU,IL,Elbow,,,0,P
120123-146725,P,Jared,Jared Jones,Jones,30.59090909090909,22,8900,LAD@PIT,PIT,LAD,IL,Elbow,,,0,P
120123-170527,P,Jason,Jason Alexander,Alexander,20.142857142857142,14,8900,NYY@HOU,HOU,NYY,,,,,0,P
120123-68488,P,Blake,Blake Snell,Snell,31.714285714285715,7,8800,LAD@PIT,LAD,PIT,,,,Yes,,P
120123-198912,P,Will,Will Warren,Warren,25.82758620689655,29,8700,NYY@HOU,NYY,HOU,,,,,0,P
120123-5427,P,Clayton,Clayton Kershaw,Kershaw,24.38888888888889,18,8700,LAD@PIT,LAD,PIT,,,,,0,P
120123-118206,P,Luis,Luis Gil,Gil,25.166666666666668,6,8600,NYY@HOU,NYY,HOU,,,,,0,P
120123-164521,P,Brandon,Brandon Walter,Walter,31.88888888888889,9,8600,NYY@HOU,HOU,NYY,IL,Elbow,,,0,P
120123-37999,P,Michael,Michael Wacha,Wacha,26.37037037037037,27,8500,LAA@KC,KC,LAA,,,,,0,P
120123-146663,P,Slade,Slade Cecconi,Cecconi,25.789473684210527,19,8500,CLE@TB,CLE,TB,,,,,0,P
120123-119411,P,Joey,Joey Cantillo,Cantillo,13.866666666666667,30,8500,CLE@TB,CLE,TB,,,,,0,P
120123-168872,P,Ronel,Ronel Blanco,Blanco,28.555555555555557,9,8500,NYY@HOU,HOU,NYY,IL,Elbow,,,0,P
120123-135647,P,Ryan,Ryan Pepiot,Pepiot,30.714285714285715,28,8400,CLE@TB,TB,CLE,,,,Yes,,P
120123-179725,P,Luis,Luis Ortiz,Ortiz,29.3125,16,8400,CLE@TB,CLE,TB,O,Personal,,,0,P
120123-222787,P,Roki,Roki Sasaki,Sasaki,16.375,8,8400,LAD@PIT,LAD,PIT,IL,Shoulder,,,0,P
120123-165636,P,Hayden,Hayden Wesneski,Wesneski,24.833333333333332,6,8300,NYY@HOU,HOU,NYY,IL,Elbow,,,0,P
120123-102345,P,Jose,Jose Soriano,Soriano,29.928571428571427,28,8300,LAA@KC,LAA,KC,,,,,0,P
120123-185501,P,Tanner,Tanner Bibee,Bibee,26.48148148148148,27,8200,CLE@TB,CLE,TB,,,,,0,P
120123-82630,P,Shane,Shane Baz,Baz,28.40740740740741,27,8200,CLE@TB,TB,CLE,,,,,0,P
120123-11328,P,Martin,Martin Perez,Perez,29.25,8,8100,CWS@MIN,CWS,MIN,,,,,0,P
120123-170315,P,Davis,Davis Martin,Martin,24.363636363636363,22,8100,CWS@MIN,CWS,MIN,,,,,0,P
120123-219724,P,Ryan,Ryan Bergert,Bergert,21.058823529411764,17,8100,LAA@KC,KC,LAA,,,,,0,P
120123-165518,P,Gavin,Gavin Williams,Williams,29.703703703703702,27,8100,CLE@TB,CLE,TB,,,,,0,P
120123-102343,P,Tony,Tony Gonsolin,Gonsolin,26.285714285714285,7,8100,LAD@PIT,LAD,PIT,IL,Elbow,,,0,P
120123-79217,P,Mitch,Mitch Keller,Keller,26.607142857142858,28,8000,LAD@PIT,PIT,LAD,,,,,0,P
120123-52728,P,Michael,Michael Lorenzen,Lorenzen,25.181818181818183,23,8000,LAA@KC,KC,LAA,,,,,0,P
120123-165543,P,Sean,Sean Burke,Burke,23.291666666666668,24,8000,CWS@MIN,CWS,MIN,,,,,0,P
120123-203676,P,David,David Festa,Festa,22.272727272727273,11,8000,CWS@MIN,MIN,CWS,IL,Shoulder,,,0,P
120123-145612,P,Bailey,Bailey Ober,Ober,21.956521739130434,23,7900,CWS@MIN,MIN,CWS,,,,,0,P
120123-165655,P,Bubba,Bubba Chandler,Chandler,22,3,7800,LAD@PIT,PIT,LAD,,,,,0,P
120123-194939,P,Joe,Joe Boyle,Boyle,16.7,10,7700,CLE@TB,TB,CLE,,,,,0,P
120123-220840,P,Shane,Shane Smith,Smith,24.666666666666668,24,7700,CWS@MIN,CWS,MIN,,,,,0,P
120123-204505,P,Justin,Justin Wrobleski,Wrobleski,17.294117647058822,17,7700,LAD@PIT,LAD,PIT,,,,,0,P
120123-68485,P,Ryan,Ryan Yarbrough,Yarbrough,16.6875,16,7700,NYY@HOU,NYY,HOU,,,,,0,P
120123-66766,P,Adrian,Adrian Houser,Houser,29.941176470588236,17,7600,CLE@TB,TB,CLE,,,,,0,P
120123-135650,P,Landon,Landon Knack,Knack,20.11111111111111,9,7600,LAD@PIT,LAD,PIT,,,,,0,P
120123-198362,P,Stephen,Stephen Kolek,Kolek,24.266666666666666,15,7600,LAA@KC,KC,LAA,,,,,0,P
120123-97300,P,John,John Means,Means,28,5,7500,CLE@TB,CLE,TB,IL,Elbow,,,0,P
120123-135229,P,Reid,Reid Detmers,Detmers,6.473684210526316,59,7500,LAA@KC,LAA,KC,,,,,0,P
120123-79118,P,Triston,Triston McKenzie,McKenzie,2,4,7500,CLE@TB,CLE,TB,,,,,0,P
120123-79123,P,Tyler,Tyler Alexander,Alexander,8.720930232558139,45,7500,CWS@MIN,CWS,MIN,,,,,0,P
120123-71034,P,Seth,Seth Lugo,Lugo,27.153846153846153,26,7500,LAA@KC,KC,LAA,IL,Back,,,0,P
120123-165573,P,Alec,Alec Marsh,Marsh,24.423076923076923,26,7500,LAA@KC,KC,LAA,IL,Shoulder,,,0,P
120123-52159,P,Lance,Lance McCullers Jr.,McCullers Jr.,17.615384615384617,13,7500,NYY@HOU,HOU,NYY,,,,,0,P
120123-145625,P,Bailey,Bailey Falter,Falter,19.346153846153847,26,7400,LAA@KC,KC,LAA,IL,Biceps,,,0,P
120123-60646,P,Ben,Ben Lively,Lively,20.555555555555557,9,7400,CLE@TB,CLE,TB,IL,Elbow,,,0,P
120123-187967,P,Emmet,Emmet Sheehan,Sheehan,28.09090909090909,11,7400,LAD@PIT,LAD,PIT,,,,,0,P
120123-165659,P,Mike,Mike Burrows,Burrows,21.05263157894737,19,7400,LAD@PIT,PIT,LAD,,,,,0,P
120123-102528,P,Simeon,Simeon Woods Richardson,Woods Richardson,21.105263157894736,19,7300,CWS@MIN,MIN,CWS,,,,,0,P
120123-198885,P,Spencer,Spencer Arrighetti,Arrighetti,21.428571428571427,7,7300,NYY@HOU,HOU,NYY,IL,Elbow,,,0,P
120123-185490,P,Logan,Logan Allen,Allen,22.53846153846154,26,7200,CLE@TB,CLE,TB,,,,Yes,,P
120123-165698,P,Taj,Taj Bradley,Bradley,24.130434782608695,23,7200,CWS@MIN,MIN,CWS,,,,Yes,,P
120123-200581,P,Jonathan,Jonathan Cannon,Cannon,20.05263157894737,19,7200,CWS@MIN,CWS,MIN,,,,,0,P
120123-197914,P,Nick,Nick Frasso,Frasso,0,2,7100,LAD@PIT,LAD,PIT,,,,,0,P
120123-146717,P,Mick,Mick Abel,Abel,12.5,9,7100,CWS@MIN,MIN,CWS,,,,,0,P
120123-38246,P,Tyler,Tyler Anderson,Anderson,21.153846153846153,26,7100,LAA@KC,LAA,KC,IL,Oblique,,,0,P
120123-219586,P,Ian,Ian Seymour,Seymour,15.071428571428571,14,7100,CLE@TB,TB,CLE,,,,,0,P
120123-79076,P,Kolby,Kolby Allard,Allard,8.107142857142858,28,7000,CLE@TB,CLE,TB,,,,,0,P
120123-102335,P,Cristian,Cristian Javier,Javier,22,4,7000,NYY@HOU,HOU,NYY,,,,Yes,,P
120123-211069,P,Sam,Sam Aldegheri,Aldegheri,5,2,6900,LAA@KC,LAA,KC,,,,,0,P
120123-219662,P,Colton,Colton Gordon,Gordon,19.4,15,6900,NYY@HOU,HOU,NYY,,,,,0,P
120123-198916,P,Thomas,Thomas Harrington,Harrington,0.6666666666666666,3,6800,LAD@PIT,PIT,LAD,IL,Undisclosed,,,0,P
120123-185845,P,Allan,Allan Winans,Winans,6.333333333333333,3,6800,NYY@HOU,NYY,HOU,,,,,0,P
120123-80859,P,Paul,Paul Blackburn,Blackburn,8.7,10,6800,NYY@HOU,NYY,HOU,,,,,0,P
120123-135212,P,Luis,Luis Garcia,Garcia,37,1,6700,NYY@HOU,HOU,NYY,,,,,0,P
120123-53398,P,Kyle,Kyle Hendricks,Hendricks,20.076923076923077,26,6700,LAA@KC,LAA,KC,,,,Yes,,P
120123-232673,P,Mitch,Mitch Farris,Farris,27,1,6700,LAA@KC,LAA,KC,,,,,0,P
120123-156976,P,Darren,Darren McCaughan,McCaughan,10.333333333333334,3,6700,CWS@MIN,MIN,CWS,,,,,0,P
120123-119426,P,Johan,Johan Oviedo,Oviedo,24.75,4,6700,LAD@PIT,PIT,LAD,,,,,0,P
120123-68518,P,Spencer,Spencer Turnbull,Turnbull,7.333333333333333,3,6700,LAA@KC,KC,LAA,,,,,0,P
120123-102387,P,Braxton,Braxton Ashcraft,Ashcraft,13.681818181818182,22,6700,LAD@PIT,PIT,LAD,,,,,0,P
120123-102333,P,Daniel,Daniel Lynch IV,Lynch IV,5.06,50,6600,LAA@KC,KC,LAA,,,,,0,P
120123-60627,P,Touki,Touki Toussaint,Toussaint,9,1,6500,LAA@KC,LAA,KC,,,,,0,P
120123-198891,P,Caden,Caden Dana,Dana,15,3,6500,LAA@KC,LAA,KC,,,,,0,P
120123-208114,P,Connor,Connor Gillispie,Gillispie,12,6,6500,CWS@MIN,MIN,CWS,IL,Undisclosed,,,0,P
120123-198917,P,Drew,Drew Thorpe,Thorpe,18.333333333333332,9,6500,CWS@MIN,CWS,MIN,IL,Elbow,,,0,P
120123-135648,P,Bobby,Bobby Miller,Miller,7.5,2,6500,LAD@PIT,LAD,PIT,,,,,0,P
120123-181805,P,J.P.,J.P. France,France,15.8,6,6500,NYY@HOU,HOU,NYY,,,,,0,P
120123-23089,P,Dallas,Dallas Keuchel,Keuchel,13.25,4,6500,LAA@KC,KC,LAA,,,,,0,P
120123-68452,P,Kenta,Kenta Maeda,Maeda,3.857142857142857,7,6500,NYY@HOU,NYY,HOU,,,,,0,P
120123-209846,P,Ben,Ben Casparius,Casparius,8.318181818181818,45,6500,LAD@PIT,LAD,PIT,,,,,0,P
120123-52167,P,Andrew,Andrew Heaney,Heaney,17.5,26,6500,LAD@PIT,LAD,PIT,,,,,0,P
120123-102378,P,Matt,Matt Sauer,Sauer,11,10,6500,LAD@PIT,LAD,PIT,,,,,0,P
120123-170174,P,Chase,Chase Silseth,Silseth,5.333333333333333,3,6400,LAA@KC,LAA,KC,,,,,0,P
120123-146724,P,Carmen,Carmen Mlodzinski,Mlodzinski,13.928571428571429,28,6400,LAD@PIT,PIT,LAD,,,,,0,P
120123-79147,P,Jakob,Jakob Junis,Junis,5.352941176470588,51,6400,CLE@TB,CLE,TB,,,,,0,P
120123-219695,P,Luinder,Luinder Avila,Avila,7.5,2,6400,LAA@KC,KC,LAA,,,,,0,P
120123-219703,P,Travis,Travis Adams,Adams,9.11111111111111,9,6400,CWS@MIN,MIN,CWS,,,,,0,P
120123-119355,P,Jack,Jack Kochanowicz,Kochanowicz,14.391304347826088,23,6400,LAA@KC,LAA,KC,,,,,0,P
120123-119398,P,Yoendrys,Yoendrys Gomez,Gomez,12.25,17,6400,CWS@MIN,CWS,MIN,,,,,0,P
120123-79254,P,Dakota,Dakota Hudson,Hudson,14.38888888888889,18,6300,LAA@KC,LAA,KC,,,,,0,P
120123-53608,P,Jose,Jose Urena,Urena,8.307692307692308,13,6200,LAA@KC,LAA,KC,,,,,0,P
120123-82534,P,Bryse,Bryse Wilson,Wilson,6.05,20,6200,CWS@MIN,CWS,MIN,,,,,0,P
120123-199459,P,Nick,Nick Nastrini,Nastrini,11.666666666666666,9,6200,LAD@PIT,LAD,PIT,,,,,0,P
120123-70559,P,Mike,Mike Clevinger,Clevinger,1.375,8,6200,CWS@MIN,CWS,MIN,,,,,0,P
120123-198905,P,Mike,Mike Vasil,Vasil,10.829268292682928,41,6100,CWS@MIN,CWS,MIN,,,,,0,P
120123-231537,P,Pierson,Pierson Ohl,Ohl,10.142857142857142,7,6000,CWS@MIN,MIN,CWS,,,,,0,P
120123-101804,P,Huascar,Huascar Ynoa,Ynoa,0,2,6000,CWS@MIN,MIN,CWS,,,,,0,P
120123-68505,P,Carson,Carson Fulmer,Fulmer,8.384615384615385,13,6000,LAA@KC,LAA,KC,IL,Elbow,,,0,P
120123-102342,P,Michael,Michael Grove,Grove,6.325,40,6000,LAD@PIT,LAD,PIT,IL,Shoulder,,,0,P
120123-102420,P,Owen,Owen White,White,6,3,5900,CWS@MIN,CWS,MIN,IL,Hip,,,0,P
120123-161167,P,Glenn,Glenn Otto,Otto,0,1,5900,NYY@HOU,HOU,NYY,IL,Shoulder,,,0,P
120123-165578,P,Ky,Ky Bush,Bush,14.25,4,5900,CWS@MIN,CWS,MIN,IL,Elbow,,,0,P
120123-163675,P,Noah,Noah Davis,Davis,1.7142857142857142,8,5900,CWS@MIN,MIN,CWS,,,,,0,P
120123-189299,P,Victor,Victor Mederos,Mederos,10.2,5,5800,LAA@KC,LAA,KC,IL,Shoulder,,,0,P
120123-145610,P,Angel,Angel Zerpa,Zerpa,4.9491525423728815,60,5700,LAA@KC,KC,LAA,,,,,0,P
120123-79126,P,Forrest,Forrest Whitley,Whitley,2,10,5700,CLE@TB,TB,CLE,,,,,0,P
120123-161275,P,Kyle,Kyle Tyler,Tyler,14.125,8,5700,CWS@MIN,CWS,MIN,,,,,0,P
120123-82573,P,Alex,Alex Faedo,Faedo,8.054054054054054,37,5700,CLE@TB,TB,CLE,IL,Shoulder,,,0,P
120123-226310,P,Jose,Jose Fermin,Fermin,5.137931034482759,30,5500,LAA@KC,LAA,KC,,,,,0,P
120123-211985,P,Andrew,Andrew Walters,Walters,2,2,5500,CLE@TB,CLE,TB,IL,Lat,,,0,P
120123-155687,P,Andrew,Andrew Wantz,Wantz,10,1,5500,CLE@TB,TB,CLE,IL,Elbow,,,0,P
120123-68654,P,John,John Gant,Gant,,0,5500,LAA@KC,KC,LAA,,,,,0,P
120123-212025,P,Zach,Zach Penrod,Penrod,3,7,5500,LAD@PIT,LAD,PIT,,,,,0,P
120123-200764,P,Cam,Cam Booser,Booser,4.285714285714286,35,5500,CWS@MIN,CWS,MIN,,,,,0,P
120123-79936,P,Mark,Mark Leiter Jr.,Leiter Jr.,4.653846153846154,52,5500,NYY@HOU,NYY,HOU,,,,,0,P
120123-104512,P,Geoff,Geoff Hartlieb,Hartlieb,0.25,4,5500,LAA@KC,KC,LAA,,,,,0,P
120123-154688,P,Jake,Jake Cousins,Cousins,6.4186046511627906,43,5500,NYY@HOU,NYY,HOU,IL,Elbow,,,0,P
120123-11333,P,Craig,Craig Kimbrel,Kimbrel,6.6,5,5500,NYY@HOU,HOU,NYY,,,,,0,P
120123-179275,P,Fernando,Fernando Cruz,Cruz,7.405405405405405,37,5500,NYY@HOU,NYY,HOU,,,,,0,P
120123-135253,P,Alex,Alex Vesia,Vesia,5.661016949152542,59,5500,LAD@PIT,LAD,PIT,IL,Oblique,,,0,P
120123-102489,P,Carlos,Carlos Hernandez,Hernandez,4.075,41,5500,CLE@TB,CLE,TB,,,,,0,P
120123-135256,P,Connor,Connor Brogdon,Brogdon,4.527777777777778,37,5500,LAA@KC,LAA,KC,,,,,0,P
120123-135262,P,Anthony,Anthony Misiewicz,Misiewicz,4.333333333333333,4,5500,CWS@MIN,MIN,CWS,IL,Pectoral,,,0,P
120123-73828,P,Dan,Dan Altavilla,Altavilla,4.583333333333333,25,5500,CWS@MIN,CWS,MIN,IL,Lat,,,0,P
120123-102503,P,John,John Rooney,Rooney,7,1,5500,NYY@HOU,HOU,NYY,IL,Elbow,,,0,P
120123-116839,P,David,David Bednar,Bednar,6.826923076923077,53,5500,NYY@HOU,NYY,HOU,,,,,0,P
120123-102505,P,Edwin,Edwin Uceta,Uceta,7.186440677966102,59,5500,CLE@TB,TB,CLE,,,,,0,P
120123-116847,P,Cole,Cole Sulser,Sulser,6,13,5500,CLE@TB,TB,CLE,,,,,0,P
120123-83054,P,Justin,Justin Anderson,Anderson,4.796296296296297,56,5500,CWS@MIN,CWS,MIN,,,,,0,P
120123-161906,P,Dauri,Dauri Moreta,Moreta,6.444444444444445,9,5500,LAD@PIT,PIT,LAD,,,,,0,P
120123-135281,P,Bryan,Bryan Baker,Baker,5.508196721311475,62,5500,CLE@TB,TB,CLE,,,,,0,P
120123-85108,P,Enyel,Enyel De Los Santos,De Los Santos,5.34,53,5500,NYY@HOU,HOU,NYY,,,,,0,P
120123-135289,P,Kodi,Kodi Whitley,Whitley,,0,5500,CLE@TB,TB,CLE,,,,,0,P
120123-135303,P,Jordan,Jordan Weems,Weems,-2,4,5500,NYY@HOU,HOU,NYY,,,,,0,P
120123-135306,P,Cole,Cole Wilcox,Wilcox,,0,5500,CLE@TB,TB,CLE,,,,,0,P
120123-114827,P,John,John Schreiber,Schreiber,4.741935483870968,64,5500,LAA@KC,KC,LAA,,,,,0,P
120123-21653,P,Hector,Hector Neris,Neris,4.46875,35,5500,NYY@HOU,HOU,NYY,,,,,0,P
120123-83097,P,D.J.,D.J. Snelten,Snelten,,0,5500,CWS@MIN,CWS,MIN,,,,,0,P
120123-152733,P,Griffin,Griffin Jax,Jax,5.60655737704918,63,5500,CLE@TB,TB,CLE,,,,,0,P
120123-102560,P,Camilo,Camilo Doval,Doval,5.278688524590164,61,5500,NYY@HOU,NYY,HOU,,,,,0,P
120123-12452,P,Kenley,Kenley Jansen,Jansen,5.333333333333333,56,5500,LAA@KC,LAA,KC,,,,,0,P
120123-102565,P,Mason,Mason Englert,Englert,7.464285714285714,30,5500,CLE@TB,TB,CLE,,,,,0,P
120123-195748,P,Kelvin,Kelvin Caceres,Caceres,0,2,5500,LAA@KC,LAA,KC,,,,,0,P
120123-102570,P,Sandy,Sandy Gaston,Gaston,,0,5500,LAA@KC,LAA,KC,,,,,0,P
120123-85164,P,Matt,Matt Festa,Festa,4.2,51,5500,CLE@TB,CLE,TB,,,,,0,P
120123-102590,P,Joey,Joey Gerber,Gerber,,0,5500,CLE@TB,TB,CLE,,,,,0,P
120123-160965,P,Elvis,Elvis Peguero,Peguero,3.875,8,5500,CWS@MIN,CWS,MIN,IL,Elbow,,,0,P
120123-206028,P,River,River Ryan,Ryan,28,4,5500,LAD@PIT,LAD,PIT,IL,Elbow,,,0,P
120123-194770,P,Nick,Nick Hernandez,Hernandez,5.8,5,5500,NYY@HOU,HOU,NYY,,,,,0,P
120123-198874,P,Noah,Noah Schultz,Schultz,,0,5500,CWS@MIN,CWS,MIN,,,,,0,P
120123-38106,P,Kirby,Kirby Yates,Yates,5.146341463414634,43,5500,LAD@PIT,LAD,PIT,,,,,0,P
120123-83163,P,Jonathan,Jonathan Loaisiga,Loaisiga,4.066666666666666,30,5500,NYY@HOU,NYY,HOU,IL,Elbow,,,0,P
120123-79066,P,Anthony,Anthony Banda,Banda,4.698412698412699,63,5500,LAD@PIT,LAD,PIT,,,,,0,P
120123-145630,P,Kervin,Kervin Castro,Castro,,0,5500,NYY@HOU,NYY,HOU,,,,,0,P
120123-79071,P,Taylor,Taylor Clarke,Clarke,5.195121951219512,41,5500,LAA@KC,KC,LAA,,,,,0,P
120123-83172,P,Jonathan,Jonathan Hernandez,Hernandez,6.448275862068965,29,5500,CLE@TB,TB,CLE,,,,,0,P
120123-79084,P,Tanner,Tanner Scott,Scott,4.6,50,5500,LAD@PIT,LAD,PIT,,,,,0,P
120123-146678,P,Tanner,Tanner Burns,Burns,,0,5500,CLE@TB,CLE,TB,,,,,0,P
120123-198901,P,Chase,Chase Hampton,Hampton,,0,5500,NYY@HOU,NYY,HOU,IL,Elbow,,,0,P
120123-79097,P,Bryan,Bryan Hudson,Hudson,4.875,16,5500,CWS@MIN,CWS,MIN,IL,Back,,,0,P
120123-146684,P,Jared,Jared Kelley,Kelley,,0,5500,CWS@MIN,CWS,MIN,,,,,0,P
120123-197884,P,Yoniel,Yoniel Curet,Curet,0,1,5500,CLE@TB,TB,CLE,,,,,0,P
120123-197891,P,Michael,Michael Arias,Arias,0,2,5500,NYY@HOU,NYY,HOU,,,,,0,P
120123-146691,P,Asa,Asa Lacy,Lacy,,0,5500,LAA@KC,KC,LAA,IL,Elbow,,,0,P
120123-146688,P,Alex,Alex Santos II,Santos II,,0,5500,NYY@HOU,HOU,NYY,,,,,0,P
120123-194816,P,Kyle,Kyle Hurt,Hurt,8.666666666666666,5,5500,LAD@PIT,LAD,PIT,IL,Elbow,,,0,P
120123-85255,P,Shaun,Shaun Anderson,Anderson,4.857142857142857,7,5500,LAA@KC,LAA,KC,,,,,0,P
120123-197896,P,Will,Will Klein,Klein,7.1,10,5500,LAD@PIT,LAD,PIT,,,,,0,P
120123-198920,P,Dylan,Dylan Lesko,Lesko,,0,5500,CLE@TB,TB,CLE,,,,,0,P
120123-146702,P,Cole,Cole Sands,Sands,5.033898305084746,59,5500,CWS@MIN,MIN,CWS,,,,,0,P
120123-170254,P,Colin,Colin Holderman,Holderman,2.6315789473684212,20,5500,LAD@PIT,PIT,LAD,,,,,0,P
120123-79116,P,Riley,Riley Pint,Pint,1.75,4,5500,CLE@TB,CLE,TB,IL,Undisclosed,,,0,P
120123-197902,P,Cade,Cade Smith,Smith,6.475409836065574,63,5500,CLE@TB,CLE,TB,,,,,0,P
120123-70933,P,Brock,Brock Stewart,Stewart,5.209302325581396,43,5500,LAD@PIT,LAD,PIT,IL,Shoulder,,,0,P
120123-79129,P,Kyle,Kyle Funkhouser,Funkhouser,,0,5500,LAD@PIT,LAD,PIT,,,,,0,P
120123-209176,P,Chase,Chase Shugart,Shugart,5.787878787878788,34,5500,LAD@PIT,PIT,LAD,,,,,0,P
120123-197919,P,Jairo,Jairo Iriarte,Iriarte,5.5,6,5500,CWS@MIN,CWS,MIN,,,,,0,P
120123-79135,P,Beau,Beau Burrows,Burrows,,0,5500,LAD@PIT,PIT,LAD,,,,,0,P
120123-146723,P,Eddy,Eddy Yean,Yean,,0,5500,LAD@PIT,PIT,LAD,,,,,0,P
120123-116002,P,Joel,Joel Kuhnel,Kuhnel,5,6,5500,NYY@HOU,NYY,HOU,,,,,0,P
120123-146727,P,Justin,Justin Lange,Lange,,0,5500,NYY@HOU,NYY,HOU,IL,Undisclosed,,,0,P
120123-146730,P,Nick,Nick Bitsko,Bitsko,,0,5500,CLE@TB,TB,CLE,,,,,0,P
120123-85288,P,Brusdar,Brusdar Graterol,Graterol,4.4,10,5500,LAD@PIT,LAD,PIT,IL,Shoulder,,,0,P
120123-38189,P,Michael,Michael Tonkin,Tonkin,5.538461538461538,13,5500,CWS@MIN,MIN,CWS,,,,,0,P
120123-146732,P,Nick,Nick Swiney,Swiney,,0,5500,NYY@HOU,HOU,NYY,,,,,0,P
120123-152888,P,Sam,Sam Long,Long,4.290322580645161,31,5500,LAA@KC,KC,LAA,,,,,0,P
120123-185662,P,Sammy,Sammy Peralta,Peralta,6,9,5500,LAA@KC,LAA,KC,,,,,0,P
120123-113986,P,Emmanuel,Emmanuel Clase,Clase,5.458333333333333,48,5500,CLE@TB,CLE,TB,O,Personal,,,0,P
120123-203080,P,Brandon,Brandon Eisert,Eisert,5.081967213114754,61,5500,CWS@MIN,CWS,MIN,,,,,0,P
120123-181583,P,Prelander,Prelander Berroa,Berroa,7.0588235294117645,17,5500,CWS@MIN,CWS,MIN,IL,Elbow,,,0,P
120123-79185,P,Justin,Justin Dunn,Dunn,,0,5500,LAA@KC,KC,LAA,,,,,0,P
120123-226643,P,AJ,AJ Blubaugh,Blubaugh,18.6,5,5500,NYY@HOU,HOU,NYY,,,,,0,P
120123-204119,P,Jacob,Jacob Bosiokovic,Bosiokovic,,0,5500,CWS@MIN,MIN,CWS,,,,,0,P
120123-118106,P,Victor,Victor Gonzalez,Gonzalez,3.1481481481481484,27,5500,LAA@KC,LAA,KC,,,,,0,P
120123-38251,P,Hunter,Hunter Strickland,Strickland,4.7368421052631575,19,5500,LAA@KC,LAA,KC,IL,Shoulder,,,0,P
120123-193897,P,Kody,Kody Funderburk,Funderburk,4.714285714285714,28,5500,CWS@MIN,MIN,CWS,,,,,0,P
120123-181651,P,Matt,Matt Krook,Krook,4.333333333333333,3,5500,CLE@TB,CLE,TB,,,,,0,P
120123-170384,P,Yerry,Yerry de los Santos,de los Santos,6.333333333333333,25,5500,NYY@HOU,NYY,HOU,,,,,0,P
120123-38303,P,Andrew,Andrew Chafin,Chafin,4.4324324324324325,39,5500,LAA@KC,LAA,KC,,,,,0,P
120123-193949,P,Steven,Steven Cruz,Cruz,4.738095238095238,43,5500,LAA@KC,KC,LAA,IL,Shoulder,,,0,P
120123-79265,P,Alex,Alex Speas,Speas,9,2,5500,CWS@MIN,MIN,CWS,,,,,0,P
120123-158131,P,Tyler,Tyler Gilbert,Gilbert,5.108108108108108,37,5500,CWS@MIN,CWS,MIN,,,,,0,P
120123-158134,P,Stephen,Stephen Ridings,Ridings,,0,5500,LAD@PIT,LAD,PIT,,,,,0,P
120123-101812,P,Justin,Justin Lawrence,Lawrence,7.454545454545454,11,5500,LAD@PIT,PIT,LAD,IL,Elbow,,,0,P
120123-118196,P,Ryan,Ryan Hendrix,Hendrix,,0,5500,LAA@KC,KC,LAA,,,,,0,P
120123-101814,P,Sam,Sam Hentges,Hentges,5.12,25,5500,CLE@TB,CLE,TB,IL,Shoulder,,,0,P
120123-101816,P,Bryan,Bryan Abreu,Abreu,7.377049180327869,62,5500,NYY@HOU,HOU,NYY,,,,,0,P
120123-169400,P,Parker,Parker Mushinski,Mushinski,1.8,10,5500,CLE@TB,CLE,TB,,,,,0,P
120123-40382,P,Luis,Luis Garcia,Garcia,4.576923076923077,52,5500,LAA@KC,LAA,KC,,,,,0,P
120123-101825,P,Jose,Jose Quijada,Quijada,6.5,2,5500,LAA@KC,LAA,KC,,,,,0,P
120123-118208,P,Brooks,Brooks Kriske,Kriske,3.6,15,5500,CWS@MIN,MIN,CWS,,,,,0,P
120123-101826,P,Jordan,Jordan Holloway,Holloway,,0,5500,LAA@KC,LAA,KC,,,,,0,P
120123-118217,P,Manuel,Manuel Rodriguez,Rodriguez,4.870967741935484,31,5500,CLE@TB,TB,CLE,IL,Forearm,,,0,P
120123-118224,P,Garrett,Garrett Cleavinger,Cleavinger,6.072727272727272,56,5500,CLE@TB,TB,CLE,,,,,0,P
120123-101845,P,Genesis,Genesis Cabrera,Cabrera,3.5806451612903225,31,5500,CWS@MIN,MIN,CWS,,,,,0,P
120123-101849,P,Wei-Chieh,Wei-Chieh Huang,Huang,,0,5500,LAD@PIT,PIT,LAD,,,,,0,P
120123-101851,P,Brock,Brock Burke,Burke,4.492063492063492,63,5500,LAA@KC,LAA,KC,,,,,0,P
120123-80346,P,Giovanny,Giovanny Gallegos,Gallegos,4.842105263157895,21,5500,LAD@PIT,LAD,PIT,IL,Undisclosed,,,0,P
120123-135645,P,Isaac,Isaac Mattson,Mattson,6.6,36,5500,LAD@PIT,PIT,LAD,,,,,0,P
120123-185847,P,Garrett,Garrett Acton,Acton,,0,5500,CLE@TB,TB,CLE,,,,,0,P
120123-95737,P,Ian,Ian Hamilton,Hamilton,5.583333333333333,36,5500,NYY@HOU,NYY,HOU,,,,,0,P
120123-161273,P,Scott,Scott Effross,Effross,1.8181818181818181,11,5500,NYY@HOU,NYY,HOU,,,,,0,P
120123-184829,P,McKinley,McKinley Moore,Moore,0,3,5500,NYY@HOU,NYY,HOU,,,,,0,P
120123-226819,P,Caleb,Caleb Freeman,Freeman,2.6,5,5500,CWS@MIN,CWS,MIN,,,,,0,P
120123-119298,P,Luis,Luis Frias,Frias,1.8181818181818181,11,5500,CLE@TB,CLE,TB,,,,,0,P
120123-119301,P,Brennan,Brennan Malone,Malone,,0,5500,LAD@PIT,PIT,LAD,IL,Undisclosed,,,0,P
120123-219654,P,Juan,Juan Carela,Carela,,0,5500,CWS@MIN,CWS,MIN,O,Elbow,,,0,P
120123-219658,P,Jack,Jack Dashwood,Dashwood,,0,5500,LAA@KC,LAA,KC,,,,,0,P
120123-95757,P,Andrew,Andrew Vasquez,Vasquez,,0,5500,LAA@KC,LAA,KC,,,,,0,P
120123-138767,P,Jesus,Jesus Cruz,Cruz,,0,5500,LAA@KC,LAA,KC,,,,,0,P
120123-170512,P,Peter,Peter Strzelecki,Strzelecki,5.3,10,5500,CLE@TB,TB,CLE,IL,Elbow,,,0,P
120123-79390,P,Michael,Michael Kopech,Kopech,5.111111111111111,9,5500,LAD@PIT,LAD,PIT,,,,,0,P
120123-119331,P,Daniel,Daniel Espino,Espino,0,3,5500,CLE@TB,CLE,TB,IL,Shoulder,,,0,P
120123-210475,P,Ryan,Ryan Zeferjahn,Zeferjahn,5.785714285714286,57,5500,LAA@KC,LAA,KC,,,,,0,P
120123-181803,P,Zak,Zak Kent,Kent,6.833333333333333,6,5500,CLE@TB,CLE,TB,,,,,0,P
120123-119339,P,Tyler,Tyler Ivey,Ivey,,0,5500,NYY@HOU,HOU,NYY,,,,,0,P
120123-119347,P,Jonathan,Jonathan Bowlan,Bowlan,6.291666666666667,24,5500,LAA@KC,KC,LAA,,,,,0,P
120123-219696,P,Eric,Eric Cerantola,Cerantola,,0,5500,LAA@KC,KC,LAA,,,,,0,P
120123-181815,P,Brent,Brent Headrick,Headrick,7.9411764705882355,17,5500,NYY@HOU,NYY,HOU,IL,Forearm,,,0,P
120123-219702,P,Marco,Marco Raya,Raya,,0,5500,CWS@MIN,MIN,CWS,,,,,0,P
120123-219701,P,Franco,Franco Aleman,Aleman,,0,5500,CLE@TB,CLE,TB,,,,,0,P
120123-181819,P,Tim,Tim Herrin,Herrin,4.295454545454546,45,5500,CLE@TB,CLE,TB,,,,,0,P
120123-222783,P,Grant,Grant Taylor,Taylor,5.888888888888889,28,5500,CWS@MIN,CWS,MIN,,,,,0,P
120123-195135,P,Kyle,Kyle Nicolas,Nicolas,5.142857142857143,21,5500,LAD@PIT,PIT,LAD,NA,Personal,,,0,P
120123-181826,P,Colby,Colby White,White,0,1,5500,NYY@HOU,NYY,HOU,,,,,0,P
120123-222784,P,Hagen,Hagen Smith,Smith,,0,5500,CWS@MIN,CWS,MIN,,,,,0,P
120123-222790,P,Jose,Jose Rodriguez,Rodriguez,,0,5500,LAD@PIT,LAD,PIT,,,,,0,P
120123-119367,P,Matt,Matt Canterino,Canterino,0,1,5500,CWS@MIN,MIN,CWS,IL,Shoulder,,,0,P
120123-222789,P,Jackson,Jackson Ferris,Ferris,,0,5500,LAD@PIT,LAD,PIT,,,,,0,P
120123-139851,P,Justin,Justin Topa,Topa,4.788461538461538,52,5500,CWS@MIN,MIN,CWS,,,,,0,P
120123-219722,P,Jack,Jack Dreyer,Dreyer,5.892857142857143,56,5500,LAD@PIT,LAD,PIT,,,,,0,P
120123-207438,P,Fraser,Fraser Ellard,Ellard,5.777777777777778,9,5500,CWS@MIN,CWS,MIN,,,,Yes,,P
120123-175698,P,Hunter,Hunter Gaddis,Gaddis,4.80327868852459,61,5500,CLE@TB,CLE,TB,,,,,0,P
120123-16989,P,Wilking,Wilking Rodriguez,Rodriguez,,0,5500,NYY@HOU,NYY,HOU,,,,,0,P
120123-82535,P,Kyle,Kyle Wright,Wright,0,1,5500,LAA@KC,KC,LAA,IL,Oblique,,,0,P
120123-21096,P,Erasmo,Erasmo Ramirez,Ramirez,4.333333333333333,9,5500,CWS@MIN,MIN,CWS,,,,,0,P
120123-184943,P,Jesse,Jesse Scholtens,Scholtens,,0,5500,CLE@TB,TB,CLE,,,,,0,P
120123-119406,P,Cody,Cody Bolton,Bolton,0,1,5500,NYY@HOU,HOU,NYY,,,,,0,P
120123-82547,P,Thomas,Thomas Hatch,Hatch,13.714285714285714,7,5500,CWS@MIN,MIN,CWS,,,,,0,P
120123-180848,P,Angel,Angel Felipe,Felipe,0,2,5500,LAA@KC,LAA,KC,,,,,0,P
120123-118394,P,Yohan,Yohan Ramirez,Ramirez,8.5,16,5500,LAD@PIT,PIT,LAD,,,,,0,P
120123-210559,P,Brady,Brady Feigl,Feigl,-13,1,5500,CWS@MIN,MIN,CWS,,,,,0,P
120123-70271,P,Carlos,Carlos Estevez,Estevez,5.016666666666667,60,5500,LAA@KC,KC,LAA,,,,,0,P
120123-222855,P,Ty,Ty Johnson,Johnson,,0,5500,CLE@TB,TB,CLE,,,,,0,P
120123-222854,P,Brody,Brody Hopkins,Hopkins,,0,5500,CLE@TB,TB,CLE,,,,,0,P
120123-62087,P,Miguel,Miguel Castro,Castro,2.5,6,5500,CWS@MIN,CWS,MIN,IL,Knee,,,0,P
120123-119433,P,JJ,JJ Goss,Goss,,0,5500,CLE@TB,TB,CLE,,,,,0,P
120123-110216,P,Stephen,Stephen Nogosek,Nogosek,,0,5500,LAA@KC,KC,LAA,,,,,0,P
120123-110219,P,Sean,Sean Poppen,Poppen,,0,5500,LAA@KC,LAA,KC,,,,,0,P
120123-222857,P,Jackson,Jackson Baumeister,Baumeister,,0,5500,CLE@TB,TB,CLE,IL,Undisclosed,,,0,P
120123-222856,P,Trevor,Trevor Harrison,Harrison,,0,5500,CLE@TB,TB,CLE,,,,,0,P
120123-165522,P,Tommy,Tommy Mace,Mace,,0,5500,CLE@TB,CLE,TB,,,,,0,P
120123-165521,P,Doug,Doug Nikhazy,Nikhazy,4.5,2,5500,CLE@TB,CLE,TB,IL,Elbow,,,0,P
120123-203415,P,Bryan,Bryan King,King,5.716666666666667,60,5500,NYY@HOU,HOU,NYY,,,,,0,P
120123-165528,P,Joe,Joe Rock,Rock,18,2,5500,CLE@TB,TB,CLE,,,,,0,P
120123-226969,P,Brian,Brian Van Belle,Van Belle,8.333333333333334,3,5500,CLE@TB,TB,CLE,,,,,0,P
120123-82591,P,Chris,Chris Rodriguez,Rodriguez,,0,5500,CWS@MIN,CWS,MIN,IL,Undisclosed,,,0,P
120123-82592,P,Dennis,Dennis Santana,Santana,5.05,60,5500,LAD@PIT,PIT,LAD,,,,,0,P
120123-220834,P,Nate,Nate Lavender,Lavender,,0,5500,CLE@TB,TB,CLE,IL,Elbow,,,0,P
120123-222881,P,Ryan,Ryan Johnson,Johnson,4.769230769230769,14,5500,LAA@KC,LAA,KC,,,,,0,P
120123-220838,P,Garrett,Garrett McDaniels,McDaniels,2.9,10,5500,LAD@PIT,LAD,PIT,,,,,0,P
120123-220837,P,Evan,Evan Reifert,Reifert,,0,5500,CLE@TB,TB,CLE,,,,,0,P
120123-164522,P,Wikelman,Wikelman Gonzalez,Gonzalez,7,10,5500,CWS@MIN,CWS,MIN,,,,,0,P
120123-17065,P,Blake,Blake Treinen,Treinen,6.142857142857143,21,5500,LAD@PIT,LAD,PIT,,,,,0,P
120123-165545,P,Tanner,Tanner McDougal,McDougal,,0,5500,CWS@MIN,CWS,MIN,,,,,0,P
120123-211632,P,Mason,Mason Montgomery,Montgomery,4.673076923076923,53,5500,CLE@TB,TB,CLE,,,,,0,P
120123-114360,P,Devin,Devin Williams,Williams,5.473684210526316,58,5500,NYY@HOU,NYY,HOU,,,,,0,P
120123-165566,P,Ben,Ben Kudrna,Kudrna,,0,5500,LAA@KC,KC,LAA,,,,,0,P
120123-232127,P,Cam,Cam Sanders,Sanders,2.4,5,5500,LAD@PIT,PIT,LAD,,,,,0,P
120123-165564,P,Frank,Frank Mozzicato,Mozzicato,,0,5500,LAA@KC,KC,LAA,,,,,0,P
120123-165572,P,Noah,Noah Murdock,Murdock,3.4615384615384617,14,5500,LAA@KC,KC,LAA,,,,,0,P
120123-119494,P,Andrew,Andrew Dalquist,Dalquist,,0,5500,CWS@MIN,CWS,MIN,,,,,0,P
120123-165577,P,Sam,Sam Bachman,Bachman,4.470588235294118,19,5500,LAA@KC,LAA,KC,,,,,0,P
120123-222930,P,Logan,Logan VanWey,VanWey,3.625,8,5500,NYY@HOU,HOU,NYY,,,,,0,P
120123-165584,P,Alejandro,Alejandro Hidalgo,Hidalgo,,0,5500,CWS@MIN,MIN,CWS,,,,,0,P
120123-222928,P,Michael,Michael Darrell-Hicks,Darrell-Hicks,5,7,5500,LAD@PIT,PIT,LAD,,,,,0,P
120123-165595,P,Maddux,Maddux Bruns,Bruns,,0,5500,LAD@PIT,LAD,PIT,,,,,0,P
120123-198361,P,Carson,Carson Coleman,Coleman,0,1,5500,NYY@HOU,NYY,HOU,,,,,0,P
120123-228057,P,Jayvien,Jayvien Sandridge,Sandridge,2,1,5500,NYY@HOU,NYY,HOU,,,,,0,P
120123-228060,P,Jack,Jack Little,Little,4.5,2,5500,LAD@PIT,PIT,LAD,,,,,0,P
120123-187110,P,Ben,Ben Joyce,Joyce,2.6,5,5500,LAA@KC,LAA,KC,IL,Shoulder,,,0,P
120123-212709,P,Edgardo,Edgardo Henriquez,Henriquez,4,13,5500,LAD@PIT,LAD,PIT,,,,,0,P
120123-181992,P,Jose,Jose Hernandez,Hernandez,4,8,5500,LAD@PIT,LAD,PIT,,,,,0,P
120123-228072,P,Jake,Jake Palisch,Palisch,-3,1,5500,CWS@MIN,CWS,MIN,,,,,0,P
120123-228076,P,Paul,Paul Gervase,Gervase,6.166666666666667,6,5500,LAD@PIT,LAD,PIT,,,,,0,P
120123-182006,P,Nic,Nic Enright,Enright,6.444444444444445,27,5500,CLE@TB,CLE,TB,IL,Elbow,,,0,P
120123-182005,P,Kevin,Kevin Kelly,Kelly,3.586206896551724,30,5500,CLE@TB,TB,CLE,,,,,0,P
120123-84731,P,Evan,Evan Phillips,Phillips,5,7,5500,LAD@PIT,LAD,PIT,IL,Elbow,,,0,P
120123-165635,P,Brendan,Brendan Beck,Beck,,0,5500,NYY@HOU,NYY,HOU,,,,,0,P
120123-165637,P,Brock,Brock Selvidge,Selvidge,,0,5500,NYY@HOU,NYY,HOU,,,,,0,P
120123-161545,P,Kaleb,Kaleb Ort,Ort,4.770833333333333,48,5500,NYY@HOU,HOU,NYY,,,,,0,P
120123-165653,P,Cristian,Cristian Hernandez,Hernandez,,0,5500,NYY@HOU,NYY,HOU,,,,,0,P
120123-165657,P,Anthony,Anthony Solometo,Solometo,,0,5500,LAD@PIT,PIT,LAD,IL,Shoulder,,,0,P
120123-199461,P,Luis,Luis Contreras,Contreras,5.333333333333333,9,5500,NYY@HOU,HOU,NYY,,,,,0,P
120123-199460,P,Jordan,Jordan Leasure,Leasure,5.578947368421052,58,5500,CWS@MIN,CWS,MIN,,,,,0,P
120123-135976,P,Bennett,Bennett Sousa,Sousa,7.232558139534884,44,5500,NYY@HOU,HOU,NYY,IL,Elbow,,,0,P
120123-182065,P,Zach,Zach Greene,Greene,,0,5500,NYY@HOU,NYY,HOU,,,,,0,P
120123-165684,P,Matt,Matt Mikulski,Mikulski,,0,5500,CWS@MIN,MIN,CWS,,,,,0,P
120123-213816,P,Evan,Evan Sisk,Sisk,6.454545454545454,11,5500,LAD@PIT,PIT,LAD,,,,,0,P
120123-163654,P,Alexis,Alexis Diaz,Diaz,3.2,15,5500,LAD@PIT,LAD,PIT,,,,,0,P
120123-163655,P,Daniel,Daniel Duarte,Duarte,12,3,5500,CWS@MIN,MIN,CWS,IL,Elbow,,,0,P
120123-84815,P,Joey,Joey Krehbiel,Krehbiel,,0,5500,LAA@KC,KC,LAA,,,,,0,P
120123-163660,P,Steven,Steven Wilson,Wilson,4.7,50,5500,CWS@MIN,CWS,MIN,,,,,0,P
120123-204624,P,Eric,Eric Orze,Orze,6.548387096774194,31,5500,CLE@TB,TB,CLE,,,,,0,P
120123-204631,P,Hunter,Hunter Bigge,Bigge,5.3076923076923075,13,5500,CLE@TB,TB,CLE,IL,Lat,,,0,P
120123-183131,P,Ryder,Ryder Ryan,Ryan,5.714285714285714,15,5500,LAD@PIT,PIT,LAD,,,,,0,P
120123-108380,P,Tayler,Tayler Scott,Scott,3.6666666666666665,24,5500,NYY@HOU,HOU,NYY,,,,,0,P
120123-163677,P,James,James McArthur,McArthur,4.618181818181818,57,5500,LAA@KC,KC,LAA,IL,Elbow,,,0,P
120123-68466,P,Steven,Steven Okert,Okert,6.120689655172414,58,5500,NYY@HOU,HOU,NYY,,,,,0,P
120123-68474,P,Josh,Josh Hader,Hader,8.041666666666666,48,5500,NYY@HOU,HOU,NYY,IL,Shoulder,,,0,P
120123-161675,P,Jonathan,Jonathan Heasley,Heasley,-0.5,5,5500,LAA@KC,KC,LAA,,,,,0,P
120123-170895,P,Jake,Jake Bird,Bird,6.085106382978723,48,5500,NYY@HOU,NYY,HOU,,,,,0,P
120123-39843,P,Burch,Burch Smith,Smith,4.76,50,5500,LAD@PIT,PIT,LAD,,,,,0,P
120123-108461,P,Pete,Pete Fairbanks,Fairbanks,5.5576923076923075,52,5500,CLE@TB,TB,CLE,,,,,0,P
120123-52143,P,Hunter,Hunter Harvey,Harvey,5.916666666666667,12,5500,LAA@KC,KC,LAA,IL,Groin,,,0,P
120123-52152,P,Robert,Robert Stephenson,Stephenson,4.8,6,5500,LAA@KC,LAA,KC,,,,,0,P
120123-68551,P,Tyler,Tyler Beede,Beede,4.846153846153846,13,5500,CWS@MIN,MIN,CWS,,,,,0,P
120123-210885,P,Erik,Erik Sabrowski,Sabrowski,5.826086956521739,23,5500,CLE@TB,CLE,TB,,,,,0,P
120123-68561,P,Luke,Luke Weaver,Weaver,6.0754716981132075,53,5500,NYY@HOU,NYY,HOU,,,,,0,P
120123-187367,P,Nick,Nick Robertson,Robertson,7.111111111111111,9,5500,LAA@KC,KC,LAA,,,,,0,P
120123-102377,P,Trevor,Trevor Stephan,Stephan,0,3,5500,CLE@TB,CLE,TB,,,,,0,P
120123-79852,P,Lucas,Lucas Erceg,Erceg,4.964912280701754,57,5500,LAA@KC,KC,LAA,,,,,0,P
120123-82924,P,Tim,Tim Hill,Hill,4.032258064516129,63,5500,NYY@HOU,NYY,HOU,,,,,0,P
120123-102399,P,Sam,Sam Carlson,Carlson,,0,5500,LAD@PIT,LAD,PIT,,,,,0,P
120123-60643,OF,Aaron,Aaron Judge,Judge,15.479845150496608,129,4700,NYY@HOU,NYY,HOU,,,,,3,OF/UTIL
120123-39086,OF,Byron,Byron Buxton,Buxton,13.684905430056014,106,4200,CWS@MIN,MIN,CWS,,,,,0,OF/UTIL
120123-38976,3B,Jose,Jose Ramirez,Ramirez,12.365671641791044,134,3900,CLE@TB,CLE,TB,,,,,3,3B/UTIL
120123-195679,3B,Junior,Junior Caminero,Caminero,12.147368237488251,133,3800,CLE@TB,TB,CLE,,,,,3,3B/UTIL
120123-119349,SS,Bobby,Bobby Witt Jr.,Witt Jr.,12.469565571218297,138,3700,LAA@KC,KC,LAA,,,,,2,SS/UTIL
120123-82527,2B/3B,Jazz,Jazz Chisholm Jr.,Chisholm Jr.,12.818691360616238,107,3700,NYY@HOU,NYY,HOU,,,,,6,2B/3B/UTIL
120123-12302,OF,Giancarlo,Giancarlo Stanton,Stanton,11.566666452508224,57,3600,NYY@HOU,NYY,HOU,,,,,5,OF/UTIL
120123-82575,OF,Yordan,Yordan Alvarez,Alvarez,9.213513348553631,37,3600,NYY@HOU,HOU,NYY,,,,,2,OF/UTIL
120123-102389,SS/OF,Oneil,Oneil Cruz,Cruz,10.96551724137931,116,3600,LAD@PIT,PIT,LAD,,,,,0,SS/OF/UTIL
120123-79175,OF,Trent,Trent Grisham,Grisham,10.50081947201588,122,3500,NYY@HOU,NYY,HOU,,,,,1,OF/UTIL
120123-85504,2B,Brandon,Brandon Lowe,Lowe,10.865517451845367,116,3500,CLE@TB,TB,CLE,,,,,4,2B/UTIL
120123-11334,1B,Freddie,Freddie Freeman,Freeman,11.046400390625,125,3400,LAD@PIT,LAD,PIT,,,,,3,C/1B/UTIL
120123-79159,OF/1B,Cody,Cody Bellinger,Bellinger,11.685271507085757,129,3400,NYY@HOU,NYY,HOU,,,,,4,C/1B/OF/UTIL
120123-79401,C,Will,Will Smith,Smith,10.716513537485666,109,3400,LAD@PIT,LAD,PIT,DTD,Hand,,,0,C/1B/UTIL
120123-165535,SS/3B,Colson,Colson Montgomery,Montgomery,11.35306097536671,49,3400,CWS@MIN,CWS,MIN,,,,,4,3B/SS/UTIL
120123-185300,SS,Zach,Zach Neto,Neto,11.883333333333333,120,3400,LAA@KC,LAA,KC,,,,,1,SS/UTIL
120123-14562,2B/OF,Jose,Jose Altuve,Altuve,10.274814633969907,135,3300,NYY@HOU,HOU,NYY,,,,,3,2B/OF/UTIL
120123-39151,2B/SS/OF,Mookie,Mookie Betts,Betts,9.784375190734863,128,3300,LAD@PIT,LAD,PIT,,,,,2,2B/SS/OF/UTIL
120123-119345,SS,Jeremy,Jeremy Pena,Pena,11.181080861134571,111,3300,NYY@HOU,HOU,NYY,,,,,1,SS/UTIL
120123-79120,1B,Yandy,Yandy Diaz,Diaz,10.689230581430289,130,3200,CLE@TB,TB,CLE,,,,,2,C/1B/UTIL
120123-79151,OF,Taylor,Taylor Ward,Ward,11.214814814814815,135,3200,LAA@KC,LAA,KC,,,,,3,OF/UTIL
120123-73023,OF,Teoscar,Teoscar Hernandez,Hernandez,9.935087505139803,114,3200,LAD@PIT,LAD,PIT,,,,,4,OF/UTIL
120123-38218,1B,Christian,Christian Walker,Walker,9.165413533834586,133,3200,NYY@HOU,HOU,NYY,,,,,5,C/1B/UTIL
120123-82574,3B,Isaac,Isaac Paredes,Paredes,10.651063959649269,94,3200,NYY@HOU,HOU,NYY,IL,Hamstring,,,0,3B/UTIL
120123-146695,OF,Andy,Andy Pages,Pages,10.00296314380787,135,3100,LAD@PIT,LAD,PIT,,,,,6,OF/UTIL
120123-203111,C/1B,Ben,Ben Rice,Rice,9.631624140291132,117,3100,NYY@HOU,NYY,HOU,,,,,2,C/1B/UTIL
120123-79230,OF,Bryan,Bryan Reynolds,Reynolds,9.185713918585526,133,3100,LAD@PIT,PIT,LAD,,,,,3,OF/UTIL
120123-79257,OF,Josh,Josh Lowe,Lowe,9.785393532742276,89,3100,CLE@TB,TB,CLE,,,,,0,OF/UTIL
120123-222785,2B,Luke,Luke Keaschall,Keaschall,12.506250381469727,32,3100,CWS@MIN,MIN,CWS,,,,,1,2B/UTIL
120123-52176,3B,Max,Max Muncy,Muncy,11.110112222392907,89,3100,LAD@PIT,LAD,PIT,IL,Oblique,,,0,3B/UTIL
120123-225386,OF,Chandler,Chandler Simpson,Simpson,9.51999986436632,90,3000,CLE@TB,TB,CLE,,,,,1,OF/UTIL
120123-146716,C,Austin,Austin Wells,Wells,8.847222222222221,108,3000,NYY@HOU,NYY,HOU,,,,,7,C/1B/UTIL
120123-119377,OF,Matt,Matt Wallner,Wallner,9.016304347826088,92,3000,CWS@MIN,MIN,CWS,,,,,6,OF/UTIL
120123-119395,OF,Jasson,Jasson Dominguez,Dominguez,8.947321210588727,112,3000,NYY@HOU,NYY,HOU,,,,,0,OF/UTIL
120123-119396,SS,Anthony,Anthony Volpe,Volpe,9.10073028341697,137,3000,NYY@HOU,NYY,HOU,,,,,8,SS/UTIL
120123-12933,OF,Mike,Mike Trout,Trout,10.301851625795718,108,3000,LAA@KC,LAA,KC,,,,,2,OF/UTIL
120123-165571,1B,Vinnie,Vinnie Pasquantino,Pasquantino,10.14420307546422,138,3000,LAA@KC,KC,LAA,,,,,3,C/1B/UTIL
120123-82734,OF,Luis,Luis Robert Jr.,Robert Jr.,9.935454767400568,110,3000,CWS@MIN,CWS,MIN,IL,Hamstring,,,0,OF/UTIL
120123-193598,1B,Nolan,Nolan Schanuel,Schanuel,9.005599609375,125,2900,LAA@KC,LAA,KC,IL,Wrist,,,0,C/1B/UTIL
120123-181829,1B,Spencer,Spencer Horwitz,Horwitz,8.426436500987787,87,2900,LAD@PIT,PIT,LAD,,,,,0,C/1B/UTIL
120123-119372,OF/3B/1B,Miguel,Miguel Vargas,Vargas,9.328926023372935,121,2900,CWS@MIN,CWS,MIN,IL,Hand,,,0,C/1B/3B/OF/UTIL
120123-82580,OF,Jo,Jo Adell,Adell,9.990909460819129,132,2900,LAA@KC,LAA,KC,,,,,4,OF/UTIL
120123-12968,1B,Paul,Paul Goldschmidt,Goldschmidt,8.449999612475198,126,2900,NYY@HOU,NYY,HOU,,,,,0,C/1B/UTIL
120123-82608,3B,Royce,Royce Lewis,Lewis,8.15903629165098,83,2900,CWS@MIN,MIN,CWS,,,,,5,3B/UTIL
120123-165559,C,Yainer,Yainer Diaz,Diaz,8.177048980212602,122,2900,NYY@HOU,HOU,NYY,,,,,6,C/1B/UTIL
120123-38614,SS/3B,Carlos,Carlos Correa,Correa,7.904877949536331,123,2900,NYY@HOU,HOU,NYY,,,,,4,3B/SS/UTIL
120123-163689,3B/2B/OF,Maikel,Maikel Garcia,Garcia,10.434782608695652,138,2900,LAA@KC,KC,LAA,,,,,4,2B/3B/OF/UTIL
120123-189308,1B,Kyle,Kyle Manzardo,Manzardo,8.647499593098958,120,2900,CLE@TB,CLE,TB,,,,,4,C/1B/UTIL
120123-108450,SS/2B/OF/3B,Tommy,Tommy Edman,Edman,8.623255530069041,86,2900,LAD@PIT,LAD,PIT,IL,Ankle,,,0,2B/3B/SS/OF/UTIL
120123-173078,OF,Alex,Alex Call,Call,6.775789602179277,95,2800,LAD@PIT,LAD,PIT,,,,,0,OF/UTIL
120123-135218,OF,Jake,Jake Meyers,Meyers,8.380899150719804,89,2800,NYY@HOU,HOU,NYY,IL,Calf,,,0,OF/UTIL
120123-13487,OF,Tommy,Tommy Pham,Pham,8.140776699029127,103,2800,LAD@PIT,PIT,LAD,,,,,4,OF/UTIL
120123-5456,OF,Andrew,Andrew McCutchen,McCutchen,8.46218487394958,119,2800,LAD@PIT,PIT,LAD,,,,,5,OF/UTIL
120123-219666,OF,Jake,Jake Mangum,Mangum,8.065624872843424,96,2800,CLE@TB,TB,CLE,,,,,6,OF/UTIL
120123-222846,OF,Cam,Cam Smith,Smith,8.097457627118644,118,2800,NYY@HOU,HOU,NYY,,,,,7,OF/UTIL
120123-82644,OF,Jesus,Jesus Sanchez,Sanchez,8.614159508089049,113,2800,NYY@HOU,HOU,NYY,,,,,0,OF/UTIL
120123-53033,OF,Mike,Mike Yastrzemski,Yastrzemski,8.257143050905258,126,2800,LAA@KC,KC,LAA,,,,,1,OF/UTIL
120123-163666,OF,Steven,Steven Kwan,Kwan,9.133333148378314,132,2800,CLE@TB,CLE,TB,,,,,1,OF/UTIL
120123-68495,OF,Andrew,Andrew Benintendi,Benintendi,9.245714169456845,105,2800,CWS@MIN,CWS,MIN,,,,,6,OF/UTIL
120123-68514,3B,Ryan,Ryan McMahon,McMahon,8.033333333333333,135,2800,NYY@HOU,NYY,HOU,,,,,9,3B/UTIL
120123-80847,OF,Mike,Mike Tauchman,Tauchman,9.06219482421875,82,2800,CWS@MIN,CWS,MIN,,,,,0,OF/UTIL
120123-185303,SS/2B/3B/OF,Jose,Jose Caballero,Caballero,8.34862385321101,109,2800,NYY@HOU,NYY,HOU,,,,,0,2B/3B/SS/OF/UTIL
120123-102362,OF,Trevor,Trevor Larnach,Larnach,8.705645161290322,124,2800,CWS@MIN,MIN,CWS,,,,,2,OF/UTIL
120123-198869,C,Kyle,Kyle Teel,Teel,8.523728710109905,59,2700,CWS@MIN,CWS,MIN,,,,,2,C/1B/UTIL
120123-119368,C,Ryan,Ryan Jeffers,Jeffers,8.16283207446073,113,2700,CWS@MIN,MIN,CWS,,,,,3,C/1B/UTIL
120123-165514,OF/2B,Angel,Angel Martinez,Martinez,7.052136543469551,117,2700,CLE@TB,CLE,TB,,,,,0,2B/OF/UTIL
120123-165544,2B/3B/1B,Lenyn,Lenyn Sosa,Sosa,8.370491903336323,122,2700,CWS@MIN,CWS,MIN,,,,,3,C/1B/2B/3B/UTIL
120123-163662,1B,Jonathan,Jonathan Aranda,Aranda,9.89417452025182,103,2700,CLE@TB,TB,CLE,IL,Wrist,,,0,C/1B/UTIL
120123-136090,2B/SS,Nick,Nick Gonzales,Gonzales,7.8813330078125,75,2700,LAD@PIT,PIT,LAD,,,,,2,2B/SS/UTIL
120123-80848,C,Victor,Victor Caratini,Caratini,7.377083460489909,96,2700,NYY@HOU,HOU,NYY,,,,,0,C/1B/UTIL
120123-13266,C/1B,Salvador,Salvador Perez,Perez,8.907518429863721,133,2700,LAA@KC,KC,LAA,,,,,5,C/1B/UTIL
120123-222295,2B/SS/OF,Hyeseong,Hyeseong Kim,Kim,6.185000101725261,60,2600,LAD@PIT,LAD,PIT,,,,,7,2B/SS/OF/UTIL
120123-61553,3B,Yoan,Yoan Moncada,Moncada,8.605969784864739,67,2600,LAA@KC,LAA,KC,,,,,0,3B/UTIL
120123-102546,2B/3B/SS,Gabriel,Gabriel Arias,Arias,7.4250002260561345,108,2600,CLE@TB,CLE,TB,,,,,7,2B/3B/SS/UTIL
120123-85254,C,Joey,Joey Bart,Bart,6.217284025969328,81,2600,LAD@PIT,PIT,LAD,,,,,0,C/1B/UTIL
120123-197972,SS/3B/2B,Brooks,Brooks Lee,Lee,7.67310903853729,119,2600,CWS@MIN,MIN,CWS,,,,,0,2B/3B/SS/UTIL
120123-101850,3B/2B/1B,Ramon,Ramon Urias,Urias,7.259000244140625,100,2600,NYY@HOU,HOU,NYY,,,,,8,C/1B/2B/3B/UTIL
120123-222788,SS,Alex,Alex Freeland,Freeland,5.9655172413793105,29,2600,LAD@PIT,LAD,PIT,,,,,0,SS/UTIL
120123-82556,OF,Taylor,Taylor Trammell,Trammell,5.562790626703307,43,2600,NYY@HOU,HOU,NYY,,,,,0,OF/UTIL
120123-165654,C/OF,Henry,Henry Davis,Davis,5.419178165801584,73,2600,LAD@PIT,PIT,LAD,,,,,8,C/1B/OF/UTIL
120123-165702,SS,Carson,Carson Williams,Williams,8.5,10,2600,CLE@TB,TB,CLE,,,,,9,SS/UTIL
120123-102326,1B/2B/3B/OF,Kody,Kody Clemens,Clemens,7.025999755859375,100,2600,CWS@MIN,MIN,CWS,,,,,4,C/1B/2B/3B/OF/UTIL
120123-102475,SS,Brayan,Brayan Rocchio,Rocchio,6.431867997724932,91,2500,CLE@TB,CLE,TB,,,,,9,SS/UTIL
120123-135260,C,Logan,Logan O'Hoppe,O'Hoppe,7.429245283018868,106,2500,LAA@KC,LAA,KC,,,,,8,C/1B/UTIL
120123-60642,OF,Michael,Michael Conforto,Conforto,6.392561983471074,121,2500,LAD@PIT,LAD,PIT,,,,,5,OF/UTIL
120123-79181,2B/3B/SS/OF,Mauricio,Mauricio Dubon,Dubon,5.899999785841557,114,2500,NYY@HOU,HOU,NYY,,,,,9,2B/3B/SS/OF/UTIL
120123-13792,3B/1B/2B/OF,Kike,Kike Hernandez,Hernandez,5.262820512820513,78,2500,LAD@PIT,LAD,PIT,,,,,0,C/1B/2B/3B/OF/UTIL
120123-119318,2B/3B/OF,Christopher,Christopher Morel,Morel,6.47528076171875,89,2500,CLE@TB,TB,CLE,,,,,5,2B/3B/OF/UTIL
120123-206383,2B/SS/OF,Brooks,Brooks Baldwin,Baldwin,6.717045177112926,88,2500,CWS@MIN,CWS,MIN,,,,,8,2B/SS/OF/UTIL
120123-181851,3B/2B/1B/SS,Jared,Jared Triolo,Triolo,6.896470731847426,85,2500,LAD@PIT,PIT,LAD,,,,,1,C/1B/2B/3B/SS/UTIL
120123-202431,2B/3B/SS/OF,Daniel,Daniel Schneemann,Schneemann,7.037837947811092,111,2500,CLE@TB,CLE,TB,,,,,2,2B/3B/SS/OF/UTIL
120123-102308,2B/3B/OF,Jonathan,Jonathan India,India,8.023387293661795,124,2500,LAA@KC,KC,LAA,IL,Wrist,,,0,2B/3B/OF/UTIL
120123-102315,C,Bo,Bo Naylor,Naylor,6.502830073518573,106,2500,CLE@TB,CLE,TB,,,,,5,C/1B/UTIL
120123-68589,2B/3B/OF,Amed,Amed Rosario,Rosario,6.601754171806469,57,2500,NYY@HOU,NYY,HOU,,,,,0,2B/3B/OF/UTIL
120123-102402,OF,Alexander,Alexander Canario,Canario,5.306944529215495,72,2400,LAD@PIT,PIT,LAD,,,,,7,OF/UTIL
120123-135190,SS/2B,Taylor,Taylor Walls,Walls,6.73465358620823,101,2400,CLE@TB,TB,CLE,IL,Groin,,,0,2B/SS/UTIL
120123-222287,SS/2B,Chase,Chase Meidroth,Meidroth,7.752999877929687,100,2400,CWS@MIN,CWS,MIN,,,,,7,2B/SS/UTIL
120123-13390,SS/2B/3B,Miguel,Miguel Rojas,Rojas,5.241489491564162,94,2400,LAD@PIT,LAD,PIT,,,,,8,2B/3B/SS/UTIL
120123-198888,OF,Jacob,Jacob Melton,Melton,4.563333129882812,30,2400,NYY@HOU,HOU,NYY,,,,,0,OF/UTIL
120123-198893,C,Dalton,Dalton Rushing,Rushing,5.7418603231740555,43,2400,LAD@PIT,LAD,PIT,,,,,9,C/1B/UTIL
120123-70898,2B/3B/OF,Adam,Adam Frazier,Frazier,6.719130540930706,115,2400,LAA@KC,KC,LAA,,,,,6,2B/3B/OF/UTIL
120123-146690,3B/2B/OF,Nick,Nick Loftin,Loftin,5.341666666666667,60,2400,LAA@KC,KC,LAA,,,,,0,2B/3B/OF/UTIL
120123-79122,OF,Nolan,Nolan Jones,Jones,5.661983269305269,121,2400,CLE@TB,CLE,TB,,,,,6,OF/UTIL
120123-185632,C/1B/OF,David,David Fry,Fry,5.0499997820172995,56,2400,CLE@TB,CLE,TB,,,,,0,C/1B/OF/UTIL
120123-135524,OF/2B,Austin,Austin Martin,Martin,6.620689655172414,29,2400,CWS@MIN,MIN,CWS,,,,,7,2B/OF/UTIL
120123-101817,2B/3B/SS,Luis,Luis Rengifo,Rengifo,6.79296875,128,2400,LAA@KC,LAA,KC,,,,,5,2B/3B/SS/UTIL
120123-101844,OF,Lane,Lane Thomas,Thomas,6.1923076923076925,39,2400,CLE@TB,CLE,TB,IL,Foot,,,0,OF/UTIL
120123-181806,OF,Jonny,Jonny DeLuca,DeLuca,7.5,20,2400,CLE@TB,TB,CLE,IL,Hamstring,,,0,OF/UTIL
120123-23107,OF,Jorge,Jorge Soler,Soler,7.709756246427211,82,2400,LAA@KC,LAA,KC,IL,Back,,,0,OF/UTIL
120123-21074,OF,Michael A.,Michael A. Taylor,Taylor,5.161738918138587,115,2400,CWS@MIN,CWS,MIN,,,,,9,OF/UTIL
120123-222806,1B/OF,Jac,Jac Caglianone,Caglianone,5.595238095238095,42,2400,LAA@KC,KC,LAA,,,,,0,C/1B/OF/UTIL
120123-80485,OF,Austin,Austin Slater,Slater,5.574074074074074,54,2400,NYY@HOU,NYY,HOU,IL,Hamstring,,,0,OF/UTIL
120123-165583,C,Edgar,Edgar Quero,Quero,7.002174045728601,92,2400,CWS@MIN,CWS,MIN,,,,,1,C/1B/UTIL
120123-13099,C,Travis,Travis d'Arnaud,d'Arnaud,5.836363821318655,66,2400,LAA@KC,LAA,KC,,,,,0,C/1B/UTIL
120123-163696,OF,Jack,Jack Suwinski,Suwinski,5.637500127156575,48,2400,LAD@PIT,PIT,LAD,IL,Groin,,,0,OF/UTIL
120123-163704,OF,Cooper,Cooper Hummel,Hummel,4.9324324324324325,37,2400,CLE@TB,TB,CLE,,,,,0,OF/UTIL
120123-135216,OF,Chas,Chas McCormick,McCormick,2.8500000924775093,66,2300,NYY@HOU,HOU,NYY,,,,,0,OF/UTIL
120123-102537,OF,Everson,Everson Pereira,Pereira,6.476922842172476,13,2300,CLE@TB,TB,CLE,,,,,7,OF/UTIL
120123-194908,SS/2B/3B,Tristan,Tristan Gray,Gray,5.4533335367838545,15,2300,CLE@TB,TB,CLE,,,,,0,2B/3B/SS/UTIL
120123-119346,C,Korey,Korey Lee,Lee,5.068421213250411,19,2300,CWS@MIN,CWS,MIN,,,,,0,C/1B/UTIL
120123-181814,2B/1B,Edouard,Edouard Julien,Julien,5.25,50,2300,CWS@MIN,MIN,CWS,,,,,0,C/1B/2B/UTIL
120123-222798,OF/1B,C.J.,C.J. Kayfus,Kayfus,7.661538344163161,26,2300,CLE@TB,CLE,TB,,,,,8,C/1B/OF/UTIL
120123-13909,OF,Randal,Randal Grichuk,Grichuk,5.550000249123086,98,2300,LAA@KC,KC,LAA,,,,,0,OF/UTIL
120123-228949,SS,Cam,Cam Devanney,Devanney,2,3,2300,LAD@PIT,PIT,LAD,,,,,9,SS/UTIL
120123-222860,2B,Christian,Christian Moore,Moore,6.3025641808143025,39,2300,LAA@KC,LAA,KC,,,,,0,2B/UTIL
120123-38561,OF/3B/2B,Chris,Chris Taylor,Taylor,3.5086955194887905,46,2300,LAA@KC,LAA,KC,,,,,6,2B/3B/OF/UTIL
120123-165579,C,Carter,Carter Jensen,Jensen,0,1,2300,LAA@KC,KC,LAA,,,,,8,C/1B/UTIL
120123-211757,OF,Bryce,Bryce Teodosio,Teodosio,4.9249997820172995,28,2300,LAA@KC,LAA,KC,,,,,9,OF/UTIL
120123-165701,3B/2B/1B,Curtis,Curtis Mead,Mead,5.555405487885347,74,2300,CWS@MIN,CWS,MIN,,,,,5,C/1B/2B/3B/UTIL
120123-119634,SS/2B,Liover,Liover Peguero,Peguero,6.0750002179827005,28,2300,LAD@PIT,PIT,LAD,,,,,0,2B/SS/UTIL
120123-163668,OF/2B/3B,Richie,Richie Palacios,Palacios,9.133333206176758,3,2300,CLE@TB,TB,CLE,,,,,0,2B/3B/OF/UTIL
120123-163691,OF,James,James Outman,Outman,4.443243078283362,37,2300,CWS@MIN,MIN,CWS,,,,,8,OF/UTIL
120123-198658,OF/2B,Ronny,Ronny Simon,Simon,5.537037037037037,27,2200,LAD@PIT,PIT,LAD,IL,Shoulder,,,0,2B/OF/UTIL
120123-102485,OF,Kyle,Kyle Isbel,Isbel,5.6588710661857355,124,2200,LAA@KC,KC,LAA,,,,,9,OF/UTIL
120123-198875,OF,Chase,Chase DeLauter,DeLauter,,0,2200,CLE@TB,CLE,TB,IL,Wrist,,,0,OF/UTIL
120123-197915,C,Hunter,Hunter Feduccia,Feduccia,4.208695784859035,23,2200,CLE@TB,TB,CLE,,,,,0,C/1B/UTIL
120123-226832,1B,Tim,Tim Elko,Elko,5.83478247601053,23,2200,CWS@MIN,CWS,MIN,,,,,0,C/1B/UTIL
120123-13858,C,Christian,Christian Vazquez,Vazquez,4.473770391745646,61,2200,CWS@MIN,MIN,CWS,IL,Shoulder,,,0,C/1B/UTIL
120123-208716,1B/OF,Zach,Zach Dezenzo,Dezenzo,6.952940996955423,34,2200,NYY@HOU,HOU,NYY,IL,Hand,,,0,C/1B/OF/UTIL
120123-163667,OF/1B,Jhonkensy,Jhonkensy Noel,Noel,3.380769289456881,52,2200,CLE@TB,CLE,TB,,,,,0,C/1B/OF/UTIL
120123-161677,C,Nick,Nick Fortes,Fortes,4.365822707550435,79,2200,CLE@TB,TB,CLE,,,,,8,C/1B/UTIL
120123-232344,1B,Bob,Bob Seymour,Seymour,6.254545731977983,11,2200,CLE@TB,TB,CLE,,,,,0,C/1B/UTIL
120123-68582,2B,Brendan,Brendan Rodgers,Rodgers,4.858139392941497,43,2200,NYY@HOU,HOU,NYY,IL,Back,,,0,2B/UTIL
120123-38004,C,Austin,Austin Hedges,Hedges,3.555932255114539,59,2100,CLE@TB,CLE,TB,,,,,0,C/1B/UTIL
120123-184480,C,Cesar,Cesar Salazar,Salazar,1.9545454545454546,11,2100,NYY@HOU,HOU,NYY,,,,,0,C/1B/UTIL
120123-145611,SS/2B/3B,Oswald,Oswald Peraza,Peraza,3.9965910478071733,88,2100,LAA@KC,LAA,KC,,,,,7,2B/3B/SS/UTIL
120123-146668,2B,Nick,Nick Yorke,Yorke,3,1,2100,LAD@PIT,PIT,LAD,,,,,6,2B/UTIL
120123-209177,C/2B/1B,Mickey,Mickey Gasper,Gasper,4.177142769949777,35,2100,CWS@MIN,MIN,CWS,,,,,0,C/1B/2B/UTIL
120123-173548,2B/OF,Michael,Michael Massey,Massey,4.8317459348648315,63,2100,LAA@KC,KC,LAA,,,,,7,2B/OF/UTIL
120123-119354,SS/2B/OF,Kyren,Kyren Paris,Paris,7.443181818181818,44,2100,LAA@KC,LAA,KC,IL,Undisclosed,,,0,2B/SS/OF/UTIL
120123-222845,SS/2B,Brice,Brice Matthews,Matthews,8.636363636363637,11,2100,NYY@HOU,HOU,NYY,,,,,0,2B/SS/UTIL
120123-165540,3B,Bryan,Bryan Ramos,Ramos,8.100000381469727,2,2100,CWS@MIN,CWS,MIN,,,,,0,3B/UTIL
120123-211631,OF,DaShawn,DaShawn Keirsey Jr.,Keirsey Jr.,2.3457142421177455,70,2100,CWS@MIN,MIN,CWS,,,,,0,OF/UTIL
120123-222902,2B/OF,Tyler,Tyler Tolbert,Tolbert,4.227083206176758,48,2100,LAA@KC,KC,LAA,,,,,0,2B/OF/UTIL
120123-52995,C,Luke,Luke Maile,Maile,4.127777947319879,18,2100,LAA@KC,KC,LAA,,,,,0,C/1B/UTIL
120123-213853,C/3B,J.C.,J.C. Escarra,Escarra,4.5125,40,2100,NYY@HOU,NYY,HOU,,,,,0,C/1B/3B/UTIL
120123-209786,1B,Niko,Niko Kavadas,Kavadas,1.5,10,2100,LAA@KC,LAA,KC,,,,,0,C/1B/UTIL
120123-102295,OF,Stuart,Stuart Fairchild,Fairchild,3.7285714830671037,28,2100,CLE@TB,TB,CLE,IL,Oblique,,,0,OF/UTIL
120123-102313,OF,George,George Valera,Valera,4.599999904632568,2,2100,CLE@TB,CLE,TB,,,,,0,OF/UTIL
120123-97291,2B,Harold,Harold Castro,Castro,,0,2000,LAA@KC,KC,LAA,,,,,0,2B/UTIL
120123-102413,1B,Luken,Luken Baker,Baker,3.7157893933747945,19,2000,LAD@PIT,LAD,PIT,,,,,0,C/1B/UTIL
120123-135195,C,Sebastian,Sebastian Rivero,Rivero,,0,2000,LAA@KC,LAA,KC,,,,,0,C/1B/UTIL
120123-102427,3B,Jordan,Jordan Groshans,Groshans,,0,2000,LAA@KC,KC,LAA,,,,,0,3B/UTIL
120123-102451,OF,Brennen,Brennen Davis,Davis,0,2,2000,NYY@HOU,NYY,HOU,,,,,0,OF/UTIL
120123-102453,SS/2B/3B,Zack,Zack Short,Short,5.69545468417081,22,2000,NYY@HOU,HOU,NYY,,,,,0,2B/3B/SS/UTIL
120123-102452,OF,Nelson,Nelson Velazquez,Velazquez,7.760937690734863,64,2000,LAD@PIT,PIT,LAD,,,,,0,OF/UTIL
120123-102454,C,Jhonny,Jhonny Pereda,Pereda,3.426315709164268,19,2000,CWS@MIN,MIN,CWS,,,,,0,C/1B/UTIL
120123-135227,2B,Jose,Jose Rojas,Rojas,,0,2000,NYY@HOU,NYY,HOU,,,,,0,2B/UTIL
120123-102461,SS,Aaron,Aaron Bracho,Bracho,,0,2000,LAD@PIT,LAD,PIT,,,,,0,SS/UTIL
120123-135246,OF,Dominic,Dominic Fletcher,Fletcher,4.406944274902344,72,2000,CWS@MIN,CWS,MIN,,,,,0,OF/UTIL
120123-222286,OF,Braden,Braden Montgomery,Montgomery,,0,2000,CWS@MIN,CWS,MIN,,,,,0,OF/UTIL
120123-135263,C,Brian,Brian O'Keefe,O'Keefe,,0,2000,LAA@KC,KC,LAA,,,,,0,C/1B/UTIL
120123-212070,OF,Gustavo,Gustavo Campero,Campero,5.885714394705636,28,2000,LAA@KC,LAA,KC,IL,Ankle,,,0,OF/UTIL
120123-135269,OF,Zach,Zach DeLoach,DeLoach,6.065217391304348,23,2000,CWS@MIN,CWS,MIN,,,,,0,OF/UTIL
120123-157797,OF,Bryan,Bryan De La Cruz,De La Cruz,3.012500047683716,16,2000,NYY@HOU,NYY,HOU,,,,,0,OF/UTIL
120123-83051,2B/3B,David,David Bote,Bote,2.4051282833784056,39,2000,LAD@PIT,LAD,PIT,,,,,0,2B/3B/UTIL
120123-135282,OF,Joshua,Joshua Palacios,Palacios,4.543137195063572,51,2000,CWS@MIN,CWS,MIN,,,,,0,OF/UTIL
120123-102518,3B/1B,Jose,Jose Miranda,Miranda,4.241666793823242,12,2000,CWS@MIN,MIN,CWS,,,,,0,C/1B/3B/UTIL
120123-197753,OF,Johnathan,Johnathan Rodriguez,Rodriguez,3.892857142857143,28,2000,CLE@TB,CLE,TB,,,,,0,OF/UTIL
120123-184479,OF,Corey,Corey Julks,Julks,5.349999904632568,4,2000,CWS@MIN,CWS,MIN,,,,,0,OF/UTIL
120123-102584,C,Tres,Tres Barrera,Barrera,,0,2000,CLE@TB,TB,CLE,,,,,0,C/1B/UTIL
120123-187594,2B/3B,Coco,Coco Montes,Montes,1.9,5,2000,CLE@TB,TB,CLE,,,,,0,2B/3B/UTIL
120123-79075,SS,Kevin,Kevin Maitan,Maitan,,0,2000,CWS@MIN,MIN,CWS,,,,,0,SS/UTIL
120123-198895,OF,Walker,Walker Jenkins,Jenkins,,0,2000,CWS@MIN,MIN,CWS,,,,,0,OF/UTIL
120123-198892,OF,Josue,Josue De Paula,De Paula,,0,2000,LAD@PIT,LAD,PIT,,,,,0,OF/UTIL
120123-198900,OF,Spencer,Spencer Jones,Jones,,0,2000,NYY@HOU,NYY,HOU,,,,,0,OF/UTIL
120123-197883,OF,Kenedy,Kenedy Corona,Corona,2,3,2000,NYY@HOU,HOU,NYY,,,,,0,OF/UTIL
120123-146686,OF,Colin,Colin Barber,Barber,,0,2000,NYY@HOU,HOU,NYY,,,,,0,OF/UTIL
120123-85249,1B/3B/OF,Bobby,Bobby Dalbec,Dalbec,4.842857360839844,7,2000,LAA@KC,KC,LAA,,,,,0,C/1B/3B/OF/UTIL
120123-198914,SS,Roderick,Roderick Arias,Arias,,0,2000,NYY@HOU,NYY,HOU,,,,,0,SS/UTIL
120123-146694,SS,Arol,Arol Vera,Vera,,0,2000,LAA@KC,LAA,KC,,,,,0,SS/UTIL
120123-197895,OF,Tyler,Tyler Gentry,Gentry,0,4,2000,LAA@KC,KC,LAA,,,,,0,OF/UTIL
120123-79108,3B,Nick,Nick Senzel,Senzel,6.351351351351352,74,2000,LAD@PIT,LAD,PIT,,,,,0,3B/UTIL
120123-146692,OF,David,David Calabrese,Calabrese,,0,2000,LAA@KC,LAA,KC,,,,,0,OF/UTIL
120123-146693,OF,Alexander,Alexander Ramirez,Ramirez,,0,2000,LAA@KC,LAA,KC,,,,,0,OF/UTIL
120123-146703,1B,Aaron,Aaron Sabato,Sabato,,0,2000,CWS@MIN,MIN,CWS,,,,,0,C/1B/UTIL
120123-198932,1B,Xavier,Xavier Isaac,Isaac,,0,2000,CLE@TB,TB,CLE,IL,Undisclosed,,,0,C/1B/UTIL
120123-146715,C/1B,Endy,Endy Rodriguez,Rodriguez,4.277777777777778,18,2000,LAD@PIT,PIT,LAD,IL,Elbow,,,0,C/1B/UTIL
120123-85274,OF,DJ,DJ Stewart,Stewart,4.864473844829359,76,2000,LAD@PIT,PIT,LAD,,,,,0,OF/UTIL
120123-197912,OF,Jacob,Jacob Hurtubise,Hurtubise,1.8000000317891438,12,2000,NYY@HOU,HOU,NYY,,,,,0,OF/UTIL
120123-85277,2B/OF/1B/3B,Cavan,Cavan Biggio,Biggio,3.573684290835732,38,2000,LAA@KC,LAA,KC,,,,,0,C/1B/2B/3B/OF/UTIL
120123-197918,SS,Tsung-Che,Tsung-Che Cheng,Cheng,0,3,2000,LAD@PIT,PIT,LAD,,,,,0,SS/UTIL
120123-146731,SS/2B,Alika,Alika Williams,Williams,4.191892056851773,37,2000,LAD@PIT,PIT,LAD,,,,,0,2B/SS/UTIL
120123-79152,C,Matt,Matt Thaiss,Thaiss,5.736666870117188,60,2000,CLE@TB,TB,CLE,,,,,0,C/1B/UTIL
120123-79178,2B,Isan,Isan Diaz,Diaz,,0,2000,LAA@KC,KC,LAA,,,,,0,2B/UTIL
120123-79189,2B,Travis,Travis Blankenhorn,Blankenhorn,2.9928572518484935,14,2000,LAA@KC,LAA,KC,,,,,0,2B/UTIL
120123-79190,C,Ben,Ben Rortvedt,Rortvedt,2.6692308279184194,26,2000,LAD@PIT,LAD,PIT,,,,,0,C/1B/UTIL
120123-135529,OF,Jake,Jake Vogel,Vogel,,0,2000,LAD@PIT,LAD,PIT,,,,,0,OF/UTIL
120123-79213,SS/2B,Scott,Scott Kingery,Kingery,2.4399998982747397,15,2000,LAA@KC,LAA,KC,,,,,0,2B/SS/UTIL
120123-170350,OF,Dairon,Dairon Blanco,Blanco,3.7666668362087674,9,2000,LAA@KC,KC,LAA,,,,,0,OF/UTIL
120123-228716,SS,Chad,Chad Stevens,Stevens,1.8399999618530274,5,2000,LAA@KC,LAA,KC,,,,,0,SS/UTIL
120123-181642,2B/OF/1B,Enmanuel,Enmanuel Valdez,Valdez,6.335483674080141,31,2000,LAD@PIT,PIT,LAD,IL,Shoulder,,,0,C/1B/2B/OF/UTIL
120123-211339,C,Logan,Logan Driscoll,Driscoll,3.593333435058594,15,2000,CLE@TB,TB,CLE,O,Ankle,,,0,C/1B/UTIL
120123-38293,OF,Tyler,Tyler Naquin,Naquin,,0,2000,CLE@TB,CLE,TB,,,,,0,OF/UTIL
120123-79279,OF,Andrew,Andrew Stevenson,Stevenson,,0,2000,CLE@TB,TB,CLE,,,,,0,OF/UTIL
120123-96765,C,Joe,Joe Hudson,Hudson,0,1,2000,NYY@HOU,HOU,NYY,,,,,0,C/1B/UTIL
120123-119304,SS/2B,Braden,Braden Shewmake,Shewmake,3.406896656957166,29,2000,NYY@HOU,NYY,HOU,,,,,0,2B/SS/UTIL
120123-71182,3B/1B,Jeimer,Jeimer Candelario,Candelario,5.572727203369141,22,2000,NYY@HOU,NYY,HOU,,,,,0,C/1B/3B/UTIL
120123-119313,OF,Matthew,Matthew Lugo,Lugo,4.933333396911621,24,2000,LAA@KC,LAA,KC,,,,,0,OF/UTIL
120123-79387,3B,Jake,Jake Gatewood,Gatewood,,0,2000,NYY@HOU,NYY,HOU,,,,,0,3B/UTIL
120123-226840,OF,Carson,Carson McCusker,McCusker,1,6,2000,CWS@MIN,MIN,CWS,,,,,0,OF/UTIL
120123-181790,OF,Diego,Diego Hernandez,Hernandez,,0,2000,LAA@KC,KC,LAA,,,,,0,OF/UTIL
120123-119332,SS,Yordys,Yordys Valdes,Valdes,,0,2000,CLE@TB,CLE,TB,,,,,0,SS/UTIL
120123-16946,1B,Jon,Jon Singleton,Singleton,1,3,2000,NYY@HOU,HOU,NYY,,,,,0,C/1B/UTIL
120123-119351,SS/2B/3B,Jacob,Jacob Amaya,Amaya,2.578378419618349,37,2000,CWS@MIN,CWS,MIN,,,,,0,2B/3B/SS/UTIL
120123-16951,3B,Anthony,Anthony Rendon,Rendon,7.038596705386513,57,2000,LAA@KC,LAA,KC,IL,Hip,,,0,3B/UTIL
120123-119353,3B,Kody,Kody Hoese,Hoese,,0,2000,LAD@PIT,LAD,PIT,,,,,0,3B/UTIL
120123-181818,2B,Juan,Juan Brito,Brito,0,3,2000,CLE@TB,CLE,TB,IL,Hamstring,,,0,2B/UTIL
120123-156226,OF,Pedro,Pedro Leon,Leon,3.4571429661342075,7,2000,NYY@HOU,HOU,NYY,IL,Knee,,,0,OF/UTIL
120123-222791,OF,Zyhir,Zyhir Hope,Hope,,0,2000,LAD@PIT,LAD,PIT,,,,,0,OF/UTIL
120123-119364,OF,Kameron,Kameron Misner,Misner,6.569013998542033,71,2000,CLE@TB,TB,CLE,,,,,0,OF/UTIL
120123-222795,SS,George,George Lombard Jr.,Lombard Jr.,,0,2000,NYY@HOU,NYY,HOU,,,,,0,SS/UTIL
120123-119370,SS,Will,Will Holland,Holland,,0,2000,CWS@MIN,MIN,CWS,,,,,0,SS/UTIL
120123-226888,2B,Ryan,Ryan Fitzgerald,Fitzgerald,3.7181819568980825,11,2000,CWS@MIN,MIN,CWS,,,,,9,2B/UTIL
120123-222799,C,Cooper,Cooper Ingle,Ingle,,0,2000,CLE@TB,CLE,TB,,,,,0,C/1B/UTIL
120123-222797,2B,Travis,Travis Bazzana,Bazzana,,0,2000,CLE@TB,CLE,TB,,,,,0,2B/UTIL
120123-222796,SS,Angel,Angel Genao,Genao,,0,2000,CLE@TB,CLE,TB,,,,,0,SS/UTIL
120123-222801,OF,Jaison,Jaison Chourio,Chourio,,0,2000,CLE@TB,CLE,TB,,,,,0,OF/UTIL
120123-222800,1B,Ralphy,Ralphy Velazquez,Velazquez,,0,2000,CLE@TB,CLE,TB,,,,,0,C/1B/UTIL
120123-222805,C,Blake,Blake Mitchell,Mitchell,,0,2000,LAA@KC,KC,LAA,,,,,0,C/1B/UTIL
120123-181856,3B,Andre,Andre Lipcius,Lipcius,,0,2000,CWS@MIN,CWS,MIN,,,,,0,3B/UTIL
120123-119394,SS,Logan,Logan Davidson,Davidson,3.466666751437717,9,2000,LAA@KC,LAA,KC,,,,,0,SS/UTIL
120123-226912,OF,John,John Rave,Rave,5.157142760261657,63,2000,LAA@KC,KC,LAA,,,,,0,OF/UTIL
120123-222823,SS,Konnor,Konnor Griffin,Griffin,,0,2000,LAD@PIT,PIT,LAD,,,,,0,SS/UTIL
120123-222824,2B,Termarr,Termarr Johnson,Johnson,,0,2000,LAD@PIT,PIT,LAD,,,,,0,2B/UTIL
120123-119407,OF,Sammy,Sammy Siani,Siani,,0,2000,LAD@PIT,PIT,LAD,,,,,0,OF/UTIL
120123-119408,2B/OF,Ji Hwan,Ji Hwan Bae,Bae,3.942857197352818,7,2000,LAD@PIT,PIT,LAD,,,,,0,2B/OF/UTIL
120123-119421,3B,Malcom,Malcom Nunez,Nunez,,0,2000,LAD@PIT,PIT,LAD,IL,Undisclosed,,,0,3B/UTIL
120123-222851,C,Dominic,Dominic Keegan,Keegan,,0,2000,CLE@TB,TB,CLE,,,,,0,C/1B/UTIL
120123-119424,C,Julio E.,Julio E. Rodriguez,Rodriguez,,0,2000,LAA@KC,KC,LAA,,,,,0,C/1B/UTIL
120123-222850,3B,Brayden,Brayden Taylor,Taylor,,0,2000,CLE@TB,TB,CLE,,,,,0,3B/UTIL
120123-222849,C,Eduardo,Eduardo Tait,Tait,,0,2000,CWS@MIN,MIN,CWS,,,,,0,C/1B/UTIL
120123-119428,2B/3B,Will,Will Wilson,Wilson,3.6000000448787914,34,2000,CLE@TB,CLE,TB,,,,,0,2B/3B/UTIL
120123-222853,1B,Tre',Tre' Morgan,Morgan,,0,2000,CLE@TB,TB,CLE,,,,,0,C/1B/UTIL
120123-222852,OF,Theo,Theo Gillen,Gillen,,0,2000,CLE@TB,TB,CLE,IL,Undisclosed,,,0,OF/UTIL
120123-119432,SS,Greg,Greg Jones,Jones,2,3,2000,NYY@HOU,HOU,NYY,,,,,0,SS/UTIL
120123-165519,OF,Petey,Petey Halpin,Halpin,,0,2000,CLE@TB,CLE,TB,,,,,0,OF/UTIL
120123-165516,C,Daniel,Daniel Vellojin,Vellojin,,0,2000,CLE@TB,TB,CLE,,,,,0,C/1B/UTIL
120123-203418,2B/3B/1B/OF,Armando,Armando Alvarez,Alvarez,4.462500095367432,16,2000,CWS@MIN,MIN,CWS,,,,,0,C/1B/2B/3B/OF/UTIL
120123-82586,OF,MJ,MJ Melendez,Melendez,2.8043478260869565,23,2000,LAA@KC,KC,LAA,,,,,0,OF/UTIL
120123-82589,OF/1B,Nick,Nick Pratto,Pratto,0,2,2000,LAA@KC,KC,LAA,,,,,0,C/1B/OF/UTIL
120123-222879,OF,Alan,Alan Roden,Roden,4.616363525390625,55,2000,CWS@MIN,MIN,CWS,IL,Thumb,,,0,OF/UTIL
120123-165533,3B,Wes,Wes Kath,Kath,,0,2000,CWS@MIN,CWS,MIN,IL,Undisclosed,,,0,3B/UTIL
120123-226979,OF,Will,Will Robertson,Robertson,3.741666793823242,12,2000,CWS@MIN,CWS,MIN,,,,,0,OF/UTIL
120123-21161,2B,Yolmer,Yolmer Sanchez,Sanchez,,0,2000,LAA@KC,LAA,KC,,,,,0,2B/UTIL
120123-165550,2B/3B/SS,Ryan,Ryan Kreidler,Kreidler,3.0588235294117645,17,2000,LAD@PIT,PIT,LAD,,,,,0,2B/3B/SS/UTIL
120123-220848,SS,Christian,Christian Cairo,Cairo,,0,2000,CLE@TB,CLE,TB,,,,,0,SS/UTIL
120123-21172,1B/2B/3B,Brandon,Brandon Drury,Drury,4.8051547020981,97,2000,LAA@KC,LAA,KC,,,,,0,C/1B/2B/3B/UTIL
120123-163510,SS/2B,Diego A.,Diego A. Castillo,Castillo,7.900000095367432,4,2000,LAA@KC,KC,LAA,,,,,0,2B/SS/UTIL
120123-165558,OF,Tyler,Tyler Whitaker,Whitaker,,0,2000,NYY@HOU,HOU,NYY,,,,,0,OF/UTIL
120123-82616,2B/3B/SS,Luis,Luis Guillorme,Guillorme,1.5333333015441895,12,2000,NYY@HOU,HOU,NYY,,,,,0,2B/3B/SS/UTIL
120123-165563,SS,Cristian,Cristian Gonzalez,Gonzalez,,0,2000,NYY@HOU,HOU,NYY,,,,,0,SS/UTIL
120123-82620,2B,Nick,Nick Solak,Solak,0.75,4,2000,LAD@PIT,PIT,LAD,,,,,0,2B/UTIL
120123-165567,3B/2B/OF,Shay,Shay Whitcomb,Whitcomb,1.8649999618530273,20,2000,NYY@HOU,HOU,NYY,,,,,0,2B/3B/OF/UTIL
120123-165565,2B,Peyton,Peyton Wilson,Wilson,,0,2000,LAA@KC,KC,LAA,,,,,0,2B/UTIL
120123-202433,2B/OF,Jamie,Jamie Westbrook,Westbrook,4.490476335797991,21,2000,CLE@TB,TB,CLE,,,,,0,2B/OF/UTIL
120123-165574,SS,Daniel,Daniel Vazquez,Vazquez,,0,2000,LAA@KC,KC,LAA,,,,,0,SS/UTIL
120123-165575,SS,Denzer,Denzer Guzman,Guzman,,0,2000,LAA@KC,LAA,KC,,,,,0,SS/UTIL
120123-165576,SS,Adrian,Adrian Placencia,Placencia,,0,2000,LAA@KC,LAA,KC,,,,,0,SS/UTIL
120123-82637,1B,Evan,Evan White,White,0,2,2000,LAA@KC,LAA,KC,IL,Hip,,,0,C/1B/UTIL
120123-165590,SS,Wilman,Wilman Diaz,Diaz,,0,2000,LAD@PIT,LAD,PIT,,,,,0,SS/UTIL
120123-165593,OF,Jose,Jose Ramos,Ramos,0,2,2000,LAD@PIT,LAD,PIT,,,,,0,OF/UTIL
120123-165598,C,Jesus,Jesus Galiz,Galiz,,0,2000,LAD@PIT,LAD,PIT,IL,Undisclosed,,,0,C/1B/UTIL
120123-165597,SS,Kahlil,Kahlil Watson,Watson,,0,2000,CLE@TB,CLE,TB,,,,,0,SS/UTIL
120123-82659,3B,Carter,Carter Kieboom,Kieboom,0,1,2000,LAA@KC,LAA,KC,,,,,0,3B/UTIL
120123-165601,SS,Jose,Jose Salas,Salas,,0,2000,CWS@MIN,MIN,CWS,,,,,0,SS/UTIL
120123-181990,C/OF,Blake,Blake Sabol,Sabol,2.737499952316284,8,2000,CWS@MIN,CWS,MIN,,,,,0,C/1B/OF/UTIL
120123-232173,OF,Justin,Justin Dean,Dean,0.42857142857142855,14,2000,LAD@PIT,LAD,PIT,,,,,0,OF/UTIL
120123-165619,SS,Noah,Noah Miller,Miller,,0,2000,LAD@PIT,LAD,PIT,,,,,0,SS/UTIL
120123-165626,OF,Emmanuel,Emmanuel Rodriguez,Rodriguez,0,1,2000,CWS@MIN,MIN,CWS,IL,Oblique,,,0,OF/UTIL
120123-226041,OF/1B,Matt,Matt Gorski,Gorski,4.76000010172526,15,2000,LAD@PIT,LAD,PIT,IL,Hand,,,0,C/1B/OF/UTIL
120123-13054,C,Rob,Rob Brantly,Brantly,4.166666666666667,3,2000,NYY@HOU,NYY,HOU,,,,,0,C/1B/UTIL
120123-202501,OF,Duke,Duke Ellis,Ellis,3.0166667302449546,12,2000,NYY@HOU,NYY,HOU,,,,,0,OF/UTIL
120123-165658,SS,Maikol,Maikol Escotto,Escotto,,0,2000,LAD@PIT,PIT,LAD,,,,,0,SS/UTIL
120123-232218,OF,Tristan,Tristan Peters,Peters,0,4,2000,CLE@TB,TB,CLE,,,,,0,OF/UTIL
120123-165656,OF,Lonnie,Lonnie White,White,,0,2000,LAD@PIT,PIT,LAD,,,,,0,OF/UTIL
120123-165667,OF,Samuel,Samuel Zavala,Zavala,,0,2000,CWS@MIN,CWS,MIN,,,,,0,OF/UTIL
120123-70435,OF,Ben,Ben Gamel,Gamel,5.779487022986779,39,2000,LAA@KC,LAA,KC,,,,,0,OF/UTIL
120123-169769,3B/SS/2B,Vinny,Vinny Capra,Capra,2.723404255319149,47,2000,CWS@MIN,CWS,MIN,,,,,0,2B/3B/SS/UTIL
120123-176937,C,Chuckie,Chuckie Robinson,Robinson,1.976923135610727,26,2000,LAD@PIT,LAD,PIT,,,,,0,C/1B/UTIL
120123-165683,OF,Gabriel,Gabriel Gonzalez,Gonzalez,,0,2000,CWS@MIN,MIN,CWS,,,,,0,OF/UTIL
120123-165688,C,Ricardo,Ricardo Genoves,Genoves,,0,2000,CLE@TB,TB,CLE,IL,Undisclosed,,,0,C/1B/UTIL
120123-211774,1B/OF,Billy,Billy Cook,Cook,3.066666603088379,3,2000,LAD@PIT,PIT,LAD,IL,Hand,,,0,C/1B/OF/UTIL
120123-165700,SS,Carlos,Carlos Colmenares,Colmenares,,0,2000,CLE@TB,TB,CLE,,,,,0,SS/UTIL
120123-163653,OF,Allan,Allan Cerda,Cerda,,0,2000,CWS@MIN,MIN,CWS,,,,,0,OF/UTIL
120123-119627,OF,Erick,Erick Pena,Pena,,0,2000,LAA@KC,KC,LAA,,,,,0,OF/UTIL
120123-165704,2B,Cooper,Cooper Kinney,Kinney,,0,2000,CLE@TB,TB,CLE,,,,,0,2B/UTIL
120123-119626,OF,Hudson,Hudson Head,Head,,0,2000,LAD@PIT,PIT,LAD,,,,,0,OF/UTIL
120123-119633,OF,Misael,Misael Urbina,Urbina,,0,2000,CWS@MIN,MIN,CWS,,,,,0,OF/UTIL
120123-163672,3B/1B,Jonah,Jonah Bride,Bride,3.086666531032986,45,2000,CWS@MIN,MIN,CWS,,,,,0,C/1B/3B/UTIL
120123-163679,3B,Joe,Joe Perez,Perez,,0,2000,CWS@MIN,CWS,MIN,,,,,0,3B/UTIL
120123-163686,3B/SS,Oswaldo,Oswaldo Cabrera,Cabrera,6.597142682756696,35,2000,NYY@HOU,NYY,HOU,IL,Ankle,,,0,3B/SS/UTIL
120123-163695,2B/3B,Jorbit,Jorbit Vivas,Vivas,3.5413792051117996,29,2000,NYY@HOU,NYY,HOU,,,,,0,2B/3B/UTIL
120123-203639,3B/1B,CJ,CJ Alexander,Alexander,1.5,6,2000,LAD@PIT,LAD,PIT,,,,,0,C/1B/3B/UTIL
120123-170879,C,Chris,Chris Okey,Okey,0,2,2000,LAD@PIT,LAD,PIT,,,,,0,C/1B/UTIL
120123-180095,OF,Will,Will Brennan,Brennan,1.5,6,2000,CLE@TB,CLE,TB,IL,Elbow,,,0,OF/UTIL
120123-82824,1B,Mike,Mike Ford,Ford,3.600000080309416,19,2000,CWS@MIN,MIN,CWS,,,,,0,C/1B/UTIL
120123-102288,OF,Drew,Drew Waters,Waters,5.280555725097656,72,2000,LAA@KC,KC,LAA,,,,,0,OF/UTIL
120123-171923,1B,Darick,Darick Hall,Hall,0,2,2000,LAD@PIT,PIT,LAD,,,,,0,C/1B/UTIL
120123-182170,OF,Oscar,Oscar Colas,Colas,4.228571483067104,14,2000,LAA@KC,LAA,KC,,,,,0,OF/UTIL
120123-79776,C,Dom,Dom Nunez,Nunez,6.199999809265137,2,2000,CLE@TB,CLE,TB,,,,,0,C/1B/UTIL
120123-163772,C,Brett,Brett Sullivan,Sullivan,6.400000254313151,3,2000,LAD@PIT,PIT,LAD,,,,,0,C/1B/UTIL
120123-68554,SS,Andrew,Andrew Velazquez,Velazquez,0,2,2000,NYY@HOU,NYY,HOU,,,,,0,SS/UTIL
120123-81869,C,Chad,Chad Wallach,Wallach,,0,2000,LAA@KC,LAA,KC,,,,,0,C/1B/UTIL
120123-102360,OF,Connor,Connor Scott,Scott,,0,2000,LAA@KC,KC,LAA,IL,Undisclosed,,,0,OF/UTIL
120123-102392,OF,Esteury,Esteury Ruiz,Ruiz,3.3894737645199426,19,2000,LAD@PIT,LAD,PIT,,,,,0,OF/UTIL