Id,Position,First Name,Nickname,Last Name,FPPG,Played,Salary,Game,Team,Opponent,Injury Indicator,Injury Details,Tier,Probable Pitcher,Batting Order,Roster Position
120362-135977,P,Garrett,Garrett Crochet,Crochet,43,29,10800,BOS@ATH,BOS,ATH,,,,,,P
120362-13233,P,Nathan,Nathan Eovaldi,Eovaldi,37.45454545454545,22,10700,MIL@TEX,TEX,MIL,IL,Shoulder,,,,P
120362-101839,P,Logan,Logan Webb,Webb,37.63333333333333,30,10600,ARI@SF,SF,ARI,,,,,,P
120362-119430,P,Joe,Joe Ryan,Ryan,34.57142857142857,28,10100,MIN@LAA,MIN,LAA,,,,,,P
120362-52859,P,Jacob,Jacob deGrom,deGrom,35.111111111111114,27,10000,MIL@TEX,TEX,MIL,,,,,,P
120362-83190,P,Freddy,Freddy Peralta,Peralta,35.03448275862069,29,9900,MIL@TEX,MIL,TEX,,,,Yes,,P
120362-83152,P,Pablo,Pablo Lopez,Lopez,31.5,12,9800,MIN@LAA,MIN,LAA,,,,,,P
120362-198915,P,Luis,Luis Morales,Morales,27.285714285714285,7,9800,BOS@ATH,ATH,BOS,,,,,,P
120362-82604,P,Corbin,Corbin Burnes,Burnes,33.72727272727273,11,9600,ARI@SF,ARI,SF,IL,Elbow,,,,P
120362-101881,P,Merrill,Merrill Kelly,Kelly,32.37931034482759,29,9400,MIL@TEX,TEX,MIL,,,,Yes,,P
120362-53029,P,Robbie,Robbie Ray,Ray,32.9,30,9400,ARI@SF,SF,ARI,,,,,,P
120362-193326,P,Jacob,Jacob Lopez,Lopez,26.714285714285715,21,9400,BOS@ATH,ATH,BOS,IL,Elbow,,,,P
120362-219653,P,Logan,Logan Henderson,Henderson,36.4,5,9300,MIL@TEX,MIL,TEX,IL,Elbow,,,,P
120362-80582,P,Brandon,Brandon Woodruff,Woodruff,35.90909090909091,11,9200,MIL@TEX,MIL,TEX,,,,,,P
120362-163680,P,Brayan,Brayan Bello,Bello,29.653846153846153,26,9200,BOS@ATH,BOS,ATH,,,,,,P
120362-79109,P,Tyler,Tyler Mahle,Mahle,28.785714285714285,14,9100,MIL@TEX,TEX,MIL,IL,Shoulder,,,,P
120362-52198,P,Lucas,Lucas Giolito,Giolito,29.608695652173914,23,9100,BOS@ATH,BOS,ATH,,,,,,P
120362-209173,P,Zebby,Zebby Matthews,Matthews,26.214285714285715,14,9000,MIN@LAA,MIN,LAA,,,,,,P
120362-197981,P,Jacob,Jacob Misiorowski,Misiorowski,30.25,12,8900,MIL@TEX,MIL,TEX,,,,,,P
120362-219663,P,Chad,Chad Patrick,Patrick,25.772727272727273,22,8800,MIL@TEX,MIL,TEX,,,,,,P
120362-164497,P,Ryne,Ryne Nelson,Nelson,22.8,31,8800,ARI@SF,ARI,SF,,,,,,P
120362-165706,P,Jack,Jack Leiter,Leiter,27.115384615384617,27,8800,MIL@TEX,TEX,MIL,,,,,,P
120362-102345,P,Jose,Jose Soriano,Soriano,28.724137931034484,29,8800,MIN@LAA,LAA,MIN,,,,Yes,,P
120362-85251,P,Zac,Zac Gallen,Gallen,27.7,30,8700,ARI@SF,ARI,SF,,,,,,P
120362-102001,P,Yusei,Yusei Kikuchi,Kikuchi,27.5,30,8700,MIN@LAA,LAA,MIN,,,,,,P
120362-135361,P,Nabil,Nabil Crismatt,Crismatt,23,5,8600,ARI@SF,ARI,SF,,,,,,P
120362-102458,P,Kutter,Kutter Crawford,Crawford,27.96969696969697,33,8500,BOS@ATH,BOS,ATH,IL,Wrist,,,,P
120362-199728,P,Landen,Landen Roupp,Roupp,25.545454545454547,22,8400,ARI@SF,SF,ARI,IL,Knee,,,,P
120362-232240,P,Payton,Payton Tolle,Tolle,17,2,8300,BOS@ATH,BOS,ATH,,,,Yes,,P
120362-60644,P,Luis,Luis Severino,Severino,24.03846153846154,26,8200,BOS@ATH,ATH,BOS,,,,,,P
120362-211874,P,Kumar,Kumar Rocker,Rocker,19.571428571428573,14,8200,MIL@TEX,TEX,MIL,,,,,,P
120362-5202,P,Justin,Justin Verlander,Verlander,24.68,25,8100,ARI@SF,SF,ARI,,,,,,P
120362-119409,P,Quinn,Quinn Priester,Priester,27.615384615384617,26,8100,MIL@TEX,MIL,TEX,,,,,,P
120362-228077,P,Jack,Jack Perkins,Perkins,16.25,12,8100,BOS@ATH,ATH,BOS,IL,Shoulder,,,,P
120362-203676,P,David,David Festa,Festa,22.272727272727273,11,8000,MIN@LAA,MIN,LAA,IL,Shoulder,,,,P
120362-21099,P,Jose,Jose Quintana,Quintana,25.08695652173913,23,7900,MIL@TEX,MIL,TEX,,,,,,P
120362-82594,P,Dustin,Dustin May,May,25.16,25,7900,BOS@ATH,BOS,ATH,IL,Elbow,,,,P
120362-185896,P,Cody,Cody Bradford,Bradford,29.785714285714285,14,7800,MIL@TEX,TEX,MIL,IL,Elbow,,,,P
120362-145612,P,Bailey,Bailey Ober,Ober,22.583333333333332,24,7700,MIN@LAA,MIN,LAA,,,,,,P
120362-52142,P,Eduardo,Eduardo Rodriguez,Rodriguez,24.28,25,7700,ARI@SF,ARI,SF,,,,Yes,,P
120362-85476,P,Jeffrey,Jeffrey Springs,Springs,25.366666666666667,30,7600,BOS@ATH,ATH,BOS,,,,,,P
120362-219668,P,Hunter,Hunter Dobbins,Dobbins,20.76923076923077,13,7600,BOS@ATH,BOS,ATH,IL,Knee,,,,P
120362-82638,P,Jordan,Jordan Hicks,Hicks,7.2727272727272725,34,7600,BOS@ATH,BOS,ATH,IL,Shoulder,,,,P
120362-165715,P,Gunnar,Gunnar Hoglund,Hoglund,17.833333333333332,6,7600,BOS@ATH,ATH,BOS,IL,Hip,,,,P
120362-135229,P,Reid,Reid Detmers,Detmers,6.4655172413793105,60,7500,MIN@LAA,LAA,MIN,,,,,,P
120362-13664,P,Patrick,Patrick Corbin,Corbin,23.814814814814813,27,7500,MIL@TEX,TEX,MIL,,,,,,P
120362-185701,P,Brandon,Brandon Pfaadt,Pfaadt,25.107142857142858,29,7500,ARI@SF,ARI,SF,,,,,,P
120362-102528,P,Simeon,Simeon Woods Richardson,Woods Richardson,21.55,20,7400,MIN@LAA,MIN,LAA,,,,,,P
120362-146705,P,J.T.,J.T. Ginn,Ginn,19.15,20,7400,BOS@ATH,ATH,BOS,,,,,,P
120362-187769,P,Osvaldo,Osvaldo Bido,Bido,11.347826086956522,23,7400,BOS@ATH,ATH,BOS,,,,,,P
120362-146733,P,Kyle,Kyle Harrison,Harrison,14.5,8,7300,BOS@ATH,BOS,ATH,,,,,,P
120362-165698,P,Taj,Taj Bradley,Bradley,24.125,24,7300,MIN@LAA,MIN,LAA,,,,Yes,,P
120362-146717,P,Mick,Mick Abel,Abel,12.5,9,7100,MIN@LAA,MIN,LAA,,,,,,P
120362-38246,P,Tyler,Tyler Anderson,Anderson,21.153846153846153,26,7100,MIN@LAA,LAA,MIN,IL,Oblique,,,,P
120362-202608,P,Carlos,Carlos Rodriguez,Rodriguez,8.666666666666666,3,7100,MIL@TEX,MIL,TEX,,,,,,P
120362-102572,P,Tobias,Tobias Myers,Myers,10,18,7000,MIL@TEX,MIL,TEX,,,,,,P
120362-52155,P,Jon,Jon Gray,Gray,8,6,7000,MIL@TEX,TEX,MIL,IL,Shoulder,,,,P
120362-79853,P,Jordan,Jordan Montgomery,Montgomery,17.16,25,7000,MIL@TEX,MIL,TEX,IL,Elbow,,,,P
120362-211069,P,Sam,Sam Aldegheri,Aldegheri,5,2,6900,MIN@LAA,LAA,MIN,,,,,,P
120362-102498,P,Patrick,Patrick Sandoval,Sandoval,23.4375,16,6800,BOS@ATH,BOS,ATH,IL,Elbow,,,,P
120362-60637,P,Sean,Sean Newcomb,Newcomb,10.133333333333333,45,6800,BOS@ATH,ATH,BOS,,,,,,P
120362-197899,P,Kai-Wei,Kai-Wei Teng,Teng,17.833333333333332,6,6800,ARI@SF,SF,ARI,,,,,,P
120362-198938,P,Carson,Carson Whisenhunt,Whisenhunt,18.2,5,6800,ARI@SF,SF,ARI,IL,Back,,,,P
120362-82540,P,Tanner,Tanner Houck,Houck,13.555555555555555,9,6800,BOS@ATH,BOS,ATH,IL,Elbow,,,,P
120362-198891,P,Caden,Caden Dana,Dana,17.75,4,6700,MIN@LAA,LAA,MIN,,,,,,P
120362-156976,P,Darren,Darren McCaughan,McCaughan,10.333333333333334,3,6700,MIN@LAA,MIN,LAA,,,,,,P
120362-226810,P,Blade,Blade Tidwell,Tidwell,9,4,6700,ARI@SF,SF,ARI,IL,Shoulder,,,,P
120362-232673,P,Mitch,Mitch Farris,Farris,27.5,2,6600,MIN@LAA,LAA,MIN,,,,,,P
120362-119302,P,Blake,Blake Walston,Walston,12.571428571428571,7,6600,ARI@SF,ARI,SF,IL,Elbow,,,,P
120362-82537,P,DL,DL Hall,Hall,8.31578947368421,19,6600,MIL@TEX,MIL,TEX,IL,Oblique,,,,P
120362-211765,P,Richard,Richard Fitts,Fitts,18.181818181818183,11,6600,BOS@ATH,BOS,ATH,IL,Biceps,,,,P
120362-203678,P,Hayden,Hayden Birdsong,Birdsong,16.2,21,6600,ARI@SF,SF,ARI,,,,,,P
120362-102515,P,Aaron,Aaron Ashby,Ashby,9.194444444444445,36,6500,MIL@TEX,MIL,TEX,,,,,,P
120362-53398,P,Kyle,Kyle Hendricks,Hendricks,20.964285714285715,28,6500,MIN@LAA,LAA,MIN,,,,,,P
120362-102574,P,Jake,Jake Woodford,Woodford,5.526315789473684,19,6500,ARI@SF,ARI,SF,,,,,,P
120362-60627,P,Touki,Touki Toussaint,Toussaint,9,1,6500,MIN@LAA,LAA,MIN,,,,,,P
120362-208114,P,Connor,Connor Gillispie,Gillispie,12,6,6500,MIN@LAA,MIN,LAA,IL,Undisclosed,,,,P
120362-198353,P,Mitch,Mitch Spence,Spence,10.620689655172415,29,6500,BOS@ATH,ATH,BOS,,,,,,P
120362-165634,P,Ken,Ken Waldichuk,Waldichuk,0,1,6500,BOS@ATH,ATH,BOS,,,,,,P
120362-165665,P,Robert,Robert Gasser,Gasser,25.6,5,6500,MIL@TEX,MIL,TEX,,,,,,P
120362-52174,P,Steven,Steven Matz,Matz,7.369565217391305,46,6500,BOS@ATH,BOS,ATH,,,,,,P
120362-160939,P,Jacob,Jacob Latz,Latz,13.035714285714286,29,6400,MIL@TEX,TEX,MIL,,,,,,P
120362-170174,P,Chase,Chase Silseth,Silseth,6.75,4,6400,MIN@LAA,LAA,MIN,,,,,,P
120362-181794,P,Hogan,Hogan Harris,Harris,6.9,40,6400,BOS@ATH,ATH,BOS,,,,,,P
120362-219703,P,Travis,Travis Adams,Adams,8.727272727272727,11,6400,MIN@LAA,MIN,LAA,,,,,,P
120362-119355,P,Jack,Jack Kochanowicz,Kochanowicz,14.391304347826088,23,6400,MIN@LAA,LAA,MIN,,,,,,P
120362-52998,P,Aaron,Aaron Brooks,Brooks,15.8,5,6400,BOS@ATH,ATH,BOS,,,,,,P
120362-135245,P,Tommy,Tommy Henry,Henry,17.5,2,6300,ARI@SF,ARI,SF,IL,Elbow,,,,P
120362-53607,P,Anthony,Anthony DeSclafani,DeSclafani,12.75,12,6300,ARI@SF,ARI,SF,,,,,,P
120362-79254,P,Dakota,Dakota Hudson,Hudson,14.38888888888889,18,6300,MIN@LAA,LAA,MIN,,,,,,P
120362-161256,P,Cooper,Cooper Criswell,Criswell,10.285714285714286,7,6300,BOS@ATH,BOS,ATH,IL,Elbow,,,,P
120362-68564,P,Erick,Erick Fedde,Fedde,15.777777777777779,27,6300,MIL@TEX,MIL,TEX,,,,,,P
120362-73835,P,Ty,Ty Blach,Blach,9.15,20,6200,MIL@TEX,TEX,MIL,IL,Undisclosed,,,,P
120362-232608,P,Mason,Mason Barnett,Barnett,16.5,2,6200,BOS@ATH,ATH,BOS,,,,Yes,,P
120362-53608,P,Jose,Jose Urena,Urena,10.071428571428571,14,6200,MIN@LAA,LAA,MIN,,,,,,P
120362-181823,P,Keaton,Keaton Winn,Winn,7.5,4,6200,ARI@SF,SF,ARI,,,,,,P
120362-82636,P,Joey,Joey Lucchesi,Lucchesi,4.46875,32,6200,ARI@SF,SF,ARI,,,,,,P
120362-204512,P,Yilber,Yilber Diaz,Diaz,3,1,6200,ARI@SF,ARI,SF,,,,,,P
120362-163692,P,Jose,Jose Butto,Butto,6.163265306122449,49,6100,ARI@SF,SF,ARI,,,,,,P
120362-102446,P,Tristan,Tristan Beck,Beck,6.84,25,6000,ARI@SF,SF,ARI,,,,,,P
120362-231537,P,Pierson,Pierson Ohl,Ohl,8.625,8,6000,MIN@LAA,MIN,LAA,,,,,,P
120362-101804,P,Huascar,Huascar Ynoa,Ynoa,0,2,6000,MIN@LAA,MIN,LAA,,,,,,P
120362-219706,P,Carson,Carson Seymour,Seymour,9.416666666666666,12,6000,ARI@SF,SF,ARI,,,,Yes,,P
120362-12939,P,Casey,Casey Kelly,Kelly,2.5,2,6000,ARI@SF,ARI,SF,,,,,,P
120362-163515,P,Elvin,Elvin Rodriguez,Rodriguez,7.571428571428571,7,6000,ARI@SF,ARI,SF,,,,,,P
120362-163681,P,Josh,Josh Winckowski,Winckowski,7.833333333333333,6,6000,BOS@ATH,BOS,ATH,IL,Elbow,,,,P
120362-68505,P,Carson,Carson Fulmer,Fulmer,8.384615384615385,13,6000,MIN@LAA,LAA,MIN,IL,Elbow,,,,P
120362-135231,P,Jared,Jared Shuster,Shuster,3.4166666666666665,12,5900,BOS@ATH,ATH,BOS,,,,,,P
120362-197907,P,Brady,Brady Basso,Basso,8.5,4,5900,BOS@ATH,ATH,BOS,,,,,,P
120362-199224,P,Mason,Mason Black,Black,18,1,5900,ARI@SF,SF,ARI,,,,,,P
120362-164504,P,Joey,Joey Estes,Estes,5,3,5900,BOS@ATH,ATH,BOS,IL,Back,,,,P
120362-163675,P,Noah,Noah Davis,Davis,1.5,9,5900,MIN@LAA,MIN,LAA,,,,,,P
120362-189299,P,Victor,Victor Mederos,Mederos,10.2,5,5800,MIN@LAA,LAA,MIN,IL,Shoulder,,,,P
120362-101838,P,JT,JT Brubaker,Brubaker,4.923076923076923,13,5700,ARI@SF,SF,ARI,,,,,,P
120362-82539,P,Jalen,Jalen Beeks,Beeks,4.581818181818182,55,5600,ARI@SF,ARI,SF,,,,,,P
120362-102405,P,Sean,Sean Hjelle,Hjelle,3.75,12,5500,ARI@SF,SF,ARI,,,,,,P
120362-226310,P,Jose,Jose Fermin,Fermin,5.0625,33,5500,MIN@LAA,LAA,MIN,,,,,,P
120362-171020,P,Michael,Michael Kelly,Kelly,4.852941176470588,34,5500,BOS@ATH,ATH,BOS,,,,,,P
120362-102419,P,Cole,Cole Winn,Winn,6.222222222222222,27,5500,MIL@TEX,TEX,MIL,,,,,,P
120362-79895,P,Miguel,Miguel Diaz,Diaz,3,1,5500,ARI@SF,SF,ARI,,,,,,P
120362-135192,P,Ryan,Ryan Thompson,Thompson,4.075,40,5500,ARI@SF,ARI,SF,,,,,,P
120362-102455,P,Cory,Cory Abbott,Abbott,0,1,5500,MIL@TEX,TEX,MIL,,,,,,P
120362-102469,P,Ben,Ben Bowden,Bowden,3.4545454545454546,11,5500,BOS@ATH,ATH,BOS,IL,Lat,,,,P
120362-169030,P,Zach,Zach Jackson,Jackson,,0,5500,BOS@ATH,ATH,BOS,,,,,,P
120362-135237,P,Nick,Nick Mears,Mears,4.431034482758621,59,5500,MIL@TEX,MIL,TEX,IL,Back,,,,P
120362-102479,P,Lincoln,Lincoln Henzman,Henzman,,0,5500,BOS@ATH,ATH,BOS,,,,,,P
120362-135249,P,Bryce,Bryce Jarvis,Jarvis,8,11,5500,ARI@SF,ARI,SF,,,,,,P
120362-135256,P,Connor,Connor Brogdon,Brogdon,4.527777777777778,37,5500,MIN@LAA,LAA,MIN,,,,,,P
120362-189528,P,Robert,Robert Garcia,Garcia,5.016129032258065,63,5500,MIL@TEX,TEX,MIL,,,,,,P
120362-135262,P,Anthony,Anthony Misiewicz,Misiewicz,4.333333333333333,4,5500,MIN@LAA,MIN,LAA,IL,Pectoral,,,,P
120362-102500,P,Robert,Robert Dugger,Dugger,,0,5500,MIL@TEX,TEX,MIL,,,,,,P
120362-135304,P,Tyler,Tyler Baum,Baum,,0,5500,BOS@ATH,ATH,BOS,,,,,,P
120362-102542,P,Travis,Travis MacGregor,MacGregor,,0,5500,MIL@TEX,MIL,TEX,,,,,,P
120362-135312,P,Kyle,Kyle Nelson,Nelson,3,3,5500,ARI@SF,ARI,SF,,,,,,P
120362-38043,P,Enny,Enny Romero,Romero,,0,5500,ARI@SF,SF,ARI,,,,,,P
120362-184482,P,Hobie,Hobie Harris,Harris,,0,5500,BOS@ATH,BOS,ATH,,,,,,P
120362-12452,P,Kenley,Kenley Jansen,Jansen,5.290909090909091,57,5500,MIN@LAA,LAA,MIN,,,,,,P
120362-195748,P,Kelvin,Kelvin Caceres,Caceres,0,2,5500,MIN@LAA,LAA,MIN,,,,,,P
120362-154794,P,Joe,Joe Barlow,Barlow,,0,5500,MIL@TEX,TEX,MIL,,,,,,P
120362-232618,P,Taylor,Taylor Rashi,Rashi,8.75,4,5500,ARI@SF,ARI,SF,,,,,,P
120362-102570,P,Sandy,Sandy Gaston,Gaston,,0,5500,MIN@LAA,LAA,MIN,,,,,,P
120362-102593,P,Gerardo,Gerardo Carrillo,Carrillo,,0,5500,MIL@TEX,TEX,MIL,,,,,,P
120362-83149,P,Jesus,Jesus Liranzo,Liranzo,,0,5500,MIL@TEX,MIL,TEX,,,,,,P
120362-83154,P,Miguel,Miguel Del Pozo,Del Pozo,,0,5500,ARI@SF,SF,ARI,,,,,,P
120362-145620,P,Helcris,Helcris Olivarez,Olivarez,,0,5500,ARI@SF,SF,ARI,,,,,,P
120362-60640,P,Nick,Nick Burdi,Burdi,7.75,4,5500,BOS@ATH,BOS,ATH,,,,,,P
120362-83170,P,Thomas,Thomas Pannone,Pannone,,0,5500,MIL@TEX,MIL,TEX,IL,Forearm,,,,P
120362-178411,P,Michael,Michael Plassmeyer,Plassmeyer,0,1,5500,MIL@TEX,TEX,MIL,,,,,,P
120362-83184,P,Julian,Julian Merryweather,Merryweather,3.0952380952380953,21,5500,MIL@TEX,MIL,TEX,,,,,,P
120362-197877,P,Cristian,Cristian Mena,Mena,15.666666666666666,3,5500,ARI@SF,ARI,SF,IL,Shoulder,,,,P
120362-197890,P,Marc,Marc Church,Church,4.6,5,5500,MIL@TEX,TEX,MIL,IL,Elbow,,,,P
120362-85255,P,Shaun,Shaun Anderson,Anderson,4.857142857142857,7,5500,MIN@LAA,LAA,MIN,,,,,,P
120362-197893,P,Jose,Jose Corniell,Corniell,0,1,5500,MIL@TEX,TEX,MIL,,,,,,P
120362-197897,P,Trevor,Trevor McDonald,McDonald,12,1,5500,ARI@SF,SF,ARI,,,,,,P
120362-146702,P,Cole,Cole Sands,Sands,5.033333333333333,60,5500,MIN@LAA,MIN,LAA,,,,,,P
120362-85263,P,CD,CD Pelham,Pelham,,0,5500,BOS@ATH,ATH,BOS,,,,,,P
120362-197900,P,Luis,Luis Perales,Perales,0,2,5500,BOS@ATH,BOS,ATH,IL,Elbow,,,,P
120362-225559,P,Juan,Juan Morillo,Morillo,3.864864864864865,38,5500,ARI@SF,ARI,SF,,,,,,P
120362-65817,P,Scott,Scott McGough,McGough,4.333333333333333,10,5500,BOS@ATH,ATH,BOS,,,,,,P
120362-197916,P,Anthony,Anthony Maldonado,Maldonado,2.5,6,5500,BOS@ATH,ATH,BOS,,,,,,P
120362-179490,P,Cole,Cole Waites,Waites,,0,5500,ARI@SF,SF,ARI,IL,Undisclosed,,,,P
120362-38189,P,Michael,Michael Tonkin,Tonkin,5.6875,16,5500,MIN@LAA,MIN,LAA,,,,,,P
120362-185662,P,Sammy,Sammy Peralta,Peralta,13,1,5500,MIN@LAA,LAA,MIN,,,,,,P
120362-180540,P,Easton,Easton McGee,McGee,6.222222222222222,9,5500,MIL@TEX,MIL,TEX,,,,,,P
120362-203074,P,Spencer,Spencer Bivens,Bivens,6.130434782608695,46,5500,ARI@SF,SF,ARI,,,,,,P
120362-228682,P,Eduarniel,Eduarniel Nunez,Nunez,4.7,10,5500,BOS@ATH,ATH,BOS,,,,,,P
120362-204119,P,Jacob,Jacob Bosiokovic,Bosiokovic,,0,5500,MIN@LAA,MIN,LAA,,,,,,P
120362-118106,P,Victor,Victor Gonzalez,Gonzalez,3.1481481481481484,27,5500,MIN@LAA,LAA,MIN,,,,,,P
120362-79209,P,A.J.,A.J. Puk,Puk,6.375,8,5500,ARI@SF,ARI,SF,IL,Elbow,,,,P
120362-38251,P,Hunter,Hunter Strickland,Strickland,4.7368421052631575,19,5500,MIN@LAA,LAA,MIN,IL,Shoulder,,,,P
120362-118122,P,Angel,Angel Perdomo,Perdomo,2.5,4,5500,BOS@ATH,ATH,BOS,IL,Undisclosed,,,,P
120362-193897,P,Kody,Kody Funderburk,Funderburk,4.866666666666666,30,5500,MIN@LAA,MIN,LAA,,,,,,P
120362-38303,P,Andrew,Andrew Chafin,Chafin,4.589743589743589,41,5500,MIN@LAA,LAA,MIN,,,,,,P
120362-79265,P,Alex,Alex Speas,Speas,9,2,5500,MIN@LAA,MIN,LAA,,,,,,P
120362-118180,P,Tucker,Tucker Davidson,Davidson,23,1,5500,MIL@TEX,MIL,TEX,,,,,,P
120362-101801,P,Joel,Joel Payamps,Payamps,2.44,25,5500,MIL@TEX,MIL,TEX,,,,,,P
120362-118185,P,Matt,Matt Foster,Foster,4.333333333333333,6,5500,ARI@SF,ARI,SF,,,,,,P
120362-79275,P,Sean,Sean Reid-Foley,Reid-Foley,5.826086956521739,23,5500,ARI@SF,ARI,SF,,,,,,P
120362-101803,P,Jacob,Jacob Webb,Webb,5.6938775510204085,49,5500,MIL@TEX,TEX,MIL,,,,,,P
120362-40382,P,Luis,Luis Garcia,Garcia,4.547169811320755,53,5500,MIN@LAA,LAA,MIN,,,,,,P
120362-101822,P,Josh,Josh Sborz,Sborz,5.6875,17,5500,MIL@TEX,TEX,MIL,IL,Shoulder,,,,P
120362-101825,P,Jose,Jose Quijada,Quijada,6.5,2,5500,MIN@LAA,LAA,MIN,,,,,,P
120362-118208,P,Brooks,Brooks Kriske,Kriske,3.9375,16,5500,MIN@LAA,MIN,LAA,,,,,,P
120362-101826,P,Jordan,Jordan Holloway,Holloway,,0,5500,MIN@LAA,LAA,MIN,,,,,,P
120362-101829,P,Trey,Trey Supak,Supak,,0,5500,MIL@TEX,TEX,MIL,,,,,,P
120362-200143,P,Josh,Josh Maciejewski,Maciejewski,9,4,5500,MIL@TEX,MIL,TEX,,,,,,P
120362-101845,P,Genesis,Genesis Cabrera,Cabrera,3.5588235294117645,34,5500,MIN@LAA,MIN,LAA,,,,,,P
120362-225748,P,Craig,Craig Yoho,Yoho,3.25,8,5500,MIL@TEX,MIL,TEX,,,,,,P
120362-101851,P,Brock,Brock Burke,Burke,4.507692307692308,65,5500,MIN@LAA,LAA,MIN,,,,,,P
120362-119299,P,Drey,Drey Jameson,Jameson,2,3,5500,ARI@SF,ARI,SF,IL,Elbow,,,,P
120362-219658,P,Jack,Jack Dashwood,Dashwood,,0,5500,MIN@LAA,LAA,MIN,,,,,,P
120362-95757,P,Andrew,Andrew Vasquez,Vasquez,,0,5500,MIN@LAA,LAA,MIN,,,,,,P
120362-138767,P,Jesus,Jesus Cruz,Cruz,,0,5500,MIN@LAA,LAA,MIN,,,,,,P
120362-119310,P,Noah,Noah Song,Song,,0,5500,BOS@ATH,BOS,ATH,,,,,,P
120362-101905,P,Sam,Sam McWilliams,McWilliams,,0,5500,MIL@TEX,MIL,TEX,,,,,,P
120362-71190,P,Jose,Jose Leclerc,Leclerc,3.3,10,5500,BOS@ATH,ATH,BOS,IL,Lat,,,,P
120362-181791,P,Connor,Connor Thomas,Thomas,-2.5,2,5500,MIL@TEX,MIL,TEX,IL,Elbow,,,,P
120362-58913,P,Danny,Danny Coulombe,Coulombe,4.4,51,5500,MIL@TEX,TEX,MIL,IL,Shoulder,,,,P
120362-210475,P,Ryan,Ryan Zeferjahn,Zeferjahn,5.672413793103448,59,5500,MIN@LAA,LAA,MIN,IL,Knee,,,,P
120362-219694,P,Winston,Winston Santos,Santos,,0,5500,MIL@TEX,TEX,MIL,,,,,,P
120362-219693,P,Emiliano,Emiliano Teodo,Teodo,,0,5500,MIL@TEX,TEX,MIL,,,,,,P
120362-219702,P,Marco,Marco Raya,Raya,,0,5500,MIN@LAA,MIN,LAA,,,,,,P
120362-119359,P,Ethan,Ethan Small,Small,0,2,5500,ARI@SF,SF,ARI,,,,,,P
120362-222786,P,Raul,Raul Alcantara,Alcantara,,0,5500,MIL@TEX,MIL,TEX,,,,,,P
120362-185926,P,Ryan,Ryan Walker,Walker,4.85,61,5500,ARI@SF,SF,ARI,,,,,,P
120362-119367,P,Matt,Matt Canterino,Canterino,0,1,5500,MIN@LAA,MIN,LAA,IL,Shoulder,,,,P
120362-226884,P,Christian,Christian Montes De Oca,Montes De Oca,14,1,5500,ARI@SF,ARI,SF,IL,Back,,,,P
120362-139851,P,Justin,Justin Topa,Topa,4.722222222222222,54,5500,MIN@LAA,MIN,LAA,DTD,Knee,,,,P
120362-181838,P,Abner,Abner Uribe,Uribe,6.147058823529412,68,5500,MIL@TEX,MIL,TEX,,,,,,P
120362-219726,P,Joe,Joe Elbis,Elbis,,0,5500,ARI@SF,ARI,SF,O,Undisclosed,,,,P
120362-181836,P,Justin,Justin Martinez,Martinez,6.0625,17,5500,ARI@SF,ARI,SF,IL,Elbow,,,,P
120362-219725,P,Henry,Henry Baez,Baez,,0,5500,BOS@ATH,ATH,BOS,,,,,,P
120362-81488,P,Jose,Jose Ruiz,Ruiz,2.888888888888889,18,5500,MIL@TEX,TEX,MIL,,,,,,P
120362-222807,P,Alejandro,Alejandro Rosario,Rosario,,0,5500,MIL@TEX,TEX,MIL,IL,Elbow,,,,P
120362-119392,P,Josh,Josh Wolf,Wolf,,0,5500,ARI@SF,SF,ARI,,,,,,P
120362-21096,P,Erasmo,Erasmo Ramirez,Ramirez,4.333333333333333,9,5500,MIN@LAA,MIN,LAA,,,,,,P
120362-119403,P,Erik,Erik Miller,Miller,4.714285714285714,36,5500,ARI@SF,SF,ARI,IL,Elbow,,,,P
120362-82541,P,Bryan,Bryan Mata,Mata,0,2,5500,BOS@ATH,BOS,ATH,,,,,,P
120362-226925,P,Andrew,Andrew Hoffmann,Hoffmann,5.1,10,5500,ARI@SF,ARI,SF,IL,Elbow,,,,P
120362-222828,P,Jacob,Jacob Webb,Webb,,0,5500,BOS@ATH,BOS,ATH,,,,,,P
120362-82547,P,Thomas,Thomas Hatch,Hatch,9.666666666666666,9,5500,MIN@LAA,MIN,LAA,,,,,,P
120362-180848,P,Angel,Angel Felipe,Felipe,0,2,5500,MIN@LAA,LAA,MIN,,,,,,P
120362-119413,P,Isaiah,Isaiah Campbell,Campbell,2.3333333333333335,6,5500,BOS@ATH,BOS,ATH,,,,,,P
120362-135798,P,Garrett,Garrett Stallings,Stallings,,0,5500,MIL@TEX,MIL,TEX,,,,,,P
120362-118397,P,Trevor,Trevor Megill,Megill,6.3125,49,5500,MIL@TEX,MIL,TEX,IL,Elbow,,,,P
120362-210559,P,Brady,Brady Feigl,Feigl,-13,1,5500,MIN@LAA,MIN,LAA,,,,,,P
120362-165509,P,Bryce,Bryce Bonnin,Bonnin,,0,5500,MIL@TEX,TEX,MIL,,,,,,P
120362-110219,P,Sean,Sean Poppen,Poppen,,0,5500,MIN@LAA,LAA,MIN,,,,,,P
120362-12943,P,Shelby,Shelby Miller,Miller,6,48,5500,MIL@TEX,MIL,TEX,IL,Elbow,,,,P
120362-73362,P,Rob,Rob Zastryzny,Zastryzny,5.526315789473684,19,5500,MIL@TEX,MIL,TEX,,,,,,P
120362-170647,P,Jared,Jared Koenig,Koenig,4.846153846153846,65,5500,MIL@TEX,MIL,TEX,,,,,,P
120362-220822,P,Elvis,Elvis Alvarado,Alvarado,6.566666666666666,30,5500,BOS@ATH,ATH,BOS,,,,,,P
120362-82584,P,JB,JB Bukauskas,Bukauskas,5.5,6,5500,MIL@TEX,MIL,TEX,IL,Lat,,,,P
120362-226968,P,Kyle,Kyle Backhus,Backhus,3.433333333333333,30,5500,ARI@SF,ARI,SF,,,,,,P
120362-165534,P,Norge,Norge Vera,Vera,,0,5500,BOS@ATH,ATH,BOS,,,,,,P
120362-202402,P,Justin,Justin Sterner,Sterner,5.8431372549019605,52,5500,BOS@ATH,ATH,BOS,,,,,,P
120362-222881,P,Ryan,Ryan Johnson,Johnson,4.769230769230769,14,5500,MIN@LAA,LAA,MIN,,,,,,P
120362-164517,P,Chris,Chris Murphy,Murphy,7.529411764705882,17,5500,BOS@ATH,BOS,ATH,,,,,,P
120362-114356,P,Kevin,Kevin Ginkel,Ginkel,3.689655172413793,29,5500,ARI@SF,ARI,SF,IL,Shoulder,,,,P
120362-80571,P,Phil,Phil Maton,Maton,6.236363636363636,55,5500,MIL@TEX,TEX,MIL,,,,,,P
120362-38596,P,Chris,Chris Martin,Martin,5.225,43,5500,MIL@TEX,TEX,MIL,,,,,,P
120362-170699,P,Matt,Matt Gage,Gage,4.888888888888889,27,5500,ARI@SF,SF,ARI,,,,,,P
120362-165577,P,Sam,Sam Bachman,Bachman,4.470588235294118,19,5500,MIN@LAA,LAA,MIN,,,,,,P
120362-81614,P,Thyago,Thyago Vieira,Vieira,6.111111111111111,28,5500,ARI@SF,ARI,SF,O,Elbow,,,,P
120362-165584,P,Alejandro,Alejandro Hidalgo,Hidalgo,,0,5500,MIN@LAA,MIN,LAA,,,,,,P
120362-165585,P,Erik,Erik Rivera,Rivera,,0,5500,BOS@ATH,BOS,ATH,,,,,,P
120362-198352,P,Shane,Shane Drohan,Drohan,0,1,5500,BOS@ATH,BOS,ATH,,,,,,P
120362-198356,P,Justin,Justin Slaten,Slaten,4.321428571428571,29,5500,BOS@ATH,BOS,ATH,,,,,,P
120362-165594,P,Carlos,Carlos Duran,Duran,-8,1,5500,BOS@ATH,ATH,BOS,,,,,,P
120362-229084,P,Brandyn,Brandyn Garcia,Garcia,3,6,5500,ARI@SF,ARI,SF,,,,,,P
120362-141024,P,Bruce,Bruce Zimmermann,Zimmermann,0,1,5500,MIL@TEX,MIL,TEX,,,,,,P
120362-187110,P,Ben,Ben Joyce,Joyce,2.6,5,5500,MIN@LAA,LAA,MIN,IL,Shoulder,,,,P
120362-53990,P,Shawn,Shawn Armstrong,Armstrong,5.836065573770492,62,5500,MIL@TEX,TEX,MIL,,,,,,P
120362-81641,P,John,John Curtiss,Curtiss,5.291666666666667,24,5500,ARI@SF,ARI,SF,,,,,,P
120362-187121,P,Grant,Grant Anderson,Anderson,5.931034482758621,58,5500,MIL@TEX,MIL,TEX,,,,,,P
120362-165621,P,Russell,Russell Smith,Smith,,0,5500,MIL@TEX,MIL,TEX,IL,Undisclosed,,,,P
120362-84732,P,Robert,Robert Stock,Stock,1,2,5500,BOS@ATH,BOS,ATH,,,,,,P
120362-13055,P,Anthony,Anthony Gose,Gose,3.3333333333333335,3,5500,ARI@SF,ARI,SF,,,,,,P
120362-165650,P,Grant,Grant Holman,Holman,5,22,5500,BOS@ATH,ATH,BOS,IL,Finger,,,,P
120362-194320,P,Andrew,Andrew Saalfrank,Saalfrank,5.391304347826087,23,5500,ARI@SF,ARI,SF,,,,,,P
120362-165649,P,Colin,Colin Peluse,Peluse,,0,5500,BOS@ATH,ATH,BOS,,,,,,P
120362-161563,P,Jovani,Jovani Moran,Moran,9,2,5500,BOS@ATH,BOS,ATH,,,,,,P
120362-211737,P,Luis,Luis Guerrero,Guerrero,4.461538461538462,13,5500,BOS@ATH,BOS,ATH,IL,Elbow,,,,P
120362-201506,P,Tyler,Tyler Ferguson,Ferguson,4.224489795918367,49,5500,BOS@ATH,ATH,BOS,,,,,,P
120362-199465,P,Juan,Juan Sanchez,Sanchez,,0,5500,ARI@SF,SF,ARI,,,,,,P
120362-182062,P,Gus,Gus Varland,Varland,5.230769230769231,26,5500,ARI@SF,ARI,SF,IL,Undisclosed,,,,P
120362-165687,P,Will,Will Bednar,Bednar,,0,5500,ARI@SF,SF,ARI,,,,,,P
120362-165684,P,Matt,Matt Mikulski,Mikulski,,0,5500,MIN@LAA,MIN,LAA,,,,,,P
120362-178997,P,Greg,Greg Weissert,Weissert,4.515151515151516,66,5500,BOS@ATH,BOS,ATH,,,,,,P
120362-165691,P,Manuel,Manuel Mercedes,Mercedes,,0,5500,ARI@SF,SF,ARI,,,,,,P
120362-13118,P,Justin,Justin Wilson,Wilson,4.9245283018867925,54,5500,BOS@ATH,BOS,ATH,,,,,,P
120362-163655,P,Daniel,Daniel Duarte,Duarte,12,3,5500,MIN@LAA,MIN,LAA,IL,Elbow,,,,P
120362-163658,P,Randy,Randy Rodriguez,Rodriguez,6.82,50,5500,ARI@SF,SF,ARI,IL,Elbow,,,,P
120362-232267,P,David,David Sandlin,Sandlin,,0,5500,BOS@ATH,BOS,ATH,,,,,,P
120362-163673,P,Jorge,Jorge Juan,Juan,,0,5500,BOS@ATH,BOS,ATH,,,,,,P
120362-228189,P,Juan,Juan Burgos,Burgos,4.6923076923076925,13,5500,ARI@SF,ARI,SF,,,,,,P
120362-11108,P,Aroldis,Aroldis Chapman,Chapman,6.9,60,5500,BOS@ATH,BOS,ATH,,,,,,P
120362-15225,P,Liam,Liam Hendriks,Hendriks,3.357142857142857,14,5500,BOS@ATH,BOS,ATH,IL,Hip,,,,P
120362-203642,P,Raymond,Raymond Burgos,Burgos,3,1,5500,ARI@SF,SF,ARI,,,,,,P
120362-80801,P,Hoby,Hoby Milner,Milner,4.966666666666667,65,5500,MIL@TEX,TEX,MIL,,,,,,P
120362-179118,P,Zack,Zack Kelly,Kelly,7.105263157894737,20,5500,BOS@ATH,BOS,ATH,,,,,,P
120362-68527,P,Jose,Jose De Leon,De Leon,,0,5500,BOS@ATH,BOS,ATH,,,,,,P
120362-52146,P,Carl,Carl Edwards Jr.,Edwards Jr.,3,2,5500,MIL@TEX,TEX,MIL,,,,,,P
120362-52152,P,Robert,Robert Stephenson,Stephenson,3.7142857142857144,8,5500,MIN@LAA,LAA,MIN,,,,,,P
120362-175032,P,Brennan,Brennan Bernardino,Bernardino,4.703703703703703,55,5500,BOS@ATH,BOS,ATH,,,,,,P
120362-68551,P,Tyler,Tyler Beede,Beede,4.846153846153846,13,5500,MIN@LAA,MIN,LAA,,,,,,P
120362-232399,P,Joel,Joel Peguero,Peguero,9.5,8,5500,ARI@SF,SF,ARI,,,,,,P
120362-198618,P,Coleman,Coleman Crow,Crow,,0,5500,MIL@TEX,MIL,TEX,IL,Elbow,,,,P
120362-202726,P,Michel,Michel Otanez,Otanez,2,6,5500,BOS@ATH,ATH,BOS,,,,,,P
120362-102375,P,Luis,Luis Medina,Medina,20.375,8,5500,BOS@ATH,ATH,BOS,IL,Elbow,,,,P
120362-213995,P,Luis,Luis Curvelo,Curvelo,6,15,5500,MIL@TEX,TEX,MIL,,,,,,P
120362-68584,P,Tyler,Tyler Jay,Jay,5.8,5,5500,MIL@TEX,MIL,TEX,,,,,,P
120362-102376,P,Garrett,Garrett Whitlock,Whitlock,7.545454545454546,56,5500,BOS@ATH,BOS,ATH,,,,,,P
120362-70634,P,Daniel,Daniel Mengden,Mengden,,0,5500,ARI@SF,ARI,SF,,,,,,P
120362-102386,P,Steven,Steven Jennings,Jennings,,0,5500,MIL@TEX,TEX,MIL,,,,,,P
120362-82935,P,Trevor,Trevor Richards,Richards,4.25,5,5500,ARI@SF,ARI,SF,,,,,,P
120362-102397,P,Wyatt,Wyatt Mills,Mills,,0,5500,BOS@ATH,BOS,ATH,,,,,,P
120362-39086,OF,Byron,Byron Buxton,Buxton,13.636363636363637,110,4100,MIN@LAA,MIN,LAA,,,,,,OF/UTIL
120362-119297,OF,Corbin,Corbin Carroll,Carroll,13.6015501983406,129,4100,ARI@SF,ARI,SF,,,,,,OF/UTIL
120362-222794,1B,Nick,Nick Kurtz,Kurtz,13.432672783879951,101,4000,BOS@ATH,ATH,BOS,,,,,,C/1B/UTIL
120362-68585,3B/1B,Rafael,Rafael Devers,Devers,11.991781156357021,146,3900,ARI@SF,SF,ARI,,,,,,C/1B/3B/UTIL
120362-21853,2B,Ketel,Ketel Marte,Marte,12.132143293108259,112,3800,ARI@SF,ARI,SF,,,,,,2B/UTIL
120362-102438,SS,Geraldo,Geraldo Perdomo,Perdomo,11.960689991918104,145,3700,ARI@SF,ARI,SF,,,,,,SS/UTIL
120362-60655,SS,Willy,Willy Adames,Adames,10.621678492406032,143,3700,ARI@SF,SF,ARI,,,,,,SS/UTIL
120362-119303,C,Shea,Shea Langeliers,Langeliers,11.300908868963068,110,3600,BOS@ATH,ATH,BOS,,,,,,C/1B/UTIL
120362-198526,OF,Wyatt,Wyatt Langford,Langford,10.951612903225806,124,3600,MIL@TEX,TEX,MIL,,,,,,OF/UTIL
120362-68522,3B,Alex,Alex Bregman,Bregman,10.779000244140626,100,3600,BOS@ATH,BOS,ATH,,,,,,3B/UTIL
120362-21609,OF,Christian,Christian Yelich,Yelich,11.844029668551773,134,3500,MIL@TEX,MIL,TEX,,,,,,OF/UTIL
120362-119311,OF,Jarren,Jarren Duran,Duran,11.329577808648768,142,3500,BOS@ATH,BOS,ATH,,,,,,OF/UTIL
120362-165611,OF,Jackson,Jackson Chourio,Chourio,12.053043265964673,115,3500,MIL@TEX,MIL,TEX,,,,,,OF/UTIL
120362-52158,SS,Trevor,Trevor Story,Story,11.187323771731954,142,3500,BOS@ATH,BOS,ATH,,,,,,SS/UTIL
120362-185300,SS,Zach,Zach Neto,Neto,11.557142469618055,126,3500,MIN@LAA,LAA,MIN,,,,,,SS/UTIL
120362-222785,2B,Luke,Luke Keaschall,Keaschall,12.657894736842104,38,3400,MIN@LAA,MIN,LAA,,,,,,2B/UTIL
120362-82612,OF,Brent,Brent Rooker,Rooker,11.064383728863442,146,3400,BOS@ATH,ATH,BOS,,,,,,OF/UTIL
120362-12933,OF,Mike,Mike Trout,Trout,10.299122592859101,114,3300,MIN@LAA,LAA,MIN,,,,,,OF/UTIL
120362-68544,3B,Matt,Matt Chapman,Chapman,10.842857360839844,112,3300,ARI@SF,SF,ARI,,,,,,3B/UTIL
120362-102353,2B,Brice,Brice Turang,Turang,11.059286063058035,140,3300,MIL@TEX,MIL,TEX,,,,,,2B/UTIL
120362-79151,OF,Taylor,Taylor Ward,Ward,11.04822729665337,141,3200,MIN@LAA,LAA,MIN,,,,,,OF/UTIL
120362-85520,OF,Adolis,Adolis Garcia,Garcia,9.477599609375,125,3200,MIL@TEX,TEX,MIL,IL,Quadriceps,,,,OF/UTIL
120362-161418,2B/1B/3B,Romy,Romy Gonzalez,Gonzalez,9.383333478655134,84,3200,BOS@ATH,BOS,ATH,DTD,Knee,,,,C/1B/2B/3B/UTIL
120362-82642,OF,Heliot,Heliot Ramos,Ramos,9.62642822265625,140,3200,ARI@SF,SF,ARI,,,,,,OF/UTIL
120362-135298,1B/OF,Tyler,Tyler Soderstrom,Soderstrom,10.241379310344827,145,3100,BOS@ATH,ATH,BOS,,,,,,C/1B/OF/UTIL
120362-198870,OF,Roman,Roman Anthony,Anthony,11.008450360365316,71,3100,BOS@ATH,BOS,ATH,IL,Oblique,,,,OF/UTIL
120362-82580,OF,Jo,Jo Adell,Adell,10.135294297162224,136,3100,MIN@LAA,LAA,MIN,DTD,Illness,,,,OF/UTIL
120362-198539,OF,Jung Hoo,Jung Hoo Lee,Lee,9.177205702837776,136,3100,ARI@SF,SF,ARI,,,,,,OF/UTIL
120362-102284,C,William,William Contreras,Contreras,10.382142857142858,140,3100,MIL@TEX,MIL,TEX,,,,,,C/1B/UTIL
120362-119377,OF,Matt,Matt Wallner,Wallner,9.166326406050702,98,3000,MIN@LAA,MIN,LAA,,,,,,OF/UTIL
120362-165605,OF,Sal,Sal Frelick,Frelick,9.714062690734863,128,3000,MIL@TEX,MIL,TEX,,,,,,OF/UTIL
120362-102435,SS/2B/3B/OF,Blaze,Blaze Alexander,Alexander,8.220338983050848,59,2900,ARI@SF,ARI,SF,,,,,,2B/3B/SS/OF/UTIL
120362-193598,1B,Nolan,Nolan Schanuel,Schanuel,9.005599609375,125,2900,MIN@LAA,LAA,MIN,IL,Wrist,,,,C/1B/UTIL
120362-21705,2B,Marcus,Marcus Semien,Semien,9.156693105622539,127,2900,MIL@TEX,TEX,MIL,IL,Foot,,,,2B/UTIL
120362-79272,OF,Lourdes,Lourdes Gurriel Jr.,Gurriel Jr.,9.646511817163276,129,2900,ARI@SF,ARI,SF,IL,Knee,,,,OF/UTIL
120362-181795,OF,Lawrence,Lawrence Butler,Butler,9.704347472259963,138,2900,BOS@ATH,ATH,BOS,,,,,,OF/UTIL
120362-181811,OF/2B/SS,Ceddanne,Ceddanne Rafaela,Rafaela,9.044285365513392,140,2900,BOS@ATH,BOS,ATH,,,,,,2B/SS/OF/UTIL
120362-82570,1B,Jake,Jake Burger,Burger,8.184615250472184,91,2900,MIL@TEX,TEX,MIL,,,,,,C/1B/UTIL
120362-119437,3B,Josh,Josh Jung,Jung,8.11478271484375,115,2900,MIL@TEX,TEX,MIL,,,,,,3B/UTIL
120362-82608,3B,Royce,Royce Lewis,Lewis,8.411235680740871,89,2900,MIN@LAA,MIN,LAA,,,,,,3B/UTIL
120362-119495,1B,Andrew,Andrew Vaughn,Vaughn,8.494000244140626,100,2900,MIL@TEX,MIL,TEX,,,,,,C/1B/UTIL
120362-165707,SS/3B/2B/1B/OF,Josh,Josh Smith,Smith,8.108333703243371,132,2900,MIL@TEX,TEX,MIL,,,,,,C/1B/2B/3B/SS/OF/UTIL
120362-52170,1B/OF,Dominic,Dominic Smith,Smith,8.333871164629537,62,2900,ARI@SF,SF,ARI,,,,,,C/1B/OF/UTIL
120362-102362,OF,Trevor,Trevor Larnach,Larnach,8.68294554717781,129,2900,MIN@LAA,MIN,LAA,,,,,,OF/UTIL
120362-79918,C,Kyle,Kyle Higashioka,Higashioka,8.15903629165098,83,2800,MIL@TEX,TEX,MIL,,,,,,C/1B/UTIL
120362-102486,OF,Blake,Blake Perkins,Perkins,8.15999984741211,40,2800,MIL@TEX,MIL,TEX,,,,,,OF/UTIL
120362-61553,3B,Yoan,Yoan Moncada,Moncada,9.008218843642979,73,2800,MIN@LAA,LAA,MIN,,,,,,3B/UTIL
120362-197762,C,Carlos,Carlos Narvaez,Narvaez,8.502857026599703,105,2800,BOS@ATH,BOS,ATH,,,,,,C/1B/UTIL
120362-198903,OF,Drew,Drew Gilbert,Gilbert,7.16,25,2800,ARI@SF,SF,ARI,,,,,,OF/UTIL
120362-85285,1B,Nathaniel,Nathaniel Lowe,Lowe,8.754014954949817,137,2800,BOS@ATH,BOS,ATH,,,,,,C/1B/UTIL
120362-79255,1B/OF,Jake,Jake Bauers,Bauers,6.5805553860134545,72,2800,MIL@TEX,MIL,TEX,,,,,,C/1B/OF/UTIL
120362-53757,OF,Rob,Rob Refsnyder,Refsnyder,8.227868752401383,61,2800,BOS@ATH,BOS,ATH,,,,,,OF/UTIL
120362-13864,OF/1B,Joc,Joc Pederson,Pederson,5.813580171561536,81,2800,MIL@TEX,TEX,MIL,,,,,,C/1B/OF/UTIL
120362-206482,SS,Jacob,Jacob Wilson,Wilson,9.736363636363636,110,2800,BOS@ATH,ATH,BOS,,,,,,SS/UTIL
120362-211773,OF/2B,Isaac,Isaac Collins,Collins,8.863333129882813,120,2800,MIL@TEX,MIL,TEX,,,,,,2B/OF/UTIL
120362-119621,OF,Luis,Luis Matos,Matos,7.777777777777778,54,2800,ARI@SF,SF,ARI,,,,,,OF/UTIL
120362-102326,1B/2B/3B/OF,Kody,Kody Clemens,Clemens,7.235576923076923,104,2800,MIN@LAA,MIN,LAA,,,,,,C/1B/2B/3B/OF/UTIL
120362-13638,1B,Wilmer,Wilmer Flores,Flores,8.260526422868695,114,2700,ARI@SF,SF,ARI,,,,,,C/1B/UTIL
120362-79215,1B,Rhys,Rhys Hoskins,Hoskins,8.783132530120483,83,2700,MIL@TEX,MIL,TEX,,,,,,C/1B/UTIL
120362-219698,2B/3B,Caleb,Caleb Durbin,Durbin,8.338016730694731,121,2700,MIL@TEX,MIL,TEX,,,,,,2B/3B/UTIL
120362-119363,OF,JJ,JJ Bleday,Bleday,8.702325865279796,86,2700,BOS@ATH,ATH,BOS,,,,,,OF/UTIL
120362-119368,C,Ryan,Ryan Jeffers,Jeffers,8.117544073807565,114,2700,MIN@LAA,MIN,LAA,IL,Concussion,,,,C/1B/UTIL
120362-116339,3B/1B/2B,Abraham,Abraham Toro,Toro,7.2740256569602275,77,2700,BOS@ATH,BOS,ATH,,,,,,C/1B/2B/3B/UTIL
120362-119442,C,Gabriel,Gabriel Moreno,Moreno,8.919117647058824,68,2700,ARI@SF,ARI,SF,,,,,,C/1B/UTIL
120362-181987,OF,Masataka,Masataka Yoshida,Yoshida,6.619999694824219,40,2700,BOS@ATH,BOS,ATH,,,,,,OF/UTIL
120362-197972,SS/3B/2B,Brooks,Brooks Lee,Lee,7.5830644176852315,124,2600,MIN@LAA,MIN,LAA,,,,,,2B/3B/SS/UTIL
120362-135524,OF/2B,Austin,Austin Martin,Martin,7.142857142857143,35,2600,MIN@LAA,MIN,LAA,,,,,,2B/OF/UTIL
120362-211345,OF/2B,Michael,Michael Helman,Helman,10.740909229625355,22,2600,MIL@TEX,TEX,MIL,,,,,,2B/OF/UTIL
120362-79277,1B,Rowdy,Rowdy Tellez,Tellez,6.453608247422681,97,2600,MIL@TEX,TEX,MIL,,,,,,C/1B/UTIL
120362-181812,OF,Wilyer,Wilyer Abreu,Abreu,9.943518744574654,108,2600,BOS@ATH,BOS,ATH,IL,Calf,,,,OF/UTIL
120362-164513,3B/2B/SS,Joey,Joey Ortiz,Ortiz,6.839097560796523,133,2600,MIL@TEX,MIL,TEX,,,,,,2B/3B/SS/UTIL
120362-82655,C,Danny,Danny Jansen,Jansen,7.166291997673806,89,2600,MIL@TEX,MIL,TEX,,,,,,C/1B/UTIL
120362-165686,3B/SS/2B/1B,Casey,Casey Schmitt,Schmitt,7.581481180073302,81,2600,ARI@SF,SF,ARI,,,,,,C/1B/2B/3B/SS/UTIL
120362-135260,C,Logan,Logan O'Hoppe,O'Hoppe,7.307339449541284,109,2500,MIN@LAA,LAA,MIN,IL,Concussion,,,,C/1B/UTIL
120362-116841,2B/1B/OF,Sam,Sam Haggerty,Haggerty,7.042187690734863,64,2500,MIL@TEX,TEX,MIL,IL,Ankle,,,,C/1B/2B/OF/UTIL
120362-118120,C,Jonah,Jonah Heim,Heim,6.516216106242962,111,2500,MIL@TEX,TEX,MIL,,,,,,C/1B/UTIL
120362-101817,2B/3B/SS,Luis,Luis Rengifo,Rengifo,6.96417919557486,134,2500,MIN@LAA,LAA,MIN,,,,,,2B/3B/SS/UTIL
120362-187103,2B/3B/1B/SS,Andruw,Andruw Monasterio,Monasterio,5.089473791289747,57,2500,MIL@TEX,MIL,TEX,,,,,,C/1B/2B/3B/SS/UTIL
120362-228207,OF,Colby,Colby Thomas,Thomas,6.6923076923076925,39,2500,BOS@ATH,ATH,BOS,,,,,,OF/UTIL
120362-197904,SS/3B,Darell,Darell Hernaiz,Hernaiz,7.577777438693577,36,2400,BOS@ATH,ATH,BOS,,,,,,3B/SS/UTIL
120362-136504,C,Patrick,Patrick Bailey,Bailey,6.159663865546219,119,2400,ARI@SF,SF,ARI,,,,,,C/1B/UTIL
120362-101753,2B/SS/3B/OF,Dylan,Dylan Moore,Moore,5.686458587646484,96,2400,MIL@TEX,TEX,MIL,,,,,,2B/3B/SS/OF/UTIL
120362-181813,SS/2B,David,David Hamilton,Hamilton,5.325301204819277,83,2400,BOS@ATH,BOS,ATH,,,,,,2B/SS/UTIL
120362-23107,OF,Jorge,Jorge Soler,Soler,7.709756246427211,82,2400,MIN@LAA,LAA,MIN,IL,Back,,,,OF/UTIL
120362-38561,OF/3B/2B,Chris,Chris Taylor,Taylor,4.36,50,2400,MIN@LAA,LAA,MIN,,,,,,2B/3B/OF/UTIL
120362-222887,SS/2B,Christian,Christian Koss,Koss,5.176119220790579,67,2400,ARI@SF,SF,ARI,,,,,,2B/SS/UTIL
120362-229041,3B,Cody,Cody Freeman,Freeman,5.990476335797991,21,2400,MIL@TEX,TEX,MIL,,,,,,3B/UTIL
120362-165639,OF,Brandon,Brandon Lockridge,Lockridge,4.476119311887826,67,2400,MIL@TEX,MIL,TEX,,,,,,OF/UTIL
120362-165643,2B,Zack,Zack Gelof,Gelof,6.940908952192827,22,2400,BOS@ATH,ATH,BOS,,,,,,2B/UTIL
120362-13099,C,Travis,Travis d'Arnaud,d'Arnaud,5.804411944221048,68,2400,MIN@LAA,LAA,MIN,,,,,,C/1B/UTIL
120362-83182,C/OF,Eric,Eric Haase,Haase,5.323333231608073,30,2300,MIL@TEX,MIL,TEX,,,,,,C/1B/OF/UTIL
120362-79225,3B/2B,Luis,Luis Urias,Urias,6.123958587646484,96,2300,MIL@TEX,MIL,TEX,,,,,,2B/3B/UTIL
120362-181814,2B/1B,Edouard,Edouard Julien,Julien,5.183019098245873,53,2300,MIN@LAA,MIN,LAA,,,,,,C/1B/2B/UTIL
120362-156224,C,Willie,Willie MacIver,MacIver,6.77407384801794,27,2300,BOS@ATH,ATH,BOS,,,,,,C/1B/UTIL
120362-226907,OF,Alejandro,Alejandro Osuna,Osuna,4.304166793823242,48,2300,MIL@TEX,TEX,MIL,,,,,,OF/UTIL
120362-222825,2B/OF/1B,Kristian,Kristian Campbell,Campbell,7.437313250641324,67,2300,BOS@ATH,BOS,ATH,,,,,,C/1B/2B/OF/UTIL
120362-222860,2B,Christian,Christian Moore,Moore,6.3025641808143025,39,2300,MIN@LAA,LAA,MIN,,,,,,2B/UTIL
120362-207557,2B/SS/3B,Nick,Nick Sogard,Sogard,7.631817904385653,22,2300,BOS@ATH,BOS,ATH,,,,,,2B/3B/SS/UTIL
120362-165606,1B/3B/OF,Tyler,Tyler Black,Black,6.1400001525878904,5,2300,MIL@TEX,MIL,TEX,,,,,,C/1B/3B/OF/UTIL
120362-165641,SS/2B/3B,Max,Max Muncy,Muncy,6.9135592185844805,59,2300,BOS@ATH,ATH,BOS,IL,Hand,,,,2B/3B/SS/UTIL
120362-17171,C,James,James McCann,McCann,6.391176560345818,34,2300,ARI@SF,ARI,SF,,,,,,C/1B/UTIL
120362-211757,OF,Bryce,Bryce Teodosio,Teodosio,5.229411854463465,34,2300,MIN@LAA,LAA,MIN,,,,,,OF/UTIL
120362-119637,3B/SS/OF/1B,Ezequiel,Ezequiel Duran,Duran,4.467567650047508,74,2300,MIL@TEX,TEX,MIL,,,,,,C/1B/3B/SS/OF/UTIL
120362-163691,OF,James,James Outman,Outman,4.616279069767442,43,2300,MIN@LAA,MIN,LAA,,,,,,OF/UTIL
120362-202657,1B,Tyler,Tyler Locklear,Locklear,6.2645160305884575,31,2300,ARI@SF,ARI,SF,IL,Elbow,,,,C/1B/UTIL
120362-80852,2B/SS/3B/OF,Ildemaro,Ildemaro Vargas,Vargas,6.964000244140625,25,2300,ARI@SF,ARI,SF,,,,,,2B/3B/SS/OF/UTIL
120362-102504,C,Connor,Connor Wong,Wong,4.254545454545455,55,2200,BOS@ATH,BOS,ATH,,,,,,C/1B/UTIL
120362-145611,SS/2B/3B,Oswald,Oswald Peraza,Peraza,4.099999935068983,94,2200,MIN@LAA,LAA,MIN,,,,,,2B/3B/SS/UTIL
120362-173546,OF,Nate,Nate Eaton,Eaton,4.418518631546585,27,2200,BOS@ATH,BOS,ATH,,,,,,OF/UTIL
120362-13858,C,Christian,Christian Vazquez,Vazquez,4.473770391745646,61,2200,MIN@LAA,MIN,LAA,IL,Shoulder,,,,C/1B/UTIL
120362-119354,SS/2B/OF,Kyren,Kyren Paris,Paris,7.443181818181818,44,2200,MIN@LAA,LAA,MIN,IL,Undisclosed,,,,2B/SS/OF/UTIL
120362-181835,OF,Jorge,Jorge Barrosa,Barrosa,3.0149999618530274,20,2200,ARI@SF,ARI,SF,,,,,,OF/UTIL
120362-164495,SS/3B/2B,Jordan,Jordan Lawlar,Lawlar,4.268750190734863,16,2200,ARI@SF,ARI,SF,,,,,,2B/3B/SS/UTIL
120362-164496,C,Adrian,Adrian Del Castillo,Del Castillo,5.490908998431581,33,2200,ARI@SF,ARI,SF,,,,,,C/1B/UTIL
120362-165623,OF,Carlos,Carlos Cortes,Cortes,4.979999796549479,30,2200,BOS@ATH,ATH,BOS,,,,,,OF/UTIL
120362-209703,OF,Grant,Grant McCray,McCray,1.4384615971491888,13,2200,ARI@SF,SF,ARI,,,,,,OF/UTIL
120362-102283,OF,Alek,Alek Thomas,Thomas,6.303906440734863,128,2200,ARI@SF,ARI,SF,,,,,,OF/UTIL
120362-102282,OF,Jake,Jake McCarthy,McCarthy,6.392452599867335,53,2200,ARI@SF,ARI,SF,,,,,,OF/UTIL
120362-102411,C,Andrew,Andrew Knizner,Knizner,4.203571319580078,28,2100,ARI@SF,SF,ARI,,,,,,C/1B/UTIL
120362-209177,C/2B/1B,Mickey,Mickey Gasper,Gasper,4.407692151191907,39,2100,MIN@LAA,MIN,LAA,,,,,,C/1B/2B/UTIL
120362-79136,OF,Daz,Daz Cameron,Cameron,3.7095238821847096,21,2100,MIL@TEX,MIL,TEX,,,,,,OF/UTIL
120362-119313,OF,Matthew,Matthew Lugo,Lugo,5.268965622474408,29,2100,MIN@LAA,LAA,MIN,,,,,,OF/UTIL
120362-219727,2B/1B/OF,Tim,Tim Tawa,Tawa,6.28999989827474,60,2100,ARI@SF,ARI,SF,,,,,,C/1B/2B/OF/UTIL
120362-226915,OF,Drew,Drew Avans,Avans,2.3375000953674316,8,2100,MIL@TEX,MIL,TEX,,,,,,OF/UTIL
120362-82530,1B/OF,Pavin,Pavin Smith,Smith,7.65747140467852,87,2100,ARI@SF,ARI,SF,IL,Quadriceps,,,,C/1B/OF/UTIL
120362-119394,SS,Logan,Logan Davidson,Davidson,2.8769231942983775,13,2100,MIN@LAA,LAA,MIN,,,,,,SS/UTIL
120362-201354,3B,Brett,Brett Harris,Harris,4.7526317395662,19,2100,BOS@ATH,ATH,BOS,,,,,,3B/UTIL
120362-211631,OF,DaShawn,DaShawn Keirsey Jr.,Keirsey Jr.,2.3457142421177455,70,2100,MIN@LAA,MIN,LAA,,,,,,OF/UTIL
120362-203490,OF,Steward,Steward Berroa,Berroa,4.5,2,2100,MIL@TEX,MIL,TEX,,,,,,OF/UTIL
120362-165645,OF,Denzel,Denzel Clarke,Clarke,6.67234055539395,47,2100,BOS@ATH,ATH,BOS,IL,Hip,,,,OF/UTIL
120362-200498,SS/3B/2B/OF,Max,Max Schuemann,Schuemann,3.8795697612147175,93,2100,BOS@ATH,ATH,BOS,,,,,,2B/3B/SS/OF/UTIL
120362-209786,1B,Niko,Niko Kavadas,Kavadas,1.5,10,2100,MIN@LAA,LAA,MIN,,,,,,C/1B/UTIL
120362-102374,C/2B/3B,Anthony,Anthony Seigler,Seigler,3.373529322007123,34,2100,MIL@TEX,MIL,TEX,,,,,,C/1B/2B/3B/UTIL
120362-102403,SS/2B,Marco,Marco Luciano,Luciano,4.362068965517241,29,2000,ARI@SF,SF,ARI,,,,,,2B/SS/UTIL
120362-102410,C,Ronaldo,Ronaldo Hernandez,Hernandez,,0,2000,BOS@ATH,BOS,ATH,,,,,,C/1B/UTIL
120362-135195,C,Sebastian,Sebastian Rivero,Rivero,12.699999809265137,2,2000,MIN@LAA,LAA,MIN,,,,,,C/1B/UTIL
120362-102436,OF,Kristian,Kristian Robinson,Robinson,,0,2000,ARI@SF,ARI,SF,,,,,,OF/UTIL
120362-135207,2B,Alex,Alex De Goti,De Goti,,0,2000,MIL@TEX,TEX,MIL,,,,,,2B/UTIL
120362-102454,C,Jhonny,Jhonny Pereda,Pereda,3.7999999306418677,22,2000,MIN@LAA,MIN,LAA,,,,,,C/1B/UTIL
120362-102472,SS,Raynel,Raynel Delgado,Delgado,,0,2000,MIL@TEX,MIL,TEX,,,,,,SS/UTIL
120362-212070,OF,Gustavo,Gustavo Campero,Campero,5.885714394705636,28,2000,MIN@LAA,LAA,MIN,IL,Ankle,,,,OF/UTIL
120362-102518,3B/1B,Jose,Jose Miranda,Miranda,4.241666793823242,12,2000,MIN@LAA,MIN,LAA,,,,,,C/1B/3B/UTIL
120362-135288,SS/2B/3B,Alan,Alan Trejo,Trejo,3.078571319580078,14,2000,MIL@TEX,TEX,MIL,,,,,,2B/3B/SS/UTIL
120362-13436,C,Max,Max Stassi,Stassi,0,1,2000,ARI@SF,SF,ARI,IL,Undisclosed,,,,C/1B/UTIL
120362-135302,OF,Brayan,Brayan Buelvas,Buelvas,,0,2000,BOS@ATH,ATH,BOS,,,,,,OF/UTIL
120362-102541,OF,Jared,Jared Oliva,Oliva,,0,2000,MIL@TEX,MIL,TEX,,,,,,OF/UTIL
120362-135310,C,Chadwick,Chadwick Tromp,Tromp,4.237500190734863,8,2000,BOS@ATH,BOS,ATH,,,,,,C/1B/UTIL
120362-198865,OF,Druw,Druw Jones,Jones,,0,2000,ARI@SF,ARI,SF,,,,,,OF/UTIL
120362-145617,C,David,David Garcia,Garcia,,0,2000,MIL@TEX,MIL,TEX,,,,,,C/1B/UTIL
120362-198871,SS,Tommy,Tommy Troy,Troy,,0,2000,ARI@SF,ARI,SF,,,,,,SS/UTIL
120362-194773,C,Logan,Logan Porter,Porter,3.779999923706055,5,2000,ARI@SF,SF,ARI,,,,,,C/1B/UTIL
120362-79075,SS,Kevin,Kevin Maitan,Maitan,,0,2000,MIN@LAA,MIN,LAA,,,,,,SS/UTIL
120362-83174,3B,Sergio,Sergio Alcantara,Alcantara,0,1,2000,ARI@SF,ARI,SF,,,,,,3B/UTIL
120362-198895,OF,Walker,Walker Jenkins,Jenkins,,0,2000,MIN@LAA,MIN,LAA,,,,,,OF/UTIL
120362-197874,2B/3B,Oliver,Oliver Dunn,Dunn,4.985714503696987,14,2000,MIL@TEX,MIL,TEX,,,,,,2B/3B/UTIL
120362-198897,3B,Brock,Brock Wilken,Wilken,,0,2000,MIL@TEX,MIL,TEX,,,,,,3B/UTIL
120362-83191,C,Austin,Austin Wynns,Wynns,7.4525001525878904,40,2000,BOS@ATH,ATH,BOS,IL,Abdomen,,,,C/1B/UTIL
120362-146694,SS,Arol,Arol Vera,Vera,,0,2000,MIN@LAA,LAA,MIN,,,,,,SS/UTIL
120362-146692,OF,David,David Calabrese,Calabrese,,0,2000,MIN@LAA,LAA,MIN,,,,,,OF/UTIL
120362-146693,OF,Alexander,Alexander Ramirez,Ramirez,,0,2000,MIN@LAA,LAA,MIN,,,,,,OF/UTIL
120362-146697,OF,Garrett,Garrett Mitchell,Mitchell,5.652000122070312,25,2000,MIL@TEX,MIL,TEX,IL,Shoulder,,,,OF/UTIL
120362-146703,1B,Aaron,Aaron Sabato,Sabato,,0,2000,MIN@LAA,MIN,LAA,,,,,,C/1B/UTIL
120362-146700,SS,Freddy,Freddy Zamora,Zamora,,0,2000,MIL@TEX,MIL,TEX,,,,,,SS/UTIL
120362-198933,SS,Sebastian,Sebastian Walcott,Walcott,,0,2000,MIL@TEX,TEX,MIL,,,,,,SS/UTIL
120362-198937,OF,Bryce,Bryce Eldridge,Eldridge,,0,2000,ARI@SF,SF,ARI,,,,,,OF/UTIL
120362-13596,OF,Trayce,Trayce Thompson,Thompson,0,3,2000,BOS@ATH,BOS,ATH,,,,,,OF/UTIL
120362-85277,2B/OF/1B/3B,Cavan,Cavan Biggio,Biggio,3.573684290835732,38,2000,MIN@LAA,LAA,MIN,,,,,,C/1B/2B/3B/OF/UTIL
120362-146718,SS,Casey,Casey Martin,Martin,,0,2000,MIL@TEX,MIL,TEX,,,,,,SS/UTIL
120362-146719,OF,Junior,Junior Perez,Perez,,0,2000,BOS@ATH,ATH,BOS,,,,,,OF/UTIL
120362-146738,2B,Justin,Justin Foscue,Foscue,3.25,4,2000,MIL@TEX,TEX,MIL,,,,,,2B/UTIL
120362-85320,C,Michael,Michael Perez,Perez,0,1,2000,ARI@SF,ARI,SF,,,,,,C/1B/UTIL
120362-79189,2B,Travis,Travis Blankenhorn,Blankenhorn,2.9928572518484935,14,2000,MIN@LAA,LAA,MIN,,,,,,2B/UTIL
120362-79204,SS,Richie,Richie Martin,Martin,,0,2000,MIL@TEX,TEX,MIL,,,,,,SS/UTIL
120362-79213,SS/2B,Scott,Scott Kingery,Kingery,2.033333248562283,18,2000,MIN@LAA,LAA,MIN,,,,,,2B/SS/UTIL
120362-228716,SS,Chad,Chad Stevens,Stevens,1.8399999618530274,5,2000,MIN@LAA,LAA,MIN,,,,,,SS/UTIL
120362-38276,OF,Albert,Albert Almora,Almora,0,2,2000,ARI@SF,ARI,SF,,,,,,OF/UTIL
120362-79240,C,Aramis,Aramis Garcia,Garcia,0,2,2000,ARI@SF,ARI,SF,,,,,,C/1B/UTIL
120362-118189,C,Ali,Ali Sanchez,Sanchez,2.7399999618530275,10,2000,BOS@ATH,BOS,ATH,,,,,,C/1B/UTIL
120362-101807,C,Seby,Seby Zavala,Zavala,3.2526315387926603,19,2000,BOS@ATH,BOS,ATH,,,,,,C/1B/UTIL
120362-136673,C,Mark,Mark Kolozsvary,Kolozsvary,0,2,2000,BOS@ATH,BOS,ATH,IL,Undisclosed,,,,C/1B/UTIL
120362-155109,2B,Alejo,Alejo Lopez,Lopez,0,2,2000,BOS@ATH,ATH,BOS,,,,,,2B/UTIL
120362-84471,OF,Nick,Nick Martini,Martini,3.631818251176314,44,2000,BOS@ATH,ATH,BOS,,,,,,OF/UTIL
120362-38412,SS,Corey,Corey Seager,Seager,11.07058775658701,102,2000,MIL@TEX,TEX,MIL,IL,Abdomen,,,,SS/UTIL
120362-119308,SS,Adam,Adam Hall,Hall,,0,2000,MIL@TEX,MIL,TEX,,,,,,SS/UTIL
120362-219667,OF,Jhostynxon,Jhostynxon Garcia,Garcia,2.4,5,2000,BOS@ATH,BOS,ATH,,,,,,OF/UTIL
120362-226840,OF,Carson,Carson McCusker,McCusker,0.8571428571428571,7,2000,MIN@LAA,MIN,LAA,,,,,,OF/UTIL
120362-71217,C,Omar,Omar Narvaez,Narvaez,6.425000190734863,4,2000,MIL@TEX,TEX,MIL,,,,,,C/1B/UTIL
120362-219699,C,Jesus,Jesus Rodriguez,Rodriguez,,0,2000,ARI@SF,SF,ARI,,,,,,C/1B/UTIL
120362-228914,1B,Tristin,Tristin English,English,2.2142857142857144,7,2000,ARI@SF,ARI,SF,,,,,,C/1B/UTIL
120362-16951,3B,Anthony,Anthony Rendon,Rendon,7.038596705386513,57,2000,MIN@LAA,LAA,MIN,IL,Hip,,,,3B/UTIL
120362-181820,OF/2B/SS/3B,Brett,Brett Wisely,Wisely,5.454545454545454,22,2000,ARI@SF,SF,ARI,,,,,,2B/3B/SS/OF/UTIL
120362-119360,OF,Pablo,Pablo Abreu,Abreu,,0,2000,MIL@TEX,MIL,TEX,,,,,,OF/UTIL
120362-181824,SS,Osleivis,Osleivis Basabe,Basabe,0,1,2000,ARI@SF,SF,ARI,,,,,,SS/UTIL
120362-119362,SS,Eduardo,Eduardo Garcia,Garcia,,0,2000,MIL@TEX,MIL,TEX,,,,,,SS/UTIL
120362-119366,OF/1B,Jerar,Jerar Encarnacion,Encarnacion,5.55999984741211,10,2000,ARI@SF,SF,ARI,IL,Hamstring,,,,C/1B/OF/UTIL
120362-119371,2B,Devin,Devin Mann,Mann,,0,2000,ARI@SF,SF,ARI,,,,,,2B/UTIL
120362-119370,SS,Will,Will Holland,Holland,,0,2000,MIN@LAA,MIN,LAA,,,,,,SS/UTIL
120362-226888,2B,Ryan,Ryan Fitzgerald,Fitzgerald,5.2000002179827005,14,2000,MIN@LAA,MIN,LAA,,,,,,2B/UTIL
120362-222803,2B,Demetrio,Demetrio Crisantes,Crisantes,,0,2000,ARI@SF,ARI,SF,IL,Shoulder,,,,2B/UTIL
120362-222802,OF,Ryan,Ryan Waldschmidt,Waldschmidt,,0,2000,ARI@SF,ARI,SF,,,,,,OF/UTIL
120362-222804,OF,Slade,Slade Caldwell,Caldwell,,0,2000,ARI@SF,ARI,SF,,,,,,OF/UTIL
120362-222815,3B,Mike,Mike Boeve,Boeve,,0,2000,MIL@TEX,MIL,TEX,,,,,,3B/UTIL
120362-119393,SS,Robert,Robert Puason,Puason,,0,2000,BOS@ATH,ATH,BOS,,,,,,SS/UTIL
120362-222818,SS,Leo,Leo De Vries,De Vries,,0,2000,BOS@ATH,ATH,BOS,,,,,,SS/UTIL
120362-222817,SS,Jesus,Jesus Made,Made,,0,2000,MIL@TEX,MIL,TEX,,,,,,SS/UTIL
120362-222816,SS,Cooper,Cooper Pratt,Pratt,,0,2000,MIL@TEX,MIL,TEX,,,,,,SS/UTIL
120362-222827,SS,Franklin,Franklin Arias,Arias,,0,2000,BOS@ATH,BOS,ATH,,,,,,SS/UTIL
120362-222826,SS,Yoeilin,Yoeilin Cespedes,Cespedes,,0,2000,BOS@ATH,BOS,ATH,,,,,,SS/UTIL
120362-119419,OF,Hunter,Hunter Bishop,Bishop,,0,2000,ARI@SF,SF,ARI,,,,,,OF/UTIL
120362-119418,OF,Jairo,Jairo Pomares,Pomares,,0,2000,ARI@SF,SF,ARI,,,,,,OF/UTIL
120362-222849,C,Eduardo,Eduardo Tait,Tait,,0,2000,MIN@LAA,MIN,LAA,,,,,,C/1B/UTIL
120362-119439,C,Sam,Sam Huff,Huff,4.8,20,2000,ARI@SF,SF,ARI,,,,,,C/1B/UTIL
120362-164499,3B,A.J.,A.J. Vukovich,Vukovich,,0,2000,ARI@SF,ARI,SF,,,,,,3B/UTIL
120362-164502,SS/2B,Vaughn,Vaughn Grissom,Grissom,4.787878787878788,33,2000,BOS@ATH,BOS,ATH,IL,Foot,,,,2B/SS/UTIL
120362-203418,2B/3B/1B/OF,Armando,Armando Alvarez,Alvarez,4.462500095367432,16,2000,MIN@LAA,MIN,LAA,,,,,,C/1B/2B/3B/OF/UTIL
120362-222879,OF,Alan,Alan Roden,Roden,4.616363525390625,55,2000,MIN@LAA,MIN,LAA,IL,Thumb,,,,OF/UTIL
120362-164518,2B,Tyler,Tyler McDonough,McDonough,,0,2000,BOS@ATH,BOS,ATH,,,,,,2B/UTIL
120362-220839,2B,Cooper,Cooper Bowman,Bowman,,0,2000,BOS@ATH,ATH,BOS,,,,,,2B/UTIL
120362-164516,SS/3B/2B,Marcelo,Marcelo Mayer,Mayer,6.2727272727272725,44,2000,BOS@ATH,BOS,ATH,IL,Wrist,,,,2B/3B/SS/UTIL
120362-21161,2B,Yolmer,Yolmer Sanchez,Sanchez,,0,2000,MIN@LAA,LAA,MIN,,,,,,2B/UTIL
120362-164526,C,Nathan,Nathan Hickey,Hickey,,0,2000,BOS@ATH,BOS,ATH,,,,,,C/1B/UTIL
120362-21172,1B/2B/3B,Brandon,Brandon Drury,Drury,4.8051547020981,97,2000,MIN@LAA,LAA,MIN,,,,,,C/1B/2B/3B/UTIL
120362-165575,SS,Denzer,Denzer Guzman,Guzman,,0,2000,MIN@LAA,LAA,MIN,,,,,,SS/UTIL
120362-165576,SS,Adrian,Adrian Placencia,Placencia,,0,2000,MIN@LAA,LAA,MIN,,,,,,SS/UTIL
120362-82637,1B,Evan,Evan White,White,0,2,2000,MIN@LAA,LAA,MIN,IL,Hip,,,,C/1B/UTIL
120362-163533,C,Jose,Jose Herrera,Herrera,5.650000210466056,58,2000,ARI@SF,ARI,SF,,,,,,C/1B/UTIL
120362-188114,SS,Connor,Connor Kaiser,Kaiser,3.1666666666666665,6,2000,ARI@SF,ARI,SF,,,,,,SS/UTIL
120362-82659,3B,Carter,Carter Kieboom,Kieboom,0,1,2000,MIN@LAA,LAA,MIN,,,,,,3B/UTIL
120362-116450,OF,Seth,Seth Brown,Brown,3.149999919690584,38,2000,ARI@SF,ARI,SF,,,,,,OF/UTIL
120362-165601,SS,Jose,Jose Salas,Salas,,0,2000,MIN@LAA,MIN,LAA,,,,,,SS/UTIL
120362-165604,C,Jeferson,Jeferson Quero,Quero,,0,2000,MIL@TEX,MIL,TEX,,,,,,C/1B/UTIL
120362-165610,3B,Zavier,Zavier Warren,Warren,,0,2000,MIL@TEX,MIL,TEX,,,,,,3B/UTIL
120362-165622,SS,Jheremy,Jheremy Vargas,Vargas,,0,2000,MIL@TEX,MIL,TEX,,,,,,SS/UTIL
120362-165626,OF,Emmanuel,Emmanuel Rodriguez,Rodriguez,0,1,2000,MIN@LAA,MIN,LAA,,,,,,OF/UTIL
120362-165644,OF,Pedro,Pedro Pineda,Pineda,,0,2000,BOS@ATH,ATH,BOS,,,,,,OF/UTIL
120362-165652,OF,Yhoswar,Yhoswar Garcia,Garcia,,0,2000,MIL@TEX,MIL,TEX,,,,,,OF/UTIL
120362-165662,SS,Euribiel,Euribiel Angeles,Angeles,,0,2000,BOS@ATH,ATH,BOS,,,,,,SS/UTIL
120362-70435,OF,Ben,Ben Gamel,Gamel,5.779487022986779,39,2000,MIN@LAA,LAA,MIN,,,,,,OF/UTIL
120362-165669,2B,Max,Max Ferguson,Ferguson,,0,2000,BOS@ATH,BOS,ATH,,,,,,2B/UTIL
120362-195378,SS/2B/OF,Tyler,Tyler Fitzgerald,Fitzgerald,5.983333163791233,72,2000,ARI@SF,SF,ARI,,,,,,2B/SS/OF/UTIL
120362-165683,OF,Gabriel,Gabriel Gonzalez,Gonzalez,,0,2000,MIN@LAA,MIN,LAA,,,,,,OF/UTIL
120362-193328,OF,Wade,Wade Meckler,Meckler,0,2,2000,ARI@SF,SF,ARI,,,,,,OF/UTIL
120362-165685,SS,Aeverson,Aeverson Arteaga,Arteaga,,0,2000,ARI@SF,SF,ARI,,,,,,SS/UTIL
120362-165690,C,Brett,Brett Auerbach,Auerbach,,0,2000,ARI@SF,SF,ARI,,,,,,C/1B/UTIL
120362-163653,OF,Allan,Allan Cerda,Cerda,,0,2000,MIN@LAA,MIN,LAA,,,,,,OF/UTIL
120362-165710,OF,Evan,Evan Carter,Carter,9.153968447730655,63,2000,MIL@TEX,TEX,MIL,IL,Wrist,,,,OF/UTIL
120362-165711,SS,Cam,Cam Cauley,Cauley,,0,2000,MIL@TEX,TEX,MIL,,,,,,SS/UTIL
120362-165708,2B,Trevor,Trevor Hauver,Hauver,,0,2000,MIL@TEX,TEX,MIL,,,,,,2B/UTIL
120362-165709,OF,Yeison,Yeison Morrobel,Morrobel,,0,2000,MIL@TEX,TEX,MIL,,,,,,OF/UTIL
120362-119633,OF,Misael,Misael Urbina,Urbina,,0,2000,MIN@LAA,MIN,LAA,,,,,,OF/UTIL
120362-119632,OF,Hedbert,Hedbert Perez,Perez,,0,2000,MIL@TEX,MIL,TEX,,,,,,OF/UTIL
120362-165712,3B/OF,Dustin,Dustin Harris,Harris,4.266666836208767,18,2000,MIL@TEX,TEX,MIL,,,,,,3B/OF/UTIL
120362-165713,OF,Aaron,Aaron Zavala,Zavala,,0,2000,MIL@TEX,TEX,MIL,,,,,,OF/UTIL
120362-163669,C,Bryan,Bryan Lavastida,Lavastida,,0,2000,BOS@ATH,ATH,BOS,,,,,,C/1B/UTIL
120362-163672,3B/1B,Jonah,Jonah Bride,Bride,3.086666531032986,45,2000,MIN@LAA,MIN,LAA,,,,,,C/1B/3B/UTIL
120362-102279,3B,Drew,Drew Ellis,Ellis,,0,2000,ARI@SF,SF,ARI,,,,,,3B/UTIL
120362-82824,1B,Mike,Mike Ford,Ford,3.600000080309416,19,2000,MIN@LAA,MIN,LAA,,,,,,C/1B/UTIL
120362-102285,OF,Cristian,Cristian Pache,Pache,3.2876405180170294,89,2000,ARI@SF,ARI,SF,,,,,,OF/UTIL
120362-182170,OF,Oscar,Oscar Colas,Colas,4.228571483067104,14,2000,MIN@LAA,LAA,MIN,,,,,,OF/UTIL
120362-102303,1B,Triston,Triston Casas,Casas,6.327586206896552,29,2000,BOS@ATH,BOS,ATH,IL,Knee,,,,C/1B/UTIL
120362-52157,C,Tom,Tom Murphy,Murphy,3.7571427481515065,14,2000,ARI@SF,SF,ARI,IL,Back,,,,C/1B/UTIL
120362-102339,C,Diego,Diego Cartaya,Cartaya,0,2,2000,ARI@SF,SF,ARI,,,,,,C/1B/UTIL
120362-81869,C,Chad,Chad Wallach,Wallach,,0,2000,MIN@LAA,LAA,MIN,,,,,,C/1B/UTIL
120362-102384,SS,Jeremy,Jeremy Eierman,Eierman,,0,2000,BOS@ATH,ATH,BOS,,,,,,SS/UTIL
120362-13303,C,Yasmani,Yasmani Grandal,Grandal,7.036986468589469,73,2000,BOS@ATH,BOS,ATH,,,,,,C/1B/UTIL