Id,Position,First Name,Nickname,Last Name,FPPG,Played,Salary,Game,Team,Opponent,Injury Indicator,Injury Details,Tier,Probable Pitcher,Batting Order,Roster Position
117290-52185,P,Max,Max Fried,Fried,40.5,10,11000,NYY@COL,NYY,COL,,,,Yes,,P
117290-146687,P,Hunter,Hunter Brown,Brown,42.4,10,11000,SEA@HOU,HOU,SEA,,,,,,P
117290-197980,P,Paul,Paul Skenes,Skenes,37.45454545454545,11,10800,MIL@PIT,PIT,MIL,,,,,,P
117290-101839,P,Logan,Logan Webb,Webb,38.36363636363637,11,10800,SF@WSH,SF,WSH,,,,,,P
117290-13233,P,Nathan,Nathan Eovaldi,Eovaldi,39.54545454545455,11,10600,TEX@CWS,TEX,CWS,,,,,,P
117290-12477,P,Chris,Chris Sale,Sale,34.36363636363637,11,10400,SD@ATL,ATL,SD,,,,,,P
117290-187194,P,Bryan,Bryan Woo,Woo,38.333333333333336,9,10400,SEA@HOU,SEA,HOU,,,,Yes,,P
117290-102396,P,Logan,Logan Gilbert,Gilbert,34.833333333333336,6,10400,SEA@HOU,SEA,HOU,IL,Elbow,,,,P
117290-82550,P,Hunter,Hunter Greene,Greene,37.77777777777778,9,10200,CHC@CIN,CIN,CHC,,,,,,P
117290-85599,P,Framber,Framber Valdez,Valdez,33.7,10,10200,SEA@HOU,HOU,SEA,,,,Yes,,P
117290-52859,P,Jacob,Jacob deGrom,deGrom,35.5,10,10200,TEX@CWS,TEX,CWS,,,,,,P
117290-53029,P,Robbie,Robbie Ray,Ray,36.7,10,10200,SF@WSH,SF,WSH,,,,,,P
117290-117232,P,Michael,Michael King,King,34.3,10,10000,SD@ATL,SD,ATL,,,,Yes,,P
117290-83190,P,Freddy,Freddy Peralta,Peralta,31.90909090909091,11,10000,MIL@PIT,MIL,PIT,,,,,,P
117290-60633,P,Carlos,Carlos Rodon,Rodon,39.09090909090909,11,9900,NYY@COL,NYY,COL,,,,,,P
117290-79091,P,Dylan,Dylan Cease,Cease,29.5,10,9900,SD@ATL,SD,ATL,,,,,,P
117290-164509,P,AJ,AJ Smith-Shawver,Smith-Shawver,27.875,8,9800,SD@ATL,ATL,SD,,,,,,P
117290-82635,P,MacKenzie,MacKenzie Gore,Gore,39.09090909090909,11,9800,SF@WSH,WSH,SF,DTD,Leg,,,,P
117290-79951,P,Nick,Nick Pivetta,Pivetta,36.1,10,9600,SD@ATL,SD,ATL,,,,,,P
117290-162445,P,Spencer,Spencer Strider,Strider,17,2,9500,SD@ATL,ATL,SD,,,,,,P
117290-63136,P,Matthew,Matthew Boyd,Boyd,31.9,10,9500,CHC@CIN,CHC,CIN,,,,,,P
117290-82621,P,Clarke,Clarke Schmidt,Schmidt,26.714285714285715,7,9400,NYY@COL,NYY,COL,,,,,,P
117290-11328,P,Martin,Martin Perez,Perez,26.75,4,9400,TEX@CWS,CWS,TEX,IL,Elbow,,,,P
117290-165512,P,Andrew,Andrew Abbott,Abbott,34.142857142857146,7,9400,CHC@CIN,CIN,CHC,,,,Yes,,P
117290-198885,P,Spencer,Spencer Arrighetti,Arrighetti,22.5,2,9300,SEA@HOU,HOU,SEA,IL,Thumb,,,,P
117290-16961,P,Jameson,Jameson Taillon,Taillon,26.6,10,9300,CHC@CIN,CHC,CIN,,,,,,P
117290-119329,P,Nick,Nick Lodolo,Lodolo,30.8,10,9200,CHC@CIN,CIN,CHC,,,,,,P
117290-119414,P,George,George Kirby,Kirby,8,1,9200,SEA@HOU,SEA,HOU,,,,,,P
117290-68491,P,Reynaldo,Reynaldo Lopez,Lopez,9,1,9200,SD@ATL,ATL,SD,IL,Shoulder,,,,P
117290-79109,P,Tyler,Tyler Mahle,Mahle,29.727272727272727,11,9100,TEX@CWS,TEX,CWS,,,,,,P
117290-198702,P,Shota,Shota Imanaga,Imanaga,27.5,8,9000,CHC@CIN,CHC,CIN,IL,Hamstring,,,,P
117290-16956,P,Gerrit,Gerrit Cole,Cole,32,22,9000,NYY@COL,NYY,COL,IL,Elbow,,,,P
117290-21099,P,Jose,Jose Quintana,Quintana,29.333333333333332,6,9000,MIL@PIT,MIL,PIT,IL,Shoulder,,,,P
117290-164503,P,Spencer,Spencer Schwellenbach,Schwellenbach,30.5,10,9000,SD@ATL,ATL,SD,,,,,,P
117290-80582,P,Brandon,Brandon Woodruff,Woodruff,,0,9000,MIL@PIT,MIL,PIT,IL,Ankle,,,,P
117290-79217,P,Mitch,Mitch Keller,Keller,27.7,10,9000,MIL@PIT,PIT,MIL,,,,Yes,,P
117290-53590,P,Nick,Nick Martinez,Martinez,26.8,10,8900,CHC@CIN,CIN,CHC,,,,,,P
117290-146725,P,Jared,Jared Jones,Jones,30.59090909090909,22,8900,MIL@PIT,PIT,MIL,IL,Elbow,,,,P
117290-198362,P,Stephen,Stephen Kolek,Kolek,33.75,4,8900,SD@ATL,SD,ATL,,,,,,P
117290-118206,P,Luis,Luis Gil,Gil,30.29032258064516,31,8800,NYY@COL,NYY,COL,IL,Lat,,,,P
117290-220840,P,Shane,Shane Smith,Smith,28.3,10,8800,TEX@CWS,CWS,TEX,,,,,,P
117290-79162,P,Luis,Luis Castillo,Castillo,28.5,10,8700,SEA@HOU,SEA,HOU,,,,,,P
117290-16931,P,Yu,Yu Darvish,Darvish,28.77777777777778,18,8600,SD@ATL,SD,ATL,IL,Elbow,,,,P
117290-79207,P,Grant,Grant Holmes,Holmes,26.1,10,8600,SD@ATL,ATL,SD,,,,Yes,,P
117290-168872,P,Ronel,Ronel Blanco,Blanco,28.555555555555557,9,8500,SEA@HOU,HOU,SEA,IL,Elbow,,,,P
117290-102344,P,Brady,Brady Singer,Singer,25.4,10,8500,CHC@CIN,CIN,CHC,,,,,,P
117290-198912,P,Will,Will Warren,Warren,27.9,10,8400,NYY@COL,NYY,COL,,,,,,P
117290-146664,P,Bryce,Bryce Elder,Elder,24.125,8,8400,SD@ATL,ATL,SD,,,,,,P
117290-165706,P,Jack,Jack Leiter,Leiter,23.428571428571427,7,8400,TEX@CWS,TEX,CWS,,,,Yes,,P
117290-52167,P,Andrew,Andrew Heaney,Heaney,27.3,10,8300,MIL@PIT,PIT,MIL,,,,,,P
117290-165636,P,Hayden,Hayden Wesneski,Wesneski,24.833333333333332,6,8300,SEA@HOU,HOU,SEA,IL,Elbow,,,,P
117290-219653,P,Logan,Logan Henderson,Henderson,43.333333333333336,3,8200,MIL@PIT,MIL,PIT,,,,,,P
117290-165689,P,Bryce,Bryce Miller,Miller,20.875,8,8200,SEA@HOU,SEA,HOU,IL,Elbow,,,,P
117290-181837,P,Ben,Ben Brown,Brown,25.5,10,8100,CHC@CIN,CHC,CIN,,,,,,P
117290-198879,P,Rhett,Rhett Lowder,Lowder,27,6,8000,CHC@CIN,CIN,CHC,IL,Forearm,,,,P
117290-82775,P,Nestor,Nestor Cortes,Cortes,17,2,8000,MIL@PIT,MIL,PIT,IL,Elbow,,,,P
117290-68523,P,Joe,Joe Musgrove,Musgrove,28.45,20,8000,SD@ATL,SD,ATL,IL,Elbow,,,,P
117290-64488,P,Colin,Colin Rea,Rea,21.4,10,8000,CHC@CIN,CHC,CIN,,,,Yes,,P
117290-211874,P,Kumar,Kumar Rocker,Rocker,12.8,5,7900,TEX@CWS,TEX,CWS,IL,Shoulder,,,,P
117290-226322,P,Logan,Logan Evans,Evans,23,5,7900,SEA@HOU,SEA,HOU,,,,,,P
117290-198876,P,Cade,Cade Horton,Horton,21.333333333333332,3,7800,CHC@CIN,CHC,CIN,,,,,,P
117290-102684,P,Jake,Jake Irvin,Irvin,26.1,10,7800,SF@WSH,WSH,SF,,,,Yes,,P
117290-170315,P,Davis,Davis Martin,Martin,24,10,7800,TEX@CWS,CWS,TEX,,,,,,P
117290-199728,P,Landen,Landen Roupp,Roupp,27.1,10,7800,SF@WSH,SF,WSH,,,,,,P
117290-5202,P,Justin,Justin Verlander,Verlander,21.7,10,7800,SF@WSH,SF,WSH,IL,Pectoral,,,,P
117290-13664,P,Patrick,Patrick Corbin,Corbin,24.875,8,7800,TEX@CWS,TEX,CWS,,,,,,P
117290-185896,P,Cody,Cody Bradford,Bradford,29.785714285714285,14,7800,TEX@CWS,TEX,CWS,IL,Elbow,,,,P
117290-165655,P,Bubba,Bubba Chandler,Chandler,,0,7800,MIL@PIT,PIT,MIL,,,,,,P
117290-165731,P,Mitchell,Mitchell Parker,Parker,23.7,10,7800,SF@WSH,WSH,SF,,,,,,P
117290-200581,P,Jonathan,Jonathan Cannon,Cannon,24.2,10,7700,TEX@CWS,CWS,TEX,,,,Yes,,P
117290-219663,P,Chad,Chad Patrick,Patrick,23.727272727272727,11,7600,MIL@PIT,MIL,PIT,,,,,,P
117290-82638,P,Jordan,Jordan Hicks,Hicks,16.09090909090909,11,7600,SF@WSH,SF,WSH,,,,,,P
117290-164532,P,DJ,DJ Herz,Herz,25.94736842105263,19,7500,SF@WSH,WSH,SF,IL,Elbow,,,,P
117290-79123,P,Tyler,Tyler Alexander,Alexander,7.777777777777778,18,7500,MIL@PIT,MIL,PIT,,,,,,P
117290-165543,P,Sean,Sean Burke,Burke,21.363636363636363,11,7500,TEX@CWS,CWS,TEX,,,,,,P
117290-165638,P,Randy,Randy Vasquez,Vasquez,20.1,10,7500,SD@ATL,SD,ATL,,,,,,P
117290-145625,P,Bailey,Bailey Falter,Falter,25.4,10,7400,MIL@PIT,PIT,MIL,,,,,,P
117290-198886,P,Chase,Chase Dollander,Dollander,20.625,8,7400,NYY@COL,COL,NYY,IL,Forearm,,,,P
117290-68483,P,Trevor,Trevor Williams,Williams,17.8,10,7400,SF@WSH,WSH,SF,,,,,,P
117290-146724,P,Carmen,Carmen Mlodzinski,Mlodzinski,14.88888888888889,9,7400,MIL@PIT,PIT,MIL,,,,,,P
117290-135268,P,Emerson,Emerson Hancock,Hancock,19,8,7300,SEA@HOU,SEA,HOU,,,,,,P
117290-178415,P,Javier,Javier Assad,Assad,24,29,7300,CHC@CIN,CHC,CIN,IL,Oblique,,,,P
117290-82557,P,Aaron,Aaron Civale,Civale,7.5,2,7300,MIL@PIT,MIL,PIT,,,,,,P
117290-39041,P,Marcus,Marcus Stroman,Stroman,4.333333333333333,3,7200,NYY@COL,NYY,COL,IL,Knee,,,,P
117290-119409,P,Quinn,Quinn Priester,Priester,17.125,8,7200,MIL@PIT,MIL,PIT,,,,Yes,,P
117290-81490,P,Chris,Chris Flexen,Flexen,10.166666666666666,6,7200,CHC@CIN,CHC,CIN,,,,,,P
117290-101810,P,Justin,Justin Steele,Steele,29.25,4,7100,CHC@CIN,CHC,CIN,IL,Elbow,,,,P
117290-118202,P,Kyle,Kyle Hart,Hart,17,5,7100,SD@ATL,SD,ATL,,,,,,P
117290-202608,P,Carlos,Carlos Rodriguez,Rodriguez,13,1,7100,MIL@PIT,MIL,PIT,,,,,,P
117290-135212,P,Luis,Luis Garcia,Garcia,0,1,7000,SEA@HOU,HOU,SEA,IL,Elbow,,,,P
117290-6266,P,Carlos,Carlos Carrasco,Carrasco,15,8,7000,NYY@COL,NYY,COL,,,,,,P
117290-53607,P,Anthony,Anthony DeSclafani,DeSclafani,0,1,7000,NYY@COL,NYY,COL,O,Elbow,,,,P
117290-203678,P,Hayden,Hayden Birdsong,Birdsong,13.833333333333334,12,7000,SF@WSH,SF,WSH,,,,,,P
117290-52155,P,Jon,Jon Gray,Gray,20.47826086956522,24,7000,TEX@CWS,TEX,CWS,IL,Wrist,,,,P
117290-60632,P,Kyle,Kyle Freeland,Freeland,19.5,10,7000,NYY@COL,COL,NYY,,,,Yes,,P
117290-161465,P,Ryan,Ryan Feltner,Feltner,21,6,7000,NYY@COL,COL,NYY,IL,Back,,,,P
117290-102335,P,Cristian,Cristian Javier,Javier,24.285714285714285,8,7000,SEA@HOU,HOU,SEA,IL,Elbow,,,,P
117290-102572,P,Tobias,Tobias Myers,Myers,13,6,6900,MIL@PIT,MIL,PIT,,,,,,P
117290-79073,P,Michael,Michael Soroka,Soroka,23.75,4,6900,SF@WSH,WSH,SF,,,,,,P
117290-197981,P,Jacob,Jacob Misiorowski,Misiorowski,,0,6900,MIL@PIT,MIL,PIT,,,,,,P
117290-73880,P,German,German Marquez,Marquez,11.7,11,6800,NYY@COL,COL,NYY,,,,,,P
117290-213198,P,Ryan,Ryan Gusto,Gusto,15.333333333333334,12,6800,SEA@HOU,HOU,SEA,,,,,,P
117290-198916,P,Thomas,Thomas Harrington,Harrington,9,2,6800,MIL@PIT,PIT,MIL,,,,,,P
117290-79078,P,Ian,Ian Anderson,Anderson,2.2857142857142856,7,6800,SD@ATL,ATL,SD,,,,,,P
117290-185845,P,Allan,Allan Winans,Winans,-2,2,6800,NYY@COL,NYY,COL,,,,,,P
117290-222885,P,Brad,Brad Lord,Lord,11.692307692307692,14,6800,SF@WSH,WSH,SF,,,,,,P
117290-204632,P,Tanner,Tanner Gordon,Gordon,28,2,6800,NYY@COL,COL,NYY,,,,,,P
117290-219662,P,Colton,Colton Gordon,Gordon,20.5,2,6700,SEA@HOU,HOU,SEA,,,,,,P
117290-12972,P,Wade,Wade Miley,Miley,6,2,6700,CHC@CIN,CIN,CHC,IL,Elbow,,,,P
117290-164529,P,Jordan,Jordan Wicks,Wicks,3,2,6700,CHC@CIN,CHC,CIN,,,,,,P
117290-52159,P,Lance,Lance McCullers Jr.,McCullers Jr.,13,4,6600,SEA@HOU,HOU,SEA,,,,,,P
117290-102515,P,Aaron,Aaron Ashby,Ashby,11.214285714285714,15,6500,MIL@PIT,MIL,PIT,,,,,,P
117290-102574,P,Jake,Jake Woodford,Woodford,10.444444444444445,9,6500,NYY@COL,NYY,COL,,,,,,P
117290-198917,P,Drew,Drew Thorpe,Thorpe,18.333333333333332,9,6500,TEX@CWS,CWS,TEX,IL,Elbow,,,,P
117290-68452,P,Kenta,Kenta Maeda,Maeda,3.857142857142857,7,6500,CHC@CIN,CHC,CIN,,,,,,P
117290-68485,P,Ryan,Ryan Yarbrough,Yarbrough,13.181818181818182,11,6500,NYY@COL,NYY,COL,,,,,,P
117290-83098,P,Austin,Austin Gomber,Gomber,22,30,6500,NYY@COL,COL,NYY,IL,Shoulder,,,,P
117290-79103,P,Dane,Dane Dunning,Dunning,12,1,6500,TEX@CWS,TEX,CWS,,,,,,P
117290-181805,P,J.P.,J.P. France,France,15.8,6,6500,SEA@HOU,HOU,SEA,IL,Shoulder,,,,P
117290-194242,P,Carson,Carson Spiers,Spiers,16.666666666666668,3,6500,CHC@CIN,CIN,CHC,IL,Shoulder,,,,P
117290-165665,P,Robert,Robert Gasser,Gasser,25.6,5,6500,MIL@PIT,MIL,PIT,IL,Elbow,,,,P
117290-102456,P,Jhonathan,Jhonathan Diaz,Diaz,7,1,6400,SEA@HOU,SEA,HOU,,,,,,P
117290-82537,P,DL,DL Hall,Hall,15.307692307692308,13,6400,MIL@PIT,MIL,PIT,IL,Lat,,,,P
117290-170891,P,Davis,Davis Daniel,Daniel,6,1,6400,SD@ATL,ATL,SD,,,,,,P
117290-146733,P,Kyle,Kyle Harrison,Harrison,7.75,4,6400,SF@WSH,SF,WSH,,,,Yes,,P
117290-165508,P,Graham,Graham Ashcraft,Ashcraft,7.5,20,6400,CHC@CIN,CIN,CHC,,,,,,P
117290-165618,P,Chase,Chase Petty,Petty,-1,2,6400,CHC@CIN,CIN,CHC,,,,,,P
117290-66766,P,Adrian,Adrian Houser,Houser,34,1,6300,TEX@CWS,CWS,TEX,,,,,,P
117290-73835,P,Ty,Ty Blach,Blach,9.15,20,6200,TEX@CWS,TEX,CWS,,,,,,P
117290-82534,P,Bryse,Bryse Wilson,Wilson,6.428571428571429,14,6200,TEX@CWS,CWS,TEX,,,,,,P
117290-119416,P,Brandon,Brandon Williamson,Williamson,15.25,4,6200,CHC@CIN,CIN,CHC,IL,Elbow,,,,P
117290-119447,P,Joan,Joan Adon,Adon,3.25,8,6200,SF@WSH,WSH,SF,IL,Undisclosed,,,,P
117290-82636,P,Joey,Joey Lucchesi,Lucchesi,19,2,6200,SF@WSH,SF,WSH,,,,,,P
117290-199459,P,Nick,Nick Nastrini,Nastrini,11.666666666666666,9,6200,TEX@CWS,CWS,TEX,,,,,,P
117290-70559,P,Mike,Mike Clevinger,Clevinger,1.375,8,6200,TEX@CWS,CWS,TEX,,,,,,P
117290-197871,P,Bradley,Bradley Blalock,Blalock,0.6,5,6200,NYY@COL,COL,NYY,,,,,,P
117290-181660,P,Jhony,Jhony Brito,Brito,6.3076923076923075,26,6200,SD@ATL,SD,ATL,IL,Forearm,,,,P
117290-181823,P,Keaton,Keaton Winn,Winn,17.666666666666668,12,6200,SF@WSH,SF,WSH,IL,Undisclosed,,,,P
117290-181833,P,Darius,Darius Vines,Vines,7.25,4,6200,SD@ATL,ATL,SD,IL,Undisclosed,,,,P
117290-102394,P,Luis,Luis Patino,Patino,0,1,6200,SD@ATL,SD,ATL,O,Elbow,,,,P
117290-198872,P,Hurston,Hurston Waldrep,Waldrep,-4.5,2,6100,SD@ATL,ATL,SD,,,,,,P
117290-195785,P,Caleb,Caleb Boushley,Boushley,8.25,8,6100,TEX@CWS,TEX,CWS,,,,,,P
117290-188485,P,Matt,Matt Waldron,Waldron,25.22222222222222,27,6000,SD@ATL,SD,ATL,IL,Oblique,,,,P
117290-102502,P,Josiah,Josiah Gray,Gray,6.5,3,6000,SF@WSH,WSH,SF,IL,Elbow,,,,P
117290-68517,P,Antonio,Antonio Senzatela,Senzatela,12.9,10,6000,NYY@COL,COL,NYY,,,,,,P
117290-209958,P,Julian,Julian Aguiar,Aguiar,15.142857142857142,7,6000,CHC@CIN,CIN,CHC,IL,Elbow,,,,P
117290-163515,P,Elvin,Elvin Rodriguez,Rodriguez,8.833333333333334,6,6000,MIL@PIT,MIL,PIT,,,,,,P
117290-102446,P,Tristan,Tristan Beck,Beck,11.571428571428571,7,5900,SF@WSH,SF,WSH,,,,,,P
117290-135231,P,Jared,Jared Shuster,Shuster,3.7777777777777777,9,5900,TEX@CWS,CWS,TEX,,,,,,P
117290-178306,P,Bryan,Bryan Hoeing,Hoeing,7.405405405405405,37,5900,SD@ATL,SD,ATL,IL,Shoulder,,,,P
117290-199224,P,Mason,Mason Black,Black,14.444444444444445,9,5900,SF@WSH,SF,WSH,,,,,,P
117290-119449,P,Jackson,Jackson Rutledge,Rutledge,7.375,16,5900,SF@WSH,WSH,SF,,,,,,P
117290-68505,P,Carson,Carson Fulmer,Fulmer,10.567567567567568,37,5900,MIL@PIT,PIT,MIL,,,,,,P
117290-79072,P,Brad,Brad Keller,Keller,6.045454545454546,22,5900,CHC@CIN,CHC,CIN,,,,,,P
117290-146728,P,Connor,Connor Phillips,Phillips,0,2,5900,CHC@CIN,CIN,CHC,,,,,,P
117290-161167,P,Glenn,Glenn Otto,Otto,0,1,5900,SEA@HOU,HOU,SEA,IL,Shoulder,,,,P
117290-165578,P,Ky,Ky Bush,Bush,14.25,4,5900,TEX@CWS,CWS,TEX,IL,Elbow,,,,P
117290-79917,P,Casey,Casey Lawrence,Lawrence,9.333333333333334,6,5800,SEA@HOU,SEA,HOU,,,,,,P
117290-226881,P,Carson,Carson Palmquist,Palmquist,-1,2,5800,NYY@COL,COL,NYY,,,,,,P
117290-135208,P,Shawn,Shawn Dubin,Dubin,8,6,5700,SEA@HOU,HOU,SEA,,,,,,P
117290-102487,P,Austin,Austin Cox,Cox,,0,5700,SD@ATL,ATL,SD,,,,,,P
117290-198905,P,Mike,Mike Vasil,Vasil,8.266666666666667,15,5700,TEX@CWS,CWS,TEX,,,,,,P
117290-164511,P,Dylan,Dylan Dodd,Dodd,6,1,5700,SD@ATL,ATL,SD,,,,,,P
117290-213867,P,Blas,Blas Castano,Castano,,0,5700,SEA@HOU,SEA,HOU,,,,,,P
117290-79079,P,Joey,Joey Wentz,Wentz,5.222222222222222,18,5700,MIL@PIT,PIT,MIL,,,,,,P
117290-79126,P,Forrest,Forrest Whitley,Whitley,4,2,5700,SEA@HOU,HOU,SEA,,,,,,P
117290-101838,P,JT,JT Brubaker,Brubaker,0,3,5700,NYY@COL,NYY,COL,IL,Ribs,,,,P
117290-165659,P,Mike,Mike Burrows,Burrows,12,1,5700,MIL@PIT,PIT,MIL,,,,,,P
117290-102297,P,Keegan,Keegan Thompson,Thompson,8.363636363636363,24,5700,CHC@CIN,CHC,CIN,,,,,,P
117290-102462,P,Lyon,Lyon Richardson,Richardson,6.222222222222222,10,5600,CHC@CIN,CIN,CHC,,,,,,P
117290-79873,P,Dylan,Dylan Covey,Covey,0,2,5500,SD@ATL,ATL,SD,,,,,,P
117290-102405,P,Sean,Sean Hjelle,Hjelle,6.551724137931035,58,5500,SF@WSH,SF,WSH,,,,,,P
117290-178184,P,Kevin,Kevin Herget,Herget,6,1,5500,SD@ATL,ATL,SD,,,,,,P
117290-102419,P,Cole,Cole Winn,Winn,9.5,2,5500,TEX@CWS,TEX,CWS,,,,,,P
117290-102420,P,Owen,Owen White,White,-7.5,3,5500,TEX@CWS,CWS,TEX,,,,,,P
117290-135191,P,Josh,Josh Fleming,Fleming,4.541666666666667,25,5500,SEA@HOU,SEA,HOU,,,,,,P
117290-79895,P,Miguel,Miguel Diaz,Diaz,3,1,5500,SF@WSH,SF,WSH,,,,,,P
117290-102455,P,Cory,Cory Abbott,Abbott,0,1,5500,TEX@CWS,TEX,CWS,,,,,,P
117290-190516,P,Daysbel,Daysbel Hernandez,Hernandez,5.714285714285714,21,5500,SD@ATL,ATL,SD,,,,,,P
117290-135221,P,Cade,Cade Cavalli,Cavalli,0,1,5500,SF@WSH,WSH,SF,,,,,,P
117290-135226,P,Wes,Wes Benjamin,Benjamin,,0,5500,SD@ATL,SD,ATL,,,,,,P
117290-172092,P,Garrett,Garrett Hill,Hill,0,1,5500,SEA@HOU,SEA,HOU,,,,,,P
117290-200764,P,Cam,Cam Booser,Booser,4.136363636363637,22,5500,TEX@CWS,CWS,TEX,,,,,,P
117290-79936,P,Mark,Mark Leiter Jr.,Leiter Jr.,6.3478260869565215,23,5500,NYY@COL,NYY,COL,,,,,,P
117290-104512,P,Geoff,Geoff Hartlieb,Hartlieb,4.2,5,5500,NYY@COL,NYY,COL,,,,,,P
117290-135237,P,Nick,Nick Mears,Mears,4.318181818181818,22,5500,MIL@PIT,MIL,PIT,,,,,,P
117290-102474,P,Eli,Eli Morgan,Morgan,0.5714285714285714,7,5500,CHC@CIN,CHC,CIN,IL,Elbow,,,,P
117290-149587,P,Jay,Jay Flaa,Flaa,,0,5500,SD@ATL,ATL,SD,,,,,,P
117290-73828,P,Dan,Dan Altavilla,Altavilla,1.6,5,5500,TEX@CWS,CWS,TEX,,,,,,P
117290-102500,P,Robert,Robert Dugger,Dugger,,0,5500,TEX@CWS,TEX,CWS,,,,,,P
117290-116839,P,David,David Bednar,Bednar,4.882352941176471,18,5500,MIL@PIT,PIT,MIL,,,,,,P
117290-135279,P,Codi,Codi Heuer,Heuer,,0,5500,TEX@CWS,TEX,CWS,,,,,,P
117290-161906,P,Dauri,Dauri Moreta,Moreta,0,1,5500,MIL@PIT,PIT,MIL,IL,Elbow,,,,P
117290-161907,P,Dylan,Dylan Lee,Lee,4.826086956521739,23,5500,SD@ATL,ATL,SD,,,,,,P
117290-194675,P,Luke,Luke Little,Little,-1,1,5500,CHC@CIN,CHC,CIN,,,,,,P
117290-82039,P,Aaron,Aaron Wilkerson,Wilkerson,,0,5500,CHC@CIN,CIN,CHC,,,,,,P
117290-102523,P,Deivi,Deivi Garcia,Garcia,4.285714285714286,14,5500,MIL@PIT,MIL,PIT,,,,,,P
117290-209026,P,Parker,Parker Dunshee,Dunshee,1,1,5500,SF@WSH,WSH,SF,,,,,,P
117290-116868,P,Gabe,Gabe Speier,Speier,6.130434782608695,23,5500,SEA@HOU,SEA,HOU,,,,,,P
117290-73866,P,Wandy,Wandy Peralta,Peralta,3.85,20,5500,SD@ATL,SD,ATL,,,,,,P
117290-102542,P,Travis,Travis MacGregor,MacGregor,,0,5500,TEX@CWS,TEX,CWS,,,,,,P
117290-102549,P,Andres,Andres Munoz,Munoz,6.869565217391305,23,5500,SEA@HOU,SEA,HOU,,,,,,P
117290-102558,P,Gregory,Gregory Santos,Santos,1.875,8,5500,SEA@HOU,SEA,HOU,IL,Knee,,,,P
117290-80033,P,Emilio,Emilio Pagan,Pagan,5.217391304347826,23,5500,CHC@CIN,CIN,CHC,,,,,,P
117290-102560,P,Camilo,Camilo Doval,Doval,5.56,25,5500,SF@WSH,SF,WSH,,,,,,P
117290-135339,P,Clayton,Clayton Beeter,Beeter,6.666666666666667,3,5500,NYY@COL,NYY,COL,,,,,,P
117290-145591,P,Eduard,Eduard Bazardo,Bazardo,5.2,20,5500,SEA@HOU,SEA,HOU,,,,,,P
117290-145593,P,Carlos,Carlos Vargas,Vargas,5.571428571428571,21,5500,SEA@HOU,SEA,HOU,,,,,,P
117290-135358,P,Dylan,Dylan File,File,,0,5500,SEA@HOU,SEA,HOU,,,,,,P
117290-102593,P,Gerardo,Gerardo Carrillo,Carrillo,,0,5500,TEX@CWS,TEX,CWS,,,,,,P
117290-145609,P,Peter,Peter Solomon,Solomon,,0,5500,CHC@CIN,CHC,CIN,,,,,,P
117290-194770,P,Nick,Nick Hernandez,Hernandez,6.6,5,5500,SEA@HOU,HOU,SEA,,,,,,P
117290-145620,P,Helcris,Helcris Olivarez,Olivarez,,0,5500,SF@WSH,SF,WSH,,,,,,P
117290-145627,P,Lucas,Lucas Gilbreath,Gilbreath,-7.5,3,5500,NYY@COL,COL,NYY,,,,,,P
117290-198874,P,Noah,Noah Schultz,Schultz,,0,5500,TEX@CWS,CWS,TEX,,,,,,P
117290-145630,P,Kervin,Kervin Castro,Castro,,0,5500,NYY@COL,NYY,COL,,,,,,P
117290-145629,P,Mason,Mason Thompson,Thompson,0,1,5500,SF@WSH,WSH,SF,IL,Elbow,,,,P
117290-209116,P,Troy,Troy Taylor,Taylor,-0.14285714285714285,8,5500,SEA@HOU,SEA,HOU,,,,,,P
117290-178411,P,Michael,Michael Plassmeyer,Plassmeyer,0,1,5500,TEX@CWS,TEX,CWS,,,,,,P
117290-198901,P,Chase,Chase Hampton,Hampton,,0,5500,NYY@COL,NYY,COL,IL,Elbow,,,,P
117290-170254,P,Colin,Colin Holderman,Holderman,2.5384615384615383,14,5500,MIL@PIT,PIT,MIL,IL,Thumb,,,,P
117290-198938,P,Carson,Carson Whisenhunt,Whisenhunt,,0,5500,SF@WSH,SF,WSH,,,,,,P
117290-209176,P,Chase,Chase Shugart,Shugart,5.111111111111111,19,5500,MIL@PIT,PIT,MIL,,,,,,P
117290-180540,P,Easton,Easton McGee,McGee,6,1,5500,MIL@PIT,MIL,PIT,,,,,,P
117290-203075,P,Michael,Michael Petersen,Petersen,9,1,5500,SD@ATL,ATL,SD,,,,,,P
117290-203074,P,Spencer,Spencer Bivens,Bivens,6.666666666666667,15,5500,SF@WSH,SF,WSH,,,,,,P
117290-211265,P,Seth,Seth Halvorsen,Halvorsen,4.15,20,5500,NYY@COL,COL,NYY,,,,,,P
117290-182597,P,Shintaro,Shintaro Fujinami,Fujinami,0,3,5500,SEA@HOU,SEA,HOU,,,,,,P
117290-117065,P,James,James Karinchak,Karinchak,0,3,5500,TEX@CWS,CWS,TEX,,,,,,P
117290-203080,P,Brandon,Brandon Eisert,Eisert,4.9523809523809526,21,5500,TEX@CWS,CWS,TEX,,,,,,P
117290-209224,P,Orlando,Orlando Ribalta,Ribalta,6.5,4,5500,SF@WSH,WSH,SF,IL,Biceps,,,,P
117290-170324,P,Brandon,Brandon Hughes,Hughes,4.533333333333333,15,5500,CHC@CIN,CHC,CIN,,,,,,P
117290-135525,P,Adam,Adam Seminaris,Seminaris,,0,5500,SEA@HOU,SEA,HOU,,,,,,P
117290-153961,P,Tayler,Tayler Saucedo,Saucedo,2,4,5500,SEA@HOU,SEA,HOU,,,,,,P
117290-225665,P,Sauryn,Sauryn Lao,Lao,14,1,5500,SEA@HOU,SEA,HOU,,,,,,P
117290-225671,P,Zach,Zach Agnos,Agnos,4.75,12,5500,NYY@COL,COL,NYY,,,,,,P
117290-170384,P,Yerry,Yerry de los Santos,de los Santos,5.857142857142857,7,5500,NYY@COL,NYY,COL,,,,,,P
117290-61858,P,Raisel,Raisel Iglesias,Iglesias,4.904761904761905,21,5500,SD@ATL,ATL,SD,,,,,,P
117290-158131,P,Tyler,Tyler Gilbert,Gilbert,5.538461538461538,13,5500,TEX@CWS,CWS,TEX,IL,Knee,,,,P
117290-219568,P,Rolddy,Rolddy Munoz,Munoz,,0,5500,SD@ATL,ATL,SD,,,,,,P
117290-188863,P,Randy,Randy Wynne,Wynne,15,1,5500,CHC@CIN,CIN,CHC,,,,,,P
117290-225748,P,Craig,Craig Yoho,Yoho,2.2,5,5500,MIL@PIT,MIL,PIT,,,,,,P
117290-135645,P,Isaac,Isaac Mattson,Mattson,5.5,2,5500,MIL@PIT,PIT,MIL,,,,,,P
117290-84452,P,Caleb,Caleb Ferguson,Ferguson,3.75,24,5500,MIL@PIT,PIT,MIL,,,,,,P
117290-145916,P,Zach,Zach Pop,Pop,2.912280701754386,58,5500,SEA@HOU,SEA,HOU,,,,,,P
117290-184829,P,McKinley,McKinley Moore,Moore,0,3,5500,NYY@COL,NYY,COL,,,,,,P
117290-119301,P,Brennan,Brennan Malone,Malone,,0,5500,MIL@PIT,PIT,MIL,,,,,,P
117290-219654,P,Juan,Juan Carela,Carela,,0,5500,TEX@CWS,CWS,TEX,O,Elbow,,,,P
117290-119315,P,Kohl,Kohl Franklin,Franklin,,0,5500,CHC@CIN,CHC,CIN,IL,Elbow,,,,P
117290-170512,P,Peter,Peter Strzelecki,Strzelecki,5.3,10,5500,MIL@PIT,PIT,MIL,,,,,,P
117290-162328,P,Reiver,Reiver Sanmartin,Sanmartin,0,2,5500,CHC@CIN,CIN,CHC,,,,,,P
117290-170527,P,Jason,Jason Alexander,Alexander,-0.75,4,5500,SEA@HOU,HOU,SEA,,,,,,P
117290-119336,P,Karl,Karl Kauffmann,Kauffmann,0,1,5500,NYY@COL,COL,NYY,,,,,,P
117290-119339,P,Tyler,Tyler Ivey,Ivey,,0,5500,SEA@HOU,HOU,SEA,,,,,,P
117290-219694,P,Winston,Winston Santos,Santos,,0,5500,TEX@CWS,TEX,CWS,IL,Back,,,,P
117290-219693,P,Emiliano,Emiliano Teodo,Teodo,,0,5500,TEX@CWS,TEX,CWS,,,,,,P
117290-219700,P,Luis,Luis Mey,Mey,5.5,12,5500,CHC@CIN,CIN,CHC,,,,,,P
117290-219706,P,Carson,Carson Seymour,Seymour,,0,5500,SF@WSH,SF,WSH,,,,,,P
117290-195135,P,Kyle,Kyle Nicolas,Nicolas,2,7,5500,MIL@PIT,PIT,MIL,,,,,,P
117290-119359,P,Ethan,Ethan Small,Small,0,2,5500,SF@WSH,SF,WSH,IL,Undisclosed,,,,P
117290-119358,P,Antoine,Antoine Kelly,Kelly,0,1,5500,NYY@COL,COL,NYY,,,,,,P
117290-219708,P,Carson,Carson Ragsdale,Ragsdale,,0,5500,SF@WSH,SF,WSH,,,,,,P
117290-219723,P,Omar,Omar Cruz,Cruz,10,2,5500,SD@ATL,SD,ATL,,,,,,P
117290-207438,P,Fraser,Fraser Ellard,Ellard,5,7,5500,TEX@CWS,CWS,TEX,IL,Lat,,,,P
117290-219725,P,Henry,Henry Baez,Baez,,0,5500,SD@ATL,SD,ATL,,,,,,P
117290-219724,P,Ryan,Ryan Bergert,Bergert,6,4,5500,SD@ATL,SD,ATL,,,,,,P
117290-225880,P,Nathan,Nathan Wiles,Wiles,-3,1,5500,SD@ATL,ATL,SD,,,,,,P
117290-16989,P,Wilking,Wilking Rodriguez,Rodriguez,,0,5500,NYY@COL,NYY,COL,,,,,,P
117290-80476,P,Jackson,Jackson Stephens,Stephens,4.333333333333333,3,5500,SD@ATL,ATL,SD,,,,,,P
117290-119388,P,Junior,Junior Santos,Santos,,0,5500,SF@WSH,WSH,SF,,,,,,P
117290-119392,P,Josh,Josh Wolf,Wolf,,0,5500,SF@WSH,SF,WSH,,,,,,P
117290-119397,P,TJ,TJ Sikkema,Sikkema,,0,5500,CHC@CIN,CIN,CHC,IL,Undisclosed,,,,P
117290-186986,P,Eduardo,Eduardo Salazar,Salazar,1.7058823529411764,17,5500,SF@WSH,WSH,SF,,,,,,P
117290-119403,P,Erik,Erik Miller,Miller,4.947368421052632,20,5500,SF@WSH,SF,WSH,,,,,,P
117290-184943,P,Jesse,Jesse Scholtens,Scholtens,,0,5500,TEX@CWS,CWS,TEX,IL,Elbow,,,,P
117290-162419,P,Matt,Matt Brash,Brash,5.833333333333333,6,5500,SEA@HOU,SEA,HOU,,,,,,P
117290-156272,P,Reiss,Reiss Knehr,Knehr,0,1,5500,SD@ATL,SD,ATL,,,,,,P
117290-135798,P,Garrett,Garrett Stallings,Stallings,,0,5500,MIL@PIT,MIL,PIT,,,,,,P
117290-82552,P,Tony,Tony Santillan,Santillan,4.565217391304348,24,5500,CHC@CIN,CIN,CHC,,,,,,P
117290-119426,P,Johan,Johan Oviedo,Oviedo,0,1,5500,MIL@PIT,PIT,MIL,IL,Lat,,,,P
117290-82564,P,Yency,Yency Almonte,Almonte,5.588235294117647,17,5500,CHC@CIN,CHC,CIN,IL,Shoulder,,,,P
117290-62087,P,Miguel,Miguel Castro,Castro,2.3333333333333335,3,5500,TEX@CWS,CWS,TEX,,,,,,P
117290-203415,P,Bryan,Bryan King,King,5.791666666666667,24,5500,SEA@HOU,HOU,SEA,,,,,,P
117290-170647,P,Jared,Jared Koenig,Koenig,4.52,25,5500,MIL@PIT,MIL,PIT,,,,,,P
117290-119446,P,Andry,Andry Lara,Lara,,0,5500,SF@WSH,WSH,SF,,,,,,P
117290-82584,P,JB,JB Bukauskas,Bukauskas,5.5,6,5500,MIL@PIT,MIL,PIT,IL,Lat,,,,P
117290-119451,P,Matt,Matt Cronin,Cronin,,0,5500,SEA@HOU,SEA,HOU,,,,,,P
117290-164510,P,Victor,Victor Vodnik,Vodnik,4,9,5500,NYY@COL,COL,NYY,IL,Shoulder,,,,P
117290-82591,P,Chris,Chris Rodriguez,Rodriguez,,0,5500,TEX@CWS,CWS,TEX,,,,,,P
117290-203420,P,Austin,Austin Kitchen,Kitchen,0,4,5500,SEA@HOU,SEA,HOU,,,,,,P
117290-82592,P,Dennis,Dennis Santana,Santana,4.818181818181818,22,5500,MIL@PIT,PIT,MIL,,,,,,P
117290-164522,P,Wikelman,Wikelman Gonzalez,Gonzalez,0,2,5500,TEX@CWS,CWS,TEX,,,,,,P
117290-84651,P,Austin,Austin Davis,Davis,2.5714285714285716,7,5500,SD@ATL,SD,ATL,,,,,,P
117290-164521,P,Brandon,Brandon Walter,Walter,30,1,5500,SEA@HOU,HOU,SEA,,,,,,P
117290-164530,P,Caleb,Caleb Kilian,Kilian,19,2,5500,CHC@CIN,CHC,CIN,IL,Undisclosed,,,,P
117290-53953,P,Keone,Keone Kela,Kela,,0,5500,TEX@CWS,CWS,TEX,,,,,,P
117290-82628,P,Adonis,Adonis Medina,Medina,,0,5500,SEA@HOU,SEA,HOU,,,,,,P
117290-119494,P,Andrew,Andrew Dalquist,Dalquist,,0,5500,TEX@CWS,CWS,TEX,,,,,,P
117290-119496,P,Matt,Matt Thompson,Thompson,,0,5500,CHC@CIN,CHC,CIN,,,,,,P
117290-82653,P,Ryan,Ryan Borucki,Borucki,4.6,21,5500,MIL@PIT,PIT,MIL,,,,,,P
117290-82656,P,Nate,Nate Pearson,Pearson,1.375,8,5500,CHC@CIN,CHC,CIN,,,,,,P
117290-187105,P,Joe,Joe La Sorsa,La Sorsa,4.25,16,5500,CHC@CIN,CIN,CHC,,,,,,P
117290-53990,P,Shawn,Shawn Armstrong,Armstrong,5.444444444444445,19,5500,TEX@CWS,TEX,CWS,,,,,,P
117290-187121,P,Grant,Grant Anderson,Anderson,6.363636363636363,22,5500,MIL@PIT,MIL,PIT,,,,,,P
117290-154368,P,Vinny,Vinny Nittoli,Nittoli,6,9,5500,MIL@PIT,MIL,PIT,,,,,,P
117290-199461,P,Luis,Luis Contreras,Contreras,4.285714285714286,7,5500,SEA@HOU,HOU,SEA,,,,,,P
117290-199460,P,Jordan,Jordan Leasure,Leasure,5,22,5500,TEX@CWS,CWS,TEX,,,,,,P
117290-135976,P,Bennett,Bennett Sousa,Sousa,7.538461538461538,13,5500,SEA@HOU,HOU,SEA,,,,,,P
117290-199465,P,Juan,Juan Sanchez,Sanchez,,0,5500,SF@WSH,SF,WSH,,,,,,P
117290-70482,P,J.B.,J.B. Wendelken,Wendelken,,0,5500,SD@ATL,SD,ATL,,,,,,P
117290-213851,P,Domingo,Domingo Gonzalez,Gonzalez,,0,5500,SD@ATL,ATL,SD,,,,,,P
117290-183131,P,Ryder,Ryder Ryan,Ryan,5.714285714285714,15,5500,MIL@PIT,PIT,MIL,,,,,,P
117290-68466,P,Steven,Steven Okert,Okert,7.15,20,5500,SEA@HOU,HOU,SEA,,,,,,P
117290-68469,P,Adam,Adam Plutko,Plutko,,0,5500,CHC@CIN,CIN,CHC,,,,,,P
117290-203642,P,Raymond,Raymond Burgos,Burgos,3,1,5500,SF@WSH,SF,WSH,,,,,,P
117290-68474,P,Josh,Josh Hader,Hader,7.35,20,5500,SEA@HOU,HOU,SEA,,,,,,P
117290-68476,P,Taylor,Taylor Rogers,Rogers,5,22,5500,CHC@CIN,CIN,CHC,,,,,,P
117290-170895,P,Jake,Jake Bird,Bird,9.285714285714286,21,5500,NYY@COL,COL,NYY,,,,,,P
117290-80791,P,Alan,Alan Busenitz,Busenitz,1,3,5500,CHC@CIN,CIN,CHC,,,,,,P
117290-80801,P,Hoby,Hoby Milner,Milner,5.35,20,5500,TEX@CWS,TEX,CWS,,,,,,P
117290-68515,P,Sam,Sam Moll,Moll,-1,3,5500,CHC@CIN,CIN,CHC,,,,,,P
117290-39843,P,Burch,Burch Smith,Smith,4.76,50,5500,MIL@PIT,PIT,MIL,IL,Undisclosed,,,,P
117290-68520,P,Michael,Michael Fulmer,Fulmer,5,1,5500,CHC@CIN,CHC,CIN,,,,,,P
117290-52148,P,Pierce,Pierce Johnson,Johnson,5.1,20,5500,SD@ATL,ATL,SD,,,,,,P
117290-179129,P,Jeremiah,Jeremiah Estrada,Estrada,6.25,24,5500,SD@ATL,SD,ATL,,,,,,P
117290-68561,P,Luke,Luke Weaver,Weaver,6.666666666666667,21,5500,NYY@COL,NYY,COL,,,,,,P
117290-189393,P,Daniel,Daniel Palencia,Palencia,5.733333333333333,15,5500,CHC@CIN,CHC,CIN,,,,,,P
117290-52192,P,Luke,Luke Jackson,Jackson,3.2941176470588234,19,5500,TEX@CWS,TEX,CWS,,,,,,P
117290-187367,P,Nick,Nick Robertson,Robertson,7.111111111111111,9,5500,SEA@HOU,HOU,SEA,,,,,,P
117290-213995,P,Luis,Luis Curvelo,Curvelo,,0,5500,TEX@CWS,TEX,CWS,,,,,,P
117290-68584,P,Tyler,Tyler Jay,Jay,5.8,5,5500,MIL@PIT,MIL,PIT,,,,,,P
117290-82922,P,Tyler,Tyler Kinley,Kinley,3.5714285714285716,21,5500,NYY@COL,COL,NYY,,,,,,P
117290-82924,P,Tim,Tim Hill,Hill,4.454545454545454,23,5500,NYY@COL,NYY,COL,,,,,,P
117290-70649,P,Adrian,Adrian Sampson,Sampson,0,1,5500,SF@WSH,WSH,SF,,,,,,P
117290-13312,P,Ryan,Ryan Brasier,Brasier,3,1,5500,CHC@CIN,CHC,CIN,,,,,,P
117290-82974,P,Tanner,Tanner Rainey,Rainey,2.857142857142857,8,5500,MIL@PIT,PIT,MIL,,,,,,P
117290-82986,P,Colten,Colten Brewer,Brewer,5.5625,16,5500,NYY@COL,NYY,COL,,,,,,P
117290-82999,P,Scott,Scott Barlow,Barlow,4.208333333333333,24,5500,CHC@CIN,CIN,CHC,,,,,,P
117290-154688,P,Jake,Jake Cousins,Cousins,6.4186046511627906,43,5500,NYY@COL,NYY,COL,IL,Forearm,,,,P
117290-11333,P,Craig,Craig Kimbrel,Kimbrel,5.803571428571429,57,5500,SD@ATL,ATL,SD,,,,,,P
117290-179275,P,Fernando,Fernando Cruz,Cruz,7.666666666666667,21,5500,NYY@COL,NYY,COL,IL,Shoulder,,,,P
117290-209997,P,Jack,Jack Neely,Neely,3.5,6,5500,CHC@CIN,CHC,CIN,,,,,,P
117290-189528,P,Robert,Robert Garcia,Garcia,4.32,25,5500,TEX@CWS,TEX,CWS,,,,,,P
117290-189529,P,Alek,Alek Jacob,Jacob,3.6666666666666665,21,5500,SD@ATL,SD,ATL,,,,,,P
117290-195681,P,Jose,Jose Espada,Espada,,0,5500,SD@ATL,SD,ATL,,,,,,P
117290-226411,P,David,David Morgan,Morgan,,0,5500,SD@ATL,SD,ATL,,,,,,P
117290-83054,P,Justin,Justin Anderson,Anderson,4.796296296296297,56,5500,TEX@CWS,CWS,TEX,,,,,,P
117290-85108,P,Enyel,Enyel De Los Santos,De Los Santos,5.65,20,5500,SD@ATL,ATL,SD,,,,,,P
117290-13438,P,Drew,Drew Pomeranz,Pomeranz,6.333333333333333,12,5500,CHC@CIN,CHC,CIN,,,,,,P
117290-54403,P,Trevor,Trevor Gott,Gott,0,1,5500,SEA@HOU,SEA,HOU,,,,,,P
117290-83097,P,D.J.,D.J. Snelten,Snelten,,0,5500,TEX@CWS,CWS,TEX,IL,Undisclosed,,,,P
117290-38041,P,Ryan,Ryan Pressly,Pressly,3.3684210526315788,20,5500,CHC@CIN,CHC,CIN,,,,,,P
117290-38043,P,Enny,Enny Romero,Romero,,0,5500,SF@WSH,SF,WSH,,,,,,P
117290-152734,P,Zach,Zach Thompson,Thompson,10,2,5500,SD@ATL,ATL,SD,,,,,,P
117290-154794,P,Joe,Joe Barlow,Barlow,,0,5500,TEX@CWS,TEX,CWS,,,,,,P
117290-160939,P,Jacob,Jacob Latz,Latz,7.428571428571429,8,5500,TEX@CWS,TEX,CWS,,,,,,P
117290-83116,P,Wander,Wander Suero,Suero,0,1,5500,SD@ATL,ATL,SD,,,,,,P
117290-160965,P,Elvis,Elvis Peguero,Peguero,4.166666666666667,6,5500,MIL@PIT,MIL,PIT,,,,,,P
117290-21707,P,Michael,Michael Mariot,Mariot,,0,5500,SEA@HOU,SEA,HOU,,,,,,P
117290-66765,P,Jorge,Jorge Lopez,Lopez,4.434782608695652,24,5500,SF@WSH,WSH,SF,,,,,,P
117290-83149,P,Jesus,Jesus Liranzo,Liranzo,,0,5500,MIL@PIT,MIL,PIT,,,,,,P
117290-83154,P,Miguel,Miguel Del Pozo,Del Pozo,,0,5500,SF@WSH,SF,WSH,,,,,,P
117290-83159,P,Diego,Diego Castillo,Castillo,5.571428571428571,7,5500,NYY@COL,COL,NYY,,,,,,P
117290-79067,P,Alex,Alex Young,Young,4.529411764705882,17,5500,CHC@CIN,CIN,CHC,IL,Elbow,,,,P
117290-83163,P,Jonathan,Jonathan Loaisiga,Loaisiga,4.666666666666667,3,5500,NYY@COL,NYY,COL,,,,,,P
117290-83170,P,Thomas,Thomas Pannone,Pannone,,0,5500,MIL@PIT,MIL,PIT,IL,Forearm,,,,P
117290-83184,P,Julian,Julian Merryweather,Merryweather,3.0952380952380953,21,5500,CHC@CIN,CHC,CIN,,,,,,P
117290-197873,P,Zach,Zach Brzykcy,Brzykcy,1.5714285714285714,7,5500,SF@WSH,WSH,SF,,,,,,P
117290-197879,P,Juan,Juan Mejia,Mejia,6.833333333333333,6,5500,NYY@COL,COL,NYY,,,,,,P
117290-146679,P,Chris,Chris McMahon,McMahon,,0,5500,NYY@COL,COL,NYY,IL,Undisclosed,,,,P
117290-79095,P,Jay,Jay Groome,Groome,0,1,5500,SD@ATL,SD,ATL,NA,Suspension,,,,P
117290-79097,P,Bryan,Bryan Hudson,Hudson,4.583333333333333,12,5500,MIL@PIT,MIL,PIT,,,,,,P
117290-197880,P,Angel,Angel Chivilli,Chivilli,5.368421052631579,19,5500,NYY@COL,COL,NYY,,,,,,P
117290-197887,P,Porter,Porter Hodge,Hodge,4.476190476190476,21,5500,CHC@CIN,CHC,CIN,IL,Oblique,,,,P
117290-146684,P,Jared,Jared Kelley,Kelley,,0,5500,TEX@CWS,CWS,TEX,,,,,,P
117290-197891,P,Michael,Michael Arias,Arias,0,2,5500,NYY@COL,NYY,COL,IL,Undisclosed,,,,P
117290-197890,P,Marc,Marc Church,Church,4.6,5,5500,TEX@CWS,TEX,CWS,IL,Oblique,,,,P
117290-146688,P,Alex,Alex Santos II,Santos II,,0,5500,SEA@HOU,HOU,SEA,,,,,,P
117290-21764,P,Caleb,Caleb Thielbar,Thielbar,4.6,20,5500,CHC@CIN,CHC,CIN,,,,,,P
117290-197893,P,Jose,Jose Corniell,Corniell,0,1,5500,TEX@CWS,TEX,CWS,IL,Elbow,,,,P
117290-197899,P,Kai-Wei,Kai-Wei Teng,Teng,4.5,5,5500,SF@WSH,SF,WSH,,,,,,P
117290-72971,P,Ben,Ben Heller,Heller,4.5,8,5500,CHC@CIN,CHC,CIN,IL,Undisclosed,,,,P
117290-197897,P,Trevor,Trevor McDonald,McDonald,12,1,5500,SF@WSH,SF,WSH,,,,,,P
117290-197896,P,Will,Will Klein,Klein,2.75,8,5500,SEA@HOU,SEA,HOU,,,,,,P
117290-197906,P,Royber,Royber Salinas,Salinas,0,1,5500,SD@ATL,ATL,SD,IL,Shoulder,,,,P
117290-79124,P,Joe,Joe Jimenez,Jimenez,5.855072463768116,70,5500,SD@ATL,ATL,SD,IL,Knee,,,,P
117290-197919,P,Jairo,Jairo Iriarte,Iriarte,5.5,6,5500,TEX@CWS,CWS,TEX,,,,,,P
117290-79135,P,Beau,Beau Burrows,Burrows,,0,5500,MIL@PIT,PIT,MIL,,,,,,P
117290-179490,P,Cole,Cole Waites,Waites,,0,5500,SF@WSH,SF,WSH,IL,Undisclosed,,,,P
117290-83232,P,Jason,Jason Adam,Adam,7.333333333333333,24,5500,SD@ATL,SD,ATL,,,,,,P
117290-146723,P,Eddy,Eddy Yean,Yean,,0,5500,MIL@PIT,PIT,MIL,,,,,,P
117290-146721,P,Jeff,Jeff Criswell,Criswell,9.846153846153847,13,5500,NYY@COL,COL,NYY,IL,Elbow,,,,P
117290-146727,P,Justin,Justin Lange,Lange,,0,5500,NYY@COL,NYY,COL,IL,Shoulder,,,,P
117290-85286,P,Ian,Ian Gibaut,Gibaut,2.9285714285714284,14,5500,CHC@CIN,CIN,CHC,,,,,,P
117290-79144,P,Scott,Scott Blewett,Blewett,10.454545454545455,11,5500,SD@ATL,ATL,SD,,,,,,P
117290-79148,P,A.J.,A.J. Puckett,Puckett,,0,5500,CHC@CIN,CHC,CIN,,,,,,P
117290-146732,P,Nick,Nick Swiney,Swiney,,0,5500,SEA@HOU,HOU,SEA,,,,,,P
117290-79150,P,Josh,Josh Staumont,Staumont,4.12,25,5500,CHC@CIN,CIN,CHC,IL,Undisclosed,,,,P
117290-146737,P,Cole,Cole Henry,Henry,6.066666666666666,15,5500,SF@WSH,WSH,SF,,,,,,P
117290-193844,P,Evan,Evan Justice,Justice,4,1,5500,NYY@COL,COL,NYY,,,,,,P
117290-154947,P,Justin,Justin Garza,Garza,,0,5500,SF@WSH,SF,WSH,,,,,,P
117290-79171,P,Phil,Phil Bickford,Bickford,2.375,8,5500,CHC@CIN,CHC,CIN,,,,,,P
117290-181583,P,Prelander,Prelander Berroa,Berroa,7.0588235294117645,17,5500,TEX@CWS,CWS,TEX,IL,Elbow,,,,P
117290-79185,P,Justin,Justin Dunn,Dunn,,0,5500,TEX@CWS,CWS,TEX,,,,,,P
117290-226643,P,AJ,AJ Blubaugh,Blubaugh,24,1,5500,SEA@HOU,HOU,SEA,,,,,,P
117290-79196,P,Albert,Albert Abreu,Abreu,,0,5500,CHC@CIN,CIN,CHC,,,,,,P
117290-38240,P,Rafael,Rafael Montero,Montero,4.5,18,5500,SD@ATL,ATL,SD,,,,,,P
117290-222565,P,Shinnosuke,Shinnosuke Ogasawara,Ogasawara,,0,5500,SF@WSH,WSH,SF,IL,Oblique,,,,P
117290-79227,P,Adrian,Adrian Morejon,Morejon,4.478260869565218,23,5500,SD@ATL,SD,ATL,,,,,,P
117290-202139,P,Jack,Jack O'Loughlin,O'Loughlin,8,4,5500,NYY@COL,COL,NYY,,,,,,P
117290-38303,P,Andrew,Andrew Chafin,Chafin,5.333333333333333,10,5500,SF@WSH,WSH,SF,,,,,,P
117290-181664,P,Sean,Sean Reynolds,Reynolds,6.6,5,5500,SD@ATL,SD,ATL,,,,,,P
117290-101801,P,Joel,Joel Payamps,Payamps,2.260869565217391,23,5500,MIL@PIT,MIL,PIT,,,,,,P
117290-118184,P,Enoli,Enoli Paredes,Paredes,5.944444444444445,18,5500,SD@ATL,ATL,SD,,,,,,P
117290-101803,P,Jacob,Jacob Webb,Webb,5,20,5500,TEX@CWS,TEX,CWS,,,,,,P
117290-101802,P,Patrick,Patrick Weigel,Weigel,,0,5500,SF@WSH,WSH,SF,,,,,,P
117290-118191,P,Antonio,Antonio Santos,Santos,,0,5500,CHC@CIN,CHC,CIN,,,,,,P
117290-118195,P,Tejay,Tejay Antone,Antone,4.5,6,5500,CHC@CIN,CIN,CHC,IL,Elbow,,,,P
117290-101812,P,Justin,Justin Lawrence,Lawrence,7.454545454545454,11,5500,MIL@PIT,PIT,MIL,IL,Elbow,,,,P
117290-101815,P,Jimmy,Jimmy Herget,Herget,4.9411764705882355,17,5500,NYY@COL,COL,NYY,,,,,,P
117290-101816,P,Bryan,Bryan Abreu,Abreu,6.217391304347826,23,5500,SEA@HOU,HOU,SEA,,,,,,P
117290-101819,P,Jose,Jose Suarez,Suarez,12.333333333333334,3,5500,SD@ATL,ATL,SD,,,,,,P
117290-202175,P,Gerson,Gerson Garabito,Garabito,8,3,5500,TEX@CWS,TEX,CWS,,,,,,P
117290-136639,P,Burl,Burl Carraway,Carraway,,0,5500,CHC@CIN,CHC,CIN,,,,,,P
117290-101822,P,Josh,Josh Sborz,Sborz,5.6875,17,5500,TEX@CWS,TEX,CWS,IL,Shoulder,,,,P
117290-118208,P,Brooks,Brooks Kriske,Kriske,,0,5500,CHC@CIN,CHC,CIN,,,,,,P
117290-101829,P,Trey,Trey Supak,Supak,,0,5500,TEX@CWS,TEX,CWS,,,,,,P
117290-118216,P,Tyson,Tyson Miller,Miller,5.689655172413793,58,5500,CHC@CIN,CHC,CIN,IL,Hip,,,,P
117290-200143,P,Josh,Josh Maciejewski,Maciejewski,9,4,5500,MIL@PIT,MIL,PIT,,,,,,P
117290-101849,P,Wei-Chieh,Wei-Chieh Huang,Huang,,0,5500,MIL@PIT,PIT,MIL,,,,,,P
117290-101855,P,Trent,Trent Thornton,Thornton,3.4375,16,5500,SEA@HOU,SEA,HOU,IL,Abdomen,,,,P
117290-101856,P,Patrick,Patrick Murphy,Murphy,,0,5500,TEX@CWS,TEX,CWS,IL,Undisclosed,,,,P
117290-95737,P,Ian,Ian Hamilton,Hamilton,5.714285714285714,14,5500,NYY@COL,NYY,COL,,,,,,P
117290-161273,P,Scott,Scott Effross,Effross,3.3333333333333335,3,5500,NYY@COL,NYY,COL,,,,,,P
117290-52733,P,Scott,Scott Alexander,Alexander,2.1052631578947367,19,5500,NYY@COL,COL,NYY,,,,,,P
117290-226819,P,Caleb,Caleb Freeman,Freeman,1.75,4,5500,TEX@CWS,CWS,TEX,,,,,,P
117290-138764,P,Brandon,Brandon Leibrandt,Leibrandt,6.5,2,5500,NYY@COL,NYY,COL,,,,,,P
117290-101905,P,Sam,Sam McWilliams,McWilliams,,0,5500,MIL@PIT,MIL,PIT,,,,,,P
117290-210448,P,Luis,Luis Peralta,Peralta,2.7777777777777777,9,5500,NYY@COL,COL,NYY,,,,,,P
117290-181791,P,Connor,Connor Thomas,Thomas,-2.5,2,5500,MIL@PIT,MIL,PIT,IL,Elbow,,,,P
117290-5673,P,Jesse,Jesse Chavez,Chavez,6,2,5500,SD@ATL,ATL,SD,,,,,,P
117290-181801,P,Jose A.,Jose A. Ferrer,Ferrer,4.076923076923077,26,5500,SF@WSH,WSH,SF,,,,,,P
117290-181815,P,Brent,Brent Headrick,Headrick,9.8,5,5500,NYY@COL,NYY,COL,,,,,,P
117290-181816,P,Casey,Casey Legumina,Legumina,6.823529411764706,17,5500,SEA@HOU,SEA,HOU,,,,,,P
117290-222783,P,Grant,Grant Taylor,Taylor,,0,5500,TEX@CWS,CWS,TEX,,,,,,P
117290-222782,P,Chase,Chase Burns,Burns,,0,5500,CHC@CIN,CIN,CHC,,,,,,P
117290-181826,P,Colby,Colby White,White,0,1,5500,NYY@COL,NYY,COL,,,,,,P
117290-222784,P,Hagen,Hagen Smith,Smith,,0,5500,TEX@CWS,CWS,TEX,O,Elbow,,,,P
117290-185926,P,Ryan,Ryan Walker,Walker,3.9,20,5500,SF@WSH,SF,WSH,,,,,,P
117290-181831,P,Yosver,Yosver Zulueta,Zulueta,3.5,2,5500,CHC@CIN,CIN,CHC,,,,,,P
117290-181828,P,Kolton,Kolton Ingram,Ingram,,0,5500,SD@ATL,ATL,SD,,,,,,P
117290-181838,P,Abner,Abner Uribe,Uribe,6.76,25,5500,MIL@PIT,MIL,PIT,,,,,,P
117290-73301,P,Brent,Brent Suter,Suter,6.588235294117647,17,5500,CHC@CIN,CIN,CHC,,,,,,P
117290-222807,P,Alejandro,Alejandro Rosario,Rosario,,0,5500,TEX@CWS,TEX,CWS,IL,Elbow,,,,P
117290-181848,P,Tom,Tom Cosgrove,Cosgrove,9,2,5500,CHC@CIN,CHC,CIN,,,,,,P
117290-81507,P,Aaron,Aaron Bummer,Bummer,5.833333333333333,18,5500,SD@ATL,ATL,SD,,,,,,P
117290-169574,P,Penn,Penn Murfee,Murfee,3.142857142857143,15,5500,TEX@CWS,CWS,TEX,,,,,,P
117290-118381,P,Kyle,Kyle Finnegan,Finnegan,4.842105263157895,19,5500,SF@WSH,WSH,SF,,,,,,P
117290-222830,P,Travis,Travis Sykora,Sykora,,0,5500,SF@WSH,WSH,SF,,,,,,P
117290-222833,P,Jarlin,Jarlin Susana,Susana,,0,5500,SF@WSH,WSH,SF,IL,Elbow,,,,P
117290-222832,P,Alex,Alex Clemmey,Clemmey,,0,5500,SF@WSH,WSH,SF,,,,,,P
117290-222843,P,Jurrangelo,Jurrangelo Cijntje,Cijntje,,0,5500,SEA@HOU,SEA,HOU,,,,,,P
117290-118394,P,Yohan,Yohan Ramirez,Ramirez,4.783783783783784,38,5500,MIL@PIT,PIT,MIL,,,,,,P
117290-118397,P,Trevor,Trevor Megill,Megill,4.7894736842105265,20,5500,MIL@PIT,MIL,PIT,,,,,,P
117290-52871,P,Derek,Derek Law,Law,6.16,75,5500,SF@WSH,WSH,SF,IL,Forearm,,,,P
117290-165509,P,Bryce,Bryce Bonnin,Bonnin,,0,5500,TEX@CWS,TEX,CWS,,,,,,P
117290-222859,P,Cam,Cam Caminiti,Caminiti,,0,5500,SD@ATL,ATL,SD,,,,,,P
117290-73362,P,Rob,Rob Zastryzny,Zastryzny,7.75,4,5500,MIL@PIT,MIL,PIT,,,,,,P
117290-165531,P,Sam,Sam Weatherly,Weatherly,,0,5500,NYY@COL,COL,NYY,,,,,,P
117290-165529,P,Jaden,Jaden Hill,Hill,6.666666666666667,3,5500,NYY@COL,COL,NYY,,,,,,P
117290-165545,P,Tanner,Tanner McDougal,McDougal,,0,5500,TEX@CWS,CWS,TEX,,,,,,P
117290-14006,P,Brian,Brian Moran,Moran,,0,5500,SD@ATL,ATL,SD,,,,,,P
117290-114360,P,Devin,Devin Williams,Williams,4.8,21,5500,NYY@COL,NYY,COL,,,,,,P
117290-165570,P,Ben,Ben Hernandez,Hernandez,,0,5500,SEA@HOU,SEA,HOU,,,,,,P
117290-38596,P,Chris,Chris Martin,Martin,5.8,22,5500,TEX@CWS,TEX,CWS,IL,Shoulder,,,,P
117290-81615,P,Tim,Tim Mayza,Mayza,6.142857142857143,7,5500,MIL@PIT,PIT,MIL,IL,Shoulder,,,,P
117290-165586,P,Mason,Mason Albright,Albright,,0,5500,NYY@COL,COL,NYY,,,,,,P
117290-198354,P,Anthony,Anthony Molina,Molina,6,1,5500,NYY@COL,COL,NYY,,,,,,P
117290-222930,P,Logan,Logan VanWey,VanWey,3.2857142857142856,7,5500,SEA@HOU,HOU,SEA,,,,,,P
117290-179924,P,Gavin,Gavin Hollowell,Hollowell,6.2,5,5500,CHC@CIN,CHC,CIN,,,,,,P
117290-198361,P,Carson,Carson Coleman,Coleman,0,1,5500,NYY@COL,NYY,COL,IL,Undisclosed,,,,P
117290-14049,P,Bryan,Bryan Shaw,Shaw,2.4,5,5500,SEA@HOU,SEA,HOU,,,,,,P
117290-141024,P,Bruce,Bruce Zimmermann,Zimmermann,0,1,5500,MIL@PIT,MIL,PIT,,,,,,P
117290-165621,P,Russell,Russell Smith,Smith,,0,5500,MIL@PIT,MIL,PIT,IL,Undisclosed,,,,P
117290-165635,P,Brendan,Brendan Beck,Beck,,0,5500,NYY@COL,NYY,COL,,,,,,P
117290-165637,P,Brock,Brock Selvidge,Selvidge,,0,5500,NYY@COL,NYY,COL,IL,Biceps,,,,P
117290-161545,P,Kaleb,Kaleb Ort,Ort,5,12,5500,SEA@HOU,HOU,SEA,,,,,,P
117290-194323,P,Hunter,Hunter Stratton,Stratton,-3.5,2,5500,MIL@PIT,PIT,MIL,,,,,,P
117290-165653,P,Cristian,Cristian Hernandez,Hernandez,,0,5500,NYY@COL,NYY,COL,,,,,,P
117290-165657,P,Anthony,Anthony Solometo,Solometo,,0,5500,MIL@PIT,PIT,MIL,IL,Shoulder,,,,P
117290-165671,P,Victor,Victor Lizarraga,Lizarraga,,0,5500,SD@ATL,SD,ATL,,,,,,P
117290-182062,P,Gus,Gus Varland,Varland,5.230769230769231,26,5500,TEX@CWS,CWS,TEX,,,,,,P
117290-165682,P,Michael,Michael Morales,Morales,,0,5500,SEA@HOU,SEA,HOU,,,,,,P
117290-182064,P,Chris,Chris Clarke,Clarke,,0,5500,CHC@CIN,CHC,CIN,,,,,,P
117290-53043,P,Jesse,Jesse Hahn,Hahn,5,3,5500,SEA@HOU,SEA,HOU,,,,,,P
117290-182065,P,Zach,Zach Greene,Greene,,0,5500,NYY@COL,NYY,COL,,,,,,P
117290-165687,P,Will,Will Bednar,Bednar,,0,5500,SF@WSH,SF,WSH,,,,,,P
117290-165684,P,Matt,Matt Mikulski,Mikulski,,0,5500,SF@WSH,SF,WSH,,,,,,P
117290-165691,P,Manuel,Manuel Mercedes,Mercedes,,0,5500,SF@WSH,SF,WSH,,,,,,P
117290-163641,P,Ray,Ray Kerr,Kerr,11.2,10,5500,SD@ATL,ATL,SD,IL,Elbow,,,,P
117290-163654,P,Alexis,Alexis Diaz,Diaz,0.5,6,5500,CHC@CIN,CIN,CHC,,,,,,P
117290-116548,P,Tyler,Tyler Rogers,Rogers,5.130434782608695,23,5500,SF@WSH,SF,WSH,,,,,,P
117290-163658,P,Randy,Randy Rodriguez,Rodriguez,8.095238095238095,21,5500,SF@WSH,SF,WSH,,,,,,P
117290-163660,P,Steven,Steven Wilson,Wilson,5.1875,16,5500,TEX@CWS,CWS,TEX,,,,,,P
117290-163664,P,Tommy,Tommy Romero,Romero,0,2,5500,CHC@CIN,CHC,CIN,,,,,,P
117290-163673,P,Jorge,Jorge Juan,Juan,,0,5500,SD@ATL,ATL,SD,,,,,,P
117290-163682,P,Ethan,Ethan Roberts,Roberts,3.7777777777777777,9,5500,CHC@CIN,CHC,CIN,,,,,,P
117290-163687,P,Ron,Ron Marinaccio,Marinaccio,7.5625,16,5500,SD@ATL,SD,ATL,,,,,,P
117290-163688,P,Collin,Collin Snider,Snider,5.6,20,5500,SEA@HOU,SEA,HOU,,,,,,P
117290-163697,P,Hagen,Hagen Danner,Danner,0,1,5500,SEA@HOU,SEA,HOU,,,,,,P
117290-163702,P,Logan,Logan Gillaspie,Gillaspie,9,3,5500,SD@ATL,SD,ATL,IL,Oblique,,,,P
117290-161675,P,Jonathan,Jonathan Heasley,Heasley,-0.5,5,5500,TEX@CWS,CWS,TEX,,,,,,P
117290-190370,P,Jackson,Jackson Wolf,Wolf,0,1,5500,SD@ATL,SD,ATL,,,,,,P
117290-102314,P,Lenny,Lenny Torres,Torres,,0,5500,CHC@CIN,CIN,CHC,,,,,,P
117290-102318,P,Ryan,Ryan Rolison,Rolison,1.75,4,5500,NYY@COL,COL,NYY,,,,,,P
117290-102324,P,Konnor,Konnor Pilkington,Pilkington,0,2,5500,SF@WSH,WSH,SF,,,,,,P
117290-102332,P,Jackson,Jackson Kowar,Kowar,0,1,5500,SEA@HOU,SEA,HOU,IL,Elbow,,,,P
117290-163782,P,Robert,Robert Suarez,Suarez,5.045454545454546,22,5500,SD@ATL,SD,ATL,,,,,,P
117290-198619,P,Yuki,Yuki Matsui,Matsui,5.473684210526316,20,5500,SD@ATL,SD,ATL,,,,,,P
117290-198618,P,Coleman,Coleman Crow,Crow,,0,5500,MIL@PIT,MIL,PIT,,,,,,P
117290-102387,P,Braxton,Braxton Ashcraft,Ashcraft,0,1,5500,MIL@PIT,PIT,MIL,,,,,,P
117290-102386,P,Steven,Steven Jennings,Jennings,,0,5500,TEX@CWS,TEX,CWS,,,,,,P
117290-210936,P,Evan,Evan Kravetz,Kravetz,2,1,5500,CHC@CIN,CIN,CHC,,,,,,P
117290-60643,OF,Aaron,Aaron Judge,Judge,17.31800048828125,50,5300,NYY@COL,NYY,COL,,,,,,OF/UTIL
117290-79125,OF,Kyle,Kyle Tucker,Tucker,15.045097799862132,51,4400,CHC@CIN,CHC,CIN,,,,,,OF/UTIL
117290-79159,OF/1B,Cody,Cody Bellinger,Bellinger,11.037778049045139,45,4000,NYY@COL,NYY,COL,,,,,,C/1B/OF/UTIL
117290-79393,OF,Fernando,Fernando Tatis Jr.,Tatis Jr.,12.935417175292969,48,4000,SD@ATL,SD,ATL,,,,,,OF/UTIL
117290-165661,OF,James,James Wood,Wood,12.978431851256127,51,3900,SF@WSH,WSH,SF,,,,,,OF/UTIL
117290-102554,C,Cal,Cal Raleigh,Raleigh,13.55199951171875,50,3800,SEA@HOU,SEA,HOU,,,,,,C/1B/UTIL
117290-82527,2B,Jazz,Jazz Chisholm Jr.,Chisholm Jr.,11.196666463216145,30,3800,NYY@COL,NYY,COL,IL,Oblique,,,,2B/UTIL
117290-12968,1B,Paul,Paul Goldschmidt,Goldschmidt,10.64800048828125,50,3800,NYY@COL,NYY,COL,,,,,,C/1B/UTIL
117290-167012,OF,Seiya,Seiya Suzuki,Suzuki,13.382978723404255,47,3800,CHC@CIN,CHC,CIN,,,,,,OF/UTIL
117290-203111,C/1B,Ben,Ben Rice,Rice,10.80454531582919,44,3700,NYY@COL,NYY,COL,,,,,,C/1B/UTIL
117290-146704,OF,Pete,Pete Crow-Armstrong,Crow-Armstrong,14.833333333333334,51,3700,CHC@CIN,CHC,CIN,,,,,,OF/UTIL
117290-79175,OF,Trent,Trent Grisham,Grisham,10.279069767441861,43,3700,NYY@COL,NYY,COL,,,,,,OF/UTIL
117290-165513,SS,Elly,Elly De La Cruz,De La Cruz,12.040384145883413,52,3700,CHC@CIN,CIN,CHC,,,,,,SS/UTIL
117290-165666,OF,Jackson,Jackson Merrill,Merrill,11.862500508626303,24,3700,SD@ATL,SD,ATL,,,,,,OF/UTIL
117290-79756,OF,Ronald,Ronald Acuna Jr.,Acuna Jr.,21.700000762939453,1,3700,SD@ATL,ATL,SD,,,,,,OF/UTIL
117290-102389,SS/OF,Oneil,Oneil Cruz,Cruz,13.256817904385654,44,3700,MIL@PIT,PIT,MIL,,,,,,SS/OF/UTIL
117290-119410,SS,CJ,CJ Abrams,Abrams,13.097368742290296,38,3600,SF@WSH,WSH,SF,,,,,,SS/UTIL
117290-12302,OF,Giancarlo,Giancarlo Stanton,Stanton,10.454263376635174,129,3500,NYY@COL,NYY,COL,IL,Elbow,,,,OF/UTIL
117290-119395,OF,Jasson,Jasson Dominguez,Dominguez,10.380952380952381,42,3500,NYY@COL,NYY,COL,,,,,,OF/UTIL
117290-119396,SS,Anthony,Anthony Volpe,Volpe,10.404081383529974,49,3500,NYY@COL,NYY,COL,,,,,,SS/UTIL
117290-17086,OF,Marcell,Marcell Ozuna,Ozuna,11.080850804105719,47,3500,SD@ATL,ATL,SD,,,,,,OF/UTIL
117290-82642,OF,Heliot,Heliot Ramos,Ramos,11.255999755859374,50,3500,SF@WSH,SF,WSH,,,,,,OF/UTIL
117290-198526,OF,Wyatt,Wyatt Langford,Langford,11.409524100167411,42,3500,TEX@CWS,TEX,CWS,,,,,,OF/UTIL
117290-198880,OF,Jordan,Jordan Beck,Beck,10.671428862072172,42,3400,NYY@COL,COL,NYY,,,,,,OF/UTIL
117290-146716,C,Austin,Austin Wells,Wells,8.98181845925071,44,3400,NYY@COL,NYY,COL,,,,,,C/1B/UTIL
117290-38412,SS,Corey,Corey Seager,Seager,10.26923076923077,26,3400,TEX@CWS,TEX,CWS,IL,Hamstring,,,,SS/UTIL
117290-102400,OF,Julio,Julio Rodriguez,Rodriguez,11.267346440529337,49,3300,SEA@HOU,SEA,HOU,,,,,,OF/UTIL
117290-81953,OF,Austin,Austin Hays,Hays,13.003846388596754,26,3300,CHC@CIN,CIN,CHC,,,,,,OF/UTIL
117290-73871,C,Carson,Carson Kelly,Kelly,12.706451416015625,31,3300,CHC@CIN,CHC,CIN,,,,,,C/1B/UTIL
117290-52175,1B,Matt,Matt Olson,Olson,10.895999755859375,50,3300,SD@ATL,ATL,SD,,,,,,C/1B/UTIL
117290-79092,OF,Ian,Ian Happ,Happ,10.747618902297248,42,3300,CHC@CIN,CHC,CIN,,,,,,OF/UTIL
117290-146682,OF,Brenton,Brenton Doyle,Doyle,8.162790697674419,43,3300,NYY@COL,COL,NYY,,,,,,OF/UTIL
117290-21874,2B/3B,Jorge,Jorge Polanco,Polanco,10.515000152587891,40,3300,SEA@HOU,SEA,HOU,,,,,,2B/3B/UTIL
117290-13929,3B,Manny,Manny Machado,Machado,10.883673220264669,49,3300,SD@ATL,SD,ATL,,,,,,3B/UTIL
117290-165527,OF/C/1B,Hunter,Hunter Goodman,Goodman,9.89,50,3300,NYY@COL,COL,NYY,,,,,,C/1B/OF/UTIL
117290-163674,SS,Ezequiel,Ezequiel Tovar,Tovar,9.526087221891984,23,3300,NYY@COL,COL,NYY,,,,,,SS/UTIL
117290-102555,3B,Noelvi,Noelvi Marte,Marte,12.394736842105264,19,3200,CHC@CIN,CIN,CHC,IL,Oblique,,,,3B/UTIL
117290-82575,OF,Yordan,Yordan Alvarez,Alvarez,8.324137720568427,29,3200,SEA@HOU,HOU,SEA,IL,Hand,,,,OF/UTIL
117290-82574,3B,Isaac,Isaac Paredes,Paredes,11.34199951171875,50,3200,SEA@HOU,HOU,SEA,,,,,,3B/UTIL
117290-68586,SS,Dansby,Dansby Swanson,Swanson,11.601961023667279,51,3200,CHC@CIN,CHC,CIN,,,,,,SS/UTIL
117290-21609,OF,Christian,Christian Yelich,Yelich,10.175999755859374,50,3200,MIL@PIT,MIL,PIT,,,,,,OF/UTIL
117290-79074,3B,Austin,Austin Riley,Riley,9.972000122070312,50,3200,SD@ATL,ATL,SD,,,,,,3B/UTIL
117290-85261,OF,Randy,Randy Arozarena,Arozarena,10.61875025431315,48,3200,SEA@HOU,SEA,HOU,,,,,,OF/UTIL
117290-118210,1B/2B,Jake,Jake Cronenworth,Cronenworth,9.415999755859374,25,3200,SD@ATL,SD,ATL,,,,,,C/1B/2B/UTIL
117290-14562,2B/OF,Jose,Jose Altuve,Altuve,8.473469636878189,49,3100,SEA@HOU,HOU,SEA,,,,,,2B/OF/UTIL
117290-119345,SS,Jeremy,Jeremy Pena,Pena,10.166666666666666,51,3100,SEA@HOU,HOU,SEA,,,,,,SS/UTIL
117290-82569,1B/OF,Gavin,Gavin Sheets,Sheets,9.467391304347826,46,3100,SD@ATL,SD,ATL,,,,,,C/1B/OF/UTIL
117290-119437,3B,Josh,Josh Jung,Jung,9.086046795512354,43,3100,TEX@CWS,TEX,CWS,,,,,,3B/UTIL
117290-13638,1B,Wilmer,Wilmer Flores,Flores,10.30199951171875,50,3100,SF@WSH,SF,WSH,,,,,,C/1B/UTIL
117290-198539,OF,Jung Hoo,Jung Hoo Lee,Lee,10.93800048828125,50,3100,SF@WSH,SF,WSH,,,,,,OF/UTIL
117290-102284,C,William,William Contreras,Contreras,10.245833079020182,48,3100,MIL@PIT,MIL,PIT,,,,,,C/1B/UTIL
117290-119337,1B/OF,Michael,Michael Toglia,Toglia,7.230611995774872,49,3000,NYY@COL,COL,NYY,,,,,,C/1B/OF/UTIL
117290-119352,1B,Michael,Michael Busch,Busch,10.127083460489908,48,3000,CHC@CIN,CHC,CIN,,,,,,C/1B/UTIL
117290-119372,OF/3B/1B,Miguel,Miguel Vargas,Vargas,8.625,48,3000,TEX@CWS,CWS,TEX,,,,,,C/1B/3B/OF/UTIL
117290-68544,3B,Matt,Matt Chapman,Chapman,10.43800048828125,50,3000,SF@WSH,SF,WSH,,,,,,3B/UTIL
117290-79119,OF,Will,Will Benson,Benson,14.324999491373697,12,3000,CHC@CIN,CIN,CHC,,,,,,OF/UTIL
117290-85279,C,Miguel,Miguel Amaya,Amaya,11.088461068960337,26,3000,CHC@CIN,CHC,CIN,,,,,,C/1B/UTIL
117290-85285,1B,Nathaniel,Nathaniel Lowe,Lowe,9.294117647058824,51,3000,SF@WSH,WSH,SF,,,,,,C/1B/UTIL
117290-101753,2B/SS/3B,Dylan,Dylan Moore,Moore,9.868421052631579,38,3000,SEA@HOU,SEA,HOU,,,,,,2B/3B/SS/UTIL
117290-79230,OF,Bryan,Bryan Reynolds,Reynolds,8.682000122070313,50,3000,MIL@PIT,PIT,MIL,,,,,,OF/UTIL
117290-165507,SS/2B,Matt,Matt McLain,McLain,9.513953630314317,43,3000,CHC@CIN,CIN,CHC,,,,,,2B/SS/UTIL
117290-165611,OF,Jackson,Jackson Chourio,Chourio,10.60980344286152,51,3000,MIL@PIT,MIL,PIT,,,,,,OF/UTIL
117290-102301,2B/SS,Nico,Nico Hoerner,Hoerner,10.391489231840094,47,3000,CHC@CIN,CHC,CIN,,,,,,2B/SS/UTIL
117290-102353,2B,Brice,Brice Turang,Turang,10.887755102040817,49,3000,MIL@PIT,MIL,PIT,,,,,,2B/UTIL
117290-68495,OF,Andrew,Andrew Benintendi,Benintendi,8.764000244140625,25,2900,TEX@CWS,CWS,TEX,,,,,,OF/UTIL
117290-68514,3B,Ryan,Ryan McMahon,McMahon,8.1058822332644,51,2900,NYY@COL,COL,NYY,,,,,,3B/UTIL
117290-37982,SS/2B,Xander,Xander Bogaerts,Bogaerts,8.73469387755102,49,2900,SD@ATL,SD,ATL,,,,,,2B/SS/UTIL
117290-197982,OF,Dylan,Dylan Crews,Crews,9.073333062065972,45,2900,SF@WSH,WSH,SF,IL,Oblique,,,,OF/UTIL
117290-79215,1B,Rhys,Rhys Hoskins,Hoskins,9.783673344826212,49,2900,MIL@PIT,MIL,PIT,,,,,,C/1B/UTIL
117290-85520,OF,Adolis,Adolis Garcia,Garcia,7.882352941176471,51,2900,TEX@CWS,TEX,CWS,,,,,,OF/UTIL
117290-53033,OF,Mike,Mike Yastrzemski,Yastrzemski,9.41086943253227,46,2900,SF@WSH,SF,WSH,,,,,,OF/UTIL
117290-163695,2B,Jorbit,Jorbit Vivas,Vivas,4.177777608235677,18,2900,NYY@COL,NYY,COL,,,,,,2B/UTIL
117290-102296,OF,TJ,TJ Friedl,Friedl,10.310416539510092,48,2900,CHC@CIN,CIN,CHC,,,,,,OF/UTIL
117290-135218,OF,Jake,Jake Meyers,Meyers,8.352000122070313,50,2800,SEA@HOU,HOU,SEA,,,,,,OF/UTIL
117290-82570,1B,Jake,Jake Burger,Burger,7.773171029439786,41,2800,TEX@CWS,TEX,CWS,,,,,,C/1B/UTIL
117290-82624,C,Sean,Sean Murphy,Murphy,9.550000190734863,32,2800,SD@ATL,ATL,SD,,,,,,C/1B/UTIL
117290-82660,2B,Luis,Luis Garcia Jr.,Garcia Jr.,8.625,44,2800,SF@WSH,WSH,SF,,,,,,2B/UTIL
117290-82734,OF,Luis,Luis Robert Jr.,Robert Jr.,9.604255189286901,47,2800,TEX@CWS,CWS,TEX,,,,,,OF/UTIL
117290-195378,SS/2B/OF,Tyler,Tyler Fitzgerald,Fitzgerald,8.241935483870968,31,2800,SF@WSH,SF,WSH,,,,,,2B/SS/OF/UTIL
117290-136090,2B/SS,Nick,Nick Gonzales,Gonzales,22.200000762939453,1,2800,MIL@PIT,PIT,MIL,IL,Ankle,,,,2B/SS/UTIL
117290-52179,SS,J.P.,J.P. Crawford,Crawford,9.106250127156576,48,2800,SEA@HOU,SEA,HOU,,,,,,SS/UTIL
117290-21705,2B,Marcus,Marcus Semien,Semien,6.041176590265012,51,2800,TEX@CWS,TEX,CWS,,,,,,2B/UTIL
117290-13567,3B/1B/2B,DJ,DJ LeMahieu,LeMahieu,5.025000095367432,8,2800,NYY@COL,NYY,COL,,,,,,C/1B/2B/3B/UTIL
117290-38218,1B,Christian,Christian Walker,Walker,7.415999755859375,50,2800,SEA@HOU,HOU,SEA,,,,,,C/1B/UTIL
117290-118120,C,Jonah,Jonah Heim,Heim,7.857499694824218,40,2800,TEX@CWS,TEX,CWS,,,,,,C/1B/UTIL
117290-101827,1B/2B,Luis,Luis Arraez,Arraez,8.925581111464389,43,2800,SD@ATL,SD,ATL,,,,,,C/1B/2B/UTIL
117290-81511,2B/3B/SS,Kyle,Kyle Farmer,Farmer,6.0761904035295755,42,2800,NYY@COL,COL,NYY,,,,,,2B/3B/SS/UTIL
117290-165605,OF,Sal,Sal Frelick,Frelick,8.816326530612244,49,2800,MIL@PIT,MIL,PIT,,,,,,OF/UTIL
117290-145611,SS/2B/3B,Oswald,Oswald Peraza,Peraza,4.593333435058594,30,2700,NYY@COL,NYY,COL,,,,,,2B/3B/SS/UTIL
117290-84471,OF,Nick,Nick Martini,Martini,3.9200000762939453,40,2700,NYY@COL,COL,NYY,,,,,,OF/UTIL
117290-119333,OF/2B,Tyler,Tyler Freeman,Freeman,5.9384613037109375,13,2700,NYY@COL,COL,NYY,,,,,,2B/OF/UTIL
117290-82593,C,Keibert,Keibert Ruiz,Ruiz,7.560000271267361,45,2700,SF@WSH,WSH,SF,,,,,,C/1B/UTIL
117290-82613,2B,Thairo,Thairo Estrada,Estrada,7.646874745686849,96,2700,NYY@COL,COL,NYY,IL,Wrist,,,,2B/UTIL
117290-213853,C,J.C.,J.C. Escarra,Escarra,5.447058733771829,17,2700,NYY@COL,NYY,COL,,,,,,C/1B/UTIL
117290-68587,2B,Ozzie,Ozzie Albies,Albies,8.434000244140625,50,2700,SD@ATL,ATL,SD,,,,,,2B/UTIL
117290-68589,2B/3B/OF,Amed,Amed Rosario,Rosario,7.9384613037109375,26,2700,SF@WSH,WSH,SF,DTD,Leg,,,,2B/3B/OF/UTIL
117290-70665,C,Jacob,Jacob Stallings,Stallings,3.8720001220703124,25,2700,NYY@COL,COL,NYY,,,,,,C/1B/UTIL
117290-60655,SS,Willy,Willy Adames,Adames,9.294117647058824,51,2700,SF@WSH,SF,WSH,,,,,,SS/UTIL
117290-79110,C,Tyler,Tyler Stephenson,Stephenson,7.494117736816406,17,2700,CHC@CIN,CIN,CHC,,,,,,C/1B/UTIL
117290-79160,OF,Alex,Alex Verdugo,Verdugo,7.924138036267511,29,2700,SD@ATL,ATL,SD,,,,,,OF/UTIL
117290-79211,OF,Mickey,Mickey Moniak,Moniak,5.693749745686849,48,2700,NYY@COL,COL,NYY,,,,,,OF/UTIL
117290-136672,OF,Michael,Michael Harris II,Harris II,8.377999877929687,50,2700,SD@ATL,ATL,SD,,,,,,OF/UTIL
117290-165559,C,Yainer,Yainer Diaz,Diaz,7.515555826822917,45,2700,SEA@HOU,HOU,SEA,,,,,,C/1B/UTIL
117290-165707,SS/3B/2B/1B/OF,Josh,Josh Smith,Smith,7.984090631658381,44,2700,TEX@CWS,TEX,CWS,,,,,,C/1B/2B/3B/SS/OF/UTIL
117290-79918,C,Kyle,Kyle Higashioka,Higashioka,5.295652306598166,23,2600,TEX@CWS,TEX,CWS,,,,,,C/1B/UTIL
117290-102486,OF,Blake,Blake Perkins,Perkins,8.120325104007875,123,2600,MIL@PIT,MIL,PIT,IL,Lower leg,,,,OF/UTIL
117290-119335,3B/2B/SS,Aaron,Aaron Schunk,Schunk,2.1200000762939455,10,2600,NYY@COL,COL,NYY,,,,,,2B/3B/SS/UTIL
117290-82605,2B,Keston,Keston Hiura,Hiura,1.700000069358132,11,2600,NYY@COL,COL,NYY,,,,,,2B/UTIL
117290-53994,1B,Josh,Josh Bell,Bell,6.727906692859738,43,2600,SF@WSH,WSH,SF,,,,,,C/1B/UTIL
117290-52147,1B/OF,Kris,Kris Bryant,Bryant,3.6272728659889917,11,2600,NYY@COL,COL,NYY,IL,Back,,,,C/1B/OF/UTIL
117290-80847,OF,Mike,Mike Tauchman,Tauchman,7.599999904632568,4,2600,TEX@CWS,CWS,TEX,,,,,,OF/UTIL
117290-173078,OF,Alex,Alex Call,Call,7.694444444444445,36,2600,SF@WSH,WSH,SF,,,,,,OF/UTIL
117290-179272,OF/1B/2B,Spencer,Spencer Steer,Steer,7.980000135633681,45,2600,CHC@CIN,CIN,CHC,,,,,,C/1B/2B/OF/UTIL
117290-222287,SS/2B,Chase,Chase Meidroth,Meidroth,9.303571428571429,28,2600,TEX@CWS,CWS,TEX,,,,,,2B/SS/UTIL
117290-85254,C,Joey,Joey Bart,Bart,6.53414619259718,41,2600,MIL@PIT,PIT,MIL,,,,,,C/1B/UTIL
117290-146697,OF,Garrett,Garrett Mitchell,Mitchell,5.652000122070312,25,2600,MIL@PIT,MIL,PIT,IL,Oblique,,,,OF/UTIL
117290-79165,2B/OF,Gavin,Gavin Lux,Lux,8.378260736880096,46,2600,CHC@CIN,CIN,CHC,,,,,,2B/OF/UTIL
117290-5456,OF,Andrew,Andrew McCutchen,McCutchen,7.617777506510417,45,2600,MIL@PIT,PIT,MIL,,,,,,OF/UTIL
117290-79277,1B,Rowdy,Rowdy Tellez,Tellez,7.244186046511628,43,2600,SEA@HOU,SEA,HOU,,,,,,C/1B/UTIL
117290-101811,OF,Sam,Sam Hilliard,Hilliard,7.791525630627648,59,2600,NYY@COL,COL,NYY,,,,,,OF/UTIL
117290-95776,2B/SS/3B/OF,Pablo,Pablo Reyes,Reyes,1.9526314986379523,19,2600,NYY@COL,NYY,COL,,,,,,2B/3B/SS/OF/UTIL
117290-181829,2B/1B,Spencer,Spencer Horwitz,Horwitz,6.2000002179827005,7,2600,MIL@PIT,PIT,MIL,,,,,,C/1B/2B/UTIL
117290-222858,C,Drake,Drake Baldwin,Baldwin,8.316666666666666,30,2600,SD@ATL,ATL,SD,,,,,,C/1B/UTIL
117290-165530,SS/2B,Adael,Adael Amador,Amador,3.9709676927135837,31,2600,NYY@COL,COL,NYY,,,,,,2B/SS/UTIL
117290-165544,2B/3B/1B,Lenyn,Lenyn Sosa,Sosa,6.381249745686849,48,2600,TEX@CWS,CWS,TEX,,,,,,C/1B/2B/3B/UTIL
117290-102410,C,Ronaldo,Ronaldo Hernandez,Hernandez,,0,2500,NYY@COL,NYY,COL,,,,,,C/1B/UTIL
117290-102451,OF,Brennen,Brennen Davis,Davis,0,2,2500,NYY@COL,NYY,COL,IL,Undisclosed,,,,OF/UTIL
117290-135227,2B,Jose,Jose Rojas,Rojas,,0,2500,NYY@COL,NYY,COL,,,,,,2B/UTIL
117290-223299,3B,Ben,Ben Williamson,Williamson,6.359375,32,2500,SEA@HOU,SEA,HOU,,,,,,3B/UTIL
117290-157797,OF,Bryan,Bryan De La Cruz,De La Cruz,3.012500047683716,16,2500,NYY@COL,NYY,COL,,,,,,OF/UTIL
117290-102537,OF,Everson,Everson Pereira,Pereira,0,3,2500,NYY@COL,NYY,COL,,,,,,OF/UTIL
117290-102577,2B/3B/OF,Santiago,Santiago Espinal,Espinal,6.106976886128271,43,2500,CHC@CIN,CIN,CHC,,,,,,2B/3B/OF/UTIL
117290-198877,3B,Matt,Matt Shaw,Shaw,7.877272865988991,22,2500,CHC@CIN,CHC,CIN,,,,,,3B/UTIL
117290-198900,OF,Spencer,Spencer Jones,Jones,,0,2500,NYY@COL,NYY,COL,IL,Ribs,,,,OF/UTIL
117290-198914,SS,Roderick,Roderick Arias,Arias,,0,2500,NYY@COL,NYY,COL,IL,Undisclosed,,,,SS/UTIL
117290-209172,1B,Andres,Andres Chaparro,Chaparro,8.481817996863162,33,2500,SF@WSH,WSH,SF,IL,Oblique,,,,C/1B/UTIL
117290-119304,SS/2B,Braden,Braden Shewmake,Shewmake,3.406896656957166,29,2500,NYY@COL,NYY,COL,,,,,,2B/SS/UTIL
117290-119326,3B/OF,Rece,Rece Hinds,Hinds,7.128571646554129,7,2500,CHC@CIN,CIN,CHC,,,,,,3B/OF/UTIL
117290-219699,C,Jesus,Jesus Rodriguez,Rodriguez,,0,2500,NYY@COL,NYY,COL,,,,,,C/1B/UTIL
117290-21074,OF,Michael A.,Michael A. Taylor,Taylor,5.176744327988735,43,2500,TEX@CWS,CWS,TEX,,,,,,OF/UTIL
117290-223870,C,Braxton,Braxton Fulford,Fulford,4.675000190734863,4,2500,NYY@COL,COL,NYY,,,,,,C/1B/UTIL
117290-113309,3B/2B/OF,Josh,Josh Rojas,Rojas,3.8499999046325684,16,2500,TEX@CWS,CWS,TEX,,,,,,2B/3B/OF/UTIL
117290-119495,1B,Andrew,Andrew Vaughn,Vaughn,6.047916412353516,48,2500,TEX@CWS,CWS,TEX,,,,,,C/1B/UTIL
117290-195289,OF,Cam,Cam Eden,Eden,,0,2500,NYY@COL,NYY,COL,IL,Undisclosed,,,,OF/UTIL
117290-119636,SS,Alexander,Alexander Vargas,Vargas,,0,2500,NYY@COL,NYY,COL,,,,,,SS/UTIL
117290-52170,1B,Dominic,Dominic Smith,Smith,6.866666404149866,93,2500,NYY@COL,NYY,COL,,,,,,C/1B/UTIL
117290-68554,SS,Andrew,Andrew Velazquez,Velazquez,0,2,2500,NYY@COL,NYY,COL,,,,,,SS/UTIL
117290-80848,C,Victor,Victor Caratini,Caratini,6.754838512789819,31,2500,SEA@HOU,HOU,SEA,,,,,,C/1B/UTIL
117290-68563,OF,Victor,Victor Robles,Robles,8.609999847412109,10,2500,SEA@HOU,SEA,HOU,IL,Shoulder,,,,OF/UTIL
117290-82977,SS/3B/2B,Isiah,Isiah Kiner-Falefa,Kiner-Falefa,7.675,40,2500,MIL@PIT,PIT,MIL,,,,,,2B/3B/SS/UTIL
117290-171112,OF,Sean,Sean Bouchard,Bouchard,3.9322581137380292,31,2500,NYY@COL,COL,NYY,,,,,,OF/UTIL
117290-83173,C,Jose,Jose Trevino,Trevino,7.085714285714285,35,2500,CHC@CIN,CIN,CHC,,,,,,C/1B/UTIL
117290-60649,C,Alex,Alex Jackson,Jackson,4.196551618904903,58,2500,NYY@COL,NYY,COL,,,,,,C/1B/UTIL
117290-109803,C,Austin,Austin Nola,Nola,0,1,2500,NYY@COL,COL,NYY,IL,Undisclosed,,,,C/1B/UTIL
117290-83191,C,Austin,Austin Wynns,Wynns,8.864705702837776,17,2500,CHC@CIN,CIN,CHC,,,,,,C/1B/UTIL
117290-146680,C,Drew,Drew Romo,Romo,4.737500190734863,16,2500,NYY@COL,COL,NYY,,,,,,C/1B/UTIL
117290-197881,OF,Yanquiel,Yanquiel Fernandez,Fernandez,0,1,2500,NYY@COL,COL,NYY,,,,,,OF/UTIL
117290-146681,OF,Zac,Zac Veen,Veen,4.100000063578288,12,2500,NYY@COL,COL,NYY,,,,,,OF/UTIL
117290-181642,2B/OF/1B,Enmanuel,Enmanuel Valdez,Valdez,6.335483674080141,31,2500,MIL@PIT,PIT,MIL,IL,Shoulder,,,,C/1B/2B/OF/UTIL
117290-101787,1B/OF,LaMonte,LaMonte Wade Jr.,Wade Jr.,5.80454531582919,44,2500,SF@WSH,SF,WSH,,,,,,C/1B/OF/UTIL
117290-79387,3B,Jake,Jake Gatewood,Gatewood,,0,2500,NYY@COL,NYY,COL,,,,,,3B/UTIL
117290-181797,3B,Warming,Warming Bernabel,Bernabel,,0,2500,NYY@COL,COL,NYY,,,,,,3B/UTIL
117290-13864,OF/1B,Joc,Joc Pederson,Pederson,4.640000067816841,45,2500,TEX@CWS,TEX,CWS,,,,,,C/1B/OF/UTIL
117290-206383,2B/SS/OF,Brooks,Brooks Baldwin,Baldwin,5.604545593261719,44,2500,TEX@CWS,CWS,TEX,,,,,,2B/SS/OF/UTIL
117290-222795,SS,George,George Lombard Jr.,Lombard Jr.,,0,2500,NYY@COL,NYY,COL,,,,,,SS/UTIL
117290-222793,OF,Robert,Robert Calaz,Calaz,,0,2500,NYY@COL,COL,NYY,,,,,,OF/UTIL
117290-222792,OF,Charlie,Charlie Condon,Condon,,0,2500,NYY@COL,COL,NYY,,,,,,OF/UTIL
117290-222846,OF,Cam,Cam Smith,Smith,7.918420892012747,38,2500,SEA@HOU,HOU,SEA,,,,,,OF/UTIL
117290-165526,OF,Benny,Benny Montgomery,Montgomery,,0,2500,NYY@COL,COL,NYY,,,,,,OF/UTIL
117290-165532,3B,Julio,Julio Carreras,Carreras,0,1,2500,NYY@COL,COL,NYY,,,,,,3B/UTIL
117290-165583,C,Edgar,Edgar Quero,Quero,5.799999894766972,29,2500,TEX@CWS,CWS,TEX,,,,,,C/1B/UTIL
117290-202501,OF,Duke,Duke Ellis,Ellis,3.0166667302449546,12,2500,NYY@COL,NYY,COL,,,,,,OF/UTIL
117290-165710,OF,Evan,Evan Carter,Carter,7.590909090909091,11,2500,TEX@CWS,TEX,CWS,IL,Quadriceps,,,,OF/UTIL
117290-208716,1B/OF,Zach,Zach Dezenzo,Dezenzo,7.010714394705636,28,2500,SEA@HOU,HOU,SEA,,,,,,C/1B/OF/UTIL
117290-163686,3B/SS,Oswaldo,Oswaldo Cabrera,Cabrera,6.597142682756696,35,2500,NYY@COL,NYY,COL,IL,Ankle,,,,3B/SS/UTIL
117290-163704,OF,Cooper,Cooper Hummel,Hummel,0.8571428571428571,7,2500,NYY@COL,NYY,COL,,,,,,OF/UTIL
117290-102402,OF,Alexander,Alexander Canario,Canario,5.665517346612338,29,2400,MIL@PIT,PIT,MIL,,,,,,OF/UTIL
117290-102418,OF,Eli,Eli White,White,7.6880950927734375,42,2400,SD@ATL,ATL,SD,,,,,,OF/UTIL
117290-6312,1B/3B,Justin,Justin Turner,Turner,4.862068965517241,29,2400,CHC@CIN,CHC,CIN,,,,,,C/1B/3B/UTIL
117290-102591,OF,Jake,Jake Fraley,Fraley,7.532142639160156,28,2400,CHC@CIN,CIN,CHC,IL,Calf,,,,OF/UTIL
117290-219698,2B/3B,Caleb,Caleb Durbin,Durbin,6.645454637932055,33,2400,MIL@PIT,MIL,PIT,,,,,,2B/3B/UTIL
117290-119366,OF/1B,Jerar,Jerar Encarnacion,Encarnacion,7.802857317243304,35,2400,SF@WSH,SF,WSH,IL,Hand,,,,C/1B/OF/UTIL
117290-80462,SS/3B,Paul,Paul DeJong,DeJong,5.162499904632568,16,2400,SF@WSH,WSH,SF,IL,Orbital,,,,3B/SS/UTIL
117290-12919,SS/2B/3B/OF,Jose,Jose Iglesias,Iglesias,5.123529322007123,34,2400,SD@ATL,SD,ATL,,,,,,2B/3B/SS/OF/UTIL
117290-82563,2B/SS/OF,Garrett,Garrett Hampson,Hampson,4.777777777777778,18,2400,CHC@CIN,CIN,CHC,,,,,,2B/SS/OF/UTIL
117290-164513,3B/2B/SS,Joey,Joey Ortiz,Ortiz,4.933999938964844,50,2400,MIL@PIT,MIL,PIT,,,,,,2B/3B/SS/UTIL
117290-119621,OF,Luis,Luis Matos,Matos,5.48181811246005,22,2400,SF@WSH,SF,WSH,,,,,,OF/UTIL
117290-68582,2B,Brendan,Brendan Rodgers,Rodgers,5.212121212121212,33,2400,SEA@HOU,HOU,SEA,,,,,,2B/UTIL
117290-54307,C,Elias,Elias Diaz,Diaz,5.363157975046258,38,2400,SD@ATL,SD,ATL,,,,,,C/1B/UTIL
117290-83182,C/OF,Eric,Eric Haase,Haase,5.262499809265137,16,2400,MIL@PIT,MIL,PIT,,,,,,C/1B/OF/UTIL
117290-79152,C,Matt,Matt Thaiss,Thaiss,6,34,2400,TEX@CWS,CWS,TEX,,,,,,C/1B/UTIL
117290-193863,OF,Jacob,Jacob Young,Young,5.634146341463414,41,2400,SF@WSH,WSH,SF,IL,Shoulder,,,,OF/UTIL
117290-79181,2B/OF,Mauricio,Mauricio Dubon,Dubon,5.435483870967742,31,2400,SEA@HOU,HOU,SEA,,,,,,2B/OF/UTIL
117290-79255,1B/OF,Jake,Jake Bauers,Bauers,6.887878880356297,33,2400,MIL@PIT,MIL,PIT,,,,,,C/1B/OF/UTIL
117290-38299,OF,Kevin,Kevin Pillar,Pillar,3.6849998474121093,20,2400,TEX@CWS,TEX,CWS,,,,,,OF/UTIL
117290-79263,OF,Leody,Leody Taveras,Taveras,6.486666531032986,45,2400,SEA@HOU,SEA,HOU,,,,,,OF/UTIL
117290-181851,3B/2B/1B/SS,Jared,Jared Triolo,Triolo,4.426470588235294,34,2400,MIL@PIT,PIT,MIL,,,,,,C/1B/2B/3B/SS/UTIL
117290-102363,OF/1B,Luke,Luke Raley,Raley,7.625,24,2400,SEA@HOU,SEA,HOU,IL,Oblique,,,,C/1B/OF/UTIL
117290-116841,2B/1B/OF,Sam,Sam Haggerty,Haggerty,7.254545731977983,11,2300,TEX@CWS,TEX,CWS,,,,,,C/1B/2B/OF/UTIL
117290-135282,OF,Joshua,Joshua Palacios,Palacios,4.927027109506968,37,2300,TEX@CWS,CWS,TEX,,,,,,OF/UTIL
117290-135284,C,Riley,Riley Adams,Adams,6.05454531582919,11,2300,SF@WSH,WSH,SF,,,,,,C/1B/UTIL
117290-119365,SS/2B,Nasim,Nasim Nunez,Nunez,5.166666666666667,18,2300,SF@WSH,WSH,SF,,,,,,2B/SS/UTIL
117290-80485,OF,Austin,Austin Slater,Slater,3.9900001525878905,10,2300,TEX@CWS,CWS,TEX,,,,,,OF/UTIL
117290-211773,OF/2B,Isaac,Isaac Collins,Collins,4.947368421052632,38,2300,MIL@PIT,MIL,PIT,,,,,,2B/OF/UTIL
117290-11129,OF,Jason,Jason Heyward,Heyward,4.641176560345818,34,2300,SD@ATL,SD,ATL,,,,,,OF/UTIL
117290-101276,2B/3B,Jon,Jon Berti,Berti,5.306666564941406,30,2300,CHC@CIN,CHC,CIN,,,,,,2B/3B/UTIL
117290-13487,OF,Tommy,Tommy Pham,Pham,4.942105343467311,38,2300,MIL@PIT,PIT,MIL,,,,,,OF/UTIL
117290-70898,2B/3B/OF,Adam,Adam Frazier,Frazier,5.914583206176758,48,2300,MIL@PIT,PIT,MIL,,,,,,2B/3B/OF/UTIL
117290-136504,C,Patrick,Patrick Bailey,Bailey,5.233333333333333,45,2300,SF@WSH,SF,WSH,,,,,,C/1B/UTIL
117290-79216,3B,Ke'Bryan,Ke'Bryan Hayes,Hayes,6.691836610132334,49,2300,MIL@PIT,PIT,MIL,,,,,,3B/UTIL
117290-226686,OF,Rhylan,Rhylan Thomas,Thomas,7.466666539510091,3,2300,SEA@HOU,SEA,HOU,,,,,,OF/UTIL
117290-21890,SS,Orlando,Orlando Arcia,Arcia,2.192857197352818,14,2300,SD@ATL,ATL,SD,,,,,,SS/UTIL
117290-71182,3B/1B,Jeimer,Jeimer Candelario,Candelario,5.572727203369141,22,2300,CHC@CIN,CIN,CHC,IL,Back,,,,C/1B/3B/UTIL
117290-226832,1B,Tim,Tim Elko,Elko,7.530000305175781,10,2300,TEX@CWS,CWS,TEX,,,,,,C/1B/UTIL
117290-71217,C,Omar,Omar Narvaez,Narvaez,6.425000190734863,4,2300,TEX@CWS,CWS,TEX,,,,,,C/1B/UTIL
117290-81622,C,Mitch,Mitch Garver,Garver,5.251515243992661,33,2300,SEA@HOU,SEA,HOU,,,,,,C/1B/UTIL
117290-165639,OF,Brandon,Brandon Lockridge,Lockridge,4.90370347764757,27,2300,SD@ATL,SD,ATL,,,,,,OF/UTIL
117290-169769,3B/SS/2B,Vinny,Vinny Capra,Capra,2.7679998779296877,25,2300,TEX@CWS,CWS,TEX,,,,,,2B/3B/SS/UTIL
117290-165712,3B/OF,Dustin,Dustin Harris,Harris,4.206250190734863,16,2300,TEX@CWS,TEX,CWS,,,,,,3B/OF/UTIL
117290-163671,3B,Jose,Jose Tena,Tena,6.309374809265137,32,2300,SF@WSH,WSH,SF,,,,,,3B/UTIL
117290-102295,OF,Stuart,Stuart Fairchild,Fairchild,3.5700000762939452,20,2300,SD@ATL,ATL,SD,,,,,,OF/UTIL
117290-102349,SS/2B,Leo,Leo Rivas,Rivas,6.159259372287327,27,2300,SEA@HOU,SEA,HOU,,,,,,2B/SS/UTIL
117290-102380,SS,Nick,Nick Allen,Allen,5.958139818768169,43,2300,SD@ATL,ATL,SD,,,,,,SS/UTIL
117290-135216,OF,Chas,Chas McCormick,McCormick,2.296875,32,2200,SEA@HOU,HOU,SEA,,,,,,OF/UTIL
117290-184480,C,Cesar,Cesar Salazar,Salazar,6.615384615384615,13,2200,SEA@HOU,HOU,SEA,,,,,,C/1B/UTIL
117290-119346,C,Korey,Korey Lee,Lee,4.4555553860134545,9,2200,TEX@CWS,CWS,TEX,IL,Ankle,,,,C/1B/UTIL
117290-164498,2B,Ryan,Ryan Bliss,Bliss,6.427272449840199,11,2200,SEA@HOU,SEA,HOU,IL,Biceps,,,,2B/UTIL
117290-226041,OF/1B,Matt,Matt Gorski,Gorski,4.76000010172526,15,2200,MIL@PIT,PIT,MIL,,,,,,C/1B/OF/UTIL
117290-183187,1B,Christian,Christian Encarnacion-Strand,Encarnacion-Strand,5.820000203450521,15,2200,CHC@CIN,CIN,CHC,IL,Back,,,,C/1B/UTIL
117290-68537,2B/3B/SS/OF,Tyler,Tyler Wade,Wade,4.2296295166015625,27,2200,SD@ATL,SD,ATL,,,,,,2B/3B/SS/OF/UTIL
117290-38040,OF,Eddie,Eddie Rosario,Rosario,1.2399999618530273,5,2200,MIL@PIT,MIL,PIT,,,,,,OF/UTIL
117290-197874,2B/3B,Oliver,Oliver Dunn,Dunn,4.985714503696987,14,2200,MIL@PIT,MIL,PIT,,,,,,2B/3B/UTIL
117290-146715,C/1B,Endy,Endy Rodriguez,Rodriguez,4.520000203450521,15,2200,MIL@PIT,PIT,MIL,IL,Finger,,,,C/1B/UTIL
117290-101910,1B/OF,Connor,Connor Joe,Joe,3.4785714830671037,14,2200,CHC@CIN,CIN,CHC,,,,,,C/1B/OF/UTIL
117290-222837,C,Moises,Moises Ballesteros,Ballesteros,7.019999694824219,5,2200,CHC@CIN,CHC,CIN,,,,,,C/1B/UTIL
117290-202502,OF,Blake,Blake Dunn,Dunn,4.983333333333333,30,2200,CHC@CIN,CIN,CHC,,,,,,OF/UTIL
117290-165686,3B/SS/2B/1B,Casey,Casey Schmitt,Schmitt,5.3363637057217685,11,2200,SF@WSH,SF,WSH,,,,,,C/1B/2B/3B/SS/UTIL
117290-180208,2B/3B/SS/OF,Miles,Miles Mastrobuoni,Mastrobuoni,4.5,40,2200,SEA@HOU,SEA,HOU,,,,,,2B/3B/SS/OF/UTIL
117290-102398,OF,Jarred,Jarred Kelenic,Kelenic,4.278260935907778,23,2200,SD@ATL,ATL,SD,,,,,,OF/UTIL
117290-102406,2B/SS/3B,Vidal,Vidal Brujan,Brujan,2.5647057925953582,17,2100,CHC@CIN,CHC,CIN,,,,,,2B/3B/SS/UTIL
117290-102550,C,Luis,Luis Campusano,Campusano,4,3,2100,SD@ATL,SD,ATL,,,,,,C/1B/UTIL
117290-119325,2B/OF,Tyler,Tyler Callihan,Callihan,1.625,4,2100,CHC@CIN,CIN,CHC,IL,Forearm,,,,2B/OF/UTIL
117290-119351,SS/2B/3B,Jake,Jake Amaya,Amaya,2.4323528514188877,34,2100,TEX@CWS,CWS,TEX,,,,,,2B/3B/SS/UTIL
117290-119404,2B/3B,Nick,Nick Maton,Maton,4.32,25,2100,TEX@CWS,CWS,TEX,,,,,,2B/3B/UTIL
117290-119439,C,Sam,Sam Huff,Huff,4.194117826573989,17,2100,SF@WSH,SF,WSH,,,,,,C/1B/UTIL
117290-119634,SS/2B,Liover,Liover Peguero,Peguero,2.25,4,2100,MIL@PIT,PIT,MIL,,,,,,2B/SS/UTIL
117290-119637,3B/OF,Ezequiel,Ezequiel Duran,Duran,1.9928571156093053,14,2100,TEX@CWS,TEX,CWS,,,,,,3B/OF/UTIL
117290-13253,C,Martin,Martin Maldonado,Maldonado,3.5807691720815806,26,2100,SD@ATL,SD,ATL,,,,,,C/1B/UTIL
117290-189530,OF,Dominic,Dominic Canzone,Canzone,0,2,2100,SEA@HOU,SEA,HOU,,,,,,OF/UTIL
117290-13412,3B/1B,Donovan,Donovan Solano,Solano,1.5233333587646485,30,2100,SEA@HOU,SEA,HOU,,,,,,C/1B/3B/UTIL
117290-197918,SS,Tsung-Che,Tsung-Che Cheng,Cheng,0,3,2100,MIL@PIT,PIT,MIL,,,,,,SS/UTIL
117290-79136,OF,Daz,Daz Cameron,Cameron,2.074999968210856,12,2100,MIL@PIT,MIL,PIT,,,,,,OF/UTIL
117290-222887,SS/2B,Christian,Christian Koss,Koss,4.353846036470854,26,2100,SF@WSH,SF,WSH,,,,,,2B/SS/UTIL
117290-165654,C/OF,Henry,Henry Davis,Davis,4.400000179515166,17,2100,MIL@PIT,PIT,MIL,,,,,,C/1B/OF/UTIL
117290-165718,2B/OF,Samad,Samad Taylor,Taylor,1.5499999523162842,4,2100,SEA@HOU,SEA,HOU,,,,,,2B/OF/UTIL
117290-102331,2B/SS/3B,Nicky,Nicky Lopez,Lopez,1.3105262957121198,19,2100,CHC@CIN,CHC,CIN,,,,,,2B/3B/SS/UTIL
117290-102391,OF,Tirso,Tirso Ornelas,Ornelas,1.7857142857142858,7,2100,SD@ATL,SD,ATL,,,,,,OF/UTIL
117290-102403,SS/2B,Marco,Marco Luciano,Luciano,4.362068965517241,29,2000,SF@WSH,SF,WSH,,,,,,2B/SS/UTIL
117290-102409,OF,Nick,Nick Schnell,Schnell,,0,2000,SF@WSH,WSH,SF,,,,,,OF/UTIL
117290-102411,C,Andrew,Andrew Knizner,Knizner,2.9078947368421053,38,2000,SF@WSH,SF,WSH,,,,,,C/1B/UTIL
117290-135207,2B,Alex,Alex De Goti,De Goti,,0,2000,TEX@CWS,TEX,CWS,,,,,,2B/UTIL
117290-102453,SS/2B/3B,Zack,Zack Short,Short,3.388372022052144,43,2000,SEA@HOU,HOU,SEA,,,,,,2B/3B/SS/UTIL
117290-135242,C,P.J.,P.J. Higgins,Higgins,0,2,2000,CHC@CIN,CIN,CHC,,,,,,C/1B/UTIL
117290-102472,SS,Raynel,Raynel Delgado,Delgado,,0,2000,MIL@PIT,MIL,PIT,,,,,,SS/UTIL
117290-135246,OF,Dominic,Dominic Fletcher,Fletcher,4.406944274902344,72,2000,TEX@CWS,CWS,TEX,,,,,,OF/UTIL
117290-135254,2B,Eddy,Eddy Alvarez,Alvarez,0.8857142584664481,14,2000,SD@ATL,ATL,SD,,,,,,2B/UTIL
117290-135267,2B,Kaden,Kaden Polcovich,Polcovich,,0,2000,SEA@HOU,SEA,HOU,,,,,,2B/UTIL
117290-102499,SS,Bryson,Bryson Brigman,Brigman,,0,2000,CHC@CIN,CIN,CHC,,,,,,SS/UTIL
117290-135265,1B,Austin,Austin Shenton,Shenton,4.7549999237060545,20,2000,SEA@HOU,SEA,HOU,,,,,,C/1B/UTIL
117290-135269,OF,Zach,Zach DeLoach,DeLoach,6.065217391304348,23,2000,TEX@CWS,CWS,TEX,,,,,,OF/UTIL
117290-102512,OF,Carlos,Carlos Rodriguez,Rodriguez,,0,2000,SD@ATL,ATL,SD,,,,,,OF/UTIL
117290-116869,SS,Erick,Erick Mejia,Mejia,,0,2000,SF@WSH,WSH,SF,,,,,,SS/UTIL
117290-102541,OF,Jared,Jared Oliva,Oliva,,0,2000,MIL@PIT,MIL,PIT,,,,,,OF/UTIL
117290-135308,OF,Robert,Robert Hassell III,Hassell III,9.199999809265137,2,2000,SF@WSH,WSH,SF,,,,,,OF/UTIL
117290-184479,OF,Corey,Corey Julks,Julks,5.03582080442514,67,2000,TEX@CWS,CWS,TEX,,,,,,OF/UTIL
117290-102563,3B/2B/SS,Jonathan,Jonathan Ornelas,Ornelas,0.75,4,2000,TEX@CWS,TEX,CWS,,,,,,2B/3B/SS/UTIL
117290-145617,C,David,David Garcia,Garcia,,0,2000,MIL@PIT,MIL,PIT,,,,,,C/1B/UTIL
117290-198869,C,Kyle,Kyle Teel,Teel,,0,2000,TEX@CWS,CWS,TEX,,,,,,C/1B/UTIL
117290-194773,C,Logan,Logan Porter,Porter,,0,2000,SF@WSH,SF,WSH,,,,,,C/1B/UTIL
117290-198878,3B,Sal,Sal Stewart,Stewart,,0,2000,CHC@CIN,CIN,CHC,,,,,,3B/UTIL
117290-198888,OF,Jacob,Jacob Melton,Melton,,0,2000,SEA@HOU,HOU,SEA,,,,,,OF/UTIL
117290-198897,3B,Brock,Brock Wilken,Wilken,,0,2000,MIL@PIT,MIL,PIT,,,,,,3B/UTIL
117290-198918,C,Ethan,Ethan Salas,Salas,,0,2000,SD@ATL,SD,ATL,IL,Back,,,,C/1B/UTIL
117290-213262,C,Caleb,Caleb Knight,Knight,,0,2000,CHC@CIN,CHC,CIN,,,,,,C/1B/UTIL
117290-198931,SS,Felnin,Felnin Celesten,Celesten,,0,2000,SEA@HOU,SEA,HOU,,,,,,SS/UTIL
117290-198933,SS,Sebastian,Sebastian Walcott,Walcott,,0,2000,TEX@CWS,TEX,CWS,,,,,,SS/UTIL
117290-198937,OF,Bryce,Bryce Eldridge,Eldridge,,0,2000,SF@WSH,SF,WSH,,,,,,OF/UTIL
117290-82251,OF,Tim,Tim Locastro,Locastro,0,1,2000,SD@ATL,SD,ATL,,,,,,OF/UTIL
117290-194908,SS/2B/3B,Tristan,Tristan Gray,Gray,1.4,15,2000,TEX@CWS,CWS,TEX,,,,,,2B/3B/SS/UTIL
117290-211306,2B,Darren,Darren Baker,Baker,3.355555640326606,9,2000,SF@WSH,WSH,SF,,,,,,2B/UTIL
117290-211345,2B,Michael,Michael Helman,Helman,2.3777777353922525,9,2000,TEX@CWS,TEX,CWS,,,,,,2B/UTIL
117290-180644,2B,Nate,Nate Mondou,Mondou,0,1,2000,SD@ATL,SD,ATL,,,,,,2B/UTIL
117290-180694,OF,Cade,Cade Marlowe,Marlowe,1.355555534362793,9,2000,SEA@HOU,SEA,HOU,IL,Undisclosed,,,,OF/UTIL
117290-96765,C,Joe,Joe Hudson,Hudson,0,1,2000,SEA@HOU,HOU,SEA,,,,,,C/1B/UTIL
117290-119308,SS,Adam,Adam Hall,Hall,,0,2000,MIL@PIT,MIL,PIT,,,,,,SS/UTIL
117290-119314,C,Ethan,Ethan Hearn,Hearn,,0,2000,CHC@CIN,CHC,CIN,,,,,,C/1B/UTIL
117290-119320,2B,Chase,Chase Strumpf,Strumpf,,0,2000,CHC@CIN,CHC,CIN,,,,,,2B/UTIL
117290-119327,SS,Ivan,Ivan Johnson,Johnson,,0,2000,CHC@CIN,CIN,CHC,,,,,,SS/UTIL
117290-207395,C,Eric,Eric Yang,Yang,0,1,2000,CHC@CIN,CIN,CHC,,,,,,C/1B/UTIL
117290-219704,SS,Ben,Ben Cowles,Cowles,,0,2000,CHC@CIN,CHC,CIN,,,,,,SS/UTIL
117290-156226,OF,Pedro,Pedro Leon,Leon,3.4571429661342075,7,2000,SEA@HOU,HOU,SEA,IL,Knee,,,,OF/UTIL
117290-119360,OF,Pablo,Pablo Abreu,Abreu,,0,2000,MIL@PIT,MIL,PIT,,,,,,OF/UTIL
117290-119362,SS,Eduardo,Eduardo Garcia,Garcia,,0,2000,MIL@PIT,MIL,PIT,,,,,,SS/UTIL
117290-80459,OF,Franchy,Franchy Cordero,Cordero,,0,2000,SF@WSH,WSH,SF,,,,,,OF/UTIL
117290-119371,2B,Devin,Devin Mann,Mann,,0,2000,SF@WSH,SF,WSH,,,,,,2B/UTIL
117290-119390,OF,Kevin,Kevin Alcantara,Alcantara,2.066666603088379,3,2000,CHC@CIN,CHC,CIN,,,,,,OF/UTIL
117290-119402,C,Rodolfo,Rodolfo Duran,Duran,,0,2000,SD@ATL,SD,ATL,,,,,,C/1B/UTIL
117290-119407,OF,Sammy,Sammy Siani,Siani,,0,2000,MIL@PIT,PIT,MIL,,,,,,OF/UTIL
117290-119408,2B/OF,Ji Hwan,Ji Hwan Bae,Bae,3.942857197352818,7,2000,MIL@PIT,PIT,MIL,,,,,,2B/OF/UTIL
117290-119419,OF,Hunter,Hunter Bishop,Bishop,,0,2000,SF@WSH,SF,WSH,,,,,,OF/UTIL
117290-119418,OF,Jairo,Jairo Pomares,Pomares,,0,2000,SF@WSH,SF,WSH,,,,,,OF/UTIL
117290-119421,3B,Malcom,Malcom Nunez,Nunez,,0,2000,MIL@PIT,PIT,MIL,IL,Undisclosed,,,,3B/UTIL
117290-82556,OF,Taylor,Taylor Trammell,Trammell,1.1272726925936611,11,2000,SEA@HOU,HOU,SEA,IL,Calf,,,,OF/UTIL
117290-82558,OF,Conner,Conner Capel,Capel,2.171428544180734,7,2000,SD@ATL,ATL,SD,,,,,,OF/UTIL
117290-119424,C,Julio E.,Julio E. Rodriguez,Rodriguez,,0,2000,SEA@HOU,SEA,HOU,,,,,,C/1B/UTIL
117290-119432,SS,Greg,Greg Jones,Jones,2,3,2000,SEA@HOU,HOU,SEA,,,,,,SS/UTIL
117290-119434,OF,Moises,Moises Gomez,Gomez,,0,2000,SD@ATL,SD,ATL,,,,,,OF/UTIL
117290-119440,3B/2B,Davis,Davis Wendzel,Wendzel,1.8714286259242467,28,2000,CHC@CIN,CIN,CHC,,,,,,2B/3B/UTIL
117290-164501,SS,Cal,Cal Conley,Conley,,0,2000,SD@ATL,ATL,SD,,,,,,SS/UTIL
117290-203417,C,Nick,Nick Raposo,Raposo,,0,2000,SEA@HOU,SEA,HOU,,,,,,C/1B/UTIL
117290-119450,OF,Jeremy,Jeremy De La Rosa,De La Rosa,,0,2000,SF@WSH,WSH,SF,,,,,,OF/UTIL
117290-164508,OF,Jesse,Jesse Franklin,Franklin,,0,2000,SD@ATL,ATL,SD,,,,,,OF/UTIL
117290-164527,SS,Cristian,Cristian Hernandez,Hernandez,,0,2000,CHC@CIN,CHC,CIN,,,,,,SS/UTIL
117290-164531,SS,Kevin,Kevin Made,Made,,0,2000,SF@WSH,WSH,SF,,,,,,SS/UTIL
117290-164528,SS,James,James Triantos,Triantos,,0,2000,CHC@CIN,CHC,CIN,,,,,,SS/UTIL
117290-82616,2B/3B/SS,Luis,Luis Guillorme,Guillorme,3.858227693581883,79,2000,SEA@HOU,HOU,SEA,,,,,,2B/3B/SS/UTIL
117290-82620,2B,Nick,Nick Solak,Solak,1,3,2000,MIL@PIT,PIT,MIL,,,,,,2B/UTIL
117290-21183,C/1B,Carlos,Carlos Perez,Perez,,0,2000,CHC@CIN,CHC,CIN,,,,,,C/1B/UTIL
117290-162509,1B/OF,Juan,Juan Yepez,Yepez,8.784127371651786,63,2000,SF@WSH,WSH,SF,,,,,,C/1B/OF/UTIL
117290-17105,C,Sandy,Sandy Leon,Leon,0,2,2000,SD@ATL,ATL,SD,,,,,,C/1B/UTIL
117290-103125,2B/SS/OF,Jack,Jack Lopez,Lopez,3.8551725190261315,29,2000,SEA@HOU,SEA,HOU,,,,,,2B/SS/OF/UTIL
117290-187103,2B/3B/1B,Andruw,Andruw Monasterio,Monasterio,2.0222223069932728,9,2000,MIL@PIT,MIL,PIT,,,,,,C/1B/2B/3B/UTIL
117290-82661,OF,Daniel,Daniel Johnson,Johnson,1.600000023841858,2,2000,SF@WSH,SF,WSH,,,,,,OF/UTIL
117290-17171,C,James,James McCann,McCann,7.277941086713006,68,2000,SD@ATL,ATL,SD,,,,,,C/1B/UTIL
117290-209703,OF,Grant,Grant McCray,McCray,7.17837854333826,37,2000,SF@WSH,SF,WSH,,,,,,OF/UTIL
117290-199466,3B/1B,Trey,Trey Lipscomb,Lipscomb,3.066666603088379,3,2000,SF@WSH,WSH,SF,,,,,,C/1B/3B/UTIL
117290-193328,OF,Wade,Wade Meckler,Meckler,0,2,2000,SF@WSH,SF,WSH,IL,Undisclosed,,,,OF/UTIL
117290-211774,1B/OF,Billy,Billy Cook,Cook,7.25,16,2000,MIL@PIT,PIT,MIL,,,,,,C/1B/OF/UTIL
117290-119626,OF,Hudson,Hudson Head,Head,,0,2000,MIL@PIT,PIT,MIL,,,,,,OF/UTIL
117290-119632,OF,Hedbert,Hedbert Perez,Perez,,0,2000,MIL@PIT,MIL,PIT,,,,,,OF/UTIL
117290-174963,SS,Charles,Charles Leblanc,Leblanc,8.290908813476562,11,2000,SD@ATL,ATL,SD,IL,Undisclosed,,,,SS/UTIL
117290-203641,SS,Levi,Levi Jordan,Jordan,1.8142856870378767,7,2000,CHC@CIN,CIN,CHC,,,,,,SS/UTIL
117290-52157,C,Tom,Tom Murphy,Murphy,3.7571427481515065,14,2000,SF@WSH,SF,WSH,IL,Back,,,,C/1B/UTIL
117290-13262,OF,Jurickson,Jurickson Profar,Profar,4.599999904632568,4,2000,SD@ATL,ATL,SD,NA,Suspension,,,,OF/UTIL
117290-52182,C,Reese,Reese McGuire,McGuire,5.203703703703703,54,2000,CHC@CIN,CHC,CIN,,,,,,C/1B/UTIL
117290-13304,C,Tucker,Tucker Barnhart,Barnhart,2.5,6,2000,TEX@CWS,TEX,CWS,,,,,,C/1B/UTIL
117290-13343,2B,Dixon,Dixon Machado,Machado,,0,2000,CHC@CIN,CHC,CIN,,,,,,2B/UTIL
117290-171037,C,Jason,Jason Delay,Delay,6.400000095367432,8,2000,SD@ATL,ATL,SD,,,,,,C/1B/UTIL
117290-222286,OF,Braden,Braden Montgomery,Montgomery,,0,2000,TEX@CWS,CWS,TEX,,,,,,OF/UTIL
117290-13436,C,Max,Max Stassi,Stassi,0,1,2000,SF@WSH,SF,WSH,,,,,,C/1B/UTIL
117290-197764,C,Blake,Blake Hunt,Hunt,0,1,2000,SEA@HOU,SEA,HOU,,,,,,C/1B/UTIL
117290-195795,C,Chandler,Chandler Seagle,Seagle,,0,2000,SD@ATL,ATL,SD,,,,,,C/1B/UTIL
117290-60634,OF,Forrest,Forrest Wall,Wall,4.072222391764323,18,2000,SD@ATL,SD,ATL,,,,,,OF/UTIL
117290-83174,3B,Sergio,Sergio Alcantara,Alcantara,0,2,2000,SF@WSH,SF,WSH,,,,,,3B/UTIL
117290-146671,OF,Austin,Austin Hendrick,Hendrick,,0,2000,CHC@CIN,CIN,CHC,,,,,,OF/UTIL
117290-146668,2B,Nick,Nick Yorke,Yorke,8.754545731977982,11,2000,MIL@PIT,PIT,MIL,,,,,,2B/UTIL
117290-146674,OF,Owen,Owen Caissie,Caissie,,0,2000,CHC@CIN,CHC,CIN,,,,,,OF/UTIL
117290-146672,SS,Reginald,Reginald Preciado,Preciado,,0,2000,CHC@CIN,CHC,CIN,,,,,,SS/UTIL
117290-146673,SS,Ed,Ed Howard,Howard,,0,2000,CHC@CIN,CHC,CIN,,,,,,SS/UTIL
117290-197883,OF,Kenedy,Kenedy Corona,Corona,0,1,2000,SEA@HOU,HOU,SEA,,,,,,OF/UTIL
117290-146686,OF,Colin,Colin Barber,Barber,,0,2000,SEA@HOU,HOU,SEA,,,,,,OF/UTIL
117290-79115,OF,Greg,Greg Allen,Allen,0,3,2000,CHC@CIN,CHC,CIN,,,,,,OF/UTIL
117290-146700,SS,Freddy,Freddy Zamora,Zamora,,0,2000,MIL@PIT,MIL,PIT,,,,,,SS/UTIL
117290-85274,OF,DJ,DJ Stewart,Stewart,4.864473844829359,76,2000,MIL@PIT,PIT,MIL,,,,,,OF/UTIL
117290-197912,OF,Jacob,Jacob Hurtubise,Hurtubise,1.8000000317891438,12,2000,CHC@CIN,CIN,CHC,,,,,,OF/UTIL
117290-146718,SS,Casey,Casey Martin,Martin,,0,2000,MIL@PIT,MIL,PIT,,,,,,SS/UTIL
117290-146726,OF,Josh,Josh Mears,Mears,,0,2000,SD@ATL,SD,ATL,,,,,,OF/UTIL
117290-146731,SS/2B,Alika,Alika Williams,Williams,4.191892056851773,37,2000,MIL@PIT,PIT,MIL,,,,,,2B/SS/UTIL
117290-146735,OF,Roismar,Roismar Quintana,Quintana,,0,2000,SF@WSH,WSH,SF,,,,,,OF/UTIL
117290-146738,2B,Justin,Justin Foscue,Foscue,1.756250023841858,16,2000,TEX@CWS,TEX,CWS,,,,,,2B/UTIL
117290-38196,1B,Jake,Jake Lamb,Lamb,0,1,2000,SF@WSH,SF,WSH,,,,,,C/1B/UTIL
117290-79156,SS/2B,David,David Fletcher,Fletcher,2.1666666666666665,6,2000,SD@ATL,ATL,SD,,,,,,2B/SS/UTIL
117290-79174,C,Jacob,Jacob Nottingham,Nottingham,,0,2000,SEA@HOU,SEA,HOU,,,,,,C/1B/UTIL
117290-152972,2B/OF,Luke,Luke Williams,Williams,3.066666603088379,6,2000,SD@ATL,ATL,SD,,,,,,2B/OF/UTIL
117290-193947,SS,Mason,Mason McCoy,McCoy,0,4,2000,SD@ATL,SD,ATL,IL,Finger,,,,SS/UTIL
117290-38324,C,Jorge,Jorge Alfaro,Alfaro,,0,2000,MIL@PIT,MIL,PIT,,,,,,C/1B/UTIL
117290-101821,1B,Edwin,Edwin Rios,Rios,1.8399999618530274,5,2000,CHC@CIN,CIN,CHC,,,,,,C/1B/UTIL
117290-226808,1B,Blaine,Blaine Crim,Crim,1.8399999618530274,5,2000,TEX@CWS,TEX,CWS,,,,,,C/1B/UTIL
117290-202259,1B,Trenton,Trenton Brooks,Brooks,3.3416665395100913,12,2000,SD@ATL,SD,ATL,,,,,,C/1B/UTIL
117290-95772,C,Beau,Beau Taylor,Taylor,,0,2000,SEA@HOU,SEA,HOU,,,,,,C/1B/UTIL
117290-175654,OF,Bryce,Bryce Johnson,Johnson,2.442553256420379,47,2000,SD@ATL,SD,ATL,,,,,,OF/UTIL
117290-181820,OF/2B/SS,Brett,Brett Wisely,Wisely,2.0399999618530273,5,2000,SF@WSH,SF,WSH,,,,,,2B/SS/OF/UTIL
117290-222781,3B,Cam,Cam Collier,Collier,,0,2000,CHC@CIN,CIN,CHC,IL,Thumb,,,,3B/UTIL
117290-181824,SS,Osleivis,Osleivis Basabe,Basabe,0,1,2000,SF@WSH,SF,WSH,,,,,,SS/UTIL
117290-222815,3B,Mike,Mike Boeve,Boeve,,0,2000,MIL@PIT,MIL,PIT,,,,,,3B/UTIL
117290-222818,SS,Leodalis,Leodalis De Vries,De Vries,,0,2000,SD@ATL,SD,ATL,,,,,,SS/UTIL
117290-181856,3B,Andre,Andre Lipcius,Lipcius,,0,2000,TEX@CWS,CWS,TEX,,,,,,3B/UTIL
117290-222817,SS,Jesus,Jesus Made,Made,,0,2000,MIL@PIT,MIL,PIT,,,,,,SS/UTIL
117290-222816,SS,Cooper,Cooper Pratt,Pratt,,0,2000,MIL@PIT,MIL,PIT,,,,,,SS/UTIL
117290-222823,SS,Konnor,Konnor Griffin,Griffin,,0,2000,MIL@PIT,PIT,MIL,,,,,,SS/UTIL
117290-222824,2B,Termarr,Termarr Johnson,Johnson,,0,2000,MIL@PIT,PIT,MIL,,,,,,2B/UTIL
117290-222831,SS,Jackson,Jackson Cluff,Cluff,,0,2000,SF@WSH,WSH,SF,,,,,,SS/UTIL
117290-222829,SS,Seaver,Seaver King,King,,0,2000,SF@WSH,WSH,SF,,,,,,SS/UTIL
117290-222839,SS,Colt,Colt Emerson,Emerson,,0,2000,SEA@HOU,SEA,HOU,,,,,,SS/UTIL
117290-222838,SS,Jefferson,Jefferson Rojas,Rojas,,0,2000,CHC@CIN,CHC,CIN,,,,,,SS/UTIL
117290-222842,2B,Michael,Michael Arroyo,Arroyo,,0,2000,SEA@HOU,SEA,HOU,,,,,,2B/UTIL
117290-222841,OF,Lazaro,Lazaro Montes,Montes,,0,2000,SEA@HOU,SEA,HOU,,,,,,OF/UTIL
117290-222840,OF,Jonny,Jonny Farmelo,Farmelo,,0,2000,SEA@HOU,SEA,HOU,,,,,,OF/UTIL
117290-222845,SS,Brice,Brice Matthews,Matthews,,0,2000,SEA@HOU,HOU,SEA,IL,Concussion,,,,SS/UTIL
117290-222844,SS,Cole,Cole Young,Young,,0,2000,SEA@HOU,SEA,HOU,,,,,,SS/UTIL
117290-165510,OF,Jay,Jay Allen,Allen,,0,2000,CHC@CIN,CIN,CHC,,,,,,OF/UTIL
117290-165511,C,Mat,Mat Nelson,Nelson,,0,2000,CHC@CIN,CIN,CHC,,,,,,C/1B/UTIL
117290-165515,OF,Malvin,Malvin Valdez,Valdez,,0,2000,CHC@CIN,CIN,CHC,,,,,,OF/UTIL
117290-165517,OF,Ariel,Ariel Almonte,Almonte,,0,2000,CHC@CIN,CIN,CHC,,,,,,OF/UTIL
117290-165535,SS,Colson,Colson Montgomery,Montgomery,,0,2000,TEX@CWS,CWS,TEX,,,,,,SS/UTIL
117290-165533,3B,Wes,Wes Kath,Kath,,0,2000,TEX@CWS,CWS,TEX,,,,,,3B/UTIL
117290-165540,3B,Bryan,Bryan Ramos,Ramos,6.063636548591383,33,2000,TEX@CWS,CWS,TEX,,,,,,3B/UTIL
117290-165558,OF,Tyler,Tyler Whitaker,Whitaker,,0,2000,SEA@HOU,HOU,SEA,,,,,,OF/UTIL
117290-165563,SS,Cristian,Cristian Gonzalez,Gonzalez,,0,2000,SEA@HOU,HOU,SEA,,,,,,SS/UTIL
117290-165567,3B/2B,Shay,Shay Whitcomb,Whitcomb,3.584999847412109,20,2000,SEA@HOU,HOU,SEA,,,,,,2B/3B/UTIL
117290-165606,1B/3B/OF,Tyler,Tyler Black,Black,5.433333502875434,18,2000,MIL@PIT,MIL,PIT,IL,Hand,,,,C/1B/3B/OF/UTIL
117290-165604,C,Jeferson,Jeferson Quero,Quero,,0,2000,MIL@PIT,MIL,PIT,IL,Hamstring,,,,C/1B/UTIL
117290-165610,3B,Zavier,Zavier Warren,Warren,,0,2000,MIL@PIT,MIL,PIT,,,,,,3B/UTIL
117290-165622,SS,Jheremy,Jheremy Vargas,Vargas,,0,2000,MIL@PIT,MIL,PIT,,,,,,SS/UTIL
117290-165627,3B,Jaylen,Jaylen Palmer,Palmer,,0,2000,CHC@CIN,CHC,CIN,,,,,,3B/UTIL
117290-206608,SS/2B,Nacho,Nacho Alvarez Jr.,Alvarez Jr.,2.2750000953674316,8,2000,SD@ATL,ATL,SD,IL,Wrist,,,,2B/SS/UTIL
117290-165652,OF,Yhoswar,Yhoswar Garcia,Garcia,,0,2000,MIL@PIT,MIL,PIT,,,,,,OF/UTIL
117290-165658,SS,Maikol,Maikol Escotto,Escotto,,0,2000,MIL@PIT,PIT,MIL,,,,,,SS/UTIL
117290-165656,OF,Lonnie,Lonnie White,White,,0,2000,MIL@PIT,PIT,MIL,,,,,,OF/UTIL
117290-165663,SS,Victor,Victor Acosta,Acosta,,0,2000,CHC@CIN,CIN,CHC,,,,,,SS/UTIL
117290-165667,OF,Samuel,Samuel Zavala,Zavala,,0,2000,TEX@CWS,CWS,TEX,,,,,,OF/UTIL
117290-165670,C,Brandon,Brandon Valenzuela,Valenzuela,,0,2000,SD@ATL,SD,ATL,,,,,,C/1B/UTIL
117290-165675,SS,Edwin,Edwin Arroyo,Arroyo,,0,2000,CHC@CIN,CIN,CHC,,,,,,SS/UTIL
117290-165672,C,Harry,Harry Ford,Ford,,0,2000,SEA@HOU,SEA,HOU,,,,,,C/1B/UTIL
117290-165679,3B,Milkar,Milkar Perez,Perez,,0,2000,SEA@HOU,SEA,HOU,,,,,,3B/UTIL
117290-165681,3B,Starlin,Starlin Aguilar,Aguilar,,0,2000,SEA@HOU,SEA,HOU,,,,,,3B/UTIL
117290-165685,SS,Aeverson,Aeverson Arteaga,Arteaga,,0,2000,SF@WSH,SF,WSH,,,,,,SS/UTIL
117290-165690,C,Brett,Brett Auerbach,Auerbach,,0,2000,SF@WSH,SF,WSH,,,,,,C/1B/UTIL
117290-110404,3B,Mike,Mike Brosseau,Brosseau,0,1,2000,SD@ATL,SD,ATL,,,,,,3B/UTIL
117290-165711,SS,Cam,Cam Cauley,Cauley,,0,2000,TEX@CWS,TEX,CWS,,,,,,SS/UTIL
117290-165708,2B,Trevor,Trevor Hauver,Hauver,,0,2000,TEX@CWS,TEX,CWS,IL,Undisclosed,,,,2B/UTIL
117290-163661,3B/2B,Eguy,Eguy Rosario,Rosario,4.193548387096774,31,2000,SD@ATL,SD,ATL,,,,,,2B/3B/UTIL
117290-165709,OF,Yeison,Yeison Morrobel,Morrobel,,0,2000,TEX@CWS,TEX,CWS,,,,,,OF/UTIL
117290-165713,OF,Aaron,Aaron Zavala,Zavala,,0,2000,TEX@CWS,TEX,CWS,,,,,,OF/UTIL
117290-163669,C,Bryan,Bryan Lavastida,Lavastida,,0,2000,SEA@HOU,HOU,SEA,,,,,,C/1B/UTIL
117290-165726,SS,Brady,Brady House,House,,0,2000,SF@WSH,WSH,SF,,,,,,SS/UTIL
117290-163679,3B,Joe,Joe Perez,Perez,,0,2000,TEX@CWS,CWS,TEX,,,,,,3B/UTIL
117290-165725,OF,Daylen,Daylen Lile,Lile,3,1,2000,SF@WSH,WSH,SF,,,,,,OF/UTIL
117290-165730,C,Drew,Drew Millas,Millas,5.661904834565663,21,2000,SF@WSH,WSH,SF,,,,,,C/1B/UTIL
117290-165728,SS,Armando,Armando Cruz,Cruz,,0,2000,SF@WSH,WSH,SF,,,,,,SS/UTIL
117290-165732,1B,Branden,Branden Boissiere,Boissiere,,0,2000,SF@WSH,WSH,SF,,,,,,C/1B/UTIL
117290-163694,SS,Eddys,Eddys Leonard,Leonard,0,1,2000,SD@ATL,ATL,SD,,,,,,SS/UTIL
117290-163696,OF,Jack,Jack Suwinski,Suwinski,4.393750190734863,16,2000,MIL@PIT,PIT,MIL,,,,,,OF/UTIL
117290-102279,3B,Drew,Drew Ellis,Ellis,,0,2000,SF@WSH,SF,WSH,,,,,,3B/UTIL
117290-171923,1B,Darick,Darick Hall,Hall,0,2,2000,MIL@PIT,PIT,MIL,,,,,,C/1B/UTIL
117290-182170,OF,Oscar,Oscar Colas,Colas,4.228571483067104,14,2000,TEX@CWS,CWS,TEX,,,,,,OF/UTIL
117290-202657,1B,Tyler,Tyler Locklear,Locklear,5.006249904632568,16,2000,SEA@HOU,SEA,HOU,,,,,,C/1B/UTIL
117290-163772,C,Brett,Brett Sullivan,Sullivan,3.9000000953674316,8,2000,MIL@PIT,PIT,MIL,,,,,,C/1B/UTIL
117290-81869,C,Chad,Chad Wallach,Wallach,,0,2000,TEX@CWS,TEX,CWS,,,,,,C/1B/UTIL
117290-171986,3B,Matthew,Matthew Batten,Batten,4.5,2,2000,SD@ATL,ATL,SD,,,,,,3B/UTIL
117290-102359,C,Will,Will Banfield,Banfield,,0,2000,CHC@CIN,CIN,CHC,,,,,,C/1B/UTIL
117290-102358,SS,Jose,Jose Devers,Devers,1.2399999618530273,5,2000,SD@ATL,ATL,SD,,,,,,SS/UTIL
117290-102374,C,Anthony,Anthony Seigler,Seigler,,0,2000,MIL@PIT,MIL,PIT,,,,,,C/1B/UTIL
117290-102388,OF,Cal,Cal Mitchell,Mitchell,,0,2000,SF@WSH,SF,WSH,,,,,,OF/UTIL