Id,Position,First Name,Nickname,Last Name,FPPG,Played,Salary,Game,Team,Opponent,Injury Indicator,Injury Details,Tier,Probable Pitcher,Batting Order,Roster Position
117166-16960,P,Zack,Zack Wheeler,Wheeler,43.7,10,11000,PHI@COL,PHI,COL,,,,,,P
117166-135977,P,Garrett,Garrett Crochet,Crochet,41.4,10,10800,NYM@BOS,BOS,NYM,,,,Yes,,P
117166-79280,P,Jesus,Jesus Luzardo,Luzardo,39.6,10,10600,PHI@COL,PHI,COL,,,,,,P
117166-13233,P,Nathan,Nathan Eovaldi,Eovaldi,39.8,10,10500,TEX@NYY,TEX,NYY,,,,,,P
117166-52185,P,Max,Max Fried,Fried,40.5,10,10400,TEX@NYY,NYY,TEX,,,,,,P
117166-198625,P,Yoshinobu,Yoshinobu Yamamoto,Yamamoto,39.6,10,10300,ARI@LAD,LAD,ARI,,,,,,P
117166-117232,P,Michael,Michael King,King,34.3,10,10200,SD@TOR,SD,TOR,,,,,,P
117166-52183,P,Tyler,Tyler Glasnow,Glasnow,21.2,5,10200,ARI@LAD,LAD,ARI,IL,Shoulder,,,,P
117166-85251,P,Zac,Zac Gallen,Gallen,28.3,10,10200,ARI@LAD,ARI,LAD,,,,,,P
117166-52859,P,Jacob,Jacob deGrom,deGrom,34.333333333333336,9,10200,TEX@NYY,TEX,NYY,,,,Yes,,P
117166-182153,P,Kodai,Kodai Senga,Senga,34.22222222222222,9,10100,NYM@BOS,NYM,BOS,,,,,,P
117166-68488,P,Blake,Blake Snell,Snell,19.5,2,10000,ARI@LAD,LAD,ARI,IL,Shoulder,,,,P
117166-60633,P,Carlos,Carlos Rodon,Rodon,37.8,10,10000,TEX@NYY,NYY,TEX,,,,,,P
117166-60647,P,Aaron,Aaron Nola,Nola,24.555555555555557,9,9900,PHI@COL,PHI,COL,IL,Ankle,,,,P
117166-79091,P,Dylan,Dylan Cease,Cease,29.5,10,9900,SD@TOR,SD,TOR,,,,,,P
117166-185606,P,Gavin,Gavin Stone,Stone,28.4,25,9900,ARI@LAD,LAD,ARI,IL,Shoulder,,,,P
117166-118225,P,Cristopher,Cristopher Sanchez,Sanchez,35.333333333333336,9,9900,PHI@COL,PHI,COL,,,,,,P
117166-164509,P,AJ,AJ Smith-Shawver,Smith-Shawver,33.142857142857146,7,9800,ATL@WSH,ATL,WSH,,,,Yes,,P
117166-79951,P,Nick,Nick Pivetta,Pivetta,35.666666666666664,9,9700,SD@TOR,SD,TOR,,,,,,P
117166-82635,P,MacKenzie,MacKenzie Gore,Gore,38.4,10,9700,ATL@WSH,WSH,ATL,,,,,,P
117166-12477,P,Chris,Chris Sale,Sale,33.8,10,9600,ATL@WSH,ATL,WSH,,,,,,P
117166-162445,P,Spencer,Spencer Strider,Strider,17,2,9500,ATL@WSH,ATL,WSH,,,,,,P
117166-82582,P,Griffin,Griffin Canning,Canning,31,9,9500,NYM@BOS,NYM,BOS,,,,,,P
117166-82604,P,Corbin,Corbin Burnes,Burnes,33.125,8,9400,ARI@LAD,ARI,LAD,,,,Yes,,P
117166-101881,P,Merrill,Merrill Kelly,Kelly,32.1,10,9300,ARI@LAD,ARI,LAD,,,,,,P
117166-53067,P,Chris,Chris Bassitt,Bassitt,33.7,10,9300,SD@TOR,TOR,SD,,,,,,P
117166-102345,P,Jose,Jose Soriano,Soriano,28.1,10,9300,LAA@ATH,LAA,ATH,,,,,,P
117166-68491,P,Reynaldo,Reynaldo Lopez,Lopez,9,1,9200,ATL@WSH,ATL,WSH,IL,Shoulder,,,,P
117166-83157,P,Ranger,Ranger Suarez,Suarez,31.333333333333332,3,9200,PHI@COL,PHI,COL,,,,,,P
117166-102343,P,Tony,Tony Gonsolin,Gonsolin,30.25,4,9200,ARI@LAD,LAD,ARI,,,,,,P
117166-16956,P,Gerrit,Gerrit Cole,Cole,32,22,9000,TEX@NYY,NYY,TEX,IL,Elbow,,,,P
117166-164503,P,Spencer,Spencer Schwellenbach,Schwellenbach,30.5,10,9000,ATL@WSH,ATL,WSH,,,,,,P
117166-185701,P,Brandon,Brandon Pfaadt,Pfaadt,29.6,10,9000,ARI@LAD,ARI,LAD,,,,,,P
117166-79232,P,Clay,Clay Holmes,Holmes,31.2,10,9000,NYM@BOS,NYM,BOS,,,,,,P
117166-68518,P,Spencer,Spencer Turnbull,Turnbull,18.529411764705884,17,8900,SD@TOR,TOR,SD,,,,,,P
117166-82618,P,David,David Peterson,Peterson,30.666666666666668,9,8800,NYM@BOS,NYM,BOS,,,,,,P
117166-82621,P,Clarke,Clarke Schmidt,Schmidt,26.333333333333332,6,8800,TEX@NYY,NYY,TEX,,,,,,P
117166-52165,P,Sean,Sean Manaea,Manaea,31.083333333333332,36,8800,NYM@BOS,NYM,BOS,IL,Oblique,,,,P
117166-79109,P,Tyler,Tyler Mahle,Mahle,31.2,10,8800,TEX@NYY,TEX,NYY,,,,,,P
117166-118206,P,Luis,Luis Gil,Gil,30.29032258064516,31,8800,TEX@NYY,NYY,TEX,IL,Lat,,,,P
117166-163685,P,JP,JP Sears,Sears,27.444444444444443,9,8800,LAA@ATH,ATH,LAA,,,,Yes,,P
117166-16931,P,Yu,Yu Darvish,Darvish,28.77777777777778,18,8600,SD@TOR,SD,TOR,IL,Elbow,,,,P
117166-60639,P,Jose,Jose Berrios,Berrios,27.8,10,8600,SD@TOR,TOR,SD,,,,,,P
117166-79168,P,Walker,Walker Buehler,Buehler,27.857142857142858,7,8600,NYM@BOS,BOS,NYM,,,,,,P
117166-102458,P,Kutter,Kutter Crawford,Crawford,27.96969696969697,33,8500,NYM@BOS,BOS,NYM,IL,Knee,,,,P
117166-38000,P,Kevin,Kevin Gausman,Gausman,27.444444444444443,9,8500,SD@TOR,TOR,SD,,,,Yes,,P
117166-198912,P,Will,Will Warren,Warren,27.9,10,8400,TEX@NYY,NYY,TEX,,,,,,P
117166-52198,P,Lucas,Lucas Giolito,Giolito,19.5,4,8400,NYM@BOS,BOS,NYM,,,,,,P
117166-154714,P,Tylor,Tylor Megill,Megill,29.555555555555557,9,8400,NYM@BOS,NYM,BOS,,,,Yes,,P
117166-146664,P,Bryce,Bryce Elder,Elder,24.125,8,8400,ATL@WSH,ATL,WSH,,,,,,P
117166-222787,P,Roki,Roki Sasaki,Sasaki,16.375,8,8400,ARI@LAD,LAD,ARI,IL,Shoulder,,,,P
117166-82594,P,Dustin,Dustin May,May,26.125,8,8300,ARI@LAD,LAD,ARI,,,,Yes,,P
117166-38246,P,Tyler,Tyler Anderson,Anderson,28.555555555555557,9,8300,LAA@ATH,LAA,ATH,,,,,,P
117166-5481,P,Max,Max Scherzer,Scherzer,6,1,8300,SD@TOR,TOR,SD,IL,Thumb,,,,P
117166-79207,P,Grant,Grant Holmes,Holmes,26.1,10,8100,ATL@WSH,ATL,WSH,,,,,,P
117166-198362,P,Stephen,Stephen Kolek,Kolek,34.666666666666664,3,8100,SD@TOR,SD,TOR,,,,,,P
117166-163680,P,Brayan,Brayan Bello,Bello,22,6,8100,NYM@BOS,BOS,NYM,,,,,,P
117166-21097,P,Taijuan,Taijuan Walker,Walker,22,8,8000,PHI@COL,PHI,COL,,,,Yes,,P
117166-68523,P,Joe,Joe Musgrove,Musgrove,28.45,20,8000,SD@TOR,SD,TOR,IL,Elbow,,,,P
117166-52142,P,Eduardo,Eduardo Rodriguez,Rodriguez,21.666666666666668,9,8000,ARI@LAD,ARI,LAD,IL,Shoulder,,,,P
117166-146705,P,J.T.,J.T. Ginn,Ginn,23,4,8000,LAA@ATH,ATH,LAA,IL,Quadriceps,,,,P
117166-5427,P,Clayton,Clayton Kershaw,Kershaw,3,1,8000,ARI@LAD,LAD,ARI,,,,,,P
117166-85476,P,Jeffrey,Jeffrey Springs,Springs,26.3,10,8000,LAA@ATH,ATH,LAA,,,,,,P
117166-165715,P,Gunnar,Gunnar Hoglund,Hoglund,24.5,4,8000,LAA@ATH,ATH,LAA,,,,,,P
117166-194677,P,Easton,Easton Lucas,Lucas,19.5,4,7900,SD@TOR,TOR,SD,,,,,,P
117166-211874,P,Kumar,Kumar Rocker,Rocker,12.8,5,7900,TEX@NYY,TEX,NYY,IL,Shoulder,,,,P
117166-165706,P,Jack,Jack Leiter,Leiter,23.428571428571427,7,7900,TEX@NYY,TEX,NYY,,,,,,P
117166-60644,P,Luis,Luis Severino,Severino,25.2,10,7800,LAA@ATH,ATH,LAA,,,,,,P
117166-13664,P,Patrick,Patrick Corbin,Corbin,24.875,8,7800,TEX@NYY,TEX,NYY,,,,,,P
117166-185896,P,Cody,Cody Bradford,Bradford,29.785714285714285,14,7800,TEX@NYY,TEX,NYY,IL,Elbow,,,,P
117166-165731,P,Mitchell,Mitchell Parker,Parker,23.7,10,7800,ATL@WSH,WSH,ATL,,,,,,P
117166-219668,P,Hunter,Hunter Dobbins,Dobbins,25.5,6,7700,NYM@BOS,BOS,NYM,,,,,,P
117166-119355,P,Jack,Jack Kochanowicz,Kochanowicz,21.333333333333332,9,7700,LAA@ATH,LAA,ATH,,,,Yes,,P
117166-211765,P,Richard,Richard Fitts,Fitts,26.666666666666668,3,7700,NYM@BOS,BOS,NYM,IL,Pectoral,,,,P
117166-146717,P,Mick,Mick Abel,Abel,55,1,7700,PHI@COL,PHI,COL,,,,,,P
117166-102684,P,Jake,Jake Irvin,Irvin,26.1,10,7600,ATL@WSH,WSH,ATL,,,,,,P
117166-226810,P,Blade,Blade Tidwell,Tidwell,-1,1,7600,NYM@BOS,NYM,BOS,,,,,,P
117166-102001,P,Yusei,Yusei Kikuchi,Kikuchi,26.9,10,7600,LAA@ATH,LAA,ATH,,,,,,P
117166-135229,P,Reid,Reid Detmers,Detmers,5.214285714285714,16,7500,LAA@ATH,LAA,ATH,,,,,,P
117166-63781,P,Frankie,Frankie Montas,Montas,24.129032258064516,31,7500,NYM@BOS,NYM,BOS,IL,Lat,,,,P
117166-135650,P,Landon,Landon Knack,Knack,17.166666666666668,6,7500,ARI@LAD,LAD,ARI,,,,,,P
117166-119441,P,Alek,Alek Manoah,Manoah,27,6,7500,SD@TOR,TOR,SD,IL,Elbow,,,,P
117166-164532,P,DJ,DJ Herz,Herz,25.94736842105263,19,7500,ATL@WSH,WSH,ATL,IL,Elbow,,,,P
117166-80859,P,Paul,Paul Blackburn,Blackburn,24.571428571428573,14,7500,NYM@BOS,NYM,BOS,IL,Knee,,,,P
117166-165638,P,Randy,Randy Vasquez,Vasquez,20.11111111111111,9,7500,SD@TOR,SD,TOR,,,,Yes,,P
117166-68483,P,Trevor,Trevor Williams,Williams,19.22222222222222,9,7400,ATL@WSH,WSH,ATL,,,,Yes,,P
117166-187769,P,Osvaldo,Osvaldo Bido,Bido,16.11111111111111,9,7400,LAA@ATH,ATH,LAA,,,,,,P
117166-60637,P,Sean,Sean Newcomb,Newcomb,18.9,10,7300,NYM@BOS,BOS,NYM,,,,,,P
117166-39041,P,Marcus,Marcus Stroman,Stroman,4.333333333333333,3,7200,TEX@NYY,NYY,TEX,IL,Knee,,,,P
117166-53398,P,Kyle,Kyle Hendricks,Hendricks,18.444444444444443,9,7200,LAA@ATH,LAA,ATH,,,,,,P
117166-163698,P,Bowden,Bowden Francis,Francis,20.444444444444443,9,7200,SD@TOR,TOR,SD,,,,,,P
117166-197914,P,Nick,Nick Frasso,Frasso,0,2,7100,ARI@LAD,LAD,ARI,,,,,,P
117166-118202,P,Kyle,Kyle Hart,Hart,17,5,7100,SD@TOR,SD,TOR,,,,,,P
117166-161256,P,Cooper,Cooper Criswell,Criswell,0.3333333333333333,3,7100,NYM@BOS,BOS,NYM,,,,,,P
117166-204505,P,Justin,Justin Wrobleski,Wrobleski,16.5,2,7100,ARI@LAD,LAD,ARI,,,,,,P
117166-102378,P,Matt,Matt Sauer,Sauer,12.333333333333334,6,7100,ARI@LAD,LAD,ARI,,,,,,P
117166-6266,P,Carlos,Carlos Carrasco,Carrasco,15,8,7000,TEX@NYY,NYY,TEX,,,,,,P
117166-53607,P,Anthony,Anthony DeSclafani,DeSclafani,0,1,7000,TEX@NYY,NYY,TEX,O,Elbow,,,,P
117166-52155,P,Jon,Jon Gray,Gray,20.47826086956522,24,7000,TEX@NYY,TEX,NYY,IL,Wrist,,,,P
117166-161465,P,Ryan,Ryan Feltner,Feltner,21,6,7000,PHI@COL,COL,PHI,IL,Back,,,,P
117166-79853,P,Jordan,Jordan Montgomery,Montgomery,17.16,25,7000,ARI@LAD,ARI,LAD,IL,Elbow,,,,P
117166-211069,P,Sam,Sam Aldegheri,Aldegheri,19.333333333333332,3,6900,LAA@ATH,LAA,ATH,,,,,,P
117166-164497,P,Ryne,Ryne Nelson,Nelson,12.909090909090908,12,6900,ARI@LAD,ARI,LAD,,,,,,P
117166-60632,P,Kyle,Kyle Freeland,Freeland,19.5,10,6900,PHI@COL,COL,PHI,,,,,,P
117166-79073,P,Michael,Michael Soroka,Soroka,23.75,4,6900,ATL@WSH,WSH,ATL,,,,,,P
117166-198353,P,Mitch,Mitch Spence,Spence,8.352941176470589,17,6900,LAA@ATH,ATH,LAA,,,,,,P
117166-102498,P,Patrick,Patrick Sandoval,Sandoval,23.4375,16,6800,NYM@BOS,BOS,NYM,IL,Elbow,,,,P
117166-102569,P,Michael,Michael Mercado,Mercado,5.4,5,6800,PHI@COL,PHI,COL,,,,,,P
117166-198886,P,Chase,Chase Dollander,Dollander,20.625,8,6800,PHI@COL,COL,PHI,,,,,,P
117166-198934,P,Yariel,Yariel Rodriguez,Rodriguez,5.55,20,6800,SD@TOR,TOR,SD,,,,,,P
117166-82540,P,Tanner,Tanner Houck,Houck,13.555555555555555,9,6800,NYM@BOS,BOS,NYM,IL,Elbow,,,,P
117166-79078,P,Ian,Ian Anderson,Anderson,2.2857142857142856,7,6800,ATL@WSH,ATL,WSH,,,,,,P
117166-185845,P,Allan,Allan Winans,Winans,-2,2,6800,TEX@NYY,NYY,TEX,,,,,,P
117166-222885,P,Brad,Brad Lord,Lord,11.583333333333334,13,6800,ATL@WSH,WSH,ATL,,,,,,P
117166-204632,P,Tanner,Tanner Gordon,Gordon,19,1,6800,PHI@COL,COL,PHI,,,,,,P
117166-119302,P,Blake,Blake Walston,Walston,12.571428571428571,7,6600,ARI@LAD,ARI,LAD,IL,Elbow,,,,P
117166-138016,P,Brandon,Brandon Waddell,Waddell,25,1,6600,NYM@BOS,NYM,BOS,,,,,,P
117166-102574,P,Jake,Jake Woodford,Woodford,10.444444444444445,9,6500,TEX@NYY,NYY,TEX,,,,,,P
117166-198891,P,Caden,Caden Dana,Dana,9,1,6500,LAA@ATH,LAA,ATH,,,,,,P
117166-68485,P,Ryan,Ryan Yarbrough,Yarbrough,10.9,10,6500,TEX@NYY,NYY,TEX,,,,Yes,,P
117166-209846,P,Ben,Ben Casparius,Casparius,11.1875,16,6500,ARI@LAD,LAD,ARI,,,,,,P
117166-83098,P,Austin,Austin Gomber,Gomber,22,30,6500,PHI@COL,COL,PHI,IL,Shoulder,,,,P
117166-60627,P,Touki,Touki Toussaint,Toussaint,9,1,6500,LAA@ATH,LAA,ATH,,,,,,P
117166-79103,P,Dane,Dane Dunning,Dunning,12,1,6500,TEX@NYY,TEX,NYY,,,,,,P
117166-165634,P,Ken,Ken Waldichuk,Waldichuk,0,1,6500,LAA@ATH,ATH,LAA,IL,Elbow,,,,P
117166-170174,P,Chase,Chase Silseth,Silseth,21,4,6400,LAA@ATH,LAA,ATH,,,,,,P
117166-164504,P,Joey,Joey Estes,Estes,0,2,6400,LAA@ATH,ATH,LAA,,,,,,P
117166-170891,P,Davis,Davis Daniel,Daniel,6,1,6400,ATL@WSH,ATL,WSH,,,,,,P
117166-181794,P,Hogan,Hogan Harris,Harris,7.4,10,6400,LAA@ATH,ATH,LAA,,,,,,P
117166-135245,P,Tommy,Tommy Henry,Henry,11,1,6300,ARI@LAD,ARI,LAD,,,,,,P
117166-135648,P,Bobby,Bobby Miller,Miller,12,1,6300,ARI@LAD,LAD,ARI,,,,,,P
117166-79254,P,Dakota,Dakota Hudson,Hudson,14.38888888888889,18,6300,LAA@ATH,LAA,ATH,,,,,,P
117166-187967,P,Emmet,Emmet Sheehan,Sheehan,0,2,6300,ARI@LAD,LAD,ARI,IL,Elbow,,,,P
117166-73835,P,Ty,Ty Blach,Blach,9.15,20,6200,TEX@NYY,TEX,NYY,,,,,,P
117166-73880,P,German,German Marquez,Marquez,8.88888888888889,10,6200,PHI@COL,COL,PHI,,,,,,P
117166-119447,P,Joan,Joan Adon,Adon,3.25,8,6200,ATL@WSH,WSH,ATL,IL,Undisclosed,,,,P
117166-197871,P,Bradley,Bradley Blalock,Blalock,0.6,5,6200,PHI@COL,COL,PHI,,,,,,P
117166-181660,P,Jhony,Jhony Brito,Brito,6.3076923076923075,26,6200,SD@TOR,SD,TOR,IL,Forearm,,,,P
117166-181833,P,Darius,Darius Vines,Vines,7.25,4,6200,ATL@WSH,ATL,WSH,IL,Undisclosed,,,,P
117166-204512,P,Yilber,Yilber Diaz,Diaz,3,1,6200,ARI@LAD,ARI,LAD,,,,,,P
117166-102394,P,Luis,Luis Patino,Patino,0,1,6200,SD@TOR,SD,TOR,O,Elbow,,,,P
117166-198872,P,Hurston,Hurston Waldrep,Waldrep,-4.5,2,6100,ATL@WSH,ATL,WSH,,,,,,P
117166-195785,P,Caleb,Caleb Boushley,Boushley,8.571428571428571,7,6100,TEX@NYY,TEX,NYY,,,,,,P
117166-163692,P,Jose,Jose Butto,Butto,8.117647058823529,17,6100,NYM@BOS,NYM,BOS,,,,,,P
117166-188485,P,Matt,Matt Waldron,Waldron,25.22222222222222,27,6000,SD@TOR,SD,TOR,IL,Oblique,,,,P
117166-102502,P,Josiah,Josiah Gray,Gray,6.5,3,6000,ATL@WSH,WSH,ATL,IL,Elbow,,,,P
117166-198904,P,Christian,Christian Scott,Scott,22.11111111111111,9,6000,NYM@BOS,NYM,BOS,IL,Elbow,,,,P
117166-53608,P,Jose,Jose Urena,Urena,4,4,6000,SD@TOR,TOR,SD,,,,,,P
117166-68517,P,Antonio,Antonio Senzatela,Senzatela,12.9,10,6000,PHI@COL,COL,PHI,,,,,,P
117166-79226,P,Eric,Eric Lauer,Lauer,18.75,4,6000,SD@TOR,TOR,SD,,,,,,P
117166-165720,P,Ricky,Ricky Tiedemann,Tiedemann,,0,6000,SD@TOR,TOR,SD,IL,Elbow,,,,P
117166-163681,P,Josh,Josh Winckowski,Winckowski,7.833333333333333,6,6000,NYM@BOS,BOS,NYM,IL,Elbow,,,,P
117166-102342,P,Michael,Michael Grove,Grove,6.325,40,6000,ARI@LAD,LAD,ARI,IL,Shoulder,,,,P
117166-178306,P,Bryan,Bryan Hoeing,Hoeing,7.405405405405405,37,5900,SD@TOR,SD,TOR,IL,Shoulder,,,,P
117166-203266,P,Jake,Jake Bloss,Bloss,13.666666666666666,3,5900,SD@TOR,TOR,SD,IL,Elbow,,,,P
117166-119449,P,Jackson,Jackson Rutledge,Rutledge,7.857142857142857,14,5900,ATL@WSH,WSH,ATL,,,,,,P
117166-197907,P,Brady,Brady Basso,Basso,14.857142857142858,7,5900,LAA@ATH,ATH,LAA,IL,Shoulder,,,,P
117166-52873,P,Joe,Joe Ross,Ross,5.866666666666666,16,5900,PHI@COL,PHI,COL,,,,,,P
117166-163675,P,Noah,Noah Davis,Davis,4,3,5900,ARI@LAD,LAD,ARI,,,,,,P
117166-158858,P,Justin,Justin Bruihl,Bruihl,2,7,5800,SD@TOR,TOR,SD,,,,,,P
117166-226881,P,Carson,Carson Palmquist,Palmquist,-3,1,5800,PHI@COL,COL,PHI,,,,Yes,,P
117166-102487,P,Austin,Austin Cox,Cox,,0,5700,ATL@WSH,ATL,WSH,,,,,,P
117166-119431,P,Seth,Seth Johnson,Johnson,-20,1,5700,PHI@COL,PHI,COL,,,,,,P
117166-164511,P,Dylan,Dylan Dodd,Dodd,6,1,5700,ATL@WSH,ATL,WSH,,,,,,P
117166-101838,P,JT,JT Brubaker,Brubaker,0,3,5700,TEX@NYY,NYY,TEX,IL,Ribs,,,,P
117166-161275,P,Kyle,Kyle Tyler,Tyler,14.125,8,5700,PHI@COL,PHI,COL,,,,,,P
117166-165600,P,Jake,Jake Eder,Eder,1.3333333333333333,3,5700,LAA@ATH,LAA,ATH,,,,,,P
117166-82539,P,Jalen,Jalen Beeks,Beeks,5.318181818181818,22,5600,ARI@LAD,ARI,LAD,,,,,,P
117166-79873,P,Dylan,Dylan Covey,Covey,0,2,5500,ATL@WSH,ATL,WSH,,,,,,P
117166-178184,P,Kevin,Kevin Herget,Herget,6,1,5500,ATL@WSH,ATL,WSH,,,,,,P
117166-102419,P,Cole,Cole Winn,Winn,10,1,5500,TEX@NYY,TEX,NYY,,,,,,P
117166-135192,P,Ryan,Ryan Thompson,Thompson,3.6315789473684212,19,5500,ARI@LAD,ARI,LAD,,,,,,P
117166-102426,P,Adam,Adam Kloffenstein,Kloffenstein,3,1,5500,SD@TOR,TOR,SD,,,,,,P
117166-102428,P,Eric,Eric Pardinho,Pardinho,,0,5500,SD@TOR,TOR,SD,,,,,,P
117166-135196,P,Tyler,Tyler Zuber,Zuber,9.5,2,5500,NYM@BOS,NYM,BOS,,,,,,P
117166-102455,P,Cory,Cory Abbott,Abbott,0,1,5500,TEX@NYY,TEX,NYY,,,,,,P
117166-190516,P,Daysbel,Daysbel Hernandez,Hernandez,5.684210526315789,19,5500,ATL@WSH,ATL,WSH,,,,,,P
117166-135221,P,Cade,Cade Cavalli,Cavalli,0,1,5500,ATL@WSH,WSH,ATL,,,,,,P
117166-135226,P,Wes,Wes Benjamin,Benjamin,,0,5500,SD@TOR,SD,TOR,,,,,,P
117166-79936,P,Mark,Mark Leiter Jr.,Leiter Jr.,6.2272727272727275,22,5500,TEX@NYY,NYY,TEX,,,,,,P
117166-104512,P,Geoff,Geoff Hartlieb,Hartlieb,4.2,5,5500,TEX@NYY,NYY,TEX,,,,,,P
117166-102469,P,Ben,Ben Bowden,Bowden,,0,5500,LAA@ATH,ATH,LAA,,,,,,P
117166-135236,P,Max,Max Kranick,Kranick,6.631578947368421,19,5500,NYM@BOS,NYM,BOS,,,,,,P
117166-102470,P,Rico,Rico Garcia,Garcia,,0,5500,NYM@BOS,NYM,BOS,,,,,,P
117166-102479,P,Lincoln,Lincoln Henzman,Henzman,,0,5500,LAA@ATH,ATH,LAA,,,,,,P
117166-149587,P,Jay,Jay Flaa,Flaa,,0,5500,ATL@WSH,ATL,WSH,,,,,,P
117166-135249,P,Bryce,Bryce Jarvis,Jarvis,5.166666666666667,6,5500,ARI@LAD,ARI,LAD,,,,,,P
117166-135253,P,Alex,Alex Vesia,Vesia,5.791666666666667,24,5500,ARI@LAD,LAD,ARI,,,,,,P
117166-102489,P,Carlos,Carlos Hernandez,Hernandez,3.6666666666666665,18,5500,PHI@COL,PHI,COL,,,,,,P
117166-135256,P,Connor,Connor Brogdon,Brogdon,1.6666666666666667,3,5500,LAA@ATH,LAA,ATH,,,,,,P
117166-102501,P,Braydon,Braydon Fisher,Fisher,8.25,4,5500,SD@TOR,TOR,SD,,,,,,P
117166-102500,P,Robert,Robert Dugger,Dugger,,0,5500,TEX@NYY,TEX,NYY,,,,,,P
117166-135279,P,Codi,Codi Heuer,Heuer,,0,5500,TEX@NYY,TEX,NYY,,,,,,P
117166-161907,P,Dylan,Dylan Lee,Lee,5,22,5500,ATL@WSH,ATL,WSH,,,,,,P
117166-159857,P,Jose,Jose Marte,Marte,6.071428571428571,14,5500,NYM@BOS,NYM,BOS,O,Shoulder,,,,P
117166-209026,P,Parker,Parker Dunshee,Dunshee,1,1,5500,ATL@WSH,WSH,ATL,,,,,,P
117166-135304,P,Tyler,Tyler Baum,Baum,,0,5500,LAA@ATH,ATH,LAA,,,,,,P
117166-73866,P,Wandy,Wandy Peralta,Peralta,3.85,20,5500,SD@TOR,SD,TOR,,,,,,P
117166-73869,P,Joe,Joe Mantiply,Mantiply,0.2,10,5500,ARI@LAD,ARI,LAD,,,,,,P
117166-102542,P,Travis,Travis MacGregor,MacGregor,,0,5500,TEX@NYY,TEX,NYY,,,,,,P
117166-135312,P,Kyle,Kyle Nelson,Nelson,3.727272727272727,11,5500,ARI@LAD,ARI,LAD,,,,,,P
117166-135313,P,Nick,Nick Sandlin,Sandlin,4.8,10,5500,SD@TOR,TOR,SD,IL,Lat,,,,P
117166-184482,P,Hobie,Hobie Harris,Harris,,0,5500,NYM@BOS,BOS,NYM,IL,Shoulder,,,,P
117166-80034,P,Jose,Jose Alvarado,Alvarado,7.05,20,5500,PHI@COL,PHI,COL,NA,Suspension,,,,P
117166-12452,P,Kenley,Kenley Jansen,Jansen,4,17,5500,LAA@ATH,LAA,ATH,,,,,,P
117166-102568,P,Colin,Colin Poche,Poche,2.230769230769231,13,5500,NYM@BOS,NYM,BOS,,,,,,P
117166-135339,P,Clayton,Clayton Beeter,Beeter,6.666666666666667,3,5500,TEX@NYY,NYY,TEX,,,,,,P
117166-102570,P,Sandy,Sandy Gaston,Gaston,,0,5500,LAA@ATH,LAA,ATH,,,,,,P
117166-209078,P,Max,Max Lazar,Lazar,3,1,5500,PHI@COL,PHI,COL,,,,,,P
117166-102593,P,Gerardo,Gerardo Carrillo,Carrillo,,0,5500,TEX@NYY,TEX,NYY,,,,,,P
117166-135361,P,Nabil,Nabil Crismatt,Crismatt,7.8,5,5500,PHI@COL,PHI,COL,,,,,,P
117166-145627,P,Lucas,Lucas Gilbreath,Gilbreath,-7.5,3,5500,PHI@COL,COL,PHI,,,,,,P
117166-145630,P,Kervin,Kervin Castro,Castro,,0,5500,TEX@NYY,NYY,TEX,,,,,,P
117166-145629,P,Mason,Mason Thompson,Thompson,0,1,5500,ATL@WSH,WSH,ATL,IL,Elbow,,,,P
117166-178411,P,Michael,Michael Plassmeyer,Plassmeyer,0,1,5500,TEX@NYY,TEX,NYY,,,,,,P
117166-205032,P,Daniel,Daniel Robert,Robert,2.5,2,5500,PHI@COL,PHI,COL,,,,,,P
117166-198901,P,Chase,Chase Hampton,Hampton,,0,5500,TEX@NYY,NYY,TEX,IL,Elbow,,,,P
117166-198915,P,Luis,Luis Morales,Morales,,0,5500,LAA@ATH,ATH,LAA,,,,,,P
117166-194816,P,Kyle,Kyle Hurt,Hurt,8.666666666666666,5,5500,ARI@LAD,LAD,ARI,IL,Elbow,,,,P
117166-225559,P,Juan,Juan Morillo,Morillo,4.75,12,5500,ARI@LAD,ARI,LAD,,,,,,P
117166-65817,P,Scott,Scott McGough,McGough,7,3,5500,ARI@LAD,ARI,LAD,,,,,,P
117166-203075,P,Michael,Michael Petersen,Petersen,9,1,5500,ATL@WSH,ATL,WSH,,,,,,P
117166-211265,P,Seth,Seth Halvorsen,Halvorsen,4.052631578947368,19,5500,PHI@COL,COL,PHI,,,,,,P
117166-174406,P,Huascar,Huascar Brazoban,Brazoban,7.809523809523809,21,5500,NYM@BOS,NYM,BOS,,,,,,P
117166-209224,P,Orlando,Orlando Ribalta,Ribalta,6.5,4,5500,ATL@WSH,WSH,ATL,IL,Biceps,,,,P
117166-170323,P,Nick,Nick Vespi,Vespi,4.7272727272727275,11,5500,PHI@COL,PHI,COL,,,,,,P
117166-135530,P,Brett,Brett de Geus,de Geus,2.1538461538461537,13,5500,PHI@COL,PHI,COL,,,,,,P
117166-57717,P,Buck,Buck Farmer,Farmer,6.049180327868853,61,5500,LAA@ATH,LAA,ATH,,,,,,P
117166-225666,P,Paxton,Paxton Schultz,Schultz,22,2,5500,SD@TOR,TOR,SD,,,,,,P
117166-225671,P,Zach,Zach Agnos,Agnos,5.1,10,5500,PHI@COL,COL,PHI,,,,,,P
117166-170384,P,Yerry,Yerry de los Santos,de los Santos,5.8,5,5500,TEX@NYY,NYY,TEX,,,,,,P
117166-61858,P,Raisel,Raisel Iglesias,Iglesias,5.105263157894737,19,5500,ATL@WSH,ATL,WSH,,,,,,P
117166-219569,P,Justin,Justin Hagenman,Hagenman,19,1,5500,NYM@BOS,NYM,BOS,,,,,,P
117166-219568,P,Rolddy,Rolddy Munoz,Munoz,,0,5500,ATL@WSH,ATL,WSH,,,,,,P
117166-158134,P,Stephen,Stephen Ridings,Ridings,,0,5500,ARI@LAD,LAD,ARI,,,,,,P
117166-80346,P,Giovanny,Giovanny Gallegos,Gallegos,4.842105263157895,21,5500,ARI@LAD,LAD,ARI,IL,Undisclosed,,,,P
117166-182750,P,Andrew,Andrew Painter,Painter,,0,5500,PHI@COL,PHI,COL,,,,,,P
117166-184829,P,McKinley,McKinley Moore,Moore,0,3,5500,TEX@NYY,NYY,TEX,,,,,,P
117166-119299,P,Drey,Drey Jameson,Jameson,2,3,5500,ARI@LAD,ARI,LAD,IL,Elbow,,,,P
117166-219658,P,Jack,Jack Dashwood,Dashwood,,0,5500,LAA@ATH,LAA,ATH,,,,,,P
117166-119310,P,Noah,Noah Song,Song,,0,5500,NYM@BOS,BOS,NYM,O,Elbow,,,,P
117166-170514,P,Jose,Jose Cuas,Cuas,4.833333333333333,13,5500,PHI@COL,PHI,COL,,,,,,P
117166-119336,P,Karl,Karl Kauffmann,Kauffmann,0,1,5500,PHI@COL,COL,PHI,,,,,,P
117166-219694,P,Winston,Winston Santos,Santos,,0,5500,TEX@NYY,TEX,NYY,IL,Back,,,,P
117166-219693,P,Emiliano,Emiliano Teodo,Teodo,,0,5500,TEX@NYY,TEX,NYY,,,,,,P
117166-178743,P,Nicholas,Nicholas Padilla,Padilla,,0,5500,PHI@COL,PHI,COL,,,,,,P
117166-219707,P,Jean,Jean Cabrera,Cabrera,,0,5500,PHI@COL,PHI,COL,,,,,,P
117166-219705,P,Moises,Moises Chace,Chace,,0,5500,PHI@COL,PHI,COL,IL,Elbow,,,,P
117166-119356,P,Oliver,Oliver Ortega,Ortega,0,1,5500,NYM@BOS,NYM,BOS,IL,Elbow,,,,P
117166-119358,P,Antoine,Antoine Kelly,Kelly,0,1,5500,PHI@COL,COL,PHI,,,,,,P
117166-72265,P,Matt,Matt Strahm,Strahm,5.666666666666667,21,5500,PHI@COL,PHI,COL,,,,,,P
117166-219723,P,Omar,Omar Cruz,Cruz,10,2,5500,SD@TOR,SD,TOR,,,,,,P
117166-219722,P,Jack,Jack Dreyer,Dreyer,8,19,5500,ARI@LAD,LAD,ARI,,,,,,P
117166-219726,P,Joe,Joe Elbis,Elbis,,0,5500,ARI@LAD,ARI,LAD,IL,Undisclosed,,,,P
117166-119375,P,Dedniel,Dedniel Nunez,Nunez,2.75,5,5500,NYM@BOS,NYM,BOS,,,,,,P
117166-219725,P,Henry,Henry Baez,Baez,,0,5500,SD@TOR,SD,TOR,,,,,,P
117166-219724,P,Ryan,Ryan Bergert,Bergert,6,4,5500,SD@TOR,SD,TOR,,,,,,P
117166-150107,P,Tommy,Tommy Nance,Nance,4.65,20,5500,SD@TOR,TOR,SD,,,,,,P
117166-225880,P,Nathan,Nathan Wiles,Wiles,-3,1,5500,ATL@WSH,ATL,WSH,,,,,,P
117166-16989,P,Wilking,Wilking Rodriguez,Rodriguez,,0,5500,TEX@NYY,NYY,TEX,,,,,,P
117166-80476,P,Jackson,Jackson Stephens,Stephens,4.333333333333333,3,5500,ATL@WSH,ATL,WSH,,,,,,P
117166-119388,P,Junior,Junior Santos,Santos,,0,5500,ATL@WSH,WSH,ATL,,,,,,P
117166-186986,P,Eduardo,Eduardo Salazar,Salazar,1.7058823529411764,17,5500,ATL@WSH,WSH,ATL,,,,,,P
117166-82541,P,Bryan,Bryan Mata,Mata,0,2,5500,NYM@BOS,BOS,NYM,,,,,,P
117166-156272,P,Reiss,Reiss Knehr,Knehr,0,1,5500,SD@TOR,SD,TOR,,,,,,P
117166-180848,P,Angel,Angel Felipe,Felipe,0,2,5500,LAA@ATH,LAA,ATH,IL,Elbow,,,,P
117166-82546,P,Adbert,Adbert Alzolay,Alzolay,3.888888888888889,18,5500,NYM@BOS,NYM,BOS,IL,Elbow,,,,P
117166-82549,P,Brendon,Brendon Little,Little,7.3478260869565215,24,5500,SD@TOR,TOR,SD,,,,,,P
117166-119413,P,Isaiah,Isaiah Campbell,Campbell,0.25,8,5500,NYM@BOS,BOS,NYM,,,,,,P
117166-12939,P,Casey,Casey Kelly,Kelly,9.5,2,5500,ARI@LAD,ARI,LAD,,,,,,P
117166-12943,P,Shelby,Shelby Miller,Miller,6.238095238095238,21,5500,ARI@LAD,ARI,LAD,,,,,,P
117166-164500,P,Ryan,Ryan Cusick,Cusick,,0,5500,LAA@ATH,ATH,LAA,,,,,,P
117166-119446,P,Andry,Andry Lara,Lara,,0,5500,ATL@WSH,WSH,ATL,,,,,,P
117166-164510,P,Victor,Victor Vodnik,Vodnik,4,9,5500,PHI@COL,COL,PHI,IL,Shoulder,,,,P
117166-164517,P,Chris,Chris Murphy,Murphy,0,2,5500,NYM@BOS,BOS,NYM,IL,Elbow,,,,P
117166-17065,P,Blake,Blake Treinen,Treinen,5.625,8,5500,ARI@LAD,LAD,ARI,IL,Forearm,,,,P
117166-84651,P,Austin,Austin Davis,Davis,2.5714285714285716,7,5500,SD@TOR,SD,TOR,,,,,,P
117166-187110,P,Ben,Ben Joyce,Joyce,2.6,5,5500,LAA@ATH,LAA,ATH,IL,Shoulder,,,,P
117166-53990,P,Shawn,Shawn Armstrong,Armstrong,5.411764705882353,18,5500,TEX@NYY,TEX,NYY,,,,,,P
117166-84727,P,Drew,Drew Smith,Smith,5.7894736842105265,19,5500,NYM@BOS,NYM,BOS,IL,Elbow,,,,P
117166-84731,P,Evan,Evan Phillips,Phillips,5,7,5500,ARI@LAD,LAD,ARI,IL,Elbow,,,,P
117166-84732,P,Robert,Robert Stock,Stock,3,1,5500,NYM@BOS,BOS,NYM,,,,,,P
117166-13055,P,Anthony,Anthony Gose,Gose,3.3333333333333335,3,5500,NYM@BOS,NYM,BOS,,,,,,P
117166-211737,P,Luis,Luis Guerrero,Guerrero,7,3,5500,NYM@BOS,BOS,NYM,,,,,,P
117166-201506,P,Tyler,Tyler Ferguson,Ferguson,4.090909090909091,22,5500,LAA@ATH,ATH,LAA,,,,,,P
117166-193326,P,Jacob,Jacob Lopez,Lopez,9.75,4,5500,LAA@ATH,ATH,LAA,,,,,,P
117166-178997,P,Greg,Greg Weissert,Weissert,5.045454545454546,22,5500,NYM@BOS,BOS,NYM,,,,,,P
117166-13118,P,Justin,Justin Wilson,Wilson,4.95,20,5500,NYM@BOS,BOS,NYM,,,,,,P
117166-119622,P,Matt,Matt Allan,Allan,,0,5500,NYM@BOS,NYM,BOS,,,,,,P
117166-70482,P,J.B.,J.B. Wendelken,Wendelken,,0,5500,SD@TOR,SD,TOR,,,,,,P
117166-213851,P,Domingo,Domingo Gonzalez,Gonzalez,,0,5500,ATL@WSH,ATL,WSH,,,,,,P
117166-11108,P,Aroldis,Aroldis Chapman,Chapman,6.714285714285714,21,5500,NYM@BOS,BOS,NYM,,,,,,P
117166-189299,P,Victor,Victor Mederos,Mederos,9,1,5500,LAA@ATH,LAA,ATH,,,,,,P
117166-70517,P,Chad,Chad Green,Green,4.809523809523809,21,5500,SD@TOR,TOR,SD,,,,,,P
117166-15225,P,Liam,Liam Hendriks,Hendriks,4.7,10,5500,NYM@BOS,BOS,NYM,,,,,,P
117166-23437,P,Brooks,Brooks Raley,Raley,6.75,8,5500,NYM@BOS,NYM,BOS,IL,Elbow,,,,P
117166-170895,P,Jake,Jake Bird,Bird,9.473684210526315,19,5500,PHI@COL,COL,PHI,,,,,,P
117166-82836,P,Julian,Julian Fernandez,Fernandez,,0,5500,ARI@LAD,LAD,ARI,,,,,,P
117166-68510,P,Amir,Amir Garrett,Garrett,6.666666666666667,8,5500,SD@TOR,TOR,SD,IL,Undisclosed,,,,P
117166-80801,P,Hoby,Hoby Milner,Milner,5.473684210526316,19,5500,TEX@NYY,TEX,NYY,,,,,,P
117166-179118,P,Zack,Zack Kelly,Kelly,6.5,7,5500,NYM@BOS,BOS,NYM,,,,,,P
117166-68527,P,Jose,Jose De Leon,De Leon,,0,5500,NYM@BOS,BOS,NYM,,,,,,P
117166-52148,P,Pierce,Pierce Johnson,Johnson,5.052631578947368,19,5500,ATL@WSH,ATL,WSH,,,,,,P
117166-52152,P,Robert,Robert Stephenson,Stephenson,0,2,5500,LAA@ATH,LAA,ATH,IL,Elbow,,,,P
117166-175032,P,Brennan,Brennan Bernardino,Bernardino,5.842105263157895,20,5500,NYM@BOS,BOS,NYM,,,,,,P
117166-179129,P,Jeremiah,Jeremiah Estrada,Estrada,6.454545454545454,22,5500,SD@TOR,SD,TOR,,,,,,P
117166-68548,P,Edwin,Edwin Diaz,Diaz,6.666666666666667,18,5500,NYM@BOS,NYM,BOS,,,,,,P
117166-68556,P,Dillon,Dillon Tate,Tate,5.6,5,5500,SD@TOR,TOR,SD,,,,,,P
117166-68561,P,Luke,Luke Weaver,Weaver,6.578947368421052,19,5500,TEX@NYY,NYY,TEX,,,,,,P
117166-193498,P,John,John McMillon,McMillon,9,10,5500,PHI@COL,PHI,COL,,,,,,P
117166-52192,P,Luke,Luke Jackson,Jackson,3.5625,18,5500,TEX@NYY,TEX,NYY,,,,,,P
117166-70629,P,Jacob,Jacob Barnes,Barnes,2.5,6,5500,SD@TOR,TOR,SD,,,,,,P
117166-213995,P,Luis,Luis Curvelo,Curvelo,,0,5500,TEX@NYY,TEX,NYY,,,,,,P
117166-82922,P,Tyler,Tyler Kinley,Kinley,3.45,20,5500,PHI@COL,COL,PHI,,,,,,P
117166-82924,P,Tim,Tim Hill,Hill,4.55,21,5500,TEX@NYY,NYY,TEX,,,,,,P
117166-70649,P,Adrian,Adrian Sampson,Sampson,0,1,5500,ATL@WSH,WSH,ATL,,,,,,P
117166-226310,P,Jose,Jose Fermin,Fermin,4.888888888888889,9,5500,LAA@ATH,LAA,ATH,IL,Elbow,,,,P
117166-168965,P,Tanner,Tanner Banks,Banks,5.65,20,5500,PHI@COL,PHI,COL,,,,,,P
117166-171020,P,Michael,Michael Kelly,Kelly,5.392857142857143,28,5500,LAA@ATH,ATH,LAA,NA,Suspension,,,,P
117166-82986,P,Colten,Colten Brewer,Brewer,5.5625,16,5500,TEX@NYY,NYY,TEX,,,,,,P
117166-82998,P,Lou,Lou Trivino,Trivino,5.333333333333333,12,5500,ARI@LAD,LAD,ARI,,,,,,P
117166-212025,P,Zach,Zach Penrod,Penrod,3,7,5500,NYM@BOS,BOS,NYM,IL,Elbow,,,,P
117166-58434,P,Kendall,Kendall Graveman,Graveman,3.75,4,5500,ARI@LAD,ARI,LAD,,,,,,P
117166-154688,P,Jake,Jake Cousins,Cousins,6.4186046511627906,43,5500,TEX@NYY,NYY,TEX,IL,Forearm,,,,P
117166-169030,P,Zach,Zach Jackson,Jackson,,0,5500,LAA@ATH,ATH,LAA,,,,,,P
117166-11333,P,Craig,Craig Kimbrel,Kimbrel,5.803571428571429,57,5500,ATL@WSH,ATL,WSH,,,,,,P
117166-179275,P,Fernando,Fernando Cruz,Cruz,7.666666666666667,21,5500,TEX@NYY,NYY,TEX,,,,,,P
117166-189528,P,Robert,Robert Garcia,Garcia,4.416666666666667,24,5500,TEX@NYY,TEX,NYY,,,,,,P
117166-189529,P,Alek,Alek Jacob,Jacob,4.5,20,5500,SD@TOR,SD,TOR,,,,,,P
117166-195682,P,Orion,Orion Kerkering,Kerkering,4.75,20,5500,PHI@COL,PHI,COL,,,,,,P
117166-195681,P,Jose,Jose Espada,Espada,,0,5500,SD@TOR,SD,TOR,,,,,,P
117166-226411,P,David,David Morgan,Morgan,,0,5500,SD@TOR,SD,TOR,,,,,,P
117166-85108,P,Enyel,Enyel De Los Santos,De Los Santos,5.526315789473684,19,5500,ATL@WSH,ATL,WSH,,,,,,P
117166-201853,P,Ryan,Ryan Loutos,Loutos,0,1,5500,ARI@LAD,LAD,ARI,,,,,,P
117166-187521,P,Joe,Joe Jacques,Jacques,3,2,5500,ARI@LAD,LAD,ARI,,,,,,P
117166-179339,P,Bryce,Bryce Montes de Oca,Montes de Oca,,0,5500,NYM@BOS,NYM,BOS,IL,Elbow,,,,P
117166-38036,P,T.J.,T.J. McFarland,McFarland,1.3888888888888888,18,5500,LAA@ATH,ATH,LAA,IL,Groin,,,,P
117166-21653,P,Hector,Hector Neris,Neris,2.857142857142857,9,5500,LAA@ATH,LAA,ATH,,,,,,P
117166-81044,P,Austin,Austin Adams,Adams,4.2727272727272725,56,5500,NYM@BOS,BOS,NYM,,,,,,P
117166-152734,P,Zach,Zach Thompson,Thompson,10,2,5500,ATL@WSH,ATL,WSH,,,,,,P
117166-195748,P,Kelvin,Kelvin Caceres,Caceres,0,2,5500,LAA@ATH,LAA,ATH,,,,,,P
117166-154794,P,Joe,Joe Barlow,Barlow,,0,5500,TEX@NYY,TEX,NYY,,,,,,P
117166-160939,P,Jacob,Jacob Latz,Latz,7.166666666666667,7,5500,TEX@NYY,TEX,NYY,,,,,,P
117166-83116,P,Wander,Wander Suero,Suero,0,1,5500,ATL@WSH,ATL,WSH,,,,,,P
117166-83145,P,Jose,Jose Castillo,Castillo,1.1666666666666667,6,5500,NYM@BOS,NYM,BOS,,,,,,P
117166-66765,P,Jorge,Jorge Lopez,Lopez,4.5,23,5500,ATL@WSH,WSH,ATL,,,,,,P
117166-206028,P,River,River Ryan,Ryan,28,4,5500,ARI@LAD,LAD,ARI,IL,Elbow,,,,P
117166-83159,P,Diego,Diego Castillo,Castillo,5.571428571428571,7,5500,PHI@COL,COL,PHI,,,,,,P
117166-38106,P,Kirby,Kirby Yates,Yates,6.666666666666667,22,5500,ARI@LAD,LAD,ARI,IL,Hamstring,,,,P
117166-83163,P,Jonathan,Jonathan Loaisiga,Loaisiga,6,2,5500,TEX@NYY,NYY,TEX,,,,,,P
117166-79066,P,Anthony,Anthony Banda,Banda,5.045454545454546,22,5500,ARI@LAD,LAD,ARI,,,,,,P
117166-60640,P,Nick,Nick Burdi,Burdi,5,2,5500,NYM@BOS,BOS,NYM,,,,,,P
117166-79084,P,Tanner,Tanner Scott,Scott,5.363636363636363,22,5500,ARI@LAD,LAD,ARI,,,,,,P
117166-60656,P,Jeff,Jeff Hoffman,Hoffman,6.904761904761905,21,5500,SD@TOR,TOR,SD,,,,,,P
117166-197873,P,Zach,Zach Brzykcy,Brzykcy,1.8333333333333333,6,5500,ATL@WSH,WSH,ATL,,,,,,P
117166-197879,P,Juan,Juan Mejia,Mejia,6.833333333333333,6,5500,PHI@COL,COL,PHI,,,,,,P
117166-146679,P,Chris,Chris McMahon,McMahon,,0,5500,PHI@COL,COL,PHI,IL,Undisclosed,,,,P
117166-79095,P,Jay,Jay Groome,Groome,0,1,5500,SD@TOR,SD,TOR,NA,Suspension,,,,P
117166-197877,P,Cristian,Cristian Mena,Mena,26,1,5500,ARI@LAD,ARI,LAD,,,,,,P
117166-197880,P,Angel,Angel Chivilli,Chivilli,5.444444444444445,18,5500,PHI@COL,COL,PHI,,,,,,P
117166-197891,P,Michael,Michael Arias,Arias,0,2,5500,TEX@NYY,NYY,TEX,IL,Undisclosed,,,,P
117166-197890,P,Marc,Marc Church,Church,4.6,5,5500,TEX@NYY,TEX,NYY,IL,Oblique,,,,P
117166-85255,P,Shaun,Shaun Anderson,Anderson,16.333333333333332,3,5500,LAA@ATH,LAA,ATH,,,,,,P
117166-197893,P,Jose,Jose Corniell,Corniell,0,1,5500,TEX@NYY,TEX,NYY,IL,Elbow,,,,P
117166-85263,P,CD,CD Pelham,Pelham,,0,5500,LAA@ATH,ATH,LAA,,,,,,P
117166-197900,P,Luis,Luis Perales,Perales,0,2,5500,NYM@BOS,BOS,NYM,IL,Elbow,,,,P
117166-146706,P,Robert,Robert Dominguez,Dominguez,,0,5500,NYM@BOS,NYM,BOS,,,,,,P
117166-197906,P,Royber,Royber Salinas,Salinas,0,1,5500,ATL@WSH,ATL,WSH,IL,Shoulder,,,,P
117166-79124,P,Joe,Joe Jimenez,Jimenez,5.855072463768116,70,5500,ATL@WSH,ATL,WSH,IL,Knee,,,,P
117166-187669,P,Ty,Ty Adcock,Adcock,1,1,5500,NYM@BOS,NYM,BOS,,,,,,P
117166-197916,P,Anthony,Anthony Maldonado,Maldonado,1.5,2,5500,LAA@ATH,ATH,LAA,,,,,,P
117166-83232,P,Jason,Jason Adam,Adam,7.545454545454546,22,5500,SD@TOR,SD,TOR,,,,,,P
117166-116002,P,Joel,Joel Kuhnel,Kuhnel,5,6,5500,PHI@COL,PHI,COL,,,,,,P
117166-146721,P,Jeff,Jeff Criswell,Criswell,9.846153846153847,13,5500,PHI@COL,COL,PHI,IL,Elbow,,,,P
117166-146727,P,Justin,Justin Lange,Lange,,0,5500,TEX@NYY,NYY,TEX,IL,Shoulder,,,,P
117166-79144,P,Scott,Scott Blewett,Blewett,10.454545454545455,11,5500,ATL@WSH,ATL,WSH,,,,,,P
117166-85288,P,Brusdar,Brusdar Graterol,Graterol,4.4,10,5500,ARI@LAD,LAD,ARI,IL,Shoulder,,,,P
117166-146737,P,Cole,Cole Henry,Henry,6.071428571428571,14,5500,ATL@WSH,WSH,ATL,,,,,,P
117166-146740,P,CJ,CJ Van Eyk,Van Eyk,,0,5500,SD@TOR,TOR,SD,,,,,,P
117166-193844,P,Evan,Evan Justice,Justice,4,1,5500,PHI@COL,COL,PHI,,,,,,P
117166-79172,P,Luis,Luis Ortiz,Ortiz,-4,3,5500,NYM@BOS,NYM,BOS,IL,Elbow,,,,P
117166-21846,P,Chris,Chris Devenski,Devenski,6,1,5500,NYM@BOS,NYM,BOS,,,,,,P
117166-118106,P,Victor,Victor Gonzalez,Gonzalez,3.1481481481481484,27,5500,LAA@ATH,LAA,ATH,IL,Undisclosed,,,,P
117166-38240,P,Rafael,Rafael Montero,Montero,4.5,18,5500,ATL@WSH,ATL,WSH,,,,,,P
117166-222565,P,Shinnosuke,Shinnosuke Ogasawara,Ogasawara,,0,5500,ATL@WSH,WSH,ATL,IL,Oblique,,,,P
117166-79209,P,A.J.,A.J. Puk,Puk,6.375,8,5500,ARI@LAD,ARI,LAD,IL,Elbow,,,,P
117166-38251,P,Hunter,Hunter Strickland,Strickland,3,1,5500,LAA@ATH,LAA,ATH,,,,,,P
117166-118122,P,Angel,Angel Perdomo,Perdomo,2.5,4,5500,LAA@ATH,ATH,LAA,,,,,,P
117166-79220,P,Kevin,Kevin Gowdy,Gowdy,,0,5500,SD@TOR,TOR,SD,,,,,,P
117166-159099,P,Connor,Connor Overton,Overton,0,2,5500,SD@TOR,TOR,SD,IL,Undisclosed,,,,P
117166-79227,P,Adrian,Adrian Morejon,Morejon,4.190476190476191,21,5500,SD@TOR,SD,TOR,,,,,,P
117166-181651,P,Matt,Matt Krook,Krook,6,2,5500,LAA@ATH,ATH,LAA,,,,,,P
117166-202139,P,Jack,Jack O'Loughlin,O'Loughlin,8,4,5500,PHI@COL,COL,PHI,,,,,,P
117166-79258,P,Ryne,Ryne Stanek,Stanek,4.5,20,5500,NYM@BOS,NYM,BOS,,,,,,P
117166-38303,P,Andrew,Andrew Chafin,Chafin,4.375,9,5500,ATL@WSH,WSH,ATL,,,,,,P
117166-181664,P,Sean,Sean Reynolds,Reynolds,7.5,4,5500,SD@TOR,SD,TOR,,,,,,P
117166-118184,P,Enoli,Enoli Paredes,Paredes,5.944444444444445,18,5500,ATL@WSH,ATL,WSH,,,,,,P
117166-79275,P,Sean,Sean Reid-Foley,Reid-Foley,5.826086956521739,23,5500,NYM@BOS,NYM,BOS,,,,,,P
117166-101803,P,Jacob,Jacob Webb,Webb,5,20,5500,TEX@NYY,TEX,NYY,,,,,,P
117166-101802,P,Patrick,Patrick Weigel,Weigel,,0,5500,ATL@WSH,WSH,ATL,,,,,,P
117166-101815,P,Jimmy,Jimmy Herget,Herget,4.9411764705882355,17,5500,PHI@COL,COL,PHI,,,,,,P
117166-101819,P,Jose,Jose Suarez,Suarez,12.333333333333334,3,5500,ATL@WSH,ATL,WSH,,,,,,P
117166-202175,P,Gerson,Gerson Garabito,Garabito,8,3,5500,TEX@NYY,TEX,NYY,,,,,,P
117166-40382,P,Luis,Luis Garcia,Garcia,4.521739130434782,23,5500,ARI@LAD,LAD,ARI,,,,,,P
117166-101822,P,Josh,Josh Sborz,Sborz,5.6875,17,5500,TEX@NYY,TEX,NYY,IL,Shoulder,,,,P
117166-101825,P,Jose,Jose Quijada,Quijada,5.5,22,5500,LAA@ATH,LAA,ATH,,,,,,P
117166-101826,P,Jordan,Jordan Holloway,Holloway,,0,5500,LAA@ATH,LAA,ATH,,,,,,P
117166-101829,P,Trey,Trey Supak,Supak,,0,5500,TEX@NYY,TEX,NYY,,,,,,P
117166-118221,P,J.P.,J.P. Feyereisen,Feyereisen,3,4,5500,ARI@LAD,LAD,ARI,,,,,,P
117166-101845,P,Genesis,Genesis Cabrera,Cabrera,4.6,5,5500,NYM@BOS,NYM,BOS,,,,,,P
117166-101846,P,Erik,Erik Swanson,Swanson,3.977272727272727,45,5500,SD@TOR,TOR,SD,IL,Forearm,,,,P
117166-101851,P,Brock,Brock Burke,Burke,3.95,20,5500,LAA@ATH,LAA,ATH,,,,,,P
117166-101856,P,Patrick,Patrick Murphy,Murphy,,0,5500,TEX@NYY,TEX,NYY,IL,Undisclosed,,,,P
117166-95737,P,Ian,Ian Hamilton,Hamilton,6.076923076923077,13,5500,TEX@NYY,NYY,TEX,,,,,,P
117166-161273,P,Scott,Scott Effross,Effross,3.3333333333333335,3,5500,TEX@NYY,NYY,TEX,,,,,,P
117166-52733,P,Scott,Scott Alexander,Alexander,2,18,5500,PHI@COL,COL,PHI,,,,,,P
117166-95757,P,Andrew,Andrew Vasquez,Vasquez,,0,5500,LAA@ATH,LAA,ATH,,,,,,P
117166-138767,P,Jesus,Jesus Cruz,Cruz,,0,5500,LAA@ATH,LAA,ATH,,,,,,P
117166-138764,P,Brandon,Brandon Leibrandt,Leibrandt,6.5,2,5500,TEX@NYY,NYY,TEX,,,,,,P
117166-101904,P,Jordan,Jordan Romano,Romano,3.888888888888889,19,5500,PHI@COL,PHI,COL,,,,,,P
117166-210448,P,Luis,Luis Peralta,Peralta,2.7777777777777777,9,5500,PHI@COL,COL,PHI,,,,,,P
117166-101911,P,Reed,Reed Garrett,Garrett,5.684210526315789,20,5500,NYM@BOS,NYM,BOS,,,,,,P
117166-71190,P,Jose,Jose Leclerc,Leclerc,3.3,10,5500,LAA@ATH,ATH,LAA,IL,Lat,,,,P
117166-79390,P,Michael,Michael Kopech,Kopech,6.302631578947368,77,5500,ARI@LAD,LAD,ARI,IL,Shoulder,,,,P
117166-95774,P,Jeff,Jeff Brigham,Brigham,,0,5500,ARI@LAD,ARI,LAD,,,,,,P
117166-210475,P,Ryan,Ryan Zeferjahn,Zeferjahn,5.526315789473684,19,5500,LAA@ATH,LAA,ATH,,,,,,P
117166-5673,P,Jesse,Jesse Chavez,Chavez,6,2,5500,ATL@WSH,ATL,WSH,,,,,,P
117166-181801,P,Jose A.,Jose A. Ferrer,Ferrer,4.12,25,5500,ATL@WSH,WSH,ATL,,,,,,P
117166-71218,P,Dylan,Dylan Floro,Floro,4.671875,66,5500,LAA@ATH,ATH,LAA,,,,,,P
117166-181815,P,Brent,Brent Headrick,Headrick,10.75,4,5500,TEX@NYY,NYY,TEX,,,,,,P
117166-181826,P,Colby,Colby White,White,0,1,5500,TEX@NYY,NYY,TEX,,,,,,P
117166-222790,P,Jose,Jose Rodriguez,Rodriguez,,0,5500,ARI@LAD,LAD,ARI,,,,,,P
117166-181828,P,Kolton,Kolton Ingram,Ingram,,0,5500,ATL@WSH,ATL,WSH,,,,,,P
117166-222789,P,Jackson,Jackson Ferris,Ferris,,0,5500,ARI@LAD,LAD,ARI,,,,,,P
117166-226884,P,Christian,Christian Montes De Oca,Montes De Oca,,0,5500,ARI@LAD,ARI,LAD,,,,,,P
117166-181836,P,Justin,Justin Martinez,Martinez,5.454545454545454,12,5500,ARI@LAD,ARI,LAD,IL,Shoulder,,,,P
117166-81488,P,Jose,Jose Ruiz,Ruiz,3.769230769230769,13,5500,PHI@COL,PHI,COL,,,,,,P
117166-222807,P,Alejandro,Alejandro Rosario,Rosario,,0,5500,TEX@NYY,TEX,NYY,IL,Elbow,,,,P
117166-222814,P,Trey,Trey Yesavage,Yesavage,,0,5500,SD@TOR,TOR,SD,,,,,,P
117166-222819,P,Jonah,Jonah Tong,Tong,,0,5500,NYM@BOS,NYM,BOS,,,,,,P
117166-85600,P,Ryan,Ryan Burr,Burr,5.705882352941177,34,5500,SD@TOR,TOR,SD,IL,Shoulder,,,,P
117166-81507,P,Aaron,Aaron Bummer,Bummer,5.588235294117647,17,5500,ATL@WSH,ATL,WSH,,,,,,P
117166-222822,P,Brandon,Brandon Sproat,Sproat,,0,5500,NYM@BOS,NYM,BOS,,,,,,P
117166-222820,P,Nolan,Nolan McLean,McLean,,0,5500,NYM@BOS,NYM,BOS,,,,,,P
117166-118381,P,Kyle,Kyle Finnegan,Finnegan,4.944444444444445,18,5500,ATL@WSH,WSH,ATL,,,,,,P
117166-222830,P,Travis,Travis Sykora,Sykora,,0,5500,ATL@WSH,WSH,ATL,,,,,,P
117166-222828,P,Jacob,Jacob Webb,Webb,,0,5500,NYM@BOS,BOS,NYM,,,,,,P
117166-222833,P,Jarlin,Jarlin Susana,Susana,,0,5500,ATL@WSH,WSH,ATL,IL,Elbow,,,,P
117166-222832,P,Alex,Alex Clemmey,Clemmey,,0,5500,ATL@WSH,WSH,ATL,,,,,,P
117166-52871,P,Derek,Derek Law,Law,6.16,75,5500,ATL@WSH,WSH,ATL,IL,Forearm,,,,P
117166-165509,P,Bryce,Bryce Bonnin,Bonnin,,0,5500,TEX@NYY,TEX,NYY,,,,,,P
117166-222859,P,Cam,Cam Caminiti,Caminiti,,0,5500,ATL@WSH,ATL,WSH,,,,,,P
117166-110219,P,Sean,Sean Poppen,Poppen,,0,5500,LAA@ATH,LAA,ATH,,,,,,P
117166-190092,P,Devin,Devin Sweet,Sweet,,0,5500,PHI@COL,PHI,COL,,,,,,P
117166-220822,P,Elvis,Elvis Alvarado,Alvarado,5.5,2,5500,LAA@ATH,ATH,LAA,,,,,,P
117166-165531,P,Sam,Sam Weatherly,Weatherly,,0,5500,PHI@COL,COL,PHI,,,,,,P
117166-165529,P,Jaden,Jaden Hill,Hill,6.666666666666667,3,5500,PHI@COL,COL,PHI,,,,,,P
117166-165534,P,Norge,Norge Vera,Vera,,0,5500,LAA@ATH,ATH,LAA,,,,,,P
117166-202402,P,Justin,Justin Sterner,Sterner,6.391304347826087,23,5500,LAA@ATH,ATH,LAA,,,,,,P
117166-222881,P,Ryan,Ryan Johnson,Johnson,4.769230769230769,14,5500,LAA@ATH,LAA,ATH,,,,,,P
117166-38563,P,Yimi,Yimi Garcia,Garcia,5.4,20,5500,SD@TOR,TOR,SD,,,,,,P
117166-220838,P,Garrett,Garrett McDaniels,McDaniels,2.9,10,5500,LAA@ATH,LAA,ATH,IL,Biceps,,,,P
117166-220836,P,Angel,Angel Bastardo,Bastardo,,0,5500,SD@TOR,TOR,SD,IL,Elbow,,,,P
117166-220842,P,Eiberson,Eiberson Castellano,Castellano,,0,5500,PHI@COL,PHI,COL,IL,Undisclosed,,,,P
117166-163507,P,Alan,Alan Rangel,Rangel,,0,5500,PHI@COL,PHI,COL,,,,,,P
117166-222898,P,Mason,Mason Fluharty,Fluharty,6.333333333333333,19,5500,SD@TOR,TOR,SD,,,,,,P
117166-114356,P,Kevin,Kevin Ginkel,Ginkel,3.8181818181818183,11,5500,ARI@LAD,ARI,LAD,,,,,,P
117166-14006,P,Brian,Brian Moran,Moran,,0,5500,ATL@WSH,ATL,WSH,,,,,,P
117166-114360,P,Devin,Devin Williams,Williams,4.7368421052631575,20,5500,TEX@NYY,NYY,TEX,,,,,,P
117166-38596,P,Chris,Chris Martin,Martin,5.8,22,5500,TEX@NYY,TEX,NYY,IL,Shoulder,,,,P
117166-165577,P,Sam,Sam Bachman,Bachman,0,2,5500,LAA@ATH,LAA,ATH,,,,,,P
117166-81614,P,Thyago,Thyago Vieira,Vieira,6.111111111111111,28,5500,ARI@LAD,ARI,LAD,O,Elbow,,,,P
117166-165586,P,Mason,Mason Albright,Albright,,0,5500,PHI@COL,COL,PHI,,,,,,P
117166-188115,P,Grant,Grant Hartwig,Hartwig,4.25,6,5500,NYM@BOS,NYM,BOS,,,,,,P
117166-198354,P,Anthony,Anthony Molina,Molina,6,1,5500,PHI@COL,COL,PHI,,,,,,P
117166-165585,P,Erik,Erik Rivera,Rivera,,0,5500,NYM@BOS,BOS,NYM,,,,,,P
117166-198352,P,Shane,Shane Drohan,Drohan,0,1,5500,NYM@BOS,BOS,NYM,IL,Forearm,,,,P
117166-222928,P,Michael,Michael Darrell-Hicks,Darrell-Hicks,3.8333333333333335,6,5500,LAA@ATH,LAA,ATH,,,,,,P
117166-198356,P,Justin,Justin Slaten,Slaten,4.2631578947368425,20,5500,NYM@BOS,BOS,NYM,,,,,,P
117166-165594,P,Carlos,Carlos Duran,Duran,,0,5500,LAA@ATH,ATH,LAA,,,,,,P
117166-165595,P,Maddux,Maddux Bruns,Bruns,,0,5500,ARI@LAD,LAD,ARI,IL,Back,,,,P
117166-198361,P,Carson,Carson Coleman,Coleman,0,1,5500,TEX@NYY,NYY,TEX,IL,Undisclosed,,,,P
117166-112348,P,Cody,Cody Stashak,Stashak,,0,5500,PHI@COL,PHI,COL,,,,,,P
117166-181985,P,Guillo,Guillo Zuniga,Zuniga,4.214285714285714,15,5500,PHI@COL,PHI,COL,,,,,,P
117166-212709,P,Edgardo,Edgardo Henriquez,Henriquez,5.666666666666667,6,5500,ARI@LAD,LAD,ARI,IL,Foot,,,,P
117166-81641,P,John,John Curtiss,Curtiss,-0.6666666666666666,3,5500,ARI@LAD,ARI,LAD,,,,,,P
117166-81640,P,Yacksel,Yacksel Rios,Rios,,0,5500,NYM@BOS,NYM,BOS,IL,Undisclosed,,,,P
117166-181992,P,Jose,Jose Hernandez,Hernandez,4,8,5500,ARI@LAD,LAD,ARI,,,,,,P
117166-81642,P,A.J.,A.J. Minter,Minter,5.3076923076923075,13,5500,NYM@BOS,NYM,BOS,IL,Lat,,,,P
117166-165624,P,Dom,Dom Hamel,Hamel,,0,5500,NYM@BOS,NYM,BOS,,,,,,P
117166-165625,P,Calvin,Calvin Ziegler,Ziegler,,0,5500,NYM@BOS,NYM,BOS,O,Elbow,,,,P
117166-165628,P,Josh,Josh Walker,Walker,9,3,5500,SD@TOR,TOR,SD,,,,,,P
117166-165635,P,Brendan,Brendan Beck,Beck,,0,5500,TEX@NYY,NYY,TEX,,,,,,P
117166-165637,P,Brock,Brock Selvidge,Selvidge,,0,5500,TEX@NYY,NYY,TEX,IL,Biceps,,,,P
117166-165642,P,Mason,Mason Miller,Miller,7.3125,16,5500,LAA@ATH,ATH,LAA,,,,,,P
117166-165650,P,Grant,Grant Holman,Holman,7.333333333333333,12,5500,LAA@ATH,ATH,LAA,,,,,,P
117166-194320,P,Andrew,Andrew Saalfrank,Saalfrank,-4.5,3,5500,ARI@LAD,ARI,LAD,NA,Suspension,,,,P
117166-165649,P,Colin,Colin Peluse,Peluse,,0,5500,LAA@ATH,ATH,LAA,,,,,,P
117166-165653,P,Cristian,Cristian Hernandez,Hernandez,,0,5500,TEX@NYY,NYY,TEX,,,,,,P
117166-161563,P,Jovani,Jovani Moran,Moran,,0,5500,NYM@BOS,BOS,NYM,IL,Elbow,,,,P
117166-165671,P,Victor,Victor Lizarraga,Lizarraga,,0,5500,SD@TOR,SD,TOR,,,,,,P
117166-165674,P,Adam,Adam Macko,Macko,0,1,5500,SD@TOR,TOR,SD,O,Knee,,,,P
117166-182065,P,Zach,Zach Greene,Greene,,0,5500,TEX@NYY,NYY,TEX,,,,,,P
117166-163641,P,Ray,Ray Kerr,Kerr,11.2,10,5500,ATL@WSH,ATL,WSH,IL,Elbow,,,,P
117166-165719,P,Irv,Irv Carter,Carter,,0,5500,SD@TOR,TOR,SD,,,,,,P
117166-165722,P,Chad,Chad Dallas,Dallas,,0,5500,SD@TOR,TOR,SD,IL,Undisclosed,,,,P
117166-163673,P,Jorge,Jorge Juan,Juan,,0,5500,ATL@WSH,ATL,WSH,,,,,,P
117166-163687,P,Ron,Ron Marinaccio,Marinaccio,7.5625,16,5500,SD@TOR,SD,TOR,,,,,,P
117166-163702,P,Logan,Logan Gillaspie,Gillaspie,9,3,5500,SD@TOR,SD,TOR,IL,Oblique,,,,P
117166-190370,P,Jackson,Jackson Wolf,Wolf,0,1,5500,SD@TOR,SD,TOR,,,,,,P
117166-157600,P,Austin,Austin Warren,Warren,6,1,5500,NYM@BOS,NYM,BOS,,,,,,P
117166-102318,P,Ryan,Ryan Rolison,Rolison,1.75,4,5500,PHI@COL,COL,PHI,,,,,,P
117166-102324,P,Konnor,Konnor Pilkington,Pilkington,0,2,5500,ATL@WSH,WSH,ATL,,,,,,P
117166-163782,P,Robert,Robert Suarez,Suarez,5.1,20,5500,SD@TOR,SD,TOR,,,,,,P
117166-198619,P,Yuki,Yuki Matsui,Matsui,5.611111111111111,19,5500,SD@TOR,SD,TOR,,,,,,P
117166-202726,P,Michel,Michel Otanez,Otanez,5.666666666666667,3,5500,LAA@ATH,ATH,LAA,,,,,,P
117166-102375,P,Luis,Luis Medina,Medina,20.375,8,5500,LAA@ATH,ATH,LAA,IL,Elbow,,,,P
117166-169957,P,Danny,Danny Young,Young,5.2,10,5500,NYM@BOS,NYM,BOS,IL,Elbow,,,,P
117166-102376,P,Garrett,Garrett Whitlock,Whitlock,8.352941176470589,17,5500,NYM@BOS,BOS,NYM,,,,,,P
117166-102386,P,Steven,Steven Jennings,Jennings,,0,5500,TEX@NYY,TEX,NYY,,,,,,P
117166-102397,P,Wyatt,Wyatt Mills,Mills,,0,5500,NYM@BOS,BOS,NYM,,,,,,P
117166-102399,P,Sam,Sam Carlson,Carlson,,0,5500,ARI@LAD,LAD,ARI,,,,,,P
117166-82440,OF,Shohei,Shohei Ohtani,Ohtani,17.338298391788562,47,4800,ARI@LAD,LAD,ARI,,,,,,OF/UTIL
117166-60643,OF,Aaron,Aaron Judge,Judge,17.627659574468087,47,4800,TEX@NYY,NYY,TEX,,,,,,OF/UTIL
117166-60631,OF,Kyle,Kyle Schwarber,Schwarber,14.28125,48,4500,PHI@COL,PHI,COL,,,,,,OF/UTIL
117166-12948,1B,Bryce,Bryce Harper,Harper,12.050000508626303,48,4300,PHI@COL,PHI,COL,,,,,,C/1B/UTIL
117166-119297,OF,Corbin,Corbin Carroll,Carroll,15.081632653061224,49,4200,ARI@LAD,ARI,LAD,,,,,,OF/UTIL
117166-11334,1B,Freddie,Freddie Freeman,Freeman,14.25263093647204,38,4200,ARI@LAD,LAD,ARI,,,,,,C/1B/UTIL
117166-39151,2B/SS/OF,Mookie,Mookie Betts,Betts,12.234782343325408,46,4100,ARI@LAD,LAD,ARI,,,,,,2B/SS/OF/UTIL
117166-79393,OF,Fernando,Fernando Tatis Jr.,Tatis Jr.,13.5977783203125,45,4100,SD@TOR,SD,TOR,,,,,,OF/UTIL
117166-65881,SS,Trea,Trea Turner,Turner,10.819565482761549,46,4000,PHI@COL,PHI,COL,,,,,,SS/UTIL
117166-165666,OF,Jackson,Jackson Merrill,Merrill,12.823808942522321,21,4000,SD@TOR,SD,TOR,,,,,,OF/UTIL
117166-102438,SS,Geraldo,Geraldo Perdomo,Perdomo,12.864583333333334,48,3900,ARI@LAD,ARI,LAD,,,,,,SS/UTIL
117166-82614,1B,Pete,Pete Alonso,Alonso,12.491836236447703,49,3800,NYM@BOS,NYM,BOS,,,,,,C/1B/UTIL
117166-79282,OF,Juan,Juan Soto,Soto,11.533332824707031,48,3800,NYM@BOS,NYM,BOS,,,,,,OF/UTIL
117166-16952,SS,Francisco,Francisco Lindor,Lindor,11.84999974568685,48,3700,NYM@BOS,NYM,BOS,,,,,,SS/UTIL
117166-68522,3B,Alex,Alex Bregman,Bregman,12.977551518654337,49,3700,NYM@BOS,BOS,NYM,,,,,,3B/UTIL
117166-68585,3B,Rafael,Rafael Devers,Devers,12.994000244140626,50,3700,NYM@BOS,BOS,NYM,,,,,,3B/UTIL
117166-73023,OF,Teoscar,Teoscar Hernandez,Hernandez,13.31142839704241,35,3700,ARI@LAD,LAD,ARI,,,,,,OF/UTIL
117166-21853,2B,Ketel,Ketel Marte,Marte,11.51199951171875,25,3700,ARI@LAD,ARI,LAD,,,,,,2B/UTIL
117166-165661,OF,James,James Wood,Wood,12.857142857142858,49,3700,ATL@WSH,WSH,ATL,,,,,,OF/UTIL
117166-79756,OF,Ronald,Ronald Acuna Jr.,Acuna Jr.,11.634693379304847,49,3700,ATL@WSH,ATL,WSH,IL,Knee,,,,OF/UTIL
117166-119405,2B/SS,Bryson,Bryson Stott,Stott,10.720930232558139,43,3600,PHI@COL,PHI,COL,,,,,,2B/SS/UTIL
117166-119410,SS,CJ,CJ Abrams,Abrams,13.383332994249132,36,3600,ATL@WSH,WSH,ATL,,,,,,SS/UTIL
117166-21633,3B,Eugenio,Eugenio Suarez,Suarez,11.653061224489797,49,3600,ARI@LAD,ARI,LAD,,,,,,3B/UTIL
117166-198526,OF,Wyatt,Wyatt Langford,Langford,11.743589743589743,39,3600,TEX@NYY,TEX,NYY,,,,,,OF/UTIL
117166-198880,OF,Jordan,Jordan Beck,Beck,10.717948717948717,39,3500,PHI@COL,COL,PHI,,,,,,OF/UTIL
117166-12968,1B,Paul,Paul Goldschmidt,Goldschmidt,10.86595770653258,47,3500,TEX@NYY,NYY,TEX,,,,,,C/1B/UTIL
117166-17086,OF,Marcell,Marcell Ozuna,Ozuna,10.742222086588542,45,3500,ATL@WSH,ATL,WSH,,,,,,OF/UTIL
117166-185300,SS,Zach,Zach Neto,Neto,13.262069175983298,29,3500,LAA@ATH,LAA,ATH,,,,,,SS/UTIL
117166-13929,3B,Manny,Manny Machado,Machado,10.856521606445312,46,3500,SD@TOR,SD,TOR,,,,,,3B/UTIL
117166-108450,SS/2B/OF,Tommy,Tommy Edman,Edman,11.333333333333334,33,3500,ARI@LAD,LAD,ARI,,,,,,2B/SS/OF/UTIL
117166-135298,1B/OF,Tyler,Tyler Soderstrom,Soderstrom,10.828570930325256,49,3400,LAA@ATH,ATH,LAA,,,,,,C/1B/OF/UTIL
117166-119311,OF,Jarren,Jarren Duran,Duran,11.534694126674108,49,3400,NYM@BOS,BOS,NYM,,,,,,OF/UTIL
117166-38412,SS,Corey,Corey Seager,Seager,10.26923076923077,26,3400,TEX@NYY,TEX,NYY,IL,Hamstring,,,,SS/UTIL
117166-165527,OF/C/1B,Hunter,Hunter Goodman,Goodman,9.985106123254655,47,3400,PHI@COL,COL,PHI,,,,,,C/1B/OF/UTIL
117166-163674,SS,Ezequiel,Ezequiel Tovar,Tovar,9.269999694824218,20,3400,PHI@COL,COL,PHI,,,,,,SS/UTIL
117166-203111,C/1B,Ben,Ben Rice,Rice,11.319047473725819,42,3300,TEX@NYY,NYY,TEX,,,,,,C/1B/UTIL
117166-82527,2B,Jazz,Jazz Chisholm Jr.,Chisholm Jr.,11.196666463216145,30,3300,TEX@NYY,NYY,TEX,IL,Oblique,,,,2B/UTIL
117166-82612,OF,Brent,Brent Rooker,Rooker,10.210203832509567,49,3300,LAA@ATH,ATH,LAA,,,,,,OF/UTIL
117166-17139,C,J.T.,J.T. Realmuto,Realmuto,8.680000305175781,40,3300,PHI@COL,PHI,COL,,,,,,C/1B/UTIL
117166-13342,OF,Nick,Nick Castellanos,Castellanos,8.987499872843424,48,3300,PHI@COL,PHI,COL,,,,,,OF/UTIL
117166-146682,OF,Brenton,Brenton Doyle,Doyle,8.1,40,3300,PHI@COL,COL,PHI,,,,,,OF/UTIL
117166-146695,OF,Andy,Andy Pages,Pages,10.668889024522569,45,3300,ARI@LAD,LAD,ARI,,,,,,OF/UTIL
117166-79159,OF/1B,Cody,Cody Bellinger,Bellinger,11.046511627906977,43,3300,TEX@NYY,NYY,TEX,,,,,,C/1B/OF/UTIL
117166-79273,1B,Vladimir,Vladimir Guerrero Jr.,Guerrero Jr.,10.231914763754986,47,3300,SD@TOR,TOR,SD,,,,,,C/1B/UTIL
117166-118210,1B/2B,Jake,Jake Cronenworth,Cronenworth,10.290908813476562,22,3300,SD@TOR,SD,TOR,,,,,,C/1B/2B/UTIL
117166-79401,C,Will,Will Smith,Smith,10.75500030517578,40,3300,ARI@LAD,LAD,ARI,,,,,,C/1B/UTIL
117166-16983,OF,George,George Springer,Springer,9.849999861283736,44,3200,SD@TOR,TOR,SD,,,,,,OF/UTIL
117166-82533,OF,Daulton,Daulton Varsho,Varsho,12.766666666666667,15,3200,SD@TOR,TOR,SD,,,,,,OF/UTIL
117166-12933,OF,Mike,Mike Trout,Trout,10.544827165274784,29,3200,LAA@ATH,LAA,ATH,IL,Knee,,,,OF/UTIL
117166-119437,3B,Josh,Josh Jung,Jung,9.242500305175781,40,3200,TEX@NYY,TEX,NYY,,,,,,3B/UTIL
117166-52175,1B,Matt,Matt Olson,Olson,10.633333206176758,48,3200,ATL@WSH,ATL,WSH,,,,,,C/1B/UTIL
117166-79074,3B,Austin,Austin Riley,Riley,10.262500127156576,48,3200,ATL@WSH,ATL,WSH,,,,,,3B/UTIL
117166-79175,OF,Trent,Trent Grisham,Grisham,10.825,40,3200,TEX@NYY,NYY,TEX,,,,,,OF/UTIL
117166-79247,3B/SS/2B/OF,Edmundo,Edmundo Sosa,Sosa,7.6521739130434785,23,3200,PHI@COL,PHI,COL,,,,,,2B/3B/SS/OF/UTIL
117166-181812,OF,Wilyer,Wilyer Abreu,Abreu,10.69374974568685,48,3200,NYM@BOS,BOS,NYM,,,,,,OF/UTIL
117166-102370,3B/1B,Alec,Alec Bohm,Bohm,7.66888902452257,45,3200,PHI@COL,PHI,COL,,,,,,C/1B/3B/UTIL
117166-119337,1B/OF,Michael,Michael Toglia,Toglia,7.381249745686849,48,3100,PHI@COL,COL,PHI,,,,,,C/1B/OF/UTIL
117166-79151,OF,Taylor,Taylor Ward,Ward,10.126086691151494,46,3100,LAA@ATH,LAA,ATH,,,,,,OF/UTIL
117166-21875,OF,Max,Max Kepler,Kepler,7.933333333333334,45,3100,PHI@COL,PHI,COL,,,,,,OF/UTIL
117166-79223,1B,Josh,Josh Naylor,Naylor,10.964583079020182,48,3100,ARI@LAD,ARI,LAD,,,,,,C/1B/UTIL
117166-79272,OF,Lourdes,Lourdes Gurriel Jr.,Gurriel Jr.,9.673333062065971,45,3100,ARI@LAD,ARI,LAD,,,,,,OF/UTIL
117166-85520,OF,Adolis,Adolis Garcia,Garcia,8.3125,48,3100,TEX@NYY,TEX,NYY,,,,,,OF/UTIL
117166-206482,SS,Jacob,Jacob Wilson,Wilson,10.536170472490026,47,3100,LAA@ATH,ATH,LAA,DTD,Forearm,,,,SS/UTIL
117166-12302,OF,Giancarlo,Giancarlo Stanton,Stanton,10.454263376635174,129,3000,TEX@NYY,NYY,TEX,IL,Elbow,,,,OF/UTIL
117166-119303,C,Shea,Shea Langeliers,Langeliers,10.29534912109375,43,3000,LAA@ATH,ATH,LAA,,,,,,C/1B/UTIL
117166-82530,1B/OF,Pavin,Pavin Smith,Smith,8.286666531032987,45,3000,ARI@LAD,ARI,LAD,,,,,,C/1B/OF/UTIL
117166-119396,SS,Anthony,Anthony Volpe,Volpe,10.686956654424252,46,3000,TEX@NYY,NYY,TEX,,,,,,SS/UTIL
117166-17097,OF,Brandon,Brandon Nimmo,Nimmo,8.985106123254655,47,3000,NYM@BOS,NYM,BOS,,,,,,OF/UTIL
117166-82654,SS,Bo,Bo Bichette,Bichette,9.761701867935505,47,3000,SD@TOR,TOR,SD,,,,,,SS/UTIL
117166-68514,3B,Ryan,Ryan McMahon,McMahon,8.02500025431315,48,3000,PHI@COL,COL,PHI,,,,,,3B/UTIL
117166-37982,SS/2B,Xander,Xander Bogaerts,Bogaerts,9.108695652173912,46,3000,SD@TOR,SD,TOR,,,,,,2B/SS/UTIL
117166-85285,1B,Nathaniel,Nathaniel Lowe,Lowe,9.551020408163266,49,3000,ATL@WSH,WSH,ATL,,,,,,C/1B/UTIL
117166-181795,OF,Lawrence,Lawrence Butler,Butler,9.68260856296705,46,3000,LAA@ATH,ATH,LAA,,,,,,OF/UTIL
117166-135260,C,Logan,Logan O'Hoppe,O'Hoppe,9.085365853658537,41,2900,LAA@ATH,LAA,ATH,,,,,,C/1B/UTIL
117166-61553,3B,Yoan,Yoan Moncada,Moncada,11.209523518880209,21,2900,LAA@ATH,LAA,ATH,,,,,,3B/UTIL
117166-192649,OF/1B,Weston,Weston Wilson,Wilson,5.233333163791233,9,2900,PHI@COL,PHI,COL,,,,,,C/1B/OF/UTIL
117166-119395,OF,Jasson,Jasson Dominguez,Dominguez,10.39230737930689,39,2900,TEX@NYY,NYY,TEX,,,,,,OF/UTIL
117166-82569,1B/OF,Gavin,Gavin Sheets,Sheets,8.509302183639171,43,2900,SD@TOR,SD,TOR,,,,,,C/1B/OF/UTIL
117166-82624,C,Sean,Sean Murphy,Murphy,10.086666870117188,30,2900,ATL@WSH,ATL,WSH,,,,,,C/1B/UTIL
117166-52176,3B,Max,Max Muncy,Muncy,7.428261134935462,46,2900,ARI@LAD,LAD,ARI,,,,,,3B/UTIL
117166-146716,C,Austin,Austin Wells,Wells,9.338095528738839,42,2900,TEX@NYY,NYY,TEX,,,,,,C/1B/UTIL
117166-197982,OF,Dylan,Dylan Crews,Crews,9.073333062065972,45,2900,ATL@WSH,WSH,ATL,DTD,Back,,,,OF/UTIL
117166-79211,OF,Mickey,Mickey Moniak,Moniak,6.073333062065972,45,2900,PHI@COL,COL,PHI,,,,,,OF/UTIL
117166-81511,2B/3B/SS,Kyle,Kyle Farmer,Farmer,5.910256410256411,39,2900,PHI@COL,COL,PHI,,,,,,2B/3B/SS/UTIL
117166-165648,OF,Johan,Johan Rojas,Rojas,6.706060698538115,33,2900,PHI@COL,PHI,COL,,,,,,OF/UTIL
117166-165707,SS/3B/2B/1B/OF,Josh,Josh Smith,Smith,8.348780190072409,41,2900,TEX@NYY,TEX,NYY,,,,,,C/1B/2B/3B/SS/OF/UTIL
117166-79884,OF,Anthony,Anthony Santander,Santander,7.5619049072265625,42,2800,SD@TOR,TOR,SD,,,,,,OF/UTIL
117166-53757,OF,Rob,Rob Refsnyder,Refsnyder,8.743749618530273,16,2800,NYM@BOS,BOS,NYM,,,,,,OF/UTIL
117166-119333,OF/2B,Tyler,Tyler Freeman,Freeman,7.01818154074929,11,2800,PHI@COL,COL,PHI,,,,,,2B/OF/UTIL
117166-119363,OF,JJ,JJ Bleday,Bleday,8.591304613196332,46,2800,LAA@ATH,ATH,LAA,,,,,,OF/UTIL
117166-219727,2B,Tim,Tim Tawa,Tawa,8.786666870117188,30,2800,ARI@LAD,ARI,LAD,,,,,,2B/UTIL
117166-82660,2B,Luis,Luis Garcia Jr.,Garcia Jr.,8.452380952380953,42,2800,ATL@WSH,WSH,ATL,,,,,,2B/UTIL
117166-52158,SS,Trevor,Trevor Story,Story,8.729786974318484,47,2800,NYM@BOS,BOS,NYM,,,,,,SS/UTIL
117166-70665,C,Jacob,Jacob Stallings,Stallings,4.033333460489909,24,2800,PHI@COL,COL,PHI,,,,,,C/1B/UTIL
117166-222295,2B/SS,Hyeseong,Hyeseong Kim,Kim,7.768750190734863,16,2800,ARI@LAD,LAD,ARI,,,,,,2B/SS/UTIL
117166-21705,2B,Marcus,Marcus Semien,Semien,6.231250127156575,48,2800,TEX@NYY,TEX,NYY,,,,,,2B/UTIL
117166-79154,OF,Brandon,Brandon Marsh,Marsh,5.626666768391927,30,2800,PHI@COL,PHI,COL,,,,,,OF/UTIL
117166-118120,C,Jonah,Jonah Heim,Heim,8.41351318359375,37,2800,TEX@NYY,TEX,NYY,,,,,,C/1B/UTIL
117166-101827,1B/2B,Luis,Luis Arraez,Arraez,8.907499694824219,40,2800,SD@TOR,SD,TOR,,,,,,C/1B/2B/UTIL
117166-13909,OF,Randal,Randal Grichuk,Grichuk,4.7766667683919275,30,2800,ARI@LAD,ARI,LAD,,,,,,OF/UTIL
117166-222825,2B/OF,Kristian,Kristian Campbell,Campbell,8.763414336413872,41,2800,NYM@BOS,BOS,NYM,,,,,,2B/OF/UTIL
117166-165530,SS/2B,Adael,Adael Amador,Amador,3.806896604340652,29,2800,PHI@COL,COL,PHI,,,,,,2B/SS/UTIL
117166-181987,OF,Masataka,Masataka Yoshida,Yoshida,8.75925925925926,108,2800,NYM@BOS,BOS,NYM,IL,Shoulder,,,,OF/UTIL
117166-84471,OF,Nick,Nick Martini,Martini,3.483783618823902,37,2700,PHI@COL,COL,PHI,,,,,,OF/UTIL
117166-23107,OF,Jorge,Jorge Soler,Soler,7.618182095614347,44,2700,LAA@ATH,LAA,ATH,,,,,,OF/UTIL
117166-119412,2B/3B/1B,Owen,Owen Miller,Miller,2.7222222222222223,9,2700,PHI@COL,COL,PHI,,,,,,C/1B/2B/3B/UTIL
117166-119442,C,Gabriel,Gabriel Moreno,Moreno,7.8179485614483175,39,2700,ARI@LAD,ARI,LAD,,,,,,C/1B/UTIL
117166-119444,C,Alejandro,Alejandro Kirk,Kirk,7.097297462257179,37,2700,SD@TOR,TOR,SD,,,,,,C/1B/UTIL
117166-82593,C,Keibert,Keibert Ruiz,Ruiz,7.539535167605378,43,2700,ATL@WSH,WSH,ATL,,,,,,C/1B/UTIL
117166-82613,2B,Thairo,Thairo Estrada,Estrada,7.646874745686849,96,2700,PHI@COL,COL,PHI,IL,Wrist,,,,2B/UTIL
117166-82615,3B,Mark,Mark Vientos,Vientos,8.088888888888889,45,2700,NYM@BOS,NYM,BOS,,,,,,3B/UTIL
117166-53994,1B,Josh,Josh Bell,Bell,6.909755799828506,41,2700,ATL@WSH,WSH,ATL,,,,,,C/1B/UTIL
117166-68587,2B,Ozzie,Ozzie Albies,Albies,8.53125,48,2700,ATL@WSH,ATL,WSH,,,,,,2B/UTIL
117166-68589,2B/3B/OF,Amed,Amed Rosario,Rosario,7.995999755859375,25,2700,ATL@WSH,WSH,ATL,DTD,Leg,,,,2B/3B/OF/UTIL
117166-173078,OF,Alex,Alex Call,Call,7.5235295015222885,34,2700,ATL@WSH,WSH,ATL,,,,,,OF/UTIL
117166-193598,1B,Nolan,Nolan Schanuel,Schanuel,8.8,45,2700,LAA@ATH,LAA,ATH,,,,,,C/1B/UTIL
117166-197762,C,Carlos,Carlos Narvaez,Narvaez,8.97999965122768,35,2700,NYM@BOS,BOS,NYM,,,,,,C/1B/UTIL
117166-79160,OF,Alex,Alex Verdugo,Verdugo,8.048148261176216,27,2700,ATL@WSH,ATL,WSH,,,,,,OF/UTIL
117166-79195,OF/1B/3B,Miguel,Miguel Andujar,Andujar,8.837142508370535,35,2700,LAA@ATH,ATH,LAA,,,,,,C/1B/3B/OF/UTIL
117166-101811,OF,Sam,Sam Hilliard,Hilliard,7.791525630627648,59,2700,PHI@COL,COL,PHI,,,,,,OF/UTIL
117166-13792,3B/1B/2B/OF,Kike,Kike Hernandez,Hernandez,7.410526476408306,38,2700,ARI@LAD,LAD,ARI,,,,,,C/1B/2B/3B/OF/UTIL
117166-136672,OF,Michael,Michael Harris II,Harris II,8.206249872843424,48,2700,ATL@WSH,ATL,WSH,,,,,,OF/UTIL
117166-181811,OF/2B/SS,Ceddanne,Ceddanne Rafaela,Rafaela,8.515555826822917,45,2700,NYM@BOS,BOS,NYM,,,,,,2B/SS/OF/UTIL
117166-161418,2B/1B/3B,Romy,Romy Gonzalez,Gonzalez,8.941176470588236,17,2700,NYM@BOS,BOS,NYM,IL,Back,,,,C/1B/2B/3B/UTIL
117166-102283,OF,Alek,Alek Thomas,Thomas,6.826829119426448,41,2700,ARI@LAD,ARI,LAD,,,,,,OF/UTIL
117166-38872,OF,Jesse,Jesse Winker,Winker,7.400000254313151,24,2700,NYM@BOS,NYM,BOS,IL,Oblique,,,,OF/UTIL
117166-102365,C,Francisco,Francisco Alvarez,Alvarez,6.7105263157894735,19,2700,NYM@BOS,NYM,BOS,,,,,,C/1B/UTIL
117166-79918,C,Kyle,Kyle Higashioka,Higashioka,6.090000152587891,20,2600,TEX@NYY,TEX,NYY,,,,,,C/1B/UTIL
117166-135288,SS/2B/3B,Alan,Alan Trejo,Trejo,3.078571319580078,14,2600,PHI@COL,COL,PHI,,,,,,2B/3B/SS/UTIL
117166-119335,3B/2B/SS,Aaron,Aaron Schunk,Schunk,2.355555640326606,9,2600,PHI@COL,COL,PHI,,,,,,2B/3B/SS/UTIL
117166-119401,C,Rafael,Rafael Marchan,Marchan,3.9454546841708096,11,2600,PHI@COL,PHI,COL,,,,,,C/1B/UTIL
117166-82570,1B,Jake,Jake Burger,Burger,6.915789152446546,38,2600,TEX@NYY,TEX,NYY,,,,,,C/1B/UTIL
117166-82605,2B,Keston,Keston Hiura,Hiura,1.700000069358132,11,2600,PHI@COL,COL,PHI,,,,,,2B/UTIL
117166-52147,1B/OF,Kris,Kris Bryant,Bryant,3.6272728659889917,11,2600,PHI@COL,COL,PHI,IL,Back,,,,C/1B/OF/UTIL
117166-54307,C,Elias,Elias Diaz,Diaz,5.651428658621652,35,2600,SD@TOR,SD,TOR,,,,,,C/1B/UTIL
117166-60642,OF,Michael,Michael Conforto,Conforto,6.41739156971807,46,2600,ARI@LAD,LAD,ARI,,,,,,OF/UTIL
117166-85307,2B/OF,Jeff,Jeff McNeil,McNeil,7.380952380952381,21,2600,NYM@BOS,NYM,BOS,,,,,,2B/OF/UTIL
117166-79225,3B/2B,Luis,Luis Urias,Urias,7.475000169542101,36,2600,LAA@ATH,ATH,LAA,,,,,,2B/3B/UTIL
117166-181662,OF,Nathan,Nathan Lukes,Lukes,6.759375095367432,32,2600,SD@TOR,TOR,SD,,,,,,OF/UTIL
117166-163533,C,Jose,Jose Herrera,Herrera,6.217646879308364,17,2600,ARI@LAD,ARI,LAD,,,,,,C/1B/UTIL
117166-165643,2B,Zack,Zack Gelof,Gelof,8.547101449275363,138,2600,LAA@ATH,ATH,LAA,IL,Ribs,,,,2B/UTIL
117166-163686,3B/SS,Oswaldo,Oswaldo Cabrera,Cabrera,6.597142682756696,35,2600,TEX@NYY,NYY,TEX,IL,Ankle,,,,3B/SS/UTIL
117166-79896,C,Luis,Luis Torrens,Torrens,6.3321429661342075,28,2500,NYM@BOS,NYM,BOS,,,,,,C/1B/UTIL
117166-135239,2B/SS/3B,Rodolfo,Rodolfo Castro,Castro,0,2,2500,PHI@COL,PHI,COL,,,,,,2B/3B/SS/UTIL
117166-102519,3B,Andrew,Andrew Bechtold,Bechtold,,0,2500,PHI@COL,PHI,COL,,,,,,3B/UTIL
117166-102521,C,Josh,Josh Breaux,Breaux,,0,2500,PHI@COL,PHI,COL,,,,,,C/1B/UTIL
117166-116867,C,Tyler,Tyler Heineman,Heineman,7.58888922797309,18,2500,SD@TOR,TOR,SD,,,,,,C/1B/UTIL
117166-135314,2B/SS/3B,Ernie,Ernie Clement,Clement,5.164444308810764,45,2500,SD@TOR,TOR,SD,,,,,,2B/3B/SS/UTIL
117166-209172,1B,Andres,Andres Chaparro,Chaparro,8.481817996863162,33,2500,ATL@WSH,WSH,ATL,IL,Oblique,,,,C/1B/UTIL
117166-135646,C,Carson,Carson Taylor,Taylor,,0,2500,PHI@COL,PHI,COL,IL,Undisclosed,,,,C/1B/UTIL
117166-119354,SS/2B/OF,Kyren,Kyren Paris,Paris,7.957499694824219,40,2500,LAA@ATH,LAA,ATH,,,,,,2B/SS/OF/UTIL
117166-223870,C,Braxton,Braxton Fulford,Fulford,4.675000190734863,4,2500,PHI@COL,COL,PHI,,,,,,C/1B/UTIL
117166-176777,OF,Cal,Cal Stevenson,Stevenson,1.9,5,2500,PHI@COL,PHI,COL,,,,,,OF/UTIL
117166-82580,OF,Jo,Jo Adell,Adell,6.346341761147103,41,2500,LAA@ATH,LAA,ATH,,,,,,OF/UTIL
117166-82617,2B,Andres,Andres Gimenez,Gimenez,8.399999830457899,36,2500,SD@TOR,TOR,SD,IL,Quadriceps,,,,2B/UTIL
117166-224021,3B,Otto,Otto Kemp,Kemp,,0,2500,PHI@COL,PHI,COL,,,,,,3B/UTIL
117166-119629,SS/2B,Luisangel,Luisangel Acuna,Acuna,6.595121802353278,41,2500,NYM@BOS,NYM,BOS,,,,,,2B/SS/UTIL
117166-171112,OF,Sean,Sean Bouchard,Bouchard,3.9322581137380292,31,2500,PHI@COL,COL,PHI,,,,,,OF/UTIL
117166-13423,OF,Starling,Starling Marte,Marte,6.553333536783854,30,2500,NYM@BOS,NYM,BOS,,,,,,OF/UTIL
117166-171128,3B/2B,Buddy,Buddy Kennedy,Kennedy,5.185714176722935,14,2500,PHI@COL,PHI,COL,,,,,,2B/3B/UTIL
117166-83143,OF,Oscar,Oscar Mercado,Mercado,0,1,2500,PHI@COL,PHI,COL,,,,,,OF/UTIL
117166-109803,C,Austin,Austin Nola,Nola,0,1,2500,PHI@COL,COL,PHI,IL,Undisclosed,,,,C/1B/UTIL
117166-60652,2B,Christian,Christian Arroyo,Arroyo,,0,2500,PHI@COL,PHI,COL,,,,,,2B/UTIL
117166-146680,C,Drew,Drew Romo,Romo,4.737500190734863,16,2500,PHI@COL,COL,PHI,IL,Finger,,,,C/1B/UTIL
117166-197881,OF,Yanquiel,Yanquiel Fernandez,Fernandez,0,1,2500,PHI@COL,COL,PHI,,,,,,OF/UTIL
117166-146681,OF,Zac,Zac Veen,Veen,4.100000063578288,12,2500,PHI@COL,COL,PHI,,,,,,OF/UTIL
117166-79128,C,Garrett,Garrett Stubbs,Stubbs,5.580701861465187,57,2500,PHI@COL,PHI,COL,,,,,,C/1B/UTIL
117166-181797,3B,Warming,Warming Bernabel,Bernabel,,0,2500,PHI@COL,COL,PHI,,,,,,3B/UTIL
117166-13864,OF/1B,Joc,Joc Pederson,Pederson,4.685714358375186,42,2500,TEX@NYY,TEX,NYY,,,,,,C/1B/OF/UTIL
117166-181830,3B/OF,Addison,Addison Barger,Barger,6.6961540809044475,26,2500,SD@TOR,TOR,SD,,,,,,3B/OF/UTIL
117166-222794,1B,Nick,Nick Kurtz,Kurtz,6.349999745686849,24,2500,LAA@ATH,ATH,LAA,,,,,,C/1B/UTIL
117166-222793,OF,Robert,Robert Calaz,Calaz,,0,2500,PHI@COL,COL,PHI,,,,,,OF/UTIL
117166-222792,OF,Charlie,Charlie Condon,Condon,,0,2500,PHI@COL,COL,PHI,IL,Wrist,,,,OF/UTIL
117166-222847,OF,Justin,Justin Crawford,Crawford,,0,2500,PHI@COL,PHI,COL,,,,,,OF/UTIL
117166-222849,C,Eduardo,Eduardo Tait,Tait,,0,2500,PHI@COL,PHI,COL,,,,,,C/1B/UTIL
117166-222848,SS,Aidan,Aidan Miller,Miller,,0,2500,PHI@COL,PHI,COL,,,,,,SS/UTIL
117166-222858,C,Drake,Drake Baldwin,Baldwin,8.60344827586207,29,2500,ATL@WSH,ATL,WSH,,,,,,C/1B/UTIL
117166-165526,OF,Benny,Benny Montgomery,Montgomery,,0,2500,PHI@COL,COL,PHI,,,,,,OF/UTIL
117166-165532,3B,Julio,Julio Carreras,Carreras,0,1,2500,PHI@COL,COL,PHI,,,,,,3B/UTIL
117166-165539,SS,Jose,Jose Rodriguez,Rodriguez,0,2,2500,PHI@COL,PHI,COL,NA,Suspension,,,,SS/UTIL
117166-165646,C,Rickardo,Rickardo Perez,Perez,,0,2500,PHI@COL,PHI,COL,,,,,,C/1B/UTIL
117166-165647,OF,Ethan,Ethan Wilson,Wilson,,0,2500,PHI@COL,PHI,COL,,,,,,OF/UTIL
117166-165710,OF,Evan,Evan Carter,Carter,7.590909090909091,11,2500,TEX@NYY,TEX,NYY,IL,Quadriceps,,,,OF/UTIL
117166-102337,OF,Seth,Seth Beer,Beer,,0,2500,PHI@COL,PHI,COL,,,,,,OF/UTIL
117166-102352,C,Payton,Payton Henry,Henry,0,1,2500,PHI@COL,PHI,COL,,,,,,C/1B/UTIL
117166-102418,OF,Eli,Eli White,White,8.072499847412109,40,2400,ATL@WSH,ATL,WSH,,,,,,OF/UTIL
117166-38973,OF,Tyrone,Tyrone Taylor,Taylor,6.302381243024554,42,2400,NYM@BOS,NYM,BOS,,,,,,OF/UTIL
117166-198893,C,Dalton,Dalton Rushing,Rushing,12.59999974568685,3,2400,ARI@LAD,LAD,ARI,,,,,,C/1B/UTIL
117166-80462,SS/3B,Paul,Paul DeJong,DeJong,5.162499904632568,16,2400,ATL@WSH,WSH,ATL,IL,Orbital,,,,3B/SS/UTIL
117166-119376,3B/2B,Brett,Brett Baty,Baty,6.229032454952117,31,2400,NYM@BOS,NYM,BOS,,,,,,2B/3B/UTIL
117166-12919,SS/2B/3B/OF,Jose,Jose Iglesias,Iglesias,5.32258064516129,31,2400,SD@TOR,SD,TOR,,,,,,2B/3B/SS/OF/UTIL
117166-164495,SS/3B/2B,Jordan,Jordan Lawlar,Lawlar,0.75,4,2400,ARI@LAD,ARI,LAD,,,,,,2B/3B/SS/UTIL
117166-11129,OF,Jason,Jason Heyward,Heyward,5.0903226790889615,31,2400,SD@TOR,SD,TOR,,,,,,OF/UTIL
117166-13303,C,Yasmani,Yasmani Grandal,Grandal,7.036986468589469,73,2400,NYM@BOS,BOS,NYM,,,,,,C/1B/UTIL
117166-79108,3B,Nick,Nick Senzel,Senzel,6.351351351351352,74,2400,ARI@LAD,LAD,ARI,,,,,,3B/UTIL
117166-193863,OF,Jacob,Jacob Young,Young,5.634146341463414,41,2400,ATL@WSH,WSH,ATL,DTD,Shoulder,,,,OF/UTIL
117166-38299,OF,Kevin,Kevin Pillar,Pillar,3.8789472078022205,19,2400,TEX@NYY,TEX,NYY,,,,,,OF/UTIL
117166-101817,2B/3B/SS,Luis,Luis Rengifo,Rengifo,5.553488443064135,43,2400,LAA@ATH,LAA,ATH,,,,,,2B/3B/SS/UTIL
117166-181813,SS/2B,David,David Hamilton,Hamilton,6.388888888888889,27,2400,NYM@BOS,BOS,NYM,,,,,,2B/SS/UTIL
117166-165639,OF,Brandon,Brandon Lockridge,Lockridge,5.516666412353516,24,2400,SD@TOR,SD,TOR,,,,,,OF/UTIL
117166-135284,C,Riley,Riley Adams,Adams,6.05454531582919,11,2300,ATL@WSH,WSH,ATL,,,,,,C/1B/UTIL
117166-209179,1B/2B/3B,Will,Will Wagner,Wagner,4.44000015258789,20,2300,SD@TOR,TOR,SD,IL,Foot,,,,C/1B/2B/3B/UTIL
117166-16946,1B,Jon,Jon Singleton,Singleton,6.964754198418289,122,2300,NYM@BOS,NYM,BOS,,,,,,C/1B/UTIL
117166-119365,SS/2B,Nasim,Nasim Nunez,Nunez,5.166666666666667,18,2300,ATL@WSH,WSH,ATL,,,,,,2B/SS/UTIL
117166-82553,OF,Jose,Jose Siri,Siri,4.95,10,2300,NYM@BOS,NYM,BOS,IL,Lower leg,,,,OF/UTIL
117166-13099,C,Travis,Travis d'Arnaud,d'Arnaud,4.604999923706055,20,2300,LAA@ATH,LAA,ATH,,,,,,C/1B/UTIL
117166-97257,OF,Myles,Myles Straw,Straw,4.742105182848479,38,2300,SD@TOR,TOR,SD,,,,,,OF/UTIL
117166-13390,SS/2B/3B,Miguel,Miguel Rojas,Rojas,3.8448275862068964,29,2300,ARI@LAD,LAD,ARI,,,,,,2B/3B/SS/UTIL
117166-212070,OF,Gustavo,Gustavo Campero,Campero,4.240000152587891,5,2300,LAA@ATH,LAA,ATH,IL,Ankle,,,,OF/UTIL
117166-38112,1B/3B,Gio,Gio Urshela,Urshela,5.341935680758569,31,2300,LAA@ATH,ATH,LAA,,,,,,C/1B/3B/UTIL
117166-13567,3B/1B/2B,DJ,DJ LeMahieu,LeMahieu,6.740000152587891,5,2300,TEX@NYY,NYY,TEX,,,,,,C/1B/2B/3B/UTIL
117166-21890,SS,Orlando,Orlando Arcia,Arcia,2.361538520226112,13,2300,ATL@WSH,ATL,WSH,,,,,,SS/UTIL
117166-165712,3B/OF,Dustin,Dustin Harris,Harris,4.206250190734863,16,2300,TEX@NYY,TEX,NYY,,,,,,3B/OF/UTIL
117166-163671,3B,Jose,Jose Tena,Tena,6.323333231608073,30,2300,ATL@WSH,WSH,ATL,,,,,,3B/UTIL
117166-163695,2B,Jorbit,Jorbit Vivas,Vivas,3.7666666666666666,15,2300,TEX@NYY,NYY,TEX,,,,,,2B/UTIL
117166-102295,OF,Stuart,Stuart Fairchild,Fairchild,3.4315787867495886,19,2300,ATL@WSH,ATL,WSH,,,,,,OF/UTIL
117166-102380,SS,Nick,Nick Allen,Allen,6.175609681664444,41,2300,ATL@WSH,ATL,WSH,,,,,,SS/UTIL
117166-116841,2B/1B/OF,Sam,Sam Haggerty,Haggerty,6.137499809265137,8,2200,TEX@NYY,TEX,NYY,,,,,,C/1B/2B/OF/UTIL
117166-102504,C,Connor,Connor Wong,Wong,2.8666665818956165,18,2200,NYM@BOS,BOS,NYM,,,,,,C/1B/UTIL
117166-53401,1B/OF,Trey,Trey Mancini,Mancini,,0,2200,ARI@LAD,ARI,LAD,,,,,,C/1B/OF/UTIL
117166-102579,SS/2B,Leo,Leo Jimenez,Jimenez,6.251562595367432,64,2200,SD@TOR,TOR,SD,IL,Undisclosed,,,,2B/SS/UTIL
117166-145611,SS/2B/3B,Oswald,Oswald Peraza,Peraza,4.7071429661342075,28,2200,TEX@NYY,NYY,TEX,,,,,,2B/3B/SS/UTIL
117166-198870,OF,Roman,Roman Anthony,Anthony,,0,2200,NYM@BOS,BOS,NYM,,,,,,OF/UTIL
117166-116994,SS,Donovan,Donovan Walton,Walton,4.844444274902344,9,2200,NYM@BOS,NYM,BOS,,,,,,SS/UTIL
117166-213853,C,J.C.,J.C. Escarra,Escarra,5.787499904632568,16,2200,TEX@NYY,NYY,TEX,,,,,,C/1B/UTIL
117166-68537,2B/3B/SS/OF,Tyler,Tyler Wade,Wade,4.5679998779296875,25,2200,SD@TOR,SD,TOR,,,,,,2B/3B/SS/OF/UTIL
117166-79218,SS/2B/3B,Kevin,Kevin Newman,Newman,2.3882352043600643,17,2200,LAA@ATH,LAA,ATH,,,,,,2B/3B/SS/UTIL
117166-116339,3B/1B/2B,Abraham,Abraham Toro,Toro,4.612500190734863,8,2200,NYM@BOS,BOS,NYM,,,,,,C/1B/2B/3B/UTIL
117166-222879,OF,Alan,Alan Roden,Roden,4.425000054495675,28,2200,SD@TOR,TOR,SD,,,,,,OF/UTIL
117166-116450,OF,Seth,Seth Brown,Brown,3.171875,32,2200,LAA@ATH,ATH,LAA,,,,,,OF/UTIL
117166-200498,SS/3B/2B/OF,Max,Max Schuemann,Schuemann,3.434375047683716,32,2200,LAA@ATH,ATH,LAA,,,,,,2B/3B/SS/OF/UTIL
117166-163691,OF,James,James Outman,Outman,7.333333333333333,9,2200,ARI@LAD,LAD,ARI,,,,,,OF/UTIL
117166-102398,OF,Jarred,Jarred Kelenic,Kelenic,4.278260935907778,23,2200,ATL@WSH,ATL,WSH,,,,,,OF/UTIL
117166-102454,C,Jhonny,Jhonny Pereda,Pereda,2.5235295015222885,17,2100,LAA@ATH,ATH,LAA,,,,,,C/1B/UTIL
117166-157797,OF,Bryan,Bryan De La Cruz,De La Cruz,3.012500047683716,16,2100,TEX@NYY,NYY,TEX,,,,,,OF/UTIL
117166-102550,C,Luis,Luis Campusano,Campusano,4,3,2100,SD@TOR,SD,TOR,,,,,,C/1B/UTIL
117166-119313,OF,Matthew,Matthew Lugo,Lugo,10.6,10,2100,LAA@ATH,LAA,ATH,,,,,,OF/UTIL
117166-164496,C,Adrian,Adrian Del Castillo,Del Castillo,10.315999755859375,25,2100,ARI@LAD,ARI,LAD,IL,Shoulder,,,,C/1B/UTIL
117166-183092,OF,Jonatan,Jonatan Clase,Clase,3.5714285714285716,7,2100,SD@TOR,TOR,SD,,,,,,OF/UTIL
117166-119637,3B/OF,Ezequiel,Ezequiel Duran,Duran,2.146153816810021,13,2100,TEX@NYY,TEX,NYY,,,,,,3B/OF/UTIL
117166-68525,3B/1B,J.D.,J.D. Davis,Davis,0.6,5,2100,LAA@ATH,LAA,ATH,,,,,,C/1B/3B/UTIL
117166-13253,C,Martin,Martin Maldonado,Maldonado,3.7239999389648437,25,2100,SD@TOR,SD,TOR,,,,,,C/1B/UTIL
117166-60672,SS/2B,Tim,Tim Anderson,Anderson,3.7464286259242465,28,2100,LAA@ATH,LAA,ATH,,,,,,2B/SS/UTIL
117166-38297,C,Austin,Austin Barnes,Barnes,4.523076864389273,13,2100,ARI@LAD,LAD,ARI,,,,,,C/1B/UTIL
117166-95776,2B/SS/3B/OF,Pablo,Pablo Reyes,Reyes,1.9526314986379523,19,2100,TEX@NYY,NYY,TEX,,,,,,2B/3B/SS/OF/UTIL
117166-222886,C,Hayden,Hayden Senger,Senger,2.353846183189979,13,2100,NYM@BOS,NYM,BOS,,,,,,C/1B/UTIL
117166-181990,C/OF,Blake,Blake Sabol,Sabol,2.737499952316284,8,2100,NYM@BOS,BOS,NYM,,,,,,C/1B/OF/UTIL
117166-165641,SS/2B,Max,Max Muncy,Muncy,4.419047764369419,21,2100,LAA@ATH,ATH,LAA,,,,,,2B/SS/UTIL
117166-102285,OF,Cristian,Cristian Pache,Pache,3.2876405180170294,89,2100,ARI@LAD,ARI,LAD,,,,,,OF/UTIL
117166-192426,2B/OF,Davis,Davis Schneider,Schneider,3.089999961853027,10,2100,SD@TOR,TOR,SD,,,,,,2B/OF/UTIL
117166-102391,OF,Tirso,Tirso Ornelas,Ornelas,1.7857142857142858,7,2100,SD@TOR,SD,TOR,,,,,,OF/UTIL
117166-81924,2B/OF,Niko,Niko Goodrum,Goodrum,2.3384615091177134,13,2000,NYM@BOS,NYM,BOS,,,,,,2B/OF/UTIL
117166-102409,OF,Nick,Nick Schnell,Schnell,,0,2000,ATL@WSH,WSH,ATL,,,,,,OF/UTIL
117166-102410,C,Ronaldo,Ronaldo Hernandez,Hernandez,,0,2000,TEX@NYY,NYY,TEX,,,,,,C/1B/UTIL
117166-102425,SS,Orelvis,Orelvis Martinez,Martinez,1.5,2,2000,SD@TOR,TOR,SD,,,,,,SS/UTIL
117166-135195,C,Sebastian,Sebastian Rivero,Rivero,,0,2000,LAA@ATH,LAA,ATH,,,,,,C/1B/UTIL
117166-102435,SS/2B/3B,Blaze,Blaze Alexander,Alexander,6.085483674080141,62,2000,ARI@LAD,ARI,LAD,,,,,,2B/3B/SS/UTIL
117166-102436,OF,Kristian,Kristian Robinson,Robinson,,0,2000,ARI@LAD,ARI,LAD,,,,,,OF/UTIL
117166-135207,2B,Alex,Alex De Goti,De Goti,,0,2000,TEX@NYY,TEX,NYY,,,,,,2B/UTIL
117166-102451,OF,Brennen,Brennen Davis,Davis,0,2,2000,TEX@NYY,NYY,TEX,IL,Undisclosed,,,,OF/UTIL
117166-135223,C,Jakson,Jakson Reetz,Reetz,3.4625000953674316,8,2000,NYM@BOS,NYM,BOS,,,,,,C/1B/UTIL
117166-135227,2B,Jose,Jose Rojas,Rojas,,0,2000,TEX@NYY,NYY,TEX,,,,,,2B/UTIL
117166-102461,SS,Aaron,Aaron Bracho,Bracho,,0,2000,ARI@LAD,LAD,ARI,,,,,,SS/UTIL
117166-172093,2B,Michael,Michael Stefanic,Stefanic,2,3,2000,SD@TOR,TOR,SD,,,,,,2B/UTIL
117166-135254,2B,Eddy,Eddy Alvarez,Alvarez,0.8857142584664481,14,2000,ATL@WSH,ATL,WSH,,,,,,2B/UTIL
117166-102512,OF,Carlos,Carlos Rodriguez,Rodriguez,,0,2000,ATL@WSH,ATL,WSH,,,,,,OF/UTIL
117166-116869,SS,Erick,Erick Mejia,Mejia,,0,2000,ATL@WSH,WSH,ATL,,,,,,SS/UTIL
117166-135302,OF,Brayan,Brayan Buelvas,Buelvas,,0,2000,LAA@ATH,ATH,LAA,,,,,,OF/UTIL
117166-102537,OF,Everson,Everson Pereira,Pereira,0,3,2000,TEX@NYY,NYY,TEX,,,,,,OF/UTIL
117166-135308,OF,Robert,Robert Hassell III,Hassell III,,0,2000,ATL@WSH,WSH,ATL,,,,,,OF/UTIL
117166-198803,3B,Damiano,Damiano Palmegiani,Palmegiani,,0,2000,SD@TOR,TOR,SD,,,,,,3B/UTIL
117166-102563,3B/2B/SS,Jonathan,Jonathan Ornelas,Ornelas,0.75,4,2000,TEX@NYY,TEX,NYY,,,,,,2B/3B/SS/UTIL
117166-198865,OF,Druw,Druw Jones,Jones,,0,2000,ARI@LAD,ARI,LAD,,,,,,OF/UTIL
117166-198871,SS,Tommy,Tommy Troy,Troy,,0,2000,ARI@LAD,ARI,LAD,,,,,,SS/UTIL
117166-198892,OF,Josue,Josue De Paula,De Paula,,0,2000,ARI@LAD,LAD,ARI,,,,,,OF/UTIL
117166-198898,SS,Jett,Jett Williams,Williams,,0,2000,NYM@BOS,NYM,BOS,,,,,,SS/UTIL
117166-198903,OF,Drew,Drew Gilbert,Gilbert,,0,2000,NYM@BOS,NYM,BOS,,,,,,OF/UTIL
117166-198902,OF,Ryan,Ryan Clifford,Clifford,,0,2000,NYM@BOS,NYM,BOS,,,,,,OF/UTIL
117166-198900,OF,Spencer,Spencer Jones,Jones,,0,2000,TEX@NYY,NYY,TEX,IL,Ribs,,,,OF/UTIL
117166-198914,SS,Roderick,Roderick Arias,Arias,,0,2000,TEX@NYY,NYY,TEX,IL,Undisclosed,,,,SS/UTIL
117166-198918,C,Ethan,Ethan Salas,Salas,,0,2000,SD@TOR,SD,TOR,IL,Back,,,,C/1B/UTIL
117166-198933,SS,Sebastian,Sebastian Walcott,Walcott,,0,2000,TEX@NYY,TEX,NYY,,,,,,SS/UTIL
117166-82251,OF,Tim,Tim Locastro,Locastro,0,1,2000,SD@TOR,SD,TOR,IL,Undisclosed,,,,OF/UTIL
117166-211306,2B,Darren,Darren Baker,Baker,3.355555640326606,9,2000,ATL@WSH,WSH,ATL,,,,,,2B/UTIL
117166-135529,OF,Jake,Jake Vogel,Vogel,,0,2000,ARI@LAD,LAD,ARI,,,,,,OF/UTIL
117166-211345,2B,Michael,Michael Helman,Helman,2.3777777353922525,9,2000,TEX@NYY,TEX,NYY,,,,,,2B/UTIL
117166-180644,2B,Nate,Nate Mondou,Mondou,0,1,2000,SD@TOR,SD,TOR,,,,,,2B/UTIL
117166-119304,SS/2B,Braden,Braden Shewmake,Shewmake,3.406896656957166,29,2000,TEX@NYY,NYY,TEX,,,,,,2B/SS/UTIL
117166-219667,OF,Jhostynxon,Jhostynxon Garcia,Garcia,,0,2000,NYM@BOS,BOS,NYM,,,,,,OF/UTIL
117166-158244,3B/2B,Yonny,Yonny Hernandez,Hernandez,,0,2000,NYM@BOS,NYM,BOS,,,,,,2B/3B/UTIL
117166-201253,OF,Joey,Joey Loperfido,Loperfido,6.10246898509838,81,2000,SD@TOR,TOR,SD,,,,,,OF/UTIL
117166-219699,C,Jesus,Jesus Rodriguez,Rodriguez,,0,2000,TEX@NYY,NYY,TEX,,,,,,C/1B/UTIL
117166-16951,3B,Anthony,Anthony Rendon,Rendon,7.038596705386513,57,2000,LAA@ATH,LAA,ATH,IL,Hip,,,,3B/UTIL
117166-119353,3B,Kody,Kody Hoese,Hoese,,0,2000,ARI@LAD,LAD,ARI,,,,,,3B/UTIL
117166-156224,C,Willie,Willie MacIver,MacIver,,0,2000,LAA@ATH,ATH,LAA,,,,,,C/1B/UTIL
117166-207434,3B,Luis,Luis De Los Santos,De Los Santos,2.8384616558368387,13,2000,NYM@BOS,NYM,BOS,,,,,,3B/UTIL
117166-80459,OF,Franchy,Franchy Cordero,Cordero,,0,2000,ATL@WSH,WSH,ATL,,,,,,OF/UTIL
117166-119393,SS,Robert,Robert Puason,Puason,,0,2000,LAA@ATH,ATH,LAA,,,,,,SS/UTIL
117166-119394,SS,Logan,Logan Davidson,Davidson,,0,2000,LAA@ATH,ATH,LAA,,,,,,SS/UTIL
117166-119402,C,Rodolfo,Rodolfo Duran,Duran,,0,2000,SD@TOR,SD,TOR,,,,,,C/1B/UTIL
117166-82558,OF,Conner,Conner Capel,Capel,2.171428544180734,7,2000,ATL@WSH,ATL,WSH,,,,,,OF/UTIL
117166-201354,3B,Brett,Brett Harris,Harris,6.333333333333333,36,2000,LAA@ATH,ATH,LAA,IL,Undisclosed,,,,3B/UTIL
117166-119434,OF,Moises,Moises Gomez,Gomez,,0,2000,SD@TOR,SD,TOR,,,,,,OF/UTIL
117166-164499,3B,A.J.,A.J. Vukovich,Vukovich,,0,2000,ARI@LAD,ARI,LAD,,,,,,3B/UTIL
117166-164502,SS/2B,Vaughn,Vaughn Grissom,Grissom,4.787878787878788,33,2000,NYM@BOS,BOS,NYM,,,,,,2B/SS/UTIL
117166-164501,SS,Cal,Cal Conley,Conley,,0,2000,ATL@WSH,ATL,WSH,,,,,,SS/UTIL
117166-119450,OF,Jeremy,Jeremy De La Rosa,De La Rosa,,0,2000,ATL@WSH,WSH,ATL,,,,,,OF/UTIL
117166-164508,OF,Jesse,Jesse Franklin,Franklin,,0,2000,ATL@WSH,ATL,WSH,,,,,,OF/UTIL
117166-164518,2B,Tyler,Tyler McDonough,McDonough,,0,2000,NYM@BOS,BOS,NYM,IL,Undisclosed,,,,2B/UTIL
117166-164519,3B,Alex,Alex Binelas,Binelas,,0,2000,NYM@BOS,BOS,NYM,,,,,,3B/UTIL
117166-164516,SS,Marcelo,Marcelo Mayer,Mayer,,0,2000,NYM@BOS,BOS,NYM,,,,,,SS/UTIL
117166-21161,2B,Yolmer,Yolmer Sanchez,Sanchez,,0,2000,LAA@ATH,LAA,ATH,,,,,,2B/UTIL
117166-164526,C,Nathan,Nathan Hickey,Hickey,,0,2000,NYM@BOS,BOS,NYM,,,,,,C/1B/UTIL
117166-164531,SS,Kevin,Kevin Made,Made,,0,2000,ATL@WSH,WSH,ATL,,,,,,SS/UTIL
117166-164533,OF,Yohendrick,Yohendrick Pinango,Pinango,,0,2000,SD@TOR,TOR,SD,,,,,,OF/UTIL
117166-207557,2B/SS/3B,Nick,Nick Sogard,Sogard,4.974999904632568,8,2000,NYM@BOS,BOS,NYM,,,,,,2B/3B/SS/UTIL
117166-82637,1B,Evan,Evan White,White,0,2,2000,LAA@ATH,LAA,ATH,IL,Hip,,,,C/1B/UTIL
117166-162509,1B/OF,Juan,Juan Yepez,Yepez,8.784127371651786,63,2000,ATL@WSH,WSH,ATL,,,,,,C/1B/OF/UTIL
117166-17105,C,Sandy,Sandy Leon,Leon,0,2,2000,ATL@WSH,ATL,WSH,,,,,,C/1B/UTIL
117166-195289,OF,Cam,Cam Eden,Eden,,0,2000,TEX@NYY,NYY,TEX,IL,Undisclosed,,,,OF/UTIL
117166-203490,OF,Steward,Steward Berroa,Berroa,3.9250000544956754,28,2000,ARI@LAD,LAD,ARI,,,,,,OF/UTIL
117166-82659,3B,Carter,Carter Kieboom,Kieboom,0,1,2000,LAA@ATH,LAA,ATH,,,,,,3B/UTIL
117166-17171,C,James,James McCann,McCann,7.277941086713006,68,2000,ATL@WSH,ATL,WSH,,,,,,C/1B/UTIL
117166-199466,3B/1B,Trey,Trey Lipscomb,Lipscomb,3.066666603088379,3,2000,ATL@WSH,WSH,ATL,,,,,,C/1B/3B/UTIL
117166-176937,C,Chuckie,Chuckie Robinson,Robinson,1.976923135610727,26,2000,LAA@ATH,LAA,ATH,,,,,,C/1B/UTIL
117166-211757,OF,Bryce,Bryce Teodosio,Teodosio,1.2399999618530273,5,2000,LAA@ATH,LAA,ATH,,,,,,OF/UTIL
117166-119623,OF,Alex,Alex Ramirez,Ramirez,0,3,2000,NYM@BOS,NYM,BOS,,,,,,OF/UTIL
117166-119636,SS,Alexander,Alexander Vargas,Vargas,,0,2000,TEX@NYY,NYY,TEX,,,,,,SS/UTIL
117166-174963,SS,Charles,Charles Leblanc,Leblanc,8.290908813476562,11,2000,ATL@WSH,ATL,WSH,IL,Undisclosed,,,,SS/UTIL
117166-203639,3B,CJ,CJ Alexander,Alexander,0.75,4,2000,LAA@ATH,ATH,LAA,,,,,,3B/UTIL
117166-209786,1B,Niko,Niko Kavadas,Kavadas,0,1,2000,LAA@ATH,LAA,ATH,,,,,,C/1B/UTIL
117166-170879,C,Chris,Chris Okey,Okey,0,2,2000,ARI@LAD,LAD,ARI,,,,,,C/1B/UTIL
117166-52170,1B,Dominic,Dominic Smith,Smith,6.866666404149866,93,2000,TEX@NYY,NYY,TEX,,,,,,C/1B/UTIL
117166-68554,SS,Andrew,Andrew Velazquez,Velazquez,0,2,2000,TEX@NYY,NYY,TEX,,,,,,SS/UTIL
117166-13262,OF,Jurickson,Jurickson Profar,Profar,4.599999904632568,4,2000,ATL@WSH,ATL,WSH,NA,Suspension,,,,OF/UTIL
117166-80852,2B/SS/3B/OF,Ildemaro,Ildemaro Vargas,Vargas,5.583673593949299,98,2000,ARI@LAD,ARI,LAD,,,,,,2B/3B/SS/OF/UTIL
117166-13304,C,Tucker,Tucker Barnhart,Barnhart,3.75,4,2000,TEX@NYY,TEX,NYY,,,,,,C/1B/UTIL
117166-13326,C,Christian,Christian Bethancourt,Bethancourt,5.056250095367432,64,2000,SD@TOR,TOR,SD,,,,,,C/1B/UTIL
117166-171037,C,Jason,Jason Delay,Delay,6.400000095367432,8,2000,ATL@WSH,ATL,WSH,,,,,,C/1B/UTIL
117166-83051,2B/3B,David,David Bote,Bote,2.4051282833784056,39,2000,ARI@LAD,LAD,ARI,,,,,,2B/3B/UTIL
117166-195795,C,Chandler,Chandler Seagle,Seagle,,0,2000,ATL@WSH,ATL,WSH,,,,,,C/1B/UTIL
117166-60634,OF,Forrest,Forrest Wall,Wall,4.072222391764323,18,2000,SD@TOR,SD,TOR,,,,,,OF/UTIL
117166-60649,C,Alex,Alex Jackson,Jackson,4.196551618904903,58,2000,TEX@NYY,NYY,TEX,,,,,,C/1B/UTIL
117166-79087,1B,Michael,Michael Chavis,Chavis,0,1,2000,ARI@LAD,LAD,ARI,,,,,,C/1B/UTIL
117166-146675,3B,Blaze,Blaze Jordan,Jordan,,0,2000,NYM@BOS,BOS,NYM,,,,,,3B/UTIL
117166-146694,SS,Arol,Arol Vera,Vera,,0,2000,LAA@ATH,LAA,ATH,,,,,,SS/UTIL
117166-146692,OF,David,David Calabrese,Calabrese,,0,2000,LAA@ATH,LAA,ATH,,,,,,OF/UTIL
117166-146693,OF,Alexander,Alexander Ramirez,Ramirez,,0,2000,LAA@ATH,LAA,ATH,,,,,,OF/UTIL
117166-146696,SS,Alex,Alex De Jesus,De Jesus,,0,2000,SD@TOR,TOR,SD,,,,,,SS/UTIL
117166-197904,SS/3B,Darell,Darell Hernaiz,Hernaiz,4.012245022520727,49,2000,LAA@ATH,ATH,LAA,,,,,,3B/SS/UTIL
117166-85268,1B,Joey,Joey Meneses,Meneses,7.273684049907484,76,2000,NYM@BOS,NYM,BOS,,,,,,C/1B/UTIL
117166-197915,C,Hunter,Hunter Feduccia,Feduccia,1.5,2,2000,ARI@LAD,LAD,ARI,,,,,,C/1B/UTIL
117166-79130,OF,Jose,Jose Azocar,Azocar,4.2272727272727275,11,2000,NYM@BOS,NYM,BOS,,,,,,OF/UTIL
117166-13596,OF,Trayce,Trayce Thompson,Thompson,0,3,2000,NYM@BOS,BOS,NYM,,,,,,OF/UTIL
117166-146719,OF,Junior,Junior Perez,Perez,,0,2000,LAA@ATH,ATH,LAA,,,,,,OF/UTIL
117166-146726,OF,Josh,Josh Mears,Mears,,0,2000,SD@TOR,SD,TOR,,,,,,OF/UTIL
117166-146735,OF,Roismar,Roismar Quintana,Quintana,,0,2000,ATL@WSH,WSH,ATL,,,,,,OF/UTIL
117166-146738,2B,Justin,Justin Foscue,Foscue,1.756250023841858,16,2000,TEX@NYY,TEX,NYY,,,,,,2B/UTIL
117166-79156,SS/2B,David,David Fletcher,Fletcher,2.1666666666666665,6,2000,ATL@WSH,ATL,WSH,,,,,,2B/SS/UTIL
117166-85320,C,Michael,Michael Perez,Perez,0,1,2000,ARI@LAD,ARI,LAD,,,,,,C/1B/UTIL
117166-79189,2B,Travis,Travis Blankenhorn,Blankenhorn,2.9928572518484935,14,2000,LAA@ATH,LAA,ATH,IL,Undisclosed,,,,2B/UTIL
117166-79213,SS,Scott,Scott Kingery,Kingery,0,2,2000,LAA@ATH,LAA,ATH,,,,,,SS/UTIL
117166-79240,C,Aramis,Aramis Garcia,Garcia,0,3,2000,ARI@LAD,ARI,LAD,,,,,,C/1B/UTIL
117166-152972,2B/OF,Luke,Luke Williams,Williams,3.0399999618530273,5,2000,ATL@WSH,ATL,WSH,,,,,,2B/OF/UTIL
117166-193947,SS,Mason,Mason McCoy,McCoy,0,4,2000,SD@TOR,SD,TOR,IL,Finger,,,,SS/UTIL
117166-118189,C,Ali,Ali Sanchez,Sanchez,3.3870967741935485,31,2000,SD@TOR,TOR,SD,,,,,,C/1B/UTIL
117166-101807,C,Seby,Seby Zavala,Zavala,3.2526315387926603,19,2000,NYM@BOS,BOS,NYM,IL,Oblique,,,,C/1B/UTIL
117166-136673,C,Mark,Mark Kolozsvary,Kolozsvary,0,2,2000,NYM@BOS,BOS,NYM,,,,,,C/1B/UTIL
117166-155109,2B,Alejo,Alejo Lopez,Lopez,0,2,2000,LAA@ATH,ATH,LAA,,,,,,2B/UTIL
117166-173546,OF,Nate,Nate Eaton,Eaton,0,1,2000,NYM@BOS,BOS,NYM,,,,,,OF/UTIL
117166-226808,1B,Blaine,Blaine Crim,Crim,1.8399999618530274,5,2000,TEX@NYY,TEX,NYY,,,,,,C/1B/UTIL
117166-202259,1B,Trenton,Trenton Brooks,Brooks,3.3416665395100913,12,2000,SD@TOR,SD,TOR,,,,,,C/1B/UTIL
117166-79387,3B,Jake,Jake Gatewood,Gatewood,,0,2000,TEX@NYY,NYY,TEX,,,,,,3B/UTIL
117166-175654,OF,Bryce,Bryce Johnson,Johnson,2.442553256420379,47,2000,SD@TOR,SD,TOR,,,,,,OF/UTIL
117166-222791,OF,Zyhir,Zyhir Hope,Hope,,0,2000,ARI@LAD,LAD,ARI,,,,,,OF/UTIL
117166-222788,SS,Alex,Alex Freeland,Freeland,,0,2000,ARI@LAD,LAD,ARI,,,,,,SS/UTIL
117166-222795,SS,George,George Lombard Jr.,Lombard Jr.,,0,2000,TEX@NYY,NYY,TEX,,,,,,SS/UTIL
117166-181835,OF,Jorge,Jorge Barrosa,Barrosa,6.44000015258789,5,2000,ARI@LAD,ARI,LAD,,,,,,OF/UTIL
117166-222803,2B,Demetrio,Demetrio Crisantes,Crisantes,,0,2000,ARI@LAD,ARI,LAD,,,,,,2B/UTIL
117166-222802,OF,Ryan,Ryan Waldschmidt,Waldschmidt,,0,2000,ARI@LAD,ARI,LAD,,,,,,OF/UTIL
117166-222804,OF,Slade,Slade Caldwell,Caldwell,,0,2000,ARI@LAD,ARI,LAD,,,,,,OF/UTIL
117166-179801,1B,Jared,Jared Young,Young,,0,2000,NYM@BOS,NYM,BOS,,,,,,C/1B/UTIL
117166-222813,SS,Arjun,Arjun Nimmala,Nimmala,,0,2000,SD@TOR,TOR,SD,,,,,,SS/UTIL
117166-222818,SS,Leodalis,Leodalis De Vries,De Vries,,0,2000,SD@TOR,SD,TOR,,,,,,SS/UTIL
117166-222821,OF,Carson,Carson Benge,Benge,,0,2000,NYM@BOS,NYM,BOS,,,,,,OF/UTIL
117166-222827,SS,Franklin,Franklin Arias,Arias,,0,2000,NYM@BOS,BOS,NYM,,,,,,SS/UTIL
117166-222826,SS,Yoeilin,Yoeilin Cespedes,Cespedes,,0,2000,NYM@BOS,BOS,NYM,,,,,,SS/UTIL
117166-222831,SS,Jackson,Jackson Cluff,Cluff,,0,2000,ATL@WSH,WSH,ATL,,,,,,SS/UTIL
117166-222829,SS,Seaver,Seaver King,King,,0,2000,ATL@WSH,WSH,ATL,,,,,,SS/UTIL
117166-52878,OF,Billy,Billy McKinney,McKinney,4.254545385187322,11,2000,NYM@BOS,NYM,BOS,,,,,,OF/UTIL
117166-222860,2B,Christian,Christian Moore,Moore,,0,2000,LAA@ATH,LAA,ATH,,,,,,2B/UTIL
117166-220839,2B,Cooper,Cooper Bowman,Bowman,,0,2000,LAA@ATH,ATH,LAA,,,,,,2B/UTIL
117166-163510,SS/2B,Diego A.,Diego A. Castillo,Castillo,7.900000095367432,4,2000,NYM@BOS,NYM,BOS,,,,,,2B/SS/UTIL
117166-163513,C,Rene,Rene Pinto,Pinto,5.578947368421052,19,2000,ARI@LAD,ARI,LAD,,,,,,C/1B/UTIL
117166-165575,SS,Denzer,Denzer Guzman,Guzman,,0,2000,LAA@ATH,LAA,ATH,,,,,,SS/UTIL
117166-165576,SS,Adrian,Adrian Placencia,Placencia,,0,2000,LAA@ATH,LAA,ATH,,,,,,SS/UTIL
117166-188114,SS,Connor,Connor Kaiser,Kaiser,,0,2000,ARI@LAD,ARI,LAD,,,,,,SS/UTIL
117166-165590,SS,Wilman,Wilman Diaz,Diaz,,0,2000,ARI@LAD,LAD,ARI,,,,,,SS/UTIL
117166-165593,OF,Jose,Jose Ramos,Ramos,0,2,2000,ARI@LAD,LAD,ARI,IL,Undisclosed,,,,OF/UTIL
117166-165598,C,Jesus,Jesus Galiz,Galiz,,0,2000,ARI@LAD,LAD,ARI,IL,Undisclosed,,,,C/1B/UTIL
117166-181991,1B,Ryan,Ryan Noda,Noda,4.016666836208767,36,2000,LAA@ATH,LAA,ATH,,,,,,C/1B/UTIL
117166-165619,SS,Noah,Noah Miller,Miller,,0,2000,ARI@LAD,LAD,ARI,IL,Knee,,,,SS/UTIL
117166-165623,OF,Carlos,Carlos Cortes,Cortes,,0,2000,LAA@ATH,ATH,LAA,,,,,,OF/UTIL
117166-165629,1B,JT,JT Schwartz,Schwartz,,0,2000,NYM@BOS,NYM,BOS,,,,,,C/1B/UTIL
117166-202501,OF,Duke,Duke Ellis,Ellis,3.0166667302449546,12,2000,TEX@NYY,NYY,TEX,,,,,,OF/UTIL
117166-165644,OF,Pedro,Pedro Pineda,Pineda,,0,2000,LAA@ATH,ATH,LAA,,,,,,OF/UTIL
117166-165645,OF,Denzel,Denzel Clarke,Clarke,,0,2000,LAA@ATH,ATH,LAA,,,,,,OF/UTIL
117166-206608,SS/2B,Nacho,Nacho Alvarez Jr.,Alvarez Jr.,2.2750000953674316,8,2000,ATL@WSH,ATL,WSH,IL,Wrist,,,,2B/SS/UTIL
117166-165662,SS,Euribiel,Euribiel Angeles,Angeles,,0,2000,LAA@ATH,ATH,LAA,,,,,,SS/UTIL
117166-165670,C,Brandon,Brandon Valenzuela,Valenzuela,,0,2000,SD@TOR,SD,TOR,,,,,,C/1B/UTIL
117166-165669,2B,Max,Max Ferguson,Ferguson,,0,2000,NYM@BOS,BOS,NYM,,,,,,2B/UTIL
117166-110404,3B,Mike,Mike Brosseau,Brosseau,0,1,2000,SD@TOR,SD,TOR,,,,,,3B/UTIL
117166-165711,SS,Cam,Cam Cauley,Cauley,,0,2000,TEX@NYY,TEX,NYY,,,,,,SS/UTIL
117166-165708,2B,Trevor,Trevor Hauver,Hauver,,0,2000,TEX@NYY,TEX,NYY,IL,Undisclosed,,,,2B/UTIL
117166-163661,3B/2B,Eguy,Eguy Rosario,Rosario,4.193548387096774,31,2000,SD@TOR,SD,TOR,,,,,,2B/3B/UTIL
117166-165709,OF,Yeison,Yeison Morrobel,Morrobel,,0,2000,TEX@NYY,TEX,NYY,,,,,,OF/UTIL
117166-165714,SS,Manuel,Manuel Beltre,Beltre,,0,2000,SD@TOR,TOR,SD,,,,,,SS/UTIL
117166-165713,OF,Aaron,Aaron Zavala,Zavala,,0,2000,TEX@NYY,TEX,NYY,,,,,,OF/UTIL
117166-165726,SS,Brady,Brady House,House,,0,2000,ATL@WSH,WSH,ATL,,,,,,SS/UTIL
117166-165724,OF,Dasan,Dasan Brown,Brown,,0,2000,SD@TOR,TOR,SD,,,,,,OF/UTIL
117166-165725,OF,Daylen,Daylen Lile,Lile,,0,2000,ATL@WSH,WSH,ATL,,,,,,OF/UTIL
117166-165730,C,Drew,Drew Millas,Millas,5.661904834565663,21,2000,ATL@WSH,WSH,ATL,,,,,,C/1B/UTIL
117166-165728,SS,Armando,Armando Cruz,Cruz,,0,2000,ATL@WSH,WSH,ATL,,,,,,SS/UTIL
117166-165732,1B,Branden,Branden Boissiere,Boissiere,,0,2000,ATL@WSH,WSH,ATL,,,,,,C/1B/UTIL
117166-163694,SS,Eddys,Eddys Leonard,Leonard,0,1,2000,ATL@WSH,ATL,WSH,,,,,,SS/UTIL
117166-163704,OF,Cooper,Cooper Hummel,Hummel,0.8571428571428571,7,2000,TEX@NYY,NYY,TEX,,,,,,OF/UTIL
117166-102282,OF,Jake,Jake McCarthy,McCarthy,3.5642858232770647,14,2000,ARI@LAD,ARI,LAD,,,,,,OF/UTIL
117166-102303,1B,Triston,Triston Casas,Casas,6.327586206896552,29,2000,NYM@BOS,BOS,NYM,IL,Knee,,,,C/1B/UTIL
117166-102322,2B/3B,Nick,Nick Madrigal,Madrigal,2.823529411764706,51,2000,NYM@BOS,NYM,BOS,IL,Shoulder,,,,2B/3B/UTIL
117166-81869,C,Chad,Chad Wallach,Wallach,,0,2000,TEX@NYY,TEX,NYY,,,,,,C/1B/UTIL
117166-171986,3B,Matthew,Matthew Batten,Batten,4.5,2,2000,ATL@WSH,ATL,WSH,,,,,,3B/UTIL
117166-24529,OF,Rafael,Rafael Ortega,Ortega,2.4866666158040363,15,2000,NYM@BOS,NYM,BOS,,,,,,OF/UTIL
117166-102356,OF,Gilberto,Gilberto Celestino,Celestino,,0,2000,NYM@BOS,NYM,BOS,,,,,,OF/UTIL
117166-102358,SS,Jose,Jose Devers,Devers,1.2399999618530273,5,2000,ATL@WSH,ATL,WSH,,,,,,SS/UTIL
117166-102367,2B,Ronny,Ronny Mauricio,Mauricio,,0,2000,NYM@BOS,NYM,BOS,,,,,,2B/UTIL
117166-102384,SS,Jeremy,Jeremy Eierman,Eierman,,0,2000,LAA@ATH,ATH,LAA,,,,,,SS/UTIL
117166-102390,OF,Travis,Travis Swaggerty,Swaggerty,,0,2000,NYM@BOS,NYM,BOS,,,,,,OF/UTIL
117166-102392,OF,Esteury,Esteury Ruiz,Ruiz,5.896551724137931,29,2000,ARI@LAD,LAD,ARI,,,,,,OF/UTIL