Id,Position,First Name,Nickname,Last Name,FPPG,Played,Salary,Game,Team,Opponent,Injury Indicator,Injury Details,Tier,Probable Pitcher,Batting Order,Roster Position
119460-119340,P,Tarik,Tarik Skubal,Skubal,43.69565217391305,23,11000,DET@MIN,DET,MIN,,,,Yes,,P
119460-12477,P,Chris,Chris Sale,Sale,39.8,15,10800,ATL@NYM,ATL,NYM,IL,Ribs,,,,P
119460-16960,P,Zack,Zack Wheeler,Wheeler,43.30434782608695,23,10800,PHI@WSH,PHI,WSH,,,,,,P
119460-118225,P,Cristopher,Cristopher Sanchez,Sanchez,39.041666666666664,24,10500,PHI@WSH,PHI,WSH,,,,,,P
119460-79280,P,Jesus,Jesus Luzardo,Luzardo,32.666666666666664,24,10100,PHI@WSH,PHI,WSH,,,,Yes,,P
119460-83157,P,Ranger,Ranger Suarez,Suarez,34.05555555555556,18,10000,PHI@WSH,PHI,WSH,,,,,,P
119460-119430,P,Joe,Joe Ryan,Ryan,36.416666666666664,24,10000,DET@MIN,MIN,DET,,,,,,P
119460-60647,P,Aaron,Aaron Nola,Nola,24.555555555555557,9,9900,PHI@WSH,PHI,WSH,IL,Ribs,,,,P
119460-83152,P,Pablo,Pablo Lopez,Lopez,31.818181818181817,11,9800,DET@MIN,MIN,DET,IL,Shoulder,,,,P
119460-162445,P,Spencer,Spencer Strider,Strider,30.125,16,9700,ATL@NYM,ATL,NYM,,,,,,P
119460-79246,P,Jack,Jack Flaherty,Flaherty,29.458333333333332,24,9600,DET@MIN,DET,MIN,,,,,,P
119460-164503,P,Spencer,Spencer Schwellenbach,Schwellenbach,37.411764705882355,17,9600,ATL@NYM,ATL,NYM,IL,Elbow,,,,P
119460-82604,P,Corbin,Corbin Burnes,Burnes,33.72727272727273,11,9600,ARI@COL,ARI,COL,IL,Elbow,,,,P
119460-135343,P,Max,Max Meyer,Meyer,27.833333333333332,12,9200,MIA@CLE,MIA,CLE,IL,Hip,,,,P
119460-165518,P,Gavin,Gavin Williams,Williams,29.291666666666668,24,9200,MIA@CLE,CLE,MIA,,,,,,P
119460-82635,P,MacKenzie,MacKenzie Gore,Gore,32.166666666666664,24,9200,PHI@WSH,WSH,PHI,,,,,,P
119460-68491,P,Reynaldo,Reynaldo Lopez,Lopez,9,1,9200,ATL@NYM,ATL,NYM,IL,Shoulder,,,,P
119460-85253,P,Casey,Casey Mize,Mize,28.3,20,9100,DET@MIN,DET,MIN,,,,,,P
119460-82618,P,David,David Peterson,Peterson,30.782608695652176,23,9000,ATL@NYM,NYM,ATL,,,,,,P
119460-165698,P,Taj,Taj Bradley,Bradley,25.142857142857142,21,9000,DET@MIN,MIN,DET,,,,,,P
119460-164497,P,Ryne,Ryne Nelson,Nelson,21.52,26,8900,ARI@COL,ARI,COL,,,,,,P
119460-82599,P,Edward,Edward Cabrera,Cabrera,30.75,20,8900,MIA@CLE,MIA,CLE,,,,Yes,,P
119460-154714,P,Tylor,Tylor Megill,Megill,29.714285714285715,14,8800,ATL@NYM,NYM,ATL,IL,Elbow,,,,P
119460-146663,P,Slade,Slade Cecconi,Cecconi,27.733333333333334,15,8700,MIA@CLE,CLE,MIA,,,,,,P
119460-102395,P,Ryan,Ryan Weathers,Weathers,24.4,5,8700,MIA@CLE,MIA,CLE,IL,Lat,,,,P
119460-164509,P,AJ,AJ Smith-Shawver,Smith-Shawver,25.333333333333332,9,8600,ATL@NYM,ATL,NYM,IL,Elbow,,,,P
119460-165551,P,Reese,Reese Olson,Olson,28.076923076923077,13,8600,DET@MIN,DET,MIN,IL,Shoulder,,,,P
119460-165599,P,Eury,Eury Perez,Perez,27.583333333333332,12,8600,MIA@CLE,MIA,CLE,,,,,,P
119460-79224,P,Chris,Chris Paddack,Paddack,20.958333333333332,24,8500,DET@MIN,DET,MIN,,,,,,P
119460-185501,P,Tanner,Tanner Bibee,Bibee,27.47826086956522,23,8400,MIA@CLE,CLE,MIA,,,,Yes,,P
119460-79207,P,Grant,Grant Holmes,Holmes,28.227272727272727,22,8400,ATL@NYM,ATL,NYM,IL,Elbow,,,,P
119460-185701,P,Brandon,Brandon Pfaadt,Pfaadt,25.52173913043478,24,8400,ARI@COL,ARI,COL,,,,,,P
119460-179725,P,Luis,Luis Ortiz,Ortiz,29.3125,16,8400,MIA@CLE,CLE,MIA,O,Personal,,,,P
119460-85251,P,Zac,Zac Gallen,Gallen,26.4,25,8300,ARI@COL,ARI,COL,,,,,,P
119460-185490,P,Logan,Logan Allen,Allen,23.565217391304348,23,8200,MIA@CLE,CLE,MIA,,,,,,P
119460-5466,P,Charlie,Charlie Morton,Morton,22.08,25,8200,DET@MIN,DET,MIN,,,,,,P
119460-165547,P,Jackson,Jackson Jobe,Jobe,22.7,10,8200,DET@MIN,DET,MIN,IL,Elbow,,,,P
119460-182153,P,Kodai,Kodai Senga,Senga,30,18,8200,ATL@NYM,NYM,ATL,,,,Yes,,P
119460-79232,P,Clay,Clay Holmes,Holmes,25.125,24,8100,ATL@NYM,NYM,ATL,,,,,,P
119460-110822,P,Jose,Jose Urquidy,Urquidy,0,1,8000,DET@MIN,DET,MIN,IL,Elbow,,,,P
119460-119411,P,Joey,Joey Cantillo,Cantillo,12.25,28,8000,MIA@CLE,CLE,MIA,,,,,,P
119460-203676,P,David,David Festa,Festa,22.272727272727273,11,8000,DET@MIN,MIN,DET,IL,Shoulder,,,,P
119460-52165,P,Sean,Sean Manaea,Manaea,23,6,8000,ATL@NYM,NYM,ATL,,,,,,P
119460-209173,P,Zebby,Zebby Matthews,Matthews,27.77777777777778,9,7900,DET@MIN,MIN,DET,,,,,,P
119460-79079,P,Joey,Joey Wentz,Wentz,8.612903225806452,31,7800,ATL@NYM,ATL,NYM,,,,,,P
119460-135221,P,Cade,Cade Cavalli,Cavalli,21.5,2,7700,PHI@WSH,WSH,PHI,,,,,,P
119460-82582,P,Griffin,Griffin Canning,Canning,24.8125,16,7700,ATL@NYM,NYM,ATL,IL,Achilles,,,,P
119460-52142,P,Eduardo,Eduardo Rodriguez,Rodriguez,23.45,20,7700,ARI@COL,ARI,COL,,,,Yes,,P
119460-198872,P,Hurston,Hurston Waldrep,Waldrep,37.5,2,7600,ATL@NYM,ATL,NYM,,,,,,P
119460-97300,P,John,John Means,Means,28,5,7500,MIA@CLE,CLE,MIA,IL,Elbow,,,,P
119460-79118,P,Triston,Triston McKenzie,McKenzie,2,4,7500,MIA@CLE,CLE,MIA,DTD,Illness,,,,P
119460-79245,P,Sandy,Sandy Alcantara,Alcantara,18.47826086956522,23,7500,MIA@CLE,MIA,CLE,,,,,,P
119460-164532,P,DJ,DJ Herz,Herz,25.94736842105263,19,7500,PHI@WSH,WSH,PHI,IL,Elbow,,,,P
119460-60646,P,Ben,Ben Lively,Lively,20.555555555555557,9,7400,MIA@CLE,CLE,MIA,IL,Elbow,,,,P
119460-13123,P,Alex,Alex Cobb,Cobb,19.4,5,7400,DET@MIN,DET,MIN,IL,Hip,,,,P
119460-203679,P,Valente,Valente Bellozo,Bellozo,10.608695652173912,23,7400,MIA@CLE,MIA,CLE,,,,,,P
119460-79228,P,Cal,Cal Quantrill,Quantrill,17.652173913043477,23,7300,MIA@CLE,MIA,CLE,,,,,,P
119460-225880,P,Nathan,Nathan Wiles,Wiles,-3,1,7300,ATL@NYM,ATL,NYM,,,,,,P
119460-161450,P,Janson,Janson Junk,Junk,21.866666666666667,15,7300,MIA@CLE,MIA,CLE,,,,,,P
119460-197766,P,Keider,Keider Montero,Montero,19.8,15,7200,DET@MIN,DET,MIN,,,,,,P
119460-145612,P,Bailey,Bailey Ober,Ober,22.63157894736842,19,7200,DET@MIN,MIN,DET,,,,Yes,,P
119460-146717,P,Mick,Mick Abel,Abel,18.666666666666668,7,7200,DET@MIN,MIN,DET,,,,,,P
119460-63781,P,Frankie,Frankie Montas,Montas,18.25,8,7200,ATL@NYM,NYM,ATL,,,,,,P
119460-229085,P,Troy,Troy Melton,Melton,26.2,5,7200,DET@MIN,DET,MIN,,,,,,P
119460-165731,P,Mitchell,Mitchell Parker,Parker,19.75,24,7200,PHI@WSH,WSH,PHI,,,,,,P
119460-73880,P,German,German Marquez,Marquez,18.3,21,7100,ARI@COL,COL,ARI,IL,Biceps,,,,P
119460-102528,P,Simeon,Simeon Woods Richardson,Woods Richardson,21.705882352941178,17,7000,DET@MIN,MIN,DET,IL,Illness,,,,P
119460-208032,P,Brant,Brant Hurter,Hurter,9.314285714285715,37,7000,DET@MIN,DET,MIN,,,,,,P
119460-79076,P,Kolby,Kolby Allard,Allard,8.24,25,7000,MIA@CLE,CLE,MIA,,,,,,P
119460-161465,P,Ryan,Ryan Feltner,Feltner,21,6,7000,ARI@COL,COL,ARI,,,,,,P
119460-204632,P,Tanner,Tanner Gordon,Gordon,13.285714285714286,7,7000,ARI@COL,COL,ARI,,,,,,P
119460-146664,P,Bryce,Bryce Elder,Elder,20.57894736842105,19,6900,ATL@NYM,ATL,NYM,,,,Yes,,P
119460-170891,P,Davis,Davis Daniel,Daniel,13,3,6900,ATL@NYM,ATL,NYM,,,,,,P
119460-102569,P,Michael,Michael Mercado,Mercado,2,3,6800,PHI@WSH,PHI,WSH,,,,,,P
119460-213198,P,Ryan,Ryan Gusto,Gusto,18.76,25,6800,MIA@CLE,MIA,CLE,,,,,,P
119460-60632,P,Kyle,Kyle Freeland,Freeland,20.272727272727273,22,6800,ARI@COL,COL,ARI,,,,,,P
119460-79078,P,Ian,Ian Anderson,Anderson,2.2857142857142856,7,6800,ATL@NYM,ATL,NYM,IL,Undisclosed,,,,P
119460-79133,P,Matt,Matt Manning,Manning,21.4,5,6800,PHI@WSH,PHI,WSH,,,,,,P
119460-21097,P,Taijuan,Taijuan Walker,Walker,15.24,25,6800,PHI@WSH,PHI,WSH,,,,,,P
119460-80859,P,Paul,Paul Blackburn,Blackburn,10.142857142857142,7,6800,ATL@NYM,NYM,ATL,,,,,,P
119460-194697,P,Sawyer,Sawyer Gipson-Long,Gipson-Long,16.5,6,6700,DET@MIN,DET,MIN,,,,,,P
119460-102684,P,Jake,Jake Irvin,Irvin,21.84,25,6700,PHI@WSH,WSH,PHI,,,,,,P
119460-156976,P,Darren,Darren McCaughan,McCaughan,10.333333333333334,3,6700,DET@MIN,MIN,DET,,,,,,P
119460-219569,P,Justin,Justin Hagenman,Hagenman,13.857142857142858,7,6700,ATL@NYM,NYM,ATL,,,,,,P
119460-228058,P,Didier,Didier Fuentes,Fuentes,3.75,4,6700,ATL@NYM,ATL,NYM,,,,,,P
119460-198886,P,Chase,Chase Dollander,Dollander,16.25,16,6600,ARI@COL,COL,ARI,,,,,,P
119460-119302,P,Blake,Blake Walston,Walston,12.571428571428571,7,6600,ARI@COL,ARI,COL,IL,Elbow,,,,P
119460-219703,P,Travis,Travis Adams,Adams,10.714285714285714,7,6600,DET@MIN,MIN,DET,,,,,,P
119460-68483,P,Trevor,Trevor Williams,Williams,17.294117647058822,17,6600,PHI@WSH,WSH,PHI,IL,Elbow,,,,P
119460-102574,P,Jake,Jake Woodford,Woodford,5.5,10,6500,ARI@COL,ARI,COL,,,,,,P
119460-208114,P,Connor,Connor Gillispie,Gillispie,12,6,6500,DET@MIN,MIN,DET,IL,Undisclosed,,,,P
119460-68517,P,Antonio,Antonio Senzatela,Senzatela,11.545454545454545,22,6500,ARI@COL,COL,ARI,IL,Finger,,,,P
119460-79147,P,Jakob,Jakob Junis,Junis,5.045454545454546,44,6400,MIA@CLE,CLE,MIA,,,,,,P
119460-222565,P,Shinnosuke,Shinnosuke Ogasawara,Ogasawara,6.5,6,6400,PHI@WSH,WSH,PHI,,,,,,P
119460-102416,P,Tyler,Tyler Phillips,Phillips,6.1,40,6300,MIA@CLE,MIA,CLE,,,,,,P
119460-135245,P,Tommy,Tommy Henry,Henry,17.5,2,6300,ARI@COL,ARI,COL,IL,Elbow,,,,P
119460-53607,P,Anthony,Anthony DeSclafani,DeSclafani,13.636363636363637,11,6300,ARI@COL,ARI,COL,IL,Thumb,,,,P
119460-138016,P,Brandon,Brandon Waddell,Waddell,9.9,10,6300,ATL@NYM,NYM,ATL,,,,,,P
119460-68564,P,Erick,Erick Fedde,Fedde,17.304347826086957,23,6300,ATL@NYM,ATL,NYM,,,,,,P
119460-6266,P,Carlos,Carlos Carrasco,Carrasco,13.363636363636363,11,6200,ATL@NYM,ATL,NYM,,,,,,P
119460-181833,P,Darius,Darius Vines,Vines,7.25,4,6200,ATL@NYM,ATL,NYM,IL,Undisclosed,,,,P
119460-119447,P,Joan,Joan Adon,Adon,3.25,8,6200,PHI@WSH,WSH,PHI,,,,,,P
119460-222885,P,Brad,Brad Lord,Lord,10.473684210526315,39,6200,PHI@WSH,WSH,PHI,,,,Yes,,P
119460-165546,P,Ty,Ty Madden,Madden,13.142857142857142,7,6200,DET@MIN,DET,MIN,IL,Shoulder,,,,P
119460-165600,P,Jake,Jake Eder,Eder,8.75,8,6200,PHI@WSH,WSH,PHI,,,,,,P
119460-204512,P,Yilber,Yilber Diaz,Diaz,3,1,6200,ARI@COL,ARI,COL,,,,,,P
119460-202480,P,Adam,Adam Mazur,Mazur,20,1,6200,MIA@CLE,MIA,CLE,,,,,,P
119460-83098,P,Austin,Austin Gomber,Gomber,12.454545454545455,11,6100,ARI@COL,COL,ARI,,,,,,P
119460-79103,P,Dane,Dane Dunning,Dunning,7.25,9,6100,ATL@NYM,ATL,NYM,,,,,,P
119460-53608,P,Jose,Jose Urena,Urena,6.909090909090909,11,6100,DET@MIN,MIN,DET,,,,,,P
119460-226881,P,Carson,Carson Palmquist,Palmquist,9.11111111111111,9,6100,ARI@COL,COL,ARI,,,,,,P
119460-102502,P,Josiah,Josiah Gray,Gray,6.5,3,6000,PHI@WSH,WSH,PHI,IL,Elbow,,,,P
119460-197871,P,Bradley,Bradley Blalock,Blalock,9.2,10,6000,ARI@COL,COL,ARI,,,,Yes,,P
119460-198904,P,Christian,Christian Scott,Scott,22.11111111111111,9,6000,ATL@NYM,NYM,ATL,IL,Elbow,,,,P
119460-101804,P,Huascar,Huascar Ynoa,Ynoa,0,2,6000,DET@MIN,MIN,DET,,,,,,P
119460-177584,P,Xzavion,Xzavion Curry,Curry,2,3,5900,ARI@COL,COL,ARI,,,,,,P
119460-52873,P,Joe,Joe Ross,Ross,5.575757575757576,34,5900,PHI@WSH,PHI,WSH,,,,,,P
119460-119449,P,Jackson,Jackson Rutledge,Rutledge,4.595238095238095,42,5900,PHI@WSH,WSH,PHI,,,,,,P
119460-169742,P,Tyler,Tyler Holton,Holton,5.54,51,5900,DET@MIN,DET,MIN,,,,,,P
119460-163675,P,Noah,Noah Davis,Davis,1.5,7,5900,DET@MIN,MIN,DET,,,,,,P
119460-231537,P,Pierson,Pierson Ohl,Ohl,8.5,4,5800,DET@MIN,MIN,DET,,,,,,P
119460-198354,P,Anthony,Anthony Molina,Molina,3.8333333333333335,6,5800,ARI@COL,COL,ARI,,,,,,P
119460-102487,P,Austin,Austin Cox,Cox,6.7,10,5700,ATL@NYM,ATL,NYM,,,,,,P
119460-119431,P,Seth,Seth Johnson,Johnson,7.7,10,5700,PHI@WSH,PHI,WSH,,,,,,P
119460-164511,P,Dylan,Dylan Dodd,Dodd,5.705882352941177,17,5700,ATL@NYM,ATL,NYM,,,,,,P
119460-82539,P,Jalen,Jalen Beeks,Beeks,4.673913043478261,46,5600,ARI@COL,ARI,COL,,,,,,P
119460-79873,P,Dylan,Dylan Covey,Covey,0,2,5500,ATL@NYM,ATL,NYM,,,,,,P
119460-168965,P,Tanner,Tanner Banks,Banks,5.254901960784314,51,5500,PHI@WSH,PHI,WSH,,,,,,P
119460-178184,P,Kevin,Kevin Herget,Herget,5.333333333333333,3,5500,ATL@NYM,NYM,ATL,,,,,,P
119460-211985,P,Andrew,Andrew Walters,Walters,2,2,5500,MIA@CLE,CLE,MIA,IL,Lat,,,,P
119460-114708,P,Randy,Randy Dobnak,Dobnak,16,1,5500,DET@MIN,DET,MIN,,,,,,P
119460-135192,P,Ryan,Ryan Thompson,Thompson,4.194444444444445,36,5500,ARI@COL,ARI,COL,IL,Shoulder,,,,P
119460-135196,P,Tyler,Tyler Zuber,Zuber,5,4,5500,MIA@CLE,MIA,CLE,,,,,,P
119460-82974,P,Tanner,Tanner Rainey,Rainey,2.3,11,5500,DET@MIN,DET,MIN,,,,,,P
119460-161827,P,Seth,Seth Martinez,Martinez,5.0227272727272725,44,5500,MIA@CLE,MIA,CLE,,,,,,P
119460-102442,P,Freddy,Freddy Tarnok,Tarnok,7.5,2,5500,MIA@CLE,MIA,CLE,,,,,,P
119460-102448,P,Brenan,Brenan Hanifee,Hanifee,4.913043478260869,46,5500,DET@MIN,DET,MIN,,,,,,P
119460-190516,P,Daysbel,Daysbel Hernandez,Hernandez,5.571428571428571,36,5500,ATL@NYM,ATL,NYM,,,,,,P
119460-82998,P,Lou,Lou Trivino,Trivino,4.4324324324324325,37,5500,PHI@WSH,PHI,WSH,,,,,,P
119460-192574,P,Lane,Lane Ramsey,Ramsey,,0,5500,MIA@CLE,MIA,CLE,,,,,,P
119460-104512,P,Geoff,Geoff Hartlieb,Hartlieb,0.25,4,5500,DET@MIN,DET,MIN,,,,,,P
119460-58434,P,Kendall,Kendall Graveman,Graveman,2.3157894736842106,19,5500,ARI@COL,ARI,COL,,,,,,P
119460-135236,P,Max,Max Kranick,Kranick,6.625,24,5500,ATL@NYM,NYM,ATL,IL,Elbow,,,,P
119460-149587,P,Jay,Jay Flaa,Flaa,,0,5500,ATL@NYM,ATL,NYM,,,,,,P
119460-135249,P,Bryce,Bryce Jarvis,Jarvis,7.625,8,5500,ARI@COL,ARI,COL,,,,,,P
119460-102489,P,Carlos,Carlos Hernandez,Hernandez,3.8947368421052633,39,5500,MIA@CLE,CLE,MIA,,,,,,P
119460-135262,P,Anthony,Anthony Misiewicz,Misiewicz,4.333333333333333,4,5500,DET@MIN,MIN,DET,IL,Pectoral,,,,P
119460-195682,P,Orion,Orion Kerkering,Kerkering,5.44,50,5500,PHI@WSH,PHI,WSH,,,,,,P
119460-135279,P,Codi,Codi Heuer,Heuer,6.666666666666667,3,5500,DET@MIN,DET,MIN,,,,,,P
119460-161907,P,Dylan,Dylan Lee,Lee,5.196428571428571,56,5500,ATL@NYM,ATL,NYM,,,,,,P
119460-159857,P,Jose,Jose Marte,Marte,6.071428571428571,14,5500,ATL@NYM,NYM,ATL,IL,Shoulder,,,,P
119460-102517,P,Jhoan,Jhoan Duran,Duran,6.245283018867925,53,5500,PHI@WSH,PHI,WSH,,,,,,P
119460-201853,P,Ryan,Ryan Loutos,Loutos,1.3636363636363635,12,5500,PHI@WSH,WSH,PHI,,,,,,P
119460-209026,P,Parker,Parker Dunshee,Dunshee,1,1,5500,PHI@WSH,WSH,PHI,,,,,,P
119460-231563,P,Dugan,Dugan Darnell,Darnell,5.6,5,5500,ARI@COL,COL,ARI,,,,,,P
119460-179339,P,Bryce,Bryce Montes de Oca,Montes de Oca,,0,5500,ATL@NYM,NYM,ATL,IL,Elbow,,,,P
119460-102543,P,Connor,Connor Seabold,Seabold,10.666666666666666,3,5500,ATL@NYM,ATL,NYM,,,,,,P
119460-135312,P,Kyle,Kyle Nelson,Nelson,3,3,5500,ARI@COL,ARI,COL,,,,,,P
119460-152734,P,Zach,Zach Thompson,Thompson,10,2,5500,ATL@NYM,ATL,NYM,,,,,,P
119460-80034,P,Jose,Jose Alvarado,Alvarado,7.05,20,5500,PHI@WSH,PHI,WSH,NA,Suspension,,,,P
119460-102568,P,Colin,Colin Poche,Poche,2,14,5500,ATL@NYM,NYM,ATL,,,,,,P
119460-135339,P,Clayton,Clayton Beeter,Beeter,3.142857142857143,7,5500,PHI@WSH,WSH,PHI,,,,,,P
119460-83116,P,Wander,Wander Suero,Suero,4,3,5500,ATL@NYM,ATL,NYM,,,,,,P
119460-85164,P,Matt,Matt Festa,Festa,4.195121951219512,42,5500,MIA@CLE,CLE,MIA,,,,,,P
119460-209078,P,Max,Max Lazar,Lazar,4.346153846153846,26,5500,PHI@WSH,PHI,WSH,,,,,,P
119460-102587,P,Jordan,Jordan Balazovic,Balazovic,,0,5500,DET@MIN,DET,MIN,,,,,,P
119460-135361,P,Nabil,Nabil Crismatt,Crismatt,7.8,5,5500,ARI@COL,ARI,COL,,,,,,P
119460-83145,P,Jose,Jose Castillo,Castillo,4.611111111111111,19,5500,ATL@NYM,NYM,ATL,,,,,,P
119460-83159,P,Diego,Diego Castillo,Castillo,5.571428571428571,7,5500,ARI@COL,COL,ARI,,,,,,P
119460-145627,P,Lucas,Lucas Gilbreath,Gilbreath,-7.5,3,5500,ARI@COL,COL,ARI,,,,,,P
119460-145629,P,Mason,Mason Thompson,Thompson,0.5,6,5500,PHI@WSH,WSH,PHI,,,,,,P
119460-104672,P,Devin,Devin Smeltzer,Smeltzer,0,2,5500,DET@MIN,DET,MIN,,,,,,P
119460-149731,P,Anthony,Anthony Bender,Bender,4.959183673469388,49,5500,MIA@CLE,MIA,CLE,,,,,,P
119460-152806,P,Jason,Jason Foley,Foley,4.044776119402985,70,5500,DET@MIN,DET,MIN,IL,Shoulder,,,,P
119460-205032,P,Daniel,Daniel Robert,Robert,3.8333333333333335,12,5500,PHI@WSH,PHI,WSH,IL,Finger,,,,P
119460-146670,P,Christian,Christian Roa,Roa,0,2,5500,MIA@CLE,MIA,CLE,,,,,,P
119460-197873,P,Zach,Zach Brzykcy,Brzykcy,2.88,26,5500,PHI@WSH,WSH,PHI,,,,,,P
119460-198896,P,Noble,Noble Meyer,Meyer,,0,5500,MIA@CLE,MIA,CLE,,,,,,P
119460-146678,P,Tanner,Tanner Burns,Burns,,0,5500,MIA@CLE,CLE,MIA,IL,Oblique,,,,P
119460-197879,P,Juan,Juan Mejia,Mejia,5.837837837837838,37,5500,ARI@COL,COL,ARI,,,,,,P
119460-146679,P,Chris,Chris McMahon,McMahon,,0,5500,ARI@COL,COL,ARI,IL,Undisclosed,,,,P
119460-197877,P,Cristian,Cristian Mena,Mena,15.666666666666666,3,5500,ARI@COL,ARI,COL,IL,Shoulder,,,,P
119460-83193,P,Jesus,Jesus Tinoco,Tinoco,3.35,20,5500,MIA@CLE,MIA,CLE,IL,Forearm,,,,P
119460-197880,P,Angel,Angel Chivilli,Chivilli,4.1,30,5500,ARI@COL,COL,ARI,O,Personal,,,,P
119460-197888,P,Bailey,Bailey Horn,Horn,4.666666666666667,3,5500,DET@MIN,DET,MIN,,,,,,P
119460-198919,P,Robby,Robby Snelling,Snelling,,0,5500,MIA@CLE,MIA,CLE,,,,,,P
119460-146699,P,Dax,Dax Fulton,Fulton,,0,5500,MIA@CLE,MIA,CLE,,,,,,P
119460-146702,P,Cole,Cole Sands,Sands,4.235294117647059,51,5500,DET@MIN,MIN,DET,,,,,,P
119460-79116,P,Riley,Riley Pint,Pint,1.75,4,5500,MIA@CLE,CLE,MIA,IL,Undisclosed,,,,P
119460-197902,P,Cade,Cade Smith,Smith,6.7592592592592595,54,5500,MIA@CLE,CLE,MIA,,,,,,P
119460-225549,P,Patrick,Patrick Monteverde,Monteverde,11,1,5500,MIA@CLE,MIA,CLE,,,,,,P
119460-146706,P,Robert,Robert Dominguez,Dominguez,,0,5500,ATL@NYM,NYM,ATL,,,,,,P
119460-197906,P,Royber,Royber Salinas,Salinas,0,1,5500,ATL@NYM,ATL,NYM,,,,,,P
119460-225559,P,Juan,Juan Morillo,Morillo,3.875,32,5500,ARI@COL,ARI,COL,,,,,,P
119460-79124,P,Joe,Joe Jimenez,Jimenez,5.855072463768116,70,5500,ATL@NYM,ATL,NYM,IL,Knee,,,,P
119460-197910,P,Wilmer,Wilmer Flores,Flores,0,1,5500,DET@MIN,DET,MIN,IL,Shoulder,,,,P
119460-187669,P,Ty,Ty Adcock,Adcock,7,3,5500,ATL@NYM,NYM,ATL,,,,,,P
119460-146721,P,Jeff,Jeff Criswell,Criswell,9.846153846153847,13,5500,ARI@COL,COL,ARI,IL,Elbow,,,,P
119460-85289,P,Nick,Nick Anderson,Anderson,2.8333333333333335,6,5500,ARI@COL,COL,ARI,,,,,,P
119460-38189,P,Michael,Michael Tonkin,Tonkin,5.5,6,5500,DET@MIN,MIN,DET,,,,,,P
119460-157997,P,Sean,Sean Guenther,Guenther,4.111111111111111,9,5500,DET@MIN,DET,MIN,IL,Hip,,,,P
119460-146737,P,Cole,Cole Henry,Henry,4.795454545454546,46,5500,PHI@WSH,WSH,PHI,,,,,,P
119460-193844,P,Evan,Evan Justice,Justice,4,1,5500,ARI@COL,COL,ARI,,,,,,P
119460-79161,P,Braxton,Braxton Garrett,Garrett,23.857142857142858,7,5500,MIA@CLE,MIA,CLE,IL,Elbow,,,,P
119460-203075,P,Michael,Michael Petersen,Petersen,6.5,4,5500,MIA@CLE,MIA,CLE,,,,,,P
119460-154947,P,Justin,Justin Garza,Garza,3.4,5,5500,ATL@NYM,NYM,ATL,,,,,,P
119460-79171,P,Phil,Phil Bickford,Bickford,2.375,8,5500,PHI@WSH,PHI,WSH,,,,,,P
119460-211265,P,Seth,Seth Halvorsen,Halvorsen,4.175,42,5500,ARI@COL,COL,ARI,IL,Elbow,,,,P
119460-113986,P,Emmanuel,Emmanuel Clase,Clase,5.458333333333333,48,5500,MIA@CLE,CLE,MIA,O,Personal,,,,P
119460-174406,P,Huascar,Huascar Brazoban,Brazoban,6.181818181818182,44,5500,ATL@NYM,NYM,ATL,,,,,,P
119460-79172,P,Luis,Luis Ortiz,Ortiz,-4,3,5500,ATL@NYM,NYM,ATL,IL,Elbow,,,,P
119460-38217,P,Tommy,Tommy Kahnle,Kahnle,3.9565217391304346,49,5500,DET@MIN,DET,MIN,,,,,,P
119460-209224,P,Orlando,Orlando Ribalta,Ribalta,4.9,10,5500,PHI@WSH,WSH,PHI,,,,,,P
119460-79184,P,Thomas,Thomas Szapucki,Szapucki,0,2,5500,DET@MIN,DET,MIN,,,,,,P
119460-204119,P,Jacob,Jacob Bosiokovic,Bosiokovic,,0,5500,DET@MIN,MIN,DET,,,,,,P
119460-21846,P,Chris,Chris Devenski,Devenski,4.818181818181818,11,5500,ATL@NYM,NYM,ATL,,,,,,P
119460-177493,P,Andrew,Andrew Nardi,Nardi,5.051724137931035,59,5500,MIA@CLE,MIA,CLE,IL,Back,,,,P
119460-38240,P,Rafael,Rafael Montero,Montero,4.073170731707317,42,5500,DET@MIN,DET,MIN,,,,,,P
119460-79209,P,A.J.,A.J. Puk,Puk,6.375,8,5500,ARI@COL,ARI,COL,IL,Elbow,,,,P
119460-135530,P,Brett,Brett de Geus,de Geus,3,1,5500,PHI@WSH,PHI,WSH,,,,,,P
119460-193897,P,Kody,Kody Funderburk,Funderburk,4.7894736842105265,19,5500,DET@MIN,MIN,DET,,,,,,P
119460-225667,P,Cade,Cade Gibson,Gibson,5.7407407407407405,27,5500,MIA@CLE,MIA,CLE,,,,,,P
119460-225671,P,Zach,Zach Agnos,Agnos,2.75,28,5500,ARI@COL,COL,ARI,IL,Elbow,,,,P
119460-181651,P,Matt,Matt Krook,Krook,4.333333333333333,3,5500,MIA@CLE,CLE,MIA,,,,,,P
119460-79250,P,Junior,Junior Fernandez,Fernandez,,0,5500,ATL@NYM,NYM,ATL,,,,,,P
119460-79258,P,Ryne,Ryne Stanek,Stanek,4.282608695652174,47,5500,ATL@NYM,NYM,ATL,,,,,,P
119460-79265,P,Alex,Alex Speas,Speas,9,2,5500,DET@MIN,MIN,DET,,,,,,P
119460-61858,P,Raisel,Raisel Iglesias,Iglesias,5.098039215686274,51,5500,ATL@NYM,ATL,NYM,,,,,,P
119460-118185,P,Matt,Matt Foster,Foster,4.333333333333333,6,5500,ARI@COL,ARI,COL,,,,,,P
119460-118184,P,Enoli,Enoli Paredes,Paredes,5.944444444444445,18,5500,ATL@NYM,ATL,NYM,,,,,,P
119460-79275,P,Sean,Sean Reid-Foley,Reid-Foley,5.826086956521739,23,5500,ARI@COL,ARI,COL,,,,,,P
119460-101802,P,Patrick,Patrick Weigel,Weigel,,0,5500,PHI@WSH,WSH,PHI,,,,,,P
119460-219568,P,Rolddy,Rolddy Munoz,Munoz,,0,5500,ATL@NYM,ATL,NYM,,,,,,P
119460-101815,P,Jimmy,Jimmy Herget,Herget,6.976744186046512,43,5500,ARI@COL,COL,ARI,,,,,,P
119460-101814,P,Sam,Sam Hentges,Hentges,5.12,25,5500,MIA@CLE,CLE,MIA,IL,Shoulder,,,,P
119460-101819,P,Jose,Jose Suarez,Suarez,12.333333333333334,3,5500,ATL@NYM,ATL,NYM,,,,,,P
119460-169400,P,Parker,Parker Mushinski,Mushinski,1.8,10,5500,MIA@CLE,CLE,MIA,,,,,,P
119460-118208,P,Brooks,Brooks Kriske,Kriske,5.75,8,5500,DET@MIN,MIN,DET,,,,,,P
119460-101845,P,Genesis,Genesis Cabrera,Cabrera,4,24,5500,DET@MIN,MIN,DET,,,,,,P
119460-182750,P,Andrew,Andrew Painter,Painter,,0,5500,PHI@WSH,PHI,WSH,,,,,,P
119460-101854,P,Jacob,Jacob Waguespack,Waguespack,11.25,4,5500,PHI@WSH,PHI,WSH,,,,,,P
119460-145918,P,Will,Will Vest,Vest,6.408163265306122,49,5500,DET@MIN,DET,MIN,,,,,,P
119460-119299,P,Drey,Drey Jameson,Jameson,2,3,5500,ARI@COL,ARI,COL,IL,Elbow,,,,P
119460-119298,P,Luis,Luis Frias,Frias,1.8181818181818181,11,5500,MIA@CLE,CLE,MIA,,,,,,P
119460-170514,P,Jose,Jose Cuas,Cuas,4.833333333333333,13,5500,ATL@NYM,ATL,NYM,,,,,,P
119460-101904,P,Jordan,Jordan Romano,Romano,3.7333333333333334,46,5500,PHI@WSH,PHI,WSH,,,,,,P
119460-210448,P,Luis,Luis Peralta,Peralta,2.7777777777777777,9,5500,ARI@COL,COL,ARI,,,,,,P
119460-101911,P,Reed,Reed Garrett,Garrett,5.959183673469388,51,5500,ATL@NYM,NYM,ATL,,,,,,P
119460-191007,P,Declan,Declan Cronin,Cronin,6.125,56,5500,MIA@CLE,MIA,CLE,,,,,,P
119460-95774,P,Jeff,Jeff Brigham,Brigham,3.3333333333333335,4,5500,ARI@COL,ARI,COL,,,,,,P
119460-119331,P,Daniel,Daniel Espino,Espino,0,3,5500,MIA@CLE,CLE,MIA,IL,Shoulder,,,,P
119460-181796,P,Blair,Blair Calvo,Calvo,,0,5500,DET@MIN,DET,MIN,,,,,,P
119460-119336,P,Karl,Karl Kauffmann,Kauffmann,0,1,5500,ARI@COL,COL,ARI,,,,,,P
119460-181803,P,Zak,Zak Kent,Kent,7.75,4,5500,MIA@CLE,CLE,MIA,,,,,,P
119460-181801,P,Jose A.,Jose A. Ferrer,Ferrer,4.5636363636363635,55,5500,PHI@WSH,WSH,PHI,,,,,,P
119460-228913,P,PJ,PJ Poulin,Poulin,4.4,5,5500,PHI@WSH,WSH,PHI,,,,,,P
119460-178743,P,Nicholas,Nicholas Padilla,Padilla,,0,5500,PHI@WSH,PHI,WSH,,,,,,P
119460-219702,P,Marco,Marco Raya,Raya,,0,5500,DET@MIN,MIN,DET,,,,,,P
119460-219701,P,Franco,Franco Aleman,Aleman,,0,5500,MIA@CLE,CLE,MIA,,,,,,P
119460-219707,P,Jean,Jean Cabrera,Cabrera,,0,5500,PHI@WSH,PHI,WSH,,,,,,P
119460-222779,P,Thomas,Thomas White,White,,0,5500,MIA@CLE,MIA,CLE,,,,,,P
119460-181819,P,Tim,Tim Herrin,Herrin,4.342105263157895,39,5500,MIA@CLE,CLE,MIA,,,,,,P
119460-219705,P,Moises,Moises Chace,Chace,,0,5500,PHI@WSH,PHI,WSH,IL,Elbow,,,,P
119460-119356,P,Oliver,Oliver Ortega,Ortega,0,1,5500,ATL@NYM,NYM,ATL,IL,Elbow,,,,P
119460-119358,P,Antoine,Antoine Kelly,Kelly,0,1,5500,ARI@COL,COL,ARI,,,,,,P
119460-119367,P,Matt,Matt Canterino,Canterino,0,1,5500,DET@MIN,MIN,DET,IL,Shoulder,,,,P
119460-226884,P,Christian,Christian Montes De Oca,Montes De Oca,14,1,5500,ARI@COL,ARI,COL,IL,Back,,,,P
119460-72265,P,Matt,Matt Strahm,Strahm,5.16,50,5500,PHI@WSH,PHI,WSH,,,,,,P
119460-139851,P,Justin,Justin Topa,Topa,5.111111111111111,45,5500,DET@MIN,MIN,DET,,,,,,P
119460-80460,P,John,John Brebbia,Brebbia,3.8947368421052633,19,5500,ATL@NYM,ATL,NYM,,,,,,P
119460-219726,P,Joe,Joe Elbis,Elbis,,0,5500,ARI@COL,ARI,COL,O,Undisclosed,,,,P
119460-119375,P,Dedniel,Dedniel Nunez,Nunez,5.222222222222222,10,5500,ATL@NYM,NYM,ATL,IL,Elbow,,,,P
119460-181836,P,Justin,Justin Martinez,Martinez,6.0625,17,5500,ARI@COL,ARI,COL,IL,Elbow,,,,P
119460-175698,P,Hunter,Hunter Gaddis,Gaddis,4.981132075471698,53,5500,MIA@CLE,CLE,MIA,,,,,,P
119460-181843,P,Josh,Josh Simpson,Simpson,5.588235294117647,17,5500,MIA@CLE,MIA,CLE,,,,,,P
119460-219730,P,Chase,Chase Lee,Lee,6.03125,32,5500,DET@MIN,DET,MIN,,,,,,P
119460-219729,P,Tyler,Tyler Mattison,Mattison,,0,5500,DET@MIN,DET,MIN,,,,,,P
119460-181841,P,George,George Soriano,Soriano,5.384615384615385,13,5500,MIA@CLE,MIA,CLE,,,,,,P
119460-228948,P,Alex,Alex Carrillo,Carrillo,1.6666666666666667,3,5500,ATL@NYM,NYM,ATL,,,,,,P
119460-80476,P,Jackson,Jackson Stephens,Stephens,4.333333333333333,3,5500,ATL@NYM,ATL,NYM,,,,,,P
119460-119388,P,Junior,Junior Santos,Santos,,0,5500,PHI@WSH,WSH,PHI,,,,,,P
119460-222812,P,Jaden,Jaden Hamm,Hamm,,0,5500,DET@MIN,DET,MIN,,,,,,P
119460-222819,P,Jonah,Jonah Tong,Tong,,0,5500,ATL@NYM,NYM,ATL,,,,,,P
119460-81507,P,Aaron,Aaron Bummer,Bummer,6.15,40,5500,ATL@NYM,ATL,NYM,,,,,,P
119460-222822,P,Brandon,Brandon Sproat,Sproat,,0,5500,ATL@NYM,NYM,ATL,,,,,,P
119460-5735,P,David,David Robertson,Robertson,6,1,5500,PHI@WSH,PHI,WSH,,,,,,P
119460-222820,P,Nolan,Nolan McLean,McLean,,0,5500,ATL@NYM,NYM,ATL,,,,,,P
119460-21096,P,Erasmo,Erasmo Ramirez,Ramirez,4.25,4,5500,DET@MIN,MIN,DET,,,,,,P
119460-186986,P,Eduardo,Eduardo Salazar,Salazar,2.5,30,5500,PHI@WSH,WSH,PHI,,,,,,P
119460-118381,P,Kyle,Kyle Finnegan,Finnegan,4.488888888888889,45,5500,DET@MIN,DET,MIN,,,,,,P
119460-222830,P,Travis,Travis Sykora,Sykora,,0,5500,PHI@WSH,WSH,PHI,IL,Elbow,,,,P
119460-226925,P,Andrew,Andrew Hoffmann,Hoffmann,7.714285714285714,7,5500,ARI@COL,ARI,COL,,,,,,P
119460-82547,P,Thomas,Thomas Hatch,Hatch,11.666666666666666,3,5500,DET@MIN,MIN,DET,,,,,,P
119460-222833,P,Jarlin,Jarlin Susana,Susana,,0,5500,PHI@WSH,WSH,PHI,,,,,,P
119460-82546,P,Adbert,Adbert Alzolay,Alzolay,3.888888888888889,18,5500,ATL@NYM,NYM,ATL,IL,Elbow,,,,P
119460-222832,P,Alex,Alex Clemmey,Clemmey,,0,5500,PHI@WSH,WSH,PHI,,,,,,P
119460-82548,P,Alex,Alex Lange,Lange,4.380952380952381,21,5500,DET@MIN,DET,MIN,IL,Lat,,,,P
119460-210559,P,Brady,Brady Feigl,Feigl,-13,1,5500,DET@MIN,MIN,DET,IL,Shoulder,,,,P
119460-210562,P,Lake,Lake Bachar,Bachar,8.18918918918919,37,5500,MIA@CLE,MIA,CLE,,,,,,P
119460-52871,P,Derek,Derek Law,Law,6.16,75,5500,PHI@WSH,WSH,PHI,IL,Forearm,,,,P
119460-222859,P,Cam,Cam Caminiti,Caminiti,,0,5500,ATL@NYM,ATL,NYM,,,,,,P
119460-12939,P,Casey,Casey Kelly,Kelly,2.5,2,5500,ARI@COL,ARI,COL,,,,,,P
119460-82572,P,Gregory,Gregory Soto,Soto,4.5576923076923075,52,5500,ATL@NYM,NYM,ATL,,,,,,P
119460-190092,P,Devin,Devin Sweet,Sweet,,0,5500,PHI@WSH,PHI,WSH,,,,,,P
119460-165522,P,Tommy,Tommy Mace,Mace,,0,5500,MIA@CLE,CLE,MIA,,,,,,P
119460-165521,P,Doug,Doug Nikhazy,Nikhazy,4.5,2,5500,MIA@CLE,CLE,MIA,IL,Elbow,,,,P
119460-164500,P,Ryan,Ryan Cusick,Cusick,,0,5500,PHI@WSH,PHI,WSH,,,,,,P
119460-119446,P,Andry,Andry Lara,Lara,3.4444444444444446,9,5500,PHI@WSH,WSH,PHI,,,,,,P
119460-165531,P,Sam,Sam Weatherly,Weatherly,,0,5500,ARI@COL,COL,ARI,,,,,,P
119460-82587,P,Richard,Richard Lovelady,Lovelady,2.375,8,5500,ATL@NYM,NYM,ATL,,,,,,P
119460-165529,P,Jaden,Jaden Hill,Hill,4.7272727272727275,11,5500,ARI@COL,COL,ARI,,,,,,P
119460-226968,P,Kyle,Kyle Backhus,Backhus,4.35,20,5500,ARI@COL,ARI,COL,,,,,,P
119460-164510,P,Victor,Victor Vodnik,Vodnik,5.444444444444445,37,5500,ARI@COL,COL,ARI,,,,,,P
119460-169636,P,Beau,Beau Brieske,Brieske,3.272727272727273,22,5500,DET@MIN,DET,MIN,IL,Undisclosed,,,,P
119460-220842,P,Eiberson,Eiberson Castellano,Castellano,,0,5500,PHI@WSH,PHI,WSH,,,,,,P
119460-220841,P,Anderson,Anderson Pilar,Pilar,,0,5500,MIA@CLE,MIA,CLE,,,,,,P
119460-163507,P,Alan,Alan Rangel,Rangel,9.6,5,5500,PHI@WSH,PHI,WSH,,,,,,P
119460-165553,P,Dylan,Dylan Smith,Smith,7.285714285714286,7,5500,DET@MIN,DET,MIN,IL,Undisclosed,,,,P
119460-114356,P,Kevin,Kevin Ginkel,Ginkel,3.689655172413793,29,5500,ARI@COL,ARI,COL,IL,Shoulder,,,,P
119460-14006,P,Brian,Brian Moran,Moran,,0,5500,ATL@NYM,ATL,NYM,,,,,,P
119460-82628,P,Adonis,Adonis Medina,Medina,,0,5500,PHI@WSH,PHI,WSH,,,,,,P
119460-82639,P,Ryan,Ryan Helsley,Helsley,5.853658536585366,41,5500,ATL@NYM,NYM,ATL,,,,,,P
119460-81614,P,Thyago,Thyago Vieira,Vieira,6.111111111111111,28,5500,ARI@COL,ARI,COL,O,Elbow,,,,P
119460-165586,P,Mason,Mason Albright,Albright,,0,5500,ARI@COL,COL,ARI,,,,,,P
119460-228050,P,Nolan,Nolan Hoffman,Hoffman,,0,5500,PHI@WSH,PHI,WSH,,,,,,P
119460-165584,P,Alejandro,Alejandro Hidalgo,Hidalgo,,0,5500,DET@MIN,MIN,DET,,,,,,P
119460-112348,P,Cody,Cody Stashak,Stashak,,0,5500,PHI@WSH,PHI,WSH,,,,,,P
119460-229084,P,Brandyn,Brandyn Garcia,Garcia,0.25,4,5500,ARI@COL,ARI,COL,,,,,,P
119460-82657,P,Wil,Wil Crowe,Crowe,,0,5500,PHI@WSH,PHI,WSH,,,,,,P
119460-181985,P,Guillo,Guillo Zuniga,Zuniga,4.214285714285714,15,5500,PHI@WSH,PHI,WSH,,,,,,P
119460-81641,P,John,John Curtiss,Curtiss,4.866666666666666,15,5500,ARI@COL,ARI,COL,,,,,,P
119460-81640,P,Yacksel,Yacksel Rios,Rios,,0,5500,ATL@NYM,NYM,ATL,IL,Undisclosed,,,,P
119460-81642,P,A.J.,A.J. Minter,Minter,5.3076923076923075,13,5500,ATL@NYM,NYM,ATL,IL,Lat,,,,P
119460-165609,P,Zach,Zach McCambley,McCambley,,0,5500,MIA@CLE,MIA,CLE,,,,,,P
119460-182006,P,Nic,Nic Enright,Enright,6.142857142857143,21,5500,MIA@CLE,CLE,MIA,,,,,,P
119460-84727,P,Drew,Drew Smith,Smith,5.7894736842105265,19,5500,ATL@NYM,NYM,ATL,IL,Elbow,,,,P
119460-165624,P,Dom,Dom Hamel,Hamel,,0,5500,ATL@NYM,NYM,ATL,,,,,,P
119460-165625,P,Calvin,Calvin Ziegler,Ziegler,,0,5500,ATL@NYM,NYM,ATL,IL,Elbow,,,,P
119460-165628,P,Josh,Josh Walker,Walker,9,3,5500,PHI@WSH,PHI,WSH,,,,,,P
119460-13055,P,Anthony,Anthony Gose,Gose,3.3333333333333335,3,5500,ARI@COL,ARI,COL,,,,,,P
119460-228101,P,Jonathan,Jonathan Pintaro,Pintaro,-1,1,5500,ATL@NYM,NYM,ATL,,,,,,P
119460-194323,P,Hunter,Hunter Stratton,Stratton,1,5,5500,ATL@NYM,ATL,NYM,,,,,,P
119460-194320,P,Andrew,Andrew Saalfrank,Saalfrank,5.076923076923077,13,5500,ARI@COL,ARI,COL,,,,,,P
119460-182062,P,Gus,Gus Varland,Varland,5.230769230769231,26,5500,ARI@COL,ARI,COL,O,Undisclosed,,,,P
119460-103218,P,Nick,Nick Margevicius,Margevicius,,0,5500,DET@MIN,DET,MIN,,,,,,P
119460-165684,P,Matt,Matt Mikulski,Mikulski,,0,5500,DET@MIN,MIN,DET,,,,,,P
119460-163641,P,Ray,Ray Kerr,Kerr,11.2,10,5500,ATL@NYM,ATL,NYM,IL,Elbow,,,,P
119460-116548,P,Tyler,Tyler Rogers,Rogers,4.677966101694915,59,5500,ATL@NYM,NYM,ATL,,,,,,P
119460-163655,P,Daniel,Daniel Duarte,Duarte,12,3,5500,DET@MIN,MIN,DET,IL,Elbow,,,,P
119460-119622,P,Matt,Matt Allan,Allan,,0,5500,ATL@NYM,NYM,ATL,,,,,,P
119460-163663,P,Calvin,Calvin Faucher,Faucher,4.9375,49,5500,MIA@CLE,MIA,CLE,,,,,,P
119460-228189,P,Juan,Juan Burgos,Burgos,7,7,5500,ARI@COL,ARI,COL,,,,,,P
119460-163684,P,Ronny,Ronny Henriquez,Henriquez,7.2407407407407405,54,5500,MIA@CLE,MIA,CLE,,,,,,P
119460-213871,P,Luarbert,Luarbert Arias,Arias,3.6666666666666665,6,5500,MIA@CLE,MIA,CLE,,,,,,P
119460-163707,P,Freddy,Freddy Pacheco,Pacheco,,0,5500,DET@MIN,DET,MIN,,,,,,P
119460-210813,P,Ryan,Ryan Miller,Miller,4.153846153846154,13,5500,DET@MIN,DET,MIN,,,,,,P
119460-170889,P,Aneurys,Aneurys Zabala,Zabala,,0,5500,DET@MIN,DET,MIN,,,,,,P
119460-23437,P,Brooks,Brooks Raley,Raley,5.3,10,5500,ATL@NYM,NYM,ATL,,,,,,P
119460-157600,P,Austin,Austin Warren,Warren,11.6,5,5500,ATL@NYM,NYM,ATL,,,,,,P
119460-52141,P,Lucas,Lucas Sims,Sims,1.5625,18,5500,PHI@WSH,PHI,WSH,,,,,,P
119460-102318,P,Ryan,Ryan Rolison,Rolison,2.96,25,5500,ARI@COL,COL,ARI,,,,,,P
119460-52148,P,Pierce,Pierce Johnson,Johnson,5.333333333333333,48,5500,ATL@NYM,ATL,NYM,,,,,,P
119460-102324,P,Konnor,Konnor Pilkington,Pilkington,6.090909090909091,11,5500,PHI@WSH,WSH,PHI,,,,,,P
119460-68548,P,Edwin,Edwin Diaz,Diaz,7.6,45,5500,ATL@NYM,NYM,ATL,,,,,,P
119460-68551,P,Tyler,Tyler Beede,Beede,4.846153846153846,13,5500,DET@MIN,MIN,DET,,,,,,P
119460-210885,P,Erik,Erik Sabrowski,Sabrowski,7,16,5500,MIA@CLE,CLE,MIA,,,,,,P
119460-193498,P,John,John McMillon,McMillon,9,10,5500,PHI@WSH,PHI,WSH,,,,,,P
119460-52192,P,Luke,Luke Jackson,Jackson,3.9743589743589745,42,5500,DET@MIN,DET,MIN,,,,,,P
119460-169957,P,Danny,Danny Young,Young,5.2,10,5500,ATL@NYM,NYM,ATL,IL,Elbow,,,,P
119460-102377,P,Trevor,Trevor Stephan,Stephan,0,3,5500,MIA@CLE,CLE,MIA,,,,,,P
119460-79848,P,Paul,Paul Sewald,Sewald,4.555555555555555,18,5500,DET@MIN,DET,MIN,IL,Shoulder,,,,P
119460-70634,P,Daniel,Daniel Mengden,Mengden,,0,5500,ARI@COL,ARI,COL,,,,,,P
119460-82922,P,Tyler,Tyler Kinley,Kinley,4.472727272727273,55,5500,ATL@NYM,ATL,NYM,,,,,,P
119460-82935,P,Trevor,Trevor Richards,Richards,4.25,5,5500,ARI@COL,ARI,COL,,,,,,P
119460-70649,P,Adrian,Adrian Sampson,Sampson,0,1,5500,PHI@WSH,WSH,PHI,,,,,,P
119460-198655,P,Woo-Suk,Woo-Suk Go,Go,,0,5500,DET@MIN,DET,MIN,,,,,,P
119460-119297,OF,Corbin,Corbin Carroll,Carroll,13.284615149864784,104,4700,ARI@COL,ARI,COL,,,,,,OF/UTIL
119460-21853,2B,Ketel,Ketel Marte,Marte,12.934090354225852,88,4500,ARI@COL,ARI,COL,,,,,,2B/UTIL
119460-60631,OF,Kyle,Kyle Schwarber,Schwarber,14.089166259765625,120,4300,PHI@WSH,PHI,WSH,,,,,,OF/UTIL
119460-79282,OF,Juan,Juan Soto,Soto,12.944915254237289,118,4200,ATL@NYM,NYM,ATL,,,,,,OF/UTIL
119460-38976,3B,Jose,Jose Ramirez,Ramirez,13.074999579067889,116,4100,MIA@CLE,CLE,MIA,,,,,,3B/UTIL
119460-102438,SS,Geraldo,Geraldo Perdomo,Perdomo,11.919167073567708,120,4000,ARI@COL,ARI,COL,,,,,,SS/UTIL
119460-79756,OF,Ronald,Ronald Acuna Jr.,Acuna Jr.,13.338181374289773,55,4000,ATL@NYM,ATL,NYM,IL,Calf,,,,OF/UTIL
119460-39086,OF,Byron,Byron Buxton,Buxton,13.761363636363637,88,3900,DET@MIN,MIN,DET,,,,,,OF/UTIL
119460-165661,OF,James,James Wood,Wood,12.269491939221398,118,3800,PHI@WSH,WSH,PHI,,,,,,OF/UTIL
119460-65881,SS,Trea,Trea Turner,Turner,11.28135551840572,118,3700,PHI@WSH,PHI,WSH,,,,,,SS/UTIL
119460-119343,OF,Riley,Riley Greene,Greene,11.051694708355402,118,3600,DET@MIN,DET,MIN,,,,,,OF/UTIL
119460-82614,1B,Pete,Pete Alonso,Alonso,12.113333129882813,120,3600,ATL@NYM,NYM,ATL,,,,,,C/1B/UTIL
119460-79272,OF,Lourdes,Lourdes Gurriel Jr.,Gurriel Jr.,9.094594594594595,111,3500,ARI@COL,ARI,COL,,,,,,OF/UTIL
119460-181797,3B,Warming,Warming Bernabel,Bernabel,10.288234935087317,17,3500,ARI@COL,COL,ARI,,,,,,3B/UTIL
119460-12948,1B,Bryce,Bryce Harper,Harper,11.700000265370244,92,3500,PHI@WSH,PHI,WSH,,,,,,C/1B/UTIL
119460-165527,OF/C/1B,Hunter,Hunter Goodman,Goodman,10.75849079635908,106,3500,ARI@COL,COL,ARI,,,,,,C/1B/OF/UTIL
119460-198880,OF,Jordan,Jordan Beck,Beck,9.737036810980904,108,3400,ARI@COL,COL,ARI,,,,,,OF/UTIL
119460-82530,1B/OF,Pavin,Pavin Smith,Smith,8.007594627670095,79,3400,ARI@COL,ARI,COL,IL,Oblique,,,,C/1B/OF/UTIL
119460-163674,SS,Ezequiel,Ezequiel Tovar,Tovar,9.583333333333334,54,3400,ARI@COL,COL,ARI,,,,,,SS/UTIL
119460-52175,1B,Matt,Matt Olson,Olson,10.934166463216146,120,3400,ATL@NYM,ATL,NYM,,,,,,C/1B/UTIL
119460-146682,OF,Brenton,Brenton Doyle,Doyle,8.000989857286509,101,3300,ARI@COL,COL,ARI,,,,,,OF/UTIL
119460-79211,OF,Mickey,Mickey Moniak,Moniak,8.722772277227723,101,3300,ARI@COL,COL,ARI,,,,,,OF/UTIL
119460-16952,SS,Francisco,Francisco Lindor,Lindor,11.437287928694385,118,3300,ATL@NYM,NYM,ATL,,,,,,SS/UTIL
119460-222785,2B,Luke,Luke Keaschall,Keaschall,13.926666259765625,15,3300,DET@MIN,MIN,DET,,,,,,2B/UTIL
119460-119410,SS,CJ,CJ Abrams,Abrams,11.99150920364092,106,3300,PHI@WSH,WSH,PHI,,,,,,SS/UTIL
119460-135203,1B,Spencer,Spencer Torkelson,Torkelson,10.663793103448276,116,3200,DET@MIN,DET,MIN,,,,,,C/1B/UTIL
119460-119305,OF,Kyle,Kyle Stowers,Stowers,10.982608695652173,115,3200,MIA@CLE,MIA,CLE,,,,,,OF/UTIL
119460-119333,OF/2B,Tyler,Tyler Freeman,Freeman,8.75066650390625,75,3200,ARI@COL,COL,ARI,,,,,,2B/OF/UTIL
119460-119442,C,Gabriel,Gabriel Moreno,Moreno,8.0528299583579,53,3200,ARI@COL,ARI,COL,IL,Finger,,,,C/1B/UTIL
119460-17171,C,James,James McCann,McCann,7.207999877929687,25,3200,ARI@COL,ARI,COL,,,,,,C/1B/UTIL
119460-232219,3B,Kyle,Kyle Karros,Karros,10.916666666666666,6,3200,ARI@COL,COL,ARI,,,,,,3B/UTIL
119460-102435,SS/2B/3B,Blaze,Blaze Alexander,Alexander,7.949999640969669,34,3100,ARI@COL,ARI,COL,,,,,,2B/3B/SS/UTIL
119460-231559,OF,Jakob,Jakob Marsee,Marsee,18.161538931039665,13,3100,MIA@CLE,MIA,CLE,,,,,,OF/UTIL
119460-176691,OF,Kerry,Kerry Carpenter,Carpenter,9.28494623655914,93,3100,DET@MIN,DET,MIN,,,,,,OF/UTIL
119460-17086,OF,Marcell,Marcell Ozuna,Ozuna,9.911009622276376,109,3100,ATL@NYM,ATL,NYM,,,,,,OF/UTIL
119460-102283,OF,Alek,Alek Thomas,Thomas,6.719230651855469,104,3100,ARI@COL,ARI,COL,,,,,,OF/UTIL
119460-13262,OF,Jurickson,Jurickson Profar,Profar,11.707499694824218,40,3100,ATL@NYM,ATL,NYM,,,,,,OF/UTIL
119460-68588,2B,Gleyber,Gleyber Torres,Torres,10.099073621961805,108,3100,DET@MIN,DET,MIN,,,,,,2B/UTIL
119460-79074,3B,Austin,Austin Riley,Riley,9.782352821499694,102,3000,ATL@NYM,ATL,NYM,IL,Abdomen,,,,3B/UTIL
119460-164496,C,Adrian,Adrian Del Castillo,Del Castillo,6.429411944221048,17,3000,ARI@COL,ARI,COL,,,,,,C/1B/UTIL
119460-82613,2B,Thairo,Thairo Estrada,Estrada,8.187179174178686,39,3000,ARI@COL,COL,ARI,IL,Hamstring,,,,2B/UTIL
119460-17097,OF,Brandon,Brandon Nimmo,Nimmo,10.448275862068966,116,3000,ATL@NYM,NYM,ATL,,,,,,OF/UTIL
119460-189308,1B,Kyle,Kyle Manzardo,Manzardo,8.94803933536305,102,3000,MIA@CLE,CLE,MIA,,,,,,C/1B/UTIL
119460-202657,1B,Tyler,Tyler Locklear,Locklear,7.933333079020183,12,3000,ARI@COL,ARI,COL,,,,,,C/1B/UTIL
119460-102393,SS/2B,Xavier,Xavier Edwards,Edwards,9.996153611403246,104,3000,MIA@CLE,MIA,CLE,,,,,,2B/SS/UTIL
119460-12310,1B,Carlos,Carlos Santana,Santana,8.308182040127841,110,2900,MIA@CLE,CLE,MIA,,,,,,C/1B/UTIL
119460-13342,OF,Nick,Nick Castellanos,Castellanos,8.96923097789797,117,2900,PHI@WSH,PHI,WSH,,,,,,OF/UTIL
119460-145618,2B/SS,Otto,Otto Lopez,Lopez,9.396153963529146,104,2900,MIA@CLE,MIA,CLE,,,,,,2B/SS/UTIL
119460-197886,C,Agustin,Agustin Ramirez,Ramirez,10.210526315789474,95,2900,MIA@CLE,MIA,CLE,,,,,,C/1B/UTIL
119460-118218,SS/3B/2B/OF,Zach,Zach McKinstry,McKinstry,9.3348623853211,109,2900,DET@MIN,DET,MIN,,,,,,2B/3B/SS/OF/UTIL
119460-119337,1B/OF,Michael,Michael Toglia,Toglia,7.07441888853561,86,2900,ARI@COL,COL,ARI,,,,,,C/1B/OF/UTIL
119460-119377,OF,Matt,Matt Wallner,Wallner,8.75394720780222,76,2900,DET@MIN,MIN,DET,,,,,,OF/UTIL
119460-82660,2B,Luis,Luis Garcia Jr.,Garcia Jr.,8.766346271221455,104,2900,PHI@WSH,WSH,PHI,,,,,,2B/UTIL
119460-163666,OF,Steven,Steven Kwan,Kwan,9.361062379009956,113,2900,MIA@CLE,CLE,MIA,,,,,,OF/UTIL
119460-102282,OF,Jake,Jake McCarthy,McCarthy,5.707500076293945,40,2900,ARI@COL,ARI,COL,,,,,,OF/UTIL
119460-197881,OF,Yanquiel,Yanquiel Fernandez,Fernandez,4.258333206176758,24,2800,ARI@COL,COL,ARI,,,,,,OF/UTIL
119460-85285,1B,Nathaniel,Nathaniel Lowe,Lowe,8.739495798319327,119,2800,PHI@WSH,WSH,PHI,,,,,,C/1B/UTIL
119460-197982,OF,Dylan,Dylan Crews,Crews,9.073333062065972,45,2800,PHI@WSH,WSH,PHI,IL,Oblique,,,,OF/UTIL
119460-119341,OF,Wenceel,Wenceel Perez,Perez,9.526229107966188,61,2800,DET@MIN,DET,MIN,,,,,,OF/UTIL
119460-119368,C,Ryan,Ryan Jeffers,Jeffers,8.301031053680735,97,2800,DET@MIN,MIN,DET,,,,,,C/1B/UTIL
119460-82536,OF,Cedric,Cedric Mullins,Mullins,9.862375995900372,101,2800,ATL@NYM,NYM,ATL,,,,,,OF/UTIL
119460-119405,2B/SS,Bryson,Bryson Stott,Stott,8.72129652235243,108,2800,PHI@WSH,PHI,WSH,,,,,,2B/SS/UTIL
119460-223870,C,Braxton,Braxton Fulford,Fulford,6.825,20,2800,ARI@COL,COL,ARI,,,,,,C/1B/UTIL
119460-222858,C,Drake,Drake Baldwin,Baldwin,8.542528875942889,87,2800,ATL@NYM,ATL,NYM,,,,,,C/1B/UTIL
119460-226967,SS,Ryan,Ryan Ritter,Ritter,7.051613100113407,31,2800,ARI@COL,COL,ARI,IL,Finger,,,,SS/UTIL
119460-82624,C,Sean,Sean Murphy,Murphy,8.754878346512957,82,2800,ATL@NYM,ATL,NYM,,,,,,C/1B/UTIL
119460-102362,OF,Trevor,Trevor Larnach,Larnach,8.849074187102142,108,2800,DET@MIN,MIN,DET,,,,,,OF/UTIL
119460-102370,3B/1B,Alec,Alec Bohm,Bohm,8.43260856296705,92,2800,PHI@WSH,PHI,WSH,IL,Ribs,,,,C/1B/3B/UTIL
119460-68587,2B,Ozzie,Ozzie Albies,Albies,8.041666666666666,120,2800,ATL@NYM,ATL,NYM,,,,,,2B/UTIL
119460-13423,OF,Starling,Starling Marte,Marte,7.478571428571429,70,2700,ATL@NYM,NYM,ATL,,,,,,OF/UTIL
119460-85307,2B/OF,Jeff,Jeff McNeil,McNeil,8.236905052548362,84,2700,ATL@NYM,NYM,ATL,,,,,,2B/OF/UTIL
119460-21885,SS/3B/OF,Javier,Javier Baez,Baez,8.100999755859375,100,2700,DET@MIN,DET,MIN,,,,,,3B/SS/OF/UTIL
119460-101811,OF,Sam,Sam Hilliard,Hilliard,7.055000305175781,20,2700,ARI@COL,COL,ARI,,,,,,OF/UTIL
119460-136672,OF,Michael,Michael Harris II,Harris II,8.42627108299126,118,2700,ATL@NYM,ATL,NYM,,,,,,OF/UTIL
119460-181835,OF,Jorge,Jorge Barrosa,Barrosa,3.171428680419922,14,2700,ARI@COL,ARI,COL,,,,,,OF/UTIL
119460-80462,SS/3B,Paul,Paul DeJong,DeJong,8.378787878787879,33,2700,PHI@WSH,WSH,PHI,,,,,,3B/SS/UTIL
119460-165514,OF/2B,Angel,Angel Martinez,Martinez,7.592079087059097,101,2700,MIA@CLE,CLE,MIA,,,,,,2B/OF/UTIL
119460-164495,SS/3B/2B,Jordan,Jordan Lawlar,Lawlar,1.524999976158142,8,2700,ARI@COL,ARI,COL,IL,Hamstring,,,,2B/3B/SS/UTIL
119460-82608,3B,Royce,Royce Lewis,Lewis,7.052307598407452,65,2700,DET@MIN,MIN,DET,,,,,,3B/UTIL
119460-165557,1B/2B/3B,Colt,Colt Keith,Keith,7.564814814814815,108,2700,DET@MIN,DET,MIN,,,,,,C/1B/2B/3B/UTIL
119460-202431,2B/3B/SS/OF,Daniel,Daniel Schneemann,Schneemann,7.317525647350194,97,2700,MIA@CLE,CLE,MIA,,,,,,2B/3B/SS/OF/UTIL
119460-163533,C,Jose,Jose Herrera,Herrera,5.441817959872159,55,2700,ARI@COL,ARI,COL,,,,,,C/1B/UTIL
119460-53994,1B,Josh,Josh Bell,Bell,8.274038461538462,104,2700,PHI@WSH,WSH,PHI,,,,,,C/1B/UTIL
119460-17139,C,J.T.,J.T. Realmuto,Realmuto,8.401010224313447,99,2700,PHI@WSH,PHI,WSH,,,,,,C/1B/UTIL
119460-165703,OF,Heriberto,Heriberto Hernandez,Hernandez,8.222916920979818,48,2700,MIA@CLE,MIA,CLE,,,,,,OF/UTIL
119460-165725,OF,Daylen,Daylen Lile,Lile,8.06181807084517,55,2700,PHI@WSH,WSH,PHI,,,,,,OF/UTIL
119460-102315,C,Bo,Bo Naylor,Naylor,6.787912222055288,91,2700,MIA@CLE,CLE,MIA,,,,,,C/1B/UTIL
119460-102326,1B/2B/3B/OF,Kody,Kody Clemens,Clemens,7.545122100085747,82,2700,DET@MIN,MIN,DET,,,,,,C/1B/2B/3B/OF/UTIL
119460-135204,C,Dillon,Dillon Dingler,Dingler,8.08913056746773,92,2600,DET@MIN,DET,MIN,,,,,,C/1B/UTIL
119460-185632,C/1B/OF,David,David Fry,Fry,5.625581253406613,43,2600,MIA@CLE,CLE,MIA,,,,,,C/1B/OF/UTIL
119460-79154,OF,Brandon,Brandon Marsh,Marsh,6.876288659793815,97,2600,PHI@WSH,PHI,WSH,,,,,,OF/UTIL
119460-21875,OF,Max,Max Kepler,Kepler,7.641584037554146,101,2600,PHI@WSH,PHI,WSH,,,,,,OF/UTIL
119460-21890,SS/1B/3B/2B,Orlando,Orlando Arcia,Arcia,3.510344932819235,58,2600,ARI@COL,COL,ARI,IL,Elbow,,,,C/1B/2B/3B/SS/UTIL
119460-79249,OF,Harrison,Harrison Bader,Bader,7.719047619047619,105,2600,PHI@WSH,PHI,WSH,,,,,,OF/UTIL
119460-228914,1B,Tristin,Tristin English,English,2.2142857142857144,7,2600,ARI@COL,ARI,COL,,,,,,C/1B/UTIL
119460-219727,2B/1B/OF,Tim,Tim Tawa,Tawa,6.189830715373411,59,2600,ARI@COL,ARI,COL,IL,Undisclosed,,,,C/1B/2B/OF/UTIL
119460-81511,2B/3B/SS/1B,Kyle,Kyle Farmer,Farmer,5.522499847412109,80,2600,ARI@COL,COL,ARI,,,,,,C/1B/2B/3B/SS/UTIL
119460-164506,2B/3B,Connor,Connor Norby,Norby,7.8972218831380205,72,2600,MIA@CLE,MIA,CLE,IL,Wrist,,,,2B/3B/UTIL
119460-165530,SS/2B,Adael,Adael Amador,Amador,4.428571428571429,42,2600,ARI@COL,COL,ARI,,,,,,2B/SS/UTIL
119460-165726,3B,Brady,Brady House,House,7.149999709356399,42,2600,PHI@WSH,WSH,PHI,,,,,,3B/UTIL
119460-211919,1B/3B/OF,Eric,Eric Wagaman,Wagaman,7.015094109301297,106,2600,MIA@CLE,MIA,CLE,,,,,,C/1B/3B/OF/UTIL
119460-80852,2B/SS/3B/OF,Ildemaro,Ildemaro Vargas,Vargas,7.2,10,2600,ARI@COL,ARI,COL,IL,Foot,,,,2B/3B/SS/OF/UTIL
119460-102365,C,Francisco,Francisco Alvarez,Alvarez,7.9326923076923075,52,2600,ATL@NYM,NYM,ATL,,,,,,C/1B/UTIL
119460-102418,OF,Eli,Eli White,White,6.524705595128676,85,2500,ATL@NYM,ATL,NYM,,,,,,OF/UTIL
119460-102436,OF,Kristian,Kristian Robinson,Robinson,,0,2500,ARI@COL,ARI,COL,,,,,,OF/UTIL
119460-171112,OF,Sean,Sean Bouchard,Bouchard,3.809375047683716,32,2500,ARI@COL,COL,ARI,,,,,,OF/UTIL
119460-135284,C,Riley,Riley Adams,Adams,6.349056603773585,53,2500,PHI@WSH,WSH,PHI,,,,,,C/1B/UTIL
119460-198865,OF,Druw,Druw Jones,Jones,,0,2500,ARI@COL,ARI,COL,,,,,,OF/UTIL
119460-198871,SS,Tommy,Tommy Troy,Troy,,0,2500,ARI@COL,ARI,COL,,,,,,SS/UTIL
119460-83174,3B,Sergio,Sergio Alcantara,Alcantara,0,1,2500,ARI@COL,ARI,COL,,,,,,3B/UTIL
119460-109803,C,Austin,Austin Nola,Nola,2.6600001017252604,15,2500,ARI@COL,COL,ARI,,,,,,C/1B/UTIL
119460-146680,C,Drew,Drew Romo,Romo,4.737500190734863,16,2500,ARI@COL,COL,ARI,,,,,,C/1B/UTIL
119460-146681,OF,Zac,Zac Veen,Veen,4.100000063578288,12,2500,ARI@COL,COL,ARI,,,,,,OF/UTIL
119460-85320,C,Michael,Michael Perez,Perez,0,1,2500,ARI@COL,ARI,COL,,,,,,C/1B/UTIL
119460-197972,SS/3B/2B,Brooks,Brooks Lee,Lee,7.09,100,2500,DET@MIN,MIN,DET,,,,,,2B/3B/SS/UTIL
119460-38276,OF,Albert,Albert Almora,Almora,0,2,2500,ARI@COL,ARI,COL,,,,,,OF/UTIL
119460-79240,C,Aramis,Aramis Garcia,Garcia,0,2,2500,ARI@COL,ARI,COL,,,,,,C/1B/UTIL
119460-79247,3B/SS/2B/OF,Edmundo,Edmundo Sosa,Sosa,6.486764795639935,68,2500,PHI@WSH,PHI,WSH,,,,,,2B/3B/SS/OF/UTIL
119460-101844,OF,Lane,Lane Thomas,Thomas,6.1923076923076925,39,2500,MIA@CLE,CLE,MIA,IL,Foot,,,,OF/UTIL
119460-226808,1B,Blaine,Blaine Crim,Crim,1.8399999618530274,5,2500,ARI@COL,COL,ARI,,,,,,C/1B/UTIL
119460-119335,3B/2B/SS,Aaron,Aaron Schunk,Schunk,1.6133333841959636,15,2500,ARI@COL,COL,ARI,,,,,,2B/3B/SS/UTIL
119460-222793,OF,Robert,Robert Calaz,Calaz,,0,2500,ARI@COL,COL,ARI,,,,,,OF/UTIL
119460-222792,OF,Charlie,Charlie Condon,Condon,,0,2500,ARI@COL,COL,ARI,,,,,,OF/UTIL
119460-222803,2B,Demetrio,Demetrio Crisantes,Crisantes,,0,2500,ARI@COL,ARI,COL,IL,Shoulder,,,,2B/UTIL
119460-119376,3B/2B,Brett,Brett Baty,Baty,7.423404125457115,94,2500,ATL@NYM,NYM,ATL,,,,,,2B/3B/UTIL
119460-222802,OF,Ryan,Ryan Waldschmidt,Waldschmidt,,0,2500,ARI@COL,ARI,COL,,,,,,OF/UTIL
119460-222804,OF,Slade,Slade Caldwell,Caldwell,,0,2500,ARI@COL,ARI,COL,,,,,,OF/UTIL
119460-119412,2B/3B/1B,Owen,Owen Miller,Miller,2.7222222222222223,9,2500,ARI@COL,COL,ARI,,,,,,C/1B/2B/3B/UTIL
119460-164499,3B,A.J.,A.J. Vukovich,Vukovich,,0,2500,ARI@COL,ARI,COL,,,,,,3B/UTIL
119460-165526,OF,Benny,Benny Montgomery,Montgomery,,0,2500,ARI@COL,COL,ARI,,,,,,OF/UTIL
119460-165532,3B,Julio,Julio Carreras,Carreras,0,1,2500,ARI@COL,COL,ARI,,,,,,3B/UTIL
119460-82593,C,Keibert,Keibert Ruiz,Ruiz,6.239705702837775,68,2500,PHI@WSH,WSH,PHI,IL,Concussion,,,,C/1B/UTIL
119460-82596,C,Jake,Jake Rogers,Rogers,6.011110941569011,36,2500,DET@MIN,DET,MIN,,,,,,C/1B/UTIL
119460-82605,2B/1B,Keston,Keston Hiura,Hiura,4.637499809265137,8,2500,ARI@COL,COL,ARI,,,,,,C/1B/2B/UTIL
119460-82615,3B,Mark,Mark Vientos,Vientos,6.951219512195122,82,2500,ATL@NYM,NYM,ATL,,,,,,3B/UTIL
119460-163513,C,Rene,Rene Pinto,Pinto,5.578947368421052,19,2500,ARI@COL,ARI,COL,,,,,,C/1B/UTIL
119460-188114,SS,Connor,Connor Kaiser,Kaiser,5.333333333333333,3,2500,ARI@COL,ARI,COL,,,,,,SS/UTIL
119460-116450,OF,Seth,Seth Brown,Brown,3.149999919690584,38,2500,ARI@COL,ARI,COL,,,,,,OF/UTIL
119460-224021,3B/1B/OF,Otto,Otto Kemp,Kemp,7.131110975477431,45,2500,PHI@WSH,PHI,WSH,,,,,,C/1B/3B/OF/UTIL
119460-102285,OF,Cristian,Cristian Pache,Pache,3.2876405180170294,89,2500,ARI@COL,ARI,COL,,,,,,OF/UTIL
119460-52147,1B/OF,Kris,Kris Bryant,Bryant,3.6272728659889917,11,2500,ARI@COL,COL,ARI,IL,Back,,,,C/1B/OF/UTIL
119460-189389,OF,Dane,Dane Myers,Myers,6.779775555214186,89,2500,MIA@CLE,MIA,CLE,,,,,,OF/UTIL
119460-102367,2B/3B/SS,Ronny,Ronny Mauricio,Mauricio,7.218181956898082,44,2500,ATL@NYM,NYM,ATL,,,,,,2B/3B/SS/UTIL
119460-38973,OF,Tyrone,Tyrone Taylor,Taylor,5.167326974396659,101,2400,ATL@NYM,NYM,ATL,,,,,,OF/UTIL
119460-102475,SS,Brayan,Brayan Rocchio,Rocchio,6.029166751437717,72,2400,MIA@CLE,CLE,MIA,,,,,,SS/UTIL
119460-102546,2B/3B/SS,Gabriel,Gabriel Arias,Arias,7.786021242859543,93,2400,MIA@CLE,CLE,MIA,,,,,,2B/3B/SS/UTIL
119460-79153,2B/OF,Jahmai,Jahmai Jones,Jones,4.911111111111111,45,2400,DET@MIN,DET,MIN,,,,,,2B/OF/UTIL
119460-135524,OF/2B,Austin,Austin Martin,Martin,6.358333587646484,12,2400,DET@MIN,MIN,DET,,,,,,2B/OF/UTIL
119460-222879,OF,Alan,Alan Roden,Roden,4.701851738823785,54,2400,DET@MIN,MIN,DET,,,,,,OF/UTIL
119460-220835,C/1B,Liam,Liam Hicks,Hicks,6.664285568963914,84,2400,MIA@CLE,MIA,CLE,,,,,,C/1B/UTIL
119460-211756,SS/2B/3B/OF,Javier,Javier Sanoja,Sanoja,5.665168676483497,89,2400,MIA@CLE,MIA,CLE,,,,,,2B/3B/SS/OF/UTIL
119460-154422,OF/3B,Matt,Matt Vierling,Vierling,5.8290321596207155,31,2400,DET@MIN,DET,MIN,IL,Oblique,,,,3B/OF/UTIL
119460-163671,3B,Jose,Jose Tena,Tena,6.652083079020183,48,2400,PHI@WSH,WSH,PHI,,,,,,3B/UTIL
119460-38872,OF,Jesse,Jesse Winker,Winker,6.830769465519832,26,2400,ATL@NYM,NYM,ATL,IL,Back,,,,OF/UTIL
119460-79896,C,Luis,Luis Torrens,Torrens,4.472972972972973,74,2300,ATL@NYM,NYM,ATL,,,,,,C/1B/UTIL
119460-60636,OF,Derek,Derek Hill,Hill,6.179999923706054,40,2300,MIA@CLE,MIA,CLE,,,,,,OF/UTIL
119460-79122,OF,Nolan,Nolan Jones,Jones,5.580952380952381,105,2300,MIA@CLE,CLE,MIA,,,,,,OF/UTIL
119460-193863,OF,Jacob,Jacob Young,Young,5.477173846700917,92,2300,PHI@WSH,WSH,PHI,,,,,,OF/UTIL
119460-222798,OF/1B,C.J.,C.J. Kayfus,Kayfus,9.069999694824219,10,2300,MIA@CLE,CLE,MIA,,,,,,C/1B/OF/UTIL
119460-163667,OF/1B,Jhonkensy,Jhonkensy Noel,Noel,3.018367222377232,49,2300,MIA@CLE,CLE,MIA,,,,,,C/1B/OF/UTIL
119460-163691,OF,James,James Outman,Outman,3.98181811246005,22,2300,DET@MIN,MIN,DET,,,,,,OF/UTIL
119460-102325,OF,Parker,Parker Meadows,Meadows,6.434210526315789,38,2300,DET@MIN,DET,MIN,IL,Quadriceps,,,,OF/UTIL
119460-102380,SS,Nick,Nick Allen,Allen,4.921621511648367,111,2300,ATL@NYM,ATL,NYM,,,,,,SS/UTIL
119460-197753,OF,Johnathan,Johnathan Rodriguez,Rodriguez,3.892857142857143,28,2200,MIA@CLE,CLE,MIA,,,,,,OF/UTIL
119460-192649,OF/1B,Weston,Weston Wilson,Wilson,4.432257867628528,31,2200,PHI@WSH,PHI,WSH,,,,,,C/1B/OF/UTIL
119460-198875,OF,Chase,Chase DeLauter,DeLauter,,0,2200,MIA@CLE,CLE,MIA,IL,Wrist,,,,OF/UTIL
119460-13858,C,Christian,Christian Vazquez,Vazquez,4.473770391745646,61,2200,DET@MIN,MIN,DET,IL,Shoulder,,,,C/1B/UTIL
119460-181814,2B,Edouard,Edouard Julien,Julien,5.12105279219778,38,2200,DET@MIN,MIN,DET,,,,,,2B/UTIL
119460-119365,SS/2B,Nasim,Nasim Nunez,Nunez,5.378260736880095,23,2200,PHI@WSH,WSH,PHI,,,,,,2B/SS/UTIL
119460-82553,OF,Jose,Jose Siri,Siri,4.95,10,2200,ATL@NYM,NYM,ATL,IL,Lower leg,,,,OF/UTIL
119460-199342,3B/2B/1B,Graham,Graham Pauley,Pauley,5.931372549019608,51,2200,MIA@CLE,MIA,CLE,,,,,,C/1B/2B/3B/UTIL
119460-165633,SS,Trey,Trey Sweeney,Sweeney,5.508988626887289,89,2200,DET@MIN,DET,MIN,,,,,,SS/UTIL
119460-165648,OF,Johan,Johan Rojas,Rojas,5.346478959204445,71,2200,PHI@WSH,PHI,WSH,,,,,,OF/UTIL
119460-206608,SS/2B/3B,Nacho,Nacho Alvarez Jr.,Alvarez Jr.,5.964705972110524,17,2200,ATL@NYM,ATL,NYM,,,,,,2B/3B/SS/UTIL
119460-119629,SS/2B/3B,Luisangel,Luisangel Acuna,Acuna,4.534615541115786,78,2200,ATL@NYM,NYM,ATL,,,,,,2B/3B/SS/UTIL
119460-165730,C,Drew,Drew Millas,Millas,8.014285496303014,14,2200,PHI@WSH,WSH,PHI,,,,,,C/1B/UTIL
119460-102398,OF,Jarred,Jarred Kelenic,Kelenic,4.100000063578288,24,2200,ATL@NYM,ATL,NYM,,,,,,OF/UTIL
119460-102406,2B/SS/3B/OF,Vidal,Vidal Brujan,Brujan,2.7717948326697717,39,2100,ATL@NYM,ATL,NYM,,,,,,2B/3B/SS/OF/UTIL
119460-102454,C,Jhonny,Jhonny Pereda,Pereda,3.426315709164268,19,2100,DET@MIN,MIN,DET,,,,,,C/1B/UTIL
119460-231534,1B/OF,Troy,Troy Johnston,Johnston,2.839999961853027,10,2100,MIA@CLE,MIA,CLE,,,,,,C/1B/OF/UTIL
119460-38004,C,Austin,Austin Hedges,Hedges,3.3220001220703126,50,2100,MIA@CLE,CLE,MIA,,,,,,C/1B/UTIL
119460-102518,3B/1B,Jose,Jose Miranda,Miranda,4.241666793823242,12,2100,DET@MIN,MIN,DET,,,,,,C/1B/3B/UTIL
119460-135308,OF,Robert,Robert Hassell III,Hassell III,6.265625,32,2100,PHI@WSH,WSH,PHI,,,,,,OF/UTIL
119460-102563,3B/2B/SS,Jonathan,Jonathan Ornelas,Ornelas,2.0333333015441895,6,2100,ATL@NYM,ATL,NYM,,,,,,2B/3B/SS/UTIL
119460-209172,1B,Andres,Andres Chaparro,Chaparro,2.25,4,2100,PHI@WSH,WSH,PHI,,,,,,C/1B/UTIL
119460-209177,C/2B/1B,Mickey,Mickey Gasper,Gasper,3.466666610152633,27,2100,DET@MIN,MIN,DET,,,,,,C/1B/2B/UTIL
119460-197974,3B,Jace,Jace Jung,Jung,4.172222137451172,18,2100,DET@MIN,DET,MIN,,,,,,3B/UTIL
119460-152972,2B/OF/SS/3B,Luke,Luke Williams,Williams,1.9625,40,2100,ATL@NYM,ATL,NYM,,,,,,2B/3B/SS/OF/UTIL
119460-79267,2B/3B,Andy,Andy Ibanez,Ibanez,5.326315896552906,57,2100,DET@MIN,DET,MIN,,,,,,2B/3B/UTIL
119460-226840,OF,Carson,Carson McCusker,McCusker,1,6,2100,DET@MIN,MIN,DET,,,,,,OF/UTIL
119460-179801,1B/OF,Jared,Jared Young,Young,4.7526317395662,19,2100,ATL@NYM,NYM,ATL,,,,,,C/1B/OF/UTIL
119460-119401,C,Rafael,Rafael Marchan,Marchan,4.133333333333334,30,2100,PHI@WSH,PHI,WSH,,,,,,C/1B/UTIL
119460-119428,2B/3B,Will,Will Wilson,Wilson,3.1468749046325684,32,2100,MIA@CLE,CLE,MIA,,,,,,2B/3B/UTIL
119460-222886,C,Hayden,Hayden Senger,Senger,2.3333333333333335,21,2100,ATL@NYM,NYM,ATL,,,,,,C/1B/UTIL
119460-198359,3B,Deyvison,Deyvison De Los Santos,De Los Santos,0,2,2100,MIA@CLE,MIA,CLE,,,,,,3B/UTIL
119460-189314,OF,Justyn-Henry,Justyn-Henry Malloy,Malloy,5.186956654424253,46,2100,DET@MIN,DET,MIN,,,,,,OF/UTIL
119460-81924,2B/OF,Niko,Niko Goodrum,Goodrum,2.3384615091177134,13,2000,ATL@NYM,NYM,ATL,,,,,,2B/OF/UTIL
119460-102409,OF,Nick,Nick Schnell,Schnell,,0,2000,PHI@WSH,WSH,PHI,,,,,,OF/UTIL
119460-171037,C,Jason,Jason Delay,Delay,6.400000095367432,8,2000,ATL@NYM,ATL,NYM,,,,,,C/1B/UTIL
119460-135239,2B/SS/3B,Rodolfo,Rodolfo Castro,Castro,0,2,2000,PHI@WSH,PHI,WSH,,,,,,2B/3B/SS/UTIL
119460-135255,C,Brian,Brian Navarreto,Navarreto,,0,2000,MIA@CLE,MIA,CLE,,,,,,C/1B/UTIL
119460-82021,C,Tomas,Tomas Nido,Nido,5.345454476096413,11,2000,DET@MIN,DET,MIN,,,,,,C/1B/UTIL
119460-102512,OF,Carlos,Carlos Rodriguez,Rodriguez,,0,2000,ATL@NYM,ATL,NYM,,,,,,OF/UTIL
119460-102519,3B,Andrew,Andrew Bechtold,Bechtold,,0,2000,PHI@WSH,PHI,WSH,,,,,,3B/UTIL
119460-102521,C,Josh,Josh Breaux,Breaux,,0,2000,PHI@WSH,PHI,WSH,,,,,,C/1B/UTIL
119460-197761,C,Jair,Jair Camargo,Camargo,1.0333333015441895,6,2000,ATL@NYM,ATL,NYM,,,,,,C/1B/UTIL
119460-116869,SS,Erick,Erick Mejia,Mejia,,0,2000,PHI@WSH,WSH,PHI,,,,,,SS/UTIL
119460-102578,OF,Griffin,Griffin Conine,Conine,8.075,20,2000,MIA@CLE,MIA,CLE,IL,Shoulder,,,,OF/UTIL
119460-172216,3B/1B,David,David Villar,Villar,5.144444359673394,9,2000,ATL@NYM,NYM,ATL,,,,,,C/1B/3B/UTIL
119460-102588,OF,Brewer,Brewer Hicklen,Hicklen,21.399999618530273,1,2000,PHI@WSH,PHI,WSH,,,,,,OF/UTIL
119460-195795,C,Chandler,Chandler Seagle,Seagle,,0,2000,ATL@NYM,ATL,NYM,,,,,,C/1B/UTIL
119460-79075,SS,Kevin,Kevin Maitan,Maitan,,0,2000,DET@MIN,MIN,DET,,,,,,SS/UTIL
119460-198884,OF,Max,Max Clark,Clark,,0,2000,DET@MIN,DET,MIN,,,,,,OF/UTIL
119460-60652,2B,Christian,Christian Arroyo,Arroyo,,0,2000,PHI@WSH,PHI,WSH,,,,,,2B/UTIL
119460-198895,OF,Walker,Walker Jenkins,Jenkins,,0,2000,DET@MIN,MIN,DET,,,,,,OF/UTIL
119460-198898,SS,Jett,Jett Williams,Williams,,0,2000,ATL@NYM,NYM,ATL,,,,,,SS/UTIL
119460-198902,OF,Ryan,Ryan Clifford,Clifford,,0,2000,ATL@NYM,NYM,ATL,,,,,,OF/UTIL
119460-146685,OF,Daniel,Daniel Cabrera,Cabrera,,0,2000,DET@MIN,DET,MIN,,,,,,OF/UTIL
119460-116994,SS,Donovan,Donovan Walton,Walton,4.844444274902344,9,2000,PHI@WSH,PHI,WSH,,,,,,SS/UTIL
119460-79113,C,Francisco,Francisco Mejia,Mejia,,0,2000,PHI@WSH,WSH,PHI,,,,,,C/1B/UTIL
119460-146703,1B,Aaron,Aaron Sabato,Sabato,,0,2000,DET@MIN,MIN,DET,,,,,,C/1B/UTIL
119460-85268,1B,Joey,Joey Meneses,Meneses,7.273684049907484,76,2000,ATL@NYM,NYM,ATL,,,,,,C/1B/UTIL
119460-79128,C,Garrett,Garrett Stubbs,Stubbs,5.580701861465187,57,2000,PHI@WSH,PHI,WSH,,,,,,C/1B/UTIL
119460-79130,OF,Jose,Jose Azocar,Azocar,3.3214285714285716,14,2000,ATL@NYM,NYM,ATL,,,,,,OF/UTIL
119460-197917,OF,Victor,Victor Mesa Jr.,Mesa Jr.,3.924999952316284,4,2000,MIA@CLE,MIA,CLE,,,,,,OF/UTIL
119460-146735,OF,Roismar,Roismar Quintana,Quintana,,0,2000,PHI@WSH,WSH,PHI,,,,,,OF/UTIL
119460-79156,SS/2B,David,David Fletcher,Fletcher,2.1666666666666665,6,2000,ATL@NYM,ATL,NYM,,,,,,2B/SS/UTIL
119460-170321,C,Brian,Brian Serven,Serven,3.196551618904903,29,2000,DET@MIN,DET,MIN,,,,,,C/1B/UTIL
119460-211306,2B,Darren,Darren Baker,Baker,3.355555640326606,9,2000,PHI@WSH,WSH,PHI,,,,,,2B/UTIL
119460-38293,OF,Tyler,Tyler Naquin,Naquin,,0,2000,MIA@CLE,CLE,MIA,,,,,,OF/UTIL
119460-171482,1B,Bligh,Bligh Madris,Madris,6.338095528738839,21,2000,DET@MIN,DET,MIN,,,,,,C/1B/UTIL
119460-135646,C,Carson,Carson Taylor,Taylor,,0,2000,PHI@WSH,PHI,WSH,IL,Undisclosed,,,,C/1B/UTIL
119460-13794,OF,Delino,Delino DeShields,DeShields,,0,2000,PHI@WSH,WSH,PHI,,,,,,OF/UTIL
119460-219661,SS,Jared,Jared Serna,Serna,,0,2000,MIA@CLE,MIA,CLE,,,,,,SS/UTIL
119460-95776,2B/SS/3B/OF,Pablo,Pablo Reyes,Reyes,2.111999969482422,25,2000,ATL@NYM,NYM,ATL,,,,,,2B/3B/SS/OF/UTIL
119460-119332,SS,Yordys,Yordys Valdes,Valdes,,0,2000,MIA@CLE,CLE,MIA,,,,,,SS/UTIL
119460-158244,3B/2B,Yonny,Yonny Hernandez,Hernandez,,0,2000,ATL@NYM,NYM,ATL,,,,,,2B/3B/UTIL
119460-181818,2B,Juan,Juan Brito,Brito,0,3,2000,MIA@CLE,CLE,MIA,IL,Hamstring,,,,2B/UTIL
119460-222780,SS,Starlyn,Starlyn Caba,Caba,,0,2000,MIA@CLE,MIA,CLE,,,,,,SS/UTIL
119460-207434,3B,Luis,Luis De Los Santos,De Los Santos,2.8384616558368387,13,2000,ATL@NYM,NYM,ATL,,,,,,3B/UTIL
119460-119370,SS,Will,Will Holland,Holland,,0,2000,DET@MIN,MIN,DET,,,,,,SS/UTIL
119460-226888,2B,Ryan,Ryan Fitzgerald,Fitzgerald,4.733333269755046,6,2000,DET@MIN,MIN,DET,,,,,,2B/UTIL
119460-222799,C,Cooper,Cooper Ingle,Ingle,,0,2000,MIA@CLE,CLE,MIA,,,,,,C/1B/UTIL
119460-167500,OF,Joey,Joey Wiemer,Wiemer,1.4476190294538225,21,2000,MIA@CLE,MIA,CLE,,,,,,OF/UTIL
119460-222797,2B,Travis,Travis Bazzana,Bazzana,,0,2000,MIA@CLE,CLE,MIA,,,,,,2B/UTIL
119460-222796,SS,Angel,Angel Genao,Genao,,0,2000,MIA@CLE,CLE,MIA,,,,,,SS/UTIL
119460-222801,OF,Jaison,Jaison Chourio,Chourio,,0,2000,MIA@CLE,CLE,MIA,,,,,,OF/UTIL
119460-222800,1B,Ralphy,Ralphy Velazquez,Velazquez,,0,2000,MIA@CLE,CLE,MIA,,,,,,C/1B/UTIL
119460-222811,SS,Bryce,Bryce Rainer,Rainer,,0,2000,DET@MIN,DET,MIN,IL,Shoulder,,,,SS/UTIL
119460-222810,SS,Kevin,Kevin McGonigle,McGonigle,,0,2000,DET@MIN,DET,MIN,,,,,,SS/UTIL
119460-222809,C,Josue,Josue Briceno,Briceno,,0,2000,DET@MIN,DET,MIN,,,,,,C/1B/UTIL
119460-222808,C,Thayron,Thayron Liranzo,Liranzo,,0,2000,DET@MIN,DET,MIN,,,,,,C/1B/UTIL
119460-222821,OF,Carson,Carson Benge,Benge,,0,2000,ATL@NYM,NYM,ATL,,,,,,OF/UTIL
119460-222831,SS,Jackson,Jackson Cluff,Cluff,,0,2000,PHI@WSH,WSH,PHI,,,,,,SS/UTIL
119460-222829,SS,Seaver,Seaver King,King,,0,2000,PHI@WSH,WSH,PHI,,,,,,SS/UTIL
119460-226928,1B/2B/SS/3B,Jack,Jack Winkler,Winkler,1.3818181644786487,11,2000,MIA@CLE,MIA,CLE,,,,,,C/1B/2B/3B/SS/UTIL
119460-222847,OF,Justin,Justin Crawford,Crawford,,0,2000,PHI@WSH,PHI,WSH,,,,,,OF/UTIL
119460-82558,OF,Conner,Conner Capel,Capel,2.171428544180734,7,2000,ATL@NYM,ATL,NYM,,,,,,OF/UTIL
119460-222849,C,Eduardo,Eduardo Tait,Tait,,0,2000,DET@MIN,MIN,DET,,,,,,C/1B/UTIL
119460-222848,SS,Aidan,Aidan Miller,Miller,,0,2000,PHI@WSH,PHI,WSH,,,,,,SS/UTIL
119460-176777,OF,Cal,Cal Stevenson,Stevenson,1.9,5,2000,PHI@WSH,PHI,WSH,,,,,,OF/UTIL
119460-119436,SS,Maximo,Maximo Acosta,Acosta,,0,2000,MIA@CLE,MIA,CLE,,,,,,SS/UTIL
119460-165519,OF,Petey,Petey Halpin,Halpin,,0,2000,MIA@CLE,CLE,MIA,,,,,,OF/UTIL
119460-164501,SS,Cal,Cal Conley,Conley,,0,2000,ATL@NYM,ATL,NYM,,,,,,SS/UTIL
119460-203418,2B/3B/1B/OF,Armando,Armando Alvarez,Alvarez,4.462500095367432,16,2000,DET@MIN,MIN,DET,,,,,,C/1B/2B/3B/OF/UTIL
119460-119450,OF,Jeremy,Jeremy De La Rosa,De La Rosa,,0,2000,PHI@WSH,WSH,PHI,,,,,,OF/UTIL
119460-164508,OF,Jesse,Jesse Franklin,Franklin,,0,2000,ATL@NYM,ATL,NYM,,,,,,OF/UTIL
119460-165539,SS,Jose,Jose Rodriguez,Rodriguez,0,2,2000,PHI@WSH,PHI,WSH,IL,Undisclosed,,,,SS/UTIL
119460-164519,3B,Alex,Alex Binelas,Binelas,,0,2000,PHI@WSH,PHI,WSH,,,,,,3B/UTIL
119460-165550,2B/3B/SS,Ryan,Ryan Kreidler,Kreidler,3.0588235294117645,17,2000,DET@MIN,DET,MIN,,,,,,2B/3B/SS/UTIL
119460-211631,OF,DaShawn,DaShawn Keirsey Jr.,Keirsey Jr.,2.3134328358208953,67,2000,DET@MIN,MIN,DET,,,,,,OF/UTIL
119460-165548,SS,Cristian,Cristian Santana,Santana,,0,2000,DET@MIN,DET,MIN,,,,,,SS/UTIL
119460-165549,OF,Roberto,Roberto Campos,Campos,,0,2000,DET@MIN,DET,MIN,,,,,,OF/UTIL
119460-165554,SS,Trei,Trei Cruz,Cruz,,0,2000,DET@MIN,DET,MIN,,,,,,SS/UTIL
119460-164531,SS,Kevin,Kevin Made,Made,,0,2000,PHI@WSH,WSH,PHI,,,,,,SS/UTIL
119460-165555,SS,Abel,Abel Bastidas,Bastidas,,0,2000,DET@MIN,DET,MIN,,,,,,SS/UTIL
119460-82611,OF,Akil,Akil Baddoo,Baddoo,3.0714285714285716,7,2000,DET@MIN,DET,MIN,,,,,,OF/UTIL
119460-165552,3B,Izaac,Izaac Pacheco,Pacheco,,0,2000,DET@MIN,DET,MIN,,,,,,3B/UTIL
119460-220848,SS,Christian,Christian Cairo,Cairo,,0,2000,MIA@CLE,CLE,MIA,,,,,,SS/UTIL
119460-165556,3B,Gage,Gage Workman,Workman,2.3333333333333335,12,2000,DET@MIN,DET,MIN,,,,,,3B/UTIL
119460-162509,1B/OF,Juan,Juan Yepez,Yepez,8.784127371651786,63,2000,PHI@WSH,WSH,PHI,,,,,,C/1B/OF/UTIL
119460-17105,C,Sandy,Sandy Leon,Leon,0,2,2000,ATL@NYM,ATL,NYM,,,,,,C/1B/UTIL
119460-165597,SS,Kahlil,Kahlil Watson,Watson,,0,2000,MIA@CLE,CLE,MIA,,,,,,SS/UTIL
119460-165602,C,Joe,Joe Mack,Mack,,0,2000,MIA@CLE,MIA,CLE,,,,,,C/1B/UTIL
119460-165603,SS,Yiddi,Yiddi Cappe,Cappe,,0,2000,MIA@CLE,MIA,CLE,,,,,,SS/UTIL
119460-165601,SS,Jose,Jose Salas,Salas,,0,2000,DET@MIN,MIN,DET,,,,,,SS/UTIL
119460-165607,SS,Jordan,Jordan McCants,McCants,,0,2000,MIA@CLE,MIA,CLE,,,,,,SS/UTIL
119460-165608,2B,Cody,Cody Morissette,Morissette,,0,2000,MIA@CLE,MIA,CLE,,,,,,2B/UTIL
119460-165626,OF,Emmanuel,Emmanuel Rodriguez,Rodriguez,0,1,2000,DET@MIN,MIN,DET,IL,Oblique,,,,OF/UTIL
119460-165629,1B,JT,JT Schwartz,Schwartz,,0,2000,ATL@NYM,NYM,ATL,,,,,,C/1B/UTIL
119460-165646,C,Rickardo,Rickardo Perez,Perez,,0,2000,PHI@WSH,PHI,WSH,,,,,,C/1B/UTIL
119460-165647,OF,Ethan,Ethan Wilson,Wilson,,0,2000,PHI@WSH,PHI,WSH,,,,,,OF/UTIL
119460-199466,3B/1B,Trey,Trey Lipscomb,Lipscomb,3.066666603088379,3,2000,PHI@WSH,WSH,PHI,,,,,,C/1B/3B/UTIL
119460-165683,OF,Gabriel,Gabriel Gonzalez,Gonzalez,,0,2000,DET@MIN,MIN,DET,,,,,,OF/UTIL
119460-119623,OF,Alex,Alex Ramirez,Ramirez,0,3,2000,ATL@NYM,NYM,ATL,,,,,,OF/UTIL
119460-163653,OF,Allan,Allan Cerda,Cerda,,0,2000,DET@MIN,MIN,DET,,,,,,OF/UTIL
119460-119633,OF,Misael,Misael Urbina,Urbina,,0,2000,DET@MIN,MIN,DET,,,,,,OF/UTIL
119460-163672,3B/1B,Jonah,Jonah Bride,Bride,3.086666531032986,45,2000,DET@MIN,MIN,DET,,,,,,C/1B/3B/UTIL
119460-165728,SS,Armando,Armando Cruz,Cruz,,0,2000,PHI@WSH,WSH,PHI,,,,,,SS/UTIL
119460-165732,1B,Branden,Branden Boissiere,Boissiere,,0,2000,PHI@WSH,WSH,PHI,,,,,,C/1B/UTIL
119460-163694,SS,Eddys,Eddys Leonard,Leonard,0,1,2000,ATL@NYM,ATL,NYM,,,,,,SS/UTIL
119460-174963,SS,Charles,Charles Leblanc,Leblanc,8.290908813476562,11,2000,ATL@NYM,ATL,NYM,,,,,,SS/UTIL
119460-180095,OF,Will,Will Brennan,Brennan,1.5,6,2000,MIA@CLE,CLE,MIA,IL,Elbow,,,,OF/UTIL
119460-82824,1B,Mike,Mike Ford,Ford,3.600000080309416,19,2000,DET@MIN,MIN,DET,,,,,,C/1B/UTIL
119460-79776,C,Dom,Dom Nunez,Nunez,6.199999809265137,2,2000,MIA@CLE,CLE,MIA,,,,,,C/1B/UTIL
119460-102313,OF,George,George Valera,Valera,0,3,2000,MIA@CLE,CLE,MIA,,,,,,OF/UTIL
119460-102322,2B/3B,Nick,Nick Madrigal,Madrigal,2.823529411764706,51,2000,ATL@NYM,NYM,ATL,IL,Shoulder,,,,2B/3B/UTIL
119460-102337,OF,Seth,Seth Beer,Beer,,0,2000,PHI@WSH,PHI,WSH,,,,,,OF/UTIL
119460-171986,3B,Matthew,Matthew Batten,Batten,4.5,2,2000,ATL@NYM,ATL,NYM,,,,,,3B/UTIL
119460-24529,OF,Rafael,Rafael Ortega,Ortega,2.4866666158040363,15,2000,ATL@NYM,NYM,ATL,,,,,,OF/UTIL
119460-102352,C,Payton,Payton Henry,Henry,0,1,2000,PHI@WSH,PHI,WSH,,,,,,C/1B/UTIL
119460-102356,OF,Gilberto,Gilberto Celestino,Celestino,,0,2000,ATL@NYM,NYM,ATL,,,,,,OF/UTIL
119460-102390,OF,Travis,Travis Swaggerty,Swaggerty,,0,2000,ATL@NYM,NYM,ATL,,,,,,OF/UTIL