Id,Position,First Name,Nickname,Last Name,FPPG,Played,Salary,Game,Team,Opponent,Injury Indicator,Injury Details,Tier,Probable Pitcher,Batting Order,Roster Position
121002-12477,P,Chris,Chris Sale,Sale,40.15,20,10800,PIT@ATL,ATL,PIT,,,,,,P
121002-187194,P,Bryan,Bryan Woo,Woo,38.36666666666667,30,10800,LAD@SEA,SEA,LAD,DTD,Pectoral,,,,P
121002-13233,P,Nathan,Nathan Eovaldi,Eovaldi,37.45454545454545,22,10700,TEX@CLE,TEX,CLE,IL,Shoulder,,,,P
121002-197980,P,Paul,Paul Skenes,Skenes,38.375,32,10700,PIT@ATL,PIT,ATL,,,,,,P
121002-82550,P,Hunter,Hunter Greene,Greene,37.15789474,19,10600,CIN@MIL,CIN,MIL,,,,,,P
121002-198625,P,Yoshinobu,Yoshinobu Yamamoto,Yamamoto,37.666666666666664,30,10600,LAD@SEA,LAD,SEA,,,,,,P
121002-68488,P,Blake,Blake Snell,Snell,36.54545454545455,11,10400,LAD@SEA,LAD,SEA,,,,,,P
121002-52183,P,Tyler,Tyler Glasnow,Glasnow,31,17,10300,LAD@SEA,LAD,SEA,,,,Yes,,P
121002-83190,P,Freddy,Freddy Peralta,Peralta,35.15625,32,10300,CIN@MIL,MIL,CIN,,,,,,P
121002-146687,P,Hunter,Hunter Brown,Brown,38.064516129032256,31,10200,HOU@LAA,HOU,LAA,,,,,,P
121002-119414,P,George,George Kirby,Kirby,31.304347826086957,23,10000,LAD@SEA,SEA,LAD,,,,,,P
121002-80582,P,Brandon,Brandon Woodruff,Woodruff,36.666666666666664,12,10000,CIN@MIL,MIL,CIN,IL,Lat,,,,P
121002-185606,P,Gavin,Gavin Stone,Stone,28.4,25,9900,LAD@SEA,LAD,SEA,IL,Shoulder,,,,P
121002-102396,P,Logan,Logan Gilbert,Gilbert,33.583333333333336,24,9900,LAD@SEA,SEA,LAD,,,,Yes,,P
121002-162445,P,Spencer,Spencer Strider,Strider,29.136363636363637,22,9700,PIT@ATL,ATL,PIT,,,,Yes,,P
121002-232379,P,Parker,Parker Messick,Messick,33,7,9700,TEX@CLE,CLE,TEX,,,,,,P
121002-164503,P,Spencer,Spencer Schwellenbach,Schwellenbach,37.411764705882355,17,9600,PIT@ATL,ATL,PIT,IL,Elbow,,,,P
121002-82604,P,Corbin,Corbin Burnes,Burnes,33.72727272727273,11,9600,ARI@SD,ARI,SD,IL,Elbow,,,,P
121002-102330,P,Kris,Kris Bubic,Bubic,34.5,20,9600,KC@ATH,KC,ATH,IL,Shoulder,,,,P
121002-187967,P,Emmet,Emmet Sheehan,Sheehan,31.066666666666666,15,9500,LAD@SEA,LAD,SEA,,,,,,P
121002-85599,P,Framber,Framber Valdez,Valdez,34.225806451612904,31,9500,HOU@LAA,HOU,LAA,,,,,,P
121002-52859,P,Jacob,Jacob deGrom,deGrom,34.333333333333336,30,9500,TEX@CLE,TEX,CLE,,,,,,P
121002-102344,P,Brady,Brady Singer,Singer,29.06451612903226,31,9500,CIN@MIL,CIN,MIL,,,,,,P
121002-79951,P,Nick,Nick Pivetta,Pivetta,35.225806451612904,31,9400,ARI@SD,SD,ARI,,,,,,P
121002-193326,P,Jacob,Jacob Lopez,Lopez,26.714285714285715,21,9400,KC@ATH,ATH,KC,IL,Elbow,,,,P
121002-198872,P,Hurston,Hurston Waldrep,Waldrep,33.2,10,9300,PIT@ATL,ATL,PIT,,,,,,P
121002-219653,P,Logan,Logan Henderson,Henderson,36.4,5,9300,CIN@MIL,MIL,CIN,IL,Elbow,,,,P
121002-219697,P,Noah,Noah Cameron,Cameron,29.708333333333332,24,9300,KC@ATH,KC,ATH,,,,,,P
121002-68491,P,Reynaldo,Reynaldo Lopez,Lopez,9,1,9200,PIT@ATL,ATL,PIT,IL,Shoulder,,,,P
121002-79091,P,Dylan,Dylan Cease,Cease,30.4375,32,9100,ARI@SD,SD,ARI,,,,,,P
121002-85251,P,Zac,Zac Gallen,Gallen,28.181818181818183,33,9100,ARI@SD,ARI,SD,,,,,,P
121002-165518,P,Gavin,Gavin Williams,Williams,31.580645161290324,31,9100,TEX@CLE,CLE,TEX,,,,,,P
121002-119409,P,Quinn,Quinn Priester,Priester,27.862068965517242,29,9000,CIN@MIL,MIL,CIN,,,,,,P
121002-165512,P,Andrew,Andrew Abbott,Abbott,30.928571428571427,28,9000,CIN@MIL,CIN,MIL,,,,Yes,,P
121002-146725,P,Jared,Jared Jones,Jones,30.59090909090909,22,8900,PIT@ATL,PIT,ATL,IL,Elbow,,,,P
121002-119329,P,Nick,Nick Lodolo,Lodolo,31.214285714285715,28,8800,CIN@MIL,CIN,MIL,DTD,Groin,,,,P
121002-146663,P,Slade,Slade Cecconi,Cecconi,26.956521739130434,23,8800,TEX@CLE,CLE,TEX,,,,,,P
121002-197981,P,Jacob,Jacob Misiorowski,Misiorowski,28,14,8800,CIN@MIL,MIL,CIN,,,,,,P
121002-79270,P,Cole,Cole Ragans,Ragans,31,12,8800,KC@ATH,KC,ATH,,,,,,P
121002-101881,P,Merrill,Merrill Kelly,Kelly,30.65625,32,8800,TEX@CLE,TEX,CLE,,,,Yes,,P
121002-222782,P,Chase,Chase Burns,Burns,21.333333333333332,12,8800,CIN@MIL,CIN,MIL,,,,,,P
121002-117232,P,Michael,Michael King,King,27.5,14,8700,ARI@SD,SD,ARI,,,,Yes,,P
121002-164509,P,AJ,AJ Smith-Shawver,Smith-Shawver,25.333333333333332,9,8600,PIT@ATL,ATL,PIT,IL,Elbow,,,,P
121002-164521,P,Brandon,Brandon Walter,Walter,31.88888888888889,9,8600,HOU@LAA,HOU,LAA,IL,Elbow,,,,P
121002-79162,P,Luis,Luis Castillo,Castillo,29.78125,32,8600,LAD@SEA,SEA,LAD,,,,,,P
121002-79217,P,Mitch,Mitch Keller,Keller,26.15625,32,8600,PIT@ATL,PIT,ATL,,,,,,P
121002-165655,P,Bubba,Bubba Chandler,Chandler,22.5,6,8600,PIT@ATL,PIT,ATL,,,,Yes,,P
121002-219663,P,Chad,Chad Patrick,Patrick,24.153846153846153,26,8500,CIN@MIL,MIL,CIN,,,,,,P
121002-119411,P,Joey,Joey Cantillo,Cantillo,15.484848484848484,33,8500,TEX@CLE,CLE,TEX,,,,Yes,,P
121002-168872,P,Ronel,Ronel Blanco,Blanco,28.555555555555557,9,8500,HOU@LAA,HOU,LAA,IL,Elbow,,,,P
121002-165706,P,Jack,Jack Leiter,Leiter,27.724137931034484,30,8500,TEX@CLE,TEX,CLE,,,,,,P
121002-185501,P,Tanner,Tanner Bibee,Bibee,28.967741935483872,31,8400,TEX@CLE,CLE,TEX,,,,,,P
121002-79207,P,Grant,Grant Holmes,Holmes,28.227272727272727,22,8400,PIT@ATL,ATL,PIT,IL,Elbow,,,,P
121002-179725,P,Luis,Luis Ortiz,Ortiz,29.3125,16,8400,TEX@CLE,CLE,TEX,O,Personal,,,,P
121002-222787,P,Roki,Roki Sasaki,Sasaki,14.9,10,8400,LAD@SEA,LAD,SEA,,,,,,P
121002-198915,P,Luis,Luis Morales,Morales,26.333333333333332,9,8300,KC@ATH,ATH,KC,,,,Yes,,P
121002-52142,P,Eduardo,Eduardo Rodriguez,Rodriguez,25.107142857142858,28,8300,ARI@SD,ARI,SD,,,,Yes,,P
121002-79109,P,Tyler,Tyler Mahle,Mahle,28.6875,16,8300,TEX@CLE,TEX,CLE,,,,,,P
121002-5427,P,Clayton,Clayton Kershaw,Kershaw,23.227272727272727,22,8300,LAD@SEA,LAD,SEA,,,,,,P
121002-52728,P,Michael,Michael Lorenzen,Lorenzen,24.62962962962963,28,8300,KC@ATH,KC,ATH,,,,,,P
121002-165636,P,Hayden,Hayden Wesneski,Wesneski,24.833333333333332,6,8300,HOU@LAA,HOU,LAA,IL,Elbow,,,,P
121002-211874,P,Kumar,Kumar Rocker,Rocker,19.571428571428573,14,8200,TEX@CLE,TEX,CLE,,,,,,P
121002-135212,P,Luis,Luis Garcia,Garcia,22.5,2,8100,HOU@LAA,HOU,LAA,IL,Elbow,,,,P
121002-21099,P,Jose,Jose Quintana,Quintana,24.416666666666668,24,8100,CIN@MIL,MIL,CIN,IL,Calf,,,,P
121002-228077,P,Jack,Jack Perkins,Perkins,16.25,12,8100,KC@ATH,ATH,KC,IL,Shoulder,,,,P
121002-60644,P,Luis,Luis Severino,Severino,24.20689655172414,29,8100,KC@ATH,ATH,KC,,,,,,P
121002-102343,P,Tony,Tony Gonsolin,Gonsolin,26.285714285714285,7,8100,LAD@SEA,LAD,SEA,IL,Elbow,,,,P
121002-135268,P,Emerson,Emerson Hancock,Hancock,16.318181818181817,22,8000,LAD@SEA,SEA,LAD,,,,,,P
121002-198879,P,Rhett,Rhett Lowder,Lowder,27,6,8000,CIN@MIL,CIN,MIL,IL,Shoulder,,,,P
121002-68523,P,Joe,Joe Musgrove,Musgrove,28.45,20,8000,ARI@SD,SD,ARI,IL,Elbow,,,,P
121002-79079,P,Joey,Joey Wentz,Wentz,11,39,8000,PIT@ATL,ATL,PIT,,,,,,P
121002-146705,P,J.T.,J.T. Ginn,Ginn,19.434782608695652,23,8000,KC@ATH,ATH,KC,,,,,,P
121002-16931,P,Yu,Yu Darvish,Darvish,22.2,15,7900,ARI@SD,SD,ARI,,,,,,P
121002-119426,P,Johan,Johan Oviedo,Oviedo,24.125,8,7900,PIT@ATL,PIT,ATL,,,,,,P
121002-102345,P,Jose,Jose Soriano,Soriano,27.193548387096776,31,7900,HOU@LAA,LAA,HOU,IL,Forearm,,,,P
121002-135361,P,Nabil,Nabil Crismatt,Crismatt,19.625,8,7800,ARI@SD,ARI,SD,,,,,,P
121002-219724,P,Ryan,Ryan Bergert,Bergert,19.526315789473685,19,7800,KC@ATH,KC,ATH,IL,Elbow,,,,P
121002-83166,P,Zack,Zack Littell,Littell,26.28125,32,7800,CIN@MIL,CIN,MIL,,,,,,P
121002-85476,P,Jeffrey,Jeffrey Springs,Springs,25.28125,32,7800,KC@ATH,ATH,KC,,,,,,P
121002-185896,P,Cody,Cody Bradford,Bradford,29.785714285714285,14,7800,TEX@CLE,TEX,CLE,IL,Elbow,,,,P
121002-198362,P,Stephen,Stephen Kolek,Kolek,26.473684210526315,19,7800,KC@ATH,KC,ATH,,,,,,P
121002-170527,P,Jason,Jason Alexander,Alexander,19.333333333333332,18,7700,HOU@LAA,HOU,LAA,,,,,,P
121002-37999,P,Michael,Michael Wacha,Wacha,24.766666666666666,30,7700,KC@ATH,KC,ATH,,,,Yes,,P
121002-5466,P,Charlie,Charlie Morton,Morton,21.25,32,7700,PIT@ATL,ATL,PIT,,,,,,P
121002-13664,P,Patrick,Patrick Corbin,Corbin,22.633333333333333,30,7700,TEX@CLE,TEX,CLE,,,,,,P
121002-204505,P,Justin,Justin Wrobleski,Wrobleski,15.083333333333334,24,7700,LAD@SEA,LAD,SEA,,,,,,P
121002-102335,P,Cristian,Cristian Javier,Javier,22,8,7700,HOU@LAA,HOU,LAA,,,,,,P
121002-135650,P,Landon,Landon Knack,Knack,20.11111111111111,9,7600,LAD@SEA,LAD,SEA,,,,,,P
121002-185701,P,Brandon,Brandon Pfaadt,Pfaadt,25.322580645161292,32,7600,ARI@SD,ARI,SD,,,,,,P
121002-102001,P,Yusei,Yusei Kikuchi,Kikuchi,27.454545454545453,33,7600,HOU@LAA,LAA,HOU,O,Forearm,,,,P
121002-165715,P,Gunnar,Gunnar Hoglund,Hoglund,17.833333333333332,6,7600,KC@ATH,ATH,KC,IL,Hip,,,,P
121002-135229,P,Reid,Reid Detmers,Detmers,6.389830508474576,61,7500,HOU@LAA,LAA,HOU,IL,Elbow,,,,P
121002-52159,P,Lance,Lance McCullers Jr.,McCullers Jr.,16.571428571428573,15,7500,HOU@LAA,HOU,LAA,IL,Hand,,,,P
121002-226322,P,Logan,Logan Evans,Evans,21.6,15,7500,LAD@SEA,SEA,LAD,IL,Elbow,,,,P
121002-97300,P,John,John Means,Means,28,5,7500,TEX@CLE,CLE,TEX,IL,Elbow,,,,P
121002-79118,P,Triston,Triston McKenzie,McKenzie,2,4,7500,TEX@CLE,CLE,TEX,,,,,,P
121002-71034,P,Seth,Seth Lugo,Lugo,27.153846153846153,26,7500,KC@ATH,KC,ATH,IL,Back,,,,P
121002-118202,P,Kyle,Kyle Hart,Hart,8.9,20,7500,ARI@SD,SD,ARI,,,,,,P
121002-165573,P,Alec,Alec Marsh,Marsh,24.423076923076923,26,7500,KC@ATH,KC,ATH,IL,Shoulder,,,,P
121002-165689,P,Bryce,Bryce Miller,Miller,20.235294117647058,17,7500,LAD@SEA,SEA,LAD,,,,,,P
121002-145625,P,Bailey,Bailey Falter,Falter,19.346153846153847,26,7400,KC@ATH,KC,ATH,IL,Biceps,,,,P
121002-160939,P,Jacob,Jacob Latz,Latz,12.64516129032258,32,7400,TEX@CLE,TEX,CLE,,,,,,P
121002-60646,P,Ben,Ben Lively,Lively,20.555555555555557,9,7400,TEX@CLE,CLE,TEX,IL,Elbow,,,,P
121002-187769,P,Osvaldo,Osvaldo Bido,Bido,11.76,25,7400,KC@ATH,ATH,KC,,,,,,P
121002-198885,P,Spencer,Spencer Arrighetti,Arrighetti,21.428571428571427,7,7300,HOU@LAA,HOU,LAA,IL,Elbow,,,,P
121002-225880,P,Nathan,Nathan Wiles,Wiles,-3,1,7300,PIT@ATL,ATL,PIT,,,,,,P
121002-185490,P,Logan,Logan Allen,Allen,23.24137931034483,29,7300,TEX@CLE,CLE,TEX,,,,,,P
121002-146664,P,Bryce,Bryce Elder,Elder,24.642857142857142,28,7300,PIT@ATL,ATL,PIT,,,,,,P
121002-165659,P,Mike,Mike Burrows,Burrows,20.565217391304348,23,7300,PIT@ATL,PIT,ATL,,,,,,P
121002-102387,P,Braxton,Braxton Ashcraft,Ashcraft,14.73076923076923,26,7300,PIT@ATL,PIT,ATL,,,,,,P
121002-79228,P,Cal,Cal Quantrill,Quantrill,15.346153846153847,26,7200,TEX@CLE,TEX,CLE,,,,,,P
121002-164497,P,Ryne,Ryne Nelson,Nelson,23.333333333333332,34,7100,ARI@SD,ARI,SD,,,,,,P
121002-197914,P,Nick,Nick Frasso,Frasso,0,2,7100,LAD@SEA,LAD,SEA,,,,,,P
121002-38246,P,Tyler,Tyler Anderson,Anderson,21.153846153846153,26,7100,HOU@LAA,LAA,HOU,IL,Oblique,,,,P
121002-202608,P,Carlos,Carlos Rodriguez,Rodriguez,8.666666666666666,3,7100,CIN@MIL,MIL,CIN,,,,,,P
121002-53398,P,Kyle,Kyle Hendricks,Hendricks,21.516129032258064,31,7000,HOU@LAA,LAA,HOU,,,,,,P
121002-102572,P,Tobias,Tobias Myers,Myers,9.636363636363637,22,7000,CIN@MIL,MIL,CIN,,,,,,P
121002-82775,P,Nestor,Nestor Cortes,Cortes,17.25,8,7000,ARI@SD,SD,ARI,IL,Biceps,,,,P
121002-52155,P,Jon,Jon Gray,Gray,8,6,7000,TEX@CLE,TEX,CLE,IL,Shoulder,,,,P
121002-232673,P,Mitch,Mitch Farris,Farris,20.2,5,7000,HOU@LAA,LAA,HOU,,,,,,P
121002-79076,P,Kolby,Kolby Allard,Allard,8.25,32,7000,TEX@CLE,CLE,TEX,,,,,,P
121002-165638,P,Randy,Randy Vasquez,Vasquez,19.85185185185185,27,7000,ARI@SD,SD,ARI,,,,,,P
121002-79853,P,Jordan,Jordan Montgomery,Montgomery,17.16,25,7000,CIN@MIL,MIL,CIN,IL,Elbow,,,,P
121002-198891,P,Caden,Caden Dana,Dana,18.333333333333332,6,6900,HOU@LAA,LAA,HOU,,,,Yes,,P
121002-53590,P,Nick,Nick Martinez,Martinez,17.871794871794872,39,6900,CIN@MIL,CIN,MIL,,,,,,P
121002-219662,P,Colton,Colton Gordon,Gordon,17.42105263157895,19,6900,HOU@LAA,HOU,LAA,,,,,,P
121002-170891,P,Davis,Davis Daniel,Daniel,13,3,6900,PIT@ATL,ATL,PIT,,,,,,P
121002-163685,P,JP,JP Sears,Sears,22.26923076923077,26,6900,ARI@SD,SD,ARI,,,,,,P
121002-188485,P,Matt,Matt Waldron,Waldron,11,1,6800,ARI@SD,SD,ARI,,,,,,P
121002-198916,P,Thomas,Thomas Harrington,Harrington,0.6666666666666666,3,6800,PIT@ATL,PIT,ATL,IL,Undisclosed,,,,P
121002-60637,P,Sean,Sean Newcomb,Newcomb,9.958333333333334,48,6800,KC@ATH,ATH,KC,IL,Elbow,,,,P
121002-79078,P,Ian,Ian Anderson,Anderson,2.2857142857142856,7,6800,PIT@ATL,ATL,PIT,,,,,,P
121002-228058,P,Didier,Didier Fuentes,Fuentes,3.75,4,6700,PIT@ATL,ATL,PIT,IL,Shoulder,,,,P
121002-68518,P,Spencer,Spencer Turnbull,Turnbull,7.333333333333333,3,6700,KC@ATH,KC,ATH,,,,,,P
121002-119302,P,Blake,Blake Walston,Walston,12.571428571428571,7,6600,ARI@SD,ARI,SD,IL,Elbow,,,,P
121002-82537,P,DL,DL Hall,Hall,8.315789474,19,6600,CIN@MIL,MIL,CIN,IL,Oblique,,,,P
121002-198353,P,Mitch,Mitch Spence,Spence,10.419354838709678,31,6600,KC@ATH,ATH,KC,,,,,,P
121002-102333,P,Daniel,Daniel Lynch IV,Lynch IV,5.053571428571429,56,6600,KC@ATH,KC,ATH,,,,,,P
121002-102515,P,Aaron,Aaron Ashby,Ashby,9.476190476190476,42,6500,CIN@MIL,MIL,CIN,,,,,,P
121002-102574,P,Jake,Jake Woodford,Woodford,4.761904761904762,22,6500,ARI@SD,ARI,SD,,,,,,P
121002-135648,P,Bobby,Bobby Miller,Miller,7.5,2,6500,LAD@SEA,LAD,SEA,,,,,,P
121002-23089,P,Dallas,Dallas Keuchel,Keuchel,13.25,4,6500,KC@ATH,KC,ATH,,,,,,P
121002-209846,P,Ben,Ben Casparius,Casparius,8.177777777777777,46,6500,LAD@SEA,LAD,SEA,,,,,,P
121002-52167,P,Andrew,Andrew Heaney,Heaney,17.5,26,6500,LAD@SEA,LAD,SEA,,,,,,P
121002-60627,P,Touki,Touki Toussaint,Toussaint,9,1,6500,HOU@LAA,LAA,HOU,,,,,,P
121002-181805,P,J.P.,J.P. France,France,3,1,6500,HOU@LAA,HOU,LAA,,,,,,P
121002-194242,P,Carson,Carson Spiers,Spiers,16.666666666666668,3,6500,CIN@MIL,CIN,MIL,IL,Elbow,,,,P
121002-165634,P,Ken,Ken Waldichuk,Waldichuk,0,1,6500,KC@ATH,ATH,KC,,,,,,P
121002-190370,P,Jackson,Jackson Wolf,Wolf,0,1,6500,ARI@SD,SD,ARI,,,,,,P
121002-102378,P,Matt,Matt Sauer,Sauer,11,10,6500,LAD@SEA,LAD,SEA,,,,,,P
121002-102456,P,Jhonathan,Jhonathan Diaz,Diaz,7,1,6400,LAD@SEA,SEA,LAD,,,,,,P
121002-170174,P,Chase,Chase Silseth,Silseth,6.6,10,6400,HOU@LAA,LAA,HOU,,,,,,P
121002-219695,P,Luinder,Luinder Avila,Avila,6.75,12,6400,KC@ATH,KC,ATH,,,,,,P
121002-119355,P,Jack,Jack Kochanowicz,Kochanowicz,14.391304347826088,23,6400,HOU@LAA,LAA,HOU,,,,,,P
121002-79147,P,Jakob,Jakob Junis,Junis,5.666666666666667,57,6400,TEX@CLE,CLE,TEX,,,,,,P
121002-181794,P,Hogan,Hogan Harris,Harris,7.0638297872340425,47,6400,KC@ATH,ATH,KC,,,,,,P
121002-165508,P,Graham,Graham Ashcraft,Ashcraft,5.704918032786885,61,6400,CIN@MIL,CIN,MIL,,,,,,P
121002-165618,P,Chase,Chase Petty,Petty,0,3,6400,CIN@MIL,CIN,MIL,,,,,,P
121002-52998,P,Aaron,Aaron Brooks,Brooks,15.8,5,6400,KC@ATH,ATH,KC,,,,,,P
121002-135245,P,Tommy,Tommy Henry,Henry,17.5,2,6300,ARI@SD,ARI,SD,IL,Elbow,,,,P
121002-68564,P,Erick,Erick Fedde,Fedde,14.4375,32,6300,CIN@MIL,MIL,CIN,,,,,,P
121002-79254,P,Dakota,Dakota Hudson,Hudson,14.38888888888889,18,6300,HOU@LAA,LAA,HOU,,,,,,P
121002-165665,P,Robert,Robert Gasser,Gasser,9,1,6300,CIN@MIL,MIL,CIN,,,,Yes,,P
121002-73835,P,Ty,Ty Blach,Blach,9.15,20,6200,TEX@CLE,TEX,CLE,IL,Undisclosed,,,,P
121002-6266,P,Carlos,Carlos Carrasco,Carrasco,13.363636363636363,11,6200,PIT@ATL,ATL,PIT,,,,,,P
121002-211069,P,Sam,Sam Aldegheri,Aldegheri,8,3,6200,HOU@LAA,LAA,HOU,,,,,,P
121002-53608,P,Jose,Jose Urena,Urena,9.833333333333334,18,6200,HOU@LAA,LAA,HOU,,,,,,P
121002-119416,P,Brandon,Brandon Williamson,Williamson,15.25,4,6200,CIN@MIL,CIN,MIL,IL,Elbow,,,,P
121002-199459,P,Nick,Nick Nastrini,Nastrini,11.666666666666666,9,6200,LAD@SEA,LAD,SEA,,,,,,P
121002-181660,P,Jhony,Jhony Brito,Brito,6.3076923076923075,26,6200,ARI@SD,SD,ARI,IL,Forearm,,,,P
121002-181833,P,Darius,Darius Vines,Vines,7.25,4,6200,PIT@ATL,ATL,PIT,IL,Undisclosed,,,,P
121002-204512,P,Yilber,Yilber Diaz,Diaz,3,1,6200,ARI@SD,ARI,SD,,,,,,P
121002-12972,P,Wade,Wade Miley,Miley,12,3,6100,CIN@MIL,CIN,MIL,IL,Forearm,,,,P
121002-79103,P,Dane,Dane Dunning,Dunning,7,12,6100,PIT@ATL,ATL,PIT,,,,,,P
121002-12939,P,Casey,Casey Kelly,Kelly,2.5,2,6000,ARI@SD,ARI,SD,,,,,,P
121002-68505,P,Carson,Carson Fulmer,Fulmer,8.384615384615385,13,6000,HOU@LAA,LAA,HOU,IL,Elbow,,,,P
121002-209958,P,Julian,Julian Aguiar,Aguiar,15.142857142857142,7,6000,CIN@MIL,CIN,MIL,IL,Elbow,,,,P
121002-232608,P,Mason,Mason Barnett,Barnett,15.2,5,6000,KC@ATH,ATH,KC,,,,,,P
121002-146724,P,Carmen,Carmen Mlodzinski,Mlodzinski,14.029411764705882,34,6000,PIT@ATL,PIT,ATL,,,,,,P
121002-226643,P,AJ,AJ Blubaugh,Blubaugh,18.3,10,6000,HOU@LAA,HOU,LAA,,,,Yes,,P
121002-163515,P,Elvin,Elvin Rodriguez,Rodriguez,7.571428571428571,7,6000,ARI@SD,ARI,SD,,,,,,P
121002-102342,P,Michael,Michael Grove,Grove,6.325,40,6000,LAD@SEA,LAD,SEA,IL,Shoulder,,,,P
121002-135231,P,Jared,Jared Shuster,Shuster,3.4166666666666665,12,5900,KC@ATH,ATH,KC,,,,,,P
121002-178306,P,Bryan,Bryan Hoeing,Hoeing,5.142857142857143,7,5900,ARI@SD,SD,ARI,,,,,,P
121002-164504,P,Joey,Joey Estes,Estes,5,3,5900,KC@ATH,ATH,KC,IL,Back,,,,P
121002-197907,P,Brady,Brady Basso,Basso,5.5,10,5900,KC@ATH,ATH,KC,,,,,,P
121002-146728,P,Connor,Connor Phillips,Phillips,8.947368421052632,19,5900,CIN@MIL,CIN,MIL,,,,,,P
121002-161167,P,Glenn,Glenn Otto,Otto,0,1,5900,HOU@LAA,HOU,LAA,IL,Shoulder,,,,P
121002-189299,P,Victor,Victor Mederos,Mederos,10.2,5,5800,HOU@LAA,LAA,HOU,IL,Shoulder,,,,P
121002-102487,P,Austin,Austin Cox,Cox,5.153846153846154,13,5700,PIT@ATL,ATL,PIT,,,,,,P
121002-145610,P,Angel,Angel Zerpa,Zerpa,4.611940298507463,68,5700,KC@ATH,KC,ATH,,,,,,P
121002-164511,P,Dylan,Dylan Dodd,Dodd,5.678571428571429,28,5700,PIT@ATL,ATL,PIT,,,,,,P
121002-213867,P,Blas,Blas Castano,Castano,3,1,5700,LAD@SEA,SEA,LAD,,,,,,P
121002-102462,P,Lyon,Lyon Richardson,Richardson,4.5625,34,5600,CIN@MIL,CIN,MIL,,,,,,P
121002-82539,P,Jalen,Jalen Beeks,Beeks,4.442622950819672,61,5600,ARI@SD,ARI,SD,,,,,,P
121002-79873,P,Dylan,Dylan Covey,Covey,0,2,5500,PIT@ATL,ATL,PIT,,,,,,P
121002-102419,P,Cole,Cole Winn,Winn,6.333333333333333,33,5500,TEX@CLE,TEX,CLE,IL,Undisclosed,,,,P
121002-135191,P,Josh,Josh Fleming,Fleming,4.541666666666667,25,5500,LAD@SEA,SEA,LAD,,,,,,P
121002-135192,P,Ryan,Ryan Thompson,Thompson,4.083333333333333,48,5500,ARI@SD,ARI,SD,,,,,,P
121002-102455,P,Cory,Cory Abbott,Abbott,0,1,5500,TEX@CLE,TEX,CLE,,,,,,P
121002-190516,P,Daysbel,Daysbel Hernandez,Hernandez,5.052631578947368,39,5500,PIT@ATL,ATL,PIT,IL,Shoulder,,,,P
121002-135226,P,Wes,Wes Benjamin,Benjamin,,0,5500,ARI@SD,SD,ARI,,,,,,P
121002-172092,P,Garrett,Garrett Hill,Hill,0,1,5500,LAD@SEA,SEA,LAD,,,,,,P
121002-104512,P,Geoff,Geoff Hartlieb,Hartlieb,0.25,4,5500,KC@ATH,KC,ATH,,,,,,P
121002-102469,P,Ben,Ben Bowden,Bowden,3.4545454545454546,11,5500,KC@ATH,ATH,KC,IL,Lat,,,,P
121002-135237,P,Nick,Nick Mears,Mears,4.387096774193548,63,5500,CIN@MIL,MIL,CIN,,,,,,P
121002-102479,P,Lincoln,Lincoln Henzman,Henzman,,0,5500,KC@ATH,ATH,KC,,,,,,P
121002-149587,P,Jay,Jay Flaa,Flaa,,0,5500,PIT@ATL,ATL,PIT,,,,,,P
121002-135249,P,Bryce,Bryce Jarvis,Jarvis,8,11,5500,ARI@SD,ARI,SD,,,,,,P
121002-135253,P,Alex,Alex Vesia,Vesia,5.447761194029851,67,5500,LAD@SEA,LAD,SEA,,,,,,P
121002-102489,P,Carlos,Carlos Hernandez,Hernandez,4.075,41,5500,TEX@CLE,CLE,TEX,,,,,,P
121002-135256,P,Connor,Connor Brogdon,Brogdon,5.2439024390243905,42,5500,HOU@LAA,LAA,HOU,,,,,,P
121002-102500,P,Robert,Robert Dugger,Dugger,,0,5500,TEX@CLE,TEX,CLE,,,,,,P
121002-102503,P,John,John Rooney,Rooney,7,1,5500,HOU@LAA,HOU,LAA,IL,Elbow,,,,P
121002-161906,P,Dauri,Dauri Moreta,Moreta,5.588235294117647,18,5500,PIT@ATL,PIT,ATL,,,,,,P
121002-161907,P,Dylan,Dylan Lee,Lee,5,74,5500,PIT@ATL,ATL,PIT,,,,,,P
121002-102523,P,Deivi,Deivi Garcia,Garcia,4.285714285714286,14,5500,CIN@MIL,CIN,MIL,,,,,,P
121002-116868,P,Gabe,Gabe Speier,Speier,5.351351351351352,75,5500,LAD@SEA,SEA,LAD,,,,,,P
121002-135303,P,Jordan,Jordan Weems,Weems,-2,4,5500,HOU@LAA,HOU,LAA,,,,,,P
121002-114827,P,John,John Schreiber,Schreiber,4.450704225352113,73,5500,KC@ATH,KC,ATH,,,,,,P
121002-135304,P,Tyler,Tyler Baum,Baum,,0,5500,KC@ATH,ATH,KC,,,,,,P
121002-73866,P,Wandy,Wandy Peralta,Peralta,5.098591549295775,71,5500,ARI@SD,SD,ARI,,,,,,P
121002-102543,P,Connor,Connor Seabold,Seabold,7.666666666666667,7,5500,PIT@ATL,ATL,PIT,,,,,,P
121002-102542,P,Travis,Travis MacGregor,MacGregor,,0,5500,CIN@MIL,MIL,CIN,,,,,,P
121002-135312,P,Kyle,Kyle Nelson,Nelson,3,3,5500,ARI@SD,ARI,SD,,,,,,P
121002-102549,P,Andres,Andres Munoz,Munoz,6.682539682539683,63,5500,LAD@SEA,SEA,LAD,,,,,,P
121002-102558,P,Gregory,Gregory Santos,Santos,1.875,8,5500,LAD@SEA,SEA,LAD,IL,Knee,,,,P
121002-80033,P,Emilio,Emilio Pagan,Pagan,5.637681159,69,5500,CIN@MIL,CIN,MIL,,,,,,P
121002-12452,P,Kenley,Kenley Jansen,Jansen,5.45,62,5500,HOU@LAA,LAA,HOU,,,,,,P
121002-102570,P,Sandy,Sandy Gaston,Gaston,,0,5500,HOU@LAA,LAA,HOU,,,,,,P
121002-145591,P,Eduard,Eduard Bazardo,Bazardo,6.166666666666667,72,5500,LAD@SEA,SEA,LAD,,,,,,P
121002-145593,P,Carlos,Carlos Vargas,Vargas,4.585714285714285,70,5500,LAD@SEA,SEA,LAD,,,,,,P
121002-135358,P,Dylan,Dylan File,File,,0,5500,LAD@SEA,SEA,LAD,,,,,,P
121002-102593,P,Gerardo,Gerardo Carrillo,Carrillo,,0,5500,TEX@CLE,TEX,CLE,,,,,,P
121002-194770,P,Nick,Nick Hernandez,Hernandez,5.222222222222222,10,5500,HOU@LAA,HOU,LAA,,,,,,P
121002-209116,P,Troy,Troy Taylor,Taylor,-0.142857143,8,5500,LAD@SEA,SEA,LAD,,,,,,P
121002-178411,P,Michael,Michael Plassmeyer,Plassmeyer,0,1,5500,TEX@CLE,TEX,CLE,,,,,,P
121002-194816,P,Kyle,Kyle Hurt,Hurt,8.666666666666666,5,5500,LAD@SEA,LAD,SEA,IL,Elbow,,,,P
121002-170254,P,Colin,Colin Holderman,Holderman,3.0869565217391304,24,5500,PIT@ATL,PIT,ATL,,,,,,P
121002-225559,P,Juan,Juan Morillo,Morillo,4.05,41,5500,ARI@SD,ARI,SD,,,,,,P
121002-65817,P,Scott,Scott McGough,McGough,4.636363636363637,12,5500,KC@ATH,ATH,KC,,,,,,P
121002-209176,P,Chase,Chase Shugart,Shugart,5.787878787878788,34,5500,PIT@ATL,PIT,ATL,,,,,,P
121002-180540,P,Easton,Easton McGee,McGee,6.222222222222222,9,5500,CIN@MIL,MIL,CIN,,,,,,P
121002-135525,P,Adam,Adam Seminaris,Seminaris,,0,5500,LAD@SEA,SEA,LAD,,,,,,P
121002-153961,P,Tayler,Tayler Saucedo,Saucedo,4.3,10,5500,LAD@SEA,SEA,LAD,,,,,,P
121002-57717,P,Buck,Buck Farmer,Farmer,6.049180327868853,61,5500,CIN@MIL,CIN,MIL,,,,,,P
121002-61858,P,Raisel,Raisel Iglesias,Iglesias,5.264705882352941,68,5500,PIT@ATL,ATL,PIT,,,,,,P
121002-219568,P,Rolddy,Rolddy Munoz,Munoz,3.6666666666666665,3,5500,PIT@ATL,ATL,PIT,,,,,,P
121002-158134,P,Stephen,Stephen Ridings,Ridings,,0,5500,LAD@SEA,LAD,SEA,,,,,,P
121002-188863,P,Randy,Randy Wynne,Wynne,15,1,5500,CIN@MIL,CIN,MIL,,,,,,P
121002-225748,P,Craig,Craig Yoho,Yoho,3.25,8,5500,CIN@MIL,MIL,CIN,,,,,,P
121002-80346,P,Giovanny,Giovanny Gallegos,Gallegos,4.842105263157895,21,5500,LAD@SEA,LAD,SEA,IL,Undisclosed,,,,P
121002-135645,P,Isaac,Isaac Mattson,Mattson,5.976744186046512,44,5500,PIT@ATL,PIT,ATL,,,,,,P
121002-84452,P,Caleb,Caleb Ferguson,Ferguson,4.205882352941177,69,5500,LAD@SEA,SEA,LAD,,,,,,P
121002-119299,P,Drey,Drey Jameson,Jameson,2,3,5500,ARI@SD,ARI,SD,IL,Elbow,,,,P
121002-119298,P,Luis,Luis Frias,Frias,1.8181818181818181,11,5500,TEX@CLE,CLE,TEX,,,,,,P
121002-119301,P,Brennan,Brennan Malone,Malone,,0,5500,PIT@ATL,PIT,ATL,IL,Undisclosed,,,,P
121002-219658,P,Jack,Jack Dashwood,Dashwood,,0,5500,HOU@LAA,LAA,HOU,,,,,,P
121002-170514,P,Jose,Jose Cuas,Cuas,4.833333333333333,13,5500,PIT@ATL,ATL,PIT,,,,,,P
121002-162328,P,Reiver,Reiver Sanmartin,Sanmartin,11,1,5500,CIN@MIL,CIN,MIL,,,,,,P
121002-119331,P,Daniel,Daniel Espino,Espino,0,3,5500,TEX@CLE,CLE,TEX,,,,,,P
121002-119339,P,Tyler,Tyler Ivey,Ivey,,0,5500,HOU@LAA,HOU,LAA,,,,,,P
121002-219694,P,Winston,Winston Santos,Santos,,0,5500,TEX@CLE,TEX,CLE,,,,,,P
121002-219693,P,Emiliano,Emiliano Teodo,Teodo,,0,5500,TEX@CLE,TEX,CLE,,,,,,P
121002-119347,P,Jonathan,Jonathan Bowlan,Bowlan,6.606060606060606,33,5500,KC@ATH,KC,ATH,,,,,,P
121002-219696,P,Eric,Eric Cerantola,Cerantola,,0,5500,KC@ATH,KC,ATH,,,,,,P
121002-219701,P,Franco,Franco Aleman,Aleman,,0,5500,TEX@CLE,CLE,TEX,,,,,,P
121002-219700,P,Luis,Luis Mey,Mey,4.956521739130435,23,5500,CIN@MIL,CIN,MIL,,,,,,P
121002-195135,P,Kyle,Kyle Nicolas,Nicolas,5.4,31,5500,PIT@ATL,PIT,ATL,,,,,,P
121002-219723,P,Omar,Omar Cruz,Cruz,10,2,5500,ARI@SD,SD,ARI,,,,,,P
121002-219722,P,Jack,Jack Dreyer,Dreyer,5.878787878787879,66,5500,LAD@SEA,LAD,SEA,,,,,,P
121002-219726,P,Joe,Joe Elbis,Elbis,,0,5500,ARI@SD,ARI,SD,O,Undisclosed,,,,P
121002-219725,P,Henry,Henry Baez,Baez,,0,5500,KC@ATH,ATH,KC,,,,,,P
121002-119397,P,TJ,TJ Sikkema,Sikkema,,0,5500,CIN@MIL,CIN,MIL,,,,,,P
121002-82535,P,Kyle,Kyle Wright,Wright,0,1,5500,KC@ATH,KC,ATH,IL,Oblique,,,,P
121002-119406,P,Cody,Cody Bolton,Bolton,0,1,5500,HOU@LAA,HOU,LAA,,,,,,P
121002-162419,P,Matt,Matt Brash,Brash,5.339622641509434,53,5500,LAD@SEA,SEA,LAD,,,,,,P
121002-156272,P,Reiss,Reiss Knehr,Knehr,0,1,5500,ARI@SD,SD,ARI,,,,,,P
121002-180848,P,Angel,Angel Felipe,Felipe,0,2,5500,HOU@LAA,LAA,HOU,,,,,,P
121002-135798,P,Garrett,Garrett Stallings,Stallings,,0,5500,CIN@MIL,MIL,CIN,,,,,,P
121002-82552,P,Tony,Tony Santillan,Santillan,4.962025316455696,80,5500,CIN@MIL,CIN,MIL,,,,,,P
121002-70271,P,Carlos,Carlos Estevez,Estevez,4.863636363636363,66,5500,KC@ATH,KC,ATH,,,,,,P
121002-12943,P,Shelby,Shelby Miller,Miller,6,48,5500,CIN@MIL,MIL,CIN,IL,Elbow,,,,P
121002-203415,P,Bryan,Bryan King,King,5.5588235294117645,68,5500,HOU@LAA,HOU,LAA,,,,,,P
121002-170647,P,Jared,Jared Koenig,Koenig,5.197183098591549,71,5500,CIN@MIL,MIL,CIN,,,,,,P
121002-82584,P,JB,JB Bukauskas,Bukauskas,5.5,6,5500,CIN@MIL,MIL,CIN,IL,Lat,,,,P
121002-119451,P,Matt,Matt Cronin,Cronin,,0,5500,LAD@SEA,SEA,LAD,IL,Undisclosed,,,,P
121002-203420,P,Austin,Austin Kitchen,Kitchen,0,4,5500,LAD@SEA,SEA,LAD,,,,,,P
121002-82592,P,Dennis,Dennis Santana,Santana,5.144927536231884,69,5500,PIT@ATL,PIT,ATL,,,,,,P
121002-17065,P,Blake,Blake Treinen,Treinen,4.666666666666667,31,5500,LAD@SEA,LAD,SEA,,,,,,P
121002-84651,P,Austin,Austin Davis,Davis,2.5714285714285716,7,5500,ARI@SD,SD,ARI,,,,,,P
121002-80571,P,Phil,Phil Maton,Maton,6.253968253968254,63,5500,TEX@CLE,TEX,CLE,,,,,,P
121002-232127,P,Cam,Cam Sanders,Sanders,2.3333333333333335,6,5500,PIT@ATL,PIT,ATL,,,,,,P
121002-228060,P,Jack,Jack Little,Little,4.5,2,5500,PIT@ATL,PIT,ATL,,,,,,P
121002-187110,P,Ben,Ben Joyce,Joyce,2.6,5,5500,HOU@LAA,LAA,HOU,IL,Shoulder,,,,P
121002-53990,P,Shawn,Shawn Armstrong,Armstrong,5.913043478260869,70,5500,TEX@CLE,TEX,CLE,,,,,,P
121002-228076,P,Paul,Paul Gervase,Gervase,6.166666666666667,6,5500,LAD@SEA,LAD,SEA,,,,,,P
121002-187121,P,Grant,Grant Anderson,Anderson,5.538461538461538,65,5500,CIN@MIL,MIL,CIN,,,,,,P
121002-84731,P,Evan,Evan Phillips,Phillips,5,7,5500,LAD@SEA,LAD,SEA,IL,Elbow,,,,P
121002-13055,P,Anthony,Anthony Gose,Gose,3.3333333333333335,3,5500,ARI@SD,ARI,SD,,,,,,P
121002-201506,P,Tyler,Tyler Ferguson,Ferguson,4.796296296296297,54,5500,KC@ATH,ATH,KC,,,,,,P
121002-199461,P,Luis,Luis Contreras,Contreras,5.333333333333333,9,5500,HOU@LAA,HOU,LAA,,,,,,P
121002-135976,P,Bennett,Bennett Sousa,Sousa,7.232558139534884,44,5500,HOU@LAA,HOU,LAA,IL,Elbow,,,,P
121002-213816,P,Evan,Evan Sisk,Sisk,5.947368421052632,19,5500,PIT@ATL,PIT,ATL,,,,,,P
121002-84815,P,Joey,Joey Krehbiel,Krehbiel,,0,5500,KC@ATH,KC,ATH,,,,,,P
121002-70482,P,J.B.,J.B. Wendelken,Wendelken,,0,5500,ARI@SD,SD,ARI,,,,,,P
121002-213851,P,Domingo,Domingo Gonzalez,Gonzalez,,0,5500,LAD@SEA,SEA,LAD,,,,,,P
121002-183131,P,Ryder,Ryder Ryan,Ryan,5.714285714285714,15,5500,PIT@ATL,PIT,ATL,,,,,,P
121002-228189,P,Juan,Juan Burgos,Burgos,4.6923076923076925,13,5500,ARI@SD,ARI,SD,IL,Forearm,,,,P
121002-68466,P,Steven,Steven Okert,Okert,6.073529411764706,68,5500,HOU@LAA,HOU,LAA,,,,,,P
121002-68469,P,Adam,Adam Plutko,Plutko,,0,5500,CIN@MIL,CIN,MIL,,,,,,P
121002-68474,P,Josh,Josh Hader,Hader,8.041666666666666,48,5500,HOU@LAA,HOU,LAA,IL,Shoulder,,,,P
121002-80791,P,Alan,Alan Busenitz,Busenitz,1,3,5500,CIN@MIL,CIN,MIL,,,,,,P
121002-80801,P,Hoby,Hoby Milner,Milner,4.636363636363637,72,5500,TEX@CLE,TEX,CLE,,,,,,P
121002-68515,P,Sam,Sam Moll,Moll,3.8260869565217392,23,5500,CIN@MIL,CIN,MIL,,,,,,P
121002-39843,P,Burch,Burch Smith,Smith,4.76,50,5500,PIT@ATL,PIT,ATL,,,,,,P
121002-68520,P,Michael,Michael Fulmer,Fulmer,5.666666666666667,3,5500,LAD@SEA,SEA,LAD,,,,,,P
121002-52143,P,Hunter,Hunter Harvey,Harvey,5.916666666666667,12,5500,KC@ATH,KC,ATH,IL,Groin,,,,P
121002-52146,P,Carl,Carl Edwards Jr.,Edwards Jr.,6.75,4,5500,TEX@CLE,TEX,CLE,,,,,,P
121002-52148,P,Pierce,Pierce Johnson,Johnson,4.8,65,5500,PIT@ATL,ATL,PIT,,,,,,P
121002-52152,P,Robert,Robert Stephenson,Stephenson,5.7272727272727275,12,5500,HOU@LAA,LAA,HOU,IL,Elbow,,,,P
121002-179129,P,Jeremiah,Jeremiah Estrada,Estrada,6.28,76,5500,ARI@SD,SD,ARI,,,,,,P
121002-156631,P,Charlie,Charlie Barnes,Barnes,,0,5500,CIN@MIL,CIN,MIL,,,,,,P
121002-52192,P,Luke,Luke Jackson,Jackson,4.166666666666667,51,5500,LAD@SEA,SEA,LAD,,,,,,P
121002-187367,P,Nick,Nick Robertson,Robertson,7.111111111111111,9,5500,KC@ATH,KC,ATH,,,,,,P
121002-213995,P,Luis,Luis Curvelo,Curvelo,5.6,16,5500,TEX@CLE,TEX,CLE,,,,,,P
121002-68584,P,Tyler,Tyler Jay,Jay,5.8,5,5500,CIN@MIL,MIL,CIN,,,,,,P
121002-70634,P,Daniel,Daniel Mengden,Mengden,,0,5500,ARI@SD,ARI,SD,,,,,,P
121002-82922,P,Tyler,Tyler Kinley,Kinley,5.225352112676056,71,5500,PIT@ATL,ATL,PIT,,,,,,P
121002-82935,P,Trevor,Trevor Richards,Richards,4.25,5,5500,ARI@SD,ARI,SD,,,,,,P
121002-226310,P,Jose,Jose Fermin,Fermin,4.794871794871795,40,5500,HOU@LAA,LAA,HOU,,,,,,P
121002-171020,P,Michael,Michael Kelly,Kelly,4.75,40,5500,KC@ATH,ATH,KC,,,,,,P
121002-211985,P,Andrew,Andrew Walters,Walters,2,2,5500,TEX@CLE,CLE,TEX,IL,Lat,,,,P
121002-68654,P,John,John Gant,Gant,,0,5500,KC@ATH,KC,ATH,,,,,,P
121002-82999,P,Scott,Scott Barlow,Barlow,4.986301369863014,74,5500,CIN@MIL,CIN,MIL,,,,,,P
121002-212025,P,Zach,Zach Penrod,Penrod,3,7,5500,LAD@SEA,LAD,SEA,,,,,,P
121002-169030,P,Zach,Zach Jackson,Jackson,,0,5500,KC@ATH,ATH,KC,,,,,,P
121002-11333,P,Craig,Craig Kimbrel,Kimbrel,5.3076923076923075,13,5500,HOU@LAA,HOU,LAA,,,,,,P
121002-189528,P,Robert,Robert Garcia,Garcia,5.188405797101449,70,5500,TEX@CLE,TEX,CLE,,,,,,P
121002-189529,P,Alek,Alek Jacob,Jacob,4.068965517241379,29,5500,ARI@SD,SD,ARI,,,,,,P
121002-226411,P,David,David Morgan,Morgan,6.333333333333333,40,5500,ARI@SD,SD,ARI,,,,,,P
121002-85108,P,Enyel,Enyel De Los Santos,De Los Santos,5.163934426229508,64,5500,HOU@LAA,HOU,LAA,,,,,,P
121002-187521,P,Joe,Joe Jacques,Jacques,3,2,5500,LAD@SEA,SEA,LAD,,,,,,P
121002-232576,P,Zach,Zach Maxwell,Maxwell,6.75,8,5500,CIN@MIL,CIN,MIL,,,,,,P
121002-21653,P,Hector,Hector Neris,Neris,4.46875,35,5500,HOU@LAA,HOU,LAA,,,,,,P
121002-152734,P,Zach,Zach Thompson,Thompson,10,2,5500,PIT@ATL,ATL,PIT,,,,,,P
121002-195748,P,Kelvin,Kelvin Caceres,Caceres,0,2,5500,HOU@LAA,LAA,HOU,,,,,,P
121002-154794,P,Joe,Joe Barlow,Barlow,,0,5500,TEX@CLE,TEX,CLE,,,,,,P
121002-232618,P,Taylor,Taylor Rashi,Rashi,9.444444444444445,9,5500,ARI@SD,ARI,SD,,,,,,P
121002-85164,P,Matt,Matt Festa,Festa,4.524590163934426,62,5500,TEX@CLE,CLE,TEX,,,,,,P
121002-21707,P,Michael,Michael Mariot,Mariot,,0,5500,LAD@SEA,SEA,LAD,,,,,,P
121002-83149,P,Jesus,Jesus Liranzo,Liranzo,,0,5500,CIN@MIL,MIL,CIN,,,,,,P
121002-206028,P,River,River Ryan,Ryan,28,4,5500,LAD@SEA,LAD,SEA,IL,Elbow,,,,P
121002-38106,P,Kirby,Kirby Yates,Yates,4.833333333333333,50,5500,LAD@SEA,LAD,SEA,IL,Hamstring,,,,P
121002-79067,P,Alex,Alex Young,Young,4.529411764705882,17,5500,CIN@MIL,CIN,MIL,IL,Elbow,,,,P
121002-79066,P,Anthony,Anthony Banda,Banda,4.774647887323944,71,5500,LAD@SEA,LAD,SEA,,,,,,P
121002-79071,P,Taylor,Taylor Clarke,Clarke,4.784313725490196,51,5500,KC@ATH,KC,ATH,,,,,,P
121002-83170,P,Thomas,Thomas Pannone,Pannone,,0,5500,CIN@MIL,MIL,CIN,IL,Forearm,,,,P
121002-79084,P,Tanner,Tanner Scott,Scott,4.525423729,61,5500,LAD@SEA,LAD,SEA,,,,,,P
121002-83184,P,Julian,Julian Merryweather,Merryweather,3.0952380952380953,21,5500,CIN@MIL,MIL,CIN,,,,,,P
121002-146678,P,Tanner,Tanner Burns,Burns,,0,5500,TEX@CLE,CLE,TEX,,,,,,P
121002-197877,P,Cristian,Cristian Mena,Mena,15.666666666666666,3,5500,ARI@SD,ARI,SD,IL,Shoulder,,,,P
121002-146691,P,Asa,Asa Lacy,Lacy,,0,5500,KC@ATH,KC,ATH,IL,Elbow,,,,P
121002-197890,P,Marc,Marc Church,Church,4.6,5,5500,TEX@CLE,TEX,CLE,IL,Elbow,,,,P
121002-146688,P,Alex,Alex Santos II,Santos II,,0,5500,HOU@LAA,HOU,LAA,,,,,,P
121002-85255,P,Shaun,Shaun Anderson,Anderson,4.857142857142857,7,5500,HOU@LAA,LAA,HOU,,,,,,P
121002-197893,P,Jose,Jose Corniell,Corniell,0,1,5500,TEX@CLE,TEX,CLE,,,,,,P
121002-197896,P,Will,Will Klein,Klein,7.357142857142857,14,5500,LAD@SEA,LAD,SEA,,,,,,P
121002-79116,P,Riley,Riley Pint,Pint,1.75,4,5500,TEX@CLE,CLE,TEX,IL,Undisclosed,,,,P
121002-197902,P,Cade,Cade Smith,Smith,6.780821917808219,75,5500,TEX@CLE,CLE,TEX,,,,,,P
121002-85263,P,CD,CD Pelham,Pelham,,0,5500,KC@ATH,ATH,KC,,,,,,P
121002-197906,P,Royber,Royber Salinas,Salinas,0,1,5500,PIT@ATL,ATL,PIT,,,,,,P
121002-70933,P,Brock,Brock Stewart,Stewart,5.209302325581396,43,5500,LAD@SEA,LAD,SEA,IL,Shoulder,,,,P
121002-79124,P,Joe,Joe Jimenez,Jimenez,5.855072463768116,70,5500,PIT@ATL,ATL,PIT,IL,Knee,,,,P
121002-79129,P,Kyle,Kyle Funkhouser,Funkhouser,,0,5500,LAD@SEA,LAD,SEA,,,,,,P
121002-232728,P,Hayden,Hayden Harris,Harris,1.6666666666666667,3,5500,PIT@ATL,ATL,PIT,,,,,,P
121002-79135,P,Beau,Beau Burrows,Burrows,,0,5500,PIT@ATL,PIT,ATL,,,,,,P
121002-197916,P,Anthony,Anthony Maldonado,Maldonado,2.5,6,5500,KC@ATH,ATH,KC,,,,,,P
121002-83232,P,Jason,Jason Adam,Adam,6.338461538461538,65,5500,ARI@SD,SD,ARI,IL,Quadriceps,,,,P
121002-146723,P,Eddy,Eddy Yean,Yean,,0,5500,PIT@ATL,PIT,ATL,,,,,,P
121002-85286,P,Ian,Ian Gibaut,Gibaut,3.28,25,5500,CIN@MIL,CIN,MIL,IL,Shoulder,,,,P
121002-85289,P,Nick,Nick Anderson,Anderson,3.6666666666666665,12,5500,LAD@SEA,SEA,LAD,,,,,,P
121002-85288,P,Brusdar,Brusdar Graterol,Graterol,4.4,10,5500,LAD@SEA,LAD,SEA,IL,Shoulder,,,,P
121002-232744,P,Jayden,Jayden Murray,Murray,5.875,8,5500,HOU@LAA,HOU,LAA,,,,,,P
121002-146732,P,Nick,Nick Swiney,Swiney,,0,5500,HOU@LAA,HOU,LAA,,,,,,P
121002-79150,P,Josh,Josh Staumont,Staumont,4.12,25,5500,CIN@MIL,CIN,MIL,IL,Undisclosed,,,,P
121002-152888,P,Sam,Sam Long,Long,4.2894736842105265,38,5500,KC@ATH,KC,ATH,,,,,,P
121002-185662,P,Sammy,Sammy Peralta,Peralta,5.75,4,5500,HOU@LAA,LAA,HOU,,,,,,P
121002-113986,P,Emmanuel,Emmanuel Clase,Clase,5.458333333333333,48,5500,TEX@CLE,CLE,TEX,O,Personal,,,,P
121002-228678,P,Sam,Sam Benschoter,Benschoter,,0,5500,CIN@MIL,CIN,MIL,,,,,,P
121002-228682,P,Eduarniel,Eduarniel Nunez,Nunez,4.7,10,5500,KC@ATH,ATH,KC,,,,,,P
121002-79185,P,Justin,Justin Dunn,Dunn,,0,5500,KC@ATH,KC,ATH,,,,,,P
121002-118106,P,Victor,Victor Gonzalez,Gonzalez,3.1481481481481484,27,5500,HOU@LAA,LAA,HOU,,,,,,P
121002-79196,P,Albert,Albert Abreu,Abreu,,0,5500,CIN@MIL,CIN,MIL,,,,,,P
121002-79209,P,A.J.,A.J. Puk,Puk,6.375,8,5500,ARI@SD,ARI,SD,IL,Elbow,,,,P
121002-38251,P,Hunter,Hunter Strickland,Strickland,4.7368421052631575,19,5500,HOU@LAA,LAA,HOU,IL,Shoulder,,,,P
121002-118122,P,Angel,Angel Perdomo,Perdomo,2.5,4,5500,KC@ATH,ATH,KC,IL,Undisclosed,,,,P
121002-79227,P,Adrian,Adrian Morejon,Morejon,6.236111111111111,74,5500,ARI@SD,SD,ARI,,,,,,P
121002-181651,P,Matt,Matt Krook,Krook,4.333333333333333,3,5500,TEX@CLE,CLE,TEX,,,,,,P
121002-38303,P,Andrew,Andrew Chafin,Chafin,4.7,42,5500,HOU@LAA,LAA,HOU,IL,Triceps,,,,P
121002-193949,P,Steven,Steven Cruz,Cruz,4.622222222222222,46,5500,KC@ATH,KC,ATH,,,,,,P
121002-181664,P,Sean,Sean Reynolds,Reynolds,5.684210526315789,19,5500,ARI@SD,SD,ARI,,,,,,P
121002-118180,P,Tucker,Tucker Davidson,Davidson,23,1,5500,CIN@MIL,MIL,CIN,,,,,,P
121002-101801,P,Joel,Joel Payamps,Payamps,3.033333333333333,30,5500,PIT@ATL,ATL,PIT,,,,,,P
121002-118185,P,Matt,Matt Foster,Foster,4.333333333333333,6,5500,ARI@SD,ARI,SD,,,,,,P
121002-118184,P,Enoli,Enoli Paredes,Paredes,5.944444444444445,18,5500,PIT@ATL,ATL,PIT,,,,,,P
121002-79275,P,Sean,Sean Reid-Foley,Reid-Foley,5.826086956521739,23,5500,ARI@SD,ARI,SD,,,,,,P
121002-101803,P,Jacob,Jacob Webb,Webb,6.018518518518518,54,5500,TEX@CLE,TEX,CLE,,,,,,P
121002-118195,P,Tejay,Tejay Antone,Antone,4.5,6,5500,CIN@MIL,CIN,MIL,,,,,,P
121002-101812,P,Justin,Justin Lawrence,Lawrence,7.25,16,5500,PIT@ATL,PIT,ATL,,,,,,P
121002-118196,P,Ryan,Ryan Hendrix,Hendrix,,0,5500,KC@ATH,KC,ATH,,,,,,P
121002-101814,P,Sam,Sam Hentges,Hentges,5.12,25,5500,TEX@CLE,CLE,TEX,IL,Shoulder,,,,P
121002-101816,P,Bryan,Bryan Abreu,Abreu,7.130434782608695,70,5500,HOU@LAA,HOU,LAA,,,,,,P
121002-101819,P,Jose,Jose Suarez,Suarez,17.833333333333332,6,5500,PIT@ATL,ATL,PIT,,,,,,P
121002-169400,P,Parker,Parker Mushinski,Mushinski,1.8,10,5500,TEX@CLE,CLE,TEX,,,,,,P
121002-40382,P,Luis,Luis Garcia,Garcia,4.4655172413793105,58,5500,HOU@LAA,LAA,HOU,,,,,,P
121002-101822,P,Josh,Josh Sborz,Sborz,5.6875,17,5500,TEX@CLE,TEX,CLE,IL,Shoulder,,,,P
121002-101825,P,Jose,Jose Quijada,Quijada,6.5,2,5500,HOU@LAA,LAA,HOU,,,,,,P
121002-101826,P,Jordan,Jordan Holloway,Holloway,,0,5500,HOU@LAA,LAA,HOU,,,,,,P
121002-101829,P,Trey,Trey Supak,Supak,,0,5500,TEX@CLE,TEX,CLE,,,,,,P
121002-200143,P,Josh,Josh Maciejewski,Maciejewski,9,4,5500,CIN@MIL,MIL,CIN,,,,,,P
121002-101849,P,Wei-Chieh,Wei-Chieh Huang,Huang,,0,5500,PIT@ATL,PIT,ATL,,,,,,P
121002-101851,P,Brock,Brock Burke,Burke,4.550724637681159,69,5500,HOU@LAA,LAA,HOU,,,,,,P
121002-101855,P,Trent,Trent Thornton,Thornton,5.121212121212121,33,5500,LAD@SEA,SEA,LAD,IL,Achilles,,,,P
121002-232971,P,Philip,Philip Abner,Abner,4.5,4,5500,ARI@SD,ARI,SD,,,,,,P
121002-95757,P,Andrew,Andrew Vasquez,Vasquez,,0,5500,HOU@LAA,LAA,HOU,,,,,,P
121002-138767,P,Jesus,Jesus Cruz,Cruz,,0,5500,HOU@LAA,LAA,HOU,,,,,,P
121002-101905,P,Sam,Sam McWilliams,McWilliams,,0,5500,CIN@MIL,MIL,CIN,,,,,,P
121002-71190,P,Jose,Jose Leclerc,Leclerc,3.3,10,5500,KC@ATH,ATH,KC,IL,Lat,,,,P
121002-181791,P,Connor,Connor Thomas,Thomas,-2.5,2,5500,CIN@MIL,MIL,CIN,IL,Elbow,,,,P
121002-79390,P,Michael,Michael Kopech,Kopech,4.285714285714286,14,5500,LAD@SEA,LAD,SEA,IL,Knee,,,,P
121002-58913,P,Danny,Danny Coulombe,Coulombe,4.415094339622642,54,5500,TEX@CLE,TEX,CLE,,,,,,P
121002-210475,P,Ryan,Ryan Zeferjahn,Zeferjahn,5.5,61,5500,HOU@LAA,LAA,HOU,,,,,,P
121002-181803,P,Zak,Zak Kent,Kent,6.7272727272727275,11,5500,TEX@CLE,CLE,TEX,,,,,,P
121002-233009,P,Jhancarlos,Jhancarlos Lara,Lara,,0,5500,PIT@ATL,ATL,PIT,,,,,,P
121002-181819,P,Tim,Tim Herrin,Herrin,4.226415094339623,54,5500,TEX@CLE,CLE,TEX,,,,,,P
121002-181816,P,Casey,Casey Legumina,Legumina,5.212765957446808,48,5500,LAD@SEA,SEA,LAD,,,,,,P
121002-233016,P,Austin,Austin Pope,Pope,9,1,5500,ARI@SD,ARI,SD,,,,,,P
121002-233021,P,Hunter,Hunter Barco,Barco,9,1,5500,PIT@ATL,PIT,ATL,,,,,,P
121002-222786,P,Raul,Raul Alcantara,Alcantara,,0,5500,CIN@MIL,MIL,CIN,,,,,,P
121002-181831,P,Yosver,Yosver Zulueta,Zulueta,4.857142857142857,7,5500,CIN@MIL,CIN,MIL,,,,,,P
121002-222790,P,Jose,Jose Rodriguez,Rodriguez,,0,5500,LAD@SEA,LAD,SEA,,,,,,P
121002-222789,P,Jackson,Jackson Ferris,Ferris,,0,5500,LAD@SEA,LAD,SEA,,,,,,P
121002-226884,P,Christian,Christian Montes De Oca,Montes De Oca,14,1,5500,ARI@SD,ARI,SD,IL,Back,,,,P
121002-181838,P,Abner,Abner Uribe,Uribe,6.337837837837838,74,5500,CIN@MIL,MIL,CIN,,,,,,P
121002-181836,P,Justin,Justin Martinez,Martinez,6.0625,17,5500,ARI@SD,ARI,SD,IL,Elbow,,,,P
121002-175698,P,Hunter,Hunter Gaddis,Gaddis,4.847222222222222,72,5500,TEX@CLE,CLE,TEX,,,,,,P
121002-81488,P,Jose,Jose Ruiz,Ruiz,2.888888888888889,18,5500,TEX@CLE,TEX,CLE,,,,,,P
121002-73301,P,Brent,Brent Suter,Suter,5.541666666666667,48,5500,CIN@MIL,CIN,MIL,,,,,,P
121002-222807,P,Alejandro,Alejandro Rosario,Rosario,,0,5500,TEX@CLE,TEX,CLE,O,Elbow,,,,P
121002-81507,P,Aaron,Aaron Bummer,Bummer,6.309523809523809,42,5500,PIT@ATL,ATL,PIT,IL,Shoulder,,,,P
121002-226925,P,Andrew,Andrew Hoffmann,Hoffmann,5.1,10,5500,ARI@SD,ARI,SD,,,,,,P
121002-226929,P,Bradgley,Bradgley Rodriguez,Rodriguez,6.666666666666667,6,5500,ARI@SD,SD,ARI,,,,,,P
121002-222843,P,Jurrangelo,Jurrangelo Cijntje,Cijntje,,0,5500,LAD@SEA,SEA,LAD,,,,,,P
121002-118394,P,Yohan,Yohan Ramirez,Ramirez,8.260869565,23,5500,PIT@ATL,PIT,ATL,,,,,,P
121002-118397,P,Trevor,Trevor Megill,Megill,6.3125,49,5500,CIN@MIL,MIL,CIN,IL,Elbow,,,,P
121002-165509,P,Bryce,Bryce Bonnin,Bonnin,,0,5500,TEX@CLE,TEX,CLE,,,,,,P
121002-222859,P,Cam,Cam Caminiti,Caminiti,,0,5500,PIT@ATL,ATL,PIT,,,,,,P
121002-110216,P,Stephen,Stephen Nogosek,Nogosek,,0,5500,KC@ATH,KC,ATH,,,,,,P
121002-110219,P,Sean,Sean Poppen,Poppen,,0,5500,HOU@LAA,LAA,HOU,,,,,,P
121002-165522,P,Tommy,Tommy Mace,Mace,,0,5500,TEX@CLE,CLE,TEX,,,,,,P
121002-73362,P,Rob,Rob Zastryzny,Zastryzny,4.76,25,5500,CIN@MIL,MIL,CIN,,,,,,P
121002-165521,P,Doug,Doug Nikhazy,Nikhazy,4.5,2,5500,TEX@CLE,CLE,TEX,,,,,,P
121002-220822,P,Elvis,Elvis Alvarado,Alvarado,6.428571428571429,35,5500,KC@ATH,ATH,KC,,,,,,P
121002-226968,P,Kyle,Kyle Backhus,Backhus,3.21875,32,5500,ARI@SD,ARI,SD,,,,,,P
121002-165534,P,Norge,Norge Vera,Vera,,0,5500,KC@ATH,ATH,KC,,,,,,P
121002-202402,P,Justin,Justin Sterner,Sterner,6.206896551724138,59,5500,KC@ATH,ATH,KC,,,,,,P
121002-222881,P,Ryan,Ryan Johnson,Johnson,4.769230769230769,14,5500,HOU@LAA,LAA,HOU,,,,,,P
121002-220838,P,Garrett,Garrett McDaniels,McDaniels,2.9,10,5500,LAD@SEA,LAD,SEA,,,,,,P
121002-220841,P,Anderson,Anderson Pilar,Pilar,,0,5500,PIT@ATL,ATL,PIT,,,,,,P
121002-114356,P,Kevin,Kevin Ginkel,Ginkel,3.689655172413793,29,5500,ARI@SD,ARI,SD,IL,Shoulder,,,,P
121002-14006,P,Brian,Brian Moran,Moran,,0,5500,PIT@ATL,ATL,PIT,,,,,,P
121002-165566,P,Ben,Ben Kudrna,Kudrna,,0,5500,KC@ATH,KC,ATH,,,,,,P
121002-165564,P,Frank,Frank Mozzicato,Mozzicato,,0,5500,KC@ATH,KC,ATH,,,,,,P
121002-165570,P,Ben,Ben Hernandez,Hernandez,,0,5500,LAD@SEA,SEA,LAD,,,,,,P
121002-38596,P,Chris,Chris Martin,Martin,4.913043478260869,49,5500,TEX@CLE,TEX,CLE,IL,Undisclosed,,,,P
121002-165572,P,Noah,Noah Murdock,Murdock,3.4615384615384617,14,5500,KC@ATH,KC,ATH,,,,,,P
121002-165577,P,Sam,Sam Bachman,Bachman,4.1,22,5500,HOU@LAA,LAA,HOU,,,,,,P
121002-81614,P,Thyago,Thyago Vieira,Vieira,6.111111111111111,28,5500,ARI@SD,ARI,SD,O,Elbow,,,,P
121002-222930,P,Logan,Logan VanWey,VanWey,3.888888888888889,9,5500,HOU@LAA,HOU,LAA,,,,,,P
121002-222928,P,Michael,Michael Darrell-Hicks,Darrell-Hicks,5,7,5500,PIT@ATL,PIT,ATL,,,,,,P
121002-165594,P,Carlos,Carlos Duran,Duran,-8,1,5500,KC@ATH,ATH,KC,,,,,,P
121002-165595,P,Maddux,Maddux Bruns,Bruns,,0,5500,LAD@SEA,LAD,SEA,,,,,,P
121002-229084,P,Brandyn,Brandyn Garcia,Garcia,5,13,5500,ARI@SD,ARI,SD,,,,,,P
121002-14049,P,Bryan,Bryan Shaw,Shaw,2.4,5,5500,LAD@SEA,SEA,LAD,,,,,,P
121002-141024,P,Bruce,Bruce Zimmermann,Zimmermann,6,1,5500,CIN@MIL,MIL,CIN,,,,,,P
121002-181985,P,Guillo,Guillo Zuniga,Zuniga,4.214285714285714,15,5500,LAD@SEA,SEA,LAD,,,,,,P
121002-212709,P,Edgardo,Edgardo Henriquez,Henriquez,4.571428571428571,21,5500,LAD@SEA,LAD,SEA,,,,,,P
121002-81641,P,John,John Curtiss,Curtiss,5.107142857142857,29,5500,ARI@SD,ARI,SD,,,,,,P
121002-181992,P,Jose,Jose Hernandez,Hernandez,4,8,5500,LAD@SEA,LAD,SEA,,,,,,P
121002-182006,P,Nic,Nic Enright,Enright,6.444444444444445,27,5500,TEX@CLE,CLE,TEX,IL,Elbow,,,,P
121002-165621,P,Russell,Russell Smith,Smith,,0,5500,CIN@MIL,MIL,CIN,IL,Undisclosed,,,,P
121002-165642,P,Mason,Mason Miller,Miller,7.406779661016949,59,5500,ARI@SD,SD,ARI,,,,,,P
121002-161545,P,Kaleb,Kaleb Ort,Ort,4.530612244897959,49,5500,HOU@LAA,HOU,LAA,IL,Elbow,,,,P
121002-165650,P,Grant,Grant Holman,Holman,5,22,5500,KC@ATH,ATH,KC,IL,Finger,,,,P
121002-194323,P,Hunter,Hunter Stratton,Stratton,5.2,15,5500,PIT@ATL,ATL,PIT,,,,,,P
121002-194320,P,Andrew,Andrew Saalfrank,Saalfrank,5.142857142857143,28,5500,ARI@SD,ARI,SD,,,,,,P
121002-165649,P,Colin,Colin Peluse,Peluse,,0,5500,KC@ATH,ATH,KC,,,,,,P
121002-165657,P,Anthony,Anthony Solometo,Solometo,,0,5500,PIT@ATL,PIT,ATL,IL,Shoulder,,,,P
121002-165671,P,Victor,Victor Lizarraga,Lizarraga,,0,5500,ARI@SD,SD,ARI,,,,,,P
121002-182062,P,Gus,Gus Varland,Varland,5.230769230769231,26,5500,ARI@SD,ARI,SD,IL,Undisclosed,,,,P
121002-165682,P,Michael,Michael Morales,Morales,,0,5500,LAD@SEA,SEA,LAD,,,,,,P
121002-53043,P,Jesse,Jesse Hahn,Hahn,5,3,5500,LAD@SEA,SEA,LAD,,,,,,P
121002-163641,P,Ray,Ray Kerr,Kerr,11.2,10,5500,PIT@ATL,ATL,PIT,IL,Elbow,,,,P
121002-163654,P,Alexis,Alexis Diaz,Diaz,3.4444444444444446,18,5500,PIT@ATL,ATL,PIT,,,,,,P
121002-108380,P,Tayler,Tayler Scott,Scott,3.6666666666666665,24,5500,HOU@LAA,HOU,LAA,,,,,,P
121002-163677,P,James,James McArthur,McArthur,4.618181818181818,57,5500,KC@ATH,KC,ATH,IL,Elbow,,,,P
121002-163687,P,Ron,Ron Marinaccio,Marinaccio,9.285714285714286,7,5500,ARI@SD,SD,ARI,,,,,,P
121002-163688,P,Collin,Collin Snider,Snider,4.791666666666667,24,5500,LAD@SEA,SEA,LAD,,,,,,P
121002-163697,P,Hagen,Hagen Danner,Danner,0,1,5500,LAD@SEA,SEA,LAD,,,,,,P
121002-163702,P,Logan,Logan Gillaspie,Gillaspie,9,3,5500,ARI@SD,SD,ARI,,,,,,P
121002-161675,P,Jonathan,Jonathan Heasley,Heasley,-0.5,5,5500,KC@ATH,KC,ATH,,,,,,P
121002-102314,P,Lenny,Lenny Torres,Torres,,0,5500,CIN@MIL,CIN,MIL,,,,,,P
121002-102332,P,Jackson,Jackson Kowar,Kowar,5.6,15,5500,LAD@SEA,SEA,LAD,IL,Shoulder,,,,P
121002-163782,P,Robert,Robert Suarez,Suarez,5.550724637681159,69,5500,ARI@SD,SD,ARI,,,,,,P
121002-210885,P,Erik,Erik Sabrowski,Sabrowski,6,32,5500,TEX@CLE,CLE,TEX,,,,,,P
121002-198619,P,Yuki,Yuki Matsui,Matsui,5.068965517241379,60,5500,ARI@SD,SD,ARI,,,,,,P
121002-198618,P,Coleman,Coleman Crow,Crow,,0,5500,CIN@MIL,MIL,CIN,IL,Elbow,,,,P
121002-202726,P,Michel,Michel Otanez,Otanez,2,6,5500,KC@ATH,ATH,KC,,,,,,P
121002-102375,P,Luis,Luis Medina,Medina,20.375,8,5500,KC@ATH,ATH,KC,IL,Elbow,,,,P
121002-102377,P,Trevor,Trevor Stephan,Stephan,0,3,5500,TEX@CLE,CLE,TEX,,,,,,P
121002-79852,P,Lucas,Lucas Erceg,Erceg,5.278688524590164,61,5500,KC@ATH,KC,ATH,IL,Shoulder,,,,P
121002-102386,P,Steven,Steven Jennings,Jennings,,0,5500,TEX@CLE,TEX,CLE,,,,,,P
121002-210936,P,Evan,Evan Kravetz,Kravetz,2,1,5500,CIN@MIL,CIN,MIL,,,,,,P
121002-102399,P,Sam,Sam Carlson,Carlson,,0,5500,LAD@SEA,LAD,SEA,,,,,,P
121002-82440,OF,Shohei,Shohei Ohtani,Ohtani,15.218471648586783,157,4700,LAD@SEA,LAD,SEA,,,,,,OF/UTIL
121002-102554,C,Cal,Cal Raleigh,Raleigh,14.19617865495621,157,4500,LAD@SEA,SEA,LAD,,,,,,C/1B/UTIL
121002-119297,OF,Corbin,Corbin Carroll,Carroll,13.744056114783653,143,4100,ARI@SD,ARI,SD,,,,,,OF/UTIL
121002-222794,1B,Nick,Nick Kurtz,Kurtz,13.431304135529892,115,4100,KC@ATH,ATH,KC,,,,,,C/1B/UTIL
121002-38976,3B,Jose,Jose Ramirez,Ramirez,12.63397451547476,156,4000,TEX@CLE,CLE,TEX,,,,,,3B/UTIL
121002-102400,OF,Julio,Julio Rodriguez,Rodriguez,12.128930817610064,159,3900,LAD@SEA,SEA,LAD,,,,,,OF/UTIL
121002-79756,OF,Ronald,Ronald Acuna Jr.,Acuna Jr.,12.372042748235888,93,3900,PIT@ATL,ATL,PIT,,,,,,OF/UTIL
121002-102438,SS,Geraldo,Geraldo Perdomo,Perdomo,12.203773738453224,159,3800,ARI@SD,ARI,SD,,,,,,SS/UTIL
121002-119349,SS,Bobby,Bobby Witt Jr.,Witt Jr.,12.380128518129007,156,3800,KC@ATH,KC,ATH,,,,,,SS/UTIL
121002-13262,OF,Jurickson,Jurickson Profar,Profar,12.265384771885016,78,3800,PIT@ATL,ATL,PIT,,,,,,OF/UTIL
121002-52175,1B,Matt,Matt Olson,Olson,11.382499694824219,160,3800,PIT@ATL,ATL,PIT,,,,,,C/1B/UTIL
121002-21609,OF,Christian,Christian Yelich,Yelich,11.57162145666174,148,3800,CIN@MIL,MIL,CIN,,,,,,OF/UTIL
121002-21853,2B,Ketel,Ketel Marte,Marte,11.98959961,125,3800,ARI@SD,ARI,SD,,,,,,2B/UTIL
121002-79393,OF,Fernando,Fernando Tatis Jr.,Tatis Jr.,12.077124502144608,153,3800,ARI@SD,SD,ARI,,,,,,OF/UTIL
121002-165513,SS,Elly,Elly De La Cruz,De La Cruz,11.641874694824219,160,3800,CIN@MIL,CIN,MIL,,,,,,SS/UTIL
121002-39151,2B/SS/OF,Mookie,Mookie Betts,Betts,10.45945945945946,148,3700,LAD@SEA,LAD,SEA,,,,,,2B/SS/OF/UTIL
121002-11334,1B,Freddie,Freddie Freeman,Freeman,11.151724137931035,145,3700,LAD@SEA,LAD,SEA,,,,,,C/1B/UTIL
121002-119303,C,Shea,Shea Langeliers,Langeliers,11.427048980212602,122,3600,KC@ATH,ATH,KC,,,,,,C/1B/UTIL
121002-165611,OF,Jackson,Jackson Chourio,Chourio,11.63953488372093,129,3600,CIN@MIL,MIL,CIN,,,,,,OF/UTIL
121002-82575,OF,Yordan,Yordan Alvarez,Alvarez,9.414583206176758,48,3500,HOU@LAA,HOU,LAA,IL,Ankle,,,,OF/UTIL
121002-21633,3B,Eugenio,Eugenio Suarez,Suarez,11.70509523039411,157,3500,LAD@SEA,SEA,LAD,,,,,,3B/UTIL
121002-73023,OF,Teoscar,Teoscar Hernandez,Hernandez,10.018796992481203,133,3500,LAD@SEA,LAD,SEA,,,,,,OF/UTIL
121002-13929,3B,Manny,Manny Machado,Machado,10.774050941950158,158,3500,ARI@SD,SD,ARI,,,,,,3B/UTIL
121002-102353,2B,Brice,Brice Turang,Turang,10.882467691000405,154,3500,CIN@MIL,MIL,CIN,,,,,,2B/UTIL
121002-82612,OF,Brent,Brent Rooker,Rooker,10.911875152587891,160,3400,KC@ATH,ATH,KC,,,,,,OF/UTIL
121002-185300,SS,Zach,Zach Neto,Neto,11.643750190734863,128,3400,HOU@LAA,LAA,HOU,IL,Hand,,,,SS/UTIL
121002-79151,OF,Taylor,Taylor Ward,Ward,11.049677104334677,155,3400,HOU@LAA,LAA,HOU,,,,,,OF/UTIL
121002-79223,1B,Josh,Josh Naylor,Naylor,11.361904429740646,147,3400,LAD@SEA,SEA,LAD,DTD,Groin,,,,C/1B/UTIL
121002-79401,C,Will,Will Smith,Smith,10.702727716619318,110,3300,LAD@SEA,LAD,SEA,IL,Hand,,,,C/1B/UTIL
121002-165666,OF,Jackson,Jackson Merrill,Merrill,9.808849773575774,113,3300,ARI@SD,SD,ARI,,,,,,OF/UTIL
121002-102389,SS/OF,Oneil,Oneil Cruz,Cruz,10.360150559504229,133,3300,PIT@ATL,PIT,ATL,DTD,Ankle,,,,SS/OF/UTIL
121002-81953,OF,Austin,Austin Hays,Hays,10.431372549019608,102,3200,CIN@MIL,CIN,MIL,DTD,Back,,,,OF/UTIL
121002-14562,2B/OF,Jose,Jose Altuve,Altuve,9.977272727272727,154,3200,HOU@LAA,HOU,LAA,,,,,,2B/OF/UTIL
121002-119345,SS,Jeremy,Jeremy Pena,Pena,11.2047998,125,3200,HOU@LAA,HOU,LAA,DTD,Oblique,,,,SS/UTIL
121002-12933,OF,Mike,Mike Trout,Trout,10.317968368530273,128,3200,HOU@LAA,LAA,HOU,,,,,,OF/UTIL
121002-85261,OF,Randy,Randy Arozarena,Arozarena,11.33417752422864,158,3200,LAD@SEA,SEA,LAD,,,,,,OF/UTIL
121002-165571,1B,Vinnie,Vinnie Pasquantino,Pasquantino,10.47735864,159,3200,KC@ATH,KC,ATH,,,,,,C/1B/UTIL
121002-163689,3B/2B/OF,Maikel,Maikel Garcia,Garcia,10.232704402515724,159,3200,KC@ATH,KC,ATH,,,,,,2B/3B/OF/UTIL
121002-102284,C,William,William Contreras,Contreras,10.172000325520834,150,3200,CIN@MIL,MIL,CIN,,,,,,C/1B/UTIL
121002-135298,1B/OF,Tyler,Tyler Soderstrom,Soderstrom,10.221153846153847,156,3100,KC@ATH,ATH,KC,,,,,,C/1B/OF/UTIL
121002-102555,3B/OF,Noelvi,Noelvi Marte,Marte,10.105681679465555,88,3100,CIN@MIL,CIN,MIL,,,,,,3B/OF/UTIL
121002-82574,3B,Isaac,Isaac Paredes,Paredes,10.377227481048886,101,3100,HOU@LAA,HOU,LAA,,,,,,3B/UTIL
121002-82580,OF,Jo,Jo Adell,Adell,9.686000162760417,150,3100,HOU@LAA,LAA,HOU,,,,,,OF/UTIL
121002-52176,3B,Max,Max Muncy,Muncy,10.630999755859374,100,3100,LAD@SEA,LAD,SEA,DTD,Lower body,,,,3B/UTIL
121002-13266,C/1B,Salvador,Salvador Perez,Perez,9.316883433948863,154,3100,KC@ATH,KC,ATH,,,,,,C/1B/UTIL
121002-83155,OF,Ramon,Ramon Laureano,Laureano,10.192424427379262,132,3100,ARI@SD,SD,ARI,O,Finger,,,,OF/UTIL
121002-79110,C,Tyler,Tyler Stephenson,Stephenson,9.172092881,86,3100,CIN@MIL,CIN,MIL,,,,,,C/1B/UTIL
121002-38218,1B,Christian,Christian Walker,Walker,9.156862745098039,153,3100,HOU@LAA,HOU,LAA,,,,,,C/1B/UTIL
121002-165605,OF,Sal,Sal Frelick,Frelick,9.869285365513393,140,3100,CIN@MIL,MIL,CIN,,,,,,OF/UTIL
121002-17086,OF,Marcell,Marcell Ozuna,Ozuna,9.130768889313812,143,3000,PIT@ATL,ATL,PIT,,,,,,OF/UTIL
121002-146695,OF,Andy,Andy Pages,Pages,9.937013304078734,154,3000,LAD@SEA,LAD,SEA,,,,,,OF/UTIL
121002-79141,1B/OF,Ryan,Ryan O'Hearn,O'Hearn,8.804929921324824,142,3000,ARI@SD,SD,ARI,,,,,,C/1B/OF/UTIL
121002-85520,OF,Adolis,Adolis Garcia,Garcia,9.001503392269736,133,3000,TEX@CLE,TEX,CLE,,,,,,OF/UTIL
121002-181795,OF,Lawrence,Lawrence Butler,Butler,9.815231626396937,151,3000,KC@ATH,ATH,KC,,,,,,OF/UTIL
121002-206482,SS,Jacob,Jacob Wilson,Wilson,9.644355035597279,124,3000,KC@ATH,ATH,KC,,,,,,SS/UTIL
121002-165707,SS/3B/2B/1B/OF,Josh,Josh Smith,Smith,8.010416666666666,144,3000,TEX@CLE,TEX,CLE,IL,Personal,,,,C/1B/2B/3B/SS/OF/UTIL
121002-102486,OF,Blake,Blake Perkins,Perkins,7.663461538461538,52,2900,CIN@MIL,MIL,CIN,,,,,,OF/UTIL
121002-82570,1B,Jake,Jake Burger,Burger,8.060395797880568,101,2900,TEX@CLE,TEX,CLE,,,,,,C/1B/UTIL
121002-119437,3B,Josh,Josh Jung,Jung,7.986046133,129,2900,TEX@CLE,TEX,CLE,,,,,,3B/UTIL
121002-119442,C,Gabriel,Gabriel Moreno,Moreno,9.022222071518133,81,2900,ARI@SD,ARI,SD,,,,,,C/1B/UTIL
121002-119495,1B,Andrew,Andrew Vaughn,Vaughn,8.425454434481534,110,2900,CIN@MIL,MIL,CIN,,,,,,C/1B/UTIL
121002-189308,1B,Kyle,Kyle Manzardo,Manzardo,8.631428745814732,140,2900,TEX@CLE,CLE,TEX,,,,,,C/1B/UTIL
121002-179272,OF/1B/2B,Spencer,Spencer Steer,Steer,8.997916327582466,144,2900,CIN@MIL,CIN,MIL,,,,,,C/1B/2B/OF/UTIL
121002-21874,2B/3B,Jorge,Jorge Polanco,Polanco,9.628466975079835,137,2900,LAD@SEA,SEA,LAD,,,,,,2B/3B/UTIL
121002-79230,OF,Bryan,Bryan Reynolds,Reynolds,9.071710686934622,152,2900,PIT@ATL,PIT,ATL,,,,,,OF/UTIL
121002-136672,OF,Michael,Michael Harris II,Harris II,8.848101265822784,158,2900,PIT@ATL,ATL,PIT,,,,,,OF/UTIL
121002-181829,1B,Spencer,Spencer Horwitz,Horwitz,9.002830073518574,106,2900,PIT@ATL,PIT,ATL,,,,,,C/1B/UTIL
121002-163666,OF,Steven,Steven Kwan,Kwan,9.402597402597403,154,2900,TEX@CLE,CLE,TEX,,,,,,OF/UTIL
121002-108450,SS/2B/OF/3B,Tommy,Tommy Edman,Edman,8.513541539510092,96,2900,LAD@SEA,LAD,SEA,DTD,Ankle,,,,2B/3B/SS/OF/UTIL
121002-102435,SS/2B/3B/OF,Blaze,Blaze Alexander,Alexander,7.920548112425085,73,2800,ARI@SD,ARI,SD,,,,,,2B/3B/SS/OF/UTIL
121002-79918,C,Kyle,Kyle Higashioka,Higashioka,7.678494361139113,93,2800,TEX@CLE,TEX,CLE,,,,,,C/1B/UTIL
121002-219698,2B/3B,Caleb,Caleb Durbin,Durbin,8.593283582089553,134,2800,CIN@MIL,MIL,CIN,,,,,,2B/3B/UTIL
121002-82569,1B/OF,Gavin,Gavin Sheets,Sheets,8.504894763439685,143,2800,ARI@SD,SD,ARI,,,,,,C/1B/OF/UTIL
121002-146160,SS/2B,Ha-Seong,Ha-Seong Kim,Kim,8.354347560716713,46,2800,PIT@ATL,ATL,PIT,,,,,,2B/SS/UTIL
121002-211773,OF/2B,Isaac,Isaac Collins,Collins,8.546875,128,2800,CIN@MIL,MIL,CIN,,,,,,2B/OF/UTIL
121002-52179,SS,J.P.,J.P. Crawford,Crawford,8.543590056590546,156,2800,LAD@SEA,SEA,LAD,,,,,,SS/UTIL
121002-173078,OF,Alex,Alex Call,Call,6.329358022147362,109,2800,LAD@SEA,LAD,SEA,,,,,,OF/UTIL
121002-193598,1B,Nolan,Nolan Schanuel,Schanuel,9.070454915364584,132,2800,HOU@LAA,LAA,HOU,,,,,,C/1B/UTIL
121002-37982,SS/2B,Xander,Xander Bogaerts,Bogaerts,8.915671277402053,134,2800,ARI@SD,SD,ARI,,,,,,2B/SS/UTIL
121002-5456,OF,Andrew,Andrew McCutchen,McCutchen,8.191790680387127,134,2800,PIT@ATL,PIT,ATL,,,,,,OF/UTIL
121002-79195,OF/1B/3B,Miguel,Miguel Andujar,Andujar,8.336956522,92,2800,CIN@MIL,CIN,MIL,,,,,,C/1B/3B/OF/UTIL
121002-79255,1B/OF,Jake,Jake Bauers,Bauers,6.513094947451637,84,2800,CIN@MIL,MIL,CIN,,,,,,C/1B/OF/UTIL
121002-13864,OF/1B,Joc,Joc Pederson,Pederson,6.006315532483552,95,2800,TEX@CLE,TEX,CLE,,,,,,C/1B/OF/UTIL
121002-181851,3B/2B/1B/SS,Jared,Jared Triolo,Triolo,7.192381068638393,105,2800,PIT@ATL,PIT,ATL,,,,,,C/1B/2B/3B/SS/UTIL
121002-165559,C,Yainer,Yainer Diaz,Diaz,8.104964885,141,2800,HOU@LAA,HOU,LAA,,,,,,C/1B/UTIL
121002-38614,SS/3B,Carlos,Carlos Correa,Correa,8.179020808,143,2800,HOU@LAA,HOU,LAA,,,,,,3B/SS/UTIL
121002-102296,OF,TJ,TJ Friedl,Friedl,9.574666341145834,150,2800,CIN@MIL,CIN,MIL,,,,,,OF/UTIL
121002-135218,OF,Jake,Jake Meyers,Meyers,8.034615149864784,104,2700,HOU@LAA,HOU,LAA,DTD,Calf,,,,OF/UTIL
121002-135260,C,Logan,Logan O'Hoppe,O'Hoppe,7.012820512820513,117,2700,HOU@LAA,LAA,HOU,,,,,,C/1B/UTIL
121002-61553,3B,Yoan,Yoan Moncada,Moncada,8.301190330868675,84,2700,HOU@LAA,LAA,HOU,,,,,,3B/UTIL
121002-198878,3B,Sal,Sal Stewart,Stewart,7.8705884148092835,17,2700,CIN@MIL,CIN,MIL,,,,,,3B/UTIL
121002-119363,OF,JJ,JJ Bleday,Bleday,8.021874746,96,2700,KC@ATH,ATH,KC,,,,,,OF/UTIL
121002-189530,OF,Dominic,Dominic Canzone,Canzone,7.938271604938271,81,2700,LAD@SEA,SEA,LAD,,,,,,OF/UTIL
121002-13487,OF,Tommy,Tommy Pham,Pham,7.922033794855667,118,2700,PIT@ATL,PIT,ATL,,,,,,OF/UTIL
121002-85254,C,Joey,Joey Bart,Bart,6.535164969308036,91,2700,PIT@ATL,PIT,ATL,,,,,,C/1B/UTIL
121002-79165,2B/OF,Gavin,Gavin Lux,Lux,7.275539480524955,139,2700,CIN@MIL,CIN,MIL,,,,,,2B/OF/UTIL
121002-232803,OF,Zach,Zach Cole,Cole,10.607691838191105,13,2700,HOU@LAA,HOU,LAA,,,,,,OF/UTIL
121002-79215,1B,Rhys,Rhys Hoskins,Hoskins,8.172222222222222,90,2700,CIN@MIL,MIL,CIN,,,,,,C/1B/UTIL
121002-101827,1B/2B,Luis,Luis Arraez,Arraez,8.637254901960784,153,2700,ARI@SD,SD,ARI,,,,,,C/1B/2B/UTIL
121002-118210,1B/2B,Jake,Jake Cronenworth,Cronenworth,8.492481203007518,133,2700,ARI@SD,SD,ARI,,,,,,C/1B/2B/UTIL
121002-165507,SS/2B,Matt,Matt McLain,McLain,8.295862237338362,145,2700,CIN@MIL,CIN,MIL,,,,,,2B/SS/UTIL
121002-165514,OF/2B,Angel,Angel Martinez,Martinez,6.7905108598026915,137,2700,TEX@CLE,CLE,TEX,,,,,,2B/OF/UTIL
121002-222858,C,Drake,Drake Baldwin,Baldwin,9.270491803278688,122,2700,PIT@ATL,ATL,PIT,,,,,,C/1B/UTIL
121002-222860,2B,Christian,Christian Moore,Moore,7.235294117647059,51,2700,HOU@LAA,LAA,HOU,,,,,,2B/UTIL
121002-53033,OF,Mike,Mike Yastrzemski,Yastrzemski,7.957241716056035,145,2700,KC@ATH,KC,ATH,,,,,,OF/UTIL
121002-102315,C,Bo,Bo Naylor,Naylor,6.903305684239411,121,2700,TEX@CLE,CLE,TEX,,,,,,C/1B/UTIL
121002-102546,2B/3B/SS,Gabriel,Gabriel Arias,Arias,7.392125888133612,127,2600,TEX@CLE,CLE,TEX,,,,,,2B/3B/SS/UTIL
121002-211345,OF/2B,Michael,Michael Helman,Helman,8.024999830457899,36,2600,TEX@CLE,TEX,CLE,,,,,,2B/OF/UTIL
121002-164513,3B/2B/SS,Joey,Joey Ortiz,Ortiz,6.582993280319941,147,2600,CIN@MIL,MIL,CIN,,,,,,2B/3B/SS/UTIL
121002-82644,OF,Jesus,Jesus Sanchez,Sanchez,8.128787878787879,132,2600,HOU@LAA,HOU,LAA,,,,,,OF/UTIL
121002-82655,C,Danny,Danny Jansen,Jansen,7.220833460489909,96,2600,CIN@MIL,MIL,CIN,,,,,,C/1B/UTIL
121002-228207,OF,Colby,Colby Thomas,Thomas,6.402083079020183,48,2600,KC@ATH,ATH,KC,,,,,,OF/UTIL
121002-136090,2B/SS,Nick,Nick Gonzales,Gonzales,7.447872080701463,94,2600,PIT@ATL,PIT,ATL,,,,,,2B/SS/UTIL
121002-13390,SS/2B/3B,Miguel,Miguel Rojas,Rojas,5.752678462437221,112,2600,LAD@SEA,LAD,SEA,,,,,,2B/3B/SS/UTIL
121002-60642,OF,Michael,Michael Conforto,Conforto,6.582353030934053,136,2600,LAD@SEA,LAD,SEA,,,,,,OF/UTIL
121002-70898,2B/3B/OF,Adam,Adam Frazier,Frazier,6.707575942530776,132,2600,KC@ATH,KC,ATH,,,,,,2B/3B/OF/UTIL
121002-79119,OF,Will,Will Benson,Benson,6.805618114685744,89,2600,CIN@MIL,CIN,MIL,,,,,,OF/UTIL
121002-79216,3B,Ke'Bryan,Ke'Bryan Hayes,Hayes,6.645333251953125,150,2600,CIN@MIL,CIN,MIL,,,,,,3B/UTIL
121002-79277,1B,Rowdy,Rowdy Tellez,Tellez,6.3781815962357955,110,2600,TEX@CLE,TEX,CLE,,,,,,C/1B/UTIL
121002-222846,OF,Cam,Cam Smith,Smith,7.626315697691495,133,2600,HOU@LAA,HOU,LAA,,,,,,OF/UTIL
121002-202431,2B/3B/SS/OF,Daniel,Daniel Schneemann,Schneemann,6.739230581430289,130,2600,TEX@CLE,CLE,TEX,,,,,,2B/3B/SS/OF/UTIL
121002-165575,SS,Denzer,Denzer Guzman,Guzman,6.2090911865234375,11,2600,HOU@LAA,LAA,HOU,,,,,,SS/UTIL
121002-165579,C,Carter,Carter Jensen,Jensen,9.600000169542101,18,2600,KC@ATH,KC,ATH,,,,,,C/1B/UTIL
121002-81622,C,Mitch,Mitch Garver,Garver,6.660464974336846,86,2600,LAD@SEA,SEA,LAD,,,,,,C/1B/UTIL
121002-102308,2B/3B/OF,Jonathan,Jonathan India,India,7.971110930266204,135,2600,KC@ATH,KC,ATH,,,,,,2B/3B/OF/UTIL
121002-102402,OF,Alexander,Alexander Canario,Canario,5.093023255813954,86,2500,PIT@ATL,PIT,ATL,,,,,,OF/UTIL
121002-135194,C,Freddy,Freddy Fermin,Fermin,5.457407633463542,108,2500,ARI@SD,SD,ARI,,,,,,C/1B/UTIL
121002-102475,SS,Brayan,Brayan Rocchio,Rocchio,6.394690049433075,113,2500,TEX@CLE,CLE,TEX,,,,,,SS/UTIL
121002-187103,2B/3B/1B/SS,Andruw,Andruw Monasterio,Monasterio,4.788059519298041,67,2500,CIN@MIL,MIL,CIN,,,,,,C/1B/2B/3B/SS/UTIL
121002-80848,C,Victor,Victor Caratini,Caratini,6.926785605294364,112,2500,HOU@LAA,HOU,LAA,,,,,,C/1B/UTIL
121002-222295,2B/SS/OF,Hyeseong,Hyeseong Kim,Kim,5.595652262369792,69,2500,LAD@SEA,LAD,SEA,,,,,,2B/SS/OF/UTIL
121002-146690,3B/2B/OF,Nick,Nick Loftin,Loftin,5.394029759649021,67,2500,KC@ATH,KC,ATH,,,,,,2B/3B/OF/UTIL
121002-118120,C,Jonah,Jonah Heim,Heim,6.332520523691565,123,2500,TEX@CLE,TEX,CLE,,,,,,C/1B/UTIL
121002-101817,2B/3B/SS,Luis,Luis Rengifo,Rengifo,6.865517241,145,2500,HOU@LAA,LAA,HOU,,,,,,2B/3B/SS/UTIL
121002-222806,1B/OF,Jac,Jac Caglianone,Caglianone,6.259016193327357,61,2500,KC@ATH,KC,ATH,,,,,,C/1B/OF/UTIL
121002-222844,SS/2B,Cole,Cole Young,Young,6.023684049907484,76,2500,LAD@SEA,SEA,LAD,,,,,,2B/SS/UTIL
121002-165623,OF,Carlos,Carlos Cortes,Cortes,5.842499923706055,40,2500,KC@ATH,ATH,KC,,,,,,OF/UTIL
121002-206608,SS/2B/3B,Nacho,Nacho Alvarez Jr.,Alvarez Jr.,6.091071537562779,56,2500,PIT@ATL,ATL,PIT,,,,,,2B/3B/SS/UTIL
121002-165654,C/OF,Henry,Henry Davis,Davis,4.9918603231740555,86,2500,PIT@ATL,PIT,ATL,,,,,,C/1B/OF/UTIL
121002-102363,OF/1B,Luke,Luke Raley,Raley,5.818309945119938,71,2500,LAD@SEA,SEA,LAD,,,,,,C/1B/OF/UTIL
121002-102418,OF,Eli,Eli White,White,6.452884380634014,104,2400,PIT@ATL,ATL,PIT,,,,,,OF/UTIL
121002-198893,C,Dalton,Dalton Rushing,Rushing,5.325490315755208,51,2400,LAD@SEA,LAD,SEA,,,,,,C/1B/UTIL
121002-23107,OF,Jorge,Jorge Soler,Soler,7.709756246427211,82,2400,HOU@LAA,LAA,HOU,IL,Back,,,,OF/UTIL
121002-219727,2B/1B/OF,Tim,Tim Tawa,Tawa,6.497222052680121,72,2400,ARI@SD,ARI,SD,,,,,,C/1B/2B/OF/UTIL
121002-82556,OF,Taylor,Taylor Trammell,Trammell,5.411764705882353,51,2400,HOU@LAA,HOU,LAA,,,,,,OF/UTIL
121002-17171,C,James,James McCann,McCann,7.465853807,41,2400,ARI@SD,ARI,SD,,,,,,C/1B/UTIL
121002-13099,C,Travis,Travis d'Arnaud,d'Arnaud,5.720290032,69,2400,HOU@LAA,LAA,HOU,IL,Concussion,,,,C/1B/UTIL
121002-68563,OF,Victor,Victor Robles,Robles,7.059374809265137,32,2400,LAD@SEA,SEA,LAD,DTD,Undisclosed,,,,OF/UTIL
121002-83173,C,Jose,Jose Trevino,Trevino,5.607526882,93,2400,CIN@MIL,CIN,MIL,,,,,,C/1B/UTIL
121002-79122,OF,Nolan,Nolan Jones,Jones,5.380882263183594,136,2400,TEX@CLE,CLE,TEX,IL,Oblique,,,,OF/UTIL
121002-197904,SS/3B,Darell,Darell Hernaiz,Hernaiz,6.718367596061862,49,2400,KC@ATH,ATH,KC,,,,,,3B/SS/UTIL
121002-79181,2B/3B/SS/OF,Mauricio,Mauricio Dubon,Dubon,5.594656674916507,131,2400,HOU@LAA,HOU,LAA,,,,,,2B/3B/SS/OF/UTIL
121002-101753,2B/SS/3B/OF,Dylan,Dylan Moore,Moore,5.608653728778545,104,2400,TEX@CLE,TEX,CLE,,,,,,2B/3B/SS/OF/UTIL
121002-101850,3B/2B/1B,Ramon,Ramon Urias,Urias,6.740000221946023,110,2400,HOU@LAA,HOU,LAA,,,,,,C/1B/2B/3B/UTIL
121002-13792,3B/1B/2B/OF,Kike,Kike Hernandez,Hernandez,5.554945054945055,91,2400,LAD@SEA,LAD,SEA,,,,,,C/1B/2B/3B/OF/UTIL
121002-222798,OF/1B,C.J.,C.J. Kayfus,Kayfus,7.790476481119792,42,2400,TEX@CLE,CLE,TEX,,,,,,C/1B/OF/UTIL
121002-226907,OF,Alejandro,Alejandro Osuna,Osuna,4.8854837725239415,62,2400,TEX@CLE,TEX,CLE,,,,,,OF/UTIL
121002-229041,3B,Cody,Cody Freeman,Freeman,6.6441174675436585,34,2400,TEX@CLE,TEX,CLE,,,,,,3B/UTIL
121002-165639,OF,Brandon,Brandon Lockridge,Lockridge,4.476119311887826,67,2400,CIN@MIL,MIL,CIN,,,,,,OF/UTIL
121002-102577,2B/3B/OF,Santiago,Santiago Espinal,Espinal,4.114035087719298,114,2300,CIN@MIL,CIN,MIL,,,,,,2B/3B/OF/UTIL
121002-209179,1B/2B/3B,Will,Will Wagner,Wagner,4.420754774561468,53,2300,ARI@SD,SD,ARI,,,,,,C/1B/2B/3B/UTIL
121002-156224,C,Willie,Willie MacIver,MacIver,6.090624809265137,32,2300,KC@ATH,ATH,KC,,,,,,C/1B/UTIL
121002-12919,SS/2B/3B/OF,Jose,Jose Iglesias,Iglesias,5.443636252663352,110,2300,ARI@SD,SD,ARI,,,,,,2B/3B/SS/OF/UTIL
121002-164496,C,Adrian,Adrian Del Castillo,Del Castillo,5.820930303529251,43,2300,ARI@SD,ARI,SD,,,,,,C/1B/UTIL
121002-119634,SS/2B,Liover,Liover Peguero,Peguero,5.812121304598722,33,2300,PIT@ATL,PIT,ATL,,,,,,2B/SS/UTIL
121002-119637,3B/SS/OF/1B,Ezequiel,Ezequiel Duran,Duran,4.275000138716265,88,2300,TEX@CLE,TEX,CLE,,,,,,C/1B/3B/SS/OF/UTIL
121002-83182,C/OF,Eric,Eric Haase,Haase,5.323333231608073,30,2300,CIN@MIL,MIL,CIN,,,,,,C/1B/OF/UTIL
121002-79190,C,Ben,Ben Rortvedt,Rortvedt,3.9953489081804143,43,2300,LAD@SEA,LAD,SEA,,,,,,C/1B/UTIL
121002-79225,3B/2B,Luis,Luis Urias,Urias,6.123958587646484,96,2300,CIN@MIL,MIL,CIN,,,,,,2B/3B/UTIL
121002-13909,OF,Randal,Randal Grichuk,Grichuk,5.21875,112,2300,KC@ATH,KC,ATH,,,,,,OF/UTIL
121002-38561,OF/3B/2B,Chris,Chris Taylor,Taylor,4.052631578947368,57,2300,HOU@LAA,LAA,HOU,,,,,,2B/3B/OF/UTIL
121002-165606,1B/3B/OF,Tyler,Tyler Black,Black,6.1400001525878904,5,2300,CIN@MIL,MIL,CIN,,,,,,C/1B/3B/OF/UTIL
121002-165641,SS/2B/3B,Max,Max Muncy,Muncy,6.6274192563949095,62,2300,KC@ATH,ATH,KC,,,,,,2B/3B/SS/UTIL
121002-163696,OF,Jack,Jack Suwinski,Suwinski,5.342105263157895,57,2300,PIT@ATL,PIT,ATL,,,,,,OF/UTIL
121002-102283,OF,Alek,Alek Thomas,Thomas,6.2709220723902925,141,2300,ARI@SD,ARI,SD,,,,,,OF/UTIL
121002-102313,OF,George,George Valera,Valera,7.246666463216146,15,2300,TEX@CLE,CLE,TEX,,,,,,OF/UTIL
121002-102349,SS/2B,Leo,Leo Rivas,Rivas,6.049999734629756,46,2300,LAD@SEA,SEA,LAD,,,,,,2B/SS/UTIL
121002-102380,SS,Nick,Nick Allen,Allen,4.471641882142024,134,2300,PIT@ATL,ATL,PIT,,,,,,SS/UTIL
121002-135195,C,Sebastian,Sebastian Rivero,Rivero,4.979999923706055,10,2200,HOU@LAA,LAA,HOU,,,,,,C/1B/UTIL
121002-102485,OF,Kyle,Kyle Isbel,Isbel,5.4330884148092835,136,2200,KC@ATH,KC,ATH,IL,Hamstring,,,,OF/UTIL
121002-145611,SS/2B/3B,Oswald,Oswald Peraza,Peraza,4.169523693266369,105,2200,HOU@LAA,LAA,HOU,,,,,,2B/3B/SS/UTIL
121002-17105,C,Sandy,Sandy Leon,Leon,5.1400001525878904,5,2200,PIT@ATL,ATL,PIT,,,,,,C/1B/UTIL
121002-211757,OF,Bryce,Bryce Teodosio,Teodosio,5.310416539510091,48,2200,HOU@LAA,LAA,HOU,,,,,,OF/UTIL
121002-80852,2B/SS/3B/OF,Ildemaro,Ildemaro Vargas,Vargas,6.747222052680121,36,2200,ARI@SD,ARI,SD,,,,,,2B/3B/SS/OF/UTIL
121002-54307,C,Elias,Elias Diaz,Diaz,4.905714053199405,105,2200,ARI@SD,SD,ARI,,,,,,C/1B/UTIL
121002-13412,3B/1B,Donovan,Donovan Solano,Solano,4.442028985507246,69,2200,TEX@CLE,TEX,CLE,,,,,,C/1B/3B/UTIL
121002-38004,C,Austin,Austin Hedges,Hedges,3.849275450775589,69,2200,TEX@CLE,CLE,TEX,,,,,,C/1B/UTIL
121002-173548,2B/OF,Michael,Michael Massey,Massey,5.143420972322163,76,2200,KC@ATH,KC,ATH,,,,,,2B/OF/UTIL
121002-175654,OF,Bryce,Bryce Johnson,Johnson,3.5018869076135024,53,2200,ARI@SD,SD,ARI,,,,,,OF/UTIL
121002-181820,OF/2B/SS/3B,Brett,Brett Wisely,Wisely,5.16,25,2200,PIT@ATL,ATL,PIT,,,,,,2B/3B/SS/OF/UTIL
121002-222788,SS,Alex,Alex Freeland,Freeland,5.9655172413793105,29,2200,LAD@SEA,LAD,SEA,,,,,,SS/UTIL
121002-181835,OF,Jorge,Jorge Barrosa,Barrosa,3.0612903718025453,31,2200,ARI@SD,ARI,SD,,,,,,OF/UTIL
121002-165672,C,Harry,Harry Ford,Ford,1.6166666348775227,6,2200,LAD@SEA,SEA,LAD,,,,,,C/1B/UTIL
121002-163667,OF/1B,Jhonkensy,Jhonkensy Noel,Noel,3.4119403896047107,67,2200,TEX@CLE,CLE,TEX,,,,,,C/1B/OF/UTIL
121002-102282,OF,Jake,Jake McCarthy,McCarthy,6.209230863,65,2200,ARI@SD,ARI,SD,,,,,,OF/UTIL
121002-102406,2B/SS/3B/OF,Vidal,Vidal Brujan,Brujan,3.062295132,61,2100,PIT@ATL,ATL,PIT,DTD,Hip,,,,2B/3B/SS/OF/UTIL
121002-184480,C,Cesar,Cesar Salazar,Salazar,1.9545454545454546,11,2100,HOU@LAA,HOU,LAA,,,,,,C/1B/UTIL
121002-198875,OF,Chase,Chase DeLauter,DeLauter,,0,2100,TEX@CLE,CLE,TEX,IL,Wrist,,,,OF/UTIL
121002-119394,SS,Logan,Logan Davidson,Davidson,3.6105262354800574,19,2100,HOU@LAA,LAA,HOU,,,,,,SS/UTIL
121002-119408,2B/OF,Ji Hwan,Ji Hwan Bae,Bae,4.215384556696965,13,2100,PIT@ATL,PIT,ATL,,,,,,2B/OF/UTIL
121002-201354,3B,Brett,Brett Harris,Harris,5.156666564941406,30,2100,KC@ATH,ATH,KC,,,,,,3B/UTIL
121002-164495,SS/3B/2B,Jordan,Jordan Lawlar,Lawlar,4.366666723180701,27,2100,ARI@SD,ARI,SD,,,,,,2B/3B/SS/UTIL
121002-203490,OF,Steward,Steward Berroa,Berroa,4.5,2,2100,CIN@MIL,MIL,CIN,,,,,,OF/UTIL
121002-146668,2B,Nick,Nick Yorke,Yorke,6.419999694824218,20,2100,PIT@ATL,PIT,ATL,,,,,,2B/UTIL
121002-79136,OF,Daz,Daz Cameron,Cameron,3.7095238821847096,21,2100,CIN@MIL,MIL,CIN,,,,,,OF/UTIL
121002-232834,C,Rafael,Rafael Flores,Flores,3.6,5,2100,PIT@ATL,PIT,ATL,,,,,,C/1B/UTIL
121002-152972,2B/OF/SS/3B,Luke,Luke Williams,Williams,1.9444444444444444,45,2100,PIT@ATL,ATL,PIT,,,,,,2B/3B/SS/OF/UTIL
121002-228949,SS,Cam,Cam Devanney,Devanney,1.9000000586876502,13,2100,PIT@ATL,PIT,ATL,,,,,,SS/UTIL
121002-226915,OF,Drew,Drew Avans,Avans,2.3375000953674316,8,2100,CIN@MIL,MIL,CIN,,,,,,OF/UTIL
121002-165519,OF,Petey,Petey Halpin,Halpin,4.650000095367432,4,2100,TEX@CLE,CLE,TEX,,,,,,OF/UTIL
121002-52878,OF,Billy,Billy McKinney,McKinney,6.220000076293945,5,2100,TEX@CLE,TEX,CLE,,,,,,OF/UTIL
121002-222902,2B/OF,Tyler,Tyler Tolbert,Tolbert,4.3161291307018645,62,2100,KC@ATH,KC,ATH,,,,,,2B/OF/UTIL
121002-52995,C,Luke,Luke Maile,Maile,4.607999877929688,25,2100,KC@ATH,KC,ATH,,,,,,C/1B/UTIL
121002-165645,OF,Denzel,Denzel Clarke,Clarke,6.672340555,47,2100,KC@ATH,ATH,KC,IL,Hip,,,,OF/UTIL
121002-200498,SS/3B/2B/OF,Max,Max Schuemann,Schuemann,3.803030303030303,99,2100,KC@ATH,ATH,KC,,,,,,2B/3B/SS/OF/UTIL
121002-208716,1B/OF,Zach,Zach Dezenzo,Dezenzo,6.952940996955423,34,2100,HOU@LAA,HOU,LAA,IL,Hand,,,,C/1B/OF/UTIL
121002-102374,C/2B/3B,Anthony,Anthony Seigler,Seigler,3.373529322007123,34,2100,CIN@MIL,MIL,CIN,,,,,,C/1B/2B/3B/UTIL
121002-198658,OF/2B,Ronny,Ronny Simon,Simon,5.537037037037037,27,2000,PIT@ATL,PIT,ATL,IL,Shoulder,,,,2B/OF/UTIL
121002-102413,1B,Luken,Luken Baker,Baker,3.7157893933747945,19,2000,LAD@SEA,LAD,SEA,,,,,,C/1B/UTIL
121002-102427,3B,Jordan,Jordan Groshans,Groshans,,0,2000,KC@ATH,KC,ATH,,,,,,3B/UTIL
121002-102436,OF,Kristian,Kristian Robinson,Robinson,,0,2000,ARI@SD,ARI,SD,,,,,,OF/UTIL
121002-135207,2B,Alex,Alex De Goti,De Goti,,0,2000,TEX@CLE,TEX,CLE,,,,,,2B/UTIL
121002-135216,OF,Chas,Chas McCormick,McCormick,2.8500000924775093,66,2000,HOU@LAA,HOU,LAA,DTD,Side,,,,OF/UTIL
121002-102453,SS/2B/3B,Zack,Zack Short,Short,5.695454684,22,2000,HOU@LAA,HOU,LAA,,,,,,2B/3B/SS/UTIL
121002-102452,OF,Nelson,Nelson Velazquez,Velazquez,7.760937690734863,64,2000,PIT@ATL,PIT,ATL,,,,,,OF/UTIL
121002-102461,SS,Aaron,Aaron Bracho,Bracho,,0,2000,LAD@SEA,LAD,SEA,,,,,,SS/UTIL
121002-223299,3B,Ben,Ben Williamson,Williamson,6.172941320082721,85,2000,LAD@SEA,SEA,LAD,,,,,,3B/UTIL
121002-135242,C,P.J.,P.J. Higgins,Higgins,0,2,2000,CIN@MIL,CIN,MIL,,,,,,C/1B/UTIL
121002-102472,SS,Raynel,Raynel Delgado,Delgado,,0,2000,CIN@MIL,MIL,CIN,,,,,,SS/UTIL
121002-135263,C,Brian,Brian O'Keefe,O'Keefe,,0,2000,KC@ATH,KC,ATH,,,,,,C/1B/UTIL
121002-135267,2B,Kaden,Kaden Polcovich,Polcovich,,0,2000,LAD@SEA,SEA,LAD,,,,,,2B/UTIL
121002-102499,SS,Bryson,Bryson Brigman,Brigman,,0,2000,CIN@MIL,CIN,MIL,,,,,,SS/UTIL
121002-135265,1B,Austin,Austin Shenton,Shenton,4.7549999237060545,20,2000,LAD@SEA,SEA,LAD,,,,,,C/1B/UTIL
121002-116841,2B/1B/OF,Sam,Sam Haggerty,Haggerty,7.042187690734863,64,2000,TEX@CLE,TEX,CLE,IL,Ankle,,,,C/1B/2B/OF/UTIL
121002-102512,OF,Carlos,Carlos Rodriguez,Rodriguez,,0,2000,PIT@ATL,ATL,PIT,,,,,,OF/UTIL
121002-135288,SS/2B/3B,Alan,Alan Trejo,Trejo,3.078571319580078,14,2000,TEX@CLE,TEX,CLE,,,,,,2B/3B/SS/UTIL
121002-135302,OF,Brayan,Brayan Buelvas,Buelvas,,0,2000,KC@ATH,ATH,KC,,,,,,OF/UTIL
121002-102541,OF,Jared,Jared Oliva,Oliva,,0,2000,CIN@MIL,MIL,CIN,,,,,,OF/UTIL
121002-102550,C,Luis,Luis Campusano,Campusano,1.8,10,2000,ARI@SD,SD,ARI,,,,,,C/1B/UTIL
121002-102563,3B/2B/SS,Jonathan,Jonathan Ornelas,Ornelas,2.0333333015441895,6,2000,PIT@ATL,ATL,PIT,,,,,,2B/3B/SS/UTIL
121002-102591,OF,Jake,Jake Fraley,Fraley,6.588158055355675,76,2000,PIT@ATL,ATL,PIT,IL,Oblique,,,,OF/UTIL
121002-198865,OF,Druw,Druw Jones,Jones,,0,2000,ARI@SD,ARI,SD,,,,,,OF/UTIL
121002-145617,C,David,David Garcia,Garcia,,0,2000,CIN@MIL,MIL,CIN,,,,,,C/1B/UTIL
121002-198871,SS,Tommy,Tommy Troy,Troy,,0,2000,ARI@SD,ARI,SD,,,,,,SS/UTIL
121002-198888,OF,Jacob,Jacob Melton,Melton,4.416128835370464,31,2000,HOU@LAA,HOU,LAA,,,,,,OF/UTIL
121002-198892,OF,Josue,Josue De Paula,De Paula,,0,2000,LAD@SEA,LAD,SEA,,,,,,OF/UTIL
121002-198897,3B,Brock,Brock Wilken,Wilken,,0,2000,CIN@MIL,MIL,CIN,,,,,,3B/UTIL
121002-198918,C,Ethan,Ethan Salas,Salas,,0,2000,ARI@SD,SD,ARI,O,Back,,,,C/1B/UTIL
121002-198931,SS,Felnin,Felnin Celesten,Celesten,,0,2000,LAD@SEA,SEA,LAD,,,,,,SS/UTIL
121002-198933,SS,Sebastian,Sebastian Walcott,Walcott,,0,2000,TEX@CLE,TEX,CLE,,,,,,SS/UTIL
121002-82251,OF,Tim,Tim Locastro,Locastro,0,1,2000,ARI@SD,SD,ARI,,,,,,OF/UTIL
121002-135529,OF,Jake,Jake Vogel,Vogel,,0,2000,LAD@SEA,LAD,SEA,,,,,,OF/UTIL
121002-170350,OF,Dairon,Dairon Blanco,Blanco,3.7666668362087674,9,2000,KC@ATH,KC,ATH,,,,,,OF/UTIL
121002-180644,2B,Nate,Nate Mondou,Mondou,0,1,2000,ARI@SD,SD,ARI,,,,,,2B/UTIL
121002-180694,OF,Cade,Cade Marlowe,Marlowe,1.355555534362793,9,2000,LAD@SEA,SEA,LAD,,,,,,OF/UTIL
121002-84471,OF,Nick,Nick Martini,Martini,3.631818251176314,44,2000,KC@ATH,ATH,KC,,,,,,OF/UTIL
121002-96765,C,Joe,Joe Hudson,Hudson,0,1,2000,HOU@LAA,HOU,LAA,,,,,,C/1B/UTIL
121002-119308,SS,Adam,Adam Hall,Hall,,0,2000,CIN@MIL,MIL,CIN,,,,,,SS/UTIL
121002-119313,OF,Matthew,Matthew Lugo,Lugo,5.1387097758631555,31,2000,HOU@LAA,LAA,HOU,,,,,,OF/UTIL
121002-119325,2B/OF,Tyler,Tyler Callihan,Callihan,1.625,4,2000,CIN@MIL,CIN,MIL,IL,Wrist,,,,2B/OF/UTIL
121002-119327,SS,Ivan,Ivan Johnson,Johnson,,0,2000,CIN@MIL,CIN,MIL,,,,,,SS/UTIL
121002-119326,3B/OF,Rece,Rece Hinds,Hinds,4.579999796549479,15,2000,CIN@MIL,CIN,MIL,,,,,,3B/OF/UTIL
121002-207395,C,Eric,Eric Yang,Yang,0,1,2000,CIN@MIL,CIN,MIL,,,,,,C/1B/UTIL
121002-119332,SS,Yordys,Yordys Valdes,Valdes,,0,2000,TEX@CLE,CLE,TEX,,,,,,SS/UTIL
121002-16946,1B,Jon,Jon Singleton,Singleton,1,3,2000,HOU@LAA,HOU,LAA,,,,,,C/1B/UTIL
121002-16951,3B,Anthony,Anthony Rendon,Rendon,7.038596705386513,57,2000,HOU@LAA,LAA,HOU,IL,Hip,,,,3B/UTIL
121002-119353,3B,Kody,Kody Hoese,Hoese,,0,2000,LAD@SEA,LAD,SEA,,,,,,3B/UTIL
121002-119354,SS/2B/OF,Kyren,Kyren Paris,Paris,7.443181818181818,44,2000,HOU@LAA,LAA,HOU,,,,,,2B/SS/OF/UTIL
121002-156226,OF,Pedro,Pedro Leon,Leon,3.4571429661342075,7,2000,HOU@LAA,HOU,LAA,IL,Knee,,,,OF/UTIL
121002-119360,OF,Pablo,Pablo Abreu,Abreu,,0,2000,CIN@MIL,MIL,CIN,,,,,,OF/UTIL
121002-119362,SS,Eduardo,Eduardo Garcia,Garcia,,0,2000,CIN@MIL,MIL,CIN,,,,,,SS/UTIL
121002-119393,SS,Robert,Robert Puason,Puason,,0,2000,KC@ATH,ATH,KC,,,,,,SS/UTIL
121002-82530,1B/OF,Pavin,Pavin Smith,Smith,7.657471405,87,2000,ARI@SD,ARI,SD,IL,Quadriceps,,,,C/1B/OF/UTIL
121002-119402,C,Rodolfo,Rodolfo Duran,Duran,,0,2000,ARI@SD,SD,ARI,,,,,,C/1B/UTIL
121002-119407,OF,Sammy,Sammy Siani,Siani,,0,2000,PIT@ATL,PIT,ATL,,,,,,OF/UTIL
121002-119421,3B,Malcom,Malcom Nunez,Nunez,,0,2000,PIT@ATL,PIT,ATL,IL,Undisclosed,,,,3B/UTIL
121002-82558,OF,Conner,Conner Capel,Capel,2.171428544180734,7,2000,PIT@ATL,ATL,PIT,,,,,,OF/UTIL
121002-119424,C,Julio E.,Julio E. Rodriguez,Rodriguez,,0,2000,KC@ATH,KC,ATH,,,,,,C/1B/UTIL
121002-119428,2B/3B,Will,Will Wilson,Wilson,3.6000000448787914,34,2000,TEX@CLE,CLE,TEX,,,,,,2B/3B/UTIL
121002-82567,1B/OF,Ryan,Ryan Vilade,Vilade,1.524999976158142,8,2000,CIN@MIL,CIN,MIL,,,,,,C/1B/OF/UTIL
121002-119432,SS,Greg,Greg Jones,Jones,2,3,2000,HOU@LAA,HOU,LAA,,,,,,SS/UTIL
121002-119434,OF,Moises,Moises Gomez,Gomez,,0,2000,ARI@SD,SD,ARI,,,,,,OF/UTIL
121002-164498,2B,Ryan,Ryan Bliss,Bliss,6.427272449840199,11,2000,LAD@SEA,SEA,LAD,IL,Knee,,,,2B/UTIL
121002-119440,3B/2B,Davis,Davis Wendzel,Wendzel,1.8714286259242467,28,2000,CIN@MIL,CIN,MIL,,,,,,2B/3B/UTIL
121002-164499,3B,A.J.,A.J. Vukovich,Vukovich,,0,2000,ARI@SD,ARI,SD,,,,,,3B/UTIL
121002-164501,SS,Cal,Cal Conley,Conley,,0,2000,PIT@ATL,ATL,PIT,,,,,,SS/UTIL
121002-203417,C,Nick,Nick Raposo,Raposo,,0,2000,LAD@SEA,SEA,LAD,,,,,,C/1B/UTIL
121002-82586,OF,MJ,MJ Melendez,Melendez,2.8043478260869565,23,2000,KC@ATH,KC,ATH,,,,,,OF/UTIL
121002-82589,OF/1B,Nick,Nick Pratto,Pratto,0,2,2000,KC@ATH,KC,ATH,,,,,,C/1B/OF/UTIL
121002-164508,OF,Jesse,Jesse Franklin,Franklin,,0,2000,PIT@ATL,ATL,PIT,,,,,,OF/UTIL
121002-21161,2B,Yolmer,Yolmer Sanchez,Sanchez,,0,2000,HOU@LAA,LAA,HOU,,,,,,2B/UTIL
121002-21172,1B/2B/3B,Brandon,Brandon Drury,Drury,4.805154702,97,2000,HOU@LAA,LAA,HOU,,,,,,C/1B/2B/3B/UTIL
121002-82616,2B/3B/SS,Luis,Luis Guillorme,Guillorme,1.5333333015441895,12,2000,HOU@LAA,HOU,LAA,,,,,,2B/3B/SS/UTIL
121002-82620,2B,Nick,Nick Solak,Solak,0.75,4,2000,PIT@ATL,PIT,ATL,,,,,,2B/UTIL
121002-82624,C,Sean,Sean Murphy,Murphy,8.003191359499668,94,2000,PIT@ATL,ATL,PIT,IL,Hip,,,,C/1B/UTIL
121002-82637,1B,Evan,Evan White,White,0,2,2000,HOU@LAA,LAA,HOU,IL,Hip,,,,C/1B/UTIL
121002-103125,2B/SS/OF,Jack,Jack Lopez,Lopez,3.8551725190261315,29,2000,LAD@SEA,SEA,LAD,,,,,,2B/SS/OF/UTIL
121002-82659,3B,Carter,Carter Kieboom,Kieboom,3,1,2000,HOU@LAA,LAA,HOU,,,,,,3B/UTIL
121002-232173,OF,Justin,Justin Dean,Dean,0.3333333333333333,18,2000,LAD@SEA,LAD,SEA,,,,,,OF/UTIL
121002-226041,OF/1B,Matt,Matt Gorski,Gorski,4.760000102,15,2000,LAD@SEA,LAD,SEA,IL,Hand,,,,C/1B/OF/UTIL
121002-70435,OF,Ben,Ben Gamel,Gamel,5.779487022986779,39,2000,HOU@LAA,LAA,HOU,,,,,,OF/UTIL
121002-176937,C,Chuckie,Chuckie Robinson,Robinson,3.200000047683716,1,2000,PIT@ATL,ATL,PIT,,,,,,C/1B/UTIL
121002-211774,1B/OF,Billy,Billy Cook,Cook,3.066666603088379,3,2000,PIT@ATL,PIT,ATL,IL,Hand,,,,C/1B/OF/UTIL
121002-119627,OF,Erick,Erick Pena,Pena,,0,2000,KC@ATH,KC,ATH,,,,,,OF/UTIL
121002-119626,OF,Hudson,Hudson Head,Head,,0,2000,PIT@ATL,PIT,ATL,,,,,,OF/UTIL
121002-119632,OF,Hedbert,Hedbert Perez,Perez,,0,2000,CIN@MIL,MIL,CIN,,,,,,OF/UTIL
121002-119636,SS,Alexander,Alexander Vargas,Vargas,,0,2000,CIN@MIL,CIN,MIL,,,,,,SS/UTIL
121002-174963,SS,Charles,Charles Leblanc,Leblanc,8.290908813476562,11,2000,PIT@ATL,ATL,PIT,,,,,,SS/UTIL
121002-203639,3B/1B,CJ,CJ Alexander,Alexander,1.5,6,2000,LAD@SEA,LAD,SEA,,,,,,C/1B/3B/UTIL
121002-209786,1B,Niko,Niko Kavadas,Kavadas,1.5,10,2000,HOU@LAA,LAA,HOU,,,,,,C/1B/UTIL
121002-203641,SS,Levi,Levi Jordan,Jordan,1.8142856870378767,7,2000,CIN@MIL,CIN,MIL,,,,,,SS/UTIL
121002-170879,C,Chris,Chris Okey,Okey,0,2,2000,LAD@SEA,LAD,SEA,,,,,,C/1B/UTIL
121002-183187,1B/3B,Christian,Christian Encarnacion-Strand,Encarnacion-Strand,7.502777947319879,36,2000,CIN@MIL,CIN,MIL,,,,,,C/1B/3B/UTIL
121002-68537,2B/3B/SS/OF,Tyler,Tyler Wade,Wade,3.468333435058594,60,2000,ARI@SD,SD,ARI,,,,,,2B/3B/SS/OF/UTIL
121002-13253,C,Martin,Martin Maldonado,Maldonado,3.831249952316284,64,2000,ARI@SD,SD,ARI,,,,,,C/1B/UTIL
121002-68582,2B,Brendan,Brendan Rodgers,Rodgers,4.858139392941497,43,2000,HOU@LAA,HOU,LAA,IL,Back,,,,2B/UTIL
121002-68587,2B,Ozzie,Ozzie Albies,Albies,9.024204132663217,157,2000,PIT@ATL,ATL,PIT,IL,Hand,,,,2B/UTIL
121002-97291,2B,Harold,Harold Castro,Castro,,0,2000,KC@ATH,KC,ATH,,,,,,2B/UTIL
121002-171037,C,Jason,Jason Delay,Delay,6.400000095367432,8,2000,PIT@ATL,ATL,PIT,,,,,,C/1B/UTIL
121002-212070,OF,Gustavo,Gustavo Campero,Campero,5.885714394705636,28,2000,HOU@LAA,LAA,HOU,IL,Ankle,,,,OF/UTIL
121002-83051,2B/3B,David,David Bote,Bote,2.4051282833784056,39,2000,LAD@SEA,LAD,SEA,,,,,,2B/3B/UTIL
121002-197753,OF,Johnathan,Johnathan Rodriguez,Rodriguez,3.6333333333333333,30,2000,TEX@CLE,CLE,TEX,,,,,,OF/UTIL
121002-197761,C,Jair,Jair Camargo,Camargo,1.0333333015441895,6,2000,PIT@ATL,ATL,PIT,IL,Undisclosed,,,,C/1B/UTIL
121002-197764,C,Blake,Blake Hunt,Hunt,0,1,2000,LAD@SEA,SEA,LAD,,,,,,C/1B/UTIL
121002-21705,2B,Marcus,Marcus Semien,Semien,9.156693105622539,127,2000,TEX@CLE,TEX,CLE,IL,Foot,,,,2B/UTIL
121002-195795,C,Chandler,Chandler Seagle,Seagle,,0,2000,PIT@ATL,ATL,PIT,,,,,,C/1B/UTIL
121002-79074,3B,Austin,Austin Riley,Riley,9.782352821499694,102,2000,PIT@ATL,ATL,PIT,IL,Abdomen,,,,3B/UTIL
121002-83174,3B,Sergio,Sergio Alcantara,Alcantara,0,1,2000,ARI@SD,ARI,SD,,,,,,3B/UTIL
121002-146671,OF,Austin,Austin Hendrick,Hendrick,,0,2000,CIN@MIL,CIN,MIL,,,,,,OF/UTIL
121002-197874,2B/3B,Oliver,Oliver Dunn,Dunn,4.985714503696987,14,2000,CIN@MIL,MIL,CIN,,,,,,2B/3B/UTIL
121002-83191,C,Austin,Austin Wynns,Wynns,7.4525001525878904,40,2000,KC@ATH,ATH,KC,IL,Abdomen,,,,C/1B/UTIL
121002-197883,OF,Kenedy,Kenedy Corona,Corona,2,3,2000,HOU@LAA,HOU,LAA,,,,,,OF/UTIL
121002-146686,OF,Colin,Colin Barber,Barber,,0,2000,HOU@LAA,HOU,LAA,,,,,,OF/UTIL
121002-85249,1B/3B/OF,Bobby,Bobby Dalbec,Dalbec,4.842857360839844,7,2000,KC@ATH,KC,ATH,,,,,,C/1B/3B/OF/UTIL
121002-146694,SS,Arol,Arol Vera,Vera,,0,2000,HOU@LAA,LAA,HOU,,,,,,SS/UTIL
121002-197895,OF,Tyler,Tyler Gentry,Gentry,0,4,2000,KC@ATH,KC,ATH,,,,,,OF/UTIL
121002-79108,3B,Nick,Nick Senzel,Senzel,6.351351351351352,74,2000,LAD@SEA,LAD,SEA,,,,,,3B/UTIL
121002-146692,OF,David,David Calabrese,Calabrese,,0,2000,HOU@LAA,LAA,HOU,,,,,,OF/UTIL
121002-146693,OF,Alexander,Alexander Ramirez,Ramirez,,0,2000,HOU@LAA,LAA,HOU,,,,,,OF/UTIL
121002-146697,OF,Garrett,Garrett Mitchell,Mitchell,5.652000122070312,25,2000,CIN@MIL,MIL,CIN,IL,Shoulder,,,,OF/UTIL
121002-146700,SS,Freddy,Freddy Zamora,Zamora,,0,2000,CIN@MIL,MIL,CIN,,,,,,SS/UTIL
121002-146715,C/1B,Endy,Endy Rodriguez,Rodriguez,4.277777777777778,18,2000,PIT@ATL,PIT,ATL,IL,Elbow,,,,C/1B/UTIL
121002-85274,OF,DJ,DJ Stewart,Stewart,4.864473844829359,76,2000,PIT@ATL,PIT,ATL,,,,,,OF/UTIL
121002-197912,OF,Jacob,Jacob Hurtubise,Hurtubise,1.8000000317891438,12,2000,HOU@LAA,HOU,LAA,,,,,,OF/UTIL
121002-85277,2B/OF/1B/3B,Cavan,Cavan Biggio,Biggio,3.573684290835732,38,2000,HOU@LAA,LAA,HOU,,,,,,C/1B/2B/3B/OF/UTIL
121002-146718,SS,Casey,Casey Martin,Martin,,0,2000,CIN@MIL,MIL,CIN,,,,,,SS/UTIL
121002-146719,OF,Junior,Junior Perez,Perez,,0,2000,KC@ATH,ATH,KC,,,,,,OF/UTIL
121002-197918,SS,Tsung-Che,Tsung-Che Cheng,Cheng,0,3,2000,PIT@ATL,PIT,ATL,,,,,,SS/UTIL
121002-185632,C/1B/OF,David,David Fry,Fry,4.9954547304095644,66,2000,TEX@CLE,CLE,TEX,IL,Face,,,,C/1B/OF/UTIL
121002-146726,OF,Josh,Josh Mears,Mears,,0,2000,ARI@SD,SD,ARI,,,,,,OF/UTIL
121002-146731,SS/2B,Alika,Alika Williams,Williams,4.191892056851773,37,2000,PIT@ATL,PIT,ATL,,,,,,2B/SS/UTIL
121002-146738,2B,Justin,Justin Foscue,Foscue,3.25,4,2000,TEX@CLE,TEX,CLE,,,,,,2B/UTIL
121002-79156,SS/2B,David,David Fletcher,Fletcher,2.1666666666666665,6,2000,PIT@ATL,ATL,PIT,,,,,,2B/SS/UTIL
121002-79174,C,Jacob,Jacob Nottingham,Nottingham,,0,2000,LAD@SEA,SEA,LAD,,,,,,C/1B/UTIL
121002-85320,C,Michael,Michael Perez,Perez,0,1,2000,ARI@SD,ARI,SD,,,,,,C/1B/UTIL
121002-79178,2B,Isan,Isan Diaz,Diaz,,0,2000,KC@ATH,KC,ATH,,,,,,2B/UTIL
121002-79189,2B,Travis,Travis Blankenhorn,Blankenhorn,2.9928572518484935,14,2000,HOU@LAA,LAA,HOU,,,,,,2B/UTIL
121002-79204,SS,Richie,Richie Martin,Martin,,0,2000,TEX@CLE,TEX,CLE,,,,,,SS/UTIL
121002-79213,SS/2B,Scott,Scott Kingery,Kingery,1.9263157091642682,19,2000,HOU@LAA,LAA,HOU,,,,,,2B/SS/UTIL
121002-228716,SS,Chad,Chad Stevens,Stevens,1.8399999618530274,5,2000,HOU@LAA,LAA,HOU,,,,,,SS/UTIL
121002-226686,OF,Rhylan,Rhylan Thomas,Thomas,7.466666539510091,3,2000,LAD@SEA,SEA,LAD,,,,,,OF/UTIL
121002-38276,OF,Albert,Albert Almora,Almora,0,2,2000,ARI@SD,ARI,SD,,,,,,OF/UTIL
121002-181642,2B/OF/1B,Enmanuel,Enmanuel Valdez,Valdez,6.335483674080141,31,2000,PIT@ATL,PIT,ATL,IL,Shoulder,,,,C/1B/2B/OF/UTIL
121002-79240,C,Aramis,Aramis Garcia,Garcia,0,2,2000,ARI@SD,ARI,SD,,,,,,C/1B/UTIL
121002-38293,OF,Tyler,Tyler Naquin,Naquin,,0,2000,TEX@CLE,CLE,TEX,,,,,,OF/UTIL
121002-193947,SS,Mason,Mason McCoy,McCoy,3.09375,16,2000,ARI@SD,SD,ARI,,,,,,SS/UTIL
121002-79263,OF,Leody,Leody Taveras,Taveras,5.622413898336476,58,2000,LAD@SEA,SEA,LAD,,,,,,OF/UTIL
121002-79272,OF,Lourdes,Lourdes Gurriel Jr.,Gurriel Jr.,9.646511817163276,129,2000,ARI@SD,ARI,SD,IL,Knee,,,,OF/UTIL
121002-101821,1B,Edwin,Edwin Rios,Rios,1.8399999618530274,5,2000,CIN@MIL,CIN,MIL,,,,,,C/1B/UTIL
121002-101844,OF,Lane,Lane Thomas,Thomas,6.1923076923076925,39,2000,TEX@CLE,CLE,TEX,IL,Foot,,,,OF/UTIL
121002-155109,2B,Alejo,Alejo Lopez,Lopez,0,2,2000,KC@ATH,ATH,KC,,,,,,2B/UTIL
121002-38412,SS,Corey,Corey Seager,Seager,11.07058775658701,102,2000,TEX@CLE,TEX,CLE,IL,Abdomen,,,,SS/UTIL
121002-202259,1B/OF,Trenton,Trenton Brooks,Brooks,2.48,25,2000,ARI@SD,SD,ARI,,,,,,C/1B/OF/UTIL
121002-101910,1B/OF,Connor,Connor Joe,Joe,2.557142893473307,42,2000,CIN@MIL,CIN,MIL,,,,,,C/1B/OF/UTIL
121002-181790,OF,Diego,Diego Hernandez,Hernandez,,0,2000,KC@ATH,KC,ATH,,,,,,OF/UTIL
121002-95772,C,Beau,Beau Taylor,Taylor,,0,2000,LAD@SEA,SEA,LAD,,,,,,C/1B/UTIL
121002-71217,C,Omar,Omar Narvaez,Narvaez,6.425000190734863,4,2000,TEX@CLE,TEX,CLE,,,,,,C/1B/UTIL
121002-228914,1B,Tristin,Tristin English,English,2.2142857142857144,7,2000,ARI@SD,ARI,SD,,,,,,C/1B/UTIL
121002-181818,2B,Juan,Juan Brito,Brito,0,3,2000,TEX@CLE,CLE,TEX,IL,Hamstring,,,,2B/UTIL
121002-222781,3B,Cam,Cam Collier,Collier,,0,2000,CIN@MIL,CIN,MIL,,,,,,3B/UTIL
121002-222791,OF,Zyhir,Zyhir Hope,Hope,,0,2000,LAD@SEA,LAD,SEA,,,,,,OF/UTIL
121002-222799,C,Cooper,Cooper Ingle,Ingle,,0,2000,TEX@CLE,CLE,TEX,,,,,,C/1B/UTIL
121002-222797,2B,Travis,Travis Bazzana,Bazzana,,0,2000,TEX@CLE,CLE,TEX,IL,Oblique,,,,2B/UTIL
121002-222796,SS,Angel,Angel Genao,Genao,,0,2000,TEX@CLE,CLE,TEX,,,,,,SS/UTIL
121002-222803,2B,Demetrio,Demetrio Crisantes,Crisantes,,0,2000,ARI@SD,ARI,SD,IL,Shoulder,,,,2B/UTIL
121002-222802,OF,Ryan,Ryan Waldschmidt,Waldschmidt,,0,2000,ARI@SD,ARI,SD,,,,,,OF/UTIL
121002-222801,OF,Jaison,Jaison Chourio,Chourio,,0,2000,TEX@CLE,CLE,TEX,,,,,,OF/UTIL
121002-222800,1B,Ralphy,Ralphy Velazquez,Velazquez,,0,2000,TEX@CLE,CLE,TEX,,,,,,C/1B/UTIL
121002-222805,C,Blake,Blake Mitchell,Mitchell,,0,2000,KC@ATH,KC,ATH,,,,,,C/1B/UTIL
121002-222804,OF,Slade,Slade Caldwell,Caldwell,,0,2000,ARI@SD,ARI,SD,,,,,,OF/UTIL
121002-222815,3B,Mike,Mike Boeve,Boeve,,0,2000,CIN@MIL,MIL,CIN,,,,,,3B/UTIL
121002-222818,SS,Leo,Leo De Vries,De Vries,,0,2000,KC@ATH,ATH,KC,,,,,,SS/UTIL
121002-222817,SS,Jesus,Jesus Made,Made,,0,2000,CIN@MIL,MIL,CIN,,,,,,SS/UTIL
121002-222816,SS,Cooper,Cooper Pratt,Pratt,,0,2000,CIN@MIL,MIL,CIN,,,,,,SS/UTIL
121002-226912,OF,John,John Rave,Rave,4.908571515764509,70,2000,KC@ATH,KC,ATH,,,,,,OF/UTIL
121002-222823,SS,Konnor,Konnor Griffin,Griffin,,0,2000,PIT@ATL,PIT,ATL,,,,,,SS/UTIL
121002-222824,2B,Termarr,Termarr Johnson,Johnson,,0,2000,PIT@ATL,PIT,ATL,,,,,,2B/UTIL
121002-222839,SS,Colt,Colt Emerson,Emerson,,0,2000,LAD@SEA,SEA,LAD,,,,,,SS/UTIL
121002-222842,2B,Michael,Michael Arroyo,Arroyo,,0,2000,LAD@SEA,SEA,LAD,,,,,,2B/UTIL
121002-222841,OF,Lazaro,Lazaro Montes,Montes,,0,2000,LAD@SEA,SEA,LAD,,,,,,OF/UTIL
121002-222840,OF,Jonny,Jonny Farmelo,Farmelo,,0,2000,LAD@SEA,SEA,LAD,,,,,,OF/UTIL
121002-222845,SS/2B,Brice,Brice Matthews,Matthews,8.636363636363637,11,2000,HOU@LAA,HOU,LAA,,,,,,2B/SS/UTIL
121002-165510,OF,Jay,Jay Allen,Allen,,0,2000,CIN@MIL,CIN,MIL,,,,,,OF/UTIL
121002-165511,C,Mat,Mat Nelson,Nelson,,0,2000,CIN@MIL,CIN,MIL,,,,,,C/1B/UTIL
121002-165515,OF,Malvin,Malvin Valdez,Valdez,,0,2000,CIN@MIL,CIN,MIL,,,,,,OF/UTIL
121002-165517,OF,Ariel,Ariel Almonte,Almonte,,0,2000,CIN@MIL,CIN,MIL,,,,,,OF/UTIL
121002-220839,2B,Cooper,Cooper Bowman,Bowman,,0,2000,KC@ATH,ATH,KC,,,,,,2B/UTIL
121002-165550,2B/3B/SS,Ryan,Ryan Kreidler,Kreidler,3.0588235294117645,17,2000,PIT@ATL,PIT,ATL,,,,,,2B/3B/SS/UTIL
121002-220848,SS,Christian,Christian Cairo,Cairo,,0,2000,TEX@CLE,CLE,TEX,,,,,,SS/UTIL
121002-163510,SS/2B,Diego A.,Diego A. Castillo,Castillo,7.900000095367432,4,2000,KC@ATH,KC,ATH,,,,,,2B/SS/UTIL
121002-165558,OF,Tyler,Tyler Whitaker,Whitaker,,0,2000,HOU@LAA,HOU,LAA,,,,,,OF/UTIL
121002-165563,SS,Cristian,Cristian Gonzalez,Gonzalez,,0,2000,HOU@LAA,HOU,LAA,,,,,,SS/UTIL
121002-165567,3B/2B/OF,Shay,Shay Whitcomb,Whitcomb,1.8649999618530273,20,2000,HOU@LAA,HOU,LAA,,,,,,2B/3B/OF/UTIL
121002-165565,2B,Peyton,Peyton Wilson,Wilson,,0,2000,KC@ATH,KC,ATH,,,,,,2B/UTIL
121002-165574,SS,Daniel,Daniel Vazquez,Vazquez,,0,2000,KC@ATH,KC,ATH,,,,,,SS/UTIL
121002-165576,SS,Adrian,Adrian Placencia,Placencia,,0,2000,HOU@LAA,LAA,HOU,,,,,,SS/UTIL
121002-163533,C,Jose,Jose Herrera,Herrera,5.650000210466056,58,2000,ARI@SD,ARI,SD,,,,,,C/1B/UTIL
121002-188114,SS,Connor,Connor Kaiser,Kaiser,2.466666751437717,9,2000,ARI@SD,ARI,SD,,,,,,SS/UTIL
121002-165590,SS,Wilman,Wilman Diaz,Diaz,,0,2000,LAD@SEA,LAD,SEA,,,,,,SS/UTIL
121002-165593,OF,Jose,Jose Ramos,Ramos,0,2,2000,LAD@SEA,LAD,SEA,,,,,,OF/UTIL
121002-165598,C,Jesus,Jesus Galiz,Galiz,,0,2000,LAD@SEA,LAD,SEA,IL,Undisclosed,,,,C/1B/UTIL
121002-165597,SS,Kahlil,Kahlil Watson,Watson,,0,2000,TEX@CLE,CLE,TEX,,,,,,SS/UTIL
121002-116450,OF,Seth,Seth Brown,Brown,3.149999919690584,38,2000,ARI@SD,ARI,SD,,,,,,OF/UTIL
121002-165604,C,Jeferson,Jeferson Quero,Quero,,0,2000,CIN@MIL,MIL,CIN,,,,,,C/1B/UTIL
121002-165610,3B,Zavier,Zavier Warren,Warren,,0,2000,CIN@MIL,MIL,CIN,,,,,,3B/UTIL
121002-165619,SS,Noah,Noah Miller,Miller,,0,2000,LAD@SEA,LAD,SEA,,,,,,SS/UTIL
121002-165622,SS,Jheremy,Jheremy Vargas,Vargas,,0,2000,CIN@MIL,MIL,CIN,,,,,,SS/UTIL
121002-202502,OF,Blake,Blake Dunn,Dunn,4.983333333333333,30,2000,CIN@MIL,CIN,MIL,,,,,,OF/UTIL
121002-165643,2B,Zack,Zack Gelof,Gelof,5.496666463216146,30,2000,KC@ATH,ATH,KC,IL,Shoulder,,,,2B/UTIL
121002-165644,OF,Pedro,Pedro Pineda,Pineda,,0,2000,KC@ATH,ATH,KC,,,,,,OF/UTIL
121002-165652,OF,Yhoswar,Yhoswar Garcia,Garcia,,0,2000,CIN@MIL,MIL,CIN,,,,,,OF/UTIL
121002-165658,SS,Maikol,Maikol Escotto,Escotto,,0,2000,PIT@ATL,PIT,ATL,,,,,,SS/UTIL
121002-165656,OF,Lonnie,Lonnie White,White,,0,2000,PIT@ATL,PIT,ATL,,,,,,OF/UTIL
121002-165662,SS,Euribiel,Euribiel Angeles,Angeles,,0,2000,KC@ATH,ATH,KC,,,,,,SS/UTIL
121002-165663,SS,Victor,Victor Acosta,Acosta,,0,2000,CIN@MIL,CIN,MIL,,,,,,SS/UTIL
121002-165675,SS,Edwin,Edwin Arroyo,Arroyo,,0,2000,CIN@MIL,CIN,MIL,,,,,,SS/UTIL
121002-165679,3B,Milkar,Milkar Perez,Perez,,0,2000,LAD@SEA,SEA,LAD,,,,,,3B/UTIL
121002-165681,3B,Starlin,Starlin Aguilar,Aguilar,,0,2000,LAD@SEA,SEA,LAD,,,,,,3B/UTIL
121002-110404,3B,Mike,Mike Brosseau,Brosseau,0,1,2000,ARI@SD,SD,ARI,,,,,,3B/UTIL
121002-165710,OF,Evan,Evan Carter,Carter,9.153968447730655,63,2000,TEX@CLE,TEX,CLE,IL,Wrist,,,,OF/UTIL
121002-165711,SS,Cam,Cam Cauley,Cauley,,0,2000,TEX@CLE,TEX,CLE,,,,,,SS/UTIL
121002-165708,2B,Trevor,Trevor Hauver,Hauver,,0,2000,TEX@CLE,TEX,CLE,,,,,,2B/UTIL
121002-163661,3B/2B,Eguy,Eguy Rosario,Rosario,4.193548387096774,31,2000,ARI@SD,SD,ARI,,,,,,2B/3B/UTIL
121002-165709,OF,Yeison,Yeison Morrobel,Morrobel,,0,2000,TEX@CLE,TEX,CLE,,,,,,OF/UTIL
121002-165712,3B/OF,Dustin,Dustin Harris,Harris,4.2105263157894735,19,2000,TEX@CLE,TEX,CLE,IL,Wrist,,,,3B/OF/UTIL
121002-165713,OF,Aaron,Aaron Zavala,Zavala,,0,2000,TEX@CLE,TEX,CLE,,,,,,OF/UTIL
121002-165718,2B/OF,Samad,Samad Taylor,Taylor,1.5499999523162842,4,2000,LAD@SEA,SEA,LAD,,,,,,2B/OF/UTIL
121002-163669,C,Bryan,Bryan Lavastida,Lavastida,,0,2000,KC@ATH,ATH,KC,,,,,,C/1B/UTIL
121002-163694,SS,Eddys,Eddys Leonard,Leonard,0,1,2000,PIT@ATL,ATL,PIT,,,,,,SS/UTIL
121002-180095,OF,Will,Will Brennan,Brennan,1.5,6,2000,TEX@CLE,CLE,TEX,IL,Abdomen,,,,OF/UTIL
121002-198526,OF,Wyatt,Wyatt Langford,Langford,10.862686384969683,134,2000,TEX@CLE,TEX,CLE,IL,Oblique,,,,OF/UTIL
121002-102285,OF,Cristian,Cristian Pache,Pache,3.2876405180170294,89,2000,ARI@SD,ARI,SD,,,,,,OF/UTIL
121002-102288,OF,Drew,Drew Waters,Waters,5.280555725097656,72,2000,KC@ATH,KC,ATH,,,,,,OF/UTIL
121002-171923,1B,Darick,Darick Hall,Hall,0,2,2000,PIT@ATL,PIT,ATL,,,,,,C/1B/UTIL
121002-182170,OF,Oscar,Oscar Colas,Colas,4.228571483067104,14,2000,HOU@LAA,LAA,HOU,,,,,,OF/UTIL
121002-79776,C,Dom,Dom Nunez,Nunez,6.199999809265137,2,2000,TEX@CLE,CLE,TEX,,,,,,C/1B/UTIL
121002-202657,1B,Tyler,Tyler Locklear,Locklear,6.2645160305884575,31,2000,ARI@SD,ARI,SD,IL,Elbow,,,,C/1B/UTIL
121002-163772,C,Brett,Brett Sullivan,Sullivan,6.400000254313151,3,2000,PIT@ATL,PIT,ATL,,,,,,C/1B/UTIL
121002-81869,C,Chad,Chad Wallach,Wallach,0,1,2000,HOU@LAA,LAA,HOU,,,,,,C/1B/UTIL
121002-171986,3B,Matthew,Matthew Batten,Batten,4.5,2,2000,PIT@ATL,ATL,PIT,,,,,,3B/UTIL
121002-102359,C,Will,Will Banfield,Banfield,0.42857142857142855,7,2000,CIN@MIL,CIN,MIL,,,,,,C/1B/UTIL
121002-102360,OF,Connor,Connor Scott,Scott,,0,2000,KC@ATH,KC,ATH,IL,Undisclosed,,,,OF/UTIL
121002-102384,SS,Jeremy,Jeremy Eierman,Eierman,,0,2000,KC@ATH,ATH,KC,,,,,,SS/UTIL
121002-180208,2B/3B/SS/OF,Miles,Miles Mastrobuoni,Mastrobuoni,4.293333333333333,75,2000,LAD@SEA,SEA,LAD,,,,,,2B/3B/SS/OF/UTIL
121002-102391,OF,Tirso,Tirso Ornelas,Ornelas,1.7857142857142858,7,2000,ARI@SD,SD,ARI,,,,,,OF/UTIL
121002-102392,OF,Esteury,Esteury Ruiz,Ruiz,3.3894737645199426,19,2000,LAD@SEA,LAD,SEA,,,,,,OF/UTIL
121002-102398,OF,Jarred,Jarred Kelenic,Kelenic,4.100000063578288,24,2000,PIT@ATL,ATL,PIT,,,,,,OF/UTIL
