Id,Position,First Name,Nickname,Last Name,FPPG,Played,Salary,Game,Team,Opponent,Injury Indicator,Injury Details,Tier,Probable Pitcher,Batting Order,Roster Position
120777-12477,P,Chris,Chris Sale,Sale,41,19,10800,WSH@ATL,ATL,WSH,,,,Yes,,P
120777-83190,P,Freddy,Freddy Peralta,Peralta,35.41935483870968,31,10300,MIL@SD,MIL,SD,,,,Yes,,P
120777-79091,P,Dylan,Dylan Cease,Cease,30.258064516129032,31,10200,MIL@SD,SD,MIL,,,,,,P
120777-80582,P,Brandon,Brandon Woodruff,Woodruff,36.666666666666664,12,10000,MIL@SD,MIL,SD,IL,Lat,,,,P
120777-164503,P,Spencer,Spencer Schwellenbach,Schwellenbach,37.411764705882355,17,9600,WSH@ATL,ATL,WSH,IL,Elbow,,,,P
120777-101839,P,Logan,Logan Webb,Webb,36.71875,32,9500,STL@SF,SF,STL,,,,,,P
120777-79951,P,Nick,Nick Pivetta,Pivetta,35.63333333333333,30,9400,MIL@SD,SD,MIL,,,,Yes,,P
120777-198872,P,Hurston,Hurston Waldrep,Waldrep,32.44444444444444,9,9400,WSH@ATL,ATL,WSH,,,,,,P
120777-219653,P,Logan,Logan Henderson,Henderson,36.4,5,9300,MIL@SD,MIL,SD,IL,Elbow,,,,P
120777-162445,P,Spencer,Spencer Strider,Strider,29.136363636363637,22,9300,WSH@ATL,ATL,WSH,,,,,,P
120777-68491,P,Reynaldo,Reynaldo Lopez,Lopez,9,1,9200,WSH@ATL,ATL,WSH,IL,Shoulder,,,,P
120777-53029,P,Robbie,Robbie Ray,Ray,31.65625,32,9100,STL@SF,SF,STL,,,,,,P
120777-16931,P,Yu,Yu Darvish,Darvish,21.857142857142858,14,9000,MIL@SD,SD,MIL,,,,,,P
120777-17064,P,Sonny,Sonny Gray,Gray,31.93548387096774,31,9000,STL@SF,STL,SF,,,,,,P
120777-197981,P,Jacob,Jacob Misiorowski,Misiorowski,28,14,8800,MIL@SD,MIL,SD,,,,,,P
120777-117232,P,Michael,Michael King,King,27.5,14,8700,MIL@SD,SD,MIL,,,,,,P
120777-119409,P,Quinn,Quinn Priester,Priester,28.214285714285715,28,8600,MIL@SD,MIL,SD,,,,,,P
120777-164509,P,AJ,AJ Smith-Shawver,Smith-Shawver,25.333333333333332,9,8600,WSH@ATL,ATL,WSH,IL,Elbow,,,,P
120777-82635,P,MacKenzie,MacKenzie Gore,Gore,30.862068965517242,29,8600,WSH@ATL,WSH,ATL,,,,Yes,,P
120777-219663,P,Chad,Chad Patrick,Patrick,24.04,25,8500,MIL@SD,MIL,SD,,,,,,P
120777-199728,P,Landen,Landen Roupp,Roupp,25.545454545454547,22,8400,STL@SF,SF,STL,IL,Knee,,,,P
120777-79207,P,Grant,Grant Holmes,Holmes,28.227272727272727,22,8400,WSH@ATL,ATL,WSH,IL,Elbow,,,,P
120777-5202,P,Justin,Justin Verlander,Verlander,25.37037037037037,27,8200,STL@SF,SF,STL,,,,Yes,,P
120777-21099,P,Jose,Jose Quintana,Quintana,24.416666666666668,24,8100,MIL@SD,MIL,SD,IL,Calf,,,,P
120777-68523,P,Joe,Joe Musgrove,Musgrove,28.45,20,8000,MIL@SD,SD,MIL,IL,Elbow,,,,P
120777-232674,P,Andrew,Andrew Alvarez,Alvarez,23.5,4,7800,WSH@ATL,WSH,ATL,,,,,,P
120777-79079,P,Joey,Joey Wentz,Wentz,11.052631578947368,38,7800,WSH@ATL,ATL,WSH,,,,,,P
120777-165694,P,Michael,Michael McGreevy,McGreevy,24.466666666666665,15,7700,STL@SF,STL,SF,,,,Yes,,P
120777-146664,P,Bryce,Bryce Elder,Elder,24.185185185185187,27,7600,WSH@ATL,ATL,WSH,,,,,,P
120777-165731,P,Mitchell,Mitchell Parker,Parker,18.548387096774192,31,7600,WSH@ATL,WSH,ATL,,,,,,P
120777-102408,P,Matthew,Matthew Liberatore,Liberatore,24.137931034482758,29,7500,STL@SF,STL,SF,,,,,,P
120777-135221,P,Cade,Cade Cavalli,Cavalli,22.11111111111111,9,7500,WSH@ATL,WSH,ATL,,,,,,P
120777-118202,P,Kyle,Kyle Hart,Hart,10.352941176470589,17,7500,MIL@SD,SD,MIL,,,,,,P
120777-164532,P,DJ,DJ Herz,Herz,25.94736842105263,19,7500,WSH@ATL,WSH,ATL,IL,Elbow,,,,P
120777-225880,P,Nathan,Nathan Wiles,Wiles,-3,1,7300,WSH@ATL,ATL,WSH,,,,,,P
120777-202608,P,Carlos,Carlos Rodriguez,Rodriguez,8.666666666666666,3,7100,MIL@SD,MIL,SD,,,,,,P
120777-102572,P,Tobias,Tobias Myers,Myers,9.7,20,7000,MIL@SD,MIL,SD,,,,,,P
120777-17121,P,Miles,Miles Mikolas,Mikolas,19.4,30,7000,STL@SF,STL,SF,,,,,,P
120777-82775,P,Nestor,Nestor Cortes,Cortes,17.25,8,7000,MIL@SD,SD,MIL,IL,Biceps,,,,P
120777-79853,P,Jordan,Jordan Montgomery,Montgomery,17.16,25,7000,MIL@SD,MIL,SD,IL,Elbow,,,,P
120777-163685,P,JP,JP Sears,Sears,22.26923076923077,26,6900,MIL@SD,SD,MIL,,,,,,P
120777-170891,P,Davis,Davis Daniel,Daniel,13,3,6900,WSH@ATL,ATL,WSH,,,,,,P
120777-188485,P,Matt,Matt Waldron,Waldron,11,1,6800,MIL@SD,SD,MIL,,,,,,P
120777-79078,P,Ian,Ian Anderson,Anderson,2.2857142857142856,7,6800,WSH@ATL,ATL,WSH,,,,,,P
120777-197899,P,Kai-Wei,Kai-Wei Teng,Teng,19.375,8,6800,STL@SF,SF,STL,,,,,,P
120777-198938,P,Carson,Carson Whisenhunt,Whisenhunt,18.2,5,6800,STL@SF,SF,STL,IL,Back,,,,P
120777-168950,P,Andre,Andre Pallante,Pallante,19.7,30,6800,STL@SF,STL,SF,,,,,,P
120777-226810,P,Blade,Blade Tidwell,Tidwell,9,4,6700,STL@SF,SF,STL,IL,Shoulder,,,,P
120777-228058,P,Didier,Didier Fuentes,Fuentes,3.75,4,6700,WSH@ATL,ATL,WSH,IL,Undisclosed,,,,P
120777-165638,P,Randy,Randy Vasquez,Vasquez,19.076923076923077,26,6700,MIL@SD,SD,MIL,,,,,,P
120777-82537,P,DL,DL Hall,Hall,8.31578947368421,19,6600,MIL@SD,MIL,SD,IL,Oblique,,,,P
120777-68483,P,Trevor,Trevor Williams,Williams,17.294117647058822,17,6600,WSH@ATL,WSH,ATL,IL,Elbow,,,,P
120777-203678,P,Hayden,Hayden Birdsong,Birdsong,16.2,21,6600,STL@SF,SF,STL,,,,,,P
120777-102515,P,Aaron,Aaron Ashby,Ashby,9.475,40,6500,MIL@SD,MIL,SD,,,,,,P
120777-165665,P,Robert,Robert Gasser,Gasser,9,1,6500,MIL@SD,MIL,SD,,,,,,P
120777-190370,P,Jackson,Jackson Wolf,Wolf,0,1,6500,MIL@SD,SD,MIL,,,,,,P
120777-68564,P,Erick,Erick Fedde,Fedde,14.548387096774194,31,6300,MIL@SD,MIL,SD,,,,,,P
120777-6266,P,Carlos,Carlos Carrasco,Carrasco,13.363636363636363,11,6200,WSH@ATL,ATL,WSH,,,,,,P
120777-102684,P,Jake,Jake Irvin,Irvin,19.875,32,6200,WSH@ATL,WSH,ATL,,,,,,P
120777-181660,P,Jhony,Jhony Brito,Brito,6.3076923076923075,26,6200,MIL@SD,SD,MIL,IL,Forearm,,,,P
120777-181823,P,Keaton,Keaton Winn,Winn,6,7,6200,STL@SF,SF,STL,,,,,,P
120777-181833,P,Darius,Darius Vines,Vines,7.25,4,6200,WSH@ATL,ATL,WSH,IL,Undisclosed,,,,P
120777-119447,P,Joan,Joan Adon,Adon,3.25,8,6200,WSH@ATL,WSH,ATL,IL,Undisclosed,,,,P
120777-222885,P,Brad,Brad Lord,Lord,12,46,6200,WSH@ATL,WSH,ATL,,,,,,P
120777-82636,P,Joey,Joey Lucchesi,Lucchesi,4.4324324324324325,37,6200,STL@SF,SF,STL,,,,,,P
120777-165600,P,Jake,Jake Eder,Eder,8.75,8,6200,WSH@ATL,WSH,ATL,,,,,,P
120777-104584,P,Zach,Zach Plesac,Plesac,9.333333333333334,3,6100,STL@SF,STL,SF,,,,,,P
120777-79103,P,Dane,Dane Dunning,Dunning,7,12,6100,WSH@ATL,ATL,WSH,,,,,,P
120777-163692,P,Jose,Jose Butto,Butto,5.69811320754717,53,6100,STL@SF,SF,STL,,,,,,P
120777-102446,P,Tristan,Tristan Beck,Beck,6.777777777777778,27,6000,STL@SF,SF,STL,,,,,,P
120777-102502,P,Josiah,Josiah Gray,Gray,6.5,3,6000,WSH@ATL,WSH,ATL,IL,Elbow,,,,P
120777-219706,P,Carson,Carson Seymour,Seymour,7.6,15,6000,STL@SF,SF,STL,,,,,,P
120777-178306,P,Bryan,Bryan Hoeing,Hoeing,5.142857142857143,7,5900,MIL@SD,SD,MIL,,,,,,P
120777-222565,P,Shinnosuke,Shinnosuke Ogasawara,Ogasawara,5.25,20,5900,WSH@ATL,WSH,ATL,,,,,,P
120777-199224,P,Mason,Mason Black,Black,18,1,5900,STL@SF,SF,STL,,,,,,P
120777-181832,P,Roddery,Roddery Munoz,Munoz,5,9,5900,STL@SF,STL,SF,,,,,,P
120777-181845,P,Drew,Drew Rom,Rom,0,2,5900,STL@SF,STL,SF,IL,Undisclosed,,,,P
120777-119449,P,Jackson,Jackson Rutledge,Rutledge,5,60,5900,WSH@ATL,WSH,ATL,,,,,,P
120777-102487,P,Austin,Austin Cox,Cox,5.153846153846154,13,5700,WSH@ATL,ATL,WSH,,,,,,P
120777-101838,P,JT,JT Brubaker,Brubaker,6.125,16,5700,STL@SF,SF,STL,,,,,,P
120777-119423,P,Zack,Zack Thompson,Thompson,11.4,7,5700,STL@SF,STL,SF,IL,Lat,,,,P
120777-164511,P,Dylan,Dylan Dodd,Dodd,5.7407407407407405,27,5700,WSH@ATL,ATL,WSH,,,,,,P
120777-195151,P,Anthony,Anthony Veneziano,Veneziano,4.269230769230769,26,5600,STL@SF,STL,SF,,,,,,P
120777-79873,P,Dylan,Dylan Covey,Covey,0,2,5500,WSH@ATL,ATL,WSH,,,,,,P
120777-102405,P,Sean,Sean Hjelle,Hjelle,3.75,12,5500,STL@SF,SF,STL,,,,,,P
120777-79895,P,Miguel,Miguel Diaz,Diaz,3,1,5500,STL@SF,SF,STL,,,,,,P
120777-189470,P,Kyle,Kyle Leahy,Leahy,7.086206896551724,59,5500,STL@SF,STL,SF,,,,,,P
120777-190516,P,Daysbel,Daysbel Hernandez,Hernandez,5.052631578947368,39,5500,WSH@ATL,ATL,WSH,IL,Shoulder,,,,P
120777-135226,P,Wes,Wes Benjamin,Benjamin,,0,5500,MIL@SD,SD,MIL,,,,,,P
120777-135237,P,Nick,Nick Mears,Mears,4.3559322033898304,60,5500,MIL@SD,MIL,SD,,,,,,P
120777-149587,P,Jay,Jay Flaa,Flaa,,0,5500,WSH@ATL,ATL,WSH,,,,,,P
120777-203863,P,Gordon,Gordon Graceffo,Graceffo,7.52,25,5500,STL@SF,STL,SF,,,,,,P
120777-189529,P,Alek,Alek Jacob,Jacob,4.068965517241379,29,5500,MIL@SD,SD,MIL,,,,,,P
120777-226411,P,David,David Morgan,Morgan,6.486486486486487,38,5500,MIL@SD,SD,MIL,IL,Shoulder,,,,P
120777-161907,P,Dylan,Dylan Lee,Lee,4.986301369863014,73,5500,WSH@ATL,ATL,WSH,,,,,,P
120777-201853,P,Ryan,Ryan Loutos,Loutos,1.3636363636363635,12,5500,WSH@ATL,WSH,ATL,,,,,,P
120777-209026,P,Parker,Parker Dunshee,Dunshee,1,1,5500,WSH@ATL,WSH,ATL,IL,Undisclosed,,,,P
120777-73866,P,Wandy,Wandy Peralta,Peralta,5.028985507246377,69,5500,MIL@SD,SD,MIL,,,,,,P
120777-102543,P,Connor,Connor Seabold,Seabold,7.666666666666667,7,5500,WSH@ATL,ATL,WSH,,,,,,P
120777-102542,P,Travis,Travis MacGregor,MacGregor,,0,5500,MIL@SD,MIL,SD,,,,,,P
120777-38043,P,Enny,Enny Romero,Romero,,0,5500,STL@SF,SF,STL,,,,,,P
120777-152734,P,Zach,Zach Thompson,Thompson,10,2,5500,WSH@ATL,ATL,WSH,,,,,,P
120777-135339,P,Clayton,Clayton Beeter,Beeter,5.25,24,5500,WSH@ATL,WSH,ATL,,,,,,P
120777-140459,P,John,John King,King,3.1739130434782608,46,5500,STL@SF,STL,SF,,,,,,P
120777-102582,P,Nick,Nick Raquet,Raquet,4.5,2,5500,STL@SF,STL,SF,,,,,,P
120777-83149,P,Jesus,Jesus Liranzo,Liranzo,,0,5500,MIL@SD,MIL,SD,,,,,,P
120777-83154,P,Miguel,Miguel Del Pozo,Del Pozo,,0,5500,STL@SF,SF,STL,,,,,,P
120777-145620,P,Helcris,Helcris Olivarez,Olivarez,,0,5500,STL@SF,SF,STL,,,,,,P
120777-145629,P,Mason,Mason Thompson,Thompson,2.0714285714285716,14,5500,WSH@ATL,WSH,ATL,,,,,,P
120777-83170,P,Thomas,Thomas Pannone,Pannone,,0,5500,MIL@SD,MIL,SD,IL,Forearm,,,,P
120777-83184,P,Julian,Julian Merryweather,Merryweather,3.0952380952380953,21,5500,MIL@SD,MIL,SD,,,,,,P
120777-197873,P,Zach,Zach Brzykcy,Brzykcy,2.88,26,5500,WSH@ATL,WSH,ATL,,,,,,P
120777-197897,P,Trevor,Trevor McDonald,McDonald,15.5,2,5500,STL@SF,SF,STL,,,,,,P
120777-197906,P,Royber,Royber Salinas,Salinas,0,1,5500,WSH@ATL,ATL,WSH,,,,,,P
120777-79124,P,Joe,Joe Jimenez,Jimenez,5.855072463768116,70,5500,WSH@ATL,ATL,WSH,IL,Knee,,,,P
120777-198936,P,Tekoah,Tekoah Roby,Roby,,0,5500,STL@SF,STL,SF,IL,Elbow,,,,P
120777-232728,P,Hayden,Hayden Harris,Harris,1.6666666666666667,3,5500,WSH@ATL,ATL,WSH,,,,,,P
120777-179490,P,Cole,Cole Waites,Waites,,0,5500,STL@SF,SF,STL,,,,,,P
120777-83232,P,Jason,Jason Adam,Adam,6.338461538461538,65,5500,MIL@SD,SD,MIL,IL,Quadriceps,,,,P
120777-146734,P,Tink,Tink Hence,Hence,,0,5500,STL@SF,STL,SF,IL,Undisclosed,,,,P
120777-146737,P,Cole,Cole Henry,Henry,4.454545454545454,57,5500,WSH@ATL,WSH,ATL,IL,Back,,,,P
120777-180540,P,Easton,Easton McGee,McGee,6.222222222222222,9,5500,MIL@SD,MIL,SD,,,,,,P
120777-203074,P,Spencer,Spencer Bivens,Bivens,6.294117647058823,51,5500,STL@SF,SF,STL,,,,,,P
120777-209224,P,Orlando,Orlando Ribalta,Ribalta,4.55,20,5500,WSH@ATL,WSH,ATL,,,,,,P
120777-197975,P,Cooper,Cooper Hjerpe,Hjerpe,,0,5500,STL@SF,STL,SF,IL,Elbow,,,,P
120777-79227,P,Adrian,Adrian Morejon,Morejon,6.328571428571428,72,5500,MIL@SD,SD,MIL,,,,,,P
120777-225665,P,Sauryn,Sauryn Lao,Lao,6,5,5500,WSH@ATL,WSH,ATL,,,,,,P
120777-61858,P,Raisel,Raisel Iglesias,Iglesias,5.253731343283582,67,5500,WSH@ATL,ATL,WSH,,,,,,P
120777-181664,P,Sean,Sean Reynolds,Reynolds,5.684210526315789,19,5500,MIL@SD,SD,MIL,,,,,,P
120777-118180,P,Tucker,Tucker Davidson,Davidson,23,1,5500,MIL@SD,MIL,SD,,,,,,P
120777-101801,P,Joel,Joel Payamps,Payamps,2.857142857142857,28,5500,MIL@SD,MIL,SD,,,,,,P
120777-118184,P,Enoli,Enoli Paredes,Paredes,5.944444444444445,18,5500,WSH@ATL,ATL,WSH,,,,,,P
120777-101802,P,Patrick,Patrick Weigel,Weigel,,0,5500,WSH@ATL,WSH,ATL,,,,,,P
120777-219568,P,Rolddy,Rolddy Munoz,Munoz,3.6666666666666665,3,5500,WSH@ATL,ATL,WSH,,,,,,P
120777-101819,P,Jose,Jose Suarez,Suarez,18.4,5,5500,WSH@ATL,ATL,WSH,,,,,,P
120777-200143,P,Josh,Josh Maciejewski,Maciejewski,9,4,5500,MIL@SD,MIL,SD,,,,,,P
120777-225748,P,Craig,Craig Yoho,Yoho,3.25,8,5500,MIL@SD,MIL,SD,,,,,,P
120777-101905,P,Sam,Sam McWilliams,McWilliams,,0,5500,MIL@SD,MIL,SD,,,,,,P
120777-170514,P,Jose,Jose Cuas,Cuas,4.833333333333333,13,5500,WSH@ATL,ATL,WSH,,,,,,P
120777-219665,P,Matt,Matt Svanson,Svanson,9.416666666666666,36,5500,STL@SF,STL,SF,,,,,,P
120777-181791,P,Connor,Connor Thomas,Thomas,-2.5,2,5500,MIL@SD,MIL,SD,IL,Elbow,,,,P
120777-119328,P,Packy,Packy Naughton,Naughton,0,2,5500,STL@SF,STL,SF,IL,Elbow,,,,P
120777-181801,P,Jose A.,Jose A. Ferrer,Ferrer,4.884057971014493,69,5500,WSH@ATL,WSH,ATL,,,,,,P
120777-228913,P,PJ,PJ Poulin,Poulin,5.12,25,5500,WSH@ATL,WSH,ATL,,,,,,P
120777-233009,P,Jhancarlos,Jhancarlos Lara,Lara,,0,5500,WSH@ATL,ATL,WSH,,,,,,P
120777-119359,P,Ethan,Ethan Small,Small,0,2,5500,STL@SF,SF,STL,,,,,,P
120777-219708,P,Carson,Carson Ragsdale,Ragsdale,-9,1,5500,WSH@ATL,ATL,WSH,,,,,,P
120777-222786,P,Raul,Raul Alcantara,Alcantara,,0,5500,MIL@SD,MIL,SD,,,,,,P
120777-185926,P,Ryan,Ryan Walker,Walker,4.734375,65,5500,STL@SF,SF,STL,,,,,,P
120777-219723,P,Omar,Omar Cruz,Cruz,10,2,5500,MIL@SD,SD,MIL,,,,,,P
120777-181838,P,Abner,Abner Uribe,Uribe,6.347222222222222,72,5500,MIL@SD,MIL,SD,,,,,,P
120777-119388,P,Junior,Junior Santos,Santos,,0,5500,WSH@ATL,WSH,ATL,,,,,,P
120777-119392,P,Josh,Josh Wolf,Wolf,,0,5500,STL@SF,SF,STL,,,,,,P
120777-81507,P,Aaron,Aaron Bummer,Bummer,6.309523809523809,42,5500,WSH@ATL,ATL,WSH,IL,Shoulder,,,,P
120777-186986,P,Eduardo,Eduardo Salazar,Salazar,2.5,30,5500,WSH@ATL,WSH,ATL,,,,,,P
120777-119403,P,Erik,Erik Miller,Miller,4.714285714285714,36,5500,STL@SF,SF,STL,IL,Elbow,,,,P
120777-222830,P,Travis,Travis Sykora,Sykora,,0,5500,WSH@ATL,WSH,ATL,IL,Elbow,,,,P
120777-222834,P,Quinn,Quinn Mathews,Mathews,,0,5500,STL@SF,STL,SF,,,,,,P
120777-156272,P,Reiss,Reiss Knehr,Knehr,0,1,5500,MIL@SD,SD,MIL,,,,,,P
120777-222833,P,Jarlin,Jarlin Susana,Susana,,0,5500,WSH@ATL,WSH,ATL,IL,Lat,,,,P
120777-226929,P,Bradgley,Bradgley Rodriguez,Rodriguez,5.5,4,5500,MIL@SD,SD,MIL,,,,,,P
120777-222832,P,Alex,Alex Clemmey,Clemmey,,0,5500,WSH@ATL,WSH,ATL,,,,,,P
120777-135798,P,Garrett,Garrett Stallings,Stallings,,0,5500,MIL@SD,MIL,SD,,,,,,P
120777-118397,P,Trevor,Trevor Megill,Megill,6.3125,49,5500,MIL@SD,MIL,SD,IL,Elbow,,,,P
120777-52871,P,Derek,Derek Law,Law,6.16,75,5500,WSH@ATL,WSH,ATL,IL,Forearm,,,,P
120777-222859,P,Cam,Cam Caminiti,Caminiti,,0,5500,WSH@ATL,ATL,WSH,,,,,,P
120777-119435,P,Riley,Riley O'Brien,O'Brien,6.605263157894737,39,5500,STL@SF,STL,SF,,,,,,P
120777-12943,P,Shelby,Shelby Miller,Miller,6,48,5500,MIL@SD,MIL,SD,IL,Elbow,,,,P
120777-73362,P,Rob,Rob Zastryzny,Zastryzny,4.833333333333333,24,5500,MIL@SD,MIL,SD,,,,,,P
120777-170647,P,Jared,Jared Koenig,Koenig,5.173913043478261,69,5500,MIL@SD,MIL,SD,,,,,,P
120777-52887,P,Tyler,Tyler Matzek,Matzek,4.428571428571429,7,5500,STL@SF,STL,SF,IL,Undisclosed,,,,P
120777-119446,P,Andry,Andry Lara,Lara,3.4444444444444446,9,5500,WSH@ATL,WSH,ATL,,,,,,P
120777-82584,P,JB,JB Bukauskas,Bukauskas,5.5,6,5500,MIL@SD,MIL,SD,IL,Lat,,,,P
120777-226980,P,Andre,Andre Granillo,Granillo,6.428571428571429,14,5500,STL@SF,STL,SF,,,,,,P
120777-84651,P,Austin,Austin Davis,Davis,2.5714285714285716,7,5500,MIL@SD,SD,MIL,,,,,,P
120777-220841,P,Anderson,Anderson Pilar,Pilar,,0,5500,WSH@ATL,ATL,WSH,,,,,,P
120777-14006,P,Brian,Brian Moran,Moran,,0,5500,WSH@ATL,ATL,WSH,,,,,,P
120777-82627,P,JoJo,JoJo Romero,Romero,5.063492063492063,63,5500,STL@SF,STL,SF,,,,,,P
120777-170699,P,Matt,Matt Gage,Gage,4.32258064516129,31,5500,STL@SF,SF,STL,,,,,,P
120777-198357,P,Ryan,Ryan Fernandez,Fernandez,3.4285714285714284,29,5500,STL@SF,STL,SF,,,,,,P
120777-141024,P,Bruce,Bruce Zimmermann,Zimmermann,0,1,5500,MIL@SD,MIL,SD,,,,,,P
120777-187121,P,Grant,Grant Anderson,Anderson,5.609375,64,5500,MIL@SD,MIL,SD,,,,,,P
120777-201456,P,Chris,Chris Roycroft,Roycroft,3.1666666666666665,18,5500,STL@SF,STL,SF,,,,,,P
120777-165621,P,Russell,Russell Smith,Smith,,0,5500,MIL@SD,MIL,SD,IL,Undisclosed,,,,P
120777-165642,P,Mason,Mason Miller,Miller,7.310344827586207,58,5500,MIL@SD,SD,MIL,,,,,,P
120777-194323,P,Hunter,Hunter Stratton,Stratton,4.846153846153846,13,5500,WSH@ATL,ATL,WSH,,,,,,P
120777-165671,P,Victor,Victor Lizarraga,Lizarraga,,0,5500,MIL@SD,SD,MIL,,,,,,P
120777-199465,P,Juan,Juan Sanchez,Sanchez,,0,5500,STL@SF,SF,STL,,,,,,P
120777-165687,P,Will,Will Bednar,Bednar,,0,5500,STL@SF,SF,STL,,,,,,P
120777-165691,P,Manuel,Manuel Mercedes,Mercedes,,0,5500,STL@SF,SF,STL,,,,,,P
120777-163641,P,Ray,Ray Kerr,Kerr,11.2,10,5500,WSH@ATL,ATL,WSH,IL,Elbow,,,,P
120777-165695,P,Edwin,Edwin Nunez,Nunez,,0,5500,STL@SF,STL,SF,,,,,,P
120777-165696,P,Ian,Ian Bedell,Bedell,,0,5500,STL@SF,STL,SF,IL,Undisclosed,,,,P
120777-163654,P,Alexis,Alexis Diaz,Diaz,3.4444444444444446,18,5500,WSH@ATL,ATL,WSH,,,,,,P
120777-163658,P,Randy,Randy Rodriguez,Rodriguez,6.82,50,5500,STL@SF,SF,STL,IL,Elbow,,,,P
120777-70482,P,J.B.,J.B. Wendelken,Wendelken,,0,5500,MIL@SD,SD,MIL,,,,,,P
120777-165716,P,Sem,Sem Robberse,Robberse,0,2,5500,STL@SF,STL,SF,IL,Elbow,,,,P
120777-183133,P,Curtis,Curtis Taylor,Taylor,,0,5500,STL@SF,STL,SF,,,,,,P
120777-163687,P,Ron,Ron Marinaccio,Marinaccio,9.333333333333334,6,5500,MIL@SD,SD,MIL,,,,,,P
120777-163702,P,Logan,Logan Gillaspie,Gillaspie,9,3,5500,MIL@SD,SD,MIL,,,,,,P
120777-203642,P,Raymond,Raymond Burgos,Burgos,3,1,5500,STL@SF,SF,STL,,,,,,P
120777-82836,P,Julian,Julian Fernandez,Fernandez,3,1,5500,WSH@ATL,WSH,ATL,,,,,,P
120777-52148,P,Pierce,Pierce Johnson,Johnson,4.9523809523809526,63,5500,WSH@ATL,ATL,WSH,,,,,,P
120777-102324,P,Konnor,Konnor Pilkington,Pilkington,4.931034482758621,29,5500,WSH@ATL,WSH,ATL,,,,,,P
120777-179129,P,Jeremiah,Jeremiah Estrada,Estrada,6.36986301369863,74,5500,MIL@SD,SD,MIL,,,,,,P
120777-163782,P,Robert,Robert Suarez,Suarez,5.5,68,5500,MIL@SD,SD,MIL,,,,,,P
120777-232399,P,Joel,Joel Peguero,Peguero,7.230769230769231,13,5500,STL@SF,SF,STL,,,,,,P
120777-102355,P,Jorge,Jorge Alcala,Alcala,4.365384615384615,54,5500,STL@SF,STL,SF,,,,,,P
120777-198619,P,Yuki,Yuki Matsui,Matsui,5.105263157894737,59,5500,MIL@SD,SD,MIL,,,,,,P
120777-198618,P,Coleman,Coleman Crow,Crow,,0,5500,MIL@SD,MIL,SD,IL,Elbow,,,,P
120777-82921,P,Zack,Zack Weiss,Weiss,0,1,5500,STL@SF,STL,SF,,,,,,P
120777-68584,P,Tyler,Tyler Jay,Jay,5.8,5,5500,MIL@SD,MIL,SD,,,,,,P
120777-82922,P,Tyler,Tyler Kinley,Kinley,5.214285714285714,70,5500,WSH@ATL,ATL,WSH,,,,,,P
120777-70649,P,Adrian,Adrian Sampson,Sampson,0,1,5500,WSH@ATL,WSH,ATL,,,,,,P
120777-79756,OF,Ronald,Ronald Acuna Jr.,Acuna Jr.,12.059551110428371,89,4100,WSH@ATL,ATL,WSH,,,,,,OF/UTIL
120777-68585,3B/1B,Rafael,Rafael Devers,Devers,11.689809228204618,157,4000,STL@SF,SF,STL,,,,,,C/1B/3B/UTIL
120777-21609,OF,Christian,Christian Yelich,Yelich,11.655555725097656,144,3900,MIL@SD,MIL,SD,,,,,,OF/UTIL
120777-13262,OF,Jurickson,Jurickson Profar,Profar,12.432432432432432,74,3800,WSH@ATL,ATL,WSH,,,,,,OF/UTIL
120777-52175,1B,Matt,Matt Olson,Olson,11.554487179487179,156,3800,WSH@ATL,ATL,WSH,,,,,,C/1B/UTIL
120777-60655,SS,Willy,Willy Adames,Adames,10.418831168831169,154,3700,STL@SF,SF,STL,,,,,,SS/UTIL
120777-79393,OF,Fernando,Fernando Tatis Jr.,Tatis Jr.,11.964473523591694,152,3700,MIL@SD,SD,MIL,,,,,,OF/UTIL
120777-13929,3B,Manny,Manny Machado,Machado,10.863871125252016,155,3700,MIL@SD,SD,MIL,,,,,,3B/UTIL
120777-165611,OF,Jackson,Jackson Chourio,Chourio,11.818400390625,125,3600,MIL@SD,MIL,SD,,,,,,OF/UTIL
120777-165666,OF,Jackson,Jackson Merrill,Merrill,9.792726828835228,110,3500,MIL@SD,SD,MIL,,,,,,OF/UTIL
120777-102353,2B,Brice,Brice Turang,Turang,10.943333333333333,150,3500,MIL@SD,MIL,SD,,,,,,2B/UTIL
120777-68544,3B,Matt,Matt Chapman,Chapman,10.484552647040143,123,3400,STL@SF,SF,STL,,,,,,3B/UTIL
120777-119420,C/OF,Ivan,Ivan Herrera,Herrera,10.702970297029703,101,3300,STL@SF,STL,SF,,,,,,C/1B/OF/UTIL
120777-165605,OF,Sal,Sal Frelick,Frelick,10.044117647058824,136,3200,MIL@SD,MIL,SD,,,,,,OF/UTIL
120777-165661,OF,James,James Wood,Wood,11.31644720780222,152,3200,WSH@ATL,WSH,ATL,,,,,,OF/UTIL
120777-102284,C,William,William Contreras,Contreras,10.359184005633503,147,3200,MIL@SD,MIL,SD,DTD,Hand,,,,C/1B/UTIL
120777-83155,OF,Ramon,Ramon Laureano,Laureano,10.358139156371124,129,3100,MIL@SD,SD,MIL,,,,,,OF/UTIL
120777-79141,1B/OF,Ryan,Ryan O'Hearn,O'Hearn,8.626087133435236,138,3100,MIL@SD,SD,MIL,,,,,,C/1B/OF/UTIL
120777-21887,C/1B,Willson,Willson Contreras,Contreras,10.311111111111112,135,3100,STL@SF,STL,SF,IL,Shoulder,,,,C/1B/UTIL
120777-119410,SS,CJ,CJ Abrams,Abrams,11.25217426687047,138,3100,WSH@ATL,WSH,ATL,DTD,Shoulder,,,,SS/UTIL
120777-82642,OF,Heliot,Heliot Ramos,Ramos,9.352317557429636,151,3100,STL@SF,SF,STL,,,,,,OF/UTIL
120777-17086,OF,Marcell,Marcell Ozuna,Ozuna,9.036690471841277,139,3000,WSH@ATL,ATL,WSH,,,,,,OF/UTIL
120777-119621,OF,Luis,Luis Matos,Matos,7.591228284333882,57,3000,STL@SF,SF,STL,,,,,,OF/UTIL
120777-198539,OF,Jung Hoo,Jung Hoo Lee,Lee,8.844138099407328,145,3000,STL@SF,SF,STL,,,,,,OF/UTIL
120777-102486,OF,Blake,Blake Perkins,Perkins,8.071428571428571,49,2900,MIL@SD,MIL,SD,,,,,,OF/UTIL
120777-198903,OF,Drew,Drew Gilbert,Gilbert,6.172727180249764,33,2900,STL@SF,SF,STL,,,,,,OF/UTIL
120777-13638,1B,Wilmer,Wilmer Flores,Flores,8.174379963520146,121,2900,STL@SF,SF,STL,,,,,,C/1B/UTIL
120777-136672,OF,Michael,Michael Harris II,Harris II,8.332467215401786,154,2900,WSH@ATL,ATL,WSH,,,,,,OF/UTIL
120777-119495,1B,Andrew,Andrew Vaughn,Vaughn,8.430840893326518,107,2900,MIL@SD,MIL,SD,,,,,,C/1B/UTIL
120777-165693,OF/1B,Alec,Alec Burleson,Burleson,9.079104295417444,134,2900,STL@SF,STL,SF,,,,,,C/1B/OF/UTIL
120777-52170,1B/OF,Dominic,Dominic Smith,Smith,8.201587495349703,63,2900,STL@SF,SF,STL,IL,Hamstring,,,,C/1B/OF/UTIL
120777-68587,2B,Ozzie,Ozzie Albies,Albies,9.042307535807291,156,2900,WSH@ATL,ATL,WSH,,,,,,2B/UTIL
120777-154711,OF,Lars,Lars Nootbaar,Nootbaar,8.755384239783654,130,2800,STL@SF,STL,SF,,,,,,OF/UTIL
120777-37982,SS/2B,Xander,Xander Bogaerts,Bogaerts,9.026717557251908,131,2800,MIL@SD,SD,MIL,IL,Foot,,,,2B/SS/UTIL
120777-135366,SS,Masyn,Masyn Winn,Winn,8.704651352046996,129,2800,STL@SF,STL,SF,IL,Knee,,,,SS/UTIL
120777-136504,C,Patrick,Patrick Bailey,Bailey,6.248461444561298,130,2800,STL@SF,SF,STL,,,,,,C/1B/UTIL
120777-79255,1B/OF,Jake,Jake Bauers,Bauers,6.651249694824219,80,2800,MIL@SD,MIL,SD,,,,,,C/1B/OF/UTIL
120777-219698,2B/3B,Caleb,Caleb Durbin,Durbin,8.67175572519084,131,2800,MIL@SD,MIL,SD,,,,,,2B/3B/UTIL
120777-82569,1B/OF,Gavin,Gavin Sheets,Sheets,8.570503948403777,139,2800,MIL@SD,SD,MIL,,,,,,C/1B/OF/UTIL
120777-165686,3B/SS/2B/1B,Casey,Casey Schmitt,Schmitt,7.474444580078125,90,2800,STL@SF,SF,STL,,,,,,C/1B/2B/3B/SS/UTIL
120777-211773,OF/2B,Isaac,Isaac Collins,Collins,8.541732667937993,127,2800,MIL@SD,MIL,SD,,,,,,2B/OF/UTIL
120777-165725,OF,Daylen,Daylen Lile,Lile,9.663953204487646,86,2800,WSH@ATL,WSH,ATL,DTD,Knee,,,,OF/UTIL
120777-163706,3B/2B/SS/OF,Brendan,Brendan Donovan,Donovan,9.33965538287985,116,2800,STL@SF,STL,SF,,,,,,2B/3B/SS/OF/UTIL
120777-102415,2B/3B,Nolan,Nolan Gorman,Gorman,7.744444670500578,108,2700,STL@SF,STL,SF,,,,,,2B/3B/UTIL
120777-198937,OF,Bryce,Bryce Eldridge,Eldridge,5.740000152587891,5,2700,STL@SF,SF,STL,,,,,,OF/UTIL
120777-197982,OF,Dylan,Dylan Crews,Crews,8.81750030517578,80,2700,WSH@ATL,WSH,ATL,,,,,,OF/UTIL
120777-79215,1B,Rhys,Rhys Hoskins,Hoskins,8.454022988505747,87,2700,MIL@SD,MIL,SD,,,,,,C/1B/UTIL
120777-13719,3B,Nolan,Nolan Arenado,Arenado,8.151960784313726,102,2700,STL@SF,STL,SF,,,,,,3B/UTIL
120777-101827,1B/2B,Luis,Luis Arraez,Arraez,8.430872155515939,149,2700,MIL@SD,SD,MIL,,,,,,C/1B/2B/UTIL
120777-118210,1B/2B,Jake,Jake Cronenworth,Cronenworth,8.592307692307692,130,2700,MIL@SD,SD,MIL,,,,,,C/1B/2B/UTIL
120777-222858,C,Drake,Drake Baldwin,Baldwin,9.079661223847987,118,2700,WSH@ATL,ATL,WSH,,,,,,C/1B/UTIL
120777-82660,2B,Luis,Luis Garcia Jr.,Garcia Jr.,8.541790862581623,134,2700,WSH@ATL,WSH,ATL,,,,,,2B/UTIL
120777-146160,SS/2B,Ha-Seong,Ha-Seong Kim,Kim,8.783333188011532,42,2700,WSH@ATL,ATL,WSH,,,,,,2B/SS/UTIL
120777-197908,C,Pedro,Pedro Pages,Pages,6.688990601705848,109,2600,STL@SF,STL,SF,,,,,,C/1B/UTIL
120777-164513,3B/2B/SS,Joey,Joey Ortiz,Ortiz,6.72517491053868,143,2600,MIL@SD,MIL,SD,,,,,,2B/3B/SS/UTIL
120777-222887,SS/2B,Christian,Christian Koss,Koss,5.297222137451172,72,2600,STL@SF,SF,STL,,,,,,2B/SS/UTIL
120777-82655,C,Danny,Danny Jansen,Jansen,7.111702127659575,94,2600,MIL@SD,MIL,SD,,,,,,C/1B/UTIL
120777-53994,1B,Josh,Josh Bell,Bell,8.166666666666666,135,2600,WSH@ATL,WSH,ATL,,,,,,C/1B/UTIL
120777-135194,C,Freddy,Freddy Fermin,Fermin,5.545192425067608,104,2500,MIL@SD,SD,MIL,,,,,,C/1B/UTIL
120777-102591,OF,Jake,Jake Fraley,Fraley,6.588158055355675,76,2500,WSH@ATL,ATL,WSH,IL,Oblique,,,,OF/UTIL
120777-135364,OF,Jordan,Jordan Walker,Walker,6.618095470610119,105,2500,STL@SF,STL,SF,,,,,,OF/UTIL
120777-80462,SS/3B,Paul,Paul DeJong,DeJong,7.700000115160672,53,2500,WSH@ATL,WSH,ATL,,,,,,3B/SS/UTIL
120777-82593,C,Keibert,Keibert Ruiz,Ruiz,6.239705702837775,68,2500,WSH@ATL,WSH,ATL,IL,Concussion,,,,C/1B/UTIL
120777-187103,2B/3B/1B/SS,Andruw,Andruw Monasterio,Monasterio,5.012499809265137,64,2500,MIL@SD,MIL,SD,,,,,,C/1B/2B/3B/SS/UTIL
120777-206608,SS/2B/3B,Nacho,Nacho Alvarez Jr.,Alvarez Jr.,6.376923194298377,52,2500,WSH@ATL,ATL,WSH,DTD,Thumb,,,,2B/3B/SS/UTIL
120777-102418,OF,Eli,Eli White,White,6.429703212020421,101,2400,WSH@ATL,ATL,WSH,,,,,,OF/UTIL
120777-198935,OF,Victor,Victor Scott II,Scott II,7.421969789447206,132,2400,STL@SF,STL,SF,,,,,,OF/UTIL
120777-119366,OF/1B,Jerar,Jerar Encarnacion,Encarnacion,6.264705882352941,17,2400,STL@SF,SF,STL,,,,,,C/1B/OF/UTIL
120777-165639,OF,Brandon,Brandon Lockridge,Lockridge,4.476119311887826,67,2400,MIL@SD,MIL,SD,,,,,,OF/UTIL
120777-209703,OF,Grant,Grant McCray,McCray,1.3058823978199678,17,2400,STL@SF,SF,STL,,,,,,OF/UTIL
120777-232365,OF,Nathan,Nathan Church,Church,5.208695784859035,23,2400,STL@SF,STL,SF,,,,,,OF/UTIL
120777-211906,3B/2B/SS,Thomas,Thomas Saggese,Saggese,6.4605263157894735,76,2400,STL@SF,STL,SF,,,,,,2B/3B/SS/UTIL
120777-102411,C,Andrew,Andrew Knizner,Knizner,4.0870966757497476,31,2300,STL@SF,SF,STL,,,,,,C/1B/UTIL
120777-135284,C,Riley,Riley Adams,Adams,6.149366934088212,79,2300,WSH@ATL,WSH,ATL,,,,,,C/1B/UTIL
120777-135308,OF,Robert,Robert Hassell III,Hassell III,5.510769418569711,65,2300,WSH@ATL,WSH,ATL,,,,,,OF/UTIL
120777-83182,C/OF,Eric,Eric Haase,Haase,5.323333231608073,30,2300,MIL@SD,MIL,SD,,,,,,C/1B/OF/UTIL
120777-209179,1B/2B/3B,Will,Will Wagner,Wagner,4.420754774561468,53,2300,MIL@SD,SD,MIL,,,,,,C/1B/2B/3B/UTIL
120777-79225,3B/2B,Luis,Luis Urias,Urias,6.123958587646484,96,2300,MIL@SD,MIL,SD,,,,,,2B/3B/UTIL
120777-12919,SS/2B/3B/OF,Jose,Jose Iglesias,Iglesias,5.085185298213252,108,2300,MIL@SD,SD,MIL,,,,,,2B/3B/SS/OF/UTIL
120777-165606,1B/3B/OF,Tyler,Tyler Black,Black,6.1400001525878904,5,2300,MIL@SD,MIL,SD,,,,,,C/1B/3B/OF/UTIL
120777-165726,3B,Brady,Brady House,House,6.8478260869565215,69,2300,WSH@ATL,WSH,ATL,,,,,,3B/UTIL
120777-159624,C,Yohel,Yohel Pozo,Pozo,4.903077110877404,65,2300,STL@SF,STL,SF,,,,,,C/1B/UTIL
120777-102380,SS,Nick,Nick Allen,Allen,4.536153940054087,130,2300,WSH@ATL,ATL,WSH,,,,,,SS/UTIL
120777-54307,C,Elias,Elias Diaz,Diaz,4.952884380634014,104,2200,MIL@SD,SD,MIL,,,,,,C/1B/UTIL
120777-193863,OF,Jacob,Jacob Young,Young,5.635651961616848,115,2200,WSH@ATL,WSH,ATL,,,,,,OF/UTIL
120777-181596,2B/3B/OF,Jose,Jose Fermin,Fermin,5.691666920979817,24,2200,STL@SF,STL,SF,,,,,,2B/3B/OF/UTIL
120777-175654,OF,Bryce,Bryce Johnson,Johnson,3.47755089584662,49,2200,MIL@SD,SD,MIL,,,,,,OF/UTIL
120777-222835,C,Jimmy,Jimmy Crooks,Crooks,2.8090908744118432,11,2200,STL@SF,STL,SF,,,,,,C/1B/UTIL
120777-17105,C,Sandy,Sandy Leon,Leon,5.1400001525878904,5,2200,WSH@ATL,ATL,WSH,,,,,,C/1B/UTIL
120777-102406,2B/SS/3B/OF,Vidal,Vidal Brujan,Brujan,3.06229513199603,61,2100,WSH@ATL,ATL,WSH,DTD,Hip,,,,2B/3B/SS/OF/UTIL
120777-209172,1B,Andres,Andres Chaparro,Chaparro,2.8551725190261315,29,2100,WSH@ATL,WSH,ATL,,,,,,C/1B/UTIL
120777-79136,OF,Daz,Daz Cameron,Cameron,3.7095238821847096,21,2100,MIL@SD,MIL,SD,,,,,,OF/UTIL
120777-152972,2B/OF/SS/3B,Luke,Luke Williams,Williams,1.9444444444444444,45,2100,WSH@ATL,ATL,WSH,,,,,,2B/3B/SS/OF/UTIL
120777-38324,C,Jorge,Jorge Alfaro,Alfaro,4.424999872843425,12,2100,WSH@ATL,WSH,ATL,,,,,,C/1B/UTIL
120777-119365,SS/2B,Nasim,Nasim Nunez,Nunez,6.229411854463465,34,2100,WSH@ATL,WSH,ATL,,,,,,2B/SS/UTIL
120777-226915,OF,Drew,Drew Avans,Avans,2.3375000953674316,8,2100,MIL@SD,MIL,SD,,,,,,OF/UTIL
120777-203490,OF,Steward,Steward Berroa,Berroa,4.5,2,2100,MIL@SD,MIL,SD,,,,,,OF/UTIL
120777-102374,C/2B/3B,Anthony,Anthony Seigler,Seigler,3.373529322007123,34,2100,MIL@SD,MIL,SD,,,,,,C/1B/2B/3B/UTIL
120777-102403,SS/2B,Marco,Marco Luciano,Luciano,4.362068965517241,29,2000,STL@SF,SF,STL,,,,,,2B/SS/UTIL
120777-102409,OF,Nick,Nick Schnell,Schnell,,0,2000,WSH@ATL,WSH,ATL,,,,,,OF/UTIL
120777-171037,C,Jason,Jason Delay,Delay,6.400000095367432,8,2000,WSH@ATL,ATL,WSH,,,,,,C/1B/UTIL
120777-102472,SS,Raynel,Raynel Delgado,Delgado,,0,2000,MIL@SD,MIL,SD,,,,,,SS/UTIL
120777-102512,OF,Carlos,Carlos Rodriguez,Rodriguez,,0,2000,WSH@ATL,ATL,WSH,,,,,,OF/UTIL
120777-13436,C,Max,Max Stassi,Stassi,0,1,2000,STL@SF,SF,STL,IL,Undisclosed,,,,C/1B/UTIL
120777-197761,C,Jair,Jair Camargo,Camargo,1.0333333015441895,6,2000,WSH@ATL,ATL,WSH,IL,Undisclosed,,,,C/1B/UTIL
120777-116869,SS,Erick,Erick Mejia,Mejia,,0,2000,WSH@ATL,WSH,ATL,,,,,,SS/UTIL
120777-102541,OF,Jared,Jared Oliva,Oliva,,0,2000,MIL@SD,MIL,SD,,,,,,OF/UTIL
120777-102550,C,Luis,Luis Campusano,Campusano,1.8,10,2000,MIL@SD,SD,MIL,,,,,,C/1B/UTIL
120777-102563,3B/2B/SS,Jonathan,Jonathan Ornelas,Ornelas,2.0333333015441895,6,2000,WSH@ATL,ATL,WSH,,,,,,2B/3B/SS/UTIL
120777-232619,C,C.J.,C.J. Stubbs,Stubbs,0,1,2000,WSH@ATL,WSH,ATL,,,,,,C/1B/UTIL
120777-232639,SS,Cesar,Cesar Prieto,Prieto,1,3,2000,STL@SF,STL,SF,,,,,,SS/UTIL
120777-195795,C,Chandler,Chandler Seagle,Seagle,,0,2000,WSH@ATL,ATL,WSH,,,,,,C/1B/UTIL
120777-145617,C,David,David Garcia,Garcia,,0,2000,MIL@SD,MIL,SD,,,,,,C/1B/UTIL
120777-194773,C,Logan,Logan Porter,Porter,3.779999923706055,5,2000,STL@SF,SF,STL,,,,,,C/1B/UTIL
120777-79074,3B,Austin,Austin Riley,Riley,9.782352821499694,102,2000,WSH@ATL,ATL,WSH,IL,Abdomen,,,,3B/UTIL
120777-146675,3B,Blaze,Blaze Jordan,Jordan,,0,2000,STL@SF,STL,SF,,,,,,3B/UTIL
120777-197874,2B/3B,Oliver,Oliver Dunn,Dunn,4.985714503696987,14,2000,MIL@SD,MIL,SD,,,,,,2B/3B/UTIL
120777-198897,3B,Brock,Brock Wilken,Wilken,,0,2000,MIL@SD,MIL,SD,,,,,,3B/UTIL
120777-198918,C,Ethan,Ethan Salas,Salas,,0,2000,MIL@SD,SD,MIL,IL,Back,,,,C/1B/UTIL
120777-79113,C,Francisco,Francisco Mejia,Mejia,,0,2000,WSH@ATL,WSH,ATL,,,,,,C/1B/UTIL
120777-146697,OF,Garrett,Garrett Mitchell,Mitchell,5.652000122070312,25,2000,MIL@SD,MIL,SD,IL,Shoulder,,,,OF/UTIL
120777-146700,SS,Freddy,Freddy Zamora,Zamora,,0,2000,MIL@SD,MIL,SD,,,,,,SS/UTIL
120777-146718,SS,Casey,Casey Martin,Martin,,0,2000,MIL@SD,MIL,SD,,,,,,SS/UTIL
120777-146726,OF,Josh,Josh Mears,Mears,,0,2000,MIL@SD,SD,MIL,,,,,,OF/UTIL
120777-146735,OF,Roismar,Roismar Quintana,Quintana,,0,2000,WSH@ATL,WSH,ATL,,,,,,OF/UTIL
120777-79156,SS/2B,David,David Fletcher,Fletcher,2.1666666666666665,6,2000,WSH@ATL,ATL,WSH,,,,,,2B/SS/UTIL
120777-82251,OF,Tim,Tim Locastro,Locastro,0,1,2000,MIL@SD,SD,MIL,,,,,,OF/UTIL
120777-211306,2B,Darren,Darren Baker,Baker,3.355555640326606,9,2000,WSH@ATL,WSH,ATL,,,,,,2B/UTIL
120777-193947,SS,Mason,Mason McCoy,McCoy,3.0866666158040363,15,2000,MIL@SD,SD,MIL,,,,,,SS/UTIL
120777-180644,2B,Nate,Nate Mondou,Mondou,0,1,2000,MIL@SD,SD,MIL,,,,,,2B/UTIL
120777-13794,OF,Delino,Delino DeShields,DeShields,,0,2000,WSH@ATL,WSH,ATL,,,,,,OF/UTIL
120777-119308,SS,Adam,Adam Hall,Hall,,0,2000,MIL@SD,MIL,SD,,,,,,SS/UTIL
120777-202259,1B/OF,Trenton,Trenton Brooks,Brooks,2.48,25,2000,MIL@SD,SD,MIL,,,,,,C/1B/OF/UTIL
120777-219664,OF,Matt,Matt Koperniak,Koperniak,,0,2000,STL@SF,STL,SF,,,,,,OF/UTIL
120777-219699,C,Jesus,Jesus Rodriguez,Rodriguez,,0,2000,STL@SF,SF,STL,,,,,,C/1B/UTIL
120777-181820,OF/2B/SS/3B,Brett,Brett Wisely,Wisely,5.454545454545454,22,2000,WSH@ATL,ATL,WSH,,,,,,2B/3B/SS/OF/UTIL
120777-119360,OF,Pablo,Pablo Abreu,Abreu,,0,2000,MIL@SD,MIL,SD,,,,,,OF/UTIL
120777-181824,SS,Osleivis,Osleivis Basabe,Basabe,0,1,2000,STL@SF,SF,STL,,,,,,SS/UTIL
120777-119362,SS,Eduardo,Eduardo Garcia,Garcia,,0,2000,MIL@SD,MIL,SD,,,,,,SS/UTIL
120777-119371,2B,Devin,Devin Mann,Mann,,0,2000,STL@SF,SF,STL,,,,,,2B/UTIL
120777-222815,3B,Mike,Mike Boeve,Boeve,,0,2000,MIL@SD,MIL,SD,,,,,,3B/UTIL
120777-82531,C,Andy,Andy Yerzy,Yerzy,,0,2000,STL@SF,STL,SF,,,,,,C/1B/UTIL
120777-222817,SS,Jesus,Jesus Made,Made,,0,2000,MIL@SD,MIL,SD,,,,,,SS/UTIL
120777-222816,SS,Cooper,Cooper Pratt,Pratt,,0,2000,MIL@SD,MIL,SD,,,,,,SS/UTIL
120777-119402,C,Rodolfo,Rodolfo Duran,Duran,,0,2000,MIL@SD,SD,MIL,,,,,,C/1B/UTIL
120777-222831,SS,Jackson,Jackson Cluff,Cluff,,0,2000,WSH@ATL,WSH,ATL,,,,,,SS/UTIL
120777-222829,SS,Seaver,Seaver King,King,,0,2000,WSH@ATL,WSH,ATL,,,,,,SS/UTIL
120777-222836,SS,JJ,JJ Wetherholt,Wetherholt,,0,2000,STL@SF,STL,SF,,,,,,SS/UTIL
120777-119419,OF,Hunter,Hunter Bishop,Bishop,,0,2000,STL@SF,SF,STL,,,,,,OF/UTIL
120777-119418,OF,Jairo,Jairo Pomares,Pomares,,0,2000,STL@SF,SF,STL,,,,,,OF/UTIL
120777-82558,OF,Conner,Conner Capel,Capel,2.171428544180734,7,2000,WSH@ATL,ATL,WSH,,,,,,OF/UTIL
120777-119434,OF,Moises,Moises Gomez,Gomez,,0,2000,MIL@SD,SD,MIL,,,,,,OF/UTIL
120777-119439,C,Sam,Sam Huff,Huff,4.8,20,2000,STL@SF,SF,STL,,,,,,C/1B/UTIL
120777-164501,SS,Cal,Cal Conley,Conley,,0,2000,WSH@ATL,ATL,WSH,,,,,,SS/UTIL
120777-119450,OF,Jeremy,Jeremy De La Rosa,De La Rosa,,0,2000,WSH@ATL,WSH,ATL,,,,,,OF/UTIL
120777-164508,OF,Jesse,Jesse Franklin,Franklin,,0,2000,WSH@ATL,ATL,WSH,,,,,,OF/UTIL
120777-164531,SS,Kevin,Kevin Made,Made,,0,2000,WSH@ATL,WSH,ATL,,,,,,SS/UTIL
120777-82624,C,Sean,Sean Murphy,Murphy,8.003191359499668,94,2000,WSH@ATL,ATL,WSH,IL,Hip,,,,C/1B/UTIL
120777-162509,1B/OF,Juan,Juan Yepez,Yepez,8.784127371651786,63,2000,WSH@ATL,WSH,ATL,,,,,,C/1B/OF/UTIL
120777-165604,C,Jeferson,Jeferson Quero,Quero,,0,2000,MIL@SD,MIL,SD,,,,,,C/1B/UTIL
120777-165610,3B,Zavier,Zavier Warren,Warren,,0,2000,MIL@SD,MIL,SD,,,,,,3B/UTIL
120777-165622,SS,Jheremy,Jheremy Vargas,Vargas,,0,2000,MIL@SD,MIL,SD,,,,,,SS/UTIL
120777-165652,OF,Yhoswar,Yhoswar Garcia,Garcia,,0,2000,MIL@SD,MIL,SD,,,,,,OF/UTIL
120777-199466,3B/1B,Trey,Trey Lipscomb,Lipscomb,3.066666603088379,3,2000,WSH@ATL,WSH,ATL,,,,,,C/1B/3B/UTIL
120777-195378,SS/2B/OF,Tyler,Tyler Fitzgerald,Fitzgerald,5.983333163791233,72,2000,STL@SF,SF,STL,,,,,,2B/SS/OF/UTIL
120777-193328,OF,Wade,Wade Meckler,Meckler,0,2,2000,STL@SF,SF,STL,,,,,,OF/UTIL
120777-165685,SS,Aeverson,Aeverson Arteaga,Arteaga,,0,2000,STL@SF,SF,STL,,,,,,SS/UTIL
120777-165690,C,Brett,Brett Auerbach,Auerbach,,0,2000,STL@SF,SF,STL,,,,,,C/1B/UTIL
120777-165692,OF,Joshua,Joshua Baez,Baez,,0,2000,STL@SF,STL,SF,,,,,,OF/UTIL
120777-110404,3B,Mike,Mike Brosseau,Brosseau,0,1,2000,MIL@SD,SD,MIL,,,,,,3B/UTIL
120777-163661,3B/2B,Eguy,Eguy Rosario,Rosario,4.193548387096774,31,2000,MIL@SD,SD,MIL,,,,,,2B/3B/UTIL
120777-119632,OF,Hedbert,Hedbert Perez,Perez,,0,2000,MIL@SD,MIL,SD,,,,,,OF/UTIL
120777-163671,3B,Jose,Jose Tena,Tena,6.895999755859375,50,2000,WSH@ATL,WSH,ATL,,,,,,3B/UTIL
120777-165730,C,Drew,Drew Millas,Millas,7.427777608235677,18,2000,WSH@ATL,WSH,ATL,IL,Finger,,,,C/1B/UTIL
120777-165728,SS,Armando,Armando Cruz,Cruz,,0,2000,WSH@ATL,WSH,ATL,,,,,,SS/UTIL
120777-165732,1B,Branden,Branden Boissiere,Boissiere,,0,2000,WSH@ATL,WSH,ATL,,,,,,C/1B/UTIL
120777-163694,SS,Eddys,Eddys Leonard,Leonard,0,1,2000,WSH@ATL,ATL,WSH,,,,,,SS/UTIL
120777-174963,SS,Charles,Charles Leblanc,Leblanc,8.290908813476562,11,2000,WSH@ATL,ATL,WSH,,,,,,SS/UTIL
120777-102279,3B,Drew,Drew Ellis,Ellis,,0,2000,STL@SF,SF,STL,,,,,,3B/UTIL
120777-102309,OF,Michael,Michael Siani,Siani,1.6210525914242393,19,2000,STL@SF,STL,SF,,,,,,OF/UTIL
120777-68537,2B/3B/SS/OF,Tyler,Tyler Wade,Wade,3.468333435058594,60,2000,MIL@SD,SD,MIL,,,,,,2B/3B/SS/OF/UTIL
120777-52157,C,Tom,Tom Murphy,Murphy,3.7571427481515065,14,2000,STL@SF,SF,STL,IL,Back,,,,C/1B/UTIL
120777-102339,C,Diego,Diego Cartaya,Cartaya,0,2,2000,STL@SF,SF,STL,,,,,,C/1B/UTIL
120777-13253,C,Martin,Martin Maldonado,Maldonado,3.831249952316284,64,2000,MIL@SD,SD,MIL,,,,,,C/1B/UTIL
120777-171986,3B,Matthew,Matthew Batten,Batten,4.5,2,2000,WSH@ATL,ATL,WSH,,,,,,3B/UTIL
120777-102391,OF,Tirso,Tirso Ornelas,Ornelas,1.7857142857142858,7,2000,MIL@SD,SD,MIL,,,,,,OF/UTIL
120777-102398,OF,Jarred,Jarred Kelenic,Kelenic,4.100000063578288,24,2000,WSH@ATL,ATL,WSH,,,,,,OF/UTIL