Id,Position,First Name,Nickname,Last Name,FPPG,Played,Salary,Game,Team,Opponent,Injury Indicator,Injury Details,Tier,Probable Pitcher,Batting Order,Roster Position
116612-16960,P,Zack,Zack Wheeler,Wheeler,42,8,11000,PHI@TB,PHI,TB,,,,,,P
116612-135977,P,Garrett,Garrett Crochet,Crochet,39.5,8,10700,TEX@BOS,BOS,TEX,,,,,,P
116612-119340,P,Tarik,Tarik Skubal,Skubal,38.57142857142857,7,10600,DET@COL,DET,COL,,,,,,P
116612-82550,P,Hunter,Hunter Greene,Greene,43,7,10600,CIN@ATL,CIN,ATL,,,,Yes,,P
116612-79951,P,Nick,Nick Pivetta,Pivetta,38.857142857142854,7,10500,SD@NYY,SD,NYY,,,,,,P
116612-117232,P,Michael,Michael King,King,34.625,8,10500,SD@NYY,SD,NYY,,,,,,P
116612-52185,P,Max,Max Fried,Fried,41.714285714285715,7,10500,SD@NYY,NYY,SD,,,,Yes,,P
116612-79280,P,Jesus,Jesus Luzardo,Luzardo,39,7,10300,PHI@TB,PHI,TB,,,,,,P
116612-162445,P,Spencer,Spencer Strider,Strider,24,1,10200,CIN@ATL,ATL,CIN,IL,Hamstring,,,,P
116612-13233,P,Nathan,Nathan Eovaldi,Eovaldi,39.25,8,10200,TEX@BOS,TEX,BOS,,,,,,P
116612-12477,P,Chris,Chris Sale,Sale,31.375,8,9900,CIN@ATL,ATL,CIN,,,,,,P
116612-60633,P,Carlos,Carlos Rodon,Rodon,38.625,8,9800,SD@NYY,NYY,SD,,,,,,P
116612-119430,P,Joe,Joe Ryan,Ryan,35.142857142857146,7,9700,BAL@MIN,MIN,BAL,,,,,,P
116612-118225,P,Cristopher,Cristopher Sanchez,Sanchez,33.5,6,9700,PHI@TB,PHI,TB,,,,Yes,,P
116612-52859,P,Jacob,Jacob deGrom,deGrom,29.857142857142858,7,9700,TEX@BOS,TEX,BOS,,,,,,P
116612-85253,P,Casey,Casey Mize,Mize,32.666666666666664,6,9600,DET@COL,DET,COL,,,,,,P
116612-79246,P,Jack,Jack Flaherty,Flaherty,30.571428571428573,7,9600,DET@COL,DET,COL,,,,,,P
116612-79270,P,Cole,Cole Ragans,Ragans,36.142857142857146,7,9600,CWS@KC,KC,CWS,,,,,,P
116612-82630,P,Shane,Shane Baz,Baz,34.166666666666664,6,9500,PHI@TB,TB,PHI,,,,Yes,,P
116612-83152,P,Pablo,Pablo Lopez,Lopez,35.333333333333336,6,9500,BAL@MIN,MIN,BAL,,,,,,P
116612-102294,P,Grayson,Grayson Rodriguez,Rodriguez,35.6,20,9500,BAL@MIN,BAL,MIN,IL,Lat,,,,P
116612-102330,P,Kris,Kris Bubic,Bubic,35.714285714285715,7,9500,CWS@KC,KC,CWS,,,,,,P
116612-145612,P,Bailey,Bailey Ober,Ober,29.285714285714285,7,9400,BAL@MIN,MIN,BAL,,,,,,P
116612-11328,P,Martin,Martin Perez,Perez,26.75,4,9400,CWS@KC,CWS,KC,IL,Elbow,,,,P
116612-102344,P,Brady,Brady Singer,Singer,31.857142857142858,7,9400,CIN@ATL,CIN,ATL,,,,,,P
116612-119329,P,Nick,Nick Lodolo,Lodolo,29.428571428571427,7,9300,CIN@ATL,CIN,ATL,,,,,,P
116612-102407,P,Shane,Shane McClanahan,McClanahan,0,1,9200,PHI@TB,TB,PHI,IL,Triceps,,,,P
116612-164503,P,Spencer,Spencer Schwellenbach,Schwellenbach,29.571428571428573,7,9200,CIN@ATL,ATL,CIN,,,,,,P
116612-68491,P,Reynaldo,Reynaldo Lopez,Lopez,9,1,9200,CIN@ATL,ATL,CIN,IL,Shoulder,,,,P
116612-71034,P,Seth,Seth Lugo,Lugo,31.625,8,9200,CWS@KC,KC,CWS,,,,,,P
116612-16956,P,Gerrit,Gerrit Cole,Cole,32,22,9000,SD@NYY,NYY,SD,IL,Elbow,,,,P
116612-53067,P,Chris,Chris Bassitt,Bassitt,32.714285714285715,7,9000,TOR@LAA,TOR,LAA,,,,,,P
116612-68518,P,Spencer,Spencer Turnbull,Turnbull,18.529411764705884,17,8900,TOR@LAA,TOR,LAA,,,,,,P
116612-83157,P,Ranger,Ranger Suarez,Suarez,8,1,8900,PHI@TB,PHI,TB,,,,,,P
116612-60647,P,Aaron,Aaron Nola,Nola,30.428571428571427,7,8800,PHI@TB,PHI,TB,,,,,,P
116612-79168,P,Walker,Walker Buehler,Buehler,29.333333333333332,6,8800,TEX@BOS,BOS,TEX,IL,Shoulder,,,,P
116612-118206,P,Luis,Luis Gil,Gil,30.29032258064516,31,8800,SD@NYY,NYY,SD,IL,Lat,,,,P
116612-165512,P,Andrew,Andrew Abbott,Abbott,32.6,5,8800,CIN@ATL,CIN,ATL,,,,,,P
116612-135647,P,Ryan,Ryan Pepiot,Pepiot,27.142857142857142,7,8700,PHI@TB,TB,PHI,,,,,,P
116612-60639,P,Jose,Jose Berrios,Berrios,27.714285714285715,7,8700,TOR@LAA,TOR,LAA,,,,Yes,,P
116612-165551,P,Reese,Reese Olson,Olson,32.714285714285715,7,8700,DET@COL,DET,COL,,,,,,P
116612-16931,P,Yu,Yu Darvish,Darvish,28.77777777777778,18,8600,SD@NYY,SD,NYY,IL,Elbow,,,,P
116612-38000,P,Kevin,Kevin Gausman,Gausman,29.714285714285715,7,8600,TOR@LAA,TOR,LAA,,,,,,P
116612-79109,P,Tyler,Tyler Mahle,Mahle,32.57142857142857,7,8600,TEX@BOS,TEX,BOS,,,,Yes,,P
116612-102458,P,Kutter,Kutter Crawford,Crawford,27.96969696969697,33,8500,TEX@BOS,BOS,TEX,IL,Knee,,,,P
116612-79091,P,Dylan,Dylan Cease,Cease,23.571428571428573,7,8500,SD@NYY,SD,NYY,,,,Yes,,P
116612-38246,P,Tyler,Tyler Anderson,Anderson,30.714285714285715,7,8500,TOR@LAA,LAA,TOR,,,,,,P
116612-203676,P,David,David Festa,Festa,26,3,8400,BAL@MIN,MIN,BAL,,,,,,P
116612-79207,P,Grant,Grant Holmes,Holmes,25.571428571428573,7,8400,CIN@ATL,ATL,CIN,,,,Yes,,P
116612-165547,P,Jackson,Jackson Jobe,Jobe,23,5,8400,DET@COL,DET,COL,,,,Yes,,P
116612-21097,P,Taijuan,Taijuan Walker,Walker,22.833333333333332,6,8300,PHI@TB,PHI,TB,,,,,,P
116612-37999,P,Michael,Michael Wacha,Wacha,24.428571428571427,7,8300,CWS@KC,KC,CWS,,,,Yes,,P
116612-5481,P,Max,Max Scherzer,Scherzer,6,1,8300,TOR@LAA,TOR,LAA,IL,Thumb,,,,P
116612-52728,P,Michael,Michael Lorenzen,Lorenzen,27.142857142857142,8,8300,CWS@KC,KC,CWS,,,,,,P
116612-219668,P,Hunter,Hunter Dobbins,Dobbins,28,3,8200,TEX@BOS,BOS,TEX,,,,,,P
116612-119361,P,Drew,Drew Rasmussen,Rasmussen,24.428571428571427,7,8200,PHI@TB,TB,PHI,,,,,,P
116612-165706,P,Jack,Jack Leiter,Leiter,20.75,4,8200,TEX@BOS,TEX,BOS,,,,,,P
116612-163680,P,Brayan,Brayan Bello,Bello,31.333333333333332,3,8100,TEX@BOS,BOS,TEX,,,,,,P
116612-198879,P,Rhett,Rhett Lowder,Lowder,27,6,8000,CIN@ATL,CIN,ATL,IL,Forearm,,,,P
116612-110822,P,Jose,Jose Urquidy,Urquidy,0,1,8000,DET@COL,DET,COL,IL,Elbow,,,,P
116612-68482,P,Zach,Zach Eflin,Eflin,28,3,8000,BAL@MIN,BAL,MIN,IL,Lat,,,,P
116612-68523,P,Joe,Joe Musgrove,Musgrove,28.45,20,8000,SD@NYY,SD,NYY,IL,Elbow,,,,P
116612-52198,P,Lucas,Lucas Giolito,Giolito,16.5,2,8000,TEX@BOS,BOS,TEX,,,,,,P
116612-102001,P,Yusei,Yusei Kikuchi,Kikuchi,24.142857142857142,7,8000,TOR@LAA,LAA,TOR,,,,Yes,,P
116612-165698,P,Taj,Taj Bradley,Bradley,26.571428571428573,7,8000,PHI@TB,TB,PHI,,,,,,P
116612-163700,P,Kyle,Kyle Bradish,Bradish,32.625,8,8000,BAL@MIN,BAL,MIN,IL,Elbow,,,,P
116612-194677,P,Easton,Easton Lucas,Lucas,19.5,4,7900,TOR@LAA,TOR,LAA,,,,,,P
116612-102528,P,Simeon,Simeon Woods Richardson,Woods Richardson,25,6,7900,BAL@MIN,MIN,BAL,,,,Yes,,P
116612-211874,P,Kumar,Kumar Rocker,Rocker,12.8,5,7900,TEX@BOS,TEX,BOS,IL,Shoulder,,,,P
116612-163698,P,Bowden,Bowden Francis,Francis,19.142857142857142,7,7900,TOR@LAA,TOR,LAA,,,,,,P
116612-82621,P,Clarke,Clarke Schmidt,Schmidt,22.5,4,7800,SD@NYY,NYY,SD,,,,,,P
116612-185896,P,Cody,Cody Bradford,Bradford,29.785714285714285,14,7800,TEX@BOS,TEX,BOS,IL,Elbow,,,,P
116612-220895,P,Tomoyuki,Tomoyuki Sugano,Sugano,24.428571428571427,7,7800,BAL@MIN,BAL,MIN,,,,,,P
116612-164509,P,AJ,AJ Smith-Shawver,Smith-Shawver,30.2,5,7700,CIN@ATL,ATL,CIN,,,,,,P
116612-211765,P,Richard,Richard Fitts,Fitts,26.666666666666668,3,7700,TEX@BOS,BOS,TEX,IL,Pectoral,,,,P
116612-83166,P,Zack,Zack Littell,Littell,23.285714285714285,7,7700,PHI@TB,TB,PHI,,,,,,P
116612-102345,P,Jose,Jose Soriano,Soriano,26.571428571428573,7,7700,TOR@LAA,LAA,TOR,,,,,,P
116612-170315,P,Davis,Davis Martin,Martin,23.142857142857142,7,7600,CWS@KC,CWS,KC,,,,,,P
116612-82540,P,Tanner,Tanner Houck,Houck,19.142857142857142,7,7600,TEX@BOS,BOS,TEX,,,,Yes,,P
116612-220840,P,Shane,Shane Smith,Smith,27,7,7600,CWS@KC,CWS,KC,,,,,,P
116612-135229,P,Reid,Reid Detmers,Detmers,4.6,11,7500,TOR@LAA,LAA,TOR,,,,,,P
116612-119441,P,Alek,Alek Manoah,Manoah,27,6,7500,TOR@LAA,TOR,LAA,IL,Elbow,,,,P
116612-165573,P,Alec,Alec Marsh,Marsh,24.423076923076923,26,7500,CWS@KC,KC,CWS,IL,Shoulder,,,,P
116612-200581,P,Jonathan,Jonathan Cannon,Cannon,24.571428571428573,7,7500,CWS@KC,CWS,KC,,,,Yes,,P
116612-13123,P,Alex,Alex Cobb,Cobb,19.4,5,7400,DET@COL,DET,COL,IL,Hip,,,,P
116612-165543,P,Sean,Sean Burke,Burke,20.75,8,7400,CWS@KC,CWS,KC,,,,,,P
116612-60637,P,Sean,Sean Newcomb,Newcomb,21.142857142857142,7,7300,TEX@BOS,BOS,TEX,,,,,,P
116612-13664,P,Patrick,Patrick Corbin,Corbin,22,5,7300,TEX@BOS,TEX,BOS,,,,,,P
116612-39041,P,Marcus,Marcus Stroman,Stroman,4.333333333333333,3,7200,SD@NYY,NYY,SD,IL,Knee,,,,P
116612-198886,P,Chase,Chase Dollander,Dollander,21.6,5,7200,DET@COL,COL,DET,,,,Yes,,P
116612-53590,P,Nick,Nick Martinez,Martinez,24.571428571428573,7,7200,CIN@ATL,CIN,ATL,,,,,,P
116612-70470,P,Albert,Albert Suarez,Suarez,11,1,7200,BAL@MIN,BAL,MIN,IL,Shoulder,,,,P
116612-198912,P,Will,Will Warren,Warren,20,7,7100,SD@NYY,NYY,SD,,,,,,P
116612-82607,P,Trevor,Trevor Rogers,Rogers,19.36,25,7100,BAL@MIN,BAL,MIN,IL,Kneecap,,,,P
116612-197766,P,Keider,Keider Montero,Montero,17.666666666666668,3,7100,DET@COL,DET,COL,,,,,,P
116612-118202,P,Kyle,Kyle Hart,Hart,17,5,7100,SD@NYY,SD,NYY,,,,,,P
116612-161256,P,Cooper,Cooper Criswell,Criswell,0.3333333333333333,3,7100,TEX@BOS,BOS,TEX,,,,,,P
116612-202541,P,Cade,Cade Povich,Povich,20.285714285714285,7,7100,BAL@MIN,BAL,MIN,,,,,,P
116612-6266,P,Carlos,Carlos Carrasco,Carrasco,15,8,7000,SD@NYY,NYY,SD,,,,,,P
116612-119355,P,Jack,Jack Kochanowicz,Kochanowicz,16.857142857142858,7,7000,TOR@LAA,LAA,TOR,,,,,,P
116612-52155,P,Jon,Jon Gray,Gray,20.47826086956522,24,7000,TEX@BOS,TEX,BOS,IL,Wrist,,,,P
116612-208032,P,Brant,Brant Hurter,Hurter,9.333333333333334,9,7000,DET@COL,DET,COL,,,,,,P
116612-60632,P,Kyle,Kyle Freeland,Freeland,19.428571428571427,7,7000,DET@COL,COL,DET,,,,,,P
116612-161465,P,Ryan,Ryan Feltner,Feltner,21,6,7000,DET@COL,COL,DET,IL,Back,,,,P
116612-211069,P,Sam,Sam Aldegheri,Aldegheri,19.333333333333332,3,6900,TOR@LAA,LAA,TOR,,,,,,P
116612-12936,P,Kyle,Kyle Gibson,Gibson,1,2,6900,BAL@MIN,BAL,MIN,,,,,,P
116612-102447,P,Dean,Dean Kremer,Kremer,18.428571428571427,7,6800,BAL@MIN,BAL,MIN,,,,,,P
116612-102498,P,Patrick,Patrick Sandoval,Sandoval,23.4375,16,6800,TEX@BOS,BOS,TEX,IL,Elbow,,,,P
116612-102569,P,Michael,Michael Mercado,Mercado,5.4,5,6800,PHI@TB,PHI,TB,,,,,,P
116612-198934,P,Yariel,Yariel Rodriguez,Rodriguez,4,13,6800,TOR@LAA,TOR,LAA,,,,,,P
116612-149886,P,Cody,Cody Poteet,Poteet,-4,1,6800,BAL@MIN,BAL,MIN,IL,Shoulder,,,,P
116612-219659,P,Brandon,Brandon Young,Young,17.5,2,6800,BAL@MIN,BAL,MIN,IL,Shoulder,,,,P
116612-79078,P,Ian,Ian Anderson,Anderson,2.2857142857142856,7,6800,CIN@ATL,ATL,CIN,,,,,,P
116612-79133,P,Matt,Matt Manning,Manning,21.4,5,6800,DET@COL,DET,COL,,,,,,P
116612-185845,P,Allan,Allan Winans,Winans,-2,2,6800,SD@NYY,NYY,SD,,,,,,P
116612-165638,P,Randy,Randy Vasquez,Vasquez,14.857142857142858,7,6800,SD@NYY,SD,NYY,,,,,,P
116612-12972,P,Wade,Wade Miley,Miley,6,2,6700,CIN@ATL,CIN,ATL,IL,Elbow,,,,P
116612-79224,P,Chris,Chris Paddack,Paddack,15.571428571428571,7,6700,BAL@MIN,MIN,BAL,,,,,,P
116612-146664,P,Bryce,Bryce Elder,Elder,21.333333333333332,6,6600,CIN@ATL,ATL,CIN,,,,,,P
116612-53398,P,Kyle,Kyle Hendricks,Hendricks,16.666666666666668,6,6500,TOR@LAA,LAA,TOR,,,,,,P
116612-102574,P,Jake,Jake Woodford,Woodford,10.444444444444445,9,6500,SD@NYY,NYY,SD,,,,,,P
116612-198891,P,Caden,Caden Dana,Dana,9,1,6500,TOR@LAA,LAA,TOR,,,,,,P
116612-198917,P,Drew,Drew Thorpe,Thorpe,18.333333333333332,9,6500,CWS@KC,CWS,KC,IL,Elbow,,,,P
116612-53608,P,Jose,Jose Urena,Urena,8,2,6500,TOR@LAA,TOR,LAA,,,,,,P
116612-68452,P,Kenta,Kenta Maeda,Maeda,3.857142857142857,7,6500,DET@COL,DET,COL,,,,,,P
116612-83098,P,Austin,Austin Gomber,Gomber,22,30,6500,DET@COL,COL,DET,IL,Shoulder,,,,P
116612-60627,P,Touki,Touki Toussaint,Toussaint,9,1,6500,TOR@LAA,LAA,TOR,,,,,,P
116612-79103,P,Dane,Dane Dunning,Dunning,12,1,6500,TEX@BOS,TEX,BOS,,,,,,P
116612-194242,P,Carson,Carson Spiers,Spiers,16.666666666666668,3,6500,CIN@ATL,CIN,ATL,IL,Shoulder,,,,P
116612-170174,P,Chase,Chase Silseth,Silseth,21,4,6400,TOR@LAA,LAA,TOR,,,,,,P
116612-194939,P,Joe,Joe Boyle,Boyle,42,1,6400,PHI@TB,TB,PHI,,,,,,P
116612-170891,P,Davis,Davis Daniel,Daniel,6,1,6400,CIN@ATL,ATL,CIN,,,,,,P
116612-5466,P,Charlie,Charlie Morton,Morton,8.875,8,6400,BAL@MIN,BAL,MIN,,,,Yes,,P
116612-165508,P,Graham,Graham Ashcraft,Ashcraft,7.571428571428571,14,6400,CIN@ATL,CIN,ATL,,,,,,P
116612-209173,P,Zebby,Zebby Matthews,Matthews,18.22222222222222,9,6300,BAL@MIN,MIN,BAL,,,,,,P
116612-68517,P,Antonio,Antonio Senzatela,Senzatela,14.428571428571429,7,6300,DET@COL,COL,DET,,,,,,P
116612-66766,P,Adrian,Adrian Houser,Houser,9.304347826086957,23,6300,TEX@BOS,TEX,BOS,,,,,,P
116612-197871,P,Bradley,Bradley Blalock,Blalock,6.25,4,6300,DET@COL,COL,DET,,,,,,P
116612-79226,P,Eric,Eric Lauer,Lauer,9.5,2,6300,TOR@LAA,TOR,LAA,,,,,,P
116612-79254,P,Dakota,Dakota Hudson,Hudson,14.38888888888889,18,6300,TOR@LAA,LAA,TOR,,,,,,P
116612-73835,P,Ty,Ty Blach,Blach,9.15,20,6200,TEX@BOS,TEX,BOS,,,,,,P
116612-73880,P,German,German Marquez,Marquez,7,8,6200,DET@COL,COL,DET,,,,,,P
116612-119416,P,Brandon,Brandon Williamson,Williamson,15.25,4,6200,CIN@ATL,CIN,ATL,IL,Elbow,,,,P
116612-199459,P,Nick,Nick Nastrini,Nastrini,11.666666666666666,9,6200,CWS@KC,CWS,KC,,,,,,P
116612-70559,P,Mike,Mike Clevinger,Clevinger,1.375,8,6200,CWS@KC,CWS,KC,,,,,,P
116612-181660,P,Jhony,Jhony Brito,Brito,6.3076923076923075,26,6200,SD@NYY,SD,NYY,IL,Forearm,,,,P
116612-181833,P,Darius,Darius Vines,Vines,7.25,4,6200,CIN@ATL,ATL,CIN,IL,Undisclosed,,,,P
116612-165546,P,Ty,Ty Madden,Madden,13.142857142857142,7,6200,DET@COL,DET,COL,IL,Shoulder,,,,P
116612-102394,P,Luis,Luis Patino,Patino,0,1,6200,SD@NYY,SD,NYY,O,Elbow,,,,P
116612-198872,P,Hurston,Hurston Waldrep,Waldrep,-4.5,2,6100,CIN@ATL,ATL,CIN,,,,,,P
116612-68485,P,Ryan,Ryan Yarbrough,Yarbrough,9.777777777777779,9,6100,SD@NYY,NYY,SD,,,,,,P
116612-195785,P,Caleb,Caleb Boushley,Boushley,8,4,6100,TEX@BOS,TEX,BOS,,,,,,P
116612-156976,P,Darren,Darren McCaughan,McCaughan,10.333333333333334,3,6100,BAL@MIN,MIN,BAL,,,,,,P
116612-102333,P,Daniel,Daniel Lynch IV,Lynch IV,6.066666666666666,15,6100,CWS@KC,KC,CWS,,,,,,P
116612-188485,P,Matt,Matt Waldron,Waldron,25.22222222222222,27,6000,SD@NYY,SD,NYY,IL,Oblique,,,,P
116612-145922,P,Tyler,Tyler Wells,Wells,19.666666666666668,4,6000,BAL@MIN,BAL,MIN,IL,Elbow,,,,P
116612-219697,P,Noah,Noah Cameron,Cameron,38,1,6000,CWS@KC,KC,CWS,,,,,,P
116612-82534,P,Bryse,Bryse Wilson,Wilson,5.916666666666667,12,6000,CWS@KC,CWS,KC,,,,,,P
116612-209958,P,Julian,Julian Aguiar,Aguiar,15.142857142857142,7,6000,CIN@ATL,CIN,ATL,IL,Elbow,,,,P
116612-101804,P,Huascar,Huascar Ynoa,Ynoa,0,2,6000,BAL@MIN,MIN,BAL,,,,,,P
116612-165720,P,Ricky,Ricky Tiedemann,Tiedemann,,0,6000,TOR@LAA,TOR,LAA,IL,Elbow,,,,P
116612-204632,P,Tanner,Tanner Gordon,Gordon,10.75,8,6000,DET@COL,COL,DET,,,,,,P
116612-163681,P,Josh,Josh Winckowski,Winckowski,7.833333333333333,6,6000,TEX@BOS,BOS,TEX,,,,,,P
116612-135231,P,Jared,Jared Shuster,Shuster,4.833333333333333,6,5900,CWS@KC,CWS,KC,,,,,,P
116612-178306,P,Bryan,Bryan Hoeing,Hoeing,7.405405405405405,37,5900,SD@NYY,SD,NYY,IL,Shoulder,,,,P
116612-203266,P,Jake,Jake Bloss,Bloss,13.666666666666666,3,5900,TOR@LAA,TOR,LAA,DTD,Elbow,,,,P
116612-119391,P,Roansy,Roansy Contreras,Contreras,6.085106382978723,49,5900,BAL@MIN,BAL,MIN,,,,,,P
116612-179456,P,Louis,Louis Varland,Varland,6.222222222222222,19,5900,BAL@MIN,MIN,BAL,,,,,,P
116612-146728,P,Connor,Connor Phillips,Phillips,0,2,5900,CIN@ATL,CIN,ATL,IL,Shoulder,,,,P
116612-52873,P,Joe,Joe Ross,Ross,6.583333333333333,13,5900,PHI@TB,PHI,TB,,,,,,P
116612-165578,P,Ky,Ky Bush,Bush,14.25,4,5900,CWS@KC,CWS,KC,IL,Elbow,,,,P
116612-169742,P,Tyler,Tyler Holton,Holton,6.714285714285714,14,5900,DET@COL,DET,COL,,,,,,P
116612-194697,P,Sawyer,Sawyer Gipson-Long,Gipson-Long,0,1,5800,DET@COL,DET,COL,IL,Elbow,,,,P
116612-158858,P,Justin,Justin Bruihl,Bruihl,2,7,5800,TOR@LAA,TOR,LAA,,,,,,P
116612-102487,P,Austin,Austin Cox,Cox,,0,5700,CIN@ATL,ATL,CIN,,,,,,P
116612-145610,P,Angel,Angel Zerpa,Zerpa,4.928571428571429,14,5700,CWS@KC,KC,CWS,,,,,,P
116612-198905,P,Mike,Mike Vasil,Vasil,9.8,10,5700,CWS@KC,CWS,KC,,,,,,P
116612-119431,P,Seth,Seth Johnson,Johnson,-20,1,5700,PHI@TB,PHI,TB,,,,,,P
116612-82573,P,Alex,Alex Faedo,Faedo,8.054054054054054,37,5700,PHI@TB,TB,PHI,IL,Shoulder,,,,P
116612-164511,P,Dylan,Dylan Dodd,Dodd,6,1,5700,CIN@ATL,ATL,CIN,,,,,,P
116612-101838,P,JT,JT Brubaker,Brubaker,0,3,5700,SD@NYY,NYY,SD,IL,Ribs,,,,P
116612-161275,P,Kyle,Kyle Tyler,Tyler,14.125,8,5700,PHI@TB,PHI,TB,,,,,,P
116612-165600,P,Jake,Jake Eder,Eder,1.3333333333333333,3,5700,TOR@LAA,LAA,TOR,,,,,,P
116612-102462,P,Lyon,Lyon Richardson,Richardson,7.5,3,5600,CIN@ATL,CIN,ATL,,,,,,P
116612-79873,P,Dylan,Dylan Covey,Covey,0,2,5500,CIN@ATL,ATL,CIN,,,,,,P
116612-102419,P,Cole,Cole Winn,Winn,3.769230769230769,13,5500,TEX@BOS,TEX,BOS,,,,,,P
116612-102420,P,Owen,Owen White,White,-7.5,3,5500,CWS@KC,CWS,KC,,,,,,P
116612-114708,P,Randy,Randy Dobnak,Dobnak,16,1,5500,BAL@MIN,MIN,BAL,IL,Undisclosed,,,,P
116612-161818,P,Dylan,Dylan Coleman,Coleman,6,2,5500,BAL@MIN,BAL,MIN,,,,,,P
116612-102426,P,Adam,Adam Kloffenstein,Kloffenstein,3,1,5500,TOR@LAA,TOR,LAA,IL,Shoulder,,,,P
116612-102428,P,Eric,Eric Pardinho,Pardinho,,0,5500,TOR@LAA,TOR,LAA,,,,,,P
116612-155687,P,Andrew,Andrew Wantz,Wantz,10,1,5500,PHI@TB,TB,PHI,IL,Elbow,,,,P
116612-102448,P,Brenan,Brenan Hanifee,Hanifee,6.571428571428571,14,5500,DET@COL,DET,COL,,,,,,P
116612-190516,P,Daysbel,Daysbel Hernandez,Hernandez,5.75,16,5500,CIN@ATL,ATL,CIN,,,,,,P
116612-135226,P,Wes,Wes Benjamin,Benjamin,,0,5500,SD@NYY,SD,NYY,,,,,,P
116612-200764,P,Cam,Cam Booser,Booser,3.8666666666666667,15,5500,CWS@KC,CWS,KC,,,,,,P
116612-79936,P,Mark,Mark Leiter Jr.,Leiter Jr.,6.125,16,5500,SD@NYY,NYY,SD,,,,,,P
116612-104512,P,Geoff,Geoff Hartlieb,Hartlieb,4.2,5,5500,SD@NYY,NYY,SD,,,,,,P
116612-149587,P,Jay,Jay Flaa,Flaa,,0,5500,CIN@ATL,ATL,CIN,,,,,,P
116612-102489,P,Carlos,Carlos Hernandez,Hernandez,3.3846153846153846,13,5500,PHI@TB,PHI,TB,,,,,,P
116612-135256,P,Connor,Connor Brogdon,Brogdon,-1.5,6,5500,TOR@LAA,LAA,TOR,,,,,,P
116612-135262,P,Anthony,Anthony Misiewicz,Misiewicz,6,1,5500,BAL@MIN,MIN,BAL,,,,,,P
116612-102501,P,Braydon,Braydon Fisher,Fisher,,0,5500,TOR@LAA,TOR,LAA,,,,,,P
116612-73828,P,Dan,Dan Altavilla,Altavilla,1.6,5,5500,CWS@KC,CWS,KC,,,,,,P
116612-102505,P,Edwin,Edwin Uceta,Uceta,4.6,15,5500,PHI@TB,TB,PHI,,,,,,P
116612-135279,P,Codi,Codi Heuer,Heuer,,0,5500,TEX@BOS,TEX,BOS,,,,,,P
116612-116847,P,Cole,Cole Sulser,Sulser,-1.5,2,5500,PHI@TB,TB,PHI,,,,,,P
116612-161907,P,Dylan,Dylan Lee,Lee,5.071428571428571,14,5500,CIN@ATL,ATL,CIN,,,,,,P
116612-135281,P,Bryan,Bryan Baker,Baker,6,15,5500,BAL@MIN,BAL,MIN,,,,,,P
116612-102517,P,Jhoan,Jhoan Duran,Duran,5.6875,16,5500,BAL@MIN,MIN,BAL,,,,,,P
116612-82039,P,Aaron,Aaron Wilkerson,Wilkerson,,0,5500,CIN@ATL,CIN,ATL,,,,,,P
116612-135289,P,Kodi,Kodi Whitley,Whitley,,0,5500,PHI@TB,TB,PHI,IL,Undisclosed,,,,P
116612-135303,P,Jordan,Jordan Weems,Weems,3.575,41,5500,CIN@ATL,ATL,CIN,,,,,,P
116612-135306,P,Cole,Cole Wilcox,Wilcox,,0,5500,PHI@TB,TB,PHI,,,,,,P
116612-114827,P,John,John Schreiber,Schreiber,5.866666666666666,15,5500,CWS@KC,KC,CWS,,,,,,P
116612-73866,P,Wandy,Wandy Peralta,Peralta,4.2,15,5500,SD@NYY,SD,NYY,,,,,,P
116612-102543,P,Connor,Connor Seabold,Seabold,,0,5500,PHI@TB,TB,PHI,,,,,,P
116612-102542,P,Travis,Travis MacGregor,MacGregor,,0,5500,TEX@BOS,TEX,BOS,,,,,,P
116612-135313,P,Nick,Nick Sandlin,Sandlin,4.8,10,5500,TOR@LAA,TOR,LAA,IL,Lat,,,,P
116612-170135,P,Yennier,Yennier Cano,Cano,4.538461538461538,13,5500,BAL@MIN,BAL,MIN,,,,,,P
116612-80033,P,Emilio,Emilio Pagan,Pagan,5.176470588235294,17,5500,CIN@ATL,CIN,ATL,,,,,,P
116612-184482,P,Hobie,Hobie Harris,Harris,,0,5500,TEX@BOS,BOS,TEX,IL,Shoulder,,,,P
116612-80034,P,Jose,Jose Alvarado,Alvarado,7.3125,16,5500,PHI@TB,PHI,TB,,,,,,P
116612-12452,P,Kenley,Kenley Jansen,Jansen,3.7,10,5500,TOR@LAA,LAA,TOR,DTD,Illness,,,,P
116612-102565,P,Mason,Mason Englert,Englert,7.2,11,5500,PHI@TB,TB,PHI,,,,,,P
116612-135339,P,Clayton,Clayton Beeter,Beeter,6.666666666666667,3,5500,SD@NYY,NYY,SD,IL,Shoulder,,,,P
116612-102570,P,Sandy,Sandy Gaston,Gaston,,0,5500,TOR@LAA,LAA,TOR,,,,,,P
116612-209078,P,Max,Max Lazar,Lazar,4.2727272727272725,11,5500,PHI@TB,PHI,TB,,,,,,P
116612-102587,P,Jordan,Jordan Balazovic,Balazovic,,0,5500,DET@COL,DET,COL,,,,,,P
116612-102590,P,Joey,Joey Gerber,Gerber,,0,5500,PHI@TB,TB,PHI,,,,,,P
116612-102593,P,Gerardo,Gerardo Carrillo,Carrillo,,0,5500,TEX@BOS,TEX,BOS,O,Elbow,,,,P
116612-135361,P,Nabil,Nabil Crismatt,Crismatt,7.8,5,5500,PHI@TB,PHI,TB,,,,,,P
116612-145627,P,Lucas,Lucas Gilbreath,Gilbreath,-7.5,3,5500,DET@COL,COL,DET,,,,,,P
116612-198874,P,Noah,Noah Schultz,Schultz,,0,5500,CWS@KC,CWS,KC,,,,,,P
116612-145630,P,Kervin,Kervin Castro,Castro,,0,5500,SD@NYY,NYY,SD,,,,,,P
116612-178411,P,Michael,Michael Plassmeyer,Plassmeyer,0,1,5500,TEX@BOS,TEX,BOS,,,,,,P
116612-198890,P,Walter,Walter Pennington,Pennington,5.8125,16,5500,BAL@MIN,BAL,MIN,,,,,,P
116612-205032,P,Daniel,Daniel Robert,Robert,8.75,4,5500,PHI@TB,PHI,TB,,,,,,P
116612-198901,P,Chase,Chase Hampton,Hampton,,0,5500,SD@NYY,NYY,SD,IL,Elbow,,,,P
116612-198920,P,Dylan,Dylan Lesko,Lesko,,0,5500,PHI@TB,TB,PHI,,,,,,P
116612-157997,P,Sean,Sean Guenther,Guenther,7.666666666666667,3,5500,DET@COL,DET,COL,,,,,,P
116612-203075,P,Michael,Michael Petersen,Petersen,9,1,5500,CIN@ATL,ATL,CIN,,,,,,P
116612-211265,P,Seth,Seth Halvorsen,Halvorsen,4.153846153846154,13,5500,DET@COL,COL,DET,,,,,,P
116612-117065,P,James,James Karinchak,Karinchak,0,3,5500,CWS@KC,CWS,KC,,,,,,P
116612-203080,P,Brandon,Brandon Eisert,Eisert,6.230769230769231,13,5500,CWS@KC,CWS,KC,,,,,,P
116612-170323,P,Nick,Nick Vespi,Vespi,4.7272727272727275,11,5500,PHI@TB,PHI,TB,,,,,,P
116612-135530,P,Brett,Brett de Geus,de Geus,2.1538461538461537,13,5500,PHI@TB,PHI,TB,,,,,,P
116612-225666,P,Paxton,Paxton Schultz,Schultz,22,2,5500,TOR@LAA,TOR,LAA,,,,,,P
116612-225671,P,Zach,Zach Agnos,Agnos,4.166666666666667,6,5500,DET@COL,COL,DET,,,,,,P
116612-170384,P,Yerry,Yerry de los Santos,de los Santos,6,2,5500,SD@NYY,NYY,SD,,,,,,P
116612-61858,P,Raisel,Raisel Iglesias,Iglesias,6,14,5500,CIN@ATL,ATL,CIN,,,,,,P
116612-158131,P,Tyler,Tyler Gilbert,Gilbert,6.555555555555555,9,5500,CWS@KC,CWS,KC,,,,,,P
116612-219568,P,Rolddy,Rolddy Munoz,Munoz,,0,5500,CIN@ATL,ATL,CIN,,,,,,P
116612-188863,P,Randy,Randy Wynne,Wynne,15,1,5500,CIN@ATL,CIN,ATL,,,,,,P
116612-219586,P,Ian,Ian Seymour,Seymour,,0,5500,PHI@TB,TB,PHI,,,,,,P
116612-182750,P,Andrew,Andrew Painter,Painter,,0,5500,PHI@TB,PHI,TB,,,,,,P
116612-145918,P,Will,Will Vest,Vest,6,14,5500,DET@COL,DET,COL,,,,,,P
116612-184829,P,McKinley,McKinley Moore,Moore,0,3,5500,SD@NYY,NYY,SD,,,,,,P
116612-219654,P,Juan,Juan Carela,Carela,,0,5500,CWS@KC,CWS,KC,O,Elbow,,,,P
116612-219658,P,Jack,Jack Dashwood,Dashwood,,0,5500,TOR@LAA,LAA,TOR,,,,,,P
116612-119310,P,Noah,Noah Song,Song,,0,5500,TEX@BOS,BOS,TEX,O,Elbow,,,,P
116612-219660,P,Kade,Kade Strowd,Strowd,,0,5500,BAL@MIN,BAL,MIN,,,,,,P
116612-170514,P,Jose,Jose Cuas,Cuas,4.833333333333333,13,5500,PHI@TB,PHI,TB,,,,,,P
116612-119316,P,Thaddeus,Thaddeus Ward,Ward,0,1,5500,BAL@MIN,BAL,MIN,,,,,,P
116612-119319,P,Ryan,Ryan Jensen,Jensen,,0,5500,BAL@MIN,MIN,BAL,,,,,,P
116612-162328,P,Reiver,Reiver Sanmartin,Sanmartin,0,2,5500,CIN@ATL,CIN,ATL,,,,,,P
116612-119336,P,Karl,Karl Kauffmann,Kauffmann,0,1,5500,DET@COL,COL,DET,,,,,,P
116612-219695,P,Luinder,Luinder Avila,Avila,,0,5500,CWS@KC,KC,CWS,,,,,,P
116612-219694,P,Winston,Winston Santos,Santos,,0,5500,TEX@BOS,TEX,BOS,IL,Back,,,,P
116612-219693,P,Emiliano,Emiliano Teodo,Teodo,,0,5500,TEX@BOS,TEX,BOS,IL,Shoulder,,,,P
116612-119347,P,Jonathan,Jonathan Bowlan,Bowlan,9,1,5500,CWS@KC,KC,CWS,,,,,,P
116612-219696,P,Eric,Eric Cerantola,Cerantola,,0,5500,CWS@KC,KC,CWS,,,,,,P
116612-219703,P,Travis,Travis Adams,Adams,,0,5500,BAL@MIN,MIN,BAL,,,,,,P
116612-178743,P,Nicholas,Nicholas Padilla,Padilla,,0,5500,PHI@TB,PHI,TB,,,,,,P
116612-219702,P,Marco,Marco Raya,Raya,,0,5500,BAL@MIN,MIN,BAL,,,,,,P
116612-219700,P,Luis,Luis Mey,Mey,8,3,5500,CIN@ATL,CIN,ATL,,,,,,P
116612-219707,P,Jean,Jean Cabrera,Cabrera,,0,5500,PHI@TB,PHI,TB,,,,,,P
116612-219705,P,Moises,Moises Chace,Chace,,0,5500,PHI@TB,PHI,TB,,,,,,P
116612-119358,P,Antoine,Antoine Kelly,Kelly,0,1,5500,DET@COL,COL,DET,,,,,,P
116612-119367,P,Matt,Matt Canterino,Canterino,0,1,5500,BAL@MIN,MIN,BAL,IL,Shoulder,,,,P
116612-72265,P,Matt,Matt Strahm,Strahm,5.235294117647059,17,5500,PHI@TB,PHI,TB,,,,,,P
116612-219723,P,Omar,Omar Cruz,Cruz,10,2,5500,SD@NYY,SD,NYY,,,,,,P
116612-139851,P,Justin,Justin Topa,Topa,5.25,12,5500,BAL@MIN,MIN,BAL,,,,,,P
116612-80460,P,John,John Brebbia,Brebbia,7.125,8,5500,DET@COL,DET,COL,IL,Triceps,,,,P
116612-207438,P,Fraser,Fraser Ellard,Ellard,5,7,5500,CWS@KC,CWS,KC,IL,Lat,,,,P
116612-219725,P,Henry,Henry Baez,Baez,,0,5500,SD@NYY,SD,NYY,,,,,,P
116612-219724,P,Ryan,Ryan Bergert,Bergert,6,4,5500,SD@NYY,SD,NYY,,,,,,P
116612-219730,P,Chase,Chase Lee,Lee,5,5,5500,DET@COL,DET,COL,,,,,,P
116612-219729,P,Tyler,Tyler Mattison,Mattison,,0,5500,DET@COL,DET,COL,IL,Elbow,,,,P
116612-219728,P,Tyler,Tyler Owens,Owens,4.5,2,5500,DET@COL,DET,COL,,,,,,P
116612-150107,P,Tommy,Tommy Nance,Nance,4.65,20,5500,TOR@LAA,TOR,LAA,,,,,,P
116612-225880,P,Nathan,Nathan Wiles,Wiles,-3,1,5500,CIN@ATL,ATL,CIN,,,,,,P
116612-16989,P,Wilking,Wilking Rodriguez,Rodriguez,,0,5500,SD@NYY,NYY,SD,,,,,,P
116612-80476,P,Jackson,Jackson Stephens,Stephens,4.333333333333333,3,5500,CIN@ATL,ATL,CIN,,,,,,P
116612-119397,P,TJ,TJ Sikkema,Sikkema,,0,5500,CIN@ATL,CIN,ATL,,,,,,P
116612-82535,P,Kyle,Kyle Wright,Wright,0,1,5500,CWS@KC,KC,CWS,IL,Shoulder,,,,P
116612-21096,P,Erasmo,Erasmo Ramirez,Ramirez,7.3076923076923075,13,5500,BAL@MIN,MIN,BAL,IL,Shoulder,,,,P
116612-82541,P,Bryan,Bryan Mata,Mata,0,2,5500,TEX@BOS,BOS,TEX,,,,,,P
116612-184943,P,Jesse,Jesse Scholtens,Scholtens,,0,5500,CWS@KC,CWS,KC,IL,Elbow,,,,P
116612-82547,P,Thomas,Thomas Hatch,Hatch,,0,5500,CWS@KC,KC,CWS,,,,,,P
116612-156272,P,Reiss,Reiss Knehr,Knehr,0,1,5500,SD@NYY,SD,NYY,,,,,,P
116612-180848,P,Angel,Angel Felipe,Felipe,0,2,5500,TOR@LAA,LAA,TOR,IL,Elbow,,,,P
116612-82549,P,Brendon,Brendon Little,Little,6.470588235294118,18,5500,TOR@LAA,TOR,LAA,,,,,,P
116612-119413,P,Isaiah,Isaiah Campbell,Campbell,0.25,8,5500,TEX@BOS,BOS,TEX,,,,,,P
116612-82548,P,Alex,Alex Lange,Lange,4.380952380952381,21,5500,DET@COL,DET,COL,IL,Lat,,,,P
116612-82552,P,Tony,Tony Santillan,Santillan,5.117647058823529,17,5500,CIN@ATL,CIN,ATL,,,,,,P
116612-70271,P,Carlos,Carlos Estevez,Estevez,5.4,15,5500,CWS@KC,KC,CWS,,,,,,P
116612-119433,P,JJ,JJ Goss,Goss,,0,5500,PHI@TB,TB,PHI,,,,,,P
116612-82572,P,Gregory,Gregory Soto,Soto,4.142857142857143,14,5500,BAL@MIN,BAL,MIN,,,,,,P
116612-82587,P,Richard,Richard Lovelady,Lovelady,1,2,5500,BAL@MIN,MIN,BAL,,,,,,P
116612-164510,P,Victor,Victor Vodnik,Vodnik,4,9,5500,DET@COL,COL,DET,IL,Shoulder,,,,P
116612-82591,P,Chris,Chris Rodriguez,Rodriguez,,0,5500,CWS@KC,CWS,KC,,,,,,P
116612-164517,P,Chris,Chris Murphy,Murphy,0,2,5500,TEX@BOS,BOS,TEX,IL,Elbow,,,,P
116612-164522,P,Wikelman,Wikelman Gonzalez,Gonzalez,0,2,5500,CWS@KC,CWS,KC,,,,,,P
116612-84651,P,Austin,Austin Davis,Davis,2.5714285714285716,7,5500,SD@NYY,SD,NYY,,,,,,P
116612-211632,P,Mason,Mason Montgomery,Montgomery,4.642857142857143,14,5500,PHI@TB,TB,PHI,,,,,,P
116612-53953,P,Keone,Keone Kela,Kela,,0,5500,CWS@KC,CWS,KC,,,,,,P
116612-119494,P,Andrew,Andrew Dalquist,Dalquist,,0,5500,CWS@KC,CWS,KC,,,,,,P
116612-170699,P,Matt,Matt Gage,Gage,,0,5500,DET@COL,DET,COL,,,,,,P
116612-187105,P,Joe,Joe La Sorsa,La Sorsa,4.25,16,5500,CIN@ATL,CIN,ATL,,,,,,P
116612-187110,P,Ben,Ben Joyce,Joyce,2.6,5,5500,TOR@LAA,LAA,TOR,IL,Shoulder,,,,P
116612-53990,P,Shawn,Shawn Armstrong,Armstrong,6.285714285714286,14,5500,TEX@BOS,TEX,BOS,,,,,,P
116612-84732,P,Robert,Robert Stock,Stock,3,1,5500,TEX@BOS,BOS,TEX,,,,,,P
116612-211737,P,Luis,Luis Guerrero,Guerrero,7,3,5500,TEX@BOS,BOS,TEX,,,,,,P
116612-199460,P,Jordan,Jordan Leasure,Leasure,4.785714285714286,15,5500,CWS@KC,CWS,KC,,,,,,P
116612-103218,P,Nick,Nick Margevicius,Margevicius,,0,5500,DET@COL,DET,COL,,,,,,P
116612-178997,P,Greg,Greg Weissert,Weissert,6,15,5500,TEX@BOS,BOS,TEX,,,,,,P
116612-213816,P,Evan,Evan Sisk,Sisk,11,2,5500,CWS@KC,KC,CWS,,,,,,P
116612-13118,P,Justin,Justin Wilson,Wilson,3.6923076923076925,13,5500,TEX@BOS,BOS,TEX,,,,,,P
116612-84815,P,Joey,Joey Krehbiel,Krehbiel,,0,5500,PHI@TB,TB,PHI,,,,,,P
116612-70482,P,J.B.,J.B. Wendelken,Wendelken,,0,5500,SD@NYY,SD,NYY,,,,,,P
116612-213851,P,Domingo,Domingo Gonzalez,Gonzalez,,0,5500,CIN@ATL,ATL,CIN,,,,,,P
116612-11108,P,Aroldis,Aroldis Chapman,Chapman,7,13,5500,TEX@BOS,BOS,TEX,,,,,,P
116612-189299,P,Victor,Victor Mederos,Mederos,9,1,5500,TOR@LAA,LAA,TOR,,,,,,P
116612-68469,P,Adam,Adam Plutko,Plutko,,0,5500,CIN@ATL,CIN,ATL,,,,,,P
116612-70517,P,Chad,Chad Green,Green,4.647058823529412,17,5500,TOR@LAA,TOR,LAA,,,,,,P
116612-15225,P,Liam,Liam Hendriks,Hendriks,5,6,5500,TEX@BOS,BOS,TEX,,,,,,P
116612-68476,P,Taylor,Taylor Rogers,Rogers,4.461538461538462,14,5500,CIN@ATL,CIN,ATL,,,,,,P
116612-170889,P,Aneurys,Aneurys Zabala,Zabala,,0,5500,DET@COL,DET,COL,,,,,,P
116612-170895,P,Jake,Jake Bird,Bird,9.5,14,5500,DET@COL,COL,DET,,,,,,P
116612-80791,P,Alan,Alan Busenitz,Busenitz,1,3,5500,CIN@ATL,CIN,ATL,,,,,,P
116612-68510,P,Amir,Amir Garrett,Garrett,6.666666666666667,8,5500,TOR@LAA,TOR,LAA,IL,Undisclosed,,,,P
116612-80801,P,Hoby,Hoby Milner,Milner,6.133333333333334,15,5500,TEX@BOS,TEX,BOS,,,,,,P
116612-68515,P,Sam,Sam Moll,Moll,-1,3,5500,CIN@ATL,CIN,ATL,IL,Shoulder,,,,P
116612-179118,P,Zack,Zack Kelly,Kelly,6.5,7,5500,TEX@BOS,BOS,TEX,,,,,,P
116612-68527,P,Jose,Jose De Leon,De Leon,,0,5500,TEX@BOS,BOS,TEX,,,,,,P
116612-52143,P,Hunter,Hunter Harvey,Harvey,6.166666666666667,6,5500,CWS@KC,KC,CWS,IL,Shoulder,,,,P
116612-52148,P,Pierce,Pierce Johnson,Johnson,5.785714285714286,14,5500,CIN@ATL,ATL,CIN,,,,,,P
116612-52152,P,Robert,Robert Stephenson,Stephenson,0,2,5500,TOR@LAA,LAA,TOR,IL,Elbow,,,,P
116612-175032,P,Brennan,Brennan Bernardino,Bernardino,6,13,5500,TEX@BOS,BOS,TEX,,,,,,P
116612-179129,P,Jeremiah,Jeremiah Estrada,Estrada,6.777777777777778,18,5500,SD@NYY,SD,NYY,,,,,,P
116612-68551,P,Tyler,Tyler Beede,Beede,4.846153846153846,13,5500,BAL@MIN,MIN,BAL,,,,,,P
116612-68556,P,Dillon,Dillon Tate,Tate,5.6,5,5500,TOR@LAA,TOR,LAA,,,,,,P
116612-68561,P,Luke,Luke Weaver,Weaver,6.5,14,5500,SD@NYY,NYY,SD,,,,,,P
116612-193498,P,John,John McMillon,McMillon,9,10,5500,PHI@TB,PHI,TB,,,,,,P
116612-52192,P,Luke,Luke Jackson,Jackson,3.2142857142857144,15,5500,TEX@BOS,TEX,BOS,,,,,,P
116612-70624,P,Chris,Chris Stratton,Stratton,3.3333333333333335,9,5500,CWS@KC,KC,CWS,,,,,,P
116612-70629,P,Jacob,Jacob Barnes,Barnes,2.5,6,5500,TOR@LAA,TOR,LAA,,,,,,P
116612-213995,P,Luis,Luis Curvelo,Curvelo,,0,5500,TEX@BOS,TEX,BOS,,,,,,P
116612-82922,P,Tyler,Tyler Kinley,Kinley,3.642857142857143,14,5500,DET@COL,COL,DET,,,,,,P
116612-82924,P,Tim,Tim Hill,Hill,5.375,16,5500,SD@NYY,NYY,SD,,,,,,P
116612-226310,P,Jose,Jose Fermin,Fermin,3,5,5500,TOR@LAA,LAA,TOR,,,,,,P
116612-168965,P,Tanner,Tanner Banks,Banks,6.5,14,5500,PHI@TB,PHI,TB,,,,,,P
116612-68619,P,Matt,Matt Bowman,Bowman,3.7142857142857144,15,5500,BAL@MIN,BAL,MIN,,,,,,P
116612-82986,P,Colten,Colten Brewer,Brewer,5.5625,16,5500,SD@NYY,NYY,SD,,,,,,P
116612-82999,P,Scott,Scott Barlow,Barlow,4.235294117647059,17,5500,CIN@ATL,CIN,ATL,,,,,,P
116612-212025,P,Zach,Zach Penrod,Penrod,3,7,5500,TEX@BOS,BOS,TEX,IL,Elbow,,,,P
116612-154688,P,Jake,Jake Cousins,Cousins,6.4186046511627906,43,5500,SD@NYY,NYY,SD,IL,Elbow,,,,P
116612-11333,P,Craig,Craig Kimbrel,Kimbrel,5.803571428571429,57,5500,CIN@ATL,ATL,CIN,,,,,,P
116612-179275,P,Fernando,Fernando Cruz,Cruz,8.411764705882353,17,5500,SD@NYY,NYY,SD,,,,,,P
116612-189528,P,Robert,Robert Garcia,Garcia,4.888888888888889,18,5500,TEX@BOS,TEX,BOS,,,,,,P
116612-189529,P,Alek,Alek Jacob,Jacob,5.714285714285714,14,5500,SD@NYY,SD,NYY,,,,,,P
116612-195682,P,Orion,Orion Kerkering,Kerkering,4.6875,16,5500,PHI@TB,PHI,TB,,,,,,P
116612-195681,P,Jose,Jose Espada,Espada,,0,5500,SD@NYY,SD,NYY,,,,,,P
116612-226411,P,David,David Morgan,Morgan,,0,5500,SD@NYY,SD,NYY,,,,,,P
116612-83054,P,Justin,Justin Anderson,Anderson,4.796296296296297,56,5500,CWS@KC,CWS,KC,,,,,,P
116612-85108,P,Enyel,Enyel De Los Santos,De Los Santos,5.928571428571429,14,5500,CIN@ATL,ATL,CIN,,,,,,P
116612-21653,P,Hector,Hector Neris,Neris,2.5,3,5500,TOR@LAA,LAA,TOR,,,,,,P
116612-81044,P,Austin,Austin Adams,Adams,4.2727272727272725,56,5500,TEX@BOS,BOS,TEX,,,,,,P
116612-83097,P,D.J.,D.J. Snelten,Snelten,,0,5500,CWS@KC,CWS,KC,,,,,,P
116612-152734,P,Zach,Zach Thompson,Thompson,10,2,5500,CIN@ATL,ATL,CIN,,,,,,P
116612-81052,P,Andrew,Andrew Kittredge,Kittredge,5.094594594594595,74,5500,BAL@MIN,BAL,MIN,IL,Knee,,,,P
116612-152733,P,Griffin,Griffin Jax,Jax,5.1875,16,5500,BAL@MIN,MIN,BAL,,,,,,P
116612-195748,P,Kelvin,Kelvin Caceres,Caceres,0,2,5500,TOR@LAA,LAA,TOR,,,,,,P
116612-154794,P,Joe,Joe Barlow,Barlow,,0,5500,TEX@BOS,TEX,BOS,,,,,,P
116612-160939,P,Jacob,Jacob Latz,Latz,6.25,5,5500,TEX@BOS,TEX,BOS,,,,,,P
116612-83116,P,Wander,Wander Suero,Suero,0,1,5500,CIN@ATL,ATL,CIN,,,,,,P
116612-62641,P,Andrew,Andrew Bellatti,Bellatti,,0,5500,SD@NYY,SD,NYY,,,,,,P
116612-83159,P,Diego,Diego Castillo,Castillo,5.571428571428571,7,5500,DET@COL,COL,DET,,,,,,P
116612-83158,P,Seranthony,Seranthony Dominguez,Dominguez,5.166666666666667,12,5500,BAL@MIN,BAL,MIN,,,,,,P
116612-79067,P,Alex,Alex Young,Young,4.529411764705882,17,5500,CIN@ATL,CIN,ATL,IL,Elbow,,,,P
116612-83163,P,Jonathan,Jonathan Loaisiga,Loaisiga,9,6,5500,SD@NYY,NYY,SD,IL,Elbow,,,,P
116612-79071,P,Taylor,Taylor Clarke,Clarke,7.333333333333333,3,5500,CWS@KC,KC,CWS,,,,,,P
116612-60640,P,Nick,Nick Burdi,Burdi,5.909090909090909,12,5500,TEX@BOS,BOS,TEX,,,,,,P
116612-152806,P,Jason,Jason Foley,Foley,4.044776119402985,70,5500,DET@COL,DET,COL,IL,Shoulder,,,,P
116612-83172,P,Jonathan,Jonathan Hernandez,Hernandez,6.448275862068965,29,5500,PHI@TB,TB,PHI,IL,Undisclosed,,,,P
116612-79085,P,Keegan,Keegan Akin,Akin,5.4375,16,5500,BAL@MIN,BAL,MIN,,,,,,P
116612-60656,P,Jeff,Jeff Hoffman,Hoffman,8.133333333333333,15,5500,TOR@LAA,TOR,LAA,,,,,,P
116612-197879,P,Juan,Juan Mejia,Mejia,6.75,4,5500,DET@COL,COL,DET,,,,,,P
116612-146679,P,Chris,Chris McMahon,McMahon,,0,5500,DET@COL,COL,DET,IL,Undisclosed,,,,P
116612-79095,P,Jay,Jay Groome,Groome,0,1,5500,SD@NYY,SD,NYY,NA,Suspension,,,,P
116612-197880,P,Angel,Angel Chivilli,Chivilli,5.428571428571429,14,5500,DET@COL,COL,DET,,,,,,P
116612-146684,P,Jared,Jared Kelley,Kelley,,0,5500,CWS@KC,CWS,KC,,,,,,P
116612-197884,P,Yoniel,Yoniel Curet,Curet,0,1,5500,PHI@TB,TB,PHI,IL,Shoulder,,,,P
116612-197891,P,Michael,Michael Arias,Arias,0,2,5500,SD@NYY,NYY,SD,IL,Undisclosed,,,,P
116612-146691,P,Asa,Asa Lacy,Lacy,,0,5500,CWS@KC,KC,CWS,IL,Elbow,,,,P
116612-197890,P,Marc,Marc Church,Church,4.6,5,5500,TEX@BOS,TEX,BOS,IL,Oblique,,,,P
116612-197888,P,Bailey,Bailey Horn,Horn,10,1,5500,DET@COL,DET,COL,,,,,,P
116612-85255,P,Shaun,Shaun Anderson,Anderson,5.666666666666667,6,5500,TOR@LAA,LAA,TOR,,,,,,P
116612-197893,P,Jose,Jose Corniell,Corniell,0,1,5500,TEX@BOS,TEX,BOS,IL,Elbow,,,,P
116612-146702,P,Cole,Cole Sands,Sands,4.733333333333333,15,5500,BAL@MIN,MIN,BAL,,,,,,P
116612-197900,P,Luis,Luis Perales,Perales,0,2,5500,TEX@BOS,BOS,TEX,IL,Elbow,,,,P
116612-197906,P,Royber,Royber Salinas,Salinas,0,1,5500,CIN@ATL,ATL,CIN,IL,Shoulder,,,,P
116612-70933,P,Brock,Brock Stewart,Stewart,4,7,5500,BAL@MIN,MIN,BAL,,,,,,P
116612-79124,P,Joe,Joe Jimenez,Jimenez,5.855072463768116,70,5500,CIN@ATL,ATL,CIN,IL,Knee,,,,P
116612-197910,P,Wilmer,Wilmer Flores,Flores,0,1,5500,DET@COL,DET,COL,IL,Shoulder,,,,P
116612-197919,P,Jairo,Jairo Iriarte,Iriarte,5.5,6,5500,CWS@KC,CWS,KC,,,,,,P
116612-146717,P,Mick,Mick Abel,Abel,,0,5500,PHI@TB,PHI,TB,,,,,,P
116612-83232,P,Jason,Jason Adam,Adam,8,18,5500,SD@NYY,SD,NYY,,,,,,P
116612-116002,P,Joel,Joel Kuhnel,Kuhnel,5,6,5500,PHI@TB,PHI,TB,,,,,,P
116612-146721,P,Jeff,Jeff Criswell,Criswell,9.846153846153847,13,5500,DET@COL,COL,DET,IL,Elbow,,,,P
116612-146727,P,Justin,Justin Lange,Lange,,0,5500,SD@NYY,NYY,SD,IL,Shoulder,,,,P
116612-85286,P,Ian,Ian Gibaut,Gibaut,3.9166666666666665,12,5500,CIN@ATL,CIN,ATL,IL,Shoulder,,,,P
116612-146730,P,Nick,Nick Bitsko,Bitsko,,0,5500,PHI@TB,TB,PHI,IL,Undisclosed,,,,P
116612-79144,P,Scott,Scott Blewett,Blewett,9.875,8,5500,CIN@ATL,ATL,CIN,,,,,,P
116612-38189,P,Michael,Michael Tonkin,Tonkin,7.517857142857143,57,5500,BAL@MIN,MIN,BAL,IL,Shoulder,,,,P
116612-79150,P,Josh,Josh Staumont,Staumont,4.12,25,5500,CIN@ATL,CIN,ATL,IL,Undisclosed,,,,P
116612-146740,P,CJ,CJ Van Eyk,Van Eyk,,0,5500,TOR@LAA,TOR,LAA,,,,,,P
116612-193844,P,Evan,Evan Justice,Justice,4,1,5500,DET@COL,COL,DET,,,,,,P
116612-152888,P,Sam,Sam Long,Long,1.2857142857142858,7,5500,CWS@KC,KC,CWS,IL,Elbow,,,,P
116612-38217,P,Tommy,Tommy Kahnle,Kahnle,5.916666666666667,12,5500,DET@COL,DET,COL,,,,,,P
116612-181583,P,Prelander,Prelander Berroa,Berroa,7.0588235294117645,17,5500,CWS@KC,CWS,KC,IL,Elbow,,,,P
116612-79185,P,Justin,Justin Dunn,Dunn,,0,5500,CWS@KC,CWS,KC,,,,,,P
116612-79184,P,Thomas,Thomas Szapucki,Szapucki,0,2,5500,DET@COL,DET,COL,IL,Shoulder,,,,P
116612-204119,P,Jacob,Jacob Bosiokovic,Bosiokovic,,0,5500,BAL@MIN,MIN,BAL,,,,,,P
116612-118106,P,Victor,Victor Gonzalez,Gonzalez,3.1481481481481484,27,5500,TOR@LAA,LAA,TOR,,,,,,P
116612-79196,P,Albert,Albert Abreu,Abreu,,0,5500,CIN@ATL,CIN,ATL,,,,,,P
116612-38240,P,Rafael,Rafael Montero,Montero,4.923076923076923,13,5500,CIN@ATL,ATL,CIN,,,,,,P
116612-38251,P,Hunter,Hunter Strickland,Strickland,4.619718309859155,72,5500,TOR@LAA,LAA,TOR,,,,,,P
116612-193897,P,Kody,Kody Funderburk,Funderburk,10.5,2,5500,BAL@MIN,MIN,BAL,,,,,,P
116612-79220,P,Kevin,Kevin Gowdy,Gowdy,,0,5500,TOR@LAA,TOR,LAA,,,,,,P
116612-159099,P,Connor,Connor Overton,Overton,0,2,5500,TOR@LAA,TOR,LAA,,,,,,P
116612-79227,P,Adrian,Adrian Morejon,Morejon,4.611111111111111,18,5500,SD@NYY,SD,NYY,,,,,,P
116612-79250,P,Junior,Junior Fernandez,Fernandez,,0,5500,CWS@KC,KC,CWS,,,,,,P
116612-202139,P,Jack,Jack O'Loughlin,O'Loughlin,8,4,5500,DET@COL,COL,DET,,,,,,P
116612-193949,P,Steven,Steven Cruz,Cruz,4.5,10,5500,CWS@KC,KC,CWS,,,,,,P
116612-79265,P,Alex,Alex Speas,Speas,9,2,5500,BAL@MIN,MIN,BAL,,,,,,P
116612-181664,P,Sean,Sean Reynolds,Reynolds,10.333333333333334,9,5500,SD@NYY,SD,NYY,IL,Foot,,,,P
116612-118184,P,Enoli,Enoli Paredes,Paredes,5.944444444444445,18,5500,CIN@ATL,ATL,CIN,,,,,,P
116612-101803,P,Jacob,Jacob Webb,Webb,5.133333333333334,15,5500,TEX@BOS,TEX,BOS,,,,,,P
116612-118195,P,Tejay,Tejay Antone,Antone,4.5,6,5500,CIN@ATL,CIN,ATL,IL,Elbow,,,,P
116612-118196,P,Ryan,Ryan Hendrix,Hendrix,,0,5500,CWS@KC,KC,CWS,,,,,,P
116612-101815,P,Jimmy,Jimmy Herget,Herget,5.384615384615385,13,5500,DET@COL,COL,DET,,,,,,P
116612-101819,P,Jose,Jose Suarez,Suarez,12.333333333333334,3,5500,CIN@ATL,ATL,CIN,,,,,,P
116612-202175,P,Gerson,Gerson Garabito,Garabito,8,3,5500,TEX@BOS,TEX,BOS,,,,,,P
116612-101822,P,Josh,Josh Sborz,Sborz,5.6875,17,5500,TEX@BOS,TEX,BOS,IL,Shoulder,,,,P
116612-101825,P,Jose,Jose Quijada,Quijada,5.5,22,5500,TOR@LAA,LAA,TOR,,,,,,P
116612-101829,P,Trey,Trey Supak,Supak,,0,5500,TEX@BOS,TEX,BOS,,,,,,P
116612-118217,P,Manuel,Manuel Rodriguez,Rodriguez,5.4,15,5500,PHI@TB,TB,PHI,,,,,,P
116612-118224,P,Garrett,Garrett Cleavinger,Cleavinger,6.076923076923077,13,5500,PHI@TB,TB,PHI,,,,,,P
116612-101846,P,Erik,Erik Swanson,Swanson,3.977272727272727,45,5500,TOR@LAA,TOR,LAA,IL,Forearm,,,,P
116612-101851,P,Brock,Brock Burke,Burke,4.615384615384615,13,5500,TOR@LAA,LAA,TOR,,,,,,P
116612-101854,P,Jacob,Jacob Waguespack,Waguespack,11.25,4,5500,PHI@TB,TB,PHI,,,,,,P
116612-101856,P,Patrick,Patrick Murphy,Murphy,,0,5500,TEX@BOS,TEX,BOS,IL,Undisclosed,,,,P
116612-185847,P,Garrett,Garrett Acton,Acton,,0,5500,PHI@TB,TB,PHI,,,,,,P
116612-95737,P,Ian,Ian Hamilton,Hamilton,8.375,8,5500,SD@NYY,NYY,SD,,,,,,P
116612-161273,P,Scott,Scott Effross,Effross,3.3333333333333335,3,5500,SD@NYY,NYY,SD,IL,Hamstring,,,,P
116612-52733,P,Scott,Scott Alexander,Alexander,2.5833333333333335,12,5500,DET@COL,COL,DET,,,,,,P
116612-226819,P,Caleb,Caleb Freeman,Freeman,3,1,5500,CWS@KC,CWS,KC,,,,,,P
116612-138767,P,Jesus,Jesus Cruz,Cruz,,0,5500,TOR@LAA,LAA,TOR,,,,,,P
116612-138764,P,Brandon,Brandon Leibrandt,Leibrandt,6.5,2,5500,SD@NYY,NYY,SD,,,,,,P
116612-101904,P,Jordan,Jordan Romano,Romano,2.1538461538461537,14,5500,PHI@TB,PHI,TB,,,,,,P
116612-210448,P,Luis,Luis Peralta,Peralta,2.7777777777777777,9,5500,DET@COL,COL,DET,,,,,,P
116612-58913,P,Danny,Danny Coulombe,Coulombe,5.266666666666667,15,5500,BAL@MIN,MIN,BAL,,,,,,P
116612-181796,P,Blair,Blair Calvo,Calvo,,0,5500,DET@COL,DET,COL,IL,Undisclosed,,,,P
116612-210475,P,Ryan,Ryan Zeferjahn,Zeferjahn,6.846153846153846,13,5500,TOR@LAA,LAA,TOR,,,,,,P
116612-5673,P,Jesse,Jesse Chavez,Chavez,6,2,5500,CIN@ATL,ATL,CIN,,,,,,P
116612-79402,P,Cionel,Cionel Perez,Perez,3.6153846153846154,13,5500,BAL@MIN,BAL,MIN,,,,,,P
116612-181815,P,Brent,Brent Headrick,Headrick,10.75,4,5500,SD@NYY,NYY,SD,,,,,,P
116612-222783,P,Grant,Grant Taylor,Taylor,,0,5500,CWS@KC,CWS,KC,,,,,,P
116612-222782,P,Chase,Chase Burns,Burns,,0,5500,CIN@ATL,CIN,ATL,,,,,,P
116612-181826,P,Colby,Colby White,White,0,1,5500,SD@NYY,NYY,SD,,,,,,P
116612-222786,P,Raul,Raul Alcantara,Alcantara,,0,5500,BAL@MIN,BAL,MIN,,,,,,P
116612-222784,P,Hagen,Hagen Smith,Smith,,0,5500,CWS@KC,CWS,KC,,,,,,P
116612-181831,P,Yosver,Yosver Zulueta,Zulueta,3.5,2,5500,CIN@ATL,CIN,ATL,,,,,,P
116612-181828,P,Kolton,Kolton Ingram,Ingram,,0,5500,CIN@ATL,ATL,CIN,,,,,,P
116612-81488,P,Jose,Jose Ruiz,Ruiz,4.083333333333333,12,5500,PHI@TB,PHI,TB,IL,Neck,,,,P
116612-73301,P,Brent,Brent Suter,Suter,5.6,10,5500,CIN@ATL,CIN,ATL,,,,,,P
116612-222807,P,Alejandro,Alejandro Rosario,Rosario,,0,5500,TEX@BOS,TEX,BOS,IL,Elbow,,,,P
116612-181847,P,Noah,Noah Denoyer,Denoyer,,0,5500,BAL@MIN,BAL,MIN,,,,,,P
116612-181850,P,Colin,Colin Selby,Selby,6,2,5500,BAL@MIN,BAL,MIN,,,,,,P
116612-181854,P,Brendan,Brendan White,White,0,1,5500,DET@COL,DET,COL,,,,,,P
116612-222814,P,Trey,Trey Yesavage,Yesavage,,0,5500,TOR@LAA,TOR,LAA,,,,,,P
116612-222812,P,Jaden,Jaden Hamm,Hamm,,0,5500,DET@COL,DET,COL,,,,,,P
116612-85600,P,Ryan,Ryan Burr,Burr,5.705882352941177,34,5500,TOR@LAA,TOR,LAA,IL,Shoulder,,,,P
116612-81507,P,Aaron,Aaron Bummer,Bummer,6.363636363636363,11,5500,CIN@ATL,ATL,CIN,,,,,,P
116612-169574,P,Penn,Penn Murfee,Murfee,3.142857142857143,15,5500,CWS@KC,CWS,KC,,,,,,P
116612-222828,P,Jacob,Jacob Webb,Webb,,0,5500,TEX@BOS,BOS,TEX,,,,,,P
116612-210559,P,Brady,Brady Feigl,Feigl,-13,1,5500,BAL@MIN,MIN,BAL,,,,,,P
116612-222855,P,Ty,Ty Johnson,Johnson,,0,5500,PHI@TB,TB,PHI,,,,,,P
116612-222854,P,Brody,Brody Hopkins,Hopkins,,0,5500,PHI@TB,TB,PHI,,,,,,P
116612-165509,P,Bryce,Bryce Bonnin,Bonnin,,0,5500,TEX@BOS,TEX,BOS,,,,,,P
116612-222859,P,Cam,Cam Caminiti,Caminiti,,0,5500,CIN@ATL,ATL,CIN,DTD,Forearm,,,,P
116612-110219,P,Sean,Sean Poppen,Poppen,,0,5500,TOR@LAA,LAA,TOR,,,,,,P
116612-222857,P,Jackson,Jackson Baumeister,Baumeister,,0,5500,PHI@TB,TB,PHI,,,,,,P
116612-222856,P,Trevor,Trevor Harrison,Harrison,,0,5500,PHI@TB,TB,PHI,,,,,,P
116612-190092,P,Devin,Devin Sweet,Sweet,,0,5500,PHI@TB,PHI,TB,,,,,,P
116612-73362,P,Rob,Rob Zastryzny,Zastryzny,4.555555555555555,9,5500,SD@NYY,NYY,SD,,,,,,P
116612-52887,P,Tyler,Tyler Matzek,Matzek,4.75,4,5500,SD@NYY,NYY,SD,,,,,,P
116612-165531,P,Sam,Sam Weatherly,Weatherly,,0,5500,DET@COL,COL,DET,,,,,,P
116612-165528,P,Joe,Joe Rock,Rock,,0,5500,PHI@TB,TB,PHI,,,,,,P
116612-165529,P,Jaden,Jaden Hill,Hill,6.666666666666667,3,5500,DET@COL,COL,DET,,,,,,P
116612-220834,P,Nate,Nate Lavender,Lavender,,0,5500,PHI@TB,TB,PHI,IL,Elbow,,,,P
116612-222881,P,Ryan,Ryan Johnson,Johnson,5.461538461538462,13,5500,TOR@LAA,LAA,TOR,,,,,,P
116612-38563,P,Yimi,Yimi Garcia,Garcia,5.4375,16,5500,TOR@LAA,TOR,LAA,,,,,,P
116612-220838,P,Garrett,Garrett McDaniels,McDaniels,2.9,10,5500,TOR@LAA,LAA,TOR,IL,Biceps,,,,P
116612-169636,P,Beau,Beau Brieske,Brieske,2.5555555555555554,9,5500,DET@COL,DET,COL,,,,,,P
116612-220837,P,Evan,Evan Reifert,Reifert,,0,5500,PHI@TB,TB,PHI,,,,,,P
116612-220836,P,Angel,Angel Bastardo,Bastardo,,0,5500,TOR@LAA,TOR,LAA,IL,Elbow,,,,P
116612-220842,P,Eiberson,Eiberson Castellano,Castellano,,0,5500,PHI@TB,PHI,TB,,,,,,P
116612-165545,P,Tanner,Tanner McDougal,McDougal,,0,5500,CWS@KC,CWS,KC,,,,,,P
116612-220847,P,Grant,Grant Wolfram,Wolfram,0.5,2,5500,BAL@MIN,BAL,MIN,,,,,,P
116612-220845,P,Juan,Juan Nunez,Nunez,,0,5500,BAL@MIN,BAL,MIN,,,,,,P
116612-163507,P,Alan,Alan Rangel,Rangel,,0,5500,PHI@TB,PHI,TB,,,,,,P
116612-222898,P,Mason,Mason Fluharty,Fluharty,6.461538461538462,14,5500,TOR@LAA,TOR,LAA,,,,,,P
116612-165553,P,Dylan,Dylan Smith,Smith,,0,5500,DET@COL,DET,COL,,,,,,P
116612-14006,P,Brian,Brian Moran,Moran,,0,5500,CIN@ATL,ATL,CIN,,,,,,P
116612-114360,P,Devin,Devin Williams,Williams,2.6923076923076925,14,5500,SD@NYY,NYY,SD,,,,,,P
116612-81594,P,Dietrich,Dietrich Enns,Enns,,0,5500,DET@COL,DET,COL,,,,,,P
116612-165561,P,Chayce,Chayce McDermott,McDermott,12,1,5500,BAL@MIN,BAL,MIN,,,,,,P
116612-165566,P,Ben,Ben Kudrna,Kudrna,,0,5500,CWS@KC,KC,CWS,,,,,,P
116612-165564,P,Frank,Frank Mozzicato,Mozzicato,,0,5500,CWS@KC,KC,CWS,,,,,,P
116612-38596,P,Chris,Chris Martin,Martin,5.764705882352941,17,5500,TEX@BOS,TEX,BOS,,,,,,P
116612-165577,P,Sam,Sam Bachman,Bachman,0,2,5500,TOR@LAA,LAA,TOR,IL,Shoulder,,,,P
116612-165586,P,Mason,Mason Albright,Albright,,0,5500,DET@COL,COL,DET,,,,,,P
116612-198354,P,Anthony,Anthony Molina,Molina,4.942857142857143,35,5500,DET@COL,COL,DET,,,,,,P
116612-165584,P,Alejandro,Alejandro Hidalgo,Hidalgo,,0,5500,BAL@MIN,MIN,BAL,,,,,,P
116612-165585,P,Erik,Erik Rivera,Rivera,,0,5500,TEX@BOS,BOS,TEX,,,,,,P
116612-198352,P,Shane,Shane Drohan,Drohan,0,1,5500,TEX@BOS,BOS,TEX,,,,,,P
116612-222928,P,Michael,Michael Darrell-Hicks,Darrell-Hicks,3.8333333333333335,6,5500,TOR@LAA,LAA,TOR,,,,,,P
116612-198356,P,Justin,Justin Slaten,Slaten,2.8461538461538463,14,5500,TEX@BOS,BOS,TEX,,,,,,P
116612-198362,P,Stephen,Stephen Kolek,Kolek,34,1,5500,SD@NYY,SD,NYY,,,,,,P
116612-198361,P,Carson,Carson Coleman,Coleman,0,1,5500,SD@NYY,NYY,SD,IL,Undisclosed,,,,P
116612-112348,P,Cody,Cody Stashak,Stashak,,0,5500,PHI@TB,PHI,TB,,,,,,P
116612-181985,P,Guillo,Guillo Zuniga,Zuniga,4.214285714285714,15,5500,PHI@TB,PHI,TB,,,,,,P
116612-165618,P,Chase,Chase Petty,Petty,-11,1,5500,CIN@ATL,CIN,ATL,,,,,,P
116612-182005,P,Kevin,Kevin Kelly,Kelly,3,5,5500,PHI@TB,TB,PHI,IL,Thigh,,,,P
116612-165628,P,Josh,Josh Walker,Walker,9,3,5500,TOR@LAA,TOR,LAA,,,,,,P
116612-165635,P,Brendan,Brendan Beck,Beck,,0,5500,SD@NYY,NYY,SD,,,,,,P
116612-165637,P,Brock,Brock Selvidge,Selvidge,,0,5500,SD@NYY,NYY,SD,IL,Biceps,,,,P
116612-165653,P,Cristian,Cristian Hernandez,Hernandez,,0,5500,SD@NYY,NYY,SD,,,,,,P
116612-161563,P,Jovani,Jovani Moran,Moran,,0,5500,TEX@BOS,BOS,TEX,IL,Elbow,,,,P
116612-165671,P,Victor,Victor Lizarraga,Lizarraga,,0,5500,SD@NYY,SD,NYY,,,,,,P
116612-165674,P,Adam,Adam Macko,Macko,0,1,5500,TOR@LAA,TOR,LAA,O,Knee,,,,P
116612-165673,P,Levi,Levi Stoudt,Stoudt,0,1,5500,BAL@MIN,BAL,MIN,IL,Undisclosed,,,,P
116612-182062,P,Gus,Gus Varland,Varland,5.230769230769231,26,5500,CWS@KC,CWS,KC,,,,,,P
116612-182065,P,Zach,Zach Greene,Greene,,0,5500,SD@NYY,NYY,SD,,,,,,P
116612-163641,P,Ray,Ray Kerr,Kerr,11.2,10,5500,CIN@ATL,ATL,CIN,IL,Elbow,,,,P
116612-163654,P,Alexis,Alexis Diaz,Diaz,0.5,6,5500,CIN@ATL,CIN,ATL,,,,,,P
116612-163655,P,Daniel,Daniel Duarte,Duarte,12,3,5500,BAL@MIN,MIN,BAL,IL,Elbow,,,,P
116612-163660,P,Steven,Steven Wilson,Wilson,6.375,8,5500,CWS@KC,CWS,KC,,,,,,P
116612-204624,P,Eric,Eric Orze,Orze,6.111111111111111,9,5500,PHI@TB,TB,PHI,,,,,,P
116612-204631,P,Hunter,Hunter Bigge,Bigge,5.3076923076923075,13,5500,PHI@TB,TB,PHI,IL,Lat,,,,P
116612-165719,P,Irv,Irv Carter,Carter,,0,5500,TOR@LAA,TOR,LAA,,,,,,P
116612-165722,P,Chad,Chad Dallas,Dallas,,0,5500,TOR@LAA,TOR,LAA,IL,Undisclosed,,,,P
116612-163673,P,Jorge,Jorge Juan,Juan,,0,5500,CIN@ATL,ATL,CIN,,,,,,P
116612-163677,P,James,James McArthur,McArthur,4.618181818181818,57,5500,CWS@KC,KC,CWS,IL,Elbow,,,,P
116612-163683,P,Ricky,Ricky Vanasco,Vanasco,4,4,5500,DET@COL,DET,COL,,,,,,P
116612-163687,P,Ron,Ron Marinaccio,Marinaccio,7.5625,16,5500,SD@NYY,SD,NYY,,,,,,P
116612-163690,P,Nathan,Nathan Webb,Webb,,0,5500,BAL@MIN,BAL,MIN,,,,,,P
116612-163702,P,Logan,Logan Gillaspie,Gillaspie,9,3,5500,SD@NYY,SD,NYY,IL,Oblique,,,,P
116612-163701,P,Felix,Felix Bautista,Bautista,6,10,5500,BAL@MIN,BAL,MIN,,,,,,P
116612-163707,P,Freddy,Freddy Pacheco,Pacheco,,0,5500,DET@COL,DET,COL,IL,Biceps,,,,P
116612-210813,P,Ryan,Ryan Miller,Miller,4.153846153846154,13,5500,DET@COL,DET,COL,,,,,,P
116612-161675,P,Jonathan,Jonathan Heasley,Heasley,-0.5,5,5500,CWS@KC,CWS,KC,,,,,,P
116612-190370,P,Jackson,Jackson Wolf,Wolf,0,1,5500,SD@NYY,SD,NYY,,,,,,P
116612-102314,P,Lenny,Lenny Torres,Torres,,0,5500,CIN@ATL,CIN,ATL,,,,,,P
116612-108461,P,Pete,Pete Fairbanks,Fairbanks,5.857142857142857,14,5500,PHI@TB,TB,PHI,,,,,,P
116612-102318,P,Ryan,Ryan Rolison,Rolison,,0,5500,DET@COL,COL,DET,,,,,,P
116612-102334,P,Corbin,Corbin Martin,Martin,,0,5500,BAL@MIN,BAL,MIN,,,,,,P
116612-163782,P,Robert,Robert Suarez,Suarez,6.1875,16,5500,SD@NYY,SD,NYY,,,,,,P
116612-102355,P,Jorge,Jorge Alcala,Alcala,3.6363636363636362,13,5500,BAL@MIN,MIN,BAL,,,,,,P
116612-198619,P,Yuki,Yuki Matsui,Matsui,6.428571428571429,14,5500,SD@NYY,SD,NYY,,,,,,P
116612-102376,P,Garrett,Garrett Whitlock,Whitlock,8.916666666666666,12,5500,TEX@BOS,BOS,TEX,,,,,,P
116612-79852,P,Lucas,Lucas Erceg,Erceg,4.375,16,5500,CWS@KC,KC,CWS,,,,,,P
116612-102386,P,Steven,Steven Jennings,Jennings,,0,5500,TEX@BOS,TEX,BOS,,,,,,P
116612-210936,P,Evan,Evan Kravetz,Kravetz,2,1,5500,CIN@ATL,CIN,ATL,,,,,,P
116612-102397,P,Wyatt,Wyatt Mills,Mills,,0,5500,TEX@BOS,BOS,TEX,,,,,,P
116612-60643,OF,Aaron,Aaron Judge,Judge,17.66111077202691,36,4800,SD@NYY,NYY,SD,,,,,,OF/UTIL
116612-119349,SS,Bobby,Bobby Witt Jr.,Witt Jr.,12.286841944644326,38,4200,CWS@KC,KC,CWS,,,,,,SS/UTIL
116612-68588,2B,Gleyber,Gleyber Torres,Torres,12.186363913796164,22,4100,DET@COL,DET,COL,,,,,,2B/UTIL
116612-60631,OF,Kyle,Kyle Schwarber,Schwarber,14.691428920200893,35,4100,PHI@TB,PHI,TB,,,,,,OF/UTIL
116612-135203,1B,Spencer,Spencer Torkelson,Torkelson,12.871428571428572,35,3900,DET@COL,DET,COL,,,,,,C/1B/UTIL
116612-12948,1B,Bryce,Bryce Harper,Harper,11.768571254185268,35,3900,PHI@TB,PHI,TB,,,,,,C/1B/UTIL
116612-68522,3B,Alex,Alex Bregman,Bregman,13.602778116861979,36,3900,TEX@BOS,BOS,TEX,,,,,,3B/UTIL
116612-79393,OF,Fernando,Fernando Tatis Jr.,Tatis Jr.,13.579412123736214,34,3900,SD@NYY,SD,NYY,,,,,,OF/UTIL
116612-119311,OF,Jarren,Jarren Duran,Duran,11.786110772026909,36,3800,TEX@BOS,BOS,TEX,,,,,,OF/UTIL
116612-119343,OF,Riley,Riley Greene,Greene,10.5676466997932,34,3800,DET@COL,DET,COL,,,,,,OF/UTIL
116612-176691,OF,Kerry,Kerry Carpenter,Carpenter,9.965624809265137,32,3800,DET@COL,DET,COL,,,,,,OF/UTIL
116612-68585,3B,Rafael,Rafael Devers,Devers,11.294594429634714,37,3700,TEX@BOS,BOS,TEX,,,,,,3B/UTIL
116612-165513,SS,Elly,Elly De La Cruz,De La Cruz,12.95945945945946,37,3700,CIN@ATL,CIN,ATL,,,,,,SS/UTIL
116612-79756,OF,Ronald,Ronald Acuna Jr.,Acuna Jr.,11.634693379304847,49,3700,CIN@ATL,ATL,CIN,IL,Knee,,,,OF/UTIL
116612-81953,OF,Austin,Austin Hays,Hays,17.576923076923077,13,3600,CIN@ATL,CIN,ATL,IL,Hamstring,,,,OF/UTIL
116612-118218,SS/3B/2B/OF,Zach,Zach McKinstry,McKinstry,9.809374809265137,32,3600,DET@COL,DET,COL,,,,,,2B/3B/SS/OF/UTIL
116612-198526,OF,Wyatt,Wyatt Langford,Langford,11.553845919095552,26,3600,TEX@BOS,TEX,BOS,,,,,,OF/UTIL
116612-82734,OF,Luis,Luis Robert Jr.,Robert Jr.,11.273529052734375,34,3500,CWS@KC,CWS,KC,,,,,,OF/UTIL
116612-181812,OF,Wilyer,Wilyer Abreu,Abreu,11.571428571428571,35,3500,TEX@BOS,BOS,TEX,,,,,,OF/UTIL
116612-39086,OF,Byron,Byron Buxton,Buxton,12.945454915364584,33,3400,BAL@MIN,MIN,BAL,,,,,,OF/UTIL
116612-203111,C/1B,Ben,Ben Rice,Rice,11.715624809265137,32,3400,SD@NYY,NYY,SD,,,,,,C/1B/UTIL
116612-17086,OF,Marcell,Marcell Ozuna,Ozuna,10.421875,32,3400,CIN@ATL,ATL,CIN,,,,,,OF/UTIL
116612-52158,SS,Trevor,Trevor Story,Story,9.491428920200892,35,3400,TEX@BOS,BOS,TEX,,,,,,SS/UTIL
116612-79074,3B,Austin,Austin Riley,Riley,10.9,35,3400,CIN@ATL,ATL,CIN,,,,,,3B/UTIL
116612-146682,OF,Brenton,Brenton Doyle,Doyle,9.373076805701622,26,3400,DET@COL,COL,DET,,,,,,OF/UTIL
116612-21885,SS/3B/OF,Javier,Javier Baez,Baez,9.02857153756278,28,3400,DET@COL,DET,COL,,,,,,3B/SS/OF/UTIL
116612-13929,3B,Manny,Manny Machado,Machado,11.16000017438616,35,3400,SD@NYY,SD,NYY,,,,,,3B/UTIL
116612-165666,OF,Jackson,Jackson Merrill,Merrill,14.509091463955967,11,3400,SD@NYY,SD,NYY,,,,,,OF/UTIL
116612-135204,C,Dillon,Dillon Dingler,Dingler,8.764000244140625,25,3300,DET@COL,DET,COL,,,,,,C/1B/UTIL
116612-198880,OF,Jordan,Jordan Beck,Beck,10.172000122070312,25,3300,DET@COL,COL,DET,,,,,,OF/UTIL
116612-82527,2B,Jazz,Jazz Chisholm Jr.,Chisholm Jr.,11.196666463216145,30,3300,SD@NYY,NYY,SD,IL,Oblique,,,,2B/UTIL
116612-12933,OF,Mike,Mike Trout,Trout,10.544827165274784,29,3300,TOR@LAA,LAA,TOR,IL,Knee,,,,OF/UTIL
116612-185300,SS,Zach,Zach Neto,Neto,13.5,16,3300,TOR@LAA,LAA,TOR,,,,,,SS/UTIL
116612-79273,1B,Vladimir,Vladimir Guerrero Jr.,Guerrero Jr.,9.52000034877232,35,3300,TOR@LAA,TOR,LAA,,,,,,C/1B/UTIL
116612-38412,SS,Corey,Corey Seager,Seager,8.633333206176758,24,3300,TEX@BOS,TEX,BOS,,,,,,SS/UTIL
116612-222825,2B/OF,Kristian,Kristian Campbell,Campbell,10.583871164629537,31,3300,TEX@BOS,BOS,TEX,,,,,,2B/OF/UTIL
116612-165527,OF/C/1B,Hunter,Hunter Goodman,Goodman,9.17272764263731,33,3300,DET@COL,COL,DET,,,,,,C/1B/OF/UTIL
116612-102555,3B,Noelvi,Noelvi Marte,Marte,12.394736842105264,19,3200,CIN@ATL,CIN,ATL,DTD,Side,,,,3B/UTIL
116612-82536,OF,Cedric,Cedric Mullins,Mullins,12.159375190734863,32,3200,BAL@MIN,BAL,MIN,,,,,,OF/UTIL
116612-12968,1B,Paul,Paul Goldschmidt,Goldschmidt,10.186111450195312,36,3200,SD@NYY,NYY,SD,,,,,,C/1B/UTIL
116612-79110,C,Tyler,Tyler Stephenson,Stephenson,10.61999969482422,5,3200,CIN@ATL,CIN,ATL,,,,,,C/1B/UTIL
116612-79267,2B/3B,Andy,Andy Ibanez,Ibanez,6.408695386803669,23,3200,DET@COL,DET,COL,,,,,,2B/3B/UTIL
116612-163674,SS,Ezequiel,Ezequiel Tovar,Tovar,6.925000190734863,16,3200,DET@COL,COL,DET,IL,Hip,,,,SS/UTIL
116612-163689,3B/2B/OF,Maikel,Maikel Garcia,Garcia,10.256756756756756,37,3200,CWS@KC,KC,CWS,,,,,,2B/3B/OF/UTIL
116612-119306,SS,Gunnar,Gunnar Henderson,Henderson,8.751851964879918,27,3100,BAL@MIN,BAL,MIN,,,,,,SS/UTIL
116612-16983,OF,George,George Springer,Springer,10.634374618530273,32,3100,TOR@LAA,TOR,LAA,,,,,,OF/UTIL
116612-119405,2B/SS,Bryson,Bryson Stott,Stott,10.284375190734863,32,3100,PHI@TB,PHI,TB,,,,,,2B/SS/UTIL
116612-52175,1B,Matt,Matt Olson,Olson,10.308571079799107,35,3100,CIN@ATL,ATL,CIN,,,,,,C/1B/UTIL
116612-79175,OF,Trent,Trent Grisham,Grisham,10.52000020345052,30,3100,SD@NYY,NYY,SD,,,,,,OF/UTIL
116612-165507,SS/2B,Matt,Matt McLain,McLain,10.292857578822545,28,3100,CIN@ATL,CIN,ATL,,,,,,2B/SS/UTIL
116612-165633,SS,Trey,Trey Sweeney,Sweeney,7.997058644014246,34,3100,DET@COL,DET,COL,,,,,,SS/UTIL
116612-165707,SS/3B/2B/1B/OF,Josh,Josh Smith,Smith,9.456667073567708,30,3100,TEX@BOS,TEX,BOS,,,,,,C/1B/2B/3B/SS/OF/UTIL
116612-163662,1B,Jonathan,Jonathan Aranda,Aranda,10.396875381469727,32,3100,PHI@TB,TB,PHI,,,,,,C/1B/UTIL
116612-102325,OF,Parker,Parker Meadows,Meadows,8.785393532742276,89,3100,DET@COL,DET,COL,IL,Arm,,,,OF/UTIL
116612-79884,OF,Anthony,Anthony Santander,Santander,7.7617645263671875,34,3000,TOR@LAA,TOR,LAA,,,,,,OF/UTIL
116612-12302,OF,Giancarlo,Giancarlo Stanton,Stanton,10.454263376635174,129,3000,SD@NYY,NYY,SD,IL,Elbow,,,,OF/UTIL
116612-65881,SS,Trea,Trea Turner,Turner,10.475757945667613,33,3000,PHI@TB,PHI,TB,,,,,,SS/UTIL
116612-82608,3B,Royce,Royce Lewis,Lewis,0,1,3000,BAL@MIN,MIN,BAL,,,,,,3B/UTIL
116612-82624,C,Sean,Sean Murphy,Murphy,11.295237949916295,21,3000,CIN@ATL,ATL,CIN,,,,,,C/1B/UTIL
116612-154422,OF/3B,Matt,Matt Vierling,Vierling,8.7264897428601,151,3000,DET@COL,DET,COL,IL,Shoulder,,,,3B/OF/UTIL
116612-189314,OF,Justyn-Henry,Justyn-Henry Malloy,Malloy,5.876923194298377,26,3000,DET@COL,DET,COL,,,,,,OF/UTIL
116612-68514,3B,Ryan,Ryan McMahon,McMahon,6.608823439654182,34,3000,DET@COL,COL,DET,,,,,,3B/UTIL
116612-68547,OF,Tyler,Tyler O'Neill,O'Neill,8.700000339084202,18,3000,BAL@MIN,BAL,MIN,IL,Neck,,,,OF/UTIL
116612-37982,SS/2B,Xander,Xander Bogaerts,Bogaerts,8.67142857142857,35,3000,SD@NYY,SD,NYY,,,,,,2B/SS/UTIL
116612-79141,1B/OF,Ryan,Ryan O'Hearn,O'Hearn,10.99230722280649,26,3000,BAL@MIN,BAL,MIN,,,,,,C/1B/OF/UTIL
116612-79159,OF/1B,Cody,Cody Bellinger,Bellinger,9.481817996863162,33,3000,SD@NYY,NYY,SD,,,,,,C/1B/OF/UTIL
116612-165557,1B/2B,Colt,Colt Keith,Keith,6.787499904632568,32,3000,DET@COL,DET,COL,,,,,,C/1B/2B/UTIL
116612-165571,1B,Vinnie,Vinnie Pasquantino,Pasquantino,8.394594759554476,37,3000,CWS@KC,KC,CWS,,,,,,C/1B/UTIL
116612-135260,C,Logan,Logan O'Hoppe,O'Hoppe,9.98620710701778,29,2900,TOR@LAA,LAA,TOR,,,,,,C/1B/UTIL
116612-119307,C,Adley,Adley Rutschman,Rutschman,8.03125,32,2900,BAL@MIN,BAL,MIN,,,,,,C/1B/UTIL
116612-119337,1B/OF,Michael,Michael Toglia,Toglia,6.502941355985754,34,2900,DET@COL,COL,DET,,,,,,C/1B/OF/UTIL
116612-119341,OF,Wenceel,Wenceel Perez,Perez,7.774576478085275,118,2900,DET@COL,DET,COL,IL,Back,,,,OF/UTIL
116612-23107,OF,Jorge,Jorge Soler,Soler,8.184848669803504,33,2900,TOR@LAA,LAA,TOR,,,,,,OF/UTIL
116612-119437,3B,Josh,Josh Jung,Jung,7.448148374204282,27,2900,TEX@BOS,TEX,BOS,,,,,,3B/UTIL
116612-68495,OF,Andrew,Andrew Benintendi,Benintendi,8.858333587646484,24,2900,CWS@KC,CWS,KC,DTD,Calf,,,,OF/UTIL
116612-13342,OF,Nick,Nick Castellanos,Castellanos,9.562857491629464,35,2900,PHI@TB,PHI,TB,,,,,,OF/UTIL
116612-79257,OF,Josh,Josh Lowe,Lowe,3,1,2900,PHI@TB,TB,PHI,IL,Oblique,,,,OF/UTIL
116612-118210,1B/2B,Jake,Jake Cronenworth,Cronenworth,9.825000127156576,12,2900,SD@NYY,SD,NYY,IL,Ribs,,,,C/1B/2B/UTIL
116612-85520,OF,Adolis,Adolis Garcia,Garcia,8.371428571428572,35,2900,TEX@BOS,TEX,BOS,,,,,,OF/UTIL
116612-219666,OF,Jake,Jake Mangum,Mangum,9.090475899832589,21,2800,PHI@TB,TB,PHI,IL,Groin,,,,OF/UTIL
116612-119395,OF,Jasson,Jasson Dominguez,Dominguez,8.906667073567709,30,2800,SD@NYY,NYY,SD,,,,,,OF/UTIL
116612-82533,OF,Daulton,Daulton Varsho,Varsho,10.34999974568685,6,2800,TOR@LAA,TOR,LAA,,,,,,OF/UTIL
116612-119396,SS,Anthony,Anthony Volpe,Volpe,10.774285888671875,35,2800,SD@NYY,NYY,SD,,,,,,SS/UTIL
116612-82569,1B/OF,Gavin,Gavin Sheets,Sheets,7.887499809265137,32,2800,SD@NYY,SD,NYY,,,,,,C/1B/OF/UTIL
116612-82654,SS,Bo,Bo Bichette,Bichette,8.76000017438616,35,2800,TOR@LAA,TOR,LAA,,,,,,SS/UTIL
116612-17139,C,J.T.,J.T. Realmuto,Realmuto,8.773333740234374,30,2800,PHI@TB,PHI,TB,,,,,,C/1B/UTIL
116612-13266,C/1B,Salvador,Salvador Perez,Perez,7.4942853655133925,35,2800,CWS@KC,KC,CWS,,,,,,C/1B/UTIL
116612-68587,2B,Ozzie,Ozzie Albies,Albies,9.565713936941965,35,2800,CIN@ATL,ATL,CIN,,,,,,2B/UTIL
116612-70665,C,Jacob,Jacob Stallings,Stallings,5.211111280653212,18,2800,DET@COL,COL,DET,,,,,,C/1B/UTIL
116612-54401,OF,Manuel,Manuel Margot,Margot,5.283333460489909,6,2800,DET@COL,DET,COL,IL,Knee,,,,OF/UTIL
116612-79120,1B,Yandy,Yandy Diaz,Diaz,9.408571079799108,35,2800,PHI@TB,TB,PHI,DTD,Hip,,,,C/1B/UTIL
116612-146716,C,Austin,Austin Wells,Wells,9.715624809265137,32,2800,SD@NYY,NYY,SD,,,,,,C/1B/UTIL
116612-79160,OF,Alex,Alex Verdugo,Verdugo,10.566666666666666,15,2800,CIN@ATL,ATL,CIN,,,,,,OF/UTIL
116612-197974,3B,Jace,Jace Jung,Jung,4.416666666666667,12,2800,DET@COL,DET,COL,,,,,,3B/UTIL
116612-118120,C,Jonah,Jonah Heim,Heim,8.203571319580078,28,2800,TEX@BOS,TEX,BOS,,,,,,C/1B/UTIL
116612-79211,OF,Mickey,Mickey Moniak,Moniak,6.5064515144594255,31,2800,DET@COL,COL,DET,,,,,,OF/UTIL
116612-136672,OF,Michael,Michael Harris II,Harris II,8.405714634486607,35,2800,CIN@ATL,ATL,CIN,,,,,,OF/UTIL
116612-181811,OF/2B/SS,Ceddanne,Ceddanne Rafaela,Rafaela,8.684374809265137,32,2800,TEX@BOS,BOS,TEX,,,,,,2B/SS/OF/UTIL
116612-165530,SS/2B,Adael,Adael Amador,Amador,4.431250095367432,16,2800,DET@COL,COL,DET,,,,,,2B/SS/UTIL
116612-181987,OF,Masataka,Masataka Yoshida,Yoshida,8.75925925925926,108,2800,TEX@BOS,BOS,TEX,IL,Shoulder,,,,OF/UTIL
116612-102308,2B/3B/OF,Jonathan,Jonathan India,India,7.061764885397518,34,2800,CWS@KC,KC,CWS,,,,,,2B/3B/OF/UTIL
116612-102362,OF,Trevor,Trevor Larnach,Larnach,8.560000174386161,35,2800,BAL@MIN,MIN,BAL,,,,,,OF/UTIL
116612-82021,C,Tomas,Tomas Nido,Nido,6.657142639160156,7,2700,DET@COL,DET,COL,,,,,,C/1B/UTIL
116612-225386,OF,Chandler,Chandler Simpson,Simpson,9.486666870117187,15,2700,PHI@TB,TB,PHI,,,,,,OF/UTIL
116612-84471,OF,Nick,Nick Martini,Martini,3.593103343042834,29,2700,DET@COL,COL,DET,,,,,,OF/UTIL
116612-53757,OF,Rob,Rob Refsnyder,Refsnyder,9.053845919095552,13,2700,TEX@BOS,BOS,TEX,,,,,,OF/UTIL
116612-119368,C,Ryan,Ryan Jeffers,Jeffers,8.47500010899135,28,2700,BAL@MIN,MIN,BAL,,,,,,C/1B/UTIL
116612-119377,OF,Matt,Matt Wallner,Wallner,7.994444105360243,18,2700,BAL@MIN,MIN,BAL,IL,Hamstring,,,,OF/UTIL
116612-119412,2B/3B/1B,Owen,Owen Miller,Miller,3,3,2700,DET@COL,COL,DET,,,,,,C/1B/2B/3B/UTIL
116612-82613,2B,Thairo,Thairo Estrada,Estrada,7.646874745686849,96,2700,DET@COL,COL,DET,IL,Wrist,,,,2B/UTIL
116612-54307,C,Elias,Elias Diaz,Diaz,5.838461655836839,26,2700,SD@NYY,SD,NYY,,,,,,C/1B/UTIL
116612-179272,OF/1B/2B,Spencer,Spencer Steer,Steer,8.196666463216145,30,2700,CIN@ATL,CIN,ATL,,,,,,C/1B/2B/OF/UTIL
116612-195679,3B,Junior,Junior Caminero,Caminero,8.860605875651041,33,2700,PHI@TB,TB,PHI,,,,,,3B/UTIL
116612-146667,3B/2B,Jordan,Jordan Westburg,Westburg,8.060869299847147,23,2700,BAL@MIN,BAL,MIN,IL,Hamstring,,,,2B/3B/UTIL
116612-79151,OF,Taylor,Taylor Ward,Ward,8,33,2700,TOR@LAA,LAA,TOR,,,,,,OF/UTIL
116612-79165,2B/OF,Gavin,Gavin Lux,Lux,8.94848447857481,33,2700,CIN@ATL,CIN,ATL,,,,,,2B/OF/UTIL
116612-197967,2B/SS,Jackson,Jackson Holliday,Holliday,8.024137825801455,29,2700,BAL@MIN,BAL,MIN,,,,,,2B/SS/UTIL
116612-21875,OF,Max,Max Kepler,Kepler,9.096875190734863,32,2700,PHI@TB,PHI,TB,,,,,,OF/UTIL
116612-79247,3B/SS/2B/OF,Edmundo,Edmundo Sosa,Sosa,7.275000095367432,16,2700,PHI@TB,PHI,TB,,,,,,2B/3B/SS/OF/UTIL
116612-101811,OF,Sam,Sam Hilliard,Hilliard,7.791525630627648,59,2700,DET@COL,COL,DET,,,,,,OF/UTIL
116612-101827,1B/2B,Luis,Luis Arraez,Arraez,9.08965538287985,29,2700,SD@NYY,SD,NYY,,,,,,C/1B/2B/UTIL
116612-101842,1B,Ty,Ty France,France,8.602778116861979,36,2700,BAL@MIN,MIN,BAL,,,,,,C/1B/UTIL
116612-161418,2B/1B/3B,Romy,Romy Gonzalez,Gonzalez,9.5,16,2700,TEX@BOS,BOS,TEX,,,,,,C/1B/2B/3B/UTIL
116612-165550,2B/3B/SS,Ryan,Ryan Kreidler,Kreidler,3.0588235294117645,17,2700,DET@COL,DET,COL,,,,,,2B/3B/SS/UTIL
116612-38614,SS,Carlos,Carlos Correa,Correa,6.76000017438616,35,2700,BAL@MIN,MIN,BAL,,,,,,SS/UTIL
116612-102296,OF,TJ,TJ Friedl,Friedl,9.914706061868106,34,2700,CIN@ATL,CIN,ATL,,,,,,OF/UTIL
116612-102370,3B/1B,Alec,Alec Bohm,Bohm,7.0787880637428975,33,2700,PHI@TB,PHI,TB,,,,,,C/1B/3B/UTIL
116612-135288,SS/2B/3B,Alan,Alan Trejo,Trejo,3.914285659790039,7,2600,DET@COL,COL,DET,,,,,,2B/3B/SS/UTIL
116612-102577,2B/3B/OF,Santiago,Santiago Espinal,Espinal,6.432143075125558,28,2600,CIN@ATL,CIN,ATL,,,,,,2B/3B/OF/UTIL
116612-102588,OF,Brewer,Brewer Hicklen,Hicklen,2,3,2600,DET@COL,DET,COL,,,,,,OF/UTIL
116612-119318,2B/3B/OF,Christopher,Christopher Morel,Morel,7.663333129882813,30,2600,PHI@TB,TB,PHI,,,,,,2B/3B/OF/UTIL
116612-119335,3B/2B/SS,Aaron,Aaron Schunk,Schunk,2.6500000953674316,8,2600,DET@COL,COL,DET,IL,Groin,,,,2B/3B/SS/UTIL
116612-119372,OF/3B/1B,Miguel,Miguel Vargas,Vargas,7.537142508370536,35,2600,CWS@KC,CWS,KC,,,,,,C/1B/3B/OF/UTIL
116612-12919,SS/2B/3B/OF,Jose,Jose Iglesias,Iglesias,5.659259372287327,27,2600,SD@NYY,SD,NYY,,,,,,2B/3B/SS/OF/UTIL
116612-82555,SS/2B/3B/OF,Willi,Willi Castro,Castro,7.805263318513569,19,2600,BAL@MIN,MIN,BAL,,,,,,2B/3B/SS/OF/UTIL
116612-164507,OF,Colton,Colton Cowser,Cowser,7.724999904632568,4,2600,BAL@MIN,BAL,MIN,IL,Thumb,,,,OF/UTIL
116612-82596,C,Jake,Jake Rogers,Rogers,6.599999745686849,6,2600,DET@COL,DET,COL,IL,Oblique,,,,C/1B/UTIL
116612-82605,2B,Keston,Keston Hiura,Hiura,1.700000069358132,11,2600,DET@COL,COL,DET,,,,,,2B/UTIL
116612-52147,1B/OF,Kris,Kris Bryant,Bryant,3.6272728659889917,11,2600,DET@COL,COL,DET,IL,Back,,,,C/1B/OF/UTIL
116612-80847,OF,Mike,Mike Tauchman,Tauchman,7.066666920979817,3,2600,CWS@KC,CWS,KC,IL,Hamstring,,,,OF/UTIL
116612-185303,SS/2B/3B/OF,Jose,Jose Caballero,Caballero,7.811110885054977,27,2600,PHI@TB,TB,PHI,,,,,,2B/3B/SS/OF/UTIL
116612-21705,2B,Marcus,Marcus Semien,Semien,6.519999912806919,35,2600,TEX@BOS,TEX,BOS,,,,,,2B/UTIL
116612-79082,1B,Ryan,Ryan Mountcastle,Mountcastle,5.957575942530776,33,2600,BAL@MIN,BAL,MIN,,,,,,C/1B/UTIL
116612-83191,C,Austin,Austin Wynns,Wynns,11.13076899601863,13,2600,CIN@ATL,CIN,ATL,,,,,,C/1B/UTIL
116612-79249,OF,Harrison,Harrison Bader,Bader,7.987500190734863,32,2600,BAL@MIN,MIN,BAL,DTD,Illness,,,,OF/UTIL
116612-85504,2B,Brandon,Brandon Lowe,Lowe,7.7967740951045865,31,2600,PHI@TB,TB,PHI,,,,,,2B/UTIL
116612-206383,2B/SS/OF,Brooks,Brooks Baldwin,Baldwin,6.536363543886127,33,2600,CWS@KC,CWS,KC,,,,,,2B/SS/OF/UTIL
116612-165544,2B/3B/1B,Lenyn,Lenyn Sosa,Sosa,5.771428571428571,35,2600,CWS@KC,CWS,KC,,,,,,C/1B/2B/3B/UTIL
116612-79918,C,Kyle,Kyle Higashioka,Higashioka,6.623529322007123,17,2500,TEX@BOS,TEX,BOS,IL,Ribs,,,,C/1B/UTIL
116612-116867,C,Tyler,Tyler Heineman,Heineman,8.169230534480167,13,2500,TOR@LAA,TOR,LAA,,,,,,C/1B/UTIL
116612-192649,OF/1B,Weston,Weston Wilson,Wilson,11.633333841959635,3,2500,PHI@TB,PHI,TB,,,,,,C/1B/OF/UTIL
116612-198884,OF,Max,Max Clark,Clark,,0,2500,DET@COL,DET,COL,,,,,,OF/UTIL
116612-170321,C,Brian,Brian Serven,Serven,3.196551618904903,29,2500,DET@COL,DET,COL,,,,,,C/1B/UTIL
116612-119333,OF/2B,Tyler,Tyler Freeman,Freeman,5.328571319580078,7,2500,DET@COL,COL,DET,IL,Oblique,,,,2B/OF/UTIL
116612-119354,SS/2B/OF,Kyren,Kyren Paris,Paris,8.283870573966734,31,2500,TOR@LAA,LAA,TOR,,,,,,2B/SS/OF/UTIL
116612-119364,OF,Kameron,Kameron Misner,Misner,8.00967751779864,31,2500,PHI@TB,TB,PHI,,,,,,OF/UTIL
116612-21074,OF,Michael A.,Michael A. Taylor,Taylor,5.16000010172526,30,2500,CWS@KC,CWS,KC,,,,,,OF/UTIL
116612-223870,C,Braxton,Braxton Fulford,Fulford,4.675000190734863,4,2500,DET@COL,COL,DET,,,,,,C/1B/UTIL
116612-119444,C,Alejandro,Alejandro Kirk,Kirk,6.703703703703703,27,2500,TOR@LAA,TOR,LAA,,,,,,C/1B/UTIL
116612-113309,3B/2B/OF,Josh,Josh Rojas,Rojas,12.5,2,2500,CWS@KC,CWS,KC,,,,,,2B/3B/OF/UTIL
116612-82611,OF,Akil,Akil Baddoo,Baddoo,4.246874809265137,32,2500,DET@COL,DET,COL,IL,Hand,,,,OF/UTIL
116612-82617,2B,Andres,Andres Gimenez,Gimenez,8.462857491629464,35,2500,TOR@LAA,TOR,LAA,,,,,,2B/UTIL
116612-119495,1B,Andrew,Andrew Vaughn,Vaughn,6.1588233498966,34,2500,CWS@KC,CWS,KC,,,,,,C/1B/UTIL
116612-146160,SS,Ha-Seong,Ha-Seong Kim,Kim,9.21900826446281,121,2500,PHI@TB,TB,PHI,IL,Shoulder,,,,SS/UTIL
116612-70435,OF,Ben,Ben Gamel,Gamel,5.779487022986779,39,2500,DET@COL,DET,COL,,,,,,OF/UTIL
116612-13303,C,Yasmani,Yasmani Grandal,Grandal,7.036986468589469,73,2500,TEX@BOS,BOS,TEX,,,,,,C/1B/UTIL
116612-193598,1B,Nolan,Nolan Schanuel,Schanuel,7.409090909090909,33,2500,TOR@LAA,LAA,TOR,,,,,,C/1B/UTIL
116612-171112,OF,Sean,Sean Bouchard,Bouchard,4.617391171662704,23,2500,DET@COL,COL,DET,,,,,,OF/UTIL
116612-197762,C,Carlos,Carlos Narvaez,Narvaez,7.4879998779296875,25,2500,TEX@BOS,BOS,TEX,,,,,,C/1B/UTIL
116612-83173,C,Jose,Jose Trevino,Trevino,7.446428571428571,28,2500,CIN@ATL,CIN,ATL,,,,,,C/1B/UTIL
116612-146666,OF,Heston,Heston Kjerstad,Kjerstad,5.967741935483871,31,2500,BAL@MIN,BAL,MIN,,,,,,OF/UTIL
116612-109803,C,Austin,Austin Nola,Nola,0,1,2500,DET@COL,COL,DET,,,,,,C/1B/UTIL
116612-146680,C,Drew,Drew Romo,Romo,4.737500190734863,16,2500,DET@COL,COL,DET,IL,Finger,,,,C/1B/UTIL
116612-197881,OF,Yanquiel,Yanquiel Fernandez,Fernandez,0,1,2500,DET@COL,COL,DET,,,,,,OF/UTIL
116612-146681,OF,Zac,Zac Veen,Veen,4.100000063578288,12,2500,DET@COL,COL,DET,,,,,,OF/UTIL
116612-146685,OF,Daniel,Daniel Cabrera,Cabrera,,0,2500,DET@COL,DET,COL,,,,,,OF/UTIL
116612-79153,2B/OF,Jahmai,Jahmai Jones,Jones,3.0171428135463167,35,2500,DET@COL,DET,COL,,,,,,2B/OF/UTIL
116612-79154,OF,Brandon,Brandon Marsh,Marsh,4.540000152587891,20,2500,PHI@TB,PHI,TB,,,,,,OF/UTIL
116612-38299,OF,Kevin,Kevin Pillar,Pillar,4.094444274902344,18,2500,TEX@BOS,TEX,BOS,,,,,,OF/UTIL
116612-171482,1B,Bligh,Bligh Madris,Madris,6.338095528738839,21,2500,DET@COL,DET,COL,,,,,,C/1B/UTIL
116612-173548,2B,Michael,Michael Massey,Massey,4.757575757575758,33,2500,CWS@KC,KC,CWS,,,,,,2B/UTIL
116612-181797,3B,Warming,Warming Bernabel,Bernabel,,0,2500,DET@COL,COL,DET,,,,,,3B/UTIL
116612-222793,OF,Robert,Robert Calaz,Calaz,,0,2500,DET@COL,COL,DET,,,,,,OF/UTIL
116612-222792,OF,Charlie,Charlie Condon,Condon,,0,2500,DET@COL,COL,DET,IL,Wrist,,,,OF/UTIL
116612-222811,SS,Bryce,Bryce Rainer,Rainer,,0,2500,DET@COL,DET,COL,,,,,,SS/UTIL
116612-222810,SS,Kevin,Kevin McGonigle,McGonigle,,0,2500,DET@COL,DET,COL,IL,Ankle,,,,SS/UTIL
116612-222809,C,Josue,Josue Briceno,Briceno,,0,2500,DET@COL,DET,COL,,,,,,C/1B/UTIL
116612-222808,C,Thayron,Thayron Liranzo,Liranzo,,0,2500,DET@COL,DET,COL,,,,,,C/1B/UTIL
116612-81511,2B/3B/SS,Kyle,Kyle Farmer,Farmer,4.789654961947737,29,2500,DET@COL,COL,DET,,,,,,2B/3B/SS/UTIL
116612-165526,OF,Benny,Benny Montgomery,Montgomery,,0,2500,DET@COL,COL,DET,,,,,,OF/UTIL
116612-165532,3B,Julio,Julio Carreras,Carreras,0,1,2500,DET@COL,COL,DET,,,,,,3B/UTIL
116612-165548,SS,Cristian,Cristian Santana,Santana,,0,2500,DET@COL,DET,COL,,,,,,SS/UTIL
116612-165549,OF,Roberto,Roberto Campos,Campos,,0,2500,DET@COL,DET,COL,,,,,,OF/UTIL
116612-165554,SS,Trei,Trei Cruz,Cruz,,0,2500,DET@COL,DET,COL,DTD,Elbow,,,,SS/UTIL
116612-165555,SS,Abel,Abel Bastidas,Bastidas,,0,2500,DET@COL,DET,COL,,,,,,SS/UTIL
116612-165552,3B,Izaac,Izaac Pacheco,Pacheco,,0,2500,DET@COL,DET,COL,,,,,,3B/UTIL
116612-165583,C,Edgar,Edgar Quero,Quero,7.288888719346788,18,2500,CWS@KC,CWS,KC,,,,,,C/1B/UTIL
116612-165712,3B/OF,Dustin,Dustin Harris,Harris,4.486666870117188,15,2500,TEX@BOS,TEX,BOS,,,,,,3B/OF/UTIL
116612-163668,OF/2B/3B,Richie,Richie Palacios,Palacios,21.200000762939453,1,2500,PHI@TB,TB,PHI,IL,Knee,,,,2B/3B/OF/UTIL
116612-163686,3B/SS,Oswaldo,Oswaldo Cabrera,Cabrera,6.020000203450521,30,2500,SD@NYY,NYY,SD,,,,,,3B/SS/UTIL
116612-102288,OF,Drew,Drew Waters,Waters,7.233333587646484,24,2500,CWS@KC,KC,CWS,,,,,,OF/UTIL
116612-102418,OF,Eli,Eli White,White,7.592592592592593,27,2400,CIN@ATL,ATL,CIN,,,,,,OF/UTIL
116612-135190,SS,Taylor,Taylor Walls,Walls,5.5064515144594255,31,2400,PHI@TB,TB,PHI,,,,,,SS/UTIL
116612-102485,OF,Kyle,Kyle Isbel,Isbel,5.529411764705882,34,2400,CWS@KC,KC,CWS,,,,,,OF/UTIL
116612-61553,3B,Yoan,Yoan Moncada,Moncada,9.477778116861979,9,2400,TOR@LAA,LAA,TOR,,,,,,3B/UTIL
116612-102591,OF,Jake,Jake Fraley,Fraley,7.532142639160156,28,2400,CIN@ATL,CIN,ATL,,,,,,OF/UTIL
116612-82580,OF,Jo,Jo Adell,Adell,6.524999891008649,28,2400,TOR@LAA,LAA,TOR,,,,,,OF/UTIL
116612-82586,OF,MJ,MJ Melendez,Melendez,3.456249952316284,16,2400,CWS@KC,KC,CWS,,,,,,OF/UTIL
116612-82655,C,Danny,Danny Jansen,Jansen,5.145833333333333,24,2400,PHI@TB,TB,PHI,,,,,,C/1B/UTIL
116612-83155,OF,Ramon,Ramon Laureano,Laureano,4.908333460489909,24,2400,BAL@MIN,BAL,MIN,,,,,,OF/UTIL
116612-85277,2B/OF/1B/3B,Cavan,Cavan Biggio,Biggio,4.0679998779296875,25,2400,CWS@KC,KC,CWS,,,,,,C/1B/2B/3B/OF/UTIL
116612-79152,C,Matt,Matt Thaiss,Thaiss,6.587500254313151,24,2400,CWS@KC,CWS,KC,,,,,,C/1B/UTIL
116612-197972,SS/3B/2B,Brooks,Brooks Lee,Lee,5.871428716750372,21,2400,BAL@MIN,MIN,BAL,,,,,,2B/3B/SS/UTIL
116612-101817,2B/3B/SS,Luis,Luis Rengifo,Rengifo,5.463636456113873,33,2400,TOR@LAA,LAA,TOR,,,,,,2B/3B/SS/UTIL
116612-101850,3B/2B/1B,Ramon,Ramon Urias,Urias,7.204545454545454,22,2400,BAL@MIN,BAL,MIN,IL,Hamstring,,,,C/1B/2B/3B/UTIL
116612-13864,OF/1B,Joc,Joc Pederson,Pederson,3.1600001017252604,30,2400,TEX@BOS,TEX,BOS,,,,,,C/1B/OF/UTIL
116612-181806,OF,Jonny,Jonny DeLuca,DeLuca,9.144444783528646,9,2400,PHI@TB,TB,PHI,IL,Shoulder,,,,OF/UTIL
116612-181813,SS/2B,David,David Hamilton,Hamilton,5.805882173426011,17,2400,TEX@BOS,BOS,TEX,,,,,,2B/SS/UTIL
116612-165639,OF,Brandon,Brandon Lockridge,Lockridge,5.952940996955423,17,2400,SD@NYY,SD,NYY,,,,,,OF/UTIL
116612-163672,3B/1B,Jonah,Jonah Bride,Bride,3.8043478260869565,23,2400,BAL@MIN,MIN,BAL,,,,,,C/1B/3B/UTIL
116612-102504,C,Connor,Connor Wong,Wong,3.3090910478071733,11,2300,TEX@BOS,BOS,TEX,,,,,,C/1B/UTIL
116612-135314,2B/SS/3B,Ernie,Ernie Clement,Clement,3.8393938469164297,33,2300,TOR@LAA,TOR,LAA,,,,,,2B/3B/SS/UTIL
116612-170471,OF,Oscar,Oscar Gonzalez,Gonzalez,3.4200000762939453,20,2300,SD@NYY,SD,NYY,,,,,,OF/UTIL
116612-80485,OF,Austin,Austin Slater,Slater,4.987500190734863,8,2300,CWS@KC,CWS,KC,IL,Knee,,,,OF/UTIL
116612-164512,3B,Coby,Coby Mayo,Mayo,1,3,2300,BAL@MIN,BAL,MIN,,,,,,3B/UTIL
116612-54068,OF,Hunter,Hunter Renfroe,Renfroe,3.2000000565140336,27,2300,CWS@KC,KC,CWS,,,,,,OF/UTIL
116612-11129,OF,Jason,Jason Heyward,Heyward,4.591666539510091,24,2300,SD@NYY,SD,NYY,,,,,,OF/UTIL
116612-68593,SS/2B/OF,Jorge,Jorge Mateo,Mateo,3.0117647507611442,17,2300,BAL@MIN,BAL,MIN,,,,,,2B/SS/OF/UTIL
116612-222287,SS/2B,Chase,Chase Meidroth,Meidroth,7.986666870117188,15,2300,CWS@KC,CWS,KC,,,,,,2B/SS/UTIL
116612-212070,OF,Gustavo,Gustavo Campero,Campero,4.240000152587891,5,2300,TOR@LAA,LAA,TOR,DTD,Ankle,,,,OF/UTIL
116612-21666,OF/1B,Mark,Mark Canha,Canha,5.025000095367432,16,2300,CWS@KC,KC,CWS,,,,,,C/1B/OF/UTIL
116612-13567,3B/1B,DJ,DJ LeMahieu,LeMahieu,5.254285539899554,70,2300,SD@NYY,NYY,SD,IL,Calf,,,,C/1B/3B/UTIL
116612-38223,OF,Travis,Travis Jankowski,Jankowski,3.6666666666666665,15,2300,PHI@TB,TB,PHI,,,,,,OF/UTIL
116612-21890,SS,Orlando,Orlando Arcia,Arcia,2.790909160267223,11,2300,CIN@ATL,ATL,CIN,,,,,,SS/UTIL
116612-181662,OF,Nathan,Nathan Lukes,Lukes,6.2863637750799,22,2300,TOR@LAA,TOR,LAA,,,,,,OF/UTIL
116612-71182,3B/1B,Jeimer,Jeimer Candelario,Candelario,5.572727203369141,22,2300,CIN@ATL,CIN,ATL,IL,Back,,,,C/1B/3B/UTIL
116612-13858,C,Christian,Christian Vazquez,Vazquez,4.088888804117839,18,2300,BAL@MIN,MIN,BAL,,,,,,C/1B/UTIL
116612-71217,C,Omar,Omar Narvaez,Narvaez,6.425000190734863,4,2300,CWS@KC,CWS,KC,,,,,,C/1B/UTIL
116612-222858,C,Drake,Drake Baldwin,Baldwin,6.200000160618832,19,2300,CIN@ATL,ATL,CIN,,,,,,C/1B/UTIL
116612-52995,C,Luke,Luke Maile,Maile,21.700000762939453,1,2300,CWS@KC,KC,CWS,,,,,,C/1B/UTIL
116612-165648,OF,Johan,Johan Rojas,Rojas,7.400000254313151,24,2300,PHI@TB,PHI,TB,,,,,,OF/UTIL
116612-165710,OF,Evan,Evan Carter,Carter,9.199999809265137,1,2300,TEX@BOS,TEX,BOS,,,,,,OF/UTIL
116612-102326,1B/2B/3B/OF,Kody,Kody Clemens,Clemens,2.6461539635291467,13,2300,BAL@MIN,MIN,BAL,,,,,,C/1B/2B/3B/OF/UTIL
116612-102398,OF,Jarred,Jarred Kelenic,Kelenic,4.278260935907778,23,2300,CIN@ATL,ATL,CIN,,,,,,OF/UTIL
116612-135194,C,Freddy,Freddy Fermin,Fermin,4.641666730244954,24,2200,CWS@KC,KC,CWS,,,,,,C/1B/UTIL
116612-135282,OF,Joshua,Joshua Palacios,Palacios,4.125,24,2200,CWS@KC,CWS,KC,,,,,,OF/UTIL
116612-102518,3B/1B,Jose,Jose Miranda,Miranda,4.241666793823242,12,2200,BAL@MIN,MIN,BAL,IL,Hand,,,,C/1B/3B/UTIL
116612-145611,SS/2B/3B,Oswald,Oswald Peraza,Peraza,5.535294027889476,17,2200,SD@NYY,NYY,SD,,,,,,2B/3B/SS/UTIL
116612-198870,OF,Roman,Roman Anthony,Anthony,,0,2200,TEX@BOS,BOS,TEX,,,,,,OF/UTIL
116612-209179,1B/2B/3B,Will,Will Wagner,Wagner,4.44000015258789,20,2200,TOR@LAA,TOR,LAA,,,,,,C/1B/2B/3B/UTIL
116612-209177,C/2B/1B,Mickey,Mickey Gasper,Gasper,3.676470588235294,17,2200,BAL@MIN,MIN,BAL,,,,,,C/1B/2B/UTIL
116612-170350,OF,Dairon,Dairon Blanco,Blanco,6.133333206176758,3,2200,CWS@KC,KC,CWS,IL,Achilles,,,,OF/UTIL
116612-16945,C,Gary,Gary Sanchez,Sanchez,2.9384615971491885,13,2200,BAL@MIN,BAL,MIN,IL,Wrist,,,,C/1B/UTIL
116612-119346,C,Korey,Korey Lee,Lee,4.4555553860134545,9,2200,CWS@KC,CWS,KC,IL,Ankle,,,,C/1B/UTIL
116612-119401,C,Rafael,Rafael Marchan,Marchan,4.028571537562779,7,2200,PHI@TB,PHI,TB,,,,,,C/1B/UTIL
116612-82570,1B,Jake,Jake Burger,Burger,6.686666870117188,30,2200,TEX@BOS,TEX,BOS,,,,,,C/1B/UTIL
116612-21172,1B/2B/3B,Brandon,Brandon Drury,Drury,4.8051547020981,97,2200,CWS@KC,CWS,KC,O,Thumb,,,,C/1B/2B/3B/UTIL
116612-13099,C,Travis,Travis d'Arnaud,d'Arnaud,4.350000108991351,14,2200,TOR@LAA,LAA,TOR,,,,,,C/1B/UTIL
116612-119637,3B/OF,Ezequiel,Ezequiel Duran,Duran,0.5,7,2200,TEX@BOS,TEX,BOS,,,,,,3B/OF/UTIL
116612-183187,1B,Christian,Christian Encarnacion-Strand,Encarnacion-Strand,5.820000203450521,15,2200,CIN@ATL,CIN,ATL,IL,Back,,,,C/1B/UTIL
116612-68537,2B/3B/SS/OF,Tyler,Tyler Wade,Wade,5.5,19,2200,SD@NYY,SD,NYY,,,,,,2B/3B/SS/OF/UTIL
116612-97257,OF,Myles,Myles Straw,Straw,4.448148091634114,27,2200,TOR@LAA,TOR,LAA,,,,,,OF/UTIL
116612-38040,OF,Eddie,Eddie Rosario,Rosario,1,3,2200,CIN@ATL,ATL,CIN,,,,,,OF/UTIL
116612-79190,C,Ben,Ben Rortvedt,Rortvedt,2.9352942074046418,17,2200,PHI@TB,TB,PHI,,,,,,C/1B/UTIL
116612-79218,SS/2B/3B,Kevin,Kevin Newman,Newman,2.1615384908822866,13,2200,TOR@LAA,LAA,TOR,,,,,,2B/3B/SS/UTIL
116612-101910,1B/OF,Connor,Connor Joe,Joe,0.42857142857142855,7,2200,SD@NYY,SD,NYY,,,,,,C/1B/OF/UTIL
116612-222879,OF,Alan,Alan Roden,Roden,4.425000054495675,28,2200,TOR@LAA,TOR,LAA,,,,,,OF/UTIL
116612-165556,3B,Gage,Gage Workman,Workman,2.3333333333333335,12,2200,CWS@KC,CWS,KC,IL,Hip,,,,3B/UTIL
116612-202502,OF,Blake,Blake Dunn,Dunn,5.225000108991351,28,2200,CIN@ATL,CIN,ATL,,,,,,OF/UTIL
116612-165701,3B/2B/1B,Curtis,Curtis Mead,Mead,2.813043345575747,23,2200,PHI@TB,TB,PHI,,,,,,C/1B/2B/3B/UTIL
116612-163695,2B,Jorbit,Jorbit Vivas,Vivas,5.079999923706055,5,2200,SD@NYY,NYY,SD,,,,,,2B/UTIL
116612-102295,OF,Stuart,Stuart Fairchild,Fairchild,2.050000031789144,12,2200,CIN@ATL,ATL,CIN,,,,,,OF/UTIL
116612-157797,OF,Bryan,Bryan De La Cruz,De La Cruz,3.012500047683716,16,2100,SD@NYY,NYY,SD,,,,,,OF/UTIL
116612-135310,C,Chadwick,Chadwick Tromp,Tromp,1.5,2,2100,BAL@MIN,BAL,MIN,,,,,,C/1B/UTIL
116612-102579,SS/2B,Leo,Leo Jimenez,Jimenez,6.251562595367432,64,2100,TOR@LAA,TOR,LAA,IL,Undisclosed,,,,2B/SS/UTIL
116612-135524,OF/2B,Austin,Austin Martin,Martin,5.78494623655914,93,2100,BAL@MIN,MIN,BAL,DTD,Hamstring,,,,2B/OF/UTIL
116612-119325,2B/OF,Tyler,Tyler Callihan,Callihan,1.625,4,2100,CIN@ATL,CIN,ATL,IL,Forearm,,,,2B/OF/UTIL
116612-119351,SS/2B/3B,Jake,Jake Amaya,Amaya,2.721428462437221,28,2100,CWS@KC,CWS,KC,,,,,,2B/3B/SS/UTIL
116612-119404,2B/3B,Nick,Nick Maton,Maton,4.695652173913044,23,2100,CWS@KC,CWS,KC,,,,,,2B/3B/UTIL
116612-211631,OF,DaShawn,DaShawn Keirsey Jr.,Keirsey Jr.,1.276923106266902,26,2100,BAL@MIN,MIN,BAL,,,,,,OF/UTIL
116612-213853,C,J.C.,J.C. Escarra,Escarra,5.627272865988991,11,2100,SD@NYY,NYY,SD,,,,,,C/1B/UTIL
116612-68525,3B/1B,J.D.,J.D. Davis,Davis,0.6,5,2100,TOR@LAA,LAA,TOR,,,,,,C/1B/3B/UTIL
116612-13253,C,Martin,Martin Maldonado,Maldonado,3.0700000762939452,20,2100,SD@NYY,SD,NYY,,,,,,C/1B/UTIL
116612-187594,2B/3B,Coco,Coco Montes,Montes,1.9,5,2100,PHI@TB,TB,PHI,,,,,,2B/3B/UTIL
116612-60672,SS/2B,Tim,Tim Anderson,Anderson,3.8045453158291904,22,2100,TOR@LAA,LAA,TOR,,,,,,2B/SS/UTIL
116612-85249,1B/3B/OF,Bobby,Bobby Dalbec,Dalbec,4.842857360839844,7,2100,CWS@KC,CWS,KC,,,,,,C/1B/3B/OF/UTIL
116612-95776,2B/SS/3B/OF,Pablo,Pablo Reyes,Reyes,2.2071428298950195,14,2100,SD@NYY,NYY,SD,,,,,,2B/3B/SS/OF/UTIL
116612-79400,OF,Dylan,Dylan Carlson,Carlson,1.3199999809265137,10,2100,BAL@MIN,BAL,MIN,,,,,,OF/UTIL
116612-181814,2B,Edouard,Edouard Julien,Julien,6.089655382879849,29,2100,BAL@MIN,MIN,BAL,,,,,,2B/UTIL
116612-181830,3B/OF,Addison,Addison Barger,Barger,3.3142858232770647,14,2100,TOR@LAA,TOR,LAA,,,,,,3B/OF/UTIL
116612-116339,3B/1B/2B,Abraham,Abraham Toro,Toro,1.5,2,2100,TEX@BOS,BOS,TEX,,,,,,C/1B/2B/3B/UTIL
116612-181990,C/OF,Blake,Blake Sabol,Sabol,2.737499952316284,8,2100,TEX@BOS,BOS,TEX,,,,,,C/1B/OF/UTIL
116612-192426,2B/OF,Davis,Davis Schneider,Schneider,3.089999961853027,10,2100,TOR@LAA,TOR,LAA,,,,,,2B/OF/UTIL
116612-102380,SS,Nick,Nick Allen,Allen,6.503571646554129,28,2100,CIN@ATL,ATL,CIN,,,,,,SS/UTIL
116612-102391,OF,Tirso,Tirso Ornelas,Ornelas,1.7857142857142858,7,2100,SD@NYY,SD,NYY,,,,,,OF/UTIL
116612-102410,C,Ronaldo,Ronaldo Hernandez,Hernandez,,0,2000,SD@NYY,NYY,SD,,,,,,C/1B/UTIL
116612-102425,SS,Orelvis,Orelvis Martinez,Martinez,1.5,2,2000,TOR@LAA,TOR,LAA,,,,,,SS/UTIL
116612-135195,C,Sebastian,Sebastian Rivero,Rivero,,0,2000,TOR@LAA,LAA,TOR,,,,,,C/1B/UTIL
116612-102427,3B,Jordan,Jordan Groshans,Groshans,,0,2000,CWS@KC,KC,CWS,,,,,,3B/UTIL
116612-135207,2B,Alex,Alex De Goti,De Goti,,0,2000,TEX@BOS,TEX,BOS,,,,,,2B/UTIL
116612-102451,OF,Brennen,Brennen Davis,Davis,0,2,2000,SD@NYY,NYY,SD,IL,Undisclosed,,,,OF/UTIL
116612-102452,OF,Nelson,Nelson Velazquez,Velazquez,7.760937690734863,64,2000,CWS@KC,KC,CWS,,,,,,OF/UTIL
116612-135227,2B,Jose,Jose Rojas,Rojas,,0,2000,SD@NYY,NYY,SD,,,,,,2B/UTIL
116612-172093,2B,Michael,Michael Stefanic,Stefanic,4.204762050083706,42,2000,TOR@LAA,TOR,LAA,,,,,,2B/UTIL
116612-135239,2B/SS/3B,Rodolfo,Rodolfo Castro,Castro,0,2,2000,PHI@TB,PHI,TB,,,,,,2B/3B/SS/UTIL
116612-135242,C,P.J.,P.J. Higgins,Higgins,0,2,2000,CIN@ATL,CIN,ATL,,,,,,C/1B/UTIL
116612-135246,OF,Dominic,Dominic Fletcher,Fletcher,4.406944274902344,72,2000,CWS@KC,CWS,KC,,,,,,OF/UTIL
116612-135254,2B,Eddy,Eddy Alvarez,Alvarez,0.8857142584664481,14,2000,CIN@ATL,ATL,CIN,,,,,,2B/UTIL
116612-102488,3B/1B,Emmanuel,Emmanuel Rivera,Rivera,5.233333269755046,3,2000,BAL@MIN,BAL,MIN,,,,,,C/1B/3B/UTIL
116612-135263,C,Brian,Brian O'Keefe,O'Keefe,,0,2000,CWS@KC,KC,CWS,,,,,,C/1B/UTIL
116612-102499,SS,Bryson,Bryson Brigman,Brigman,,0,2000,CIN@ATL,CIN,ATL,,,,,,SS/UTIL
116612-135269,OF,Zach,Zach DeLoach,DeLoach,6.065217391304348,23,2000,CWS@KC,CWS,KC,,,,,,OF/UTIL
116612-116841,2B/1B/OF,Sam,Sam Haggerty,Haggerty,2.077777862548828,9,2000,TEX@BOS,TEX,BOS,,,,,,C/1B/2B/OF/UTIL
116612-102512,OF,Carlos,Carlos Rodriguez,Rodriguez,,0,2000,CIN@ATL,ATL,CIN,,,,,,OF/UTIL
116612-102519,3B,Andrew,Andrew Bechtold,Bechtold,,0,2000,PHI@TB,PHI,TB,,,,,,3B/UTIL
116612-102521,C,Josh,Josh Breaux,Breaux,,0,2000,PHI@TB,PHI,TB,,,,,,C/1B/UTIL
116612-102520,2B,Yunior,Yunior Severino,Severino,0,1,2000,BAL@MIN,MIN,BAL,IL,Hamstring,,,,2B/UTIL
116612-102537,OF,Everson,Everson Pereira,Pereira,0,3,2000,SD@NYY,NYY,SD,,,,,,OF/UTIL
116612-198803,3B,Damiano,Damiano Palmegiani,Palmegiani,,0,2000,TOR@LAA,TOR,LAA,,,,,,3B/UTIL
116612-102550,C,Luis,Luis Campusano,Campusano,4,3,2000,SD@NYY,SD,NYY,,,,,,C/1B/UTIL
116612-184479,OF,Corey,Corey Julks,Julks,5.03582080442514,67,2000,CWS@KC,CWS,KC,,,,,,OF/UTIL
116612-102563,3B/2B/SS,Jonathan,Jonathan Ornelas,Ornelas,0.75,4,2000,TEX@BOS,TEX,BOS,,,,,,2B/3B/SS/UTIL
116612-102584,C,Tres,Tres Barrera,Barrera,,0,2000,PHI@TB,TB,PHI,,,,,,C/1B/UTIL
116612-198867,C,Samuel,Samuel Basallo,Basallo,,0,2000,BAL@MIN,BAL,MIN,,,,,,C/1B/UTIL
116612-198869,C,Kyle,Kyle Teel,Teel,,0,2000,CWS@KC,CWS,KC,,,,,,C/1B/UTIL
116612-198868,OF,Enrique,Enrique Bradfield Jr.,Bradfield Jr.,,0,2000,BAL@MIN,BAL,MIN,IL,Hamstring,,,,OF/UTIL
116612-198878,3B,Sal,Sal Stewart,Stewart,,0,2000,CIN@ATL,CIN,ATL,,,,,,3B/UTIL
116612-198895,OF,Walker,Walker Jenkins,Jenkins,,0,2000,BAL@MIN,MIN,BAL,IL,Ankle,,,,OF/UTIL
116612-198900,OF,Spencer,Spencer Jones,Jones,,0,2000,SD@NYY,NYY,SD,IL,Undisclosed,,,,OF/UTIL
116612-198914,SS,Roderick,Roderick Arias,Arias,,0,2000,SD@NYY,NYY,SD,,,,,,SS/UTIL
116612-198918,C,Ethan,Ethan Salas,Salas,,0,2000,SD@NYY,SD,NYY,IL,Back,,,,C/1B/UTIL
116612-198933,SS,Sebastian,Sebastian Walcott,Walcott,,0,2000,TEX@BOS,TEX,BOS,,,,,,SS/UTIL
116612-198932,1B,Xavier,Xavier Isaac,Isaac,,0,2000,PHI@TB,TB,PHI,,,,,,C/1B/UTIL
116612-82251,OF,Tim,Tim Locastro,Locastro,0,1,2000,SD@NYY,SD,NYY,,,,,,OF/UTIL
116612-194908,SS/2B/3B,Tristan,Tristan Gray,Gray,1.4,15,2000,CWS@KC,CWS,KC,,,,,,2B/3B/SS/UTIL
116612-211339,C,Logan,Logan Driscoll,Driscoll,3.593333435058594,15,2000,PHI@TB,TB,PHI,IL,Ankle,,,,C/1B/UTIL
116612-180644,2B,Nate,Nate Mondou,Mondou,0,1,2000,SD@NYY,SD,NYY,,,,,,2B/UTIL
116612-135646,C,Carson,Carson Taylor,Taylor,,0,2000,PHI@TB,PHI,TB,IL,Undisclosed,,,,C/1B/UTIL
116612-119304,SS/2B,Braden,Braden Shewmake,Shewmake,3.406896656957166,29,2000,SD@NYY,NYY,SD,,,,,,2B/SS/UTIL
116612-119313,SS,Matthew,Matthew Lugo,Lugo,,0,2000,TOR@LAA,LAA,TOR,,,,,,SS/UTIL
116612-219667,OF,Jhostynxon,Jhostynxon Garcia,Garcia,,0,2000,TEX@BOS,BOS,TEX,,,,,,OF/UTIL
116612-119327,SS,Ivan,Ivan Johnson,Johnson,,0,2000,CIN@ATL,CIN,ATL,,,,,,SS/UTIL
116612-119326,3B/OF,Rece,Rece Hinds,Hinds,7.434615501990685,26,2000,CIN@ATL,CIN,ATL,,,,,,3B/OF/UTIL
116612-207395,C,Eric,Eric Yang,Yang,0,1,2000,CIN@ATL,CIN,ATL,,,,,,C/1B/UTIL
116612-201253,OF,Joey,Joey Loperfido,Loperfido,6.10246898509838,81,2000,TOR@LAA,TOR,LAA,,,,,,OF/UTIL
116612-219699,C,Jesus,Jesus Rodriguez,Rodriguez,,0,2000,SD@NYY,NYY,SD,,,,,,C/1B/UTIL
116612-16951,3B,Anthony,Anthony Rendon,Rendon,7.038596705386513,57,2000,TOR@LAA,LAA,TOR,IL,Hip,,,,3B/UTIL
116612-119370,SS,Will,Will Holland,Holland,,0,2000,BAL@MIN,MIN,BAL,,,,,,SS/UTIL
116612-119402,C,Rodolfo,Rodolfo Duran,Duran,,0,2000,SD@NYY,SD,NYY,,,,,,C/1B/UTIL
116612-82558,OF,Conner,Conner Capel,Capel,2.171428544180734,7,2000,CIN@ATL,ATL,CIN,,,,,,OF/UTIL
116612-119432,SS,Greg,Greg Jones,Jones,2,3,2000,CWS@KC,CWS,KC,,,,,,SS/UTIL
116612-119434,OF,Moises,Moises Gomez,Gomez,,0,2000,SD@NYY,SD,NYY,,,,,,OF/UTIL
116612-176777,OF,Cal,Cal Stevenson,Stevenson,1.9,5,2000,PHI@TB,PHI,TB,,,,,,OF/UTIL
116612-119440,3B/2B,Davis,Davis Wendzel,Wendzel,1.8714286259242467,28,2000,CIN@ATL,CIN,ATL,,,,,,2B/3B/UTIL
116612-164502,SS/2B,Vaughn,Vaughn Grissom,Grissom,4.787878787878788,33,2000,TEX@BOS,BOS,TEX,,,,,,2B/SS/UTIL
116612-164501,SS,Cal,Cal Conley,Conley,,0,2000,CIN@ATL,ATL,CIN,,,,,,SS/UTIL
116612-203418,2B/3B/1B/OF,Armando,Armando Alvarez,Alvarez,4.462500095367432,16,2000,BAL@MIN,MIN,BAL,,,,,,C/1B/2B/3B/OF/UTIL
116612-164505,OF,Hudson,Hudson Haskin,Haskin,,0,2000,BAL@MIN,BAL,MIN,,,,,,OF/UTIL
116612-82589,OF/1B,Nick,Nick Pratto,Pratto,0,2,2000,CWS@KC,KC,CWS,,,,,,C/1B/OF/UTIL
116612-164508,OF,Jesse,Jesse Franklin,Franklin,,0,2000,CIN@ATL,ATL,CIN,,,,,,OF/UTIL
116612-164514,SS,Maikol,Maikol Hernandez,Hernandez,,0,2000,BAL@MIN,BAL,MIN,,,,,,SS/UTIL
116612-164518,2B,Tyler,Tyler McDonough,McDonough,,0,2000,TEX@BOS,BOS,TEX,IL,Undisclosed,,,,2B/UTIL
116612-164519,3B,Alex,Alex Binelas,Binelas,,0,2000,TEX@BOS,BOS,TEX,,,,,,3B/UTIL
116612-164516,SS,Marcelo,Marcelo Mayer,Mayer,,0,2000,TEX@BOS,BOS,TEX,,,,,,SS/UTIL
116612-21161,2B,Yolmer,Yolmer Sanchez,Sanchez,,0,2000,TOR@LAA,LAA,TOR,,,,,,2B/UTIL
116612-164526,C,Nathan,Nathan Hickey,Hickey,,0,2000,TEX@BOS,BOS,TEX,,,,,,C/1B/UTIL
116612-164533,OF,Yohendrick,Yohendrick Pinango,Pinango,,0,2000,TOR@LAA,TOR,LAA,,,,,,OF/UTIL
116612-207557,2B/SS/3B,Nick,Nick Sogard,Sogard,5.922580842048891,31,2000,TEX@BOS,BOS,TEX,,,,,,2B/3B/SS/UTIL
116612-82637,1B,Evan,Evan White,White,0,2,2000,TOR@LAA,LAA,TOR,IL,Hip,,,,C/1B/UTIL
116612-17105,C,Sandy,Sandy Leon,Leon,0,2,2000,CIN@ATL,ATL,CIN,,,,,,C/1B/UTIL
116612-195289,OF,Cam,Cam Eden,Eden,,0,2000,SD@NYY,NYY,SD,IL,Undisclosed,,,,OF/UTIL
116612-203490,OF,Steward,Steward Berroa,Berroa,3.9250000544956754,28,2000,TOR@LAA,TOR,LAA,,,,,,OF/UTIL
116612-82659,3B,Carter,Carter Kieboom,Kieboom,0,1,2000,TOR@LAA,LAA,TOR,,,,,,3B/UTIL
116612-17171,C,James,James McCann,McCann,7.277941086713006,68,2000,CIN@ATL,ATL,CIN,,,,,,C/1B/UTIL
116612-224021,3B,Otto,Otto Kemp,Kemp,,0,2000,PHI@TB,PHI,TB,,,,,,3B/UTIL
116612-176937,C,Chuckie,Chuckie Robinson,Robinson,1.976923135610727,26,2000,TOR@LAA,LAA,TOR,,,,,,C/1B/UTIL
116612-211757,OF,Bryce,Bryce Teodosio,Teodosio,1.2399999618530273,5,2000,TOR@LAA,LAA,TOR,,,,,,OF/UTIL
116612-183092,OF,Jonatan,Jonatan Clase,Clase,0,1,2000,TOR@LAA,TOR,LAA,,,,,,OF/UTIL
116612-119627,OF,Erick,Erick Pena,Pena,,0,2000,CWS@KC,KC,CWS,,,,,,OF/UTIL
116612-119633,OF,Misael,Misael Urbina,Urbina,,0,2000,BAL@MIN,MIN,BAL,,,,,,OF/UTIL
116612-119636,SS,Alexander,Alexander Vargas,Vargas,,0,2000,SD@NYY,NYY,SD,,,,,,SS/UTIL
116612-174963,SS,Charles,Charles Leblanc,Leblanc,8.290908813476562,11,2000,CIN@ATL,ATL,CIN,IL,Undisclosed,,,,SS/UTIL
116612-209786,1B,Niko,Niko Kavadas,Kavadas,0,1,2000,TOR@LAA,LAA,TOR,,,,,,C/1B/UTIL
116612-203641,SS,Levi,Levi Jordan,Jordan,1.8142856870378767,7,2000,CIN@ATL,CIN,ATL,,,,,,SS/UTIL
116612-82824,1B,Mike,Mike Ford,Ford,3.600000080309416,19,2000,BAL@MIN,MIN,BAL,,,,,,C/1B/UTIL
116612-68538,2B,Franklin,Franklin Barreto,Barreto,,0,2000,BAL@MIN,BAL,MIN,IL,Undisclosed,,,,2B/UTIL
116612-52170,1B,Dominic,Dominic Smith,Smith,6.866666404149866,93,2000,SD@NYY,NYY,SD,,,,,,C/1B/UTIL
116612-68554,SS,Andrew,Andrew Velazquez,Velazquez,0,2,2000,SD@NYY,NYY,SD,,,,,,SS/UTIL
116612-13262,OF,Jurickson,Jurickson Profar,Profar,4.599999904632568,4,2000,CIN@ATL,ATL,CIN,NA,Suspension,,,,OF/UTIL
116612-13304,C,Tucker,Tucker Barnhart,Barnhart,0,2,2000,TEX@BOS,TEX,BOS,,,,,,C/1B/UTIL
116612-97291,2B,Harold,Harold Castro,Castro,,0,2000,CWS@KC,KC,CWS,,,,,,2B/UTIL
116612-13326,C,Christian,Christian Bethancourt,Bethancourt,5.056250095367432,64,2000,TOR@LAA,TOR,LAA,,,,,,C/1B/UTIL
116612-171037,C,Jason,Jason Delay,Delay,6.400000095367432,8,2000,CIN@ATL,ATL,CIN,,,,,,C/1B/UTIL
116612-222286,OF,Braden,Braden Montgomery,Montgomery,,0,2000,CWS@KC,CWS,KC,,,,,,OF/UTIL
116612-171128,3B/2B,Buddy,Buddy Kennedy,Kennedy,5.185714176722935,14,2000,PHI@TB,PHI,TB,,,,,,2B/3B/UTIL
116612-197761,C,Jair,Jair Camargo,Camargo,1.0333333015441895,6,2000,BAL@MIN,MIN,BAL,,,,,,C/1B/UTIL
116612-197768,SS/3B,Luis,Luis Vazquez,Vazquez,1.223076893733098,13,2000,BAL@MIN,BAL,MIN,,,,,,3B/SS/UTIL
116612-81046,1B,Garrett,Garrett Cooper,Cooper,4.883783701303843,37,2000,CIN@ATL,ATL,CIN,,,,,,C/1B/UTIL
116612-83143,OF,Oscar,Oscar Mercado,Mercado,0,1,2000,PHI@TB,PHI,TB,,,,,,OF/UTIL
116612-195795,C,Chandler,Chandler Seagle,Seagle,,0,2000,CIN@ATL,ATL,CIN,,,,,,C/1B/UTIL
116612-60634,OF,Forrest,Forrest Wall,Wall,4.072222391764323,18,2000,SD@NYY,SD,NYY,,,,,,OF/UTIL
116612-226530,C,Maverick,Maverick Handley,Handley,1.5,2,2000,BAL@MIN,BAL,MIN,,,,,,C/1B/UTIL
116612-79075,SS,Kevin,Kevin Maitan,Maitan,,0,2000,BAL@MIN,MIN,BAL,,,,,,SS/UTIL
116612-60649,C,Alex,Alex Jackson,Jackson,4.196551618904903,58,2000,SD@NYY,NYY,SD,,,,,,C/1B/UTIL
116612-60652,2B,Christian,Christian Arroyo,Arroyo,,0,2000,PHI@TB,PHI,TB,,,,,,2B/UTIL
116612-146671,OF,Austin,Austin Hendrick,Hendrick,,0,2000,CIN@ATL,CIN,ATL,,,,,,OF/UTIL
116612-146675,3B,Blaze,Blaze Jordan,Jordan,,0,2000,TEX@BOS,BOS,TEX,,,,,,3B/UTIL
116612-79093,OF,Eloy,Eloy Jimenez,Jimenez,5.833333333333333,99,2000,PHI@TB,TB,PHI,,,,,,OF/UTIL
116612-146690,3B/2B/1B,Nick,Nick Loftin,Loftin,4.620689655172414,58,2000,CWS@KC,KC,CWS,,,,,,C/1B/2B/3B/UTIL
116612-146694,SS,Arol,Arol Vera,Vera,,0,2000,TOR@LAA,LAA,TOR,,,,,,SS/UTIL
116612-197895,OF,Tyler,Tyler Gentry,Gentry,0,4,2000,CWS@KC,KC,CWS,,,,,,OF/UTIL
116612-146692,OF,David,David Calabrese,Calabrese,,0,2000,TOR@LAA,LAA,TOR,,,,,,OF/UTIL
116612-146693,OF,Alexander,Alexander Ramirez,Ramirez,,0,2000,TOR@LAA,LAA,TOR,,,,,,OF/UTIL
116612-146696,SS,Alex,Alex De Jesus,De Jesus,,0,2000,TOR@LAA,TOR,LAA,,,,,,SS/UTIL
116612-146703,1B,Aaron,Aaron Sabato,Sabato,,0,2000,BAL@MIN,MIN,BAL,,,,,,C/1B/UTIL
116612-79119,OF,Will,Will Benson,Benson,0,1,2000,CIN@ATL,CIN,ATL,,,,,,OF/UTIL
116612-79128,C,Garrett,Garrett Stubbs,Stubbs,5.580701861465187,57,2000,PHI@TB,PHI,TB,,,,,,C/1B/UTIL
116612-197912,OF,Jacob,Jacob Hurtubise,Hurtubise,1.8399999618530274,10,2000,CIN@ATL,CIN,ATL,,,,,,OF/UTIL
116612-13596,OF,Trayce,Trayce Thompson,Thompson,0,3,2000,TEX@BOS,BOS,TEX,,,,,,OF/UTIL
116612-146726,OF,Josh,Josh Mears,Mears,,0,2000,SD@NYY,SD,NYY,,,,,,OF/UTIL
116612-146738,2B,Justin,Justin Foscue,Foscue,1.756250023841858,16,2000,TEX@BOS,TEX,BOS,,,,,,2B/UTIL
116612-79156,SS/2B,David,David Fletcher,Fletcher,2.1666666666666665,6,2000,CIN@ATL,ATL,CIN,,,,,,2B/SS/UTIL
116612-79189,2B,Travis,Travis Blankenhorn,Blankenhorn,2.9928572518484935,14,2000,TOR@LAA,LAA,TOR,,,,,,2B/UTIL
116612-79213,SS,Scott,Scott Kingery,Kingery,0,2,2000,TOR@LAA,LAA,TOR,,,,,,SS/UTIL
116612-152972,2B/OF,Luke,Luke Williams,Williams,2.702564141689203,39,2000,CIN@ATL,ATL,CIN,,,,,,2B/OF/UTIL
116612-193947,SS,Mason,Mason McCoy,McCoy,0,4,2000,SD@NYY,SD,NYY,IL,Finger,,,,SS/UTIL
116612-118189,C,Ali,Ali Sanchez,Sanchez,3.3870967741935485,31,2000,TOR@LAA,TOR,LAA,,,,,,C/1B/UTIL
116612-79279,OF,Andrew,Andrew Stevenson,Stevenson,,0,2000,PHI@TB,TB,PHI,,,,,,OF/UTIL
116612-101807,C,Seby,Seby Zavala,Zavala,3.2526315387926603,19,2000,TEX@BOS,BOS,TEX,IL,Oblique,,,,C/1B/UTIL
116612-101821,1B,Edwin,Edwin Rios,Rios,1.8399999618530274,5,2000,CIN@ATL,CIN,ATL,,,,,,C/1B/UTIL
116612-136673,C,Mark,Mark Kolozsvary,Kolozsvary,0,2,2000,TEX@BOS,BOS,TEX,,,,,,C/1B/UTIL
116612-173546,OF,Nate,Nate Eaton,Eaton,0,1,2000,TEX@BOS,BOS,TEX,,,,,,OF/UTIL
116612-226808,1B,Blaine,Blaine Crim,Crim,3.066666603088379,3,2000,TEX@BOS,TEX,BOS,,,,,,C/1B/UTIL
116612-202259,1B,Trenton,Trenton Brooks,Brooks,3.3416665395100913,12,2000,SD@NYY,SD,NYY,,,,,,C/1B/UTIL
116612-79387,3B,Jake,Jake Gatewood,Gatewood,,0,2000,SD@NYY,NYY,SD,,,,,,3B/UTIL
116612-181790,OF,Diego,Diego Hernandez,Hernandez,,0,2000,CWS@KC,KC,CWS,IL,Undisclosed,,,,OF/UTIL
116612-175654,OF,Bryce,Bryce Johnson,Johnson,2.442553256420379,47,2000,SD@NYY,SD,NYY,,,,,,OF/UTIL
116612-222781,3B,Cam,Cam Collier,Collier,,0,2000,CIN@ATL,CIN,ATL,IL,Thumb,,,,3B/UTIL
116612-222785,2B,Luke,Luke Keaschall,Keaschall,14.400000435965401,7,2000,BAL@MIN,MIN,BAL,IL,Forearm,,,,2B/UTIL
116612-222795,SS,George,George Lombard Jr.,Lombard Jr.,,0,2000,SD@NYY,NYY,SD,,,,,,SS/UTIL
116612-167500,OF,Joey,Joey Wiemer,Wiemer,1.4476190294538225,21,2000,CWS@KC,KC,CWS,,,,,,OF/UTIL
116612-222806,1B,Jac,Jac Caglianone,Caglianone,,0,2000,CWS@KC,KC,CWS,,,,,,C/1B/UTIL
116612-222805,C,Blake,Blake Mitchell,Mitchell,,0,2000,CWS@KC,KC,CWS,IL,Wrist,,,,C/1B/UTIL
116612-222813,SS,Arjun,Arjun Nimmala,Nimmala,,0,2000,TOR@LAA,TOR,LAA,,,,,,SS/UTIL
116612-222818,SS,Leodalis,Leodalis De Vries,De Vries,,0,2000,SD@NYY,SD,NYY,,,,,,SS/UTIL
116612-181856,3B,Andre,Andre Lipcius,Lipcius,,0,2000,CWS@KC,CWS,KC,,,,,,3B/UTIL
116612-222827,SS,Franklin,Franklin Arias,Arias,,0,2000,TEX@BOS,BOS,TEX,,,,,,SS/UTIL
116612-222826,SS,Yoeilin,Yoeilin Cespedes,Cespedes,,0,2000,TEX@BOS,BOS,TEX,,,,,,SS/UTIL
116612-222847,OF,Justin,Justin Crawford,Crawford,,0,2000,PHI@TB,PHI,TB,,,,,,OF/UTIL
116612-118398,SS,Vimael,Vimael Machin,Machin,,0,2000,BAL@MIN,BAL,MIN,,,,,,SS/UTIL
116612-222851,C,Dominic,Dominic Keegan,Keegan,,0,2000,PHI@TB,TB,PHI,IL,Elbow,,,,C/1B/UTIL
116612-222850,3B,Brayden,Brayden Taylor,Taylor,,0,2000,PHI@TB,TB,PHI,,,,,,3B/UTIL
116612-222849,C,Eduardo,Eduardo Tait,Tait,,0,2000,PHI@TB,PHI,TB,,,,,,C/1B/UTIL
116612-222848,SS,Aidan,Aidan Miller,Miller,,0,2000,PHI@TB,PHI,TB,,,,,,SS/UTIL
116612-165510,OF,Jay,Jay Allen,Allen,,0,2000,CIN@ATL,CIN,ATL,,,,,,OF/UTIL
116612-165511,C,Mat,Mat Nelson,Nelson,,0,2000,CIN@ATL,CIN,ATL,,,,,,C/1B/UTIL
116612-222853,1B,Tre',Tre' Morgan,Morgan,,0,2000,PHI@TB,TB,PHI,,,,,,C/1B/UTIL
116612-222852,OF,Theo,Theo Gillen,Gillen,,0,2000,PHI@TB,TB,PHI,,,,,,OF/UTIL
116612-165515,OF,Malvin,Malvin Valdez,Valdez,,0,2000,CIN@ATL,CIN,ATL,,,,,,OF/UTIL
116612-165516,C,Daniel,Daniel Vellojin,Vellojin,,0,2000,PHI@TB,TB,PHI,,,,,,C/1B/UTIL
116612-165517,OF,Ariel,Ariel Almonte,Almonte,,0,2000,CIN@ATL,CIN,ATL,,,,,,OF/UTIL
116612-222860,2B,Christian,Christian Moore,Moore,,0,2000,TOR@LAA,LAA,TOR,,,,,,2B/UTIL
116612-165535,SS,Colson,Colson Montgomery,Montgomery,,0,2000,CWS@KC,CWS,KC,,,,,,SS/UTIL
116612-165533,3B,Wes,Wes Kath,Kath,,0,2000,CWS@KC,CWS,KC,,,,,,3B/UTIL
116612-165539,SS,Jose,Jose Rodriguez,Rodriguez,0,2,2000,PHI@TB,PHI,TB,NA,Suspension,,,,SS/UTIL
116612-165540,3B,Bryan,Bryan Ramos,Ramos,6.063636548591383,33,2000,CWS@KC,CWS,KC,,,,,,3B/UTIL
116612-222902,2B,Tyler,Tyler Tolbert,Tolbert,3.507692190317007,13,2000,CWS@KC,KC,CWS,,,,,,2B/UTIL
116612-165565,2B,Peyton,Peyton Wilson,Wilson,,0,2000,CWS@KC,KC,CWS,,,,,,2B/UTIL
116612-202433,2B/OF,Jamie,Jamie Westbrook,Westbrook,4.490476335797991,21,2000,PHI@TB,TB,PHI,,,,,,2B/OF/UTIL
116612-165574,SS,Daniel,Daniel Vazquez,Vazquez,,0,2000,CWS@KC,KC,CWS,,,,,,SS/UTIL
116612-165575,SS,Denzer,Denzer Guzman,Guzman,,0,2000,TOR@LAA,LAA,TOR,,,,,,SS/UTIL
116612-165579,C,Carter,Carter Jensen,Jensen,,0,2000,CWS@KC,KC,CWS,,,,,,C/1B/UTIL
116612-165576,SS,Adrian,Adrian Placencia,Placencia,,0,2000,TOR@LAA,LAA,TOR,,,,,,SS/UTIL
116612-165601,SS,Jose,Jose Salas,Salas,,0,2000,BAL@MIN,MIN,BAL,,,,,,SS/UTIL
116612-181991,1B,Ryan,Ryan Noda,Noda,4.016666836208767,36,2000,TOR@LAA,LAA,TOR,,,,,,C/1B/UTIL
116612-165626,OF,Emmanuel,Emmanuel Rodriguez,Rodriguez,0,1,2000,BAL@MIN,MIN,BAL,,,,,,OF/UTIL
116612-202501,OF,Duke,Duke Ellis,Ellis,3.0166667302449546,12,2000,SD@NYY,NYY,SD,,,,,,OF/UTIL
116612-165646,C,Rickardo,Rickardo Perez,Perez,,0,2000,PHI@TB,PHI,TB,,,,,,C/1B/UTIL
116612-165647,OF,Ethan,Ethan Wilson,Wilson,,0,2000,PHI@TB,PHI,TB,,,,,,OF/UTIL
116612-206608,SS/2B,Nacho,Nacho Alvarez Jr.,Alvarez Jr.,2.2750000953674316,8,2000,CIN@ATL,ATL,CIN,IL,Wrist,,,,2B/SS/UTIL
116612-165663,SS,Victor,Victor Acosta,Acosta,,0,2000,CIN@ATL,CIN,ATL,,,,,,SS/UTIL
116612-165667,OF,Samuel,Samuel Zavala,Zavala,,0,2000,CWS@KC,CWS,KC,,,,,,OF/UTIL
116612-165670,C,Brandon,Brandon Valenzuela,Valenzuela,,0,2000,SD@NYY,SD,NYY,,,,,,C/1B/UTIL
116612-165669,2B,Max,Max Ferguson,Ferguson,,0,2000,TEX@BOS,BOS,TEX,,,,,,2B/UTIL
116612-165675,SS,Edwin,Edwin Arroyo,Arroyo,,0,2000,CIN@ATL,CIN,ATL,,,,,,SS/UTIL
116612-165683,OF,Gabriel,Gabriel Gonzalez,Gonzalez,,0,2000,BAL@MIN,MIN,BAL,,,,,,OF/UTIL
116612-165688,C,Ricardo,Ricardo Genoves,Genoves,,0,2000,PHI@TB,TB,PHI,,,,,,C/1B/UTIL
116612-165702,SS,Carson,Carson Williams,Williams,,0,2000,PHI@TB,TB,PHI,,,,,,SS/UTIL
116612-110404,3B,Mike,Mike Brosseau,Brosseau,0,1,2000,SD@NYY,SD,NYY,,,,,,3B/UTIL
116612-165700,SS,Carlos,Carlos Colmenares,Colmenares,,0,2000,PHI@TB,TB,PHI,,,,,,SS/UTIL
116612-163653,OF,Allan,Allan Cerda,Cerda,,0,2000,BAL@MIN,MIN,BAL,,,,,,OF/UTIL
116612-165704,2B,Cooper,Cooper Kinney,Kinney,,0,2000,PHI@TB,TB,PHI,,,,,,2B/UTIL
116612-165711,SS,Cam,Cam Cauley,Cauley,,0,2000,TEX@BOS,TEX,BOS,,,,,,SS/UTIL
116612-165708,2B,Trevor,Trevor Hauver,Hauver,,0,2000,TEX@BOS,TEX,BOS,,,,,,2B/UTIL
116612-163661,3B/2B,Eguy,Eguy Rosario,Rosario,4.193548387096774,31,2000,SD@NYY,SD,NYY,,,,,,2B/3B/UTIL
116612-165709,OF,Yeison,Yeison Morrobel,Morrobel,,0,2000,TEX@BOS,TEX,BOS,DTD,Leg,,,,OF/UTIL
116612-165714,SS,Manuel,Manuel Beltre,Beltre,,0,2000,TOR@LAA,TOR,LAA,,,,,,SS/UTIL
116612-165713,OF,Aaron,Aaron Zavala,Zavala,,0,2000,TEX@BOS,TEX,BOS,,,,,,OF/UTIL
116612-163679,3B,Joe,Joe Perez,Perez,,0,2000,CWS@KC,CWS,KC,,,,,,3B/UTIL
116612-165724,OF,Dasan,Dasan Brown,Brown,,0,2000,TOR@LAA,TOR,LAA,,,,,,OF/UTIL
116612-163694,SS,Eddys,Eddys Leonard,Leonard,0,1,2000,CIN@ATL,ATL,CIN,,,,,,SS/UTIL
116612-163704,OF,Cooper,Cooper Hummel,Hummel,0.8571428571428571,7,2000,SD@NYY,NYY,SD,,,,,,OF/UTIL
116612-182170,OF,Oscar,Oscar Colas,Colas,4.228571483067104,14,2000,CWS@KC,CWS,KC,,,,,,OF/UTIL
116612-102303,1B,Triston,Triston Casas,Casas,6.327586206896552,29,2000,TEX@BOS,BOS,TEX,IL,Knee,,,,C/1B/UTIL
116612-102317,SS,Terrin,Terrin Vavra,Vavra,,0,2000,BAL@MIN,BAL,MIN,,,,,,SS/UTIL
116612-102339,C,Diego,Diego Cartaya,Cartaya,0,2,2000,BAL@MIN,MIN,BAL,,,,,,C/1B/UTIL
116612-102347,2B/SS/3B,Livan,Livan Soto,Soto,1.6133333841959636,15,2000,BAL@MIN,BAL,MIN,,,,,,2B/3B/SS/UTIL
116612-102346,OF,Jordyn,Jordyn Adams,Adams,6.215384850135217,13,2000,BAL@MIN,BAL,MIN,,,,,,OF/UTIL
116612-81869,C,Chad,Chad Wallach,Wallach,,0,2000,TEX@BOS,TEX,BOS,,,,,,C/1B/UTIL
116612-102348,SS,Jeremiah,Jeremiah Jackson,Jackson,,0,2000,BAL@MIN,BAL,MIN,,,,,,SS/UTIL
116612-171986,3B,Matthew,Matthew Batten,Batten,4.5,2,2000,CIN@ATL,ATL,CIN,,,,,,3B/UTIL
116612-102352,C,Payton,Payton Henry,Henry,0,1,2000,PHI@TB,PHI,TB,IL,Hand,,,,C/1B/UTIL
116612-200663,C,David,David Banuelos,Banuelos,0,1,2000,BAL@MIN,BAL,MIN,,,,,,C/1B/UTIL
116612-102359,C,Will,Will Banfield,Banfield,,0,2000,CIN@ATL,CIN,ATL,,,,,,C/1B/UTIL
116612-102358,SS,Jose,Jose Devers,Devers,1.2399999618530273,5,2000,CIN@ATL,ATL,CIN,,,,,,SS/UTIL
116612-102360,OF,Connor,Connor Scott,Scott,,0,2000,CWS@KC,KC,CWS,IL,Undisclosed,,,,OF/UTIL