Id,Position,First Name,Nickname,Last Name,FPPG,Played,Salary,Game,Team,Opponent,Injury Indicator,Injury Details,Tier,Probable Pitcher,Batting Order,Roster Position
119903-16960,P,Zack,Zack Wheeler,Wheeler,42.625,24,11000,ATL@PHI,PHI,ATL,IL,Shoulder,,,,P
119903-12477,P,Chris,Chris Sale,Sale,39.8,15,10800,ATL@PHI,ATL,PHI,IL,Ribs,,,,P
119903-118225,P,Cristopher,Cristopher Sanchez,Sanchez,38.57692307692308,26,10600,ATL@PHI,PHI,ATL,,,,,,P
119903-198872,P,Hurston,Hurston Waldrep,Waldrep,37.8,5,10500,ATL@PHI,ATL,PHI,,,,,,P
119903-79280,P,Jesus,Jesus Luzardo,Luzardo,33.111111111111114,27,10300,ATL@PHI,PHI,ATL,,,,,,P
119903-83157,P,Ranger,Ranger Suarez,Suarez,36.55,20,10000,ATL@PHI,PHI,ATL,,,,,,P
119903-60633,P,Carlos,Carlos Rodon,Rodon,35.25925925925926,27,9900,NYY@CWS,NYY,CWS,,,,,,P
119903-198912,P,Will,Will Warren,Warren,25.85185185185185,27,9600,NYY@CWS,NYY,CWS,,,,Yes,,P
119903-164503,P,Spencer,Spencer Schwellenbach,Schwellenbach,37.411764705882355,17,9600,ATL@PHI,ATL,PHI,IL,Elbow,,,,P
119903-82621,P,Clarke,Clarke Schmidt,Schmidt,30,14,9600,NYY@CWS,NYY,CWS,IL,Elbow,,,,P
119903-52185,P,Max,Max Fried,Fried,34.48148148148148,27,9500,NYY@CWS,NYY,CWS,,,,,,P
119903-60647,P,Aaron,Aaron Nola,Nola,23.818181818181817,11,9400,ATL@PHI,PHI,ATL,,,,Yes,,P
119903-82599,P,Edward,Edward Cabrera,Cabrera,31.043478260869566,23,9400,MIA@NYM,MIA,NYM,,,,,,P
119903-82618,P,David,David Peterson,Peterson,32.16,25,9300,MIA@NYM,NYM,MIA,,,,,,P
119903-135343,P,Max,Max Meyer,Meyer,27.833333333333332,12,9200,MIA@NYM,MIA,NYM,IL,Hip,,,,P
119903-68491,P,Reynaldo,Reynaldo Lopez,Lopez,9,1,9200,ATL@PHI,ATL,PHI,IL,Shoulder,,,,P
119903-16956,P,Gerrit,Gerrit Cole,Cole,32,22,9000,NYY@CWS,NYY,CWS,IL,Elbow,,,,P
119903-222820,P,Nolan,Nolan McLean,McLean,48,3,9000,MIA@NYM,NYM,MIA,,,,,,P
119903-182153,P,Kodai,Kodai Senga,Senga,28.666666666666668,21,9000,MIA@NYM,NYM,MIA,,,,,,P
119903-154714,P,Tylor,Tylor Megill,Megill,29.714285714285715,14,8800,MIA@NYM,NYM,MIA,IL,Elbow,,,,P
119903-162445,P,Spencer,Spencer Strider,Strider,28.166666666666668,18,8800,ATL@PHI,ATL,PHI,,,,,,P
119903-165599,P,Eury,Eury Perez,Perez,28.071428571428573,14,8800,MIA@NYM,MIA,NYM,,,,,,P
119903-102395,P,Ryan,Ryan Weathers,Weathers,24.4,5,8700,MIA@NYM,MIA,NYM,IL,Lat,,,,P
119903-79232,P,Clay,Clay Holmes,Holmes,25.692307692307693,26,8600,MIA@NYM,NYM,MIA,,,,Yes,,P
119903-164509,P,AJ,AJ Smith-Shawver,Smith-Shawver,25.333333333333332,9,8600,ATL@PHI,ATL,PHI,IL,Elbow,,,,P
119903-11328,P,Martin,Martin Perez,Perez,28.142857142857142,7,8400,NYY@CWS,CWS,NYY,,,,,,P
119903-79207,P,Grant,Grant Holmes,Holmes,28.227272727272727,22,8400,ATL@PHI,ATL,PHI,IL,Elbow,,,,P
119903-228790,P,Cam,Cam Schlittler,Schlittler,30.75,8,8400,NYY@CWS,NYY,CWS,,,,,,P
119903-118206,P,Luis,Luis Gil,Gil,24,5,8300,NYY@CWS,NYY,CWS,,,,,,P
119903-170315,P,Davis,Davis Martin,Martin,24.4,20,8000,NYY@CWS,CWS,NYY,,,,Yes,,P
119903-165543,P,Sean,Sean Burke,Burke,23.291666666666668,24,8000,NYY@CWS,CWS,NYY,,,,,,P
119903-82582,P,Griffin,Griffin Canning,Canning,24.8125,16,7700,MIA@NYM,NYM,MIA,IL,Achilles,,,,P
119903-68485,P,Ryan,Ryan Yarbrough,Yarbrough,16.6875,16,7700,NYY@CWS,NYY,CWS,IL,Oblique,,,,P
119903-79079,P,Joey,Joey Wentz,Wentz,10.294117647058824,34,7600,ATL@PHI,ATL,PHI,,,,,,P
119903-79123,P,Tyler,Tyler Alexander,Alexander,9,42,7500,NYY@CWS,CWS,NYY,,,,,,P
119903-213198,P,Ryan,Ryan Gusto,Gusto,17.11111111111111,27,7400,MIA@NYM,MIA,NYM,,,,,,P
119903-203679,P,Valente,Valente Bellozo,Bellozo,9.961538461538462,26,7400,MIA@NYM,MIA,NYM,,,,,,P
119903-79245,P,Sandy,Sandy Alcantara,Alcantara,21.53846153846154,26,7300,MIA@NYM,MIA,NYM,,,,,,P
119903-225880,P,Nathan,Nathan Wiles,Wiles,-3,1,7300,ATL@PHI,ATL,PHI,,,,,,P
119903-82557,P,Aaron,Aaron Civale,Civale,20.166666666666668,18,7300,NYY@CWS,CWS,NYY,,,,,,P
119903-63781,P,Frankie,Frankie Montas,Montas,16.555555555555557,9,7200,MIA@NYM,NYM,MIA,IL,Elbow,,,,P
119903-79228,P,Cal,Cal Quantrill,Quantrill,16.64,25,7200,ATL@PHI,ATL,PHI,,,,Yes,,P
119903-21097,P,Taijuan,Taijuan Walker,Walker,15.75,28,7200,ATL@PHI,PHI,ATL,,,,,,P
119903-200581,P,Jonathan,Jonathan Cannon,Cannon,20.05263157894737,19,7200,NYY@CWS,CWS,NYY,,,,,,P
119903-52165,P,Sean,Sean Manaea,Manaea,24.444444444444443,9,7200,MIA@NYM,NYM,MIA,,,,,,P
119903-146664,P,Bryce,Bryce Elder,Elder,21.227272727272727,22,7100,ATL@PHI,ATL,PHI,,,,,,P
119903-161450,P,Janson,Janson Junk,Junk,22.294117647058822,17,7100,MIA@NYM,MIA,NYM,IL,Elbow,,,,P
119903-220840,P,Shane,Shane Smith,Smith,24.08695652173913,23,7100,NYY@CWS,CWS,NYY,,,,,,P
119903-119398,P,Yoendrys,Yoendrys Gomez,Gomez,10.785714285714286,15,7000,NYY@CWS,CWS,NYY,,,,,,P
119903-170891,P,Davis,Davis Daniel,Daniel,13,3,6900,ATL@PHI,ATL,PHI,,,,,,P
119903-102569,P,Michael,Michael Mercado,Mercado,2,3,6800,ATL@PHI,PHI,ATL,,,,,,P
119903-79078,P,Ian,Ian Anderson,Anderson,2.2857142857142856,7,6800,ATL@PHI,ATL,PHI,IL,Undisclosed,,,,P
119903-79133,P,Matt,Matt Manning,Manning,21.4,5,6800,ATL@PHI,PHI,ATL,,,,,,P
119903-185845,P,Allan,Allan Winans,Winans,6.333333333333333,3,6800,NYY@CWS,NYY,CWS,,,,,,P
119903-202480,P,Adam,Adam Mazur,Mazur,20,1,6800,MIA@NYM,MIA,NYM,,,,,,P
119903-80859,P,Paul,Paul Blackburn,Blackburn,7.666666666666667,9,6800,NYY@CWS,NYY,CWS,,,,,,P
119903-219569,P,Justin,Justin Hagenman,Hagenman,13.857142857142858,7,6700,MIA@NYM,NYM,MIA,,,,,,P
119903-228058,P,Didier,Didier Fuentes,Fuentes,3.75,4,6700,ATL@PHI,ATL,PHI,IL,Undisclosed,,,,P
119903-198917,P,Drew,Drew Thorpe,Thorpe,18.333333333333332,9,6500,NYY@CWS,CWS,NYY,IL,Elbow,,,,P
119903-68452,P,Kenta,Kenta Maeda,Maeda,3.857142857142857,7,6500,NYY@CWS,NYY,CWS,,,,,,P
119903-102416,P,Tyler,Tyler Phillips,Phillips,5.840909090909091,44,6300,MIA@NYM,MIA,NYM,,,,,,P
119903-138016,P,Brandon,Brandon Waddell,Waddell,9.9,10,6300,MIA@NYM,NYM,MIA,,,,,,P
119903-6266,P,Carlos,Carlos Carrasco,Carrasco,13.363636363636363,11,6200,ATL@PHI,ATL,PHI,,,,,,P
119903-181833,P,Darius,Darius Vines,Vines,7.25,4,6200,ATL@PHI,ATL,PHI,IL,Undisclosed,,,,P
119903-82534,P,Bryse,Bryse Wilson,Wilson,5.894736842105263,19,6200,NYY@CWS,CWS,NYY,,,,,,P
119903-70559,P,Mike,Mike Clevinger,Clevinger,1.375,8,6200,NYY@CWS,CWS,NYY,,,,,,P
119903-198905,P,Mike,Mike Vasil,Vasil,11.131578947368421,38,6100,NYY@CWS,CWS,NYY,,,,,,P
119903-79103,P,Dane,Dane Dunning,Dunning,7.444444444444445,10,6100,ATL@PHI,ATL,PHI,,,,,,P
119903-198904,P,Christian,Christian Scott,Scott,22.11111111111111,9,6000,MIA@NYM,NYM,MIA,IL,Elbow,,,,P
119903-102420,P,Owen,Owen White,White,6,3,5900,NYY@CWS,CWS,NYY,IL,Hip,,,,P
119903-165578,P,Ky,Ky Bush,Bush,14.25,4,5900,NYY@CWS,CWS,NYY,IL,Elbow,,,,P
119903-102487,P,Austin,Austin Cox,Cox,6.083333333333333,12,5700,ATL@PHI,ATL,PHI,,,,,,P
119903-161275,P,Kyle,Kyle Tyler,Tyler,14.125,8,5700,NYY@CWS,CWS,NYY,,,,,,P
119903-119431,P,Seth,Seth Johnson,Johnson,7.7,10,5700,ATL@PHI,PHI,ATL,,,,,,P
119903-164511,P,Dylan,Dylan Dodd,Dodd,5.7368421052631575,19,5700,ATL@PHI,ATL,PHI,,,,,,P
119903-79873,P,Dylan,Dylan Covey,Covey,0,2,5500,ATL@PHI,ATL,PHI,,,,,,P
119903-168965,P,Tanner,Tanner Banks,Banks,5.293103448275862,58,5500,ATL@PHI,PHI,ATL,,,,,,P
119903-178184,P,Kevin,Kevin Herget,Herget,5.333333333333333,3,5500,MIA@NYM,NYM,MIA,,,,,,P
119903-135196,P,Tyler,Tyler Zuber,Zuber,5.333333333333333,9,5500,MIA@NYM,MIA,NYM,,,,,,P
119903-161827,P,Seth,Seth Martinez,Martinez,3,1,5500,MIA@NYM,MIA,NYM,,,,,,P
119903-102442,P,Freddy,Freddy Tarnok,Tarnok,9.333333333333334,3,5500,MIA@NYM,MIA,NYM,,,,,,P
119903-190516,P,Daysbel,Daysbel Hernandez,Hernandez,5.378378378378378,38,5500,ATL@PHI,ATL,PHI,,,,,,P
119903-82998,P,Lou,Lou Trivino,Trivino,4.473684210526316,38,5500,ATL@PHI,PHI,ATL,,,,,,P
119903-192574,P,Lane,Lane Ramsey,Ramsey,,0,5500,MIA@NYM,MIA,NYM,,,,,,P
119903-200764,P,Cam,Cam Booser,Booser,4.03125,32,5500,NYY@CWS,CWS,NYY,,,,,,P
119903-79936,P,Mark,Mark Leiter Jr.,Leiter Jr.,4.627450980392157,51,5500,NYY@CWS,NYY,CWS,,,,,,P
119903-154688,P,Jake,Jake Cousins,Cousins,6.4186046511627906,43,5500,NYY@CWS,NYY,CWS,IL,Elbow,,,,P
119903-135236,P,Max,Max Kranick,Kranick,6.625,24,5500,MIA@NYM,NYM,MIA,IL,Elbow,,,,P
119903-179275,P,Fernando,Fernando Cruz,Cruz,7.515151515151516,33,5500,NYY@CWS,NYY,CWS,,,,,,P
119903-149587,P,Jay,Jay Flaa,Flaa,,0,5500,ATL@PHI,ATL,PHI,,,,,,P
119903-195682,P,Orion,Orion Kerkering,Kerkering,5.0701754385964914,57,5500,ATL@PHI,PHI,ATL,,,,,,P
119903-73828,P,Dan,Dan Altavilla,Altavilla,4.583333333333333,25,5500,NYY@CWS,CWS,NYY,IL,Lat,,,,P
119903-116839,P,David,David Bednar,Bednar,6.666666666666667,52,5500,NYY@CWS,NYY,CWS,,,,,,P
119903-83054,P,Justin,Justin Anderson,Anderson,4.796296296296297,56,5500,NYY@CWS,CWS,NYY,,,,,,P
119903-161907,P,Dylan,Dylan Lee,Lee,5.032258064516129,62,5500,ATL@PHI,ATL,PHI,,,,,,P
119903-159857,P,Jose,Jose Marte,Marte,6.071428571428571,14,5500,MIA@NYM,NYM,MIA,IL,Shoulder,,,,P
119903-102517,P,Jhoan,Jhoan Duran,Duran,6.2105263157894735,59,5500,ATL@PHI,PHI,ATL,,,,,,P
119903-179339,P,Bryce,Bryce Montes de Oca,Montes de Oca,,0,5500,MIA@NYM,NYM,MIA,IL,Elbow,,,,P
119903-102543,P,Connor,Connor Seabold,Seabold,8.25,4,5500,ATL@PHI,ATL,PHI,,,,,,P
119903-83097,P,D.J.,D.J. Snelten,Snelten,,0,5500,NYY@CWS,CWS,NYY,,,,,,P
119903-152734,P,Zach,Zach Thompson,Thompson,10,2,5500,ATL@PHI,ATL,PHI,,,,,,P
119903-102560,P,Camilo,Camilo Doval,Doval,5.379310344827586,58,5500,NYY@CWS,NYY,CWS,,,,,,P
119903-80034,P,Jose,Jose Alvarado,Alvarado,6.782608695652174,24,5500,ATL@PHI,PHI,ATL,,,,,,P
119903-102568,P,Colin,Colin Poche,Poche,2,14,5500,MIA@NYM,NYM,MIA,,,,,,P
119903-83116,P,Wander,Wander Suero,Suero,4.5,4,5500,ATL@PHI,ATL,PHI,,,,,,P
119903-209078,P,Max,Max Lazar,Lazar,4.071428571428571,28,5500,ATL@PHI,PHI,ATL,,,,,,P
119903-160965,P,Elvis,Elvis Peguero,Peguero,3.875,8,5500,NYY@CWS,CWS,NYY,IL,Elbow,,,,P
119903-83145,P,Jose,Jose Castillo,Castillo,4.842105263157895,20,5500,MIA@NYM,NYM,MIA,,,,,,P
119903-198874,P,Noah,Noah Schultz,Schultz,,0,5500,NYY@CWS,CWS,NYY,,,,,,P
119903-83163,P,Jonathan,Jonathan Loaisiga,Loaisiga,4.066666666666666,30,5500,NYY@CWS,NYY,CWS,IL,Elbow,,,,P
119903-145630,P,Kervin,Kervin Castro,Castro,,0,5500,NYY@CWS,NYY,CWS,,,,,,P
119903-149731,P,Anthony,Anthony Bender,Bender,5.0588235294117645,51,5500,MIA@NYM,MIA,NYM,IL,Lower leg,,,,P
119903-205032,P,Daniel,Daniel Robert,Robert,4.230769230769231,13,5500,ATL@PHI,PHI,ATL,,,,,,P
119903-146670,P,Christian,Christian Roa,Roa,0,2,5500,MIA@NYM,MIA,NYM,,,,,,P
119903-198896,P,Noble,Noble Meyer,Meyer,,0,5500,MIA@NYM,MIA,NYM,,,,,,P
119903-198901,P,Chase,Chase Hampton,Hampton,,0,5500,NYY@CWS,NYY,CWS,IL,Elbow,,,,P
119903-79097,P,Bryan,Bryan Hudson,Hudson,4.6,15,5500,NYY@CWS,CWS,NYY,,,,,,P
119903-83193,P,Jesus,Jesus Tinoco,Tinoco,3.35,20,5500,MIA@NYM,MIA,NYM,IL,Forearm,,,,P
119903-146684,P,Jared,Jared Kelley,Kelley,,0,5500,NYY@CWS,CWS,NYY,,,,,,P
119903-197891,P,Michael,Michael Arias,Arias,0,2,5500,NYY@CWS,NYY,CWS,,,,,,P
119903-198919,P,Robby,Robby Snelling,Snelling,,0,5500,MIA@NYM,MIA,NYM,,,,,,P
119903-146699,P,Dax,Dax Fulton,Fulton,,0,5500,MIA@NYM,MIA,NYM,,,,,,P
119903-225549,P,Patrick,Patrick Monteverde,Monteverde,11,1,5500,MIA@NYM,MIA,NYM,,,,,,P
119903-146706,P,Robert,Robert Dominguez,Dominguez,,0,5500,MIA@NYM,NYM,MIA,,,,,,P
119903-197906,P,Royber,Royber Salinas,Salinas,0,1,5500,ATL@PHI,ATL,PHI,,,,,,P
119903-79124,P,Joe,Joe Jimenez,Jimenez,5.855072463768116,70,5500,ATL@PHI,ATL,PHI,IL,Knee,,,,P
119903-187669,P,Ty,Ty Adcock,Adcock,7,3,5500,MIA@NYM,NYM,MIA,,,,,,P
119903-197919,P,Jairo,Jairo Iriarte,Iriarte,5.5,6,5500,NYY@CWS,CWS,NYY,,,,,,P
119903-116002,P,Joel,Joel Kuhnel,Kuhnel,5,6,5500,NYY@CWS,NYY,CWS,,,,,,P
119903-146727,P,Justin,Justin Lange,Lange,,0,5500,NYY@CWS,NYY,CWS,IL,Undisclosed,,,,P
119903-79161,P,Braxton,Braxton Garrett,Garrett,23.857142857142858,7,5500,MIA@NYM,MIA,NYM,IL,Elbow,,,,P
119903-203075,P,Michael,Michael Petersen,Petersen,6.5,4,5500,MIA@NYM,MIA,NYM,,,,,,P
119903-154947,P,Justin,Justin Garza,Garza,3.4,5,5500,MIA@NYM,NYM,MIA,,,,,,P
119903-79171,P,Phil,Phil Bickford,Bickford,2.375,8,5500,ATL@PHI,PHI,ATL,,,,,,P
119903-174406,P,Huascar,Huascar Brazoban,Brazoban,5.934782608695652,46,5500,MIA@NYM,NYM,MIA,,,,,,P
119903-79172,P,Luis,Luis Ortiz,Ortiz,-4,3,5500,MIA@NYM,NYM,MIA,IL,Elbow,,,,P
119903-203080,P,Brandon,Brandon Eisert,Eisert,5.087719298245614,57,5500,NYY@CWS,CWS,NYY,,,,,,P
119903-181583,P,Prelander,Prelander Berroa,Berroa,7.0588235294117645,17,5500,NYY@CWS,CWS,NYY,IL,Elbow,,,,P
119903-21846,P,Chris,Chris Devenski,Devenski,4.818181818181818,11,5500,MIA@NYM,NYM,MIA,,,,,,P
119903-177493,P,Andrew,Andrew Nardi,Nardi,5.051724137931035,59,5500,MIA@NYM,MIA,NYM,IL,Back,,,,P
119903-135530,P,Brett,Brett de Geus,de Geus,3,1,5500,ATL@PHI,PHI,ATL,,,,,,P
119903-225667,P,Cade,Cade Gibson,Gibson,5.833333333333333,30,5500,MIA@NYM,MIA,NYM,,,,,,P
119903-170384,P,Yerry,Yerry de los Santos,de los Santos,6.333333333333333,25,5500,NYY@CWS,NYY,CWS,,,,,,P
119903-79250,P,Junior,Junior Fernandez,Fernandez,,0,5500,MIA@NYM,NYM,MIA,,,,,,P
119903-79258,P,Ryne,Ryne Stanek,Stanek,3.96,51,5500,MIA@NYM,NYM,MIA,,,,,,P
119903-61858,P,Raisel,Raisel Iglesias,Iglesias,5.087719298245614,57,5500,ATL@PHI,ATL,PHI,,,,,,P
119903-118184,P,Enoli,Enoli Paredes,Paredes,5.944444444444445,18,5500,ATL@PHI,ATL,PHI,,,,,,P
119903-158131,P,Tyler,Tyler Gilbert,Gilbert,5.108108108108108,37,5500,NYY@CWS,CWS,NYY,,,,,,P
119903-219568,P,Rolddy,Rolddy Munoz,Munoz,,0,5500,ATL@PHI,ATL,PHI,,,,,,P
119903-101819,P,Jose,Jose Suarez,Suarez,12.333333333333334,3,5500,ATL@PHI,ATL,PHI,,,,,,P
119903-182750,P,Andrew,Andrew Painter,Painter,,0,5500,ATL@PHI,PHI,ATL,,,,,,P
119903-101854,P,Jacob,Jacob Waguespack,Waguespack,11.25,4,5500,ATL@PHI,PHI,ATL,,,,,,P
119903-95737,P,Ian,Ian Hamilton,Hamilton,5.583333333333333,36,5500,NYY@CWS,NYY,CWS,,,,,,P
119903-161273,P,Scott,Scott Effross,Effross,1.8181818181818181,11,5500,NYY@CWS,NYY,CWS,,,,,,P
119903-184829,P,McKinley,McKinley Moore,Moore,0,3,5500,NYY@CWS,NYY,CWS,,,,,,P
119903-226819,P,Caleb,Caleb Freeman,Freeman,2.6,5,5500,NYY@CWS,CWS,NYY,,,,,,P
119903-219654,P,Juan,Juan Carela,Carela,,0,5500,NYY@CWS,CWS,NYY,O,Elbow,,,,P
119903-170514,P,Jose,Jose Cuas,Cuas,4.833333333333333,13,5500,ATL@PHI,ATL,PHI,,,,,,P
119903-101904,P,Jordan,Jordan Romano,Romano,3.4166666666666665,49,5500,ATL@PHI,PHI,ATL,IL,Finger,,,,P
119903-101911,P,Reed,Reed Garrett,Garrett,5.730769230769231,54,5500,MIA@NYM,NYM,MIA,IL,Elbow,,,,P
119903-191007,P,Declan,Declan Cronin,Cronin,6.125,56,5500,MIA@NYM,MIA,NYM,,,,,,P
119903-178743,P,Nicholas,Nicholas Padilla,Padilla,,0,5500,ATL@PHI,PHI,ATL,,,,,,P
119903-181815,P,Brent,Brent Headrick,Headrick,7.9411764705882355,17,5500,NYY@CWS,NYY,CWS,IL,Forearm,,,,P
119903-219707,P,Jean,Jean Cabrera,Cabrera,,0,5500,ATL@PHI,PHI,ATL,,,,,,P
119903-222779,P,Thomas,Thomas White,White,,0,5500,MIA@NYM,MIA,NYM,,,,,,P
119903-219705,P,Moises,Moises Chace,Chace,,0,5500,ATL@PHI,PHI,ATL,IL,Elbow,,,,P
119903-222783,P,Grant,Grant Taylor,Taylor,5.84,25,5500,NYY@CWS,CWS,NYY,,,,,,P
119903-119356,P,Oliver,Oliver Ortega,Ortega,0,1,5500,MIA@NYM,NYM,MIA,IL,Elbow,,,,P
119903-181826,P,Colby,Colby White,White,0,1,5500,NYY@CWS,NYY,CWS,,,,,,P
119903-222784,P,Hagen,Hagen Smith,Smith,,0,5500,NYY@CWS,CWS,NYY,,,,,,P
119903-72265,P,Matt,Matt Strahm,Strahm,5.267857142857143,56,5500,ATL@PHI,PHI,ATL,,,,,,P
119903-80460,P,John,John Brebbia,Brebbia,3.8947368421052633,19,5500,ATL@PHI,ATL,PHI,,,,,,P
119903-207438,P,Fraser,Fraser Ellard,Ellard,5.125,8,5500,NYY@CWS,CWS,NYY,,,,,,P
119903-119375,P,Dedniel,Dedniel Nunez,Nunez,5.222222222222222,10,5500,MIA@NYM,NYM,MIA,IL,Elbow,,,,P
119903-181843,P,Josh,Josh Simpson,Simpson,3.727272727272727,23,5500,MIA@NYM,MIA,NYM,,,,,,P
119903-181841,P,George,George Soriano,Soriano,5.384615384615385,13,5500,MIA@NYM,MIA,NYM,,,,,,P
119903-228948,P,Alex,Alex Carrillo,Carrillo,1.6666666666666667,3,5500,MIA@NYM,NYM,MIA,,,,,,P
119903-16989,P,Wilking,Wilking Rodriguez,Rodriguez,,0,5500,NYY@CWS,NYY,CWS,,,,,,P
119903-222819,P,Jonah,Jonah Tong,Tong,,0,5500,MIA@NYM,NYM,MIA,,,,,,P
119903-81507,P,Aaron,Aaron Bummer,Bummer,6.309523809523809,42,5500,ATL@PHI,ATL,PHI,IL,Shoulder,,,,P
119903-222822,P,Brandon,Brandon Sproat,Sproat,,0,5500,MIA@NYM,NYM,MIA,,,,,,P
119903-5735,P,David,David Robertson,Robertson,7.857142857142857,7,5500,ATL@PHI,PHI,ATL,,,,,,P
119903-82546,P,Adbert,Adbert Alzolay,Alzolay,3.888888888888889,18,5500,MIA@NYM,NYM,MIA,IL,Elbow,,,,P
119903-210562,P,Lake,Lake Bachar,Bachar,7.926829268292683,41,5500,MIA@NYM,MIA,NYM,,,,,,P
119903-62087,P,Miguel,Miguel Castro,Castro,2.5,6,5500,NYY@CWS,CWS,NYY,IL,Knee,,,,P
119903-222859,P,Cam,Cam Caminiti,Caminiti,,0,5500,ATL@PHI,ATL,PHI,,,,,,P
119903-82572,P,Gregory,Gregory Soto,Soto,4.56140350877193,57,5500,MIA@NYM,NYM,MIA,,,,,,P
119903-190092,P,Devin,Devin Sweet,Sweet,,0,5500,ATL@PHI,PHI,ATL,,,,,,P
119903-164500,P,Ryan,Ryan Cusick,Cusick,,0,5500,ATL@PHI,PHI,ATL,,,,,,P
119903-82587,P,Richard,Richard Lovelady,Lovelady,2.375,8,5500,MIA@NYM,NYM,MIA,,,,,,P
119903-82591,P,Chris,Chris Rodriguez,Rodriguez,,0,5500,NYY@CWS,CWS,NYY,IL,Undisclosed,,,,P
119903-164522,P,Wikelman,Wikelman Gonzalez,Gonzalez,7.285714285714286,7,5500,NYY@CWS,CWS,NYY,,,,,,P
119903-220842,P,Eiberson,Eiberson Castellano,Castellano,,0,5500,ATL@PHI,PHI,ATL,,,,,,P
119903-220841,P,Anderson,Anderson Pilar,Pilar,,0,5500,ATL@PHI,ATL,PHI,,,,,,P
119903-165545,P,Tanner,Tanner McDougal,McDougal,,0,5500,NYY@CWS,CWS,NYY,,,,,,P
119903-163507,P,Alan,Alan Rangel,Rangel,9.6,5,5500,ATL@PHI,PHI,ATL,,,,,,P
119903-14006,P,Brian,Brian Moran,Moran,,0,5500,ATL@PHI,ATL,PHI,,,,,,P
119903-114360,P,Devin,Devin Williams,Williams,5.518518518518518,55,5500,NYY@CWS,NYY,CWS,,,,,,P
119903-82628,P,Adonis,Adonis Medina,Medina,,0,5500,ATL@PHI,PHI,ATL,,,,,,P
119903-119494,P,Andrew,Andrew Dalquist,Dalquist,,0,5500,NYY@CWS,CWS,NYY,,,,,,P
119903-82639,P,Ryan,Ryan Helsley,Helsley,5.148936170212766,47,5500,MIA@NYM,NYM,MIA,,,,,,P
119903-228050,P,Nolan,Nolan Hoffman,Hoffman,0,1,5500,ATL@PHI,PHI,ATL,,,,,,P
119903-198361,P,Carson,Carson Coleman,Coleman,0,1,5500,NYY@CWS,NYY,CWS,,,,,,P
119903-228057,P,Jayvien,Jayvien Sandridge,Sandridge,2,1,5500,NYY@CWS,NYY,CWS,,,,,,P
119903-112348,P,Cody,Cody Stashak,Stashak,,0,5500,ATL@PHI,PHI,ATL,,,,,,P
119903-181985,P,Guillo,Guillo Zuniga,Zuniga,4.214285714285714,15,5500,ATL@PHI,PHI,ATL,,,,,,P
119903-81640,P,Yacksel,Yacksel Rios,Rios,,0,5500,MIA@NYM,NYM,MIA,IL,Undisclosed,,,,P
119903-81642,P,A.J.,A.J. Minter,Minter,5.3076923076923075,13,5500,MIA@NYM,NYM,MIA,IL,Lat,,,,P
119903-165609,P,Zach,Zach McCambley,McCambley,,0,5500,MIA@NYM,MIA,NYM,,,,,,P
119903-228072,P,Jake,Jake Palisch,Palisch,-3,1,5500,NYY@CWS,CWS,NYY,,,,,,P
119903-84727,P,Drew,Drew Smith,Smith,5.7894736842105265,19,5500,MIA@NYM,NYM,MIA,IL,Elbow,,,,P
119903-165624,P,Dom,Dom Hamel,Hamel,,0,5500,MIA@NYM,NYM,MIA,,,,,,P
119903-165625,P,Calvin,Calvin Ziegler,Ziegler,,0,5500,MIA@NYM,NYM,MIA,IL,Elbow,,,,P
119903-165635,P,Brendan,Brendan Beck,Beck,,0,5500,NYY@CWS,NYY,CWS,,,,,,P
119903-228101,P,Jonathan,Jonathan Pintaro,Pintaro,-1,1,5500,MIA@NYM,NYM,MIA,,,,,,P
119903-165637,P,Brock,Brock Selvidge,Selvidge,,0,5500,NYY@CWS,NYY,CWS,,,,,,P
119903-194323,P,Hunter,Hunter Stratton,Stratton,4.714285714285714,7,5500,ATL@PHI,ATL,PHI,,,,,,P
119903-165653,P,Cristian,Cristian Hernandez,Hernandez,,0,5500,NYY@CWS,NYY,CWS,,,,,,P
119903-199460,P,Jordan,Jordan Leasure,Leasure,5.415094339622642,54,5500,NYY@CWS,CWS,NYY,,,,,,P
119903-182065,P,Zach,Zach Greene,Greene,,0,5500,NYY@CWS,NYY,CWS,,,,,,P
119903-163641,P,Ray,Ray Kerr,Kerr,11.2,10,5500,ATL@PHI,ATL,PHI,IL,Elbow,,,,P
119903-116548,P,Tyler,Tyler Rogers,Rogers,4.582089552238806,67,5500,MIA@NYM,NYM,MIA,,,,,,P
119903-119622,P,Matt,Matt Allan,Allan,,0,5500,MIA@NYM,NYM,MIA,,,,,,P
119903-163663,P,Calvin,Calvin Faucher,Faucher,5,53,5500,MIA@NYM,MIA,NYM,,,,,,P
119903-163660,P,Steven,Steven Wilson,Wilson,4.829787234042553,47,5500,NYY@CWS,CWS,NYY,,,,,,P
119903-163684,P,Ronny,Ronny Henriquez,Henriquez,7,58,5500,MIA@NYM,MIA,NYM,,,,,,P
119903-213871,P,Luarbert,Luarbert Arias,Arias,3.6666666666666665,6,5500,MIA@NYM,MIA,NYM,,,,,,P
119903-23437,P,Brooks,Brooks Raley,Raley,5.125,16,5500,MIA@NYM,NYM,MIA,,,,,,P
119903-170895,P,Jake,Jake Bird,Bird,6.085106382978723,48,5500,NYY@CWS,NYY,CWS,,,,,,P
119903-157600,P,Austin,Austin Warren,Warren,11.6,5,5500,MIA@NYM,NYM,MIA,,,,,,P
119903-52141,P,Lucas,Lucas Sims,Sims,1.5625,18,5500,ATL@PHI,PHI,ATL,,,,,,P
119903-52148,P,Pierce,Pierce Johnson,Johnson,5.3076923076923075,52,5500,ATL@PHI,ATL,PHI,,,,,,P
119903-68548,P,Edwin,Edwin Diaz,Diaz,7.938775510204081,49,5500,MIA@NYM,NYM,MIA,,,,,,P
119903-68561,P,Luke,Luke Weaver,Weaver,6.08,50,5500,NYY@CWS,NYY,CWS,,,,,,P
119903-193498,P,John,John McMillon,McMillon,9,10,5500,ATL@PHI,PHI,ATL,,,,,,P
119903-169957,P,Danny,Danny Young,Young,5.2,10,5500,MIA@NYM,NYM,MIA,IL,Elbow,,,,P
119903-82922,P,Tyler,Tyler Kinley,Kinley,4.716666666666667,60,5500,ATL@PHI,ATL,PHI,,,,,,P
119903-82924,P,Tim,Tim Hill,Hill,4.116666666666666,61,5500,NYY@CWS,NYY,CWS,,,,,,P
119903-60643,OF,Aaron,Aaron Judge,Judge,15.408943486407521,123,4700,NYY@CWS,NYY,CWS,,,,,,OF/UTIL
119903-60631,OF,Kyle,Kyle Schwarber,Schwarber,13.947368421052632,133,4400,ATL@PHI,PHI,ATL,,,,,,OF/UTIL
119903-79282,OF,Juan,Juan Soto,Soto,13.20381642115935,131,4100,MIA@NYM,NYM,MIA,,,,,,OF/UTIL
119903-79756,OF,Ronald,Ronald Acuna Jr.,Acuna Jr.,13.028358573344216,67,3900,ATL@PHI,ATL,PHI,,,,,,OF/UTIL
119903-13262,OF,Jurickson,Jurickson Profar,Profar,13.856604234227595,53,3900,ATL@PHI,ATL,PHI,,,,,,OF/UTIL
119903-65881,SS,Trea,Trea Turner,Turner,11.958015267175572,131,3800,ATL@PHI,PHI,ATL,,,,,,SS/UTIL
119903-16952,SS,Francisco,Francisco Lindor,Lindor,12.164122137404581,131,3800,MIA@NYM,NYM,MIA,,,,,,SS/UTIL
119903-82527,2B/3B,Jazz,Jazz Chisholm Jr.,Chisholm Jr.,12.380198261525372,101,3700,NYY@CWS,NYY,CWS,,,,,,2B/3B/UTIL
119903-12948,1B,Bryce,Bryce Harper,Harper,11.864762369791666,105,3700,ATL@PHI,PHI,ATL,,,,,,C/1B/UTIL
119903-82614,1B,Pete,Pete Alonso,Alonso,11.80451127819549,133,3700,MIA@NYM,NYM,MIA,,,,,,C/1B/UTIL
119903-12302,OF,Giancarlo,Giancarlo Stanton,Stanton,12.380392635569853,51,3600,NYY@CWS,NYY,CWS,,,,,,OF/UTIL
119903-79159,OF/1B,Cody,Cody Bellinger,Bellinger,11.513007931592988,123,3400,NYY@CWS,NYY,CWS,,,,,,C/1B/OF/UTIL
119903-231559,OF,Jakob,Jakob Marsee,Marsee,14.746153611403246,26,3300,MIA@NYM,MIA,NYM,,,,,,OF/UTIL
119903-203111,C/1B,Ben,Ben Rice,Rice,9.779464721679688,112,3300,NYY@CWS,NYY,CWS,,,,,,C/1B/UTIL
119903-165535,SS/3B,Colson,Colson Montgomery,Montgomery,11.495348553324854,43,3300,NYY@CWS,CWS,NYY,DTD,Side,,,,3B/SS/UTIL
119903-52175,1B,Matt,Matt Olson,Olson,10.81203007518797,133,3300,ATL@PHI,ATL,PHI,,,,,,C/1B/UTIL
119903-79175,OF,Trent,Trent Grisham,Grisham,9.981896762190194,116,3100,NYY@CWS,NYY,CWS,,,,,,OF/UTIL
119903-136672,OF,Michael,Michael Harris II,Harris II,8.906106497495228,131,3100,ATL@PHI,ATL,PHI,,,,,,OF/UTIL
119903-119305,OF,Kyle,Kyle Stowers,Stowers,11.03162351428953,117,3100,MIA@NYM,MIA,NYM,IL,Oblique,,,,OF/UTIL
119903-17097,OF,Brandon,Brandon Nimmo,Nimmo,10.265873015873016,126,3100,MIA@NYM,NYM,MIA,,,,,,OF/UTIL
119903-197886,C,Agustin,Agustin Ramirez,Ramirez,10.156074310017523,107,3000,MIA@NYM,MIA,NYM,,,,,,C/1B/UTIL
119903-119395,OF,Jasson,Jasson Dominguez,Dominguez,9.27870347764757,108,3000,NYY@CWS,NYY,CWS,,,,,,OF/UTIL
119903-119396,SS,Anthony,Anthony Volpe,Volpe,8.990075963144085,131,3000,NYY@CWS,NYY,CWS,,,,,,SS/UTIL
119903-119405,2B/SS,Bryson,Bryson Stott,Stott,9.0375,120,3000,ATL@PHI,PHI,ATL,,,,,,2B/SS/UTIL
119903-82615,3B,Mark,Mark Vientos,Vientos,8.366666404149866,93,3000,MIA@NYM,NYM,MIA,,,,,,3B/UTIL
119903-17086,OF,Marcell,Marcell Ozuna,Ozuna,9.619834710743802,121,3000,ATL@PHI,ATL,PHI,,,,,,OF/UTIL
119903-82734,OF,Luis,Luis Robert Jr.,Robert Jr.,9.935454767400568,110,3000,NYY@CWS,CWS,NYY,IL,Hamstring,,,,OF/UTIL
119903-102370,3B/1B,Alec,Alec Bohm,Bohm,8.645097919538909,102,3000,ATL@PHI,PHI,ATL,,,,,,C/1B/3B/UTIL
119903-13342,OF,Nick,Nick Castellanos,Castellanos,8.893700787401574,127,2900,ATL@PHI,PHI,ATL,,,,,,OF/UTIL
119903-146716,C,Austin,Austin Wells,Wells,8.552427421495752,103,2900,NYY@CWS,NYY,CWS,,,,,,C/1B/UTIL
119903-85307,2B/OF,Jeff,Jeff McNeil,McNeil,8.819791793823242,96,2900,MIA@NYM,NYM,MIA,,,,,,2B/OF/UTIL
119903-119376,3B/2B,Brett,Brett Baty,Baty,7.806603773584905,106,2900,MIA@NYM,NYM,MIA,,,,,,2B/3B/UTIL
119903-222858,C,Drake,Drake Baldwin,Baldwin,8.799999872843424,96,2900,ATL@PHI,ATL,PHI,,,,,,C/1B/UTIL
119903-17139,C,J.T.,J.T. Realmuto,Realmuto,8.659090909090908,110,2900,ATL@PHI,PHI,ATL,,,,,,C/1B/UTIL
119903-68514,3B,Ryan,Ryan McMahon,McMahon,8.024805823037791,129,2900,NYY@CWS,NYY,CWS,,,,,,3B/UTIL
119903-80847,OF,Mike,Mike Tauchman,Tauchman,9.280519163453734,77,2900,NYY@CWS,CWS,NYY,,,,,,OF/UTIL
119903-185303,SS/2B/3B/OF,Jose,Jose Caballero,Caballero,8.60576923076923,104,2900,NYY@CWS,NYY,CWS,,,,,,2B/3B/SS/OF/UTIL
119903-68587,2B,Ozzie,Ozzie Albies,Albies,8.749623693021617,133,2900,ATL@PHI,ATL,PHI,,,,,,2B/UTIL
119903-13423,OF,Starling,Starling Marte,Marte,8.01923076923077,78,2800,MIA@NYM,NYM,MIA,,,,,,OF/UTIL
119903-119372,OF/3B/1B,Miguel,Miguel Vargas,Vargas,9.163333129882812,120,2800,NYY@CWS,CWS,NYY,,,,,,C/1B/3B/OF/UTIL
119903-82624,C,Sean,Sean Murphy,Murphy,8.444317904385654,88,2800,ATL@PHI,ATL,PHI,,,,,,C/1B/UTIL
119903-68495,OF,Andrew,Andrew Benintendi,Benintendi,8.886868563565342,99,2800,NYY@CWS,CWS,NYY,,,,,,OF/UTIL
119903-102393,SS/2B,Xavier,Xavier Edwards,Edwards,9.543103448275861,116,2800,MIA@NYM,MIA,NYM,,,,,,2B/SS/UTIL
119903-145618,2B/SS,Otto,Otto Lopez,Lopez,9.037391728940218,115,2700,MIA@NYM,MIA,NYM,,,,,,2B/SS/UTIL
119903-198869,C,Kyle,Kyle Teel,Teel,8.452830188679245,53,2700,NYY@CWS,CWS,NYY,,,,,,C/1B/UTIL
119903-21875,OF,Max,Max Kepler,Kepler,7.690740514684607,108,2700,ATL@PHI,PHI,ATL,,,,,,OF/UTIL
119903-79249,OF,Harrison,Harrison Bader,Bader,7.7418802375467415,117,2700,ATL@PHI,PHI,ATL,,,,,,OF/UTIL
119903-82536,OF,Cedric,Cedric Mullins,Mullins,9.854955174901464,111,2700,MIA@NYM,NYM,MIA,,,,,,OF/UTIL
119903-165544,2B/3B/1B,Lenyn,Lenyn Sosa,Sosa,8.39826076341712,115,2700,NYY@CWS,CWS,NYY,,,,,,C/1B/2B/3B/UTIL
119903-165703,OF,Heriberto,Heriberto Hernandez,Hernandez,7.544067900059587,59,2700,MIA@NYM,MIA,NYM,,,,,,OF/UTIL
119903-79154,OF,Brandon,Brandon Marsh,Marsh,6.510091519137041,109,2600,ATL@PHI,PHI,ATL,,,,,,OF/UTIL
119903-164506,2B/3B,Connor,Connor Norby,Norby,7.8972218831380205,72,2600,MIA@NYM,MIA,NYM,IL,Wrist,,,,2B/3B/UTIL
119903-12968,1B,Paul,Paul Goldschmidt,Goldschmidt,8.596721711705943,122,2600,NYY@CWS,NYY,CWS,,,,,,C/1B/UTIL
119903-211919,1B/3B/OF,Eric,Eric Wagaman,Wagaman,7.205128205128205,117,2600,MIA@NYM,MIA,NYM,,,,,,C/1B/3B/OF/UTIL
119903-102365,C,Francisco,Francisco Alvarez,Alvarez,8.49642835344587,56,2600,MIA@NYM,NYM,MIA,IL,Thumb,,,,C/1B/UTIL
119903-38973,OF,Tyrone,Tyrone Taylor,Taylor,5.404629742657697,108,2500,MIA@NYM,NYM,MIA,,,,,,OF/UTIL
119903-102591,OF,Jake,Jake Fraley,Fraley,7.048529232249541,68,2500,ATL@PHI,ATL,PHI,,,,,,OF/UTIL
119903-206383,2B/SS/OF,Brooks,Brooks Baldwin,Baldwin,6.336585068121189,82,2500,NYY@CWS,CWS,NYY,,,,,,2B/SS/OF/UTIL
119903-220835,C/1B,Liam,Liam Hicks,Hicks,6.495876036968427,97,2500,MIA@NYM,MIA,NYM,,,,,,C/1B/UTIL
119903-206608,SS/2B/3B,Nacho,Nacho Alvarez Jr.,Alvarez Jr.,6.693333435058594,30,2500,ATL@PHI,ATL,PHI,,,,,,2B/3B/SS/UTIL
119903-211756,SS/2B/3B/OF,Javier,Javier Sanoja,Sanoja,5.82,100,2500,MIA@NYM,MIA,NYM,,,,,,2B/3B/SS/OF/UTIL
119903-102367,2B/3B/SS,Ronny,Ronny Mauricio,Mauricio,6.584313486136642,51,2500,MIA@NYM,NYM,MIA,,,,,,2B/3B/SS/UTIL
119903-68589,2B/3B/OF,Amed,Amed Rosario,Rosario,6.666071210588727,56,2500,NYY@CWS,NYY,CWS,,,,,,2B/3B/OF/UTIL
119903-102418,OF,Eli,Eli White,White,6.3108692998471465,92,2400,ATL@PHI,ATL,PHI,,,,,,OF/UTIL
119903-79896,C,Luis,Luis Torrens,Torrens,4.82839513708044,81,2400,MIA@NYM,NYM,MIA,,,,,,C/1B/UTIL
119903-222287,SS/2B,Chase,Chase Meidroth,Meidroth,7.61595770653258,94,2400,NYY@CWS,CWS,NYY,,,,,,2B/SS/UTIL
119903-79247,3B/SS/2B/OF,Edmundo,Edmundo Sosa,Sosa,6.558107943148227,74,2400,ATL@PHI,PHI,ATL,,,,,,2B/3B/SS/OF/UTIL
119903-21074,OF,Michael A.,Michael A. Taylor,Taylor,5.271559409045298,109,2400,NYY@CWS,CWS,NYY,,,,,,OF/UTIL
119903-80485,OF,Austin,Austin Slater,Slater,5.574074074074074,54,2400,NYY@CWS,NYY,CWS,IL,Hamstring,,,,OF/UTIL
119903-119436,SS/2B/3B,Maximo,Maximo Acosta,Acosta,7.387499809265137,8,2400,MIA@NYM,MIA,NYM,,,,,,2B/3B/SS/UTIL
119903-165583,C,Edgar,Edgar Quero,Quero,6.95465087890625,86,2400,NYY@CWS,CWS,NYY,,,,,,C/1B/UTIL
119903-189389,OF,Dane,Dane Myers,Myers,6.629896655525129,97,2400,MIA@NYM,MIA,NYM,,,,,,OF/UTIL
119903-38872,OF,Jesse,Jesse Winker,Winker,6.830769465519832,26,2400,MIA@NYM,NYM,MIA,IL,Back,,,,OF/UTIL
119903-119346,C,Korey,Korey Lee,Lee,5.631249904632568,16,2300,NYY@CWS,CWS,NYY,,,,,,C/1B/UTIL
119903-82553,OF,Jose,Jose Siri,Siri,4.95,10,2300,MIA@NYM,NYM,MIA,IL,Lower leg,,,,OF/UTIL
119903-199342,3B/2B/1B,Graham,Graham Pauley,Pauley,5.657407407407407,54,2300,MIA@NYM,MIA,NYM,IL,Oblique,,,,C/1B/2B/3B/UTIL
119903-165701,3B/2B/1B,Curtis,Curtis Mead,Mead,5.356716326813199,67,2300,NYY@CWS,CWS,NYY,,,,,,C/1B/2B/3B/UTIL
119903-102380,SS,Nick,Nick Allen,Allen,4.72113831062627,123,2300,ATL@PHI,ATL,PHI,,,,,,SS/UTIL
119903-231534,1B/OF,Troy,Troy Johnston,Johnston,4.885714213053386,21,2200,MIA@NYM,MIA,NYM,,,,,,C/1B/OF/UTIL
119903-192649,OF/1B,Weston,Weston Wilson,Wilson,4.070270435230152,37,2200,ATL@PHI,PHI,ATL,,,,,,C/1B/OF/UTIL
119903-184479,OF,Corey,Corey Julks,Julks,5.349999904632568,4,2200,NYY@CWS,CWS,NYY,,,,,,OF/UTIL
119903-60636,OF,Derek,Derek Hill,Hill,5.875999755859375,50,2200,MIA@NYM,MIA,NYM,,,,,,OF/UTIL
119903-226832,1B,Tim,Tim Elko,Elko,6.709999847412109,20,2200,NYY@CWS,CWS,NYY,,,,,,C/1B/UTIL
119903-222886,C,Hayden,Hayden Senger,Senger,3.3760000610351564,25,2200,MIA@NYM,NYM,MIA,,,,,,C/1B/UTIL
119903-165648,OF,Johan,Johan Rojas,Rojas,5.346478959204445,71,2200,ATL@PHI,PHI,ATL,,,,,,OF/UTIL
119903-119629,SS/2B/3B,Luisangel,Luisangel Acuna,Acuna,4.477215344392801,79,2200,MIA@NYM,NYM,MIA,,,,,,2B/3B/SS/UTIL
119903-213853,C/3B,J.C.,J.C. Escarra,Escarra,4.5125,40,2200,NYY@CWS,NYY,CWS,,,,,,C/1B/3B/UTIL
119903-163695,2B/3B,Jorbit,Jorbit Vivas,Vivas,3.5413792051117996,29,2200,NYY@CWS,NYY,CWS,,,,,,2B/3B/UTIL
119903-102398,OF,Jarred,Jarred Kelenic,Kelenic,4.100000063578288,24,2200,ATL@PHI,ATL,PHI,,,,,,OF/UTIL
119903-102406,2B/SS/3B/OF,Vidal,Vidal Brujan,Brujan,3.1083332697550454,48,2100,ATL@PHI,ATL,PHI,,,,,,2B/3B/SS/OF/UTIL
119903-135282,OF,Joshua,Joshua Palacios,Palacios,4.543137195063572,51,2100,NYY@CWS,CWS,NYY,,,,,,OF/UTIL
119903-102563,3B/2B/SS,Jonathan,Jonathan Ornelas,Ornelas,2.0333333015441895,6,2100,ATL@PHI,ATL,PHI,,,,,,2B/3B/SS/UTIL
119903-152972,2B/OF/SS/3B,Luke,Luke Williams,Williams,1.9146341463414633,41,2100,ATL@PHI,ATL,PHI,IL,Oblique,,,,2B/3B/SS/OF/UTIL
119903-71182,3B/1B,Jeimer,Jeimer Candelario,Candelario,5.572727203369141,22,2100,NYY@CWS,NYY,CWS,,,,,,C/1B/3B/UTIL
119903-119351,SS/2B/3B,Jacob,Jacob Amaya,Amaya,2.578378419618349,37,2100,NYY@CWS,CWS,NYY,,,,,,2B/3B/SS/UTIL
119903-167500,OF,Joey,Joey Wiemer,Wiemer,2,3,2100,MIA@NYM,MIA,NYM,,,,,,OF/UTIL
119903-179801,1B/OF,Jared,Jared Young,Young,4.7526317395662,19,2100,MIA@NYM,NYM,MIA,,,,,,C/1B/OF/UTIL
119903-119401,C,Rafael,Rafael Marchan,Marchan,4.445454452977036,33,2100,ATL@PHI,PHI,ATL,,,,,,C/1B/UTIL
119903-198359,3B,Deyvison,Deyvison De Los Santos,De Los Santos,0,2,2100,MIA@NYM,MIA,NYM,,,,,,3B/UTIL
119903-224021,3B/1B/OF,Otto,Otto Kemp,Kemp,6.976086823836617,46,2100,ATL@PHI,PHI,ATL,,,,,,C/1B/3B/OF/UTIL
119903-169769,3B/SS/2B,Vinny,Vinny Capra,Capra,2.723404255319149,47,2100,NYY@CWS,CWS,NYY,,,,,,2B/3B/SS/UTIL
119903-81924,2B/OF,Niko,Niko Goodrum,Goodrum,2.3384615091177134,13,2000,MIA@NYM,NYM,MIA,,,,,,2B/OF/UTIL
119903-171037,C,Jason,Jason Delay,Delay,6.400000095367432,8,2000,ATL@PHI,ATL,PHI,,,,,,C/1B/UTIL
119903-102451,OF,Brennen,Brennen Davis,Davis,0,2,2000,NYY@CWS,NYY,CWS,,,,,,OF/UTIL
119903-135227,2B,Jose,Jose Rojas,Rojas,,0,2000,NYY@CWS,NYY,CWS,,,,,,2B/UTIL
119903-135239,2B/SS/3B,Rodolfo,Rodolfo Castro,Castro,0,2,2000,ATL@PHI,PHI,ATL,,,,,,2B/3B/SS/UTIL
119903-135246,OF,Dominic,Dominic Fletcher,Fletcher,4.406944274902344,72,2000,NYY@CWS,CWS,NYY,,,,,,OF/UTIL
119903-222286,OF,Braden,Braden Montgomery,Montgomery,,0,2000,NYY@CWS,CWS,NYY,,,,,,OF/UTIL
119903-135255,C,Brian,Brian Navarreto,Navarreto,,0,2000,MIA@NYM,MIA,NYM,,,,,,C/1B/UTIL
119903-135269,OF,Zach,Zach DeLoach,DeLoach,6.065217391304348,23,2000,NYY@CWS,CWS,NYY,,,,,,OF/UTIL
119903-157797,OF,Bryan,Bryan De La Cruz,De La Cruz,3.012500047683716,16,2000,NYY@CWS,NYY,CWS,,,,,,OF/UTIL
119903-102512,OF,Carlos,Carlos Rodriguez,Rodriguez,,0,2000,ATL@PHI,ATL,PHI,,,,,,OF/UTIL
119903-102519,3B,Andrew,Andrew Bechtold,Bechtold,,0,2000,ATL@PHI,PHI,ATL,,,,,,3B/UTIL
119903-102521,C,Josh,Josh Breaux,Breaux,,0,2000,ATL@PHI,PHI,ATL,,,,,,C/1B/UTIL
119903-197761,C,Jair,Jair Camargo,Camargo,1.0333333015441895,6,2000,ATL@PHI,ATL,PHI,IL,Undisclosed,,,,C/1B/UTIL
119903-102578,OF,Griffin,Griffin Conine,Conine,8.075,20,2000,MIA@NYM,MIA,NYM,IL,Shoulder,,,,OF/UTIL
119903-172216,3B/1B,David,David Villar,Villar,5.144444359673394,9,2000,MIA@NYM,NYM,MIA,,,,,,C/1B/3B/UTIL
119903-102588,OF,Brewer,Brewer Hicklen,Hicklen,21.399999618530273,1,2000,ATL@PHI,PHI,ATL,,,,,,OF/UTIL
119903-83143,OF,Oscar,Oscar Mercado,Mercado,0,1,2000,ATL@PHI,PHI,ATL,,,,,,OF/UTIL
119903-195795,C,Chandler,Chandler Seagle,Seagle,,0,2000,ATL@PHI,ATL,PHI,,,,,,C/1B/UTIL
119903-79074,3B,Austin,Austin Riley,Riley,9.782352821499694,102,2000,ATL@PHI,ATL,PHI,IL,Abdomen,,,,3B/UTIL
119903-60652,2B,Christian,Christian Arroyo,Arroyo,,0,2000,ATL@PHI,PHI,ATL,,,,,,2B/UTIL
119903-198898,SS,Jett,Jett Williams,Williams,,0,2000,MIA@NYM,NYM,MIA,,,,,,SS/UTIL
119903-198902,OF,Ryan,Ryan Clifford,Clifford,,0,2000,MIA@NYM,NYM,MIA,,,,,,OF/UTIL
119903-198900,OF,Spencer,Spencer Jones,Jones,,0,2000,NYY@CWS,NYY,CWS,,,,,,OF/UTIL
119903-198914,SS,Roderick,Roderick Arias,Arias,,0,2000,NYY@CWS,NYY,CWS,,,,,,SS/UTIL
119903-116994,SS,Donovan,Donovan Walton,Walton,4.844444274902344,9,2000,ATL@PHI,PHI,ATL,,,,,,SS/UTIL
119903-85268,1B,Joey,Joey Meneses,Meneses,7.273684049907484,76,2000,MIA@NYM,NYM,MIA,,,,,,C/1B/UTIL
119903-79128,C,Garrett,Garrett Stubbs,Stubbs,5.580701861465187,57,2000,ATL@PHI,PHI,ATL,,,,,,C/1B/UTIL
119903-79130,OF,Jose,Jose Azocar,Azocar,3.3214285714285716,14,2000,MIA@NYM,NYM,MIA,,,,,,OF/UTIL
119903-197917,OF,Victor,Victor Mesa Jr.,Mesa Jr.,3.924999952316284,4,2000,MIA@NYM,MIA,NYM,,,,,,OF/UTIL
119903-79156,SS/2B,David,David Fletcher,Fletcher,2.1666666666666665,6,2000,ATL@PHI,ATL,PHI,,,,,,2B/SS/UTIL
119903-118189,C,Ali,Ali Sanchez,Sanchez,3.0444444020589194,9,2000,MIA@NYM,NYM,MIA,,,,,,C/1B/UTIL
119903-135646,C,Carson,Carson Taylor,Taylor,,0,2000,ATL@PHI,PHI,ATL,IL,Undisclosed,,,,C/1B/UTIL
119903-119304,SS/2B,Braden,Braden Shewmake,Shewmake,3.406896656957166,29,2000,NYY@CWS,NYY,CWS,,,,,,2B/SS/UTIL
119903-219661,SS,Jared,Jared Serna,Serna,,0,2000,MIA@NYM,MIA,NYM,,,,,,SS/UTIL
119903-79387,3B,Jake,Jake Gatewood,Gatewood,,0,2000,NYY@CWS,NYY,CWS,,,,,,3B/UTIL
119903-95776,2B/SS/3B/OF,Pablo,Pablo Reyes,Reyes,2.111999969482422,25,2000,MIA@NYM,NYM,MIA,,,,,,2B/3B/SS/OF/UTIL
119903-158244,3B/2B,Yonny,Yonny Hernandez,Hernandez,,0,2000,MIA@NYM,NYM,MIA,,,,,,2B/3B/UTIL
119903-222780,SS,Starlyn,Starlyn Caba,Caba,,0,2000,MIA@NYM,MIA,NYM,,,,,,SS/UTIL
119903-222795,SS,George,George Lombard Jr.,Lombard Jr.,,0,2000,NYY@CWS,NYY,CWS,,,,,,SS/UTIL
119903-207434,3B,Luis,Luis De Los Santos,De Los Santos,2.8384616558368387,13,2000,MIA@NYM,NYM,MIA,,,,,,3B/UTIL
119903-181856,3B,Andre,Andre Lipcius,Lipcius,,0,2000,NYY@CWS,CWS,NYY,,,,,,3B/UTIL
119903-222821,OF,Carson,Carson Benge,Benge,,0,2000,MIA@NYM,NYM,MIA,IL,Undisclosed,,,,OF/UTIL
119903-226928,1B/2B/SS/3B,Jack,Jack Winkler,Winkler,1.3818181644786487,11,2000,MIA@NYM,MIA,NYM,,,,,,C/1B/2B/3B/SS/UTIL
119903-222847,OF,Justin,Justin Crawford,Crawford,,0,2000,ATL@PHI,PHI,ATL,,,,,,OF/UTIL
119903-82558,OF,Conner,Conner Capel,Capel,2.171428544180734,7,2000,ATL@PHI,ATL,PHI,,,,,,OF/UTIL
119903-222848,SS,Aidan,Aidan Miller,Miller,,0,2000,ATL@PHI,PHI,ATL,,,,,,SS/UTIL
119903-164501,SS,Cal,Cal Conley,Conley,,0,2000,ATL@PHI,ATL,PHI,,,,,,SS/UTIL
119903-164508,OF,Jesse,Jesse Franklin,Franklin,,0,2000,ATL@PHI,ATL,PHI,,,,,,OF/UTIL
119903-165533,3B,Wes,Wes Kath,Kath,,0,2000,NYY@CWS,CWS,NYY,IL,Undisclosed,,,,3B/UTIL
119903-226979,OF,Will,Will Robertson,Robertson,2.3375000953674316,8,2000,NYY@CWS,CWS,NYY,,,,,,OF/UTIL
119903-165539,SS,Jose,Jose Rodriguez,Rodriguez,0,2,2000,ATL@PHI,PHI,ATL,,,,,,SS/UTIL
119903-164519,3B,Alex,Alex Binelas,Binelas,,0,2000,ATL@PHI,PHI,ATL,,,,,,3B/UTIL
119903-165540,3B,Bryan,Bryan Ramos,Ramos,6.063636548591383,33,2000,NYY@CWS,CWS,NYY,,,,,,3B/UTIL
119903-17105,C,Sandy,Sandy Leon,Leon,0,2,2000,ATL@PHI,ATL,PHI,,,,,,C/1B/UTIL
119903-165602,C,Joe,Joe Mack,Mack,,0,2000,MIA@NYM,MIA,NYM,,,,,,C/1B/UTIL
119903-165603,SS,Yiddi,Yiddi Cappe,Cappe,,0,2000,MIA@NYM,MIA,NYM,,,,,,SS/UTIL
119903-181990,C/OF,Blake,Blake Sabol,Sabol,2.737499952316284,8,2000,NYY@CWS,CWS,NYY,,,,,,C/1B/OF/UTIL
119903-165607,SS,Jordan,Jordan McCants,McCants,,0,2000,MIA@NYM,MIA,NYM,,,,,,SS/UTIL
119903-165608,2B,Cody,Cody Morissette,Morissette,,0,2000,MIA@NYM,MIA,NYM,,,,,,2B/UTIL
119903-13054,C,Rob,Rob Brantly,Brantly,4.166666666666667,3,2000,NYY@CWS,NYY,CWS,,,,,,C/1B/UTIL
119903-165629,1B,JT,JT Schwartz,Schwartz,,0,2000,MIA@NYM,NYM,MIA,,,,,,C/1B/UTIL
119903-202501,OF,Duke,Duke Ellis,Ellis,3.0166667302449546,12,2000,NYY@CWS,NYY,CWS,,,,,,OF/UTIL
119903-165646,C,Rickardo,Rickardo Perez,Perez,,0,2000,ATL@PHI,PHI,ATL,,,,,,C/1B/UTIL
119903-165647,OF,Ethan,Ethan Wilson,Wilson,,0,2000,ATL@PHI,PHI,ATL,,,,,,OF/UTIL
119903-165667,OF,Samuel,Samuel Zavala,Zavala,,0,2000,NYY@CWS,CWS,NYY,,,,,,OF/UTIL
119903-119623,OF,Alex,Alex Ramirez,Ramirez,0,3,2000,MIA@NYM,NYM,MIA,,,,,,OF/UTIL
119903-163679,3B,Joe,Joe Perez,Perez,,0,2000,NYY@CWS,CWS,NYY,,,,,,3B/UTIL
119903-163686,3B/SS,Oswaldo,Oswaldo Cabrera,Cabrera,6.597142682756696,35,2000,NYY@CWS,NYY,CWS,IL,Ankle,,,,3B/SS/UTIL
119903-163694,SS,Eddys,Eddys Leonard,Leonard,0,1,2000,ATL@PHI,ATL,PHI,,,,,,SS/UTIL
119903-174963,SS,Charles,Charles Leblanc,Leblanc,8.290908813476562,11,2000,ATL@PHI,ATL,PHI,,,,,,SS/UTIL
119903-102322,2B/3B,Nick,Nick Madrigal,Madrigal,2.823529411764706,51,2000,MIA@NYM,NYM,MIA,IL,Shoulder,,,,2B/3B/UTIL
119903-102337,OF,Seth,Seth Beer,Beer,,0,2000,ATL@PHI,PHI,ATL,,,,,,OF/UTIL
119903-68554,SS,Andrew,Andrew Velazquez,Velazquez,0,2,2000,NYY@CWS,NYY,CWS,,,,,,SS/UTIL
119903-171986,3B,Matthew,Matthew Batten,Batten,4.5,2,2000,ATL@PHI,ATL,PHI,,,,,,3B/UTIL
119903-102352,C,Payton,Payton Henry,Henry,0,1,2000,ATL@PHI,PHI,ATL,,,,,,C/1B/UTIL
119903-102356,OF,Gilberto,Gilberto Celestino,Celestino,,0,2000,MIA@NYM,NYM,MIA,IL,Undisclosed,,,,OF/UTIL
119903-102390,OF,Travis,Travis Swaggerty,Swaggerty,,0,2000,MIA@NYM,NYM,MIA,,,,,,OF/UTIL