Id,Position,First Name,Nickname,Last Name,FPPG,Played,Salary,Game,Team,Opponent,Injury Indicator,Injury Details,Tier,Probable Pitcher,Batting Order,Roster Position
120403-119340,P,Tarik,Tarik Skubal,Skubal,44.07142857142857,28,11000,DET@NYY,DET,NYY,,,,,,P
120403-16960,P,Zack,Zack Wheeler,Wheeler,42.625,24,11000,NYM@PHI,PHI,NYM,IL,Shoulder,,,0,P
120403-118225,P,Cristopher,Cristopher Sanchez,Sanchez,39.13793103448276,29,10500,NYM@PHI,PHI,NYM,,,,,0,P
120403-187194,P,Bryan,Bryan Woo,Woo,37.42857142857143,28,10500,LAA@SEA,SEA,LAA,,,,,,P
120403-222820,P,Nolan,Nolan McLean,McLean,43,5,10200,NYM@PHI,NYM,PHI,,,,,,P
120403-102396,P,Logan,Logan Gilbert,Gilbert,33.5,22,10200,LAA@SEA,SEA,LAA,,,,,,P
120403-83157,P,Ranger,Ranger Suarez,Suarez,37.08695652173913,23,10100,NYM@PHI,PHI,NYM,,,,,0,P
120403-79951,P,Nick,Nick Pivetta,Pivetta,36.172413793103445,29,10000,COL@SD,SD,COL,,,,,,P
120403-119414,P,George,George Kirby,Kirby,28.35,20,10000,LAA@SEA,SEA,LAA,,,,,,P
120403-79280,P,Jesus,Jesus Luzardo,Luzardo,33.96551724137931,29,9900,NYM@PHI,PHI,NYM,,,,Yes,,P
120403-52185,P,Max,Max Fried,Fried,34.758620689655174,29,9800,DET@NYY,NYY,DET,,,,,0,P
120403-60633,P,Carlos,Carlos Rodon,Rodon,35.333333333333336,30,9700,DET@NYY,NYY,DET,,,,,0,P
120403-82621,P,Clarke,Clarke Schmidt,Schmidt,30,14,9600,DET@NYY,NYY,DET,IL,Elbow,,,0,P
120403-102330,P,Kris,Kris Bubic,Bubic,34.5,20,9600,KC@CLE,KC,CLE,IL,Shoulder,,,0,P
120403-228790,P,Cam,Cam Schlittler,Schlittler,28.8,10,9500,DET@NYY,NYY,DET,,,,Yes,,P
120403-79091,P,Dylan,Dylan Cease,Cease,30.03448275862069,29,9400,COL@SD,SD,COL,,,,,,P
120403-79270,P,Cole,Cole Ragans,Ragans,31,10,9300,KC@CLE,KC,CLE,IL,Shoulder,,,0,P
120403-82618,P,David,David Peterson,Peterson,30.037037037037038,27,9300,NYM@PHI,NYM,PHI,,,,Yes,,P
120403-232379,P,Parker,Parker Messick,Messick,33.25,4,9300,KC@CLE,CLE,KC,,,,,0,P
120403-117232,P,Michael,Michael King,King,30.083333333333332,12,9100,COL@SD,SD,COL,,,,,,P
120403-16956,P,Gerrit,Gerrit Cole,Cole,32,22,9000,DET@NYY,NYY,DET,IL,Elbow,,,0,P
120403-222819,P,Jonah,Jonah Tong,Tong,30,2,9000,NYM@PHI,NYM,PHI,,,,,,P
120403-165518,P,Gavin,Gavin Williams,Williams,29.964285714285715,28,9000,KC@CLE,CLE,KC,,,,Yes,,P
120403-182153,P,Kodai,Kodai Senga,Senga,28.136363636363637,22,8900,NYM@PHI,NYM,PHI,,,,,,P
120403-154714,P,Tylor,Tylor Megill,Megill,29.714285714285715,14,8800,NYM@PHI,NYM,PHI,IL,Elbow,,,,P
120403-219697,P,Noah,Noah Cameron,Cameron,28.666666666666668,21,8800,KC@CLE,KC,CLE,,,,,0,P
120403-102345,P,Jose,Jose Soriano,Soriano,28.724137931034484,29,8800,LAA@SEA,LAA,SEA,,,,Yes,,P
120403-5466,P,Charlie,Charlie Morton,Morton,22.333333333333332,30,8700,DET@NYY,DET,NYY,,,,,,P
120403-219724,P,Ryan,Ryan Bergert,Bergert,19.61111111111111,18,8700,KC@CLE,KC,CLE,,,,,0,P
120403-79246,P,Jack,Jack Flaherty,Flaherty,28.96551724137931,29,8600,DET@NYY,DET,NYY,,,,,,P
120403-119411,P,Joey,Joey Cantillo,Cantillo,15,31,8600,KC@CLE,CLE,KC,,,,,0,P
120403-165551,P,Reese,Reese Olson,Olson,28.076923076923077,13,8600,DET@NYY,DET,NYY,IL,Shoulder,,,,P
120403-60647,P,Aaron,Aaron Nola,Nola,25,14,8500,NYM@PHI,PHI,NYM,,,,,0,P
120403-79162,P,Luis,Luis Castillo,Castillo,28.379310344827587,29,8500,LAA@SEA,SEA,LAA,,,,,,P
120403-118206,P,Luis,Luis Gil,Gil,25.571428571428573,7,8500,DET@NYY,NYY,DET,,,,,0,P
120403-198362,P,Stephen,Stephen Kolek,Kolek,25.0625,16,8500,KC@CLE,KC,CLE,,,,Yes,,P
120403-85253,P,Casey,Casey Mize,Mize,27.88,25,8400,DET@NYY,DET,NYY,,,,,,P
120403-179725,P,Luis,Luis Ortiz,Ortiz,29.3125,16,8400,KC@CLE,CLE,KC,O,Personal,,,0,P
120403-146663,P,Slade,Slade Cecconi,Cecconi,26.65,20,8300,KC@CLE,CLE,KC,,,,,0,P
120403-102001,P,Yusei,Yusei Kikuchi,Kikuchi,27.5,30,8300,LAA@SEA,LAA,SEA,,,,,,P
120403-198912,P,Will,Will Warren,Warren,26,30,8200,DET@NYY,NYY,DET,,,,,0,P
120403-165547,P,Jackson,Jackson Jobe,Jobe,22.7,10,8200,DET@NYY,DET,NYY,IL,Elbow,,,,P
120403-37999,P,Michael,Michael Wacha,Wacha,26.678571428571427,28,8000,KC@CLE,KC,CLE,IL,Concussion,,,0,P
120403-185501,P,Tanner,Tanner Bibee,Bibee,26.5,28,8000,KC@CLE,CLE,KC,,,,,0,P
120403-110822,P,Jose,Jose Urquidy,Urquidy,0,1,8000,DET@NYY,DET,NYY,IL,Elbow,,,,P
120403-222822,P,Brandon,Brandon Sproat,Sproat,34,1,8000,NYM@PHI,NYM,PHI,,,,,,P
120403-68523,P,Joe,Joe Musgrove,Musgrove,28.45,20,8000,COL@SD,SD,COL,IL,Elbow,,,,P
120403-79232,P,Clay,Clay Holmes,Holmes,24.96551724137931,29,7800,NYM@PHI,NYM,PHI,,,,,,P
120403-79224,P,Chris,Chris Paddack,Paddack,18.655172413793103,29,7700,DET@NYY,DET,NYY,,,,,,P
120403-16931,P,Yu,Yu Darvish,Darvish,21.583333333333332,12,7700,COL@SD,SD,COL,,,,,,P
120403-82582,P,Griffin,Griffin Canning,Canning,24.8125,16,7700,NYM@PHI,NYM,PHI,IL,Achilles,,,,P
120403-68485,P,Ryan,Ryan Yarbrough,Yarbrough,17,17,7700,DET@NYY,NYY,DET,,,,,0,P
120403-52728,P,Michael,Michael Lorenzen,Lorenzen,24.91304347826087,24,7600,KC@CLE,KC,CLE,,,,,0,P
120403-226322,P,Logan,Logan Evans,Evans,21.6,15,7500,LAA@SEA,SEA,LAA,IL,Elbow,,,,P
120403-97300,P,John,John Means,Means,28,5,7500,KC@CLE,CLE,KC,IL,Elbow,,,0,P
120403-135229,P,Reid,Reid Detmers,Detmers,6.389830508474576,61,7500,LAA@SEA,LAA,SEA,DTD,Forearm,,,,P
120403-79118,P,Triston,Triston McKenzie,McKenzie,2,4,7500,KC@CLE,CLE,KC,,,,,0,P
120403-71034,P,Seth,Seth Lugo,Lugo,27.153846153846153,26,7500,KC@CLE,KC,CLE,IL,Back,,,0,P
120403-118202,P,Kyle,Kyle Hart,Hart,10.538461538461538,13,7500,COL@SD,SD,COL,,,,,,P
120403-165573,P,Alec,Alec Marsh,Marsh,24.423076923076923,26,7500,KC@CLE,KC,CLE,IL,Shoulder,,,0,P
120403-52165,P,Sean,Sean Manaea,Manaea,22.90909090909091,11,7500,NYM@PHI,NYM,PHI,,,,,,P
120403-197766,P,Keider,Keider Montero,Montero,19.1875,16,7400,DET@NYY,DET,NYY,,,,,,P
120403-145625,P,Bailey,Bailey Falter,Falter,19.346153846153847,26,7400,KC@CLE,KC,CLE,IL,Biceps,,,0,P
120403-60646,P,Ben,Ben Lively,Lively,20.555555555555557,9,7400,KC@CLE,CLE,KC,IL,Elbow,,,0,P
120403-13123,P,Alex,Alex Cobb,Cobb,19.4,5,7400,DET@NYY,DET,NYY,IL,Hip,,,,P
120403-63781,P,Frankie,Frankie Montas,Montas,16.555555555555557,9,7200,NYM@PHI,NYM,PHI,IL,Elbow,,,,P
120403-229085,P,Troy,Troy Melton,Melton,16.583333333333332,12,7200,DET@NYY,DET,NYY,,,,,,P
120403-165689,P,Bryce,Bryce Miller,Miller,19.142857142857142,14,7200,LAA@SEA,SEA,LAA,,,,Yes,,P
120403-135268,P,Emerson,Emerson Hancock,Hancock,16.42105263157895,19,7100,LAA@SEA,SEA,LAA,,,,,,P
120403-38246,P,Tyler,Tyler Anderson,Anderson,21.153846153846153,26,7100,LAA@SEA,LAA,SEA,IL,Oblique,,,,P
120403-208032,P,Brant,Brant Hurter,Hurter,9.222222222222221,38,7000,DET@NYY,DET,NYY,IL,Back,,,,P
120403-79076,P,Kolby,Kolby Allard,Allard,8.241379310344827,29,7000,KC@CLE,CLE,KC,,,,,0,P
120403-161465,P,Ryan,Ryan Feltner,Feltner,21,6,7000,COL@SD,COL,SD,,,,,,P
120403-165638,P,Randy,Randy Vasquez,Vasquez,18.208333333333332,24,7000,COL@SD,SD,COL,,,,Yes,,P
120403-82775,P,Nestor,Nestor Cortes,Cortes,17.25,8,7000,COL@SD,SD,COL,IL,Biceps,,,,P
120403-68517,P,Antonio,Antonio Senzatela,Senzatela,12.11111111111111,27,7000,COL@SD,COL,SD,,,,,,P
120403-211069,P,Sam,Sam Aldegheri,Aldegheri,5,2,6900,LAA@SEA,LAA,SEA,,,,,,P
120403-185490,P,Logan,Logan Allen,Allen,22.107142857142858,28,6900,KC@CLE,CLE,KC,,,,,0,P
120403-79168,P,Walker,Walker Buehler,Buehler,19.782608695652176,23,6900,NYM@PHI,PHI,NYM,,,,,0,P
120403-163685,P,JP,JP Sears,Sears,22.16,25,6900,COL@SD,SD,COL,,,,,,P
120403-188485,P,Matt,Matt Waldron,Waldron,11,1,6800,COL@SD,SD,COL,,,,,,P
120403-102569,P,Michael,Michael Mercado,Mercado,2,3,6800,NYM@PHI,PHI,NYM,,,,,0,P
120403-79133,P,Matt,Matt Manning,Manning,21.4,5,6800,NYM@PHI,PHI,NYM,,,,,0,P
120403-185845,P,Allan,Allan Winans,Winans,6.333333333333333,3,6800,DET@NYY,NYY,DET,,,,,0,P
120403-80859,P,Paul,Paul Blackburn,Blackburn,9.272727272727273,11,6800,DET@NYY,NYY,DET,,,,,0,P
120403-194697,P,Sawyer,Sawyer Gipson-Long,Gipson-Long,14.571428571428571,7,6700,DET@NYY,DET,NYY,,,,,,P
120403-60632,P,Kyle,Kyle Freeland,Freeland,22.333333333333332,28,6700,COL@SD,COL,SD,,,,,,P
120403-198891,P,Caden,Caden Dana,Dana,17.75,4,6700,LAA@SEA,LAA,SEA,,,,,,P
120403-219569,P,Justin,Justin Hagenman,Hagenman,11.555555555555555,9,6700,NYM@PHI,NYM,PHI,,,,,,P
120403-204632,P,Tanner,Tanner Gordon,Gordon,19.666666666666668,12,6700,COL@SD,COL,SD,,,,,,P
120403-68518,P,Spencer,Spencer Turnbull,Turnbull,7.333333333333333,3,6700,KC@CLE,KC,CLE,,,,,0,P
120403-232673,P,Mitch,Mitch Farris,Farris,27.5,2,6600,LAA@SEA,LAA,SEA,,,,,,P
120403-102333,P,Daniel,Daniel Lynch IV,Lynch IV,5.113207547169812,53,6600,KC@CLE,KC,CLE,,,,,0,P
120403-53398,P,Kyle,Kyle Hendricks,Hendricks,20.964285714285715,28,6500,LAA@SEA,LAA,SEA,,,,,,P
120403-60627,P,Touki,Touki Toussaint,Toussaint,9,1,6500,LAA@SEA,LAA,SEA,,,,,,P
120403-198886,P,Chase,Chase Dollander,Dollander,16.904761904761905,21,6500,COL@SD,COL,SD,DTD,Knee,,,,P
120403-23089,P,Dallas,Dallas Keuchel,Keuchel,13.25,4,6500,KC@CLE,KC,CLE,,,,,0,P
120403-68452,P,Kenta,Kenta Maeda,Maeda,3.857142857142857,7,6500,DET@NYY,NYY,DET,,,,,0,P
120403-190370,P,Jackson,Jackson Wolf,Wolf,0,1,6500,COL@SD,SD,COL,,,,,,P
120403-102456,P,Jhonathan,Jhonathan Diaz,Diaz,7,1,6400,LAA@SEA,SEA,LAA,,,,,,P
120403-170174,P,Chase,Chase Silseth,Silseth,6.75,4,6400,LAA@SEA,LAA,SEA,,,,,,P
120403-79147,P,Jakob,Jakob Junis,Junis,5.423076923076923,52,6400,KC@CLE,CLE,KC,,,,,0,P
120403-219695,P,Luinder,Luinder Avila,Avila,9.6,5,6400,KC@CLE,KC,CLE,,,,,0,P
120403-119355,P,Jack,Jack Kochanowicz,Kochanowicz,14.391304347826088,23,6400,LAA@SEA,LAA,SEA,,,,,,P
120403-21097,P,Taijuan,Taijuan Walker,Walker,15.1,30,6400,NYM@PHI,PHI,NYM,,,,,0,P
120403-232593,P,McCade,McCade Brown,Brown,2.3333333333333335,3,6300,COL@SD,COL,SD,,,,Yes,,P
120403-79254,P,Dakota,Dakota Hudson,Hudson,14.38888888888889,18,6300,LAA@SEA,LAA,SEA,,,,,,P
120403-138016,P,Brandon,Brandon Waddell,Waddell,11.272727272727273,11,6300,NYM@PHI,NYM,PHI,,,,,,P
120403-53608,P,Jose,Jose Urena,Urena,10.6,15,6200,LAA@SEA,LAA,SEA,,,,,,P
120403-181660,P,Jhony,Jhony Brito,Brito,6.3076923076923075,26,6200,COL@SD,SD,COL,IL,Forearm,,,,P
120403-165546,P,Ty,Ty Madden,Madden,13.142857142857142,7,6200,DET@NYY,DET,NYY,IL,Shoulder,,,,P
120403-73880,P,German,German Marquez,Marquez,16.08695652173913,24,6100,COL@SD,COL,SD,,,,,,P
120403-226881,P,Carson,Carson Palmquist,Palmquist,9.11111111111111,9,6100,COL@SD,COL,SD,,,,,,P
120403-197871,P,Bradley,Bradley Blalock,Blalock,7.454545454545454,11,6000,COL@SD,COL,SD,,,,,,P
120403-198904,P,Christian,Christian Scott,Scott,22.11111111111111,9,6000,NYM@PHI,NYM,PHI,IL,Elbow,,,,P
120403-68505,P,Carson,Carson Fulmer,Fulmer,8.384615384615385,13,6000,LAA@SEA,LAA,SEA,IL,Elbow,,,,P
120403-178306,P,Bryan,Bryan Hoeing,Hoeing,5.142857142857143,7,5900,COL@SD,SD,COL,,,,,,P
120403-177584,P,Xzavion,Xzavion Curry,Curry,2,3,5900,COL@SD,COL,SD,,,,,,P
120403-119391,P,Roansy,Roansy Contreras,Contreras,7,3,5900,COL@SD,COL,SD,,,,,,P
120403-169742,P,Tyler,Tyler Holton,Holton,5.147540983606557,62,5900,DET@NYY,DET,NYY,,,,Yes,,P
120403-198354,P,Anthony,Anthony Molina,Molina,5.428571428571429,14,5800,COL@SD,COL,SD,,,,,,P
120403-189299,P,Victor,Victor Mederos,Mederos,10.2,5,5800,LAA@SEA,LAA,SEA,IL,Shoulder,,,,P
120403-145610,P,Angel,Angel Zerpa,Zerpa,4.857142857142857,64,5700,KC@CLE,KC,CLE,,,,,0,P
120403-119431,P,Seth,Seth Johnson,Johnson,7.7,10,5700,NYM@PHI,PHI,NYM,,,,,0,P
120403-213867,P,Blas,Blas Castano,Castano,3,1,5700,LAA@SEA,SEA,LAA,,,,,,P
120403-226310,P,Jose,Jose Fermin,Fermin,4.909090909090909,34,5500,LAA@SEA,LAA,SEA,,,,,,P
120403-168965,P,Tanner,Tanner Banks,Banks,5.096774193548387,62,5500,NYM@PHI,PHI,NYM,,,,,0,P
120403-178184,P,Kevin,Kevin Herget,Herget,6.5,6,5500,NYM@PHI,NYM,PHI,,,,,,P
120403-211985,P,Andrew,Andrew Walters,Walters,2,2,5500,KC@CLE,CLE,KC,IL,Lat,,,0,P
120403-114708,P,Randy,Randy Dobnak,Dobnak,16,1,5500,DET@NYY,DET,NYY,,,,,,P
120403-135191,P,Josh,Josh Fleming,Fleming,4.541666666666667,25,5500,LAA@SEA,SEA,LAA,,,,,,P
120403-82974,P,Tanner,Tanner Rainey,Rainey,2.3,11,5500,DET@NYY,DET,NYY,,,,,,P
120403-68654,P,John,John Gant,Gant,,0,5500,KC@CLE,KC,CLE,,,,,0,P
120403-102448,P,Brenan,Brenan Hanifee,Hanifee,4.735849056603773,53,5500,DET@NYY,DET,NYY,,,,,,P
120403-82998,P,Lou,Lou Trivino,Trivino,4.357142857142857,42,5500,NYM@PHI,PHI,NYM,,,,,0,P
120403-135226,P,Wes,Wes Benjamin,Benjamin,,0,5500,COL@SD,SD,COL,,,,,,P
120403-172092,P,Garrett,Garrett Hill,Hill,0,1,5500,LAA@SEA,SEA,LAA,,,,,,P
120403-79936,P,Mark,Mark Leiter Jr.,Leiter Jr.,4.388888888888889,55,5500,DET@NYY,NYY,DET,,,,,0,P
120403-104512,P,Geoff,Geoff Hartlieb,Hartlieb,0.25,4,5500,KC@CLE,KC,CLE,,,,,0,P
120403-154688,P,Jake,Jake Cousins,Cousins,6.4186046511627906,43,5500,DET@NYY,NYY,DET,IL,Elbow,,,0,P
120403-135236,P,Max,Max Kranick,Kranick,6.625,24,5500,NYM@PHI,NYM,PHI,IL,Elbow,,,,P
120403-179275,P,Fernando,Fernando Cruz,Cruz,7.128205128205129,40,5500,DET@NYY,NYY,DET,,,,,0,P
120403-102489,P,Carlos,Carlos Hernandez,Hernandez,4.075,41,5500,KC@CLE,CLE,KC,,,,,0,P
120403-135256,P,Connor,Connor Brogdon,Brogdon,4.527777777777778,37,5500,LAA@SEA,LAA,SEA,,,,,,P
120403-189529,P,Alek,Alek Jacob,Jacob,4.068965517241379,29,5500,COL@SD,SD,COL,,,,,,P
120403-195682,P,Orion,Orion Kerkering,Kerkering,5.19672131147541,62,5500,NYM@PHI,PHI,NYM,,,,,0,P
120403-116839,P,David,David Bednar,Bednar,6.8545454545454545,56,5500,DET@NYY,NYY,DET,,,,,0,P
120403-226411,P,David,David Morgan,Morgan,6.486486486486487,38,5500,COL@SD,SD,COL,,,,,,P
120403-135279,P,Codi,Codi Heuer,Heuer,6.666666666666667,3,5500,DET@NYY,DET,NYY,,,,,,P
120403-232563,P,Drew,Drew Sommers,Sommers,0,4,5500,DET@NYY,DET,NYY,,,,,,P
120403-159857,P,Jose,Jose Marte,Marte,6.071428571428571,14,5500,NYM@PHI,NYM,PHI,IL,Shoulder,,,,P
120403-102517,P,Jhoan,Jhoan Duran,Duran,6.285714285714286,65,5500,NYM@PHI,PHI,NYM,,,,,0,P
120403-187521,P,Joe,Joe Jacques,Jacques,3,2,5500,LAA@SEA,SEA,LAA,,,,,,P
120403-116868,P,Gabe,Gabe Speier,Speier,5.298507462686567,68,5500,LAA@SEA,SEA,LAA,,,,,,P
120403-231563,P,Dugan,Dugan Darnell,Darnell,4.555555555555555,9,5500,COL@SD,COL,SD,IL,Hip,,,,P
120403-179339,P,Bryce,Bryce Montes de Oca,Montes de Oca,,0,5500,NYM@PHI,NYM,PHI,IL,Elbow,,,,P
120403-114827,P,John,John Schreiber,Schreiber,4.6875,66,5500,KC@CLE,KC,CLE,,,,,0,P
120403-73866,P,Wandy,Wandy Peralta,Peralta,4.953846153846154,65,5500,COL@SD,SD,COL,,,,,,P
120403-102549,P,Andres,Andres Munoz,Munoz,6.43859649122807,57,5500,LAA@SEA,SEA,LAA,,,,,,P
120403-102558,P,Gregory,Gregory Santos,Santos,1.875,8,5500,LAA@SEA,SEA,LAA,IL,Knee,,,,P
120403-102560,P,Camilo,Camilo Doval,Doval,5.063492063492063,63,5500,DET@NYY,NYY,DET,,,,,0,P
120403-80034,P,Jose,Jose Alvarado,Alvarado,6.111111111111111,28,5500,NYM@PHI,PHI,NYM,,,,,0,P
120403-12452,P,Kenley,Kenley Jansen,Jansen,5.357142857142857,58,5500,LAA@SEA,LAA,SEA,,,,,,P
120403-195748,P,Kelvin,Kelvin Caceres,Caceres,0,2,5500,LAA@SEA,LAA,SEA,,,,,,P
120403-102568,P,Colin,Colin Poche,Poche,2,14,5500,NYM@PHI,NYM,PHI,,,,,,P
120403-102570,P,Sandy,Sandy Gaston,Gaston,,0,5500,LAA@SEA,LAA,SEA,,,,,,P
120403-83116,P,Wander,Wander Suero,Suero,3.2,5,5500,NYM@PHI,NYM,PHI,,,,,,P
120403-85164,P,Matt,Matt Festa,Festa,4.339622641509434,54,5500,KC@CLE,CLE,KC,,,,,0,P
120403-145591,P,Eduard,Eduard Bazardo,Bazardo,6.090909090909091,66,5500,LAA@SEA,SEA,LAA,,,,,,P
120403-209078,P,Max,Max Lazar,Lazar,4,30,5500,NYM@PHI,PHI,NYM,,,,,0,P
120403-102587,P,Jordan,Jordan Balazovic,Balazovic,,0,5500,DET@NYY,DET,NYY,,,,,,P
120403-145593,P,Carlos,Carlos Vargas,Vargas,4.629032258064516,62,5500,LAA@SEA,SEA,LAA,,,,,,P
120403-135358,P,Dylan,Dylan File,File,,0,5500,LAA@SEA,SEA,LAA,,,,,,P
120403-83145,P,Jose,Jose Castillo,Castillo,5,23,5500,LAA@SEA,SEA,LAA,,,,,,P
120403-21707,P,Michael,Michael Mariot,Mariot,,0,5500,LAA@SEA,SEA,LAA,,,,,,P
120403-83159,P,Diego,Diego Castillo,Castillo,5.571428571428571,7,5500,COL@SD,COL,SD,,,,,,P
120403-145627,P,Lucas,Lucas Gilbreath,Gilbreath,6,1,5500,COL@SD,COL,SD,,,,,,P
120403-83163,P,Jonathan,Jonathan Loaisiga,Loaisiga,4.066666666666666,30,5500,DET@NYY,NYY,DET,IL,Elbow,,,0,P
120403-145630,P,Kervin,Kervin Castro,Castro,,0,5500,DET@NYY,NYY,DET,,,,,0,P
120403-79071,P,Taylor,Taylor Clarke,Clarke,5.0227272727272725,44,5500,KC@CLE,KC,CLE,,,,,0,P
120403-209116,P,Troy,Troy Taylor,Taylor,-0.14285714285714285,8,5500,LAA@SEA,SEA,LAA,,,,,,P
120403-104672,P,Devin,Devin Smeltzer,Smeltzer,0,2,5500,DET@NYY,DET,NYY,,,,,,P
120403-152806,P,Jason,Jason Foley,Foley,4.044776119402985,70,5500,DET@NYY,DET,NYY,IL,Shoulder,,,,P
120403-205032,P,Daniel,Daniel Robert,Robert,4.4,15,5500,NYM@PHI,PHI,NYM,IL,Forearm,,,0,P
120403-146678,P,Tanner,Tanner Burns,Burns,,0,5500,KC@CLE,CLE,KC,,,,,0,P
120403-197879,P,Juan,Juan Mejia,Mejia,5.9787234042553195,47,5500,COL@SD,COL,SD,,,,,,P
120403-146679,P,Chris,Chris McMahon,McMahon,,0,5500,COL@SD,COL,SD,IL,Undisclosed,,,,P
120403-198901,P,Chase,Chase Hampton,Hampton,,0,5500,DET@NYY,NYY,DET,IL,Elbow,,,0,P
120403-197880,P,Angel,Angel Chivilli,Chivilli,4.205128205128205,39,5500,COL@SD,COL,SD,,,,,,P
120403-197891,P,Michael,Michael Arias,Arias,0,2,5500,DET@NYY,NYY,DET,,,,,0,P
120403-146691,P,Asa,Asa Lacy,Lacy,,0,5500,KC@CLE,KC,CLE,IL,Elbow,,,0,P
120403-197888,P,Bailey,Bailey Horn,Horn,5.714285714285714,7,5500,DET@NYY,DET,NYY,IL,Personal,,,,P
120403-85255,P,Shaun,Shaun Anderson,Anderson,4.857142857142857,7,5500,LAA@SEA,LAA,SEA,,,,,,P
120403-79116,P,Riley,Riley Pint,Pint,1.75,4,5500,KC@CLE,CLE,KC,IL,Undisclosed,,,0,P
120403-197902,P,Cade,Cade Smith,Smith,6.630769230769231,67,5500,KC@CLE,CLE,KC,,,,,0,P
120403-146706,P,Robert,Robert Dominguez,Dominguez,,0,5500,NYM@PHI,NYM,PHI,,,,,,P
120403-197910,P,Wilmer,Wilmer Flores,Flores,0,1,5500,DET@NYY,DET,NYY,IL,Shoulder,,,,P
120403-187669,P,Ty,Ty Adcock,Adcock,7,3,5500,NYM@PHI,NYM,PHI,,,,,,P
120403-83232,P,Jason,Jason Adam,Adam,6.338461538461538,65,5500,COL@SD,SD,COL,IL,Quadriceps,,,,P
120403-116002,P,Joel,Joel Kuhnel,Kuhnel,5,6,5500,DET@NYY,NYY,DET,,,,,0,P
120403-146721,P,Jeff,Jeff Criswell,Criswell,9.846153846153847,13,5500,COL@SD,COL,SD,IL,Elbow,,,,P
120403-146727,P,Justin,Justin Lange,Lange,,0,5500,DET@NYY,NYY,DET,IL,Undisclosed,,,0,P
120403-85289,P,Nick,Nick Anderson,Anderson,3.6666666666666665,12,5500,LAA@SEA,SEA,LAA,,,,,,P
120403-157997,P,Sean,Sean Guenther,Guenther,4.111111111111111,9,5500,DET@NYY,DET,NYY,IL,Hip,,,,P
120403-193844,P,Evan,Evan Justice,Justice,4,1,5500,COL@SD,COL,SD,,,,,,P
120403-152888,P,Sam,Sam Long,Long,4.382352941176471,34,5500,KC@CLE,KC,CLE,,,,,0,P
120403-185662,P,Sammy,Sammy Peralta,Peralta,13,1,5500,LAA@SEA,LAA,SEA,,,,,,P
120403-154947,P,Justin,Justin Garza,Garza,3.4,5,5500,NYM@PHI,NYM,PHI,,,,,,P
120403-79171,P,Phil,Phil Bickford,Bickford,2.375,8,5500,NYM@PHI,PHI,NYM,,,,,0,P
120403-211265,P,Seth,Seth Halvorsen,Halvorsen,4.175,42,5500,COL@SD,COL,SD,IL,Elbow,,,,P
120403-113986,P,Emmanuel,Emmanuel Clase,Clase,5.458333333333333,48,5500,KC@CLE,CLE,KC,O,Personal,,,0,P
120403-174406,P,Huascar,Huascar Brazoban,Brazoban,5.934782608695652,46,5500,NYM@PHI,NYM,PHI,,,,,,P
120403-79172,P,Luis,Luis Ortiz,Ortiz,-4,3,5500,NYM@PHI,NYM,PHI,IL,Elbow,,,,P
120403-38217,P,Tommy,Tommy Kahnle,Kahnle,4.018518518518518,57,5500,DET@NYY,DET,NYY,,,,,,P
120403-79185,P,Justin,Justin Dunn,Dunn,,0,5500,KC@CLE,KC,CLE,,,,,0,P
120403-79184,P,Thomas,Thomas Szapucki,Szapucki,0,2,5500,DET@NYY,DET,NYY,,,,,,P
120403-21846,P,Chris,Chris Devenski,Devenski,5.916666666666667,12,5500,NYM@PHI,NYM,PHI,,,,,,P
120403-118106,P,Victor,Victor Gonzalez,Gonzalez,3.1481481481481484,27,5500,LAA@SEA,LAA,SEA,,,,,,P
120403-38240,P,Rafael,Rafael Montero,Montero,4.76,51,5500,DET@NYY,DET,NYY,,,,,,P
120403-135525,P,Adam,Adam Seminaris,Seminaris,,0,5500,LAA@SEA,SEA,LAA,,,,,,P
120403-135530,P,Brett,Brett de Geus,de Geus,3,1,5500,NYM@PHI,PHI,NYM,,,,,0,P
120403-38251,P,Hunter,Hunter Strickland,Strickland,4.7368421052631575,19,5500,LAA@SEA,LAA,SEA,IL,Shoulder,,,,P
120403-153961,P,Tayler,Tayler Saucedo,Saucedo,4.3,10,5500,LAA@SEA,SEA,LAA,,,,,,P
120403-79227,P,Adrian,Adrian Morejon,Morejon,6.242424242424242,68,5500,COL@SD,SD,COL,,,,,,P
120403-225671,P,Zach,Zach Agnos,Agnos,2.75,28,5500,COL@SD,COL,SD,IL,Elbow,,,,P
120403-181651,P,Matt,Matt Krook,Krook,4.333333333333333,3,5500,KC@CLE,CLE,KC,,,,,0,P
120403-170384,P,Yerry,Yerry de los Santos,de los Santos,6.333333333333333,25,5500,DET@NYY,NYY,DET,,,,,0,P
120403-79250,P,Junior,Junior Fernandez,Fernandez,,0,5500,NYM@PHI,NYM,PHI,,,,,,P
120403-79258,P,Ryne,Ryne Stanek,Stanek,4.140350877192983,58,5500,NYM@PHI,NYM,PHI,,,,,,P
120403-38303,P,Andrew,Andrew Chafin,Chafin,4.7,42,5500,LAA@SEA,LAA,SEA,,,,,,P
120403-193949,P,Steven,Steven Cruz,Cruz,4.738095238095238,43,5500,KC@CLE,KC,CLE,IL,Shoulder,,,0,P
120403-181664,P,Sean,Sean Reynolds,Reynolds,5.684210526315789,19,5500,COL@SD,SD,COL,,,,,,P
120403-118196,P,Ryan,Ryan Hendrix,Hendrix,,0,5500,KC@CLE,KC,CLE,,,,,0,P
120403-101815,P,Jimmy,Jimmy Herget,Herget,7.215686274509804,51,5500,COL@SD,COL,SD,,,,,,P
120403-101814,P,Sam,Sam Hentges,Hentges,5.12,25,5500,KC@CLE,CLE,KC,IL,Shoulder,,,0,P
120403-169400,P,Parker,Parker Mushinski,Mushinski,1.8,10,5500,KC@CLE,CLE,KC,,,,,0,P
120403-40382,P,Luis,Luis Garcia,Garcia,4.62962962962963,54,5500,LAA@SEA,LAA,SEA,,,,,,P
120403-101825,P,Jose,Jose Quijada,Quijada,6.5,2,5500,LAA@SEA,LAA,SEA,,,,,,P
120403-101826,P,Jordan,Jordan Holloway,Holloway,,0,5500,LAA@SEA,LAA,SEA,,,,,,P
120403-101851,P,Brock,Brock Burke,Burke,4.507692307692308,65,5500,LAA@SEA,LAA,SEA,,,,,,P
120403-182750,P,Andrew,Andrew Painter,Painter,,0,5500,NYM@PHI,PHI,NYM,,,,,0,P
120403-101855,P,Trent,Trent Thornton,Thornton,5.121212121212121,33,5500,LAA@SEA,SEA,LAA,IL,Achilles,,,,P
120403-101854,P,Jacob,Jacob Waguespack,Waguespack,11.25,4,5500,NYM@PHI,PHI,NYM,,,,,0,P
120403-84452,P,Caleb,Caleb Ferguson,Ferguson,4.17741935483871,63,5500,LAA@SEA,SEA,LAA,,,,,,P
120403-95737,P,Ian,Ian Hamilton,Hamilton,5.583333333333333,36,5500,DET@NYY,NYY,DET,,,,,0,P
120403-161273,P,Scott,Scott Effross,Effross,1.8181818181818181,11,5500,DET@NYY,NYY,DET,,,,,0,P
120403-145918,P,Will,Will Vest,Vest,6.315789473684211,57,5500,DET@NYY,DET,NYY,,,,,,P
120403-184829,P,McKinley,McKinley Moore,Moore,0,3,5500,DET@NYY,NYY,DET,,,,,0,P
120403-119298,P,Luis,Luis Frias,Frias,1.8181818181818181,11,5500,KC@CLE,CLE,KC,,,,,0,P
120403-219658,P,Jack,Jack Dashwood,Dashwood,,0,5500,LAA@SEA,LAA,SEA,,,,,,P
120403-95757,P,Andrew,Andrew Vasquez,Vasquez,,0,5500,LAA@SEA,LAA,SEA,,,,,,P
120403-138767,P,Jesus,Jesus Cruz,Cruz,,0,5500,LAA@SEA,LAA,SEA,,,,,,P
120403-101904,P,Jordan,Jordan Romano,Romano,3.4166666666666665,49,5500,NYM@PHI,PHI,NYM,IL,Finger,,,0,P
120403-210448,P,Luis,Luis Peralta,Peralta,2,20,5500,COL@SD,COL,SD,,,,,,P
120403-101911,P,Reed,Reed Garrett,Garrett,5.735849056603773,55,5500,NYM@PHI,NYM,PHI,,,,,,P
120403-119331,P,Daniel,Daniel Espino,Espino,0,3,5500,KC@CLE,CLE,KC,IL,Shoulder,,,0,P
120403-181796,P,Blair,Blair Calvo,Calvo,,0,5500,DET@NYY,DET,NYY,,,,,,P
120403-210475,P,Ryan,Ryan Zeferjahn,Zeferjahn,5.672413793103448,59,5500,LAA@SEA,LAA,SEA,IL,Knee,,,,P
120403-119336,P,Karl,Karl Kauffmann,Kauffmann,0,1,5500,COL@SD,COL,SD,,,,,,P
120403-181803,P,Zak,Zak Kent,Kent,6.285714285714286,7,5500,KC@CLE,CLE,KC,,,,,0,P
120403-119347,P,Jonathan,Jonathan Bowlan,Bowlan,6.814814814814815,27,5500,KC@CLE,KC,CLE,,,,,0,P
120403-219696,P,Eric,Eric Cerantola,Cerantola,,0,5500,KC@CLE,KC,CLE,,,,,0,P
120403-178743,P,Nicholas,Nicholas Padilla,Padilla,,0,5500,NYM@PHI,PHI,NYM,,,,,0,P
120403-181815,P,Brent,Brent Headrick,Headrick,7.9411764705882355,17,5500,DET@NYY,NYY,DET,IL,Forearm,,,0,P
120403-219701,P,Franco,Franco Aleman,Aleman,,0,5500,KC@CLE,CLE,KC,,,,,0,P
120403-219707,P,Jean,Jean Cabrera,Cabrera,,0,5500,NYM@PHI,PHI,NYM,,,,,0,P
120403-181819,P,Tim,Tim Herrin,Herrin,4.130434782608695,47,5500,KC@CLE,CLE,KC,,,,,0,P
120403-181816,P,Casey,Casey Legumina,Legumina,5.159090909090909,45,5500,LAA@SEA,SEA,LAA,,,,,,P
120403-219705,P,Moises,Moises Chace,Chace,,0,5500,NYM@PHI,PHI,NYM,IL,Elbow,,,0,P
120403-119356,P,Oliver,Oliver Ortega,Ortega,0,1,5500,NYM@PHI,NYM,PHI,,,,,,P
120403-119358,P,Antoine,Antoine Kelly,Kelly,0,1,5500,COL@SD,COL,SD,,,,,,P
120403-181826,P,Colby,Colby White,White,0,1,5500,DET@NYY,NYY,DET,,,,,0,P
120403-72265,P,Matt,Matt Strahm,Strahm,5.387096774193548,62,5500,NYM@PHI,PHI,NYM,,,,,0,P
120403-219723,P,Omar,Omar Cruz,Cruz,10,2,5500,COL@SD,SD,COL,,,,,,P
120403-119375,P,Dedniel,Dedniel Nunez,Nunez,5.222222222222222,10,5500,NYM@PHI,NYM,PHI,IL,Elbow,,,,P
120403-175698,P,Hunter,Hunter Gaddis,Gaddis,4.90625,64,5500,KC@CLE,CLE,KC,,,,,0,P
120403-219730,P,Chase,Chase Lee,Lee,6.03125,32,5500,DET@NYY,DET,NYY,,,,,,P
120403-219729,P,Tyler,Tyler Mattison,Mattison,,0,5500,DET@NYY,DET,NYY,,,,,,P
120403-228948,P,Alex,Alex Carrillo,Carrillo,1.6666666666666667,3,5500,NYM@PHI,NYM,PHI,,,,,,P
120403-16989,P,Wilking,Wilking Rodriguez,Rodriguez,,0,5500,DET@NYY,NYY,DET,,,,,0,P
120403-222812,P,Jaden,Jaden Hamm,Hamm,,0,5500,DET@NYY,DET,NYY,,,,,,P
120403-82535,P,Kyle,Kyle Wright,Wright,0,1,5500,KC@CLE,KC,CLE,IL,Oblique,,,0,P
120403-5735,P,David,David Robertson,Robertson,6.571428571428571,14,5500,NYM@PHI,PHI,NYM,,,,,0,P
120403-118381,P,Kyle,Kyle Finnegan,Finnegan,5.384615384615385,52,5500,DET@NYY,DET,NYY,IL,Groin,,,,P
120403-162419,P,Matt,Matt Brash,Brash,5.595744680851064,47,5500,LAA@SEA,SEA,LAA,,,,,,P
120403-156272,P,Reiss,Reiss Knehr,Knehr,0,1,5500,COL@SD,SD,COL,,,,,,P
120403-180848,P,Angel,Angel Felipe,Felipe,0,2,5500,LAA@SEA,LAA,SEA,,,,,,P
120403-226929,P,Bradgley,Bradgley Rodriguez,Rodriguez,8,1,5500,COL@SD,SD,COL,,,,,,P
120403-82546,P,Adbert,Adbert Alzolay,Alzolay,3.888888888888889,18,5500,NYM@PHI,NYM,PHI,IL,Elbow,,,,P
120403-82548,P,Alex,Alex Lange,Lange,6,1,5500,DET@NYY,DET,NYY,,,,,,P
120403-222843,P,Jurrangelo,Jurrangelo Cijntje,Cijntje,,0,5500,LAA@SEA,SEA,LAA,,,,,,P
120403-70271,P,Carlos,Carlos Estevez,Estevez,5.015873015873016,63,5500,KC@CLE,KC,CLE,,,,,0,P
120403-110216,P,Stephen,Stephen Nogosek,Nogosek,,0,5500,KC@CLE,KC,CLE,,,,,0,P
120403-110219,P,Sean,Sean Poppen,Poppen,,0,5500,LAA@SEA,LAA,SEA,,,,,,P
120403-82572,P,Gregory,Gregory Soto,Soto,4.476190476190476,63,5500,NYM@PHI,NYM,PHI,,,,,,P
120403-190092,P,Devin,Devin Sweet,Sweet,,0,5500,NYM@PHI,PHI,NYM,,,,,0,P
120403-165522,P,Tommy,Tommy Mace,Mace,,0,5500,KC@CLE,CLE,KC,,,,,0,P
120403-165521,P,Doug,Doug Nikhazy,Nikhazy,4.5,2,5500,KC@CLE,CLE,KC,,,,,0,P
120403-164500,P,Ryan,Ryan Cusick,Cusick,,0,5500,NYM@PHI,PHI,NYM,,,,,0,P
120403-165531,P,Sam,Sam Weatherly,Weatherly,,0,5500,COL@SD,COL,SD,,,,,,P
120403-82587,P,Richard,Richard Lovelady,Lovelady,2.375,8,5500,NYM@PHI,NYM,PHI,,,,,,P
120403-119451,P,Matt,Matt Cronin,Cronin,,0,5500,LAA@SEA,SEA,LAA,IL,Undisclosed,,,,P
120403-165529,P,Jaden,Jaden Hill,Hill,5.315789473684211,20,5500,COL@SD,COL,SD,,,,,,P
120403-164510,P,Victor,Victor Vodnik,Vodnik,5.545454545454546,45,5500,COL@SD,COL,SD,,,,,,P
120403-203420,P,Austin,Austin Kitchen,Kitchen,0,4,5500,LAA@SEA,SEA,LAA,,,,,,P
120403-222881,P,Ryan,Ryan Johnson,Johnson,4.769230769230769,14,5500,LAA@SEA,LAA,SEA,,,,,,P
120403-169636,P,Beau,Beau Brieske,Brieske,3.272727272727273,22,5500,DET@NYY,DET,NYY,IL,Elbow,,,,P
120403-220842,P,Eiberson,Eiberson Castellano,Castellano,,0,5500,NYM@PHI,PHI,NYM,,,,,0,P
120403-84651,P,Austin,Austin Davis,Davis,2.5714285714285716,7,5500,COL@SD,SD,COL,,,,,,P
120403-163507,P,Alan,Alan Rangel,Rangel,9.6,5,5500,NYM@PHI,PHI,NYM,,,,,0,P
120403-165553,P,Dylan,Dylan Smith,Smith,7.285714285714286,7,5500,DET@NYY,DET,NYY,IL,Shoulder,,,,P
120403-114360,P,Devin,Devin Williams,Williams,5.482758620689655,59,5500,DET@NYY,NYY,DET,,,,,0,P
120403-165566,P,Ben,Ben Kudrna,Kudrna,,0,5500,KC@CLE,KC,CLE,,,,,0,P
120403-165564,P,Frank,Frank Mozzicato,Mozzicato,,0,5500,KC@CLE,KC,CLE,,,,,0,P
120403-165570,P,Ben,Ben Hernandez,Hernandez,,0,5500,LAA@SEA,SEA,LAA,,,,,,P
120403-82628,P,Adonis,Adonis Medina,Medina,,0,5500,NYM@PHI,PHI,NYM,,,,,0,P
120403-165572,P,Noah,Noah Murdock,Murdock,3.4615384615384617,14,5500,KC@CLE,KC,CLE,,,,,0,P
120403-165577,P,Sam,Sam Bachman,Bachman,4.470588235294118,19,5500,LAA@SEA,LAA,SEA,,,,,,P
120403-81615,P,Tim,Tim Mayza,Mayza,5.7,10,5500,NYM@PHI,PHI,NYM,,,,,0,P
120403-82639,P,Ryan,Ryan Helsley,Helsley,4.846153846153846,52,5500,NYM@PHI,NYM,PHI,,,,,,P
120403-165586,P,Mason,Mason Albright,Albright,,0,5500,COL@SD,COL,SD,,,,,,P
120403-228050,P,Nolan,Nolan Hoffman,Hoffman,0,1,5500,NYM@PHI,PHI,NYM,,,,,0,P
120403-198361,P,Carson,Carson Coleman,Coleman,0,1,5500,DET@NYY,NYY,DET,,,,,0,P
120403-228057,P,Jayvien,Jayvien Sandridge,Sandridge,2,1,5500,DET@NYY,NYY,DET,,,,,0,P
120403-112348,P,Cody,Cody Stashak,Stashak,,0,5500,NYM@PHI,PHI,NYM,,,,,0,P
120403-14049,P,Bryan,Bryan Shaw,Shaw,2.4,5,5500,LAA@SEA,SEA,LAA,,,,,,P
120403-181985,P,Guillo,Guillo Zuniga,Zuniga,4.214285714285714,15,5500,LAA@SEA,SEA,LAA,,,,,,P
120403-187110,P,Ben,Ben Joyce,Joyce,2.6,5,5500,LAA@SEA,LAA,SEA,IL,Shoulder,,,,P
120403-81640,P,Yacksel,Yacksel Rios,Rios,,0,5500,NYM@PHI,NYM,PHI,IL,Undisclosed,,,,P
120403-81642,P,A.J.,A.J. Minter,Minter,5.3076923076923075,13,5500,NYM@PHI,NYM,PHI,IL,Lat,,,,P
120403-182006,P,Nic,Nic Enright,Enright,6.444444444444445,27,5500,KC@CLE,CLE,KC,IL,Elbow,,,0,P
120403-84727,P,Drew,Drew Smith,Smith,5.7894736842105265,19,5500,NYM@PHI,NYM,PHI,IL,Elbow,,,,P
120403-165624,P,Dom,Dom Hamel,Hamel,,0,5500,NYM@PHI,NYM,PHI,,,,,,P
120403-165625,P,Calvin,Calvin Ziegler,Ziegler,,0,5500,NYM@PHI,NYM,PHI,IL,Elbow,,,,P
120403-165635,P,Brendan,Brendan Beck,Beck,,0,5500,DET@NYY,NYY,DET,,,,,0,P
120403-228101,P,Jonathan,Jonathan Pintaro,Pintaro,-1,1,5500,NYM@PHI,NYM,PHI,,,,,,P
120403-165637,P,Brock,Brock Selvidge,Selvidge,,0,5500,DET@NYY,NYY,DET,,,,,0,P
120403-165642,P,Mason,Mason Miller,Miller,7.113207547169812,53,5500,COL@SD,SD,COL,,,,,,P
120403-165653,P,Cristian,Cristian Hernandez,Hernandez,,0,5500,DET@NYY,NYY,DET,,,,,0,P
120403-165671,P,Victor,Victor Lizarraga,Lizarraga,,0,5500,COL@SD,SD,COL,,,,,,P
120403-165682,P,Michael,Michael Morales,Morales,,0,5500,LAA@SEA,SEA,LAA,,,,,,P
120403-53043,P,Jesse,Jesse Hahn,Hahn,5,3,5500,LAA@SEA,SEA,LAA,,,,,,P
120403-103218,P,Nick,Nick Margevicius,Margevicius,,0,5500,DET@NYY,DET,NYY,,,,,,P
120403-182065,P,Zach,Zach Greene,Greene,,0,5500,DET@NYY,NYY,DET,,,,,0,P
120403-116548,P,Tyler,Tyler Rogers,Rogers,4.577464788732394,71,5500,NYM@PHI,NYM,PHI,,,,,,P
120403-119622,P,Matt,Matt Allan,Allan,,0,5500,NYM@PHI,NYM,PHI,,,,,,P
120403-84815,P,Joey,Joey Krehbiel,Krehbiel,,0,5500,KC@CLE,KC,CLE,,,,,0,P
120403-70482,P,J.B.,J.B. Wendelken,Wendelken,,0,5500,COL@SD,SD,COL,,,,,,P
120403-213851,P,Domingo,Domingo Gonzalez,Gonzalez,,0,5500,LAA@SEA,SEA,LAA,,,,,,P
120403-163677,P,James,James McArthur,McArthur,4.618181818181818,57,5500,KC@CLE,KC,CLE,IL,Elbow,,,0,P
120403-163687,P,Ron,Ron Marinaccio,Marinaccio,9.5,4,5500,COL@SD,SD,COL,,,,,,P
120403-163688,P,Collin,Collin Snider,Snider,4.791666666666667,24,5500,LAA@SEA,SEA,LAA,,,,,,P
120403-163697,P,Hagen,Hagen Danner,Danner,0,1,5500,LAA@SEA,SEA,LAA,,,,,,P
120403-163702,P,Logan,Logan Gillaspie,Gillaspie,9,3,5500,COL@SD,SD,COL,,,,,,P
120403-163707,P,Freddy,Freddy Pacheco,Pacheco,,0,5500,DET@NYY,DET,NYY,,,,,,P
120403-210813,P,Ryan,Ryan Miller,Miller,4.153846153846154,13,5500,DET@NYY,DET,NYY,,,,,,P
120403-161675,P,Jonathan,Jonathan Heasley,Heasley,-0.5,5,5500,KC@CLE,KC,CLE,,,,,0,P
120403-170889,P,Aneurys,Aneurys Zabala,Zabala,,0,5500,DET@NYY,DET,NYY,,,,,,P
120403-23437,P,Brooks,Brooks Raley,Raley,5.15,20,5500,NYM@PHI,NYM,PHI,,,,,,P
120403-170895,P,Jake,Jake Bird,Bird,6.085106382978723,48,5500,DET@NYY,NYY,DET,,,,,0,P
120403-157600,P,Austin,Austin Warren,Warren,11.6,5,5500,NYM@PHI,NYM,PHI,,,,,,P
120403-68520,P,Michael,Michael Fulmer,Fulmer,5.666666666666667,3,5500,LAA@SEA,SEA,LAA,,,,,,P
120403-52141,P,Lucas,Lucas Sims,Sims,1.5625,18,5500,NYM@PHI,PHI,NYM,,,,,0,P
120403-52143,P,Hunter,Hunter Harvey,Harvey,5.916666666666667,12,5500,KC@CLE,KC,CLE,IL,Groin,,,0,P
120403-102318,P,Ryan,Ryan Rolison,Rolison,3.5555555555555554,27,5500,COL@SD,COL,SD,,,,,,P
120403-52152,P,Robert,Robert Stephenson,Stephenson,4.5,9,5500,LAA@SEA,LAA,SEA,,,,,,P
120403-179129,P,Jeremiah,Jeremiah Estrada,Estrada,6.426470588235294,69,5500,COL@SD,SD,COL,,,,,,P
120403-102332,P,Jackson,Jackson Kowar,Kowar,5.6,15,5500,LAA@SEA,SEA,LAA,IL,Shoulder,,,,P
120403-163782,P,Robert,Robert Suarez,Suarez,5.4603174603174605,63,5500,COL@SD,SD,COL,,,,,,P
120403-68548,P,Edwin,Edwin Diaz,Diaz,7.961538461538462,52,5500,NYM@PHI,NYM,PHI,,,,,,P
120403-210885,P,Erik,Erik Sabrowski,Sabrowski,5.64,25,5500,KC@CLE,CLE,KC,,,,,0,P
120403-68561,P,Luke,Luke Weaver,Weaver,5.732142857142857,56,5500,DET@NYY,NYY,DET,,,,,0,P
120403-193498,P,John,John McMillon,McMillon,9,10,5500,NYM@PHI,PHI,NYM,,,,,0,P
120403-198619,P,Yuki,Yuki Matsui,Matsui,5.018518518518518,56,5500,COL@SD,SD,COL,,,,,,P
120403-52192,P,Luke,Luke Jackson,Jackson,4.3023255813953485,46,5500,LAA@SEA,SEA,LAA,,,,,,P
120403-187367,P,Nick,Nick Robertson,Robertson,7.111111111111111,9,5500,KC@CLE,KC,CLE,,,,,0,P
120403-169957,P,Danny,Danny Young,Young,5.2,10,5500,NYM@PHI,NYM,PHI,IL,Elbow,,,,P
120403-102377,P,Trevor,Trevor Stephan,Stephan,0,3,5500,KC@CLE,CLE,KC,,,,,0,P
120403-79848,P,Paul,Paul Sewald,Sewald,4.555555555555555,18,5500,DET@NYY,DET,NYY,IL,Shoulder,,,,P
120403-79852,P,Lucas,Lucas Erceg,Erceg,5.203389830508475,59,5500,KC@CLE,KC,CLE,,,,,0,P
120403-82924,P,Tim,Tim Hill,Hill,3.890625,65,5500,DET@NYY,NYY,DET,,,,,0,P
120403-198655,P,Woo-Suk,Woo-Suk Go,Go,,0,5500,DET@NYY,DET,NYY,,,,,,P
120403-60643,OF,Aaron,Aaron Judge,Judge,15.266666666666667,135,4700,DET@NYY,NYY,DET,,,,,2,OF/UTIL
120403-102554,C,Cal,Cal Raleigh,Raleigh,13.846153846153847,143,4300,LAA@SEA,SEA,LAA,,,,,,C/1B/UTIL
120403-79282,OF,Juan,Juan Soto,Soto,14.234027438693577,144,4200,NYM@PHI,NYM,PHI,,,,,,OF/UTIL
120403-60631,OF,Kyle,Kyle Schwarber,Schwarber,14.058219178082192,146,4100,NYM@PHI,PHI,NYM,,,,,2,OF/UTIL
120403-102400,OF,Julio,Julio Rodriguez,Rodriguez,12.017241379310345,145,3900,LAA@SEA,SEA,LAA,,,,,,OF/UTIL
120403-38976,3B,Jose,Jose Ramirez,Ramirez,12.6539003629211,141,3800,KC@CLE,CLE,KC,,,,,3,3B/UTIL
120403-65881,SS,Trea,Trea Turner,Turner,12.209286063058036,140,3800,NYM@PHI,PHI,NYM,IL,Hamstring,,,0,SS/UTIL
120403-119349,SS,Bobby,Bobby Witt Jr.,Witt Jr.,12.399295430787852,142,3800,KC@CLE,KC,CLE,,,,,2,SS/UTIL
120403-82527,2B/3B,Jazz,Jazz Chisholm Jr.,Chisholm Jr.,12.29911547635509,113,3700,DET@NYY,NYY,DET,,,,,5,2B/3B/UTIL
120403-12948,1B,Bryce,Bryce Harper,Harper,11.71525444418697,118,3700,NYM@PHI,PHI,NYM,,,,,3,C/1B/UTIL
120403-79393,OF,Fernando,Fernando Tatis Jr.,Tatis Jr.,11.872535383197624,142,3600,COL@SD,SD,COL,,,,,,OF/UTIL
120403-119343,OF,Riley,Riley Greene,Greene,11.304929921324824,142,3600,DET@NYY,DET,NYY,,,,,,OF/UTIL
120403-16952,SS,Francisco,Francisco Lindor,Lindor,12.154861450195312,144,3600,NYM@PHI,NYM,PHI,,,,,,SS/UTIL
120403-12302,OF,Giancarlo,Giancarlo Stanton,Stanton,11.03225806451613,62,3500,DET@NYY,NYY,DET,,,,,4,OF/UTIL
120403-21633,3B,Eugenio,Eugenio Suarez,Suarez,11.825873955146417,143,3500,LAA@SEA,SEA,LAA,,,,,,3B/UTIL
120403-85261,OF,Randy,Randy Arozarena,Arozarena,11.72986094156901,144,3500,LAA@SEA,SEA,LAA,,,,,,OF/UTIL
120403-79223,1B,Josh,Josh Naylor,Naylor,11.169924628465695,133,3500,LAA@SEA,SEA,LAA,,,,,,C/1B/UTIL
120403-13929,3B,Manny,Manny Machado,Machado,10.713698295697775,146,3500,COL@SD,SD,COL,,,,,,3B/UTIL
120403-79159,OF/1B,Cody,Cody Bellinger,Bellinger,11.603703703703705,135,3400,DET@NYY,NYY,DET,,,,,3,C/1B/OF/UTIL
120403-79175,OF,Trent,Trent Grisham,Grisham,10.3515625,128,3400,DET@NYY,NYY,DET,,,,,0,OF/UTIL
120403-82614,1B,Pete,Pete Alonso,Alonso,11.792465418985445,146,3400,NYM@PHI,NYM,PHI,,,,,,C/1B/UTIL
120403-185300,SS,Zach,Zach Neto,Neto,11.640945074126476,127,3400,LAA@SEA,LAA,SEA,,,,,,SS/UTIL
120403-135203,1B,Spencer,Spencer Torkelson,Torkelson,10.202857317243303,140,3300,DET@NYY,DET,NYY,,,,,,C/1B/UTIL
120403-12933,OF,Mike,Mike Trout,Trout,10.350435207201087,115,3300,LAA@SEA,LAA,SEA,,,,,,OF/UTIL
120403-79151,OF,Taylor,Taylor Ward,Ward,10.991549639634684,142,3200,LAA@SEA,LAA,SEA,,,,,,OF/UTIL
120403-165527,OF/C/1B,Hunter,Hunter Goodman,Goodman,10.884495934774709,129,3200,COL@SD,COL,SD,,,,,,C/1B/OF/UTIL
120403-68588,2B,Gleyber,Gleyber Torres,Torres,10.0984619140625,130,3200,DET@NYY,DET,NYY,,,,,,2B/UTIL
120403-203111,C/1B,Ben,Ben Rice,Rice,9.445528852261178,123,3100,DET@NYY,NYY,DET,,,,,7,C/1B/UTIL
120403-82580,OF,Jo,Jo Adell,Adell,10.061314046817975,137,3100,LAA@SEA,LAA,SEA,,,,,,OF/UTIL
120403-83155,OF,Ramon,Ramon Laureano,Laureano,10.597478786436449,119,3000,COL@SD,SD,COL,,,,,,OF/UTIL
120403-21874,2B/3B,Jorge,Jorge Polanco,Polanco,9.533870573966734,124,3000,LAA@SEA,SEA,LAA,,,,,,2B/3B/UTIL
120403-118218,SS/3B/2B/OF,Zach,Zach McKinstry,McKinstry,9.261538461538462,130,3000,DET@NYY,DET,NYY,DTD,Back,,,,2B/3B/SS/OF/UTIL
120403-176691,OF,Kerry,Kerry Carpenter,Carpenter,9.392173700747282,115,3000,DET@NYY,DET,NYY,,,,,,OF/UTIL
120403-165571,1B,Vinnie,Vinnie Pasquantino,Pasquantino,10.172413793103448,145,3000,KC@CLE,KC,CLE,,,,,3,C/1B/UTIL
120403-17097,OF,Brandon,Brandon Nimmo,Nimmo,10.319424636072393,139,3000,NYM@PHI,NYM,PHI,,,,,,OF/UTIL
120403-165666,OF,Jackson,Jackson Merrill,Merrill,9.247000122070313,100,3000,COL@SD,SD,COL,,,,,,OF/UTIL
120403-163689,3B/2B/OF,Maikel,Maikel Garcia,Garcia,10.384827922952587,145,3000,KC@CLE,KC,CLE,,,,,4,2B/3B/OF/UTIL
120403-193598,1B,Nolan,Nolan Schanuel,Schanuel,9.005599609375,125,2900,LAA@SEA,LAA,SEA,IL,Wrist,,,,C/1B/UTIL
120403-61553,3B,Yoan,Yoan Moncada,Moncada,9.008218843642979,73,2900,LAA@SEA,LAA,SEA,,,,,,3B/UTIL
120403-146682,OF,Brenton,Brenton Doyle,Doyle,8.516666472904266,126,2900,COL@SD,COL,SD,,,,,,OF/UTIL
120403-146716,C,Austin,Austin Wells,Wells,8.819468810495023,113,2900,DET@NYY,NYY,DET,,,,,0,C/1B/UTIL
120403-79141,1B/OF,Ryan,Ryan O'Hearn,O'Hearn,8.838759311409884,129,2900,COL@SD,SD,COL,,,,,,C/1B/OF/UTIL
120403-79211,OF,Mickey,Mickey Moniak,Moniak,8.51463454331809,123,2900,COL@SD,COL,SD,,,,,,OF/UTIL
120403-79249,OF,Harrison,Harrison Bader,Bader,8.306923264723558,130,2900,NYM@PHI,PHI,NYM,,,,,1,OF/UTIL
120403-119341,OF,Wenceel,Wenceel Perez,Perez,9.54470573874081,85,2900,DET@NYY,DET,NYY,,,,,,OF/UTIL
120403-119395,OF,Jasson,Jasson Dominguez,Dominguez,8.878260869565217,115,2900,DET@NYY,NYY,DET,,,,,0,OF/UTIL
120403-119396,SS,Anthony,Anthony Volpe,Volpe,8.906383325022164,141,2900,DET@NYY,NYY,DET,DTD,Shoulder,,,0,SS/UTIL
120403-119405,2B/SS,Bryson,Bryson Stott,Stott,9.117424242424242,132,2900,NYM@PHI,PHI,NYM,,,,,0,2B/SS/UTIL
120403-12968,1B,Paul,Paul Goldschmidt,Goldschmidt,8.276743807533915,129,2900,DET@NYY,NYY,DET,,,,,6,C/1B/UTIL
120403-82615,3B,Mark,Mark Vientos,Vientos,8.753773815227005,106,2900,NYM@PHI,NYM,PHI,,,,,,3B/UTIL
120403-163666,OF,Steven,Steven Kwan,Kwan,9.38417283751124,139,2900,KC@CLE,CLE,KC,,,,,1,OF/UTIL
120403-68514,3B,Ryan,Ryan McMahon,McMahon,8.024113648326685,141,2900,DET@NYY,NYY,DET,,,,,9,3B/UTIL
120403-13342,OF,Nick,Nick Castellanos,Castellanos,8.873880414820428,134,2800,NYM@PHI,PHI,NYM,,,,,5,OF/UTIL
120403-135204,C,Dillon,Dillon Dingler,Dingler,8.20619458223866,113,2800,DET@NYY,DET,NYY,,,,,,C/1B/UTIL
120403-37982,SS/2B,Xander,Xander Bogaerts,Bogaerts,9.026717557251908,131,2800,COL@SD,SD,COL,IL,Foot,,,,2B/SS/UTIL
120403-198880,OF,Jordan,Jordan Beck,Beck,9.184962222450658,133,2800,COL@SD,COL,SD,,,,,,OF/UTIL
120403-21875,OF,Max,Max Kepler,Kepler,8.30940181373531,117,2800,NYM@PHI,PHI,NYM,,,,,0,OF/UTIL
120403-82569,1B/OF,Gavin,Gavin Sheets,Sheets,8.770542824915212,129,2800,COL@SD,SD,COL,,,,,,C/1B/OF/UTIL
120403-165557,1B/2B/3B,Colt,Colt Keith,Keith,7.675384521484375,130,2800,DET@NYY,DET,NYY,,,,,,C/1B/2B/3B/UTIL
120403-163674,SS,Ezequiel,Ezequiel Tovar,Tovar,8.687341617632516,79,2800,COL@SD,COL,SD,,,,,,SS/UTIL
120403-189308,1B,Kyle,Kyle Manzardo,Manzardo,9.026400390625,125,2800,KC@CLE,CLE,KC,,,,,4,C/1B/UTIL
120403-13266,C/1B,Salvador,Salvador Perez,Perez,8.843571254185267,140,2800,KC@CLE,KC,CLE,,,,,5,C/1B/UTIL
120403-185303,SS/2B/3B/OF,Jose,Jose Caballero,Caballero,8.190265486725664,113,2800,DET@NYY,NYY,DET,,,,,8,2B/3B/SS/OF/UTIL
120403-79154,OF,Brandon,Brandon Marsh,Marsh,7.272269112723214,119,2700,NYM@PHI,PHI,NYM,,,,,8,OF/UTIL
120403-85307,2B/OF,Jeff,Jeff McNeil,McNeil,8.86448598130841,107,2700,NYM@PHI,NYM,PHI,,,,,,2B/OF/UTIL
120403-101827,1B/2B,Luis,Luis Arraez,Arraez,8.439999825613839,140,2700,COL@SD,SD,COL,,,,,,C/1B/2B/UTIL
120403-118210,1B/2B,Jake,Jake Cronenworth,Cronenworth,8.608333333333333,120,2700,COL@SD,SD,COL,,,,,,C/1B/2B/UTIL
120403-119333,OF/2B,Tyler,Tyler Freeman,Freeman,8.280197898940285,101,2700,COL@SD,COL,SD,,,,,,2B/OF/UTIL
120403-165514,OF/2B,Angel,Angel Martinez,Martinez,6.850806451612903,124,2700,KC@CLE,CLE,KC,,,,,0,2B/OF/UTIL
120403-17139,C,J.T.,J.T. Realmuto,Realmuto,8.595081767097849,122,2700,NYM@PHI,PHI,NYM,,,,,4,C/1B/UTIL
120403-53033,OF,Mike,Mike Yastrzemski,Yastrzemski,8.113636363636363,132,2700,KC@CLE,KC,CLE,,,,,1,OF/UTIL
120403-52179,SS,J.P.,J.P. Crawford,Crawford,8.259859326859596,142,2700,LAA@SEA,SEA,LAA,,,,,,SS/UTIL
120403-102370,3B/1B,Alec,Alec Bohm,Bohm,8.368468688414977,111,2700,NYM@PHI,PHI,NYM,IL,Shoulder,,,0,C/1B/3B/UTIL
120403-189530,OF,Dominic,Dominic Canzone,Canzone,6.908695829087409,69,2600,LAA@SEA,SEA,LAA,,,,,,OF/UTIL
120403-102546,2B/3B/SS,Gabriel,Gabriel Arias,Arias,7.31681405126521,113,2600,KC@CLE,CLE,KC,DTD,Wrist,,,0,2B/3B/SS/UTIL
120403-79153,2B/OF,Jahmai,Jahmai Jones,Jones,6.227118540618379,59,2600,DET@NYY,DET,NYY,,,,,,2B/OF/UTIL
120403-21885,SS/3B/OF,Javier,Javier Baez,Baez,7.673043690557066,115,2600,DET@NYY,DET,NYY,,,,,,3B/SS/OF/UTIL
120403-119376,3B/2B,Brett,Brett Baty,Baty,7.849999896550583,118,2600,NYM@PHI,NYM,PHI,,,,,,2B/3B/UTIL
120403-82536,OF,Cedric,Cedric Mullins,Mullins,9.37295081967213,122,2600,NYM@PHI,NYM,PHI,,,,,,OF/UTIL
120403-202431,2B/3B/SS/OF,Daniel,Daniel Schneemann,Schneemann,7.083760579427083,117,2600,KC@CLE,CLE,KC,,,,,6,2B/3B/SS/OF/UTIL
120403-81622,C,Mitch,Mitch Garver,Garver,6.823077079577324,78,2600,LAA@SEA,SEA,LAA,,,,,,C/1B/UTIL
120403-102308,2B/3B/OF,Jonathan,Jonathan India,India,7.995238289000496,126,2600,KC@CLE,KC,CLE,,,,,7,2B/3B/OF/UTIL
120403-102325,OF,Parker,Parker Meadows,Meadows,7.850000290643601,42,2600,DET@NYY,DET,NYY,,,,,,OF/UTIL
120403-135194,C,Freddy,Freddy Fermin,Fermin,5.555208206176758,96,2500,COL@SD,SD,COL,,,,,,C/1B/UTIL
120403-102475,SS,Brayan,Brayan Rocchio,Rocchio,6.534694126674107,98,2500,KC@CLE,CLE,KC,,,,,7,SS/UTIL
120403-135260,C,Logan,Logan O'Hoppe,O'Hoppe,7.307339449541284,109,2500,LAA@SEA,LAA,SEA,IL,Concussion,,,,C/1B/UTIL
120403-13423,OF,Starling,Starling Marte,Marte,7.5409088134765625,88,2500,NYM@PHI,NYM,PHI,,,,,,OF/UTIL
120403-70898,2B/3B/OF,Adam,Adam Frazier,Frazier,6.667768494156767,121,2500,KC@CLE,KC,CLE,,,,,0,2B/3B/OF/UTIL
120403-197881,OF,Yanquiel,Yanquiel Fernandez,Fernandez,5.171794793544671,39,2500,COL@SD,COL,SD,,,,,,OF/UTIL
120403-146690,3B/2B/OF,Nick,Nick Loftin,Loftin,5.475757483280066,66,2500,KC@CLE,KC,CLE,,,,,0,2B/3B/OF/UTIL
120403-79247,3B/SS/2B/OF,Edmundo,Edmundo Sosa,Sosa,6.333735086831702,83,2500,NYM@PHI,PHI,NYM,,,,,7,2B/3B/SS/OF/UTIL
120403-101817,2B/3B/SS,Luis,Luis Rengifo,Rengifo,6.979259349681713,135,2500,LAA@SEA,LAA,SEA,,,,,,2B/3B/SS/UTIL
120403-222844,SS/2B,Cole,Cole Young,Young,6.316666497124566,72,2500,LAA@SEA,SEA,LAA,,,,,,2B/SS/UTIL
120403-82596,C,Jake,Jake Rogers,Rogers,6.2066663953993055,45,2500,DET@NYY,DET,NYY,,,,,,C/1B/UTIL
120403-165633,SS,Trey,Trey Sweeney,Sweeney,5.398113322707842,106,2500,DET@NYY,DET,NYY,,,,,,SS/UTIL
120403-232219,3B,Kyle,Kyle Karros,Karros,6.851724032698007,29,2500,COL@SD,COL,SD,,,,,,3B/UTIL
120403-102315,C,Bo,Bo Naylor,Naylor,6.325454434481534,110,2500,KC@CLE,CLE,KC,,,,,8,C/1B/UTIL
120403-102363,OF/1B,Luke,Luke Raley,Raley,5.930769230769231,65,2500,LAA@SEA,SEA,LAA,,,,,,C/1B/OF/UTIL
120403-102365,C,Francisco,Francisco Alvarez,Alvarez,7.86774173859627,62,2500,NYM@PHI,NYM,PHI,,,,,,C/1B/UTIL
120403-68589,2B/3B/OF,Amed,Amed Rosario,Rosario,6.539654961947737,58,2500,DET@NYY,NYY,DET,,,,,0,2B/3B/OF/UTIL
120403-79896,C,Luis,Luis Torrens,Torrens,5.489772796630859,88,2400,NYM@PHI,NYM,PHI,IL,Forearm,,,,C/1B/UTIL
120403-38973,OF,Tyrone,Tyrone Taylor,Taylor,5.6522933539994265,109,2400,NYM@PHI,NYM,PHI,IL,Hamstring,,,,OF/UTIL
120403-79122,OF,Nolan,Nolan Jones,Jones,5.547656059265137,128,2400,KC@CLE,CLE,KC,,,,,5,OF/UTIL
120403-185632,C/1B/OF,David,David Fry,Fry,5.079999796549479,60,2400,KC@CLE,CLE,KC,,,,,0,C/1B/OF/UTIL
120403-119337,1B/OF,Michael,Michael Toglia,Toglia,6.947727550159801,88,2400,COL@SD,COL,SD,,,,,,C/1B/OF/UTIL
120403-23107,OF,Jorge,Jorge Soler,Soler,7.709756246427211,82,2400,LAA@SEA,LAA,SEA,IL,Back,,,,OF/UTIL
120403-222806,1B/OF,Jac,Jac Caglianone,Caglianone,5.612499872843425,48,2400,KC@CLE,KC,CLE,,,,,6,C/1B/OF/UTIL
120403-80485,OF,Austin,Austin Slater,Slater,5.428571428571429,56,2400,DET@NYY,NYY,DET,,,,,1,OF/UTIL
120403-38561,OF/3B/2B,Chris,Chris Taylor,Taylor,4.36,50,2400,LAA@SEA,LAA,SEA,,,,,,2B/3B/OF/UTIL
120403-13099,C,Travis,Travis d'Arnaud,d'Arnaud,5.804411944221048,68,2400,LAA@SEA,LAA,SEA,,,,,,C/1B/UTIL
120403-154422,OF/3B,Matt,Matt Vierling,Vierling,5.8290321596207155,31,2400,DET@NYY,DET,NYY,IL,Oblique,,,,3B/OF/UTIL
120403-68563,OF,Victor,Victor Robles,Robles,7.784210205078125,19,2400,LAA@SEA,SEA,LAA,,,,,,OF/UTIL
120403-209179,1B/2B/3B,Will,Will Wagner,Wagner,4.686000061035156,50,2300,COL@SD,SD,COL,,,,,,C/1B/2B/3B/UTIL
120403-79267,2B/3B,Andy,Andy Ibanez,Ibanez,4.856579027677837,76,2300,DET@NYY,DET,NYY,,,,,,2B/3B/UTIL
120403-101844,OF,Lane,Lane Thomas,Thomas,6.1923076923076925,39,2300,KC@CLE,CLE,KC,IL,Foot,,,0,OF/UTIL
120403-181797,3B,Warming,Warming Bernabel,Bernabel,7.891891891891892,37,2300,COL@SD,COL,SD,IL,Concussion,,,,3B/UTIL
120403-222798,OF/1B,C.J.,C.J. Kayfus,Kayfus,7.325806648500504,31,2300,KC@CLE,CLE,KC,,,,,9,C/1B/OF/UTIL
120403-13909,OF,Randal,Randal Grichuk,Grichuk,5.385148756574877,101,2300,KC@CLE,KC,CLE,,,,,0,OF/UTIL
120403-12919,SS/2B/3B/OF,Jose,Jose Iglesias,Iglesias,5.126923194298377,104,2300,COL@SD,SD,COL,DTD,Hand,,,,2B/3B/SS/OF/UTIL
120403-223870,C,Braxton,Braxton Fulford,Fulford,6.009091001568419,33,2300,COL@SD,COL,SD,,,,,,C/1B/UTIL
120403-165579,C,Carter,Carter Jensen,Jensen,5,5,2300,KC@CLE,KC,CLE,,,,,0,C/1B/UTIL
120403-211757,OF,Bryce,Bryce Teodosio,Teodosio,5.428571428571429,35,2300,LAA@SEA,LAA,SEA,,,,,,OF/UTIL
120403-38872,OF,Jesse,Jesse Winker,Winker,6.830769465519832,26,2300,NYM@PHI,NYM,PHI,IL,Back,,,,OF/UTIL
120403-102367,2B/3B/SS,Ronny,Ronny Mauricio,Mauricio,6.2145452325994315,55,2300,NYM@PHI,NYM,PHI,,,,,,2B/3B/SS/UTIL
120403-54307,C,Elias,Elias Diaz,Diaz,5.047474870778093,99,2200,COL@SD,SD,COL,,,,,,C/1B/UTIL
120403-102485,OF,Kyle,Kyle Isbel,Isbel,5.545038354305821,131,2200,KC@CLE,KC,CLE,,,,,8,OF/UTIL
120403-38004,C,Austin,Austin Hedges,Hedges,3.725396776956225,63,2200,KC@CLE,CLE,KC,,,,,0,C/1B/UTIL
120403-192649,OF/1B,Weston,Weston Wilson,Wilson,4.523255813953488,43,2200,NYM@PHI,PHI,NYM,,,,,9,C/1B/OF/UTIL
120403-145611,SS/2B/3B,Oswald,Oswald Peraza,Peraza,4.056842041015625,95,2200,LAA@SEA,LAA,SEA,,,,,,2B/3B/SS/UTIL
120403-198875,OF,Chase,Chase DeLauter,DeLauter,,0,2200,KC@CLE,CLE,KC,IL,Wrist,,,0,OF/UTIL
120403-21890,SS/1B/3B/2B,Orlando,Orlando Arcia,Arcia,3.984285627092634,70,2200,COL@SD,COL,SD,,,,,,C/1B/2B/3B/SS/UTIL
120403-173548,2B/OF,Michael,Michael Massey,Massey,4.5855071579200635,69,2200,KC@CLE,KC,CLE,,,,,0,2B/OF/UTIL
120403-175654,OF,Bryce,Bryce Johnson,Johnson,3.153191424430685,47,2200,COL@SD,SD,COL,,,,,,OF/UTIL
120403-81511,2B/3B/SS/1B,Kyle,Kyle Farmer,Farmer,5.620651908542799,92,2200,COL@SD,COL,SD,,,,,,C/1B/2B/3B/SS/UTIL
120403-82553,OF,Jose,Jose Siri,Siri,4.891666730244954,12,2200,NYM@PHI,NYM,PHI,,,,,,OF/UTIL
120403-226967,SS,Ryan,Ryan Ritter,Ritter,7.077083587646484,48,2200,COL@SD,COL,SD,DTD,Undisclosed,,,,SS/UTIL
120403-165672,C,Harry,Harry Ford,Ford,2.066666603088379,3,2200,LAA@SEA,SEA,LAA,,,,,,C/1B/UTIL
120403-119629,SS/2B/3B,Luisangel,Luisangel Acuna,Acuna,4.448235365923713,85,2200,NYM@PHI,NYM,PHI,,,,,,2B/3B/SS/UTIL
120403-163667,OF/1B,Jhonkensy,Jhonkensy Noel,Noel,3.1964285714285716,56,2200,KC@CLE,CLE,KC,,,,,0,C/1B/OF/UTIL
120403-102349,SS/2B,Leo,Leo Rivas,Rivas,6.444736681486431,38,2200,LAA@SEA,SEA,LAA,,,,,,2B/SS/UTIL
120403-79128,C,Garrett,Garrett Stubbs,Stubbs,1.600000023841858,2,2100,NYM@PHI,PHI,NYM,,,,,0,C/1B/UTIL
120403-119313,OF,Matthew,Matthew Lugo,Lugo,5.268965622474408,29,2100,LAA@SEA,LAA,SEA,,,,,,OF/UTIL
120403-119394,SS,Logan,Logan Davidson,Davidson,2.671428680419922,14,2100,LAA@SEA,LAA,SEA,,,,,,SS/UTIL
120403-119401,C,Rafael,Rafael Marchan,Marchan,4.045945863466005,37,2100,NYM@PHI,PHI,NYM,,,,,0,C/1B/UTIL
120403-222886,C,Hayden,Hayden Senger,Senger,3.0193547894877772,31,2100,NYM@PHI,NYM,PHI,,,,,,C/1B/UTIL
120403-222902,2B/OF,Tyler,Tyler Tolbert,Tolbert,4.2803922167011335,51,2100,KC@CLE,KC,CLE,,,,,0,2B/OF/UTIL
120403-52995,C,Luke,Luke Maile,Maile,4.0150001525878904,20,2100,KC@CLE,KC,CLE,,,,,9,C/1B/UTIL
120403-224021,3B/1B/OF,Otto,Otto Kemp,Kemp,7.434693628427934,49,2100,NYM@PHI,PHI,NYM,,,,,6,C/1B/3B/OF/UTIL
120403-102313,OF,George,George Valera,Valera,4.149999936421712,6,2100,KC@CLE,CLE,KC,,,,,2,OF/UTIL
120403-81924,2B/OF,Niko,Niko Goodrum,Goodrum,2.3384615091177134,13,2000,NYM@PHI,NYM,PHI,,,,,,2B/OF/UTIL
120403-97291,2B,Harold,Harold Castro,Castro,,0,2000,KC@CLE,KC,CLE,,,,,0,2B/UTIL
120403-135195,C,Sebastian,Sebastian Rivero,Rivero,11.533332824707031,3,2000,LAA@SEA,LAA,SEA,,,,,,C/1B/UTIL
120403-102427,3B,Jordan,Jordan Groshans,Groshans,,0,2000,KC@CLE,KC,CLE,,,,,0,3B/UTIL
120403-102451,OF,Brennen,Brennen Davis,Davis,0,2,2000,DET@NYY,NYY,DET,,,,,0,OF/UTIL
120403-135227,2B,Jose,Jose Rojas,Rojas,,0,2000,DET@NYY,NYY,DET,,,,,0,2B/UTIL
120403-223299,3B,Ben,Ben Williamson,Williamson,6.172941320082721,85,2000,LAA@SEA,SEA,LAA,,,,,,3B/UTIL
120403-135239,2B/SS/3B,Rodolfo,Rodolfo Castro,Castro,0,2,2000,NYM@PHI,PHI,NYM,,,,,0,2B/3B/SS/UTIL
120403-135263,C,Brian,Brian O'Keefe,O'Keefe,,0,2000,KC@CLE,KC,CLE,,,,,0,C/1B/UTIL
120403-135267,2B,Kaden,Kaden Polcovich,Polcovich,,0,2000,LAA@SEA,SEA,LAA,,,,,,2B/UTIL
120403-135265,1B,Austin,Austin Shenton,Shenton,4.7549999237060545,20,2000,LAA@SEA,SEA,LAA,,,,,,C/1B/UTIL
120403-82021,C,Tomas,Tomas Nido,Nido,5.345454476096413,11,2000,DET@NYY,DET,NYY,,,,,,C/1B/UTIL
120403-212070,OF,Gustavo,Gustavo Campero,Campero,5.885714394705636,28,2000,LAA@SEA,LAA,SEA,IL,Ankle,,,,OF/UTIL
120403-157797,OF,Bryan,Bryan De La Cruz,De La Cruz,3.012500047683716,16,2000,DET@NYY,NYY,DET,,,,,0,OF/UTIL
120403-171112,OF,Sean,Sean Bouchard,Bouchard,3.809375047683716,32,2000,COL@SD,COL,SD,,,,,,OF/UTIL
120403-102519,3B,Andrew,Andrew Bechtold,Bechtold,,0,2000,NYM@PHI,PHI,NYM,,,,,0,3B/UTIL
120403-102521,C,Josh,Josh Breaux,Breaux,,0,2000,NYM@PHI,PHI,NYM,,,,,0,C/1B/UTIL
120403-197753,OF,Johnathan,Johnathan Rodriguez,Rodriguez,3.892857142857143,28,2000,KC@CLE,CLE,KC,,,,,0,OF/UTIL
120403-197764,C,Blake,Blake Hunt,Hunt,0,1,2000,LAA@SEA,SEA,LAA,,,,,,C/1B/UTIL
120403-102550,C,Luis,Luis Campusano,Campusano,1.8,10,2000,COL@SD,SD,COL,,,,,,C/1B/UTIL
120403-172216,3B/1B,David,David Villar,Villar,5.144444359673394,9,2000,NYM@PHI,NYM,PHI,,,,,,C/1B/3B/UTIL
120403-102588,OF,Brewer,Brewer Hicklen,Hicklen,21.399999618530273,1,2000,NYM@PHI,PHI,NYM,,,,,0,OF/UTIL
120403-83143,OF,Oscar,Oscar Mercado,Mercado,0,1,2000,NYM@PHI,PHI,NYM,,,,,0,OF/UTIL
120403-198884,OF,Max,Max Clark,Clark,,0,2000,DET@NYY,DET,NYY,,,,,,OF/UTIL
120403-109803,C,Austin,Austin Nola,Nola,2.6600001017252604,15,2000,COL@SD,COL,SD,,,,,,C/1B/UTIL
120403-60652,2B,Christian,Christian Arroyo,Arroyo,,0,2000,NYM@PHI,PHI,NYM,,,,,0,2B/UTIL
120403-198898,SS,Jett,Jett Williams,Williams,,0,2000,NYM@PHI,NYM,PHI,,,,,,SS/UTIL
120403-198902,OF,Ryan,Ryan Clifford,Clifford,,0,2000,NYM@PHI,NYM,PHI,,,,,,OF/UTIL
120403-198900,OF,Spencer,Spencer Jones,Jones,,0,2000,DET@NYY,NYY,DET,,,,,0,OF/UTIL
120403-146680,C,Drew,Drew Romo,Romo,0,2,2000,COL@SD,COL,SD,,,,,,C/1B/UTIL
120403-146681,OF,Zac,Zac Veen,Veen,4.100000063578288,12,2000,COL@SD,COL,SD,,,,,,OF/UTIL
120403-146685,OF,Daniel,Daniel Cabrera,Cabrera,,0,2000,DET@NYY,DET,NYY,,,,,,OF/UTIL
120403-85249,1B/3B/OF,Bobby,Bobby Dalbec,Dalbec,4.842857360839844,7,2000,KC@CLE,KC,CLE,,,,,0,C/1B/3B/OF/UTIL
120403-198914,SS,Roderick,Roderick Arias,Arias,,0,2000,DET@NYY,NYY,DET,,,,,0,SS/UTIL
120403-116994,SS,Donovan,Donovan Walton,Walton,3.5,1,2000,NYM@PHI,PHI,NYM,,,,,0,SS/UTIL
120403-146694,SS,Arol,Arol Vera,Vera,,0,2000,LAA@SEA,LAA,SEA,,,,,,SS/UTIL
120403-197895,OF,Tyler,Tyler Gentry,Gentry,0,4,2000,KC@CLE,KC,CLE,,,,,0,OF/UTIL
120403-198918,C,Ethan,Ethan Salas,Salas,,0,2000,COL@SD,SD,COL,IL,Back,,,,C/1B/UTIL
120403-146692,OF,David,David Calabrese,Calabrese,,0,2000,LAA@SEA,LAA,SEA,,,,,,OF/UTIL
120403-146693,OF,Alexander,Alexander Ramirez,Ramirez,,0,2000,LAA@SEA,LAA,SEA,,,,,,OF/UTIL
120403-198931,SS,Felnin,Felnin Celesten,Celesten,,0,2000,LAA@SEA,SEA,LAA,,,,,,SS/UTIL
120403-85268,1B,Joey,Joey Meneses,Meneses,7.273684049907484,76,2000,NYM@PHI,NYM,PHI,IL,Undisclosed,,,,C/1B/UTIL
120403-79130,OF,Jose,Jose Azocar,Azocar,3.3214285714285716,14,2000,NYM@PHI,NYM,PHI,,,,,,OF/UTIL
120403-85277,2B/OF/1B/3B,Cavan,Cavan Biggio,Biggio,3.573684290835732,38,2000,LAA@SEA,LAA,SEA,,,,,,C/1B/2B/3B/OF/UTIL
120403-146726,OF,Josh,Josh Mears,Mears,,0,2000,COL@SD,SD,COL,,,,,,OF/UTIL
120403-79174,C,Jacob,Jacob Nottingham,Nottingham,,0,2000,LAA@SEA,SEA,LAA,,,,,,C/1B/UTIL
120403-82251,OF,Tim,Tim Locastro,Locastro,0,1,2000,COL@SD,SD,COL,,,,,,OF/UTIL
120403-79178,2B,Isan,Isan Diaz,Diaz,,0,2000,KC@CLE,KC,CLE,,,,,0,2B/UTIL
120403-170321,C,Brian,Brian Serven,Serven,3.196551618904903,29,2000,DET@NYY,DET,NYY,,,,,,C/1B/UTIL
120403-79189,2B,Travis,Travis Blankenhorn,Blankenhorn,2.9928572518484935,14,2000,LAA@SEA,LAA,SEA,,,,,,2B/UTIL
120403-197974,3B,Jace,Jace Jung,Jung,4.172222137451172,18,2000,DET@NYY,DET,NYY,,,,,,3B/UTIL
120403-79213,SS/2B,Scott,Scott Kingery,Kingery,2.033333248562283,18,2000,LAA@SEA,LAA,SEA,,,,,,2B/SS/UTIL
120403-170350,OF,Dairon,Dairon Blanco,Blanco,3.7666668362087674,9,2000,KC@CLE,KC,CLE,,,,,0,OF/UTIL
120403-228716,SS,Chad,Chad Stevens,Stevens,1.8399999618530274,5,2000,LAA@SEA,LAA,SEA,,,,,,SS/UTIL
120403-79218,SS/2B/3B,Kevin,Kevin Newman,Newman,3.1947369491844846,57,2000,DET@NYY,DET,NYY,,,,,,2B/3B/SS/UTIL
120403-226686,OF,Rhylan,Rhylan Thomas,Thomas,7.466666539510091,3,2000,LAA@SEA,SEA,LAA,,,,,,OF/UTIL
120403-38293,OF,Tyler,Tyler Naquin,Naquin,,0,2000,KC@CLE,CLE,KC,,,,,0,OF/UTIL
120403-193947,SS,Mason,Mason McCoy,McCoy,2.4899999618530275,10,2000,COL@SD,SD,COL,,,,,,SS/UTIL
120403-79263,OF,Leody,Leody Taveras,Taveras,5.622413898336476,58,2000,LAA@SEA,SEA,LAA,,,,,,OF/UTIL
120403-180644,2B,Nate,Nate Mondou,Mondou,0,1,2000,COL@SD,SD,COL,,,,,,2B/UTIL
120403-101811,OF,Sam,Sam Hilliard,Hilliard,7.055000305175781,20,2000,COL@SD,COL,SD,,,,,,OF/UTIL
120403-180694,OF,Cade,Cade Marlowe,Marlowe,1.355555534362793,9,2000,LAA@SEA,SEA,LAA,,,,,,OF/UTIL
120403-171482,1B,Bligh,Bligh Madris,Madris,6.338095528738839,21,2000,DET@NYY,DET,NYY,,,,,,C/1B/UTIL
120403-135646,C,Carson,Carson Taylor,Taylor,,0,2000,NYM@PHI,PHI,NYM,IL,Undisclosed,,,0,C/1B/UTIL
120403-226808,1B,Blaine,Blaine Crim,Crim,1.8399999618530274,5,2000,COL@SD,COL,SD,,,,,,C/1B/UTIL
120403-119304,SS/2B,Braden,Braden Shewmake,Shewmake,3.406896656957166,29,2000,DET@NYY,NYY,DET,,,,,0,2B/SS/UTIL
120403-71182,3B/1B,Jeimer,Jeimer Candelario,Candelario,5.572727203369141,22,2000,DET@NYY,NYY,DET,,,,,0,C/1B/3B/UTIL
120403-202259,1B/OF,Trenton,Trenton Brooks,Brooks,2.48,25,2000,COL@SD,SD,COL,,,,,,C/1B/OF/UTIL
120403-79387,3B,Jake,Jake Gatewood,Gatewood,,0,2000,DET@NYY,NYY,DET,,,,,0,3B/UTIL
120403-181790,OF,Diego,Diego Hernandez,Hernandez,,0,2000,KC@CLE,KC,CLE,,,,,0,OF/UTIL
120403-95772,C,Beau,Beau Taylor,Taylor,,0,2000,LAA@SEA,SEA,LAA,,,,,,C/1B/UTIL
120403-119332,SS,Yordys,Yordys Valdes,Valdes,,0,2000,KC@CLE,CLE,KC,,,,,0,SS/UTIL
120403-119335,3B/2B/SS,Aaron,Aaron Schunk,Schunk,1.4235294566434973,17,2000,COL@SD,COL,SD,,,,,,2B/3B/SS/UTIL
120403-158244,3B/2B,Yonny,Yonny Hernandez,Hernandez,,0,2000,NYM@PHI,NYM,PHI,,,,,,2B/3B/UTIL
120403-16951,3B,Anthony,Anthony Rendon,Rendon,7.038596705386513,57,2000,LAA@SEA,LAA,SEA,IL,Hip,,,,3B/UTIL
120403-181818,2B,Juan,Juan Brito,Brito,0,3,2000,KC@CLE,CLE,KC,IL,Hamstring,,,0,2B/UTIL
120403-119354,SS/2B/OF,Kyren,Kyren Paris,Paris,7.443181818181818,44,2000,LAA@SEA,LAA,SEA,IL,Undisclosed,,,,2B/SS/OF/UTIL
120403-222795,SS,George,George Lombard Jr.,Lombard Jr.,,0,2000,DET@NYY,NYY,DET,,,,,0,SS/UTIL
120403-207434,3B,Luis,Luis De Los Santos,De Los Santos,2.8384616558368387,13,2000,NYM@PHI,NYM,PHI,,,,,,3B/UTIL
120403-222793,OF,Robert,Robert Calaz,Calaz,,0,2000,COL@SD,COL,SD,,,,,,OF/UTIL
120403-222792,OF,Charlie,Charlie Condon,Condon,,0,2000,COL@SD,COL,SD,,,,,,OF/UTIL
120403-222799,C,Cooper,Cooper Ingle,Ingle,,0,2000,KC@CLE,CLE,KC,,,,,0,C/1B/UTIL
120403-222797,2B,Travis,Travis Bazzana,Bazzana,,0,2000,KC@CLE,CLE,KC,,,,,0,2B/UTIL
120403-222796,SS,Angel,Angel Genao,Genao,,0,2000,KC@CLE,CLE,KC,,,,,0,SS/UTIL
120403-222801,OF,Jaison,Jaison Chourio,Chourio,,0,2000,KC@CLE,CLE,KC,,,,,0,OF/UTIL
120403-222800,1B,Ralphy,Ralphy Velazquez,Velazquez,,0,2000,KC@CLE,CLE,KC,,,,,0,C/1B/UTIL
120403-222805,C,Blake,Blake Mitchell,Mitchell,,0,2000,KC@CLE,KC,CLE,,,,,0,C/1B/UTIL
120403-222811,SS,Bryce,Bryce Rainer,Rainer,,0,2000,DET@NYY,DET,NYY,IL,Shoulder,,,,SS/UTIL
120403-222810,SS,Kevin,Kevin McGonigle,McGonigle,,0,2000,DET@NYY,DET,NYY,,,,,,SS/UTIL
120403-222809,C,Josue,Josue Briceno,Briceno,,0,2000,DET@NYY,DET,NYY,,,,,,C/1B/UTIL
120403-179801,1B/OF,Jared,Jared Young,Young,4.954545454545454,22,2000,NYM@PHI,NYM,PHI,,,,,,C/1B/OF/UTIL
120403-222808,C,Thayron,Thayron Liranzo,Liranzo,,0,2000,DET@NYY,DET,NYY,,,,,,C/1B/UTIL
120403-226912,OF,John,John Rave,Rave,5.157142760261657,63,2000,KC@CLE,KC,CLE,,,,,0,OF/UTIL
120403-222821,OF,Carson,Carson Benge,Benge,,0,2000,NYM@PHI,NYM,PHI,,,,,,OF/UTIL
120403-119402,C,Rodolfo,Rodolfo Duran,Duran,,0,2000,COL@SD,SD,COL,,,,,,C/1B/UTIL
120403-222839,SS,Colt,Colt Emerson,Emerson,,0,2000,LAA@SEA,SEA,LAA,,,,,,SS/UTIL
120403-119412,2B/3B/1B,Owen,Owen Miller,Miller,2.7222222222222223,9,2000,COL@SD,COL,SD,,,,,,C/1B/2B/3B/UTIL
120403-222842,2B,Michael,Michael Arroyo,Arroyo,,0,2000,LAA@SEA,SEA,LAA,,,,,,2B/UTIL
120403-222841,OF,Lazaro,Lazaro Montes,Montes,,0,2000,LAA@SEA,SEA,LAA,,,,,,OF/UTIL
120403-222840,OF,Jonny,Jonny Farmelo,Farmelo,,0,2000,LAA@SEA,SEA,LAA,,,,,,OF/UTIL
120403-222847,OF,Justin,Justin Crawford,Crawford,,0,2000,NYM@PHI,PHI,NYM,,,,,0,OF/UTIL
120403-119424,C,Julio E.,Julio E. Rodriguez,Rodriguez,,0,2000,KC@CLE,KC,CLE,,,,,0,C/1B/UTIL
120403-222848,SS,Aidan,Aidan Miller,Miller,,0,2000,NYM@PHI,PHI,NYM,,,,,0,SS/UTIL
120403-119428,2B/3B,Will,Will Wilson,Wilson,3.6000000448787914,34,2000,KC@CLE,CLE,KC,,,,,0,2B/3B/UTIL
120403-119434,OF,Moises,Moises Gomez,Gomez,,0,2000,COL@SD,SD,COL,,,,,,OF/UTIL
120403-165519,OF,Petey,Petey Halpin,Halpin,,0,2000,KC@CLE,CLE,KC,,,,,0,OF/UTIL
120403-222860,2B,Christian,Christian Moore,Moore,6.3025641808143025,39,2000,LAA@SEA,LAA,SEA,,,,,,2B/UTIL
120403-164498,2B,Ryan,Ryan Bliss,Bliss,6.427272449840199,11,2000,LAA@SEA,SEA,LAA,IL,Knee,,,,2B/UTIL
120403-165526,OF,Benny,Benny Montgomery,Montgomery,,0,2000,COL@SD,COL,SD,,,,,,OF/UTIL
120403-165530,SS/2B,Adael,Adael Amador,Amador,4.428571428571429,42,2000,COL@SD,COL,SD,,,,,,2B/SS/UTIL
120403-203417,C,Nick,Nick Raposo,Raposo,,0,2000,LAA@SEA,SEA,LAA,,,,,,C/1B/UTIL
120403-82586,OF,MJ,MJ Melendez,Melendez,2.8043478260869565,23,2000,KC@CLE,KC,CLE,,,,,0,OF/UTIL
120403-82589,OF/1B,Nick,Nick Pratto,Pratto,0,2,2000,KC@CLE,KC,CLE,,,,,0,C/1B/OF/UTIL
120403-165532,3B,Julio,Julio Carreras,Carreras,0,1,2000,COL@SD,COL,SD,,,,,,3B/UTIL
120403-165539,SS,Jose,Jose Rodriguez,Rodriguez,0,2,2000,NYM@PHI,PHI,NYM,,,,,0,SS/UTIL
120403-164519,3B,Alex,Alex Binelas,Binelas,,0,2000,NYM@PHI,PHI,NYM,,,,,0,3B/UTIL
120403-21161,2B,Yolmer,Yolmer Sanchez,Sanchez,,0,2000,LAA@SEA,LAA,SEA,,,,,,2B/UTIL
120403-82605,2B/1B,Keston,Keston Hiura,Hiura,4.637499809265137,8,2000,COL@SD,COL,SD,,,,,,C/1B/2B/UTIL
120403-165548,SS,Cristian,Cristian Santana,Santana,,0,2000,DET@NYY,DET,NYY,,,,,,SS/UTIL
120403-165549,OF,Roberto,Roberto Campos,Campos,,0,2000,DET@NYY,DET,NYY,,,,,,OF/UTIL
120403-165554,SS,Trei,Trei Cruz,Cruz,,0,2000,DET@NYY,DET,NYY,,,,,,SS/UTIL
120403-165555,SS,Abel,Abel Bastidas,Bastidas,,0,2000,DET@NYY,DET,NYY,,,,,,SS/UTIL
120403-82611,OF,Akil,Akil Baddoo,Baddoo,3.0714285714285716,7,2000,DET@NYY,DET,NYY,,,,,,OF/UTIL
120403-165552,3B,Izaac,Izaac Pacheco,Pacheco,,0,2000,DET@NYY,DET,NYY,,,,,,3B/UTIL
120403-220848,SS,Christian,Christian Cairo,Cairo,,0,2000,KC@CLE,CLE,KC,,,,,0,SS/UTIL
120403-21172,1B/2B/3B,Brandon,Brandon Drury,Drury,4.8051547020981,97,2000,LAA@SEA,LAA,SEA,,,,,,C/1B/2B/3B/UTIL
120403-82613,2B,Thairo,Thairo Estrada,Estrada,8.187179174178686,39,2000,COL@SD,COL,SD,IL,Hamstring,,,,2B/UTIL
120403-163510,SS/2B,Diego A.,Diego A. Castillo,Castillo,7.900000095367432,4,2000,KC@CLE,KC,CLE,,,,,0,2B/SS/UTIL
120403-165556,3B,Gage,Gage Workman,Workman,2.3333333333333335,12,2000,DET@NYY,DET,NYY,,,,,,3B/UTIL
120403-165565,2B,Peyton,Peyton Wilson,Wilson,,0,2000,KC@CLE,KC,CLE,,,,,0,2B/UTIL
120403-165574,SS,Daniel,Daniel Vazquez,Vazquez,,0,2000,KC@CLE,KC,CLE,,,,,0,SS/UTIL
120403-165575,SS,Denzer,Denzer Guzman,Guzman,,0,2000,LAA@SEA,LAA,SEA,,,,,,SS/UTIL
120403-165576,SS,Adrian,Adrian Placencia,Placencia,,0,2000,LAA@SEA,LAA,SEA,,,,,,SS/UTIL
120403-82637,1B,Evan,Evan White,White,0,2,2000,LAA@SEA,LAA,SEA,IL,Hip,,,,C/1B/UTIL
120403-103125,2B/SS/OF,Jack,Jack Lopez,Lopez,3.8551725190261315,29,2000,LAA@SEA,SEA,LAA,,,,,,2B/SS/OF/UTIL
120403-165597,SS,Kahlil,Kahlil Watson,Watson,,0,2000,KC@CLE,CLE,KC,,,,,0,SS/UTIL
120403-82659,3B,Carter,Carter Kieboom,Kieboom,0,1,2000,LAA@SEA,LAA,SEA,,,,,,3B/UTIL
120403-13054,C,Rob,Rob Brantly,Brantly,4.166666666666667,3,2000,DET@NYY,NYY,DET,,,,,0,C/1B/UTIL
120403-165629,1B,JT,JT Schwartz,Schwartz,,0,2000,NYM@PHI,NYM,PHI,,,,,,C/1B/UTIL
120403-202501,OF,Duke,Duke Ellis,Ellis,3.0166667302449546,12,2000,DET@NYY,NYY,DET,,,,,0,OF/UTIL
120403-165646,C,Rickardo,Rickardo Perez,Perez,,0,2000,NYM@PHI,PHI,NYM,,,,,0,C/1B/UTIL
120403-165647,OF,Ethan,Ethan Wilson,Wilson,,0,2000,NYM@PHI,PHI,NYM,,,,,0,OF/UTIL
120403-165648,OF,Johan,Johan Rojas,Rojas,5.346478959204445,71,2000,NYM@PHI,PHI,NYM,,,,,0,OF/UTIL
120403-70435,OF,Ben,Ben Gamel,Gamel,5.779487022986779,39,2000,LAA@SEA,LAA,SEA,,,,,,OF/UTIL
120403-165679,3B,Milkar,Milkar Perez,Perez,,0,2000,LAA@SEA,SEA,LAA,,,,,,3B/UTIL
120403-165681,3B,Starlin,Starlin Aguilar,Aguilar,,0,2000,LAA@SEA,SEA,LAA,,,,,,3B/UTIL
120403-110404,3B,Mike,Mike Brosseau,Brosseau,0,1,2000,COL@SD,SD,COL,,,,,,3B/UTIL
120403-119623,OF,Alex,Alex Ramirez,Ramirez,0,3,2000,NYM@PHI,NYM,PHI,,,,,,OF/UTIL
120403-119627,OF,Erick,Erick Pena,Pena,,0,2000,KC@CLE,KC,CLE,,,,,0,OF/UTIL
120403-163661,3B/2B,Eguy,Eguy Rosario,Rosario,4.193548387096774,31,2000,COL@SD,SD,COL,IL,Abdomen,,,,2B/3B/UTIL
120403-165718,2B/OF,Samad,Samad Taylor,Taylor,1.5499999523162842,4,2000,LAA@SEA,SEA,LAA,,,,,,2B/OF/UTIL
120403-213853,C/3B,J.C.,J.C. Escarra,Escarra,4.5125,40,2000,DET@NYY,NYY,DET,,,,,0,C/1B/3B/UTIL
120403-163686,3B/SS,Oswaldo,Oswaldo Cabrera,Cabrera,6.597142682756696,35,2000,DET@NYY,NYY,DET,IL,Ankle,,,0,3B/SS/UTIL
120403-163695,2B/3B,Jorbit,Jorbit Vivas,Vivas,3.5413792051117996,29,2000,DET@NYY,NYY,DET,,,,,0,2B/3B/UTIL
120403-209786,1B,Niko,Niko Kavadas,Kavadas,1.5,10,2000,LAA@SEA,LAA,SEA,,,,,,C/1B/UTIL
120403-180095,OF,Will,Will Brennan,Brennan,1.5,6,2000,KC@CLE,CLE,KC,IL,Abdomen,,,0,OF/UTIL
120403-189314,OF,Justyn-Henry,Justyn-Henry Malloy,Malloy,5.189795980648118,49,2000,DET@NYY,DET,NYY,,,,,,OF/UTIL
120403-102288,OF,Drew,Drew Waters,Waters,5.280555725097656,72,2000,KC@CLE,KC,CLE,,,,,0,OF/UTIL
120403-182170,OF,Oscar,Oscar Colas,Colas,4.228571483067104,14,2000,LAA@SEA,LAA,SEA,,,,,,OF/UTIL
120403-79776,C,Dom,Dom Nunez,Nunez,6.199999809265137,2,2000,KC@CLE,CLE,KC,,,,,0,C/1B/UTIL
120403-52147,1B/OF,Kris,Kris Bryant,Bryant,3.6272728659889917,11,2000,COL@SD,COL,SD,IL,Back,,,,C/1B/OF/UTIL
120403-102322,2B/3B,Nick,Nick Madrigal,Madrigal,2.823529411764706,51,2000,NYM@PHI,NYM,PHI,IL,Shoulder,,,,2B/3B/UTIL
120403-68537,2B/3B/SS/OF,Tyler,Tyler Wade,Wade,3.468333435058594,60,2000,COL@SD,SD,COL,,,,,,2B/3B/SS/OF/UTIL
120403-102337,OF,Seth,Seth Beer,Beer,,0,2000,NYM@PHI,PHI,NYM,,,,,0,OF/UTIL
120403-13253,C,Martin,Martin Maldonado,Maldonado,3.831249952316284,64,2000,COL@SD,SD,COL,,,,,,C/1B/UTIL
120403-68554,SS,Andrew,Andrew Velazquez,Velazquez,0,2,2000,DET@NYY,NYY,DET,,,,,0,SS/UTIL
120403-81869,C,Chad,Chad Wallach,Wallach,,0,2000,LAA@SEA,LAA,SEA,,,,,,C/1B/UTIL
120403-102352,C,Payton,Payton Henry,Henry,0,1,2000,NYM@PHI,PHI,NYM,,,,,0,C/1B/UTIL
120403-102356,OF,Gilberto,Gilberto Celestino,Celestino,,0,2000,NYM@PHI,NYM,PHI,,,,,,OF/UTIL
120403-102360,OF,Connor,Connor Scott,Scott,,0,2000,KC@CLE,KC,CLE,IL,Undisclosed,,,0,OF/UTIL
120403-180208,2B/3B/SS/OF,Miles,Miles Mastrobuoni,Mastrobuoni,4.293333333333333,75,2000,LAA@SEA,SEA,LAA,,,,,,2B/3B/SS/OF/UTIL
120403-102391,OF,Tirso,Tirso Ornelas,Ornelas,1.7857142857142858,7,2000,COL@SD,SD,COL,,,,,,OF/UTIL
120403-102390,OF,Travis,Travis Swaggerty,Swaggerty,,0,2000,NYM@PHI,NYM,PHI,,,,,,OF/UTIL