Id,Position,First Name,Nickname,Last Name,FPPG,Played,Salary,Game,Team,Opponent,Injury Indicator,Injury Details,Tier,Probable Pitcher,Batting Order,Roster Position
119256-12477,P,Chris,Chris Sale,Sale,39.8,15,10800,MIA@ATL,ATL,MIA,IL,Ribs,,,,P
119256-197980,P,Paul,Paul Skenes,Skenes,38.04347826086956,23,10700,CIN@PIT,PIT,CIN,,,,Yes,,P
119256-119329,P,Nick,Nick Lodolo,Lodolo,31.695652173913043,23,10400,CIN@PIT,CIN,PIT,IL,Finger,,,,P
119256-102396,P,Logan,Logan Gilbert,Gilbert,34.06666666666667,15,10200,CWS@SEA,SEA,CWS,,,,Yes,,P
119256-187194,P,Bryan,Bryan Woo,Woo,36.86363636363637,22,10100,CWS@SEA,SEA,CWS,,,,,,P
119256-162445,P,Spencer,Spencer Strider,Strider,32.53333333333333,15,10000,MIA@ATL,ATL,MIA,,,,,,P
119256-82550,P,Hunter,Hunter Greene,Greene,35.27272727272727,11,9700,CIN@PIT,CIN,PIT,IL,Groin,,,,P
119256-164503,P,Spencer,Spencer Schwellenbach,Schwellenbach,37.411764705882355,17,9600,MIA@ATL,ATL,MIA,IL,Elbow,,,,P
119256-165512,P,Andrew,Andrew Abbott,Abbott,31.65,20,9500,CIN@PIT,CIN,PIT,,,,,,P
119256-11328,P,Martin,Martin Perez,Perez,26.75,4,9400,CWS@SEA,CWS,SEA,IL,Elbow,,,,P
119256-79162,P,Luis,Luis Castillo,Castillo,30.347826086956523,23,9400,CWS@SEA,SEA,CWS,,,,,,P
119256-165599,P,Eury,Eury Perez,Perez,29.4,10,9400,MIA@ATL,MIA,ATL,,,,Yes,,P
119256-135343,P,Max,Max Meyer,Meyer,27.833333333333332,12,9200,MIA@ATL,MIA,ATL,IL,Hip,,,,P
119256-119414,P,George,George Kirby,Kirby,32,14,9200,CWS@SEA,SEA,CWS,,,,,,P
119256-68491,P,Reynaldo,Reynaldo Lopez,Lopez,9,1,9200,MIA@ATL,ATL,MIA,IL,Shoulder,,,,P
119256-222782,P,Chase,Chase Burns,Burns,24.714285714285715,7,9000,CIN@PIT,CIN,PIT,,,,,,P
119256-146725,P,Jared,Jared Jones,Jones,30.59090909090909,22,8900,CIN@PIT,PIT,CIN,IL,Elbow,,,,P
119256-102395,P,Ryan,Ryan Weathers,Weathers,24.4,5,8700,MIA@ATL,MIA,ATL,IL,Lat,,,,P
119256-79217,P,Mitch,Mitch Keller,Keller,27.26086956521739,23,8600,CIN@PIT,PIT,CIN,,,,,,P
119256-164509,P,AJ,AJ Smith-Shawver,Smith-Shawver,25.333333333333332,9,8600,MIA@ATL,ATL,MIA,IL,Elbow,,,,P
119256-102344,P,Brady,Brady Singer,Singer,27.5,22,8500,CIN@PIT,CIN,PIT,,,,Yes,,P
119256-79207,P,Grant,Grant Holmes,Holmes,28.227272727272727,22,8400,MIA@ATL,ATL,MIA,IL,Elbow,,,,P
119256-82599,P,Edward,Edward Cabrera,Cabrera,29,19,8400,MIA@ATL,MIA,ATL,,,,,,P
119256-79079,P,Joey,Joey Wentz,Wentz,8.066666666666666,30,8100,MIA@ATL,ATL,MIA,,,,,,P
119256-198879,P,Rhett,Rhett Lowder,Lowder,27,6,8000,CIN@PIT,CIN,PIT,IL,Oblique,,,,P
119256-83166,P,Zack,Zack Littell,Littell,28.695652173913043,23,8000,CIN@PIT,CIN,PIT,,,,,,P
119256-165655,P,Bubba,Bubba Chandler,Chandler,,0,7800,CIN@PIT,PIT,CIN,,,,,,P
119256-165543,P,Sean,Sean Burke,Burke,23.636363636363637,22,7700,CWS@SEA,CWS,SEA,,,,,,P
119256-165689,P,Bryce,Bryce Miller,Miller,18.2,10,7700,CWS@SEA,SEA,CWS,IL,Elbow,,,,P
119256-53590,P,Nick,Nick Martinez,Martinez,22.24,25,7600,CIN@PIT,CIN,PIT,,,,,,P
119256-161450,P,Janson,Janson Junk,Junk,22.571428571428573,14,7600,MIA@ATL,MIA,ATL,,,,,,P
119256-220840,P,Shane,Shane Smith,Smith,22.789473684210527,19,7600,CWS@SEA,CWS,SEA,,,,Yes,,P
119256-165659,P,Mike,Mike Burrows,Burrows,21.285714285714285,14,7600,CIN@PIT,PIT,CIN,,,,,,P
119256-226322,P,Logan,Logan Evans,Evans,22.307692307692307,13,7500,CWS@SEA,SEA,CWS,,,,,,P
119256-79123,P,Tyler,Tyler Alexander,Alexander,8.88888888888889,37,7500,CWS@SEA,CWS,SEA,,,,,,P
119256-79228,P,Cal,Cal Quantrill,Quantrill,17.90909090909091,22,7500,MIA@ATL,MIA,ATL,,,,,,P
119256-79245,P,Sandy,Sandy Alcantara,Alcantara,18.772727272727273,22,7500,MIA@ATL,MIA,ATL,,,,,,P
119256-170315,P,Davis,Davis Martin,Martin,23.705882352941178,17,7400,CWS@SEA,CWS,SEA,,,,,,P
119256-82557,P,Aaron,Aaron Civale,Civale,22.214285714285715,14,7400,CWS@SEA,CWS,SEA,,,,,,P
119256-203679,P,Valente,Valente Bellozo,Bellozo,11.227272727272727,22,7400,MIA@ATL,MIA,ATL,,,,,,P
119256-225880,P,Nathan,Nathan Wiles,Wiles,-3,1,7300,MIA@ATL,ATL,MIA,,,,,,P
119256-200581,P,Jonathan,Jonathan Cannon,Cannon,20.05263157894737,19,7200,CWS@SEA,CWS,SEA,,,,,,P
119256-135268,P,Emerson,Emerson Hancock,Hancock,19.2,15,7100,CWS@SEA,SEA,CWS,,,,,,P
119256-146664,P,Bryce,Bryce Elder,Elder,21.055555555555557,18,7100,MIA@ATL,ATL,MIA,,,,,,P
119256-6266,P,Carlos,Carlos Carrasco,Carrasco,16.444444444444443,9,7000,MIA@ATL,ATL,MIA,,,,Yes,,P
119256-52167,P,Andrew,Andrew Heaney,Heaney,20,23,7000,CIN@PIT,PIT,CIN,,,,,,P
119256-146724,P,Carmen,Carmen Mlodzinski,Mlodzinski,13.5,22,6900,CIN@PIT,PIT,CIN,,,,,,P
119256-170891,P,Davis,Davis Daniel,Daniel,13,3,6900,MIA@ATL,ATL,MIA,,,,,,P
119256-213198,P,Ryan,Ryan Gusto,Gusto,18,24,6800,MIA@ATL,MIA,ATL,,,,,,P
119256-198872,P,Hurston,Hurston Waldrep,Waldrep,32,1,6800,MIA@ATL,ATL,MIA,,,,,,P
119256-79078,P,Ian,Ian Anderson,Anderson,2.2857142857142856,7,6800,MIA@ATL,ATL,MIA,IL,Undisclosed,,,,P
119256-198916,P,Thomas,Thomas Harrington,Harrington,0.6666666666666666,3,6800,CIN@PIT,PIT,CIN,,,,,,P
119256-228058,P,Didier,Didier Fuentes,Fuentes,3.75,4,6700,MIA@ATL,ATL,MIA,,,,,,P
119256-198917,P,Drew,Drew Thorpe,Thorpe,18.333333333333332,9,6500,CWS@SEA,CWS,SEA,IL,Elbow,,,,P
119256-119426,P,Johan,Johan Oviedo,Oviedo,6,1,6500,CIN@PIT,PIT,CIN,,,,,,P
119256-194242,P,Carson,Carson Spiers,Spiers,16.666666666666668,3,6500,CIN@PIT,CIN,PIT,IL,Elbow,,,,P
119256-102456,P,Jhonathan,Jhonathan Diaz,Diaz,7,1,6400,CWS@SEA,SEA,CWS,,,,,,P
119256-165508,P,Graham,Graham Ashcraft,Ashcraft,6.023255813953488,43,6400,CIN@PIT,CIN,PIT,,,,,,P
119256-165618,P,Chase,Chase Petty,Petty,0,3,6400,CIN@PIT,CIN,PIT,,,,,,P
119256-68564,P,Erick,Erick Fedde,Fedde,17.136363636363637,22,6400,MIA@ATL,ATL,MIA,,,,,,P
119256-102416,P,Tyler,Tyler Phillips,Phillips,5.973684210526316,38,6300,MIA@ATL,MIA,ATL,,,,,,P
119256-181833,P,Darius,Darius Vines,Vines,7.25,4,6200,MIA@ATL,ATL,MIA,IL,Undisclosed,,,,P
119256-82534,P,Bryse,Bryse Wilson,Wilson,5.894736842105263,19,6200,CWS@SEA,CWS,SEA,,,,,,P
119256-119416,P,Brandon,Brandon Williamson,Williamson,15.25,4,6200,CIN@PIT,CIN,PIT,IL,Elbow,,,,P
119256-202480,P,Adam,Adam Mazur,Mazur,20,1,6200,MIA@ATL,MIA,ATL,,,,,,P
119256-70559,P,Mike,Mike Clevinger,Clevinger,1.375,8,6200,CWS@SEA,CWS,SEA,,,,,,P
119256-79103,P,Dane,Dane Dunning,Dunning,7.25,9,6100,MIA@ATL,ATL,MIA,,,,,,P
119256-12972,P,Wade,Wade Miley,Miley,12,3,6100,CIN@PIT,CIN,PIT,IL,Forearm,,,,P
119256-209958,P,Julian,Julian Aguiar,Aguiar,15.142857142857142,7,6000,CIN@PIT,CIN,PIT,IL,Elbow,,,,P
119256-102420,P,Owen,Owen White,White,14.5,2,5900,CWS@SEA,CWS,SEA,,,,,,P
119256-135231,P,Jared,Jared Shuster,Shuster,3.4166666666666665,12,5900,CWS@SEA,CWS,SEA,,,,,,P
119256-146728,P,Connor,Connor Phillips,Phillips,5.25,4,5900,CIN@PIT,CIN,PIT,,,,,,P
119256-177584,P,Xzavion,Xzavion Curry,Curry,2,3,5900,MIA@ATL,MIA,ATL,,,,,,P
119256-165578,P,Ky,Ky Bush,Bush,14.25,4,5900,CWS@SEA,CWS,SEA,IL,Elbow,,,,P
119256-102487,P,Austin,Austin Cox,Cox,7.375,8,5700,MIA@ATL,ATL,MIA,,,,,,P
119256-198905,P,Mike,Mike Vasil,Vasil,11.225806451612904,31,5700,CWS@SEA,CWS,SEA,,,,,,P
119256-161275,P,Kyle,Kyle Tyler,Tyler,14.125,8,5700,CWS@SEA,CWS,SEA,,,,,,P
119256-164511,P,Dylan,Dylan Dodd,Dodd,5,15,5700,MIA@ATL,ATL,MIA,,,,,,P
119256-213867,P,Blas,Blas Castano,Castano,3,1,5700,CWS@SEA,SEA,CWS,,,,,,P
119256-102462,P,Lyon,Lyon Richardson,Richardson,4.903225806451613,33,5600,CIN@PIT,CIN,PIT,,,,,,P
119256-79873,P,Dylan,Dylan Covey,Covey,0,2,5500,MIA@ATL,ATL,MIA,,,,,,P
119256-135191,P,Josh,Josh Fleming,Fleming,4.541666666666667,25,5500,CWS@SEA,SEA,CWS,,,,,,P
119256-135196,P,Tyler,Tyler Zuber,Zuber,9,1,5500,MIA@ATL,MIA,ATL,,,,,,P
119256-161827,P,Seth,Seth Martinez,Martinez,5.0227272727272725,44,5500,MIA@ATL,MIA,ATL,,,,,,P
119256-102442,P,Freddy,Freddy Tarnok,Tarnok,7.5,2,5500,MIA@ATL,MIA,ATL,,,,,,P
119256-82999,P,Scott,Scott Barlow,Barlow,5.2,55,5500,CIN@PIT,CIN,PIT,,,,,,P
119256-190516,P,Daysbel,Daysbel Hernandez,Hernandez,5.818181818181818,34,5500,MIA@ATL,ATL,MIA,,,,,,P
119256-192574,P,Lane,Lane Ramsey,Ramsey,,0,5500,MIA@ATL,MIA,ATL,,,,,,P
119256-172092,P,Garrett,Garrett Hill,Hill,0,1,5500,CWS@SEA,SEA,CWS,,,,,,P
119256-200764,P,Cam,Cam Booser,Booser,3.966666666666667,30,5500,CWS@SEA,CWS,SEA,,,,,,P
119256-149587,P,Jay,Jay Flaa,Flaa,,0,5500,MIA@ATL,ATL,MIA,,,,,,P
119256-73828,P,Dan,Dan Altavilla,Altavilla,4.583333333333333,25,5500,CWS@SEA,CWS,SEA,IL,Lat,,,,P
119256-83054,P,Justin,Justin Anderson,Anderson,4.796296296296297,56,5500,CWS@SEA,CWS,SEA,,,,,,P
119256-161906,P,Dauri,Dauri Moreta,Moreta,7,3,5500,CIN@PIT,PIT,CIN,,,,,,P
119256-161907,P,Dylan,Dylan Lee,Lee,5.038461538461538,52,5500,MIA@ATL,ATL,MIA,,,,,,P
119256-85108,P,Enyel,Enyel De Los Santos,De Los Santos,4.925,43,5500,MIA@ATL,ATL,MIA,,,,,,P
119256-102523,P,Deivi,Deivi Garcia,Garcia,4.285714285714286,14,5500,CIN@PIT,CIN,PIT,,,,,,P
119256-187521,P,Joe,Joe Jacques,Jacques,3,2,5500,CWS@SEA,SEA,CWS,,,,,,P
119256-116868,P,Gabe,Gabe Speier,Speier,5.549019607843137,51,5500,CWS@SEA,SEA,CWS,,,,,,P
119256-102549,P,Andres,Andres Munoz,Munoz,6.6,45,5500,CWS@SEA,SEA,CWS,,,,,,P
119256-83097,P,D.J.,D.J. Snelten,Snelten,,0,5500,CWS@SEA,CWS,SEA,,,,,,P
119256-152734,P,Zach,Zach Thompson,Thompson,10,2,5500,MIA@ATL,ATL,MIA,,,,,,P
119256-102558,P,Gregory,Gregory Santos,Santos,1.875,8,5500,CWS@SEA,SEA,CWS,IL,Knee,,,,P
119256-80033,P,Emilio,Emilio Pagan,Pagan,5.714285714285714,49,5500,CIN@PIT,CIN,PIT,,,,,,P
119256-83116,P,Wander,Wander Suero,Suero,4,3,5500,MIA@ATL,ATL,MIA,,,,,,P
119256-145591,P,Eduard,Eduard Bazardo,Bazardo,6.078431372549019,51,5500,CWS@SEA,SEA,CWS,,,,,,P
119256-145593,P,Carlos,Carlos Vargas,Vargas,4.571428571428571,49,5500,CWS@SEA,SEA,CWS,,,,,,P
119256-135358,P,Dylan,Dylan File,File,,0,5500,CWS@SEA,SEA,CWS,,,,,,P
119256-160965,P,Elvis,Elvis Peguero,Peguero,4.166666666666667,6,5500,CWS@SEA,CWS,SEA,,,,,,P
119256-21707,P,Michael,Michael Mariot,Mariot,,0,5500,CWS@SEA,SEA,CWS,,,,,,P
119256-198874,P,Noah,Noah Schultz,Schultz,,0,5500,CWS@SEA,CWS,SEA,IL,Knee,,,,P
119256-79067,P,Alex,Alex Young,Young,4.529411764705882,17,5500,CIN@PIT,CIN,PIT,IL,Elbow,,,,P
119256-209116,P,Troy,Troy Taylor,Taylor,-0.14285714285714285,8,5500,CWS@SEA,SEA,CWS,,,,,,P
119256-149731,P,Anthony,Anthony Bender,Bender,5,47,5500,MIA@ATL,MIA,ATL,,,,,,P
119256-146670,P,Christian,Christian Roa,Roa,0,2,5500,MIA@ATL,MIA,ATL,,,,,,P
119256-198896,P,Noble,Noble Meyer,Meyer,,0,5500,MIA@ATL,MIA,ATL,,,,,,P
119256-79097,P,Bryan,Bryan Hudson,Hudson,4.461538461538462,13,5500,CWS@SEA,CWS,SEA,,,,,,P
119256-83193,P,Jesus,Jesus Tinoco,Tinoco,3.35,20,5500,MIA@ATL,MIA,ATL,IL,Forearm,,,,P
119256-146684,P,Jared,Jared Kelley,Kelley,,0,5500,CWS@SEA,CWS,SEA,,,,,,P
119256-198919,P,Robby,Robby Snelling,Snelling,,0,5500,MIA@ATL,MIA,ATL,,,,,,P
119256-146699,P,Dax,Dax Fulton,Fulton,,0,5500,MIA@ATL,MIA,ATL,,,,,,P
119256-170254,P,Colin,Colin Holderman,Holderman,2.5384615384615383,14,5500,CIN@PIT,PIT,CIN,,,,,,P
119256-225549,P,Patrick,Patrick Monteverde,Monteverde,11,1,5500,MIA@ATL,MIA,ATL,,,,,,P
119256-197906,P,Royber,Royber Salinas,Salinas,0,1,5500,MIA@ATL,ATL,MIA,,,,,,P
119256-79124,P,Joe,Joe Jimenez,Jimenez,5.855072463768116,70,5500,MIA@ATL,ATL,MIA,IL,Knee,,,,P
119256-209176,P,Chase,Chase Shugart,Shugart,5.129032258064516,32,5500,CIN@PIT,PIT,CIN,IL,Knee,,,,P
119256-197919,P,Jairo,Jairo Iriarte,Iriarte,5.5,6,5500,CWS@SEA,CWS,SEA,,,,,,P
119256-79135,P,Beau,Beau Burrows,Burrows,,0,5500,CIN@PIT,PIT,CIN,,,,,,P
119256-146723,P,Eddy,Eddy Yean,Yean,,0,5500,CIN@PIT,PIT,CIN,,,,,,P
119256-85286,P,Ian,Ian Gibaut,Gibaut,3.28,25,5500,CIN@PIT,CIN,PIT,IL,Shoulder,,,,P
119256-79150,P,Josh,Josh Staumont,Staumont,4.12,25,5500,CIN@PIT,CIN,PIT,IL,Undisclosed,,,,P
119256-79161,P,Braxton,Braxton Garrett,Garrett,23.857142857142858,7,5500,MIA@ATL,MIA,ATL,IL,Elbow,,,,P
119256-203075,P,Michael,Michael Petersen,Petersen,6.5,4,5500,MIA@ATL,MIA,ATL,,,,,,P
119256-228678,P,Sam,Sam Benschoter,Benschoter,,0,5500,CIN@PIT,CIN,PIT,,,,,,P
119256-203080,P,Brandon,Brandon Eisert,Eisert,5.204081632653061,49,5500,CWS@SEA,CWS,SEA,,,,,,P
119256-181583,P,Prelander,Prelander Berroa,Berroa,7.0588235294117645,17,5500,CWS@SEA,CWS,SEA,IL,Elbow,,,,P
119256-177493,P,Andrew,Andrew Nardi,Nardi,5.051724137931035,59,5500,MIA@ATL,MIA,ATL,IL,Back,,,,P
119256-79196,P,Albert,Albert Abreu,Abreu,,0,5500,CIN@PIT,CIN,PIT,,,,,,P
119256-135525,P,Adam,Adam Seminaris,Seminaris,,0,5500,CWS@SEA,SEA,CWS,,,,,,P
119256-153961,P,Tayler,Tayler Saucedo,Saucedo,2.8,5,5500,CWS@SEA,SEA,CWS,,,,,,P
119256-57717,P,Buck,Buck Farmer,Farmer,6.049180327868853,61,5500,CIN@PIT,CIN,PIT,,,,,,P
119256-225667,P,Cade,Cade Gibson,Gibson,5.846153846153846,26,5500,MIA@ATL,MIA,ATL,,,,,,P
119256-225665,P,Sauryn,Sauryn Lao,Lao,14,1,5500,CWS@SEA,SEA,CWS,,,,,,P
119256-61858,P,Raisel,Raisel Iglesias,Iglesias,5.041666666666667,48,5500,MIA@ATL,ATL,MIA,,,,,,P
119256-118184,P,Enoli,Enoli Paredes,Paredes,5.944444444444445,18,5500,MIA@ATL,ATL,MIA,,,,,,P
119256-158131,P,Tyler,Tyler Gilbert,Gilbert,6.166666666666667,30,5500,CWS@SEA,CWS,SEA,,,,,,P
119256-118195,P,Tejay,Tejay Antone,Antone,4.5,6,5500,CIN@PIT,CIN,PIT,IL,Elbow,,,,P
119256-219568,P,Rolddy,Rolddy Munoz,Munoz,,0,5500,MIA@ATL,ATL,MIA,,,,,,P
119256-101812,P,Justin,Justin Lawrence,Lawrence,7.454545454545454,11,5500,CIN@PIT,PIT,CIN,IL,Elbow,,,,P
119256-101819,P,Jose,Jose Suarez,Suarez,12.333333333333334,3,5500,MIA@ATL,ATL,MIA,,,,,,P
119256-188863,P,Randy,Randy Wynne,Wynne,15,1,5500,CIN@PIT,CIN,PIT,,,,,,P
119256-101845,P,Genesis,Genesis Cabrera,Cabrera,4,24,5500,CIN@PIT,PIT,CIN,,,,,,P
119256-101849,P,Wei-Chieh,Wei-Chieh Huang,Huang,,0,5500,CIN@PIT,PIT,CIN,,,,,,P
119256-101855,P,Trent,Trent Thornton,Thornton,5.121212121212121,33,5500,CWS@SEA,SEA,CWS,IL,Achilles,,,,P
119256-135645,P,Isaac,Isaac Mattson,Mattson,7.391304347826087,24,5500,CIN@PIT,PIT,CIN,,,,,,P
119256-84452,P,Caleb,Caleb Ferguson,Ferguson,4.1875,48,5500,CWS@SEA,SEA,CWS,,,,,,P
119256-226819,P,Caleb,Caleb Freeman,Freeman,2.6,5,5500,CWS@SEA,CWS,SEA,,,,,,P
119256-119301,P,Brennan,Brennan Malone,Malone,,0,5500,CIN@PIT,PIT,CIN,,,,,,P
119256-219654,P,Juan,Juan Carela,Carela,,0,5500,CWS@SEA,CWS,SEA,O,Elbow,,,,P
119256-170514,P,Jose,Jose Cuas,Cuas,4.833333333333333,13,5500,MIA@ATL,ATL,MIA,,,,,,P
119256-162328,P,Reiver,Reiver Sanmartin,Sanmartin,0,2,5500,CIN@PIT,CIN,PIT,,,,,,P
119256-191007,P,Declan,Declan Cronin,Cronin,6.125,56,5500,MIA@ATL,MIA,ATL,,,,,,P
119256-219700,P,Luis,Luis Mey,Mey,5,18,5500,CIN@PIT,CIN,PIT,,,,,,P
119256-222779,P,Thomas,Thomas White,White,,0,5500,MIA@ATL,MIA,ATL,,,,,,P
119256-181816,P,Casey,Casey Legumina,Legumina,5.2926829268292686,42,5500,CWS@SEA,SEA,CWS,,,,,,P
119256-222783,P,Grant,Grant Taylor,Taylor,6.333333333333333,18,5500,CWS@SEA,CWS,SEA,,,,,,P
119256-195135,P,Kyle,Kyle Nicolas,Nicolas,4.416666666666667,12,5500,CIN@PIT,PIT,CIN,,,,,,P
119256-222784,P,Hagen,Hagen Smith,Smith,,0,5500,CWS@SEA,CWS,SEA,,,,,,P
119256-181831,P,Yosver,Yosver Zulueta,Zulueta,1.3333333333333333,3,5500,CIN@PIT,CIN,PIT,,,,,,P
119256-80460,P,John,John Brebbia,Brebbia,3.8947368421052633,19,5500,MIA@ATL,ATL,MIA,,,,,,P
119256-207438,P,Fraser,Fraser Ellard,Ellard,5.125,8,5500,CWS@SEA,CWS,SEA,,,,,,P
119256-181843,P,Josh,Josh Simpson,Simpson,6.071428571428571,14,5500,MIA@ATL,MIA,ATL,,,,,,P
119256-181841,P,George,George Soriano,Soriano,6.333333333333333,12,5500,MIA@ATL,MIA,ATL,,,,,,P
119256-73301,P,Brent,Brent Suter,Suter,6.371428571428571,35,5500,CIN@PIT,CIN,PIT,,,,,,P
119256-80476,P,Jackson,Jackson Stephens,Stephens,4.333333333333333,3,5500,MIA@ATL,ATL,MIA,,,,,,P
119256-81507,P,Aaron,Aaron Bummer,Bummer,5.7631578947368425,38,5500,MIA@ATL,ATL,MIA,,,,,,P
119256-119397,P,TJ,TJ Sikkema,Sikkema,,0,5500,CIN@PIT,CIN,PIT,,,,,,P
119256-119398,P,Yoendrys,Yoendrys Gomez,Gomez,5.363636363636363,12,5500,CWS@SEA,CWS,SEA,,,,,,P
119256-162419,P,Matt,Matt Brash,Brash,5.15625,32,5500,CWS@SEA,SEA,CWS,,,,,,P
119256-222843,P,Jurrangelo,Jurrangelo Cijntje,Cijntje,,0,5500,CWS@SEA,SEA,CWS,,,,,,P
119256-82552,P,Tony,Tony Santillan,Santillan,4.857142857142857,57,5500,CIN@PIT,CIN,PIT,,,,,,P
119256-118394,P,Yohan,Yohan Ramirez,Ramirez,12.285714285714286,7,5500,CIN@PIT,PIT,CIN,,,,,,P
119256-210562,P,Lake,Lake Bachar,Bachar,8.277777777777779,36,5500,MIA@ATL,MIA,ATL,,,,,,P
119256-62087,P,Miguel,Miguel Castro,Castro,2.5,6,5500,CWS@SEA,CWS,SEA,IL,Knee,,,,P
119256-222859,P,Cam,Cam Caminiti,Caminiti,,0,5500,MIA@ATL,ATL,MIA,,,,,,P
119256-119451,P,Matt,Matt Cronin,Cronin,,0,5500,CWS@SEA,SEA,CWS,IL,Undisclosed,,,,P
119256-82591,P,Chris,Chris Rodriguez,Rodriguez,,0,5500,CWS@SEA,CWS,SEA,IL,Undisclosed,,,,P
119256-203420,P,Austin,Austin Kitchen,Kitchen,0,4,5500,CWS@SEA,SEA,CWS,,,,,,P
119256-82592,P,Dennis,Dennis Santana,Santana,4.8979591836734695,49,5500,CIN@PIT,PIT,CIN,,,,,,P
119256-164522,P,Wikelman,Wikelman Gonzalez,Gonzalez,8,3,5500,CWS@SEA,CWS,SEA,,,,,,P
119256-220841,P,Anderson,Anderson Pilar,Pilar,,0,5500,MIA@ATL,MIA,ATL,,,,,,P
119256-165545,P,Tanner,Tanner McDougal,McDougal,,0,5500,CWS@SEA,CWS,SEA,,,,,,P
119256-14006,P,Brian,Brian Moran,Moran,,0,5500,MIA@ATL,ATL,MIA,,,,,,P
119256-232127,P,Cam,Cam Sanders,Sanders,12,1,5500,CIN@PIT,PIT,CIN,,,,,,P
119256-165570,P,Ben,Ben Hernandez,Hernandez,,0,5500,CWS@SEA,SEA,CWS,,,,,,P
119256-119494,P,Andrew,Andrew Dalquist,Dalquist,,0,5500,CWS@SEA,CWS,SEA,,,,,,P
119256-81615,P,Tim,Tim Mayza,Mayza,6.142857142857143,7,5500,CIN@PIT,PIT,CIN,IL,Lat,,,,P
119256-222928,P,Michael,Michael Darrell-Hicks,Darrell-Hicks,5,7,5500,CIN@PIT,PIT,CIN,,,,,,P
119256-82653,P,Ryan,Ryan Borucki,Borucki,3.8666666666666667,31,5500,CIN@PIT,PIT,CIN,,,,,,P
119256-14049,P,Bryan,Bryan Shaw,Shaw,2.4,5,5500,CWS@SEA,SEA,CWS,,,,,,P
119256-187105,P,Joe,Joe La Sorsa,La Sorsa,-0.3333333333333333,3,5500,CIN@PIT,CIN,PIT,,,,,,P
119256-165609,P,Zach,Zach McCambley,McCambley,,0,5500,MIA@ATL,MIA,ATL,,,,,,P
119256-228072,P,Jake,Jake Palisch,Palisch,-3,1,5500,CWS@SEA,CWS,SEA,,,,,,P
119256-194323,P,Hunter,Hunter Stratton,Stratton,1,5,5500,MIA@ATL,ATL,MIA,,,,,,P
119256-165657,P,Anthony,Anthony Solometo,Solometo,,0,5500,CIN@PIT,PIT,CIN,IL,Shoulder,,,,P
119256-199460,P,Jordan,Jordan Leasure,Leasure,5.5,45,5500,CWS@SEA,CWS,SEA,,,,,,P
119256-182062,P,Gus,Gus Varland,Varland,5.230769230769231,26,5500,CWS@SEA,CWS,SEA,,,,,,P
119256-165682,P,Michael,Michael Morales,Morales,,0,5500,CWS@SEA,SEA,CWS,,,,,,P
119256-53043,P,Jesse,Jesse Hahn,Hahn,5,3,5500,CWS@SEA,SEA,CWS,,,,,,P
119256-163641,P,Ray,Ray Kerr,Kerr,11.2,10,5500,MIA@ATL,ATL,MIA,IL,Elbow,,,,P
119256-213816,P,Evan,Evan Sisk,Sisk,9.2,5,5500,CIN@PIT,PIT,CIN,,,,,,P
119256-163663,P,Calvin,Calvin Faucher,Faucher,5,46,5500,MIA@ATL,MIA,ATL,,,,,,P
119256-163660,P,Steven,Steven Wilson,Wilson,4.95,40,5500,CWS@SEA,CWS,SEA,,,,,,P
119256-213851,P,Domingo,Domingo Gonzalez,Gonzalez,,0,5500,MIA@ATL,ATL,MIA,,,,,,P
119256-183131,P,Ryder,Ryder Ryan,Ryan,5.714285714285714,15,5500,CIN@PIT,PIT,CIN,,,,,,P
119256-163684,P,Ronny,Ronny Henriquez,Henriquez,7.3076923076923075,52,5500,MIA@ATL,MIA,ATL,,,,,,P
119256-163688,P,Collin,Collin Snider,Snider,4.791666666666667,24,5500,CWS@SEA,SEA,CWS,,,,,,P
119256-213871,P,Luarbert,Luarbert Arias,Arias,3.6666666666666665,6,5500,MIA@ATL,MIA,ATL,,,,,,P
119256-163697,P,Hagen,Hagen Danner,Danner,0,1,5500,CWS@SEA,SEA,CWS,,,,,,P
119256-68469,P,Adam,Adam Plutko,Plutko,,0,5500,CIN@PIT,CIN,PIT,,,,,,P
119256-80791,P,Alan,Alan Busenitz,Busenitz,1,3,5500,CIN@PIT,CIN,PIT,,,,,,P
119256-68515,P,Sam,Sam Moll,Moll,3.642857142857143,14,5500,CIN@PIT,CIN,PIT,,,,,,P
119256-39843,P,Burch,Burch Smith,Smith,4.76,50,5500,CIN@PIT,PIT,CIN,,,,,,P
119256-102314,P,Lenny,Lenny Torres,Torres,,0,5500,CIN@PIT,CIN,PIT,,,,,,P
119256-52148,P,Pierce,Pierce Johnson,Johnson,5.25,44,5500,MIA@ATL,ATL,MIA,,,,,,P
119256-102332,P,Jackson,Jackson Kowar,Kowar,6.2,10,5500,CWS@SEA,SEA,CWS,,,,,,P
119256-82922,P,Tyler,Tyler Kinley,Kinley,4.403846153846154,52,5500,MIA@ATL,ATL,MIA,,,,,,P
119256-102387,P,Braxton,Braxton Ashcraft,Ashcraft,9.764705882352942,17,5500,CIN@PIT,PIT,CIN,,,,,,P
119256-210936,P,Evan,Evan Kravetz,Kravetz,2,1,5500,CIN@PIT,CIN,PIT,,,,,,P
119256-102554,C,Cal,Cal Raleigh,Raleigh,14.138392857142858,112,4300,CWS@SEA,SEA,CWS,,,,,,C/1B/UTIL
119256-165513,SS,Elly,Elly De La Cruz,De La Cruz,12.873913043478261,115,4100,CIN@PIT,CIN,PIT,,,,,,SS/UTIL
119256-79756,OF,Ronald,Ronald Acuna Jr.,Acuna Jr.,13.338181374289773,55,4000,MIA@ATL,ATL,MIA,IL,Calf,,,,OF/UTIL
119256-21633,3B,Eugenio,Eugenio Suarez,Suarez,12.228571210588727,112,3800,CWS@SEA,SEA,CWS,,,,,,3B/UTIL
119256-119305,OF,Kyle,Kyle Stowers,Stowers,11.29351806640625,108,3700,MIA@ATL,MIA,ATL,,,,,,OF/UTIL
119256-102389,SS/OF,Oneil,Oneil Cruz,Cruz,11.351455836620145,103,3500,CIN@PIT,PIT,CIN,,,,,,SS/OF/UTIL
119256-52175,1B,Matt,Matt Olson,Olson,10.762831426299778,113,3400,MIA@ATL,ATL,MIA,,,,,,C/1B/UTIL
119256-102400,OF,Julio,Julio Rodriguez,Rodriguez,11.585965340597587,114,3300,CWS@SEA,SEA,CWS,,,,,,OF/UTIL
119256-81953,OF,Austin,Austin Hays,Hays,11.036923452524038,65,3200,CIN@PIT,CIN,PIT,,,,,,OF/UTIL
119256-85261,OF,Randy,Randy Arozarena,Arozarena,11.613274768390486,113,3200,CWS@SEA,SEA,CWS,,,,,,OF/UTIL
119256-79223,1B,Josh,Josh Naylor,Naylor,11.418095470610119,105,3200,CWS@SEA,SEA,CWS,,,,,,C/1B/UTIL
119256-165535,SS/3B,Colson,Colson Montgomery,Montgomery,10.866666440610532,27,3200,CWS@SEA,CWS,SEA,,,,,,3B/SS/UTIL
119256-102555,3B/OF,Noelvi,Noelvi Marte,Marte,10.342222086588542,45,3100,CIN@PIT,CIN,PIT,,,,,,3B/OF/UTIL
119256-197886,C,Agustin,Agustin Ramirez,Ramirez,10.5067412987184,89,3100,MIA@ATL,MIA,ATL,,,,,,C/1B/UTIL
119256-82734,OF,Luis,Luis Robert Jr.,Robert Jr.,10.182795698924732,93,3100,CWS@SEA,CWS,SEA,,,,,,OF/UTIL
119256-79074,3B,Austin,Austin Riley,Riley,9.782352821499694,102,3000,MIA@ATL,ATL,MIA,IL,Abdomen,,,,3B/UTIL
119256-5456,OF,Andrew,Andrew McCutchen,McCutchen,8.150505297111742,99,3000,CIN@PIT,PIT,CIN,,,,,,OF/UTIL
119256-181829,1B,Spencer,Spencer Horwitz,Horwitz,8.395312309265137,64,3000,CIN@PIT,PIT,CIN,,,,,,C/1B/UTIL
119256-119372,OF/3B/1B,Miguel,Miguel Vargas,Vargas,9.116981362396816,106,3000,CWS@SEA,CWS,SEA,IL,Oblique,,,,C/1B/3B/OF/UTIL
119256-17086,OF,Marcell,Marcell Ozuna,Ozuna,9.170873549378033,103,3000,MIA@ATL,ATL,MIA,,,,,,OF/UTIL
119256-68495,OF,Andrew,Andrew Benintendi,Benintendi,9.485365704792303,82,3000,CWS@SEA,CWS,SEA,,,,,,OF/UTIL
119256-102296,OF,TJ,TJ Friedl,Friedl,10.04953316661799,107,3000,CIN@PIT,CIN,PIT,,,,,,OF/UTIL
119256-13262,OF,Jurickson,Jurickson Profar,Profar,10.130302660392992,33,3000,MIA@ATL,ATL,MIA,,,,,,OF/UTIL
119256-179272,OF/1B/2B,Spencer,Spencer Steer,Steer,8.58679256799086,106,2900,CIN@PIT,CIN,PIT,,,,,,C/1B/2B/OF/UTIL
119256-145618,2B/SS,Otto,Otto Lopez,Lopez,9.661855795948776,97,2900,MIA@ATL,MIA,ATL,,,,,,2B/SS/UTIL
119256-21874,2B/3B,Jorge,Jorge Polanco,Polanco,9.39687474568685,96,2900,CWS@SEA,SEA,CWS,,,,,,2B/3B/UTIL
119256-165507,SS/2B,Matt,Matt McLain,McLain,8.971153846153847,104,2900,CIN@PIT,CIN,PIT,,,,,,2B/SS/UTIL
119256-80847,OF,Mike,Mike Tauchman,Tauchman,9.844262295081966,61,2900,CWS@SEA,CWS,SEA,,,,,,OF/UTIL
119256-79110,C,Tyler,Tyler Stephenson,Stephenson,8.950746450851213,67,2800,CIN@PIT,CIN,PIT,,,,,,C/1B/UTIL
119256-79230,OF,Bryan,Bryan Reynolds,Reynolds,8.487963075991031,108,2800,CIN@PIT,PIT,CIN,,,,,,OF/UTIL
119256-165544,2B/3B/1B,Lenyn,Lenyn Sosa,Sosa,8.194845612516108,97,2800,CWS@SEA,CWS,SEA,,,,,,C/1B/2B/3B/UTIL
119256-82624,C,Sean,Sean Murphy,Murphy,8.965384458884214,78,2800,MIA@ATL,ATL,MIA,,,,,,C/1B/UTIL
119256-136090,2B/SS,Nick,Nick Gonzales,Gonzales,8.344230651855469,52,2800,CIN@PIT,PIT,CIN,,,,,,2B/SS/UTIL
119256-68587,2B,Ozzie,Ozzie Albies,Albies,8.241592812327157,113,2800,MIA@ATL,ATL,MIA,,,,,,2B/UTIL
119256-102393,SS/2B,Xavier,Xavier Edwards,Edwards,9.601030801989369,97,2800,MIA@ATL,MIA,ATL,,,,,,2B/SS/UTIL
119256-231559,OF,Jakob,Jakob Marsee,Marsee,14.84999974568685,6,2700,MIA@ATL,MIA,ATL,,,,,,OF/UTIL
119256-13487,OF,Tommy,Tommy Pham,Pham,7.473170582841083,82,2700,CIN@PIT,PIT,CIN,,,,,,OF/UTIL
119256-102591,OF,Jake,Jake Fraley,Fraley,7.417460123697917,63,2700,CIN@PIT,CIN,PIT,,,,,,OF/UTIL
119256-198869,C,Kyle,Kyle Teel,Teel,7.399999830457899,36,2700,CWS@SEA,CWS,SEA,,,,,,C/1B/UTIL
119256-79119,OF,Will,Will Benson,Benson,7.721311475409836,61,2700,CIN@PIT,CIN,PIT,,,,,,OF/UTIL
119256-222858,C,Drake,Drake Baldwin,Baldwin,7.925610053830031,82,2700,MIA@ATL,ATL,MIA,,,,,,C/1B/UTIL
119256-52179,SS,J.P.,J.P. Crawford,Crawford,8.963963963963964,111,2700,CWS@SEA,SEA,CWS,,,,,,SS/UTIL
119256-82977,SS/3B/2B,Isiah,Isiah Kiner-Falefa,Kiner-Falefa,6.947474624171401,99,2600,CIN@PIT,PIT,CIN,,,,,,2B/3B/SS/UTIL
119256-222287,SS/2B,Chase,Chase Meidroth,Meidroth,7.639285859607515,84,2600,CWS@SEA,CWS,SEA,DTD,Thumb,,,,2B/SS/UTIL
119256-189530,OF,Dominic,Dominic Canzone,Canzone,7.733333587646484,48,2600,CWS@SEA,SEA,CWS,,,,,,OF/UTIL
119256-85254,C,Joey,Joey Bart,Bart,6.134328358208955,67,2600,CIN@PIT,PIT,CIN,,,,,,C/1B/UTIL
119256-79165,2B/OF,Gavin,Gavin Lux,Lux,7.387999877929688,100,2600,CIN@PIT,CIN,PIT,,,,,,2B/OF/UTIL
119256-79195,OF/1B/3B,Miguel,Miguel Andujar,Andujar,8.004761710999505,63,2600,CIN@PIT,CIN,PIT,,,,,,C/1B/3B/OF/UTIL
119256-136672,OF,Michael,Michael Harris II,Harris II,7.883783563837275,111,2600,MIA@ATL,ATL,MIA,,,,,,OF/UTIL
119256-164506,2B/3B,Connor,Connor Norby,Norby,7.8972218831380205,72,2600,MIA@ATL,MIA,ATL,IL,Wrist,,,,2B/3B/UTIL
119256-165583,C,Edgar,Edgar Quero,Quero,6.730555640326606,72,2600,CWS@SEA,CWS,SEA,,,,,,C/1B/UTIL
119256-119326,3B/OF,Rece,Rece Hinds,Hinds,4.579999796549479,15,2500,CIN@PIT,CIN,PIT,,,,,,3B/OF/UTIL
119256-206383,2B/SS/OF,Brooks,Brooks Baldwin,Baldwin,6.04923095703125,65,2500,CWS@SEA,CWS,SEA,,,,,,2B/SS/OF/UTIL
119256-222844,SS/2B,Cole,Cole Young,Young,6.832000122070313,50,2500,CWS@SEA,SEA,CWS,,,,,,2B/SS/UTIL
119256-220835,C/1B,Liam,Liam Hicks,Hicks,6.496202686164953,79,2500,MIA@ATL,MIA,ATL,,,,,,C/1B/UTIL
119256-165703,OF,Heriberto,Heriberto Hernandez,Hernandez,8.257142566499256,42,2500,MIA@ATL,MIA,ATL,,,,,,OF/UTIL
119256-102363,OF/1B,Luke,Luke Raley,Raley,7.4244895467952805,49,2500,CWS@SEA,SEA,CWS,IL,Back,,,,C/1B/OF/UTIL
119256-102402,OF,Alexander,Alexander Canario,Canario,5.364406779661017,59,2400,CIN@PIT,PIT,CIN,,,,,,OF/UTIL
119256-102418,OF,Eli,Eli White,White,6.86202500741693,79,2400,MIA@ATL,ATL,MIA,,,,,,OF/UTIL
119256-83173,C,Jose,Jose Trevino,Trevino,6.378461632361779,65,2400,CIN@PIT,CIN,PIT,,,,,,C/1B/UTIL
119256-79216,3B,Ke'Bryan,Ke'Bryan Hayes,Hayes,6.759433962264151,106,2400,CIN@PIT,CIN,PIT,,,,,,3B/UTIL
119256-21074,OF,Michael A.,Michael A. Taylor,Taylor,5.5212765957446805,94,2400,CWS@SEA,CWS,SEA,,,,,,OF/UTIL
119256-181851,3B/2B/1B/SS,Jared,Jared Triolo,Triolo,5.195000203450521,60,2400,CIN@PIT,PIT,CIN,,,,,,C/1B/2B/3B/SS/UTIL
119256-81622,C,Mitch,Mitch Garver,Garver,6.748333231608073,60,2400,CWS@SEA,SEA,CWS,,,,,,C/1B/UTIL
119256-211756,SS/2B/3B/OF,Javier,Javier Sanoja,Sanoja,5.890243902439025,82,2400,MIA@ATL,MIA,ATL,,,,,,2B/3B/SS/OF/UTIL
119256-189389,OF,Dane,Dane Myers,Myers,6.851190476190476,84,2400,MIA@ATL,MIA,ATL,,,,,,OF/UTIL
119256-68563,OF,Victor,Victor Robles,Robles,8.609999847412109,10,2400,CWS@SEA,SEA,CWS,IL,Shoulder,,,,OF/UTIL
119256-223299,3B,Ben,Ben Williamson,Williamson,6.172941320082721,85,2300,CWS@SEA,SEA,CWS,,,,,,3B/UTIL
119256-102577,2B/3B/OF,Santiago,Santiago Espinal,Espinal,4.611340080339884,97,2300,CIN@PIT,CIN,PIT,,,,,,2B/3B/OF/UTIL
119256-60636,OF,Derek,Derek Hill,Hill,6.714285714285714,35,2300,MIA@ATL,MIA,ATL,,,,,,OF/UTIL
119256-101753,2B/SS/3B/OF,Dylan,Dylan Moore,Moore,5.8524389499571265,82,2300,CWS@SEA,SEA,CWS,,,,,,2B/3B/SS/OF/UTIL
119256-101910,1B/OF,Connor,Connor Joe,Joe,2.557142893473307,42,2300,CIN@PIT,CIN,PIT,,,,,,C/1B/OF/UTIL
119256-113309,3B/2B/OF,Josh,Josh Rojas,Rojas,4.647692401592548,65,2300,CWS@SEA,CWS,SEA,,,,,,2B/3B/OF/UTIL
119256-165654,C/OF,Henry,Henry Davis,Davis,4.896610066042108,59,2300,CIN@PIT,PIT,CIN,,,,,,C/1B/OF/UTIL
119256-165701,3B/2B/1B,Curtis,Curtis Mead,Mead,5.260784074371936,51,2300,CWS@SEA,CWS,SEA,,,,,,C/1B/2B/3B/UTIL
119256-211919,1B/3B/OF,Eric,Eric Wagaman,Wagaman,6.987128833732982,101,2300,MIA@ATL,MIA,ATL,,,,,,C/1B/3B/OF/UTIL
119256-102380,SS,Nick,Nick Allen,Allen,4.955769465519832,104,2300,MIA@ATL,ATL,MIA,,,,,,SS/UTIL
119256-13412,3B/1B,Donovan,Donovan Solano,Solano,4.449999809265137,64,2200,CWS@SEA,SEA,CWS,,,,,,C/1B/3B/UTIL
119256-231534,1B/OF,Troy,Troy Johnston,Johnston,3.779999923706055,5,2200,MIA@ATL,MIA,ATL,,,,,,C/1B/OF/UTIL
119256-226832,1B,Tim,Tim Elko,Elko,6.709999847412109,20,2200,CWS@SEA,CWS,SEA,,,,,,C/1B/UTIL
119256-119346,C,Korey,Korey Lee,Lee,4.421428680419922,14,2200,CWS@SEA,CWS,SEA,,,,,,C/1B/UTIL
119256-206608,SS/2B/3B,Nacho,Nacho Alvarez Jr.,Alvarez Jr.,4.9636362249201,11,2200,MIA@ATL,ATL,MIA,,,,,,2B/3B/SS/UTIL
119256-163696,OF,Jack,Jack Suwinski,Suwinski,5.478787971265389,33,2200,CIN@PIT,PIT,CIN,,,,,,OF/UTIL
119256-183187,1B/3B,Christian,Christian Encarnacion-Strand,Encarnacion-Strand,7.502777947319879,36,2200,CIN@PIT,CIN,PIT,,,,,,C/1B/3B/UTIL
119256-180208,2B/3B/SS/OF,Miles,Miles Mastrobuoni,Mastrobuoni,4.27027027027027,74,2200,CWS@SEA,SEA,CWS,,,,,,2B/3B/SS/OF/UTIL
119256-102398,OF,Jarred,Jarred Kelenic,Kelenic,4.100000063578288,24,2200,MIA@ATL,ATL,MIA,,,,,,OF/UTIL
119256-135282,OF,Joshua,Joshua Palacios,Palacios,4.543137195063572,51,2100,CWS@SEA,CWS,SEA,,,,,,OF/UTIL
119256-102563,3B/2B/SS,Jonathan,Jonathan Ornelas,Ornelas,0.75,4,2100,MIA@ATL,ATL,MIA,,,,,,2B/3B/SS/UTIL
119256-152972,2B/OF/SS/3B,Luke,Luke Williams,Williams,1.9026316592567845,38,2100,MIA@ATL,ATL,MIA,,,,,,2B/3B/SS/OF/UTIL
119256-119351,SS/2B/3B,Jake,Jake Amaya,Amaya,2.4323528514188877,34,2100,CWS@SEA,CWS,SEA,,,,,,2B/3B/SS/UTIL
119256-82567,1B/OF,Ryan,Ryan Vilade,Vilade,1.524999976158142,8,2100,CIN@PIT,CIN,PIT,,,,,,C/1B/OF/UTIL
119256-164498,2B,Ryan,Ryan Bliss,Bliss,6.427272449840199,11,2100,CWS@SEA,SEA,CWS,IL,Biceps,,,,2B/UTIL
119256-199342,3B/2B/1B,Graham,Graham Pauley,Pauley,5.0711110432942705,45,2100,MIA@ATL,MIA,ATL,,,,,,C/1B/2B/3B/UTIL
119256-198359,3B,Deyvison,Deyvison De Los Santos,De Los Santos,0,2,2100,MIA@ATL,MIA,ATL,,,,,,3B/UTIL
119256-169769,3B/SS/2B,Vinny,Vinny Capra,Capra,2.723404255319149,47,2100,CWS@SEA,CWS,SEA,,,,,,2B/3B/SS/UTIL
119256-102349,SS/2B,Leo,Leo Rivas,Rivas,5.8600001017252605,30,2100,CWS@SEA,SEA,CWS,,,,,,2B/SS/UTIL
119256-198658,OF/2B,Ronny,Ronny Simon,Simon,5.089473523591694,19,2000,CIN@PIT,PIT,CIN,,,,,,2B/OF/UTIL
119256-171037,C,Jason,Jason Delay,Delay,6.400000095367432,8,2000,MIA@ATL,ATL,MIA,,,,,,C/1B/UTIL
119256-135242,C,P.J.,P.J. Higgins,Higgins,0,2,2000,CIN@PIT,CIN,PIT,,,,,,C/1B/UTIL
119256-135246,OF,Dominic,Dominic Fletcher,Fletcher,4.406944274902344,72,2000,CWS@SEA,CWS,SEA,,,,,,OF/UTIL
119256-222286,OF,Braden,Braden Montgomery,Montgomery,,0,2000,CWS@SEA,CWS,SEA,,,,,,OF/UTIL
119256-135255,C,Brian,Brian Navarreto,Navarreto,,0,2000,MIA@ATL,MIA,ATL,,,,,,C/1B/UTIL
119256-135267,2B,Kaden,Kaden Polcovich,Polcovich,,0,2000,CWS@SEA,SEA,CWS,,,,,,2B/UTIL
119256-102499,SS,Bryson,Bryson Brigman,Brigman,,0,2000,CIN@PIT,CIN,PIT,,,,,,SS/UTIL
119256-135265,1B,Austin,Austin Shenton,Shenton,4.7549999237060545,20,2000,CWS@SEA,SEA,CWS,,,,,,C/1B/UTIL
119256-135269,OF,Zach,Zach DeLoach,DeLoach,6.065217391304348,23,2000,CWS@SEA,CWS,SEA,,,,,,OF/UTIL
119256-102512,OF,Carlos,Carlos Rodriguez,Rodriguez,,0,2000,MIA@ATL,ATL,MIA,,,,,,OF/UTIL
119256-197761,C,Jair,Jair Camargo,Camargo,1.0333333015441895,6,2000,MIA@ATL,ATL,MIA,,,,,,C/1B/UTIL
119256-197764,C,Blake,Blake Hunt,Hunt,0,1,2000,CWS@SEA,SEA,CWS,,,,,,C/1B/UTIL
119256-184479,OF,Corey,Corey Julks,Julks,0,2,2000,CWS@SEA,CWS,SEA,,,,,,OF/UTIL
119256-102578,OF,Griffin,Griffin Conine,Conine,8.075,20,2000,MIA@ATL,MIA,ATL,IL,Shoulder,,,,OF/UTIL
119256-195795,C,Chandler,Chandler Seagle,Seagle,,0,2000,MIA@ATL,ATL,MIA,,,,,,C/1B/UTIL
119256-198878,3B,Sal,Sal Stewart,Stewart,,0,2000,CIN@PIT,CIN,PIT,,,,,,3B/UTIL
119256-146671,OF,Austin,Austin Hendrick,Hendrick,,0,2000,CIN@PIT,CIN,PIT,,,,,,OF/UTIL
119256-146668,2B,Nick,Nick Yorke,Yorke,8.754545731977982,11,2000,CIN@PIT,PIT,CIN,,,,,,2B/UTIL
119256-198931,SS,Felnin,Felnin Celesten,Celesten,,0,2000,CWS@SEA,SEA,CWS,,,,,,SS/UTIL
119256-146715,C/1B,Endy,Endy Rodriguez,Rodriguez,4.277777777777778,18,2000,CIN@PIT,PIT,CIN,IL,Elbow,,,,C/1B/UTIL
119256-85274,OF,DJ,DJ Stewart,Stewart,4.864473844829359,76,2000,CIN@PIT,PIT,CIN,,,,,,OF/UTIL
119256-197918,SS,Tsung-Che,Tsung-Che Cheng,Cheng,0,3,2000,CIN@PIT,PIT,CIN,,,,,,SS/UTIL
119256-197917,OF,Victor,Victor Mesa Jr.,Mesa Jr.,3.924999952316284,4,2000,MIA@ATL,MIA,ATL,,,,,,OF/UTIL
119256-146731,SS/2B,Alika,Alika Williams,Williams,4.191892056851773,37,2000,CIN@PIT,PIT,CIN,,,,,,2B/SS/UTIL
119256-79156,SS/2B,David,David Fletcher,Fletcher,2.1666666666666665,6,2000,MIA@ATL,ATL,MIA,,,,,,2B/SS/UTIL
119256-79174,C,Jacob,Jacob Nottingham,Nottingham,,0,2000,CWS@SEA,SEA,CWS,,,,,,C/1B/UTIL
119256-226686,OF,Rhylan,Rhylan Thomas,Thomas,7.466666539510091,3,2000,CWS@SEA,SEA,CWS,,,,,,OF/UTIL
119256-181642,2B/OF/1B,Enmanuel,Enmanuel Valdez,Valdez,6.335483674080141,31,2000,CIN@PIT,PIT,CIN,IL,Shoulder,,,,C/1B/2B/OF/UTIL
119256-79263,OF,Leody,Leody Taveras,Taveras,5.622413898336476,58,2000,CWS@SEA,SEA,CWS,,,,,,OF/UTIL
119256-101821,1B,Edwin,Edwin Rios,Rios,1.8399999618530274,5,2000,CIN@PIT,CIN,PIT,,,,,,C/1B/UTIL
119256-180694,OF,Cade,Cade Marlowe,Marlowe,1.355555534362793,9,2000,CWS@SEA,SEA,CWS,,,,,,OF/UTIL
119256-219661,SS,Jared,Jared Serna,Serna,,0,2000,MIA@ATL,MIA,ATL,,,,,,SS/UTIL
119256-119325,2B/OF,Tyler,Tyler Callihan,Callihan,1.625,4,2000,CIN@PIT,CIN,PIT,IL,Wrist,,,,2B/OF/UTIL
119256-95772,C,Beau,Beau Taylor,Taylor,,0,2000,CWS@SEA,SEA,CWS,,,,,,C/1B/UTIL
119256-119327,SS,Ivan,Ivan Johnson,Johnson,,0,2000,CIN@PIT,CIN,PIT,,,,,,SS/UTIL
119256-207395,C,Eric,Eric Yang,Yang,0,1,2000,CIN@PIT,CIN,PIT,,,,,,C/1B/UTIL
119256-222781,3B,Cam,Cam Collier,Collier,,0,2000,CIN@PIT,CIN,PIT,,,,,,3B/UTIL
119256-222780,SS,Starlyn,Starlyn Caba,Caba,,0,2000,MIA@ATL,MIA,ATL,,,,,,SS/UTIL
119256-167500,OF,Joey,Joey Wiemer,Wiemer,1.4476190294538225,21,2000,MIA@ATL,MIA,ATL,,,,,,OF/UTIL
119256-228949,SS,Cam,Cam Devanney,Devanney,,0,2000,CIN@PIT,PIT,CIN,,,,,,SS/UTIL
119256-181856,3B,Andre,Andre Lipcius,Lipcius,,0,2000,CWS@SEA,CWS,SEA,,,,,,3B/UTIL
119256-222823,SS,Konnor,Konnor Griffin,Griffin,,0,2000,CIN@PIT,PIT,CIN,,,,,,SS/UTIL
119256-222824,2B,Termarr,Termarr Johnson,Johnson,,0,2000,CIN@PIT,PIT,CIN,,,,,,2B/UTIL
119256-119407,OF,Sammy,Sammy Siani,Siani,,0,2000,CIN@PIT,PIT,CIN,,,,,,OF/UTIL
119256-119408,2B/OF,Ji Hwan,Ji Hwan Bae,Bae,3.942857197352818,7,2000,CIN@PIT,PIT,CIN,,,,,,2B/OF/UTIL
119256-226928,1B/2B/SS/3B,Jack,Jack Winkler,Winkler,1.3818181644786487,11,2000,MIA@ATL,MIA,ATL,,,,,,C/1B/2B/3B/SS/UTIL
119256-222839,SS,Colt,Colt Emerson,Emerson,,0,2000,CWS@SEA,SEA,CWS,,,,,,SS/UTIL
119256-222842,2B,Michael,Michael Arroyo,Arroyo,,0,2000,CWS@SEA,SEA,CWS,,,,,,2B/UTIL
119256-222841,OF,Lazaro,Lazaro Montes,Montes,,0,2000,CWS@SEA,SEA,CWS,,,,,,OF/UTIL
119256-222840,OF,Jonny,Jonny Farmelo,Farmelo,,0,2000,CWS@SEA,SEA,CWS,IL,Ribs,,,,OF/UTIL
119256-119421,3B,Malcom,Malcom Nunez,Nunez,,0,2000,CIN@PIT,PIT,CIN,IL,Undisclosed,,,,3B/UTIL
119256-82558,OF,Conner,Conner Capel,Capel,2.171428544180734,7,2000,MIA@ATL,ATL,MIA,,,,,,OF/UTIL
119256-165510,OF,Jay,Jay Allen,Allen,,0,2000,CIN@PIT,CIN,PIT,,,,,,OF/UTIL
119256-165511,C,Mat,Mat Nelson,Nelson,,0,2000,CIN@PIT,CIN,PIT,,,,,,C/1B/UTIL
119256-165515,OF,Malvin,Malvin Valdez,Valdez,,0,2000,CIN@PIT,CIN,PIT,,,,,,OF/UTIL
119256-119436,SS,Maximo,Maximo Acosta,Acosta,,0,2000,MIA@ATL,MIA,ATL,,,,,,SS/UTIL
119256-165517,OF,Ariel,Ariel Almonte,Almonte,,0,2000,CIN@PIT,CIN,PIT,,,,,,OF/UTIL
119256-119440,3B/2B,Davis,Davis Wendzel,Wendzel,1.8714286259242467,28,2000,CIN@PIT,CIN,PIT,,,,,,2B/3B/UTIL
119256-164501,SS,Cal,Cal Conley,Conley,,0,2000,MIA@ATL,ATL,MIA,,,,,,SS/UTIL
119256-203417,C,Nick,Nick Raposo,Raposo,,0,2000,CWS@SEA,SEA,CWS,,,,,,C/1B/UTIL
119256-164508,OF,Jesse,Jesse Franklin,Franklin,,0,2000,MIA@ATL,ATL,MIA,,,,,,OF/UTIL
119256-165533,3B,Wes,Wes Kath,Kath,,0,2000,CWS@SEA,CWS,SEA,,,,,,3B/UTIL
119256-226979,OF,Will,Will Robertson,Robertson,2.242857115609305,7,2000,CWS@SEA,CWS,SEA,,,,,,OF/UTIL
119256-165540,3B,Bryan,Bryan Ramos,Ramos,6.063636548591383,33,2000,CWS@SEA,CWS,SEA,,,,,,3B/UTIL
119256-82620,2B,Nick,Nick Solak,Solak,0.75,4,2000,CIN@PIT,PIT,CIN,,,,,,2B/UTIL
119256-17105,C,Sandy,Sandy Leon,Leon,0,1,2000,MIA@ATL,ATL,MIA,,,,,,C/1B/UTIL
119256-103125,2B/SS/OF,Jack,Jack Lopez,Lopez,3.8551725190261315,29,2000,CWS@SEA,SEA,CWS,,,,,,2B/SS/OF/UTIL
119256-165602,C,Joe,Joe Mack,Mack,,0,2000,MIA@ATL,MIA,ATL,,,,,,C/1B/UTIL
119256-165603,SS,Yiddi,Yiddi Cappe,Cappe,,0,2000,MIA@ATL,MIA,ATL,,,,,,SS/UTIL
119256-181990,C/OF,Blake,Blake Sabol,Sabol,2.737499952316284,8,2000,CWS@SEA,CWS,SEA,,,,,,C/1B/OF/UTIL
119256-165607,SS,Jordan,Jordan McCants,McCants,,0,2000,MIA@ATL,MIA,ATL,,,,,,SS/UTIL
119256-165608,2B,Cody,Cody Morissette,Morissette,,0,2000,MIA@ATL,MIA,ATL,,,,,,2B/UTIL
119256-202502,OF,Blake,Blake Dunn,Dunn,4.983333333333333,30,2000,CIN@PIT,CIN,PIT,,,,,,OF/UTIL
119256-165658,SS,Maikol,Maikol Escotto,Escotto,,0,2000,CIN@PIT,PIT,CIN,,,,,,SS/UTIL
119256-165656,OF,Lonnie,Lonnie White,White,,0,2000,CIN@PIT,PIT,CIN,,,,,,OF/UTIL
119256-165663,SS,Victor,Victor Acosta,Acosta,,0,2000,CIN@PIT,CIN,PIT,,,,,,SS/UTIL
119256-165667,OF,Samuel,Samuel Zavala,Zavala,,0,2000,CWS@SEA,CWS,SEA,,,,,,OF/UTIL
119256-165675,SS,Edwin,Edwin Arroyo,Arroyo,,0,2000,CIN@PIT,CIN,PIT,,,,,,SS/UTIL
119256-165672,C,Harry,Harry Ford,Ford,,0,2000,CWS@SEA,SEA,CWS,,,,,,C/1B/UTIL
119256-165679,3B,Milkar,Milkar Perez,Perez,,0,2000,CWS@SEA,SEA,CWS,,,,,,3B/UTIL
119256-165681,3B,Starlin,Starlin Aguilar,Aguilar,,0,2000,CWS@SEA,SEA,CWS,,,,,,3B/UTIL
119256-211774,1B/OF,Billy,Billy Cook,Cook,3.066666603088379,3,2000,CIN@PIT,PIT,CIN,,,,,,C/1B/OF/UTIL
119256-119626,OF,Hudson,Hudson Head,Head,,0,2000,CIN@PIT,PIT,CIN,,,,,,OF/UTIL
119256-119634,SS/2B,Liover,Liover Peguero,Peguero,9.349999564034599,14,2000,CIN@PIT,PIT,CIN,,,,,,2B/SS/UTIL
119256-165718,2B/OF,Samad,Samad Taylor,Taylor,1.5499999523162842,4,2000,CWS@SEA,SEA,CWS,,,,,,2B/OF/UTIL
119256-163679,3B,Joe,Joe Perez,Perez,,0,2000,CWS@SEA,CWS,SEA,,,,,,3B/UTIL
119256-163694,SS,Eddys,Eddys Leonard,Leonard,0,1,2000,MIA@ATL,ATL,MIA,,,,,,SS/UTIL
119256-174963,SS,Charles,Charles Leblanc,Leblanc,8.290908813476562,11,2000,MIA@ATL,ATL,MIA,,,,,,SS/UTIL
119256-203641,SS,Levi,Levi Jordan,Jordan,1.8142856870378767,7,2000,CIN@PIT,CIN,PIT,,,,,,SS/UTIL
119256-171923,1B,Darick,Darick Hall,Hall,0,2,2000,CIN@PIT,PIT,CIN,,,,,,C/1B/UTIL
119256-163772,C,Brett,Brett Sullivan,Sullivan,6.400000254313151,3,2000,CIN@PIT,PIT,CIN,,,,,,C/1B/UTIL
119256-171986,3B,Matthew,Matthew Batten,Batten,4.5,2,2000,MIA@ATL,ATL,MIA,,,,,,3B/UTIL
119256-102359,C,Will,Will Banfield,Banfield,,0,2000,CIN@PIT,CIN,PIT,,,,,,C/1B/UTIL