Id,Position,First Name,Nickname,Last Name,FPPG,Played,Salary,Game,Team,Opponent,Injury Indicator,Injury Details,Tier,Probable Pitcher,Batting Order,Roster Position
117735-16960,P,Zack,Zack Wheeler,Wheeler,42.25,12,11200,PHI@PIT,PHI,PIT,IL,Personal,,,,P
117735-146687,P,Hunter,Hunter Brown,Brown,43,12,11000,HOU@CLE,HOU,CLE,,,,Yes,,P
117735-197980,P,Paul,Paul Skenes,Skenes,39.38461538461539,13,11000,PHI@PIT,PIT,PHI,,,,,,P
117735-13233,P,Nathan,Nathan Eovaldi,Eovaldi,37.25,12,10400,TEX@WSH,TEX,WSH,IL,Triceps,,,,P
117735-83157,P,Ranger,Ranger Suarez,Suarez,36.5,6,10400,PHI@PIT,PHI,PIT,,,,Yes,,P
117735-53029,P,Robbie,Robbie Ray,Ray,39.53846153846154,13,10400,ATL@SF,SF,ATL,,,,,,P
117735-101839,P,Logan,Logan Webb,Webb,39.53846153846154,13,10300,ATL@SF,SF,ATL,,,,Yes,,P
117735-85599,P,Framber,Framber Valdez,Valdez,38.15384615384615,13,10300,HOU@CLE,HOU,CLE,,,,,,P
117735-79280,P,Jesus,Jesus Luzardo,Luzardo,32.07692307692308,13,10200,PHI@PIT,PHI,PIT,,,,,,P
117735-102330,P,Kris,Kris Bubic,Bubic,41.083333333333336,12,10200,KC@CWS,KC,CWS,,,,,,P
117735-12477,P,Chris,Chris Sale,Sale,36.84615384615385,13,10100,ATL@SF,ATL,SF,,,,,,P
117735-118225,P,Cristopher,Cristopher Sanchez,Sanchez,33.916666666666664,12,10100,PHI@PIT,PHI,PIT,,,,,,P
117735-82635,P,MacKenzie,MacKenzie Gore,Gore,40.61538461538461,13,10000,TEX@WSH,WSH,TEX,,,,,,P
117735-164503,P,Spencer,Spencer Schwellenbach,Schwellenbach,34.15384615384615,13,9900,ATL@SF,ATL,SF,,,,,,P
117735-60647,P,Aaron,Aaron Nola,Nola,24.555555555555557,9,9900,PHI@PIT,PHI,PIT,IL,Ankle,,,,P
117735-52859,P,Jacob,Jacob deGrom,deGrom,33.5,12,9700,TEX@WSH,TEX,WSH,,,,Yes,,P
117735-11328,P,Martin,Martin Perez,Perez,26.75,4,9400,KC@CWS,CWS,KC,IL,Elbow,,,,P
117735-198885,P,Spencer,Spencer Arrighetti,Arrighetti,22.5,2,9300,HOU@CLE,HOU,CLE,IL,Thumb,,,,P
117735-79270,P,Cole,Cole Ragans,Ragans,31,10,9300,KC@CWS,KC,CWS,,,,,,P
117735-102407,P,Shane,Shane McClanahan,McClanahan,0,1,9200,MIA@TB,TB,MIA,IL,Triceps,,,,P
117735-135343,P,Max,Max Meyer,Meyer,27.833333333333332,12,9200,MIA@TB,MIA,TB,IL,Hip,,,,P
117735-82554,P,Shane,Shane Bieber,Bieber,58,5,9200,HOU@CLE,CLE,HOU,IL,Elbow,,,,P
117735-162445,P,Spencer,Spencer Strider,Strider,19.5,4,9200,ATL@SF,ATL,SF,,,,,,P
117735-68491,P,Reynaldo,Reynaldo Lopez,Lopez,9,1,9200,ATL@SF,ATL,SF,IL,Shoulder,,,,P
117735-83166,P,Zack,Zack Littell,Littell,28.53846153846154,13,9200,MIA@TB,TB,MIA,,,,,,P
117735-135647,P,Ryan,Ryan Pepiot,Pepiot,30.23076923076923,13,9000,MIA@TB,TB,MIA,,,,,,P
117735-219697,P,Noah,Noah Cameron,Cameron,35,5,9000,KC@CWS,KC,CWS,,,,,,P
117735-79109,P,Tyler,Tyler Mahle,Mahle,29.46153846153846,13,9000,TEX@WSH,TEX,WSH,,,,,,P
117735-146725,P,Jared,Jared Jones,Jones,30.59090909090909,22,8900,PHI@PIT,PIT,PHI,IL,Elbow,,,,P
117735-71034,P,Seth,Seth Lugo,Lugo,28.363636363636363,11,8900,KC@CWS,KC,CWS,,,,,,P
117735-165698,P,Taj,Taj Bradley,Bradley,30.583333333333332,12,8900,MIA@TB,TB,MIA,,,,Yes,,P
117735-119361,P,Drew,Drew Rasmussen,Rasmussen,29.5,12,8800,MIA@TB,TB,MIA,,,,,,P
117735-37999,P,Michael,Michael Wacha,Wacha,27.333333333333332,12,8800,KC@CWS,KC,CWS,,,,Yes,,P
117735-146717,P,Mick,Mick Abel,Abel,37,2,8700,PHI@PIT,PHI,PIT,,,,,,P
117735-79217,P,Mitch,Mitch Keller,Keller,26.846153846153847,13,8700,PHI@PIT,PIT,PHI,,,,,,P
117735-102395,P,Ryan,Ryan Weathers,Weathers,29.75,4,8700,MIA@TB,MIA,TB,,,,Yes,,P
117735-164509,P,AJ,AJ Smith-Shawver,Smith-Shawver,25.333333333333332,9,8600,ATL@SF,ATL,SF,IL,Elbow,,,,P
117735-82599,P,Edward,Edward Cabrera,Cabrera,25.4,10,8600,MIA@TB,MIA,TB,,,,,,P
117735-165518,P,Gavin,Gavin Williams,Williams,28.583333333333332,12,8600,HOU@CLE,CLE,HOU,,,,Yes,,P
117735-168872,P,Ronel,Ronel Blanco,Blanco,28.555555555555557,9,8500,HOU@CLE,HOU,CLE,IL,Elbow,,,,P
117735-66766,P,Adrian,Adrian Houser,Houser,35.333333333333336,3,8500,KC@CWS,CWS,KC,,,,Yes,,P
117735-79207,P,Grant,Grant Holmes,Holmes,27.307692307692307,13,8500,ATL@SF,ATL,SF,,,,,,P
117735-52159,P,Lance,Lance McCullers Jr.,McCullers Jr.,25,6,8300,HOU@CLE,HOU,CLE,,,,,,P
117735-199728,P,Landen,Landen Roupp,Roupp,28.25,12,8300,ATL@SF,SF,ATL,,,,,,P
117735-165636,P,Hayden,Hayden Wesneski,Wesneski,24.833333333333332,6,8300,HOU@CLE,HOU,CLE,IL,Elbow,,,,P
117735-52728,P,Michael,Michael Lorenzen,Lorenzen,23.333333333333332,13,8200,KC@CWS,KC,CWS,,,,,,P
117735-165706,P,Jack,Jack Leiter,Leiter,25.3,10,8200,TEX@WSH,TEX,WSH,,,,,,P
117735-102684,P,Jake,Jake Irvin,Irvin,25.692307692307693,13,8100,TEX@WSH,WSH,TEX,,,,,,P
117735-220840,P,Shane,Shane Smith,Smith,28.333333333333332,12,8100,KC@CWS,CWS,KC,,,,,,P
117735-145625,P,Bailey,Bailey Falter,Falter,23.46153846153846,13,8000,PHI@PIT,PIT,PHI,,,,,,P
117735-203678,P,Hayden,Hayden Birdsong,Birdsong,16.266666666666666,15,8000,ATL@SF,SF,ATL,,,,,,P
117735-79245,P,Sandy,Sandy Alcantara,Alcantara,14.416666666666666,12,8000,MIA@TB,MIA,TB,,,,,,P
117735-211874,P,Kumar,Kumar Rocker,Rocker,12.333333333333334,6,7900,TEX@WSH,TEX,WSH,,,,,,P
117735-179725,P,Luis,Luis Ortiz,Ortiz,29.583333333333332,12,7900,HOU@CLE,CLE,HOU,,,,,,P
117735-82630,P,Shane,Shane Baz,Baz,26.166666666666668,12,7800,MIA@TB,TB,MIA,,,,,,P
117735-5202,P,Justin,Justin Verlander,Verlander,21.7,10,7800,ATL@SF,SF,ATL,IL,Pectoral,,,,P
117735-185501,P,Tanner,Tanner Bibee,Bibee,27.5,12,7800,HOU@CLE,CLE,HOU,,,,,,P
117735-79073,P,Michael,Michael Soroka,Soroka,26,7,7800,TEX@WSH,WSH,TEX,,,,,,P
117735-185896,P,Cody,Cody Bradford,Bradford,29.785714285714285,14,7800,TEX@WSH,TEX,WSH,IL,Elbow,,,,P
117735-165655,P,Bubba,Bubba Chandler,Chandler,,0,7800,PHI@PIT,PIT,PHI,,,,,,P
117735-79228,P,Cal,Cal Quantrill,Quantrill,16.583333333333332,12,7700,MIA@TB,MIA,TB,,,,,,P
117735-170315,P,Davis,Davis Martin,Martin,24.153846153846153,13,7600,KC@CWS,CWS,KC,,,,,,P
117735-21097,P,Taijuan,Taijuan Walker,Walker,19.818181818181817,11,7600,PHI@PIT,PHI,PIT,,,,,,P
117735-82638,P,Jordan,Jordan Hicks,Hicks,14.153846153846153,13,7600,ATL@SF,SF,ATL,IL,Toe,,,,P
117735-52167,P,Andrew,Andrew Heaney,Heaney,24.916666666666668,12,7600,PHI@PIT,PIT,PHI,,,,Yes,,P
117735-164532,P,DJ,DJ Herz,Herz,25.94736842105263,19,7500,TEX@WSH,WSH,TEX,IL,Elbow,,,,P
117735-97300,P,John,John Means,Means,28,5,7500,HOU@CLE,CLE,HOU,IL,Elbow,,,,P
117735-146663,P,Slade,Slade Cecconi,Cecconi,24.5,4,7500,HOU@CLE,CLE,HOU,,,,,,P
117735-146664,P,Bryce,Bryce Elder,Elder,23.555555555555557,9,7500,ATL@SF,ATL,SF,,,,Yes,,P
117735-79118,P,Triston,Triston McKenzie,McKenzie,2,4,7500,HOU@CLE,CLE,HOU,,,,,,P
117735-13664,P,Patrick,Patrick Corbin,Corbin,24.636363636363637,11,7500,TEX@WSH,TEX,WSH,,,,,,P
117735-165573,P,Alec,Alec Marsh,Marsh,24.423076923076923,26,7500,KC@CWS,KC,CWS,IL,Shoulder,,,,P
117735-165599,P,Eury,Eury Perez,Perez,0,2,7500,MIA@TB,MIA,TB,IL,Elbow,,,,P
117735-200581,P,Jonathan,Jonathan Cannon,Cannon,22.083333333333332,12,7500,KC@CWS,CWS,KC,IL,Back,,,,P
117735-219662,P,Colton,Colton Gordon,Gordon,22.6,5,7400,HOU@CLE,HOU,CLE,,,,,,P
117735-60646,P,Ben,Ben Lively,Lively,20.555555555555557,9,7400,HOU@CLE,CLE,HOU,IL,Elbow,,,,P
117735-146724,P,Carmen,Carmen Mlodzinski,Mlodzinski,14.88888888888889,9,7400,PHI@PIT,PIT,PHI,,,,,,P
117735-165543,P,Sean,Sean Burke,Burke,23,13,7400,KC@CWS,CWS,KC,,,,,,P
117735-68483,P,Trevor,Trevor Williams,Williams,18.5,12,7200,TEX@WSH,WSH,TEX,,,,,,P
117735-203679,P,Valente,Valente Bellozo,Bellozo,18,8,7200,MIA@TB,MIA,TB,,,,,,P
117735-185490,P,Logan,Logan Allen,Allen,18.833333333333332,12,7200,HOU@CLE,CLE,HOU,,,,,,P
117735-146733,P,Kyle,Kyle Harrison,Harrison,13.142857142857142,7,7200,ATL@SF,SF,ATL,DTD,Elbow,,,,P
117735-135212,P,Luis,Luis Garcia,Garcia,0,1,7000,HOU@CLE,HOU,CLE,IL,Elbow,,,,P
117735-52155,P,Jon,Jon Gray,Gray,20.47826086956522,24,7000,TEX@WSH,TEX,WSH,IL,Wrist,,,,P
117735-79076,P,Kolby,Kolby Allard,Allard,9.9,10,7000,HOU@CLE,CLE,HOU,,,,,,P
117735-165731,P,Mitchell,Mitchell Parker,Parker,21.916666666666668,12,7000,TEX@WSH,WSH,TEX,,,,Yes,,P
117735-102335,P,Cristian,Cristian Javier,Javier,24.285714285714285,8,7000,HOU@CLE,HOU,CLE,IL,Elbow,,,,P
117735-213198,P,Ryan,Ryan Gusto,Gusto,15.285714285714286,14,6900,HOU@CLE,HOU,CLE,,,,,,P
117735-102569,P,Michael,Michael Mercado,Mercado,5.4,5,6800,PHI@PIT,PHI,PIT,,,,,,P
117735-198916,P,Thomas,Thomas Harrington,Harrington,9,2,6800,PHI@PIT,PIT,PHI,,,,,,P
117735-119411,P,Joey,Joey Cantillo,Cantillo,7.761904761904762,21,6800,HOU@CLE,CLE,HOU,,,,,,P
117735-79078,P,Ian,Ian Anderson,Anderson,2.2857142857142856,7,6800,ATL@SF,ATL,SF,,,,,,P
117735-222885,P,Brad,Brad Lord,Lord,10.526315789473685,20,6800,TEX@WSH,WSH,TEX,,,,,,P
117735-165659,P,Mike,Mike Burrows,Burrows,18.666666666666668,3,6800,PHI@PIT,PIT,PHI,,,,,,P
117735-102333,P,Daniel,Daniel Lynch IV,Lynch IV,5.222222222222222,27,6600,KC@CWS,KC,CWS,,,,,,P
117735-198917,P,Drew,Drew Thorpe,Thorpe,18.333333333333332,9,6500,KC@CWS,CWS,KC,IL,Elbow,,,,P
117735-12936,P,Kyle,Kyle Gibson,Gibson,-0.5,4,6500,MIA@TB,TB,MIA,,,,,,P
117735-79103,P,Dane,Dane Dunning,Dunning,12,1,6500,TEX@WSH,TEX,WSH,,,,,,P
117735-181805,P,J.P.,J.P. France,France,15.8,6,6500,HOU@CLE,HOU,CLE,IL,Shoulder,,,,P
117735-194939,P,Joe,Joe Boyle,Boyle,42,1,6400,MIA@TB,TB,MIA,,,,,,P
117735-219695,P,Luinder,Luinder Avila,Avila,,0,6400,KC@CWS,KC,CWS,IL,Undisclosed,,,,P
117735-170891,P,Davis,Davis Daniel,Daniel,6,1,6400,ATL@SF,ATL,SF,,,,,,P
117735-79147,P,Jakob,Jakob Junis,Junis,4.36,25,6400,HOU@CLE,CLE,HOU,,,,,,P
117735-102416,P,Tyler,Tyler Phillips,Phillips,5.15,20,6300,MIA@TB,MIA,TB,,,,,,P
117735-208114,P,Connor,Connor Gillispie,Gillispie,12,6,6300,MIA@TB,MIA,TB,,,,,,P
117735-73835,P,Ty,Ty Blach,Blach,9.15,20,6200,TEX@WSH,TEX,WSH,,,,,,P
117735-82534,P,Bryse,Bryse Wilson,Wilson,6.222222222222222,18,6200,KC@CWS,CWS,KC,,,,,,P
117735-119447,P,Joan,Joan Adon,Adon,3.25,8,6200,TEX@WSH,WSH,TEX,,,,,,P
117735-82636,P,Joey,Joey Lucchesi,Lucchesi,19,2,6200,ATL@SF,SF,ATL,,,,,,P
117735-199459,P,Nick,Nick Nastrini,Nastrini,11.666666666666666,9,6200,KC@CWS,CWS,KC,,,,,,P
117735-70559,P,Mike,Mike Clevinger,Clevinger,1.375,8,6200,KC@CWS,CWS,KC,IL,Undisclosed,,,,P
117735-181823,P,Keaton,Keaton Winn,Winn,17.666666666666668,12,6200,ATL@SF,SF,ATL,IL,Undisclosed,,,,P
117735-181833,P,Darius,Darius Vines,Vines,7.25,4,6200,ATL@SF,ATL,SF,IL,Undisclosed,,,,P
117735-202480,P,Adam,Adam Mazur,Mazur,11.625,8,6200,MIA@TB,MIA,TB,,,,,,P
117735-198872,P,Hurston,Hurston Waldrep,Waldrep,-4.5,2,6100,ATL@SF,ATL,SF,,,,,,P
117735-195785,P,Caleb,Caleb Boushley,Boushley,9,10,6100,TEX@WSH,TEX,WSH,,,,,,P
117735-102502,P,Josiah,Josiah Gray,Gray,6.5,3,6000,TEX@WSH,WSH,TEX,IL,Elbow,,,,P
117735-102446,P,Tristan,Tristan Beck,Beck,9,4,5900,ATL@SF,SF,ATL,,,,,,P
117735-135231,P,Jared,Jared Shuster,Shuster,3.4166666666666665,12,5900,KC@CWS,CWS,KC,,,,,,P
117735-199224,P,Mason,Mason Black,Black,14.444444444444445,9,5900,ATL@SF,SF,ATL,,,,,,P
117735-119449,P,Jackson,Jackson Rutledge,Rutledge,5.75,20,5900,TEX@WSH,WSH,TEX,,,,,,P
117735-161167,P,Glenn,Glenn Otto,Otto,0,1,5900,HOU@CLE,HOU,CLE,IL,Shoulder,,,,P
117735-177584,P,Xzavion,Xzavion Curry,Curry,2,3,5900,MIA@TB,MIA,TB,,,,,,P
117735-52873,P,Joe,Joe Ross,Ross,6.285714285714286,22,5900,PHI@PIT,PHI,PIT,,,,,,P
117735-165578,P,Ky,Ky Bush,Bush,14.25,4,5900,KC@CWS,CWS,KC,IL,Elbow,,,,P
117735-135208,P,Shawn,Shawn Dubin,Dubin,7.181818181818182,11,5700,HOU@CLE,HOU,CLE,,,,,,P
117735-102442,P,Freddy,Freddy Tarnok,Tarnok,0,1,5700,MIA@TB,MIA,TB,,,,,,P
117735-102487,P,Austin,Austin Cox,Cox,,0,5700,ATL@SF,ATL,SF,,,,,,P
117735-145610,P,Angel,Angel Zerpa,Zerpa,4.384615384615385,26,5700,KC@CWS,KC,CWS,,,,,,P
117735-198905,P,Mike,Mike Vasil,Vasil,10.5,18,5700,KC@CWS,CWS,KC,,,,,,P
117735-119431,P,Seth,Seth Johnson,Johnson,3,1,5700,PHI@PIT,PHI,PIT,,,,,,P
117735-82573,P,Alex,Alex Faedo,Faedo,8.054054054054054,37,5700,MIA@TB,TB,MIA,IL,Shoulder,,,,P
117735-164511,P,Dylan,Dylan Dodd,Dodd,4,2,5700,ATL@SF,ATL,SF,,,,,,P
117735-79079,P,Joey,Joey Wentz,Wentz,6.315789473684211,19,5700,PHI@PIT,PIT,PHI,,,,,,P
117735-79126,P,Forrest,Forrest Whitley,Whitley,3.2,5,5700,HOU@CLE,HOU,CLE,,,,,,P
117735-161275,P,Kyle,Kyle Tyler,Tyler,14.125,8,5700,PHI@PIT,PHI,PIT,,,,,,P
117735-79873,P,Dylan,Dylan Covey,Covey,0,2,5500,ATL@SF,ATL,SF,,,,,,P
117735-102405,P,Sean,Sean Hjelle,Hjelle,17,1,5500,ATL@SF,SF,ATL,,,,,,P
117735-178184,P,Kevin,Kevin Herget,Herget,6,1,5500,ATL@SF,ATL,SF,,,,,,P
117735-102419,P,Cole,Cole Winn,Winn,7.8,5,5500,TEX@WSH,TEX,WSH,,,,,,P
117735-102420,P,Owen,Owen White,White,-7.5,3,5500,KC@CWS,CWS,KC,,,,,,P
117735-79895,P,Miguel,Miguel Diaz,Diaz,3,1,5500,ATL@SF,SF,ATL,,,,,,P
117735-161827,P,Seth,Seth Martinez,Martinez,5.0227272727272725,44,5500,MIA@TB,MIA,TB,,,,,,P
117735-155687,P,Andrew,Andrew Wantz,Wantz,10,1,5500,MIA@TB,TB,MIA,IL,Elbow,,,,P
117735-102455,P,Cory,Cory Abbott,Abbott,0,1,5500,TEX@WSH,TEX,WSH,,,,,,P
117735-190516,P,Daysbel,Daysbel Hernandez,Hernandez,5.44,25,5500,ATL@SF,ATL,SF,IL,Forearm,,,,P
117735-135221,P,Cade,Cade Cavalli,Cavalli,0,1,5500,TEX@WSH,WSH,TEX,,,,,,P
117735-192574,P,Lane,Lane Ramsey,Ramsey,,0,5500,MIA@TB,MIA,TB,,,,,,P
117735-200764,P,Cam,Cam Booser,Booser,4.461538461538462,26,5500,KC@CWS,CWS,KC,,,,,,P
117735-149587,P,Jay,Jay Flaa,Flaa,,0,5500,ATL@SF,ATL,SF,,,,,,P
117735-102489,P,Carlos,Carlos Hernandez,Hernandez,3.782608695652174,23,5500,PHI@PIT,PHI,PIT,,,,,,P
117735-73828,P,Dan,Dan Altavilla,Altavilla,7.5,4,5500,KC@CWS,CWS,KC,,,,,,P
117735-102500,P,Robert,Robert Dugger,Dugger,,0,5500,TEX@WSH,TEX,WSH,,,,,,P
117735-102503,P,John,John Rooney,Rooney,,0,5500,MIA@TB,MIA,TB,,,,,,P
117735-116839,P,David,David Bednar,Bednar,5.695652173913044,24,5500,PHI@PIT,PIT,PHI,,,,,,P
117735-102505,P,Edwin,Edwin Uceta,Uceta,4.413793103448276,29,5500,MIA@TB,TB,MIA,,,,,,P
117735-135279,P,Codi,Codi Heuer,Heuer,4,1,5500,TEX@WSH,TEX,WSH,,,,,,P
117735-116847,P,Cole,Cole Sulser,Sulser,6.2,10,5500,MIA@TB,TB,MIA,,,,,,P
117735-161906,P,Dauri,Dauri Moreta,Moreta,0,1,5500,PHI@PIT,PIT,PHI,IL,Elbow,,,,P
117735-161907,P,Dylan,Dylan Lee,Lee,5.172413793103448,29,5500,ATL@SF,ATL,SF,,,,,,P
117735-135289,P,Kodi,Kodi Whitley,Whitley,,0,5500,MIA@TB,TB,MIA,IL,Undisclosed,,,,P
117735-209026,P,Parker,Parker Dunshee,Dunshee,1,1,5500,TEX@WSH,WSH,TEX,,,,,,P
117735-135303,P,Jordan,Jordan Weems,Weems,3.575,41,5500,HOU@CLE,HOU,CLE,,,,,,P
117735-135306,P,Cole,Cole Wilcox,Wilcox,,0,5500,MIA@TB,TB,MIA,,,,,,P
117735-114827,P,John,John Schreiber,Schreiber,4.892857142857143,29,5500,KC@CWS,KC,CWS,,,,,,P
117735-102543,P,Connor,Connor Seabold,Seabold,7,2,5500,MIA@TB,TB,MIA,,,,,,P
117735-102542,P,Travis,Travis MacGregor,MacGregor,,0,5500,TEX@WSH,TEX,WSH,,,,,,P
117735-102560,P,Camilo,Camilo Doval,Doval,5.8,30,5500,ATL@SF,SF,ATL,,,,,,P
117735-80034,P,Jose,Jose Alvarado,Alvarado,7.05,20,5500,PHI@PIT,PHI,PIT,NA,Suspension,,,,P
117735-102565,P,Mason,Mason Englert,Englert,7.2,11,5500,MIA@TB,TB,MIA,,,,,,P
117735-209078,P,Max,Max Lazar,Lazar,6.6,5,5500,PHI@PIT,PHI,PIT,,,,,,P
117735-102590,P,Joey,Joey Gerber,Gerber,,0,5500,MIA@TB,TB,MIA,,,,,,P
117735-102593,P,Gerardo,Gerardo Carrillo,Carrillo,,0,5500,TEX@WSH,TEX,WSH,,,,,,P
117735-135361,P,Nabil,Nabil Crismatt,Crismatt,7.8,5,5500,PHI@PIT,PHI,PIT,IL,Undisclosed,,,,P
117735-194770,P,Nick,Nick Hernandez,Hernandez,6.6,5,5500,HOU@CLE,HOU,CLE,,,,,,P
117735-145620,P,Helcris,Helcris Olivarez,Olivarez,,0,5500,ATL@SF,SF,ATL,IL,Undisclosed,,,,P
117735-198874,P,Noah,Noah Schultz,Schultz,,0,5500,KC@CWS,CWS,KC,,,,,,P
117735-145629,P,Mason,Mason Thompson,Thompson,0,1,5500,TEX@WSH,WSH,TEX,IL,Elbow,,,,P
117735-149731,P,Anthony,Anthony Bender,Bender,5,25,5500,MIA@TB,MIA,TB,,,,,,P
117735-178411,P,Michael,Michael Plassmeyer,Plassmeyer,0,1,5500,TEX@WSH,TEX,WSH,,,,,,P
117735-205032,P,Daniel,Daniel Robert,Robert,2.5,2,5500,PHI@PIT,PHI,PIT,,,,,,P
117735-198896,P,Noble,Noble Meyer,Meyer,,0,5500,MIA@TB,MIA,TB,,,,,,P
117735-198919,P,Robby,Robby Snelling,Snelling,,0,5500,MIA@TB,MIA,TB,,,,,,P
117735-198920,P,Dylan,Dylan Lesko,Lesko,,0,5500,MIA@TB,TB,MIA,,,,,,P
117735-170254,P,Colin,Colin Holderman,Holderman,2.5384615384615383,14,5500,PHI@PIT,PIT,PHI,IL,Thumb,,,,P
117735-225549,P,Patrick,Patrick Monteverde,Monteverde,11,1,5500,MIA@TB,MIA,TB,,,,,,P
117735-198938,P,Carson,Carson Whisenhunt,Whisenhunt,,0,5500,ATL@SF,SF,ATL,,,,,,P
117735-209176,P,Chase,Chase Shugart,Shugart,5.304347826086956,24,5500,PHI@PIT,PIT,PHI,,,,,,P
117735-203075,P,Michael,Michael Petersen,Petersen,4.5,2,5500,ATL@SF,ATL,SF,,,,,,P
117735-203074,P,Spencer,Spencer Bivens,Bivens,6.526315789473684,19,5500,ATL@SF,SF,ATL,,,,,,P
117735-117065,P,James,James Karinchak,Karinchak,0,3,5500,KC@CWS,CWS,KC,,,,,,P
117735-203080,P,Brandon,Brandon Eisert,Eisert,5.714285714285714,28,5500,KC@CWS,CWS,KC,,,,,,P
117735-209224,P,Orlando,Orlando Ribalta,Ribalta,6.5,4,5500,TEX@WSH,WSH,TEX,IL,Biceps,,,,P
117735-170323,P,Nick,Nick Vespi,Vespi,4.7272727272727275,11,5500,PHI@PIT,PHI,PIT,,,,,,P
117735-135530,P,Brett,Brett de Geus,de Geus,3,1,5500,PHI@PIT,PHI,PIT,,,,,,P
117735-225667,P,Cade,Cade Gibson,Gibson,7,9,5500,MIA@TB,MIA,TB,,,,,,P
117735-61858,P,Raisel,Raisel Iglesias,Iglesias,4.44,25,5500,ATL@SF,ATL,SF,,,,,,P
117735-158131,P,Tyler,Tyler Gilbert,Gilbert,5.538461538461538,13,5500,KC@CWS,CWS,KC,IL,Knee,,,,P
117735-219568,P,Rolddy,Rolddy Munoz,Munoz,,0,5500,ATL@SF,ATL,SF,,,,,,P
117735-219586,P,Ian,Ian Seymour,Seymour,,0,5500,MIA@TB,TB,MIA,,,,,,P
117735-182750,P,Andrew,Andrew Painter,Painter,,0,5500,PHI@PIT,PHI,PIT,,,,,,P
117735-135645,P,Isaac,Isaac Mattson,Mattson,6,3,5500,PHI@PIT,PIT,PHI,,,,,,P
117735-84452,P,Caleb,Caleb Ferguson,Ferguson,3.9655172413793105,29,5500,PHI@PIT,PIT,PHI,,,,,,P
117735-119298,P,Luis,Luis Frias,Frias,1.8181818181818181,11,5500,HOU@CLE,CLE,HOU,,,,,,P
117735-119301,P,Brennan,Brennan Malone,Malone,,0,5500,PHI@PIT,PIT,PHI,,,,,,P
117735-219654,P,Juan,Juan Carela,Carela,,0,5500,KC@CWS,CWS,KC,O,Elbow,,,,P
117735-170514,P,Jose,Jose Cuas,Cuas,4.833333333333333,13,5500,ATL@SF,ATL,SF,,,,,,P
117735-170512,P,Peter,Peter Strzelecki,Strzelecki,5.3,10,5500,PHI@PIT,PIT,PHI,,,,,,P
117735-170527,P,Jason,Jason Alexander,Alexander,-0.75,4,5500,HOU@CLE,HOU,CLE,,,,,,P
117735-191007,P,Declan,Declan Cronin,Cronin,6.125,56,5500,MIA@TB,MIA,TB,,,,,,P
117735-119331,P,Daniel,Daniel Espino,Espino,0,3,5500,HOU@CLE,CLE,HOU,IL,Shoulder,,,,P
117735-119339,P,Tyler,Tyler Ivey,Ivey,,0,5500,HOU@CLE,HOU,CLE,,,,,,P
117735-219694,P,Winston,Winston Santos,Santos,,0,5500,TEX@WSH,TEX,WSH,IL,Back,,,,P
117735-219693,P,Emiliano,Emiliano Teodo,Teodo,,0,5500,TEX@WSH,TEX,WSH,,,,,,P
117735-119347,P,Jonathan,Jonathan Bowlan,Bowlan,6,9,5500,KC@CWS,KC,CWS,,,,,,P
117735-219696,P,Eric,Eric Cerantola,Cerantola,,0,5500,KC@CWS,KC,CWS,,,,,,P
117735-178743,P,Nicholas,Nicholas Padilla,Padilla,,0,5500,PHI@PIT,PHI,PIT,,,,,,P
117735-219701,P,Franco,Franco Aleman,Aleman,,0,5500,HOU@CLE,CLE,HOU,,,,,,P
117735-219707,P,Jean,Jean Cabrera,Cabrera,,0,5500,PHI@PIT,PHI,PIT,,,,,,P
117735-219706,P,Carson,Carson Seymour,Seymour,,0,5500,ATL@SF,SF,ATL,,,,,,P
117735-219705,P,Moises,Moises Chace,Chace,,0,5500,PHI@PIT,PHI,PIT,IL,Elbow,,,,P
117735-195135,P,Kyle,Kyle Nicolas,Nicolas,2.6666666666666665,9,5500,PHI@PIT,PIT,PHI,,,,,,P
117735-119359,P,Ethan,Ethan Small,Small,0,2,5500,ATL@SF,SF,ATL,IL,Undisclosed,,,,P
117735-219708,P,Carson,Carson Ragsdale,Ragsdale,,0,5500,ATL@SF,SF,ATL,,,,,,P
117735-72265,P,Matt,Matt Strahm,Strahm,5.206896551724138,29,5500,PHI@PIT,PHI,PIT,,,,,,P
117735-195151,P,Anthony,Anthony Veneziano,Veneziano,3.6666666666666665,21,5500,MIA@TB,MIA,TB,,,,,,P
117735-207438,P,Fraser,Fraser Ellard,Ellard,5,7,5500,KC@CWS,CWS,KC,IL,Lat,,,,P
117735-225880,P,Nathan,Nathan Wiles,Wiles,-3,1,5500,ATL@SF,ATL,SF,,,,,,P
117735-80476,P,Jackson,Jackson Stephens,Stephens,4.333333333333333,3,5500,ATL@SF,ATL,SF,,,,,,P
117735-119388,P,Junior,Junior Santos,Santos,,0,5500,TEX@WSH,WSH,TEX,,,,,,P
117735-119392,P,Josh,Josh Wolf,Wolf,,0,5500,ATL@SF,SF,ATL,,,,,,P
117735-82535,P,Kyle,Kyle Wright,Wright,0,1,5500,KC@CWS,KC,CWS,IL,Shoulder,,,,P
117735-186986,P,Eduardo,Eduardo Salazar,Salazar,2.2,20,5500,TEX@WSH,WSH,TEX,,,,,,P
117735-119403,P,Erik,Erik Miller,Miller,4.708333333333333,25,5500,ATL@SF,SF,ATL,,,,,,P
117735-184943,P,Jesse,Jesse Scholtens,Scholtens,,0,5500,KC@CWS,CWS,KC,IL,Elbow,,,,P
117735-119406,P,Cody,Cody Bolton,Bolton,0,1,5500,HOU@CLE,CLE,HOU,O,Undisclosed,,,,P
117735-82547,P,Thomas,Thomas Hatch,Hatch,,0,5500,KC@CWS,KC,CWS,,,,,,P
117735-70271,P,Carlos,Carlos Estevez,Estevez,5.7407407407407405,27,5500,KC@CWS,KC,CWS,,,,,,P
117735-119426,P,Johan,Johan Oviedo,Oviedo,0,1,5500,PHI@PIT,PIT,PHI,IL,Lat,,,,P
117735-62087,P,Miguel,Miguel Castro,Castro,2.5,6,5500,KC@CWS,CWS,KC,IL,Knee,,,,P
117735-119433,P,JJ,JJ Goss,Goss,,0,5500,MIA@TB,TB,MIA,,,,,,P
117735-203415,P,Bryan,Bryan King,King,5.482758620689655,29,5500,HOU@CLE,HOU,CLE,,,,,,P
117735-164500,P,Ryan,Ryan Cusick,Cusick,,0,5500,KC@CWS,CWS,KC,,,,,,P
117735-119446,P,Andry,Andry Lara,Lara,,0,5500,TEX@WSH,WSH,TEX,,,,,,P
117735-82591,P,Chris,Chris Rodriguez,Rodriguez,,0,5500,KC@CWS,CWS,KC,,,,,,P
117735-82592,P,Dennis,Dennis Santana,Santana,4.777777777777778,27,5500,PHI@PIT,PIT,PHI,,,,,,P
117735-164522,P,Wikelman,Wikelman Gonzalez,Gonzalez,0,2,5500,KC@CWS,CWS,KC,,,,,,P
117735-164521,P,Brandon,Brandon Walter,Walter,30,1,5500,HOU@CLE,HOU,CLE,,,,,,P
117735-211632,P,Mason,Mason Montgomery,Montgomery,4.541666666666667,25,5500,MIA@TB,TB,MIA,,,,,,P
117735-53953,P,Keone,Keone Kela,Kela,,0,5500,KC@CWS,CWS,KC,,,,,,P
117735-119494,P,Andrew,Andrew Dalquist,Dalquist,,0,5500,KC@CWS,CWS,KC,,,,,,P
117735-82653,P,Ryan,Ryan Borucki,Borucki,4.086956521739131,24,5500,PHI@PIT,PIT,PHI,,,,,,P
117735-82657,P,Wil,Wil Crowe,Crowe,,0,5500,PHI@PIT,PHI,PIT,,,,,,P
117735-53990,P,Shawn,Shawn Armstrong,Armstrong,5.75,25,5500,TEX@WSH,TEX,WSH,,,,,,P
117735-199461,P,Luis,Luis Contreras,Contreras,4.285714285714286,7,5500,HOU@CLE,HOU,CLE,,,,,,P
117735-199460,P,Jordan,Jordan Leasure,Leasure,4.730769230769231,27,5500,KC@CWS,CWS,KC,,,,,,P
117735-135976,P,Bennett,Bennett Sousa,Sousa,7.3125,16,5500,HOU@CLE,HOU,CLE,,,,,,P
117735-199465,P,Juan,Juan Sanchez,Sanchez,,0,5500,ATL@SF,SF,ATL,,,,,,P
117735-213816,P,Evan,Evan Sisk,Sisk,9.2,5,5500,KC@CWS,KC,CWS,,,,,,P
117735-84815,P,Joey,Joey Krehbiel,Krehbiel,,0,5500,MIA@TB,TB,MIA,,,,,,P
117735-213851,P,Domingo,Domingo Gonzalez,Gonzalez,,0,5500,ATL@SF,ATL,SF,,,,,,P
117735-183131,P,Ryder,Ryder Ryan,Ryan,5.714285714285714,15,5500,PHI@PIT,PIT,PHI,,,,,,P
117735-213871,P,Luarbert,Luarbert Arias,Arias,3.6666666666666665,6,5500,MIA@TB,MIA,TB,,,,,,P
117735-68466,P,Steven,Steven Okert,Okert,7.125,24,5500,HOU@CLE,HOU,CLE,,,,,,P
117735-203642,P,Raymond,Raymond Burgos,Burgos,3,1,5500,ATL@SF,SF,ATL,,,,,,P
117735-68474,P,Josh,Josh Hader,Hader,7.92,25,5500,HOU@CLE,HOU,CLE,,,,,,P
117735-80801,P,Hoby,Hoby Milner,Milner,5.7407407407407405,28,5500,TEX@WSH,TEX,WSH,,,,,,P
117735-39843,P,Burch,Burch Smith,Smith,4.76,50,5500,PHI@PIT,PIT,PHI,,,,,,P
117735-52141,P,Lucas,Lucas Sims,Sims,1.5625,18,5500,PHI@PIT,PHI,PIT,,,,,,P
117735-52143,P,Hunter,Hunter Harvey,Harvey,6.166666666666667,6,5500,KC@CWS,KC,CWS,IL,Shoulder,,,,P
117735-52148,P,Pierce,Pierce Johnson,Johnson,4.88,25,5500,ATL@SF,ATL,SF,,,,,,P
117735-193498,P,John,John McMillon,McMillon,9,10,5500,PHI@PIT,PHI,PIT,,,,,,P
117735-52192,P,Luke,Luke Jackson,Jackson,3.590909090909091,24,5500,TEX@WSH,TEX,WSH,,,,,,P
117735-187367,P,Nick,Nick Robertson,Robertson,7.111111111111111,9,5500,HOU@CLE,HOU,CLE,,,,,,P
117735-213995,P,Luis,Luis Curvelo,Curvelo,,0,5500,TEX@WSH,TEX,WSH,,,,,,P
117735-70649,P,Adrian,Adrian Sampson,Sampson,0,1,5500,TEX@WSH,WSH,TEX,,,,,,P
117735-168965,P,Tanner,Tanner Banks,Banks,5.555555555555555,27,5500,PHI@PIT,PHI,PIT,,,,,,P
117735-211985,P,Andrew,Andrew Walters,Walters,2,2,5500,HOU@CLE,CLE,HOU,IL,Lat,,,,P
117735-82974,P,Tanner,Tanner Rainey,Rainey,2.3,11,5500,PHI@PIT,PIT,PHI,,,,,,P
117735-68654,P,John,John Gant,Gant,,0,5500,KC@CWS,KC,CWS,,,,,,P
117735-11333,P,Craig,Craig Kimbrel,Kimbrel,6,1,5500,ATL@SF,ATL,SF,,,,,,P
117735-189528,P,Robert,Robert Garcia,Garcia,4.206896551724138,29,5500,TEX@WSH,TEX,WSH,,,,,,P
117735-195682,P,Orion,Orion Kerkering,Kerkering,4.75,28,5500,PHI@PIT,PHI,PIT,,,,,,P
117735-83054,P,Justin,Justin Anderson,Anderson,4.796296296296297,56,5500,KC@CWS,CWS,KC,,,,,,P
117735-85108,P,Enyel,Enyel De Los Santos,De Los Santos,5.5,26,5500,ATL@SF,ATL,SF,,,,,,P
117735-83097,P,D.J.,D.J. Snelten,Snelten,,0,5500,KC@CWS,CWS,KC,,,,,,P
117735-38043,P,Enny,Enny Romero,Romero,,0,5500,ATL@SF,SF,ATL,,,,,,P
117735-152734,P,Zach,Zach Thompson,Thompson,10,2,5500,ATL@SF,ATL,SF,,,,,,P
117735-154794,P,Joe,Joe Barlow,Barlow,,0,5500,TEX@WSH,TEX,WSH,,,,,,P
117735-160939,P,Jacob,Jacob Latz,Latz,8.818181818181818,12,5500,TEX@WSH,TEX,WSH,,,,,,P
117735-83116,P,Wander,Wander Suero,Suero,0,1,5500,ATL@SF,ATL,SF,,,,,,P
117735-85164,P,Matt,Matt Festa,Festa,4.785714285714286,14,5500,HOU@CLE,CLE,HOU,,,,,,P
117735-83154,P,Miguel,Miguel Del Pozo,Del Pozo,,0,5500,ATL@SF,SF,ATL,,,,,,P
117735-79071,P,Taylor,Taylor Clarke,Clarke,5.75,12,5500,KC@CWS,KC,CWS,,,,,,P
117735-83172,P,Jonathan,Jonathan Hernandez,Hernandez,6.448275862068965,29,5500,MIA@TB,TB,MIA,IL,Undisclosed,,,,P
117735-146670,P,Christian,Christian Roa,Roa,0,2,5500,MIA@TB,MIA,TB,,,,,,P
117735-197873,P,Zach,Zach Brzykcy,Brzykcy,3.6666666666666665,12,5500,TEX@WSH,WSH,TEX,,,,,,P
117735-146678,P,Tanner,Tanner Burns,Burns,,0,5500,HOU@CLE,CLE,HOU,,,,,,P
117735-83193,P,Jesus,Jesus Tinoco,Tinoco,3.35,20,5500,MIA@TB,MIA,TB,IL,Forearm,,,,P
117735-146684,P,Jared,Jared Kelley,Kelley,,0,5500,KC@CWS,CWS,KC,,,,,,P
117735-197884,P,Yoniel,Yoniel Curet,Curet,0,1,5500,MIA@TB,TB,MIA,IL,Shoulder,,,,P
117735-146691,P,Asa,Asa Lacy,Lacy,,0,5500,KC@CWS,KC,CWS,IL,Elbow,,,,P
117735-197890,P,Marc,Marc Church,Church,4.6,5,5500,TEX@WSH,TEX,WSH,,,,,,P
117735-146688,P,Alex,Alex Santos II,Santos II,,0,5500,HOU@CLE,HOU,CLE,,,,,,P
117735-197893,P,Jose,Jose Corniell,Corniell,0,1,5500,TEX@WSH,TEX,WSH,IL,Elbow,,,,P
117735-197899,P,Kai-Wei,Kai-Wei Teng,Teng,4.5,5,5500,ATL@SF,SF,ATL,,,,,,P
117735-146699,P,Dax,Dax Fulton,Fulton,,0,5500,MIA@TB,MIA,TB,,,,,,P
117735-197897,P,Trevor,Trevor McDonald,McDonald,12,1,5500,ATL@SF,SF,ATL,,,,,,P
117735-79116,P,Riley,Riley Pint,Pint,1.75,4,5500,HOU@CLE,CLE,HOU,IL,Undisclosed,,,,P
117735-197902,P,Cade,Cade Smith,Smith,6.571428571428571,28,5500,HOU@CLE,CLE,HOU,,,,,,P
117735-197906,P,Royber,Royber Salinas,Salinas,0,1,5500,ATL@SF,ATL,SF,IL,Shoulder,,,,P
117735-79124,P,Joe,Joe Jimenez,Jimenez,5.855072463768116,70,5500,ATL@SF,ATL,SF,IL,Knee,,,,P
117735-197919,P,Jairo,Jairo Iriarte,Iriarte,5.5,6,5500,KC@CWS,CWS,KC,,,,,,P
117735-79135,P,Beau,Beau Burrows,Burrows,,0,5500,PHI@PIT,PIT,PHI,,,,,,P
117735-179490,P,Cole,Cole Waites,Waites,,0,5500,ATL@SF,SF,ATL,IL,Undisclosed,,,,P
117735-146723,P,Eddy,Eddy Yean,Yean,,0,5500,PHI@PIT,PIT,PHI,,,,,,P
117735-116002,P,Joel,Joel Kuhnel,Kuhnel,5,6,5500,PHI@PIT,PHI,PIT,,,,,,P
117735-146730,P,Nick,Nick Bitsko,Bitsko,,0,5500,MIA@TB,TB,MIA,IL,Undisclosed,,,,P
117735-146732,P,Nick,Nick Swiney,Swiney,,0,5500,HOU@CLE,HOU,CLE,,,,,,P
117735-146737,P,Cole,Cole Henry,Henry,6.105263157894737,19,5500,TEX@WSH,WSH,TEX,,,,,,P
117735-79161,P,Braxton,Braxton Garrett,Garrett,23.857142857142858,7,5500,MIA@TB,MIA,TB,IL,Elbow,,,,P
117735-152888,P,Sam,Sam Long,Long,1.2857142857142858,7,5500,KC@CWS,KC,CWS,IL,Elbow,,,,P
117735-154947,P,Justin,Justin Garza,Garza,,0,5500,ATL@SF,SF,ATL,,,,,,P
117735-113986,P,Emmanuel,Emmanuel Clase,Clase,5.777777777777778,27,5500,HOU@CLE,CLE,HOU,,,,,,P
117735-181583,P,Prelander,Prelander Berroa,Berroa,7.0588235294117645,17,5500,KC@CWS,CWS,KC,IL,Elbow,,,,P
117735-79185,P,Justin,Justin Dunn,Dunn,,0,5500,KC@CWS,KC,CWS,,,,,,P
117735-226643,P,AJ,AJ Blubaugh,Blubaugh,24,1,5500,HOU@CLE,HOU,CLE,,,,,,P
117735-177493,P,Andrew,Andrew Nardi,Nardi,5.051724137931035,59,5500,MIA@TB,MIA,TB,IL,Back,,,,P
117735-38240,P,Rafael,Rafael Montero,Montero,4.2272727272727275,22,5500,ATL@SF,ATL,SF,,,,,,P
117735-222565,P,Shinnosuke,Shinnosuke Ogasawara,Ogasawara,,0,5500,TEX@WSH,WSH,TEX,IL,Oblique,,,,P
117735-181651,P,Matt,Matt Krook,Krook,4.333333333333333,3,5500,HOU@CLE,CLE,HOU,,,,,,P
117735-79250,P,Junior,Junior Fernandez,Fernandez,,0,5500,KC@CWS,KC,CWS,,,,,,P
117735-62872,P,Vince,Vince Velasquez,Velasquez,,0,5500,HOU@CLE,CLE,HOU,,,,,,P
117735-38303,P,Andrew,Andrew Chafin,Chafin,5,14,5500,TEX@WSH,WSH,TEX,,,,,,P
117735-193949,P,Steven,Steven Cruz,Cruz,5.7727272727272725,22,5500,KC@CWS,KC,CWS,,,,,,P
117735-118184,P,Enoli,Enoli Paredes,Paredes,5.944444444444445,18,5500,ATL@SF,ATL,SF,,,,,,P
117735-101803,P,Jacob,Jacob Webb,Webb,4.32,25,5500,TEX@WSH,TEX,WSH,,,,,,P
117735-101802,P,Patrick,Patrick Weigel,Weigel,,0,5500,TEX@WSH,WSH,TEX,,,,,,P
117735-101812,P,Justin,Justin Lawrence,Lawrence,7.454545454545454,11,5500,PHI@PIT,PIT,PHI,IL,Elbow,,,,P
117735-118196,P,Ryan,Ryan Hendrix,Hendrix,,0,5500,KC@CWS,KC,CWS,,,,,,P
117735-101814,P,Sam,Sam Hentges,Hentges,5.12,25,5500,HOU@CLE,CLE,HOU,IL,Shoulder,,,,P
117735-101816,P,Bryan,Bryan Abreu,Abreu,6.517241379310345,29,5500,HOU@CLE,HOU,CLE,,,,,,P
117735-101819,P,Jose,Jose Suarez,Suarez,12.333333333333334,3,5500,ATL@SF,ATL,SF,IL,Undisclosed,,,,P
117735-169400,P,Parker,Parker Mushinski,Mushinski,1.8,10,5500,HOU@CLE,CLE,HOU,,,,,,P
117735-202175,P,Gerson,Gerson Garabito,Garabito,8,3,5500,TEX@WSH,TEX,WSH,,,,,,P
117735-101822,P,Josh,Josh Sborz,Sborz,5.6875,17,5500,TEX@WSH,TEX,WSH,IL,Shoulder,,,,P
117735-101829,P,Trey,Trey Supak,Supak,,0,5500,TEX@WSH,TEX,WSH,,,,,,P
117735-118217,P,Manuel,Manuel Rodriguez,Rodriguez,4.793103448275862,29,5500,MIA@TB,TB,MIA,,,,,,P
117735-118224,P,Garrett,Garrett Cleavinger,Cleavinger,5.44,25,5500,MIA@TB,TB,MIA,,,,,,P
117735-101849,P,Wei-Chieh,Wei-Chieh Huang,Huang,,0,5500,PHI@PIT,PIT,PHI,,,,,,P
117735-101854,P,Jacob,Jacob Waguespack,Waguespack,11.25,4,5500,MIA@TB,TB,MIA,IL,Undisclosed,,,,P
117735-101856,P,Patrick,Patrick Murphy,Murphy,,0,5500,TEX@WSH,TEX,WSH,,,,,,P
117735-185847,P,Garrett,Garrett Acton,Acton,,0,5500,MIA@TB,TB,MIA,,,,,,P
117735-226819,P,Caleb,Caleb Freeman,Freeman,2.6,5,5500,KC@CWS,CWS,KC,,,,,,P
117735-101904,P,Jordan,Jordan Romano,Romano,4.12,26,5500,PHI@PIT,PHI,PIT,,,,,,P
117735-5673,P,Jesse,Jesse Chavez,Chavez,6,2,5500,ATL@SF,ATL,SF,,,,,,P
117735-181803,P,Zak,Zak Kent,Kent,8,3,5500,HOU@CLE,CLE,HOU,,,,,,P
117735-181801,P,Jose A.,Jose A. Ferrer,Ferrer,4.2,30,5500,TEX@WSH,WSH,TEX,,,,,,P
117735-222779,P,Thomas,Thomas White,White,,0,5500,MIA@TB,MIA,TB,,,,,,P
117735-181819,P,Tim,Tim Herrin,Herrin,4.925925925925926,28,5500,HOU@CLE,CLE,HOU,,,,,,P
117735-222783,P,Grant,Grant Taylor,Taylor,,0,5500,KC@CWS,CWS,KC,,,,,,P
117735-222784,P,Hagen,Hagen Smith,Smith,,0,5500,KC@CWS,CWS,KC,IL,Elbow,,,,P
117735-185926,P,Ryan,Ryan Walker,Walker,3.740740740740741,27,5500,ATL@SF,SF,ATL,,,,,,P
117735-181828,P,Kolton,Kolton Ingram,Ingram,,0,5500,ATL@SF,ATL,SF,,,,,,P
117735-175698,P,Hunter,Hunter Gaddis,Gaddis,6.296296296296297,27,5500,HOU@CLE,CLE,HOU,,,,,,P
117735-81488,P,Jose,Jose Ruiz,Ruiz,2.875,16,5500,PHI@PIT,PHI,PIT,,,,,,P
117735-181843,P,Josh,Josh Simpson,Simpson,0,2,5500,MIA@TB,MIA,TB,,,,,,P
117735-181841,P,George,George Soriano,Soriano,6.333333333333333,12,5500,MIA@TB,MIA,TB,,,,,,P
117735-222807,P,Alejandro,Alejandro Rosario,Rosario,,0,5500,TEX@WSH,TEX,WSH,IL,Elbow,,,,P
117735-81507,P,Aaron,Aaron Bummer,Bummer,6.590909090909091,22,5500,ATL@SF,ATL,SF,,,,,,P
117735-169574,P,Penn,Penn Murfee,Murfee,3.142857142857143,15,5500,KC@CWS,CWS,KC,,,,,,P
117735-118381,P,Kyle,Kyle Finnegan,Finnegan,4.782608695652174,23,5500,TEX@WSH,WSH,TEX,,,,,,P
117735-222830,P,Travis,Travis Sykora,Sykora,,0,5500,TEX@WSH,WSH,TEX,,,,,,P
117735-226925,P,Andrew,Andrew Hoffmann,Hoffmann,12,1,5500,KC@CWS,KC,CWS,,,,,,P
117735-222833,P,Jarlin,Jarlin Susana,Susana,,0,5500,TEX@WSH,WSH,TEX,IL,Elbow,,,,P
117735-222832,P,Alex,Alex Clemmey,Clemmey,,0,5500,TEX@WSH,WSH,TEX,,,,,,P
117735-118394,P,Yohan,Yohan Ramirez,Ramirez,4.783783783783784,38,5500,PHI@PIT,PIT,PHI,,,,,,P
117735-210562,P,Lake,Lake Bachar,Bachar,6.363636363636363,22,5500,MIA@TB,MIA,TB,,,,,,P
117735-222855,P,Ty,Ty Johnson,Johnson,,0,5500,MIA@TB,TB,MIA,,,,,,P
117735-222854,P,Brody,Brody Hopkins,Hopkins,,0,5500,MIA@TB,TB,MIA,,,,,,P
117735-52871,P,Derek,Derek Law,Law,6.16,75,5500,TEX@WSH,WSH,TEX,IL,Forearm,,,,P
117735-165509,P,Bryce,Bryce Bonnin,Bonnin,,0,5500,TEX@WSH,TEX,WSH,,,,,,P
117735-222859,P,Cam,Cam Caminiti,Caminiti,,0,5500,ATL@SF,ATL,SF,,,,,,P
117735-110216,P,Stephen,Stephen Nogosek,Nogosek,,0,5500,KC@CWS,KC,CWS,,,,,,P
117735-222857,P,Jackson,Jackson Baumeister,Baumeister,,0,5500,MIA@TB,TB,MIA,,,,,,P
117735-222856,P,Trevor,Trevor Harrison,Harrison,,0,5500,MIA@TB,TB,MIA,,,,,,P
117735-190092,P,Devin,Devin Sweet,Sweet,,0,5500,PHI@PIT,PHI,PIT,,,,,,P
117735-165522,P,Tommy,Tommy Mace,Mace,,0,5500,HOU@CLE,CLE,HOU,,,,,,P
117735-165521,P,Doug,Doug Nikhazy,Nikhazy,0,1,5500,HOU@CLE,CLE,HOU,,,,,,P
117735-165528,P,Joe,Joe Rock,Rock,,0,5500,MIA@TB,TB,MIA,,,,,,P
117735-220834,P,Nate,Nate Lavender,Lavender,,0,5500,MIA@TB,TB,MIA,IL,Elbow,,,,P
117735-220837,P,Evan,Evan Reifert,Reifert,,0,5500,MIA@TB,TB,MIA,,,,,,P
117735-161450,P,Janson,Janson Junk,Junk,26,3,5500,MIA@TB,MIA,TB,,,,,,P
117735-220842,P,Eiberson,Eiberson Castellano,Castellano,,0,5500,PHI@PIT,PHI,PIT,IL,Undisclosed,,,,P
117735-220841,P,Anderson,Anderson Pilar,Pilar,,0,5500,MIA@TB,MIA,TB,,,,,,P
117735-165545,P,Tanner,Tanner McDougal,McDougal,,0,5500,KC@CWS,CWS,KC,,,,,,P
117735-163507,P,Alan,Alan Rangel,Rangel,6,1,5500,PHI@PIT,PHI,PIT,,,,,,P
117735-14006,P,Brian,Brian Moran,Moran,,0,5500,ATL@SF,ATL,SF,,,,,,P
117735-165566,P,Ben,Ben Kudrna,Kudrna,,0,5500,KC@CWS,KC,CWS,,,,,,P
117735-165564,P,Frank,Frank Mozzicato,Mozzicato,,0,5500,KC@CWS,KC,CWS,,,,,,P
117735-38596,P,Chris,Chris Martin,Martin,5.8,22,5500,TEX@WSH,TEX,WSH,,,,,,P
117735-165572,P,Noah,Noah Murdock,Murdock,3.4615384615384617,14,5500,KC@CWS,KC,CWS,,,,,,P
117735-165582,P,Robinson,Robinson Pina,Pina,,0,5500,MIA@TB,MIA,TB,,,,,,P
117735-81615,P,Tim,Tim Mayza,Mayza,6.142857142857143,7,5500,PHI@PIT,PIT,PHI,IL,Shoulder,,,,P
117735-222930,P,Logan,Logan VanWey,VanWey,3.2857142857142856,7,5500,HOU@CLE,HOU,CLE,IL,Undisclosed,,,,P
117735-112348,P,Cody,Cody Stashak,Stashak,,0,5500,PHI@PIT,PHI,PIT,,,,,,P
117735-181985,P,Guillo,Guillo Zuniga,Zuniga,4.214285714285714,15,5500,PHI@PIT,PHI,PIT,,,,,,P
117735-165609,P,Zach,Zach McCambley,McCambley,,0,5500,MIA@TB,MIA,TB,,,,,,P
117735-182006,P,Nic,Nic Enright,Enright,5.4,5,5500,HOU@CLE,CLE,HOU,,,,,,P
117735-182005,P,Kevin,Kevin Kelly,Kelly,3.375,8,5500,MIA@TB,TB,MIA,,,,,,P
117735-165628,P,Josh,Josh Walker,Walker,9,3,5500,PHI@PIT,PHI,PIT,,,,,,P
117735-161545,P,Kaleb,Kaleb Ort,Ort,4,16,5500,HOU@CLE,HOU,CLE,,,,,,P
117735-194323,P,Hunter,Hunter Stratton,Stratton,-3.5,2,5500,PHI@PIT,PIT,PHI,,,,,,P
117735-165657,P,Anthony,Anthony Solometo,Solometo,,0,5500,PHI@PIT,PIT,PHI,IL,Shoulder,,,,P
117735-182062,P,Gus,Gus Varland,Varland,5.230769230769231,26,5500,KC@CWS,CWS,KC,,,,,,P
117735-165687,P,Will,Will Bednar,Bednar,,0,5500,ATL@SF,SF,ATL,,,,,,P
117735-165684,P,Matt,Matt Mikulski,Mikulski,,0,5500,HOU@CLE,HOU,CLE,,,,,,P
117735-165691,P,Manuel,Manuel Mercedes,Mercedes,,0,5500,ATL@SF,SF,ATL,,,,,,P
117735-163641,P,Ray,Ray Kerr,Kerr,11.2,10,5500,ATL@SF,ATL,SF,IL,Elbow,,,,P
117735-116548,P,Tyler,Tyler Rogers,Rogers,5.451612903225806,31,5500,ATL@SF,SF,ATL,,,,,,P
117735-163658,P,Randy,Randy Rodriguez,Rodriguez,8.148148148148149,27,5500,ATL@SF,SF,ATL,,,,,,P
117735-163663,P,Calvin,Calvin Faucher,Faucher,4.5,23,5500,MIA@TB,MIA,TB,,,,,,P
117735-163660,P,Steven,Steven Wilson,Wilson,5.1,20,5500,KC@CWS,CWS,KC,,,,,,P
117735-204624,P,Eric,Eric Orze,Orze,6.944444444444445,18,5500,MIA@TB,TB,MIA,,,,,,P
117735-204631,P,Hunter,Hunter Bigge,Bigge,5.3076923076923075,13,5500,MIA@TB,TB,MIA,IL,Lat,,,,P
117735-5983,P,Rich,Rich Hill,Hill,5,4,5500,KC@CWS,KC,CWS,,,,,,P
117735-163677,P,James,James McArthur,McArthur,4.618181818181818,57,5500,KC@CWS,KC,CWS,IL,Elbow,,,,P
117735-163684,P,Ronny,Ronny Henriquez,Henriquez,8.12,25,5500,MIA@TB,MIA,TB,,,,,,P
117735-161675,P,Jonathan,Jonathan Heasley,Heasley,-0.5,5,5500,KC@CWS,CWS,KC,,,,,,P
117735-108461,P,Pete,Pete Fairbanks,Fairbanks,5.538461538461538,26,5500,MIA@TB,TB,MIA,,,,,,P
117735-102324,P,Konnor,Konnor Pilkington,Pilkington,0,2,5500,TEX@WSH,WSH,TEX,,,,,,P
117735-210885,P,Erik,Erik Sabrowski,Sabrowski,10.153846153846153,13,5500,HOU@CLE,CLE,HOU,IL,Elbow,,,,P
117735-102377,P,Trevor,Trevor Stephan,Stephan,0,3,5500,HOU@CLE,CLE,HOU,IL,Elbow,,,,P
117735-79848,P,Paul,Paul Sewald,Sewald,4.428571428571429,14,5500,HOU@CLE,CLE,HOU,IL,Shoulder,,,,P
117735-79852,P,Lucas,Lucas Erceg,Erceg,4.75,24,5500,KC@CWS,KC,CWS,IL,Back,,,,P
117735-102387,P,Braxton,Braxton Ashcraft,Ashcraft,12,3,5500,PHI@PIT,PIT,PHI,,,,,,P
117735-102386,P,Steven,Steven Jennings,Jennings,,0,5500,TEX@WSH,TEX,WSH,,,,,,P
117735-198655,P,Woo-Suk,Woo-Suk Go,Go,,0,5500,MIA@TB,MIA,TB,IL,Finger,,,,P
117735-60631,OF,Kyle,Kyle Schwarber,Schwarber,13.4015871078249,63,4200,PHI@PIT,PHI,PIT,,,,,,OF/UTIL
117735-119349,SS,Bobby,Bobby Witt Jr.,Witt Jr.,12.281538273737981,65,4000,KC@CWS,KC,CWS,,,,,,SS/UTIL
117735-65881,SS,Trea,Trea Turner,Turner,12.390163734310963,61,3800,PHI@PIT,PHI,PIT,,,,,,SS/UTIL
117735-79756,OF,Ronald,Ronald Acuna Jr.,Acuna Jr.,12.392308161808895,13,3800,ATL@SF,ATL,SF,,,,,,OF/UTIL
117735-12948,1B,Bryce,Bryce Harper,Harper,11.72631621779057,57,3700,PHI@PIT,PHI,PIT,IL,Wrist,,,,C/1B/UTIL
117735-165661,OF,James,James Wood,Wood,13.239682152157737,63,3700,TEX@WSH,WSH,TEX,,,,,,OF/UTIL
117735-198526,OF,Wyatt,Wyatt Langford,Langford,10.666666666666666,54,3600,TEX@WSH,TEX,WSH,,,,,,OF/UTIL
117735-38976,3B,Jose,Jose Ramirez,Ramirez,12.718332926432291,60,3500,HOU@CLE,CLE,HOU,,,,,,3B/UTIL
117735-102389,SS/OF,Oneil,Oneil Cruz,Cruz,13.178571428571429,56,3500,PHI@PIT,PIT,PHI,,,,,,SS/OF/UTIL
117735-82642,OF,Heliot,Heliot Ramos,Ramos,11.479032454952117,62,3400,ATL@SF,SF,ATL,,,,,,OF/UTIL
117735-195679,3B,Junior,Junior Caminero,Caminero,11.389830508474576,59,3400,MIA@TB,TB,MIA,,,,,,3B/UTIL
117735-79257,OF,Josh,Josh Lowe,Lowe,10.16500015258789,20,3400,MIA@TB,TB,MIA,,,,,,OF/UTIL
117735-119410,SS,CJ,CJ Abrams,Abrams,11.8,50,3300,TEX@WSH,WSH,TEX,,,,,,SS/UTIL
117735-82575,OF,Yordan,Yordan Alvarez,Alvarez,8.324137720568427,29,3300,HOU@CLE,HOU,CLE,IL,Hand,,,,OF/UTIL
117735-82574,3B,Isaac,Isaac Paredes,Paredes,10.956451416015625,62,3300,HOU@CLE,HOU,CLE,,,,,,3B/UTIL
117735-79074,3B,Austin,Austin Riley,Riley,10.359677222467237,62,3300,ATL@SF,ATL,SF,,,,,,3B/UTIL
117735-119345,SS,Jeremy,Jeremy Pena,Pena,11.452380952380953,63,3200,HOU@CLE,HOU,CLE,,,,,,SS/UTIL
117735-17086,OF,Marcell,Marcell Ozuna,Ozuna,10.5,59,3200,ATL@SF,ATL,SF,,,,,,OF/UTIL
117735-80847,OF,Mike,Mike Tauchman,Tauchman,12.788234935087317,17,3200,KC@CWS,CWS,KC,,,,,,OF/UTIL
117735-197886,C,Agustin,Agustin Ramirez,Ramirez,10.297368099814967,38,3200,MIA@TB,MIA,TB,,,,,,C/1B/UTIL
117735-38412,SS,Corey,Corey Seager,Seager,8.294117647058824,34,3200,TEX@WSH,TEX,WSH,,,,,,SS/UTIL
117735-198539,OF,Jung Hoo,Jung Hoo Lee,Lee,10.174603174603174,63,3200,ATL@SF,SF,ATL,,,,,,OF/UTIL
117735-119305,OF,Kyle,Kyle Stowers,Stowers,9.987930824016702,58,3100,MIA@TB,MIA,TB,DTD,Hand,,,,OF/UTIL
117735-119437,3B,Josh,Josh Jung,Jung,8.24181795987216,55,3100,TEX@WSH,TEX,WSH,,,,,,3B/UTIL
117735-68544,3B,Matt,Matt Chapman,Chapman,10.323809911334326,63,3100,ATL@SF,SF,ATL,,,,,,3B/UTIL
117735-52175,1B,Matt,Matt Olson,Olson,10.845161684097782,62,3100,ATL@SF,ATL,SF,,,,,,C/1B/UTIL
117735-85504,2B,Brandon,Brandon Lowe,Lowe,10.074137720568427,58,3100,MIA@TB,TB,MIA,,,,,,2B/UTIL
117735-119405,2B/SS,Bryson,Bryson Stott,Stott,9.491228070175438,57,3000,PHI@PIT,PHI,PIT,,,,,,2B/SS/UTIL
117735-82570,1B,Jake,Jake Burger,Burger,7.667924413141215,53,3000,TEX@WSH,TEX,WSH,,,,,,C/1B/UTIL
117735-68495,OF,Andrew,Andrew Benintendi,Benintendi,9.56052599455181,38,3000,KC@CWS,CWS,KC,,,,,,OF/UTIL
117735-163662,1B,Jonathan,Jonathan Aranda,Aranda,10.179310765759698,58,3000,MIA@TB,TB,MIA,,,,,,C/1B/UTIL
117735-163689,3B/2B/OF,Maikel,Maikel Garcia,Garcia,10.758729964967758,63,3000,KC@CWS,KC,CWS,,,,,,2B/3B/OF/UTIL
117735-14562,2B/OF,Jose,Jose Altuve,Altuve,8.947540783491291,61,2900,HOU@CLE,HOU,CLE,,,,,,2B/OF/UTIL
117735-119372,OF/3B/1B,Miguel,Miguel Vargas,Vargas,8.813114353867828,61,2900,KC@CWS,CWS,KC,,,,,,C/1B/3B/OF/UTIL
117735-164506,2B/3B,Connor,Connor Norby,Norby,8.214285714285714,42,2900,MIA@TB,MIA,TB,,,,,,2B/3B/UTIL
117735-82644,OF,Jesus,Jesus Sanchez,Sanchez,9.148837067360102,43,2900,MIA@TB,MIA,TB,,,,,,OF/UTIL
117735-82734,OF,Luis,Luis Robert Jr.,Robert Jr.,9.451785496303014,56,2900,KC@CWS,CWS,KC,,,,,,OF/UTIL
117735-13342,OF,Nick,Nick Castellanos,Castellanos,9.057142469618055,63,2900,PHI@PIT,PHI,PIT,,,,,,OF/UTIL
117735-21705,2B,Marcus,Marcus Semien,Semien,7.2968255905877974,63,2900,TEX@WSH,TEX,WSH,,,,,,2B/UTIL
117735-60655,SS,Willy,Willy Adames,Adames,8.175000190734863,64,2900,ATL@SF,SF,ATL,,,,,,SS/UTIL
117735-79120,1B,Yandy,Yandy Diaz,Diaz,9.37586185849946,58,2900,MIA@TB,TB,MIA,,,,,,C/1B/UTIL
117735-13638,1B,Wilmer,Wilmer Flores,Flores,9.567742132371471,62,2900,ATL@SF,SF,ATL,,,,,,C/1B/UTIL
117735-165707,SS/3B/2B/1B/OF,Josh,Josh Smith,Smith,8.298181707208807,55,2900,TEX@WSH,TEX,WSH,,,,,,C/1B/2B/3B/SS/OF/UTIL
117735-116841,2B/1B/OF,Sam,Sam Haggerty,Haggerty,8.05,20,2800,TEX@WSH,TEX,WSH,,,,,,C/1B/2B/OF/UTIL
117735-82660,2B,Luis,Luis Garcia Jr.,Garcia Jr.,9.353703816731771,54,2800,TEX@WSH,WSH,TEX,,,,,,2B/UTIL
117735-17139,C,J.T.,J.T. Realmuto,Realmuto,8.246153611403246,52,2800,PHI@PIT,PHI,PIT,,,,,,C/1B/UTIL
117735-68587,2B,Ozzie,Ozzie Albies,Albies,8.809677616242439,62,2800,ATL@SF,ATL,SF,,,,,,2B/UTIL
117735-68589,2B/3B/OF,Amed,Amed Rosario,Rosario,7.8483871952179936,31,2800,TEX@WSH,WSH,TEX,,,,,,2B/3B/OF/UTIL
117735-38218,1B,Christian,Christian Walker,Walker,8.040983606557377,61,2800,HOU@CLE,HOU,CLE,,,,,,C/1B/UTIL
117735-222858,C,Drake,Drake Baldwin,Baldwin,7.944999694824219,40,2800,ATL@SF,ATL,SF,,,,,,C/1B/UTIL
117735-53033,OF,Mike,Mike Yastrzemski,Yastrzemski,8.039654961947736,58,2800,ATL@SF,SF,ATL,,,,,,OF/UTIL
117735-163666,OF,Steven,Steven Kwan,Kwan,9.775,60,2800,HOU@CLE,CLE,HOU,,,,,,OF/UTIL
117735-102393,SS/2B,Xavier,Xavier Edwards,Edwards,8.702127659574469,47,2800,MIA@TB,MIA,TB,,,,,,2B/SS/UTIL
117735-12310,1B,Carlos,Carlos Santana,Santana,9.512069175983298,58,2700,HOU@CLE,CLE,HOU,,,,,,C/1B/UTIL
117735-135218,OF,Jake,Jake Meyers,Meyers,7.744262195024334,61,2700,HOU@CLE,HOU,CLE,,,,,,OF/UTIL
117735-145618,2B/SS,Otto,Otto Lopez,Lopez,8.73913043478261,46,2700,MIA@TB,MIA,TB,,,,,,2B/SS/UTIL
117735-219666,OF,Jake,Jake Mangum,Mangum,8.967857360839844,28,2700,MIA@TB,TB,MIA,,,,,,OF/UTIL
117735-82624,C,Sean,Sean Murphy,Murphy,9.11025609725561,39,2700,ATL@SF,ATL,SF,,,,,,C/1B/UTIL
117735-53994,1B,Josh,Josh Bell,Bell,7.694339392320165,53,2700,TEX@WSH,WSH,TEX,,,,,,C/1B/UTIL
117735-195378,SS/2B/OF,Tyler,Tyler Fitzgerald,Fitzgerald,7.416278927825218,43,2700,ATL@SF,SF,ATL,,,,,,2B/SS/OF/UTIL
117735-189308,1B,Kyle,Kyle Manzardo,Manzardo,9.07090897993608,55,2700,HOU@CLE,CLE,HOU,,,,,,C/1B/UTIL
117735-136090,2B/SS,Nick,Nick Gonzales,Gonzales,10.225000381469727,4,2700,PHI@PIT,PIT,PHI,,,,,,2B/SS/UTIL
117735-189389,OF,Dane,Dane Myers,Myers,8.100000169542101,36,2700,MIA@TB,MIA,TB,,,,,,OF/UTIL
117735-222287,SS/2B,Chase,Chase Meidroth,Meidroth,8.600000148866235,41,2700,KC@CWS,CWS,KC,,,,,,2B/SS/UTIL
117735-85285,1B,Nathaniel,Nathaniel Lowe,Lowe,8.825396825396826,63,2700,TEX@WSH,WSH,TEX,,,,,,C/1B/UTIL
117735-118120,C,Jonah,Jonah Heim,Heim,7.187755351163903,49,2700,TEX@WSH,TEX,WSH,,,,,,C/1B/UTIL
117735-79230,OF,Bryan,Bryan Reynolds,Reynolds,9.318033187115779,61,2700,PHI@PIT,PIT,PHI,,,,,,OF/UTIL
117735-136672,OF,Michael,Michael Harris II,Harris II,7.9693549371534775,62,2700,ATL@SF,ATL,SF,,,,,,OF/UTIL
117735-85520,OF,Adolis,Adolis Garcia,Garcia,7.531666564941406,60,2700,TEX@WSH,TEX,WSH,,,,,,OF/UTIL
117735-165559,C,Yainer,Yainer Diaz,Diaz,7.381818181818182,55,2700,HOU@CLE,HOU,CLE,,,,,,C/1B/UTIL
117735-165571,1B,Vinnie,Vinnie Pasquantino,Pasquantino,8.942187309265137,64,2700,KC@CWS,KC,CWS,,,,,,C/1B/UTIL
117735-102370,3B/1B,Alec,Alec Bohm,Bohm,8.02000020345052,60,2700,PHI@PIT,PHI,PIT,,,,,,C/1B/3B/UTIL
117735-79918,C,Kyle,Kyle Higashioka,Higashioka,5.341935680758569,31,2600,TEX@WSH,TEX,WSH,,,,,,C/1B/UTIL
117735-135308,OF,Robert,Robert Hassell III,Hassell III,7.178571428571429,14,2600,TEX@WSH,WSH,TEX,,,,,,OF/UTIL
117735-119364,OF,Kameron,Kameron Misner,Misner,7.224137931034483,58,2600,MIA@TB,TB,MIA,,,,,,OF/UTIL
117735-13266,C/1B,Salvador,Salvador Perez,Perez,7.018032886942879,61,2600,KC@CWS,KC,CWS,,,,,,C/1B/UTIL
117735-185303,SS/2B/3B/OF,Jose,Jose Caballero,Caballero,9.215686274509803,51,2600,MIA@TB,TB,MIA,,,,,,2B/3B/SS/OF/UTIL
117735-82977,SS/3B/2B,Isiah,Isiah Kiner-Falefa,Kiner-Falefa,7.9461540809044475,52,2600,PHI@PIT,PIT,PHI,,,,,,2B/3B/SS/UTIL
117735-60636,OF,Derek,Derek Hill,Hill,8.291304215140965,23,2600,MIA@TB,MIA,TB,IL,Wrist,,,,OF/UTIL
117735-5456,OF,Andrew,Andrew McCutchen,McCutchen,7.765454656427557,55,2600,PHI@PIT,PIT,PHI,,,,,,OF/UTIL
117735-197982,OF,Dylan,Dylan Crews,Crews,9.073333062065972,45,2600,TEX@WSH,WSH,TEX,IL,Oblique,,,,OF/UTIL
117735-165514,OF/2B,Angel,Angel Martinez,Martinez,7.554166793823242,48,2600,HOU@CLE,CLE,HOU,,,,,,2B/OF/UTIL
117735-220835,C,Liam,Liam Hicks,Hicks,7.733333489833734,39,2600,MIA@TB,MIA,TB,,,,,,C/1B/UTIL
117735-165544,2B/3B/1B,Lenyn,Lenyn Sosa,Sosa,6.307017543859649,57,2600,KC@CWS,CWS,KC,IL,Hip,,,,C/1B/2B/3B/UTIL
117735-202431,2B/3B/SS/OF,Daniel,Daniel Schneemann,Schneemann,7.82,50,2600,HOU@CLE,CLE,HOU,,,,,,2B/3B/SS/OF/UTIL
117735-208716,1B/OF,Zach,Zach Dezenzo,Dezenzo,6.952940996955423,34,2600,HOU@CLE,HOU,CLE,IL,Hand,,,,C/1B/OF/UTIL
117735-102308,2B/3B/OF,Jonathan,Jonathan India,India,7.4263155753152414,57,2600,KC@CWS,KC,CWS,,,,,,2B/3B/OF/UTIL
117735-113309,3B/2B/OF,Josh,Josh Rojas,Rojas,4.721428462437221,28,2500,KC@CWS,CWS,KC,,,,,,2B/3B/OF/UTIL
117735-82593,C,Keibert,Keibert Ruiz,Ruiz,6.9370371500651045,54,2500,TEX@WSH,WSH,TEX,,,,,,C/1B/UTIL
117735-119495,1B,Andrew,Andrew Vaughn,Vaughn,6.047916412353516,48,2500,KC@CWS,CWS,KC,,,,,,C/1B/UTIL
117735-146160,SS,Ha-Seong,Ha-Seong Kim,Kim,9.21900826446281,121,2500,MIA@TB,TB,MIA,IL,Shoulder,,,,SS/UTIL
117735-119621,OF,Luis,Luis Matos,Matos,6.470833460489909,24,2500,ATL@SF,SF,ATL,,,,,,OF/UTIL
117735-211919,1B/3B/OF,Eric,Eric Wagaman,Wagaman,7.719298245614035,57,2500,MIA@TB,MIA,TB,,,,,,C/1B/3B/OF/UTIL
117735-173078,OF,Alex,Alex Call,Call,7.582926680402058,41,2500,TEX@WSH,WSH,TEX,,,,,,OF/UTIL
117735-146690,3B/2B/1B,Nick,Nick Loftin,Loftin,8.912500381469727,8,2500,KC@CWS,KC,CWS,,,,,,C/1B/2B/3B/UTIL
117735-85254,C,Joey,Joey Bart,Bart,6.156818043101918,44,2500,PHI@PIT,PIT,PHI,IL,Concussion,,,,C/1B/UTIL
117735-21875,OF,Max,Max Kepler,Kepler,7.584210312157347,57,2500,PHI@PIT,PHI,PIT,,,,,,OF/UTIL
117735-181642,2B/OF/1B,Enmanuel,Enmanuel Valdez,Valdez,6.335483674080141,31,2500,PHI@PIT,PIT,PHI,IL,Shoulder,,,,C/1B/2B/OF/UTIL
117735-79247,3B/SS/2B/OF,Edmundo,Edmundo Sosa,Sosa,6.081818089340672,33,2500,PHI@PIT,PHI,PIT,,,,,,2B/3B/SS/OF/UTIL
117735-101844,OF,Lane,Lane Thomas,Thomas,3.464705972110524,17,2500,HOU@CLE,CLE,HOU,IL,Foot,,,,OF/UTIL
117735-181829,2B/1B,Spencer,Spencer Horwitz,Horwitz,5.868421052631579,19,2500,PHI@PIT,PIT,PHI,,,,,,C/1B/2B/UTIL
117735-222806,1B/OF,Jac,Jac Caglianone,Caglianone,2.375,4,2500,KC@CWS,KC,CWS,,,,,,C/1B/OF/UTIL
117735-222846,OF,Cam,Cam Smith,Smith,7.730611995774872,49,2500,HOU@CLE,HOU,CLE,DTD,Illness,,,,OF/UTIL
117735-165710,OF,Evan,Evan Carter,Carter,5.766666666666667,15,2500,TEX@WSH,TEX,WSH,,,,,,OF/UTIL
117735-102315,C,Bo,Bo Naylor,Naylor,7.531914893617022,47,2500,HOU@CLE,CLE,HOU,,,,,,C/1B/UTIL
117735-102546,2B/3B/SS,Gabriel,Gabriel Arias,Arias,7.505084538863877,59,2400,HOU@CLE,CLE,HOU,,,,,,2B/3B/SS/UTIL
117735-119318,2B/3B/OF,Christopher,Christopher Morel,Morel,6.19361715113863,47,2400,MIA@TB,TB,MIA,,,,,,2B/3B/OF/UTIL
117735-119365,SS/2B,Nasim,Nasim Nunez,Nunez,5.622727134011009,22,2400,TEX@WSH,WSH,TEX,,,,,,2B/SS/UTIL
117735-119366,OF/1B,Jerar,Jerar Encarnacion,Encarnacion,1.5,4,2400,ATL@SF,SF,ATL,,,,,,C/1B/OF/UTIL
117735-21074,OF,Michael A.,Michael A. Taylor,Taylor,5.647272838245739,55,2400,KC@CWS,CWS,KC,,,,,,OF/UTIL
117735-82655,C,Danny,Danny Jansen,Jansen,6.190476190476191,42,2400,MIA@TB,TB,MIA,,,,,,C/1B/UTIL
117735-211756,SS/2B/OF,Javier,Javier Sanoja,Sanoja,5.775000254313151,48,2400,MIA@TB,MIA,TB,,,,,,2B/SS/OF/UTIL
117735-80848,C,Victor,Victor Caratini,Caratini,6.24749984741211,40,2400,HOU@CLE,HOU,CLE,,,,,,C/1B/UTIL
117735-70898,2B/3B/OF,Adam,Adam Frazier,Frazier,6.503508986088267,57,2400,PHI@PIT,PIT,PHI,,,,,,2B/3B/OF/UTIL
117735-185632,C/1B/OF,David,David Fry,Fry,8.04000015258789,5,2400,HOU@CLE,CLE,HOU,,,,,,C/1B/OF/UTIL
117735-79160,OF,Alex,Alex Verdugo,Verdugo,7.1512818947816505,39,2400,ATL@SF,ATL,SF,,,,,,OF/UTIL
117735-193863,OF,Jacob,Jacob Young,Young,5.571428571428571,42,2400,TEX@WSH,WSH,TEX,,,,,,OF/UTIL
117735-79216,3B,Ke'Bryan,Ke'Bryan Hayes,Hayes,6.508474576271187,59,2400,PHI@PIT,PIT,PHI,,,,,,3B/UTIL
117735-173548,2B,Michael,Michael Massey,Massey,4.6909090909090905,55,2400,KC@CWS,KC,CWS,,,,,,2B/UTIL
117735-226832,1B,Tim,Tim Elko,Elko,7,13,2400,KC@CWS,CWS,KC,,,,,,C/1B/UTIL
117735-13864,OF/1B,Joc,Joc Pederson,Pederson,4.673913043478261,46,2400,TEX@WSH,TEX,WSH,IL,Hand,,,,C/1B/OF/UTIL
117735-165648,OF,Johan,Johan Rojas,Rojas,6.095652041227921,46,2400,PHI@PIT,PHI,PIT,,,,,,OF/UTIL
117735-163671,3B,Jose,Jose Tena,Tena,7.412820669320913,39,2400,TEX@WSH,WSH,TEX,,,,,,3B/UTIL
117735-102288,OF,Drew,Drew Waters,Waters,6.695918491908482,49,2400,KC@CWS,KC,CWS,,,,,,OF/UTIL
117735-102402,OF,Alexander,Alexander Canario,Canario,6.332432514912373,37,2300,PHI@PIT,PIT,PHI,,,,,,OF/UTIL
117735-102418,OF,Eli,Eli White,White,6.517999877929688,50,2300,ATL@SF,ATL,SF,,,,,,OF/UTIL
117735-102485,OF,Kyle,Kyle Isbel,Isbel,5.205172308560075,58,2300,KC@CWS,KC,CWS,,,,,,OF/UTIL
117735-135282,OF,Joshua,Joshua Palacios,Palacios,4.764583269755046,48,2300,KC@CWS,CWS,KC,,,,,,OF/UTIL
117735-102578,OF,Griffin,Griffin Conine,Conine,8.075,20,2300,MIA@TB,MIA,TB,IL,Shoulder,,,,OF/UTIL
117735-198869,C,Kyle,Kyle Teel,Teel,12.199999809265137,1,2300,KC@CWS,CWS,KC,,,,,,C/1B/UTIL
117735-80462,SS/3B,Paul,Paul DeJong,DeJong,5.162499904632568,16,2300,TEX@WSH,WSH,TEX,IL,Orbital,,,,3B/SS/UTIL
117735-80485,OF,Austin,Austin Slater,Slater,5.259999847412109,20,2300,KC@CWS,CWS,KC,,,,,,OF/UTIL
117735-52170,1B/OF,Dominic,Dominic Smith,Smith,8.666666666666666,3,2300,ATL@SF,SF,ATL,,,,,,C/1B/OF/UTIL
117735-68582,2B,Brendan,Brendan Rodgers,Rodgers,5.176315709164268,38,2300,HOU@CLE,HOU,CLE,,,,,,2B/UTIL
117735-79122,OF,Nolan,Nolan Jones,Jones,5.214285714285714,56,2300,HOU@CLE,CLE,HOU,,,,,,OF/UTIL
117735-79152,C,Matt,Matt Thaiss,Thaiss,6.248717870467749,39,2300,MIA@TB,TB,MIA,,,,,,C/1B/UTIL
117735-79154,OF,Brandon,Brandon Marsh,Marsh,5.650000138716265,44,2300,PHI@PIT,PHI,PIT,,,,,,OF/UTIL
117735-136504,C,Patrick,Patrick Bailey,Bailey,5.17090897993608,55,2300,ATL@SF,SF,ATL,,,,,,C/1B/UTIL
117735-79181,2B/OF,Mauricio,Mauricio Dubon,Dubon,5.090243828005907,41,2300,HOU@CLE,HOU,CLE,,,,,,2B/OF/UTIL
117735-206383,2B/SS/OF,Brooks,Brooks Baldwin,Baldwin,5.604545593261719,44,2300,KC@CWS,CWS,KC,,,,,,2B/SS/OF/UTIL
117735-181851,3B/2B/1B/SS,Jared,Jared Triolo,Triolo,5.0026317395662,38,2300,PHI@PIT,PIT,PHI,,,,,,C/1B/2B/3B/SS/UTIL
117735-165654,C/OF,Henry,Henry Davis,Davis,6.124000244140625,25,2300,PHI@PIT,PIT,PHI,,,,,,C/1B/OF/UTIL
117735-165701,3B/2B/1B,Curtis,Curtis Mead,Mead,5.136110941569011,36,2300,MIA@TB,TB,MIA,,,,,,C/1B/2B/3B/UTIL
117735-163667,OF/1B,Jhonkensy,Jhonkensy Noel,Noel,3.286666531032986,45,2300,HOU@CLE,CLE,HOU,,,,,,C/1B/OF/UTIL
117735-165712,3B/OF,Dustin,Dustin Harris,Harris,4.206250190734863,16,2300,TEX@WSH,TEX,WSH,,,,,,3B/OF/UTIL
117735-135190,SS,Taylor,Taylor Walls,Walls,5.498113092386498,53,2200,MIA@TB,TB,MIA,,,,,,SS/UTIL
117735-102475,SS,Brayan,Brayan Rocchio,Rocchio,4.188571602957589,35,2200,HOU@CLE,CLE,HOU,,,,,,SS/UTIL
117735-135284,C,Riley,Riley Adams,Adams,4.439999898274739,15,2200,TEX@WSH,WSH,TEX,,,,,,C/1B/UTIL
117735-192649,OF/1B,Weston,Weston Wilson,Wilson,3.2684209723221627,19,2200,PHI@PIT,PHI,PIT,,,,,,C/1B/OF/UTIL
117735-198888,OF,Jacob,Jacob Melton,Melton,5.6400001525878904,5,2200,HOU@CLE,HOU,CLE,,,,,,OF/UTIL
117735-119346,C,Korey,Korey Lee,Lee,4.421428680419922,14,2200,KC@CWS,CWS,KC,,,,,,C/1B/UTIL
117735-119401,C,Rafael,Rafael Marchan,Marchan,4.893750190734863,16,2200,PHI@PIT,PHI,PIT,,,,,,C/1B/UTIL
117735-82661,OF,Daniel,Daniel Johnson,Johnson,9.199999809265137,2,2200,ATL@SF,SF,ATL,,,,,,OF/UTIL
117735-226041,OF/1B,Matt,Matt Gorski,Gorski,4.76000010172526,15,2200,PHI@PIT,PIT,PHI,,,,,,C/1B/OF/UTIL
117735-38004,C,Austin,Austin Hedges,Hedges,4.282608695652174,23,2200,HOU@CLE,CLE,HOU,IL,Concussion,,,,C/1B/UTIL
117735-13487,OF,Tommy,Tommy Pham,Pham,5.208888753255208,45,2200,PHI@PIT,PIT,PHI,,,,,,OF/UTIL
117735-146715,C/1B,Endy,Endy Rodriguez,Rodriguez,4.277777777777778,18,2200,PHI@PIT,PIT,PHI,DTD,Arm,,,,C/1B/UTIL
117735-71217,C,Omar,Omar Narvaez,Narvaez,6.425000190734863,4,2200,HOU@CLE,HOU,CLE,,,,,,C/1B/UTIL
117735-226907,OF,Alejandro,Alejandro Osuna,Osuna,3.3200000762939452,10,2200,TEX@WSH,TEX,WSH,,,,,,OF/UTIL
117735-226912,OF,John,John Rave,Rave,2.6888889736599393,9,2200,KC@CWS,KC,CWS,,,,,,OF/UTIL
117735-165583,C,Edgar,Edgar Quero,Quero,5.778947529039885,38,2200,KC@CWS,CWS,KC,,,,,,C/1B/UTIL
117735-165686,3B/SS/2B/1B,Casey,Casey Schmitt,Schmitt,4.105555640326606,18,2200,ATL@SF,SF,ATL,,,,,,C/1B/2B/3B/SS/UTIL
117735-163668,OF/2B/3B,Richie,Richie Palacios,Palacios,21.200000762939453,1,2200,MIA@TB,TB,MIA,IL,Knee,,,,2B/3B/OF/UTIL
117735-165725,OF,Daylen,Daylen Lile,Lile,5.6181817488236865,11,2200,TEX@WSH,WSH,TEX,,,,,,OF/UTIL
117735-161677,C,Nick,Nick Fortes,Fortes,3.528571537562779,28,2200,MIA@TB,MIA,TB,,,,,,C/1B/UTIL
117735-102295,OF,Stuart,Stuart Fairchild,Fairchild,3.685714358375186,21,2200,ATL@SF,ATL,SF,IL,Finger,,,,OF/UTIL
117735-102380,SS,Nick,Nick Allen,Allen,5.4830189830852,53,2200,ATL@SF,ATL,SF,,,,,,SS/UTIL
117735-135194,C,Freddy,Freddy Fermin,Fermin,5.057894656532689,38,2100,KC@CWS,KC,CWS,,,,,,C/1B/UTIL
117735-135216,OF,Chas,Chas McCormick,McCormick,2.4777776930067272,36,2100,HOU@CLE,HOU,CLE,IL,Oblique,,,,OF/UTIL
117735-225386,OF,Chandler,Chandler Simpson,Simpson,9.854285539899553,35,2100,MIA@TB,TB,MIA,,,,,,OF/UTIL
117735-184480,C,Cesar,Cesar Salazar,Salazar,0,3,2100,HOU@CLE,HOU,CLE,,,,,,C/1B/UTIL
117735-209172,1B,Andres,Andres Chaparro,Chaparro,8.481817996863162,33,2100,TEX@WSH,WSH,TEX,,,,,,C/1B/UTIL
117735-119351,SS/2B/3B,Jake,Jake Amaya,Amaya,2.4323528514188877,34,2100,KC@CWS,CWS,KC,,,,,,2B/3B/SS/UTIL
117735-119404,2B/3B,Nick,Nick Maton,Maton,4.32,25,2100,KC@CWS,CWS,KC,,,,,,2B/3B/UTIL
117735-119428,2B/3B,Will,Will Wilson,Wilson,2.9045455239035864,22,2100,HOU@CLE,CLE,HOU,,,,,,2B/3B/UTIL
117735-119439,C,Sam,Sam Huff,Huff,4.8,20,2100,ATL@SF,SF,ATL,,,,,,C/1B/UTIL
117735-13054,C,Rob,Rob Brantly,Brantly,4.166666666666667,3,2100,MIA@TB,MIA,TB,IL,Lat,,,,C/1B/UTIL
117735-119634,SS/2B,Liover,Liover Peguero,Peguero,2.25,4,2100,PHI@PIT,PIT,PHI,,,,,,2B/SS/UTIL
117735-119637,3B/OF,Ezequiel,Ezequiel Duran,Duran,1.743749976158142,16,2100,TEX@WSH,TEX,WSH,,,,,,3B/OF/UTIL
117735-197753,OF,Johnathan,Johnathan Rodriguez,Rodriguez,0,4,2100,HOU@CLE,CLE,HOU,,,,,,OF/UTIL
117735-21666,OF/1B,Mark,Mark Canha,Canha,4.018182003136837,33,2100,KC@CWS,KC,CWS,,,,,,C/1B/OF/UTIL
117735-197918,SS,Tsung-Che,Tsung-Che Cheng,Cheng,0,3,2100,PHI@PIT,PIT,PHI,,,,,,SS/UTIL
117735-197917,OF,Victor,Victor Mesa Jr.,Mesa Jr.,3.924999952316284,4,2100,MIA@TB,MIA,TB,,,,,,OF/UTIL
117735-181806,OF,Jonny,Jonny DeLuca,DeLuca,9.144444783528646,9,2100,MIA@TB,TB,MIA,IL,Shoulder,,,,OF/UTIL
117735-222887,SS/2B,Christian,Christian Koss,Koss,4.110344722353179,29,2100,ATL@SF,SF,ATL,,,,,,2B/SS/UTIL
117735-169769,3B/SS/2B,Vinny,Vinny Capra,Capra,2.7666667591441763,33,2100,KC@CWS,CWS,KC,,,,,,2B/3B/SS/UTIL
117735-102398,OF,Jarred,Jarred Kelenic,Kelenic,4.278260935907778,23,2100,ATL@SF,ATL,SF,,,,,,OF/UTIL
117735-198658,OF/2B,Ronny,Ronny Simon,Simon,5.089473523591694,19,2000,PHI@PIT,PIT,PHI,,,,,,2B/OF/UTIL
117735-102403,SS/2B,Marco,Marco Luciano,Luciano,4.362068965517241,29,2000,ATL@SF,SF,ATL,,,,,,2B/SS/UTIL
117735-102409,OF,Nick,Nick Schnell,Schnell,,0,2000,TEX@WSH,WSH,TEX,,,,,,OF/UTIL
117735-102411,C,Andrew,Andrew Knizner,Knizner,0,1,2000,ATL@SF,SF,ATL,,,,,,C/1B/UTIL
117735-102427,3B,Jordan,Jordan Groshans,Groshans,,0,2000,KC@CWS,KC,CWS,,,,,,3B/UTIL
117735-135207,2B,Alex,Alex De Goti,De Goti,,0,2000,TEX@WSH,TEX,WSH,,,,,,2B/UTIL
117735-102453,SS/2B/3B,Zack,Zack Short,Short,3.388372022052144,43,2000,HOU@CLE,HOU,CLE,,,,,,2B/3B/SS/UTIL
117735-135239,2B/SS/3B,Rodolfo,Rodolfo Castro,Castro,0,2,2000,PHI@PIT,PHI,PIT,,,,,,2B/3B/SS/UTIL
117735-135246,OF,Dominic,Dominic Fletcher,Fletcher,4.406944274902344,72,2000,KC@CWS,CWS,KC,,,,,,OF/UTIL
117735-135254,2B,Eddy,Eddy Alvarez,Alvarez,0.8857142584664481,14,2000,ATL@SF,ATL,SF,,,,,,2B/UTIL
117735-135255,C,Brian,Brian Navarreto,Navarreto,,0,2000,MIA@TB,MIA,TB,,,,,,C/1B/UTIL
117735-135263,C,Brian,Brian O'Keefe,O'Keefe,,0,2000,KC@CWS,KC,CWS,,,,,,C/1B/UTIL
117735-135269,OF,Zach,Zach DeLoach,DeLoach,6.065217391304348,23,2000,KC@CWS,CWS,KC,,,,,,OF/UTIL
117735-102512,OF,Carlos,Carlos Rodriguez,Rodriguez,,0,2000,ATL@SF,ATL,SF,,,,,,OF/UTIL
117735-102519,3B,Andrew,Andrew Bechtold,Bechtold,,0,2000,PHI@PIT,PHI,PIT,,,,,,3B/UTIL
117735-102521,C,Josh,Josh Breaux,Breaux,,0,2000,PHI@PIT,PHI,PIT,,,,,,C/1B/UTIL
117735-135288,SS/2B/3B,Alan,Alan Trejo,Trejo,3.078571319580078,14,2000,TEX@WSH,TEX,WSH,,,,,,2B/3B/SS/UTIL
117735-116869,SS,Erick,Erick Mejia,Mejia,,0,2000,TEX@WSH,WSH,TEX,,,,,,SS/UTIL
117735-184479,OF,Corey,Corey Julks,Julks,5.03582080442514,67,2000,KC@CWS,CWS,KC,,,,,,OF/UTIL
117735-102563,3B/2B/SS,Jonathan,Jonathan Ornelas,Ornelas,0.75,4,2000,ATL@SF,ATL,SF,,,,,,2B/3B/SS/UTIL
117735-102584,C,Tres,Tres Barrera,Barrera,,0,2000,MIA@TB,TB,MIA,,,,,,C/1B/UTIL
117735-194773,C,Logan,Logan Porter,Porter,,0,2000,ATL@SF,SF,ATL,,,,,,C/1B/UTIL
117735-198875,OF,Chase,Chase DeLauter,DeLauter,,0,2000,HOU@CLE,CLE,HOU,,,,,,OF/UTIL
117735-198933,SS,Sebastian,Sebastian Walcott,Walcott,,0,2000,TEX@WSH,TEX,WSH,,,,,,SS/UTIL
117735-198932,1B,Xavier,Xavier Isaac,Isaac,,0,2000,MIA@TB,TB,MIA,,,,,,C/1B/UTIL
117735-198937,OF,Bryce,Bryce Eldridge,Eldridge,,0,2000,ATL@SF,SF,ATL,,,,,,OF/UTIL
117735-194908,SS/2B/3B,Tristan,Tristan Gray,Gray,1.4,15,2000,KC@CWS,CWS,KC,,,,,,2B/3B/SS/UTIL
117735-211306,2B,Darren,Darren Baker,Baker,3.355555640326606,9,2000,TEX@WSH,WSH,TEX,,,,,,2B/UTIL
117735-170350,OF,Dairon,Dairon Blanco,Blanco,3.7666668362087674,9,2000,KC@CWS,KC,CWS,,,,,,OF/UTIL
117735-211339,C,Logan,Logan Driscoll,Driscoll,3.593333435058594,15,2000,MIA@TB,TB,MIA,IL,Ankle,,,,C/1B/UTIL
117735-211345,2B,Michael,Michael Helman,Helman,2.3777777353922525,9,2000,TEX@WSH,TEX,WSH,,,,,,2B/UTIL
117735-135646,C,Carson,Carson Taylor,Taylor,,0,2000,PHI@PIT,PHI,PIT,IL,Undisclosed,,,,C/1B/UTIL
117735-96765,C,Joe,Joe Hudson,Hudson,0,1,2000,HOU@CLE,HOU,CLE,,,,,,C/1B/UTIL
117735-219661,SS,Jared,Jared Serna,Serna,,0,2000,MIA@TB,MIA,TB,,,,,,SS/UTIL
117735-119332,SS,Yordys,Yordys Valdes,Valdes,,0,2000,HOU@CLE,CLE,HOU,,,,,,SS/UTIL
117735-156226,OF,Pedro,Pedro Leon,Leon,3.4571429661342075,7,2000,HOU@CLE,HOU,CLE,IL,Knee,,,,OF/UTIL
117735-80459,OF,Franchy,Franchy Cordero,Cordero,,0,2000,TEX@WSH,WSH,TEX,,,,,,OF/UTIL
117735-119371,2B,Devin,Devin Mann,Mann,,0,2000,ATL@SF,SF,ATL,,,,,,2B/UTIL
117735-119407,OF,Sammy,Sammy Siani,Siani,,0,2000,PHI@PIT,PIT,PHI,,,,,,OF/UTIL
117735-119408,2B/OF,Ji Hwan,Ji Hwan Bae,Bae,3.942857197352818,7,2000,PHI@PIT,PIT,PHI,,,,,,2B/OF/UTIL
117735-119419,OF,Hunter,Hunter Bishop,Bishop,,0,2000,ATL@SF,SF,ATL,,,,,,OF/UTIL
117735-119418,OF,Jairo,Jairo Pomares,Pomares,,0,2000,ATL@SF,SF,ATL,,,,,,OF/UTIL
117735-119421,3B,Malcom,Malcom Nunez,Nunez,,0,2000,PHI@PIT,PIT,PHI,IL,Undisclosed,,,,3B/UTIL
117735-82556,OF,Taylor,Taylor Trammell,Trammell,1.1272726925936611,11,2000,HOU@CLE,HOU,CLE,IL,Calf,,,,OF/UTIL
117735-82558,OF,Conner,Conner Capel,Capel,2.171428544180734,7,2000,ATL@SF,ATL,SF,,,,,,OF/UTIL
117735-119432,SS,Greg,Greg Jones,Jones,2,3,2000,HOU@CLE,HOU,CLE,,,,,,SS/UTIL
117735-176777,OF,Cal,Cal Stevenson,Stevenson,1.9,5,2000,PHI@PIT,PHI,PIT,,,,,,OF/UTIL
117735-119436,SS,Maximo,Maximo Acosta,Acosta,,0,2000,MIA@TB,MIA,TB,,,,,,SS/UTIL
117735-164501,SS,Cal,Cal Conley,Conley,,0,2000,ATL@SF,ATL,SF,,,,,,SS/UTIL
117735-82586,OF,MJ,MJ Melendez,Melendez,3.456249952316284,16,2000,KC@CWS,KC,CWS,,,,,,OF/UTIL
117735-119450,OF,Jeremy,Jeremy De La Rosa,De La Rosa,,0,2000,TEX@WSH,WSH,TEX,,,,,,OF/UTIL
117735-82589,OF/1B,Nick,Nick Pratto,Pratto,0,2,2000,KC@CWS,KC,CWS,,,,,,C/1B/OF/UTIL
117735-164508,OF,Jesse,Jesse Franklin,Franklin,,0,2000,ATL@SF,ATL,SF,,,,,,OF/UTIL
117735-164519,3B,Alex,Alex Binelas,Binelas,,0,2000,PHI@PIT,PHI,PIT,,,,,,3B/UTIL
117735-199342,3B,Graham,Graham Pauley,Pauley,4.4178570338657925,28,2000,MIA@TB,MIA,TB,,,,,,3B/UTIL
117735-164531,SS,Kevin,Kevin Made,Made,,0,2000,TEX@WSH,WSH,TEX,,,,,,SS/UTIL
117735-82616,2B/3B/SS,Luis,Luis Guillorme,Guillorme,3.858227693581883,79,2000,HOU@CLE,HOU,CLE,,,,,,2B/3B/SS/UTIL
117735-82620,2B,Nick,Nick Solak,Solak,0.75,4,2000,PHI@PIT,PIT,PHI,,,,,,2B/UTIL
117735-162509,1B/OF,Juan,Juan Yepez,Yepez,8.784127371651786,63,2000,TEX@WSH,WSH,TEX,,,,,,C/1B/OF/UTIL
117735-17105,C,Sandy,Sandy Leon,Leon,0,2,2000,ATL@SF,ATL,SF,,,,,,C/1B/UTIL
117735-17171,C,James,James McCann,McCann,7.277941086713006,68,2000,ATL@SF,ATL,SF,,,,,,C/1B/UTIL
117735-224021,3B,Otto,Otto Kemp,Kemp,,0,2000,PHI@PIT,PHI,PIT,,,,,,3B/UTIL
117735-209703,OF,Grant,Grant McCray,McCray,7.17837854333826,37,2000,ATL@SF,SF,ATL,,,,,,OF/UTIL
117735-199466,3B/1B,Trey,Trey Lipscomb,Lipscomb,3.066666603088379,3,2000,TEX@WSH,WSH,TEX,,,,,,C/1B/3B/UTIL
117735-193328,OF,Wade,Wade Meckler,Meckler,0,2,2000,ATL@SF,SF,ATL,,,,,,OF/UTIL
117735-211774,1B/OF,Billy,Billy Cook,Cook,7.25,16,2000,PHI@PIT,PIT,PHI,,,,,,C/1B/OF/UTIL
117735-119627,OF,Erick,Erick Pena,Pena,,0,2000,KC@CWS,KC,CWS,,,,,,OF/UTIL
117735-119626,OF,Hudson,Hudson Head,Head,,0,2000,PHI@PIT,PIT,PHI,,,,,,OF/UTIL
117735-174963,SS,Charles,Charles Leblanc,Leblanc,8.290908813476562,11,2000,ATL@SF,ATL,SF,IL,Undisclosed,,,,SS/UTIL
117735-52157,C,Tom,Tom Murphy,Murphy,3.7571427481515065,14,2000,ATL@SF,SF,ATL,IL,Back,,,,C/1B/UTIL
117735-13262,OF,Jurickson,Jurickson Profar,Profar,4.599999904632568,4,2000,ATL@SF,ATL,SF,NA,Suspension,,,,OF/UTIL
117735-13304,C,Tucker,Tucker Barnhart,Barnhart,1.875,8,2000,TEX@WSH,TEX,WSH,,,,,,C/1B/UTIL
117735-97291,2B,Harold,Harold Castro,Castro,,0,2000,KC@CWS,KC,CWS,IL,Undisclosed,,,,2B/UTIL
117735-171037,C,Jason,Jason Delay,Delay,6.400000095367432,8,2000,ATL@SF,ATL,SF,,,,,,C/1B/UTIL
117735-222286,OF,Braden,Braden Montgomery,Montgomery,,0,2000,KC@CWS,CWS,KC,,,,,,OF/UTIL
117735-171128,3B/2B,Buddy,Buddy Kennedy,Kennedy,5.185714176722935,14,2000,PHI@PIT,PHI,PIT,,,,,,2B/3B/UTIL
117735-13436,C,Max,Max Stassi,Stassi,0,1,2000,ATL@SF,SF,ATL,,,,,,C/1B/UTIL
117735-83143,OF,Oscar,Oscar Mercado,Mercado,0,1,2000,PHI@PIT,PHI,PIT,,,,,,OF/UTIL
117735-187594,2B/3B,Coco,Coco Montes,Montes,1.9,5,2000,MIA@TB,TB,MIA,,,,,,2B/3B/UTIL
117735-195795,C,Chandler,Chandler Seagle,Seagle,,0,2000,ATL@SF,ATL,SF,,,,,,C/1B/UTIL
117735-83174,3B,Sergio,Sergio Alcantara,Alcantara,0,2,2000,ATL@SF,SF,ATL,,,,,,3B/UTIL
117735-60652,2B,Christian,Christian Arroyo,Arroyo,,0,2000,PHI@PIT,PHI,PIT,,,,,,2B/UTIL
117735-146668,2B,Nick,Nick Yorke,Yorke,8.754545731977982,11,2000,PHI@PIT,PIT,PHI,,,,,,2B/UTIL
117735-79093,OF,Eloy,Eloy Jimenez,Jimenez,5.833333333333333,99,2000,MIA@TB,TB,MIA,IL,Achilles,,,,OF/UTIL
117735-197883,OF,Kenedy,Kenedy Corona,Corona,0,1,2000,HOU@CLE,HOU,CLE,,,,,,OF/UTIL
117735-146686,OF,Colin,Colin Barber,Barber,,0,2000,HOU@CLE,HOU,CLE,,,,,,OF/UTIL
117735-197895,OF,Tyler,Tyler Gentry,Gentry,0,4,2000,KC@CWS,KC,CWS,,,,,,OF/UTIL
117735-79128,C,Garrett,Garrett Stubbs,Stubbs,5.580701861465187,57,2000,PHI@PIT,PHI,PIT,,,,,,C/1B/UTIL
117735-79130,OF,Jose,Jose Azocar,Azocar,3.576923076923077,13,2000,ATL@SF,ATL,SF,,,,,,OF/UTIL
117735-85274,OF,DJ,DJ Stewart,Stewart,4.864473844829359,76,2000,PHI@PIT,PIT,PHI,,,,,,OF/UTIL
117735-85277,2B/OF/1B/3B,Cavan,Cavan Biggio,Biggio,3.573684290835732,38,2000,KC@CWS,KC,CWS,,,,,,C/1B/2B/3B/OF/UTIL
117735-146731,SS/2B,Alika,Alika Williams,Williams,4.191892056851773,37,2000,PHI@PIT,PIT,PHI,,,,,,2B/SS/UTIL
117735-146735,OF,Roismar,Roismar Quintana,Quintana,,0,2000,TEX@WSH,WSH,TEX,,,,,,OF/UTIL
117735-146738,2B,Justin,Justin Foscue,Foscue,1.756250023841858,16,2000,TEX@WSH,TEX,WSH,,,,,,2B/UTIL
117735-79156,SS/2B,David,David Fletcher,Fletcher,2.1666666666666665,6,2000,ATL@SF,ATL,SF,,,,,,2B/SS/UTIL
117735-79190,C,Ben,Ben Rortvedt,Rortvedt,2.6692308279184194,26,2000,MIA@TB,TB,MIA,,,,,,C/1B/UTIL
117735-79204,SS,Richie,Richie Martin,Martin,,0,2000,TEX@WSH,TEX,WSH,,,,,,SS/UTIL
117735-38276,OF,Albert,Albert Almora,Almora,0,2,2000,MIA@TB,MIA,TB,,,,,,OF/UTIL
117735-152972,2B/OF,Luke,Luke Williams,Williams,2.8933334350585938,15,2000,ATL@SF,ATL,SF,,,,,,2B/OF/UTIL
117735-38293,OF,Tyler,Tyler Naquin,Naquin,,0,2000,HOU@CLE,CLE,HOU,,,,,,OF/UTIL
117735-101787,1B/OF,LaMonte,LaMonte Wade Jr.,Wade Jr.,5.477999877929688,50,2000,ATL@SF,SF,ATL,,,,,,C/1B/OF/UTIL
117735-79279,OF,Andrew,Andrew Stevenson,Stevenson,,0,2000,MIA@TB,TB,MIA,,,,,,OF/UTIL
117735-226808,1B,Blaine,Blaine Crim,Crim,1.8399999618530274,5,2000,TEX@WSH,TEX,WSH,,,,,,C/1B/UTIL
117735-181790,OF,Diego,Diego Hernandez,Hernandez,,0,2000,KC@CWS,KC,CWS,IL,Undisclosed,,,,OF/UTIL
117735-181818,2B,Juan,Juan Brito,Brito,0,3,2000,HOU@CLE,CLE,HOU,IL,Thumb,,,,2B/UTIL
117735-181820,OF/2B/SS,Brett,Brett Wisely,Wisely,2.0399999618530273,5,2000,ATL@SF,SF,ATL,,,,,,2B/SS/OF/UTIL
117735-222780,SS,Starlyn,Starlyn Caba,Caba,,0,2000,MIA@TB,MIA,TB,IL,Thumb,,,,SS/UTIL
117735-181824,SS,Osleivis,Osleivis Basabe,Basabe,0,1,2000,ATL@SF,SF,ATL,,,,,,SS/UTIL
117735-222799,C,Cooper,Cooper Ingle,Ingle,,0,2000,HOU@CLE,CLE,HOU,,,,,,C/1B/UTIL
117735-222798,1B,CJ,CJ Kayfus,Kayfus,,0,2000,HOU@CLE,CLE,HOU,,,,,,C/1B/UTIL
117735-167500,OF,Joey,Joey Wiemer,Wiemer,1.4476190294538225,21,2000,KC@CWS,KC,CWS,,,,,,OF/UTIL
117735-222797,2B,Travis,Travis Bazzana,Bazzana,,0,2000,HOU@CLE,CLE,HOU,IL,Oblique,,,,2B/UTIL
117735-222796,SS,Angel,Angel Genao,Genao,,0,2000,HOU@CLE,CLE,HOU,,,,,,SS/UTIL
117735-222801,OF,Jaison,Jaison Chourio,Chourio,,0,2000,HOU@CLE,CLE,HOU,,,,,,OF/UTIL
117735-222800,1B,Ralphy,Ralphy Velazquez,Velazquez,,0,2000,HOU@CLE,CLE,HOU,,,,,,C/1B/UTIL
117735-222805,C,Blake,Blake Mitchell,Mitchell,,0,2000,KC@CWS,KC,CWS,IL,Wrist,,,,C/1B/UTIL
117735-181856,3B,Andre,Andre Lipcius,Lipcius,,0,2000,KC@CWS,CWS,KC,,,,,,3B/UTIL
117735-222823,SS,Konnor,Konnor Griffin,Griffin,,0,2000,PHI@PIT,PIT,PHI,,,,,,SS/UTIL
117735-222824,2B,Termarr,Termarr Johnson,Johnson,,0,2000,PHI@PIT,PIT,PHI,,,,,,2B/UTIL
117735-222831,SS,Jackson,Jackson Cluff,Cluff,,0,2000,TEX@WSH,WSH,TEX,,,,,,SS/UTIL
117735-222829,SS,Seaver,Seaver King,King,,0,2000,TEX@WSH,WSH,TEX,,,,,,SS/UTIL
117735-226928,3B,Jack,Jack Winkler,Winkler,0,4,2000,MIA@TB,MIA,TB,,,,,,3B/UTIL
117735-222847,OF,Justin,Justin Crawford,Crawford,,0,2000,PHI@PIT,PHI,PIT,,,,,,OF/UTIL
117735-222845,SS,Brice,Brice Matthews,Matthews,,0,2000,HOU@CLE,HOU,CLE,,,,,,SS/UTIL
117735-222851,C,Dominic,Dominic Keegan,Keegan,,0,2000,MIA@TB,TB,MIA,,,,,,C/1B/UTIL
117735-222850,3B,Brayden,Brayden Taylor,Taylor,,0,2000,MIA@TB,TB,MIA,,,,,,3B/UTIL
117735-222849,C,Eduardo,Eduardo Tait,Tait,,0,2000,PHI@PIT,PHI,PIT,,,,,,C/1B/UTIL
117735-222848,SS,Aidan,Aidan Miller,Miller,,0,2000,PHI@PIT,PHI,PIT,,,,,,SS/UTIL
117735-222853,1B,Tre',Tre' Morgan,Morgan,,0,2000,MIA@TB,TB,MIA,,,,,,C/1B/UTIL
117735-222852,OF,Theo,Theo Gillen,Gillen,,0,2000,MIA@TB,TB,MIA,,,,,,OF/UTIL
117735-165519,OF,Petey,Petey Halpin,Halpin,,0,2000,HOU@CLE,CLE,HOU,,,,,,OF/UTIL
117735-52878,OF,Billy,Billy McKinney,McKinney,4.254545385187322,11,2000,TEX@WSH,TEX,WSH,,,,,,OF/UTIL
117735-165516,C,Daniel,Daniel Vellojin,Vellojin,,0,2000,MIA@TB,TB,MIA,,,,,,C/1B/UTIL
117735-165535,SS,Colson,Colson Montgomery,Montgomery,,0,2000,KC@CWS,CWS,KC,DTD,Knee,,,,SS/UTIL
117735-165533,3B,Wes,Wes Kath,Kath,,0,2000,KC@CWS,CWS,KC,,,,,,3B/UTIL
117735-165539,SS,Jose,Jose Rodriguez,Rodriguez,0,2,2000,PHI@PIT,PHI,PIT,,,,,,SS/UTIL
117735-165540,3B,Bryan,Bryan Ramos,Ramos,6.063636548591383,33,2000,KC@CWS,CWS,KC,,,,,,3B/UTIL
117735-220848,SS,Christian,Christian Cairo,Cairo,,0,2000,HOU@CLE,CLE,HOU,,,,,,SS/UTIL
117735-163510,SS/2B,Diego A.,Diego A. Castillo,Castillo,7.900000095367432,4,2000,KC@CWS,KC,CWS,,,,,,2B/SS/UTIL
117735-165558,OF,Tyler,Tyler Whitaker,Whitaker,,0,2000,HOU@CLE,HOU,CLE,,,,,,OF/UTIL
117735-222902,2B,Tyler,Tyler Tolbert,Tolbert,3.507692190317007,13,2000,KC@CWS,KC,CWS,,,,,,2B/UTIL
117735-165563,SS,Cristian,Cristian Gonzalez,Gonzalez,,0,2000,HOU@CLE,HOU,CLE,,,,,,SS/UTIL
117735-165567,3B/2B,Shay,Shay Whitcomb,Whitcomb,0,1,2000,HOU@CLE,HOU,CLE,,,,,,2B/3B/UTIL
117735-165565,2B,Peyton,Peyton Wilson,Wilson,,0,2000,KC@CWS,KC,CWS,,,,,,2B/UTIL
117735-202433,2B/OF,Jamie,Jamie Westbrook,Westbrook,4.490476335797991,21,2000,MIA@TB,TB,MIA,,,,,,2B/OF/UTIL
117735-165574,SS,Daniel,Daniel Vazquez,Vazquez,,0,2000,KC@CWS,KC,CWS,,,,,,SS/UTIL
117735-165579,C,Carter,Carter Jensen,Jensen,,0,2000,KC@CWS,KC,CWS,,,,,,C/1B/UTIL
117735-198359,3B,Deyvison,Deyvison De Los Santos,De Los Santos,0,2,2000,MIA@TB,MIA,TB,IL,Quadriceps,,,,3B/UTIL
117735-165597,SS,Kahlil,Kahlil Watson,Watson,,0,2000,HOU@CLE,CLE,HOU,,,,,,SS/UTIL
117735-165602,C,Joe,Joe Mack,Mack,,0,2000,MIA@TB,MIA,TB,,,,,,C/1B/UTIL
117735-165603,SS,Yiddi,Yiddi Cappe,Cappe,,0,2000,MIA@TB,MIA,TB,,,,,,SS/UTIL
117735-165607,SS,Jordan,Jordan McCants,McCants,,0,2000,MIA@TB,MIA,TB,,,,,,SS/UTIL
117735-165608,2B,Cody,Cody Morissette,Morissette,,0,2000,MIA@TB,MIA,TB,,,,,,2B/UTIL
117735-52995,C,Luke,Luke Maile,Maile,11.300000508626303,3,2000,KC@CWS,KC,CWS,,,,,,C/1B/UTIL
117735-165646,C,Rickardo,Rickardo Perez,Perez,,0,2000,PHI@PIT,PHI,PIT,,,,,,C/1B/UTIL
117735-165647,OF,Ethan,Ethan Wilson,Wilson,,0,2000,PHI@PIT,PHI,PIT,,,,,,OF/UTIL
117735-206608,SS/2B,Nacho,Nacho Alvarez Jr.,Alvarez Jr.,2.2750000953674316,8,2000,ATL@SF,ATL,SF,IL,Wrist,,,,2B/SS/UTIL
117735-165658,SS,Maikol,Maikol Escotto,Escotto,,0,2000,PHI@PIT,PIT,PHI,,,,,,SS/UTIL
117735-165656,OF,Lonnie,Lonnie White,White,,0,2000,PHI@PIT,PIT,PHI,,,,,,OF/UTIL
117735-165667,OF,Samuel,Samuel Zavala,Zavala,,0,2000,KC@CWS,CWS,KC,,,,,,OF/UTIL
117735-165685,SS,Aeverson,Aeverson Arteaga,Arteaga,,0,2000,ATL@SF,SF,ATL,,,,,,SS/UTIL
117735-165690,C,Brett,Brett Auerbach,Auerbach,,0,2000,ATL@SF,SF,ATL,,,,,,C/1B/UTIL
117735-165688,C,Ricardo,Ricardo Genoves,Genoves,,0,2000,MIA@TB,TB,MIA,,,,,,C/1B/UTIL
117735-165702,SS,Carson,Carson Williams,Williams,,0,2000,MIA@TB,TB,MIA,,,,,,SS/UTIL
117735-165703,OF,Heriberto,Heriberto Hernandez,Hernandez,2.5,5,2000,MIA@TB,MIA,TB,,,,,,OF/UTIL
117735-165700,SS,Carlos,Carlos Colmenares,Colmenares,,0,2000,MIA@TB,TB,MIA,,,,,,SS/UTIL
117735-165704,2B,Cooper,Cooper Kinney,Kinney,,0,2000,MIA@TB,TB,MIA,,,,,,2B/UTIL
117735-165711,SS,Cam,Cam Cauley,Cauley,,0,2000,TEX@WSH,TEX,WSH,,,,,,SS/UTIL
117735-165708,2B,Trevor,Trevor Hauver,Hauver,,0,2000,TEX@WSH,TEX,WSH,IL,Undisclosed,,,,2B/UTIL
117735-165709,OF,Yeison,Yeison Morrobel,Morrobel,,0,2000,TEX@WSH,TEX,WSH,,,,,,OF/UTIL
117735-165713,OF,Aaron,Aaron Zavala,Zavala,,0,2000,TEX@WSH,TEX,WSH,,,,,,OF/UTIL
117735-163669,C,Bryan,Bryan Lavastida,Lavastida,,0,2000,HOU@CLE,HOU,CLE,,,,,,C/1B/UTIL
117735-165726,SS,Brady,Brady House,House,,0,2000,TEX@WSH,WSH,TEX,,,,,,SS/UTIL
117735-163679,3B,Joe,Joe Perez,Perez,,0,2000,KC@CWS,CWS,KC,,,,,,3B/UTIL
117735-165730,C,Drew,Drew Millas,Millas,5.661904834565663,21,2000,TEX@WSH,WSH,TEX,,,,,,C/1B/UTIL
117735-165728,SS,Armando,Armando Cruz,Cruz,,0,2000,TEX@WSH,WSH,TEX,,,,,,SS/UTIL
117735-165732,1B,Branden,Branden Boissiere,Boissiere,,0,2000,TEX@WSH,WSH,TEX,,,,,,C/1B/UTIL
117735-163694,SS,Eddys,Eddys Leonard,Leonard,0,1,2000,ATL@SF,ATL,SF,,,,,,SS/UTIL
117735-163696,OF,Jack,Jack Suwinski,Suwinski,4.393750190734863,16,2000,PHI@PIT,PIT,PHI,,,,,,OF/UTIL
117735-180095,OF,Will,Will Brennan,Brennan,1.5,6,2000,HOU@CLE,CLE,HOU,IL,Forearm,,,,OF/UTIL
117735-102279,3B,Drew,Drew Ellis,Ellis,,0,2000,ATL@SF,SF,ATL,,,,,,3B/UTIL
117735-171923,1B,Darick,Darick Hall,Hall,0,2,2000,PHI@PIT,PIT,PHI,IL,Undisclosed,,,,C/1B/UTIL
117735-182167,1B,Matt,Matt Mervis,Mervis,6.523809523809524,42,2000,MIA@TB,MIA,TB,,,,,,C/1B/UTIL
117735-79776,C,Dom,Dom Nunez,Nunez,0,1,2000,HOU@CLE,CLE,HOU,,,,,,C/1B/UTIL
117735-102313,OF,George,George Valera,Valera,0,3,2000,HOU@CLE,CLE,HOU,,,,,,OF/UTIL
117735-163772,C,Brett,Brett Sullivan,Sullivan,3.9000000953674316,8,2000,PHI@PIT,PIT,PHI,,,,,,C/1B/UTIL
117735-102337,OF,Seth,Seth Beer,Beer,,0,2000,PHI@PIT,PHI,PIT,,,,,,OF/UTIL
117735-81869,C,Chad,Chad Wallach,Wallach,,0,2000,TEX@WSH,TEX,WSH,IL,Undisclosed,,,,C/1B/UTIL
117735-171986,3B,Matthew,Matthew Batten,Batten,4.5,2,2000,ATL@SF,ATL,SF,,,,,,3B/UTIL
117735-102352,C,Payton,Payton Henry,Henry,0,1,2000,PHI@PIT,PHI,PIT,,,,,,C/1B/UTIL
117735-102358,SS,Jose,Jose Devers,Devers,1.2399999618530273,5,2000,ATL@SF,ATL,SF,,,,,,SS/UTIL
117735-102360,OF,Connor,Connor Scott,Scott,,0,2000,KC@CWS,KC,CWS,IL,Undisclosed,,,,OF/UTIL
117735-102388,OF,Cal,Cal Mitchell,Mitchell,,0,2000,ATL@SF,SF,ATL,,,,,,OF/UTIL