Id,Position,First Name,Nickname,Last Name,FPPG,Played,Salary,Game,Team,Opponent,Injury Indicator,Injury Details,Tier,Probable Pitcher,Batting Order,Roster Position
117861-119340,P,Tarik,Tarik Skubal,Skubal,44.07692307692308,13,11200,DET@BAL,DET,BAL,,,,Yes,,P
117861-146687,P,Hunter,Hunter Brown,Brown,42.76923076923077,13,11000,CWS@HOU,HOU,CWS,,,,,,P
117861-60633,P,Carlos,Carlos Rodon,Rodon,39.857142857142854,14,10800,NYY@KC,NYY,KC,,,,,,P
117861-197980,P,Paul,Paul Skenes,Skenes,40,14,10700,PIT@CHC,PIT,CHC,,,,,,P
117861-85599,P,Framber,Framber Valdez,Valdez,38.15384615384615,13,10600,CWS@HOU,HOU,CWS,,,,Yes,,P
117861-52185,P,Max,Max Fried,Fried,39.07142857142857,14,10600,NYY@KC,NYY,KC,,,,,,P
117861-102330,P,Kris,Kris Bubic,Bubic,38.46153846153846,13,10400,NYY@KC,KC,NYY,,,,,,P
117861-17064,P,Sonny,Sonny Gray,Gray,35.30769230769231,13,10000,STL@MIL,STL,MIL,,,,Yes,,P
117861-63136,P,Matthew,Matthew Boyd,Boyd,32.92307692307692,13,9900,PIT@CHC,CHC,PIT,,,,,,P
117861-102294,P,Grayson,Grayson Rodriguez,Rodriguez,35.6,20,9500,DET@BAL,BAL,DET,IL,Lat,,,,P
117861-11328,P,Martin,Martin Perez,Perez,26.75,4,9400,CWS@HOU,CWS,HOU,IL,Elbow,,,,P
117861-198885,P,Spencer,Spencer Arrighetti,Arrighetti,22.5,2,9300,CWS@HOU,HOU,CWS,IL,Thumb,,,,P
117861-83190,P,Freddy,Freddy Peralta,Peralta,31.857142857142858,14,9300,STL@MIL,MIL,STL,,,,,,P
117861-85253,P,Casey,Casey Mize,Mize,30.545454545454547,11,9300,DET@BAL,DET,BAL,,,,,,P
117861-79270,P,Cole,Cole Ragans,Ragans,31,10,9300,NYY@KC,KC,NYY,IL,Shoulder,,,,P
117861-219653,P,Logan,Logan Henderson,Henderson,40,4,9300,STL@MIL,MIL,STL,,,,,,P
117861-165551,P,Reese,Reese Olson,Olson,31.88888888888889,9,9300,DET@BAL,DET,BAL,IL,Finger,,,,P
117861-52159,P,Lance,Lance McCullers Jr.,McCullers Jr.,24.428571428571427,7,9300,CWS@HOU,HOU,CWS,,,,,,P
117861-79246,P,Jack,Jack Flaherty,Flaherty,33.69230769230769,13,9200,DET@BAL,DET,BAL,,,,,,P
117861-198702,P,Shota,Shota Imanaga,Imanaga,27.5,8,9000,PIT@CHC,CHC,PIT,IL,Hamstring,,,,P
117861-79217,P,Mitch,Mitch Keller,Keller,26.714285714285715,14,9000,PIT@CHC,PIT,CHC,,,,,,P
117861-219663,P,Chad,Chad Patrick,Patrick,26.266666666666666,15,9000,STL@MIL,MIL,STL,,,,,,P
117861-16956,P,Gerrit,Gerrit Cole,Cole,32,22,9000,NYY@KC,NYY,KC,IL,Elbow,,,,P
117861-16961,P,Jameson,Jameson Taillon,Taillon,29.615384615384617,13,9000,PIT@CHC,CHC,PIT,,,,Yes,,P
117861-80582,P,Brandon,Brandon Woodruff,Woodruff,,0,9000,STL@MIL,MIL,STL,IL,Elbow,,,,P
117861-146725,P,Jared,Jared Jones,Jones,30.59090909090909,22,8900,PIT@CHC,PIT,CHC,IL,Elbow,,,,P
117861-37999,P,Michael,Michael Wacha,Wacha,27.384615384615383,13,8800,NYY@KC,KC,NYY,,,,,,P
117861-118206,P,Luis,Luis Gil,Gil,30.29032258064516,31,8800,NYY@KC,NYY,KC,IL,Lat,,,,P
117861-219697,P,Noah,Noah Cameron,Cameron,32,6,8800,NYY@KC,KC,NYY,,,,,,P
117861-82621,P,Clarke,Clarke Schmidt,Schmidt,30.8,10,8800,NYY@KC,NYY,KC,,,,,,P
117861-102408,P,Matthew,Matthew Liberatore,Liberatore,27.384615384615383,13,8600,STL@MIL,STL,MIL,,,,,,P
117861-68485,P,Ryan,Ryan Yarbrough,Yarbrough,16.285714285714285,14,8600,NYY@KC,NYY,KC,,,,,,P
117861-66766,P,Adrian,Adrian Houser,Houser,37.25,4,8500,CWS@HOU,CWS,HOU,,,,,,P
117861-181837,P,Ben,Ben Brown,Brown,25.357142857142858,14,8500,PIT@CHC,CHC,PIT,,,,,,P
117861-168872,P,Ronel,Ronel Blanco,Blanco,28.555555555555557,9,8500,CWS@HOU,HOU,CWS,IL,Elbow,,,,P
117861-68482,P,Zach,Zach Eflin,Eflin,28.333333333333332,9,8400,DET@BAL,BAL,DET,,,,,,P
117861-71034,P,Seth,Seth Lugo,Lugo,28.363636363636363,11,8300,NYY@KC,KC,NYY,,,,Yes,,P
117861-220840,P,Shane,Shane Smith,Smith,29,13,8300,CWS@HOU,CWS,HOU,,,,,,P
117861-165636,P,Hayden,Hayden Wesneski,Wesneski,24.833333333333332,6,8300,CWS@HOU,HOU,CWS,IL,Elbow,,,,P
117861-198912,P,Will,Will Warren,Warren,24.846153846153847,13,8200,NYY@KC,NYY,KC,,,,Yes,,P
117861-165547,P,Jackson,Jackson Jobe,Jobe,22.7,10,8200,DET@BAL,DET,BAL,IL,Elbow,,,,P
117861-145625,P,Bailey,Bailey Falter,Falter,23.785714285714285,14,8100,PIT@CHC,PIT,CHC,,,,,,P
117861-52728,P,Michael,Michael Lorenzen,Lorenzen,24.846153846153847,14,8100,NYY@KC,KC,NYY,,,,,,P
117861-110822,P,Jose,Jose Urquidy,Urquidy,0,1,8000,DET@BAL,DET,BAL,IL,Elbow,,,,P
117861-82775,P,Nestor,Nestor Cortes,Cortes,17,2,8000,STL@MIL,MIL,STL,IL,Elbow,,,,P
117861-163700,P,Kyle,Kyle Bradish,Bradish,32.625,8,8000,DET@BAL,BAL,DET,IL,Elbow,,,,P
117861-198876,P,Cade,Cade Horton,Horton,24.5,6,7800,PIT@CHC,CHC,PIT,,,,,,P
117861-170315,P,Davis,Davis Martin,Martin,24.153846153846153,13,7800,CWS@HOU,CWS,HOU,,,,Yes,,P
117861-21099,P,Jose,Jose Quintana,Quintana,27.25,8,7800,STL@MIL,MIL,STL,,,,,,P
117861-165543,P,Sean,Sean Burke,Burke,21.5,14,7800,CWS@HOU,CWS,HOU,,,,,,P
117861-165655,P,Bubba,Bubba Chandler,Chandler,,0,7800,PIT@CHC,PIT,CHC,,,,,,P
117861-197981,P,Jacob,Jacob Misiorowski,Misiorowski,,0,7700,STL@MIL,MIL,STL,,,,Yes,,P
117861-220895,P,Tomoyuki,Tomoyuki Sugano,Sugano,25,13,7700,DET@BAL,BAL,DET,,,,,,P
117861-102447,P,Dean,Dean Kremer,Kremer,22.923076923076923,13,7600,DET@BAL,BAL,DET,,,,Yes,,P
117861-79123,P,Tyler,Tyler Alexander,Alexander,7,22,7500,CWS@HOU,CWS,HOU,,,,,,P
117861-164521,P,Brandon,Brandon Walter,Walter,30.5,2,7500,CWS@HOU,HOU,CWS,,,,,,P
117861-165573,P,Alec,Alec Marsh,Marsh,24.423076923076923,26,7500,NYY@KC,KC,NYY,IL,Shoulder,,,,P
117861-200581,P,Jonathan,Jonathan Cannon,Cannon,22.083333333333332,12,7500,CWS@HOU,CWS,HOU,IL,Back,,,,P
117861-52167,P,Andrew,Andrew Heaney,Heaney,25.615384615384617,13,7500,PIT@CHC,PIT,CHC,DTD,Calf,,Yes,,P
117861-64488,P,Colin,Colin Rea,Rea,20.071428571428573,14,7500,PIT@CHC,CHC,PIT,,,,,,P
117861-194697,P,Sawyer,Sawyer Gipson-Long,Gipson-Long,18.5,2,7400,DET@BAL,DET,BAL,,,,,,P
117861-146724,P,Carmen,Carmen Mlodzinski,Mlodzinski,14.88888888888889,9,7400,PIT@CHC,PIT,CHC,,,,,,P
117861-219662,P,Colton,Colton Gordon,Gordon,22.6,5,7400,CWS@HOU,HOU,CWS,,,,,,P
117861-165561,P,Chayce,Chayce McDermott,McDermott,11.5,2,7400,DET@BAL,BAL,DET,,,,,,P
117861-13123,P,Alex,Alex Cobb,Cobb,19.4,5,7400,DET@BAL,DET,BAL,IL,Hip,,,,P
117861-178415,P,Javier,Javier Assad,Assad,24,29,7300,PIT@CHC,CHC,PIT,IL,Oblique,,,,P
117861-202541,P,Cade,Cade Povich,Povich,23.166666666666668,12,7300,DET@BAL,BAL,DET,,,,,,P
117861-68564,P,Erick,Erick Fedde,Fedde,24.153846153846153,13,7300,STL@MIL,STL,MIL,,,,,,P
117861-39041,P,Marcus,Marcus Stroman,Stroman,4.333333333333333,3,7200,NYY@KC,NYY,KC,IL,Knee,,,,P
117861-5466,P,Charlie,Charlie Morton,Morton,15.733333333333333,15,7200,DET@BAL,BAL,DET,,,,,,P
117861-81490,P,Chris,Chris Flexen,Flexen,10,10,7200,PIT@CHC,CHC,PIT,,,,,,P
117861-70470,P,Albert,Albert Suarez,Suarez,11,1,7200,DET@BAL,BAL,DET,IL,Shoulder,,,,P
117861-197766,P,Keider,Keider Montero,Montero,19.77777777777778,9,7100,DET@BAL,DET,BAL,,,,,,P
117861-213198,P,Ryan,Ryan Gusto,Gusto,17.133333333333333,15,7100,CWS@HOU,HOU,CWS,,,,,,P
117861-101810,P,Justin,Justin Steele,Steele,29.25,4,7100,PIT@CHC,CHC,PIT,IL,Elbow,,,,P
117861-82607,P,Trevor,Trevor Rogers,Rogers,38,1,7100,DET@BAL,BAL,DET,,,,,,P
117861-17121,P,Miles,Miles Mikolas,Mikolas,19.53846153846154,13,7100,STL@MIL,STL,MIL,,,,,,P
117861-202608,P,Carlos,Carlos Rodriguez,Rodriguez,13,1,7100,STL@MIL,MIL,STL,O,Forearm,,,,P
117861-168950,P,Andre,Andre Pallante,Pallante,22.076923076923077,13,7100,STL@MIL,STL,MIL,,,,,,P
117861-135212,P,Luis,Luis Garcia,Garcia,0,1,7000,CWS@HOU,HOU,CWS,IL,Elbow,,,,P
117861-6266,P,Carlos,Carlos Carrasco,Carrasco,15,8,7000,NYY@KC,NYY,KC,,,,,,P
117861-208032,P,Brant,Brant Hurter,Hurter,10.578947368421053,19,7000,DET@BAL,DET,BAL,,,,,,P
117861-53607,P,Anthony,Anthony DeSclafani,DeSclafani,0,1,7000,NYY@KC,NYY,KC,,,,,,P
117861-165659,P,Mike,Mike Burrows,Burrows,20.25,4,7000,PIT@CHC,PIT,CHC,,,,,,P
117861-102335,P,Cristian,Cristian Javier,Javier,24.285714285714285,8,7000,CWS@HOU,HOU,CWS,IL,Elbow,,,,P
117861-102572,P,Tobias,Tobias Myers,Myers,13,6,6900,STL@MIL,MIL,STL,,,,,,P
117861-176240,P,Luis F.,Luis F. Castillo,Castillo,9,2,6800,DET@BAL,BAL,DET,IL,Undisclosed,,,,P
117861-198916,P,Thomas,Thomas Harrington,Harrington,9,2,6800,PIT@CHC,PIT,CHC,,,,,,P
117861-79133,P,Matt,Matt Manning,Manning,21.4,5,6800,DET@BAL,DET,BAL,,,,,,P
117861-149886,P,Cody,Cody Poteet,Poteet,-4,1,6800,DET@BAL,BAL,DET,IL,Shoulder,,,,P
117861-185845,P,Allan,Allan Winans,Winans,-2,2,6800,NYY@KC,NYY,KC,,,,,,P
117861-219659,P,Brandon,Brandon Young,Young,17.5,2,6800,DET@BAL,BAL,DET,IL,Shoulder,,,,P
117861-119409,P,Quinn,Quinn Priester,Priester,22.583333333333332,12,6800,STL@MIL,MIL,STL,,,,,,P
117861-164529,P,Jordan,Jordan Wicks,Wicks,3,2,6700,PIT@CHC,CHC,PIT,IL,Undisclosed,,,,P
117861-165694,P,Michael,Michael McGreevy,McGreevy,29.5,2,6700,STL@MIL,STL,MIL,,,,,,P
117861-82537,P,DL,DL Hall,Hall,14.5,4,6600,STL@MIL,MIL,STL,,,,,,P
117861-102333,P,Daniel,Daniel Lynch IV,Lynch IV,5.379310344827586,29,6600,NYY@KC,KC,NYY,,,,,,P
117861-102515,P,Aaron,Aaron Ashby,Ashby,10.5,4,6500,STL@MIL,MIL,STL,,,,,,P
117861-102574,P,Jake,Jake Woodford,Woodford,10.444444444444445,9,6500,PIT@CHC,CHC,PIT,,,,,,P
117861-198917,P,Drew,Drew Thorpe,Thorpe,18.333333333333332,9,6500,CWS@HOU,CWS,HOU,IL,Elbow,,,,P
117861-181805,P,J.P.,J.P. France,France,15.8,6,6500,CWS@HOU,HOU,CWS,IL,Shoulder,,,,P
117861-82557,P,Aaron,Aaron Civale,Civale,18.6,5,6500,STL@MIL,MIL,STL,,,,,,P
117861-165665,P,Robert,Robert Gasser,Gasser,25.6,5,6500,STL@MIL,MIL,STL,IL,Elbow,,,,P
117861-68452,P,Kenta,Kenta Maeda,Maeda,3.857142857142857,7,6500,PIT@CHC,CHC,PIT,,,,,,P
117861-52174,P,Steven,Steven Matz,Matz,10.31578947368421,19,6500,STL@MIL,STL,MIL,,,,,,P
117861-219695,P,Luinder,Luinder Avila,Avila,,0,6400,NYY@KC,KC,NYY,IL,Shoulder,,,,P
117861-82534,P,Bryse,Bryse Wilson,Wilson,5.894736842105263,19,6200,CWS@HOU,CWS,HOU,,,,,,P
117861-165546,P,Ty,Ty Madden,Madden,13.142857142857142,7,6200,DET@BAL,DET,BAL,IL,Shoulder,,,,P
117861-199459,P,Nick,Nick Nastrini,Nastrini,11.666666666666666,9,6200,CWS@HOU,CWS,HOU,,,,,,P
117861-70559,P,Mike,Mike Clevinger,Clevinger,1.375,8,6200,CWS@HOU,CWS,HOU,,,,,,P
117861-104584,P,Zach,Zach Plesac,Plesac,9.333333333333334,3,6100,STL@MIL,STL,MIL,,,,,,P
117861-145922,P,Tyler,Tyler Wells,Wells,19.666666666666668,4,6000,DET@BAL,BAL,DET,IL,Elbow,,,,P
117861-163515,P,Elvin,Elvin Rodriguez,Rodriguez,8.833333333333334,6,6000,STL@MIL,MIL,STL,,,,,,P
117861-81594,P,Dietrich,Dietrich Enns,Enns,,0,6000,DET@BAL,DET,BAL,,,,,,P
117861-102420,P,Owen,Owen White,White,19,1,5900,CWS@HOU,CWS,HOU,,,,,,P
117861-135231,P,Jared,Jared Shuster,Shuster,3.4166666666666665,12,5900,CWS@HOU,CWS,HOU,IL,Finger,,,,P
117861-79072,P,Brad,Brad Keller,Keller,5.9655172413793105,29,5900,PIT@CHC,CHC,PIT,,,,,,P
117861-161167,P,Glenn,Glenn Otto,Otto,0,1,5900,CWS@HOU,HOU,CWS,IL,Shoulder,,,,P
117861-181832,P,Roddery,Roddery Munoz,Munoz,4,5,5900,STL@MIL,STL,MIL,,,,,,P
117861-181845,P,Drew,Drew Rom,Rom,0,2,5900,STL@MIL,STL,MIL,IL,Undisclosed,,,,P
117861-119391,P,Roansy,Roansy Contreras,Contreras,6.085106382978723,49,5900,DET@BAL,BAL,DET,,,,,,P
117861-165578,P,Ky,Ky Bush,Bush,14.25,4,5900,CWS@HOU,CWS,HOU,IL,Elbow,,,,P
117861-169742,P,Tyler,Tyler Holton,Holton,5.333333333333333,28,5900,DET@BAL,DET,BAL,,,,,,P
117861-135208,P,Shawn,Shawn Dubin,Dubin,7,13,5700,CWS@HOU,HOU,CWS,,,,,,P
117861-145610,P,Angel,Angel Zerpa,Zerpa,4.714285714285714,28,5700,NYY@KC,KC,NYY,,,,,,P
117861-79079,P,Joey,Joey Wentz,Wentz,6.315789473684211,19,5700,PIT@CHC,PIT,CHC,,,,,,P
117861-198905,P,Mike,Mike Vasil,Vasil,10.31578947368421,19,5700,CWS@HOU,CWS,HOU,,,,,,P
117861-79126,P,Forrest,Forrest Whitley,Whitley,3.2,5,5700,CWS@HOU,HOU,CWS,,,,,,P
117861-101838,P,JT,JT Brubaker,Brubaker,0,3,5700,NYY@KC,NYY,KC,IL,Ribs,,,,P
117861-119423,P,Zack,Zack Thompson,Thompson,11.4,7,5700,STL@MIL,STL,MIL,IL,Lat,,,,P
117861-102297,P,Keegan,Keegan Thompson,Thompson,8.363636363636363,24,5700,PIT@CHC,CHC,PIT,,,,,,P
117861-13312,P,Ryan,Ryan Brasier,Brasier,3.75,8,5500,PIT@CHC,CHC,PIT,,,,,,P
117861-68619,P,Matt,Matt Bowman,Bowman,4.705882352941177,18,5500,DET@BAL,BAL,DET,,,,,,P
117861-189470,P,Kyle,Kyle Leahy,Leahy,5.724137931034483,29,5500,STL@MIL,STL,MIL,,,,,,P
117861-82974,P,Tanner,Tanner Rainey,Rainey,2.3,11,5500,PIT@CHC,PIT,CHC,,,,,,P
117861-82986,P,Colten,Colten Brewer,Brewer,5.5625,16,5500,NYY@KC,NYY,KC,,,,,,P
117861-68654,P,John,John Gant,Gant,,0,5500,NYY@KC,KC,NYY,,,,,,P
117861-102448,P,Brenan,Brenan Hanifee,Hanifee,5.344827586206897,29,5500,DET@BAL,DET,BAL,,,,,,P
117861-200764,P,Cam,Cam Booser,Booser,4.407407407407407,27,5500,CWS@HOU,CWS,HOU,,,,,,P
117861-79936,P,Mark,Mark Leiter Jr.,Leiter Jr.,5.806451612903226,31,5500,NYY@KC,NYY,KC,,,,,,P
117861-104512,P,Geoff,Geoff Hartlieb,Hartlieb,4.2,5,5500,NYY@KC,NYY,KC,,,,,,P
117861-154688,P,Jake,Jake Cousins,Cousins,6.4186046511627906,43,5500,NYY@KC,NYY,KC,IL,Forearm,,,,P
117861-135237,P,Nick,Nick Mears,Mears,4.714285714285714,28,5500,STL@MIL,MIL,STL,,,,,,P
117861-179275,P,Fernando,Fernando Cruz,Cruz,7.28,25,5500,NYY@KC,NYY,KC,,,,,,P
117861-102474,P,Eli,Eli Morgan,Morgan,0.5714285714285714,7,5500,PIT@CHC,CHC,PIT,IL,Elbow,,,,P
117861-209997,P,Jack,Jack Neely,Neely,3.5,6,5500,PIT@CHC,CHC,PIT,,,,,,P
117861-203863,P,Gordon,Gordon Graceffo,Graceffo,6.555555555555555,9,5500,STL@MIL,STL,MIL,,,,,,P
117861-73828,P,Dan,Dan Altavilla,Altavilla,6.6,5,5500,CWS@HOU,CWS,HOU,,,,,,P
117861-116839,P,David,David Bednar,Bednar,5.84,26,5500,PIT@CHC,PIT,CHC,,,,,,P
117861-83054,P,Justin,Justin Anderson,Anderson,4.796296296296297,56,5500,CWS@HOU,CWS,HOU,,,,,,P
117861-161906,P,Dauri,Dauri Moreta,Moreta,0,1,5500,PIT@CHC,PIT,CHC,IL,Elbow,,,,P
117861-194675,P,Luke,Luke Little,Little,-1,1,5500,PIT@CHC,CHC,PIT,,,,,,P
117861-135281,P,Bryan,Bryan Baker,Baker,6.387096774193548,31,5500,DET@BAL,BAL,DET,,,,,,P
117861-102523,P,Deivi,Deivi Garcia,Garcia,4.285714285714286,14,5500,STL@MIL,MIL,STL,,,,,,P
117861-13438,P,Drew,Drew Pomeranz,Pomeranz,6.055555555555555,18,5500,PIT@CHC,CHC,PIT,,,,,,P
117861-135303,P,Jordan,Jordan Weems,Weems,3.575,41,5500,CWS@HOU,HOU,CWS,,,,,,P
117861-114827,P,John,John Schreiber,Schreiber,4.931034482758621,30,5500,NYY@KC,KC,NYY,,,,,,P
117861-170135,P,Yennier,Yennier Cano,Cano,4.333333333333333,27,5500,DET@BAL,BAL,DET,,,,,,P
117861-83097,P,D.J.,D.J. Snelten,Snelten,,0,5500,CWS@HOU,CWS,HOU,,,,,,P
117861-38041,P,Ryan,Ryan Pressly,Pressly,3.923076923076923,27,5500,PIT@CHC,CHC,PIT,,,,,,P
117861-81052,P,Andrew,Andrew Kittredge,Kittredge,7.142857142857143,7,5500,DET@BAL,BAL,DET,,,,,,P
117861-135339,P,Clayton,Clayton Beeter,Beeter,6.666666666666667,3,5500,NYY@KC,NYY,KC,,,,,,P
117861-140459,P,John,John King,King,3.56,25,5500,STL@MIL,STL,MIL,,,,,,P
117861-102587,P,Jordan,Jordan Balazovic,Balazovic,,0,5500,DET@BAL,DET,BAL,,,,,,P
117861-160965,P,Elvis,Elvis Peguero,Peguero,4.166666666666667,6,5500,STL@MIL,MIL,STL,,,,,,P
117861-145609,P,Peter,Peter Solomon,Solomon,,0,5500,PIT@CHC,CHC,PIT,,,,,,P
117861-83149,P,Jesus,Jesus Liranzo,Liranzo,,0,5500,STL@MIL,MIL,STL,,,,,,P
117861-194770,P,Nick,Nick Hernandez,Hernandez,6.6,5,5500,CWS@HOU,HOU,CWS,,,,,,P
117861-83158,P,Seranthony,Seranthony Dominguez,Dominguez,5.518518518518518,27,5500,DET@BAL,BAL,DET,,,,,,P
117861-198874,P,Noah,Noah Schultz,Schultz,,0,5500,CWS@HOU,CWS,HOU,,,,,,P
117861-83163,P,Jonathan,Jonathan Loaisiga,Loaisiga,4.2,10,5500,NYY@KC,NYY,KC,,,,,,P
117861-145630,P,Kervin,Kervin Castro,Castro,,0,5500,NYY@KC,NYY,KC,,,,,,P
117861-79071,P,Taylor,Taylor Clarke,Clarke,4.461538461538462,13,5500,NYY@KC,KC,NYY,,,,,,P
117861-83170,P,Thomas,Thomas Pannone,Pannone,,0,5500,STL@MIL,MIL,STL,IL,Forearm,,,,P
117861-152806,P,Jason,Jason Foley,Foley,4.044776119402985,70,5500,DET@BAL,DET,BAL,IL,Shoulder,,,,P
117861-198890,P,Walter,Walter Pennington,Pennington,5.8125,16,5500,DET@BAL,BAL,DET,,,,,,P
117861-79085,P,Keegan,Keegan Akin,Akin,5.2,30,5500,DET@BAL,BAL,DET,,,,,,P
117861-198901,P,Chase,Chase Hampton,Hampton,,0,5500,NYY@KC,NYY,KC,IL,Elbow,,,,P
117861-79097,P,Bryan,Bryan Hudson,Hudson,4.583333333333333,12,5500,STL@MIL,MIL,STL,,,,,,P
117861-197887,P,Porter,Porter Hodge,Hodge,4.476190476190476,21,5500,PIT@CHC,CHC,PIT,IL,Hip,,,,P
117861-146684,P,Jared,Jared Kelley,Kelley,,0,5500,CWS@HOU,CWS,HOU,,,,,,P
117861-197891,P,Michael,Michael Arias,Arias,0,2,5500,NYY@KC,NYY,KC,IL,Undisclosed,,,,P
117861-146691,P,Asa,Asa Lacy,Lacy,,0,5500,NYY@KC,KC,NYY,IL,Elbow,,,,P
117861-146688,P,Alex,Alex Santos II,Santos II,,0,5500,CWS@HOU,HOU,CWS,,,,,,P
117861-197888,P,Bailey,Bailey Horn,Horn,10,1,5500,DET@BAL,DET,BAL,IL,Elbow,,,,P
117861-21764,P,Caleb,Caleb Thielbar,Thielbar,4.857142857142857,28,5500,PIT@CHC,CHC,PIT,,,,,,P
117861-72971,P,Ben,Ben Heller,Heller,4.5,8,5500,PIT@CHC,CHC,PIT,IL,Undisclosed,,,,P
117861-170254,P,Colin,Colin Holderman,Holderman,2.5384615384615383,14,5500,PIT@CHC,PIT,CHC,IL,Thumb,,,,P
117861-197910,P,Wilmer,Wilmer Flores,Flores,0,1,5500,DET@BAL,DET,BAL,IL,Shoulder,,,,P
117861-198936,P,Tekoah,Tekoah Roby,Roby,,0,5500,STL@MIL,STL,MIL,,,,,,P
117861-209176,P,Chase,Chase Shugart,Shugart,5.166666666666667,25,5500,PIT@CHC,PIT,CHC,,,,,,P
117861-197919,P,Jairo,Jairo Iriarte,Iriarte,5.5,6,5500,CWS@HOU,CWS,HOU,,,,,,P
117861-79135,P,Beau,Beau Burrows,Burrows,,0,5500,PIT@CHC,PIT,CHC,,,,,,P
117861-146723,P,Eddy,Eddy Yean,Yean,,0,5500,PIT@CHC,PIT,CHC,,,,,,P
117861-146727,P,Justin,Justin Lange,Lange,,0,5500,NYY@KC,NYY,KC,IL,Shoulder,,,,P
117861-79144,P,Scott,Scott Blewett,Blewett,8.470588235294118,17,5500,DET@BAL,BAL,DET,,,,,,P
117861-146734,P,Tink,Tink Hence,Hence,,0,5500,STL@MIL,STL,MIL,IL,Ribs,,,,P
117861-79148,P,A.J.,A.J. Puckett,Puckett,,0,5500,PIT@CHC,CHC,PIT,,,,,,P
117861-146732,P,Nick,Nick Swiney,Swiney,,0,5500,CWS@HOU,HOU,CWS,,,,,,P
117861-157997,P,Sean,Sean Guenther,Guenther,4.111111111111111,9,5500,DET@BAL,DET,BAL,IL,Undisclosed,,,,P
117861-152888,P,Sam,Sam Long,Long,1.2857142857142858,7,5500,NYY@KC,KC,NYY,IL,Elbow,,,,P
117861-180540,P,Easton,Easton McGee,McGee,10.5,2,5500,STL@MIL,MIL,STL,,,,,,P
117861-79171,P,Phil,Phil Bickford,Bickford,2.375,8,5500,PIT@CHC,CHC,PIT,,,,,,P
117861-117065,P,James,James Karinchak,Karinchak,0,3,5500,CWS@HOU,CWS,HOU,,,,,,P
117861-38217,P,Tommy,Tommy Kahnle,Kahnle,5.464285714285714,28,5500,DET@BAL,DET,BAL,,,,,,P
117861-203080,P,Brandon,Brandon Eisert,Eisert,5.724137931034483,29,5500,CWS@HOU,CWS,HOU,,,,,,P
117861-181583,P,Prelander,Prelander Berroa,Berroa,7.0588235294117645,17,5500,CWS@HOU,CWS,HOU,IL,Elbow,,,,P
117861-79185,P,Justin,Justin Dunn,Dunn,,0,5500,NYY@KC,KC,NYY,,,,,,P
117861-226643,P,AJ,AJ Blubaugh,Blubaugh,24,1,5500,CWS@HOU,HOU,CWS,,,,,,P
117861-79184,P,Thomas,Thomas Szapucki,Szapucki,0,2,5500,DET@BAL,DET,BAL,IL,Shoulder,,,,P
117861-197975,P,Cooper,Cooper Hjerpe,Hjerpe,,0,5500,STL@MIL,STL,MIL,IL,Elbow,,,,P
117861-170324,P,Brandon,Brandon Hughes,Hughes,4.533333333333333,15,5500,PIT@CHC,CHC,PIT,,,,,,P
117861-170384,P,Yerry,Yerry de los Santos,de los Santos,6.166666666666667,12,5500,NYY@KC,NYY,KC,,,,,,P
117861-79250,P,Junior,Junior Fernandez,Fernandez,,0,5500,NYY@KC,KC,NYY,,,,,,P
117861-193949,P,Steven,Steven Cruz,Cruz,5.916666666666667,24,5500,NYY@KC,KC,NYY,,,,,,P
117861-101801,P,Joel,Joel Payamps,Payamps,2.260869565217391,23,5500,STL@MIL,MIL,STL,,,,,,P
117861-118191,P,Antonio,Antonio Santos,Santos,,0,5500,PIT@CHC,CHC,PIT,,,,,,P
117861-158131,P,Tyler,Tyler Gilbert,Gilbert,5.538461538461538,13,5500,CWS@HOU,CWS,HOU,IL,Knee,,,,P
117861-101812,P,Justin,Justin Lawrence,Lawrence,7.454545454545454,11,5500,PIT@CHC,PIT,CHC,IL,Elbow,,,,P
117861-118196,P,Ryan,Ryan Hendrix,Hendrix,,0,5500,NYY@KC,KC,NYY,,,,,,P
117861-101816,P,Bryan,Bryan Abreu,Abreu,6.517241379310345,29,5500,CWS@HOU,HOU,CWS,,,,,,P
117861-136639,P,Burl,Burl Carraway,Carraway,,0,5500,PIT@CHC,CHC,PIT,,,,,,P
117861-118208,P,Brooks,Brooks Kriske,Kriske,9,1,5500,PIT@CHC,CHC,PIT,,,,,,P
117861-118216,P,Tyson,Tyson Miller,Miller,5.689655172413793,58,5500,PIT@CHC,CHC,PIT,,,,,,P
117861-200143,P,Josh,Josh Maciejewski,Maciejewski,9,4,5500,STL@MIL,MIL,STL,,,,,,P
117861-101845,P,Genesis,Genesis Cabrera,Cabrera,5.7272727272727275,11,5500,PIT@CHC,CHC,PIT,,,,,,P
117861-225748,P,Craig,Craig Yoho,Yoho,2.2,5,5500,STL@MIL,MIL,STL,,,,,,P
117861-101849,P,Wei-Chieh,Wei-Chieh Huang,Huang,,0,5500,PIT@CHC,PIT,CHC,,,,,,P
117861-135645,P,Isaac,Isaac Mattson,Mattson,9,5,5500,PIT@CHC,PIT,CHC,,,,,,P
117861-84452,P,Caleb,Caleb Ferguson,Ferguson,4.483870967741935,31,5500,PIT@CHC,PIT,CHC,,,,,,P
117861-95737,P,Ian,Ian Hamilton,Hamilton,5.894736842105263,19,5500,NYY@KC,NYY,KC,,,,,,P
117861-161273,P,Scott,Scott Effross,Effross,3.3333333333333335,3,5500,NYY@KC,NYY,KC,,,,,,P
117861-145918,P,Will,Will Vest,Vest,7.033333333333333,30,5500,DET@BAL,DET,BAL,,,,,,P
117861-184829,P,McKinley,McKinley Moore,Moore,0,3,5500,NYY@KC,NYY,KC,,,,,,P
117861-226819,P,Caleb,Caleb Freeman,Freeman,2.6,5,5500,CWS@HOU,CWS,HOU,,,,,,P
117861-119301,P,Brennan,Brennan Malone,Malone,,0,5500,PIT@CHC,PIT,CHC,,,,,,P
117861-219654,P,Juan,Juan Carela,Carela,,0,5500,CWS@HOU,CWS,HOU,O,Elbow,,,,P
117861-138764,P,Brandon,Brandon Leibrandt,Leibrandt,6.5,2,5500,NYY@KC,NYY,KC,,,,,,P
117861-219660,P,Kade,Kade Strowd,Strowd,3,1,5500,DET@BAL,BAL,DET,,,,,,P
117861-101905,P,Sam,Sam McWilliams,McWilliams,,0,5500,STL@MIL,MIL,STL,,,,,,P
117861-119315,P,Kohl,Kohl Franklin,Franklin,,0,5500,PIT@CHC,CHC,PIT,IL,Elbow,,,,P
117861-170512,P,Peter,Peter Strzelecki,Strzelecki,5.3,10,5500,PIT@CHC,PIT,CHC,,,,,,P
117861-219665,P,Matt,Matt Svanson,Svanson,5.9,10,5500,STL@MIL,STL,MIL,,,,,,P
117861-119316,P,Thaddeus,Thaddeus Ward,Ward,0,1,5500,DET@BAL,BAL,DET,,,,,,P
117861-170527,P,Jason,Jason Alexander,Alexander,-0.75,4,5500,CWS@HOU,HOU,CWS,,,,,,P
117861-181791,P,Connor,Connor Thomas,Thomas,-2.5,2,5500,STL@MIL,MIL,STL,IL,Elbow,,,,P
117861-119328,P,Packy,Packy Naughton,Naughton,0,2,5500,STL@MIL,STL,MIL,IL,Elbow,,,,P
117861-181796,P,Blair,Blair Calvo,Calvo,,0,5500,DET@BAL,DET,BAL,IL,Undisclosed,,,,P
117861-119339,P,Tyler,Tyler Ivey,Ivey,,0,5500,CWS@HOU,HOU,CWS,,,,,,P
117861-79402,P,Cionel,Cionel Perez,Perez,3.5789473684210527,19,5500,DET@BAL,BAL,DET,,,,,,P
117861-119347,P,Jonathan,Jonathan Bowlan,Bowlan,5.9,10,5500,NYY@KC,KC,NYY,,,,,,P
117861-219696,P,Eric,Eric Cerantola,Cerantola,,0,5500,NYY@KC,KC,NYY,,,,,,P
117861-181815,P,Brent,Brent Headrick,Headrick,6.090909090909091,11,5500,NYY@KC,NYY,KC,,,,,,P
117861-222783,P,Grant,Grant Taylor,Taylor,3,1,5500,CWS@HOU,CWS,HOU,,,,,,P
117861-195135,P,Kyle,Kyle Nicolas,Nicolas,3,10,5500,PIT@CHC,PIT,CHC,,,,,,P
117861-181826,P,Colby,Colby White,White,0,1,5500,NYY@KC,NYY,KC,,,,,,P
117861-222786,P,Raul,Raul Alcantara,Alcantara,,0,5500,DET@BAL,BAL,DET,,,,,,P
117861-222784,P,Hagen,Hagen Smith,Smith,,0,5500,CWS@HOU,CWS,HOU,IL,Elbow,,,,P
117861-181838,P,Abner,Abner Uribe,Uribe,6.875,32,5500,STL@MIL,MIL,STL,,,,,,P
117861-80460,P,John,John Brebbia,Brebbia,4.823529411764706,17,5500,DET@BAL,DET,BAL,,,,,,P
117861-207438,P,Fraser,Fraser Ellard,Ellard,5,7,5500,CWS@HOU,CWS,HOU,IL,Lat,,,,P
117861-219730,P,Chase,Chase Lee,Lee,7,15,5500,DET@BAL,DET,BAL,,,,,,P
117861-219729,P,Tyler,Tyler Mattison,Mattison,,0,5500,DET@BAL,DET,BAL,IL,Elbow,,,,P
117861-219728,P,Tyler,Tyler Owens,Owens,4.5,2,5500,DET@BAL,DET,BAL,,,,,,P
117861-181847,P,Noah,Noah Denoyer,Denoyer,,0,5500,DET@BAL,BAL,DET,,,,,,P
117861-181850,P,Colin,Colin Selby,Selby,6.666666666666667,3,5500,DET@BAL,BAL,DET,,,,,,P
117861-181848,P,Tom,Tom Cosgrove,Cosgrove,9,2,5500,PIT@CHC,CHC,PIT,,,,,,P
117861-181854,P,Brendan,Brendan White,White,0,1,5500,DET@BAL,DET,BAL,,,,,,P
117861-16989,P,Wilking,Wilking Rodriguez,Rodriguez,,0,5500,NYY@KC,NYY,KC,,,,,,P
117861-222812,P,Jaden,Jaden Hamm,Hamm,,0,5500,DET@BAL,DET,BAL,,,,,,P
117861-226913,P,Yaramil,Yaramil Hiraldo,Hiraldo,7,1,5500,DET@BAL,BAL,DET,,,,,,P
117861-169574,P,Penn,Penn Murfee,Murfee,3.142857142857143,15,5500,CWS@HOU,CWS,HOU,,,,,,P
117861-82535,P,Kyle,Kyle Wright,Wright,0,1,5500,NYY@KC,KC,NYY,IL,Shoulder,,,,P
117861-184943,P,Jesse,Jesse Scholtens,Scholtens,,0,5500,CWS@HOU,CWS,HOU,IL,Elbow,,,,P
117861-226925,P,Andrew,Andrew Hoffmann,Hoffmann,12,1,5500,NYY@KC,KC,NYY,,,,,,P
117861-222834,P,Quinn,Quinn Mathews,Mathews,,0,5500,STL@MIL,STL,MIL,,,,,,P
117861-82547,P,Thomas,Thomas Hatch,Hatch,,0,5500,NYY@KC,KC,NYY,,,,,,P
117861-135798,P,Garrett,Garrett Stallings,Stallings,,0,5500,STL@MIL,MIL,STL,,,,,,P
117861-82548,P,Alex,Alex Lange,Lange,4.380952380952381,21,5500,DET@BAL,DET,BAL,IL,Lat,,,,P
117861-118394,P,Yohan,Yohan Ramirez,Ramirez,4.783783783783784,38,5500,PIT@CHC,PIT,CHC,,,,,,P
117861-118397,P,Trevor,Trevor Megill,Megill,4.96,26,5500,STL@MIL,MIL,STL,,,,,,P
117861-70271,P,Carlos,Carlos Estevez,Estevez,5.75,28,5500,NYY@KC,KC,NYY,,,,,,P
117861-119426,P,Johan,Johan Oviedo,Oviedo,0,1,5500,PIT@CHC,PIT,CHC,IL,Lat,,,,P
117861-82564,P,Yency,Yency Almonte,Almonte,5.588235294117647,17,5500,PIT@CHC,CHC,PIT,IL,Shoulder,,,,P
117861-62087,P,Miguel,Miguel Castro,Castro,2.5,6,5500,CWS@HOU,CWS,HOU,IL,Knee,,,,P
117861-110216,P,Stephen,Stephen Nogosek,Nogosek,,0,5500,NYY@KC,KC,NYY,,,,,,P
117861-119435,P,Riley,Riley O'Brien,O'Brien,4.166666666666667,6,5500,STL@MIL,STL,MIL,,,,,,P
117861-82572,P,Gregory,Gregory Soto,Soto,4.464285714285714,28,5500,DET@BAL,BAL,DET,,,,,,P
117861-73362,P,Rob,Rob Zastryzny,Zastryzny,6.5,10,5500,STL@MIL,MIL,STL,,,,,,P
117861-203415,P,Bryan,Bryan King,King,5.5,30,5500,CWS@HOU,HOU,CWS,,,,,,P
117861-170647,P,Jared,Jared Koenig,Koenig,5,32,5500,STL@MIL,MIL,STL,,,,,,P
117861-52887,P,Tyler,Tyler Matzek,Matzek,4.428571428571429,7,5500,STL@MIL,STL,MIL,,,,,,P
117861-82584,P,JB,JB Bukauskas,Bukauskas,5.5,6,5500,STL@MIL,MIL,STL,IL,Lat,,,,P
117861-82591,P,Chris,Chris Rodriguez,Rodriguez,,0,5500,CWS@HOU,CWS,HOU,,,,,,P
117861-82592,P,Dennis,Dennis Santana,Santana,5,29,5500,PIT@CHC,PIT,CHC,,,,,,P
117861-169636,P,Beau,Beau Brieske,Brieske,3.272727272727273,22,5500,DET@BAL,DET,BAL,,,,,,P
117861-164522,P,Wikelman,Wikelman Gonzalez,Gonzalez,0,2,5500,CWS@HOU,CWS,HOU,,,,,,P
117861-165545,P,Tanner,Tanner McDougal,McDougal,,0,5500,CWS@HOU,CWS,HOU,,,,,,P
117861-220847,P,Grant,Grant Wolfram,Wolfram,0.5,2,5500,DET@BAL,BAL,DET,,,,,,P
117861-220845,P,Juan,Juan Nunez,Nunez,,0,5500,DET@BAL,BAL,DET,,,,,,P
117861-164530,P,Caleb,Caleb Kilian,Kilian,19,2,5500,PIT@CHC,CHC,PIT,IL,Undisclosed,,,,P
117861-165553,P,Dylan,Dylan Smith,Smith,1.5,2,5500,DET@BAL,DET,BAL,,,,,,P
117861-114360,P,Devin,Devin Williams,Williams,4.814814814814815,28,5500,NYY@KC,NYY,KC,,,,,,P
117861-80571,P,Phil,Phil Maton,Maton,5.555555555555555,27,5500,STL@MIL,STL,MIL,,,,,,P
117861-165566,P,Ben,Ben Kudrna,Kudrna,,0,5500,NYY@KC,KC,NYY,,,,,,P
117861-165564,P,Frank,Frank Mozzicato,Mozzicato,,0,5500,NYY@KC,KC,NYY,,,,,,P
117861-53953,P,Keone,Keone Kela,Kela,,0,5500,CWS@HOU,CWS,HOU,,,,,,P
117861-82627,P,JoJo,JoJo Romero,Romero,3.72,25,5500,STL@MIL,STL,MIL,,,,,,P
117861-165572,P,Noah,Noah Murdock,Murdock,3.4615384615384617,14,5500,NYY@KC,KC,NYY,,,,,,P
117861-119494,P,Andrew,Andrew Dalquist,Dalquist,,0,5500,CWS@HOU,CWS,HOU,,,,,,P
117861-119496,P,Matt,Matt Thompson,Thompson,,0,5500,PIT@CHC,CHC,PIT,,,,,,P
117861-170699,P,Matt,Matt Gage,Gage,,0,5500,DET@BAL,DET,BAL,,,,,,P
117861-81615,P,Tim,Tim Mayza,Mayza,6.142857142857143,7,5500,PIT@CHC,PIT,CHC,IL,Shoulder,,,,P
117861-82639,P,Ryan,Ryan Helsley,Helsley,6,24,5500,STL@MIL,STL,MIL,,,,,,P
117861-222930,P,Logan,Logan VanWey,VanWey,3.2857142857142856,7,5500,CWS@HOU,HOU,CWS,IL,Undisclosed,,,,P
117861-179924,P,Gavin,Gavin Hollowell,Hollowell,6.2,5,5500,PIT@CHC,CHC,PIT,,,,,,P
117861-198357,P,Ryan,Ryan Fernandez,Fernandez,1.4,11,5500,STL@MIL,STL,MIL,,,,,,P
117861-198361,P,Carson,Carson Coleman,Coleman,0,1,5500,NYY@KC,NYY,KC,IL,Undisclosed,,,,P
117861-82653,P,Ryan,Ryan Borucki,Borucki,4.041666666666667,25,5500,PIT@CHC,PIT,CHC,,,,,,P
117861-82656,P,Nate,Nate Pearson,Pearson,1.375,8,5500,PIT@CHC,CHC,PIT,,,,,,P
117861-141024,P,Bruce,Bruce Zimmermann,Zimmermann,0,1,5500,STL@MIL,MIL,STL,,,,,,P
117861-187121,P,Grant,Grant Anderson,Anderson,5.75,28,5500,STL@MIL,MIL,STL,,,,,,P
117861-201456,P,Chris,Chris Roycroft,Roycroft,3,14,5500,STL@MIL,STL,MIL,,,,,,P
117861-165621,P,Russell,Russell Smith,Smith,,0,5500,STL@MIL,MIL,STL,IL,Undisclosed,,,,P
117861-165635,P,Brendan,Brendan Beck,Beck,,0,5500,NYY@KC,NYY,KC,,,,,,P
117861-154368,P,Vinny,Vinny Nittoli,Nittoli,6,9,5500,STL@MIL,MIL,STL,,,,,,P
117861-165637,P,Brock,Brock Selvidge,Selvidge,,0,5500,NYY@KC,NYY,KC,,,,,,P
117861-161545,P,Kaleb,Kaleb Ort,Ort,4.055555555555555,18,5500,CWS@HOU,HOU,CWS,,,,,,P
117861-194323,P,Hunter,Hunter Stratton,Stratton,-3.5,2,5500,PIT@CHC,PIT,CHC,,,,,,P
117861-165653,P,Cristian,Cristian Hernandez,Hernandez,,0,5500,NYY@KC,NYY,KC,,,,,,P
117861-165657,P,Anthony,Anthony Solometo,Solometo,,0,5500,PIT@CHC,PIT,CHC,IL,Shoulder,,,,P
117861-199461,P,Luis,Luis Contreras,Contreras,4.285714285714286,7,5500,CWS@HOU,HOU,CWS,,,,,,P
117861-199460,P,Jordan,Jordan Leasure,Leasure,4.62962962962963,28,5500,CWS@HOU,CWS,HOU,,,,,,P
117861-135976,P,Bennett,Bennett Sousa,Sousa,8,18,5500,CWS@HOU,HOU,CWS,,,,,,P
117861-165673,P,Levi,Levi Stoudt,Stoudt,0,1,5500,DET@BAL,BAL,DET,,,,,,P
117861-182062,P,Gus,Gus Varland,Varland,5.230769230769231,26,5500,CWS@HOU,CWS,HOU,,,,,,P
117861-182064,P,Chris,Chris Clarke,Clarke,,0,5500,PIT@CHC,CHC,PIT,,,,,,P
117861-103218,P,Nick,Nick Margevicius,Margevicius,,0,5500,DET@BAL,DET,BAL,,,,,,P
117861-182065,P,Zach,Zach Greene,Greene,,0,5500,NYY@KC,NYY,KC,,,,,,P
117861-165684,P,Matt,Matt Mikulski,Mikulski,,0,5500,CWS@HOU,HOU,CWS,,,,,,P
117861-213816,P,Evan,Evan Sisk,Sisk,9.2,5,5500,NYY@KC,KC,NYY,,,,,,P
117861-165695,P,Edwin,Edwin Nunez,Nunez,,0,5500,STL@MIL,STL,MIL,,,,,,P
117861-165696,P,Ian,Ian Bedell,Bedell,,0,5500,STL@MIL,STL,MIL,,,,,,P
117861-163660,P,Steven,Steven Wilson,Wilson,5.318181818181818,22,5500,CWS@HOU,CWS,HOU,,,,,,P
117861-163664,P,Tommy,Tommy Romero,Romero,0,2,5500,PIT@CHC,CHC,PIT,,,,,,P
117861-165716,P,Sem,Sem Robberse,Robberse,0,2,5500,STL@MIL,STL,MIL,IL,Elbow,,,,P
117861-183131,P,Ryder,Ryder Ryan,Ryan,5.714285714285714,15,5500,PIT@CHC,PIT,CHC,,,,,,P
117861-5983,P,Rich,Rich Hill,Hill,5,4,5500,NYY@KC,KC,NYY,,,,,,P
117861-163677,P,James,James McArthur,McArthur,4.618181818181818,57,5500,NYY@KC,KC,NYY,IL,Elbow,,,,P
117861-183133,P,Curtis,Curtis Taylor,Taylor,,0,5500,STL@MIL,STL,MIL,,,,,,P
117861-163682,P,Ethan,Ethan Roberts,Roberts,3.7777777777777777,9,5500,PIT@CHC,CHC,PIT,,,,,,P
117861-163683,P,Ricky,Ricky Vanasco,Vanasco,4,4,5500,DET@BAL,DET,BAL,,,,,,P
117861-163690,P,Nathan,Nathan Webb,Webb,,0,5500,DET@BAL,BAL,DET,,,,,,P
117861-68466,P,Steven,Steven Okert,Okert,7.407407407407407,27,5500,CWS@HOU,HOU,CWS,,,,,,P
117861-163701,P,Felix,Felix Bautista,Bautista,5.681818181818182,22,5500,DET@BAL,BAL,DET,,,,,,P
117861-163707,P,Freddy,Freddy Pacheco,Pacheco,,0,5500,DET@BAL,DET,BAL,,,,,,P
117861-68474,P,Josh,Josh Hader,Hader,8.192307692307692,26,5500,CWS@HOU,HOU,CWS,,,,,,P
117861-210813,P,Ryan,Ryan Miller,Miller,4.153846153846154,13,5500,DET@BAL,DET,BAL,,,,,,P
117861-161675,P,Jonathan,Jonathan Heasley,Heasley,-0.5,5,5500,CWS@HOU,CWS,HOU,,,,,,P
117861-170889,P,Aneurys,Aneurys Zabala,Zabala,,0,5500,DET@BAL,DET,BAL,,,,,,P
117861-39843,P,Burch,Burch Smith,Smith,4.76,50,5500,PIT@CHC,PIT,CHC,,,,,,P
117861-68520,P,Michael,Michael Fulmer,Fulmer,5,1,5500,PIT@CHC,CHC,PIT,,,,,,P
117861-52143,P,Hunter,Hunter Harvey,Harvey,6.166666666666667,6,5500,NYY@KC,KC,NYY,IL,Shoulder,,,,P
117861-102334,P,Corbin,Corbin Martin,Martin,,0,5500,DET@BAL,BAL,DET,,,,,,P
117861-68561,P,Luke,Luke Weaver,Weaver,6.083333333333333,24,5500,NYY@KC,NYY,KC,IL,Hamstring,,,,P
117861-189393,P,Daniel,Daniel Palencia,Palencia,6,21,5500,PIT@CHC,CHC,PIT,,,,,,P
117861-198618,P,Coleman,Coleman Crow,Crow,,0,5500,STL@MIL,MIL,STL,,,,,,P
117861-187367,P,Nick,Nick Robertson,Robertson,7.111111111111111,9,5500,CWS@HOU,HOU,CWS,,,,,,P
117861-82921,P,Zack,Zack Weiss,Weiss,0,1,5500,STL@MIL,STL,MIL,,,,,,P
117861-68584,P,Tyler,Tyler Jay,Jay,5.8,5,5500,STL@MIL,MIL,STL,,,,,,P
117861-79852,P,Lucas,Lucas Erceg,Erceg,4.75,24,5500,NYY@KC,KC,NYY,,,,,,P
117861-82924,P,Tim,Tim Hill,Hill,4.275862068965517,30,5500,NYY@KC,NYY,KC,,,,,,P
117861-102387,P,Braxton,Braxton Ashcraft,Ashcraft,8.8,5,5500,PIT@CHC,PIT,CHC,,,,,,P
117861-82935,P,Trevor,Trevor Richards,Richards,1.5,3,5500,NYY@KC,KC,NYY,,,,,,P
117861-60643,OF,Aaron,Aaron Judge,Judge,17.777273467092805,66,5000,NYY@KC,NYY,KC,,,,,,OF/UTIL
117861-79125,OF,Kyle,Kyle Tucker,Tucker,13.894030215135261,67,4400,PIT@CHC,CHC,PIT,,,,,,OF/UTIL
117861-146704,OF,Pete,Pete Crow-Armstrong,Crow-Armstrong,14.261194029850746,67,4200,PIT@CHC,CHC,PIT,,,,,,OF/UTIL
117861-102389,SS/OF,Oneil,Oneil Cruz,Cruz,13.271666463216146,60,3900,PIT@CHC,PIT,CHC,,,,,,SS/OF/UTIL
117861-119349,SS,Bobby,Bobby Witt Jr.,Witt Jr.,12.021739130434783,69,3800,NYY@KC,KC,NYY,,,,,,SS/UTIL
117861-167012,OF,Seiya,Seiya Suzuki,Suzuki,12.690625190734863,64,3600,PIT@CHC,CHC,PIT,,,,,,OF/UTIL
117861-135203,1B,Spencer,Spencer Torkelson,Torkelson,11.610605875651041,66,3500,DET@BAL,DET,BAL,,,,,,C/1B/UTIL
117861-79092,OF,Ian,Ian Happ,Happ,11.018643653998941,59,3500,PIT@CHC,CHC,PIT,,,,,,OF/UTIL
117861-119343,OF,Riley,Riley Greene,Greene,10.50149217292444,67,3400,DET@BAL,DET,BAL,,,,,,OF/UTIL
117861-82527,2B/3B,Jazz,Jazz Chisholm Jr.,Chisholm Jr.,11.952631900185033,38,3400,NYY@KC,NYY,KC,DTD,Groin,,,,2B/3B/UTIL
117861-165611,OF,Jackson,Jackson Chourio,Chourio,11.257352941176471,68,3400,STL@MIL,MIL,STL,,,,,,OF/UTIL
117861-79159,OF/1B,Cody,Cody Bellinger,Bellinger,11.036065773885758,61,3300,NYY@KC,NYY,KC,,,,,,C/1B/OF/UTIL
117861-119345,SS,Jeremy,Jeremy Pena,Pena,11.461194394239739,67,3300,CWS@HOU,HOU,CWS,,,,,,SS/UTIL
117861-176691,OF,Kerry,Kerry Carpenter,Carpenter,8.995312690734863,64,3300,DET@BAL,DET,BAL,,,,,,OF/UTIL
117861-82575,OF,Yordan,Yordan Alvarez,Alvarez,8.324137720568427,29,3300,CWS@HOU,HOU,CWS,IL,Hand,,,,OF/UTIL
117861-82574,3B,Isaac,Isaac Paredes,Paredes,10.871212121212121,66,3300,CWS@HOU,HOU,CWS,,,,,,3B/UTIL
117861-21609,OF,Christian,Christian Yelich,Yelich,11.020312309265137,64,3200,STL@MIL,MIL,STL,DTD,Wrist,,,,OF/UTIL
117861-203111,C/1B,Ben,Ben Rice,Rice,9.95862026872306,58,3200,NYY@KC,NYY,KC,,,,,,C/1B/UTIL
117861-80847,OF,Mike,Mike Tauchman,Tauchman,11.69047619047619,21,3200,CWS@HOU,CWS,HOU,,,,,,OF/UTIL
117861-119306,SS,Gunnar,Gunnar Henderson,Henderson,10.083051261255296,59,3100,DET@BAL,BAL,DET,,,,,,SS/UTIL
117861-119352,1B,Michael,Michael Busch,Busch,10.4015871078249,63,3100,PIT@CHC,CHC,PIT,,,,,,C/1B/UTIL
117861-82536,OF,Cedric,Cedric Mullins,Mullins,11.084615854116587,52,3100,DET@BAL,BAL,DET,,,,,,OF/UTIL
117861-12968,1B,Paul,Paul Goldschmidt,Goldschmidt,10.271212491122158,66,3100,NYY@KC,NYY,KC,,,,,,C/1B/UTIL
117861-68588,2B,Gleyber,Gleyber Torres,Torres,10.178571428571429,56,3100,DET@BAL,DET,BAL,,,,,,2B/UTIL
117861-73871,C,Carson,Carson Kelly,Kelly,10.771428426106771,42,3000,PIT@CHC,CHC,PIT,,,,,,C/1B/UTIL
117861-85279,C,Miguel,Miguel Amaya,Amaya,10.67777732566551,27,3000,PIT@CHC,CHC,PIT,IL,Oblique,,,,C/1B/UTIL
117861-146716,C,Austin,Austin Wells,Wells,10.14385986328125,57,3000,NYY@KC,NYY,KC,,,,,,C/1B/UTIL
117861-79175,OF,Trent,Trent Grisham,Grisham,9.768965096309268,58,3000,NYY@KC,NYY,KC,,,,,,OF/UTIL
117861-21887,C/1B,Willson,Willson Contreras,Contreras,10.232812881469727,64,3000,STL@MIL,STL,MIL,,,,,,C/1B/UTIL
117861-79230,OF,Bryan,Bryan Reynolds,Reynolds,9.228787508877842,66,3000,PIT@CHC,PIT,CHC,,,,,,OF/UTIL
117861-119396,SS,Anthony,Anthony Volpe,Volpe,10.403077110877405,65,3000,NYY@KC,NYY,KC,,,,,,SS/UTIL
117861-119420,C,Ivan,Ivan Herrera,Herrera,12.125,36,3000,STL@MIL,STL,MIL,,,,,,C/1B/UTIL
117861-82734,OF,Luis,Luis Robert Jr.,Robert Jr.,9.4,60,3000,CWS@HOU,CWS,HOU,,,,,,OF/UTIL
117861-163689,3B/2B/OF,Maikel,Maikel Garcia,Garcia,10.48208937004431,67,3000,NYY@KC,KC,NYY,,,,,,2B/3B/OF/UTIL
117861-163706,3B/2B/SS/OF,Brendan,Brendan Donovan,Donovan,9.875,64,3000,STL@MIL,STL,MIL,DTD,Toe,,,,2B/3B/SS/OF/UTIL
117861-102284,C,William,William Contreras,Contreras,9.328125,64,3000,STL@MIL,MIL,STL,,,,,,C/1B/UTIL
117861-136090,2B/SS,Nick,Nick Gonzales,Gonzales,8.255555894639757,9,3000,PIT@CHC,PIT,CHC,,,,,,2B/SS/UTIL
117861-102325,OF,Parker,Parker Meadows,Meadows,7.088888804117839,9,3000,DET@BAL,DET,BAL,,,,,,OF/UTIL
117861-102353,2B,Brice,Brice Turang,Turang,10.13787841796875,66,3000,STL@MIL,MIL,STL,,,,,,2B/UTIL
117861-68586,SS,Dansby,Dansby Swanson,Swanson,10.077940996955423,68,3000,PIT@CHC,CHC,PIT,,,,,,SS/UTIL
117861-154711,OF,Lars,Lars Nootbaar,Nootbaar,10.11999981219952,65,2900,STL@MIL,STL,MIL,,,,,,OF/UTIL
117861-14562,2B/OF,Jose,Jose Altuve,Altuve,8.964062690734863,64,2900,CWS@HOU,HOU,CWS,,,,,,2B/OF/UTIL
117861-79141,1B/OF,Ryan,Ryan O'Hearn,O'Hearn,10.132143293108259,56,2900,DET@BAL,BAL,DET,,,,,,C/1B/OF/UTIL
117861-197967,2B/SS,Jackson,Jackson Holliday,Holliday,9.568332926432292,60,2900,DET@BAL,BAL,DET,,,,,,2B/SS/UTIL
117861-118218,SS/3B/2B/OF,Zach,Zach McKinstry,McKinstry,8.969354444934476,62,2900,DET@BAL,DET,BAL,,,,,,2B/3B/SS/OF/UTIL
117861-119372,OF/3B/1B,Miguel,Miguel Vargas,Vargas,8.953846153846154,65,2900,CWS@HOU,CWS,HOU,,,,,,C/1B/3B/OF/UTIL
117861-164507,OF,Colton,Colton Cowser,Cowser,7.441666920979817,12,2900,DET@BAL,BAL,DET,,,,,,OF/UTIL
117861-165571,1B,Vinnie,Vinnie Pasquantino,Pasquantino,9.185293758616728,68,2900,NYY@KC,KC,NYY,,,,,,C/1B/UTIL
117861-102308,2B/3B/OF,Jonathan,Jonathan India,India,7.908196621253842,61,2900,NYY@KC,KC,NYY,,,,,,2B/3B/OF/UTIL
117861-12302,OF,Giancarlo,Giancarlo Stanton,Stanton,10.454263376635174,129,2800,NYY@KC,NYY,KC,IL,Elbow,,,,OF/UTIL
117861-135218,OF,Jake,Jake Meyers,Meyers,7.919999812199519,65,2800,CWS@HOU,HOU,CWS,,,,,,OF/UTIL
117861-135366,SS,Masyn,Masyn Winn,Winn,9.701754385964913,57,2800,STL@MIL,STL,MIL,,,,,,SS/UTIL
117861-146667,3B/2B,Jordan,Jordan Westburg,Westburg,9.672000122070312,25,2800,DET@BAL,BAL,DET,,,,,,2B/3B/UTIL
117861-5456,OF,Andrew,Andrew McCutchen,McCutchen,8.328333536783854,60,2800,PIT@CHC,PIT,CHC,,,,,,OF/UTIL
117861-79215,1B,Rhys,Rhys Hoskins,Hoskins,9.075384990985578,65,2800,STL@MIL,MIL,STL,,,,,,C/1B/UTIL
117861-13719,3B,Nolan,Nolan Arenado,Arenado,9.03968253968254,63,2800,STL@MIL,STL,MIL,,,,,,3B/UTIL
117861-119307,C,Adley,Adley Rutschman,Rutschman,8.119671931032274,61,2800,DET@BAL,BAL,DET,,,,,,C/1B/UTIL
117861-119341,OF,Wenceel,Wenceel Perez,Perez,9.292857578822545,14,2800,DET@BAL,DET,BAL,,,,,,OF/UTIL
117861-119395,OF,Jasson,Jasson Dominguez,Dominguez,9.911320524395636,53,2800,NYY@KC,NYY,KC,,,,,,OF/UTIL
117861-165605,OF,Sal,Sal Frelick,Frelick,8.60151533647017,66,2800,STL@MIL,MIL,STL,,,,,,OF/UTIL
117861-165693,OF/1B,Alec,Alec Burleson,Burleson,7.29473662794682,57,2800,STL@MIL,STL,MIL,,,,,,C/1B/OF/UTIL
117861-102301,2B/SS,Nico,Nico Hoerner,Hoerner,9.767187118530273,64,2800,PIT@CHC,CHC,PIT,,,,,,2B/SS/UTIL
117861-13266,C/1B,Salvador,Salvador Perez,Perez,7.407692307692308,65,2800,NYY@KC,KC,NYY,,,,,,C/1B/UTIL
117861-82977,SS/3B/2B,Isiah,Isiah Kiner-Falefa,Kiner-Falefa,7.646428789411273,56,2700,PIT@CHC,PIT,CHC,,,,,,2B/3B/SS/UTIL
117861-135204,C,Dillon,Dillon Dingler,Dingler,8.126923194298378,52,2700,DET@BAL,DET,BAL,,,,,,C/1B/UTIL
117861-222287,SS/2B,Chase,Chase Meidroth,Meidroth,8.66000027126736,45,2700,CWS@HOU,CWS,HOU,,,,,,2B/SS/UTIL
117861-83155,OF,Ramon,Ramon Laureano,Laureano,7.7926829268292686,41,2700,DET@BAL,BAL,DET,,,,,,OF/UTIL
117861-198935,OF,Victor,Victor Scott II,Scott II,8.48095218718998,63,2700,STL@MIL,STL,MIL,,,,,,OF/UTIL
117861-38218,1B,Christian,Christian Walker,Walker,8.272307880108173,65,2700,CWS@HOU,HOU,CWS,,,,,,C/1B/UTIL
117861-68495,OF,Andrew,Andrew Benintendi,Benintendi,9.154761904761905,42,2700,CWS@HOU,CWS,HOU,,,,,,OF/UTIL
117861-68547,OF,Tyler,Tyler O'Neill,O'Neill,7.783333460489909,24,2700,DET@BAL,BAL,DET,IL,Shoulder,,,,OF/UTIL
117861-102415,2B/3B,Nolan,Nolan Gorman,Gorman,6.544999694824218,40,2600,STL@MIL,STL,MIL,,,,,,2B/3B/UTIL
117861-102486,OF,Blake,Blake Perkins,Perkins,8.120325104007875,123,2600,STL@MIL,MIL,STL,IL,Lower leg,,,,OF/UTIL
117861-79082,1B,Ryan,Ryan Mountcastle,Mountcastle,6.621153611403245,52,2600,DET@BAL,BAL,DET,IL,Hamstring,,,,C/1B/UTIL
117861-13567,3B/1B/2B,DJ,DJ LeMahieu,LeMahieu,7.640909368341619,22,2600,NYY@KC,NYY,KC,,,,,,C/1B/2B/3B/UTIL
117861-21885,SS/3B/OF,Javier,Javier Baez,Baez,8.043859649122806,57,2600,DET@BAL,DET,BAL,,,,,,3B/SS/OF/UTIL
117861-181642,2B/OF/1B,Enmanuel,Enmanuel Valdez,Valdez,6.335483674080141,31,2600,PIT@CHC,PIT,CHC,IL,Shoulder,,,,C/1B/2B/OF/UTIL
117861-79255,1B/OF,Jake,Jake Bauers,Bauers,6.668181679465554,44,2600,STL@MIL,MIL,STL,,,,,,C/1B/OF/UTIL
117861-165544,2B/3B/1B,Lenyn,Lenyn Sosa,Sosa,6.307017543859649,57,2600,CWS@HOU,CWS,HOU,IL,Hip,,,,C/1B/2B/3B/UTIL
117861-165559,C,Yainer,Yainer Diaz,Diaz,7.889830508474576,59,2600,CWS@HOU,HOU,CWS,,,,,,C/1B/UTIL
117861-165557,1B/2B,Colt,Colt Keith,Keith,7.1516667683919275,60,2600,DET@BAL,DET,BAL,,,,,,C/1B/2B/UTIL
117861-119495,1B,Andrew,Andrew Vaughn,Vaughn,6.047916412353516,48,2600,CWS@HOU,CWS,HOU,,,,,,C/1B/UTIL
117861-208716,1B/OF,Zach,Zach Dezenzo,Dezenzo,6.952940996955423,34,2600,CWS@HOU,HOU,CWS,IL,Hand,,,,C/1B/OF/UTIL
117861-198877,3B,Matt,Matt Shaw,Shaw,8.369230612730368,39,2500,PIT@CHC,CHC,PIT,,,,,,3B/UTIL
117861-70898,2B/3B/OF,Adam,Adam Frazier,Frazier,6.490163834368596,61,2500,PIT@CHC,PIT,CHC,,,,,,2B/3B/OF/UTIL
117861-146690,3B/2B/OF,Nick,Nick Loftin,Loftin,7.318181818181818,11,2500,NYY@KC,KC,NYY,,,,,,2B/3B/OF/UTIL
117861-197908,C,Pedro,Pedro Pages,Pages,6.587999877929687,50,2500,STL@MIL,STL,MIL,,,,,,C/1B/UTIL
117861-226832,1B,Tim,Tim Elko,Elko,7.8941174675436585,17,2500,CWS@HOU,CWS,HOU,,,,,,C/1B/UTIL
117861-181829,1B,Spencer,Spencer Horwitz,Horwitz,6.336363358931108,22,2500,PIT@CHC,PIT,CHC,,,,,,C/1B/UTIL
117861-222846,OF,Cam,Cam Smith,Smith,7.799999884839328,53,2500,CWS@HOU,HOU,CWS,,,,,,OF/UTIL
117861-113309,3B/2B/OF,Josh,Josh Rojas,Rojas,4.800000190734863,32,2500,CWS@HOU,CWS,HOU,,,,,,2B/3B/OF/UTIL
117861-165633,SS,Trey,Trey Sweeney,Sweeney,6.411290322580645,62,2500,DET@BAL,DET,BAL,,,,,,SS/UTIL
117861-165654,C/OF,Henry,Henry Davis,Davis,6.241379310344827,29,2500,PIT@CHC,PIT,CHC,,,,,,C/1B/OF/UTIL
117861-211773,OF/2B,Isaac,Isaac Collins,Collins,5.809803682215073,51,2500,STL@MIL,MIL,STL,,,,,,2B/OF/UTIL
117861-6312,1B/3B,Justin,Justin Turner,Turner,4.676315709164268,38,2400,PIT@CHC,CHC,PIT,,,,,,C/1B/3B/UTIL
117861-198869,C,Kyle,Kyle Teel,Teel,6.079999923706055,5,2400,CWS@HOU,CWS,HOU,,,,,,C/1B/UTIL
117861-85254,C,Joey,Joey Bart,Bart,6.156818043101918,44,2400,PIT@CHC,PIT,CHC,IL,Concussion,,,,C/1B/UTIL
117861-79216,3B,Ke'Bryan,Ke'Bryan Hayes,Hayes,6.864062309265137,64,2400,PIT@CHC,PIT,CHC,,,,,,3B/UTIL
117861-101850,3B/2B/1B,Ramon,Ramon Urias,Urias,7.771111382378472,45,2400,DET@BAL,BAL,DET,,,,,,C/1B/2B/3B/UTIL
117861-219698,2B/3B,Caleb,Caleb Durbin,Durbin,7.479166666666667,48,2400,STL@MIL,MIL,STL,,,,,,2B/3B/UTIL
117861-21074,OF,Michael A.,Michael A. Taylor,Taylor,5.264406883110435,59,2400,CWS@HOU,CWS,HOU,,,,,,OF/UTIL
117861-222806,1B/OF,Jac,Jac Caglianone,Caglianone,4.625,8,2400,NYY@KC,KC,NYY,,,,,,C/1B/OF/UTIL
117861-164513,3B/2B/SS,Joey,Joey Ortiz,Ortiz,5.4671639969099814,67,2400,STL@MIL,MIL,STL,,,,,,2B/3B/SS/UTIL
117861-154422,OF/3B,Matt,Matt Vierling,Vierling,3.25,4,2400,DET@BAL,DET,BAL,IL,Shoulder,,,,3B/OF/UTIL
117861-102288,OF,Drew,Drew Waters,Waters,6.537735849056604,53,2400,NYY@KC,KC,NYY,,,,,,OF/UTIL
117861-80848,C,Victor,Victor Caratini,Caratini,6.169767157976017,43,2400,CWS@HOU,HOU,CWS,,,,,,C/1B/UTIL
117861-52182,C,Reese,Reese McGuire,McGuire,10.285714285714286,7,2400,PIT@CHC,CHC,PIT,,,,,,C/1B/UTIL
117861-68582,2B,Brendan,Brendan Rodgers,Rodgers,4.992499923706054,40,2400,CWS@HOU,HOU,CWS,,,,,,2B/UTIL
117861-102402,OF,Alexander,Alexander Canario,Canario,5.714634220774581,41,2300,PIT@CHC,PIT,CHC,,,,,,OF/UTIL
117861-102485,OF,Kyle,Kyle Isbel,Isbel,5.096721211417776,61,2300,NYY@KC,KC,NYY,,,,,,OF/UTIL
117861-135282,OF,Joshua,Joshua Palacios,Palacios,4.633999938964844,50,2300,CWS@HOU,CWS,HOU,,,,,,OF/UTIL
117861-135364,OF,Jordan,Jordan Walker,Walker,7.278723534117353,47,2300,STL@MIL,STL,MIL,IL,Wrist,,,,OF/UTIL
117861-145611,SS/2B/3B,Oswald,Oswald Peraza,Peraza,4.793023397756177,43,2300,NYY@KC,NYY,KC,,,,,,2B/3B/SS/UTIL
117861-146697,OF,Garrett,Garrett Mitchell,Mitchell,5.652000122070312,25,2300,STL@MIL,MIL,STL,IL,Oblique,,,,OF/UTIL
117861-79136,OF,Daz,Daz Cameron,Cameron,4.1000000803094165,19,2300,STL@MIL,MIL,STL,,,,,,OF/UTIL
117861-79181,2B/3B/OF,Mauricio,Mauricio Dubon,Dubon,4.7431817488236865,44,2300,CWS@HOU,HOU,CWS,,,,,,2B/3B/OF/UTIL
117861-197974,3B,Jace,Jace Jung,Jung,4.172222137451172,18,2300,DET@BAL,DET,BAL,,,,,,3B/UTIL
117861-173548,2B/OF,Michael,Michael Massey,Massey,4.607142857142857,56,2300,NYY@KC,KC,NYY,IL,Ankle,,,,2B/OF/UTIL
117861-79400,OF,Dylan,Dylan Carlson,Carlson,5.810714176722935,28,2300,DET@BAL,BAL,DET,,,,,,OF/UTIL
117861-206383,2B/SS/OF,Brooks,Brooks Baldwin,Baldwin,5.604545593261719,44,2300,CWS@HOU,CWS,HOU,,,,,,2B/SS/OF/UTIL
117861-181851,3B/2B/1B/SS,Jared,Jared Triolo,Triolo,5.042857215518043,42,2300,PIT@CHC,PIT,CHC,,,,,,C/1B/2B/3B/SS/UTIL
117861-80485,OF,Austin,Austin Slater,Slater,4.781818043101918,22,2300,CWS@HOU,CWS,HOU,,,,,,OF/UTIL
117861-163695,2B,Jorbit,Jorbit Vivas,Vivas,3.9636362249200996,22,2300,NYY@KC,NYY,KC,,,,,,2B/UTIL
117861-189314,OF,Justyn-Henry,Justyn-Henry Malloy,Malloy,5.302222357855903,45,2300,DET@BAL,DET,BAL,,,,,,OF/UTIL
117861-163772,C,Brett,Brett Sullivan,Sullivan,16.200000762939453,1,2300,PIT@CHC,PIT,CHC,,,,,,C/1B/UTIL
117861-54401,OF,Manuel,Manuel Margot,Margot,5.283333460489909,6,2200,DET@BAL,DET,BAL,,,,,,OF/UTIL
117861-13487,OF,Tommy,Tommy Pham,Pham,4.987233912691157,47,2200,PIT@CHC,PIT,CHC,,,,,,OF/UTIL
117861-198888,OF,Jacob,Jacob Melton,Melton,6.211111280653212,9,2200,CWS@HOU,HOU,CWS,,,,,,OF/UTIL
117861-83182,C/OF,Eric,Eric Haase,Haase,5.223809378487723,21,2200,STL@MIL,MIL,STL,,,,,,C/1B/OF/UTIL
117861-146715,C/1B,Endy,Endy Rodriguez,Rodriguez,4.277777777777778,18,2200,PIT@CHC,PIT,CHC,IL,Elbow,,,,C/1B/UTIL
117861-79153,2B/OF,Jahmai,Jahmai Jones,Jones,6.175000190734863,4,2200,DET@BAL,DET,BAL,,,,,,2B/OF/UTIL
117861-71217,C,Omar,Omar Narvaez,Narvaez,6.425000190734863,4,2200,CWS@HOU,HOU,CWS,,,,,,C/1B/UTIL
117861-119346,C,Korey,Korey Lee,Lee,4.421428680419922,14,2200,CWS@HOU,CWS,HOU,,,,,,C/1B/UTIL
117861-226912,OF,John,John Rave,Rave,2.784615443303035,13,2200,NYY@KC,KC,NYY,,,,,,OF/UTIL
117861-164512,3B/1B,Coby,Coby Mayo,Mayo,4.190908952192827,11,2200,DET@BAL,BAL,DET,,,,,,C/1B/3B/UTIL
117861-165583,C,Edgar,Edgar Quero,Quero,5.776190621512277,42,2200,CWS@HOU,CWS,HOU,,,,,,C/1B/UTIL
117861-213853,C,J.C.,J.C. Escarra,Escarra,4.823999938964843,25,2200,NYY@KC,NYY,KC,,,,,,C/1B/UTIL
117861-159624,C,Yohel,Yohel Pozo,Pozo,5.790909160267223,22,2200,STL@MIL,STL,MIL,,,,,,C/1B/UTIL
117861-101276,2B/3B,Jon,Jon Berti,Berti,5.103030118075284,33,2200,PIT@CHC,CHC,PIT,,,,,,2B/3B/UTIL
117861-102307,2B/SS/OF,Jose,Jose Barrero,Barrero,2.956249952316284,16,2200,STL@MIL,STL,MIL,,,,,,2B/SS/OF/UTIL
117861-68593,SS/2B/OF,Jorge,Jorge Mateo,Mateo,5.621874809265137,32,2200,DET@BAL,BAL,DET,IL,Elbow,,,,2B/SS/OF/UTIL
117861-102406,2B/SS/3B/OF,Vidal,Vidal Brujan,Brujan,2.1799999237060548,20,2100,PIT@CHC,CHC,PIT,,,,,,2B/3B/SS/OF/UTIL
117861-135194,C,Freddy,Freddy Fermin,Fermin,5.005128126878005,39,2100,NYY@KC,KC,NYY,,,,,,C/1B/UTIL
117861-135216,OF,Chas,Chas McCormick,McCormick,2.4777776930067272,36,2100,CWS@HOU,HOU,CWS,IL,Oblique,,,,OF/UTIL
117861-135310,C,Chadwick,Chadwick Tromp,Tromp,0.75,4,2100,DET@BAL,BAL,DET,,,,,,C/1B/UTIL
117861-21666,OF/1B,Mark,Mark Canha,Canha,3.7459461109058276,37,2100,NYY@KC,KC,NYY,,,,,,C/1B/OF/UTIL
117861-184480,C,Cesar,Cesar Salazar,Salazar,0,3,2100,CWS@HOU,HOU,CWS,,,,,,C/1B/UTIL
117861-79267,2B/3B,Andy,Andy Ibanez,Ibanez,5.180434848951257,46,2100,DET@BAL,DET,BAL,,,,,,2B/3B/UTIL
117861-95776,2B/SS/3B/OF,Pablo,Pablo Reyes,Reyes,2.026086890179178,23,2100,NYY@KC,NYY,KC,,,,,,2B/3B/SS/OF/UTIL
117861-16945,C,Gary,Gary Sanchez,Sanchez,2.9384615971491885,13,2100,DET@BAL,BAL,DET,IL,Wrist,,,,C/1B/UTIL
117861-119351,SS/2B/3B,Jake,Jake Amaya,Amaya,2.4323528514188877,34,2100,CWS@HOU,CWS,HOU,,,,,,2B/3B/SS/UTIL
117861-226915,OF,Drew,Drew Avans,Avans,2.171428544180734,7,2100,STL@MIL,MIL,STL,,,,,,OF/UTIL
117861-119404,2B/3B,Nick,Nick Maton,Maton,4.32,25,2100,CWS@HOU,CWS,HOU,,,,,,2B/3B/UTIL
117861-82567,1B/OF,Ryan,Ryan Vilade,Vilade,1.7428571156093053,7,2100,STL@MIL,STL,MIL,,,,,,C/1B/OF/UTIL
117861-82596,C,Jake,Jake Rogers,Rogers,3.7357142312186107,14,2100,DET@BAL,DET,BAL,,,,,,C/1B/UTIL
117861-187103,2B/3B/1B/SS,Andruw,Andruw Monasterio,Monasterio,2.729411854463465,17,2100,STL@MIL,MIL,STL,,,,,,C/1B/2B/3B/SS/UTIL
117861-169769,3B/SS/2B,Vinny,Vinny Capra,Capra,2.8714285714285714,35,2100,CWS@HOU,CWS,HOU,,,,,,2B/3B/SS/UTIL
117861-119634,SS/2B,Liover,Liover Peguero,Peguero,2.25,4,2100,PIT@CHC,PIT,CHC,,,,,,2B/SS/UTIL
117861-203639,3B/1B,CJ,CJ Alexander,Alexander,1.5,6,2100,NYY@KC,NYY,KC,,,,,,C/1B/3B/UTIL
117861-198658,OF/2B,Ronny,Ronny Simon,Simon,5.089473523591694,19,2000,PIT@CHC,PIT,CHC,,,,,,2B/OF/UTIL
117861-97291,2B,Harold,Harold Castro,Castro,,0,2000,NYY@KC,KC,NYY,IL,Undisclosed,,,,2B/UTIL
117861-102410,C,Ronaldo,Ronaldo Hernandez,Hernandez,,0,2000,NYY@KC,NYY,KC,,,,,,C/1B/UTIL
117861-102413,1B,Luken,Luken Baker,Baker,3.7157893933747945,19,2000,STL@MIL,STL,MIL,,,,,,C/1B/UTIL
117861-102427,3B,Jordan,Jordan Groshans,Groshans,,0,2000,NYY@KC,KC,NYY,,,,,,3B/UTIL
117861-13343,2B,Dixon,Dixon Machado,Machado,,0,2000,PIT@CHC,CHC,PIT,,,,,,2B/UTIL
117861-102451,OF,Brennen,Brennen Davis,Davis,0,2,2000,NYY@KC,NYY,KC,,,,,,OF/UTIL
117861-102453,SS/2B/3B,Zack,Zack Short,Short,3.388372022052144,43,2000,CWS@HOU,HOU,CWS,,,,,,2B/3B/SS/UTIL
117861-135227,2B,Jose,Jose Rojas,Rojas,,0,2000,NYY@KC,NYY,KC,,,,,,2B/UTIL
117861-102472,SS,Raynel,Raynel Delgado,Delgado,,0,2000,STL@MIL,MIL,STL,,,,,,SS/UTIL
117861-135246,OF,Dominic,Dominic Fletcher,Fletcher,4.406944274902344,72,2000,CWS@HOU,CWS,HOU,,,,,,OF/UTIL
117861-222286,OF,Braden,Braden Montgomery,Montgomery,,0,2000,CWS@HOU,CWS,HOU,,,,,,OF/UTIL
117861-102488,3B/1B,Emmanuel,Emmanuel Rivera,Rivera,4.0038460951585035,26,2000,DET@BAL,BAL,DET,,,,,,C/1B/3B/UTIL
117861-135263,C,Brian,Brian O'Keefe,O'Keefe,,0,2000,NYY@KC,KC,NYY,,,,,,C/1B/UTIL
117861-82021,C,Tomas,Tomas Nido,Nido,5.345454476096413,11,2000,DET@BAL,DET,BAL,,,,,,C/1B/UTIL
117861-135269,OF,Zach,Zach DeLoach,DeLoach,6.065217391304348,23,2000,CWS@HOU,CWS,HOU,,,,,,OF/UTIL
117861-157797,OF,Bryan,Bryan De La Cruz,De La Cruz,3.012500047683716,16,2000,NYY@KC,NYY,KC,,,,,,OF/UTIL
117861-102537,OF,Everson,Everson Pereira,Pereira,0,3,2000,NYY@KC,NYY,KC,,,,,,OF/UTIL
117861-197768,SS/3B,Luis,Luis Vazquez,Vazquez,1.223076893733098,13,2000,DET@BAL,BAL,DET,,,,,,3B/SS/UTIL
117861-102541,OF,Jared,Jared Oliva,Oliva,,0,2000,STL@MIL,MIL,STL,,,,,,OF/UTIL
117861-38040,OF,Eddie,Eddie Rosario,Rosario,1.2399999618530273,5,2000,STL@MIL,MIL,STL,,,,,,OF/UTIL
117861-184479,OF,Corey,Corey Julks,Julks,5.03582080442514,67,2000,CWS@HOU,CWS,HOU,,,,,,OF/UTIL
117861-102588,OF,Brewer,Brewer Hicklen,Hicklen,21.399999618530273,1,2000,DET@BAL,DET,BAL,,,,,,OF/UTIL
117861-198867,C,Samuel,Samuel Basallo,Basallo,,0,2000,DET@BAL,BAL,DET,,,,,,C/1B/UTIL
117861-145617,C,David,David Garcia,Garcia,,0,2000,STL@MIL,MIL,STL,,,,,,C/1B/UTIL
117861-198868,OF,Enrique,Enrique Bradfield Jr.,Bradfield Jr.,,0,2000,DET@BAL,BAL,DET,,,,,,OF/UTIL
117861-226530,C,Maverick,Maverick Handley,Handley,2.4928572518484935,14,2000,DET@BAL,BAL,DET,,,,,,C/1B/UTIL
117861-198884,OF,Max,Max Clark,Clark,,0,2000,DET@BAL,DET,BAL,,,,,,OF/UTIL
117861-146666,OF,Heston,Heston Kjerstad,Kjerstad,5.679629855685764,54,2000,DET@BAL,BAL,DET,,,,,,OF/UTIL
117861-60649,C,Alex,Alex Jackson,Jackson,4.196551618904903,58,2000,NYY@KC,NYY,KC,,,,,,C/1B/UTIL
117861-146668,2B,Nick,Nick Yorke,Yorke,8.754545731977982,11,2000,PIT@CHC,PIT,CHC,,,,,,2B/UTIL
117861-146674,OF,Owen,Owen Caissie,Caissie,,0,2000,PIT@CHC,CHC,PIT,,,,,,OF/UTIL
117861-197874,2B/3B,Oliver,Oliver Dunn,Dunn,4.985714503696987,14,2000,STL@MIL,MIL,STL,,,,,,2B/3B/UTIL
117861-146672,SS,Reginald,Reginald Preciado,Preciado,,0,2000,PIT@CHC,CHC,PIT,,,,,,SS/UTIL
117861-198897,3B,Brock,Brock Wilken,Wilken,,0,2000,STL@MIL,MIL,STL,,,,,,3B/UTIL
117861-146673,SS,Ed,Ed Howard,Howard,,0,2000,PIT@CHC,CHC,PIT,,,,,,SS/UTIL
117861-198900,OF,Spencer,Spencer Jones,Jones,,0,2000,NYY@KC,NYY,KC,,,,,,OF/UTIL
117861-197883,OF,Kenedy,Kenedy Corona,Corona,0,1,2000,CWS@HOU,HOU,CWS,,,,,,OF/UTIL
117861-146686,OF,Colin,Colin Barber,Barber,,0,2000,CWS@HOU,HOU,CWS,,,,,,OF/UTIL
117861-146685,OF,Daniel,Daniel Cabrera,Cabrera,,0,2000,DET@BAL,DET,BAL,,,,,,OF/UTIL
117861-198914,SS,Roderick,Roderick Arias,Arias,,0,2000,NYY@KC,NYY,KC,,,,,,SS/UTIL
117861-197895,OF,Tyler,Tyler Gentry,Gentry,0,4,2000,NYY@KC,KC,NYY,,,,,,OF/UTIL
117861-79115,OF,Greg,Greg Allen,Allen,0,3,2000,PIT@CHC,CHC,PIT,,,,,,OF/UTIL
117861-213262,C,Caleb,Caleb Knight,Knight,,0,2000,PIT@CHC,CHC,PIT,,,,,,C/1B/UTIL
117861-146700,SS,Freddy,Freddy Zamora,Zamora,,0,2000,STL@MIL,MIL,STL,,,,,,SS/UTIL
117861-85262,OF,J.P.,J.P. Martinez,Martinez,2.3777777353922525,9,2000,DET@BAL,BAL,DET,,,,,,OF/UTIL
117861-85274,OF,DJ,DJ Stewart,Stewart,4.864473844829359,76,2000,PIT@CHC,PIT,CHC,,,,,,OF/UTIL
117861-85277,2B/OF/1B/3B,Cavan,Cavan Biggio,Biggio,3.573684290835732,38,2000,NYY@KC,KC,NYY,,,,,,C/1B/2B/3B/OF/UTIL
117861-146718,SS,Casey,Casey Martin,Martin,,0,2000,STL@MIL,MIL,STL,,,,,,SS/UTIL
117861-197918,SS,Tsung-Che,Tsung-Che Cheng,Cheng,0,3,2000,PIT@CHC,PIT,CHC,,,,,,SS/UTIL
117861-146731,SS/2B,Alika,Alika Williams,Williams,4.191892056851773,37,2000,PIT@CHC,PIT,CHC,,,,,,2B/SS/UTIL
117861-170321,C,Brian,Brian Serven,Serven,3.196551618904903,29,2000,DET@BAL,DET,BAL,,,,,,C/1B/UTIL
117861-181596,2B/3B,Jose,Jose Fermin,Fermin,2.434042585656998,47,2000,STL@MIL,STL,MIL,,,,,,2B/3B/UTIL
117861-194908,SS/2B/3B,Tristan,Tristan Gray,Gray,1.4,15,2000,CWS@HOU,CWS,HOU,,,,,,2B/3B/SS/UTIL
117861-170350,OF,Dairon,Dairon Blanco,Blanco,3.7666668362087674,9,2000,NYY@KC,KC,NYY,,,,,,OF/UTIL
117861-38324,C,Jorge,Jorge Alfaro,Alfaro,,0,2000,STL@MIL,MIL,STL,,,,,,C/1B/UTIL
117861-171482,1B,Bligh,Bligh Madris,Madris,6.338095528738839,21,2000,DET@BAL,DET,BAL,,,,,,C/1B/UTIL
117861-96765,C,Joe,Joe Hudson,Hudson,0,1,2000,CWS@HOU,HOU,CWS,,,,,,C/1B/UTIL
117861-119304,SS/2B,Braden,Braden Shewmake,Shewmake,3.406896656957166,29,2000,NYY@KC,NYY,KC,,,,,,2B/SS/UTIL
117861-119308,SS,Adam,Adam Hall,Hall,,0,2000,STL@MIL,MIL,STL,,,,,,SS/UTIL
117861-119314,C,Ethan,Ethan Hearn,Hearn,,0,2000,PIT@CHC,CHC,PIT,,,,,,C/1B/UTIL
117861-219664,OF,Matt,Matt Koperniak,Koperniak,,0,2000,STL@MIL,STL,MIL,,,,,,OF/UTIL
117861-119320,2B,Chase,Chase Strumpf,Strumpf,,0,2000,PIT@CHC,CHC,PIT,,,,,,2B/UTIL
117861-79387,3B,Jake,Jake Gatewood,Gatewood,,0,2000,NYY@KC,NYY,KC,,,,,,3B/UTIL
117861-181790,OF,Diego,Diego Hernandez,Hernandez,,0,2000,NYY@KC,KC,NYY,IL,Undisclosed,,,,OF/UTIL
117861-219699,C,Jesus,Jesus Rodriguez,Rodriguez,,0,2000,NYY@KC,NYY,KC,,,,,,C/1B/UTIL
117861-219704,SS,Ben,Ben Cowles,Cowles,,0,2000,PIT@CHC,CHC,PIT,,,,,,SS/UTIL
117861-156226,OF,Pedro,Pedro Leon,Leon,3.4571429661342075,7,2000,CWS@HOU,HOU,CWS,IL,Knee,,,,OF/UTIL
117861-119360,OF,Pablo,Pablo Abreu,Abreu,,0,2000,STL@MIL,MIL,STL,,,,,,OF/UTIL
117861-119362,SS,Eduardo,Eduardo Garcia,Garcia,,0,2000,STL@MIL,MIL,STL,,,,,,SS/UTIL
117861-222795,SS,George,George Lombard Jr.,Lombard Jr.,,0,2000,NYY@KC,NYY,KC,,,,,,SS/UTIL
117861-167500,OF,Joey,Joey Wiemer,Wiemer,1.4476190294538225,21,2000,NYY@KC,KC,NYY,,,,,,OF/UTIL
117861-222805,C,Blake,Blake Mitchell,Mitchell,,0,2000,NYY@KC,KC,NYY,IL,Wrist,,,,C/1B/UTIL
117861-222811,SS,Bryce,Bryce Rainer,Rainer,,0,2000,DET@BAL,DET,BAL,O,Shoulder,,,,SS/UTIL
117861-222810,SS,Kevin,Kevin McGonigle,McGonigle,,0,2000,DET@BAL,DET,BAL,,,,,,SS/UTIL
117861-222809,C,Josue,Josue Briceno,Briceno,,0,2000,DET@BAL,DET,BAL,,,,,,C/1B/UTIL
117861-222808,C,Thayron,Thayron Liranzo,Liranzo,,0,2000,DET@BAL,DET,BAL,,,,,,C/1B/UTIL
117861-222815,3B,Mike,Mike Boeve,Boeve,,0,2000,STL@MIL,MIL,STL,,,,,,3B/UTIL
117861-119390,OF,Kevin,Kevin Alcantara,Alcantara,2.066666603088379,3,2000,PIT@CHC,CHC,PIT,,,,,,OF/UTIL
117861-82531,C,Andy,Andy Yerzy,Yerzy,,0,2000,STL@MIL,STL,MIL,,,,,,C/1B/UTIL
117861-181856,3B,Andre,Andre Lipcius,Lipcius,,0,2000,CWS@HOU,CWS,HOU,,,,,,3B/UTIL
117861-222817,SS,Jesus,Jesus Made,Made,,0,2000,STL@MIL,MIL,STL,,,,,,SS/UTIL
117861-222816,SS,Cooper,Cooper Pratt,Pratt,,0,2000,STL@MIL,MIL,STL,,,,,,SS/UTIL
117861-222823,SS,Konnor,Konnor Griffin,Griffin,,0,2000,PIT@CHC,PIT,CHC,,,,,,SS/UTIL
117861-222824,2B,Termarr,Termarr Johnson,Johnson,,0,2000,PIT@CHC,PIT,CHC,,,,,,2B/UTIL
117861-119407,OF,Sammy,Sammy Siani,Siani,,0,2000,PIT@CHC,PIT,CHC,,,,,,OF/UTIL
117861-222835,C,Jimmy,Jimmy Crooks,Crooks,,0,2000,STL@MIL,STL,MIL,,,,,,C/1B/UTIL
117861-119408,2B/OF,Ji Hwan,Ji Hwan Bae,Bae,3.942857197352818,7,2000,PIT@CHC,PIT,CHC,,,,,,2B/OF/UTIL
117861-222838,SS,Jefferson,Jefferson Rojas,Rojas,,0,2000,PIT@CHC,CHC,PIT,,,,,,SS/UTIL
117861-222837,C,Moises,Moises Ballesteros,Ballesteros,7.019999694824219,5,2000,PIT@CHC,CHC,PIT,,,,,,C/1B/UTIL
117861-222836,SS,JJ,JJ Wetherholt,Wetherholt,,0,2000,STL@MIL,STL,MIL,,,,,,SS/UTIL
117861-119421,3B,Malcom,Malcom Nunez,Nunez,,0,2000,PIT@CHC,PIT,CHC,IL,Undisclosed,,,,3B/UTIL
117861-82556,OF,Taylor,Taylor Trammell,Trammell,1.1272726925936611,11,2000,CWS@HOU,HOU,CWS,IL,Calf,,,,OF/UTIL
117861-222845,SS,Brice,Brice Matthews,Matthews,,0,2000,CWS@HOU,HOU,CWS,,,,,,SS/UTIL
117861-118398,SS,Vimael,Vimael Machin,Machin,,0,2000,DET@BAL,BAL,DET,,,,,,SS/UTIL
117861-119432,SS,Greg,Greg Jones,Jones,2,3,2000,CWS@HOU,HOU,CWS,,,,,,SS/UTIL
117861-82586,OF,MJ,MJ Melendez,Melendez,3.456249952316284,16,2000,NYY@KC,KC,NYY,,,,,,OF/UTIL
117861-164505,OF,Hudson,Hudson Haskin,Haskin,,0,2000,DET@BAL,BAL,DET,,,,,,OF/UTIL
117861-82589,OF/1B,Nick,Nick Pratto,Pratto,0,2,2000,NYY@KC,KC,NYY,,,,,,C/1B/OF/UTIL
117861-165535,SS,Colson,Colson Montgomery,Montgomery,,0,2000,CWS@HOU,CWS,HOU,,,,,,SS/UTIL
117861-165533,3B,Wes,Wes Kath,Kath,,0,2000,CWS@HOU,CWS,HOU,,,,,,3B/UTIL
117861-164514,SS,Maikol,Maikol Hernandez,Hernandez,,0,2000,DET@BAL,BAL,DET,,,,,,SS/UTIL
117861-165540,3B,Bryan,Bryan Ramos,Ramos,6.063636548591383,33,2000,CWS@HOU,CWS,HOU,,,,,,3B/UTIL
117861-165550,2B/3B/SS,Ryan,Ryan Kreidler,Kreidler,3.0588235294117645,17,2000,DET@BAL,DET,BAL,,,,,,2B/3B/SS/UTIL
117861-164527,SS,Cristian,Cristian Hernandez,Hernandez,,0,2000,PIT@CHC,CHC,PIT,,,,,,SS/UTIL
117861-165548,SS,Cristian,Cristian Santana,Santana,,0,2000,DET@BAL,DET,BAL,,,,,,SS/UTIL
117861-165549,OF,Roberto,Roberto Campos,Campos,,0,2000,DET@BAL,DET,BAL,,,,,,OF/UTIL
117861-165554,SS,Trei,Trei Cruz,Cruz,,0,2000,DET@BAL,DET,BAL,,,,,,SS/UTIL
117861-165555,SS,Abel,Abel Bastidas,Bastidas,,0,2000,DET@BAL,DET,BAL,,,,,,SS/UTIL
117861-82611,OF,Akil,Akil Baddoo,Baddoo,3.0714285714285716,7,2000,DET@BAL,DET,BAL,,,,,,OF/UTIL
117861-164528,SS,James,James Triantos,Triantos,,0,2000,PIT@CHC,CHC,PIT,,,,,,SS/UTIL
117861-165552,3B,Izaac,Izaac Pacheco,Pacheco,,0,2000,DET@BAL,DET,BAL,,,,,,3B/UTIL
117861-163510,SS/2B,Diego A.,Diego A. Castillo,Castillo,7.900000095367432,4,2000,NYY@KC,KC,NYY,,,,,,2B/SS/UTIL
117861-165558,OF,Tyler,Tyler Whitaker,Whitaker,,0,2000,CWS@HOU,HOU,CWS,,,,,,OF/UTIL
117861-222902,2B,Tyler,Tyler Tolbert,Tolbert,3.471428462437221,14,2000,NYY@KC,KC,NYY,,,,,,2B/UTIL
117861-165556,3B,Gage,Gage Workman,Workman,2.3333333333333335,12,2000,DET@BAL,DET,BAL,,,,,,3B/UTIL
117861-82616,2B/3B/SS,Luis,Luis Guillorme,Guillorme,3.858227693581883,79,2000,CWS@HOU,HOU,CWS,,,,,,2B/3B/SS/UTIL
117861-165563,SS,Cristian,Cristian Gonzalez,Gonzalez,,0,2000,CWS@HOU,HOU,CWS,,,,,,SS/UTIL
117861-82620,2B,Nick,Nick Solak,Solak,0.75,4,2000,PIT@CHC,PIT,CHC,,,,,,2B/UTIL
117861-165567,3B/2B/OF,Shay,Shay Whitcomb,Whitcomb,0,3,2000,CWS@HOU,HOU,CWS,,,,,,2B/3B/OF/UTIL
117861-21183,C/1B,Carlos,Carlos Perez,Perez,,0,2000,PIT@CHC,CHC,PIT,,,,,,C/1B/UTIL
117861-165565,2B,Peyton,Peyton Wilson,Wilson,,0,2000,NYY@KC,KC,NYY,,,,,,2B/UTIL
117861-165574,SS,Daniel,Daniel Vazquez,Vazquez,,0,2000,NYY@KC,KC,NYY,,,,,,SS/UTIL
117861-165579,C,Carter,Carter Jensen,Jensen,,0,2000,NYY@KC,KC,NYY,,,,,,C/1B/UTIL
117861-195289,OF,Cam,Cam Eden,Eden,,0,2000,NYY@KC,NYY,KC,,,,,,OF/UTIL
117861-165606,1B/3B/OF,Tyler,Tyler Black,Black,5.433333502875434,18,2000,STL@MIL,MIL,STL,IL,Hand,,,,C/1B/3B/OF/UTIL
117861-165604,C,Jeferson,Jeferson Quero,Quero,,0,2000,STL@MIL,MIL,STL,,,,,,C/1B/UTIL
117861-165610,3B,Zavier,Zavier Warren,Warren,,0,2000,STL@MIL,MIL,STL,,,,,,3B/UTIL
117861-165622,SS,Jheremy,Jheremy Vargas,Vargas,,0,2000,STL@MIL,MIL,STL,,,,,,SS/UTIL
117861-165627,3B,Jaylen,Jaylen Palmer,Palmer,,0,2000,PIT@CHC,CHC,PIT,,,,,,3B/UTIL
117861-226041,OF/1B,Matt,Matt Gorski,Gorski,4.76000010172526,15,2000,PIT@CHC,PIT,CHC,,,,,,C/1B/OF/UTIL
117861-52995,C,Luke,Luke Maile,Maile,11.300000508626303,3,2000,NYY@KC,KC,NYY,,,,,,C/1B/UTIL
117861-202501,OF,Duke,Duke Ellis,Ellis,3.0166667302449546,12,2000,NYY@KC,NYY,KC,,,,,,OF/UTIL
117861-165652,OF,Yhoswar,Yhoswar Garcia,Garcia,,0,2000,STL@MIL,MIL,STL,,,,,,OF/UTIL
117861-165658,SS,Maikol,Maikol Escotto,Escotto,,0,2000,PIT@CHC,PIT,CHC,,,,,,SS/UTIL
117861-165656,OF,Lonnie,Lonnie White,White,,0,2000,PIT@CHC,PIT,CHC,,,,,,OF/UTIL
117861-165667,OF,Samuel,Samuel Zavala,Zavala,,0,2000,CWS@HOU,CWS,HOU,,,,,,OF/UTIL
117861-211774,1B/OF,Billy,Billy Cook,Cook,7.25,16,2000,PIT@CHC,PIT,CHC,,,,,,C/1B/OF/UTIL
117861-165692,OF,Joshua,Joshua Baez,Baez,,0,2000,STL@MIL,STL,MIL,,,,,,OF/UTIL
117861-119627,OF,Erick,Erick Pena,Pena,,0,2000,NYY@KC,KC,NYY,,,,,,OF/UTIL
117861-119626,OF,Hudson,Hudson Head,Head,,0,2000,PIT@CHC,PIT,CHC,,,,,,OF/UTIL
117861-119632,OF,Hedbert,Hedbert Perez,Perez,,0,2000,STL@MIL,MIL,STL,,,,,,OF/UTIL
117861-119636,SS,Alexander,Alexander Vargas,Vargas,,0,2000,NYY@KC,NYY,KC,,,,,,SS/UTIL
117861-163669,C,Bryan,Bryan Lavastida,Lavastida,,0,2000,CWS@HOU,HOU,CWS,,,,,,C/1B/UTIL
117861-163679,3B,Joe,Joe Perez,Perez,,0,2000,CWS@HOU,CWS,HOU,,,,,,3B/UTIL
117861-163686,3B/SS,Oswaldo,Oswaldo Cabrera,Cabrera,6.597142682756696,35,2000,NYY@KC,NYY,KC,IL,Ankle,,,,3B/SS/UTIL
117861-163696,OF,Jack,Jack Suwinski,Suwinski,4.393750190734863,16,2000,PIT@CHC,PIT,CHC,,,,,,OF/UTIL
117861-163704,OF,Cooper,Cooper Hummel,Hummel,0,1,2000,CWS@HOU,HOU,CWS,,,,,,OF/UTIL
117861-171923,1B,Darick,Darick Hall,Hall,0,2,2000,PIT@CHC,PIT,CHC,,,,,,C/1B/UTIL
117861-102309,OF,Michael,Michael Siani,Siani,1.5444444020589192,18,2000,STL@MIL,STL,MIL,,,,,,OF/UTIL
117861-102317,SS,Terrin,Terrin Vavra,Vavra,,0,2000,DET@BAL,BAL,DET,,,,,,SS/UTIL
117861-68538,2B,Franklin,Franklin Barreto,Barreto,,0,2000,DET@BAL,BAL,DET,IL,Undisclosed,,,,2B/UTIL
117861-211906,3B/2B/SS,Thomas,Thomas Saggese,Saggese,7.592857360839844,14,2000,STL@MIL,STL,MIL,,,,,,2B/3B/SS/UTIL
117861-102347,2B/SS/3B,Livan,Livan Soto,Soto,1.6133333841959636,15,2000,DET@BAL,BAL,DET,,,,,,2B/3B/SS/UTIL
117861-68554,SS,Andrew,Andrew Velazquez,Velazquez,0,2,2000,NYY@KC,NYY,KC,,,,,,SS/UTIL
117861-102346,OF,Jordyn,Jordyn Adams,Adams,0.6400000095367432,5,2000,DET@BAL,BAL,DET,,,,,,OF/UTIL
117861-102348,SS,Jeremiah,Jeremiah Jackson,Jackson,,0,2000,DET@BAL,BAL,DET,,,,,,SS/UTIL
117861-200663,C,David,David Banuelos,Banuelos,0,1,2000,DET@BAL,BAL,DET,,,,,,C/1B/UTIL
117861-102360,OF,Connor,Connor Scott,Scott,,0,2000,NYY@KC,KC,NYY,IL,Undisclosed,,,,OF/UTIL
117861-102374,C,Anthony,Anthony Seigler,Seigler,,0,2000,STL@MIL,MIL,STL,,,,,,C/1B/UTIL