Id,Position,First Name,Nickname,Last Name,FPPG,Played,Salary,Game,Team,Opponent,Injury Indicator,Injury Details,Tier,Probable Pitcher,Batting Order,Roster Position
117921-16960,P,Zack,Zack Wheeler,Wheeler,42.07692307692308,13,10800,TOR@PHI,PHI,TOR,,,,,,P
117921-146687,P,Hunter,Hunter Brown,Brown,42.76923076923077,13,10800,MIN@HOU,HOU,MIN,,,,Yes,,P
117921-85599,P,Framber,Framber Valdez,Valdez,39.07142857142857,14,10600,MIN@HOU,HOU,MIN,,,,,,P
117921-12477,P,Chris,Chris Sale,Sale,38.57142857142857,14,10500,COL@ATL,ATL,COL,,,,,,P
117921-52859,P,Jacob,Jacob deGrom,deGrom,35.15384615384615,13,10500,CWS@TEX,TEX,CWS,,,,Yes,,P
117921-13233,P,Nathan,Nathan Eovaldi,Eovaldi,37.25,12,10400,CWS@TEX,TEX,CWS,IL,Triceps,,,,P
117921-182153,P,Kodai,Kodai Senga,Senga,35.46153846153846,13,10400,TB@NYM,NYM,TB,IL,Hamstring,,,,P
117921-102330,P,Kris,Kris Bubic,Bubic,38.46153846153846,13,10400,ATH@KC,KC,ATH,,,,,,P
117921-164503,P,Spencer,Spencer Schwellenbach,Schwellenbach,35.857142857142854,14,10200,COL@ATL,ATL,COL,,,,,,P
117921-83157,P,Ranger,Ranger Suarez,Suarez,37.75,8,10200,TOR@PHI,PHI,TOR,,,,,,P
117921-17064,P,Sonny,Sonny Gray,Gray,33.285714285714285,14,10000,STL@MIL,STL,MIL,,,,,,P
117921-60647,P,Aaron,Aaron Nola,Nola,24.555555555555557,9,9900,TOR@PHI,PHI,TOR,IL,Ribs,,,,P
117921-83152,P,Pablo,Pablo Lopez,Lopez,31.818181818181817,11,9800,MIN@HOU,MIN,HOU,IL,Shoulder,,,,P
117921-119430,P,Joe,Joe Ryan,Ryan,35.30769230769231,13,9700,MIN@HOU,MIN,HOU,,,,Yes,,P
117921-82618,P,David,David Peterson,Peterson,34.46153846153846,13,9600,TB@NYM,NYM,TB,,,,,,P
117921-118225,P,Cristopher,Cristopher Sanchez,Sanchez,34.84615384615385,13,9600,TOR@PHI,PHI,TOR,,,,Yes,,P
117921-83190,P,Freddy,Freddy Peralta,Peralta,32.6,15,9500,STL@MIL,MIL,STL,,,,,,P
117921-102294,P,Grayson,Grayson Rodriguez,Rodriguez,35.6,20,9500,LAA@BAL,BAL,LAA,IL,Lat,,,,P
117921-11328,P,Martin,Martin Perez,Perez,26.75,4,9400,CWS@TEX,CWS,TEX,IL,Elbow,,,,P
117921-79232,P,Clay,Clay Holmes,Holmes,30.714285714285715,14,9400,TB@NYM,NYM,TB,,,,,,P
117921-198885,P,Spencer,Spencer Arrighetti,Arrighetti,22.5,2,9300,MIN@HOU,HOU,MIN,IL,Thumb,,,,P
117921-219653,P,Logan,Logan Henderson,Henderson,40,4,9300,STL@MIL,MIL,STL,,,,,,P
117921-52159,P,Lance,Lance McCullers Jr.,McCullers Jr.,24.428571428571427,7,9300,MIN@HOU,HOU,MIN,,,,,,P
117921-38000,P,Kevin,Kevin Gausman,Gausman,30.857142857142858,14,9300,TOR@PHI,TOR,PHI,,,,,,P
117921-79270,P,Cole,Cole Ragans,Ragans,31,10,9300,ATH@KC,KC,ATH,IL,Shoulder,,,,P
117921-102407,P,Shane,Shane McClanahan,McClanahan,0,1,9200,TB@NYM,TB,NYM,IL,Triceps,,,,P
117921-162445,P,Spencer,Spencer Strider,Strider,21.2,5,9200,COL@ATL,ATL,COL,,,,Yes,,P
117921-68491,P,Reynaldo,Reynaldo Lopez,Lopez,9,1,9200,COL@ATL,ATL,COL,IL,Shoulder,,,,P
117921-53067,P,Chris,Chris Bassitt,Bassitt,31,14,9100,TOR@PHI,TOR,PHI,,,,,,P
117921-219663,P,Chad,Chad Patrick,Patrick,26.266666666666666,15,9000,STL@MIL,MIL,STL,,,,,,P
117921-80582,P,Brandon,Brandon Woodruff,Woodruff,,0,9000,STL@MIL,MIL,STL,IL,Elbow,,,,P
117921-66766,P,Adrian,Adrian Houser,Houser,32.2,5,9000,CWS@TEX,CWS,TEX,,,,,,P
117921-79109,P,Tyler,Tyler Mahle,Mahle,28.785714285714285,14,9000,CWS@TEX,TEX,CWS,,,,,,P
117921-135647,P,Ryan,Ryan Pepiot,Pepiot,30.571428571428573,14,8900,TB@NYM,TB,NYM,,,,,,P
117921-119361,P,Drew,Drew Rasmussen,Rasmussen,29.153846153846153,13,8900,TB@NYM,TB,NYM,,,,Yes,,P
117921-83166,P,Zack,Zack Littell,Littell,28.214285714285715,14,8900,TB@NYM,TB,NYM,,,,,,P
117921-219697,P,Noah,Noah Cameron,Cameron,32,6,8800,ATH@KC,KC,ATH,,,,,,P
117921-52165,P,Sean,Sean Manaea,Manaea,31.083333333333332,36,8800,TB@NYM,NYM,TB,IL,Oblique,,,,P
117921-154714,P,Tylor,Tylor Megill,Megill,30.692307692307693,13,8800,TB@NYM,NYM,TB,,,,Yes,,P
117921-82582,P,Griffin,Griffin Canning,Canning,27.307692307692307,13,8700,TB@NYM,NYM,TB,,,,,,P
117921-60639,P,Jose,Jose Berrios,Berrios,29.714285714285715,14,8700,TOR@PHI,TOR,PHI,,,,,,P
117921-79280,P,Jesus,Jesus Luzardo,Luzardo,33.714285714285715,14,8700,TOR@PHI,PHI,TOR,,,,,,P
117921-165698,P,Taj,Taj Bradley,Bradley,27.928571428571427,14,8700,TB@NYM,TB,NYM,,,,,,P
117921-102408,P,Matthew,Matthew Liberatore,Liberatore,26.923076923076923,13,8600,STL@MIL,STL,MIL,,,,,,P
117921-164509,P,AJ,AJ Smith-Shawver,Smith-Shawver,25.333333333333332,9,8600,COL@ATL,ATL,COL,IL,Elbow,,,,P
117921-146717,P,Mick,Mick Abel,Abel,28.666666666666668,3,8600,TOR@PHI,PHI,TOR,,,,,,P
117921-145612,P,Bailey,Bailey Ober,Ober,23.714285714285715,14,8500,MIN@HOU,MIN,HOU,,,,,,P
117921-168872,P,Ronel,Ronel Blanco,Blanco,28.555555555555557,9,8500,MIN@HOU,HOU,MIN,IL,Elbow,,,,P
117921-146664,P,Bryce,Bryce Elder,Elder,25.181818181818183,11,8500,COL@ATL,ATL,COL,,,,,,P
117921-68482,P,Zach,Zach Eflin,Eflin,28.333333333333332,9,8400,LAA@BAL,BAL,LAA,,,,,,P
117921-52728,P,Michael,Michael Lorenzen,Lorenzen,24.846153846153847,14,8400,ATH@KC,KC,ATH,,,,Yes,,P
117921-37999,P,Michael,Michael Wacha,Wacha,26.571428571428573,14,8300,ATH@KC,KC,ATH,,,,,,P
117921-5481,P,Max,Max Scherzer,Scherzer,6,1,8300,TOR@PHI,TOR,PHI,IL,Thumb,,,,P
117921-71034,P,Seth,Seth Lugo,Lugo,27.916666666666668,12,8300,ATH@KC,KC,ATH,,,,,,P
117921-220840,P,Shane,Shane Smith,Smith,29,13,8300,CWS@TEX,CWS,TEX,,,,,,P
117921-165636,P,Hayden,Hayden Wesneski,Wesneski,24.833333333333332,6,8300,MIN@HOU,HOU,MIN,IL,Elbow,,,,P
117921-165706,P,Jack,Jack Leiter,Leiter,23.818181818181817,11,8300,CWS@TEX,TEX,CWS,,,,,,P
117921-209173,P,Zebby,Zebby Matthews,Matthews,26.25,4,8200,MIN@HOU,MIN,HOU,IL,Shoulder,,,,P
117921-79207,P,Grant,Grant Holmes,Holmes,27.785714285714285,14,8200,COL@ATL,ATL,COL,,,,,,P
117921-102001,P,Yusei,Yusei Kikuchi,Kikuchi,28.285714285714285,14,8200,LAA@BAL,LAA,BAL,,,,,,P
117921-163685,P,JP,JP Sears,Sears,22.5,14,8100,ATH@KC,ATH,KC,,,,,,P
117921-21099,P,Jose,Jose Quintana,Quintana,27.25,8,8000,STL@MIL,MIL,STL,,,,Yes,,P
117921-82630,P,Shane,Shane Baz,Baz,25.846153846153847,13,8000,TB@NYM,TB,NYM,,,,,,P
117921-82775,P,Nestor,Nestor Cortes,Cortes,17,2,8000,STL@MIL,MIL,STL,IL,Elbow,,,,P
117921-146705,P,J.T.,J.T. Ginn,Ginn,23,4,8000,ATH@KC,ATH,KC,IL,Quadriceps,,,,P
117921-163700,P,Kyle,Kyle Bradish,Bradish,32.625,8,8000,LAA@BAL,BAL,LAA,IL,Elbow,,,,P
117921-194677,P,Easton,Easton Lucas,Lucas,21.4,5,7900,TOR@PHI,TOR,PHI,,,,,,P
117921-211874,P,Kumar,Kumar Rocker,Rocker,12.333333333333334,6,7900,CWS@TEX,TEX,CWS,,,,,,P
117921-79224,P,Chris,Chris Paddack,Paddack,21.785714285714285,14,7900,MIN@HOU,MIN,HOU,,,,,,P
117921-102345,P,Jose,Jose Soriano,Soriano,27.142857142857142,14,7900,LAA@BAL,LAA,BAL,,,,,,P
117921-170315,P,Davis,Davis Martin,Martin,23.928571428571427,14,7800,CWS@TEX,CWS,TEX,,,,,,P
117921-38246,P,Tyler,Tyler Anderson,Anderson,24.615384615384617,13,7800,LAA@BAL,LAA,BAL,,,,Yes,,P
117921-185896,P,Cody,Cody Bradford,Bradford,29.785714285714285,14,7800,CWS@TEX,TEX,CWS,IL,Elbow,,,,P
117921-165543,P,Sean,Sean Burke,Burke,21.5,14,7800,CWS@TEX,CWS,TEX,,,,,,P
117921-203676,P,David,David Festa,Festa,23.4,5,7700,MIN@HOU,MIN,HOU,,,,,,P
117921-197981,P,Jacob,Jacob Misiorowski,Misiorowski,36,1,7700,STL@MIL,MIL,STL,DTD,Leg,,,,P
117921-220895,P,Tomoyuki,Tomoyuki Sugano,Sugano,25,13,7700,LAA@BAL,BAL,LAA,,,,Yes,,P
117921-102447,P,Dean,Dean Kremer,Kremer,23.642857142857142,14,7600,LAA@BAL,BAL,LAA,,,,,,P
117921-21097,P,Taijuan,Taijuan Walker,Walker,16.214285714285715,14,7600,TOR@PHI,PHI,TOR,,,,,,P
117921-60644,P,Luis,Luis Severino,Severino,24,15,7600,ATH@KC,ATH,KC,,,,,,P
117921-226810,P,Blade,Blade Tidwell,Tidwell,-1,1,7600,TB@NYM,NYM,TB,,,,,,P
117921-198353,P,Mitch,Mitch Spence,Spence,9.75,24,7600,ATH@KC,ATH,KC,,,,,,P
117921-165715,P,Gunnar,Gunnar Hoglund,Hoglund,17.833333333333332,6,7600,ATH@KC,ATH,KC,IL,Hip,,,,P
117921-135229,P,Reid,Reid Detmers,Detmers,6.666666666666667,26,7500,LAA@BAL,LAA,BAL,,,,,,P
117921-63781,P,Frankie,Frankie Montas,Montas,24.129032258064516,31,7500,TB@NYM,NYM,TB,IL,Lat,,,,P
117921-119441,P,Alek,Alek Manoah,Manoah,27,6,7500,TOR@PHI,TOR,PHI,IL,Elbow,,,,P
117921-164521,P,Brandon,Brandon Walter,Walter,30.5,2,7500,MIN@HOU,HOU,MIN,,,,,,P
117921-68564,P,Erick,Erick Fedde,Fedde,24,14,7500,STL@MIL,STL,MIL,,,,,,P
117921-79123,P,Tyler,Tyler Alexander,Alexander,7,22,7500,CWS@TEX,CWS,TEX,,,,,,P
117921-165573,P,Alec,Alec Marsh,Marsh,24.423076923076923,26,7500,ATH@KC,KC,ATH,IL,Shoulder,,,,P
117921-204632,P,Tanner,Tanner Gordon,Gordon,22.333333333333332,3,7500,COL@ATL,COL,ATL,IL,Oblique,,,,P
117921-200581,P,Jonathan,Jonathan Cannon,Cannon,22.083333333333332,12,7500,CWS@TEX,CWS,TEX,IL,Back,,,,P
117921-13664,P,Patrick,Patrick Corbin,Corbin,25.083333333333332,12,7400,CWS@TEX,TEX,CWS,,,,,,P
117921-187769,P,Osvaldo,Osvaldo Bido,Bido,14.363636363636363,11,7400,ATH@KC,ATH,KC,,,,,,P
117921-165561,P,Chayce,Chayce McDermott,McDermott,11.5,2,7400,LAA@BAL,BAL,LAA,,,,,,P
117921-53398,P,Kyle,Kyle Hendricks,Hendricks,20.46153846153846,13,7300,LAA@BAL,LAA,BAL,,,,,,P
117921-219662,P,Colton,Colton Gordon,Gordon,25,6,7300,MIN@HOU,HOU,MIN,,,,,,P
117921-193326,P,Jacob,Jacob Lopez,Lopez,15.125,8,7300,ATH@KC,ATH,KC,,,,Yes,,P
117921-60632,P,Kyle,Kyle Freeland,Freeland,21.428571428571427,14,7300,COL@ATL,COL,ATL,,,,,,P
117921-85476,P,Jeffrey,Jeffrey Springs,Springs,25.214285714285715,14,7300,ATH@KC,ATH,KC,,,,,,P
117921-202541,P,Cade,Cade Povich,Povich,23.166666666666668,12,7300,LAA@BAL,BAL,LAA,,,,,,P
117921-198886,P,Chase,Chase Dollander,Dollander,17.4,10,7200,COL@ATL,COL,ATL,,,,Yes,,P
117921-70470,P,Albert,Albert Suarez,Suarez,11,1,7200,LAA@BAL,BAL,LAA,IL,Shoulder,,,,P
117921-80859,P,Paul,Paul Blackburn,Blackburn,8.333333333333334,3,7200,TB@NYM,NYM,TB,,,,,,P
117921-213198,P,Ryan,Ryan Gusto,Gusto,17.133333333333333,15,7100,MIN@HOU,HOU,MIN,,,,,,P
117921-82607,P,Trevor,Trevor Rogers,Rogers,38,1,7100,LAA@BAL,BAL,LAA,,,,,,P
117921-17121,P,Miles,Miles Mikolas,Mikolas,19.53846153846154,13,7100,STL@MIL,STL,MIL,,,,,,P
117921-168950,P,Andre,Andre Pallante,Pallante,22.076923076923077,13,7100,STL@MIL,STL,MIL,,,,Yes,,P
117921-202608,P,Carlos,Carlos Rodriguez,Rodriguez,13,1,7100,STL@MIL,MIL,STL,IL,Forearm,,,,P
117921-135212,P,Luis,Luis Garcia,Garcia,0,1,7000,MIN@HOU,HOU,MIN,IL,Elbow,,,,P
117921-119355,P,Jack,Jack Kochanowicz,Kochanowicz,19.071428571428573,14,7000,LAA@BAL,LAA,BAL,,,,,,P
117921-52155,P,Jon,Jon Gray,Gray,20.47826086956522,24,7000,CWS@TEX,TEX,CWS,IL,Wrist,,,,P
117921-161465,P,Ryan,Ryan Feltner,Feltner,21,6,7000,COL@ATL,COL,ATL,IL,Back,,,,P
117921-163698,P,Bowden,Bowden Francis,Francis,17.846153846153847,13,7000,TOR@PHI,TOR,PHI,,,,Yes,,P
117921-102335,P,Cristian,Cristian Javier,Javier,24.285714285714285,8,7000,MIN@HOU,HOU,MIN,IL,Elbow,,,,P
117921-211069,P,Sam,Sam Aldegheri,Aldegheri,13,1,6900,LAA@BAL,LAA,BAL,,,,,,P
117921-102572,P,Tobias,Tobias Myers,Myers,13,6,6900,STL@MIL,MIL,STL,,,,,,P
117921-176240,P,Luis F.,Luis F. Castillo,Castillo,9,2,6800,LAA@BAL,BAL,LAA,IL,Undisclosed,,,,P
117921-102569,P,Michael,Michael Mercado,Mercado,3,1,6800,TOR@PHI,PHI,TOR,,,,,,P
117921-198934,P,Yariel,Yariel Rodriguez,Rodriguez,6.2592592592592595,27,6800,TOR@PHI,TOR,PHI,,,,,,P
117921-149886,P,Cody,Cody Poteet,Poteet,-4,1,6800,LAA@BAL,BAL,LAA,IL,Shoulder,,,,P
117921-219659,P,Brandon,Brandon Young,Young,17.5,2,6800,LAA@BAL,BAL,LAA,IL,Shoulder,,,,P
117921-119409,P,Quinn,Quinn Priester,Priester,22.583333333333332,12,6800,STL@MIL,MIL,STL,,,,,,P
117921-82557,P,Aaron,Aaron Civale,Civale,18.6,5,6800,CWS@TEX,CWS,TEX,,,,,,P
117921-60637,P,Sean,Sean Newcomb,Newcomb,14.8125,16,6800,ATH@KC,ATH,KC,,,,,,P
117921-79078,P,Ian,Ian Anderson,Anderson,2.2857142857142856,7,6800,COL@ATL,ATL,COL,,,,,,P
117921-79226,P,Eric,Eric Lauer,Lauer,18.11111111111111,9,6800,TOR@PHI,TOR,PHI,,,,,,P
117921-102528,P,Simeon,Simeon Woods Richardson,Woods Richardson,19.444444444444443,9,6700,MIN@HOU,MIN,HOU,,,,,,P
117921-165694,P,Michael,Michael McGreevy,McGreevy,29.5,2,6700,STL@MIL,STL,MIL,,,,,,P
117921-82537,P,DL,DL Hall,Hall,14.5,4,6600,STL@MIL,MIL,STL,,,,,,P
117921-138016,P,Brandon,Brandon Waddell,Waddell,10.25,4,6600,TB@NYM,NYM,TB,,,,,,P
117921-102333,P,Daniel,Daniel Lynch IV,Lynch IV,5.379310344827586,29,6600,ATH@KC,KC,ATH,,,,,,P
117921-102515,P,Aaron,Aaron Ashby,Ashby,10.8,5,6500,STL@MIL,MIL,STL,,,,,,P
117921-198891,P,Caden,Caden Dana,Dana,10.5,2,6500,LAA@BAL,LAA,BAL,,,,,,P
117921-198917,P,Drew,Drew Thorpe,Thorpe,18.333333333333332,9,6500,CWS@TEX,CWS,TEX,IL,Elbow,,,,P
117921-12936,P,Kyle,Kyle Gibson,Gibson,-0.5,4,6500,TB@NYM,TB,NYM,,,,,,P
117921-52174,P,Steven,Steven Matz,Matz,10.35,20,6500,STL@MIL,STL,MIL,,,,,,P
117921-83098,P,Austin,Austin Gomber,Gomber,22,30,6500,COL@ATL,COL,ATL,IL,Shoulder,,,,P
117921-60627,P,Touki,Touki Toussaint,Toussaint,9,1,6500,LAA@BAL,LAA,BAL,,,,,,P
117921-79103,P,Dane,Dane Dunning,Dunning,12,1,6500,CWS@TEX,TEX,CWS,,,,,,P
117921-5466,P,Charlie,Charlie Morton,Morton,17.9375,16,6500,LAA@BAL,BAL,LAA,,,,,,P
117921-181805,P,J.P.,J.P. France,France,15.8,6,6500,MIN@HOU,HOU,MIN,IL,Shoulder,,,,P
117921-165634,P,Ken,Ken Waldichuk,Waldichuk,0,1,6500,ATH@KC,ATH,KC,IL,Elbow,,,,P
117921-165665,P,Robert,Robert Gasser,Gasser,25.6,5,6500,STL@MIL,MIL,STL,IL,Elbow,,,,P
117921-170174,P,Chase,Chase Silseth,Silseth,21,4,6400,LAA@BAL,LAA,BAL,IL,Undisclosed,,,,P
117921-194939,P,Joe,Joe Boyle,Boyle,42,1,6400,TB@NYM,TB,NYM,,,,,,P
117921-219695,P,Luinder,Luinder Avila,Avila,,0,6400,ATH@KC,KC,ATH,IL,Shoulder,,,,P
117921-164504,P,Joey,Joey Estes,Estes,0,2,6400,ATH@KC,ATH,KC,IL,Undisclosed,,,,P
117921-170891,P,Davis,Davis Daniel,Daniel,6,1,6400,COL@ATL,ATL,COL,,,,,,P
117921-181794,P,Hogan,Hogan Harris,Harris,7,19,6400,ATH@KC,ATH,KC,,,,,,P
117921-52998,P,Aaron,Aaron Brooks,Brooks,15.8,5,6400,ATH@KC,ATH,KC,,,,,,P
117921-79254,P,Dakota,Dakota Hudson,Hudson,14.38888888888889,18,6300,LAA@BAL,LAA,BAL,,,,,,P
117921-73835,P,Ty,Ty Blach,Blach,9.15,20,6200,CWS@TEX,TEX,CWS,,,,,,P
117921-73880,P,German,German Marquez,Marquez,16.142857142857142,15,6200,COL@ATL,COL,ATL,,,,,,P
117921-82534,P,Bryse,Bryse Wilson,Wilson,5.894736842105263,19,6200,CWS@TEX,CWS,TEX,,,,,,P
117921-199459,P,Nick,Nick Nastrini,Nastrini,11.666666666666666,9,6200,CWS@TEX,CWS,TEX,,,,,,P
117921-70559,P,Mike,Mike Clevinger,Clevinger,1.375,8,6200,CWS@TEX,CWS,TEX,,,,,,P
117921-68518,P,Spencer,Spencer Turnbull,Turnbull,18,1,6200,TOR@PHI,TOR,PHI,,,,,,P
117921-197871,P,Bradley,Bradley Blalock,Blalock,0.6,5,6200,COL@ATL,COL,ATL,,,,,,P
117921-181833,P,Darius,Darius Vines,Vines,7.25,4,6200,COL@ATL,ATL,COL,IL,Undisclosed,,,,P
117921-104584,P,Zach,Zach Plesac,Plesac,9.333333333333334,3,6100,STL@MIL,STL,MIL,,,,,,P
117921-198872,P,Hurston,Hurston Waldrep,Waldrep,-4.5,2,6100,COL@ATL,ATL,COL,,,,,,P
117921-195785,P,Caleb,Caleb Boushley,Boushley,8.25,12,6100,CWS@TEX,TEX,CWS,,,,,,P
117921-156976,P,Darren,Darren McCaughan,McCaughan,10.333333333333334,3,6100,MIN@HOU,MIN,HOU,,,,,,P
117921-226881,P,Carson,Carson Palmquist,Palmquist,11.4,5,6100,COL@ATL,COL,ATL,,,,,,P
117921-163692,P,Jose,Jose Butto,Butto,6.6,25,6100,TB@NYM,NYM,TB,,,,,,P
117921-198904,P,Christian,Christian Scott,Scott,22.11111111111111,9,6000,TB@NYM,NYM,TB,IL,Elbow,,,,P
117921-145922,P,Tyler,Tyler Wells,Wells,19.666666666666668,4,6000,LAA@BAL,BAL,LAA,IL,Elbow,,,,P
117921-68517,P,Antonio,Antonio Senzatela,Senzatela,11,14,6000,COL@ATL,COL,ATL,,,,,,P
117921-101804,P,Huascar,Huascar Ynoa,Ynoa,0,2,6000,MIN@HOU,MIN,HOU,,,,,,P
117921-163515,P,Elvin,Elvin Rodriguez,Rodriguez,8.833333333333334,6,6000,STL@MIL,MIL,STL,,,,,,P
117921-165720,P,Ricky,Ricky Tiedemann,Tiedemann,,0,6000,TOR@PHI,TOR,PHI,IL,Elbow,,,,P
117921-102420,P,Owen,Owen White,White,19,1,5900,CWS@TEX,CWS,TEX,,,,,,P
117921-135231,P,Jared,Jared Shuster,Shuster,3.4166666666666665,12,5900,CWS@TEX,CWS,TEX,IL,Finger,,,,P
117921-203266,P,Jake,Jake Bloss,Bloss,13.666666666666666,3,5900,TOR@PHI,TOR,PHI,IL,Elbow,,,,P
117921-119391,P,Roansy,Roansy Contreras,Contreras,6.085106382978723,49,5900,LAA@BAL,BAL,LAA,,,,,,P
117921-68505,P,Carson,Carson Fulmer,Fulmer,10.567567567567568,37,5900,LAA@BAL,LAA,BAL,,,,,,P
117921-179456,P,Louis,Louis Varland,Varland,5.84375,33,5900,MIN@HOU,MIN,HOU,,,,,,P
117921-197907,P,Brady,Brady Basso,Basso,14.857142857142858,7,5900,ATH@KC,ATH,KC,IL,Shoulder,,,,P
117921-161167,P,Glenn,Glenn Otto,Otto,0,1,5900,MIN@HOU,HOU,MIN,IL,Shoulder,,,,P
117921-181832,P,Roddery,Roddery Munoz,Munoz,4,5,5900,STL@MIL,STL,MIL,,,,,,P
117921-181845,P,Drew,Drew Rom,Rom,0,2,5900,STL@MIL,STL,MIL,IL,Undisclosed,,,,P
117921-52873,P,Joe,Joe Ross,Ross,5.913043478260869,24,5900,TOR@PHI,PHI,TOR,,,,,,P
117921-165578,P,Ky,Ky Bush,Bush,14.25,4,5900,CWS@TEX,CWS,TEX,IL,Elbow,,,,P
117921-158858,P,Justin,Justin Bruihl,Bruihl,2,7,5800,TOR@PHI,TOR,PHI,,,,,,P
117921-135208,P,Shawn,Shawn Dubin,Dubin,6.714285714285714,14,5700,MIN@HOU,HOU,MIN,,,,,,P
117921-102487,P,Austin,Austin Cox,Cox,,0,5700,COL@ATL,ATL,COL,,,,,,P
117921-145610,P,Angel,Angel Zerpa,Zerpa,4.896551724137931,29,5700,ATH@KC,KC,ATH,,,,,,P
117921-198905,P,Mike,Mike Vasil,Vasil,10.31578947368421,19,5700,CWS@TEX,CWS,TEX,,,,Yes,,P
117921-119423,P,Zack,Zack Thompson,Thompson,11.4,7,5700,STL@MIL,STL,MIL,IL,Lat,,,,P
117921-119431,P,Seth,Seth Johnson,Johnson,3,1,5700,TOR@PHI,PHI,TOR,,,,,,P
117921-82573,P,Alex,Alex Faedo,Faedo,8.054054054054054,37,5700,TB@NYM,TB,NYM,IL,Shoulder,,,,P
117921-164511,P,Dylan,Dylan Dodd,Dodd,4,5,5700,COL@ATL,ATL,COL,,,,,,P
117921-79079,P,Joey,Joey Wentz,Wentz,5.85,20,5700,MIN@HOU,MIN,HOU,,,,,,P
117921-79126,P,Forrest,Forrest Whitley,Whitley,3.2,5,5700,TB@NYM,TB,NYM,,,,,,P
117921-161275,P,Kyle,Kyle Tyler,Tyler,14.125,8,5700,TOR@PHI,PHI,TOR,,,,,,P
117921-165600,P,Jake,Jake Eder,Eder,4.4,5,5700,LAA@BAL,LAA,BAL,,,,,,P
117921-79873,P,Dylan,Dylan Covey,Covey,0,2,5500,COL@ATL,ATL,COL,,,,,,P
117921-178184,P,Kevin,Kevin Herget,Herget,6,1,5500,COL@ATL,ATL,COL,,,,,,P
117921-102419,P,Cole,Cole Winn,Winn,6.375,8,5500,CWS@TEX,TEX,CWS,,,,,,P
117921-114708,P,Randy,Randy Dobnak,Dobnak,16,1,5500,MIN@HOU,MIN,HOU,,,,,,P
117921-102426,P,Adam,Adam Kloffenstein,Kloffenstein,3,1,5500,TOR@PHI,TOR,PHI,,,,,,P
117921-102428,P,Eric,Eric Pardinho,Pardinho,,0,5500,TOR@PHI,TOR,PHI,,,,,,P
117921-135196,P,Tyler,Tyler Zuber,Zuber,9.5,2,5500,TB@NYM,NYM,TB,,,,,,P
117921-155687,P,Andrew,Andrew Wantz,Wantz,10,1,5500,TB@NYM,TB,NYM,IL,Elbow,,,,P
117921-102455,P,Cory,Cory Abbott,Abbott,0,1,5500,CWS@TEX,TEX,CWS,,,,,,P
117921-190516,P,Daysbel,Daysbel Hernandez,Hernandez,5.44,25,5500,COL@ATL,ATL,COL,IL,Forearm,,,,P
117921-200764,P,Cam,Cam Booser,Booser,4.407407407407407,27,5500,CWS@TEX,CWS,TEX,,,,,,P
117921-102469,P,Ben,Ben Bowden,Bowden,,0,5500,ATH@KC,ATH,KC,,,,,,P
117921-135236,P,Max,Max Kranick,Kranick,6.521739130434782,23,5500,TB@NYM,NYM,TB,,,,,,P
117921-102470,P,Rico,Rico Garcia,Garcia,,0,5500,TB@NYM,NYM,TB,,,,,,P
117921-135237,P,Nick,Nick Mears,Mears,4.758620689655173,29,5500,STL@MIL,MIL,STL,,,,,,P
117921-102479,P,Lincoln,Lincoln Henzman,Henzman,,0,5500,ATH@KC,ATH,KC,,,,,,P
117921-149587,P,Jay,Jay Flaa,Flaa,,0,5500,COL@ATL,ATL,COL,,,,,,P
117921-102489,P,Carlos,Carlos Hernandez,Hernandez,4.28,25,5500,TOR@PHI,PHI,TOR,,,,,,P
117921-135256,P,Connor,Connor Brogdon,Brogdon,4.538461538461538,14,5500,LAA@BAL,LAA,BAL,,,,,,P
117921-135262,P,Anthony,Anthony Misiewicz,Misiewicz,6,1,5500,MIN@HOU,MIN,HOU,,,,,,P
117921-102501,P,Braydon,Braydon Fisher,Fisher,7.6923076923076925,13,5500,TOR@PHI,TOR,PHI,,,,,,P
117921-73828,P,Dan,Dan Altavilla,Altavilla,5.571428571428571,7,5500,CWS@TEX,CWS,TEX,,,,,,P
117921-102500,P,Robert,Robert Dugger,Dugger,,0,5500,CWS@TEX,TEX,CWS,,,,,,P
117921-102505,P,Edwin,Edwin Uceta,Uceta,5.258064516129032,31,5500,TB@NYM,TB,NYM,,,,,,P
117921-135279,P,Codi,Codi Heuer,Heuer,4,1,5500,CWS@TEX,TEX,CWS,,,,,,P
117921-116847,P,Cole,Cole Sulser,Sulser,6.2,10,5500,TB@NYM,TB,NYM,,,,,,P
117921-161907,P,Dylan,Dylan Lee,Lee,5.32258064516129,31,5500,COL@ATL,ATL,COL,,,,,,P
117921-135281,P,Bryan,Bryan Baker,Baker,6.46875,32,5500,LAA@BAL,BAL,LAA,,,,,,P
117921-159857,P,Jose,Jose Marte,Marte,6.071428571428571,14,5500,TB@NYM,NYM,TB,IL,Shoulder,,,,P
117921-102517,P,Jhoan,Jhoan Duran,Duran,6.78125,32,5500,MIN@HOU,MIN,HOU,,,,,,P
117921-135289,P,Kodi,Kodi Whitley,Whitley,,0,5500,TB@NYM,TB,NYM,IL,Undisclosed,,,,P
117921-135303,P,Jordan,Jordan Weems,Weems,3.575,41,5500,MIN@HOU,HOU,MIN,,,,,,P
117921-135306,P,Cole,Cole Wilcox,Wilcox,,0,5500,TB@NYM,TB,NYM,,,,,,P
117921-114827,P,John,John Schreiber,Schreiber,5.066666666666666,31,5500,ATH@KC,KC,ATH,,,,,,P
117921-135304,P,Tyler,Tyler Baum,Baum,,0,5500,ATH@KC,ATH,KC,,,,,,P
117921-102543,P,Connor,Connor Seabold,Seabold,7,2,5500,TB@NYM,TB,NYM,,,,,,P
117921-102542,P,Travis,Travis MacGregor,MacGregor,,0,5500,CWS@TEX,TEX,CWS,,,,,,P
117921-135313,P,Nick,Nick Sandlin,Sandlin,4.8,10,5500,TOR@PHI,TOR,PHI,IL,Lat,,,,P
117921-170135,P,Yennier,Yennier Cano,Cano,4.392857142857143,28,5500,LAA@BAL,BAL,LAA,,,,,,P
117921-80034,P,Jose,Jose Alvarado,Alvarado,7.05,20,5500,TOR@PHI,PHI,TOR,NA,Suspension,,,,P
117921-12452,P,Kenley,Kenley Jansen,Jansen,4.083333333333333,25,5500,LAA@BAL,LAA,BAL,,,,,,P
117921-102565,P,Mason,Mason Englert,Englert,8.272727272727273,12,5500,TB@NYM,TB,NYM,,,,,,P
117921-102568,P,Colin,Colin Poche,Poche,2.230769230769231,13,5500,TB@NYM,NYM,TB,,,,,,P
117921-102570,P,Sandy,Sandy Gaston,Gaston,,0,5500,LAA@BAL,LAA,BAL,,,,,,P
117921-209078,P,Max,Max Lazar,Lazar,6.5,6,5500,TOR@PHI,PHI,TOR,,,,,,P
117921-102590,P,Joey,Joey Gerber,Gerber,,0,5500,TB@NYM,TB,NYM,,,,,,P
117921-102593,P,Gerardo,Gerardo Carrillo,Carrillo,,0,5500,CWS@TEX,TEX,CWS,,,,,,P
117921-135361,P,Nabil,Nabil Crismatt,Crismatt,7.8,5,5500,TOR@PHI,PHI,TOR,,,,,,P
117921-194770,P,Nick,Nick Hernandez,Hernandez,6.6,5,5500,MIN@HOU,HOU,MIN,,,,,,P
117921-145627,P,Lucas,Lucas Gilbreath,Gilbreath,-7.5,3,5500,COL@ATL,COL,ATL,,,,,,P
117921-198874,P,Noah,Noah Schultz,Schultz,,0,5500,CWS@TEX,CWS,TEX,,,,,,P
117921-178411,P,Michael,Michael Plassmeyer,Plassmeyer,0,1,5500,CWS@TEX,TEX,CWS,,,,,,P
117921-198890,P,Walter,Walter Pennington,Pennington,5.8125,16,5500,LAA@BAL,BAL,LAA,,,,,,P
117921-205032,P,Daniel,Daniel Robert,Robert,2.5,2,5500,TOR@PHI,PHI,TOR,,,,,,P
117921-198915,P,Luis,Luis Morales,Morales,,0,5500,ATH@KC,ATH,KC,,,,,,P
117921-198920,P,Dylan,Dylan Lesko,Lesko,,0,5500,TB@NYM,TB,NYM,,,,,,P
117921-198936,P,Tekoah,Tekoah Roby,Roby,,0,5500,STL@MIL,STL,MIL,,,,,,P
117921-180540,P,Easton,Easton McGee,McGee,10.5,2,5500,STL@MIL,MIL,STL,,,,,,P
117921-203075,P,Michael,Michael Petersen,Petersen,4.5,2,5500,COL@ATL,ATL,COL,,,,,,P
117921-211265,P,Seth,Seth Halvorsen,Halvorsen,4.464285714285714,28,5500,COL@ATL,COL,ATL,,,,,,P
117921-174406,P,Huascar,Huascar Brazoban,Brazoban,7.689655172413793,29,5500,TB@NYM,NYM,TB,,,,,,P
117921-117065,P,James,James Karinchak,Karinchak,0,3,5500,CWS@TEX,CWS,TEX,,,,,,P
117921-203080,P,Brandon,Brandon Eisert,Eisert,5.724137931034483,29,5500,CWS@TEX,CWS,TEX,,,,,,P
117921-170323,P,Nick,Nick Vespi,Vespi,4.7272727272727275,11,5500,TOR@PHI,PHI,TOR,,,,,,P
117921-135530,P,Brett,Brett de Geus,de Geus,3,1,5500,TOR@PHI,PHI,TOR,,,,,,P
117921-57717,P,Buck,Buck Farmer,Farmer,6.049180327868853,61,5500,LAA@BAL,LAA,BAL,,,,,,P
117921-225666,P,Paxton,Paxton Schultz,Schultz,13.375,8,5500,TOR@PHI,TOR,PHI,,,,,,P
117921-225671,P,Zach,Zach Agnos,Agnos,3.05,20,5500,COL@ATL,COL,ATL,,,,,,P
117921-61858,P,Raisel,Raisel Iglesias,Iglesias,4.666666666666667,27,5500,COL@ATL,ATL,COL,,,,,,P
117921-158131,P,Tyler,Tyler Gilbert,Gilbert,5.785714285714286,14,5500,CWS@TEX,CWS,TEX,,,,,,P
117921-219569,P,Justin,Justin Hagenman,Hagenman,19,1,5500,TB@NYM,NYM,TB,,,,,,P
117921-219568,P,Rolddy,Rolddy Munoz,Munoz,,0,5500,COL@ATL,ATL,COL,,,,,,P
117921-219586,P,Ian,Ian Seymour,Seymour,18,1,5500,TB@NYM,TB,NYM,,,,,,P
117921-225748,P,Craig,Craig Yoho,Yoho,2.2,5,5500,STL@MIL,MIL,STL,,,,,,P
117921-182750,P,Andrew,Andrew Painter,Painter,,0,5500,TOR@PHI,PHI,TOR,,,,,,P
117921-219654,P,Juan,Juan Carela,Carela,,0,5500,CWS@TEX,CWS,TEX,O,Elbow,,,,P
117921-219658,P,Jack,Jack Dashwood,Dashwood,,0,5500,LAA@BAL,LAA,BAL,,,,,,P
117921-219660,P,Kade,Kade Strowd,Strowd,3,1,5500,LAA@BAL,BAL,LAA,,,,,,P
117921-170514,P,Jose,Jose Cuas,Cuas,4.833333333333333,13,5500,COL@ATL,ATL,COL,,,,,,P
117921-219665,P,Matt,Matt Svanson,Svanson,5.9,10,5500,STL@MIL,STL,MIL,,,,,,P
117921-119316,P,Thaddeus,Thaddeus Ward,Ward,0,1,5500,LAA@BAL,BAL,LAA,,,,,,P
117921-119319,P,Ryan,Ryan Jensen,Jensen,,0,5500,MIN@HOU,MIN,HOU,,,,,,P
117921-170527,P,Jason,Jason Alexander,Alexander,-0.75,4,5500,MIN@HOU,HOU,MIN,,,,,,P
117921-119328,P,Packy,Packy Naughton,Naughton,0,2,5500,STL@MIL,STL,MIL,IL,Elbow,,,,P
117921-119336,P,Karl,Karl Kauffmann,Kauffmann,0,1,5500,COL@ATL,COL,ATL,,,,,,P
117921-119339,P,Tyler,Tyler Ivey,Ivey,,0,5500,MIN@HOU,HOU,MIN,,,,,,P
117921-219694,P,Winston,Winston Santos,Santos,,0,5500,CWS@TEX,TEX,CWS,IL,Back,,,,P
117921-219693,P,Emiliano,Emiliano Teodo,Teodo,,0,5500,CWS@TEX,TEX,CWS,,,,,,P
117921-119347,P,Jonathan,Jonathan Bowlan,Bowlan,5.9,10,5500,ATH@KC,KC,ATH,,,,,,P
117921-219696,P,Eric,Eric Cerantola,Cerantola,,0,5500,ATH@KC,KC,ATH,,,,,,P
117921-219703,P,Travis,Travis Adams,Adams,,0,5500,MIN@HOU,MIN,HOU,,,,,,P
117921-178743,P,Nicholas,Nicholas Padilla,Padilla,,0,5500,TOR@PHI,PHI,TOR,,,,,,P
117921-219702,P,Marco,Marco Raya,Raya,,0,5500,MIN@HOU,MIN,HOU,,,,,,P
117921-219707,P,Jean,Jean Cabrera,Cabrera,,0,5500,TOR@PHI,PHI,TOR,,,,,,P
117921-219705,P,Moises,Moises Chace,Chace,,0,5500,TOR@PHI,PHI,TOR,IL,Elbow,,,,P
117921-119356,P,Oliver,Oliver Ortega,Ortega,0,1,5500,TB@NYM,NYM,TB,IL,Elbow,,,,P
117921-119358,P,Antoine,Antoine Kelly,Kelly,0,1,5500,COL@ATL,COL,ATL,,,,,,P
117921-119367,P,Matt,Matt Canterino,Canterino,0,1,5500,MIN@HOU,MIN,HOU,IL,Shoulder,,,,P
117921-72265,P,Matt,Matt Strahm,Strahm,5.033333333333333,30,5500,TOR@PHI,PHI,TOR,,,,,,P
117921-139851,P,Justin,Justin Topa,Topa,4.666666666666667,24,5500,MIN@HOU,MIN,HOU,,,,,,P
117921-207438,P,Fraser,Fraser Ellard,Ellard,5,7,5500,CWS@TEX,CWS,TEX,IL,Lat,,,,P
117921-119375,P,Dedniel,Dedniel Nunez,Nunez,2.75,5,5500,TB@NYM,NYM,TB,,,,,,P
117921-150107,P,Tommy,Tommy Nance,Nance,4.65,20,5500,TOR@PHI,TOR,PHI,,,,,,P
117921-225880,P,Nathan,Nathan Wiles,Wiles,-3,1,5500,COL@ATL,ATL,COL,,,,,,P
117921-80476,P,Jackson,Jackson Stephens,Stephens,4.333333333333333,3,5500,COL@ATL,ATL,COL,,,,,,P
117921-82535,P,Kyle,Kyle Wright,Wright,0,1,5500,ATH@KC,KC,ATH,IL,Shoulder,,,,P
117921-21096,P,Erasmo,Erasmo Ramirez,Ramirez,7.3076923076923075,13,5500,MIN@HOU,MIN,HOU,IL,Shoulder,,,,P
117921-184943,P,Jesse,Jesse Scholtens,Scholtens,,0,5500,CWS@TEX,CWS,TEX,IL,Elbow,,,,P
117921-82547,P,Thomas,Thomas Hatch,Hatch,,0,5500,ATH@KC,KC,ATH,,,,,,P
117921-180848,P,Angel,Angel Felipe,Felipe,0,2,5500,LAA@BAL,LAA,BAL,IL,Elbow,,,,P
117921-82546,P,Adbert,Adbert Alzolay,Alzolay,3.888888888888889,18,5500,TB@NYM,NYM,TB,IL,Elbow,,,,P
117921-82549,P,Brendon,Brendon Little,Little,7.451612903225806,32,5500,TOR@PHI,TOR,PHI,,,,,,P
117921-135798,P,Garrett,Garrett Stallings,Stallings,,0,5500,STL@MIL,MIL,STL,,,,,,P
117921-70271,P,Carlos,Carlos Estevez,Estevez,5.655172413793103,29,5500,ATH@KC,KC,ATH,,,,,,P
117921-62087,P,Miguel,Miguel Castro,Castro,2.5,6,5500,CWS@TEX,CWS,TEX,IL,Knee,,,,P
117921-119433,P,JJ,JJ Goss,Goss,,0,5500,TB@NYM,TB,NYM,,,,,,P
117921-119435,P,Riley,Riley O'Brien,O'Brien,4.428571428571429,7,5500,STL@MIL,STL,MIL,,,,,,P
117921-82572,P,Gregory,Gregory Soto,Soto,4.413793103448276,29,5500,LAA@BAL,BAL,LAA,,,,,,P
117921-203415,P,Bryan,Bryan King,King,5.516129032258065,31,5500,MIN@HOU,HOU,MIN,,,,,,P
117921-170647,P,Jared,Jared Koenig,Koenig,5.121212121212121,33,5500,STL@MIL,MIL,STL,,,,,,P
117921-164500,P,Ryan,Ryan Cusick,Cusick,,0,5500,TOR@PHI,PHI,TOR,,,,,,P
117921-82584,P,JB,JB Bukauskas,Bukauskas,5.5,6,5500,STL@MIL,MIL,STL,IL,Lat,,,,P
117921-82587,P,Richard,Richard Lovelady,Lovelady,1,2,5500,MIN@HOU,MIN,HOU,,,,,,P
117921-164510,P,Victor,Victor Vodnik,Vodnik,4.9411764705882355,17,5500,COL@ATL,COL,ATL,,,,,,P
117921-82591,P,Chris,Chris Rodriguez,Rodriguez,,0,5500,CWS@TEX,CWS,TEX,,,,,,P
117921-164522,P,Wikelman,Wikelman Gonzalez,Gonzalez,0,2,5500,CWS@TEX,CWS,TEX,,,,,,P
117921-211632,P,Mason,Mason Montgomery,Montgomery,4.321428571428571,29,5500,TB@NYM,TB,NYM,,,,,,P
117921-80571,P,Phil,Phil Maton,Maton,5.555555555555555,27,5500,STL@MIL,STL,MIL,,,,,,P
117921-53953,P,Keone,Keone Kela,Kela,,0,5500,CWS@TEX,CWS,TEX,,,,,,P
117921-82627,P,JoJo,JoJo Romero,Romero,3.72,25,5500,STL@MIL,STL,MIL,,,,,,P
117921-119494,P,Andrew,Andrew Dalquist,Dalquist,,0,5500,CWS@TEX,CWS,TEX,,,,,,P
117921-82639,P,Ryan,Ryan Helsley,Helsley,6,24,5500,STL@MIL,STL,MIL,,,,,,P
117921-82657,P,Wil,Wil Crowe,Crowe,,0,5500,TOR@PHI,PHI,TOR,,,,,,P
117921-187110,P,Ben,Ben Joyce,Joyce,2.6,5,5500,LAA@BAL,LAA,BAL,IL,Shoulder,,,,P
117921-53990,P,Shawn,Shawn Armstrong,Armstrong,6.444444444444445,28,5500,CWS@TEX,TEX,CWS,,,,,,P
117921-187121,P,Grant,Grant Anderson,Anderson,5.75,28,5500,STL@MIL,MIL,STL,,,,,,P
117921-201456,P,Chris,Chris Roycroft,Roycroft,3,14,5500,STL@MIL,STL,MIL,,,,,,P
117921-84727,P,Drew,Drew Smith,Smith,5.7894736842105265,19,5500,TB@NYM,NYM,TB,IL,Elbow,,,,P
117921-13055,P,Anthony,Anthony Gose,Gose,3.3333333333333335,3,5500,TB@NYM,NYM,TB,,,,,,P
117921-154368,P,Vinny,Vinny Nittoli,Nittoli,6,9,5500,STL@MIL,MIL,STL,,,,,,P
117921-201506,P,Tyler,Tyler Ferguson,Ferguson,4.161290322580645,31,5500,ATH@KC,ATH,KC,,,,,,P
117921-199461,P,Luis,Luis Contreras,Contreras,4.285714285714286,7,5500,MIN@HOU,HOU,MIN,,,,,,P
117921-199460,P,Jordan,Jordan Leasure,Leasure,4.62962962962963,28,5500,CWS@TEX,CWS,TEX,,,,,,P
117921-135976,P,Bennett,Bennett Sousa,Sousa,7.894736842105263,19,5500,MIN@HOU,HOU,MIN,,,,,,P
117921-213816,P,Evan,Evan Sisk,Sisk,9.2,5,5500,ATH@KC,KC,ATH,,,,,,P
117921-119622,P,Matt,Matt Allan,Allan,,0,5500,TB@NYM,NYM,TB,,,,,,P
117921-84815,P,Joey,Joey Krehbiel,Krehbiel,,0,5500,TB@NYM,TB,NYM,,,,,,P
117921-213851,P,Domingo,Domingo Gonzalez,Gonzalez,,0,5500,COL@ATL,ATL,COL,,,,,,P
117921-183133,P,Curtis,Curtis Taylor,Taylor,,0,5500,STL@MIL,STL,MIL,,,,,,P
117921-189299,P,Victor,Victor Mederos,Mederos,9,1,5500,LAA@BAL,LAA,BAL,,,,,,P
117921-68466,P,Steven,Steven Okert,Okert,7.142857142857143,28,5500,MIN@HOU,HOU,MIN,,,,,,P
117921-70517,P,Chad,Chad Green,Green,4.482758620689655,29,5500,TOR@PHI,TOR,PHI,,,,,,P
117921-68474,P,Josh,Josh Hader,Hader,8.11111111111111,27,5500,MIN@HOU,HOU,MIN,,,,,,P
117921-23437,P,Brooks,Brooks Raley,Raley,6.75,8,5500,TB@NYM,NYM,TB,IL,Elbow,,,,P
117921-170895,P,Jake,Jake Bird,Bird,8.620689655172415,29,5500,COL@ATL,COL,ATL,,,,,,P
117921-68510,P,Amir,Amir Garrett,Garrett,6.666666666666667,8,5500,TOR@PHI,TOR,PHI,IL,Undisclosed,,,,P
117921-80801,P,Hoby,Hoby Milner,Milner,5.6,31,5500,CWS@TEX,TEX,CWS,,,,,,P
117921-52141,P,Lucas,Lucas Sims,Sims,1.5625,18,5500,TOR@PHI,PHI,TOR,,,,,,P
117921-52143,P,Hunter,Hunter Harvey,Harvey,6.166666666666667,6,5500,ATH@KC,KC,ATH,IL,Shoulder,,,,P
117921-52148,P,Pierce,Pierce Johnson,Johnson,4.851851851851852,27,5500,COL@ATL,ATL,COL,,,,,,P
117921-52152,P,Robert,Robert Stephenson,Stephenson,9,2,5500,LAA@BAL,LAA,BAL,IL,Biceps,,,,P
117921-68548,P,Edwin,Edwin Diaz,Diaz,7.428571428571429,28,5500,TB@NYM,NYM,TB,,,,,,P
117921-68551,P,Tyler,Tyler Beede,Beede,4.846153846153846,13,5500,MIN@HOU,MIN,HOU,,,,,,P
117921-68556,P,Dillon,Dillon Tate,Tate,5.6,5,5500,TOR@PHI,TOR,PHI,,,,,,P
117921-193498,P,John,John McMillon,McMillon,9,10,5500,TOR@PHI,PHI,TOR,,,,,,P
117921-52192,P,Luke,Luke Jackson,Jackson,3.64,27,5500,CWS@TEX,TEX,CWS,,,,,,P
117921-70629,P,Jacob,Jacob Barnes,Barnes,2.5,6,5500,TOR@PHI,TOR,PHI,,,,,,P
117921-187367,P,Nick,Nick Robertson,Robertson,7.111111111111111,9,5500,MIN@HOU,HOU,MIN,,,,,,P
117921-82921,P,Zack,Zack Weiss,Weiss,0,1,5500,STL@MIL,STL,MIL,,,,,,P
117921-213995,P,Luis,Luis Curvelo,Curvelo,,0,5500,CWS@TEX,TEX,CWS,,,,,,P
117921-68584,P,Tyler,Tyler Jay,Jay,5.8,5,5500,STL@MIL,MIL,STL,,,,,,P
117921-82922,P,Tyler,Tyler Kinley,Kinley,3.1666666666666665,30,5500,COL@ATL,COL,ATL,,,,,,P
117921-82935,P,Trevor,Trevor Richards,Richards,1.5,3,5500,ATH@KC,KC,ATH,,,,,,P
117921-226310,P,Jose,Jose Fermin,Fermin,5.8,10,5500,LAA@BAL,LAA,BAL,,,,,,P
117921-168965,P,Tanner,Tanner Banks,Banks,5.379310344827586,29,5500,TOR@PHI,PHI,TOR,,,,,,P
117921-68619,P,Matt,Matt Bowman,Bowman,4.705882352941177,18,5500,LAA@BAL,BAL,LAA,,,,,,P
117921-171020,P,Michael,Michael Kelly,Kelly,5.666666666666667,3,5500,ATH@KC,ATH,KC,,,,,,P
117921-189470,P,Kyle,Kyle Leahy,Leahy,5.724137931034483,29,5500,STL@MIL,STL,MIL,,,,,,P
117921-68654,P,John,John Gant,Gant,,0,5500,ATH@KC,KC,ATH,,,,,,P
117921-169030,P,Zach,Zach Jackson,Jackson,,0,5500,ATH@KC,ATH,KC,,,,,,P
117921-11333,P,Craig,Craig Kimbrel,Kimbrel,6,1,5500,CWS@TEX,TEX,CWS,,,,,,P
117921-203863,P,Gordon,Gordon Graceffo,Graceffo,6.555555555555555,9,5500,STL@MIL,STL,MIL,,,,,,P
117921-189528,P,Robert,Robert Garcia,Garcia,4.451612903225806,31,5500,CWS@TEX,TEX,CWS,,,,,,P
117921-195682,P,Orion,Orion Kerkering,Kerkering,5.033333333333333,30,5500,TOR@PHI,PHI,TOR,,,,,,P
117921-83054,P,Justin,Justin Anderson,Anderson,4.796296296296297,56,5500,CWS@TEX,CWS,TEX,,,,,,P
117921-85108,P,Enyel,Enyel De Los Santos,De Los Santos,5.607142857142857,28,5500,COL@ATL,ATL,COL,,,,,,P
117921-179339,P,Bryce,Bryce Montes de Oca,Montes de Oca,,0,5500,TB@NYM,NYM,TB,IL,Elbow,,,,P
117921-38036,P,T.J.,T.J. McFarland,McFarland,1.4090909090909092,22,5500,ATH@KC,ATH,KC,,,,,,P
117921-21653,P,Hector,Hector Neris,Neris,3.8,17,5500,LAA@BAL,LAA,BAL,,,,,,P
117921-83097,P,D.J.,D.J. Snelten,Snelten,,0,5500,CWS@TEX,CWS,TEX,,,,,,P
117921-152734,P,Zach,Zach Thompson,Thompson,10,2,5500,COL@ATL,ATL,COL,,,,,,P
117921-81052,P,Andrew,Andrew Kittredge,Kittredge,6.625,8,5500,LAA@BAL,BAL,LAA,,,,,,P
117921-152733,P,Griffin,Griffin Jax,Jax,6.28125,32,5500,MIN@HOU,MIN,HOU,,,,,,P
117921-195748,P,Kelvin,Kelvin Caceres,Caceres,0,2,5500,LAA@BAL,LAA,BAL,,,,,,P
117921-154794,P,Joe,Joe Barlow,Barlow,,0,5500,CWS@TEX,TEX,CWS,,,,,,P
117921-140459,P,John,John King,King,3.5384615384615383,26,5500,STL@MIL,STL,MIL,,,,,,P
117921-160939,P,Jacob,Jacob Latz,Latz,9.153846153846153,14,5500,CWS@TEX,TEX,CWS,,,,,,P
117921-83116,P,Wander,Wander Suero,Suero,0,1,5500,COL@ATL,ATL,COL,,,,,,P
117921-160965,P,Elvis,Elvis Peguero,Peguero,4.166666666666667,6,5500,STL@MIL,MIL,STL,,,,,,P
117921-83145,P,Jose,Jose Castillo,Castillo,4.5,14,5500,TB@NYM,NYM,TB,,,,,,P
117921-83149,P,Jesus,Jesus Liranzo,Liranzo,,0,5500,STL@MIL,MIL,STL,,,,,,P
117921-83159,P,Diego,Diego Castillo,Castillo,5.571428571428571,7,5500,COL@ATL,COL,ATL,,,,,,P
117921-83158,P,Seranthony,Seranthony Dominguez,Dominguez,5.518518518518518,27,5500,LAA@BAL,BAL,LAA,,,,,,P
117921-79071,P,Taylor,Taylor Clarke,Clarke,4.785714285714286,14,5500,ATH@KC,KC,ATH,,,,,,P
117921-83170,P,Thomas,Thomas Pannone,Pannone,,0,5500,STL@MIL,MIL,STL,IL,Forearm,,,,P
117921-83172,P,Jonathan,Jonathan Hernandez,Hernandez,6.448275862068965,29,5500,TB@NYM,TB,NYM,IL,Undisclosed,,,,P
117921-79085,P,Keegan,Keegan Akin,Akin,5.32258064516129,31,5500,LAA@BAL,BAL,LAA,,,,,,P
117921-60656,P,Jeff,Jeff Hoffman,Hoffman,6.193548387096774,31,5500,TOR@PHI,TOR,PHI,,,,,,P
117921-83184,P,Julian,Julian Merryweather,Merryweather,3.0952380952380953,21,5500,TB@NYM,NYM,TB,,,,,,P
117921-197879,P,Juan,Juan Mejia,Mejia,6.928571428571429,14,5500,COL@ATL,COL,ATL,,,,,,P
117921-146679,P,Chris,Chris McMahon,McMahon,,0,5500,COL@ATL,COL,ATL,IL,Undisclosed,,,,P
117921-79097,P,Bryan,Bryan Hudson,Hudson,4.583333333333333,12,5500,STL@MIL,MIL,STL,,,,,,P
117921-197880,P,Angel,Angel Chivilli,Chivilli,4.85,20,5500,COL@ATL,COL,ATL,,,,,,P
117921-146684,P,Jared,Jared Kelley,Kelley,,0,5500,CWS@TEX,CWS,TEX,,,,,,P
117921-197884,P,Yoniel,Yoniel Curet,Curet,0,1,5500,TB@NYM,TB,NYM,IL,Shoulder,,,,P
117921-146691,P,Asa,Asa Lacy,Lacy,,0,5500,ATH@KC,KC,ATH,IL,Elbow,,,,P
117921-197890,P,Marc,Marc Church,Church,4.6,5,5500,CWS@TEX,TEX,CWS,,,,,,P
117921-146688,P,Alex,Alex Santos II,Santos II,,0,5500,MIN@HOU,HOU,MIN,,,,,,P
117921-85255,P,Shaun,Shaun Anderson,Anderson,6.833333333333333,6,5500,LAA@BAL,LAA,BAL,,,,,,P
117921-197893,P,Jose,Jose Corniell,Corniell,0,1,5500,CWS@TEX,TEX,CWS,IL,Elbow,,,,P
117921-146702,P,Cole,Cole Sands,Sands,4.3,30,5500,MIN@HOU,MIN,HOU,,,,,,P
117921-85263,P,CD,CD Pelham,Pelham,,0,5500,ATH@KC,ATH,KC,,,,,,P
117921-146706,P,Robert,Robert Dominguez,Dominguez,,0,5500,TB@NYM,NYM,TB,,,,,,P
117921-197906,P,Royber,Royber Salinas,Salinas,0,1,5500,COL@ATL,ATL,COL,IL,Shoulder,,,,P
117921-70933,P,Brock,Brock Stewart,Stewart,5.75,20,5500,MIN@HOU,MIN,HOU,,,,,,P
117921-79124,P,Joe,Joe Jimenez,Jimenez,5.855072463768116,70,5500,COL@ATL,ATL,COL,IL,Knee,,,,P
117921-187669,P,Ty,Ty Adcock,Adcock,1,1,5500,TB@NYM,NYM,TB,,,,,,P
117921-197919,P,Jairo,Jairo Iriarte,Iriarte,5.5,6,5500,CWS@TEX,CWS,TEX,,,,,,P
117921-197916,P,Anthony,Anthony Maldonado,Maldonado,2.5,6,5500,ATH@KC,ATH,KC,,,,,,P
117921-116002,P,Joel,Joel Kuhnel,Kuhnel,5,6,5500,TOR@PHI,PHI,TOR,,,,,,P
117921-146721,P,Jeff,Jeff Criswell,Criswell,9.846153846153847,13,5500,COL@ATL,COL,ATL,IL,Elbow,,,,P
117921-85289,P,Nick,Nick Anderson,Anderson,4.4324324324324325,37,5500,COL@ATL,COL,ATL,,,,,,P
117921-146730,P,Nick,Nick Bitsko,Bitsko,,0,5500,TB@NYM,TB,NYM,IL,Undisclosed,,,,P
117921-79144,P,Scott,Scott Blewett,Blewett,8.470588235294118,17,5500,LAA@BAL,BAL,LAA,,,,,,P
117921-146734,P,Tink,Tink Hence,Hence,,0,5500,STL@MIL,STL,MIL,IL,Ribs,,,,P
117921-38189,P,Michael,Michael Tonkin,Tonkin,7.517857142857143,57,5500,MIN@HOU,MIN,HOU,,,,,,P
117921-146732,P,Nick,Nick Swiney,Swiney,,0,5500,MIN@HOU,HOU,MIN,,,,,,P
117921-146740,P,CJ,CJ Van Eyk,Van Eyk,,0,5500,TOR@PHI,TOR,PHI,,,,,,P
117921-193844,P,Evan,Evan Justice,Justice,4,1,5500,COL@ATL,COL,ATL,,,,,,P
117921-152888,P,Sam,Sam Long,Long,1.2857142857142858,7,5500,ATH@KC,KC,ATH,IL,Elbow,,,,P
117921-185662,P,Sammy,Sammy Peralta,Peralta,6,9,5500,LAA@BAL,LAA,BAL,,,,,,P
117921-154947,P,Justin,Justin Garza,Garza,7,2,5500,TB@NYM,NYM,TB,,,,,,P
117921-79172,P,Luis,Luis Ortiz,Ortiz,-4,3,5500,TB@NYM,NYM,TB,IL,Elbow,,,,P
117921-181583,P,Prelander,Prelander Berroa,Berroa,7.0588235294117645,17,5500,CWS@TEX,CWS,TEX,IL,Elbow,,,,P
117921-79185,P,Justin,Justin Dunn,Dunn,,0,5500,ATH@KC,KC,ATH,,,,,,P
117921-226643,P,AJ,AJ Blubaugh,Blubaugh,24,1,5500,MIN@HOU,HOU,MIN,,,,,,P
117921-197975,P,Cooper,Cooper Hjerpe,Hjerpe,,0,5500,STL@MIL,STL,MIL,IL,Elbow,,,,P
117921-204119,P,Jacob,Jacob Bosiokovic,Bosiokovic,,0,5500,MIN@HOU,MIN,HOU,,,,,,P
117921-21846,P,Chris,Chris Devenski,Devenski,6,2,5500,TB@NYM,NYM,TB,,,,,,P
117921-118106,P,Victor,Victor Gonzalez,Gonzalez,3.1481481481481484,27,5500,LAA@BAL,LAA,BAL,IL,Undisclosed,,,,P
117921-38240,P,Rafael,Rafael Montero,Montero,4.304347826086956,23,5500,COL@ATL,ATL,COL,,,,,,P
117921-38251,P,Hunter,Hunter Strickland,Strickland,5.8,10,5500,LAA@BAL,LAA,BAL,,,,,,P
117921-118122,P,Angel,Angel Perdomo,Perdomo,2.5,4,5500,ATH@KC,ATH,KC,IL,Undisclosed,,,,P
117921-193897,P,Kody,Kody Funderburk,Funderburk,4.333333333333333,9,5500,MIN@HOU,MIN,HOU,,,,,,P
117921-79220,P,Kevin,Kevin Gowdy,Gowdy,,0,5500,TOR@PHI,TOR,PHI,,,,,,P
117921-159099,P,Connor,Connor Overton,Overton,0,2,5500,TOR@PHI,TOR,PHI,IL,Undisclosed,,,,P
117921-79250,P,Junior,Junior Fernandez,Fernandez,,0,5500,ATH@KC,KC,ATH,,,,,,P
117921-202139,P,Jack,Jack O'Loughlin,O'Loughlin,8,4,5500,COL@ATL,COL,ATL,,,,,,P
117921-79258,P,Ryne,Ryne Stanek,Stanek,4.1923076923076925,27,5500,TB@NYM,NYM,TB,,,,,,P
117921-193949,P,Steven,Steven Cruz,Cruz,5.88,25,5500,ATH@KC,KC,ATH,,,,,,P
117921-79265,P,Alex,Alex Speas,Speas,9,2,5500,MIN@HOU,MIN,HOU,,,,,,P
117921-101801,P,Joel,Joel Payamps,Payamps,2.260869565217391,23,5500,STL@MIL,MIL,STL,,,,,,P
117921-118184,P,Enoli,Enoli Paredes,Paredes,5.944444444444445,18,5500,COL@ATL,ATL,COL,,,,,,P
117921-101803,P,Jacob,Jacob Webb,Webb,5,28,5500,CWS@TEX,TEX,CWS,,,,,,P
117921-118196,P,Ryan,Ryan Hendrix,Hendrix,,0,5500,ATH@KC,KC,ATH,,,,,,P
117921-101815,P,Jimmy,Jimmy Herget,Herget,5.956521739130435,23,5500,COL@ATL,COL,ATL,,,,,,P
117921-101816,P,Bryan,Bryan Abreu,Abreu,6.5,30,5500,MIN@HOU,HOU,MIN,,,,,,P
117921-101819,P,Jose,Jose Suarez,Suarez,12.333333333333334,3,5500,COL@ATL,ATL,COL,IL,Undisclosed,,,,P
117921-202175,P,Gerson,Gerson Garabito,Garabito,8,3,5500,CWS@TEX,TEX,CWS,,,,,,P
117921-101822,P,Josh,Josh Sborz,Sborz,5.6875,17,5500,CWS@TEX,TEX,CWS,IL,Shoulder,,,,P
117921-101825,P,Jose,Jose Quijada,Quijada,5.5,22,5500,LAA@BAL,LAA,BAL,,,,,,P
117921-101826,P,Jordan,Jordan Holloway,Holloway,,0,5500,LAA@BAL,LAA,BAL,,,,,,P
117921-101829,P,Trey,Trey Supak,Supak,,0,5500,CWS@TEX,TEX,CWS,,,,,,P
117921-118217,P,Manuel,Manuel Rodriguez,Rodriguez,4.870967741935484,31,5500,TB@NYM,TB,NYM,IL,Forearm,,,,P
117921-200143,P,Josh,Josh Maciejewski,Maciejewski,9,4,5500,STL@MIL,MIL,STL,,,,,,P
117921-118224,P,Garrett,Garrett Cleavinger,Cleavinger,5.642857142857143,28,5500,TB@NYM,TB,NYM,,,,,,P
117921-101846,P,Erik,Erik Swanson,Swanson,2.2,5,5500,TOR@PHI,TOR,PHI,,,,,,P
117921-101851,P,Brock,Brock Burke,Burke,4.225806451612903,31,5500,LAA@BAL,LAA,BAL,,,,,,P
117921-101854,P,Jacob,Jacob Waguespack,Waguespack,11.25,4,5500,TB@NYM,TB,NYM,IL,Undisclosed,,,,P
117921-101856,P,Patrick,Patrick Murphy,Murphy,,0,5500,CWS@TEX,TEX,CWS,,,,,,P
117921-185847,P,Garrett,Garrett Acton,Acton,,0,5500,TB@NYM,TB,NYM,,,,,,P
117921-226819,P,Caleb,Caleb Freeman,Freeman,2.6,5,5500,CWS@TEX,CWS,TEX,,,,,,P
117921-95757,P,Andrew,Andrew Vasquez,Vasquez,,0,5500,LAA@BAL,LAA,BAL,,,,,,P
117921-138767,P,Jesus,Jesus Cruz,Cruz,,0,5500,LAA@BAL,LAA,BAL,,,,,,P
117921-101905,P,Sam,Sam McWilliams,McWilliams,,0,5500,STL@MIL,MIL,STL,,,,,,P
117921-101904,P,Jordan,Jordan Romano,Romano,4.076923076923077,27,5500,TOR@PHI,PHI,TOR,,,,,,P
117921-210448,P,Luis,Luis Peralta,Peralta,2.7777777777777777,9,5500,COL@ATL,COL,ATL,,,,,,P
117921-101911,P,Reed,Reed Garrett,Garrett,6.785714285714286,29,5500,TB@NYM,NYM,TB,,,,,,P
117921-71190,P,Jose,Jose Leclerc,Leclerc,3.3,10,5500,ATH@KC,ATH,KC,IL,Lat,,,,P
117921-181791,P,Connor,Connor Thomas,Thomas,-2.5,2,5500,STL@MIL,MIL,STL,IL,Elbow,,,,P
117921-58913,P,Danny,Danny Coulombe,Coulombe,5.5,22,5500,MIN@HOU,MIN,HOU,,,,,,P
117921-210475,P,Ryan,Ryan Zeferjahn,Zeferjahn,5.068965517241379,29,5500,LAA@BAL,LAA,BAL,,,,,,P
117921-5673,P,Jesse,Jesse Chavez,Chavez,6,2,5500,COL@ATL,ATL,COL,,,,,,P
117921-79402,P,Cionel,Cionel Perez,Perez,3.5789473684210527,19,5500,LAA@BAL,BAL,LAA,,,,,,P
117921-71218,P,Dylan,Dylan Floro,Floro,4.671875,66,5500,ATH@KC,ATH,KC,,,,,,P
117921-222783,P,Grant,Grant Taylor,Taylor,4.5,2,5500,CWS@TEX,CWS,TEX,,,,,,P
117921-222786,P,Raul,Raul Alcantara,Alcantara,,0,5500,LAA@BAL,BAL,LAA,,,,,,P
117921-222784,P,Hagen,Hagen Smith,Smith,,0,5500,CWS@TEX,CWS,TEX,IL,Elbow,,,,P
117921-181828,P,Kolton,Kolton Ingram,Ingram,,0,5500,COL@ATL,ATL,COL,,,,,,P
117921-181838,P,Abner,Abner Uribe,Uribe,6.848484848484849,33,5500,STL@MIL,MIL,STL,,,,,,P
117921-81488,P,Jose,Jose Ruiz,Ruiz,3.235294117647059,17,5500,COL@ATL,ATL,COL,,,,,,P
117921-222807,P,Alejandro,Alejandro Rosario,Rosario,,0,5500,CWS@TEX,TEX,CWS,IL,Elbow,,,,P
117921-181847,P,Noah,Noah Denoyer,Denoyer,,0,5500,LAA@BAL,BAL,LAA,,,,,,P
117921-181850,P,Colin,Colin Selby,Selby,6.666666666666667,3,5500,LAA@BAL,BAL,LAA,,,,,,P
117921-222814,P,Trey,Trey Yesavage,Yesavage,,0,5500,TOR@PHI,TOR,PHI,,,,,,P
117921-222819,P,Jonah,Jonah Tong,Tong,,0,5500,TB@NYM,NYM,TB,,,,,,P
117921-85600,P,Ryan,Ryan Burr,Burr,5.705882352941177,34,5500,TOR@PHI,TOR,PHI,IL,Shoulder,,,,P
117921-81507,P,Aaron,Aaron Bummer,Bummer,6.083333333333333,24,5500,COL@ATL,ATL,COL,,,,,,P
117921-226913,P,Yaramil,Yaramil Hiraldo,Hiraldo,7,1,5500,LAA@BAL,BAL,LAA,,,,,,P
117921-169574,P,Penn,Penn Murfee,Murfee,3.142857142857143,15,5500,CWS@TEX,CWS,TEX,,,,,,P
117921-222822,P,Brandon,Brandon Sproat,Sproat,,0,5500,TB@NYM,NYM,TB,,,,,,P
117921-222820,P,Nolan,Nolan McLean,McLean,,0,5500,TB@NYM,NYM,TB,,,,,,P
117921-226925,P,Andrew,Andrew Hoffmann,Hoffmann,12,1,5500,ATH@KC,KC,ATH,,,,,,P
117921-222834,P,Quinn,Quinn Mathews,Mathews,,0,5500,STL@MIL,STL,MIL,,,,,,P
117921-118397,P,Trevor,Trevor Megill,Megill,5,27,5500,STL@MIL,MIL,STL,,,,,,P
117921-210559,P,Brady,Brady Feigl,Feigl,-13,1,5500,MIN@HOU,MIN,HOU,,,,,,P
117921-222855,P,Ty,Ty Johnson,Johnson,,0,5500,TB@NYM,TB,NYM,,,,,,P
117921-222854,P,Brody,Brody Hopkins,Hopkins,,0,5500,TB@NYM,TB,NYM,,,,,,P
117921-165509,P,Bryce,Bryce Bonnin,Bonnin,,0,5500,CWS@TEX,TEX,CWS,,,,,,P
117921-222859,P,Cam,Cam Caminiti,Caminiti,,0,5500,COL@ATL,ATL,COL,,,,,,P
117921-110216,P,Stephen,Stephen Nogosek,Nogosek,,0,5500,ATH@KC,KC,ATH,,,,,,P
117921-110219,P,Sean,Sean Poppen,Poppen,,0,5500,LAA@BAL,LAA,BAL,,,,,,P
117921-222857,P,Jackson,Jackson Baumeister,Baumeister,,0,5500,TB@NYM,TB,NYM,,,,,,P
117921-222856,P,Trevor,Trevor Harrison,Harrison,,0,5500,TB@NYM,TB,NYM,,,,,,P
117921-190092,P,Devin,Devin Sweet,Sweet,,0,5500,TOR@PHI,PHI,TOR,,,,,,P
117921-73362,P,Rob,Rob Zastryzny,Zastryzny,6.5,10,5500,STL@MIL,MIL,STL,,,,,,P
117921-220822,P,Elvis,Elvis Alvarado,Alvarado,6.75,4,5500,ATH@KC,ATH,KC,,,,,,P
117921-52887,P,Tyler,Tyler Matzek,Matzek,4.428571428571429,7,5500,STL@MIL,STL,MIL,,,,,,P
117921-165531,P,Sam,Sam Weatherly,Weatherly,,0,5500,COL@ATL,COL,ATL,,,,,,P
117921-165528,P,Joe,Joe Rock,Rock,,0,5500,TB@NYM,TB,NYM,,,,,,P
117921-165529,P,Jaden,Jaden Hill,Hill,6.666666666666667,3,5500,COL@ATL,COL,ATL,,,,,,P
117921-165534,P,Norge,Norge Vera,Vera,,0,5500,ATH@KC,ATH,KC,,,,,,P
117921-202402,P,Justin,Justin Sterner,Sterner,4.964285714285714,29,5500,ATH@KC,ATH,KC,,,,,,P
117921-220834,P,Nate,Nate Lavender,Lavender,,0,5500,TB@NYM,TB,NYM,IL,Elbow,,,,P
117921-222881,P,Ryan,Ryan Johnson,Johnson,4.769230769230769,14,5500,LAA@BAL,LAA,BAL,,,,,,P
117921-38563,P,Yimi,Yimi Garcia,Garcia,5.285714285714286,21,5500,TOR@PHI,TOR,PHI,IL,Shoulder,,,,P
117921-220838,P,Garrett,Garrett McDaniels,McDaniels,2.9,10,5500,LAA@BAL,LAA,BAL,,,,,,P
117921-220837,P,Evan,Evan Reifert,Reifert,,0,5500,TB@NYM,TB,NYM,,,,,,P
117921-220836,P,Angel,Angel Bastardo,Bastardo,,0,5500,TOR@PHI,TOR,PHI,IL,Elbow,,,,P
117921-226980,P,Andre,Andre Granillo,Granillo,8,1,5500,STL@MIL,STL,MIL,,,,,,P
117921-220842,P,Eiberson,Eiberson Castellano,Castellano,,0,5500,TOR@PHI,PHI,TOR,IL,Undisclosed,,,,P
117921-165545,P,Tanner,Tanner McDougal,McDougal,,0,5500,CWS@TEX,CWS,TEX,,,,,,P
117921-220847,P,Grant,Grant Wolfram,Wolfram,0.5,2,5500,LAA@BAL,BAL,LAA,,,,,,P
117921-220845,P,Juan,Juan Nunez,Nunez,,0,5500,LAA@BAL,BAL,LAA,,,,,,P
117921-163507,P,Alan,Alan Rangel,Rangel,6,1,5500,TOR@PHI,PHI,TOR,,,,,,P
117921-222898,P,Mason,Mason Fluharty,Fluharty,5.714285714285714,30,5500,TOR@PHI,TOR,PHI,,,,,,P
117921-14006,P,Brian,Brian Moran,Moran,,0,5500,COL@ATL,ATL,COL,,,,,,P
117921-165566,P,Ben,Ben Kudrna,Kudrna,,0,5500,ATH@KC,KC,ATH,,,,,,P
117921-165564,P,Frank,Frank Mozzicato,Mozzicato,,0,5500,ATH@KC,KC,ATH,,,,,,P
117921-38596,P,Chris,Chris Martin,Martin,5.782608695652174,25,5500,CWS@TEX,TEX,CWS,,,,,,P
117921-165572,P,Noah,Noah Murdock,Murdock,3.4615384615384617,14,5500,ATH@KC,KC,ATH,,,,,,P
117921-165577,P,Sam,Sam Bachman,Bachman,0,2,5500,LAA@BAL,LAA,BAL,,,,,,P
117921-165586,P,Mason,Mason Albright,Albright,,0,5500,COL@ATL,COL,ATL,,,,,,P
117921-188115,P,Grant,Grant Hartwig,Hartwig,4.25,6,5500,TB@NYM,NYM,TB,,,,,,P
117921-198354,P,Anthony,Anthony Molina,Molina,6,1,5500,COL@ATL,COL,ATL,,,,,,P
117921-222930,P,Logan,Logan VanWey,VanWey,3.2857142857142856,7,5500,MIN@HOU,HOU,MIN,IL,Undisclosed,,,,P
117921-165584,P,Alejandro,Alejandro Hidalgo,Hidalgo,,0,5500,MIN@HOU,MIN,HOU,,,,,,P
117921-198357,P,Ryan,Ryan Fernandez,Fernandez,1.4,11,5500,STL@MIL,STL,MIL,,,,,,P
117921-165594,P,Carlos,Carlos Duran,Duran,-8,1,5500,ATH@KC,ATH,KC,,,,,,P
117921-112348,P,Cody,Cody Stashak,Stashak,,0,5500,TOR@PHI,PHI,TOR,,,,,,P
117921-141024,P,Bruce,Bruce Zimmermann,Zimmermann,0,1,5500,STL@MIL,MIL,STL,,,,,,P
117921-181985,P,Guillo,Guillo Zuniga,Zuniga,4.214285714285714,15,5500,TOR@PHI,PHI,TOR,,,,,,P
117921-81640,P,Yacksel,Yacksel Rios,Rios,,0,5500,TB@NYM,NYM,TB,IL,Undisclosed,,,,P
117921-81642,P,A.J.,A.J. Minter,Minter,5.3076923076923075,13,5500,TB@NYM,NYM,TB,IL,Lat,,,,P
117921-165621,P,Russell,Russell Smith,Smith,,0,5500,STL@MIL,MIL,STL,IL,Undisclosed,,,,P
117921-182005,P,Kevin,Kevin Kelly,Kelly,3.5,10,5500,TB@NYM,TB,NYM,,,,,,P
117921-165624,P,Dom,Dom Hamel,Hamel,,0,5500,TB@NYM,NYM,TB,,,,,,P
117921-165625,P,Calvin,Calvin Ziegler,Ziegler,,0,5500,TB@NYM,NYM,TB,O,Elbow,,,,P
117921-165628,P,Josh,Josh Walker,Walker,9,3,5500,TOR@PHI,PHI,TOR,,,,,,P
117921-165642,P,Mason,Mason Miller,Miller,6.291666666666667,24,5500,ATH@KC,ATH,KC,,,,,,P
117921-161545,P,Kaleb,Kaleb Ort,Ort,4.315789473684211,19,5500,MIN@HOU,HOU,MIN,,,,,,P
117921-165650,P,Grant,Grant Holman,Holman,5,22,5500,ATH@KC,ATH,KC,,,,,,P
117921-165649,P,Colin,Colin Peluse,Peluse,,0,5500,ATH@KC,ATH,KC,,,,,,P
117921-165674,P,Adam,Adam Macko,Macko,0,1,5500,TOR@PHI,TOR,PHI,IL,Knee,,,,P
117921-165673,P,Levi,Levi Stoudt,Stoudt,0,1,5500,LAA@BAL,BAL,LAA,,,,,,P
117921-182062,P,Gus,Gus Varland,Varland,5.230769230769231,26,5500,CWS@TEX,CWS,TEX,,,,,,P
117921-165684,P,Matt,Matt Mikulski,Mikulski,,0,5500,MIN@HOU,HOU,MIN,,,,,,P
117921-163641,P,Ray,Ray Kerr,Kerr,11.2,10,5500,COL@ATL,ATL,COL,IL,Elbow,,,,P
117921-165695,P,Edwin,Edwin Nunez,Nunez,,0,5500,STL@MIL,STL,MIL,,,,,,P
117921-165696,P,Ian,Ian Bedell,Bedell,,0,5500,STL@MIL,STL,MIL,,,,,,P
117921-163655,P,Daniel,Daniel Duarte,Duarte,12,3,5500,MIN@HOU,MIN,HOU,IL,Elbow,,,,P
117921-163660,P,Steven,Steven Wilson,Wilson,5.318181818181818,22,5500,CWS@TEX,CWS,TEX,,,,,,P
117921-204624,P,Eric,Eric Orze,Orze,6.863636363636363,22,5500,TB@NYM,TB,NYM,,,,,,P
117921-204631,P,Hunter,Hunter Bigge,Bigge,5.3076923076923075,13,5500,TB@NYM,TB,NYM,IL,Lat,,,,P
117921-165719,P,Irv,Irv Carter,Carter,,0,5500,TOR@PHI,TOR,PHI,,,,,,P
117921-165716,P,Sem,Sem Robberse,Robberse,0,2,5500,STL@MIL,STL,MIL,IL,Elbow,,,,P
117921-165722,P,Chad,Chad Dallas,Dallas,,0,5500,TOR@PHI,TOR,PHI,IL,Undisclosed,,,,P
117921-5983,P,Rich,Rich Hill,Hill,5,4,5500,ATH@KC,KC,ATH,,,,,,P
117921-163677,P,James,James McArthur,McArthur,4.618181818181818,57,5500,ATH@KC,KC,ATH,IL,Elbow,,,,P
117921-163690,P,Nathan,Nathan Webb,Webb,,0,5500,LAA@BAL,BAL,LAA,,,,,,P
117921-163701,P,Felix,Felix Bautista,Bautista,5.826086956521739,23,5500,LAA@BAL,BAL,LAA,,,,,,P
117921-161675,P,Jonathan,Jonathan Heasley,Heasley,-0.5,5,5500,CWS@TEX,CWS,TEX,,,,,,P
117921-157600,P,Austin,Austin Warren,Warren,6,1,5500,TB@NYM,NYM,TB,,,,,,P
117921-108461,P,Pete,Pete Fairbanks,Fairbanks,5.413793103448276,29,5500,TB@NYM,TB,NYM,,,,,,P
117921-102318,P,Ryan,Ryan Rolison,Rolison,3.272727272727273,11,5500,COL@ATL,COL,ATL,,,,,,P
117921-102334,P,Corbin,Corbin Martin,Martin,,0,5500,LAA@BAL,BAL,LAA,,,,,,P
117921-198618,P,Coleman,Coleman Crow,Crow,,0,5500,STL@MIL,MIL,STL,,,,,,P
117921-202726,P,Michel,Michel Otanez,Otanez,2,6,5500,ATH@KC,ATH,KC,,,,,,P
117921-102375,P,Luis,Luis Medina,Medina,20.375,8,5500,ATH@KC,ATH,KC,IL,Elbow,,,,P
117921-169957,P,Danny,Danny Young,Young,5.2,10,5500,TB@NYM,NYM,TB,IL,Elbow,,,,P
117921-79852,P,Lucas,Lucas Erceg,Erceg,4.8,25,5500,ATH@KC,KC,ATH,,,,,,P
117921-102386,P,Steven,Steven Jennings,Jennings,,0,5500,CWS@TEX,TEX,CWS,,,,,,P
117921-60631,OF,Kyle,Kyle Schwarber,Schwarber,13.59130417091259,69,4300,TOR@PHI,PHI,TOR,,,,,,OF/UTIL
117921-79756,OF,Ronald,Ronald Acuna Jr.,Acuna Jr.,14.18421052631579,19,4100,COL@ATL,ATL,COL,,,,,,OF/UTIL
117921-65881,SS,Trea,Trea Turner,Turner,12.240298143073694,67,3900,TOR@PHI,PHI,TOR,,,,,,SS/UTIL
117921-82614,1B,Pete,Pete Alonso,Alonso,13.555714634486607,70,3900,TB@NYM,NYM,TB,,,,,,C/1B/UTIL
117921-119349,SS,Bobby,Bobby Witt Jr.,Witt Jr.,11.683098591549296,71,3800,ATH@KC,KC,ATH,,,,,,SS/UTIL
117921-79282,OF,Juan,Juan Soto,Soto,12.452174089956975,69,3800,TB@NYM,NYM,TB,,,,,,OF/UTIL
117921-198526,OF,Wyatt,Wyatt Langford,Langford,10.9288133524232,59,3700,CWS@TEX,TEX,CWS,,,,,,OF/UTIL
117921-52175,1B,Matt,Matt Olson,Olson,11.238235473632812,68,3600,COL@ATL,ATL,COL,,,,,,C/1B/UTIL
117921-39086,OF,Byron,Byron Buxton,Buxton,13.326414864018279,53,3500,MIN@HOU,MIN,HOU,,,,,,OF/UTIL
117921-16952,SS,Francisco,Francisco Lindor,Lindor,12.411764705882353,68,3500,TB@NYM,NYM,TB,,,,,,SS/UTIL
117921-12948,1B,Bryce,Bryce Harper,Harper,11.72631621779057,57,3500,TOR@PHI,PHI,TOR,IL,Wrist,,,,C/1B/UTIL
117921-79074,3B,Austin,Austin Riley,Riley,10.254411585190716,68,3500,COL@ATL,ATL,COL,,,,,,3B/UTIL
117921-181795,OF,Lawrence,Lawrence Butler,Butler,11.132836185284514,67,3500,ATH@KC,ATH,KC,,,,,,OF/UTIL
117921-165611,OF,Jackson,Jackson Chourio,Chourio,11.341428920200892,70,3500,STL@MIL,MIL,STL,,,,,,OF/UTIL
117921-82612,OF,Brent,Brent Rooker,Rooker,11.356337856238996,71,3400,ATH@KC,ATH,KC,,,,,,OF/UTIL
117921-17086,OF,Marcell,Marcell Ozuna,Ozuna,10.421538837139423,65,3400,COL@ATL,ATL,COL,,,,,,OF/UTIL
117921-206482,SS,Jacob,Jacob Wilson,Wilson,11.3015380859375,65,3400,ATH@KC,ATH,KC,,,,,,SS/UTIL
117921-135298,1B/OF,Tyler,Tyler Soderstrom,Soderstrom,10.728169186014524,71,3300,ATH@KC,ATH,KC,,,,,,C/1B/OF/UTIL
117921-82574,3B,Isaac,Isaac Paredes,Paredes,11.080597379314366,67,3300,MIN@HOU,HOU,MIN,DTD,Hamstring,,,,3B/UTIL
117921-185300,SS,Zach,Zach Neto,Neto,12.29199951171875,50,3300,LAA@BAL,LAA,BAL,,,,,,SS/UTIL
117921-195679,3B,Junior,Junior Caminero,Caminero,10.813846529447115,65,3300,TB@NYM,TB,NYM,,,,,,3B/UTIL
117921-21609,OF,Christian,Christian Yelich,Yelich,10.875757390802557,66,3300,STL@MIL,MIL,STL,,,,,,OF/UTIL
117921-165710,OF,Evan,Evan Carter,Carter,11.019999694824218,20,3300,CWS@TEX,TEX,CWS,DTD,Wrist,,,,OF/UTIL
117921-119345,SS,Jeremy,Jeremy Pena,Pena,11.623188405797102,69,3200,MIN@HOU,HOU,MIN,,,,,,SS/UTIL
117921-16983,OF,George,George Springer,Springer,10.361538461538462,65,3200,TOR@PHI,TOR,PHI,,,,,,OF/UTIL
117921-119420,C,Ivan,Ivan Herrera,Herrera,11.56578947368421,38,3200,STL@MIL,STL,MIL,,,,,,C/1B/UTIL
117921-119437,3B,Josh,Josh Jung,Jung,8.362295182024846,61,3200,CWS@TEX,TEX,CWS,,,,,,3B/UTIL
117921-38412,SS,Corey,Corey Seager,Seager,8.253845997345753,39,3200,CWS@TEX,TEX,CWS,,,,,,SS/UTIL
117921-119306,SS,Gunnar,Gunnar Henderson,Henderson,9.85082007236168,61,3100,LAA@BAL,BAL,LAA,,,,,,SS/UTIL
117921-82536,OF,Cedric,Cedric Mullins,Mullins,10.932075932340801,53,3100,LAA@BAL,BAL,LAA,,,,,,OF/UTIL
117921-17097,OF,Brandon,Brandon Nimmo,Nimmo,9.974242239287406,66,3100,TB@NYM,NYM,TB,,,,,,OF/UTIL
117921-80847,OF,Mike,Mike Tauchman,Tauchman,11.617391835088315,23,3100,CWS@TEX,CWS,TEX,,,,,,OF/UTIL
117921-21705,2B,Marcus,Marcus Semien,Semien,7.984058324841485,69,3100,CWS@TEX,TEX,CWS,,,,,,2B/UTIL
117921-21887,C/1B,Willson,Willson Contreras,Contreras,10.104545824455492,66,3100,STL@MIL,STL,MIL,,,,,,C/1B/UTIL
117921-79273,1B,Vladimir,Vladimir Guerrero Jr.,Guerrero Jr.,10.267647238338695,68,3100,TOR@PHI,TOR,PHI,,,,,,C/1B/UTIL
117921-85504,2B,Brandon,Brandon Lowe,Lowe,10.103124618530273,64,3100,TB@NYM,TB,NYM,,,,,,2B/UTIL
117921-165707,SS/3B/2B/1B/OF,Josh,Josh Smith,Smith,9.1114752097208,61,3100,CWS@TEX,TEX,CWS,,,,,,C/1B/2B/3B/SS/OF/UTIL
117921-163689,3B/2B/OF,Maikel,Maikel Garcia,Garcia,10.485507246376812,69,3100,ATH@KC,KC,ATH,,,,,,2B/3B/OF/UTIL
117921-119303,C,Shea,Shea Langeliers,Langeliers,9.330357142857142,56,3000,ATH@KC,ATH,KC,IL,Oblique,,,,C/1B/UTIL
117921-119405,2B/SS,Bryson,Bryson Stott,Stott,8.828571622333829,63,3000,TOR@PHI,PHI,TOR,,,,,,2B/SS/UTIL
117921-12933,OF,Mike,Mike Trout,Trout,10.03095209030878,42,3000,LAA@BAL,LAA,BAL,,,,,,OF/UTIL
117921-82570,1B,Jake,Jake Burger,Burger,8.311864303330244,59,3000,CWS@TEX,TEX,CWS,,,,,,C/1B/UTIL
117921-82575,OF,Yordan,Yordan Alvarez,Alvarez,8.324137720568427,29,3000,MIN@HOU,HOU,MIN,IL,Hand,,,,OF/UTIL
117921-82624,C,Sean,Sean Murphy,Murphy,9.035714285714286,42,3000,COL@ATL,ATL,COL,,,,,,C/1B/UTIL
117921-82654,SS,Bo,Bo Bichette,Bichette,9.988405974014945,69,3000,TOR@PHI,TOR,PHI,,,,,,SS/UTIL
117921-13342,OF,Nick,Nick Castellanos,Castellanos,8.750724460767662,69,3000,TOR@PHI,PHI,TOR,,,,,,OF/UTIL
117921-146667,3B/2B,Jordan,Jordan Westburg,Westburg,9.300000117375301,26,3000,LAA@BAL,BAL,LAA,,,,,,2B/3B/UTIL
117921-79120,1B,Yandy,Yandy Diaz,Diaz,10.004687309265137,64,3000,TB@NYM,TB,NYM,,,,,,C/1B/UTIL
117921-85307,2B/OF,Jeff,Jeff McNeil,McNeil,9.57948733598758,39,3000,TB@NYM,NYM,TB,,,,,,2B/OF/UTIL
117921-136672,OF,Michael,Michael Harris II,Harris II,8.425000359030332,68,3000,COL@ATL,ATL,COL,,,,,,OF/UTIL
117921-85520,OF,Adolis,Adolis Garcia,Garcia,8.210769418569711,65,3000,CWS@TEX,TEX,CWS,,,,,,OF/UTIL
117921-165527,OF/C/1B,Hunter,Hunter Goodman,Goodman,10.144117467543659,68,3000,COL@ATL,COL,ATL,,,,,,C/1B/OF/UTIL
117921-102353,2B,Brice,Brice Turang,Turang,10.02647040872013,68,3000,STL@MIL,MIL,STL,,,,,,2B/UTIL
117921-135366,SS,Masyn,Masyn Winn,Winn,9.372881355932204,59,2900,STL@MIL,STL,MIL,,,,,,SS/UTIL
117921-14562,2B/OF,Jose,Jose Altuve,Altuve,9.645454175544508,66,2900,MIN@HOU,HOU,MIN,,,,,,2B/OF/UTIL
117921-198880,OF,Jordan,Jordan Beck,Beck,9.57000020345052,60,2900,COL@ATL,COL,ATL,,,,,,OF/UTIL
117921-119372,OF/3B/1B,Miguel,Miguel Vargas,Vargas,9.367163814715486,67,2900,CWS@TEX,CWS,TEX,,,,,,C/1B/3B/OF/UTIL
117921-82533,OF,Daulton,Daulton Varsho,Varsho,11.908332824707031,24,2900,TOR@PHI,TOR,PHI,IL,Hamstring,,,,OF/UTIL
117921-82555,SS/2B/3B/OF,Willi,Willi Castro,Castro,9.6591834243463,49,2900,MIN@HOU,MIN,HOU,,,,,,2B/3B/SS/OF/UTIL
117921-82580,OF,Jo,Jo Adell,Adell,8.763934025998976,61,2900,LAA@BAL,LAA,BAL,,,,,,OF/UTIL
117921-82734,OF,Luis,Luis Robert Jr.,Robert Jr.,9.39516129032258,62,2900,CWS@TEX,CWS,TEX,,,,,,OF/UTIL
117921-68587,2B,Ozzie,Ozzie Albies,Albies,8.439706241383272,68,2900,COL@ATL,ATL,COL,,,,,,2B/UTIL
117921-154711,OF,Lars,Lars Nootbaar,Nootbaar,9.862686384969683,67,2900,STL@MIL,STL,MIL,,,,,,OF/UTIL
117921-79141,1B/OF,Ryan,Ryan O'Hearn,O'Hearn,10.20862026872306,58,2900,LAA@BAL,BAL,LAA,,,,,,C/1B/OF/UTIL
117921-79151,OF,Taylor,Taylor Ward,Ward,10.781817811908144,66,2900,LAA@BAL,LAA,BAL,,,,,,OF/UTIL
117921-197967,2B/SS,Jackson,Jackson Holliday,Holliday,9.259677025579638,62,2900,LAA@BAL,BAL,LAA,,,,,,2B/SS/UTIL
117921-79257,OF,Josh,Josh Lowe,Lowe,9.142307574932392,26,2900,TB@NYM,TB,NYM,,,,,,OF/UTIL
117921-222858,C,Drake,Drake Baldwin,Baldwin,7.339999728732639,45,2900,COL@ATL,ATL,COL,,,,,,C/1B/UTIL
117921-165571,1B,Vinnie,Vinnie Pasquantino,Pasquantino,9.008571079799108,70,2900,ATH@KC,KC,ATH,,,,,,C/1B/UTIL
117921-165605,OF,Sal,Sal Frelick,Frelick,8.90147040872013,68,2900,STL@MIL,MIL,STL,,,,,,OF/UTIL
117921-163662,1B,Jonathan,Jonathan Aranda,Aranda,10.098437309265137,64,2900,TB@NYM,TB,NYM,,,,,,C/1B/UTIL
117921-163674,SS,Ezequiel,Ezequiel Tovar,Tovar,8.493749618530273,32,2900,COL@ATL,COL,ATL,IL,Oblique,,,,SS/UTIL
117921-102284,C,William,William Contreras,Contreras,9.242424242424242,66,2900,STL@MIL,MIL,STL,,,,,,C/1B/UTIL
117921-102308,2B/3B/OF,Jonathan,Jonathan India,India,7.704761807880704,63,2900,ATH@KC,KC,ATH,DTD,Shoulder,,,,2B/3B/OF/UTIL
117921-102370,3B/1B,Alec,Alec Bohm,Bohm,8.248485218394887,66,2900,TOR@PHI,PHI,TOR,,,,,,C/1B/3B/UTIL
117921-135260,C,Logan,Logan O'Hoppe,O'Hoppe,8.39824582819353,57,2800,LAA@BAL,LAA,BAL,,,,,,C/1B/UTIL
117921-116841,2B/1B/OF,Sam,Sam Haggerty,Haggerty,8.444000244140625,25,2800,CWS@TEX,TEX,CWS,,,,,,C/1B/2B/OF/UTIL
117921-119307,C,Adley,Adley Rutschman,Rutschman,7.9571426633804565,63,2800,LAA@BAL,BAL,LAA,,,,,,C/1B/UTIL
117921-219666,OF,Jake,Jake Mangum,Mangum,8.691176470588236,34,2800,TB@NYM,TB,NYM,,,,,,OF/UTIL
117921-119363,OF,JJ,JJ Bleday,Bleday,8.450943281065744,53,2800,ATH@KC,ATH,KC,,,,,,OF/UTIL
117921-119377,OF,Matt,Matt Wallner,Wallner,8.9172415897764,29,2800,MIN@HOU,MIN,HOU,,,,,,OF/UTIL
117921-119444,C,Alejandro,Alejandro Kirk,Kirk,8.53392846243722,56,2800,TOR@PHI,TOR,PHI,,,,,,C/1B/UTIL
117921-17139,C,J.T.,J.T. Realmuto,Realmuto,8.575438382332784,57,2800,TOR@PHI,PHI,TOR,,,,,,C/1B/UTIL
117921-68514,3B,Ryan,Ryan McMahon,McMahon,8.405881993910846,68,2800,COL@ATL,COL,ATL,,,,,,3B/UTIL
117921-13266,C/1B,Salvador,Salvador Perez,Perez,7.465671823985541,67,2800,ATH@KC,KC,ATH,,,,,,C/1B/UTIL
117921-193598,1B,Nolan,Nolan Schanuel,Schanuel,8.762121027166193,66,2800,LAA@BAL,LAA,BAL,,,,,,C/1B/UTIL
117921-146682,OF,Brenton,Brenton Doyle,Doyle,7.796610169491525,59,2800,COL@ATL,COL,ATL,,,,,,OF/UTIL
117921-118120,C,Jonah,Jonah Heim,Heim,6.988679130122347,53,2800,CWS@TEX,TEX,CWS,,,,,,C/1B/UTIL
117921-79215,1B,Rhys,Rhys Hoskins,Hoskins,8.804477976329292,67,2800,STL@MIL,MIL,STL,,,,,,C/1B/UTIL
117921-21875,OF,Max,Max Kepler,Kepler,7.609523712642609,63,2800,TOR@PHI,PHI,TOR,,,,,,OF/UTIL
117921-13719,3B,Nolan,Nolan Arenado,Arenado,8.953846153846154,65,2800,STL@MIL,STL,MIL,,,,,,3B/UTIL
117921-181830,3B/OF,Addison,Addison Barger,Barger,8.629166920979818,48,2800,TOR@PHI,TOR,PHI,,,,,,3B/OF/UTIL
117921-222794,1B,Nick,Nick Kurtz,Kurtz,8.361290716355846,31,2800,ATH@KC,ATH,KC,,,,,,C/1B/UTIL
117921-163706,3B/2B/SS/OF,Brendan,Brendan Donovan,Donovan,9.875,64,2800,STL@MIL,STL,MIL,DTD,Toe,,,,2B/3B/SS/OF/UTIL
117921-102362,OF,Trevor,Trevor Larnach,Larnach,9.346268838910914,67,2800,MIN@HOU,MIN,HOU,,,,,,OF/UTIL
117921-79918,C,Kyle,Kyle Higashioka,Higashioka,6.117647058823529,34,2700,CWS@TEX,TEX,CWS,,,,,,C/1B/UTIL
117921-135218,OF,Jake,Jake Meyers,Meyers,7.91044776119403,67,2700,MIN@HOU,HOU,MIN,,,,,,OF/UTIL
117921-102486,OF,Blake,Blake Perkins,Perkins,8.120325104007875,123,2700,STL@MIL,MIL,STL,IL,Lower leg,,,,OF/UTIL
117921-116867,C,Tyler,Tyler Heineman,Heineman,8.947826219641644,23,2700,TOR@PHI,TOR,PHI,,,,,,C/1B/UTIL
117921-135314,2B/SS/3B/1B,Ernie,Ernie Clement,Clement,6.704477794134795,67,2700,TOR@PHI,TOR,PHI,,,,,,C/1B/2B/3B/SS/UTIL
117921-198935,OF,Victor,Victor Scott II,Scott II,8.504615196814903,65,2700,STL@MIL,STL,MIL,,,,,,OF/UTIL
117921-119368,C,Ryan,Ryan Jeffers,Jeffers,7.816071646554129,56,2700,MIN@HOU,MIN,HOU,,,,,,C/1B/UTIL
117921-119376,3B/2B,Brett,Brett Baty,Baty,7.086538461538462,52,2700,TB@NYM,NYM,TB,,,,,,2B/3B/UTIL
117921-164507,OF,Colton,Colton Cowser,Cowser,7.100000234750601,13,2700,LAA@BAL,BAL,LAA,DTD,Undisclosed,,,,OF/UTIL
117921-185303,SS/2B/3B/OF,Jose,Jose Caballero,Caballero,9.321052417420505,57,2700,TB@NYM,TB,NYM,,,,,,2B/3B/SS/OF/UTIL
117921-83155,OF,Ramon,Ramon Laureano,Laureano,8.004651446675146,43,2700,LAA@BAL,BAL,LAA,,,,,,OF/UTIL
117921-38218,1B,Christian,Christian Walker,Walker,8.162686931553171,67,2700,MIN@HOU,HOU,MIN,,,,,,C/1B/UTIL
117921-79225,3B/2B,Luis,Luis Urias,Urias,7.521818403764205,55,2700,ATH@KC,ATH,KC,,,,,,2B/3B/UTIL
117921-101811,OF,Sam,Sam Hilliard,Hilliard,7.818181818181818,11,2700,COL@ATL,COL,ATL,,,,,,OF/UTIL
117921-101842,1B,Ty,Ty France,France,8.691044593924907,67,2700,MIN@HOU,MIN,HOU,,,,,,C/1B/UTIL
117921-102367,2B/3B/SS,Ronny,Ronny Mauricio,Mauricio,8.412500381469727,8,2700,TB@NYM,NYM,TB,,,,,,2B/3B/SS/UTIL
117921-79884,OF,Anthony,Anthony Santander,Santander,6.955999755859375,50,2600,TOR@PHI,TOR,PHI,IL,Shoulder,,,,OF/UTIL
117921-102418,OF,Eli,Eli White,White,6.380356924874442,56,2600,COL@ATL,ATL,COL,,,,,,OF/UTIL
117921-61553,3B,Yoan,Yoan Moncada,Moncada,10.323333740234375,30,2600,LAA@BAL,LAA,BAL,IL,Knee,,,,3B/UTIL
117921-23107,OF,Jorge,Jorge Soler,Soler,7.666666666666667,63,2600,LAA@BAL,LAA,BAL,,,,,,OF/UTIL
117921-119364,OF,Kameron,Kameron Misner,Misner,7.0428573366195435,63,2600,TB@NYM,TB,NYM,,,,,,OF/UTIL
117921-82613,2B,Thairo,Thairo Estrada,Estrada,8.108333587646484,12,2600,COL@ATL,COL,ATL,,,,,,2B/UTIL
117921-82617,2B,Andres,Andres Gimenez,Gimenez,8.431818181818182,44,2600,TOR@PHI,TOR,PHI,,,,,,2B/UTIL
117921-82655,C,Danny,Danny Jansen,Jansen,7.221739395805027,46,2600,TB@NYM,TB,NYM,,,,,,C/1B/UTIL
117921-68495,OF,Andrew,Andrew Benintendi,Benintendi,8.875,44,2600,CWS@TEX,CWS,TEX,,,,,,OF/UTIL
117921-222287,SS/2B,Chase,Chase Meidroth,Meidroth,8.291489621426196,47,2600,CWS@TEX,CWS,TEX,,,,,,2B/SS/UTIL
117921-13423,OF,Starling,Starling Marte,Marte,7.4851061232546545,47,2600,TB@NYM,NYM,TB,,,,,,OF/UTIL
117921-79160,OF,Alex,Alex Verdugo,Verdugo,6.769767583802689,43,2600,COL@ATL,ATL,COL,,,,,,OF/UTIL
117921-79195,OF/1B/3B,Miguel,Miguel Andujar,Andujar,7.995651908542799,46,2600,ATH@KC,ATH,KC,IL,Oblique,,,,C/1B/3B/OF/UTIL
117921-79211,OF,Mickey,Mickey Moniak,Moniak,6.670000203450521,60,2600,COL@ATL,COL,ATL,,,,,,OF/UTIL
117921-79249,OF,Harrison,Harrison Bader,Bader,7.639344262295082,61,2600,MIN@HOU,MIN,HOU,,,,,,OF/UTIL
117921-79255,1B/OF,Jake,Jake Bauers,Bauers,6.668181679465554,44,2600,STL@MIL,MIL,STL,,,,,,C/1B/OF/UTIL
117921-101850,3B/2B/1B,Ramon,Ramon Urias,Urias,7.504255578873005,47,2600,LAA@BAL,BAL,LAA,,,,,,C/1B/2B/3B/UTIL
117921-79400,OF,Dylan,Dylan Carlson,Carlson,6.246666463216146,30,2600,LAA@BAL,BAL,LAA,,,,,,OF/UTIL
117921-165559,C,Yainer,Yainer Diaz,Diaz,8.036065773885758,61,2600,MIN@HOU,HOU,MIN,,,,,,C/1B/UTIL
117921-38614,SS,Carlos,Carlos Correa,Correa,7.405172413793103,58,2600,MIN@HOU,MIN,HOU,,,,,,SS/UTIL
117921-165643,2B,Zack,Zack Gelof,Gelof,8.547101449275363,138,2600,ATH@KC,ATH,KC,IL,Ribs,,,,2B/UTIL
117921-165693,OF/1B,Alec,Alec Burleson,Burleson,7.305084745762712,59,2600,STL@MIL,STL,MIL,,,,,,C/1B/OF/UTIL
117921-102365,C,Francisco,Francisco Alvarez,Alvarez,6.593548190209173,31,2600,TB@NYM,NYM,TB,,,,,,C/1B/UTIL
117921-119313,OF,Matthew,Matthew Lugo,Lugo,6.599999820484834,17,2500,LAA@BAL,LAA,BAL,,,,,,OF/UTIL
117921-119333,OF/2B,Tyler,Tyler Freeman,Freeman,7.55517262425916,29,2500,COL@ATL,COL,ATL,,,,,,2B/OF/UTIL
117921-82615,3B,Mark,Mark Vientos,Vientos,7.809433847103479,53,2500,TB@NYM,NYM,TB,IL,Hamstring,,,,3B/UTIL
117921-119495,1B,Andrew,Andrew Vaughn,Vaughn,6.047916412353516,48,2500,STL@MIL,MIL,STL,,,,,,C/1B/UTIL
117921-146160,SS,Ha-Seong,Ha-Seong Kim,Kim,9.21900826446281,121,2500,TB@NYM,TB,NYM,IL,Shoulder,,,,SS/UTIL
117921-211773,OF/2B,Isaac,Isaac Collins,Collins,5.933962264150943,53,2500,STL@MIL,MIL,STL,,,,,,2B/OF/UTIL
117921-68547,OF,Tyler,Tyler O'Neill,O'Neill,7.783333460489909,24,2500,LAA@BAL,BAL,LAA,IL,Shoulder,,,,OF/UTIL
117921-79082,1B,Ryan,Ryan Mountcastle,Mountcastle,6.621153611403245,52,2500,LAA@BAL,BAL,LAA,IL,Hamstring,,,,C/1B/UTIL
117921-83191,C,Austin,Austin Wynns,Wynns,7.836363358931108,22,2500,ATH@KC,ATH,KC,,,,,,C/1B/UTIL
117921-146690,3B/2B/OF,Nick,Nick Loftin,Loftin,8.823076688326323,13,2500,ATH@KC,KC,ATH,,,,,,2B/3B/OF/UTIL
117921-197908,C,Pedro,Pedro Pages,Pages,6.392307574932392,52,2500,STL@MIL,STL,MIL,,,,,,C/1B/UTIL
117921-197972,SS/3B/2B,Brooks,Brooks Lee,Lee,7.06037758881191,53,2500,MIN@HOU,MIN,HOU,,,,,,2B/3B/SS/UTIL
117921-79247,3B/SS/2B/OF,Edmundo,Edmundo Sosa,Sosa,5.81999991280692,35,2500,TOR@PHI,PHI,TOR,,,,,,2B/3B/SS/OF/UTIL
117921-181662,OF,Nathan,Nathan Lukes,Lukes,6.842856893734056,49,2500,TOR@PHI,TOR,PHI,IL,Concussion,,,,OF/UTIL
117921-226832,1B,Tim,Tim Elko,Elko,7.4555553860134545,18,2500,CWS@TEX,CWS,TEX,,,,,,C/1B/UTIL
117921-222846,OF,Cam,Cam Smith,Smith,7.810909201882103,55,2500,MIN@HOU,HOU,MIN,,,,,,OF/UTIL
117921-165544,2B/3B/1B,Lenyn,Lenyn Sosa,Sosa,6.307017543859649,57,2500,CWS@TEX,CWS,TEX,IL,Hip,,,,C/1B/2B/3B/UTIL
117921-165641,SS/2B/3B,Max,Max Muncy,Muncy,6.789654961947737,29,2500,ATH@KC,ATH,KC,,,,,,2B/3B/SS/UTIL
117921-165648,OF,Johan,Johan Rojas,Rojas,5.4499998826247,52,2500,TOR@PHI,PHI,TOR,,,,,,OF/UTIL
117921-208716,1B/OF,Zach,Zach Dezenzo,Dezenzo,6.952940996955423,34,2500,MIN@HOU,HOU,MIN,IL,Hand,,,,C/1B/OF/UTIL
117921-165712,3B/OF,Dustin,Dustin Harris,Harris,4.206250190734863,16,2500,CWS@TEX,TEX,CWS,,,,,,3B/OF/UTIL
117921-102288,OF,Drew,Drew Waters,Waters,6.416666666666667,54,2500,ATH@KC,KC,ATH,,,,,,OF/UTIL
117921-102326,1B/2B/3B/OF,Kody,Kody Clemens,Clemens,6.511627906976744,43,2500,MIN@HOU,MIN,HOU,,,,,,C/1B/2B/3B/OF/UTIL
117921-38872,OF,Jesse,Jesse Winker,Winker,7.400000254313151,24,2500,TB@NYM,NYM,TB,IL,Oblique,,,,OF/UTIL
117921-102415,2B/3B,Nolan,Nolan Gorman,Gorman,6.523809523809524,42,2400,STL@MIL,STL,MIL,,,,,,2B/3B/UTIL
117921-135190,SS,Taylor,Taylor Walls,Walls,6.051724137931035,58,2400,TB@NYM,TB,NYM,,,,,,SS/UTIL
117921-79896,C,Luis,Luis Torrens,Torrens,5.607316924304497,41,2400,TB@NYM,NYM,TB,,,,,,C/1B/UTIL
117921-38973,OF,Tyrone,Tyrone Taylor,Taylor,6.104762001643105,63,2400,TB@NYM,NYM,TB,,,,,,OF/UTIL
117921-102485,OF,Kyle,Kyle Isbel,Isbel,4.982539585658482,63,2400,ATH@KC,KC,ATH,,,,,,OF/UTIL
117921-198869,C,Kyle,Kyle Teel,Teel,5.066666603088379,6,2400,CWS@TEX,CWS,TEX,,,,,,C/1B/UTIL
117921-119318,2B/3B/OF,Christopher,Christopher Morel,Morel,6.7588237687653185,51,2400,TB@NYM,TB,NYM,,,,,,2B/3B/OF/UTIL
117921-219698,2B/3B,Caleb,Caleb Durbin,Durbin,7.364000244140625,50,2400,STL@MIL,MIL,STL,,,,,,2B/3B/UTIL
117921-21074,OF,Michael A.,Michael A. Taylor,Taylor,5.190164034483863,61,2400,CWS@TEX,CWS,TEX,,,,,,OF/UTIL
117921-164513,3B/2B/SS,Joey,Joey Ortiz,Ortiz,5.492753623188406,69,2400,STL@MIL,MIL,STL,,,,,,2B/3B/SS/UTIL
117921-82608,3B,Royce,Royce Lewis,Lewis,6.216666666666667,30,2400,MIN@HOU,MIN,HOU,DTD,Hamstring,,,,3B/UTIL
117921-13099,C,Travis,Travis d'Arnaud,d'Arnaud,5.8774192563949095,31,2400,LAA@BAL,LAA,BAL,,,,,,C/1B/UTIL
117921-183092,OF,Jonatan,Jonatan Clase,Clase,6.609090631658381,22,2400,TOR@PHI,TOR,PHI,,,,,,OF/UTIL
117921-80848,C,Victor,Victor Caratini,Caratini,6.1659088134765625,44,2400,MIN@HOU,HOU,MIN,,,,,,C/1B/UTIL
117921-38112,1B/3B,Gio,Gio Urshela,Urshela,5.471875190734863,32,2400,ATH@KC,ATH,KC,IL,Hamstring,,,,C/1B/3B/UTIL
117921-79154,OF,Brandon,Brandon Marsh,Marsh,6.157143106265944,49,2400,TOR@PHI,PHI,TOR,,,,,,OF/UTIL
117921-101817,2B/3B/SS,Luis,Luis Rengifo,Rengifo,4.868852459016393,61,2400,LAA@BAL,LAA,BAL,,,,,,2B/3B/SS/UTIL
117921-13858,C,Christian,Christian Vazquez,Vazquez,5.585714285714285,35,2400,MIN@HOU,MIN,HOU,,,,,,C/1B/UTIL
117921-13864,OF/1B,Joc,Joc Pederson,Pederson,4.673913043478261,46,2400,CWS@TEX,TEX,CWS,IL,Hand,,,,C/1B/OF/UTIL
117921-222806,1B/OF,Jac,Jac Caglianone,Caglianone,4.6200000762939455,10,2400,ATH@KC,KC,ATH,,,,,,C/1B/OF/UTIL
117921-226907,OF,Alejandro,Alejandro Osuna,Osuna,2.553846212533804,13,2400,CWS@TEX,TEX,CWS,,,,,,OF/UTIL
117921-81511,2B/3B/SS/1B,Kyle,Kyle Farmer,Farmer,5.450943281065743,53,2400,COL@ATL,COL,ATL,,,,,,C/1B/2B/3B/SS/UTIL
117921-226967,SS,Ryan,Ryan Ritter,Ritter,8.366666793823242,6,2400,COL@ATL,COL,ATL,,,,,,SS/UTIL
117921-165645,OF,Denzel,Denzel Clarke,Clarke,5.68947360390111,19,2400,ATH@KC,ATH,KC,,,,,,OF/UTIL
117921-102295,OF,Stuart,Stuart Fairchild,Fairchild,3.685714358375186,21,2400,COL@ATL,ATL,COL,IL,Finger,,,,OF/UTIL
117921-102380,SS,Nick,Nick Allen,Allen,5.55762701519465,59,2400,COL@ATL,ATL,COL,,,,,,SS/UTIL
117921-135282,OF,Joshua,Joshua Palacios,Palacios,4.543137195063572,51,2300,CWS@TEX,CWS,TEX,,,,,,OF/UTIL
117921-192649,OF/1B,Weston,Weston Wilson,Wilson,3.266666594005766,21,2300,TOR@PHI,PHI,TOR,,,,,,C/1B/OF/UTIL
117921-135364,OF,Jordan,Jordan Walker,Walker,7.278723534117353,47,2300,STL@MIL,STL,MIL,IL,Wrist,,,,OF/UTIL
117921-156224,C,Willie,Willie MacIver,MacIver,5.155555725097656,9,2300,ATH@KC,ATH,KC,,,,,,C/1B/UTIL
117921-80485,OF,Austin,Austin Slater,Slater,4.508333206176758,24,2300,CWS@TEX,CWS,TEX,,,,,,OF/UTIL
117921-82605,2B/1B,Keston,Keston Hiura,Hiura,4.637499809265137,8,2300,COL@ATL,COL,ATL,,,,,,C/1B/2B/UTIL
117921-119629,SS/2B/3B,Luisangel,Luisangel Acuna,Acuna,5.042623050877305,61,2300,TB@NYM,NYM,TB,,,,,,2B/3B/SS/UTIL
117921-119637,3B/SS/OF,Ezequiel,Ezequiel Duran,Duran,1.9526314986379523,19,2300,CWS@TEX,TEX,CWS,,,,,,3B/SS/OF/UTIL
117921-68582,2B,Brendan,Brendan Rodgers,Rodgers,4.902380807059152,42,2300,MIN@HOU,HOU,MIN,,,,,,2B/UTIL
117921-97257,OF,Myles,Myles Straw,Straw,4.703508879009046,57,2300,TOR@PHI,TOR,PHI,,,,,,OF/UTIL
117921-146697,OF,Garrett,Garrett Mitchell,Mitchell,5.652000122070312,25,2300,STL@MIL,MIL,STL,IL,Oblique,,,,OF/UTIL
117921-79136,OF,Daz,Daz Cameron,Cameron,4.1000000803094165,19,2300,STL@MIL,MIL,STL,IL,Personal,,,,OF/UTIL
117921-79152,C,Matt,Matt Thaiss,Thaiss,6.01707309629859,41,2300,TB@NYM,TB,NYM,,,,,,C/1B/UTIL
117921-79181,2B/3B/OF,Mauricio,Mauricio Dubon,Dubon,4.747825954271399,46,2300,MIN@HOU,HOU,MIN,,,,,,2B/3B/OF/UTIL
117921-79213,SS/2B,Scott,Scott Kingery,Kingery,3.066666603088379,6,2300,LAA@BAL,LAA,BAL,,,,,,2B/SS/UTIL
117921-173548,2B/OF,Michael,Michael Massey,Massey,4.607142857142857,56,2300,ATH@KC,KC,ATH,IL,Ankle,,,,2B/OF/UTIL
117921-206383,2B/SS/OF,Brooks,Brooks Baldwin,Baldwin,5.480000135633681,45,2300,CWS@TEX,CWS,TEX,,,,,,2B/SS/OF/UTIL
117921-38561,OF/3B/2B,Chris,Chris Taylor,Taylor,3.4342105263157894,38,2300,LAA@BAL,LAA,BAL,IL,Hand,,,,2B/3B/OF/UTIL
117921-165583,C,Edgar,Edgar Quero,Quero,5.94545468417081,44,2300,CWS@TEX,CWS,TEX,,,,,,C/1B/UTIL
117921-165701,3B/2B/1B,Curtis,Curtis Mead,Mead,4.74102548452524,39,2300,TB@NYM,TB,NYM,,,,,,C/1B/2B/3B/UTIL
117921-163672,3B/1B,Jonah,Jonah Bride,Bride,3.2552630775853206,38,2300,MIN@HOU,MIN,HOU,,,,,,C/1B/3B/UTIL
117921-192426,2B/OF,Davis,Davis Schneider,Schneider,5.199999809265137,16,2300,TOR@PHI,TOR,PHI,,,,,,2B/OF/UTIL
117921-172093,2B,Michael,Michael Stefanic,Stefanic,2.6888889736599393,9,2200,TOR@PHI,TOR,PHI,,,,,,2B/UTIL
117921-102518,3B/1B,Jose,Jose Miranda,Miranda,4.241666793823242,12,2200,MIN@HOU,MIN,HOU,,,,,,C/1B/3B/UTIL
117921-198888,OF,Jacob,Jacob Melton,Melton,7.418181679465554,11,2200,MIN@HOU,HOU,MIN,DTD,Ankle,,,,OF/UTIL
117921-119337,1B/OF,Michael,Michael Toglia,Toglia,6.887272505326704,55,2200,COL@ATL,COL,ATL,,,,,,C/1B/OF/UTIL
117921-119346,C,Korey,Korey Lee,Lee,4.421428680419922,14,2200,CWS@TEX,CWS,TEX,,,,,,C/1B/UTIL
117921-119354,SS/2B/OF,Kyren,Kyren Paris,Paris,7.616279069767442,43,2200,LAA@BAL,LAA,BAL,,,,,,2B/SS/OF/UTIL
117921-119401,C,Rafael,Rafael Marchan,Marchan,4.95882370892693,17,2200,TOR@PHI,PHI,TOR,,,,,,C/1B/UTIL
117921-82553,OF,Jose,Jose Siri,Siri,4.95,10,2200,TB@NYM,NYM,TB,IL,Lower leg,,,,OF/UTIL
117921-113309,3B/2B/OF,Josh,Josh Rojas,Rojas,4.517647238338695,34,2200,CWS@TEX,CWS,TEX,,,,,,2B/3B/OF/UTIL
117921-164512,3B/1B,Coby,Coby Mayo,Mayo,4.091666539510091,12,2200,LAA@BAL,BAL,LAA,,,,,,C/1B/3B/UTIL
117921-224021,3B/1B,Otto,Otto Kemp,Kemp,5.650000254313151,6,2200,TOR@PHI,PHI,TOR,,,,,,C/1B/3B/UTIL
117921-68593,SS/2B/OF,Jorge,Jorge Mateo,Mateo,5.621874809265137,32,2200,LAA@BAL,BAL,LAA,IL,Elbow,,,,2B/SS/OF/UTIL
117921-21666,OF/1B,Mark,Mark Canha,Canha,3.7459461109058276,37,2200,ATH@KC,KC,ATH,,,,,,C/1B/OF/UTIL
117921-83182,C/OF,Eric,Eric Haase,Haase,5.223809378487723,21,2200,STL@MIL,MIL,STL,,,,,,C/1B/OF/UTIL
117921-79218,SS/2B/3B,Kevin,Kevin Newman,Newman,3.0133333841959637,30,2200,LAA@BAL,LAA,BAL,,,,,,2B/3B/SS/UTIL
117921-21890,SS/1B/3B/2B,Orlando,Orlando Arcia,Arcia,3.620833396911621,24,2200,COL@ATL,COL,ATL,,,,,,C/1B/2B/3B/SS/UTIL
117921-71217,C,Omar,Omar Narvaez,Narvaez,6.425000190734863,4,2200,MIN@HOU,HOU,MIN,,,,,,C/1B/UTIL
117921-179801,1B/OF,Jared,Jared Young,Young,5.645454406738281,11,2200,TB@NYM,NYM,TB,,,,,,C/1B/OF/UTIL
117921-226912,OF,John,John Rave,Rave,3.0500000544956754,14,2200,ATH@KC,KC,ATH,,,,,,OF/UTIL
117921-222860,2B,Christian,Christian Moore,Moore,0,1,2200,LAA@BAL,LAA,BAL,,,,,,2B/UTIL
117921-222879,OF,Alan,Alan Roden,Roden,4.058333502875434,36,2200,TOR@PHI,TOR,PHI,,,,,,OF/UTIL
117921-116450,OF,Seth,Seth Brown,Brown,3.149999919690584,38,2200,ATH@KC,ATH,KC,,,,,,OF/UTIL
117921-200498,SS/3B/2B/OF,Max,Max Schuemann,Schuemann,3.7708333333333335,48,2200,ATH@KC,ATH,KC,,,,,,2B/3B/SS/OF/UTIL
117921-163668,OF/2B/3B,Richie,Richie Palacios,Palacios,21.200000762939453,1,2200,TB@NYM,TB,NYM,IL,Knee,,,,2B/3B/OF/UTIL
117921-159624,C,Yohel,Yohel Pozo,Pozo,5.53913050112517,23,2200,STL@MIL,STL,MIL,,,,,,C/1B/UTIL
117921-102307,2B/SS/OF,Jose,Jose Barrero,Barrero,2.956249952316284,16,2200,STL@MIL,STL,MIL,,,,,,2B/SS/OF/UTIL
117921-135194,C,Freddy,Freddy Fermin,Fermin,4.954999923706055,40,2100,ATH@KC,KC,ATH,,,,,,C/1B/UTIL
117921-135216,OF,Chas,Chas McCormick,McCormick,2.4777776930067272,36,2100,MIN@HOU,HOU,MIN,IL,Oblique,,,,OF/UTIL
117921-102454,C,Jhonny,Jhonny Pereda,Pereda,3.426315709164268,19,2100,ATH@KC,ATH,KC,,,,,,C/1B/UTIL
117921-225386,OF,Chandler,Chandler Simpson,Simpson,9.854285539899553,35,2100,TB@NYM,TB,NYM,,,,,,OF/UTIL
117921-135310,C,Chadwick,Chadwick Tromp,Tromp,0.75,4,2100,LAA@BAL,BAL,LAA,,,,,,C/1B/UTIL
117921-184480,C,Cesar,Cesar Salazar,Salazar,0,4,2100,MIN@HOU,HOU,MIN,,,,,,C/1B/UTIL
117921-209179,1B/2B/3B,Will,Will Wagner,Wagner,4.44000015258789,20,2100,TOR@PHI,TOR,PHI,IL,Foot,,,,C/1B/2B/3B/UTIL
117921-135524,OF/2B,Austin,Austin Martin,Martin,5.78494623655914,93,2100,MIN@HOU,MIN,HOU,IL,Hamstring,,,,2B/OF/UTIL
117921-84471,OF,Nick,Nick Martini,Martini,3.631818251176314,44,2100,ATH@KC,ATH,KC,,,,,,OF/UTIL
117921-16945,C,Gary,Gary Sanchez,Sanchez,2.9384615971491885,13,2100,LAA@BAL,BAL,LAA,IL,Wrist,,,,C/1B/UTIL
117921-119351,SS/2B/3B,Jake,Jake Amaya,Amaya,2.4323528514188877,34,2100,CWS@TEX,CWS,TEX,,,,,,2B/3B/SS/UTIL
117921-119404,2B/3B,Nick,Nick Maton,Maton,4.32,25,2100,CWS@TEX,CWS,TEX,,,,,,2B/3B/UTIL
117921-119412,2B/3B/1B,Owen,Owen Miller,Miller,2.7222222222222223,9,2100,COL@ATL,COL,ATL,,,,,,C/1B/2B/3B/UTIL
117921-82567,1B/OF,Ryan,Ryan Vilade,Vilade,1.7428571156093053,7,2100,STL@MIL,STL,MIL,,,,,,C/1B/OF/UTIL
117921-187103,2B/3B/1B/SS,Andruw,Andruw Monasterio,Monasterio,2.729411854463465,17,2100,STL@MIL,MIL,STL,,,,,,C/1B/2B/3B/SS/UTIL
117921-68525,3B/1B,J.D.,J.D. Davis,Davis,0.6,5,2100,LAA@BAL,LAA,BAL,,,,,,C/1B/3B/UTIL
117921-212070,OF,Gustavo,Gustavo Campero,Campero,4.240000152587891,5,2100,LAA@BAL,LAA,BAL,,,,,,OF/UTIL
117921-181806,OF,Jonny,Jonny DeLuca,DeLuca,9.144444783528646,9,2100,TB@NYM,TB,NYM,IL,Shoulder,,,,OF/UTIL
117921-181814,2B,Edouard,Edouard Julien,Julien,6.089655382879849,29,2100,MIN@HOU,MIN,HOU,,,,,,2B/UTIL
117921-226915,OF,Drew,Drew Avans,Avans,2.171428544180734,7,2100,STL@MIL,MIL,STL,,,,,,OF/UTIL
117921-165530,SS/2B,Adael,Adael Amador,Amador,3.797059003044577,34,2100,COL@ATL,COL,ATL,,,,,,2B/SS/UTIL
117921-222886,C,Hayden,Hayden Senger,Senger,2.353846183189979,13,2100,TB@NYM,NYM,TB,,,,,,C/1B/UTIL
117921-169769,3B/SS/2B,Vinny,Vinny Capra,Capra,2.7972972972972974,37,2100,CWS@TEX,CWS,TEX,,,,,,2B/3B/SS/UTIL
117921-102398,OF,Jarred,Jarred Kelenic,Kelenic,4.278260935907778,23,2100,COL@ATL,ATL,COL,,,,,,OF/UTIL
117921-81924,2B/OF,Niko,Niko Goodrum,Goodrum,2.3384615091177134,13,2000,TB@NYM,NYM,TB,,,,,,2B/OF/UTIL
117921-102413,1B,Luken,Luken Baker,Baker,3.7157893933747945,19,2000,STL@MIL,STL,MIL,,,,,,C/1B/UTIL
117921-102425,SS,Orelvis,Orelvis Martinez,Martinez,1.5,2,2000,TOR@PHI,TOR,PHI,,,,,,SS/UTIL
117921-135195,C,Sebastian,Sebastian Rivero,Rivero,,0,2000,LAA@BAL,LAA,BAL,,,,,,C/1B/UTIL
117921-102427,3B,Jordan,Jordan Groshans,Groshans,,0,2000,ATH@KC,KC,ATH,,,,,,3B/UTIL
117921-135207,2B,Alex,Alex De Goti,De Goti,,0,2000,CWS@TEX,TEX,CWS,,,,,,2B/UTIL
117921-102453,SS/2B/3B,Zack,Zack Short,Short,3.388372022052144,43,2000,MIN@HOU,HOU,MIN,,,,,,2B/3B/SS/UTIL
117921-135223,C,Jakson,Jakson Reetz,Reetz,3.4625000953674316,8,2000,TB@NYM,NYM,TB,,,,,,C/1B/UTIL
117921-135239,2B/SS/3B,Rodolfo,Rodolfo Castro,Castro,0,2,2000,TOR@PHI,PHI,TOR,,,,,,2B/3B/SS/UTIL
117921-102472,SS,Raynel,Raynel Delgado,Delgado,,0,2000,STL@MIL,MIL,STL,,,,,,SS/UTIL
117921-135246,OF,Dominic,Dominic Fletcher,Fletcher,4.406944274902344,72,2000,CWS@TEX,CWS,TEX,,,,,,OF/UTIL
117921-135254,2B,Eddy,Eddy Alvarez,Alvarez,0.8857142584664481,14,2000,COL@ATL,ATL,COL,,,,,,2B/UTIL
117921-102488,3B/1B,Emmanuel,Emmanuel Rivera,Rivera,4.0038460951585035,26,2000,LAA@BAL,BAL,LAA,,,,,,C/1B/3B/UTIL
117921-135263,C,Brian,Brian O'Keefe,O'Keefe,,0,2000,ATH@KC,KC,ATH,,,,,,C/1B/UTIL
117921-135269,OF,Zach,Zach DeLoach,DeLoach,6.065217391304348,23,2000,CWS@TEX,CWS,TEX,,,,,,OF/UTIL
117921-102512,OF,Carlos,Carlos Rodriguez,Rodriguez,,0,2000,COL@ATL,ATL,COL,,,,,,OF/UTIL
117921-102519,3B,Andrew,Andrew Bechtold,Bechtold,,0,2000,TOR@PHI,PHI,TOR,,,,,,3B/UTIL
117921-102521,C,Josh,Josh Breaux,Breaux,,0,2000,TOR@PHI,PHI,TOR,,,,,,C/1B/UTIL
117921-102520,2B,Yunior,Yunior Severino,Severino,0,1,2000,MIN@HOU,MIN,HOU,IL,Oblique,,,,2B/UTIL
117921-135288,SS/2B/3B,Alan,Alan Trejo,Trejo,3.078571319580078,14,2000,CWS@TEX,TEX,CWS,,,,,,2B/3B/SS/UTIL
117921-135302,OF,Brayan,Brayan Buelvas,Buelvas,,0,2000,ATH@KC,ATH,KC,,,,,,OF/UTIL
117921-102541,OF,Jared,Jared Oliva,Oliva,,0,2000,STL@MIL,MIL,STL,,,,,,OF/UTIL
117921-198803,3B,Damiano,Damiano Palmegiani,Palmegiani,,0,2000,TOR@PHI,TOR,PHI,,,,,,3B/UTIL
117921-184479,OF,Corey,Corey Julks,Julks,5.03582080442514,67,2000,CWS@TEX,CWS,TEX,,,,,,OF/UTIL
117921-102563,3B/2B/SS,Jonathan,Jonathan Ornelas,Ornelas,0.75,4,2000,COL@ATL,ATL,COL,,,,,,2B/3B/SS/UTIL
117921-102579,SS/2B,Leo,Leo Jimenez,Jimenez,6.251562595367432,64,2000,TOR@PHI,TOR,PHI,,,,,,2B/SS/UTIL
117921-102584,C,Tres,Tres Barrera,Barrera,,0,2000,TB@NYM,TB,NYM,,,,,,C/1B/UTIL
117921-172216,3B/1B,David,David Villar,Villar,5.144444359673394,9,2000,TB@NYM,NYM,TB,,,,,,C/1B/3B/UTIL
117921-198867,C,Samuel,Samuel Basallo,Basallo,,0,2000,LAA@BAL,BAL,LAA,,,,,,C/1B/UTIL
117921-145617,C,David,David Garcia,Garcia,,0,2000,STL@MIL,MIL,STL,,,,,,C/1B/UTIL
117921-198868,OF,Enrique,Enrique Bradfield Jr.,Bradfield Jr.,,0,2000,LAA@BAL,BAL,LAA,,,,,,OF/UTIL
117921-198895,OF,Walker,Walker Jenkins,Jenkins,,0,2000,MIN@HOU,MIN,HOU,IL,Ankle,,,,OF/UTIL
117921-198898,SS,Jett,Jett Williams,Williams,,0,2000,TB@NYM,NYM,TB,,,,,,SS/UTIL
117921-198897,3B,Brock,Brock Wilken,Wilken,,0,2000,STL@MIL,MIL,STL,,,,,,3B/UTIL
117921-198903,OF,Drew,Drew Gilbert,Gilbert,,0,2000,TB@NYM,NYM,TB,,,,,,OF/UTIL
117921-198902,OF,Ryan,Ryan Clifford,Clifford,,0,2000,TB@NYM,NYM,TB,,,,,,OF/UTIL
117921-116994,SS,Donovan,Donovan Walton,Walton,4.844444274902344,9,2000,TB@NYM,NYM,TB,,,,,,SS/UTIL
117921-198933,SS,Sebastian,Sebastian Walcott,Walcott,,0,2000,CWS@TEX,TEX,CWS,,,,,,SS/UTIL
117921-198932,1B,Xavier,Xavier Isaac,Isaac,,0,2000,TB@NYM,TB,NYM,,,,,,C/1B/UTIL
117921-209177,C/2B/1B,Mickey,Mickey Gasper,Gasper,3.676470588235294,17,2000,MIN@HOU,MIN,HOU,,,,,,C/1B/2B/UTIL
117921-194908,SS/2B/3B,Tristan,Tristan Gray,Gray,1.4,15,2000,CWS@TEX,CWS,TEX,,,,,,2B/3B/SS/UTIL
117921-170350,OF,Dairon,Dairon Blanco,Blanco,3.7666668362087674,9,2000,ATH@KC,KC,ATH,,,,,,OF/UTIL
117921-211339,C,Logan,Logan Driscoll,Driscoll,3.593333435058594,15,2000,TB@NYM,TB,NYM,IL,Ankle,,,,C/1B/UTIL
117921-211345,2B,Michael,Michael Helman,Helman,2.3777777353922525,9,2000,CWS@TEX,TEX,CWS,,,,,,2B/UTIL
117921-135646,C,Carson,Carson Taylor,Taylor,,0,2000,TOR@PHI,PHI,TOR,IL,Undisclosed,,,,C/1B/UTIL
117921-96765,C,Joe,Joe Hudson,Hudson,0,1,2000,MIN@HOU,HOU,MIN,,,,,,C/1B/UTIL
117921-119308,SS,Adam,Adam Hall,Hall,,0,2000,STL@MIL,MIL,STL,,,,,,SS/UTIL
117921-219664,OF,Matt,Matt Koperniak,Koperniak,,0,2000,STL@MIL,STL,MIL,,,,,,OF/UTIL
117921-119335,3B/2B/SS,Aaron,Aaron Schunk,Schunk,2.0166667302449546,12,2000,COL@ATL,COL,ATL,,,,,,2B/3B/SS/UTIL
117921-158244,3B/2B,Yonny,Yonny Hernandez,Hernandez,,0,2000,TB@NYM,NYM,TB,,,,,,2B/3B/UTIL
117921-201253,OF,Joey,Joey Loperfido,Loperfido,6.10246898509838,81,2000,TOR@PHI,TOR,PHI,,,,,,OF/UTIL
117921-16946,1B,Jon,Jon Singleton,Singleton,6.964754198418289,122,2000,TB@NYM,NYM,TB,,,,,,C/1B/UTIL
117921-16951,3B,Anthony,Anthony Rendon,Rendon,7.038596705386513,57,2000,LAA@BAL,LAA,BAL,IL,Hip,,,,3B/UTIL
117921-156226,OF,Pedro,Pedro Leon,Leon,3.4571429661342075,7,2000,MIN@HOU,HOU,MIN,IL,Knee,,,,OF/UTIL
117921-119360,OF,Pablo,Pablo Abreu,Abreu,,0,2000,STL@MIL,MIL,STL,,,,,,OF/UTIL
117921-119362,SS,Eduardo,Eduardo Garcia,Garcia,,0,2000,STL@MIL,MIL,STL,,,,,,SS/UTIL
117921-207434,3B,Luis,Luis De Los Santos,De Los Santos,2.8384616558368387,13,2000,TB@NYM,NYM,TB,,,,,,3B/UTIL
117921-119370,SS,Will,Will Holland,Holland,,0,2000,MIN@HOU,MIN,HOU,IL,Undisclosed,,,,SS/UTIL
117921-119393,SS,Robert,Robert Puason,Puason,,0,2000,ATH@KC,ATH,KC,,,,,,SS/UTIL
117921-82531,C,Andy,Andy Yerzy,Yerzy,,0,2000,STL@MIL,STL,MIL,,,,,,C/1B/UTIL
117921-119394,SS,Logan,Logan Davidson,Davidson,3.466666751437717,9,2000,ATH@KC,ATH,KC,,,,,,SS/UTIL
117921-82556,OF,Taylor,Taylor Trammell,Trammell,1.1272726925936611,11,2000,MIN@HOU,HOU,MIN,IL,Calf,,,,OF/UTIL
117921-223870,C,Braxton,Braxton Fulford,Fulford,4.733333269755046,6,2000,COL@ATL,COL,ATL,,,,,,C/1B/UTIL
117921-82558,OF,Conner,Conner Capel,Capel,2.171428544180734,7,2000,COL@ATL,ATL,COL,,,,,,OF/UTIL
117921-119432,SS,Greg,Greg Jones,Jones,2,3,2000,MIN@HOU,HOU,MIN,,,,,,SS/UTIL
117921-201354,3B,Brett,Brett Harris,Harris,6.333333333333333,36,2000,ATH@KC,ATH,KC,,,,,,3B/UTIL
117921-176777,OF,Cal,Cal Stevenson,Stevenson,1.9,5,2000,TOR@PHI,PHI,TOR,,,,,,OF/UTIL
117921-164501,SS,Cal,Cal Conley,Conley,,0,2000,COL@ATL,ATL,COL,,,,,,SS/UTIL
117921-203418,2B/3B/1B/OF,Armando,Armando Alvarez,Alvarez,4.462500095367432,16,2000,MIN@HOU,MIN,HOU,,,,,,C/1B/2B/3B/OF/UTIL
117921-82586,OF,MJ,MJ Melendez,Melendez,3.456249952316284,16,2000,ATH@KC,KC,ATH,,,,,,OF/UTIL
117921-164505,OF,Hudson,Hudson Haskin,Haskin,,0,2000,LAA@BAL,BAL,LAA,,,,,,OF/UTIL
117921-82589,OF/1B,Nick,Nick Pratto,Pratto,0,2,2000,ATH@KC,KC,ATH,,,,,,C/1B/OF/UTIL
117921-164508,OF,Jesse,Jesse Franklin,Franklin,,0,2000,COL@ATL,ATL,COL,,,,,,OF/UTIL
117921-164514,SS,Maikol,Maikol Hernandez,Hernandez,,0,2000,LAA@BAL,BAL,LAA,,,,,,SS/UTIL
117921-164519,3B,Alex,Alex Binelas,Binelas,,0,2000,TOR@PHI,PHI,TOR,,,,,,3B/UTIL
117921-21161,2B,Yolmer,Yolmer Sanchez,Sanchez,,0,2000,LAA@BAL,LAA,BAL,,,,,,2B/UTIL
117921-211631,OF,DaShawn,DaShawn Keirsey Jr.,Keirsey Jr.,2.2044443766276043,45,2000,MIN@HOU,MIN,HOU,,,,,,OF/UTIL
117921-164533,OF,Yohendrick,Yohendrick Pinango,Pinango,,0,2000,TOR@PHI,TOR,PHI,,,,,,OF/UTIL
117921-82616,2B/3B/SS,Luis,Luis Guillorme,Guillorme,3.858227693581883,79,2000,MIN@HOU,HOU,MIN,,,,,,2B/3B/SS/UTIL
117921-82637,1B,Evan,Evan White,White,0,2,2000,LAA@BAL,LAA,BAL,IL,Hip,,,,C/1B/UTIL
117921-17105,C,Sandy,Sandy Leon,Leon,0,2,2000,COL@ATL,ATL,COL,,,,,,C/1B/UTIL
117921-82659,3B,Carter,Carter Kieboom,Kieboom,0,1,2000,LAA@BAL,LAA,BAL,,,,,,3B/UTIL
117921-17171,C,James,James McCann,McCann,7.277941086713006,68,2000,COL@ATL,ATL,COL,,,,,,C/1B/UTIL
117921-70435,OF,Ben,Ben Gamel,Gamel,5.779487022986779,39,2000,LAA@BAL,LAA,BAL,,,,,,OF/UTIL
117921-211757,OF,Bryce,Bryce Teodosio,Teodosio,1.2399999618530273,5,2000,LAA@BAL,LAA,BAL,,,,,,OF/UTIL
117921-119623,OF,Alex,Alex Ramirez,Ramirez,0,3,2000,TB@NYM,NYM,TB,,,,,,OF/UTIL
117921-119627,OF,Erick,Erick Pena,Pena,,0,2000,ATH@KC,KC,ATH,,,,,,OF/UTIL
117921-119633,OF,Misael,Misael Urbina,Urbina,,0,2000,MIN@HOU,MIN,HOU,,,,,,OF/UTIL
117921-119632,OF,Hedbert,Hedbert Perez,Perez,,0,2000,STL@MIL,MIL,STL,,,,,,OF/UTIL
117921-174963,SS,Charles,Charles Leblanc,Leblanc,8.290908813476562,11,2000,COL@ATL,ATL,COL,IL,Undisclosed,,,,SS/UTIL
117921-209786,1B,Niko,Niko Kavadas,Kavadas,0,1,2000,LAA@BAL,LAA,BAL,,,,,,C/1B/UTIL
117921-82824,1B,Mike,Mike Ford,Ford,3.600000080309416,19,2000,MIN@HOU,MIN,HOU,,,,,,C/1B/UTIL
117921-52147,1B/OF,Kris,Kris Bryant,Bryant,3.6272728659889917,11,2000,COL@ATL,COL,ATL,IL,Back,,,,C/1B/OF/UTIL
117921-68538,2B,Franklin,Franklin Barreto,Barreto,,0,2000,LAA@BAL,BAL,LAA,IL,Undisclosed,,,,2B/UTIL
117921-211906,3B/2B/SS,Thomas,Thomas Saggese,Saggese,7.592857360839844,14,2000,STL@MIL,STL,MIL,,,,,,2B/3B/SS/UTIL
117921-13262,OF,Jurickson,Jurickson Profar,Profar,4.599999904632568,4,2000,COL@ATL,ATL,COL,NA,Suspension,,,,OF/UTIL
117921-13304,C,Tucker,Tucker Barnhart,Barnhart,1.875,8,2000,CWS@TEX,TEX,CWS,,,,,,C/1B/UTIL
117921-97291,2B,Harold,Harold Castro,Castro,,0,2000,ATH@KC,KC,ATH,IL,Undisclosed,,,,2B/UTIL
117921-13326,C,Christian,Christian Bethancourt,Bethancourt,5.056250095367432,64,2000,TOR@PHI,TOR,PHI,,,,,,C/1B/UTIL
117921-171037,C,Jason,Jason Delay,Delay,6.400000095367432,8,2000,COL@ATL,ATL,COL,,,,,,C/1B/UTIL
117921-222286,OF,Braden,Braden Montgomery,Montgomery,,0,2000,CWS@TEX,CWS,TEX,,,,,,OF/UTIL
117921-171112,OF,Sean,Sean Bouchard,Bouchard,3.809375047683716,32,2000,COL@ATL,COL,ATL,,,,,,OF/UTIL
117921-171128,3B/2B,Buddy,Buddy Kennedy,Kennedy,5.185714176722935,14,2000,TOR@PHI,PHI,TOR,,,,,,2B/3B/UTIL
117921-197761,C,Jair,Jair Camargo,Camargo,1.0333333015441895,6,2000,MIN@HOU,MIN,HOU,,,,,,C/1B/UTIL
117921-197768,SS/3B,Luis,Luis Vazquez,Vazquez,1.223076893733098,13,2000,LAA@BAL,BAL,LAA,,,,,,3B/SS/UTIL
117921-38040,OF,Eddie,Eddie Rosario,Rosario,1.2399999618530273,5,2000,STL@MIL,MIL,STL,,,,,,OF/UTIL
117921-83143,OF,Oscar,Oscar Mercado,Mercado,0,1,2000,TOR@PHI,PHI,TOR,,,,,,OF/UTIL
117921-187594,2B/3B,Coco,Coco Montes,Montes,1.9,5,2000,TB@NYM,TB,NYM,,,,,,2B/3B/UTIL
117921-195795,C,Chandler,Chandler Seagle,Seagle,,0,2000,COL@ATL,ATL,COL,,,,,,C/1B/UTIL
117921-226530,C,Maverick,Maverick Handley,Handley,2.326666768391927,15,2000,LAA@BAL,BAL,LAA,,,,,,C/1B/UTIL
117921-79075,SS,Kevin,Kevin Maitan,Maitan,,0,2000,MIN@HOU,MIN,HOU,,,,,,SS/UTIL
117921-146666,OF,Heston,Heston Kjerstad,Kjerstad,5.679629855685764,54,2000,LAA@BAL,BAL,LAA,,,,,,OF/UTIL
117921-109803,C,Austin,Austin Nola,Nola,0,1,2000,COL@ATL,COL,ATL,,,,,,C/1B/UTIL
117921-60652,2B,Christian,Christian Arroyo,Arroyo,,0,2000,TOR@PHI,PHI,TOR,,,,,,2B/UTIL
117921-197874,2B/3B,Oliver,Oliver Dunn,Dunn,4.985714503696987,14,2000,STL@MIL,MIL,STL,,,,,,2B/3B/UTIL
117921-79093,OF,Eloy,Eloy Jimenez,Jimenez,5.833333333333333,99,2000,TB@NYM,TB,NYM,IL,Achilles,,,,OF/UTIL
117921-197883,OF,Kenedy,Kenedy Corona,Corona,0,1,2000,MIN@HOU,HOU,MIN,,,,,,OF/UTIL
117921-146680,C,Drew,Drew Romo,Romo,4.737500190734863,16,2000,COL@ATL,COL,ATL,,,,,,C/1B/UTIL
117921-197881,OF,Yanquiel,Yanquiel Fernandez,Fernandez,0,1,2000,COL@ATL,COL,ATL,,,,,,OF/UTIL
117921-146681,OF,Zac,Zac Veen,Veen,4.100000063578288,12,2000,COL@ATL,COL,ATL,DTD,Ankle,,,,OF/UTIL
117921-146686,OF,Colin,Colin Barber,Barber,,0,2000,MIN@HOU,HOU,MIN,,,,,,OF/UTIL
117921-146694,SS,Arol,Arol Vera,Vera,,0,2000,LAA@BAL,LAA,BAL,,,,,,SS/UTIL
117921-197895,OF,Tyler,Tyler Gentry,Gentry,0,4,2000,ATH@KC,KC,ATH,,,,,,OF/UTIL
117921-146692,OF,David,David Calabrese,Calabrese,,0,2000,LAA@BAL,LAA,BAL,,,,,,OF/UTIL
117921-146693,OF,Alexander,Alexander Ramirez,Ramirez,,0,2000,LAA@BAL,LAA,BAL,,,,,,OF/UTIL
117921-146696,SS,Alex,Alex De Jesus,De Jesus,,0,2000,TOR@PHI,TOR,PHI,,,,,,SS/UTIL
117921-146703,1B,Aaron,Aaron Sabato,Sabato,,0,2000,MIN@HOU,MIN,HOU,,,,,,C/1B/UTIL
117921-146700,SS,Freddy,Freddy Zamora,Zamora,,0,2000,STL@MIL,MIL,STL,,,,,,SS/UTIL
117921-85262,OF,J.P.,J.P. Martinez,Martinez,2.3777777353922525,9,2000,LAA@BAL,BAL,LAA,,,,,,OF/UTIL
117921-197904,SS/3B,Darell,Darell Hernaiz,Hernaiz,4.012245022520727,49,2000,ATH@KC,ATH,KC,,,,,,3B/SS/UTIL
117921-85268,1B,Joey,Joey Meneses,Meneses,7.273684049907484,76,2000,TB@NYM,NYM,TB,,,,,,C/1B/UTIL
117921-79128,C,Garrett,Garrett Stubbs,Stubbs,5.580701861465187,57,2000,TOR@PHI,PHI,TOR,,,,,,C/1B/UTIL
117921-79130,OF,Jose,Jose Azocar,Azocar,3.576923076923077,13,2000,COL@ATL,ATL,COL,,,,,,OF/UTIL
117921-85277,2B/OF/1B/3B,Cavan,Cavan Biggio,Biggio,3.573684290835732,38,2000,ATH@KC,KC,ATH,,,,,,C/1B/2B/3B/OF/UTIL
117921-146718,SS,Casey,Casey Martin,Martin,,0,2000,STL@MIL,MIL,STL,,,,,,SS/UTIL
117921-146719,OF,Junior,Junior Perez,Perez,,0,2000,ATH@KC,ATH,KC,,,,,,OF/UTIL
117921-146738,2B,Justin,Justin Foscue,Foscue,1.756250023841858,16,2000,CWS@TEX,TEX,CWS,,,,,,2B/UTIL
117921-79156,SS/2B,David,David Fletcher,Fletcher,2.1666666666666665,6,2000,COL@ATL,ATL,COL,,,,,,2B/SS/UTIL
117921-79189,2B,Travis,Travis Blankenhorn,Blankenhorn,2.9928572518484935,14,2000,LAA@BAL,LAA,BAL,IL,Undisclosed,,,,2B/UTIL
117921-79190,C,Ben,Ben Rortvedt,Rortvedt,2.6692308279184194,26,2000,TB@NYM,TB,NYM,,,,,,C/1B/UTIL
117921-181596,2B/3B,Jose,Jose Fermin,Fermin,2.434042585656998,47,2000,STL@MIL,STL,MIL,,,,,,2B/3B/UTIL
117921-79204,SS,Richie,Richie Martin,Martin,,0,2000,CWS@TEX,TEX,CWS,,,,,,SS/UTIL
117921-152972,2B/OF/SS,Luke,Luke Williams,Williams,2.7125000953674316,16,2000,COL@ATL,ATL,COL,,,,,,2B/SS/OF/UTIL
117921-101787,1B/OF,LaMonte,LaMonte Wade Jr.,Wade Jr.,5.37058811561734,51,2000,LAA@BAL,LAA,BAL,,,,,,C/1B/OF/UTIL
117921-118189,C,Ali,Ali Sanchez,Sanchez,1.8,5,2000,TOR@PHI,TOR,PHI,,,,,,C/1B/UTIL
117921-79279,OF,Andrew,Andrew Stevenson,Stevenson,,0,2000,TB@NYM,TB,NYM,,,,,,OF/UTIL
117921-38324,C,Jorge,Jorge Alfaro,Alfaro,,0,2000,STL@MIL,MIL,STL,,,,,,C/1B/UTIL
117921-155109,2B,Alejo,Alejo Lopez,Lopez,0,2,2000,ATH@KC,ATH,KC,,,,,,2B/UTIL
117921-226808,1B,Blaine,Blaine Crim,Crim,1.8399999618530274,5,2000,CWS@TEX,TEX,CWS,,,,,,C/1B/UTIL
117921-226840,OF,Carson,Carson McCusker,McCusker,0.6,5,2000,MIN@HOU,MIN,HOU,,,,,,OF/UTIL
117921-181790,OF,Diego,Diego Hernandez,Hernandez,,0,2000,ATH@KC,KC,ATH,IL,Undisclosed,,,,OF/UTIL
117921-181797,3B,Warming,Warming Bernabel,Bernabel,,0,2000,COL@ATL,COL,ATL,,,,,,3B/UTIL
117921-222785,2B,Luke,Luke Keaschall,Keaschall,14.400000435965401,7,2000,MIN@HOU,MIN,HOU,IL,Forearm,,,,2B/UTIL
117921-222793,OF,Robert,Robert Calaz,Calaz,,0,2000,COL@ATL,COL,ATL,,,,,,OF/UTIL
117921-222792,OF,Charlie,Charlie Condon,Condon,,0,2000,COL@ATL,COL,ATL,,,,,,OF/UTIL
117921-226888,2B,Ryan,Ryan Fitzgerald,Fitzgerald,1.600000023841858,2,2000,MIN@HOU,MIN,HOU,IL,Achilles,,,,2B/UTIL
117921-167500,OF,Joey,Joey Wiemer,Wiemer,1.4476190294538225,21,2000,ATH@KC,KC,ATH,,,,,,OF/UTIL
117921-222805,C,Blake,Blake Mitchell,Mitchell,,0,2000,ATH@KC,KC,ATH,IL,Wrist,,,,C/1B/UTIL
117921-222815,3B,Mike,Mike Boeve,Boeve,,0,2000,STL@MIL,MIL,STL,,,,,,3B/UTIL
117921-222813,SS,Arjun,Arjun Nimmala,Nimmala,,0,2000,TOR@PHI,TOR,PHI,,,,,,SS/UTIL
117921-181856,3B,Andre,Andre Lipcius,Lipcius,,0,2000,CWS@TEX,CWS,TEX,,,,,,3B/UTIL
117921-222817,SS,Jesus,Jesus Made,Made,,0,2000,STL@MIL,MIL,STL,,,,,,SS/UTIL
117921-222816,SS,Cooper,Cooper Pratt,Pratt,,0,2000,STL@MIL,MIL,STL,,,,,,SS/UTIL
117921-222821,OF,Carson,Carson Benge,Benge,,0,2000,TB@NYM,NYM,TB,,,,,,OF/UTIL
117921-222835,C,Jimmy,Jimmy Crooks,Crooks,,0,2000,STL@MIL,STL,MIL,,,,,,C/1B/UTIL
117921-222836,SS,JJ,JJ Wetherholt,Wetherholt,,0,2000,STL@MIL,STL,MIL,,,,,,SS/UTIL
117921-222847,OF,Justin,Justin Crawford,Crawford,,0,2000,TOR@PHI,PHI,TOR,DTD,Quadriceps,,,,OF/UTIL
117921-222845,SS,Brice,Brice Matthews,Matthews,,0,2000,MIN@HOU,HOU,MIN,,,,,,SS/UTIL
117921-118398,SS,Vimael,Vimael Machin,Machin,,0,2000,LAA@BAL,BAL,LAA,,,,,,SS/UTIL
117921-222851,C,Dominic,Dominic Keegan,Keegan,,0,2000,TB@NYM,TB,NYM,,,,,,C/1B/UTIL
117921-222850,3B,Brayden,Brayden Taylor,Taylor,,0,2000,TB@NYM,TB,NYM,,,,,,3B/UTIL
117921-222849,C,Eduardo,Eduardo Tait,Tait,,0,2000,TOR@PHI,PHI,TOR,,,,,,C/1B/UTIL
117921-222848,SS,Aidan,Aidan Miller,Miller,,0,2000,TOR@PHI,PHI,TOR,,,,,,SS/UTIL
117921-222853,1B,Tre',Tre' Morgan,Morgan,,0,2000,TB@NYM,TB,NYM,,,,,,C/1B/UTIL
117921-222852,OF,Theo,Theo Gillen,Gillen,,0,2000,TB@NYM,TB,NYM,,,,,,OF/UTIL
117921-52878,OF,Billy,Billy McKinney,McKinney,4.254545385187322,11,2000,CWS@TEX,TEX,CWS,,,,,,OF/UTIL
117921-165516,C,Daniel,Daniel Vellojin,Vellojin,,0,2000,TB@NYM,TB,NYM,,,,,,C/1B/UTIL
117921-165526,OF,Benny,Benny Montgomery,Montgomery,,0,2000,COL@ATL,COL,ATL,IL,Undisclosed,,,,OF/UTIL
117921-165535,SS,Colson,Colson Montgomery,Montgomery,,0,2000,CWS@TEX,CWS,TEX,,,,,,SS/UTIL
117921-165532,3B,Julio,Julio Carreras,Carreras,0,1,2000,COL@ATL,COL,ATL,,,,,,3B/UTIL
117921-165533,3B,Wes,Wes Kath,Kath,,0,2000,CWS@TEX,CWS,TEX,,,,,,3B/UTIL
117921-226979,OF,Will,Will Robertson,Robertson,,0,2000,TOR@PHI,TOR,PHI,,,,,,OF/UTIL
117921-165539,SS,Jose,Jose Rodriguez,Rodriguez,0,2,2000,TOR@PHI,PHI,TOR,,,,,,SS/UTIL
117921-220839,2B,Cooper,Cooper Bowman,Bowman,,0,2000,ATH@KC,ATH,KC,IL,Undisclosed,,,,2B/UTIL
117921-165540,3B,Bryan,Bryan Ramos,Ramos,6.063636548591383,33,2000,CWS@TEX,CWS,TEX,,,,,,3B/UTIL
117921-163510,SS/2B,Diego A.,Diego A. Castillo,Castillo,7.900000095367432,4,2000,ATH@KC,KC,ATH,,,,,,2B/SS/UTIL
117921-165558,OF,Tyler,Tyler Whitaker,Whitaker,,0,2000,MIN@HOU,HOU,MIN,,,,,,OF/UTIL
117921-222902,2B,Tyler,Tyler Tolbert,Tolbert,3.471428462437221,14,2000,ATH@KC,KC,ATH,,,,,,2B/UTIL
117921-165563,SS,Cristian,Cristian Gonzalez,Gonzalez,,0,2000,MIN@HOU,HOU,MIN,,,,,,SS/UTIL
117921-165567,3B/2B/OF,Shay,Shay Whitcomb,Whitcomb,0,4,2000,MIN@HOU,HOU,MIN,,,,,,2B/3B/OF/UTIL
117921-165565,2B,Peyton,Peyton Wilson,Wilson,,0,2000,ATH@KC,KC,ATH,,,,,,2B/UTIL
117921-202433,2B/OF,Jamie,Jamie Westbrook,Westbrook,4.490476335797991,21,2000,TB@NYM,TB,NYM,,,,,,2B/OF/UTIL
117921-165574,SS,Daniel,Daniel Vazquez,Vazquez,,0,2000,ATH@KC,KC,ATH,,,,,,SS/UTIL
117921-165575,SS,Denzer,Denzer Guzman,Guzman,,0,2000,LAA@BAL,LAA,BAL,,,,,,SS/UTIL
117921-165579,C,Carter,Carter Jensen,Jensen,,0,2000,ATH@KC,KC,ATH,,,,,,C/1B/UTIL
117921-165576,SS,Adrian,Adrian Placencia,Placencia,,0,2000,LAA@BAL,LAA,BAL,,,,,,SS/UTIL
117921-165601,SS,Jose,Jose Salas,Salas,,0,2000,MIN@HOU,MIN,HOU,,,,,,SS/UTIL
117921-165606,1B/3B/OF,Tyler,Tyler Black,Black,5.433333502875434,18,2000,STL@MIL,MIL,STL,,,,,,C/1B/3B/OF/UTIL
117921-165604,C,Jeferson,Jeferson Quero,Quero,,0,2000,STL@MIL,MIL,STL,,,,,,C/1B/UTIL
117921-165610,3B,Zavier,Zavier Warren,Warren,,0,2000,STL@MIL,MIL,STL,,,,,,3B/UTIL
117921-165622,SS,Jheremy,Jheremy Vargas,Vargas,,0,2000,STL@MIL,MIL,STL,,,,,,SS/UTIL
117921-165623,OF,Carlos,Carlos Cortes,Cortes,,0,2000,ATH@KC,ATH,KC,,,,,,OF/UTIL
117921-165626,OF,Emmanuel,Emmanuel Rodriguez,Rodriguez,0,1,2000,MIN@HOU,MIN,HOU,IL,Hip,,,,OF/UTIL
117921-165629,1B,JT,JT Schwartz,Schwartz,,0,2000,TB@NYM,NYM,TB,,,,,,C/1B/UTIL
117921-52995,C,Luke,Luke Maile,Maile,11.300000508626303,3,2000,ATH@KC,KC,ATH,,,,,,C/1B/UTIL
117921-165646,C,Rickardo,Rickardo Perez,Perez,,0,2000,TOR@PHI,PHI,TOR,,,,,,C/1B/UTIL
117921-165647,OF,Ethan,Ethan Wilson,Wilson,,0,2000,TOR@PHI,PHI,TOR,,,,,,OF/UTIL
117921-165644,OF,Pedro,Pedro Pineda,Pineda,,0,2000,ATH@KC,ATH,KC,,,,,,OF/UTIL
117921-206608,SS/2B,Nacho,Nacho Alvarez Jr.,Alvarez Jr.,2.2750000953674316,8,2000,COL@ATL,ATL,COL,IL,Wrist,,,,2B/SS/UTIL
117921-165652,OF,Yhoswar,Yhoswar Garcia,Garcia,,0,2000,STL@MIL,MIL,STL,,,,,,OF/UTIL
117921-165662,SS,Euribiel,Euribiel Angeles,Angeles,,0,2000,ATH@KC,ATH,KC,,,,,,SS/UTIL
117921-165667,OF,Samuel,Samuel Zavala,Zavala,,0,2000,CWS@TEX,CWS,TEX,,,,,,OF/UTIL
117921-165683,OF,Gabriel,Gabriel Gonzalez,Gonzalez,,0,2000,MIN@HOU,MIN,HOU,,,,,,OF/UTIL
117921-165688,C,Ricardo,Ricardo Genoves,Genoves,,0,2000,TB@NYM,TB,NYM,,,,,,C/1B/UTIL
117921-165692,OF,Joshua,Joshua Baez,Baez,,0,2000,STL@MIL,STL,MIL,,,,,,OF/UTIL
117921-165702,SS,Carson,Carson Williams,Williams,,0,2000,TB@NYM,TB,NYM,,,,,,SS/UTIL
117921-165700,SS,Carlos,Carlos Colmenares,Colmenares,,0,2000,TB@NYM,TB,NYM,,,,,,SS/UTIL
117921-163653,OF,Allan,Allan Cerda,Cerda,,0,2000,MIN@HOU,MIN,HOU,,,,,,OF/UTIL
117921-165704,2B,Cooper,Cooper Kinney,Kinney,,0,2000,TB@NYM,TB,NYM,,,,,,2B/UTIL
117921-165711,SS,Cam,Cam Cauley,Cauley,,0,2000,CWS@TEX,TEX,CWS,,,,,,SS/UTIL
117921-165708,2B,Trevor,Trevor Hauver,Hauver,,0,2000,CWS@TEX,TEX,CWS,,,,,,2B/UTIL
117921-165709,OF,Yeison,Yeison Morrobel,Morrobel,,0,2000,CWS@TEX,TEX,CWS,,,,,,OF/UTIL
117921-165714,SS,Manuel,Manuel Beltre,Beltre,,0,2000,TOR@PHI,TOR,PHI,,,,,,SS/UTIL
117921-165713,OF,Aaron,Aaron Zavala,Zavala,,0,2000,CWS@TEX,TEX,CWS,,,,,,OF/UTIL
117921-163669,C,Bryan,Bryan Lavastida,Lavastida,,0,2000,MIN@HOU,HOU,MIN,,,,,,C/1B/UTIL
117921-163679,3B,Joe,Joe Perez,Perez,,0,2000,CWS@TEX,CWS,TEX,,,,,,3B/UTIL
117921-165724,OF,Dasan,Dasan Brown,Brown,,0,2000,TOR@PHI,TOR,PHI,,,,,,OF/UTIL
117921-163694,SS,Eddys,Eddys Leonard,Leonard,0,1,2000,COL@ATL,ATL,COL,,,,,,SS/UTIL
117921-163704,OF,Cooper,Cooper Hummel,Hummel,0,1,2000,MIN@HOU,HOU,MIN,,,,,,OF/UTIL
117921-182170,OF,Oscar,Oscar Colas,Colas,4.228571483067104,14,2000,LAA@BAL,LAA,BAL,,,,,,OF/UTIL
117921-102309,OF,Michael,Michael Siani,Siani,1.6210525914242393,19,2000,STL@MIL,STL,MIL,,,,,,OF/UTIL
117921-102317,SS,Terrin,Terrin Vavra,Vavra,,0,2000,LAA@BAL,BAL,LAA,,,,,,SS/UTIL
117921-102322,2B/3B,Nick,Nick Madrigal,Madrigal,2.823529411764706,51,2000,TB@NYM,NYM,TB,IL,Shoulder,,,,2B/3B/UTIL
117921-102337,OF,Seth,Seth Beer,Beer,,0,2000,TOR@PHI,PHI,TOR,,,,,,OF/UTIL
117921-102339,C,Diego,Diego Cartaya,Cartaya,0,2,2000,MIN@HOU,MIN,HOU,,,,,,C/1B/UTIL
117921-102347,2B/SS/3B,Livan,Livan Soto,Soto,1.6133333841959636,15,2000,LAA@BAL,BAL,LAA,,,,,,2B/3B/SS/UTIL
117921-102346,OF,Jordyn,Jordyn Adams,Adams,0.6400000095367432,5,2000,LAA@BAL,BAL,LAA,,,,,,OF/UTIL
117921-81869,C,Chad,Chad Wallach,Wallach,,0,2000,LAA@BAL,LAA,BAL,,,,,,C/1B/UTIL
117921-102348,SS,Jeremiah,Jeremiah Jackson,Jackson,,0,2000,LAA@BAL,BAL,LAA,,,,,,SS/UTIL
117921-171986,3B,Matthew,Matthew Batten,Batten,4.5,2,2000,COL@ATL,ATL,COL,,,,,,3B/UTIL
117921-24529,OF,Rafael,Rafael Ortega,Ortega,2.4866666158040363,15,2000,TB@NYM,NYM,TB,IL,Undisclosed,,,,OF/UTIL
117921-102352,C,Payton,Payton Henry,Henry,0,1,2000,TOR@PHI,PHI,TOR,,,,,,C/1B/UTIL
117921-200663,C,David,David Banuelos,Banuelos,0,1,2000,LAA@BAL,BAL,LAA,,,,,,C/1B/UTIL
117921-102356,OF,Gilberto,Gilberto Celestino,Celestino,,0,2000,TB@NYM,NYM,TB,,,,,,OF/UTIL
117921-102358,SS,Jose,Jose Devers,Devers,1.2399999618530273,5,2000,COL@ATL,ATL,COL,IL,Undisclosed,,,,SS/UTIL
117921-102360,OF,Connor,Connor Scott,Scott,,0,2000,ATH@KC,KC,ATH,IL,Undisclosed,,,,OF/UTIL
117921-102374,C,Anthony,Anthony Seigler,Seigler,,0,2000,STL@MIL,MIL,STL,,,,,,C/1B/UTIL
117921-102384,SS,Jeremy,Jeremy Eierman,Eierman,,0,2000,ATH@KC,ATH,KC,,,,,,SS/UTIL
117921-102390,OF,Travis,Travis Swaggerty,Swaggerty,,0,2000,TB@NYM,NYM,TB,,,,,,OF/UTIL