Id,Position,First Name,Nickname,Last Name,FPPG,Played,Salary,Game,Team,Opponent,Injury Indicator,Injury Details,Tier,Probable Pitcher,Batting Order,Roster Position
117570-119340,P,Tarik,Tarik Skubal,Skubal,43.75,12,11200,DET@CWS,DET,CWS,,,,,,P
117570-135977,P,Garrett,Garrett Crochet,Crochet,42.84615384615385,13,10600,LAA@BOS,BOS,LAA,,,,,,P
117570-101839,P,Logan,Logan Webb,Webb,38.75,12,10600,SD@SF,SF,SD,,,,Yes,,P
117570-53029,P,Robbie,Robbie Ray,Ray,38.5,12,10600,SD@SF,SF,SD,,,,,,P
117570-119430,P,Joe,Joe Ryan,Ryan,36.81818181818182,11,10500,MIN@ATH,MIN,ATH,,,,Yes,,P
117570-79951,P,Nick,Nick Pivetta,Pivetta,37,11,10300,SD@SF,SD,SF,,,,,,P
117570-83152,P,Pablo,Pablo Lopez,Lopez,32.3,10,10300,MIN@ATH,MIN,ATH,,,,,,P
117570-82550,P,Hunter,Hunter Greene,Greene,35.8,10,10200,MIL@CIN,CIN,MIL,,,,,,P
117570-52183,P,Tyler,Tyler Glasnow,Glasnow,21.2,5,10200,NYM@LAD,LAD,NYM,IL,Shoulder,,,,P
117570-182153,P,Kodai,Kodai Senga,Senga,35.09090909090909,11,10200,NYM@LAD,NYM,LAD,,,,,,P
117570-79091,P,Dylan,Dylan Cease,Cease,29,12,10100,SD@SF,SD,SF,,,,,,P
117570-117232,P,Michael,Michael King,King,34.3,10,10000,SD@SF,SD,SF,IL,Shoulder,,,,P
117570-68488,P,Blake,Blake Snell,Snell,19.5,2,10000,NYM@LAD,LAD,NYM,IL,Shoulder,,,,P
117570-82618,P,David,David Peterson,Peterson,32.63636363636363,11,9900,NYM@LAD,NYM,LAD,,,,,,P
117570-83190,P,Freddy,Freddy Peralta,Peralta,31.25,12,9900,MIL@CIN,MIL,CIN,,,,,,P
117570-185606,P,Gavin,Gavin Stone,Stone,28.4,25,9900,NYM@LAD,LAD,NYM,IL,Shoulder,,,,P
117570-79246,P,Jack,Jack Flaherty,Flaherty,31.454545454545453,11,9900,DET@CWS,DET,CWS,,,,Yes,,P
117570-85253,P,Casey,Casey Mize,Mize,32,9,9800,DET@CWS,DET,CWS,,,,,,P
117570-198625,P,Yoshinobu,Yoshinobu Yamamoto,Yamamoto,37,12,9700,NYM@LAD,LAD,NYM,,,,,,P
117570-79232,P,Clay,Clay Holmes,Holmes,30.5,12,9600,NYM@LAD,NYM,LAD,,,,,,P
117570-119329,P,Nick,Nick Lodolo,Lodolo,30.75,12,9500,MIL@CIN,CIN,MIL,,,,,,P
117570-11328,P,Martin,Martin Perez,Perez,26.75,4,9400,DET@CWS,CWS,DET,IL,Elbow,,,,P
117570-165512,P,Andrew,Andrew Abbott,Abbott,35.55555555555556,9,9400,MIL@CIN,CIN,MIL,,,,,,P
117570-219653,P,Logan,Logan Henderson,Henderson,40,4,9300,MIL@CIN,MIL,CIN,,,,,,P
117570-165551,P,Reese,Reese Olson,Olson,31.88888888888889,9,9300,DET@CWS,DET,CWS,IL,Finger,,,,P
117570-145612,P,Bailey,Bailey Ober,Ober,26,12,9000,MIN@ATH,MIN,ATH,,,,,,P
117570-82582,P,Griffin,Griffin Canning,Canning,26.363636363636363,11,9000,NYM@LAD,NYM,LAD,,,,,,P
117570-82594,P,Dustin,Dustin May,May,29.7,10,9000,NYM@LAD,LAD,NYM,,,,Yes,,P
117570-80582,P,Brandon,Brandon Woodruff,Woodruff,,0,9000,MIL@CIN,MIL,CIN,IL,Ankle,,,,P
117570-52165,P,Sean,Sean Manaea,Manaea,31.083333333333332,36,8800,NYM@LAD,NYM,LAD,IL,Oblique,,,,P
117570-154714,P,Tylor,Tylor Megill,Megill,31.09090909090909,11,8800,NYM@LAD,NYM,LAD,,,,,,P
117570-198362,P,Stephen,Stephen Kolek,Kolek,29.6,5,8800,SD@SF,SD,SF,,,,Yes,,P
117570-60644,P,Luis,Luis Severino,Severino,26.166666666666668,12,8700,MIN@ATH,ATH,MIN,,,,Yes,,P
117570-16931,P,Yu,Yu Darvish,Darvish,28.77777777777778,18,8600,SD@SF,SD,SF,IL,Elbow,,,,P
117570-102458,P,Kutter,Kutter Crawford,Crawford,27.96969696969697,33,8500,LAA@BOS,BOS,LAA,IL,Knee,,,,P
117570-203676,P,David,David Festa,Festa,26,3,8400,MIN@ATH,MIN,ATH,,,,,,P
117570-85476,P,Jeffrey,Jeffrey Springs,Springs,24,12,8400,MIN@ATH,ATH,MIN,,,,,,P
117570-222787,P,Roki,Roki Sasaki,Sasaki,16.375,8,8400,NYM@LAD,LAD,NYM,IL,Shoulder,,,,P
117570-53590,P,Nick,Nick Martinez,Martinez,25.083333333333332,12,8300,MIL@CIN,CIN,MIL,,,,,,P
117570-165638,P,Randy,Randy Vasquez,Vasquez,19.75,12,8300,SD@SF,SD,SF,,,,,,P
117570-102344,P,Brady,Brady Singer,Singer,26.181818181818183,11,8300,MIL@CIN,CIN,MIL,,,,Yes,,P
117570-66766,P,Adrian,Adrian Houser,Houser,35.333333333333336,3,8200,DET@CWS,CWS,DET,,,,,,P
117570-79168,P,Walker,Walker Buehler,Buehler,25.88888888888889,9,8200,LAA@BOS,BOS,LAA,,,,,,P
117570-38246,P,Tyler,Tyler Anderson,Anderson,25.818181818181817,11,8200,LAA@BOS,LAA,BOS,,,,Yes,,P
117570-165547,P,Jackson,Jackson Jobe,Jobe,22.7,10,8200,DET@CWS,DET,CWS,IL,Elbow,,,,P
117570-220840,P,Shane,Shane Smith,Smith,27.272727272727273,11,8200,DET@CWS,CWS,DET,,,,,,P
117570-203678,P,Hayden,Hayden Birdsong,Birdsong,15.857142857142858,14,8100,SD@SF,SF,SD,,,,,,P
117570-102001,P,Yusei,Yusei Kikuchi,Kikuchi,27.333333333333332,12,8100,LAA@BOS,LAA,BOS,,,,,,P
117570-102345,P,Jose,Jose Soriano,Soriano,26.916666666666668,12,8100,LAA@BOS,LAA,BOS,,,,,,P
117570-198879,P,Rhett,Rhett Lowder,Lowder,27,6,8000,MIL@CIN,CIN,MIL,IL,Forearm,,,,P
117570-110822,P,Jose,Jose Urquidy,Urquidy,0,1,8000,DET@CWS,DET,CWS,IL,Elbow,,,,P
117570-21099,P,Jose,Jose Quintana,Quintana,27.714285714285715,7,8000,MIL@CIN,MIL,CIN,,,,,,P
117570-211765,P,Richard,Richard Fitts,Fitts,23.75,4,8000,LAA@BOS,BOS,LAA,,,,Yes,,P
117570-82775,P,Nestor,Nestor Cortes,Cortes,17,2,8000,MIL@CIN,MIL,CIN,IL,Elbow,,,,P
117570-68523,P,Joe,Joe Musgrove,Musgrove,28.45,20,8000,SD@SF,SD,SF,IL,Elbow,,,,P
117570-146705,P,J.T.,J.T. Ginn,Ginn,23,4,8000,MIN@ATH,ATH,MIN,IL,Quadriceps,,,,P
117570-102343,P,Tony,Tony Gonsolin,Gonsolin,26.166666666666668,6,8000,NYM@LAD,LAD,NYM,,,,,,P
117570-219663,P,Chad,Chad Patrick,Patrick,25.615384615384617,13,7900,MIL@CIN,MIL,CIN,,,,,,P
117570-52198,P,Lucas,Lucas Giolito,Giolito,23.5,6,7900,LAA@BOS,BOS,LAA,,,,,,P
117570-199728,P,Landen,Landen Roupp,Roupp,27.363636363636363,11,7900,SD@SF,SF,SD,,,,,,P
117570-102528,P,Simeon,Simeon Woods Richardson,Woods Richardson,20.875,8,7800,MIN@ATH,MIN,ATH,,,,,,P
117570-5202,P,Justin,Justin Verlander,Verlander,21.7,10,7800,SD@SF,SF,SD,IL,Pectoral,,,,P
117570-163680,P,Brayan,Brayan Bello,Bello,22,8,7800,LAA@BOS,BOS,LAA,,,,,,P
117570-165543,P,Sean,Sean Burke,Burke,21.363636363636363,11,7700,DET@CWS,CWS,DET,,,,,,P
117570-82638,P,Jordan,Jordan Hicks,Hicks,14.153846153846153,13,7600,SD@SF,SF,SD,,,,,,P
117570-226810,P,Blade,Blade Tidwell,Tidwell,-1,1,7600,NYM@LAD,NYM,LAD,,,,,,P
117570-165715,P,Gunnar,Gunnar Hoglund,Hoglund,17.833333333333332,6,7600,MIN@ATH,ATH,MIN,,,,,,P
117570-163685,P,JP,JP Sears,Sears,21.666666666666668,12,7600,MIN@ATH,ATH,MIN,,,,,,P
117570-135229,P,Reid,Reid Detmers,Detmers,5.888888888888889,20,7500,LAA@BOS,LAA,BOS,,,,,,P
117570-63781,P,Frankie,Frankie Montas,Montas,24.129032258064516,31,7500,NYM@LAD,NYM,LAD,IL,Lat,,,,P
117570-170315,P,Davis,Davis Martin,Martin,23.083333333333332,12,7500,DET@CWS,CWS,DET,,,,,,P
117570-219668,P,Hunter,Hunter Dobbins,Dobbins,22.5,8,7500,LAA@BOS,BOS,LAA,,,,,,P
117570-193326,P,Jacob,Jacob Lopez,Lopez,11.5,6,7500,MIN@ATH,ATH,MIN,,,,,,P
117570-79123,P,Tyler,Tyler Alexander,Alexander,6.761904761904762,21,7500,MIL@CIN,MIL,CIN,,,,,,P
117570-79224,P,Chris,Chris Paddack,Paddack,24.333333333333332,12,7500,MIN@ATH,MIN,ATH,,,,,,P
117570-200581,P,Jonathan,Jonathan Cannon,Cannon,23.272727272727273,11,7500,DET@CWS,CWS,DET,,,,Yes,,P
117570-209173,P,Zebby,Zebby Matthews,Matthews,25,3,7400,MIN@ATH,MIN,ATH,,,,,,P
117570-13123,P,Alex,Alex Cobb,Cobb,19.4,5,7400,DET@CWS,DET,CWS,IL,Hip,,,,P
117570-197766,P,Keider,Keider Montero,Montero,20.125,8,7400,DET@CWS,DET,CWS,,,,,,P
117570-187769,P,Osvaldo,Osvaldo Bido,Bido,16.11111111111111,9,7400,MIN@ATH,ATH,MIN,,,,,,P
117570-119409,P,Quinn,Quinn Priester,Priester,19.5,10,7300,MIL@CIN,MIL,CIN,,,,,,P
117570-60637,P,Sean,Sean Newcomb,Newcomb,16,13,7300,MIN@ATH,ATH,MIN,,,,,,P
117570-5427,P,Clayton,Clayton Kershaw,Kershaw,11,3,7300,NYM@LAD,LAD,NYM,,,,,,P
117570-80859,P,Paul,Paul Blackburn,Blackburn,24.571428571428573,14,7200,NYM@LAD,NYM,LAD,IL,Knee,,Yes,,P
117570-135650,P,Landon,Landon Knack,Knack,22.5,8,7100,NYM@LAD,LAD,NYM,,,,,,P
117570-197914,P,Nick,Nick Frasso,Frasso,0,2,7100,NYM@LAD,LAD,NYM,,,,,,P
117570-118202,P,Kyle,Kyle Hart,Hart,14.5,6,7100,SD@SF,SD,SF,,,,,,P
117570-204505,P,Justin,Justin Wrobleski,Wrobleski,16.5,2,7100,NYM@LAD,LAD,NYM,,,,,,P
117570-202608,P,Carlos,Carlos Rodriguez,Rodriguez,13,1,7100,MIL@CIN,MIL,CIN,O,Forearm,,,,P
117570-102378,P,Matt,Matt Sauer,Sauer,12.285714285714286,7,7100,NYM@LAD,LAD,NYM,,,,,,P
117570-119355,P,Jack,Jack Kochanowicz,Kochanowicz,20.333333333333332,12,7000,LAA@BOS,LAA,BOS,,,,,,P
117570-82557,P,Aaron,Aaron Civale,Civale,13,3,7000,MIL@CIN,MIL,CIN,,,,Yes,,P
117570-208032,P,Brant,Brant Hurter,Hurter,10.1875,16,7000,DET@CWS,DET,CWS,,,,,,P
117570-211069,P,Sam,Sam Aldegheri,Aldegheri,19.333333333333332,3,6900,LAA@BOS,LAA,BOS,,,,,,P
117570-53398,P,Kyle,Kyle Hendricks,Hendricks,19.727272727272727,11,6900,LAA@BOS,LAA,BOS,,,,,,P
117570-102572,P,Tobias,Tobias Myers,Myers,13,6,6900,MIL@CIN,MIL,CIN,,,,,,P
117570-197981,P,Jacob,Jacob Misiorowski,Misiorowski,,0,6900,MIL@CIN,MIL,CIN,,,,,,P
117570-198353,P,Mitch,Mitch Spence,Spence,8.045454545454545,22,6900,MIN@ATH,ATH,MIN,,,,,,P
117570-102498,P,Patrick,Patrick Sandoval,Sandoval,23.4375,16,6800,LAA@BOS,BOS,LAA,IL,Elbow,,,,P
117570-82540,P,Tanner,Tanner Houck,Houck,13.555555555555555,9,6800,LAA@BOS,BOS,LAA,IL,Elbow,,,,P
117570-79133,P,Matt,Matt Manning,Manning,21.4,5,6800,DET@CWS,DET,CWS,,,,,,P
117570-146733,P,Kyle,Kyle Harrison,Harrison,14.166666666666666,6,6800,SD@SF,SF,SD,,,,,,P
117570-12972,P,Wade,Wade Miley,Miley,6,2,6700,MIL@CIN,CIN,MIL,,,,,,P
117570-138016,P,Brandon,Brandon Waddell,Waddell,18.5,2,6600,NYM@LAD,NYM,LAD,,,,,,P
117570-102515,P,Aaron,Aaron Ashby,Ashby,10.5,2,6500,MIL@CIN,MIL,CIN,,,,,,P
117570-198891,P,Caden,Caden Dana,Dana,10.5,2,6500,LAA@BOS,LAA,BOS,,,,,,P
117570-198917,P,Drew,Drew Thorpe,Thorpe,18.333333333333332,9,6500,DET@CWS,CWS,DET,IL,Elbow,,,,P
117570-209846,P,Ben,Ben Casparius,Casparius,11.894736842105264,19,6500,NYM@LAD,LAD,NYM,,,,,,P
117570-60627,P,Touki,Touki Toussaint,Toussaint,9,1,6500,LAA@BOS,LAA,BOS,,,,,,P
117570-194242,P,Carson,Carson Spiers,Spiers,16.666666666666668,3,6500,MIL@CIN,CIN,MIL,IL,Shoulder,,,,P
117570-165634,P,Ken,Ken Waldichuk,Waldichuk,0,1,6500,MIN@ATH,ATH,MIN,IL,Elbow,,,,P
117570-165665,P,Robert,Robert Gasser,Gasser,25.6,5,6500,MIL@CIN,MIL,CIN,IL,Elbow,,,,P
117570-170174,P,Chase,Chase Silseth,Silseth,21,4,6400,LAA@BOS,LAA,BOS,IL,Undisclosed,,,,P
117570-82537,P,DL,DL Hall,Hall,17,2,6400,MIL@CIN,MIL,CIN,,,,,,P
117570-164504,P,Joey,Joey Estes,Estes,0,2,6400,MIN@ATH,ATH,MIN,,,,,,P
117570-181794,P,Hogan,Hogan Harris,Harris,6.866666666666666,15,6400,MIN@ATH,ATH,MIN,,,,,,P
117570-165508,P,Graham,Graham Ashcraft,Ashcraft,6.375,24,6400,MIL@CIN,CIN,MIL,,,,,,P
117570-165618,P,Chase,Chase Petty,Petty,-1,2,6400,MIL@CIN,CIN,MIL,,,,,,P
117570-135648,P,Bobby,Bobby Miller,Miller,7.5,2,6300,NYM@LAD,LAD,NYM,,,,,,P
117570-79254,P,Dakota,Dakota Hudson,Hudson,14.38888888888889,18,6300,LAA@BOS,LAA,BOS,,,,,,P
117570-161256,P,Cooper,Cooper Criswell,Criswell,0.3333333333333333,3,6300,LAA@BOS,BOS,LAA,,,,,,P
117570-187967,P,Emmet,Emmet Sheehan,Sheehan,0,2,6300,NYM@LAD,LAD,NYM,IL,Elbow,,,,P
117570-82534,P,Bryse,Bryse Wilson,Wilson,7,16,6200,DET@CWS,CWS,DET,,,,,,P
117570-119416,P,Brandon,Brandon Williamson,Williamson,15.25,4,6200,MIL@CIN,CIN,MIL,IL,Elbow,,,,P
117570-82636,P,Joey,Joey Lucchesi,Lucchesi,19,2,6200,SD@SF,SF,SD,,,,,,P
117570-199459,P,Nick,Nick Nastrini,Nastrini,11.666666666666666,9,6200,DET@CWS,CWS,DET,,,,,,P
117570-70559,P,Mike,Mike Clevinger,Clevinger,1.375,8,6200,DET@CWS,CWS,DET,IL,Undisclosed,,,,P
117570-181660,P,Jhony,Jhony Brito,Brito,6.3076923076923075,26,6200,SD@SF,SD,SF,IL,Forearm,,,,P
117570-181823,P,Keaton,Keaton Winn,Winn,17.666666666666668,12,6200,SD@SF,SF,SD,IL,Undisclosed,,,,P
117570-165546,P,Ty,Ty Madden,Madden,13.142857142857142,7,6200,DET@CWS,DET,CWS,IL,Shoulder,,,,P
117570-102394,P,Luis,Luis Patino,Patino,0,1,6200,SD@SF,SD,SF,,,,,,P
117570-156976,P,Darren,Darren McCaughan,McCaughan,10.333333333333334,3,6100,MIN@ATH,MIN,ATH,,,,,,P
117570-163692,P,Jose,Jose Butto,Butto,6.857142857142857,21,6100,NYM@LAD,NYM,LAD,,,,,,P
117570-188485,P,Matt,Matt Waldron,Waldron,25.22222222222222,27,6000,SD@SF,SD,SF,,,,,,P
117570-198904,P,Christian,Christian Scott,Scott,22.11111111111111,9,6000,NYM@LAD,NYM,LAD,IL,Elbow,,,,P
117570-209958,P,Julian,Julian Aguiar,Aguiar,15.142857142857142,7,6000,MIL@CIN,CIN,MIL,IL,Elbow,,,,P
117570-101804,P,Huascar,Huascar Ynoa,Ynoa,0,2,6000,MIN@ATH,MIN,ATH,,,,,,P
117570-163515,P,Elvin,Elvin Rodriguez,Rodriguez,8.833333333333334,6,6000,MIL@CIN,MIL,CIN,,,,,,P
117570-81594,P,Dietrich,Dietrich Enns,Enns,,0,6000,DET@CWS,DET,CWS,,,,,,P
117570-163681,P,Josh,Josh Winckowski,Winckowski,7.833333333333333,6,6000,LAA@BOS,BOS,LAA,IL,Elbow,,,,P
117570-102342,P,Michael,Michael Grove,Grove,6.325,40,6000,NYM@LAD,LAD,NYM,IL,Shoulder,,,,P
117570-102446,P,Tristan,Tristan Beck,Beck,10.666666666666666,3,5900,SD@SF,SF,SD,,,,,,P
117570-135231,P,Jared,Jared Shuster,Shuster,4.4,10,5900,DET@CWS,CWS,DET,,,,,,P
117570-178306,P,Bryan,Bryan Hoeing,Hoeing,7.405405405405405,37,5900,SD@SF,SD,SF,IL,Shoulder,,,,P
117570-199224,P,Mason,Mason Black,Black,14.444444444444445,9,5900,SD@SF,SF,SD,,,,,,P
117570-179456,P,Louis,Louis Varland,Varland,5.5,29,5900,MIN@ATH,MIN,ATH,,,,,,P
117570-197907,P,Brady,Brady Basso,Basso,14.857142857142858,7,5900,MIN@ATH,ATH,MIN,IL,Shoulder,,,,P
117570-146728,P,Connor,Connor Phillips,Phillips,0,2,5900,MIL@CIN,CIN,MIL,,,,,,P
117570-165578,P,Ky,Ky Bush,Bush,14.25,4,5900,DET@CWS,CWS,DET,IL,Elbow,,,,P
117570-169742,P,Tyler,Tyler Holton,Holton,5.695652173913044,24,5900,DET@CWS,DET,CWS,,,,,,P
117570-163675,P,Noah,Noah Davis,Davis,6.666666666666667,4,5900,NYM@LAD,LAD,NYM,,,,,,P
117570-194697,P,Sawyer,Sawyer Gipson-Long,Gipson-Long,0,1,5800,DET@CWS,DET,CWS,IL,Elbow,,,,P
117570-198905,P,Mike,Mike Vasil,Vasil,9.941176470588236,17,5700,DET@CWS,CWS,DET,,,,,,P
117570-165600,P,Jake,Jake Eder,Eder,4.4,5,5700,LAA@BOS,LAA,BOS,,,,,,P
117570-102462,P,Lyon,Lyon Richardson,Richardson,6,12,5600,MIL@CIN,CIN,MIL,,,,,,P
117570-102405,P,Sean,Sean Hjelle,Hjelle,6.551724137931035,58,5500,SD@SF,SF,SD,,,,,,P
117570-102420,P,Owen,Owen White,White,-7.5,3,5500,DET@CWS,CWS,DET,,,,,,P
117570-114708,P,Randy,Randy Dobnak,Dobnak,16,1,5500,MIN@ATH,MIN,ATH,,,,,,P
117570-79895,P,Miguel,Miguel Diaz,Diaz,3,1,5500,SD@SF,SF,SD,,,,,,P
117570-135196,P,Tyler,Tyler Zuber,Zuber,9.5,2,5500,NYM@LAD,NYM,LAD,,,,,,P
117570-102448,P,Brenan,Brenan Hanifee,Hanifee,5,25,5500,DET@CWS,DET,CWS,,,,,,P
117570-135226,P,Wes,Wes Benjamin,Benjamin,,0,5500,SD@SF,SD,SF,,,,,,P
117570-200764,P,Cam,Cam Booser,Booser,4.25,24,5500,DET@CWS,CWS,DET,,,,,,P
117570-102469,P,Ben,Ben Bowden,Bowden,,0,5500,MIN@ATH,ATH,MIN,,,,,,P
117570-135236,P,Max,Max Kranick,Kranick,6.761904761904762,21,5500,NYM@LAD,NYM,LAD,,,,,,P
117570-102470,P,Rico,Rico Garcia,Garcia,,0,5500,NYM@LAD,NYM,LAD,,,,,,P
117570-135237,P,Nick,Nick Mears,Mears,4.44,25,5500,MIL@CIN,MIL,CIN,,,,,,P
117570-102479,P,Lincoln,Lincoln Henzman,Henzman,,0,5500,MIN@ATH,ATH,MIN,,,,,,P
117570-135253,P,Alex,Alex Vesia,Vesia,5.678571428571429,28,5500,NYM@LAD,LAD,NYM,,,,,,P
117570-135256,P,Connor,Connor Brogdon,Brogdon,3.7777777777777777,9,5500,LAA@BOS,LAA,BOS,,,,,,P
117570-135262,P,Anthony,Anthony Misiewicz,Misiewicz,6,1,5500,MIN@ATH,MIN,ATH,,,,,,P
117570-73828,P,Dan,Dan Altavilla,Altavilla,6,1,5500,DET@CWS,CWS,DET,,,,,,P
117570-159857,P,Jose,Jose Marte,Marte,6.071428571428571,14,5500,NYM@LAD,NYM,LAD,IL,Shoulder,,,,P
117570-102517,P,Jhoan,Jhoan Duran,Duran,6.892857142857143,28,5500,MIN@ATH,MIN,ATH,,,,,,P
117570-82039,P,Aaron,Aaron Wilkerson,Wilkerson,,0,5500,MIL@CIN,CIN,MIL,,,,,,P
117570-102523,P,Deivi,Deivi Garcia,Garcia,4.285714285714286,14,5500,MIL@CIN,MIL,CIN,,,,,,P
117570-135304,P,Tyler,Tyler Baum,Baum,,0,5500,MIN@ATH,ATH,MIN,,,,,,P
117570-73866,P,Wandy,Wandy Peralta,Peralta,4.72,25,5500,SD@SF,SD,SF,,,,,,P
117570-80033,P,Emilio,Emilio Pagan,Pagan,5.153846153846154,26,5500,MIL@CIN,CIN,MIL,,,,,,P
117570-184482,P,Hobie,Hobie Harris,Harris,,0,5500,LAA@BOS,BOS,LAA,IL,Shoulder,,,,P
117570-102560,P,Camilo,Camilo Doval,Doval,5.666666666666667,27,5500,SD@SF,SF,SD,,,,,,P
117570-12452,P,Kenley,Kenley Jansen,Jansen,3.888888888888889,19,5500,LAA@BOS,LAA,BOS,,,,,,P
117570-102568,P,Colin,Colin Poche,Poche,2.230769230769231,13,5500,NYM@LAD,NYM,LAD,,,,,,P
117570-102570,P,Sandy,Sandy Gaston,Gaston,,0,5500,LAA@BOS,LAA,BOS,,,,,,P
117570-102587,P,Jordan,Jordan Balazovic,Balazovic,,0,5500,DET@CWS,DET,CWS,,,,,,P
117570-145620,P,Helcris,Helcris Olivarez,Olivarez,,0,5500,SD@SF,SF,SD,IL,Undisclosed,,,,P
117570-198874,P,Noah,Noah Schultz,Schultz,,0,5500,DET@CWS,CWS,DET,,,,,,P
117570-198915,P,Luis,Luis Morales,Morales,,0,5500,MIN@ATH,ATH,MIN,,,,,,P
117570-194816,P,Kyle,Kyle Hurt,Hurt,8.666666666666666,5,5500,NYM@LAD,LAD,NYM,IL,Elbow,,,,P
117570-198938,P,Carson,Carson Whisenhunt,Whisenhunt,,0,5500,SD@SF,SF,SD,,,,,,P
117570-157997,P,Sean,Sean Guenther,Guenther,4.111111111111111,9,5500,DET@CWS,DET,CWS,,,,,,P
117570-180540,P,Easton,Easton McGee,McGee,6,1,5500,MIL@CIN,MIL,CIN,,,,,,P
117570-203074,P,Spencer,Spencer Bivens,Bivens,6.705882352941177,17,5500,SD@SF,SF,SD,,,,,,P
117570-174406,P,Huascar,Huascar Brazoban,Brazoban,8,25,5500,NYM@LAD,NYM,LAD,,,,,,P
117570-117065,P,James,James Karinchak,Karinchak,0,3,5500,DET@CWS,CWS,DET,,,,,,P
117570-203080,P,Brandon,Brandon Eisert,Eisert,5.8,25,5500,DET@CWS,CWS,DET,,,,,,P
117570-57717,P,Buck,Buck Farmer,Farmer,6.049180327868853,61,5500,LAA@BOS,LAA,BOS,,,,,,P
117570-158131,P,Tyler,Tyler Gilbert,Gilbert,5.538461538461538,13,5500,DET@CWS,CWS,DET,IL,Knee,,,,P
117570-219569,P,Justin,Justin Hagenman,Hagenman,19,1,5500,NYM@LAD,NYM,LAD,,,,,,P
117570-158134,P,Stephen,Stephen Ridings,Ridings,,0,5500,NYM@LAD,LAD,NYM,,,,,,P
117570-188863,P,Randy,Randy Wynne,Wynne,15,1,5500,MIL@CIN,CIN,MIL,,,,,,P
117570-225748,P,Craig,Craig Yoho,Yoho,2.2,5,5500,MIL@CIN,MIL,CIN,,,,,,P
117570-80346,P,Giovanny,Giovanny Gallegos,Gallegos,4.842105263157895,21,5500,NYM@LAD,LAD,NYM,IL,Undisclosed,,,,P
117570-145918,P,Will,Will Vest,Vest,6.8076923076923075,26,5500,DET@CWS,DET,CWS,,,,,,P
117570-219654,P,Juan,Juan Carela,Carela,,0,5500,DET@CWS,CWS,DET,O,Elbow,,,,P
117570-219658,P,Jack,Jack Dashwood,Dashwood,,0,5500,LAA@BOS,LAA,BOS,,,,,,P
117570-119310,P,Noah,Noah Song,Song,,0,5500,LAA@BOS,BOS,LAA,O,Elbow,,,,P
117570-119319,P,Ryan,Ryan Jensen,Jensen,,0,5500,MIN@ATH,MIN,ATH,,,,,,P
117570-162328,P,Reiver,Reiver Sanmartin,Sanmartin,0,2,5500,MIL@CIN,CIN,MIL,,,,,,P
117570-219703,P,Travis,Travis Adams,Adams,,0,5500,MIN@ATH,MIN,ATH,,,,,,P
117570-219702,P,Marco,Marco Raya,Raya,,0,5500,MIN@ATH,MIN,ATH,,,,,,P
117570-219700,P,Luis,Luis Mey,Mey,4.928571428571429,14,5500,MIL@CIN,CIN,MIL,,,,,,P
117570-219706,P,Carson,Carson Seymour,Seymour,,0,5500,SD@SF,SF,SD,,,,,,P
117570-119356,P,Oliver,Oliver Ortega,Ortega,0,1,5500,NYM@LAD,NYM,LAD,IL,Elbow,,,,P
117570-119359,P,Ethan,Ethan Small,Small,0,2,5500,SD@SF,SF,SD,IL,Undisclosed,,,,P
117570-219708,P,Carson,Carson Ragsdale,Ragsdale,,0,5500,SD@SF,SF,SD,,,,,,P
117570-119367,P,Matt,Matt Canterino,Canterino,0,1,5500,MIN@ATH,MIN,ATH,IL,Shoulder,,,,P
117570-219723,P,Omar,Omar Cruz,Cruz,10,2,5500,SD@SF,SD,SF,,,,,,P
117570-139851,P,Justin,Justin Topa,Topa,4.578947368421052,19,5500,MIN@ATH,MIN,ATH,,,,,,P
117570-219722,P,Jack,Jack Dreyer,Dreyer,7.3478260869565215,23,5500,NYM@LAD,LAD,NYM,,,,,,P
117570-80460,P,John,John Brebbia,Brebbia,4.857142857142857,14,5500,DET@CWS,DET,CWS,,,,,,P
117570-207438,P,Fraser,Fraser Ellard,Ellard,5,7,5500,DET@CWS,CWS,DET,IL,Lat,,,,P
117570-119375,P,Dedniel,Dedniel Nunez,Nunez,2.75,5,5500,NYM@LAD,NYM,LAD,,,,,,P
117570-219725,P,Henry,Henry Baez,Baez,,0,5500,SD@SF,SD,SF,,,,,,P
117570-219724,P,Ryan,Ryan Bergert,Bergert,6,4,5500,SD@SF,SD,SF,,,,,,P
117570-219730,P,Chase,Chase Lee,Lee,8.166666666666666,12,5500,DET@CWS,DET,CWS,,,,,,P
117570-219729,P,Tyler,Tyler Mattison,Mattison,,0,5500,DET@CWS,DET,CWS,IL,Elbow,,,,P
117570-219728,P,Tyler,Tyler Owens,Owens,4.5,2,5500,DET@CWS,DET,CWS,,,,,,P
117570-119392,P,Josh,Josh Wolf,Wolf,,0,5500,SD@SF,SF,SD,,,,,,P
117570-119397,P,TJ,TJ Sikkema,Sikkema,,0,5500,MIL@CIN,CIN,MIL,IL,Undisclosed,,,,P
117570-21096,P,Erasmo,Erasmo Ramirez,Ramirez,7.3076923076923075,13,5500,MIN@ATH,MIN,ATH,IL,Shoulder,,,,P
117570-119403,P,Erik,Erik Miller,Miller,4.818181818181818,23,5500,SD@SF,SF,SD,,,,,,P
117570-82541,P,Bryan,Bryan Mata,Mata,0,2,5500,LAA@BOS,BOS,LAA,,,,,,P
117570-184943,P,Jesse,Jesse Scholtens,Scholtens,,0,5500,DET@CWS,CWS,DET,IL,Elbow,,,,P
117570-156272,P,Reiss,Reiss Knehr,Knehr,0,1,5500,SD@SF,SD,SF,,,,,,P
117570-180848,P,Angel,Angel Felipe,Felipe,0,2,5500,LAA@BOS,LAA,BOS,IL,Elbow,,,,P
117570-82546,P,Adbert,Adbert Alzolay,Alzolay,3.888888888888889,18,5500,NYM@LAD,NYM,LAD,IL,Elbow,,,,P
117570-119413,P,Isaiah,Isaiah Campbell,Campbell,0.25,8,5500,LAA@BOS,BOS,LAA,,,,,,P
117570-135798,P,Garrett,Garrett Stallings,Stallings,,0,5500,MIL@CIN,MIL,CIN,,,,,,P
117570-82548,P,Alex,Alex Lange,Lange,4.380952380952381,21,5500,DET@CWS,DET,CWS,IL,Lat,,,,P
117570-82552,P,Tony,Tony Santillan,Santillan,4.148148148148148,28,5500,MIL@CIN,CIN,MIL,,,,,,P
117570-62087,P,Miguel,Miguel Castro,Castro,2.5,6,5500,DET@CWS,CWS,DET,IL,Knee,,,,P
117570-170647,P,Jared,Jared Koenig,Koenig,4.689655172413793,29,5500,MIL@CIN,MIL,CIN,,,,,,P
117570-164500,P,Ryan,Ryan Cusick,Cusick,,0,5500,DET@CWS,DET,CWS,,,,,,P
117570-82584,P,JB,JB Bukauskas,Bukauskas,5.5,6,5500,MIL@CIN,MIL,CIN,IL,Lat,,,,P
117570-82587,P,Richard,Richard Lovelady,Lovelady,1,2,5500,MIN@ATH,MIN,ATH,,,,,,P
117570-82591,P,Chris,Chris Rodriguez,Rodriguez,,0,5500,DET@CWS,CWS,DET,,,,,,P
117570-164517,P,Chris,Chris Murphy,Murphy,0,2,5500,LAA@BOS,BOS,LAA,IL,Elbow,,,,P
117570-164522,P,Wikelman,Wikelman Gonzalez,Gonzalez,0,2,5500,DET@CWS,CWS,DET,,,,,,P
117570-17065,P,Blake,Blake Treinen,Treinen,5.625,8,5500,NYM@LAD,LAD,NYM,IL,Forearm,,,,P
117570-84651,P,Austin,Austin Davis,Davis,2.5714285714285716,7,5500,SD@SF,SD,SF,,,,,,P
117570-53953,P,Keone,Keone Kela,Kela,,0,5500,DET@CWS,CWS,DET,,,,,,P
117570-119494,P,Andrew,Andrew Dalquist,Dalquist,,0,5500,DET@CWS,CWS,DET,,,,,,P
117570-170699,P,Matt,Matt Gage,Gage,,0,5500,DET@CWS,DET,CWS,,,,,,P
117570-187105,P,Joe,Joe La Sorsa,La Sorsa,4.25,16,5500,MIL@CIN,CIN,MIL,,,,,,P
117570-187110,P,Ben,Ben Joyce,Joyce,2.6,5,5500,LAA@BOS,LAA,BOS,IL,Shoulder,,,,P
117570-187121,P,Grant,Grant Anderson,Anderson,6.28,25,5500,MIL@CIN,MIL,CIN,,,,,,P
117570-84727,P,Drew,Drew Smith,Smith,5.7894736842105265,19,5500,NYM@LAD,NYM,LAD,IL,Elbow,,,,P
117570-84731,P,Evan,Evan Phillips,Phillips,5,7,5500,NYM@LAD,LAD,NYM,IL,Elbow,,,,P
117570-84732,P,Robert,Robert Stock,Stock,3,1,5500,LAA@BOS,BOS,LAA,,,,,,P
117570-13055,P,Anthony,Anthony Gose,Gose,3.3333333333333335,3,5500,NYM@LAD,NYM,LAD,,,,,,P
117570-154368,P,Vinny,Vinny Nittoli,Nittoli,6,9,5500,MIL@CIN,MIL,CIN,,,,,,P
117570-211737,P,Luis,Luis Guerrero,Guerrero,6.25,4,5500,LAA@BOS,BOS,LAA,,,,,,P
117570-201506,P,Tyler,Tyler Ferguson,Ferguson,4.481481481481482,27,5500,MIN@ATH,ATH,MIN,,,,,,P
117570-199460,P,Jordan,Jordan Leasure,Leasure,4.826086956521739,24,5500,DET@CWS,CWS,DET,,,,,,P
117570-199465,P,Juan,Juan Sanchez,Sanchez,,0,5500,SD@SF,SF,SD,,,,,,P
117570-103218,P,Nick,Nick Margevicius,Margevicius,,0,5500,DET@CWS,DET,CWS,,,,,,P
117570-178997,P,Greg,Greg Weissert,Weissert,5.37037037037037,27,5500,LAA@BOS,BOS,LAA,,,,,,P
117570-13118,P,Justin,Justin Wilson,Wilson,4.875,24,5500,LAA@BOS,BOS,LAA,,,,,,P
117570-119622,P,Matt,Matt Allan,Allan,,0,5500,NYM@LAD,NYM,LAD,,,,,,P
117570-70482,P,J.B.,J.B. Wendelken,Wendelken,,0,5500,SD@SF,SD,SF,,,,,,P
117570-11108,P,Aroldis,Aroldis Chapman,Chapman,6.576923076923077,26,5500,LAA@BOS,BOS,LAA,,,,,,P
117570-189299,P,Victor,Victor Mederos,Mederos,9,1,5500,LAA@BOS,LAA,BOS,,,,,,P
117570-68469,P,Adam,Adam Plutko,Plutko,,0,5500,MIL@CIN,CIN,MIL,,,,,,P
117570-15225,P,Liam,Liam Hendriks,Hendriks,3.357142857142857,14,5500,LAA@BOS,BOS,LAA,IL,Hip,,,,P
117570-203642,P,Raymond,Raymond Burgos,Burgos,3,1,5500,SD@SF,SF,SD,,,,,,P
117570-68476,P,Taylor,Taylor Rogers,Rogers,4.636363636363637,24,5500,MIL@CIN,CIN,MIL,,,,,,P
117570-170889,P,Aneurys,Aneurys Zabala,Zabala,,0,5500,DET@CWS,DET,CWS,,,,,,P
117570-23437,P,Brooks,Brooks Raley,Raley,6.75,8,5500,NYM@LAD,NYM,LAD,IL,Elbow,,,,P
117570-82836,P,Julian,Julian Fernandez,Fernandez,,0,5500,NYM@LAD,LAD,NYM,,,,,,P
117570-80791,P,Alan,Alan Busenitz,Busenitz,1,3,5500,MIL@CIN,CIN,MIL,,,,,,P
117570-68515,P,Sam,Sam Moll,Moll,-1,3,5500,MIL@CIN,CIN,MIL,,,,,,P
117570-179118,P,Zack,Zack Kelly,Kelly,6,8,5500,LAA@BOS,BOS,LAA,,,,,,P
117570-68527,P,Jose,Jose De Leon,De Leon,,0,5500,LAA@BOS,BOS,LAA,,,,,,P
117570-52152,P,Robert,Robert Stephenson,Stephenson,9,2,5500,LAA@BOS,LAA,BOS,DTD,Biceps,,,,P
117570-175032,P,Brennan,Brennan Bernardino,Bernardino,5.038461538461538,27,5500,LAA@BOS,BOS,LAA,,,,,,P
117570-179129,P,Jeremiah,Jeremiah Estrada,Estrada,6.814814814814815,27,5500,SD@SF,SD,SF,,,,,,P
117570-68548,P,Edwin,Edwin Diaz,Diaz,7.416666666666667,24,5500,NYM@LAD,NYM,LAD,,,,,,P
117570-68551,P,Tyler,Tyler Beede,Beede,4.846153846153846,13,5500,MIN@ATH,MIN,ATH,,,,,,P
117570-70624,P,Chris,Chris Stratton,Stratton,5.142857142857143,14,5500,NYM@LAD,LAD,NYM,,,,,,P
117570-68584,P,Tyler,Tyler Jay,Jay,5.8,5,5500,MIL@CIN,MIL,CIN,,,,,,P
117570-226310,P,Jose,Jose Fermin,Fermin,4.888888888888889,9,5500,LAA@BOS,LAA,BOS,IL,Elbow,,,,P
117570-171020,P,Michael,Michael Kelly,Kelly,5.392857142857143,28,5500,MIN@ATH,ATH,MIN,NA,Suspension,,,,P
117570-82999,P,Scott,Scott Barlow,Barlow,4.62962962962963,27,5500,MIL@CIN,CIN,MIL,,,,,,P
117570-82998,P,Lou,Lou Trivino,Trivino,5.764705882352941,17,5500,NYM@LAD,LAD,NYM,,,,,,P
117570-212025,P,Zach,Zach Penrod,Penrod,3,7,5500,LAA@BOS,BOS,LAA,,,,,,P
117570-169030,P,Zach,Zach Jackson,Jackson,,0,5500,MIN@ATH,ATH,MIN,,,,,,P
117570-189529,P,Alek,Alek Jacob,Jacob,3.4545454545454546,22,5500,SD@SF,SD,SF,,,,,,P
117570-195681,P,Jose,Jose Espada,Espada,,0,5500,SD@SF,SD,SF,,,,,,P
117570-226411,P,David,David Morgan,Morgan,7.333333333333333,3,5500,SD@SF,SD,SF,,,,,,P
117570-83054,P,Justin,Justin Anderson,Anderson,4.796296296296297,56,5500,DET@CWS,CWS,DET,,,,,,P
117570-201853,P,Ryan,Ryan Loutos,Loutos,0,1,5500,NYM@LAD,LAD,NYM,,,,,,P
117570-187521,P,Joe,Joe Jacques,Jacques,3,2,5500,NYM@LAD,LAD,NYM,,,,,,P
117570-179339,P,Bryce,Bryce Montes de Oca,Montes de Oca,,0,5500,NYM@LAD,NYM,LAD,IL,Elbow,,,,P
117570-38036,P,T.J.,T.J. McFarland,McFarland,1.3888888888888888,18,5500,MIN@ATH,ATH,MIN,IL,Groin,,,,P
117570-21653,P,Hector,Hector Neris,Neris,4,13,5500,LAA@BOS,LAA,BOS,,,,,,P
117570-81044,P,Austin,Austin Adams,Adams,4.2727272727272725,56,5500,LAA@BOS,BOS,LAA,,,,,,P
117570-83097,P,D.J.,D.J. Snelten,Snelten,,0,5500,DET@CWS,CWS,DET,,,,,,P
117570-38043,P,Enny,Enny Romero,Romero,,0,5500,SD@SF,SF,SD,,,,,,P
117570-152733,P,Griffin,Griffin Jax,Jax,6.214285714285714,28,5500,MIN@ATH,MIN,ATH,,,,,,P
117570-195748,P,Kelvin,Kelvin Caceres,Caceres,0,2,5500,LAA@BOS,LAA,BOS,,,,,,P
117570-160965,P,Elvis,Elvis Peguero,Peguero,4.166666666666667,6,5500,MIL@CIN,MIL,CIN,,,,,,P
117570-83145,P,Jose,Jose Castillo,Castillo,3.3333333333333335,9,5500,NYM@LAD,NYM,LAD,,,,,,P
117570-83149,P,Jesus,Jesus Liranzo,Liranzo,,0,5500,MIL@CIN,MIL,CIN,,,,,,P
117570-206028,P,River,River Ryan,Ryan,28,4,5500,NYM@LAD,LAD,NYM,IL,Elbow,,,,P
117570-83154,P,Miguel,Miguel Del Pozo,Del Pozo,,0,5500,SD@SF,SF,SD,,,,,,P
117570-38106,P,Kirby,Kirby Yates,Yates,6.666666666666667,22,5500,NYM@LAD,LAD,NYM,IL,Hamstring,,,,P
117570-79067,P,Alex,Alex Young,Young,4.529411764705882,17,5500,MIL@CIN,CIN,MIL,IL,Elbow,,,,P
117570-79066,P,Anthony,Anthony Banda,Banda,4.884615384615385,26,5500,NYM@LAD,LAD,NYM,,,,,,P
117570-60640,P,Nick,Nick Burdi,Burdi,8.333333333333334,3,5500,LAA@BOS,BOS,LAA,,,,,,P
117570-83170,P,Thomas,Thomas Pannone,Pannone,,0,5500,MIL@CIN,MIL,CIN,IL,Forearm,,,,P
117570-152806,P,Jason,Jason Foley,Foley,4.044776119402985,70,5500,DET@CWS,DET,CWS,IL,Shoulder,,,,P
117570-79084,P,Tanner,Tanner Scott,Scott,4.518518518518518,27,5500,NYM@LAD,LAD,NYM,,,,,,P
117570-79095,P,Jay,Jay Groome,Groome,0,1,5500,SD@SF,SD,SF,NA,Suspension,,,,P
117570-79097,P,Bryan,Bryan Hudson,Hudson,4.583333333333333,12,5500,MIL@CIN,MIL,CIN,,,,,,P
117570-146684,P,Jared,Jared Kelley,Kelley,,0,5500,DET@CWS,CWS,DET,,,,,,P
117570-197888,P,Bailey,Bailey Horn,Horn,10,1,5500,DET@CWS,DET,CWS,IL,Elbow,,,,P
117570-85255,P,Shaun,Shaun Anderson,Anderson,9,5,5500,LAA@BOS,LAA,BOS,,,,,,P
117570-197899,P,Kai-Wei,Kai-Wei Teng,Teng,4.5,5,5500,SD@SF,SF,SD,,,,,,P
117570-197897,P,Trevor,Trevor McDonald,McDonald,12,1,5500,SD@SF,SF,SD,,,,,,P
117570-146702,P,Cole,Cole Sands,Sands,4.730769230769231,26,5500,MIN@ATH,MIN,ATH,,,,,,P
117570-85263,P,CD,CD Pelham,Pelham,,0,5500,MIN@ATH,ATH,MIN,,,,,,P
117570-197900,P,Luis,Luis Perales,Perales,0,2,5500,LAA@BOS,BOS,LAA,IL,Elbow,,,,P
117570-146706,P,Robert,Robert Dominguez,Dominguez,,0,5500,NYM@LAD,NYM,LAD,,,,,,P
117570-70933,P,Brock,Brock Stewart,Stewart,5.5,16,5500,MIN@ATH,MIN,ATH,,,,,,P
117570-197910,P,Wilmer,Wilmer Flores,Flores,0,1,5500,DET@CWS,DET,CWS,IL,Shoulder,,,,P
117570-187669,P,Ty,Ty Adcock,Adcock,1,1,5500,NYM@LAD,NYM,LAD,,,,,,P
117570-197919,P,Jairo,Jairo Iriarte,Iriarte,5.5,6,5500,DET@CWS,CWS,DET,,,,,,P
117570-197916,P,Anthony,Anthony Maldonado,Maldonado,2.5,6,5500,MIN@ATH,ATH,MIN,,,,,,P
117570-179490,P,Cole,Cole Waites,Waites,,0,5500,SD@SF,SF,SD,IL,Undisclosed,,,,P
117570-83232,P,Jason,Jason Adam,Adam,6.931034482758621,29,5500,SD@SF,SD,SF,,,,,,P
117570-85286,P,Ian,Ian Gibaut,Gibaut,3.125,16,5500,MIL@CIN,CIN,MIL,,,,,,P
117570-85288,P,Brusdar,Brusdar Graterol,Graterol,4.4,10,5500,NYM@LAD,LAD,NYM,IL,Shoulder,,,,P
117570-38189,P,Michael,Michael Tonkin,Tonkin,7.517857142857143,57,5500,MIN@ATH,MIN,ATH,IL,Biceps,,,,P
117570-79150,P,Josh,Josh Staumont,Staumont,4.12,25,5500,MIL@CIN,CIN,MIL,IL,Undisclosed,,,,P
117570-185662,P,Sammy,Sammy Peralta,Peralta,6,9,5500,LAA@BOS,LAA,BOS,,,,,,P
117570-154947,P,Justin,Justin Garza,Garza,,0,5500,SD@SF,SF,SD,,,,,,P
117570-79172,P,Luis,Luis Ortiz,Ortiz,-4,3,5500,NYM@LAD,NYM,LAD,IL,Elbow,,,,P
117570-38217,P,Tommy,Tommy Kahnle,Kahnle,5.583333333333333,24,5500,DET@CWS,DET,CWS,,,,,,P
117570-181583,P,Prelander,Prelander Berroa,Berroa,7.0588235294117645,17,5500,DET@CWS,CWS,DET,IL,Elbow,,,,P
117570-79184,P,Thomas,Thomas Szapucki,Szapucki,0,2,5500,DET@CWS,DET,CWS,IL,Shoulder,,,,P
117570-204119,P,Jacob,Jacob Bosiokovic,Bosiokovic,,0,5500,MIN@ATH,MIN,ATH,,,,,,P
117570-21846,P,Chris,Chris Devenski,Devenski,6,2,5500,NYM@LAD,NYM,LAD,,,,,,P
117570-118106,P,Victor,Victor Gonzalez,Gonzalez,3.1481481481481484,27,5500,LAA@BOS,LAA,BOS,IL,Undisclosed,,,,P
117570-79196,P,Albert,Albert Abreu,Abreu,,0,5500,MIL@CIN,CIN,MIL,,,,,,P
117570-38251,P,Hunter,Hunter Strickland,Strickland,5.2,5,5500,LAA@BOS,LAA,BOS,,,,,,P
117570-118122,P,Angel,Angel Perdomo,Perdomo,2.5,4,5500,MIN@ATH,ATH,MIN,,,,,,P
117570-193897,P,Kody,Kody Funderburk,Funderburk,3.857142857142857,7,5500,MIN@ATH,MIN,ATH,,,,,,P
117570-79227,P,Adrian,Adrian Morejon,Morejon,4.8076923076923075,26,5500,SD@SF,SD,SF,,,,,,P
117570-79258,P,Ryne,Ryne Stanek,Stanek,4.217391304347826,23,5500,NYM@LAD,NYM,LAD,,,,,,P
117570-79265,P,Alex,Alex Speas,Speas,9,2,5500,MIN@ATH,MIN,ATH,,,,,,P
117570-181664,P,Sean,Sean Reynolds,Reynolds,6.25,8,5500,SD@SF,SD,SF,,,,,,P
117570-101801,P,Joel,Joel Payamps,Payamps,2.260869565217391,23,5500,MIL@CIN,MIL,CIN,,,,,,P
117570-118195,P,Tejay,Tejay Antone,Antone,4.5,6,5500,MIL@CIN,CIN,MIL,IL,Elbow,,,,P
117570-40382,P,Luis,Luis Garcia,Garcia,4.615384615384615,26,5500,NYM@LAD,LAD,NYM,IL,Thigh,,,,P
117570-101825,P,Jose,Jose Quijada,Quijada,5.5,22,5500,LAA@BOS,LAA,BOS,,,,,,P
117570-101826,P,Jordan,Jordan Holloway,Holloway,,0,5500,LAA@BOS,LAA,BOS,,,,,,P
117570-200143,P,Josh,Josh Maciejewski,Maciejewski,9,4,5500,MIL@CIN,MIL,CIN,,,,,,P
117570-101851,P,Brock,Brock Burke,Burke,4.64,25,5500,LAA@BOS,LAA,BOS,,,,,,P
117570-226819,P,Caleb,Caleb Freeman,Freeman,1.75,4,5500,DET@CWS,CWS,DET,,,,,,P
117570-95757,P,Andrew,Andrew Vasquez,Vasquez,,0,5500,LAA@BOS,LAA,BOS,,,,,,P
117570-138767,P,Jesus,Jesus Cruz,Cruz,,0,5500,LAA@BOS,LAA,BOS,,,,,,P
117570-101905,P,Sam,Sam McWilliams,McWilliams,,0,5500,MIL@CIN,MIL,CIN,,,,,,P
117570-101911,P,Reed,Reed Garrett,Garrett,6.68,26,5500,NYM@LAD,NYM,LAD,,,,,,P
117570-71190,P,Jose,Jose Leclerc,Leclerc,3.3,10,5500,MIN@ATH,ATH,MIN,IL,Lat,,,,P
117570-181791,P,Connor,Connor Thomas,Thomas,-2.5,2,5500,MIL@CIN,MIL,CIN,IL,Elbow,,,,P
117570-79390,P,Michael,Michael Kopech,Kopech,6.302631578947368,77,5500,NYM@LAD,LAD,NYM,IL,Shoulder,,,,P
117570-58913,P,Danny,Danny Coulombe,Coulombe,5.947368421052632,19,5500,MIN@ATH,MIN,ATH,IL,Forearm,,,,P
117570-181796,P,Blair,Blair Calvo,Calvo,,0,5500,DET@CWS,DET,CWS,IL,Undisclosed,,,,P
117570-210475,P,Ryan,Ryan Zeferjahn,Zeferjahn,5.208333333333333,24,5500,LAA@BOS,LAA,BOS,,,,,,P
117570-71218,P,Dylan,Dylan Floro,Floro,4.671875,66,5500,MIN@ATH,ATH,MIN,,,,,,P
117570-222783,P,Grant,Grant Taylor,Taylor,,0,5500,DET@CWS,CWS,DET,,,,,,P
117570-222782,P,Chase,Chase Burns,Burns,,0,5500,MIL@CIN,CIN,MIL,,,,,,P
117570-222784,P,Hagen,Hagen Smith,Smith,,0,5500,DET@CWS,CWS,DET,IL,Elbow,,,,P
117570-185926,P,Ryan,Ryan Walker,Walker,4,24,5500,SD@SF,SF,SD,,,,,,P
117570-181831,P,Yosver,Yosver Zulueta,Zulueta,3.5,2,5500,MIL@CIN,CIN,MIL,,,,,,P
117570-222790,P,Jose,Jose Rodriguez,Rodriguez,,0,5500,NYM@LAD,LAD,NYM,,,,,,P
117570-222789,P,Jackson,Jackson Ferris,Ferris,,0,5500,NYM@LAD,LAD,NYM,,,,,,P
117570-181838,P,Abner,Abner Uribe,Uribe,6.655172413793103,29,5500,MIL@CIN,MIL,CIN,,,,,,P
117570-73301,P,Brent,Brent Suter,Suter,6.578947368421052,19,5500,MIL@CIN,CIN,MIL,,,,,,P
117570-181854,P,Brendan,Brendan White,White,0,1,5500,DET@CWS,DET,CWS,,,,,,P
117570-222812,P,Jaden,Jaden Hamm,Hamm,,0,5500,DET@CWS,DET,CWS,,,,,,P
117570-222819,P,Jonah,Jonah Tong,Tong,,0,5500,NYM@LAD,NYM,LAD,,,,,,P
117570-169574,P,Penn,Penn Murfee,Murfee,3.142857142857143,15,5500,DET@CWS,CWS,DET,,,,,,P
117570-222822,P,Brandon,Brandon Sproat,Sproat,,0,5500,NYM@LAD,NYM,LAD,,,,,,P
117570-222820,P,Nolan,Nolan McLean,McLean,,0,5500,NYM@LAD,NYM,LAD,,,,,,P
117570-222828,P,Jacob,Jacob Webb,Webb,,0,5500,LAA@BOS,BOS,LAA,,,,,,P
117570-226929,P,Bradgley,Bradgley Rodriguez,Rodriguez,8,1,5500,SD@SF,SD,SF,,,,,,P
117570-118397,P,Trevor,Trevor Megill,Megill,4.818181818181818,23,5500,MIL@CIN,MIL,CIN,,,,,,P
117570-210559,P,Brady,Brady Feigl,Feigl,-13,1,5500,MIN@ATH,MIN,ATH,,,,,,P
117570-110219,P,Sean,Sean Poppen,Poppen,,0,5500,LAA@BOS,LAA,BOS,,,,,,P
117570-73362,P,Rob,Rob Zastryzny,Zastryzny,8.5,6,5500,MIL@CIN,MIL,CIN,,,,,,P
117570-220822,P,Elvis,Elvis Alvarado,Alvarado,5.5,2,5500,MIN@ATH,ATH,MIN,,,,,,P
117570-165534,P,Norge,Norge Vera,Vera,,0,5500,MIN@ATH,ATH,MIN,,,,,,P
117570-202402,P,Justin,Justin Sterner,Sterner,5.037037037037037,28,5500,MIN@ATH,ATH,MIN,,,,,,P
117570-222881,P,Ryan,Ryan Johnson,Johnson,4.769230769230769,14,5500,LAA@BOS,LAA,BOS,,,,,,P
117570-220838,P,Garrett,Garrett McDaniels,McDaniels,2.9,10,5500,LAA@BOS,LAA,BOS,IL,Biceps,,,,P
117570-169636,P,Beau,Beau Brieske,Brieske,3.9473684210526314,19,5500,DET@CWS,DET,CWS,,,,,,P
117570-165545,P,Tanner,Tanner McDougal,McDougal,,0,5500,DET@CWS,CWS,DET,,,,,,P
117570-165553,P,Dylan,Dylan Smith,Smith,,0,5500,DET@CWS,DET,CWS,,,,,,P
117570-165577,P,Sam,Sam Bachman,Bachman,0,2,5500,LAA@BOS,LAA,BOS,,,,,,P
117570-188115,P,Grant,Grant Hartwig,Hartwig,4.25,6,5500,NYM@LAD,NYM,LAD,,,,,,P
117570-165584,P,Alejandro,Alejandro Hidalgo,Hidalgo,,0,5500,MIN@ATH,MIN,ATH,,,,,,P
117570-165585,P,Erik,Erik Rivera,Rivera,,0,5500,LAA@BOS,BOS,LAA,,,,,,P
117570-198352,P,Shane,Shane Drohan,Drohan,0,1,5500,LAA@BOS,BOS,LAA,IL,Forearm,,,,P
117570-222928,P,Michael,Michael Darrell-Hicks,Darrell-Hicks,3.8333333333333335,6,5500,LAA@BOS,LAA,BOS,,,,,,P
117570-198356,P,Justin,Justin Slaten,Slaten,4.217391304347826,24,5500,LAA@BOS,BOS,LAA,IL,Shoulder,,,,P
117570-165594,P,Carlos,Carlos Duran,Duran,-8,1,5500,MIN@ATH,ATH,MIN,,,,,,P
117570-165595,P,Maddux,Maddux Bruns,Bruns,,0,5500,NYM@LAD,LAD,NYM,IL,Back,,,,P
117570-141024,P,Bruce,Bruce Zimmermann,Zimmermann,0,1,5500,MIL@CIN,MIL,CIN,,,,,,P
117570-212709,P,Edgardo,Edgardo Henriquez,Henriquez,5.666666666666667,6,5500,NYM@LAD,LAD,NYM,IL,Foot,,,,P
117570-81640,P,Yacksel,Yacksel Rios,Rios,,0,5500,NYM@LAD,NYM,LAD,IL,Undisclosed,,,,P
117570-181992,P,Jose,Jose Hernandez,Hernandez,4,8,5500,NYM@LAD,LAD,NYM,,,,,,P
117570-81642,P,A.J.,A.J. Minter,Minter,5.3076923076923075,13,5500,NYM@LAD,NYM,LAD,IL,Lat,,,,P
117570-165621,P,Russell,Russell Smith,Smith,,0,5500,MIL@CIN,MIL,CIN,IL,Undisclosed,,,,P
117570-165624,P,Dom,Dom Hamel,Hamel,,0,5500,NYM@LAD,NYM,LAD,,,,,,P
117570-165625,P,Calvin,Calvin Ziegler,Ziegler,,0,5500,NYM@LAD,NYM,LAD,O,Elbow,,,,P
117570-165642,P,Mason,Mason Miller,Miller,6.7,20,5500,MIN@ATH,ATH,MIN,,,,,,P
117570-165650,P,Grant,Grant Holman,Holman,5.470588235294118,17,5500,MIN@ATH,ATH,MIN,,,,,,P
117570-165649,P,Colin,Colin Peluse,Peluse,,0,5500,MIN@ATH,ATH,MIN,,,,,,P
117570-161563,P,Jovani,Jovani Moran,Moran,,0,5500,LAA@BOS,BOS,LAA,IL,Elbow,,,,P
117570-165671,P,Victor,Victor Lizarraga,Lizarraga,,0,5500,SD@SF,SD,SF,,,,,,P
117570-182062,P,Gus,Gus Varland,Varland,5.230769230769231,26,5500,DET@CWS,CWS,DET,,,,,,P
117570-165687,P,Will,Will Bednar,Bednar,,0,5500,SD@SF,SF,SD,,,,,,P
117570-165684,P,Matt,Matt Mikulski,Mikulski,,0,5500,SD@SF,SF,SD,,,,,,P
117570-165691,P,Manuel,Manuel Mercedes,Mercedes,,0,5500,SD@SF,SF,SD,,,,,,P
117570-163654,P,Alexis,Alexis Diaz,Diaz,0.5,6,5500,NYM@LAD,LAD,NYM,,,,,,P
117570-116548,P,Tyler,Tyler Rogers,Rogers,5.5,28,5500,SD@SF,SF,SD,,,,,,P
117570-163655,P,Daniel,Daniel Duarte,Duarte,12,3,5500,MIN@ATH,MIN,ATH,IL,Elbow,,,,P
117570-163658,P,Randy,Randy Rodriguez,Rodriguez,8.208333333333334,24,5500,SD@SF,SF,SD,,,,,,P
117570-163660,P,Steven,Steven Wilson,Wilson,4.611111111111111,18,5500,DET@CWS,CWS,DET,,,,,,P
117570-163673,P,Jorge,Jorge Juan,Juan,,0,5500,LAA@BOS,BOS,LAA,,,,,,P
117570-163683,P,Ricky,Ricky Vanasco,Vanasco,4,4,5500,DET@CWS,DET,CWS,,,,,,P
117570-163687,P,Ron,Ron Marinaccio,Marinaccio,7.5625,16,5500,SD@SF,SD,SF,,,,,,P
117570-163702,P,Logan,Logan Gillaspie,Gillaspie,9,3,5500,SD@SF,SD,SF,IL,Oblique,,,,P
117570-163707,P,Freddy,Freddy Pacheco,Pacheco,,0,5500,DET@CWS,DET,CWS,,,,,,P
117570-210813,P,Ryan,Ryan Miller,Miller,4.153846153846154,13,5500,DET@CWS,DET,CWS,,,,,,P
117570-161675,P,Jonathan,Jonathan Heasley,Heasley,-0.5,5,5500,DET@CWS,CWS,DET,,,,,,P
117570-190370,P,Jackson,Jackson Wolf,Wolf,0,1,5500,SD@SF,SD,SF,,,,,,P
117570-157600,P,Austin,Austin Warren,Warren,6,1,5500,NYM@LAD,NYM,LAD,,,,,,P
117570-102314,P,Lenny,Lenny Torres,Torres,,0,5500,MIL@CIN,CIN,MIL,,,,,,P
117570-163782,P,Robert,Robert Suarez,Suarez,5.461538461538462,26,5500,SD@SF,SD,SF,,,,,,P
117570-102355,P,Jorge,Jorge Alcala,Alcala,4.823529411764706,19,5500,MIN@ATH,MIN,ATH,,,,,,P
117570-198619,P,Yuki,Yuki Matsui,Matsui,5.454545454545454,24,5500,SD@SF,SD,SF,,,,,,P
117570-198618,P,Coleman,Coleman Crow,Crow,,0,5500,MIL@CIN,MIL,CIN,,,,,,P
117570-202726,P,Michel,Michel Otanez,Otanez,2,6,5500,MIN@ATH,ATH,MIN,,,,,,P
117570-102375,P,Luis,Luis Medina,Medina,20.375,8,5500,MIN@ATH,ATH,MIN,IL,Elbow,,,,P
117570-169957,P,Danny,Danny Young,Young,5.2,10,5500,NYM@LAD,NYM,LAD,IL,Elbow,,,,P
117570-102376,P,Garrett,Garrett Whitlock,Whitlock,9.2,20,5500,LAA@BOS,BOS,LAA,,,,,,P
117570-210936,P,Evan,Evan Kravetz,Kravetz,2,1,5500,MIL@CIN,CIN,MIL,,,,,,P
117570-102397,P,Wyatt,Wyatt Mills,Mills,,0,5500,LAA@BOS,BOS,LAA,,,,,,P
117570-102399,P,Sam,Sam Carlson,Carlson,,0,5500,NYM@LAD,LAD,NYM,,,,,,P
117570-82440,OF,Shohei,Shohei Ohtani,Ohtani,16.808771501507675,57,4800,NYM@LAD,LAD,NYM,,,,,,OF/UTIL
117570-68585,3B,Rafael,Rafael Devers,Devers,13.13770531826332,61,4400,LAA@BOS,BOS,LAA,,,,,,3B/UTIL
117570-82614,1B,Pete,Pete Alonso,Alonso,12.345763125662076,59,4200,NYM@LAD,NYM,LAD,,,,,,C/1B/UTIL
117570-11334,1B,Freddie,Freddie Freeman,Freeman,13.345832824707031,48,4100,NYM@LAD,LAD,NYM,,,,,,C/1B/UTIL
117570-16952,SS,Francisco,Francisco Lindor,Lindor,12.631034061826508,58,4000,NYM@LAD,NYM,LAD,,,,,,SS/UTIL
117570-79393,OF,Fernando,Fernando Tatis Jr.,Tatis Jr.,12.071428571428571,56,3900,SD@SF,SD,SF,,,,,,OF/UTIL
117570-73023,OF,Teoscar,Teoscar Hernandez,Hernandez,12.795555284288195,45,3800,NYM@LAD,LAD,NYM,,,,,,OF/UTIL
117570-79282,OF,Juan,Juan Soto,Soto,11.49310302734375,58,3800,NYM@LAD,NYM,LAD,,,,,,OF/UTIL
117570-165513,SS,Elly,Elly De La Cruz,De La Cruz,13.15,60,3800,MIL@CIN,CIN,MIL,,,,,,SS/UTIL
117570-39151,2B/SS/OF,Mookie,Mookie Betts,Betts,11.375472158755896,53,3700,NYM@LAD,LAD,NYM,DTD,Toe,,,,2B/SS/OF/UTIL
117570-39086,OF,Byron,Byron Buxton,Buxton,13.283721214117007,43,3600,MIN@ATH,MIN,ATH,,,,,,OF/UTIL
117570-119311,OF,Jarren,Jarren Duran,Duran,11.186666870117188,60,3600,LAA@BOS,BOS,LAA,,,,,,OF/UTIL
117570-12933,OF,Mike,Mike Trout,Trout,10.4375,32,3600,LAA@BOS,LAA,BOS,,,,,,OF/UTIL
117570-82642,OF,Heliot,Heliot Ramos,Ramos,11.387718869928728,57,3600,SD@SF,SF,SD,,,,,,OF/UTIL
117570-81953,OF,Austin,Austin Hays,Hays,12.841935680758569,31,3500,MIL@CIN,CIN,MIL,IL,Foot,,,,OF/UTIL
117570-82612,OF,Brent,Brent Rooker,Rooker,10.931667073567708,60,3500,MIN@ATH,ATH,MIN,,,,,,OF/UTIL
117570-68522,3B,Alex,Alex Bregman,Bregman,12.586274988511029,51,3500,LAA@BOS,BOS,LAA,IL,Quadriceps,,,,3B/UTIL
117570-185300,SS,Zach,Zach Neto,Neto,12.019999694824218,40,3500,LAA@BOS,LAA,BOS,,,,,,SS/UTIL
117570-165666,OF,Jackson,Jackson Merrill,Merrill,11.524999618530273,32,3500,SD@SF,SD,SF,,,,,,OF/UTIL
117570-68588,2B,Gleyber,Gleyber Torres,Torres,10.606382978723405,47,3400,DET@CWS,DET,CWS,,,,,,2B/UTIL
117570-21609,OF,Christian,Christian Yelich,Yelich,11.39824582819353,57,3400,MIL@CIN,MIL,CIN,DTD,Hand,,,,OF/UTIL
117570-79151,OF,Taylor,Taylor Ward,Ward,10.975438168174342,57,3400,LAA@BOS,LAA,BOS,,,,,,OF/UTIL
117570-79401,C,Will,Will Smith,Smith,11.212765957446809,47,3400,NYM@LAD,LAD,NYM,,,,,,C/1B/UTIL
117570-13929,3B,Manny,Manny Machado,Machado,11.271929824561404,57,3400,SD@SF,SD,SF,,,,,,3B/UTIL
117570-119343,OF,Riley,Riley Greene,Greene,11.003448486328125,58,3300,DET@CWS,DET,CWS,,,,,,OF/UTIL
117570-181812,OF,Wilyer,Wilyer Abreu,Abreu,9.86034524851832,58,3300,LAA@BOS,BOS,LAA,,,,,,OF/UTIL
117570-135203,1B,Spencer,Spencer Torkelson,Torkelson,11.810344827586206,58,3200,DET@CWS,DET,CWS,,,,,,C/1B/UTIL
117570-102555,3B,Noelvi,Noelvi Marte,Marte,12.394736842105264,19,3200,MIL@CIN,CIN,MIL,IL,Oblique,,,,3B/UTIL
117570-68544,3B,Matt,Matt Chapman,Chapman,10.258620689655173,58,3200,SD@SF,SF,SD,,,,,,3B/UTIL
117570-13638,1B,Wilmer,Wilmer Flores,Flores,9.746551513671875,58,3200,SD@SF,SF,SD,,,,,,C/1B/UTIL
117570-181795,OF,Lawrence,Lawrence Butler,Butler,10.607142857142858,56,3200,MIN@ATH,ATH,MIN,,,,,,OF/UTIL
117570-165611,OF,Jackson,Jackson Chourio,Chourio,11.4559326171875,59,3200,MIL@CIN,MIL,CIN,,,,,,OF/UTIL
117570-102284,C,William,William Contreras,Contreras,9.942856924874443,56,3200,MIL@CIN,MIL,CIN,,,,,,C/1B/UTIL
117570-135298,1B/OF,Tyler,Tyler Soderstrom,Soderstrom,10.503333536783854,60,3100,MIN@ATH,ATH,MIN,,,,,,C/1B/OF/UTIL
117570-82569,1B/OF,Gavin,Gavin Sheets,Sheets,9.344444557472512,54,3100,SD@SF,SD,SF,DTD,Undisclosed,,,,C/1B/OF/UTIL
117570-82734,OF,Luis,Luis Robert Jr.,Robert Jr.,9.562263920622051,53,3100,DET@CWS,CWS,DET,,,,,,OF/UTIL
117570-80847,OF,Mike,Mike Tauchman,Tauchman,14.363636363636363,11,3100,DET@CWS,CWS,DET,,,,,,OF/UTIL
117570-118210,1B/2B,Jake,Jake Cronenworth,Cronenworth,9.406060421105588,33,3100,SD@SF,SD,SF,,,,,,C/1B/2B/UTIL
117570-198539,OF,Jung Hoo,Jung Hoo Lee,Lee,10.101724558863147,58,3100,SD@SF,SF,SD,,,,,,OF/UTIL
117570-108450,SS/2B/OF,Tommy,Tommy Edman,Edman,10.754762195405506,42,3100,NYM@LAD,LAD,NYM,,,,,,2B/SS/OF/UTIL
117570-102362,OF,Trevor,Trevor Larnach,Larnach,9.456140350877194,57,3100,MIN@ATH,MIN,ATH,,,,,,OF/UTIL
117570-61553,3B,Yoan,Yoan Moncada,Moncada,10.323333740234375,30,3000,LAA@BOS,LAA,BOS,,,,,,3B/UTIL
117570-53757,OF,Rob,Rob Refsnyder,Refsnyder,9.204762050083705,21,3000,LAA@BOS,BOS,LAA,,,,,,OF/UTIL
117570-23107,OF,Jorge,Jorge Soler,Soler,8.183333220305267,54,3000,LAA@BOS,LAA,BOS,,,,,,OF/UTIL
117570-119372,OF/3B/1B,Miguel,Miguel Vargas,Vargas,9.330909312855114,55,3000,DET@CWS,CWS,DET,,,,,,C/1B/3B/OF/UTIL
117570-119377,OF,Matt,Matt Wallner,Wallner,8.905000305175781,20,3000,MIN@ATH,MIN,ATH,,,,,,OF/UTIL
117570-68495,OF,Andrew,Andrew Benintendi,Benintendi,9.809374809265137,32,3000,DET@CWS,CWS,DET,,,,,,OF/UTIL
117570-146695,OF,Andy,Andy Pages,Pages,10.9654541015625,55,3000,NYM@LAD,LAD,NYM,,,,,,OF/UTIL
117570-79119,OF,Will,Will Benson,Benson,10.19000015258789,20,3000,MIL@CIN,CIN,MIL,,,,,,OF/UTIL
117570-79215,1B,Rhys,Rhys Hoskins,Hoskins,9.758928571428571,56,3000,MIL@CIN,MIL,CIN,,,,,,C/1B/UTIL
117570-206482,SS,Jacob,Jacob Wilson,Wilson,10.968421266790022,57,3000,MIN@ATH,ATH,MIN,,,,,,SS/UTIL
117570-102296,OF,TJ,TJ Friedl,Friedl,10.639285496303014,56,3000,MIL@CIN,CIN,MIL,,,,,,OF/UTIL
117570-119303,C,Shea,Shea Langeliers,Langeliers,9.515384380634014,52,2900,MIN@ATH,ATH,MIN,,,,,,C/1B/UTIL
117570-176691,OF,Kerry,Kerry Carpenter,Carpenter,8.934545343572443,55,2900,DET@CWS,DET,CWS,,,,,,OF/UTIL
117570-17097,OF,Brandon,Brandon Nimmo,Nimmo,8.859999778053977,55,2900,NYM@LAD,NYM,LAD,,,,,,OF/UTIL
117570-52158,SS,Trevor,Trevor Story,Story,8.466666773745889,57,2900,LAA@BOS,BOS,LAA,,,,,,SS/UTIL
117570-222295,2B/SS,Hyeseong,Hyeseong Kim,Kim,8.186363913796164,22,2900,NYM@LAD,LAD,NYM,,,,,,2B/SS/UTIL
117570-37982,SS/2B,Xander,Xander Bogaerts,Bogaerts,8.584210312157346,57,2900,SD@SF,SD,SF,,,,,,2B/SS/UTIL
117570-197762,C,Carlos,Carlos Narvaez,Narvaez,8.743182095614346,44,2900,LAA@BOS,BOS,LAA,,,,,,C/1B/UTIL
117570-60655,SS,Willy,Willy Adames,Adames,8.55084745762712,59,2900,SD@SF,SF,SD,,,,,,SS/UTIL
117570-165507,SS/2B,Matt,Matt McLain,McLain,8.623529172411152,51,2900,MIL@CIN,CIN,MIL,,,,,,2B/SS/UTIL
117570-181987,OF,Masataka,Masataka Yoshida,Yoshida,8.75925925925926,108,2900,LAA@BOS,BOS,LAA,IL,Shoulder,,,,OF/UTIL
117570-53033,OF,Mike,Mike Yastrzemski,Yastrzemski,8.579629403573495,54,2900,SD@SF,SF,SD,,,,,,OF/UTIL
117570-135260,C,Logan,Logan O'Hoppe,O'Hoppe,9.200000239353553,51,2800,LAA@BOS,LAA,BOS,,,,,,C/1B/UTIL
117570-119376,3B/2B,Brett,Brett Baty,Baty,7.629267994950458,41,2800,NYM@LAD,NYM,LAD,,,,,,2B/3B/UTIL
117570-82555,SS/2B/3B/OF,Willi,Willi Castro,Castro,8.610526637027139,38,2800,MIN@ATH,MIN,ATH,,,,,,2B/3B/SS/OF/UTIL
117570-82580,OF,Jo,Jo Adell,Adell,7.05490172143076,51,2800,LAA@BOS,LAA,BOS,,,,,,OF/UTIL
117570-82615,3B,Mark,Mark Vientos,Vientos,7.959615267240084,52,2800,NYM@LAD,NYM,LAD,,,,,,3B/UTIL
117570-195378,SS/2B/OF,Tyler,Tyler Fitzgerald,Fitzgerald,7.907894736842105,38,2800,SD@SF,SF,SD,,,,,,2B/SS/OF/UTIL
117570-52176,3B,Max,Max Muncy,Muncy,8.97090897993608,55,2800,NYM@LAD,LAD,NYM,,,,,,3B/UTIL
117570-193598,1B,Nolan,Nolan Schanuel,Schanuel,8.210714067731585,56,2800,LAA@BOS,LAA,BOS,,,,,,C/1B/UTIL
117570-222287,SS/2B,Chase,Chase Meidroth,Meidroth,8.482856968470982,35,2800,DET@CWS,CWS,DET,,,,,,2B/SS/UTIL
117570-79110,C,Tyler,Tyler Stephenson,Stephenson,9.104166666666666,24,2800,MIL@CIN,CIN,MIL,,,,,,C/1B/UTIL
117570-118218,SS/3B/2B/OF,Zach,Zach McKinstry,McKinstry,9.118867694206958,53,2800,DET@CWS,DET,CWS,,,,,,2B/3B/SS/OF/UTIL
117570-101842,1B,Ty,Ty France,France,8.164285932268415,56,2800,MIN@ATH,MIN,ATH,,,,,,C/1B/UTIL
117570-222794,1B,Nick,Nick Kurtz,Kurtz,8.810714176722936,28,2800,MIN@ATH,ATH,MIN,IL,Hip,,,,C/1B/UTIL
117570-38614,SS,Carlos,Carlos Correa,Correa,7.404000244140625,50,2800,MIN@ATH,MIN,ATH,,,,,,SS/UTIL
117570-102353,2B,Brice,Brice Turang,Turang,10.719298245614034,57,2800,MIL@CIN,MIL,CIN,,,,,,2B/UTIL
117570-119368,C,Ryan,Ryan Jeffers,Jeffers,7.7276598341921545,47,2700,MIN@ATH,MIN,ATH,,,,,,C/1B/UTIL
117570-83191,C,Austin,Austin Wynns,Wynns,8.372222052680122,18,2700,MIL@CIN,CIN,MIL,,,,,,C/1B/UTIL
117570-85307,2B/OF,Jeff,Jeff McNeil,McNeil,8.085714067731585,28,2700,NYM@LAD,NYM,LAD,,,,,,2B/OF/UTIL
117570-79195,OF/1B/3B,Miguel,Miguel Andujar,Andujar,7.995651908542799,46,2700,MIN@ATH,ATH,MIN,O,Oblique,,,,C/1B/3B/OF/UTIL
117570-21885,SS/3B/OF,Javier,Javier Baez,Baez,8.655102165377869,49,2700,DET@CWS,DET,CWS,,,,,,3B/SS/OF/UTIL
117570-101827,1B/2B,Luis,Luis Arraez,Arraez,8.766666786343444,51,2700,SD@SF,SD,SF,,,,,,C/1B/2B/UTIL
117570-13792,3B/1B/2B/OF,Kike,Kike Hernandez,Hernandez,6.799999734629756,46,2700,NYM@LAD,LAD,NYM,,,,,,C/1B/2B/3B/OF/UTIL
117570-181811,OF/2B/SS,Ceddanne,Ceddanne Rafaela,Rafaela,8.114285605294365,56,2700,LAA@BOS,BOS,LAA,,,,,,2B/SS/OF/UTIL
117570-161418,2B/1B/3B,Romy,Romy Gonzalez,Gonzalez,8.941176470588236,17,2700,LAA@BOS,BOS,LAA,IL,Quadriceps,,,,C/1B/2B/3B/UTIL
117570-165544,2B/3B/1B,Lenyn,Lenyn Sosa,Sosa,6.427272727272728,55,2700,DET@CWS,CWS,DET,,,,,,C/1B/2B/3B/UTIL
117570-165605,OF,Sal,Sal Frelick,Frelick,8.940350984272204,57,2700,MIL@CIN,MIL,CIN,,,,,,OF/UTIL
117570-38872,OF,Jesse,Jesse Winker,Winker,7.400000254313151,24,2700,NYM@LAD,NYM,LAD,IL,Oblique,,,,OF/UTIL
117570-135204,C,Dillon,Dillon Dingler,Dingler,8.4930235396984,43,2600,DET@CWS,DET,CWS,,,,,,C/1B/UTIL
117570-102486,OF,Blake,Blake Perkins,Perkins,8.120325104007875,123,2600,MIL@CIN,MIL,CIN,IL,Lower leg,,,,OF/UTIL
117570-82608,3B,Royce,Royce Lewis,Lewis,3.966666811988467,21,2600,MIN@ATH,MIN,ATH,,,,,,3B/UTIL
117570-119495,1B,Andrew,Andrew Vaughn,Vaughn,6.047916412353516,48,2600,DET@CWS,CWS,DET,,,,,,C/1B/UTIL
117570-179272,OF/1B/2B,Spencer,Spencer Steer,Steer,7.549056718934257,53,2600,MIL@CIN,CIN,MIL,,,,,,C/1B/2B/OF/UTIL
117570-13423,OF,Starling,Starling Marte,Marte,6.87894720780222,38,2600,NYM@LAD,NYM,LAD,,,,,,OF/UTIL
117570-146697,OF,Garrett,Garrett Mitchell,Mitchell,5.652000122070312,25,2600,MIL@CIN,MIL,CIN,IL,Oblique,,,,OF/UTIL
117570-79165,2B/OF,Gavin,Gavin Lux,Lux,8,54,2600,MIL@CIN,CIN,MIL,,,,,,2B/OF/UTIL
117570-79225,3B/2B,Luis,Luis Urias,Urias,7.319565482761549,46,2600,MIN@ATH,ATH,MIN,,,,,,2B/3B/UTIL
117570-79249,OF,Harrison,Harrison Bader,Bader,8.275999755859376,50,2600,MIN@ATH,MIN,ATH,,,,,,OF/UTIL
117570-206383,2B/SS/OF,Brooks,Brooks Baldwin,Baldwin,5.604545593261719,44,2600,DET@CWS,CWS,DET,,,,,,2B/SS/OF/UTIL
117570-222825,2B/OF/1B,Kristian,Kristian Campbell,Campbell,7.792307927058293,52,2600,LAA@BOS,BOS,LAA,,,,,,C/1B/2B/OF/UTIL
117570-102325,OF,Parker,Parker Meadows,Meadows,8.785393532742276,89,2600,DET@CWS,DET,CWS,IL,Arm,,,,OF/UTIL
117570-102365,C,Francisco,Francisco Alvarez,Alvarez,6.0625,24,2600,NYM@LAD,NYM,LAD,,,,,,C/1B/UTIL
117570-79896,C,Luis,Luis Torrens,Torrens,6.197142682756696,35,2500,NYM@LAD,NYM,LAD,,,,,,C/1B/UTIL
117570-102591,OF,Jake,Jake Fraley,Fraley,7.616129229145665,31,2500,MIL@CIN,CIN,MIL,,,,,,OF/UTIL
117570-198893,C,Dalton,Dalton Rushing,Rushing,10.5,7,2500,NYM@LAD,LAD,NYM,,,,,,C/1B/UTIL
117570-119326,3B/OF,Rece,Rece Hinds,Hinds,7.128571646554129,7,2500,MIL@CIN,CIN,MIL,,,,,,3B/OF/UTIL
117570-119354,SS/2B/OF,Kyren,Kyren Paris,Paris,7.616279069767442,43,2500,LAA@BOS,LAA,BOS,,,,,,2B/SS/OF/UTIL
117570-21074,OF,Michael A.,Michael A. Taylor,Taylor,4.991836859255421,49,2500,DET@CWS,CWS,DET,,,,,,OF/UTIL
117570-12919,SS/2B/3B/OF,Jose,Jose Iglesias,Iglesias,5.3891890242293075,37,2500,SD@SF,SD,SF,,,,,,2B/3B/SS/OF/UTIL
117570-113309,3B/2B/OF,Josh,Josh Rojas,Rojas,4.877272865988991,22,2500,DET@CWS,CWS,DET,,,,,,2B/3B/OF/UTIL
117570-119629,SS/2B,Luisangel,Luisangel Acuna,Acuna,5.9,50,2500,NYM@LAD,NYM,LAD,,,,,,2B/SS/UTIL
117570-60642,OF,Michael,Michael Conforto,Conforto,6.871153611403245,52,2500,NYM@LAD,LAD,NYM,,,,,,OF/UTIL
117570-197972,SS/3B/2B,Brooks,Brooks Lee,Lee,6.3767444699309594,43,2500,MIN@ATH,MIN,ATH,,,,,,2B/3B/SS/UTIL
117570-101787,1B/OF,LaMonte,LaMonte Wade Jr.,Wade Jr.,5.528571304009885,49,2500,SD@SF,SF,SD,,,,,,C/1B/OF/UTIL
117570-181813,SS/2B,David,David Hamilton,Hamilton,5.462857055664062,35,2500,LAA@BOS,BOS,LAA,,,,,,2B/SS/UTIL
117570-165557,1B/2B,Colt,Colt Keith,Keith,7.332075586858785,53,2500,DET@CWS,DET,CWS,,,,,,C/1B/2B/UTIL
117570-165583,C,Edgar,Edgar Quero,Quero,5.754285539899554,35,2500,DET@CWS,CWS,DET,,,,,,C/1B/UTIL
117570-165633,SS,Trey,Trey Sweeney,Sweeney,6.921052631578948,57,2500,DET@CWS,DET,CWS,,,,,,SS/UTIL
117570-165643,2B,Zack,Zack Gelof,Gelof,8.547101449275363,138,2500,MIN@ATH,ATH,MIN,IL,Ribs,,,,2B/UTIL
117570-102326,1B/2B/3B/OF,Kody,Kody Clemens,Clemens,7.193749904632568,32,2500,MIN@ATH,MIN,ATH,,,,,,C/1B/2B/3B/OF/UTIL
117570-38973,OF,Tyrone,Tyrone Taylor,Taylor,6.155769348144531,52,2400,NYM@LAD,NYM,LAD,,,,,,OF/UTIL
117570-135282,OF,Joshua,Joshua Palacios,Palacios,5.154761904761905,42,2400,DET@CWS,CWS,DET,,,,,,OF/UTIL
117570-102577,2B/3B/OF,Santiago,Santiago Espinal,Espinal,6.125490076401654,51,2400,MIL@CIN,CIN,MIL,,,,,,2B/3B/OF/UTIL
117570-119313,OF,Matthew,Matthew Lugo,Lugo,7.066666666666666,15,2400,LAA@BOS,LAA,BOS,,,,,,OF/UTIL
117570-219698,2B/3B,Caleb,Caleb Durbin,Durbin,7.782926978134528,41,2400,MIL@CIN,MIL,CIN,,,,,,2B/3B/UTIL
117570-119366,OF/1B,Jerar,Jerar Encarnacion,Encarnacion,7.802857317243304,35,2400,SD@SF,SF,SD,IL,Hand,,,,C/1B/OF/UTIL
117570-207557,2B/SS/3B,Nick,Nick Sogard,Sogard,6.399999891008649,14,2400,LAA@BOS,BOS,LAA,,,,,,2B/3B/SS/UTIL
117570-154422,OF/3B,Matt,Matt Vierling,Vierling,3.25,4,2400,DET@CWS,DET,CWS,IL,Shoulder,,,,3B/OF/UTIL
117570-119621,OF,Luis,Luis Matos,Matos,6.470833460489909,24,2400,SD@SF,SF,SD,,,,,,OF/UTIL
117570-38112,1B/3B,Gio,Gio Urshela,Urshela,5.471875190734863,32,2400,MIN@ATH,ATH,MIN,IL,Hamstring,,,,C/1B/3B/UTIL
117570-83173,C,Jose,Jose Trevino,Trevino,7.110526637027138,38,2400,MIL@CIN,CIN,MIL,,,,,,C/1B/UTIL
117570-79255,1B/OF,Jake,Jake Bauers,Bauers,7.248648978568412,37,2400,MIL@CIN,MIL,CIN,,,,,,C/1B/OF/UTIL
117570-79267,2B/3B,Andy,Andy Ibanez,Ibanez,5.223809378487723,42,2400,DET@CWS,DET,CWS,,,,,,2B/3B/UTIL
117570-101817,2B/3B/SS,Luis,Luis Rengifo,Rengifo,5.033962033829599,53,2400,LAA@BOS,LAA,BOS,,,,,,2B/3B/SS/UTIL
117570-13858,C,Christian,Christian Vazquez,Vazquez,4.6399998982747395,30,2400,MIN@ATH,MIN,ATH,,,,,,C/1B/UTIL
117570-71217,C,Omar,Omar Narvaez,Narvaez,6.425000190734863,4,2400,DET@CWS,CWS,DET,,,,,,C/1B/UTIL
117570-116339,3B/1B/2B,Abraham,Abraham Toro,Toro,7.5611114501953125,18,2400,LAA@BOS,BOS,LAA,,,,,,C/1B/2B/3B/UTIL
117570-165645,OF,Denzel,Denzel Clarke,Clarke,6.899999830457899,9,2400,MIN@ATH,ATH,MIN,,,,,,OF/UTIL
117570-163672,3B/1B,Jonah,Jonah Bride,Bride,3.657575665098248,33,2400,MIN@ATH,MIN,ATH,,,,,,C/1B/3B/UTIL
117570-102504,C,Connor,Connor Wong,Wong,2.6434782276982847,23,2300,LAA@BOS,BOS,LAA,,,,,,C/1B/UTIL
117570-172216,3B/1B,David,David Villar,Villar,5.144444359673394,9,2300,NYM@LAD,NYM,LAD,,,,,,C/1B/3B/UTIL
117570-119341,OF,Wenceel,Wenceel Perez,Perez,8.019999694824218,5,2300,DET@CWS,DET,CWS,,,,,,OF/UTIL
117570-16946,1B,Jon,Jon Singleton,Singleton,6.964754198418289,122,2300,NYM@LAD,NYM,LAD,,,,,,C/1B/UTIL
117570-119394,SS,Logan,Logan Davidson,Davidson,4.200000127156575,6,2300,MIN@ATH,ATH,MIN,,,,,,SS/UTIL
117570-80485,OF,Austin,Austin Slater,Slater,4.920000203450521,15,2300,DET@CWS,CWS,DET,,,,,,OF/UTIL
117570-82553,OF,Jose,Jose Siri,Siri,4.95,10,2300,NYM@LAD,NYM,LAD,IL,Lower leg,,,,OF/UTIL
117570-164513,3B/2B/SS,Joey,Joey Ortiz,Ortiz,5.575861963732489,58,2300,MIL@CIN,MIL,CIN,,,,,,2B/3B/SS/UTIL
117570-164516,SS/3B,Marcelo,Marcelo Mayer,Mayer,4.550000190734863,8,2300,LAA@BOS,BOS,LAA,,,,,,3B/SS/UTIL
117570-13099,C,Travis,Travis d'Arnaud,d'Arnaud,4.484615325927734,26,2300,LAA@BOS,LAA,BOS,,,,,,C/1B/UTIL
117570-11129,OF,Jason,Jason Heyward,Heyward,4.641176560345818,34,2300,SD@SF,SD,SF,IL,Oblique,,,,OF/UTIL
117570-189314,OF,Justyn-Henry,Justyn-Henry Malloy,Malloy,5.302222357855903,45,2300,DET@CWS,DET,CWS,,,,,,OF/UTIL
117570-13303,C,Yasmani,Yasmani Grandal,Grandal,7.036986468589469,73,2300,LAA@BOS,BOS,LAA,,,,,,C/1B/UTIL
117570-54307,C,Elias,Elias Diaz,Diaz,4.982608629309612,46,2300,SD@SF,SD,SF,,,,,,C/1B/UTIL
117570-13390,SS/2B/3B,Miguel,Miguel Rojas,Rojas,3.3527776930067272,36,2300,NYM@LAD,LAD,NYM,,,,,,2B/3B/SS/UTIL
117570-212070,OF,Gustavo,Gustavo Campero,Campero,4.240000152587891,5,2300,LAA@BOS,LAA,BOS,IL,Ankle,,,,OF/UTIL
117570-79136,OF,Daz,Daz Cameron,Cameron,2.90625,16,2300,MIL@CIN,MIL,CIN,,,,,,OF/UTIL
117570-136504,C,Patrick,Patrick Bailey,Bailey,5.033333572686887,51,2300,SD@SF,SF,SD,,,,,,C/1B/UTIL
117570-79213,SS,Scott,Scott Kingery,Kingery,6.099999904632568,2,2300,LAA@BOS,LAA,BOS,,,,,,SS/UTIL
117570-71182,3B/1B,Jeimer,Jeimer Candelario,Candelario,5.572727203369141,22,2300,MIL@CIN,CIN,MIL,IL,Back,,,,C/1B/3B/UTIL
117570-226832,1B,Tim,Tim Elko,Elko,7.530000305175781,10,2300,DET@CWS,CWS,DET,,,,,,C/1B/UTIL
117570-179801,1B/OF,Jared,Jared Young,Young,6.233333587646484,6,2300,NYM@LAD,NYM,LAD,,,,,,C/1B/OF/UTIL
117570-102518,3B/1B,Jose,Jose Miranda,Miranda,4.241666793823242,12,2200,MIN@ATH,MIN,ATH,,,,,,C/1B/3B/UTIL
117570-198870,OF,Roman,Roman Anthony,Anthony,,0,2200,LAA@BOS,BOS,LAA,,,,,,OF/UTIL
117570-209177,C/2B/1B,Mickey,Mickey Gasper,Gasper,3.676470588235294,17,2200,MIN@ATH,MIN,ATH,,,,,,C/1B/2B/UTIL
117570-119346,C,Korey,Korey Lee,Lee,4.5,11,2200,DET@CWS,CWS,DET,,,,,,C/1B/UTIL
117570-119363,OF,JJ,JJ Bleday,Bleday,8.472340685255984,47,2200,MIN@ATH,ATH,MIN,,,,,,OF/UTIL
117570-82563,2B/SS/OF,Garrett,Garrett Hampson,Hampson,4.75,20,2200,MIL@CIN,CIN,MIL,,,,,,2B/SS/OF/UTIL
117570-211773,OF/2B,Isaac,Isaac Collins,Collins,5.452272588556463,44,2200,MIL@CIN,MIL,CIN,,,,,,2B/OF/UTIL
117570-183187,1B,Christian,Christian Encarnacion-Strand,Encarnacion-Strand,5.820000203450521,15,2200,MIL@CIN,CIN,MIL,IL,Back,,,,C/1B/UTIL
117570-68537,2B/3B/SS/OF,Tyler,Tyler Wade,Wade,4.327272819750236,33,2200,SD@SF,SD,SF,,,,,,2B/3B/SS/OF/UTIL
117570-54401,OF,Manuel,Manuel Margot,Margot,5.283333460489909,6,2200,DET@CWS,DET,CWS,,,,,,OF/UTIL
117570-83182,C/OF,Eric,Eric Haase,Haase,4.931578786749589,19,2200,MIL@CIN,MIL,CIN,,,,,,C/1B/OF/UTIL
117570-197974,3B,Jace,Jace Jung,Jung,4.172222137451172,18,2200,DET@CWS,DET,CWS,,,,,,3B/UTIL
117570-79218,SS/2B/3B,Kevin,Kevin Newman,Newman,2.7086956190026323,23,2200,LAA@BOS,LAA,BOS,,,,,,2B/3B/SS/UTIL
117570-101910,1B/OF,Connor,Connor Joe,Joe,3.0411765154670265,17,2200,MIL@CIN,CIN,MIL,,,,,,C/1B/OF/UTIL
117570-38561,OF/3B/2B,Chris,Chris Taylor,Taylor,1.556249976158142,32,2200,LAA@BOS,LAA,BOS,,,,,,2B/3B/OF/UTIL
117570-165550,2B/3B/SS,Ryan,Ryan Kreidler,Kreidler,3.0588235294117645,17,2200,DET@CWS,DET,CWS,,,,,,2B/3B/SS/UTIL
117570-116450,OF,Seth,Seth Brown,Brown,3.3545453620679453,33,2200,MIN@ATH,ATH,MIN,,,,,,OF/UTIL
117570-165639,OF,Brandon,Brandon Lockridge,Lockridge,4.518750190734863,32,2200,SD@SF,SD,SF,,,,,,OF/UTIL
117570-202502,OF,Blake,Blake Dunn,Dunn,4.983333333333333,30,2200,MIL@CIN,CIN,MIL,,,,,,OF/UTIL
117570-169769,3B/SS/2B,Vinny,Vinny Capra,Capra,2.703448328478583,29,2200,DET@CWS,CWS,DET,,,,,,2B/3B/SS/UTIL
117570-200498,SS/3B/2B/OF,Max,Max Schuemann,Schuemann,3.4275001525878905,40,2200,MIN@ATH,ATH,MIN,,,,,,2B/3B/SS/OF/UTIL
117570-165686,3B/SS/2B/1B,Casey,Casey Schmitt,Schmitt,4.5266667683919275,15,2200,SD@SF,SF,SD,,,,,,C/1B/2B/3B/SS/UTIL
117570-163691,OF,James,James Outman,Outman,7.333333333333333,9,2200,NYM@LAD,LAD,NYM,,,,,,OF/UTIL
117570-102454,C,Jhonny,Jhonny Pereda,Pereda,2.9111111958821616,18,2100,MIN@ATH,ATH,MIN,,,,,,C/1B/UTIL
117570-102550,C,Luis,Luis Campusano,Campusano,2.5714285714285716,7,2100,SD@SF,SD,SF,,,,,,C/1B/UTIL
117570-102588,OF,Brewer,Brewer Hicklen,Hicklen,21.399999618530273,1,2100,DET@CWS,DET,CWS,,,,,,OF/UTIL
117570-116994,SS,Donovan,Donovan Walton,Walton,4.844444274902344,9,2100,NYM@LAD,NYM,LAD,,,,,,SS/UTIL
117570-135524,OF/2B,Austin,Austin Martin,Martin,5.78494623655914,93,2100,MIN@ATH,MIN,ATH,IL,Hamstring,,,,2B/OF/UTIL
117570-119325,2B/OF,Tyler,Tyler Callihan,Callihan,1.625,4,2100,MIL@CIN,CIN,MIL,IL,Forearm,,,,2B/OF/UTIL
117570-119351,SS/2B/3B,Jake,Jake Amaya,Amaya,2.4323528514188877,34,2100,DET@CWS,CWS,DET,,,,,,2B/3B/SS/UTIL
117570-156224,C,Willie,Willie MacIver,MacIver,5.425000190734863,4,2100,MIN@ATH,ATH,MIN,,,,,,C/1B/UTIL
117570-119404,2B/3B,Nick,Nick Maton,Maton,4.32,25,2100,DET@CWS,CWS,DET,,,,,,2B/3B/UTIL
117570-119439,C,Sam,Sam Huff,Huff,4.8,20,2100,SD@SF,SF,SD,,,,,,C/1B/UTIL
117570-82596,C,Jake,Jake Rogers,Rogers,3.890909021550959,11,2100,DET@CWS,DET,CWS,,,,,,C/1B/UTIL
117570-203639,3B/1B,CJ,CJ Alexander,Alexander,1.8,5,2100,MIN@ATH,ATH,MIN,,,,,,C/1B/3B/UTIL
117570-68525,3B/1B,J.D.,J.D. Davis,Davis,0.6,5,2100,LAA@BOS,LAA,BOS,,,,,,C/1B/3B/UTIL
117570-13253,C,Martin,Martin Maldonado,Maldonado,3.203333282470703,30,2100,SD@SF,SD,SF,,,,,,C/1B/UTIL
117570-197874,2B/3B,Oliver,Oliver Dunn,Dunn,4.985714503696987,14,2100,MIL@CIN,MIL,CIN,,,,,,2B/3B/UTIL
117570-181814,2B,Edouard,Edouard Julien,Julien,6.089655382879849,29,2100,MIN@ATH,MIN,ATH,,,,,,2B/UTIL
117570-226915,OF,Drew,Drew Avans,Avans,0.6,5,2100,MIN@ATH,ATH,MIN,,,,,,OF/UTIL
117570-222887,SS/2B,Christian,Christian Koss,Koss,4.192592479564525,27,2100,SD@SF,SF,SD,,,,,,2B/SS/UTIL
117570-222886,C,Hayden,Hayden Senger,Senger,2.353846183189979,13,2100,NYM@LAD,NYM,LAD,,,,,,C/1B/UTIL
117570-165556,3B,Gage,Gage Workman,Workman,2.3333333333333335,12,2100,DET@CWS,DET,CWS,,,,,,3B/UTIL
117570-181990,C/OF,Blake,Blake Sabol,Sabol,2.737499952316284,8,2100,LAA@BOS,BOS,LAA,,,,,,C/1B/OF/UTIL
117570-165641,SS/2B,Max,Max Muncy,Muncy,4.419047764369419,21,2100,MIN@ATH,ATH,MIN,,,,,,2B/SS/UTIL
117570-102391,OF,Tirso,Tirso Ornelas,Ornelas,1.7857142857142858,7,2100,SD@SF,SD,SF,,,,,,OF/UTIL
117570-102403,SS/2B,Marco,Marco Luciano,Luciano,4.362068965517241,29,2000,SD@SF,SF,SD,,,,,,2B/SS/UTIL
117570-81924,2B/OF,Niko,Niko Goodrum,Goodrum,2.3384615091177134,13,2000,NYM@LAD,NYM,LAD,,,,,,2B/OF/UTIL
117570-102411,C,Andrew,Andrew Knizner,Knizner,2.9078947368421053,38,2000,SD@SF,SF,SD,,,,,,C/1B/UTIL
117570-135195,C,Sebastian,Sebastian Rivero,Rivero,,0,2000,LAA@BOS,LAA,BOS,,,,,,C/1B/UTIL
117570-135223,C,Jakson,Jakson Reetz,Reetz,3.4625000953674316,8,2000,NYM@LAD,NYM,LAD,,,,,,C/1B/UTIL
117570-102461,SS,Aaron,Aaron Bracho,Bracho,,0,2000,NYM@LAD,LAD,NYM,,,,,,SS/UTIL
117570-135242,C,P.J.,P.J. Higgins,Higgins,0,2,2000,MIL@CIN,CIN,MIL,,,,,,C/1B/UTIL
117570-102472,SS,Raynel,Raynel Delgado,Delgado,,0,2000,MIL@CIN,MIL,CIN,,,,,,SS/UTIL
117570-135246,OF,Dominic,Dominic Fletcher,Fletcher,4.406944274902344,72,2000,DET@CWS,CWS,DET,,,,,,OF/UTIL
117570-102499,SS,Bryson,Bryson Brigman,Brigman,,0,2000,MIL@CIN,CIN,MIL,,,,,,SS/UTIL
117570-82021,C,Tomas,Tomas Nido,Nido,5.345454476096413,11,2000,DET@CWS,DET,CWS,,,,,,C/1B/UTIL
117570-135269,OF,Zach,Zach DeLoach,DeLoach,6.065217391304348,23,2000,DET@CWS,CWS,DET,,,,,,OF/UTIL
117570-102520,2B,Yunior,Yunior Severino,Severino,0,1,2000,MIN@ATH,MIN,ATH,,,,,,2B/UTIL
117570-135302,OF,Brayan,Brayan Buelvas,Buelvas,,0,2000,MIN@ATH,ATH,MIN,,,,,,OF/UTIL
117570-102541,OF,Jared,Jared Oliva,Oliva,,0,2000,MIL@CIN,MIL,CIN,,,,,,OF/UTIL
117570-184479,OF,Corey,Corey Julks,Julks,5.03582080442514,67,2000,DET@CWS,CWS,DET,,,,,,OF/UTIL
117570-145617,C,David,David Garcia,Garcia,,0,2000,MIL@CIN,MIL,CIN,,,,,,C/1B/UTIL
117570-198869,C,Kyle,Kyle Teel,Teel,,0,2000,DET@CWS,CWS,DET,,,,,,C/1B/UTIL
117570-194773,C,Logan,Logan Porter,Porter,,0,2000,SD@SF,SF,SD,,,,,,C/1B/UTIL
117570-198878,3B,Sal,Sal Stewart,Stewart,,0,2000,MIL@CIN,CIN,MIL,,,,,,3B/UTIL
117570-198884,OF,Max,Max Clark,Clark,,0,2000,DET@CWS,DET,CWS,,,,,,OF/UTIL
117570-198895,OF,Walker,Walker Jenkins,Jenkins,,0,2000,MIN@ATH,MIN,ATH,IL,Ankle,,,,OF/UTIL
117570-198892,OF,Josue,Josue De Paula,De Paula,,0,2000,NYM@LAD,LAD,NYM,,,,,,OF/UTIL
117570-198898,SS,Jett,Jett Williams,Williams,,0,2000,NYM@LAD,NYM,LAD,,,,,,SS/UTIL
117570-198897,3B,Brock,Brock Wilken,Wilken,,0,2000,MIL@CIN,MIL,CIN,,,,,,3B/UTIL
117570-198903,OF,Drew,Drew Gilbert,Gilbert,,0,2000,NYM@LAD,NYM,LAD,,,,,,OF/UTIL
117570-198902,OF,Ryan,Ryan Clifford,Clifford,,0,2000,NYM@LAD,NYM,LAD,,,,,,OF/UTIL
117570-198918,C,Ethan,Ethan Salas,Salas,,0,2000,SD@SF,SD,SF,IL,Back,,,,C/1B/UTIL
117570-198937,OF,Bryce,Bryce Eldridge,Eldridge,,0,2000,SD@SF,SF,SD,,,,,,OF/UTIL
117570-82251,OF,Tim,Tim Locastro,Locastro,0,1,2000,SD@SF,SD,SF,,,,,,OF/UTIL
117570-170321,C,Brian,Brian Serven,Serven,3.196551618904903,29,2000,DET@CWS,DET,CWS,,,,,,C/1B/UTIL
117570-194908,SS/2B/3B,Tristan,Tristan Gray,Gray,1.4,15,2000,DET@CWS,CWS,DET,,,,,,2B/3B/SS/UTIL
117570-135529,OF,Jake,Jake Vogel,Vogel,,0,2000,NYM@LAD,LAD,NYM,,,,,,OF/UTIL
117570-180644,2B,Nate,Nate Mondou,Mondou,0,1,2000,SD@SF,SD,SF,,,,,,2B/UTIL
117570-119308,SS,Adam,Adam Hall,Hall,,0,2000,MIL@CIN,MIL,CIN,,,,,,SS/UTIL
117570-219667,OF,Jhostynxon,Jhostynxon Garcia,Garcia,,0,2000,LAA@BOS,BOS,LAA,,,,,,OF/UTIL
117570-119327,SS,Ivan,Ivan Johnson,Johnson,,0,2000,MIL@CIN,CIN,MIL,,,,,,SS/UTIL
117570-207395,C,Eric,Eric Yang,Yang,0,1,2000,MIL@CIN,CIN,MIL,,,,,,C/1B/UTIL
117570-158244,3B/2B,Yonny,Yonny Hernandez,Hernandez,,0,2000,NYM@LAD,NYM,LAD,,,,,,2B/3B/UTIL
117570-16951,3B,Anthony,Anthony Rendon,Rendon,7.038596705386513,57,2000,LAA@BOS,LAA,BOS,IL,Hip,,,,3B/UTIL
117570-119353,3B,Kody,Kody Hoese,Hoese,,0,2000,NYM@LAD,LAD,NYM,,,,,,3B/UTIL
117570-119360,OF,Pablo,Pablo Abreu,Abreu,,0,2000,MIL@CIN,MIL,CIN,,,,,,OF/UTIL
117570-119362,SS,Eduardo,Eduardo Garcia,Garcia,,0,2000,MIL@CIN,MIL,CIN,,,,,,SS/UTIL
117570-207434,3B,Luis,Luis De Los Santos,De Los Santos,2.8384616558368387,13,2000,NYM@LAD,NYM,LAD,,,,,,3B/UTIL
117570-119371,2B,Devin,Devin Mann,Mann,,0,2000,SD@SF,SF,SD,,,,,,2B/UTIL
117570-119370,SS,Will,Will Holland,Holland,,0,2000,MIN@ATH,MIN,ATH,IL,Undisclosed,,,,SS/UTIL
117570-119393,SS,Robert,Robert Puason,Puason,,0,2000,MIN@ATH,ATH,MIN,,,,,,SS/UTIL
117570-119402,C,Rodolfo,Rodolfo Duran,Duran,,0,2000,SD@SF,SD,SF,,,,,,C/1B/UTIL
117570-119419,OF,Hunter,Hunter Bishop,Bishop,,0,2000,SD@SF,SF,SD,,,,,,OF/UTIL
117570-119418,OF,Jairo,Jairo Pomares,Pomares,,0,2000,SD@SF,SF,SD,,,,,,OF/UTIL
117570-201354,3B,Brett,Brett Harris,Harris,6.333333333333333,36,2000,MIN@ATH,ATH,MIN,IL,Undisclosed,,,,3B/UTIL
117570-119434,OF,Moises,Moises Gomez,Gomez,,0,2000,SD@SF,SD,SF,,,,,,OF/UTIL
117570-119440,3B/2B,Davis,Davis Wendzel,Wendzel,1.8714286259242467,28,2000,MIL@CIN,CIN,MIL,,,,,,2B/3B/UTIL
117570-164502,SS/2B,Vaughn,Vaughn Grissom,Grissom,4.787878787878788,33,2000,LAA@BOS,BOS,LAA,,,,,,2B/SS/UTIL
117570-203418,2B/3B/1B/OF,Armando,Armando Alvarez,Alvarez,4.462500095367432,16,2000,MIN@ATH,MIN,ATH,,,,,,C/1B/2B/3B/OF/UTIL
117570-164518,2B,Tyler,Tyler McDonough,McDonough,,0,2000,LAA@BOS,BOS,LAA,,,,,,2B/UTIL
117570-21161,2B,Yolmer,Yolmer Sanchez,Sanchez,,0,2000,LAA@BOS,LAA,BOS,,,,,,2B/UTIL
117570-164526,C,Nathan,Nathan Hickey,Hickey,,0,2000,LAA@BOS,BOS,LAA,,,,,,C/1B/UTIL
117570-211631,OF,DaShawn,DaShawn Keirsey Jr.,Keirsey Jr.,2.2044443766276043,45,2000,MIN@ATH,MIN,ATH,,,,,,OF/UTIL
117570-82611,OF,Akil,Akil Baddoo,Baddoo,3.0714285714285716,7,2000,DET@CWS,DET,CWS,,,,,,OF/UTIL
117570-82637,1B,Evan,Evan White,White,0,2,2000,LAA@BOS,LAA,BOS,IL,Hip,,,,C/1B/UTIL
117570-187103,2B/3B/1B,Andruw,Andruw Monasterio,Monasterio,2.558333396911621,12,2000,MIL@CIN,MIL,CIN,,,,,,C/1B/2B/3B/UTIL
117570-203490,OF,Steward,Steward Berroa,Berroa,3.9250000544956754,28,2000,NYM@LAD,LAD,NYM,,,,,,OF/UTIL
117570-82659,3B,Carter,Carter Kieboom,Kieboom,0,1,2000,LAA@BOS,LAA,BOS,,,,,,3B/UTIL
117570-82661,OF,Daniel,Daniel Johnson,Johnson,1.600000023841858,2,2000,SD@SF,SF,SD,,,,,,OF/UTIL
117570-70435,OF,Ben,Ben Gamel,Gamel,5.779487022986779,39,2000,DET@CWS,DET,CWS,,,,,,OF/UTIL
117570-209703,OF,Grant,Grant McCray,McCray,7.17837854333826,37,2000,SD@SF,SF,SD,,,,,,OF/UTIL
117570-176937,C,Chuckie,Chuckie Robinson,Robinson,1.976923135610727,26,2000,NYM@LAD,LAD,NYM,,,,,,C/1B/UTIL
117570-211757,OF,Bryce,Bryce Teodosio,Teodosio,1.2399999618530273,5,2000,LAA@BOS,LAA,BOS,,,,,,OF/UTIL
117570-193328,OF,Wade,Wade Meckler,Meckler,0,2,2000,SD@SF,SF,SD,,,,,,OF/UTIL
117570-119623,OF,Alex,Alex Ramirez,Ramirez,0,3,2000,NYM@LAD,NYM,LAD,,,,,,OF/UTIL
117570-119633,OF,Misael,Misael Urbina,Urbina,,0,2000,MIN@ATH,MIN,ATH,,,,,,OF/UTIL
117570-119632,OF,Hedbert,Hedbert Perez,Perez,,0,2000,MIL@CIN,MIL,CIN,,,,,,OF/UTIL
117570-209786,1B,Niko,Niko Kavadas,Kavadas,0,1,2000,LAA@BOS,LAA,BOS,,,,,,C/1B/UTIL
117570-203641,SS,Levi,Levi Jordan,Jordan,1.8142856870378767,7,2000,MIL@CIN,CIN,MIL,,,,,,SS/UTIL
117570-170879,C,Chris,Chris Okey,Okey,0,2,2000,NYM@LAD,LAD,NYM,,,,,,C/1B/UTIL
117570-82824,1B,Mike,Mike Ford,Ford,3.600000080309416,19,2000,MIN@ATH,MIN,ATH,,,,,,C/1B/UTIL
117570-52157,C,Tom,Tom Murphy,Murphy,3.7571427481515065,14,2000,SD@SF,SF,SD,IL,Back,,,,C/1B/UTIL
117570-222286,OF,Braden,Braden Montgomery,Montgomery,,0,2000,DET@CWS,CWS,DET,,,,,,OF/UTIL
117570-83051,2B/3B,David,David Bote,Bote,2.4051282833784056,39,2000,NYM@LAD,LAD,NYM,,,,,,2B/3B/UTIL
117570-13436,C,Max,Max Stassi,Stassi,0,1,2000,SD@SF,SF,SD,,,,,,C/1B/UTIL
117570-197761,C,Jair,Jair Camargo,Camargo,1.0333333015441895,6,2000,MIN@ATH,MIN,ATH,,,,,,C/1B/UTIL
117570-38040,OF,Eddie,Eddie Rosario,Rosario,1.2399999618530273,5,2000,MIL@CIN,MIL,CIN,,,,,,OF/UTIL
117570-60634,OF,Forrest,Forrest Wall,Wall,4.072222391764323,18,2000,SD@SF,SD,SF,,,,,,OF/UTIL
117570-79075,SS,Kevin,Kevin Maitan,Maitan,,0,2000,MIN@ATH,MIN,ATH,,,,,,SS/UTIL
117570-83174,3B,Sergio,Sergio Alcantara,Alcantara,0,2,2000,SD@SF,SF,SD,,,,,,3B/UTIL
117570-146671,OF,Austin,Austin Hendrick,Hendrick,,0,2000,MIL@CIN,CIN,MIL,,,,,,OF/UTIL
117570-79087,1B,Michael,Michael Chavis,Chavis,0,1,2000,NYM@LAD,LAD,NYM,,,,,,C/1B/UTIL
117570-146675,3B,Blaze,Blaze Jordan,Jordan,,0,2000,LAA@BOS,BOS,LAA,,,,,,3B/UTIL
117570-146685,OF,Daniel,Daniel Cabrera,Cabrera,,0,2000,DET@CWS,DET,CWS,,,,,,OF/UTIL
117570-146694,SS,Arol,Arol Vera,Vera,,0,2000,LAA@BOS,LAA,BOS,,,,,,SS/UTIL
117570-79108,3B,Nick,Nick Senzel,Senzel,6.351351351351352,74,2000,NYM@LAD,LAD,NYM,,,,,,3B/UTIL
117570-146692,OF,David,David Calabrese,Calabrese,,0,2000,LAA@BOS,LAA,BOS,,,,,,OF/UTIL
117570-146693,OF,Alexander,Alexander Ramirez,Ramirez,,0,2000,LAA@BOS,LAA,BOS,,,,,,OF/UTIL
117570-146703,1B,Aaron,Aaron Sabato,Sabato,,0,2000,MIN@ATH,MIN,ATH,,,,,,C/1B/UTIL
117570-146700,SS,Freddy,Freddy Zamora,Zamora,,0,2000,MIL@CIN,MIL,CIN,,,,,,SS/UTIL
117570-197904,SS/3B,Darell,Darell Hernaiz,Hernaiz,4.012245022520727,49,2000,MIN@ATH,ATH,MIN,,,,,,3B/SS/UTIL
117570-85268,1B,Joey,Joey Meneses,Meneses,7.273684049907484,76,2000,NYM@LAD,NYM,LAD,,,,,,C/1B/UTIL
117570-197915,C,Hunter,Hunter Feduccia,Feduccia,1.5,2,2000,NYM@LAD,LAD,NYM,,,,,,C/1B/UTIL
117570-197912,OF,Jacob,Jacob Hurtubise,Hurtubise,1.8000000317891438,12,2000,MIL@CIN,CIN,MIL,,,,,,OF/UTIL
117570-13596,OF,Trayce,Trayce Thompson,Thompson,0,3,2000,LAA@BOS,BOS,LAA,,,,,,OF/UTIL
117570-146718,SS,Casey,Casey Martin,Martin,,0,2000,MIL@CIN,MIL,CIN,,,,,,SS/UTIL
117570-146719,OF,Junior,Junior Perez,Perez,,0,2000,MIN@ATH,ATH,MIN,,,,,,OF/UTIL
117570-146726,OF,Josh,Josh Mears,Mears,,0,2000,SD@SF,SD,SF,,,,,,OF/UTIL
117570-79153,2B/OF,Jahmai,Jahmai Jones,Jones,3.0171428135463167,35,2000,DET@CWS,DET,CWS,,,,,,2B/OF/UTIL
117570-38196,1B,Jake,Jake Lamb,Lamb,0,1,2000,SD@SF,SF,SD,,,,,,C/1B/UTIL
117570-79189,2B,Travis,Travis Blankenhorn,Blankenhorn,2.9928572518484935,14,2000,LAA@BOS,LAA,BOS,IL,Undisclosed,,,,2B/UTIL
117570-193947,SS,Mason,Mason McCoy,McCoy,0,4,2000,SD@SF,SD,SF,IL,Finger,,,,SS/UTIL
117570-101807,C,Seby,Seby Zavala,Zavala,3.2526315387926603,19,2000,LAA@BOS,BOS,LAA,,,,,,C/1B/UTIL
117570-38324,C,Jorge,Jorge Alfaro,Alfaro,,0,2000,MIL@CIN,MIL,CIN,,,,,,C/1B/UTIL
117570-101821,1B,Edwin,Edwin Rios,Rios,1.8399999618530274,5,2000,MIL@CIN,CIN,MIL,,,,,,C/1B/UTIL
117570-171482,1B,Bligh,Bligh Madris,Madris,6.338095528738839,21,2000,DET@CWS,DET,CWS,,,,,,C/1B/UTIL
117570-136673,C,Mark,Mark Kolozsvary,Kolozsvary,0,2,2000,LAA@BOS,BOS,LAA,,,,,,C/1B/UTIL
117570-155109,2B,Alejo,Alejo Lopez,Lopez,0,2,2000,MIN@ATH,ATH,MIN,,,,,,2B/UTIL
117570-173546,OF,Nate,Nate Eaton,Eaton,0,1,2000,LAA@BOS,BOS,LAA,,,,,,OF/UTIL
117570-202259,1B,Trenton,Trenton Brooks,Brooks,3.3416665395100913,12,2000,SD@SF,SD,SF,,,,,,C/1B/UTIL
117570-226840,OF,Carson,Carson McCusker,McCusker,0.6,5,2000,MIN@ATH,MIN,ATH,,,,,,OF/UTIL
117570-175654,OF,Bryce,Bryce Johnson,Johnson,2.442553256420379,47,2000,SD@SF,SD,SF,,,,,,OF/UTIL
117570-181820,OF/2B/SS,Brett,Brett Wisely,Wisely,2.0399999618530273,5,2000,SD@SF,SF,SD,,,,,,2B/SS/OF/UTIL
117570-222781,3B,Cam,Cam Collier,Collier,,0,2000,MIL@CIN,CIN,MIL,IL,Thumb,,,,3B/UTIL
117570-181824,SS,Osleivis,Osleivis Basabe,Basabe,0,1,2000,SD@SF,SF,SD,,,,,,SS/UTIL
117570-222785,2B,Luke,Luke Keaschall,Keaschall,14.400000435965401,7,2000,MIN@ATH,MIN,ATH,IL,Forearm,,,,2B/UTIL
117570-222791,OF,Zyhir,Zyhir Hope,Hope,,0,2000,NYM@LAD,LAD,NYM,,,,,,OF/UTIL
117570-222788,SS,Alex,Alex Freeland,Freeland,,0,2000,NYM@LAD,LAD,NYM,,,,,,SS/UTIL
117570-226888,2B,Ryan,Ryan Fitzgerald,Fitzgerald,1.600000023841858,2,2000,MIN@ATH,MIN,ATH,,,,,,2B/UTIL
117570-222811,SS,Bryce,Bryce Rainer,Rainer,,0,2000,DET@CWS,DET,CWS,,,,,,SS/UTIL
117570-222810,SS,Kevin,Kevin McGonigle,McGonigle,,0,2000,DET@CWS,DET,CWS,,,,,,SS/UTIL
117570-222809,C,Josue,Josue Briceno,Briceno,,0,2000,DET@CWS,DET,CWS,,,,,,C/1B/UTIL
117570-222808,C,Thayron,Thayron Liranzo,Liranzo,,0,2000,DET@CWS,DET,CWS,,,,,,C/1B/UTIL
117570-222815,3B,Mike,Mike Boeve,Boeve,,0,2000,MIL@CIN,MIL,CIN,,,,,,3B/UTIL
117570-222818,SS,Leodalis,Leodalis De Vries,De Vries,,0,2000,SD@SF,SD,SF,,,,,,SS/UTIL
117570-181856,3B,Andre,Andre Lipcius,Lipcius,,0,2000,DET@CWS,CWS,DET,,,,,,3B/UTIL
117570-222817,SS,Jesus,Jesus Made,Made,,0,2000,MIL@CIN,MIL,CIN,,,,,,SS/UTIL
117570-222816,SS,Cooper,Cooper Pratt,Pratt,,0,2000,MIL@CIN,MIL,CIN,,,,,,SS/UTIL
117570-222821,OF,Carson,Carson Benge,Benge,,0,2000,NYM@LAD,NYM,LAD,,,,,,OF/UTIL
117570-222827,SS,Franklin,Franklin Arias,Arias,,0,2000,LAA@BOS,BOS,LAA,,,,,,SS/UTIL
117570-222826,SS,Yoeilin,Yoeilin Cespedes,Cespedes,,0,2000,LAA@BOS,BOS,LAA,,,,,,SS/UTIL
117570-165510,OF,Jay,Jay Allen,Allen,,0,2000,MIL@CIN,CIN,MIL,,,,,,OF/UTIL
117570-165511,C,Mat,Mat Nelson,Nelson,,0,2000,MIL@CIN,CIN,MIL,,,,,,C/1B/UTIL
117570-165515,OF,Malvin,Malvin Valdez,Valdez,,0,2000,MIL@CIN,CIN,MIL,,,,,,OF/UTIL
117570-165517,OF,Ariel,Ariel Almonte,Almonte,,0,2000,MIL@CIN,CIN,MIL,,,,,,OF/UTIL
117570-222860,2B,Christian,Christian Moore,Moore,,0,2000,LAA@BOS,LAA,BOS,,,,,,2B/UTIL
117570-165535,SS,Colson,Colson Montgomery,Montgomery,,0,2000,DET@CWS,CWS,DET,DTD,Knee,,,,SS/UTIL
117570-165533,3B,Wes,Wes Kath,Kath,,0,2000,DET@CWS,CWS,DET,,,,,,3B/UTIL
117570-220839,2B,Cooper,Cooper Bowman,Bowman,,0,2000,MIN@ATH,ATH,MIN,,,,,,2B/UTIL
117570-165540,3B,Bryan,Bryan Ramos,Ramos,6.063636548591383,33,2000,DET@CWS,CWS,DET,,,,,,3B/UTIL
117570-165548,SS,Cristian,Cristian Santana,Santana,,0,2000,DET@CWS,DET,CWS,,,,,,SS/UTIL
117570-165549,OF,Roberto,Roberto Campos,Campos,,0,2000,DET@CWS,DET,CWS,,,,,,OF/UTIL
117570-165554,SS,Trei,Trei Cruz,Cruz,,0,2000,DET@CWS,DET,CWS,,,,,,SS/UTIL
117570-165555,SS,Abel,Abel Bastidas,Bastidas,,0,2000,DET@CWS,DET,CWS,,,,,,SS/UTIL
117570-165552,3B,Izaac,Izaac Pacheco,Pacheco,,0,2000,DET@CWS,DET,CWS,,,,,,3B/UTIL
117570-165575,SS,Denzer,Denzer Guzman,Guzman,,0,2000,LAA@BOS,LAA,BOS,,,,,,SS/UTIL
117570-165576,SS,Adrian,Adrian Placencia,Placencia,,0,2000,LAA@BOS,LAA,BOS,,,,,,SS/UTIL
117570-165590,SS,Wilman,Wilman Diaz,Diaz,,0,2000,NYM@LAD,LAD,NYM,,,,,,SS/UTIL
117570-165593,OF,Jose,Jose Ramos,Ramos,0,2,2000,NYM@LAD,LAD,NYM,,,,,,OF/UTIL
117570-165598,C,Jesus,Jesus Galiz,Galiz,,0,2000,NYM@LAD,LAD,NYM,IL,Undisclosed,,,,C/1B/UTIL
117570-165601,SS,Jose,Jose Salas,Salas,,0,2000,MIN@ATH,MIN,ATH,,,,,,SS/UTIL
117570-165606,1B/3B/OF,Tyler,Tyler Black,Black,5.433333502875434,18,2000,MIL@CIN,MIL,CIN,IL,Hand,,,,C/1B/3B/OF/UTIL
117570-181991,1B,Ryan,Ryan Noda,Noda,4.016666836208767,36,2000,LAA@BOS,BOS,LAA,,,,,,C/1B/UTIL
117570-165604,C,Jeferson,Jeferson Quero,Quero,,0,2000,MIL@CIN,MIL,CIN,IL,Hamstring,,,,C/1B/UTIL
117570-165610,3B,Zavier,Zavier Warren,Warren,,0,2000,MIL@CIN,MIL,CIN,,,,,,3B/UTIL
117570-165619,SS,Noah,Noah Miller,Miller,,0,2000,NYM@LAD,LAD,NYM,,,,,,SS/UTIL
117570-165622,SS,Jheremy,Jheremy Vargas,Vargas,,0,2000,MIL@CIN,MIL,CIN,,,,,,SS/UTIL
117570-165623,OF,Carlos,Carlos Cortes,Cortes,,0,2000,MIN@ATH,ATH,MIN,,,,,,OF/UTIL
117570-165626,OF,Emmanuel,Emmanuel Rodriguez,Rodriguez,0,1,2000,MIN@ATH,MIN,ATH,,,,,,OF/UTIL
117570-165629,1B,JT,JT Schwartz,Schwartz,,0,2000,NYM@LAD,NYM,LAD,,,,,,C/1B/UTIL
117570-165644,OF,Pedro,Pedro Pineda,Pineda,,0,2000,MIN@ATH,ATH,MIN,,,,,,OF/UTIL
117570-165652,OF,Yhoswar,Yhoswar Garcia,Garcia,,0,2000,MIL@CIN,MIL,CIN,,,,,,OF/UTIL
117570-165662,SS,Euribiel,Euribiel Angeles,Angeles,,0,2000,MIN@ATH,ATH,MIN,,,,,,SS/UTIL
117570-165663,SS,Victor,Victor Acosta,Acosta,,0,2000,MIL@CIN,CIN,MIL,,,,,,SS/UTIL
117570-165667,OF,Samuel,Samuel Zavala,Zavala,,0,2000,DET@CWS,CWS,DET,,,,,,OF/UTIL
117570-165670,C,Brandon,Brandon Valenzuela,Valenzuela,,0,2000,SD@SF,SD,SF,,,,,,C/1B/UTIL
117570-165669,2B,Max,Max Ferguson,Ferguson,,0,2000,LAA@BOS,BOS,LAA,,,,,,2B/UTIL
117570-165675,SS,Edwin,Edwin Arroyo,Arroyo,,0,2000,MIL@CIN,CIN,MIL,,,,,,SS/UTIL
117570-165683,OF,Gabriel,Gabriel Gonzalez,Gonzalez,,0,2000,MIN@ATH,MIN,ATH,,,,,,OF/UTIL
117570-165685,SS,Aeverson,Aeverson Arteaga,Arteaga,,0,2000,SD@SF,SF,SD,,,,,,SS/UTIL
117570-165690,C,Brett,Brett Auerbach,Auerbach,,0,2000,SD@SF,SF,SD,,,,,,C/1B/UTIL
117570-110404,3B,Mike,Mike Brosseau,Brosseau,0,1,2000,SD@SF,SD,SF,,,,,,3B/UTIL
117570-163653,OF,Allan,Allan Cerda,Cerda,,0,2000,MIN@ATH,MIN,ATH,,,,,,OF/UTIL
117570-163661,3B/2B,Eguy,Eguy Rosario,Rosario,4.193548387096774,31,2000,SD@SF,SD,SF,,,,,,2B/3B/UTIL
117570-163679,3B,Joe,Joe Perez,Perez,,0,2000,DET@CWS,CWS,DET,,,,,,3B/UTIL
117570-102279,3B,Drew,Drew Ellis,Ellis,,0,2000,SD@SF,SF,SD,,,,,,3B/UTIL
117570-182170,OF,Oscar,Oscar Colas,Colas,4.228571483067104,14,2000,LAA@BOS,LAA,BOS,,,,,,OF/UTIL
117570-102303,1B,Triston,Triston Casas,Casas,6.327586206896552,29,2000,LAA@BOS,BOS,LAA,IL,Knee,,,,C/1B/UTIL
117570-102322,2B/3B,Nick,Nick Madrigal,Madrigal,2.823529411764706,51,2000,NYM@LAD,NYM,LAD,IL,Shoulder,,,,2B/3B/UTIL
117570-102339,C,Diego,Diego Cartaya,Cartaya,0,2,2000,MIN@ATH,MIN,ATH,,,,,,C/1B/UTIL
117570-24529,OF,Rafael,Rafael Ortega,Ortega,2.4866666158040363,15,2000,NYM@LAD,NYM,LAD,IL,Undisclosed,,,,OF/UTIL
117570-102356,OF,Gilberto,Gilberto Celestino,Celestino,,0,2000,NYM@LAD,NYM,LAD,,,,,,OF/UTIL
117570-102359,C,Will,Will Banfield,Banfield,,0,2000,MIL@CIN,CIN,MIL,,,,,,C/1B/UTIL
117570-102367,2B,Ronny,Ronny Mauricio,Mauricio,,0,2000,NYM@LAD,NYM,LAD,,,,,,2B/UTIL
117570-102374,C,Anthony,Anthony Seigler,Seigler,,0,2000,MIL@CIN,MIL,CIN,,,,,,C/1B/UTIL
117570-102384,SS,Jeremy,Jeremy Eierman,Eierman,,0,2000,MIN@ATH,ATH,MIN,,,,,,SS/UTIL
117570-102388,OF,Cal,Cal Mitchell,Mitchell,,0,2000,SD@SF,SF,SD,,,,,,OF/UTIL
117570-102390,OF,Travis,Travis Swaggerty,Swaggerty,,0,2000,NYM@LAD,NYM,LAD,,,,,,OF/UTIL
117570-102392,OF,Esteury,Esteury Ruiz,Ruiz,5.896551724137931,29,2000,NYM@LAD,LAD,NYM,,,,,,OF/UTIL