Id,Position,First Name,Nickname,Last Name,FPPG,Played,Salary,Game,Team,Opponent,Injury Indicator,Injury Details,Tier,Probable Pitcher,Batting Order,Roster Position
120016-82607,P,Trevor,Trevor Rogers,Rogers,40.57142857142857,14,10700,BAL@SD,BAL,SD,,,,,,P
120016-13233,P,Nathan,Nathan Eovaldi,Eovaldi,37.45454545454545,22,10700,TEX@ARI,TEX,ARI,IL,Shoulder,,,,P
120016-187194,P,Bryan,Bryan Woo,Woo,37.84615384615385,26,10500,SEA@TB,SEA,TB,,,,,,P
120016-119414,P,George,George Kirby,Kirby,31.666666666666668,18,10200,SEA@TB,SEA,TB,,,,,,P
120016-102396,P,Logan,Logan Gilbert,Gilbert,33.1,20,10100,SEA@TB,SEA,TB,,,,,,P
120016-52859,P,Jacob,Jacob deGrom,deGrom,35.26923076923077,26,10000,TEX@ARI,TEX,ARI,,,,,,P
120016-163700,P,Kyle,Kyle Bradish,Bradish,46,1,10000,BAL@SD,BAL,SD,,,,Yes,,P
120016-79951,P,Nick,Nick Pivetta,Pivetta,36,27,9600,BAL@SD,SD,BAL,,,,,,P
120016-82604,P,Corbin,Corbin Burnes,Burnes,33.72727272727273,11,9600,TEX@ARI,ARI,TEX,IL,Elbow,,,,P
120016-102294,P,Grayson,Grayson Rodriguez,Rodriguez,35.6,20,9500,BAL@SD,BAL,SD,IL,Elbow,,,,P
120016-79091,P,Dylan,Dylan Cease,Cease,30.037037037037038,27,9400,BAL@SD,SD,BAL,,,,Yes,,P
120016-119361,P,Drew,Drew Rasmussen,Rasmussen,27.153846153846153,26,9300,SEA@TB,TB,SEA,,,,,,P
120016-102407,P,Shane,Shane McClanahan,McClanahan,0,1,9200,SEA@TB,TB,SEA,IL,Triceps,,,,P
120016-79109,P,Tyler,Tyler Mahle,Mahle,28.785714285714285,14,9100,TEX@ARI,TEX,ARI,IL,Shoulder,,,,P
120016-117232,P,Michael,Michael King,King,31.454545454545453,11,9100,BAL@SD,SD,BAL,IL,Knee,,,,P
120016-102447,P,Dean,Dean Kremer,Kremer,26,27,8900,BAL@SD,BAL,SD,,,,,,P
120016-135647,P,Ryan,Ryan Pepiot,Pepiot,30.714285714285715,28,8800,SEA@TB,TB,SEA,,,,,,P
120016-101881,P,Merrill,Merrill Kelly,Kelly,32,28,8800,TEX@ARI,TEX,ARI,,,,,,P
120016-79162,P,Luis,Luis Castillo,Castillo,28.444444444444443,27,8700,SEA@TB,SEA,TB,,,,Yes,,P
120016-66766,P,Adrian,Adrian Houser,Houser,29.375,16,8600,SEA@TB,TB,SEA,,,,,,P
120016-82630,P,Shane,Shane Baz,Baz,27.73076923076923,26,8200,SEA@TB,TB,SEA,,,,Yes,,P
120016-211874,P,Kumar,Kumar Rocker,Rocker,19.571428571428573,14,8200,TEX@ARI,TEX,ARI,,,,,,P
120016-220895,P,Tomoyuki,Tomoyuki Sugano,Sugano,22.923076923076923,26,8100,BAL@SD,BAL,SD,,,,,,P
120016-68523,P,Joe,Joe Musgrove,Musgrove,28.45,20,8000,BAL@SD,SD,BAL,IL,Elbow,,,,P
120016-16931,P,Yu,Yu Darvish,Darvish,20.9,10,7900,BAL@SD,SD,BAL,,,,,,P
120016-202541,P,Cade,Cade Povich,Povich,24.666666666666668,18,7900,BAL@SD,BAL,SD,,,,,,P
120016-185896,P,Cody,Cody Bradford,Bradford,29.785714285714285,14,7800,TEX@ARI,TEX,ARI,IL,Elbow,,,,P
120016-81594,P,Dietrich,Dietrich Enns,Enns,9.6875,16,7800,BAL@SD,BAL,SD,,,,,,P
120016-185701,P,Brandon,Brandon Pfaadt,Pfaadt,24.333333333333332,28,7700,TEX@ARI,ARI,TEX,,,,,,P
120016-194939,P,Joe,Joe Boyle,Boyle,16.7,10,7700,SEA@TB,TB,SEA,,,,,,P
120016-164497,P,Ryne,Ryne Nelson,Nelson,22.214285714285715,29,7700,TEX@ARI,ARI,TEX,,,,Yes,,P
120016-165706,P,Jack,Jack Leiter,Leiter,27,25,7600,TEX@ARI,TEX,ARI,,,,,,P
120016-52142,P,Eduardo,Eduardo Rodriguez,Rodriguez,23.75,24,7600,TEX@ARI,ARI,TEX,,,,,,P
120016-226322,P,Logan,Logan Evans,Evans,21.6,15,7500,SEA@TB,SEA,TB,IL,Elbow,,,,P
120016-135361,P,Nabil,Nabil Crismatt,Crismatt,26.666666666666668,3,7500,TEX@ARI,ARI,TEX,,,,,,P
120016-85251,P,Zac,Zac Gallen,Gallen,27.642857142857142,28,7500,TEX@ARI,ARI,TEX,,,,,,P
120016-13664,P,Patrick,Patrick Corbin,Corbin,23.88,25,7500,TEX@ARI,TEX,ARI,,,,Yes,,P
120016-118202,P,Kyle,Kyle Hart,Hart,12.3,10,7500,BAL@SD,SD,BAL,,,,,,P
120016-219659,P,Brandon,Brandon Young,Young,17.333333333333332,12,7400,BAL@SD,BAL,SD,IL,Hamstring,,,,P
120016-165561,P,Chayce,Chayce McDermott,McDermott,11.5,2,7400,BAL@SD,BAL,SD,,,,,,P
120016-82775,P,Nestor,Nestor Cortes,Cortes,20.428571428571427,7,7300,BAL@SD,SD,BAL,,,,,,P
120016-68482,P,Zach,Zach Eflin,Eflin,20.214285714285715,14,7300,BAL@SD,BAL,SD,IL,Back,,,,P
120016-70470,P,Albert,Albert Suarez,Suarez,11,1,7200,BAL@SD,BAL,SD,IL,Shoulder,,,,P
120016-135268,P,Emerson,Emerson Hancock,Hancock,19.2,15,7100,SEA@TB,SEA,TB,,,,,,P
120016-160939,P,Jacob,Jacob Latz,Latz,12.192307692307692,27,7100,TEX@ARI,TEX,ARI,,,,,,P
120016-219586,P,Ian,Ian Seymour,Seymour,15.071428571428571,14,7100,SEA@TB,TB,SEA,,,,,,P
120016-165689,P,Bryce,Bryce Miller,Miller,19.153846153846153,13,7000,SEA@TB,SEA,TB,,,,,,P
120016-52155,P,Jon,Jon Gray,Gray,8,6,7000,TEX@ARI,TEX,ARI,IL,Shoulder,,,,P
120016-163685,P,JP,JP Sears,Sears,22.16,25,6900,BAL@SD,SD,BAL,,,,,,P
120016-188485,P,Matt,Matt Waldron,Waldron,11,1,6800,BAL@SD,SD,BAL,,,,,,P
120016-176240,P,Luis F.,Luis F. Castillo,Castillo,9,2,6800,BAL@SD,BAL,SD,,,,,,P
120016-149886,P,Cody,Cody Poteet,Poteet,-4,1,6800,BAL@SD,BAL,SD,,,,,,P
120016-119302,P,Blake,Blake Walston,Walston,12.571428571428571,7,6600,TEX@ARI,ARI,TEX,IL,Elbow,,,,P
120016-102574,P,Jake,Jake Woodford,Woodford,5.733333333333333,15,6500,TEX@ARI,ARI,TEX,,,,,,P
120016-190370,P,Jackson,Jackson Wolf,Wolf,0,1,6500,BAL@SD,SD,BAL,,,,,,P
120016-102456,P,Jhonathan,Jhonathan Diaz,Diaz,7,1,6400,SEA@TB,SEA,TB,,,,,,P
120016-165638,P,Randy,Randy Vasquez,Vasquez,17.652173913043477,23,6400,BAL@SD,SD,BAL,,,,,,P
120016-135245,P,Tommy,Tommy Henry,Henry,17.5,2,6300,TEX@ARI,ARI,TEX,IL,Elbow,,,,P
120016-53607,P,Anthony,Anthony DeSclafani,DeSclafani,13.636363636363637,11,6300,TEX@ARI,ARI,TEX,IL,Thumb,,,,P
120016-73835,P,Ty,Ty Blach,Blach,9.15,20,6200,TEX@ARI,TEX,ARI,IL,Undisclosed,,,,P
120016-181660,P,Jhony,Jhony Brito,Brito,6.3076923076923075,26,6200,BAL@SD,SD,BAL,IL,Forearm,,,,P
120016-204512,P,Yilber,Yilber Diaz,Diaz,3,1,6200,TEX@ARI,ARI,TEX,,,,,,P
120016-195785,P,Caleb,Caleb Boushley,Boushley,6.6521739130434785,23,6100,TEX@ARI,TEX,ARI,,,,,,P
120016-145922,P,Tyler,Tyler Wells,Wells,19.666666666666668,4,6000,BAL@SD,BAL,SD,IL,Elbow,,,,P
120016-12939,P,Casey,Casey Kelly,Kelly,2.5,2,6000,TEX@ARI,ARI,TEX,,,,,,P
120016-163515,P,Elvin,Elvin Rodriguez,Rodriguez,7.571428571428571,7,6000,BAL@SD,BAL,SD,,,,,,P
120016-178306,P,Bryan,Bryan Hoeing,Hoeing,5.142857142857143,7,5900,BAL@SD,SD,BAL,,,,,,P
120016-119391,P,Roansy,Roansy Contreras,Contreras,19,1,5900,BAL@SD,BAL,SD,,,,,,P
120016-135208,P,Shawn,Shawn Dubin,Dubin,4.76,25,5700,BAL@SD,BAL,SD,,,,,,P
120016-79126,P,Forrest,Forrest Whitley,Whitley,2,10,5700,SEA@TB,TB,SEA,,,,,,P
120016-82573,P,Alex,Alex Faedo,Faedo,8.054054054054054,37,5700,SEA@TB,TB,SEA,IL,Shoulder,,,,P
120016-213867,P,Blas,Blas Castano,Castano,3,1,5700,SEA@TB,SEA,TB,,,,,,P
120016-82539,P,Jalen,Jalen Beeks,Beeks,4.615384615384615,52,5600,TEX@ARI,ARI,TEX,,,,,,P
120016-102419,P,Cole,Cole Winn,Winn,6.24,25,5500,TEX@ARI,TEX,ARI,IL,Hand,,,,P
120016-135191,P,Josh,Josh Fleming,Fleming,4.541666666666667,25,5500,SEA@TB,SEA,TB,,,,,,P
120016-135192,P,Ryan,Ryan Thompson,Thompson,4.194444444444445,36,5500,TEX@ARI,ARI,TEX,IL,Shoulder,,,,P
120016-155687,P,Andrew,Andrew Wantz,Wantz,10,1,5500,SEA@TB,TB,SEA,IL,Elbow,,,,P
120016-102455,P,Cory,Cory Abbott,Abbott,0,1,5500,TEX@ARI,TEX,ARI,,,,,,P
120016-135226,P,Wes,Wes Benjamin,Benjamin,,0,5500,BAL@SD,SD,BAL,,,,,,P
120016-172092,P,Garrett,Garrett Hill,Hill,0,1,5500,SEA@TB,SEA,TB,,,,,,P
120016-102470,P,Rico,Rico Garcia,Garcia,6.8125,16,5500,BAL@SD,BAL,SD,,,,,,P
120016-135249,P,Bryce,Bryce Jarvis,Jarvis,9.2,10,5500,TEX@ARI,ARI,TEX,,,,,,P
120016-189528,P,Robert,Robert Garcia,Garcia,4.931034482758621,59,5500,TEX@ARI,TEX,ARI,,,,,,P
120016-189529,P,Alek,Alek Jacob,Jacob,3.923076923076923,26,5500,BAL@SD,SD,BAL,,,,,,P
120016-195681,P,Jose,Jose Espada,Espada,,0,5500,BAL@SD,BAL,SD,,,,,,P
120016-102500,P,Robert,Robert Dugger,Dugger,,0,5500,TEX@ARI,TEX,ARI,,,,,,P
120016-102505,P,Edwin,Edwin Uceta,Uceta,7.327586206896552,58,5500,SEA@TB,TB,SEA,,,,,,P
120016-226411,P,David,David Morgan,Morgan,6.323529411764706,35,5500,BAL@SD,SD,BAL,,,,,,P
120016-116847,P,Cole,Cole Sulser,Sulser,6,13,5500,SEA@TB,TB,SEA,,,,,,P
120016-135281,P,Bryan,Bryan Baker,Baker,5.5,61,5500,SEA@TB,TB,SEA,,,,,,P
120016-231540,P,Houston,Houston Roth,Roth,,0,5500,BAL@SD,BAL,SD,,,,,,P
120016-135289,P,Kodi,Kodi Whitley,Whitley,,0,5500,SEA@TB,TB,SEA,,,,,,P
120016-187521,P,Joe,Joe Jacques,Jacques,3,2,5500,SEA@TB,SEA,TB,,,,,,P
120016-116868,P,Gabe,Gabe Speier,Speier,5.380952380952381,63,5500,SEA@TB,SEA,TB,,,,,,P
120016-135306,P,Cole,Cole Wilcox,Wilcox,,0,5500,SEA@TB,TB,SEA,,,,,,P
120016-73866,P,Wandy,Wandy Peralta,Peralta,4.967741935483871,62,5500,BAL@SD,SD,BAL,,,,,,P
120016-135312,P,Kyle,Kyle Nelson,Nelson,3,3,5500,TEX@ARI,ARI,TEX,,,,,,P
120016-102549,P,Andres,Andres Munoz,Munoz,6.4,55,5500,SEA@TB,SEA,TB,,,,,,P
120016-170135,P,Yennier,Yennier Cano,Cano,3.8,55,5500,BAL@SD,BAL,SD,,,,,,P
120016-102558,P,Gregory,Gregory Santos,Santos,1.875,8,5500,SEA@TB,SEA,TB,IL,Knee,,,,P
120016-152733,P,Griffin,Griffin Jax,Jax,5.655737704918033,62,5500,SEA@TB,TB,SEA,,,,,,P
120016-102565,P,Mason,Mason Englert,Englert,7.407407407407407,29,5500,SEA@TB,TB,SEA,,,,,,P
120016-154794,P,Joe,Joe Barlow,Barlow,,0,5500,TEX@ARI,TEX,ARI,,,,,,P
120016-232618,P,Taylor,Taylor Rashi,Rashi,18,1,5500,TEX@ARI,ARI,TEX,,,,,,P
120016-145591,P,Eduard,Eduard Bazardo,Bazardo,6.098360655737705,61,5500,SEA@TB,SEA,TB,,,,,,P
120016-145593,P,Carlos,Carlos Vargas,Vargas,4.448275862068965,58,5500,SEA@TB,SEA,TB,,,,,,P
120016-135358,P,Dylan,Dylan File,File,,0,5500,SEA@TB,SEA,TB,,,,,,P
120016-102590,P,Joey,Joey Gerber,Gerber,,0,5500,SEA@TB,TB,SEA,,,,,,P
120016-102593,P,Gerardo,Gerardo Carrillo,Carrillo,,0,5500,TEX@ARI,TEX,ARI,,,,,,P
120016-21707,P,Michael,Michael Mariot,Mariot,,0,5500,SEA@TB,SEA,TB,,,,,,P
120016-209116,P,Troy,Troy Taylor,Taylor,-0.14285714285714285,8,5500,SEA@TB,SEA,TB,,,,,,P
120016-83172,P,Jonathan,Jonathan Hernandez,Hernandez,6.448275862068965,29,5500,SEA@TB,TB,SEA,IL,Undisclosed,,,,P
120016-178411,P,Michael,Michael Plassmeyer,Plassmeyer,0,1,5500,TEX@ARI,TEX,ARI,,,,,,P
120016-198890,P,Walter,Walter Pennington,Pennington,5.8125,16,5500,BAL@SD,BAL,SD,,,,,,P
120016-79085,P,Keegan,Keegan Akin,Akin,5.294117647058823,52,5500,BAL@SD,BAL,SD,,,,,,P
120016-197877,P,Cristian,Cristian Mena,Mena,15.666666666666666,3,5500,TEX@ARI,ARI,TEX,IL,Shoulder,,,,P
120016-197884,P,Yoniel,Yoniel Curet,Curet,0,1,5500,SEA@TB,TB,SEA,,,,,,P
120016-197890,P,Marc,Marc Church,Church,4.6,5,5500,TEX@ARI,TEX,ARI,IL,Elbow,,,,P
120016-197893,P,Jose,Jose Corniell,Corniell,0,1,5500,TEX@ARI,TEX,ARI,,,,,,P
120016-198920,P,Dylan,Dylan Lesko,Lesko,,0,5500,SEA@TB,TB,SEA,,,,,,P
120016-225559,P,Juan,Juan Morillo,Morillo,3.864864864864865,38,5500,TEX@ARI,ARI,TEX,,,,,,P
120016-83232,P,Jason,Jason Adam,Adam,6.40625,64,5500,BAL@SD,SD,BAL,,,,,,P
120016-85289,P,Nick,Nick Anderson,Anderson,3.6666666666666665,12,5500,SEA@TB,SEA,TB,,,,,,P
120016-146730,P,Nick,Nick Bitsko,Bitsko,,0,5500,SEA@TB,TB,SEA,,,,,,P
120016-79144,P,Scott,Scott Blewett,Blewett,6.730769230769231,26,5500,BAL@SD,BAL,SD,IL,Elbow,,,,P
120016-135525,P,Adam,Adam Seminaris,Seminaris,,0,5500,SEA@TB,SEA,TB,,,,,,P
120016-79209,P,A.J.,A.J. Puk,Puk,6.375,8,5500,TEX@ARI,ARI,TEX,IL,Elbow,,,,P
120016-153961,P,Tayler,Tayler Saucedo,Saucedo,3.125,8,5500,SEA@TB,SEA,TB,,,,,,P
120016-79227,P,Adrian,Adrian Morejon,Morejon,6.467741935483871,64,5500,BAL@SD,SD,BAL,,,,,,P
120016-225665,P,Sauryn,Sauryn Lao,Lao,6.5,2,5500,SEA@TB,SEA,TB,,,,,,P
120016-181664,P,Sean,Sean Reynolds,Reynolds,5.222222222222222,18,5500,BAL@SD,SD,BAL,,,,,,P
120016-118185,P,Matt,Matt Foster,Foster,4.333333333333333,6,5500,TEX@ARI,ARI,TEX,,,,,,P
120016-79275,P,Sean,Sean Reid-Foley,Reid-Foley,5.826086956521739,23,5500,TEX@ARI,ARI,TEX,,,,,,P
120016-101803,P,Jacob,Jacob Webb,Webb,5.595744680851064,47,5500,TEX@ARI,TEX,ARI,,,,,,P
120016-101822,P,Josh,Josh Sborz,Sborz,5.6875,17,5500,TEX@ARI,TEX,ARI,IL,Shoulder,,,,P
120016-101829,P,Trey,Trey Supak,Supak,,0,5500,TEX@ARI,TEX,ARI,,,,,,P
120016-118217,P,Manuel,Manuel Rodriguez,Rodriguez,4.870967741935484,31,5500,SEA@TB,TB,SEA,IL,Forearm,,,,P
120016-118224,P,Garrett,Garrett Cleavinger,Cleavinger,6.018867924528302,54,5500,SEA@TB,TB,SEA,,,,,,P
120016-101855,P,Trent,Trent Thornton,Thornton,5.121212121212121,33,5500,SEA@TB,SEA,TB,IL,Achilles,,,,P
120016-84452,P,Caleb,Caleb Ferguson,Ferguson,4.033898305084746,59,5500,SEA@TB,SEA,TB,,,,,,P
120016-185847,P,Garrett,Garrett Acton,Acton,,0,5500,SEA@TB,TB,SEA,,,,,,P
120016-119299,P,Drey,Drey Jameson,Jameson,2,3,5500,TEX@ARI,ARI,TEX,IL,Elbow,,,,P
120016-219660,P,Kade,Kade Strowd,Strowd,5.3076923076923075,14,5500,BAL@SD,BAL,SD,,,,,,P
120016-170512,P,Peter,Peter Strzelecki,Strzelecki,5.3,10,5500,SEA@TB,TB,SEA,IL,Elbow,,,,P
120016-119316,P,Thaddeus,Thaddeus Ward,Ward,0,1,5500,BAL@SD,BAL,SD,,,,,,P
120016-58913,P,Danny,Danny Coulombe,Coulombe,4.4,51,5500,TEX@ARI,TEX,ARI,,,,,,P
120016-79402,P,Cionel,Cionel Perez,Perez,3.5789473684210527,19,5500,BAL@SD,BAL,SD,,,,,,P
120016-219694,P,Winston,Winston Santos,Santos,,0,5500,TEX@ARI,TEX,ARI,,,,,,P
120016-219693,P,Emiliano,Emiliano Teodo,Teodo,,0,5500,TEX@ARI,TEX,ARI,,,,,,P
120016-181816,P,Casey,Casey Legumina,Legumina,5.159090909090909,45,5500,SEA@TB,SEA,TB,,,,,,P
120016-219708,P,Carson,Carson Ragsdale,Ragsdale,,0,5500,BAL@SD,BAL,SD,,,,,,P
120016-226884,P,Christian,Christian Montes De Oca,Montes De Oca,14,1,5500,TEX@ARI,ARI,TEX,IL,Back,,,,P
120016-219723,P,Omar,Omar Cruz,Cruz,10,2,5500,BAL@SD,SD,BAL,,,,,,P
120016-219726,P,Joe,Joe Elbis,Elbis,,0,5500,TEX@ARI,ARI,TEX,O,Undisclosed,,,,P
120016-181836,P,Justin,Justin Martinez,Martinez,6.0625,17,5500,TEX@ARI,ARI,TEX,IL,Elbow,,,,P
120016-81488,P,Jose,Jose Ruiz,Ruiz,2.888888888888889,18,5500,TEX@ARI,TEX,ARI,,,,,,P
120016-222807,P,Alejandro,Alejandro Rosario,Rosario,,0,5500,TEX@ARI,TEX,ARI,IL,Elbow,,,,P
120016-181847,P,Noah,Noah Denoyer,Denoyer,,0,5500,BAL@SD,BAL,SD,,,,,,P
120016-181850,P,Colin,Colin Selby,Selby,6,9,5500,BAL@SD,BAL,SD,IL,Hamstring,,,,P
120016-226913,P,Yaramil,Yaramil Hiraldo,Hiraldo,4.333333333333333,12,5500,BAL@SD,BAL,SD,,,,,,P
120016-184943,P,Jesse,Jesse Scholtens,Scholtens,,0,5500,SEA@TB,TB,SEA,,,,,,P
120016-226925,P,Andrew,Andrew Hoffmann,Hoffmann,5.1,10,5500,TEX@ARI,ARI,TEX,,,,,,P
120016-162419,P,Matt,Matt Brash,Brash,5.363636363636363,44,5500,SEA@TB,SEA,TB,,,,,,P
120016-156272,P,Reiss,Reiss Knehr,Knehr,0,1,5500,BAL@SD,SD,BAL,,,,,,P
120016-226929,P,Bradgley,Bradgley Rodriguez,Rodriguez,8,1,5500,BAL@SD,SD,BAL,,,,,,P
120016-222843,P,Jurrangelo,Jurrangelo Cijntje,Cijntje,,0,5500,SEA@TB,SEA,TB,,,,,,P
120016-222855,P,Ty,Ty Johnson,Johnson,,0,5500,SEA@TB,TB,SEA,,,,,,P
120016-222854,P,Brody,Brody Hopkins,Hopkins,,0,5500,SEA@TB,TB,SEA,,,,,,P
120016-165509,P,Bryce,Bryce Bonnin,Bonnin,,0,5500,TEX@ARI,TEX,ARI,,,,,,P
120016-119433,P,JJ,JJ Goss,Goss,,0,5500,SEA@TB,TB,SEA,,,,,,P
120016-222857,P,Jackson,Jackson Baumeister,Baumeister,,0,5500,SEA@TB,TB,SEA,IL,Undisclosed,,,,P
120016-222856,P,Trevor,Trevor Harrison,Harrison,,0,5500,SEA@TB,TB,SEA,,,,,,P
120016-119451,P,Matt,Matt Cronin,Cronin,,0,5500,SEA@TB,SEA,TB,IL,Undisclosed,,,,P
120016-165528,P,Joe,Joe Rock,Rock,18,2,5500,SEA@TB,TB,SEA,,,,,,P
120016-226969,P,Brian,Brian Van Belle,Van Belle,11,2,5500,SEA@TB,TB,SEA,,,,,,P
120016-226968,P,Kyle,Kyle Backhus,Backhus,3.7142857142857144,28,5500,TEX@ARI,ARI,TEX,,,,,,P
120016-203420,P,Austin,Austin Kitchen,Kitchen,0,4,5500,SEA@TB,SEA,TB,,,,,,P
120016-220834,P,Nate,Nate Lavender,Lavender,,0,5500,SEA@TB,TB,SEA,IL,Elbow,,,,P
120016-220837,P,Evan,Evan Reifert,Reifert,,0,5500,SEA@TB,TB,SEA,,,,,,P
120016-84651,P,Austin,Austin Davis,Davis,2.5714285714285716,7,5500,BAL@SD,SD,BAL,,,,,,P
120016-220847,P,Grant,Grant Wolfram,Wolfram,7.5625,16,5500,BAL@SD,BAL,SD,,,,,,P
120016-220845,P,Juan,Juan Nunez,Nunez,,0,5500,BAL@SD,BAL,SD,IL,Undisclosed,,,,P
120016-211632,P,Mason,Mason Montgomery,Montgomery,4.673076923076923,53,5500,SEA@TB,TB,SEA,,,,,,P
120016-114356,P,Kevin,Kevin Ginkel,Ginkel,3.689655172413793,29,5500,TEX@ARI,ARI,TEX,IL,Shoulder,,,,P
120016-80571,P,Phil,Phil Maton,Maton,5.961538461538462,52,5500,TEX@ARI,TEX,ARI,,,,,,P
120016-165570,P,Ben,Ben Hernandez,Hernandez,,0,5500,SEA@TB,SEA,TB,,,,,,P
120016-38596,P,Chris,Chris Martin,Martin,5.277777777777778,39,5500,TEX@ARI,TEX,ARI,IL,Calf,,,,P
120016-81614,P,Thyago,Thyago Vieira,Vieira,6.111111111111111,28,5500,TEX@ARI,ARI,TEX,O,Elbow,,,,P
120016-229084,P,Brandyn,Brandyn Garcia,Garcia,3.6,5,5500,TEX@ARI,ARI,TEX,,,,,,P
120016-14049,P,Bryan,Bryan Shaw,Shaw,2.4,5,5500,SEA@TB,SEA,TB,,,,,,P
120016-53990,P,Shawn,Shawn Armstrong,Armstrong,5.894736842105263,58,5500,TEX@ARI,TEX,ARI,,,,,,P
120016-81641,P,John,John Curtiss,Curtiss,5.238095238095238,21,5500,TEX@ARI,ARI,TEX,,,,,,P
120016-182005,P,Kevin,Kevin Kelly,Kelly,3.142857142857143,29,5500,SEA@TB,TB,SEA,,,,,,P
120016-165628,P,Josh,Josh Walker,Walker,9,3,5500,BAL@SD,BAL,SD,,,,,,P
120016-13055,P,Anthony,Anthony Gose,Gose,3.3333333333333335,3,5500,TEX@ARI,ARI,TEX,,,,,,P
120016-154368,P,Vinny,Vinny Nittoli,Nittoli,6,9,5500,BAL@SD,BAL,SD,,,,,,P
120016-165642,P,Mason,Mason Miller,Miller,6.816326530612245,49,5500,BAL@SD,SD,BAL,,,,,,P
120016-194320,P,Andrew,Andrew Saalfrank,Saalfrank,5.3,20,5500,TEX@ARI,ARI,TEX,,,,,,P
120016-165671,P,Victor,Victor Lizarraga,Lizarraga,,0,5500,BAL@SD,SD,BAL,,,,,,P
120016-165673,P,Levi,Levi Stoudt,Stoudt,0,1,5500,BAL@SD,BAL,SD,,,,,,P
120016-182062,P,Gus,Gus Varland,Varland,5.230769230769231,26,5500,TEX@ARI,ARI,TEX,O,Undisclosed,,,,P
120016-165682,P,Michael,Michael Morales,Morales,,0,5500,SEA@TB,SEA,TB,,,,,,P
120016-53043,P,Jesse,Jesse Hahn,Hahn,5,3,5500,SEA@TB,SEA,TB,,,,,,P
120016-70482,P,J.B.,J.B. Wendelken,Wendelken,,0,5500,BAL@SD,SD,BAL,,,,,,P
120016-204624,P,Eric,Eric Orze,Orze,6.548387096774194,31,5500,SEA@TB,TB,SEA,,,,,,P
120016-204631,P,Hunter,Hunter Bigge,Bigge,5.3076923076923075,13,5500,SEA@TB,TB,SEA,IL,Lat,,,,P
120016-213851,P,Domingo,Domingo Gonzalez,Gonzalez,,0,5500,SEA@TB,SEA,TB,,,,,,P
120016-228189,P,Juan,Juan Burgos,Burgos,4.916666666666667,12,5500,TEX@ARI,ARI,TEX,,,,,,P
120016-163687,P,Ron,Ron Marinaccio,Marinaccio,9.666666666666666,3,5500,BAL@SD,SD,BAL,,,,,,P
120016-163690,P,Nathan,Nathan Webb,Webb,,0,5500,BAL@SD,BAL,SD,,,,,,P
120016-163688,P,Collin,Collin Snider,Snider,4.791666666666667,24,5500,SEA@TB,SEA,TB,,,,,,P
120016-163697,P,Hagen,Hagen Danner,Danner,0,1,5500,SEA@TB,SEA,TB,,,,,,P
120016-163702,P,Logan,Logan Gillaspie,Gillaspie,9,3,5500,BAL@SD,SD,BAL,,,,,,P
120016-163701,P,Felix,Felix Bautista,Bautista,6.571428571428571,35,5500,BAL@SD,BAL,SD,IL,Shoulder,,,,P
120016-80801,P,Hoby,Hoby Milner,Milner,5.258620689655173,62,5500,TEX@ARI,TEX,ARI,,,,,,P
120016-68520,P,Michael,Michael Fulmer,Fulmer,5.666666666666667,3,5500,SEA@TB,SEA,TB,,,,,,P
120016-108461,P,Pete,Pete Fairbanks,Fairbanks,5.5576923076923075,52,5500,SEA@TB,TB,SEA,,,,,,P
120016-52146,P,Carl,Carl Edwards Jr.,Edwards Jr.,3,2,5500,TEX@ARI,TEX,ARI,,,,,,P
120016-179129,P,Jeremiah,Jeremiah Estrada,Estrada,6.421875,65,5500,BAL@SD,SD,BAL,,,,,,P
120016-102332,P,Jackson,Jackson Kowar,Kowar,5.6,15,5500,SEA@TB,SEA,TB,,,,,,P
120016-102334,P,Corbin,Corbin Martin,Martin,5.8125,17,5500,BAL@SD,BAL,SD,,,,,,P
120016-163782,P,Robert,Robert Suarez,Suarez,5.396551724137931,58,5500,BAL@SD,SD,BAL,,,,,,P
120016-198619,P,Yuki,Yuki Matsui,Matsui,5,54,5500,BAL@SD,SD,BAL,,,,,,P
120016-52192,P,Luke,Luke Jackson,Jackson,3.9743589743589745,42,5500,SEA@TB,SEA,TB,,,,,,P
120016-213995,P,Luis,Luis Curvelo,Curvelo,6.583333333333333,12,5500,TEX@ARI,TEX,ARI,,,,,,P
120016-70634,P,Daniel,Daniel Mengden,Mengden,,0,5500,TEX@ARI,ARI,TEX,,,,,,P
120016-102386,P,Steven,Steven Jennings,Jennings,,0,5500,TEX@ARI,TEX,ARI,,,,,,P
120016-82935,P,Trevor,Trevor Richards,Richards,4.25,5,5500,TEX@ARI,ARI,TEX,,,,,,P
120016-102554,C,Cal,Cal Raleigh,Raleigh,13.914925190939831,134,4300,SEA@TB,SEA,TB,,,,,,C/1B/UTIL
120016-119297,OF,Corbin,Corbin Carroll,Carroll,13.635537391851756,121,4000,TEX@ARI,ARI,TEX,,,,,,OF/UTIL
120016-195679,3B,Junior,Junior Caminero,Caminero,11.815384615384616,130,3800,SEA@TB,TB,SEA,,,,,,3B/UTIL
120016-102438,SS,Geraldo,Geraldo Perdomo,Perdomo,12.113138686131387,137,3700,TEX@ARI,ARI,TEX,,,,,,SS/UTIL
120016-21853,2B,Ketel,Ketel Marte,Marte,12.317307692307692,104,3700,TEX@ARI,ARI,TEX,,,,,,2B/UTIL
120016-198526,OF,Wyatt,Wyatt Langford,Langford,11.093965727707435,116,3600,TEX@ARI,TEX,ARI,,,,,,OF/UTIL
120016-21633,3B,Eugenio,Eugenio Suarez,Suarez,11.903731161089086,134,3500,SEA@TB,SEA,TB,,,,,,3B/UTIL
120016-102400,OF,Julio,Julio Rodriguez,Rodriguez,11.820588055778952,136,3400,SEA@TB,SEA,TB,,,,,,OF/UTIL
120016-79393,OF,Fernando,Fernando Tatis Jr.,Tatis Jr.,11.791790862581623,134,3400,BAL@SD,SD,BAL,DTD,Hamstring,,,,OF/UTIL
120016-85504,2B,Brandon,Brandon Lowe,Lowe,10.816814591399336,113,3300,SEA@TB,TB,SEA,,,,,,2B/UTIL
120016-119306,SS,Gunnar,Gunnar Henderson,Henderson,10.874615009014423,130,3300,BAL@SD,BAL,SD,,,,,,SS/UTIL
120016-13929,3B,Manny,Manny Machado,Machado,10.936496706774635,137,3300,BAL@SD,SD,BAL,,,,,,3B/UTIL
120016-79120,1B,Yandy,Yandy Diaz,Diaz,10.477165162093996,127,3200,SEA@TB,TB,SEA,,,,,,C/1B/UTIL
120016-85261,OF,Randy,Randy Arozarena,Arozarena,11.588148328993055,135,3100,SEA@TB,SEA,TB,,,,,,OF/UTIL
120016-79223,1B,Josh,Josh Naylor,Naylor,10.884,125,3100,SEA@TB,SEA,TB,,,,,,C/1B/UTIL
120016-79257,OF,Josh,Josh Lowe,Lowe,9.72441846270894,86,3000,SEA@TB,TB,SEA,,,,,,OF/UTIL
120016-165710,OF,Evan,Evan Carter,Carter,9.153968447730655,63,3000,TEX@ARI,TEX,ARI,IL,Wrist,,,,OF/UTIL
120016-225386,OF,Chandler,Chandler Simpson,Simpson,9.496551864448636,87,2900,SEA@TB,TB,SEA,,,,,,OF/UTIL
120016-21705,2B,Marcus,Marcus Semien,Semien,9.156693105622539,127,2900,TEX@ARI,TEX,ARI,IL,Foot,,,,2B/UTIL
120016-83155,OF,Ramon,Ramon Laureano,Laureano,10.68272705078125,110,2900,BAL@SD,SD,BAL,,,,,,OF/UTIL
120016-146667,3B/2B,Jordan,Jordan Westburg,Westburg,10.405479117615583,73,2900,BAL@SD,BAL,SD,IL,Ankle,,,,2B/3B/UTIL
120016-79141,1B/OF,Ryan,Ryan O'Hearn,O'Hearn,9.146666463216146,120,2900,BAL@SD,SD,BAL,,,,,,C/1B/OF/UTIL
120016-21874,2B/3B,Jorge,Jorge Polanco,Polanco,9.306086531929347,115,2900,SEA@TB,SEA,TB,,,,,,2B/3B/UTIL
120016-79272,OF,Lourdes,Lourdes Gurriel Jr.,Gurriel Jr.,9.721875190734863,128,2900,TEX@ARI,ARI,TEX,,,,,,OF/UTIL
120016-85520,OF,Adolis,Adolis Garcia,Garcia,9.528225806451612,124,2900,TEX@ARI,TEX,ARI,,,,,,OF/UTIL
120016-164507,OF,Colton,Colton Cowser,Cowser,8.734286063058036,70,2900,BAL@SD,BAL,SD,,,,,,OF/UTIL
120016-165707,SS/3B/2B/1B/OF,Josh,Josh Smith,Smith,8.291128835370463,124,2900,TEX@ARI,TEX,ARI,,,,,,C/1B/2B/3B/SS/OF/UTIL
120016-68547,OF,Tyler,Tyler O'Neill,O'Neill,9.220930232558139,43,2900,BAL@SD,BAL,SD,IL,Wrist,,,,OF/UTIL
120016-37982,SS/2B,Xander,Xander Bogaerts,Bogaerts,9.026717557251908,131,2800,BAL@SD,SD,BAL,IL,Foot,,,,2B/SS/UTIL
120016-79082,1B,Ryan,Ryan Mountcastle,Mountcastle,7.754794186108733,73,2800,BAL@SD,BAL,SD,,,,,,C/1B/UTIL
120016-219666,OF,Jake,Jake Mangum,Mangum,7.931182533182124,93,2800,SEA@TB,TB,SEA,,,,,,OF/UTIL
120016-119437,3B,Josh,Josh Jung,Jung,8.374766126971378,107,2800,TEX@ARI,TEX,ARI,,,,,,3B/UTIL
120016-119442,C,Gabriel,Gabriel Moreno,Moreno,8.6114752097208,61,2800,TEX@ARI,ARI,TEX,,,,,,C/1B/UTIL
120016-232356,OF,Dylan,Dylan Beavers,Beavers,9.935714721679688,14,2800,BAL@SD,BAL,SD,,,,,,OF/UTIL
120016-102348,SS,Jeremiah,Jeremiah Jackson,Jackson,8.8999997652494,26,2800,BAL@SD,BAL,SD,,,,,,SS/UTIL
120016-102435,SS/2B/3B,Blaze,Blaze Alexander,Alexander,8.335294237323836,51,2700,TEX@ARI,ARI,TEX,,,,,,2B/3B/SS/UTIL
120016-79918,C,Kyle,Kyle Higashioka,Higashioka,8.354545296012581,77,2700,TEX@ARI,TEX,ARI,,,,,,C/1B/UTIL
120016-197967,2B/SS,Jackson,Jackson Holliday,Holliday,9.319531440734863,128,2700,BAL@SD,BAL,SD,,,,,,2B/SS/UTIL
120016-13864,OF/1B,Joc,Joc Pederson,Pederson,6.20135126887141,74,2700,TEX@ARI,TEX,ARI,,,,,,C/1B/OF/UTIL
120016-82569,1B/OF,Gavin,Gavin Sheets,Sheets,8.84132271758781,121,2700,BAL@SD,SD,BAL,,,,,,C/1B/OF/UTIL
120016-82570,1B,Jake,Jake Burger,Burger,8.008333478655134,84,2700,TEX@ARI,TEX,ARI,IL,Wrist,,,,C/1B/UTIL
120016-165666,OF,Jackson,Jackson Merrill,Merrill,9.273626641912776,91,2700,BAL@SD,SD,BAL,IL,Ankle,,,,OF/UTIL
120016-163662,1B,Jonathan,Jonathan Aranda,Aranda,9.89417452025182,103,2700,SEA@TB,TB,SEA,IL,Wrist,,,,C/1B/UTIL
120016-189530,OF,Dominic,Dominic Canzone,Canzone,7.238709480531754,62,2600,SEA@TB,SEA,TB,,,,,,OF/UTIL
120016-101827,1B/2B,Luis,Luis Arraez,Arraez,8.423664122137405,131,2600,BAL@SD,SD,BAL,,,,,,C/1B/2B/UTIL
120016-118210,1B/2B,Jake,Jake Cronenworth,Cronenworth,8.716216216216216,111,2600,BAL@SD,SD,BAL,,,,,,C/1B/2B/UTIL
120016-16945,C,Gary,Gary Sanchez,Sanchez,8.886666870117187,30,2600,BAL@SD,BAL,SD,IL,Knee,,,,C/1B/UTIL
120016-82530,1B/OF,Pavin,Pavin Smith,Smith,7.65747140467852,87,2600,TEX@ARI,ARI,TEX,IL,Quadriceps,,,,C/1B/OF/UTIL
120016-222844,SS/2B,Cole,Cole Young,Young,6.691044593924906,67,2600,SEA@TB,SEA,TB,,,,,,2B/SS/UTIL
120016-81622,C,Mitch,Mitch Garver,Garver,6.997222052680121,72,2600,SEA@TB,SEA,TB,,,,,,C/1B/UTIL
120016-146160,SS/2B,Ha-Seong,Ha-Seong Kim,Kim,7.395833333333333,24,2600,SEA@TB,TB,SEA,IL,Back,,,,2B/SS/UTIL
120016-165702,SS,Carson,Carson Williams,Williams,10.625,8,2600,SEA@TB,TB,SEA,,,,,,SS/UTIL
120016-52179,SS,J.P.,J.P. Crawford,Crawford,8.449624427279135,133,2600,SEA@TB,SEA,TB,,,,,,SS/UTIL
120016-116841,2B/1B/OF,Sam,Sam Haggerty,Haggerty,7.042187690734863,64,2500,TEX@ARI,TEX,ARI,IL,Ankle,,,,C/1B/2B/OF/UTIL
120016-198867,C,Samuel,Samuel Basallo,Basallo,6.799999872843425,12,2500,BAL@SD,BAL,SD,,,,,,C/1B/UTIL
120016-118120,C,Jonah,Jonah Heim,Heim,6.592381068638393,105,2500,TEX@ARI,TEX,ARI,,,,,,C/1B/UTIL
120016-79277,1B,Rowdy,Rowdy Tellez,Tellez,6.698924731182796,93,2500,TEX@ARI,TEX,ARI,,,,,,C/1B/UTIL
120016-119307,C,Adley,Adley Rutschman,Rutschman,7.987059110753677,85,2500,BAL@SD,BAL,SD,IL,Oblique,,,,C/1B/UTIL
120016-119318,2B/3B/OF,Christopher,Christopher Morel,Morel,6.514772588556463,88,2500,SEA@TB,TB,SEA,,,,,,2B/3B/OF/UTIL
120016-102363,OF/1B,Luke,Luke Raley,Raley,6.436206686085668,58,2500,SEA@TB,SEA,TB,,,,,,C/1B/OF/UTIL
120016-135190,SS/2B,Taylor,Taylor Walls,Walls,6.73465358620823,101,2400,SEA@TB,TB,SEA,IL,Groin,,,,2B/SS/UTIL
120016-135194,C,Freddy,Freddy Fermin,Fermin,5.258888753255208,90,2400,BAL@SD,SD,BAL,,,,,,C/1B/UTIL
120016-79152,C,Matt,Matt Thaiss,Thaiss,5.736666870117188,60,2400,SEA@TB,TB,SEA,,,,,,C/1B/UTIL
120016-211345,OF/2B,Michael,Michael Helman,Helman,9.866666666666667,15,2400,TEX@ARI,TEX,ARI,,,,,,2B/OF/UTIL
120016-181806,OF,Jonny,Jonny DeLuca,DeLuca,7.5,20,2400,SEA@TB,TB,SEA,IL,Hamstring,,,,OF/UTIL
120016-164512,3B/1B,Coby,Coby Mayo,Mayo,6.327868852459017,61,2400,BAL@SD,BAL,SD,,,,,,C/1B/3B/UTIL
120016-17171,C,James,James McCann,McCann,6.309374809265137,32,2400,TEX@ARI,ARI,TEX,DTD,Back,,,,C/1B/UTIL
120016-163704,OF,Cooper,Cooper Hummel,Hummel,4.9324324324324325,37,2400,SEA@TB,TB,SEA,,,,,,OF/UTIL
120016-202657,1B,Tyler,Tyler Locklear,Locklear,5.684000244140625,25,2400,TEX@ARI,ARI,TEX,,,,,,C/1B/UTIL
120016-68563,OF,Victor,Victor Robles,Robles,7.9500002179827005,14,2400,SEA@TB,SEA,TB,NA,Suspension,,,,OF/UTIL
120016-223299,3B,Ben,Ben Williamson,Williamson,6.172941320082721,85,2300,SEA@TB,SEA,TB,,,,,,3B/UTIL
120016-102537,OF,Everson,Everson Pereira,Pereira,6.476922842172476,13,2300,SEA@TB,TB,SEA,,,,,,OF/UTIL
120016-60649,C,Alex,Alex Jackson,Jackson,6.971428462437221,28,2300,BAL@SD,BAL,SD,,,,,,C/1B/UTIL
120016-209179,1B/2B/3B,Will,Will Wagner,Wagner,5.093478327212126,46,2300,BAL@SD,SD,BAL,,,,,,C/1B/2B/3B/UTIL
120016-101753,2B/SS/3B/OF,Dylan,Dylan Moore,Moore,5.822222222222222,90,2300,TEX@ARI,TEX,ARI,,,,,,2B/3B/SS/OF/UTIL
120016-79400,OF,Dylan,Dylan Carlson,Carlson,5.6231884057971016,69,2300,BAL@SD,BAL,SD,,,,,,OF/UTIL
120016-12919,SS/2B/3B/OF,Jose,Jose Iglesias,Iglesias,5.280412496979704,97,2300,BAL@SD,SD,BAL,,,,,,2B/3B/SS/OF/UTIL
120016-164496,C,Adrian,Adrian Del Castillo,Del Castillo,6.035714285714286,28,2300,TEX@ARI,ARI,TEX,,,,,,C/1B/UTIL
120016-163533,C,Jose,Jose Herrera,Herrera,5.650000210466056,58,2300,TEX@ARI,ARI,TEX,,,,,,C/1B/UTIL
120016-119637,3B/SS/OF/1B,Ezequiel,Ezequiel Duran,Duran,4.412121397076231,66,2300,TEX@ARI,TEX,ARI,,,,,,C/1B/3B/SS/OF/UTIL
120016-163668,OF/2B/3B,Richie,Richie Palacios,Palacios,21.200000762939453,1,2300,SEA@TB,TB,SEA,IL,Knee,,,,2B/3B/OF/UTIL
120016-102283,OF,Alek,Alek Thomas,Thomas,6.544166564941406,120,2300,TEX@ARI,ARI,TEX,,,,,,OF/UTIL
120016-102282,OF,Jake,Jake McCarthy,McCarthy,6.308333079020183,48,2300,TEX@ARI,ARI,TEX,,,,,,OF/UTIL
120016-54307,C,Elias,Elias Diaz,Diaz,5.252127789436503,94,2200,BAL@SD,SD,BAL,,,,,,C/1B/UTIL
120016-13412,3B/1B,Donovan,Donovan Solano,Solano,4.442028985507246,69,2200,SEA@TB,SEA,TB,,,,,,C/1B/3B/UTIL
120016-197915,C,Hunter,Hunter Feduccia,Feduccia,3.6809525262741816,21,2200,SEA@TB,TB,SEA,,,,,,C/1B/UTIL
120016-194908,SS/2B/3B,Tristan,Tristan Gray,Gray,4.315384498009315,13,2200,SEA@TB,TB,SEA,,,,,,2B/3B/SS/UTIL
120016-202259,1B/OF,Trenton,Trenton Brooks,Brooks,2.48,25,2200,BAL@SD,SD,BAL,,,,,,C/1B/OF/UTIL
120016-175654,OF,Bryce,Bryce Johnson,Johnson,3.086046440656795,43,2200,BAL@SD,SD,BAL,,,,,,OF/UTIL
120016-71217,C,Omar,Omar Narvaez,Narvaez,6.425000190734863,4,2200,TEX@ARI,TEX,ARI,,,,,,C/1B/UTIL
120016-119364,OF,Kameron,Kameron Misner,Misner,6.569013998542033,71,2200,SEA@TB,TB,SEA,,,,,,OF/UTIL
120016-181835,OF,Jorge,Jorge Barrosa,Barrosa,2.9600001017252606,15,2200,TEX@ARI,ARI,TEX,,,,,,OF/UTIL
120016-226907,OF,Alejandro,Alejandro Osuna,Osuna,4.0775001525878904,40,2200,TEX@ARI,TEX,ARI,,,,,,OF/UTIL
120016-118398,SS,Vimael,Vimael Machin,Machin,5.425000190734863,4,2200,BAL@SD,BAL,SD,,,,,,SS/UTIL
120016-164495,SS/3B/2B,Jordan,Jordan Lawlar,Lawlar,1.2199999809265136,10,2200,TEX@ARI,ARI,TEX,,,,,,2B/3B/SS/UTIL
120016-181991,1B,Ryan,Ryan Noda,Noda,3.46086949887483,23,2200,BAL@SD,BAL,SD,,,,,,C/1B/UTIL
120016-161677,C,Nick,Nick Fortes,Fortes,3.9717947152944713,78,2200,SEA@TB,TB,SEA,,,,,,C/1B/UTIL
120016-232344,1B,Bob,Bob Seymour,Seymour,5.6400001525878904,10,2200,SEA@TB,TB,SEA,,,,,,C/1B/UTIL
120016-68593,SS/2B/OF,Jorge,Jorge Mateo,Mateo,5.621874809265137,32,2200,BAL@SD,BAL,SD,IL,Hamstring,,,,2B/SS/OF/UTIL
120016-180208,2B/3B/SS/OF,Miles,Miles Mastrobuoni,Mastrobuoni,4.293333333333333,75,2200,SEA@TB,SEA,TB,,,,,,2B/3B/SS/OF/UTIL
120016-102488,3B/1B,Emmanuel,Emmanuel Rivera,Rivera,4.003333282470703,30,2100,BAL@SD,BAL,SD,,,,,,C/1B/3B/UTIL
120016-102550,C,Luis,Luis Campusano,Campusano,1.8,10,2100,BAL@SD,SD,BAL,,,,,,C/1B/UTIL
120016-228914,1B,Tristin,Tristin English,English,2.2142857142857144,7,2100,TEX@ARI,ARI,TEX,,,,,,C/1B/UTIL
120016-219727,2B/1B/OF,Tim,Tim Tawa,Tawa,6.189830715373411,59,2100,TEX@ARI,ARI,TEX,IL,Undisclosed,,,,C/1B/2B/OF/UTIL
120016-164498,2B,Ryan,Ryan Bliss,Bliss,6.427272449840199,11,2100,SEA@TB,SEA,TB,IL,Biceps,,,,2B/UTIL
120016-229041,3B,Cody,Cody Freeman,Freeman,4.714285714285714,14,2100,TEX@ARI,TEX,ARI,,,,,,3B/UTIL
120016-188114,SS,Connor,Connor Kaiser,Kaiser,3.8,5,2100,TEX@ARI,ARI,TEX,,,,,,SS/UTIL
120016-82661,OF,Daniel,Daniel Johnson,Johnson,4.676000061035157,25,2100,BAL@SD,BAL,SD,,,,,,OF/UTIL
120016-102295,OF,Stuart,Stuart Fairchild,Fairchild,3.7285714830671037,28,2100,SEA@TB,TB,SEA,IL,Oblique,,,,OF/UTIL
120016-102307,2B/SS/OF,Jose,Jose Barrero,Barrero,2.4227272380482066,22,2100,BAL@SD,BAL,SD,,,,,,2B/SS/OF/UTIL
120016-68537,2B/3B/SS/OF,Tyler,Tyler Wade,Wade,3.468333435058594,60,2100,BAL@SD,SD,BAL,,,,,,2B/3B/SS/OF/UTIL
120016-102349,SS/2B,Leo,Leo Rivas,Rivas,5.8600001017252605,30,2100,SEA@TB,SEA,TB,,,,,,2B/SS/UTIL
120016-200663,C,David,David Banuelos,Banuelos,3,1,2100,BAL@SD,BAL,SD,,,,,,C/1B/UTIL
120016-80852,2B/SS/3B/OF,Ildemaro,Ildemaro Vargas,Vargas,6.6421051025390625,19,2100,TEX@ARI,ARI,TEX,,,,,,2B/3B/SS/OF/UTIL
120016-102436,OF,Kristian,Kristian Robinson,Robinson,,0,2000,TEX@ARI,ARI,TEX,,,,,,OF/UTIL
120016-135207,2B,Alex,Alex De Goti,De Goti,,0,2000,TEX@ARI,TEX,ARI,,,,,,2B/UTIL
120016-135223,C,Jakson,Jakson Reetz,Reetz,3.4625000953674316,8,2000,BAL@SD,BAL,SD,,,,,,C/1B/UTIL
120016-135267,2B,Kaden,Kaden Polcovich,Polcovich,,0,2000,SEA@TB,SEA,TB,,,,,,2B/UTIL
120016-135265,1B,Austin,Austin Shenton,Shenton,4.7549999237060545,20,2000,SEA@TB,SEA,TB,,,,,,C/1B/UTIL
120016-135288,SS/2B/3B,Alan,Alan Trejo,Trejo,3.078571319580078,14,2000,TEX@ARI,TEX,ARI,,,,,,2B/3B/SS/UTIL
120016-197764,C,Blake,Blake Hunt,Hunt,0,1,2000,SEA@TB,SEA,TB,,,,,,C/1B/UTIL
120016-197768,SS/3B,Luis,Luis Vazquez,Vazquez,2.537037037037037,27,2000,BAL@SD,BAL,SD,,,,,,3B/SS/UTIL
120016-102584,C,Tres,Tres Barrera,Barrera,,0,2000,SEA@TB,TB,SEA,,,,,,C/1B/UTIL
120016-187594,2B/3B,Coco,Coco Montes,Montes,1.9,5,2000,SEA@TB,TB,SEA,,,,,,2B/3B/UTIL
120016-198865,OF,Druw,Druw Jones,Jones,,0,2000,TEX@ARI,ARI,TEX,,,,,,OF/UTIL
120016-198871,SS,Tommy,Tommy Troy,Troy,,0,2000,TEX@ARI,ARI,TEX,,,,,,SS/UTIL
120016-198868,OF,Enrique,Enrique Bradfield Jr.,Bradfield Jr.,,0,2000,BAL@SD,BAL,SD,,,,,,OF/UTIL
120016-226530,C,Maverick,Maverick Handley,Handley,2.1812500953674316,16,2000,BAL@SD,BAL,SD,,,,,,C/1B/UTIL
120016-83174,3B,Sergio,Sergio Alcantara,Alcantara,0,1,2000,TEX@ARI,ARI,TEX,,,,,,3B/UTIL
120016-146666,OF,Heston,Heston Kjerstad,Kjerstad,5.679629855685764,54,2000,BAL@SD,BAL,SD,IL,Rest,,,,OF/UTIL
120016-198918,C,Ethan,Ethan Salas,Salas,,0,2000,BAL@SD,SD,BAL,IL,Back,,,,C/1B/UTIL
120016-85262,OF,J.P.,J.P. Martinez,Martinez,2.3777777353922525,9,2000,BAL@SD,BAL,SD,,,,,,OF/UTIL
120016-198931,SS,Felnin,Felnin Celesten,Celesten,,0,2000,SEA@TB,SEA,TB,,,,,,SS/UTIL
120016-198933,SS,Sebastian,Sebastian Walcott,Walcott,,0,2000,TEX@ARI,TEX,ARI,,,,,,SS/UTIL
120016-198932,1B,Xavier,Xavier Isaac,Isaac,,0,2000,SEA@TB,TB,SEA,IL,Undisclosed,,,,C/1B/UTIL
120016-146726,OF,Josh,Josh Mears,Mears,,0,2000,BAL@SD,SD,BAL,,,,,,OF/UTIL
120016-146738,2B,Justin,Justin Foscue,Foscue,3.25,4,2000,TEX@ARI,TEX,ARI,,,,,,2B/UTIL
120016-79174,C,Jacob,Jacob Nottingham,Nottingham,,0,2000,SEA@TB,SEA,TB,,,,,,C/1B/UTIL
120016-85320,C,Michael,Michael Perez,Perez,0,1,2000,TEX@ARI,ARI,TEX,,,,,,C/1B/UTIL
120016-82251,OF,Tim,Tim Locastro,Locastro,0,1,2000,BAL@SD,SD,BAL,,,,,,OF/UTIL
120016-79204,SS,Richie,Richie Martin,Martin,,0,2000,TEX@ARI,TEX,ARI,,,,,,SS/UTIL
120016-226686,OF,Rhylan,Rhylan Thomas,Thomas,7.466666539510091,3,2000,SEA@TB,SEA,TB,,,,,,OF/UTIL
120016-38276,OF,Albert,Albert Almora,Almora,0,2,2000,TEX@ARI,ARI,TEX,,,,,,OF/UTIL
120016-211339,C,Logan,Logan Driscoll,Driscoll,3.593333435058594,15,2000,SEA@TB,TB,SEA,O,Ankle,,,,C/1B/UTIL
120016-79240,C,Aramis,Aramis Garcia,Garcia,0,2,2000,TEX@ARI,ARI,TEX,,,,,,C/1B/UTIL
120016-193947,SS,Mason,Mason McCoy,McCoy,1.0333333015441895,6,2000,BAL@SD,SD,BAL,,,,,,SS/UTIL
120016-79263,OF,Leody,Leody Taveras,Taveras,5.622413898336476,58,2000,SEA@TB,SEA,TB,,,,,,OF/UTIL
120016-180644,2B,Nate,Nate Mondou,Mondou,0,1,2000,BAL@SD,SD,BAL,,,,,,2B/UTIL
120016-79279,OF,Andrew,Andrew Stevenson,Stevenson,,0,2000,SEA@TB,TB,SEA,,,,,,OF/UTIL
120016-180694,OF,Cade,Cade Marlowe,Marlowe,1.355555534362793,9,2000,SEA@TB,SEA,TB,,,,,,OF/UTIL
120016-38412,SS,Corey,Corey Seager,Seager,11.07058775658701,102,2000,TEX@ARI,TEX,ARI,IL,Abdomen,,,,SS/UTIL
120016-95772,C,Beau,Beau Taylor,Taylor,,0,2000,SEA@TB,SEA,TB,,,,,,C/1B/UTIL
120016-222803,2B,Demetrio,Demetrio Crisantes,Crisantes,,0,2000,TEX@ARI,ARI,TEX,IL,Shoulder,,,,2B/UTIL
120016-222802,OF,Ryan,Ryan Waldschmidt,Waldschmidt,,0,2000,TEX@ARI,ARI,TEX,,,,,,OF/UTIL
120016-222804,OF,Slade,Slade Caldwell,Caldwell,,0,2000,TEX@ARI,ARI,TEX,,,,,,OF/UTIL
120016-119402,C,Rodolfo,Rodolfo Duran,Duran,,0,2000,BAL@SD,SD,BAL,,,,,,C/1B/UTIL
120016-222839,SS,Colt,Colt Emerson,Emerson,,0,2000,SEA@TB,SEA,TB,,,,,,SS/UTIL
120016-222842,2B,Michael,Michael Arroyo,Arroyo,,0,2000,SEA@TB,SEA,TB,,,,,,2B/UTIL
120016-222841,OF,Lazaro,Lazaro Montes,Montes,,0,2000,SEA@TB,SEA,TB,,,,,,OF/UTIL
120016-222840,OF,Jonny,Jonny Farmelo,Farmelo,,0,2000,SEA@TB,SEA,TB,,,,,,OF/UTIL
120016-222851,C,Dominic,Dominic Keegan,Keegan,,0,2000,SEA@TB,TB,SEA,,,,,,C/1B/UTIL
120016-222850,3B,Brayden,Brayden Taylor,Taylor,,0,2000,SEA@TB,TB,SEA,,,,,,3B/UTIL
120016-222853,1B,Tre',Tre' Morgan,Morgan,,0,2000,SEA@TB,TB,SEA,,,,,,C/1B/UTIL
120016-222852,OF,Theo,Theo Gillen,Gillen,,0,2000,SEA@TB,TB,SEA,IL,Undisclosed,,,,OF/UTIL
120016-119434,OF,Moises,Moises Gomez,Gomez,,0,2000,BAL@SD,SD,BAL,,,,,,OF/UTIL
120016-165516,C,Daniel,Daniel Vellojin,Vellojin,,0,2000,SEA@TB,TB,SEA,,,,,,C/1B/UTIL
120016-164499,3B,A.J.,A.J. Vukovich,Vukovich,,0,2000,TEX@ARI,ARI,TEX,,,,,,3B/UTIL
120016-203417,C,Nick,Nick Raposo,Raposo,,0,2000,SEA@TB,SEA,TB,,,,,,C/1B/UTIL
120016-164505,OF,Hudson,Hudson Haskin,Haskin,,0,2000,BAL@SD,BAL,SD,,,,,,OF/UTIL
120016-164514,SS,Maikol,Maikol Hernandez,Hernandez,,0,2000,BAL@SD,BAL,SD,,,,,,SS/UTIL
120016-202433,2B/OF,Jamie,Jamie Westbrook,Westbrook,4.490476335797991,21,2000,SEA@TB,TB,SEA,,,,,,2B/OF/UTIL
120016-103125,2B/SS/OF,Jack,Jack Lopez,Lopez,3.8551725190261315,29,2000,SEA@TB,SEA,TB,,,,,,2B/SS/OF/UTIL
120016-116450,OF,Seth,Seth Brown,Brown,3.149999919690584,38,2000,TEX@ARI,ARI,TEX,,,,,,OF/UTIL
120016-232218,OF,Tristan,Tristan Peters,Peters,0,4,2000,SEA@TB,TB,SEA,,,,,,OF/UTIL
120016-165672,C,Harry,Harry Ford,Ford,,0,2000,SEA@TB,SEA,TB,,,,,,C/1B/UTIL
120016-165679,3B,Milkar,Milkar Perez,Perez,,0,2000,SEA@TB,SEA,TB,,,,,,3B/UTIL
120016-165681,3B,Starlin,Starlin Aguilar,Aguilar,,0,2000,SEA@TB,SEA,TB,,,,,,3B/UTIL
120016-165688,C,Ricardo,Ricardo Genoves,Genoves,,0,2000,SEA@TB,TB,SEA,IL,Undisclosed,,,,C/1B/UTIL
120016-110404,3B,Mike,Mike Brosseau,Brosseau,0,1,2000,BAL@SD,SD,BAL,,,,,,3B/UTIL
120016-165700,SS,Carlos,Carlos Colmenares,Colmenares,,0,2000,SEA@TB,TB,SEA,,,,,,SS/UTIL
120016-165704,2B,Cooper,Cooper Kinney,Kinney,,0,2000,SEA@TB,TB,SEA,,,,,,2B/UTIL
120016-165711,SS,Cam,Cam Cauley,Cauley,,0,2000,TEX@ARI,TEX,ARI,,,,,,SS/UTIL
120016-165708,2B,Trevor,Trevor Hauver,Hauver,,0,2000,TEX@ARI,TEX,ARI,,,,,,2B/UTIL
120016-163661,3B/2B,Eguy,Eguy Rosario,Rosario,4.193548387096774,31,2000,BAL@SD,SD,BAL,IL,Groin,,,,2B/3B/UTIL
120016-165709,OF,Yeison,Yeison Morrobel,Morrobel,,0,2000,TEX@ARI,TEX,ARI,,,,,,OF/UTIL
120016-165712,3B/OF,Dustin,Dustin Harris,Harris,4.206250190734863,16,2000,TEX@ARI,TEX,ARI,,,,,,3B/OF/UTIL
120016-165713,OF,Aaron,Aaron Zavala,Zavala,,0,2000,TEX@ARI,TEX,ARI,,,,,,OF/UTIL
120016-165718,2B/OF,Samad,Samad Taylor,Taylor,1.5499999523162842,4,2000,SEA@TB,SEA,TB,,,,,,2B/OF/UTIL
120016-102285,OF,Cristian,Cristian Pache,Pache,3.2876405180170294,89,2000,TEX@ARI,ARI,TEX,,,,,,OF/UTIL
120016-102317,SS,Terrin,Terrin Vavra,Vavra,0,1,2000,BAL@SD,BAL,SD,,,,,,SS/UTIL
120016-68538,2B,Franklin,Franklin Barreto,Barreto,,0,2000,BAL@SD,BAL,SD,IL,Undisclosed,,,,2B/UTIL
120016-102347,2B/SS/3B,Livan,Livan Soto,Soto,1.6133333841959636,15,2000,BAL@SD,BAL,SD,,,,,,2B/3B/SS/UTIL
120016-102346,OF,Jordyn,Jordyn Adams,Adams,0.3200000047683716,10,2000,BAL@SD,BAL,SD,,,,,,OF/UTIL
120016-102391,OF,Tirso,Tirso Ornelas,Ornelas,1.7857142857142858,7,2000,BAL@SD,SD,BAL,,,,,,OF/UTIL