Id,Position,First Name,Nickname,Last Name,FPPG,Played,Salary,Game,Team,Opponent,Injury Indicator,Injury Details,Tier,Probable Pitcher,Batting Order,Roster Position
116964-82550,P,Hunter,Hunter Greene,Greene,41,8,10600,CWS@CIN,CIN,CWS,IL,Groin,,,,P
116964-12477,P,Chris,Chris Sale,Sale,31.77777777777778,9,10400,WSH@ATL,ATL,WSH,,,,,,P
116964-162445,P,Spencer,Spencer Strider,Strider,24,1,10200,WSH@ATL,ATL,WSH,IL,Hamstring,,,,P
116964-164509,P,AJ,AJ Smith-Shawver,Smith-Shawver,31,6,10200,WSH@ATL,ATL,WSH,,,,Yes,,P
116964-119430,P,Joe,Joe Ryan,Ryan,36.5,8,10000,MIN@BAL,MIN,BAL,,,,,,P
116964-82635,P,MacKenzie,MacKenzie Gore,Gore,39.111111111111114,9,9800,WSH@ATL,WSH,ATL,,,,,,P
116964-83152,P,Pablo,Pablo Lopez,Lopez,33.714285714285715,7,9700,MIN@BAL,MIN,BAL,,,,,,P
116964-119329,P,Nick,Nick Lodolo,Lodolo,29.11111111111111,9,9700,CWS@CIN,CIN,CWS,,,,,,P
116964-38000,P,Kevin,Kevin Gausman,Gausman,28.75,8,9500,TB@TOR,TOR,TB,,,,Yes,,P
116964-145612,P,Bailey,Bailey Ober,Ober,27.666666666666668,9,9500,MIN@BAL,MIN,BAL,,,,,,P
116964-53067,P,Chris,Chris Bassitt,Bassitt,32.333333333333336,9,9500,TB@TOR,TOR,TB,,,,,,P
116964-102294,P,Grayson,Grayson Rodriguez,Rodriguez,35.6,20,9500,MIN@BAL,BAL,MIN,IL,Lat,,,,P
116964-11328,P,Martin,Martin Perez,Perez,26.75,4,9400,CWS@CIN,CWS,CIN,IL,Elbow,,,,P
116964-102407,P,Shane,Shane McClanahan,McClanahan,0,1,9200,TB@TOR,TB,TOR,IL,Triceps,,,,P
116964-165512,P,Andrew,Andrew Abbott,Abbott,33.833333333333336,6,9200,CWS@CIN,CIN,CWS,,,,,,P
116964-68491,P,Reynaldo,Reynaldo Lopez,Lopez,9,1,9200,WSH@ATL,ATL,WSH,IL,Shoulder,,,,P
116964-102344,P,Brady,Brady Singer,Singer,26.5,8,9100,CWS@CIN,CIN,CWS,,,,,,P
116964-220895,P,Tomoyuki,Tomoyuki Sugano,Sugano,26.875,8,9000,MIN@BAL,BAL,MIN,,,,Yes,,P
116964-164503,P,Spencer,Spencer Schwellenbach,Schwellenbach,31.22222222222222,9,8900,WSH@ATL,ATL,WSH,,,,,,P
116964-68518,P,Spencer,Spencer Turnbull,Turnbull,18.529411764705884,17,8900,TB@TOR,TOR,TB,,,,,,P
116964-60639,P,Jose,Jose Berrios,Berrios,27.77777777777778,9,8800,TB@TOR,TOR,TB,,,,,,P
116964-53590,P,Nick,Nick Martinez,Martinez,25,8,8600,CWS@CIN,CIN,CWS,,,,Yes,,P
116964-146664,P,Bryce,Bryce Elder,Elder,24.125,8,8400,WSH@ATL,ATL,WSH,,,,,,P
116964-82630,P,Shane,Shane Baz,Baz,28.625,8,8400,TB@TOR,TB,TOR,,,,,,P
116964-203676,P,David,David Festa,Festa,26,3,8400,MIN@BAL,MIN,BAL,,,,,,P
116964-83166,P,Zack,Zack Littell,Littell,24.25,8,8300,TB@TOR,TB,TOR,,,,Yes,,P
116964-79207,P,Grant,Grant Holmes,Holmes,25.555555555555557,9,8300,WSH@ATL,ATL,WSH,,,,,,P
116964-5481,P,Max,Max Scherzer,Scherzer,6,1,8300,TB@TOR,TOR,TB,IL,Thumb,,,,P
116964-165698,P,Taj,Taj Bradley,Bradley,27.125,8,8300,TB@TOR,TB,TOR,,,,,,P
116964-135647,P,Ryan,Ryan Pepiot,Pepiot,28,9,8200,TB@TOR,TB,TOR,,,,,,P
116964-220840,P,Shane,Shane Smith,Smith,29,8,8200,CWS@CIN,CWS,CIN,,,,,,P
116964-198879,P,Rhett,Rhett Lowder,Lowder,27,6,8000,CWS@CIN,CIN,CWS,IL,Forearm,,,,P
116964-165731,P,Mitchell,Mitchell Parker,Parker,23.555555555555557,9,8000,WSH@ATL,WSH,ATL,DTD,Leg,,,,P
116964-163700,P,Kyle,Kyle Bradish,Bradish,32.625,8,8000,MIN@BAL,BAL,MIN,IL,Elbow,,,,P
116964-200581,P,Jonathan,Jonathan Cannon,Cannon,25.22222222222222,9,8000,CWS@CIN,CWS,CIN,,,,,,P
116964-194677,P,Easton,Easton Lucas,Lucas,19.5,4,7900,TB@TOR,TOR,TB,,,,,,P
116964-102528,P,Simeon,Simeon Woods Richardson,Woods Richardson,20.875,8,7800,MIN@BAL,MIN,BAL,,,,,,P
116964-102684,P,Jake,Jake Irvin,Irvin,24.444444444444443,9,7800,WSH@ATL,WSH,ATL,,,,,,P
116964-119361,P,Drew,Drew Rasmussen,Rasmussen,23.25,8,7800,TB@TOR,TB,TOR,,,,,,P
116964-68483,P,Trevor,Trevor Williams,Williams,19.625,8,7700,WSH@ATL,WSH,ATL,,,,Yes,,P
116964-68482,P,Zach,Zach Eflin,Eflin,28.5,4,7700,MIN@BAL,BAL,MIN,,,,,,P
116964-119441,P,Alek,Alek Manoah,Manoah,27,6,7500,TB@TOR,TOR,TB,IL,Elbow,,,,P
116964-164532,P,DJ,DJ Herz,Herz,25.94736842105263,19,7500,WSH@ATL,WSH,ATL,IL,Elbow,,,,P
116964-170315,P,Davis,Davis Martin,Martin,23.444444444444443,9,7400,CWS@CIN,CWS,CIN,,,,,,P
116964-79224,P,Chris,Chris Paddack,Paddack,19.5,8,7400,MIN@BAL,MIN,BAL,,,,Yes,,P
116964-163698,P,Bowden,Bowden Francis,Francis,20.5,8,7400,TB@TOR,TOR,TB,,,,,,P
116964-165543,P,Sean,Sean Burke,Burke,20.11111111111111,9,7300,CWS@CIN,CWS,CIN,,,,,,P
116964-70470,P,Albert,Albert Suarez,Suarez,11,1,7200,MIN@BAL,BAL,MIN,IL,Shoulder,,,,P
116964-102447,P,Dean,Dean Kremer,Kremer,21,9,7100,MIN@BAL,BAL,MIN,,,,,,P
116964-82607,P,Trevor,Trevor Rogers,Rogers,19.36,25,7100,MIN@BAL,BAL,MIN,,,,,,P
116964-202541,P,Cade,Cade Povich,Povich,20.285714285714285,7,7100,MIN@BAL,BAL,MIN,,,,,,P
116964-79073,P,Michael,Michael Soroka,Soroka,19,3,7000,WSH@ATL,WSH,ATL,,,,,,P
116964-176240,P,Luis F.,Luis F. Castillo,Castillo,9,2,6800,MIN@BAL,BAL,MIN,,,,,,P
116964-79078,P,Ian,Ian Anderson,Anderson,2.2857142857142856,7,6800,WSH@ATL,ATL,WSH,,,,,,P
116964-198934,P,Yariel,Yariel Rodriguez,Rodriguez,5.823529411764706,17,6800,TB@TOR,TOR,TB,,,,,,P
116964-149886,P,Cody,Cody Poteet,Poteet,-4,1,6800,MIN@BAL,BAL,MIN,IL,Shoulder,,,,P
116964-219659,P,Brandon,Brandon Young,Young,17.5,2,6800,MIN@BAL,BAL,MIN,IL,Shoulder,,,,P
116964-82534,P,Bryse,Bryse Wilson,Wilson,6.615384615384615,13,6800,CWS@CIN,CWS,CIN,,,,Yes,,P
116964-12936,P,Kyle,Kyle Gibson,Gibson,3.6666666666666665,3,6800,MIN@BAL,BAL,MIN,,,,,,P
116964-222885,P,Brad,Brad Lord,Lord,13.1,11,6800,WSH@ATL,WSH,ATL,,,,,,P
116964-12972,P,Wade,Wade Miley,Miley,6,2,6700,CWS@CIN,CIN,CWS,IL,Elbow,,,,P
116964-198917,P,Drew,Drew Thorpe,Thorpe,18.333333333333332,9,6500,CWS@CIN,CWS,CIN,IL,Elbow,,,,P
116964-194242,P,Carson,Carson Spiers,Spiers,16.666666666666668,3,6500,CWS@CIN,CIN,CWS,IL,Shoulder,,,,P
116964-5466,P,Charlie,Charlie Morton,Morton,10,11,6400,MIN@BAL,BAL,MIN,,,,,,P
116964-194939,P,Joe,Joe Boyle,Boyle,42,1,6400,TB@TOR,TB,TOR,,,,,,P
116964-165508,P,Graham,Graham Ashcraft,Ashcraft,7.9411764705882355,17,6400,CWS@CIN,CIN,CWS,,,,,,P
116964-170891,P,Davis,Davis Daniel,Daniel,6,1,6400,WSH@ATL,ATL,WSH,,,,,,P
116964-209173,P,Zebby,Zebby Matthews,Matthews,18.22222222222222,9,6300,MIN@BAL,MIN,BAL,,,,,,P
116964-79226,P,Eric,Eric Lauer,Lauer,18,3,6300,TB@TOR,TOR,TB,,,,,,P
116964-181833,P,Darius,Darius Vines,Vines,7.25,4,6200,WSH@ATL,ATL,WSH,IL,Undisclosed,,,,P
116964-119416,P,Brandon,Brandon Williamson,Williamson,15.25,4,6200,CWS@CIN,CIN,CWS,IL,Elbow,,,,P
116964-119447,P,Joan,Joan Adon,Adon,3.25,8,6200,WSH@ATL,WSH,ATL,IL,Undisclosed,,,,P
116964-199459,P,Nick,Nick Nastrini,Nastrini,11.666666666666666,9,6200,CWS@CIN,CWS,CIN,,,,,,P
116964-70559,P,Mike,Mike Clevinger,Clevinger,1.375,8,6200,CWS@CIN,CWS,CIN,,,,,,P
116964-198872,P,Hurston,Hurston Waldrep,Waldrep,-4.5,2,6100,WSH@ATL,ATL,WSH,,,,,,P
116964-156976,P,Darren,Darren McCaughan,McCaughan,10.333333333333334,3,6100,MIN@BAL,MIN,BAL,,,,,,P
116964-53608,P,Jose,Jose Urena,Urena,6.333333333333333,3,6100,TB@TOR,TOR,TB,,,,,,P
116964-209958,P,Julian,Julian Aguiar,Aguiar,15.142857142857142,7,6000,CWS@CIN,CIN,CWS,IL,Elbow,,,,P
116964-102502,P,Josiah,Josiah Gray,Gray,6.5,3,6000,WSH@ATL,WSH,ATL,IL,Elbow,,,,P
116964-101804,P,Huascar,Huascar Ynoa,Ynoa,0,2,6000,MIN@BAL,MIN,BAL,,,,,,P
116964-145922,P,Tyler,Tyler Wells,Wells,19.666666666666668,4,6000,MIN@BAL,BAL,MIN,IL,Elbow,,,,P
116964-165618,P,Chase,Chase Petty,Petty,-1,2,6000,CWS@CIN,CIN,CWS,,,,,,P
116964-165720,P,Ricky,Ricky Tiedemann,Tiedemann,,0,6000,TB@TOR,TOR,TB,IL,Elbow,,,,P
116964-135231,P,Jared,Jared Shuster,Shuster,3.4285714285714284,7,5900,CWS@CIN,CWS,CIN,,,,,,P
116964-179456,P,Louis,Louis Varland,Varland,5.636363636363637,23,5900,MIN@BAL,MIN,BAL,,,,,,P
116964-146728,P,Connor,Connor Phillips,Phillips,0,2,5900,CWS@CIN,CIN,CWS,,,,,,P
116964-203266,P,Jake,Jake Bloss,Bloss,13.666666666666666,3,5900,TB@TOR,TOR,TB,IL,Elbow,,,,P
116964-119391,P,Roansy,Roansy Contreras,Contreras,6.085106382978723,49,5900,MIN@BAL,BAL,MIN,,,,,,P
116964-119449,P,Jackson,Jackson Rutledge,Rutledge,8.23076923076923,13,5900,WSH@ATL,WSH,ATL,,,,,,P
116964-165578,P,Ky,Ky Bush,Bush,14.25,4,5900,CWS@CIN,CWS,CIN,IL,Elbow,,,,P
116964-158858,P,Justin,Justin Bruihl,Bruihl,2,7,5800,TB@TOR,TOR,TB,,,,,,P
116964-102487,P,Austin,Austin Cox,Cox,,0,5700,WSH@ATL,ATL,WSH,,,,,,P
116964-198905,P,Mike,Mike Vasil,Vasil,9,13,5700,CWS@CIN,CWS,CIN,,,,,,P
116964-82573,P,Alex,Alex Faedo,Faedo,8.054054054054054,37,5700,TB@TOR,TB,TOR,IL,Shoulder,,,,P
116964-164511,P,Dylan,Dylan Dodd,Dodd,6,1,5700,WSH@ATL,ATL,WSH,,,,,,P
116964-102462,P,Lyon,Lyon Richardson,Richardson,7.333333333333333,7,5600,CWS@CIN,CIN,CWS,,,,,,P
116964-79873,P,Dylan,Dylan Covey,Covey,0,2,5500,WSH@ATL,ATL,WSH,,,,,,P
116964-68619,P,Matt,Matt Bowman,Bowman,3.8666666666666667,16,5500,MIN@BAL,BAL,MIN,,,,,,P
116964-102420,P,Owen,Owen White,White,-7.5,3,5500,CWS@CIN,CWS,CIN,,,,,,P
116964-114708,P,Randy,Randy Dobnak,Dobnak,16,1,5500,MIN@BAL,MIN,BAL,IL,Undisclosed,,,,P
116964-161818,P,Dylan,Dylan Coleman,Coleman,6,2,5500,MIN@BAL,BAL,MIN,,,,,,P
116964-102426,P,Adam,Adam Kloffenstein,Kloffenstein,3,1,5500,TB@TOR,TOR,TB,IL,Shoulder,,,,P
116964-102428,P,Eric,Eric Pardinho,Pardinho,,0,5500,TB@TOR,TOR,TB,,,,,,P
116964-155687,P,Andrew,Andrew Wantz,Wantz,10,1,5500,TB@TOR,TB,TOR,IL,Elbow,,,,P
116964-82999,P,Scott,Scott Barlow,Barlow,3.761904761904762,21,5500,CWS@CIN,CIN,CWS,,,,,,P
116964-190516,P,Daysbel,Daysbel Hernandez,Hernandez,5.666666666666667,18,5500,WSH@ATL,ATL,WSH,,,,,,P
116964-135221,P,Cade,Cade Cavalli,Cavalli,0,1,5500,WSH@ATL,WSH,ATL,,,,,,P
116964-200764,P,Cam,Cam Booser,Booser,4.5,18,5500,CWS@CIN,CWS,CIN,,,,,,P
116964-11333,P,Craig,Craig Kimbrel,Kimbrel,5.803571428571429,57,5500,WSH@ATL,ATL,WSH,,,,,,P
116964-149587,P,Jay,Jay Flaa,Flaa,,0,5500,WSH@ATL,ATL,WSH,,,,,,P
116964-135262,P,Anthony,Anthony Misiewicz,Misiewicz,6,1,5500,MIN@BAL,MIN,BAL,,,,,,P
116964-102501,P,Braydon,Braydon Fisher,Fisher,4,2,5500,TB@TOR,TOR,TB,,,,,,P
116964-73828,P,Dan,Dan Altavilla,Altavilla,1.6,5,5500,CWS@CIN,CWS,CIN,,,,,,P
116964-102505,P,Edwin,Edwin Uceta,Uceta,4.2105263157894735,19,5500,TB@TOR,TB,TOR,,,,,,P
116964-116847,P,Cole,Cole Sulser,Sulser,4,5,5500,TB@TOR,TB,TOR,,,,,,P
116964-83054,P,Justin,Justin Anderson,Anderson,4.796296296296297,56,5500,CWS@CIN,CWS,CIN,,,,,,P
116964-161907,P,Dylan,Dylan Lee,Lee,5.473684210526316,19,5500,WSH@ATL,ATL,WSH,,,,,,P
116964-135281,P,Bryan,Bryan Baker,Baker,6.222222222222222,18,5500,MIN@BAL,BAL,MIN,,,,,,P
116964-102517,P,Jhoan,Jhoan Duran,Duran,6.333333333333333,21,5500,MIN@BAL,MIN,BAL,,,,,,P
116964-85108,P,Enyel,Enyel De Los Santos,De Los Santos,5.722222222222222,18,5500,WSH@ATL,ATL,WSH,,,,,,P
116964-82039,P,Aaron,Aaron Wilkerson,Wilkerson,,0,5500,CWS@CIN,CIN,CWS,,,,,,P
116964-135289,P,Kodi,Kodi Whitley,Whitley,,0,5500,TB@TOR,TB,TOR,IL,Undisclosed,,,,P
116964-209026,P,Parker,Parker Dunshee,Dunshee,1,1,5500,WSH@ATL,WSH,ATL,,,,,,P
116964-135303,P,Jordan,Jordan Weems,Weems,3.575,41,5500,WSH@ATL,ATL,WSH,,,,,,P
116964-135306,P,Cole,Cole Wilcox,Wilcox,,0,5500,TB@TOR,TB,TOR,,,,,,P
116964-102543,P,Connor,Connor Seabold,Seabold,,0,5500,TB@TOR,TB,TOR,,,,,,P
116964-135313,P,Nick,Nick Sandlin,Sandlin,4.8,10,5500,TB@TOR,TOR,TB,IL,Lat,,,,P
116964-170135,P,Yennier,Yennier Cano,Cano,4.117647058823529,17,5500,MIN@BAL,BAL,MIN,,,,,,P
116964-83097,P,D.J.,D.J. Snelten,Snelten,,0,5500,CWS@CIN,CWS,CIN,IL,Undisclosed,,,,P
116964-152734,P,Zach,Zach Thompson,Thompson,10,2,5500,WSH@ATL,ATL,WSH,,,,,,P
116964-81052,P,Andrew,Andrew Kittredge,Kittredge,5.094594594594595,74,5500,MIN@BAL,BAL,MIN,IL,Knee,,,,P
116964-152733,P,Griffin,Griffin Jax,Jax,5.666666666666667,21,5500,MIN@BAL,MIN,BAL,,,,,,P
116964-80033,P,Emilio,Emilio Pagan,Pagan,4.95,20,5500,CWS@CIN,CIN,CWS,,,,,,P
116964-102565,P,Mason,Mason Englert,Englert,7.2,11,5500,TB@TOR,TB,TOR,,,,,,P
116964-83116,P,Wander,Wander Suero,Suero,0,1,5500,WSH@ATL,ATL,WSH,,,,,,P
116964-102590,P,Joey,Joey Gerber,Gerber,,0,5500,TB@TOR,TB,TOR,,,,,,P
116964-66765,P,Jorge,Jorge Lopez,Lopez,4.166666666666667,19,5500,WSH@ATL,WSH,ATL,,,,,,P
116964-83158,P,Seranthony,Seranthony Dominguez,Dominguez,5.071428571428571,14,5500,MIN@BAL,BAL,MIN,,,,,,P
116964-198874,P,Noah,Noah Schultz,Schultz,,0,5500,CWS@CIN,CWS,CIN,,,,,,P
116964-79067,P,Alex,Alex Young,Young,4.529411764705882,17,5500,CWS@CIN,CIN,CWS,IL,Elbow,,,,P
116964-145629,P,Mason,Mason Thompson,Thompson,0,1,5500,WSH@ATL,WSH,ATL,IL,Elbow,,,,P
116964-83172,P,Jonathan,Jonathan Hernandez,Hernandez,6.448275862068965,29,5500,TB@TOR,TB,TOR,IL,Undisclosed,,,,P
116964-198890,P,Walter,Walter Pennington,Pennington,5.8125,16,5500,MIN@BAL,BAL,MIN,,,,,,P
116964-79085,P,Keegan,Keegan Akin,Akin,5.2631578947368425,19,5500,MIN@BAL,BAL,MIN,,,,,,P
116964-60656,P,Jeff,Jeff Hoffman,Hoffman,6.842105263157895,19,5500,TB@TOR,TOR,TB,,,,,,P
116964-197873,P,Zach,Zach Brzykcy,Brzykcy,3,4,5500,WSH@ATL,WSH,ATL,,,,,,P
116964-146684,P,Jared,Jared Kelley,Kelley,,0,5500,CWS@CIN,CWS,CIN,,,,,,P
116964-197884,P,Yoniel,Yoniel Curet,Curet,0,1,5500,TB@TOR,TB,TOR,IL,Shoulder,,,,P
116964-198920,P,Dylan,Dylan Lesko,Lesko,,0,5500,TB@TOR,TB,TOR,,,,,,P
116964-146702,P,Cole,Cole Sands,Sands,4.611111111111111,18,5500,MIN@BAL,MIN,BAL,,,,,,P
116964-197906,P,Royber,Royber Salinas,Salinas,0,1,5500,WSH@ATL,ATL,WSH,IL,Shoulder,,,,P
116964-70933,P,Brock,Brock Stewart,Stewart,5.777777777777778,9,5500,MIN@BAL,MIN,BAL,,,,,,P
116964-79124,P,Joe,Joe Jimenez,Jimenez,5.855072463768116,70,5500,WSH@ATL,ATL,WSH,IL,Knee,,,,P
116964-197919,P,Jairo,Jairo Iriarte,Iriarte,5.5,6,5500,CWS@CIN,CWS,CIN,,,,,,P
116964-85286,P,Ian,Ian Gibaut,Gibaut,3.9166666666666665,12,5500,CWS@CIN,CIN,CWS,IL,Shoulder,,,,P
116964-146730,P,Nick,Nick Bitsko,Bitsko,,0,5500,TB@TOR,TB,TOR,IL,Undisclosed,,,,P
116964-79144,P,Scott,Scott Blewett,Blewett,10.9,10,5500,WSH@ATL,ATL,WSH,,,,,,P
116964-38189,P,Michael,Michael Tonkin,Tonkin,7.517857142857143,57,5500,MIN@BAL,MIN,BAL,IL,Biceps,,,,P
116964-79150,P,Josh,Josh Staumont,Staumont,4.12,25,5500,CWS@CIN,CIN,CWS,IL,Undisclosed,,,,P
116964-146737,P,Cole,Cole Henry,Henry,6.818181818181818,11,5500,WSH@ATL,WSH,ATL,,,,,,P
116964-146740,P,CJ,CJ Van Eyk,Van Eyk,,0,5500,TB@TOR,TOR,TB,,,,,,P
116964-203075,P,Michael,Michael Petersen,Petersen,9,1,5500,WSH@ATL,ATL,WSH,,,,,,P
116964-117065,P,James,James Karinchak,Karinchak,0,3,5500,CWS@CIN,CWS,CIN,,,,,,P
116964-203080,P,Brandon,Brandon Eisert,Eisert,5.294117647058823,17,5500,CWS@CIN,CWS,CIN,,,,,,P
116964-209224,P,Orlando,Orlando Ribalta,Ribalta,6.5,4,5500,WSH@ATL,WSH,ATL,IL,Biceps,,,,P
116964-181583,P,Prelander,Prelander Berroa,Berroa,7.0588235294117645,17,5500,CWS@CIN,CWS,CIN,IL,Elbow,,,,P
116964-79185,P,Justin,Justin Dunn,Dunn,,0,5500,CWS@CIN,CWS,CIN,,,,,,P
116964-204119,P,Jacob,Jacob Bosiokovic,Bosiokovic,,0,5500,MIN@BAL,MIN,BAL,,,,,,P
116964-79196,P,Albert,Albert Abreu,Abreu,,0,5500,CWS@CIN,CIN,CWS,,,,,,P
116964-38240,P,Rafael,Rafael Montero,Montero,4.75,16,5500,WSH@ATL,ATL,WSH,,,,,,P
116964-222565,P,Shinnosuke,Shinnosuke Ogasawara,Ogasawara,,0,5500,WSH@ATL,WSH,ATL,IL,Oblique,,,,P
116964-193897,P,Kody,Kody Funderburk,Funderburk,10.333333333333334,3,5500,MIN@BAL,MIN,BAL,,,,,,P
116964-79220,P,Kevin,Kevin Gowdy,Gowdy,,0,5500,TB@TOR,TOR,TB,,,,,,P
116964-159099,P,Connor,Connor Overton,Overton,0,2,5500,TB@TOR,TOR,TB,IL,Undisclosed,,,,P
116964-225666,P,Paxton,Paxton Schultz,Schultz,22,2,5500,TB@TOR,TOR,TB,,,,,,P
116964-38303,P,Andrew,Andrew Chafin,Chafin,4.8,6,5500,WSH@ATL,WSH,ATL,,,,,,P
116964-79265,P,Alex,Alex Speas,Speas,9,2,5500,MIN@BAL,MIN,BAL,,,,,,P
116964-61858,P,Raisel,Raisel Iglesias,Iglesias,5.352941176470588,17,5500,WSH@ATL,ATL,WSH,,,,,,P
116964-118184,P,Enoli,Enoli Paredes,Paredes,5.944444444444445,18,5500,WSH@ATL,ATL,WSH,,,,,,P
116964-101802,P,Patrick,Patrick Weigel,Weigel,,0,5500,WSH@ATL,WSH,ATL,,,,,,P
116964-158131,P,Tyler,Tyler Gilbert,Gilbert,5.916666666666667,12,5500,CWS@CIN,CWS,CIN,,,,,,P
116964-118195,P,Tejay,Tejay Antone,Antone,4.5,6,5500,CWS@CIN,CIN,CWS,IL,Elbow,,,,P
116964-219568,P,Rolddy,Rolddy Munoz,Munoz,,0,5500,WSH@ATL,ATL,WSH,,,,,,P
116964-101819,P,Jose,Jose Suarez,Suarez,12.333333333333334,3,5500,WSH@ATL,ATL,WSH,,,,,,P
116964-188863,P,Randy,Randy Wynne,Wynne,15,1,5500,CWS@CIN,CIN,CWS,,,,,,P
116964-219586,P,Ian,Ian Seymour,Seymour,,0,5500,TB@TOR,TB,TOR,,,,,,P
116964-118217,P,Manuel,Manuel Rodriguez,Rodriguez,5.05,20,5500,TB@TOR,TB,TOR,,,,,,P
116964-118224,P,Garrett,Garrett Cleavinger,Cleavinger,5.647058823529412,17,5500,TB@TOR,TB,TOR,,,,,,P
116964-101846,P,Erik,Erik Swanson,Swanson,3.977272727272727,45,5500,TB@TOR,TOR,TB,IL,Forearm,,,,P
116964-101854,P,Jacob,Jacob Waguespack,Waguespack,11.25,4,5500,TB@TOR,TB,TOR,,,,,,P
116964-185847,P,Garrett,Garrett Acton,Acton,,0,5500,TB@TOR,TB,TOR,,,,,,P
116964-226819,P,Caleb,Caleb Freeman,Freeman,1.75,4,5500,CWS@CIN,CWS,CIN,,,,,,P
116964-219654,P,Juan,Juan Carela,Carela,,0,5500,CWS@CIN,CWS,CIN,O,Elbow,,,,P
116964-219660,P,Kade,Kade Strowd,Strowd,,0,5500,MIN@BAL,BAL,MIN,,,,,,P
116964-119316,P,Thaddeus,Thaddeus Ward,Ward,0,1,5500,MIN@BAL,BAL,MIN,,,,,,P
116964-119319,P,Ryan,Ryan Jensen,Jensen,,0,5500,MIN@BAL,MIN,BAL,,,,,,P
116964-162328,P,Reiver,Reiver Sanmartin,Sanmartin,0,2,5500,CWS@CIN,CIN,CWS,,,,,,P
116964-58913,P,Danny,Danny Coulombe,Coulombe,5.947368421052632,19,5500,MIN@BAL,MIN,BAL,,,,,,P
116964-5673,P,Jesse,Jesse Chavez,Chavez,6,2,5500,WSH@ATL,ATL,WSH,,,,,,P
116964-79402,P,Cionel,Cionel Perez,Perez,3.6,15,5500,MIN@BAL,BAL,MIN,,,,,,P
116964-181801,P,Jose A.,Jose A. Ferrer,Ferrer,3.9545454545454546,22,5500,WSH@ATL,WSH,ATL,,,,,,P
116964-219703,P,Travis,Travis Adams,Adams,,0,5500,MIN@BAL,MIN,BAL,,,,,,P
116964-219702,P,Marco,Marco Raya,Raya,,0,5500,MIN@BAL,MIN,BAL,,,,,,P
116964-219700,P,Luis,Luis Mey,Mey,6.142857142857143,7,5500,CWS@CIN,CIN,CWS,,,,,,P
116964-222783,P,Grant,Grant Taylor,Taylor,,0,5500,CWS@CIN,CWS,CIN,,,,,,P
116964-222782,P,Chase,Chase Burns,Burns,,0,5500,CWS@CIN,CIN,CWS,,,,,,P
116964-222786,P,Raul,Raul Alcantara,Alcantara,,0,5500,MIN@BAL,BAL,MIN,,,,,,P
116964-222784,P,Hagen,Hagen Smith,Smith,,0,5500,CWS@CIN,CWS,CIN,,,,,,P
116964-181831,P,Yosver,Yosver Zulueta,Zulueta,3.5,2,5500,CWS@CIN,CIN,CWS,,,,,,P
116964-119367,P,Matt,Matt Canterino,Canterino,0,1,5500,MIN@BAL,MIN,BAL,IL,Shoulder,,,,P
116964-181828,P,Kolton,Kolton Ingram,Ingram,,0,5500,WSH@ATL,ATL,WSH,,,,,,P
116964-139851,P,Justin,Justin Topa,Topa,5.071428571428571,14,5500,MIN@BAL,MIN,BAL,,,,,,P
116964-207438,P,Fraser,Fraser Ellard,Ellard,5,7,5500,CWS@CIN,CWS,CIN,IL,Lat,,,,P
116964-73301,P,Brent,Brent Suter,Suter,6.785714285714286,14,5500,CWS@CIN,CIN,CWS,,,,,,P
116964-181847,P,Noah,Noah Denoyer,Denoyer,,0,5500,MIN@BAL,BAL,MIN,,,,,,P
116964-181850,P,Colin,Colin Selby,Selby,6.666666666666667,3,5500,MIN@BAL,BAL,MIN,,,,,,P
116964-150107,P,Tommy,Tommy Nance,Nance,4.65,20,5500,TB@TOR,TOR,TB,,,,,,P
116964-225880,P,Nathan,Nathan Wiles,Wiles,-3,1,5500,WSH@ATL,ATL,WSH,,,,,,P
116964-80476,P,Jackson,Jackson Stephens,Stephens,4.333333333333333,3,5500,WSH@ATL,ATL,WSH,,,,,,P
116964-119388,P,Junior,Junior Santos,Santos,,0,5500,WSH@ATL,WSH,ATL,,,,,,P
116964-222814,P,Trey,Trey Yesavage,Yesavage,,0,5500,TB@TOR,TOR,TB,,,,,,P
116964-85600,P,Ryan,Ryan Burr,Burr,5.705882352941177,34,5500,TB@TOR,TOR,TB,IL,Shoulder,,,,P
116964-81507,P,Aaron,Aaron Bummer,Bummer,6.333333333333333,15,5500,WSH@ATL,ATL,WSH,,,,,,P
116964-119397,P,TJ,TJ Sikkema,Sikkema,,0,5500,CWS@CIN,CIN,CWS,IL,Undisclosed,,,,P
116964-169574,P,Penn,Penn Murfee,Murfee,3.142857142857143,15,5500,CWS@CIN,CWS,CIN,,,,,,P
116964-21096,P,Erasmo,Erasmo Ramirez,Ramirez,7.3076923076923075,13,5500,MIN@BAL,MIN,BAL,IL,Shoulder,,,,P
116964-186986,P,Eduardo,Eduardo Salazar,Salazar,1.7058823529411764,17,5500,WSH@ATL,WSH,ATL,,,,,,P
116964-118381,P,Kyle,Kyle Finnegan,Finnegan,5,16,5500,WSH@ATL,WSH,ATL,,,,,,P
116964-184943,P,Jesse,Jesse Scholtens,Scholtens,,0,5500,CWS@CIN,CWS,CIN,IL,Elbow,,,,P
116964-222830,P,Travis,Travis Sykora,Sykora,,0,5500,WSH@ATL,WSH,ATL,,,,,,P
116964-222833,P,Jarlin,Jarlin Susana,Susana,,0,5500,WSH@ATL,WSH,ATL,IL,Elbow,,,,P
116964-222832,P,Alex,Alex Clemmey,Clemmey,,0,5500,WSH@ATL,WSH,ATL,,,,,,P
116964-82549,P,Brendon,Brendon Little,Little,7.25,21,5500,TB@TOR,TOR,TB,,,,,,P
116964-82552,P,Tony,Tony Santillan,Santillan,5.4,20,5500,CWS@CIN,CIN,CWS,,,,,,P
116964-210559,P,Brady,Brady Feigl,Feigl,-13,1,5500,MIN@BAL,MIN,BAL,,,,,,P
116964-222855,P,Ty,Ty Johnson,Johnson,,0,5500,TB@TOR,TB,TOR,,,,,,P
116964-222854,P,Brody,Brody Hopkins,Hopkins,,0,5500,TB@TOR,TB,TOR,,,,,,P
116964-52871,P,Derek,Derek Law,Law,6.16,75,5500,WSH@ATL,WSH,ATL,IL,Forearm,,,,P
116964-119433,P,JJ,JJ Goss,Goss,,0,5500,TB@TOR,TB,TOR,,,,,,P
116964-222859,P,Cam,Cam Caminiti,Caminiti,,0,5500,WSH@ATL,ATL,WSH,,,,,,P
116964-222857,P,Jackson,Jackson Baumeister,Baumeister,,0,5500,TB@TOR,TB,TOR,,,,,,P
116964-222856,P,Trevor,Trevor Harrison,Harrison,,0,5500,TB@TOR,TB,TOR,,,,,,P
116964-82572,P,Gregory,Gregory Soto,Soto,4.125,16,5500,MIN@BAL,BAL,MIN,,,,,,P
116964-119446,P,Andry,Andry Lara,Lara,,0,5500,WSH@ATL,WSH,ATL,,,,,,P
116964-82587,P,Richard,Richard Lovelady,Lovelady,1,2,5500,MIN@BAL,MIN,BAL,,,,,,P
116964-165528,P,Joe,Joe Rock,Rock,,0,5500,TB@TOR,TB,TOR,,,,,,P
116964-82591,P,Chris,Chris Rodriguez,Rodriguez,,0,5500,CWS@CIN,CWS,CIN,,,,,,P
116964-220834,P,Nate,Nate Lavender,Lavender,,0,5500,TB@TOR,TB,TOR,IL,Elbow,,,,P
116964-38563,P,Yimi,Yimi Garcia,Garcia,5.666666666666667,18,5500,TB@TOR,TOR,TB,,,,,,P
116964-220837,P,Evan,Evan Reifert,Reifert,,0,5500,TB@TOR,TB,TOR,,,,,,P
116964-220836,P,Angel,Angel Bastardo,Bastardo,,0,5500,TB@TOR,TOR,TB,IL,Elbow,,,,P
116964-164522,P,Wikelman,Wikelman Gonzalez,Gonzalez,0,2,5500,CWS@CIN,CWS,CIN,,,,,,P
116964-165545,P,Tanner,Tanner McDougal,McDougal,,0,5500,CWS@CIN,CWS,CIN,,,,,,P
116964-220847,P,Grant,Grant Wolfram,Wolfram,0.5,2,5500,MIN@BAL,BAL,MIN,,,,,,P
116964-220845,P,Juan,Juan Nunez,Nunez,,0,5500,MIN@BAL,BAL,MIN,,,,,,P
116964-222898,P,Mason,Mason Fluharty,Fluharty,6.933333333333334,16,5500,TB@TOR,TOR,TB,,,,,,P
116964-211632,P,Mason,Mason Montgomery,Montgomery,4.722222222222222,18,5500,TB@TOR,TB,TOR,,,,,,P
116964-14006,P,Brian,Brian Moran,Moran,,0,5500,WSH@ATL,ATL,WSH,,,,,,P
116964-165561,P,Chayce,Chayce McDermott,McDermott,12,1,5500,MIN@BAL,BAL,MIN,,,,,,P
116964-53953,P,Keone,Keone Kela,Kela,,0,5500,CWS@CIN,CWS,CIN,,,,,,P
116964-119494,P,Andrew,Andrew Dalquist,Dalquist,,0,5500,CWS@CIN,CWS,CIN,,,,,,P
116964-165584,P,Alejandro,Alejandro Hidalgo,Hidalgo,,0,5500,MIN@BAL,MIN,BAL,,,,,,P
116964-187105,P,Joe,Joe La Sorsa,La Sorsa,4.25,16,5500,CWS@CIN,CIN,CWS,,,,,,P
116964-182005,P,Kevin,Kevin Kelly,Kelly,3,5,5500,TB@TOR,TB,TOR,IL,Thigh,,,,P
116964-165628,P,Josh,Josh Walker,Walker,9,3,5500,TB@TOR,TOR,TB,,,,,,P
116964-199460,P,Jordan,Jordan Leasure,Leasure,5.055555555555555,19,5500,CWS@CIN,CWS,CIN,,,,,,P
116964-165674,P,Adam,Adam Macko,Macko,0,1,5500,TB@TOR,TOR,TB,O,Knee,,,,P
116964-165673,P,Levi,Levi Stoudt,Stoudt,0,1,5500,MIN@BAL,BAL,MIN,IL,Undisclosed,,,,P
116964-182062,P,Gus,Gus Varland,Varland,5.230769230769231,26,5500,CWS@CIN,CWS,CIN,,,,,,P
116964-163641,P,Ray,Ray Kerr,Kerr,11.2,10,5500,WSH@ATL,ATL,WSH,IL,Elbow,,,,P
116964-163654,P,Alexis,Alexis Diaz,Diaz,0.5,6,5500,CWS@CIN,CIN,CWS,,,,,,P
116964-163655,P,Daniel,Daniel Duarte,Duarte,12,3,5500,MIN@BAL,MIN,BAL,IL,Elbow,,,,P
116964-84815,P,Joey,Joey Krehbiel,Krehbiel,,0,5500,TB@TOR,TB,TOR,,,,,,P
116964-163660,P,Steven,Steven Wilson,Wilson,5.833333333333333,12,5500,CWS@CIN,CWS,CIN,,,,,,P
116964-204624,P,Eric,Eric Orze,Orze,5.833333333333333,12,5500,TB@TOR,TB,TOR,,,,,,P
116964-204631,P,Hunter,Hunter Bigge,Bigge,5.3076923076923075,13,5500,TB@TOR,TB,TOR,IL,Lat,,,,P
116964-165719,P,Irv,Irv Carter,Carter,,0,5500,TB@TOR,TOR,TB,,,,,,P
116964-165722,P,Chad,Chad Dallas,Dallas,,0,5500,TB@TOR,TOR,TB,IL,Undisclosed,,,,P
116964-213851,P,Domingo,Domingo Gonzalez,Gonzalez,,0,5500,WSH@ATL,ATL,WSH,,,,,,P
116964-163673,P,Jorge,Jorge Juan,Juan,,0,5500,WSH@ATL,ATL,WSH,,,,,,P
116964-163690,P,Nathan,Nathan Webb,Webb,,0,5500,MIN@BAL,BAL,MIN,,,,,,P
116964-68469,P,Adam,Adam Plutko,Plutko,,0,5500,CWS@CIN,CIN,CWS,,,,,,P
116964-70517,P,Chad,Chad Green,Green,5,19,5500,TB@TOR,TOR,TB,,,,,,P
116964-163701,P,Felix,Felix Bautista,Bautista,6,12,5500,MIN@BAL,BAL,MIN,,,,,,P
116964-68476,P,Taylor,Taylor Rogers,Rogers,5,17,5500,CWS@CIN,CIN,CWS,,,,,,P
116964-161675,P,Jonathan,Jonathan Heasley,Heasley,-0.5,5,5500,CWS@CIN,CWS,CIN,,,,,,P
116964-80791,P,Alan,Alan Busenitz,Busenitz,1,3,5500,CWS@CIN,CIN,CWS,,,,,,P
116964-68510,P,Amir,Amir Garrett,Garrett,6.666666666666667,8,5500,TB@TOR,TOR,TB,IL,Undisclosed,,,,P
116964-68515,P,Sam,Sam Moll,Moll,-1,3,5500,CWS@CIN,CIN,CWS,IL,Shoulder,,,,P
116964-102314,P,Lenny,Lenny Torres,Torres,,0,5500,CWS@CIN,CIN,CWS,,,,,,P
116964-108461,P,Pete,Pete Fairbanks,Fairbanks,5.666666666666667,18,5500,TB@TOR,TB,TOR,,,,,,P
116964-52148,P,Pierce,Pierce Johnson,Johnson,5.588235294117647,17,5500,WSH@ATL,ATL,WSH,,,,,,P
116964-102324,P,Konnor,Konnor Pilkington,Pilkington,0,2,5500,WSH@ATL,WSH,ATL,,,,,,P
116964-102334,P,Corbin,Corbin Martin,Martin,,0,5500,MIN@BAL,BAL,MIN,,,,,,P
116964-68551,P,Tyler,Tyler Beede,Beede,4.846153846153846,13,5500,MIN@BAL,MIN,BAL,,,,,,P
116964-68556,P,Dillon,Dillon Tate,Tate,5.6,5,5500,TB@TOR,TOR,TB,,,,,,P
116964-102355,P,Jorge,Jorge Alcala,Alcala,4.583333333333333,14,5500,MIN@BAL,MIN,BAL,,,,,,P
116964-70629,P,Jacob,Jacob Barnes,Barnes,2.5,6,5500,TB@TOR,TOR,TB,,,,,,P
116964-70649,P,Adrian,Adrian Sampson,Sampson,0,1,5500,WSH@ATL,WSH,ATL,,,,,,P
116964-210936,P,Evan,Evan Kravetz,Kravetz,2,1,5500,CWS@CIN,CIN,CWS,,,,,,P
116964-165513,SS,Elly,Elly De La Cruz,De La Cruz,12.399999445134943,44,3800,CWS@CIN,CIN,CWS,,,,,,SS/UTIL
116964-79756,OF,Ronald,Ronald Acuna Jr.,Acuna Jr.,11.634693379304847,49,3700,WSH@ATL,ATL,WSH,IL,Knee,,,,OF/UTIL
116964-39086,OF,Byron,Byron Buxton,Buxton,12.860000610351562,40,3600,MIN@BAL,MIN,BAL,,,,,,OF/UTIL
116964-165661,OF,James,James Wood,Wood,12.32499972256747,44,3600,WSH@ATL,WSH,ATL,,,,,,OF/UTIL
116964-17086,OF,Marcell,Marcell Ozuna,Ozuna,10.27750015258789,40,3500,WSH@ATL,ATL,WSH,,,,,,OF/UTIL
116964-82536,OF,Cedric,Cedric Mullins,Mullins,11.351282364282852,39,3400,MIN@BAL,BAL,MIN,,,,,,OF/UTIL
116964-79074,3B,Austin,Austin Riley,Riley,10.367441576580669,43,3300,WSH@ATL,ATL,WSH,,,,,,3B/UTIL
116964-119306,SS,Gunnar,Gunnar Henderson,Henderson,10.347058464499082,34,3300,MIN@BAL,BAL,MIN,,,,,,SS/UTIL
116964-119410,SS,CJ,CJ Abrams,Abrams,12.551613100113407,31,3300,WSH@ATL,WSH,ATL,,,,,,SS/UTIL
116964-81953,OF,Austin,Austin Hays,Hays,13.38888888888889,18,3200,CWS@CIN,CIN,CWS,,,,,,OF/UTIL
116964-102555,3B,Noelvi,Noelvi Marte,Marte,12.394736842105264,19,3200,CWS@CIN,CIN,CWS,IL,Oblique,,,,3B/UTIL
116964-16983,OF,George,George Springer,Springer,11.035897279397036,39,3200,TB@TOR,TOR,TB,,,,,,OF/UTIL
116964-82533,OF,Daulton,Daulton Varsho,Varsho,13.718181263316762,11,3200,TB@TOR,TOR,TB,,,,,,OF/UTIL
116964-163662,1B,Jonathan,Jonathan Aranda,Aranda,10.389473362972861,38,3200,TB@TOR,TB,TOR,,,,,,C/1B/UTIL
116964-79273,1B,Vladimir,Vladimir Guerrero Jr.,Guerrero Jr.,9.907143002464657,42,3100,TB@TOR,TOR,TB,,,,,,C/1B/UTIL
116964-52175,1B,Matt,Matt Olson,Olson,9.76976758380269,43,3100,WSH@ATL,ATL,WSH,,,,,,C/1B/UTIL
116964-79141,1B/OF,Ryan,Ryan O'Hearn,O'Hearn,9.975000381469727,32,3000,MIN@BAL,BAL,MIN,,,,,,C/1B/OF/UTIL
116964-85285,1B,Nathaniel,Nathaniel Lowe,Lowe,9.413636641068893,44,3000,WSH@ATL,WSH,ATL,,,,,,C/1B/UTIL
116964-79257,OF,Josh,Josh Lowe,Lowe,3,1,3000,TB@TOR,TB,TOR,IL,Oblique,,,,OF/UTIL
116964-165507,SS/2B,Matt,Matt McLain,McLain,10.357142857142858,35,3000,CWS@CIN,CIN,CWS,,,,,,2B/SS/UTIL
116964-82624,C,Sean,Sean Murphy,Murphy,10.40370347764757,27,3000,WSH@ATL,ATL,WSH,,,,,,C/1B/UTIL
116964-82734,OF,Luis,Luis Robert Jr.,Robert Jr.,10.782051282051283,39,3000,CWS@CIN,CWS,CIN,,,,,,OF/UTIL
116964-102296,OF,TJ,TJ Friedl,Friedl,10.417073319597941,41,3000,CWS@CIN,CIN,CWS,DTD,Wrist,,,,OF/UTIL
116964-173078,OF,Alex,Alex Call,Call,8.193103658741919,29,2900,WSH@ATL,WSH,ATL,,,,,,OF/UTIL
116964-195679,3B,Junior,Junior Caminero,Caminero,9.194999694824219,40,2900,TB@TOR,TB,TOR,,,,,,3B/UTIL
116964-79110,C,Tyler,Tyler Stephenson,Stephenson,8.730000305175782,10,2900,CWS@CIN,CIN,CWS,,,,,,C/1B/UTIL
116964-136672,OF,Michael,Michael Harris II,Harris II,8.579069625499637,43,2900,WSH@ATL,ATL,WSH,,,,,,OF/UTIL
116964-119307,C,Adley,Adley Rutschman,Rutschman,7.2230772360777245,39,2900,MIN@BAL,BAL,MIN,,,,,,C/1B/UTIL
116964-82654,SS,Bo,Bo Bichette,Bichette,9.835714431036086,42,2900,TB@TOR,TOR,TB,,,,,,SS/UTIL
116964-68495,OF,Andrew,Andrew Benintendi,Benintendi,8.858333587646484,24,2900,CWS@CIN,CWS,CIN,IL,Calf,,,,OF/UTIL
116964-102362,OF,Trevor,Trevor Larnach,Larnach,9.740476335797991,42,2900,MIN@BAL,MIN,BAL,,,,,,OF/UTIL
116964-68587,2B,Ozzie,Ozzie Albies,Albies,8.376744469930959,43,2900,WSH@ATL,ATL,WSH,,,,,,2B/UTIL
116964-79884,OF,Anthony,Anthony Santander,Santander,7.694736681486431,38,2800,TB@TOR,TOR,TB,,,,,,OF/UTIL
116964-79120,1B,Yandy,Yandy Diaz,Diaz,9.025,40,2800,TB@TOR,TB,TOR,O,Personal,,,,C/1B/UTIL
116964-79160,OF,Alex,Alex Verdugo,Verdugo,7.965217258619226,23,2800,WSH@ATL,ATL,WSH,,,,,,OF/UTIL
116964-197982,OF,Dylan,Dylan Crews,Crews,8.50975594869474,41,2800,WSH@ATL,WSH,ATL,,,,,,OF/UTIL
116964-101842,1B,Ty,Ty France,France,8.335714431036086,42,2800,MIN@BAL,MIN,BAL,DTD,Foot,,,,C/1B/UTIL
116964-219666,OF,Jake,Jake Mangum,Mangum,9.090475899832589,21,2800,TB@TOR,TB,TOR,IL,Groin,,,,OF/UTIL
116964-119377,OF,Matt,Matt Wallner,Wallner,7.994444105360243,18,2800,MIN@BAL,MIN,BAL,IL,Hamstring,,,,OF/UTIL
116964-38614,SS,Carlos,Carlos Correa,Correa,6.532499694824219,40,2800,MIN@BAL,MIN,BAL,,,,,,SS/UTIL
116964-82660,2B,Luis,Luis Garcia Jr.,Garcia Jr.,8.081579107987253,38,2800,WSH@ATL,WSH,ATL,IL,Personal,,,,2B/UTIL
116964-68547,OF,Tyler,Tyler O'Neill,O'Neill,8.121739263119904,23,2800,MIN@BAL,BAL,MIN,,,,,,OF/UTIL
116964-225386,OF,Chandler,Chandler Simpson,Simpson,8.69999972256747,22,2700,TB@TOR,TB,TOR,,,,,,OF/UTIL
116964-146667,3B/2B,Jordan,Jordan Westburg,Westburg,8.060869299847147,23,2700,MIN@BAL,BAL,MIN,IL,Hamstring,,,,2B/3B/UTIL
116964-83191,C,Austin,Austin Wynns,Wynns,9.646666463216146,15,2700,CWS@CIN,CIN,CWS,,,,,,C/1B/UTIL
116964-197967,2B/SS,Jackson,Jackson Holliday,Holliday,7.488889058430989,36,2700,MIN@BAL,BAL,MIN,,,,,,2B/SS/UTIL
116964-79249,OF,Harrison,Harrison Bader,Bader,8.620513133513622,39,2700,MIN@BAL,MIN,BAL,DTD,Undisclosed,,,,OF/UTIL
116964-85504,2B,Brandon,Brandon Lowe,Lowe,7.842105263157895,38,2700,TB@TOR,TB,TOR,,,,,,2B/UTIL
116964-119368,C,Ryan,Ryan Jeffers,Jeffers,7.993750095367432,32,2700,MIN@BAL,MIN,BAL,,,,,,C/1B/UTIL
116964-119372,OF/3B/1B,Miguel,Miguel Vargas,Vargas,7.9224998474121096,40,2700,CWS@CIN,CWS,CIN,,,,,,C/1B/3B/OF/UTIL
116964-82593,C,Keibert,Keibert Ruiz,Ruiz,7.284210205078125,38,2700,WSH@ATL,WSH,ATL,,,,,,C/1B/UTIL
116964-82608,3B,Royce,Royce Lewis,Lewis,2.3375000953674316,8,2700,MIN@BAL,MIN,BAL,,,,,,3B/UTIL
116964-80847,OF,Mike,Mike Tauchman,Tauchman,7.066666920979817,3,2700,CWS@CIN,CWS,CIN,IL,Hamstring,,,,OF/UTIL
116964-179272,OF/1B/2B,Spencer,Spencer Steer,Steer,8.383784113703546,37,2600,CWS@CIN,CIN,CWS,,,,,,C/1B/2B/OF/UTIL
116964-79082,1B,Ryan,Ryan Mountcastle,Mountcastle,6.55,40,2600,MIN@BAL,BAL,MIN,,,,,,C/1B/UTIL
116964-79165,2B/OF,Gavin,Gavin Lux,Lux,8.475,40,2600,CWS@CIN,CIN,CWS,,,,,,2B/OF/UTIL
116964-197972,SS/3B/2B,Brooks,Brooks Lee,Lee,7.535714285714286,28,2600,MIN@BAL,MIN,BAL,,,,,,2B/3B/SS/UTIL
116964-119318,2B/3B/OF,Christopher,Christopher Morel,Morel,7.152777777777778,36,2600,TB@TOR,TB,TOR,,,,,,2B/3B/OF/UTIL
116964-206383,2B/SS/OF,Brooks,Brooks Baldwin,Baldwin,5.94000015258789,40,2600,CWS@CIN,CWS,CIN,,,,,,2B/SS/OF/UTIL
116964-82555,SS/2B/3B/OF,Willi,Willi Castro,Castro,7.953846271221455,26,2600,MIN@BAL,MIN,BAL,,,,,,2B/3B/SS/OF/UTIL
116964-222858,C,Drake,Drake Baldwin,Baldwin,7.773077157827524,26,2600,WSH@ATL,ATL,WSH,,,,,,C/1B/UTIL
116964-119444,C,Alejandro,Alejandro Kirk,Kirk,7.512499809265137,32,2600,TB@TOR,TOR,TB,,,,,,C/1B/UTIL
116964-164507,OF,Colton,Colton Cowser,Cowser,7.724999904632568,4,2600,MIN@BAL,BAL,MIN,IL,Thumb,,,,OF/UTIL
116964-165544,2B/3B/1B,Lenyn,Lenyn Sosa,Sosa,6.259523664202009,42,2600,CWS@CIN,CWS,CIN,,,,,,C/1B/2B/3B/UTIL
116964-53994,1B,Josh,Josh Bell,Bell,6.578378213418497,37,2600,WSH@ATL,WSH,ATL,,,,,,C/1B/UTIL
116964-146160,SS,Ha-Seong,Ha-Seong Kim,Kim,9.21900826446281,121,2600,TB@TOR,TB,TOR,IL,Shoulder,,,,SS/UTIL
116964-68589,2B/3B/OF,Amed,Amed Rosario,Rosario,8.079166412353516,24,2600,WSH@ATL,WSH,ATL,,,,,,2B/3B/OF/UTIL
116964-102418,OF,Eli,Eli White,White,7.6228567940848215,35,2500,WSH@ATL,ATL,WSH,,,,,,OF/UTIL
116964-116867,C,Tyler,Tyler Heineman,Heineman,8.350000381469727,16,2500,TB@TOR,TOR,TB,,,,,,C/1B/UTIL
116964-135314,2B/SS/3B,Ernie,Ernie Clement,Clement,5.329999923706055,40,2500,TB@TOR,TOR,TB,,,,,,2B/3B/SS/UTIL
116964-102577,2B/3B/OF,Santiago,Santiago Espinal,Espinal,5.922857230050223,35,2500,CWS@CIN,CIN,CWS,,,,,,2B/3B/OF/UTIL
116964-83155,OF,Ramon,Ramon Laureano,Laureano,6.387096774193548,31,2500,MIN@BAL,BAL,MIN,,,,,,OF/UTIL
116964-83173,C,Jose,Jose Trevino,Trevino,7.46875,32,2500,CWS@CIN,CIN,CWS,,,,,,C/1B/UTIL
116964-146666,OF,Heston,Heston Kjerstad,Kjerstad,6.088888804117839,36,2500,MIN@BAL,BAL,MIN,,,,,,OF/UTIL
116964-181662,OF,Nathan,Nathan Lukes,Lukes,7.09629652235243,27,2500,TB@TOR,TOR,TB,,,,,,OF/UTIL
116964-119364,OF,Kameron,Kameron Misner,Misner,7.63243226747255,37,2500,TB@TOR,TB,TOR,,,,,,OF/UTIL
116964-21074,OF,Michael A.,Michael A. Taylor,Taylor,5.686486321526605,37,2500,CWS@CIN,CWS,CIN,,,,,,OF/UTIL
116964-113309,3B/2B/OF,Josh,Josh Rojas,Rojas,5.425000190734863,8,2500,CWS@CIN,CWS,CIN,,,,,,2B/3B/OF/UTIL
116964-82617,2B,Andres,Andres Gimenez,Gimenez,8.399999830457899,36,2500,TB@TOR,TOR,TB,IL,Quadriceps,,,,2B/UTIL
116964-119495,1B,Andrew,Andrew Vaughn,Vaughn,6.702438726657775,41,2500,CWS@CIN,CWS,CIN,,,,,,C/1B/UTIL
116964-165583,C,Edgar,Edgar Quero,Quero,7.077272588556463,22,2500,CWS@CIN,CWS,CIN,,,,,,C/1B/UTIL
116964-82655,C,Danny,Danny Jansen,Jansen,5.763333129882812,30,2500,TB@TOR,TB,TOR,,,,,,C/1B/UTIL
116964-163668,OF/2B/3B,Richie,Richie Palacios,Palacios,21.200000762939453,1,2500,TB@TOR,TB,TOR,IL,Knee,,,,2B/3B/OF/UTIL
116964-185303,SS/2B/3B/OF,Jose,Jose Caballero,Caballero,7.3705884148092835,34,2500,TB@TOR,TB,TOR,,,,,,2B/3B/SS/OF/UTIL
116964-135190,SS,Taylor,Taylor Walls,Walls,5.876315869783101,38,2400,TB@TOR,TB,TOR,,,,,,SS/UTIL
116964-102591,OF,Jake,Jake Fraley,Fraley,7.532142639160156,28,2400,CWS@CIN,CIN,CWS,IL,Calf,,,,OF/UTIL
116964-209172,1B,Andres,Andres Chaparro,Chaparro,8.481817996863162,33,2400,WSH@ATL,WSH,ATL,IL,Oblique,,,,C/1B/UTIL
116964-79152,C,Matt,Matt Thaiss,Thaiss,6.510344932819235,29,2400,CWS@CIN,CWS,CIN,,,,,,C/1B/UTIL
116964-101850,3B/2B/1B,Ramon,Ramon Urias,Urias,7.160869432532269,23,2400,MIN@BAL,BAL,MIN,,,,,,C/1B/2B/3B/UTIL
116964-119326,3B/OF,Rece,Rece Hinds,Hinds,6.240000152587891,5,2400,CWS@CIN,CIN,CWS,,,,,,3B/OF/UTIL
116964-181806,OF,Jonny,Jonny DeLuca,DeLuca,9.144444783528646,9,2400,TB@TOR,TB,TOR,IL,Shoulder,,,,OF/UTIL
116964-181830,3B/OF,Addison,Addison Barger,Barger,6.1047617594401045,21,2400,TB@TOR,TOR,TB,,,,,,3B/OF/UTIL
116964-80462,SS/3B,Paul,Paul DeJong,DeJong,5.162499904632568,16,2400,WSH@ATL,WSH,ATL,IL,Orbital,,,,3B/SS/UTIL
116964-163672,3B/1B,Jonah,Jonah Bride,Bride,3.7479998779296877,25,2400,MIN@BAL,MIN,BAL,,,,,,C/1B/3B/UTIL
116964-222287,SS/2B,Chase,Chase Meidroth,Meidroth,7.319047473725819,21,2300,CWS@CIN,CWS,CIN,,,,,,2B/SS/UTIL
116964-135284,C,Riley,Riley Adams,Adams,6.05454531582919,11,2300,WSH@ATL,WSH,ATL,,,,,,C/1B/UTIL
116964-209179,1B/2B/3B,Will,Will Wagner,Wagner,4.44000015258789,20,2300,TB@TOR,TOR,TB,,,,,,C/1B/2B/3B/UTIL
116964-193863,OF,Jacob,Jacob Young,Young,5.592105263157895,38,2300,WSH@ATL,WSH,ATL,,,,,,OF/UTIL
116964-38223,OF,Travis,Travis Jankowski,Jankowski,4.2571429298037575,21,2300,TB@TOR,TB,TOR,,,,,,OF/UTIL
116964-21890,SS,Orlando,Orlando Arcia,Arcia,2.361538520226112,13,2300,WSH@ATL,ATL,WSH,,,,,,SS/UTIL
116964-71182,3B/1B,Jeimer,Jeimer Candelario,Candelario,5.572727203369141,22,2300,CWS@CIN,CIN,CWS,IL,Back,,,,C/1B/3B/UTIL
116964-13858,C,Christian,Christian Vazquez,Vazquez,5.166666666666667,21,2300,MIN@BAL,MIN,BAL,,,,,,C/1B/UTIL
116964-71217,C,Omar,Omar Narvaez,Narvaez,6.425000190734863,4,2300,CWS@CIN,CWS,CIN,,,,,,C/1B/UTIL
116964-80485,OF,Austin,Austin Slater,Slater,4.987500190734863,8,2300,CWS@CIN,CWS,CIN,IL,Knee,,,,OF/UTIL
116964-164512,3B,Coby,Coby Mayo,Mayo,1.5,4,2300,MIN@BAL,BAL,MIN,,,,,,3B/UTIL
116964-102326,1B/2B/3B/OF,Kody,Kody Clemens,Clemens,4.888888888888889,18,2300,MIN@BAL,MIN,BAL,,,,,,C/1B/2B/3B/OF/UTIL
116964-68593,SS/2B/OF,Jorge,Jorge Mateo,Mateo,2.8526316191020764,19,2300,MIN@BAL,BAL,MIN,,,,,,2B/SS/OF/UTIL
116964-102488,3B/1B,Emmanuel,Emmanuel Rivera,Rivera,7.233333163791233,9,2200,MIN@BAL,BAL,MIN,,,,,,C/1B/3B/UTIL
116964-135282,OF,Joshua,Joshua Palacios,Palacios,4.2551724664096175,29,2200,CWS@CIN,CWS,CIN,,,,,,OF/UTIL
116964-102518,3B/1B,Jose,Jose Miranda,Miranda,4.241666793823242,12,2200,MIN@BAL,MIN,BAL,,,,,,C/1B/3B/UTIL
116964-79119,OF,Will,Will Benson,Benson,6.740000152587891,5,2200,CWS@CIN,CIN,CWS,,,,,,OF/UTIL
116964-209177,C/2B/1B,Mickey,Mickey Gasper,Gasper,3.676470588235294,17,2200,MIN@BAL,MIN,BAL,,,,,,C/1B/2B/UTIL
116964-79190,C,Ben,Ben Rortvedt,Rortvedt,2.4950000762939455,20,2200,TB@TOR,TB,TOR,,,,,,C/1B/UTIL
116964-226832,1B,Tim,Tim Elko,Elko,7.175000190734863,4,2200,CWS@CIN,CWS,CIN,,,,,,C/1B/UTIL
116964-101910,1B/OF,Connor,Connor Joe,Joe,3.4111111958821616,9,2200,CWS@CIN,CIN,CWS,,,,,,C/1B/OF/UTIL
116964-16945,C,Gary,Gary Sanchez,Sanchez,2.9384615971491885,13,2200,MIN@BAL,BAL,MIN,IL,Wrist,,,,C/1B/UTIL
116964-119346,C,Korey,Korey Lee,Lee,4.4555553860134545,9,2200,CWS@CIN,CWS,CIN,IL,Ankle,,,,C/1B/UTIL
116964-119365,SS/2B,Nasim,Nasim Nunez,Nunez,4.643750190734863,16,2200,WSH@ATL,WSH,ATL,,,,,,2B/SS/UTIL
116964-222879,OF,Alan,Alan Roden,Roden,4.425000054495675,28,2200,TB@TOR,TOR,TB,,,,,,OF/UTIL
116964-21172,1B/2B/3B,Brandon,Brandon Drury,Drury,4.8051547020981,97,2200,CWS@CIN,CWS,CIN,IL,Thumb,,,,C/1B/2B/3B/UTIL
116964-165556,3B,Gage,Gage Workman,Workman,2.3333333333333335,12,2200,CWS@CIN,CWS,CIN,,,,,,3B/UTIL
116964-202502,OF,Blake,Blake Dunn,Dunn,4.983333333333333,30,2200,CWS@CIN,CIN,CWS,,,,,,OF/UTIL
116964-165701,3B/2B/1B,Curtis,Curtis Mead,Mead,2.7192306518554688,26,2200,TB@TOR,TB,TOR,,,,,,C/1B/2B/3B/UTIL
116964-163671,3B,Jose,Jose Tena,Tena,5.847999877929688,25,2200,WSH@ATL,WSH,ATL,,,,,,3B/UTIL
116964-183187,1B,Christian,Christian Encarnacion-Strand,Encarnacion-Strand,5.820000203450521,15,2200,CWS@CIN,CIN,CWS,IL,Back,,,,C/1B/UTIL
116964-102295,OF,Stuart,Stuart Fairchild,Fairchild,3.2764706331140854,17,2200,WSH@ATL,ATL,WSH,,,,,,OF/UTIL
116964-97257,OF,Myles,Myles Straw,Straw,4.755882263183594,34,2200,TB@TOR,TOR,TB,,,,,,OF/UTIL
116964-102380,SS,Nick,Nick Allen,Allen,5.647222306993273,36,2200,WSH@ATL,ATL,WSH,,,,,,SS/UTIL
116964-102398,OF,Jarred,Jarred Kelenic,Kelenic,4.278260935907778,23,2200,WSH@ATL,ATL,WSH,,,,,,OF/UTIL
116964-135310,C,Chadwick,Chadwick Tromp,Tromp,1.5,2,2100,MIN@BAL,BAL,MIN,,,,,,C/1B/UTIL
116964-102579,SS/2B,Leo,Leo Jimenez,Jimenez,6.251562595367432,64,2100,TB@TOR,TOR,TB,IL,Undisclosed,,,,2B/SS/UTIL
116964-187594,2B/3B,Coco,Coco Montes,Montes,1.9,5,2100,TB@TOR,TB,TOR,,,,,,2B/3B/UTIL
116964-135524,OF/2B,Austin,Austin Martin,Martin,5.78494623655914,93,2100,MIN@BAL,MIN,BAL,IL,Hamstring,,,,2B/OF/UTIL
116964-119325,2B/OF,Tyler,Tyler Callihan,Callihan,1.625,4,2100,CWS@CIN,CIN,CWS,IL,Forearm,,,,2B/OF/UTIL
116964-79400,OF,Dylan,Dylan Carlson,Carlson,1.3199999809265137,10,2100,MIN@BAL,BAL,MIN,,,,,,OF/UTIL
116964-181814,2B,Edouard,Edouard Julien,Julien,6.089655382879849,29,2100,MIN@BAL,MIN,BAL,,,,,,2B/UTIL
116964-119351,SS/2B/3B,Jake,Jake Amaya,Amaya,2.5060605135830967,33,2100,CWS@CIN,CWS,CIN,,,,,,2B/3B/SS/UTIL
116964-119404,2B/3B,Nick,Nick Maton,Maton,4.32,25,2100,CWS@CIN,CWS,CIN,,,,,,2B/3B/UTIL
116964-211631,OF,DaShawn,DaShawn Keirsey Jr.,Keirsey Jr.,1.3000000462387546,33,2100,MIN@BAL,MIN,BAL,,,,,,OF/UTIL
116964-183092,OF,Jonatan,Jonatan Clase,Clase,3.2,5,2100,TB@TOR,TOR,TB,,,,,,OF/UTIL
116964-192426,2B/OF,Davis,Davis Schneider,Schneider,3.089999961853027,10,2100,TB@TOR,TOR,TB,,,,,,2B/OF/UTIL
116964-102409,OF,Nick,Nick Schnell,Schnell,,0,2000,WSH@ATL,WSH,ATL,,,,,,OF/UTIL
116964-102411,C,Andrew,Andrew Knizner,Knizner,2.9078947368421053,38,2000,WSH@ATL,WSH,ATL,,,,,,C/1B/UTIL
116964-13326,C,Christian,Christian Bethancourt,Bethancourt,5.056250095367432,64,2000,TB@TOR,TOR,TB,,,,,,C/1B/UTIL
116964-102425,SS,Orelvis,Orelvis Martinez,Martinez,1.5,2,2000,TB@TOR,TOR,TB,,,,,,SS/UTIL
116964-171037,C,Jason,Jason Delay,Delay,6.400000095367432,8,2000,WSH@ATL,ATL,WSH,,,,,,C/1B/UTIL
116964-172093,2B,Michael,Michael Stefanic,Stefanic,0,1,2000,TB@TOR,TOR,TB,,,,,,2B/UTIL
116964-135242,C,P.J.,P.J. Higgins,Higgins,0,2,2000,CWS@CIN,CIN,CWS,,,,,,C/1B/UTIL
116964-135246,OF,Dominic,Dominic Fletcher,Fletcher,4.406944274902344,72,2000,CWS@CIN,CWS,CIN,,,,,,OF/UTIL
116964-222286,OF,Braden,Braden Montgomery,Montgomery,,0,2000,CWS@CIN,CWS,CIN,,,,,,OF/UTIL
116964-135254,2B,Eddy,Eddy Alvarez,Alvarez,0.8857142584664481,14,2000,WSH@ATL,ATL,WSH,,,,,,2B/UTIL
116964-102499,SS,Bryson,Bryson Brigman,Brigman,,0,2000,CWS@CIN,CIN,CWS,,,,,,SS/UTIL
116964-135269,OF,Zach,Zach DeLoach,DeLoach,6.065217391304348,23,2000,CWS@CIN,CWS,CIN,,,,,,OF/UTIL
116964-102512,OF,Carlos,Carlos Rodriguez,Rodriguez,,0,2000,WSH@ATL,ATL,WSH,,,,,,OF/UTIL
116964-102520,2B,Yunior,Yunior Severino,Severino,0,1,2000,MIN@BAL,MIN,BAL,IL,Hamstring,,,,2B/UTIL
116964-197761,C,Jair,Jair Camargo,Camargo,1.0333333015441895,6,2000,MIN@BAL,MIN,BAL,,,,,,C/1B/UTIL
116964-116869,SS,Erick,Erick Mejia,Mejia,,0,2000,WSH@ATL,WSH,ATL,,,,,,SS/UTIL
116964-197768,SS/3B,Luis,Luis Vazquez,Vazquez,1.223076893733098,13,2000,MIN@BAL,BAL,MIN,,,,,,3B/SS/UTIL
116964-135308,OF,Robert,Robert Hassell III,Hassell III,,0,2000,WSH@ATL,WSH,ATL,,,,,,OF/UTIL
116964-198803,3B,Damiano,Damiano Palmegiani,Palmegiani,,0,2000,TB@TOR,TOR,TB,,,,,,3B/UTIL
116964-81046,1B,Garrett,Garrett Cooper,Cooper,4.883783701303843,37,2000,WSH@ATL,ATL,WSH,,,,,,C/1B/UTIL
116964-184479,OF,Corey,Corey Julks,Julks,5.03582080442514,67,2000,CWS@CIN,CWS,CIN,,,,,,OF/UTIL
116964-102584,C,Tres,Tres Barrera,Barrera,,0,2000,TB@TOR,TB,TOR,,,,,,C/1B/UTIL
116964-198867,C,Samuel,Samuel Basallo,Basallo,,0,2000,MIN@BAL,BAL,MIN,,,,,,C/1B/UTIL
116964-195795,C,Chandler,Chandler Seagle,Seagle,,0,2000,WSH@ATL,ATL,WSH,,,,,,C/1B/UTIL
116964-198869,C,Kyle,Kyle Teel,Teel,,0,2000,CWS@CIN,CWS,CIN,,,,,,C/1B/UTIL
116964-198868,OF,Enrique,Enrique Bradfield Jr.,Bradfield Jr.,,0,2000,MIN@BAL,BAL,MIN,IL,Hamstring,,,,OF/UTIL
116964-198878,3B,Sal,Sal Stewart,Stewart,,0,2000,CWS@CIN,CIN,CWS,,,,,,3B/UTIL
116964-226530,C,Maverick,Maverick Handley,Handley,2.6,5,2000,MIN@BAL,BAL,MIN,,,,,,C/1B/UTIL
116964-79075,SS,Kevin,Kevin Maitan,Maitan,,0,2000,MIN@BAL,MIN,BAL,,,,,,SS/UTIL
116964-198895,OF,Walker,Walker Jenkins,Jenkins,,0,2000,MIN@BAL,MIN,BAL,IL,Ankle,,,,OF/UTIL
116964-146671,OF,Austin,Austin Hendrick,Hendrick,,0,2000,CWS@CIN,CIN,CWS,,,,,,OF/UTIL
116964-79093,OF,Eloy,Eloy Jimenez,Jimenez,5.833333333333333,99,2000,TB@TOR,TB,TOR,,,,,,OF/UTIL
116964-146696,SS,Alex,Alex De Jesus,De Jesus,,0,2000,TB@TOR,TOR,TB,,,,,,SS/UTIL
116964-146703,1B,Aaron,Aaron Sabato,Sabato,,0,2000,MIN@BAL,MIN,BAL,,,,,,C/1B/UTIL
116964-198932,1B,Xavier,Xavier Isaac,Isaac,,0,2000,TB@TOR,TB,TOR,DTD,Undisclosed,,,,C/1B/UTIL
116964-197912,OF,Jacob,Jacob Hurtubise,Hurtubise,1.8000000317891438,12,2000,CWS@CIN,CIN,CWS,,,,,,OF/UTIL
116964-146735,OF,Roismar,Roismar Quintana,Quintana,,0,2000,WSH@ATL,WSH,ATL,,,,,,OF/UTIL
116964-79156,SS/2B,David,David Fletcher,Fletcher,2.1666666666666665,6,2000,WSH@ATL,ATL,WSH,,,,,,2B/SS/UTIL
116964-194908,SS/2B/3B,Tristan,Tristan Gray,Gray,1.4,15,2000,CWS@CIN,CWS,CIN,,,,,,2B/3B/SS/UTIL
116964-211306,2B,Darren,Darren Baker,Baker,3.355555640326606,9,2000,WSH@ATL,WSH,ATL,,,,,,2B/UTIL
116964-211339,C,Logan,Logan Driscoll,Driscoll,3.593333435058594,15,2000,TB@TOR,TB,TOR,IL,Ankle,,,,C/1B/UTIL
116964-152972,2B/OF,Luke,Luke Williams,Williams,4,3,2000,WSH@ATL,ATL,WSH,,,,,,2B/OF/UTIL
116964-118189,C,Ali,Ali Sanchez,Sanchez,3.3870967741935485,31,2000,TB@TOR,TOR,TB,,,,,,C/1B/UTIL
116964-79279,OF,Andrew,Andrew Stevenson,Stevenson,,0,2000,TB@TOR,TB,TOR,,,,,,OF/UTIL
116964-101821,1B,Edwin,Edwin Rios,Rios,1.8399999618530274,5,2000,CWS@CIN,CIN,CWS,,,,,,C/1B/UTIL
116964-226840,OF,Carson,Carson McCusker,McCusker,,0,2000,MIN@BAL,MIN,BAL,,,,,,OF/UTIL
116964-119327,SS,Ivan,Ivan Johnson,Johnson,,0,2000,CWS@CIN,CIN,CWS,,,,,,SS/UTIL
116964-207395,C,Eric,Eric Yang,Yang,0,1,2000,CWS@CIN,CIN,CWS,,,,,,C/1B/UTIL
116964-201253,OF,Joey,Joey Loperfido,Loperfido,6.10246898509838,81,2000,TB@TOR,TOR,TB,,,,,,OF/UTIL
116964-222781,3B,Cam,Cam Collier,Collier,,0,2000,CWS@CIN,CIN,CWS,IL,Thumb,,,,3B/UTIL
116964-222785,2B,Luke,Luke Keaschall,Keaschall,14.400000435965401,7,2000,MIN@BAL,MIN,BAL,IL,Forearm,,,,2B/UTIL
116964-80459,OF,Franchy,Franchy Cordero,Cordero,,0,2000,WSH@ATL,WSH,ATL,,,,,,OF/UTIL
116964-119370,SS,Will,Will Holland,Holland,,0,2000,MIN@BAL,MIN,BAL,,,,,,SS/UTIL
116964-222813,SS,Arjun,Arjun Nimmala,Nimmala,,0,2000,TB@TOR,TOR,TB,,,,,,SS/UTIL
116964-181856,3B,Andre,Andre Lipcius,Lipcius,,0,2000,CWS@CIN,CWS,CIN,,,,,,3B/UTIL
116964-222831,SS,Jackson,Jackson Cluff,Cluff,,0,2000,WSH@ATL,WSH,ATL,,,,,,SS/UTIL
116964-222829,SS,Seaver,Seaver King,King,,0,2000,WSH@ATL,WSH,ATL,,,,,,SS/UTIL
116964-82558,OF,Conner,Conner Capel,Capel,2.171428544180734,7,2000,WSH@ATL,ATL,WSH,,,,,,OF/UTIL
116964-118398,SS,Vimael,Vimael Machin,Machin,,0,2000,MIN@BAL,BAL,MIN,,,,,,SS/UTIL
116964-222851,C,Dominic,Dominic Keegan,Keegan,,0,2000,TB@TOR,TB,TOR,IL,Elbow,,,,C/1B/UTIL
116964-222850,3B,Brayden,Brayden Taylor,Taylor,,0,2000,TB@TOR,TB,TOR,,,,,,3B/UTIL
116964-165510,OF,Jay,Jay Allen,Allen,,0,2000,CWS@CIN,CIN,CWS,,,,,,OF/UTIL
116964-165511,C,Mat,Mat Nelson,Nelson,,0,2000,CWS@CIN,CIN,CWS,,,,,,C/1B/UTIL
116964-222853,1B,Tre',Tre' Morgan,Morgan,,0,2000,TB@TOR,TB,TOR,,,,,,C/1B/UTIL
116964-222852,OF,Theo,Theo Gillen,Gillen,,0,2000,TB@TOR,TB,TOR,,,,,,OF/UTIL
116964-165515,OF,Malvin,Malvin Valdez,Valdez,,0,2000,CWS@CIN,CIN,CWS,,,,,,OF/UTIL
116964-165516,C,Daniel,Daniel Vellojin,Vellojin,,0,2000,TB@TOR,TB,TOR,,,,,,C/1B/UTIL
116964-165517,OF,Ariel,Ariel Almonte,Almonte,,0,2000,CWS@CIN,CIN,CWS,,,,,,OF/UTIL
116964-119440,3B/2B,Davis,Davis Wendzel,Wendzel,1.8714286259242467,28,2000,CWS@CIN,CIN,CWS,,,,,,2B/3B/UTIL
116964-164501,SS,Cal,Cal Conley,Conley,,0,2000,WSH@ATL,ATL,WSH,,,,,,SS/UTIL
116964-203418,2B/3B/1B/OF,Armando,Armando Alvarez,Alvarez,4.462500095367432,16,2000,MIN@BAL,MIN,BAL,IL,Ankle,,,,C/1B/2B/3B/OF/UTIL
116964-119450,OF,Jeremy,Jeremy De La Rosa,De La Rosa,,0,2000,WSH@ATL,WSH,ATL,,,,,,OF/UTIL
116964-164505,OF,Hudson,Hudson Haskin,Haskin,,0,2000,MIN@BAL,BAL,MIN,,,,,,OF/UTIL
116964-165535,SS,Colson,Colson Montgomery,Montgomery,,0,2000,CWS@CIN,CWS,CIN,,,,,,SS/UTIL
116964-164508,OF,Jesse,Jesse Franklin,Franklin,,0,2000,WSH@ATL,ATL,WSH,,,,,,OF/UTIL
116964-165533,3B,Wes,Wes Kath,Kath,,0,2000,CWS@CIN,CWS,CIN,,,,,,3B/UTIL
116964-164514,SS,Maikol,Maikol Hernandez,Hernandez,,0,2000,MIN@BAL,BAL,MIN,,,,,,SS/UTIL
116964-165540,3B,Bryan,Bryan Ramos,Ramos,6.063636548591383,33,2000,CWS@CIN,CWS,CIN,,,,,,3B/UTIL
116964-164531,SS,Kevin,Kevin Made,Made,,0,2000,WSH@ATL,WSH,ATL,,,,,,SS/UTIL
116964-164533,OF,Yohendrick,Yohendrick Pinango,Pinango,,0,2000,TB@TOR,TOR,TB,,,,,,OF/UTIL
116964-202433,2B/OF,Jamie,Jamie Westbrook,Westbrook,4.490476335797991,21,2000,TB@TOR,TB,TOR,,,,,,2B/OF/UTIL
116964-162509,1B/OF,Juan,Juan Yepez,Yepez,8.784127371651786,63,2000,WSH@ATL,WSH,ATL,,,,,,C/1B/OF/UTIL
116964-17105,C,Sandy,Sandy Leon,Leon,0,2,2000,WSH@ATL,ATL,WSH,,,,,,C/1B/UTIL
116964-165601,SS,Jose,Jose Salas,Salas,,0,2000,MIN@BAL,MIN,BAL,,,,,,SS/UTIL
116964-165626,OF,Emmanuel,Emmanuel Rodriguez,Rodriguez,0,1,2000,MIN@BAL,MIN,BAL,,,,,,OF/UTIL
116964-17171,C,James,James McCann,McCann,7.277941086713006,68,2000,WSH@ATL,ATL,WSH,,,,,,C/1B/UTIL
116964-206608,SS/2B,Nacho,Nacho Alvarez Jr.,Alvarez Jr.,2.2750000953674316,8,2000,WSH@ATL,ATL,WSH,IL,Wrist,,,,2B/SS/UTIL
116964-165663,SS,Victor,Victor Acosta,Acosta,,0,2000,CWS@CIN,CIN,CWS,,,,,,SS/UTIL
116964-165667,OF,Samuel,Samuel Zavala,Zavala,,0,2000,CWS@CIN,CWS,CIN,,,,,,OF/UTIL
116964-165675,SS,Edwin,Edwin Arroyo,Arroyo,,0,2000,CWS@CIN,CIN,CWS,,,,,,SS/UTIL
116964-199466,3B/1B,Trey,Trey Lipscomb,Lipscomb,3.066666603088379,3,2000,WSH@ATL,WSH,ATL,,,,,,C/1B/3B/UTIL
116964-165683,OF,Gabriel,Gabriel Gonzalez,Gonzalez,,0,2000,MIN@BAL,MIN,BAL,,,,,,OF/UTIL
116964-165688,C,Ricardo,Ricardo Genoves,Genoves,,0,2000,TB@TOR,TB,TOR,,,,,,C/1B/UTIL
116964-165702,SS,Carson,Carson Williams,Williams,,0,2000,TB@TOR,TB,TOR,,,,,,SS/UTIL
116964-165700,SS,Carlos,Carlos Colmenares,Colmenares,,0,2000,TB@TOR,TB,TOR,,,,,,SS/UTIL
116964-163653,OF,Allan,Allan Cerda,Cerda,,0,2000,MIN@BAL,MIN,BAL,,,,,,OF/UTIL
116964-165704,2B,Cooper,Cooper Kinney,Kinney,,0,2000,TB@TOR,TB,TOR,,,,,,2B/UTIL
116964-119633,OF,Misael,Misael Urbina,Urbina,,0,2000,MIN@BAL,MIN,BAL,,,,,,OF/UTIL
116964-165714,SS,Manuel,Manuel Beltre,Beltre,,0,2000,TB@TOR,TOR,TB,,,,,,SS/UTIL
116964-165726,SS,Brady,Brady House,House,,0,2000,WSH@ATL,WSH,ATL,,,,,,SS/UTIL
116964-163679,3B,Joe,Joe Perez,Perez,,0,2000,CWS@CIN,CWS,CIN,,,,,,3B/UTIL
116964-165724,OF,Dasan,Dasan Brown,Brown,,0,2000,TB@TOR,TOR,TB,,,,,,OF/UTIL
116964-165725,OF,Daylen,Daylen Lile,Lile,,0,2000,WSH@ATL,WSH,ATL,,,,,,OF/UTIL
116964-165730,C,Drew,Drew Millas,Millas,5.661904834565663,21,2000,WSH@ATL,WSH,ATL,,,,,,C/1B/UTIL
116964-165728,SS,Armando,Armando Cruz,Cruz,,0,2000,WSH@ATL,WSH,ATL,,,,,,SS/UTIL
116964-165732,1B,Branden,Branden Boissiere,Boissiere,,0,2000,WSH@ATL,WSH,ATL,,,,,,C/1B/UTIL
116964-163694,SS,Eddys,Eddys Leonard,Leonard,0,1,2000,WSH@ATL,ATL,WSH,,,,,,SS/UTIL
116964-174963,SS,Charles,Charles Leblanc,Leblanc,8.290908813476562,11,2000,WSH@ATL,ATL,WSH,IL,Undisclosed,,,,SS/UTIL
116964-203641,SS,Levi,Levi Jordan,Jordan,1.8142856870378767,7,2000,CWS@CIN,CIN,CWS,,,,,,SS/UTIL
116964-82824,1B,Mike,Mike Ford,Ford,3.600000080309416,19,2000,MIN@BAL,MIN,BAL,,,,,,C/1B/UTIL
116964-182170,OF,Oscar,Oscar Colas,Colas,4.228571483067104,14,2000,CWS@CIN,CWS,CIN,,,,,,OF/UTIL
116964-102317,SS,Terrin,Terrin Vavra,Vavra,,0,2000,MIN@BAL,BAL,MIN,,,,,,SS/UTIL
116964-68538,2B,Franklin,Franklin Barreto,Barreto,,0,2000,MIN@BAL,BAL,MIN,IL,Undisclosed,,,,2B/UTIL
116964-102339,C,Diego,Diego Cartaya,Cartaya,0,2,2000,MIN@BAL,MIN,BAL,,,,,,C/1B/UTIL
116964-102347,2B/SS/3B,Livan,Livan Soto,Soto,1.6133333841959636,15,2000,MIN@BAL,BAL,MIN,,,,,,2B/3B/SS/UTIL
116964-102346,OF,Jordyn,Jordyn Adams,Adams,6.215384850135217,13,2000,MIN@BAL,BAL,MIN,,,,,,OF/UTIL
116964-102348,SS,Jeremiah,Jeremiah Jackson,Jackson,,0,2000,MIN@BAL,BAL,MIN,,,,,,SS/UTIL
116964-13262,OF,Jurickson,Jurickson Profar,Profar,4.599999904632568,4,2000,WSH@ATL,ATL,WSH,NA,Suspension,,,,OF/UTIL
116964-171986,3B,Matthew,Matthew Batten,Batten,4.5,2,2000,WSH@ATL,ATL,WSH,,,,,,3B/UTIL
116964-200663,C,David,David Banuelos,Banuelos,0,1,2000,MIN@BAL,BAL,MIN,,,,,,C/1B/UTIL
116964-102359,C,Will,Will Banfield,Banfield,,0,2000,CWS@CIN,CIN,CWS,,,,,,C/1B/UTIL
116964-102358,SS,Jose,Jose Devers,Devers,1.2399999618530273,5,2000,WSH@ATL,ATL,WSH,,,,,,SS/UTIL