Id,Position,First Name,Nickname,Last Name,FPPG,Played,Salary,Game,Team,Opponent,Injury Indicator,Injury Details,Tier,Probable Pitcher,Batting Order,Roster Position
119663-135977,P,Garrett,Garrett Crochet,Crochet,43.16,25,10800,BOS@NYY,BOS,NYY,,,,,,P
119663-82607,P,Trevor,Trevor Rogers,Rogers,39.166666666666664,12,10500,HOU@BAL,BAL,HOU,,,,,,P
119663-85599,P,Framber,Framber Valdez,Valdez,35.64,25,10400,HOU@BAL,HOU,BAL,,,,,,P
119663-146687,P,Hunter,Hunter Brown,Brown,38.56,25,10300,HOU@BAL,HOU,BAL,,,,,,P
119663-60633,P,Carlos,Carlos Rodon,Rodon,35.61538461538461,26,10000,BOS@NYY,NYY,BOS,,,,,,P
119663-101839,P,Logan,Logan Webb,Webb,37.30769230769231,26,9900,SF@SD,SF,SD,,,,,,P
119663-79951,P,Nick,Nick Pivetta,Pivetta,36.32,25,9700,SF@SD,SD,SF,,,,,,P
119663-79091,P,Dylan,Dylan Cease,Cease,30.6,25,9600,SF@SD,SD,SF,,,,Yes,,P
119663-82621,P,Clarke,Clarke Schmidt,Schmidt,30,14,9600,BOS@NYY,NYY,BOS,IL,Elbow,,,,P
119663-53029,P,Robbie,Robbie Ray,Ray,35.19230769230769,26,9500,SF@SD,SF,SD,,,,,,P
119663-102294,P,Grayson,Grayson Rodriguez,Rodriguez,35.6,20,9500,HOU@BAL,BAL,HOU,IL,Elbow,,,,P
119663-52185,P,Max,Max Fried,Fried,33.68,25,9500,BOS@NYY,NYY,BOS,,,,,,P
119663-82635,P,MacKenzie,MacKenzie Gore,Gore,32.36,25,9400,NYM@WSH,WSH,NYM,,,,Yes,,P
119663-17064,P,Sonny,Sonny Gray,Gray,31.8,25,9300,STL@TB,STL,TB,,,,Yes,,P
119663-102407,P,Shane,Shane McClanahan,McClanahan,0,1,9200,STL@TB,TB,STL,IL,Triceps,,,,P
119663-119361,P,Drew,Drew Rasmussen,Rasmussen,27,25,9200,STL@TB,TB,STL,,,,,,P
119663-117232,P,Michael,Michael King,King,31.454545454545453,11,9100,SF@SD,SD,SF,IL,Knee,,,,P
119663-118206,P,Luis,Luis Gil,Gil,22,3,9000,BOS@NYY,NYY,BOS,,,,Yes,,P
119663-16956,P,Gerrit,Gerrit Cole,Cole,32,22,9000,BOS@NYY,NYY,BOS,IL,Elbow,,,,P
119663-135647,P,Ryan,Ryan Pepiot,Pepiot,30.423076923076923,26,8900,STL@TB,TB,STL,,,,,,P
119663-82618,P,David,David Peterson,Peterson,32.041666666666664,24,8900,NYM@WSH,NYM,WSH,,,,,,P
119663-154714,P,Tylor,Tylor Megill,Megill,29.714285714285715,14,8800,NYM@WSH,NYM,WSH,IL,Elbow,,,,P
119663-82630,P,Shane,Shane Baz,Baz,27.48,25,8800,STL@TB,TB,STL,,,,,,P
119663-163680,P,Brayan,Brayan Bello,Bello,29.227272727272727,22,8800,BOS@NYY,BOS,NYY,,,,,,P
119663-182153,P,Kodai,Kodai Senga,Senga,29.35,20,8800,NYM@WSH,NYM,WSH,,,,,,P
119663-198912,P,Will,Will Warren,Warren,26.615384615384617,26,8700,BOS@NYY,NYY,BOS,,,,,,P
119663-164521,P,Brandon,Brandon Walter,Walter,31.88888888888889,9,8600,HOU@BAL,HOU,BAL,IL,Elbow,,,,P
119663-52198,P,Lucas,Lucas Giolito,Giolito,28.842105263157894,19,8600,BOS@NYY,BOS,NYY,,,,Yes,,P
119663-102447,P,Dean,Dean Kremer,Kremer,28.08,25,8500,HOU@BAL,BAL,HOU,,,,,,P
119663-102458,P,Kutter,Kutter Crawford,Crawford,27.96969696969697,33,8500,BOS@NYY,BOS,NYY,IL,Wrist,,,,P
119663-82594,P,Dustin,Dustin May,May,27.272727272727273,22,8500,BOS@NYY,BOS,NYY,,,,,,P
119663-168872,P,Ronel,Ronel Blanco,Blanco,28.555555555555557,9,8500,HOU@BAL,HOU,BAL,IL,Elbow,,,,P
119663-199728,P,Landen,Landen Roupp,Roupp,25.545454545454547,22,8400,SF@SD,SF,SD,,,,,,P
119663-102335,P,Cristian,Cristian Javier,Javier,21,2,8400,HOU@BAL,HOU,BAL,,,,,,P
119663-66766,P,Adrian,Adrian Houser,Houser,30.714285714285715,14,8300,STL@TB,TB,STL,,,,,,P
119663-170527,P,Jason,Jason Alexander,Alexander,18.272727272727273,11,8300,HOU@BAL,HOU,BAL,,,,Yes,,P
119663-222885,P,Brad,Brad Lord,Lord,11.125,41,8300,NYM@WSH,WSH,NYM,,,,,,P
119663-165636,P,Hayden,Hayden Wesneski,Wesneski,24.833333333333332,6,8300,HOU@BAL,HOU,BAL,IL,Elbow,,,,P
119663-222820,P,Nolan,Nolan McLean,McLean,46,1,8100,NYM@WSH,NYM,WSH,,,,,,P
119663-52165,P,Sean,Sean Manaea,Manaea,23.142857142857142,7,8100,NYM@WSH,NYM,WSH,,,,Yes,,P
119663-228790,P,Cam,Cam Schlittler,Schlittler,27.714285714285715,7,8000,BOS@NYY,NYY,BOS,,,,,,P
119663-163700,P,Kyle,Kyle Bradish,Bradish,32.625,8,8000,HOU@BAL,BAL,HOU,IL,Elbow,,,,P
119663-68523,P,Joe,Joe Musgrove,Musgrove,28.45,20,8000,SF@SD,SD,SF,IL,Elbow,,,,P
119663-16931,P,Yu,Yu Darvish,Darvish,20,8,7900,SF@SD,SD,SF,,,,,,P
119663-79232,P,Clay,Clay Holmes,Holmes,25.32,25,7800,NYM@WSH,NYM,WSH,,,,,,P
119663-81594,P,Dietrich,Dietrich Enns,Enns,9.857142857142858,14,7800,HOU@BAL,BAL,HOU,,,,,,P
119663-220895,P,Tomoyuki,Tomoyuki Sugano,Sugano,23.791666666666668,24,7800,HOU@BAL,BAL,HOU,,,,,,P
119663-202541,P,Cade,Cade Povich,Povich,25.1875,16,7800,HOU@BAL,BAL,HOU,,,,,,P
119663-52159,P,Lance,Lance McCullers Jr.,McCullers Jr.,18.636363636363637,11,7800,HOU@BAL,HOU,BAL,IL,Finger,,,,P
119663-194939,P,Joe,Joe Boyle,Boyle,17.22222222222222,9,7700,STL@TB,TB,STL,,,,Yes,,P
119663-82582,P,Griffin,Griffin Canning,Canning,24.8125,16,7700,NYM@WSH,NYM,WSH,IL,Achilles,,,,P
119663-68485,P,Ryan,Ryan Yarbrough,Yarbrough,16.6875,16,7700,BOS@NYY,NYY,BOS,IL,Oblique,,,,P
119663-219668,P,Hunter,Hunter Dobbins,Dobbins,20.76923076923077,13,7600,BOS@NYY,BOS,NYY,IL,Knee,,,,P
119663-82638,P,Jordan,Jordan Hicks,Hicks,8.5,29,7600,BOS@NYY,BOS,NYY,,,,,,P
119663-82775,P,Nestor,Nestor Cortes,Cortes,20,5,7600,SF@SD,SD,SF,,,,,,P
119663-102408,P,Matthew,Matthew Liberatore,Liberatore,24.043478260869566,23,7500,STL@TB,STL,TB,,,,,,P
119663-5202,P,Justin,Justin Verlander,Verlander,23.095238095238095,21,7500,SF@SD,SF,SD,,,,Yes,,P
119663-118202,P,Kyle,Kyle Hart,Hart,13.88888888888889,9,7500,SF@SD,SD,SF,,,,,,P
119663-164532,P,DJ,DJ Herz,Herz,25.94736842105263,19,7500,NYM@WSH,WSH,NYM,IL,Elbow,,,,P
119663-219659,P,Brandon,Brandon Young,Young,19.09090909090909,11,7400,HOU@BAL,BAL,HOU,,,,Yes,,P
119663-165561,P,Chayce,Chayce McDermott,McDermott,11.5,2,7400,HOU@BAL,BAL,HOU,,,,,,P
119663-168950,P,Andre,Andre Pallante,Pallante,20.6,25,7400,STL@TB,STL,TB,,,,,,P
119663-135221,P,Cade,Cade Cavalli,Cavalli,29.666666666666668,3,7300,NYM@WSH,WSH,NYM,,,,,,P
119663-198938,P,Carson,Carson Whisenhunt,Whisenhunt,20.333333333333332,3,7300,SF@SD,SF,SD,,,,,,P
119663-68482,P,Zach,Zach Eflin,Eflin,20.214285714285715,14,7300,HOU@BAL,BAL,HOU,IL,Back,,,,P
119663-63781,P,Frankie,Frankie Montas,Montas,16.555555555555557,9,7200,NYM@WSH,NYM,WSH,,,,,,P
119663-70470,P,Albert,Albert Suarez,Suarez,11,1,7200,HOU@BAL,BAL,HOU,IL,Shoulder,,,,P
119663-163685,P,JP,JP Sears,Sears,22.75,24,7200,SF@SD,SD,SF,,,,,,P
119663-198885,P,Spencer,Spencer Arrighetti,Arrighetti,17.8,5,7100,HOU@BAL,HOU,BAL,,,,,,P
119663-135212,P,Luis,Luis Garcia,Garcia,0,1,7000,HOU@BAL,HOU,BAL,IL,Elbow,,,,P
119663-146733,P,Kyle,Kyle Harrison,Harrison,14.5,8,7000,BOS@NYY,BOS,NYY,,,,,,P
119663-165694,P,Michael,Michael McGreevy,McGreevy,23.2,10,7000,STL@TB,STL,TB,,,,,,P
119663-79168,P,Walker,Walker Buehler,Buehler,20.363636363636363,22,6900,BOS@NYY,BOS,NYY,,,,,,P
119663-219662,P,Colton,Colton Gordon,Gordon,19.4,15,6900,HOU@BAL,HOU,BAL,,,,,,P
119663-17121,P,Miles,Miles Mikolas,Mikolas,19.5,24,6900,STL@TB,STL,TB,,,,,,P
119663-188485,P,Matt,Matt Waldron,Waldron,11,1,6800,SF@SD,SD,SF,,,,,,P
119663-102498,P,Patrick,Patrick Sandoval,Sandoval,23.4375,16,6800,BOS@NYY,BOS,NYY,IL,Elbow,,,,P
119663-176240,P,Luis F.,Luis F. Castillo,Castillo,9,2,6800,HOU@BAL,BAL,HOU,,,,,,P
119663-149886,P,Cody,Cody Poteet,Poteet,-4,1,6800,HOU@BAL,BAL,HOU,IL,Shoulder,,,,P
119663-185845,P,Allan,Allan Winans,Winans,6.333333333333333,3,6800,BOS@NYY,NYY,BOS,,,,,,P
119663-82540,P,Tanner,Tanner Houck,Houck,13.555555555555555,9,6800,BOS@NYY,BOS,NYY,IL,Elbow,,,,P
119663-211765,P,Richard,Richard Fitts,Fitts,17.3,10,6800,BOS@NYY,BOS,NYY,,,,,,P
119663-219569,P,Justin,Justin Hagenman,Hagenman,13.857142857142858,7,6700,NYM@WSH,NYM,WSH,,,,,,P
119663-226810,P,Blade,Blade Tidwell,Tidwell,9,4,6700,SF@SD,SF,SD,DTD,Shoulder,,,,P
119663-165731,P,Mitchell,Mitchell Parker,Parker,18.56,25,6700,NYM@WSH,WSH,NYM,,,,,,P
119663-102684,P,Jake,Jake Irvin,Irvin,21.346153846153847,26,6600,NYM@WSH,WSH,NYM,,,,,,P
119663-68483,P,Trevor,Trevor Williams,Williams,17.294117647058822,17,6600,NYM@WSH,WSH,NYM,IL,Elbow,,,,P
119663-203678,P,Hayden,Hayden Birdsong,Birdsong,16.2,21,6600,SF@SD,SF,SD,,,,,,P
119663-181805,P,J.P.,J.P. France,France,15.8,6,6500,HOU@BAL,HOU,BAL,IL,Shoulder,,,,P
119663-68452,P,Kenta,Kenta Maeda,Maeda,3.857142857142857,7,6500,BOS@NYY,NYY,BOS,,,,,,P
119663-190370,P,Jackson,Jackson Wolf,Wolf,0,1,6500,SF@SD,SD,SF,,,,,,P
119663-52174,P,Steven,Steven Matz,Matz,7.897435897435898,39,6500,BOS@NYY,BOS,NYY,,,,,,P
119663-197899,P,Kai-Wei,Kai-Wei Teng,Teng,10.75,4,6400,SF@SD,SF,SD,,,,,,P
119663-222565,P,Shinnosuke,Shinnosuke Ogasawara,Ogasawara,7,9,6400,NYM@WSH,WSH,NYM,,,,,,P
119663-165638,P,Randy,Randy Vasquez,Vasquez,17.652173913043477,23,6400,SF@SD,SD,SF,,,,,,P
119663-161256,P,Cooper,Cooper Criswell,Criswell,10.285714285714286,7,6300,BOS@NYY,BOS,NYY,,,,,,P
119663-138016,P,Brandon,Brandon Waddell,Waddell,9.9,10,6300,NYM@WSH,NYM,WSH,,,,,,P
119663-181660,P,Jhony,Jhony Brito,Brito,6.3076923076923075,26,6200,SF@SD,SD,SF,IL,Forearm,,,,P
119663-181823,P,Keaton,Keaton Winn,Winn,6,2,6200,SF@SD,SF,SD,,,,,,P
119663-119447,P,Joan,Joan Adon,Adon,3.25,8,6200,NYM@WSH,WSH,NYM,,,,,,P
119663-82636,P,Joey,Joey Lucchesi,Lucchesi,4.6521739130434785,23,6200,SF@SD,SF,SD,,,,,,P
119663-165600,P,Jake,Jake Eder,Eder,8.75,8,6200,NYM@WSH,WSH,NYM,,,,,,P
119663-104584,P,Zach,Zach Plesac,Plesac,9.333333333333334,3,6100,STL@TB,STL,TB,,,,,,P
119663-219706,P,Carson,Carson Seymour,Seymour,9.222222222222221,9,6100,SF@SD,SF,SD,,,,,,P
119663-163692,P,Jose,Jose Butto,Butto,6.095238095238095,42,6100,SF@SD,SF,SD,,,,,,P
119663-102446,P,Tristan,Tristan Beck,Beck,5.761904761904762,21,6000,SF@SD,SF,SD,,,,,,P
119663-102502,P,Josiah,Josiah Gray,Gray,6.5,3,6000,NYM@WSH,WSH,NYM,IL,Elbow,,,,P
119663-198904,P,Christian,Christian Scott,Scott,22.11111111111111,9,6000,NYM@WSH,NYM,WSH,IL,Elbow,,,,P
119663-145922,P,Tyler,Tyler Wells,Wells,19.666666666666668,4,6000,HOU@BAL,BAL,HOU,IL,Elbow,,,,P
119663-163515,P,Elvin,Elvin Rodriguez,Rodriguez,7.571428571428571,7,6000,HOU@BAL,BAL,HOU,,,,,,P
119663-163681,P,Josh,Josh Winckowski,Winckowski,7.833333333333333,6,6000,BOS@NYY,BOS,NYY,IL,Elbow,,,,P
119663-178306,P,Bryan,Bryan Hoeing,Hoeing,5.142857142857143,7,5900,SF@SD,SD,SF,,,,,,P
119663-161167,P,Glenn,Glenn Otto,Otto,0,1,5900,HOU@BAL,HOU,BAL,IL,Shoulder,,,,P
119663-199224,P,Mason,Mason Black,Black,18,1,5900,SF@SD,SF,SD,,,,,,P
119663-181832,P,Roddery,Roddery Munoz,Munoz,5,9,5900,STL@TB,STL,TB,,,,,,P
119663-181845,P,Drew,Drew Rom,Rom,0,2,5900,STL@TB,STL,TB,IL,Undisclosed,,,,P
119663-119391,P,Roansy,Roansy Contreras,Contreras,6.085106382978723,49,5900,HOU@BAL,BAL,HOU,,,,,,P
119663-119449,P,Jackson,Jackson Rutledge,Rutledge,4.622222222222222,45,5900,NYM@WSH,WSH,NYM,,,,,,P
119663-135208,P,Shawn,Shawn Dubin,Dubin,4.7727272727272725,22,5700,HOU@BAL,HOU,BAL,,,,,,P
119663-79126,P,Forrest,Forrest Whitley,Whitley,2,10,5700,STL@TB,TB,STL,,,,,,P
119663-101838,P,JT,JT Brubaker,Brubaker,5,12,5700,SF@SD,SF,SD,,,,,,P
119663-119423,P,Zack,Zack Thompson,Thompson,11.4,7,5700,STL@TB,STL,TB,IL,Lat,,,,P
119663-82573,P,Alex,Alex Faedo,Faedo,8.054054054054054,37,5700,STL@TB,TB,STL,IL,Shoulder,,,,P
119663-195151,P,Anthony,Anthony Veneziano,Veneziano,3.84,25,5600,STL@TB,STL,TB,,,,,,P
119663-102405,P,Sean,Sean Hjelle,Hjelle,3.75,12,5500,SF@SD,SF,SD,,,,,,P
119663-68619,P,Matt,Matt Bowman,Bowman,4.222222222222222,19,5500,HOU@BAL,BAL,HOU,,,,,,P
119663-178184,P,Kevin,Kevin Herget,Herget,5.333333333333333,3,5500,NYM@WSH,NYM,WSH,,,,,,P
119663-79895,P,Miguel,Miguel Diaz,Diaz,3,1,5500,SF@SD,SF,SD,,,,,,P
119663-189470,P,Kyle,Kyle Leahy,Leahy,6.895833333333333,49,5500,STL@TB,STL,TB,,,,,,P
119663-155687,P,Andrew,Andrew Wantz,Wantz,10,1,5500,STL@TB,TB,STL,IL,Elbow,,,,P
119663-135226,P,Wes,Wes Benjamin,Benjamin,,0,5500,SF@SD,SD,SF,,,,,,P
119663-79936,P,Mark,Mark Leiter Jr.,Leiter Jr.,4.854166666666667,48,5500,BOS@NYY,NYY,BOS,,,,,,P
119663-154688,P,Jake,Jake Cousins,Cousins,6.4186046511627906,43,5500,BOS@NYY,NYY,BOS,IL,Elbow,,,,P
119663-135236,P,Max,Max Kranick,Kranick,6.625,24,5500,NYM@WSH,NYM,WSH,IL,Elbow,,,,P
119663-102470,P,Rico,Rico Garcia,Garcia,8.076923076923077,13,5500,HOU@BAL,BAL,HOU,,,,,,P
119663-179275,P,Fernando,Fernando Cruz,Cruz,7.5,32,5500,BOS@NYY,NYY,BOS,IL,Oblique,,,,P
119663-203863,P,Gordon,Gordon Graceffo,Graceffo,7.588235294117647,17,5500,STL@TB,STL,TB,,,,,,P
119663-189529,P,Alek,Alek Jacob,Jacob,3.6956521739130435,23,5500,SF@SD,SD,SF,,,,,,P
119663-195681,P,Jose,Jose Espada,Espada,,0,5500,HOU@BAL,BAL,HOU,,,,,,P
119663-102503,P,John,John Rooney,Rooney,,0,5500,HOU@BAL,HOU,BAL,,,,,,P
119663-116839,P,David,David Bednar,Bednar,6.6938775510204085,50,5500,BOS@NYY,NYY,BOS,,,,,,P
119663-102505,P,Edwin,Edwin Uceta,Uceta,7.277777777777778,54,5500,STL@TB,TB,STL,,,,,,P
119663-226411,P,David,David Morgan,Morgan,6.866666666666666,31,5500,SF@SD,SD,SF,,,,,,P
119663-116847,P,Cole,Cole Sulser,Sulser,6,13,5500,STL@TB,TB,STL,,,,,,P
119663-135281,P,Bryan,Bryan Baker,Baker,5.5636363636363635,56,5500,STL@TB,TB,STL,,,,,,P
119663-159857,P,Jose,Jose Marte,Marte,6.071428571428571,14,5500,NYM@WSH,NYM,WSH,IL,Shoulder,,,,P
119663-85108,P,Enyel,Enyel De Los Santos,De Los Santos,5.068181818181818,47,5500,HOU@BAL,HOU,BAL,,,,,,P
119663-231540,P,Houston,Houston Roth,Roth,,0,5500,HOU@BAL,BAL,HOU,,,,,,P
119663-135289,P,Kodi,Kodi Whitley,Whitley,,0,5500,STL@TB,TB,STL,,,,,,P
119663-201853,P,Ryan,Ryan Loutos,Loutos,1.3636363636363635,12,5500,NYM@WSH,WSH,NYM,,,,,,P
119663-209026,P,Parker,Parker Dunshee,Dunshee,1,1,5500,NYM@WSH,WSH,NYM,,,,,,P
119663-135303,P,Jordan,Jordan Weems,Weems,-2,4,5500,HOU@BAL,HOU,BAL,,,,,,P
119663-135306,P,Cole,Cole Wilcox,Wilcox,,0,5500,STL@TB,TB,STL,,,,,,P
119663-179339,P,Bryce,Bryce Montes de Oca,Montes de Oca,,0,5500,NYM@WSH,NYM,WSH,IL,Elbow,,,,P
119663-73866,P,Wandy,Wandy Peralta,Peralta,5.157894736842105,57,5500,SF@SD,SD,SF,,,,,,P
119663-21653,P,Hector,Hector Neris,Neris,4.46875,35,5500,HOU@BAL,HOU,BAL,,,,,,P
119663-170135,P,Yennier,Yennier Cano,Cano,3.764705882352941,51,5500,HOU@BAL,BAL,HOU,,,,,,P
119663-38043,P,Enny,Enny Romero,Romero,,0,5500,SF@SD,SF,SD,,,,,,P
119663-152733,P,Griffin,Griffin Jax,Jax,5.666666666666667,58,5500,STL@TB,TB,STL,,,,,,P
119663-184482,P,Hobie,Hobie Harris,Harris,,0,5500,BOS@NYY,BOS,NYY,,,,,,P
119663-102560,P,Camilo,Camilo Doval,Doval,5.381818181818182,55,5500,BOS@NYY,NYY,BOS,,,,,,P
119663-102565,P,Mason,Mason Englert,Englert,7.208333333333333,26,5500,STL@TB,TB,STL,,,,,,P
119663-102568,P,Colin,Colin Poche,Poche,2,14,5500,NYM@WSH,NYM,WSH,,,,,,P
119663-135339,P,Clayton,Clayton Beeter,Beeter,2.9,10,5500,NYM@WSH,WSH,NYM,,,,,,P
119663-140459,P,John,John King,King,3.186046511627907,43,5500,STL@TB,STL,TB,IL,Oblique,,,,P
119663-102590,P,Joey,Joey Gerber,Gerber,,0,5500,STL@TB,TB,STL,,,,,,P
119663-83145,P,Jose,Jose Castillo,Castillo,4.611111111111111,19,5500,NYM@WSH,NYM,WSH,,,,,,P
119663-194770,P,Nick,Nick Hernandez,Hernandez,5.8,5,5500,HOU@BAL,HOU,BAL,,,,,,P
119663-83154,P,Miguel,Miguel Del Pozo,Del Pozo,,0,5500,SF@SD,SF,SD,,,,,,P
119663-145620,P,Helcris,Helcris Olivarez,Olivarez,,0,5500,SF@SD,SF,SD,,,,,,P
119663-83163,P,Jonathan,Jonathan Loaisiga,Loaisiga,4.066666666666666,30,5500,BOS@NYY,NYY,BOS,IL,Elbow,,,,P
119663-145630,P,Kervin,Kervin Castro,Castro,,0,5500,BOS@NYY,NYY,BOS,,,,,,P
119663-145629,P,Mason,Mason Thompson,Thompson,0.5,6,5500,NYM@WSH,WSH,NYM,,,,,,P
119663-60640,P,Nick,Nick Burdi,Burdi,7.75,4,5500,BOS@NYY,BOS,NYY,,,,,,P
119663-83172,P,Jonathan,Jonathan Hernandez,Hernandez,6.448275862068965,29,5500,STL@TB,TB,STL,IL,Undisclosed,,,,P
119663-198890,P,Walter,Walter Pennington,Pennington,5.8125,16,5500,HOU@BAL,BAL,HOU,,,,,,P
119663-79085,P,Keegan,Keegan Akin,Akin,5.145833333333333,49,5500,HOU@BAL,BAL,HOU,,,,,,P
119663-197873,P,Zach,Zach Brzykcy,Brzykcy,2.88,26,5500,NYM@WSH,WSH,NYM,,,,,,P
119663-198901,P,Chase,Chase Hampton,Hampton,,0,5500,BOS@NYY,NYY,BOS,IL,Elbow,,,,P
119663-197884,P,Yoniel,Yoniel Curet,Curet,0,1,5500,STL@TB,TB,STL,,,,,,P
119663-197891,P,Michael,Michael Arias,Arias,0,2,5500,BOS@NYY,NYY,BOS,,,,,,P
119663-146688,P,Alex,Alex Santos II,Santos II,,0,5500,HOU@BAL,HOU,BAL,,,,,,P
119663-197897,P,Trevor,Trevor McDonald,McDonald,12,1,5500,SF@SD,SF,SD,,,,,,P
119663-198920,P,Dylan,Dylan Lesko,Lesko,,0,5500,STL@TB,TB,STL,,,,,,P
119663-197900,P,Luis,Luis Perales,Perales,0,2,5500,BOS@NYY,BOS,NYY,IL,Elbow,,,,P
119663-146706,P,Robert,Robert Dominguez,Dominguez,,0,5500,NYM@WSH,NYM,WSH,,,,,,P
119663-187669,P,Ty,Ty Adcock,Adcock,7,3,5500,NYM@WSH,NYM,WSH,,,,,,P
119663-198936,P,Tekoah,Tekoah Roby,Roby,,0,5500,STL@TB,STL,TB,IL,Elbow,,,,P
119663-179490,P,Cole,Cole Waites,Waites,,0,5500,SF@SD,SF,SD,IL,Undisclosed,,,,P
119663-83232,P,Jason,Jason Adam,Adam,6.65,60,5500,SF@SD,SD,SF,,,,,,P
119663-116002,P,Joel,Joel Kuhnel,Kuhnel,5,6,5500,BOS@NYY,NYY,BOS,,,,,,P
119663-146727,P,Justin,Justin Lange,Lange,,0,5500,BOS@NYY,NYY,BOS,IL,Undisclosed,,,,P
119663-146730,P,Nick,Nick Bitsko,Bitsko,,0,5500,STL@TB,TB,STL,,,,,,P
119663-79144,P,Scott,Scott Blewett,Blewett,6.730769230769231,26,5500,HOU@BAL,BAL,HOU,IL,Elbow,,,,P
119663-146734,P,Tink,Tink Hence,Hence,,0,5500,STL@TB,STL,TB,IL,Undisclosed,,,,P
119663-146732,P,Nick,Nick Swiney,Swiney,,0,5500,HOU@BAL,HOU,BAL,,,,,,P
119663-146737,P,Cole,Cole Henry,Henry,4.760869565217392,48,5500,NYM@WSH,WSH,NYM,,,,,,P
119663-154947,P,Justin,Justin Garza,Garza,3.4,5,5500,NYM@WSH,NYM,WSH,,,,,,P
119663-203074,P,Spencer,Spencer Bivens,Bivens,6.048780487804878,41,5500,SF@SD,SF,SD,,,,,,P
119663-174406,P,Huascar,Huascar Brazoban,Brazoban,6.181818181818182,44,5500,NYM@WSH,NYM,WSH,,,,,,P
119663-79172,P,Luis,Luis Ortiz,Ortiz,-4,3,5500,NYM@WSH,NYM,WSH,IL,Elbow,,,,P
119663-209224,P,Orlando,Orlando Ribalta,Ribalta,4.583333333333333,12,5500,NYM@WSH,WSH,NYM,,,,,,P
119663-226643,P,AJ,AJ Blubaugh,Blubaugh,27,2,5500,HOU@BAL,HOU,BAL,,,,,,P
119663-197975,P,Cooper,Cooper Hjerpe,Hjerpe,,0,5500,STL@TB,STL,TB,IL,Elbow,,,,P
119663-21846,P,Chris,Chris Devenski,Devenski,4.818181818181818,11,5500,NYM@WSH,NYM,WSH,,,,,,P
119663-79227,P,Adrian,Adrian Morejon,Morejon,6.224137931034483,60,5500,SF@SD,SD,SF,,,,,,P
119663-170384,P,Yerry,Yerry de los Santos,de los Santos,6.5,23,5500,BOS@NYY,NYY,BOS,,,,,,P
119663-79250,P,Junior,Junior Fernandez,Fernandez,,0,5500,NYM@WSH,NYM,WSH,,,,,,P
119663-79258,P,Ryne,Ryne Stanek,Stanek,4.1875,49,5500,NYM@WSH,NYM,WSH,,,,,,P
119663-181664,P,Sean,Sean Reynolds,Reynolds,5.222222222222222,18,5500,SF@SD,SD,SF,,,,,,P
119663-101802,P,Patrick,Patrick Weigel,Weigel,,0,5500,NYM@WSH,WSH,NYM,,,,,,P
119663-101816,P,Bryan,Bryan Abreu,Abreu,7.472727272727273,56,5500,HOU@BAL,HOU,BAL,,,,,,P
119663-219586,P,Ian,Ian Seymour,Seymour,10.333333333333334,12,5500,STL@TB,TB,STL,,,,,,P
119663-118217,P,Manuel,Manuel Rodriguez,Rodriguez,4.870967741935484,31,5500,STL@TB,TB,STL,IL,Forearm,,,,P
119663-118224,P,Garrett,Garrett Cleavinger,Cleavinger,5.755102040816326,50,5500,STL@TB,TB,STL,,,,,,P
119663-185847,P,Garrett,Garrett Acton,Acton,,0,5500,STL@TB,TB,STL,,,,,,P
119663-95737,P,Ian,Ian Hamilton,Hamilton,5.583333333333333,36,5500,BOS@NYY,NYY,BOS,,,,,,P
119663-161273,P,Scott,Scott Effross,Effross,1.8181818181818181,11,5500,BOS@NYY,NYY,BOS,,,,,,P
119663-184829,P,McKinley,McKinley Moore,Moore,0,3,5500,BOS@NYY,NYY,BOS,,,,,,P
119663-119310,P,Noah,Noah Song,Song,,0,5500,BOS@NYY,BOS,NYY,,,,,,P
119663-219660,P,Kade,Kade Strowd,Strowd,4.6,11,5500,HOU@BAL,BAL,HOU,,,,,,P
119663-170512,P,Peter,Peter Strzelecki,Strzelecki,5.3,10,5500,STL@TB,TB,STL,IL,Elbow,,,,P
119663-219665,P,Matt,Matt Svanson,Svanson,8.961538461538462,26,5500,STL@TB,STL,TB,,,,,,P
119663-119316,P,Thaddeus,Thaddeus Ward,Ward,0,1,5500,HOU@BAL,BAL,HOU,,,,,,P
119663-101911,P,Reed,Reed Garrett,Garrett,5.8431372549019605,53,5500,NYM@WSH,NYM,WSH,,,,,,P
119663-119328,P,Packy,Packy Naughton,Naughton,0,2,5500,STL@TB,STL,TB,IL,Elbow,,,,P
119663-119339,P,Tyler,Tyler Ivey,Ivey,,0,5500,HOU@BAL,HOU,BAL,,,,,,P
119663-79402,P,Cionel,Cionel Perez,Perez,3.5789473684210527,19,5500,HOU@BAL,BAL,HOU,,,,,,P
119663-181801,P,Jose A.,Jose A. Ferrer,Ferrer,4.689655172413793,58,5500,NYM@WSH,WSH,NYM,,,,,,P
119663-228913,P,PJ,PJ Poulin,Poulin,4.875,8,5500,NYM@WSH,WSH,NYM,,,,,,P
119663-181815,P,Brent,Brent Headrick,Headrick,7.9411764705882355,17,5500,BOS@NYY,NYY,BOS,IL,Forearm,,,,P
119663-119356,P,Oliver,Oliver Ortega,Ortega,0,1,5500,NYM@WSH,NYM,WSH,IL,Elbow,,,,P
119663-119359,P,Ethan,Ethan Small,Small,0,2,5500,SF@SD,SF,SD,IL,Undisclosed,,,,P
119663-219708,P,Carson,Carson Ragsdale,Ragsdale,,0,5500,HOU@BAL,BAL,HOU,,,,,,P
119663-181826,P,Colby,Colby White,White,0,1,5500,BOS@NYY,NYY,BOS,,,,,,P
119663-185926,P,Ryan,Ryan Walker,Walker,4.735849056603773,53,5500,SF@SD,SF,SD,,,,,,P
119663-219723,P,Omar,Omar Cruz,Cruz,10,2,5500,SF@SD,SD,SF,,,,,,P
119663-119375,P,Dedniel,Dedniel Nunez,Nunez,5.222222222222222,10,5500,NYM@WSH,NYM,WSH,IL,Elbow,,,,P
119663-181847,P,Noah,Noah Denoyer,Denoyer,,0,5500,HOU@BAL,BAL,HOU,,,,,,P
119663-228948,P,Alex,Alex Carrillo,Carrillo,1.6666666666666667,3,5500,NYM@WSH,NYM,WSH,,,,,,P
119663-181850,P,Colin,Colin Selby,Selby,6,9,5500,HOU@BAL,BAL,HOU,IL,Hamstring,,,,P
119663-16989,P,Wilking,Wilking Rodriguez,Rodriguez,,0,5500,BOS@NYY,NYY,BOS,,,,,,P
119663-119388,P,Junior,Junior Santos,Santos,,0,5500,NYM@WSH,WSH,NYM,,,,,,P
119663-222819,P,Jonah,Jonah Tong,Tong,,0,5500,NYM@WSH,NYM,WSH,,,,,,P
119663-119392,P,Josh,Josh Wolf,Wolf,,0,5500,SF@SD,SF,SD,,,,,,P
119663-226913,P,Yaramil,Yaramil Hiraldo,Hiraldo,5.111111111111111,9,5500,HOU@BAL,BAL,HOU,,,,,,P
119663-222822,P,Brandon,Brandon Sproat,Sproat,,0,5500,NYM@WSH,NYM,WSH,,,,,,P
119663-186986,P,Eduardo,Eduardo Salazar,Salazar,2.5,30,5500,NYM@WSH,WSH,NYM,,,,,,P
119663-119403,P,Erik,Erik Miller,Miller,4.714285714285714,36,5500,SF@SD,SF,SD,IL,Elbow,,,,P
119663-82541,P,Bryan,Bryan Mata,Mata,0,2,5500,BOS@NYY,BOS,NYY,,,,,,P
119663-184943,P,Jesse,Jesse Scholtens,Scholtens,,0,5500,STL@TB,TB,STL,,,,,,P
119663-222830,P,Travis,Travis Sykora,Sykora,,0,5500,NYM@WSH,WSH,NYM,IL,Elbow,,,,P
119663-222828,P,Jacob,Jacob Webb,Webb,,0,5500,BOS@NYY,BOS,NYY,,,,,,P
119663-222834,P,Quinn,Quinn Mathews,Mathews,,0,5500,STL@TB,STL,TB,,,,,,P
119663-156272,P,Reiss,Reiss Knehr,Knehr,0,1,5500,SF@SD,SD,SF,,,,,,P
119663-222833,P,Jarlin,Jarlin Susana,Susana,,0,5500,NYM@WSH,WSH,NYM,,,,,,P
119663-226929,P,Bradgley,Bradgley Rodriguez,Rodriguez,8,1,5500,SF@SD,SD,SF,,,,,,P
119663-82546,P,Adbert,Adbert Alzolay,Alzolay,3.888888888888889,18,5500,NYM@WSH,NYM,WSH,IL,Elbow,,,,P
119663-222832,P,Alex,Alex Clemmey,Clemmey,,0,5500,NYM@WSH,WSH,NYM,,,,,,P
119663-119413,P,Isaiah,Isaiah Campbell,Campbell,2.3333333333333335,6,5500,BOS@NYY,BOS,NYY,,,,,,P
119663-222855,P,Ty,Ty Johnson,Johnson,,0,5500,STL@TB,TB,STL,,,,,,P
119663-222854,P,Brody,Brody Hopkins,Hopkins,,0,5500,STL@TB,TB,STL,,,,,,P
119663-52871,P,Derek,Derek Law,Law,6.16,75,5500,NYM@WSH,WSH,NYM,IL,Forearm,,,,P
119663-119433,P,JJ,JJ Goss,Goss,,0,5500,STL@TB,TB,STL,,,,,,P
119663-119435,P,Riley,Riley O'Brien,O'Brien,6.689655172413793,29,5500,STL@TB,STL,TB,,,,,,P
119663-222857,P,Jackson,Jackson Baumeister,Baumeister,,0,5500,STL@TB,TB,STL,IL,Undisclosed,,,,P
119663-222856,P,Trevor,Trevor Harrison,Harrison,,0,5500,STL@TB,TB,STL,,,,,,P
119663-82572,P,Gregory,Gregory Soto,Soto,4.648148148148148,54,5500,NYM@WSH,NYM,WSH,,,,,,P
119663-203415,P,Bryan,Bryan King,King,5.584905660377358,53,5500,HOU@BAL,HOU,BAL,,,,,,P
119663-52887,P,Tyler,Tyler Matzek,Matzek,4.428571428571429,7,5500,STL@TB,STL,TB,IL,Undisclosed,,,,P
119663-119446,P,Andry,Andry Lara,Lara,3.4444444444444446,9,5500,NYM@WSH,WSH,NYM,,,,,,P
119663-82587,P,Richard,Richard Lovelady,Lovelady,2.375,8,5500,NYM@WSH,NYM,WSH,,,,,,P
119663-165528,P,Joe,Joe Rock,Rock,18,2,5500,STL@TB,TB,STL,,,,,,P
119663-226969,P,Brian,Brian Van Belle,Van Belle,,0,5500,STL@TB,TB,STL,,,,,,P
119663-220834,P,Nate,Nate Lavender,Lavender,,0,5500,STL@TB,TB,STL,IL,Elbow,,,,P
119663-220837,P,Evan,Evan Reifert,Reifert,,0,5500,STL@TB,TB,STL,,,,,,P
119663-164517,P,Chris,Chris Murphy,Murphy,7.857142857142857,14,5500,BOS@NYY,BOS,NYY,,,,,,P
119663-226980,P,Andre,Andre Granillo,Granillo,6.181818181818182,11,5500,STL@TB,STL,TB,,,,,,P
119663-84651,P,Austin,Austin Davis,Davis,2.5714285714285716,7,5500,SF@SD,SD,SF,,,,,,P
119663-220847,P,Grant,Grant Wolfram,Wolfram,7.076923076923077,13,5500,HOU@BAL,BAL,HOU,,,,,,P
119663-220845,P,Juan,Juan Nunez,Nunez,,0,5500,HOU@BAL,BAL,HOU,IL,Undisclosed,,,,P
119663-211632,P,Mason,Mason Montgomery,Montgomery,4.520833333333333,49,5500,STL@TB,TB,STL,,,,,,P
119663-114360,P,Devin,Devin Williams,Williams,5.384615384615385,53,5500,BOS@NYY,NYY,BOS,,,,,,P
119663-82627,P,JoJo,JoJo Romero,Romero,4.96,50,5500,STL@TB,STL,TB,,,,,,P
119663-170699,P,Matt,Matt Gage,Gage,5.578947368421052,19,5500,SF@SD,SF,SD,,,,,,P
119663-82639,P,Ryan,Ryan Helsley,Helsley,5.545454545454546,44,5500,NYM@WSH,NYM,WSH,,,,,,P
119663-222930,P,Logan,Logan VanWey,VanWey,3.625,8,5500,HOU@BAL,HOU,BAL,,,,,,P
119663-165585,P,Erik,Erik Rivera,Rivera,,0,5500,BOS@NYY,BOS,NYY,,,,,,P
119663-198352,P,Shane,Shane Drohan,Drohan,0,1,5500,BOS@NYY,BOS,NYY,IL,Forearm,,,,P
119663-198357,P,Ryan,Ryan Fernandez,Fernandez,3.125,17,5500,STL@TB,STL,TB,,,,,,P
119663-198356,P,Justin,Justin Slaten,Slaten,4.217391304347826,24,5500,BOS@NYY,BOS,NYY,IL,Shoulder,,,,P
119663-198361,P,Carson,Carson Coleman,Coleman,0,1,5500,BOS@NYY,NYY,BOS,,,,,,P
119663-228057,P,Jayvien,Jayvien Sandridge,Sandridge,2,1,5500,BOS@NYY,NYY,BOS,,,,,,P
119663-81640,P,Yacksel,Yacksel Rios,Rios,,0,5500,NYM@WSH,NYM,WSH,IL,Undisclosed,,,,P
119663-81642,P,A.J.,A.J. Minter,Minter,5.3076923076923075,13,5500,NYM@WSH,NYM,WSH,IL,Lat,,,,P
119663-201456,P,Chris,Chris Roycroft,Roycroft,3,14,5500,STL@TB,STL,TB,,,,,,P
119663-84727,P,Drew,Drew Smith,Smith,5.7894736842105265,19,5500,NYM@WSH,NYM,WSH,IL,Elbow,,,,P
119663-182005,P,Kevin,Kevin Kelly,Kelly,3.142857142857143,29,5500,STL@TB,TB,STL,,,,,,P
119663-165624,P,Dom,Dom Hamel,Hamel,,0,5500,NYM@WSH,NYM,WSH,,,,,,P
119663-165625,P,Calvin,Calvin Ziegler,Ziegler,,0,5500,NYM@WSH,NYM,WSH,IL,Elbow,,,,P
119663-84732,P,Robert,Robert Stock,Stock,1,2,5500,BOS@NYY,BOS,NYY,,,,,,P
119663-165635,P,Brendan,Brendan Beck,Beck,,0,5500,BOS@NYY,NYY,BOS,,,,,,P
119663-154368,P,Vinny,Vinny Nittoli,Nittoli,6,9,5500,HOU@BAL,BAL,HOU,,,,,,P
119663-228101,P,Jonathan,Jonathan Pintaro,Pintaro,-1,1,5500,NYM@WSH,NYM,WSH,,,,,,P
119663-165637,P,Brock,Brock Selvidge,Selvidge,,0,5500,BOS@NYY,NYY,BOS,,,,,,P
119663-165642,P,Mason,Mason Miller,Miller,6.911111111111111,45,5500,SF@SD,SD,SF,,,,,,P
119663-161545,P,Kaleb,Kaleb Ort,Ort,4.439024390243903,41,5500,HOU@BAL,HOU,BAL,,,,,,P
119663-165653,P,Cristian,Cristian Hernandez,Hernandez,,0,5500,BOS@NYY,NYY,BOS,,,,,,P
119663-161563,P,Jovani,Jovani Moran,Moran,9,2,5500,BOS@NYY,BOS,NYY,,,,,,P
119663-211737,P,Luis,Luis Guerrero,Guerrero,4.461538461538462,13,5500,BOS@NYY,BOS,NYY,IL,Elbow,,,,P
119663-165671,P,Victor,Victor Lizarraga,Lizarraga,,0,5500,SF@SD,SD,SF,,,,,,P
119663-199461,P,Luis,Luis Contreras,Contreras,5.333333333333333,9,5500,HOU@BAL,HOU,BAL,,,,,,P
119663-135976,P,Bennett,Bennett Sousa,Sousa,7.232558139534884,44,5500,HOU@BAL,HOU,BAL,,,,,,P
119663-199465,P,Juan,Juan Sanchez,Sanchez,,0,5500,SF@SD,SF,SD,,,,,,P
119663-165673,P,Levi,Levi Stoudt,Stoudt,0,1,5500,HOU@BAL,BAL,HOU,,,,,,P
119663-182065,P,Zach,Zach Greene,Greene,,0,5500,BOS@NYY,NYY,BOS,,,,,,P
119663-232240,P,Payton,Payton Tolle,Tolle,,0,5500,BOS@NYY,BOS,NYY,,,,,,P
119663-165687,P,Will,Will Bednar,Bednar,,0,5500,SF@SD,SF,SD,,,,,,P
119663-178997,P,Greg,Greg Weissert,Weissert,4.350877192982456,57,5500,BOS@NYY,BOS,NYY,,,,,,P
119663-165691,P,Manuel,Manuel Mercedes,Mercedes,,0,5500,SF@SD,SF,SD,,,,,,P
119663-165695,P,Edwin,Edwin Nunez,Nunez,,0,5500,STL@TB,STL,TB,,,,,,P
119663-13118,P,Justin,Justin Wilson,Wilson,4.8478260869565215,47,5500,BOS@NYY,BOS,NYY,,,,,,P
119663-165696,P,Ian,Ian Bedell,Bedell,,0,5500,STL@TB,STL,TB,,,,,,P
119663-116548,P,Tyler,Tyler Rogers,Rogers,4.5396825396825395,63,5500,NYM@WSH,NYM,WSH,,,,,,P
119663-119622,P,Matt,Matt Allan,Allan,,0,5500,NYM@WSH,NYM,WSH,,,,,,P
119663-163658,P,Randy,Randy Rodriguez,Rodriguez,6.8979591836734695,49,5500,SF@SD,SF,SD,,,,,,P
119663-232267,P,David,David Sandlin,Sandlin,,0,5500,BOS@NYY,BOS,NYY,,,,,,P
119663-70482,P,J.B.,J.B. Wendelken,Wendelken,,0,5500,SF@SD,SD,SF,,,,,,P
119663-204624,P,Eric,Eric Orze,Orze,6.548387096774194,31,5500,STL@TB,TB,STL,,,,,,P
119663-204631,P,Hunter,Hunter Bigge,Bigge,5.3076923076923075,13,5500,STL@TB,TB,STL,IL,Lat,,,,P
119663-165716,P,Sem,Sem Robberse,Robberse,0,2,5500,STL@TB,STL,TB,IL,Elbow,,,,P
119663-163673,P,Jorge,Jorge Juan,Juan,,0,5500,BOS@NYY,BOS,NYY,,,,,,P
119663-108380,P,Tayler,Tayler Scott,Scott,3.6666666666666665,24,5500,HOU@BAL,HOU,BAL,,,,,,P
119663-183133,P,Curtis,Curtis Taylor,Taylor,,0,5500,STL@TB,STL,TB,,,,,,P
119663-11108,P,Aroldis,Aroldis Chapman,Chapman,6.735849056603773,53,5500,BOS@NYY,BOS,NYY,,,,,,P
119663-163687,P,Ron,Ron Marinaccio,Marinaccio,9.666666666666666,3,5500,SF@SD,SD,SF,,,,,,P
119663-163690,P,Nathan,Nathan Webb,Webb,,0,5500,HOU@BAL,BAL,HOU,,,,,,P
119663-68466,P,Steven,Steven Okert,Okert,6.0588235294117645,51,5500,HOU@BAL,HOU,BAL,,,,,,P
119663-163702,P,Logan,Logan Gillaspie,Gillaspie,9,3,5500,SF@SD,SD,SF,,,,,,P
119663-163701,P,Felix,Felix Bautista,Bautista,6.571428571428571,35,5500,HOU@BAL,BAL,HOU,IL,Shoulder,,,,P
119663-15225,P,Liam,Liam Hendriks,Hendriks,3.357142857142857,14,5500,BOS@NYY,BOS,NYY,IL,Hip,,,,P
119663-203642,P,Raymond,Raymond Burgos,Burgos,3,1,5500,SF@SD,SF,SD,,,,,,P
119663-68474,P,Josh,Josh Hader,Hader,8.041666666666666,48,5500,HOU@BAL,HOU,BAL,IL,Shoulder,,,,P
119663-23437,P,Brooks,Brooks Raley,Raley,4.5,12,5500,NYM@WSH,NYM,WSH,,,,,,P
119663-170895,P,Jake,Jake Bird,Bird,6.085106382978723,48,5500,BOS@NYY,NYY,BOS,,,,,,P
119663-82836,P,Julian,Julian Fernandez,Fernandez,3,1,5500,NYM@WSH,WSH,NYM,,,,,,P
119663-157600,P,Austin,Austin Warren,Warren,11.6,5,5500,NYM@WSH,NYM,WSH,,,,,,P
119663-108461,P,Pete,Pete Fairbanks,Fairbanks,5.333333333333333,48,5500,STL@TB,TB,STL,,,,,,P
119663-179118,P,Zack,Zack Kelly,Kelly,6.6875,17,5500,BOS@NYY,BOS,NYY,,,,,,P
119663-68527,P,Jose,Jose De Leon,De Leon,,0,5500,BOS@NYY,BOS,NYY,,,,,,P
119663-102324,P,Konnor,Konnor Pilkington,Pilkington,4.642857142857143,14,5500,NYM@WSH,WSH,NYM,,,,,,P
119663-175032,P,Brennan,Brennan Bernardino,Bernardino,4.702127659574468,48,5500,BOS@NYY,BOS,NYY,,,,,,P
119663-179129,P,Jeremiah,Jeremiah Estrada,Estrada,6.706896551724138,59,5500,SF@SD,SD,SF,,,,,,P
119663-102334,P,Corbin,Corbin Martin,Martin,5.636363636363637,12,5500,HOU@BAL,BAL,HOU,,,,,,P
119663-163782,P,Robert,Robert Suarez,Suarez,5.3090909090909095,55,5500,SF@SD,SD,SF,,,,,,P
119663-68548,P,Edwin,Edwin Diaz,Diaz,7.595744680851064,47,5500,NYM@WSH,NYM,WSH,,,,,,P
119663-68561,P,Luke,Luke Weaver,Weaver,6.020833333333333,48,5500,BOS@NYY,NYY,BOS,,,,,,P
119663-102355,P,Jorge,Jorge Alcala,Alcala,4.395348837209302,45,5500,STL@TB,STL,TB,,,,,,P
119663-198619,P,Yuki,Yuki Matsui,Matsui,4.872340425531915,49,5500,SF@SD,SD,SF,,,,,,P
119663-169957,P,Danny,Danny Young,Young,5.2,10,5500,NYM@WSH,NYM,WSH,IL,Elbow,,,,P
119663-82921,P,Zack,Zack Weiss,Weiss,0,1,5500,STL@TB,STL,TB,,,,,,P
119663-102376,P,Garrett,Garrett Whitlock,Whitlock,7.416666666666667,49,5500,BOS@NYY,BOS,NYY,,,,,,P
119663-82924,P,Tim,Tim Hill,Hill,3.912280701754386,58,5500,BOS@NYY,NYY,BOS,,,,,,P
119663-70649,P,Adrian,Adrian Sampson,Sampson,0,1,5500,NYM@WSH,WSH,NYM,,,,,,P
119663-102397,P,Wyatt,Wyatt Mills,Mills,,0,5500,BOS@NYY,BOS,NYY,,,,,,P
119663-60643,OF,Aaron,Aaron Judge,Judge,15.670690076104526,116,4700,BOS@NYY,NYY,BOS,,,,,,OF/UTIL
119663-79282,OF,Juan,Juan Soto,Soto,13.040322580645162,124,3900,NYM@WSH,NYM,WSH,,,,,,OF/UTIL
119663-82527,2B/3B,Jazz,Jazz Chisholm Jr.,Chisholm Jr.,12.103190969913564,94,3800,BOS@NYY,NYY,BOS,,,,,,2B/3B/UTIL
119663-195679,3B,Junior,Junior Caminero,Caminero,11.529751864346592,121,3600,STL@TB,TB,STL,,,,,,3B/UTIL
119663-79159,OF/1B,Cody,Cody Bellinger,Bellinger,11.537069386449353,116,3600,BOS@NYY,NYY,BOS,,,,,,C/1B/OF/UTIL
119663-79393,OF,Fernando,Fernando Tatis Jr.,Tatis Jr.,11.791935090095766,124,3600,SF@SD,SD,SF,,,,,,OF/UTIL
119663-68585,3B/1B,Rafael,Rafael Devers,Devers,11.4453125,128,3600,SF@SD,SF,SD,,,,,,C/1B/3B/UTIL
119663-12302,OF,Giancarlo,Giancarlo Stanton,Stanton,12.078260338824728,46,3500,BOS@NYY,NYY,BOS,,,,,,OF/UTIL
119663-13929,3B,Manny,Manny Machado,Machado,11.154330516424706,127,3500,SF@SD,SD,SF,,,,,,3B/UTIL
119663-16952,SS,Francisco,Francisco Lindor,Lindor,11.96209716796875,124,3400,NYM@WSH,NYM,WSH,,,,,,SS/UTIL
119663-82614,1B,Pete,Pete Alonso,Alonso,11.837301587301587,126,3400,NYM@WSH,NYM,WSH,,,,,,C/1B/UTIL
119663-165661,OF,James,James Wood,Wood,11.903225806451612,124,3400,NYM@WSH,WSH,NYM,,,,,,OF/UTIL
119663-68522,3B,Alex,Alex Bregman,Bregman,11.812345528308256,81,3400,BOS@NYY,BOS,NYY,,,,,,3B/UTIL
119663-119306,SS,Gunnar,Gunnar Henderson,Henderson,10.920168067226891,119,3300,HOU@BAL,BAL,HOU,,,,,,SS/UTIL
119663-119311,OF,Jarren,Jarren Duran,Duran,11.521773799773186,124,3300,BOS@NYY,BOS,NYY,,,,,,OF/UTIL
119663-83155,OF,Ramon,Ramon Laureano,Laureano,10.514000244140625,100,3200,SF@SD,SD,SF,,,,,,OF/UTIL
119663-14562,2B/OF,Jose,Jose Altuve,Altuve,10.443902240536078,123,3200,HOU@BAL,HOU,BAL,,,,,,2B/OF/UTIL
119663-146667,3B/2B,Jordan,Jordan Westburg,Westburg,10.405479117615583,73,3200,HOU@BAL,BAL,HOU,DTD,Ankle,,,,2B/3B/UTIL
119663-203111,C/1B,Ben,Ben Rice,Rice,9.460377243329894,106,3200,BOS@NYY,NYY,BOS,,,,,,C/1B/UTIL
119663-119345,SS,Jeremy,Jeremy Pena,Pena,10.988775759327169,98,3200,HOU@BAL,HOU,BAL,,,,,,SS/UTIL
119663-119410,SS,CJ,CJ Abrams,Abrams,11.81981981981982,111,3200,NYM@WSH,WSH,NYM,,,,,,SS/UTIL
119663-79175,OF,Trent,Trent Grisham,Grisham,9.858715372348051,109,3100,BOS@NYY,NYY,BOS,,,,,,OF/UTIL
119663-85504,2B,Brandon,Brandon Lowe,Lowe,10.508654080904448,104,3100,STL@TB,TB,STL,,,,,,2B/UTIL
119663-119420,C/OF,Ivan,Ivan Herrera,Herrera,10.124324489284206,74,3100,STL@TB,STL,TB,,,,,,C/1B/OF/UTIL
119663-82574,3B,Isaac,Isaac Paredes,Paredes,10.651063959649269,94,3100,HOU@BAL,HOU,BAL,IL,Hamstring,,,,3B/UTIL
119663-165693,OF/1B,Alec,Alec Burleson,Burleson,8.75086185849946,116,3100,STL@TB,STL,TB,,,,,,C/1B/OF/UTIL
119663-198539,OF,Jung Hoo,Jung Hoo Lee,Lee,9.245454141916323,121,3100,SF@SD,SF,SD,,,,,,OF/UTIL
119663-52158,SS,Trevor,Trevor Story,Story,10.776422764227643,123,3100,BOS@NYY,BOS,NYY,,,,,,SS/UTIL
119663-68544,3B,Matt,Matt Chapman,Chapman,10.152083079020182,96,3100,SF@SD,SF,SD,IL,Hand,,,,3B/UTIL
119663-102415,2B/3B,Nolan,Nolan Gorman,Gorman,8.26585350967035,82,3000,STL@TB,STL,TB,,,,,,2B/3B/UTIL
119663-198870,OF,Roman,Roman Anthony,Anthony,10.622413372171335,58,3000,BOS@NYY,BOS,NYY,,,,,,OF/UTIL
119663-60655,SS,Willy,Willy Adames,Adames,9.7247998046875,125,3000,SF@SD,SF,SD,,,,,,SS/UTIL
119663-79120,1B,Yandy,Yandy Diaz,Diaz,10.369167073567708,120,3000,STL@TB,TB,STL,,,,,,C/1B/UTIL
119663-79141,1B/OF,Ryan,Ryan O'Hearn,O'Hearn,9.390000221946023,110,3000,SF@SD,SD,SF,,,,,,C/1B/OF/UTIL
119663-21887,C/1B,Willson,Willson Contreras,Contreras,10.156410673744658,117,3000,STL@TB,STL,TB,,,,,,C/1B/UTIL
119663-119396,SS,Anthony,Anthony Volpe,Volpe,9.421599609375,125,3000,BOS@NYY,NYY,BOS,,,,,,SS/UTIL
119663-82575,OF,Yordan,Yordan Alvarez,Alvarez,8.324137720568427,29,3000,HOU@BAL,HOU,BAL,IL,Hand,,,,OF/UTIL
119663-17097,OF,Brandon,Brandon Nimmo,Nimmo,10.290164134541495,122,3000,NYM@WSH,NYM,WSH,DTD,Neck,,,,OF/UTIL
119663-154711,OF,Lars,Lars Nootbaar,Nootbaar,9.499019847196692,102,2900,STL@TB,STL,TB,,,,,,OF/UTIL
119663-37982,SS/2B,Xander,Xander Bogaerts,Bogaerts,9.073386899886593,124,2900,SF@SD,SD,SF,,,,,,2B/SS/UTIL
119663-225386,OF,Chandler,Chandler Simpson,Simpson,9.601282364282852,78,2900,STL@TB,TB,STL,,,,,,OF/UTIL
119663-135366,SS,Masyn,Masyn Winn,Winn,9.052631578947368,114,2900,STL@TB,STL,TB,,,,,,SS/UTIL
119663-38218,1B,Christian,Christian Walker,Walker,8.85750020345052,120,2900,HOU@BAL,HOU,BAL,,,,,,C/1B/UTIL
119663-197982,OF,Dylan,Dylan Crews,Crews,9.349019368489584,51,2900,NYM@WSH,WSH,NYM,,,,,,OF/UTIL
119663-79257,OF,Josh,Josh Lowe,Lowe,9.019480519480519,77,2900,STL@TB,TB,STL,,,,,,OF/UTIL
119663-181812,OF,Wilyer,Wilyer Abreu,Abreu,9.943518744574654,108,2900,BOS@NYY,BOS,NYY,DTD,Calf,,,,OF/UTIL
119663-119395,OF,Jasson,Jasson Dominguez,Dominguez,9.087619163876488,105,2900,BOS@NYY,NYY,BOS,,,,,,OF/UTIL
119663-164507,OF,Colton,Colton Cowser,Cowser,8.51016959497484,59,2900,HOU@BAL,BAL,HOU,,,,,,OF/UTIL
119663-165559,C,Yainer,Yainer Diaz,Diaz,8.225663716814159,113,2900,HOU@BAL,HOU,BAL,,,,,,C/1B/UTIL
119663-82642,OF,Heliot,Heliot Ramos,Ramos,9.530400390625,125,2900,SF@SD,SF,SD,,,,,,OF/UTIL
119663-68514,3B,Ryan,Ryan McMahon,McMahon,8.134146341463415,123,2900,BOS@NYY,NYY,BOS,,,,,,3B/UTIL
119663-68547,OF,Tyler,Tyler O'Neill,O'Neill,9.220930232558139,43,2900,HOU@BAL,BAL,HOU,IL,Wrist,,,,OF/UTIL
119663-135218,OF,Jake,Jake Meyers,Meyers,8.380899150719804,89,2800,HOU@BAL,HOU,BAL,IL,Calf,,,,OF/UTIL
119663-79082,1B,Ryan,Ryan Mountcastle,Mountcastle,7.351612706338206,62,2800,HOU@BAL,BAL,HOU,,,,,,C/1B/UTIL
119663-146716,C,Austin,Austin Wells,Wells,8.704081632653061,98,2800,BOS@NYY,NYY,BOS,,,,,,C/1B/UTIL
119663-85307,2B/OF,Jeff,Jeff McNeil,McNeil,8.628888617621527,90,2800,NYM@WSH,NYM,WSH,,,,,,2B/OF/UTIL
119663-197967,2B/SS,Jackson,Jackson Holliday,Holliday,9.172881562831039,118,2800,HOU@BAL,BAL,HOU,,,,,,2B/SS/UTIL
119663-181811,OF/2B/SS,Ceddanne,Ceddanne Rafaela,Rafaela,9.24958637332128,121,2800,BOS@NYY,BOS,NYY,,,,,,2B/SS/OF/UTIL
119663-80462,SS/3B,Paul,Paul DeJong,DeJong,9.171052631578947,38,2800,NYM@WSH,WSH,NYM,,,,,,3B/SS/UTIL
119663-222846,OF,Cam,Cam Smith,Smith,7.961818070845171,110,2800,HOU@BAL,HOU,BAL,,,,,,OF/UTIL
119663-82569,1B/OF,Gavin,Gavin Sheets,Sheets,8.691891781918637,111,2800,SF@SD,SD,SF,,,,,,C/1B/OF/UTIL
119663-161418,2B/1B/3B,Romy,Romy Gonzalez,Gonzalez,9.698529411764707,68,2800,BOS@NYY,BOS,NYY,,,,,,C/1B/2B/3B/UTIL
119663-82615,3B,Mark,Mark Vientos,Vientos,7.365116562954215,86,2800,NYM@WSH,NYM,WSH,,,,,,3B/UTIL
119663-82660,2B,Luis,Luis Garcia Jr.,Garcia Jr.,8.64311904207282,109,2800,NYM@WSH,WSH,NYM,,,,,,2B/UTIL
119663-165666,OF,Jackson,Jackson Merrill,Merrill,9.273626641912776,91,2800,SF@SD,SD,SF,DTD,Ankle,,,,OF/UTIL
119663-163706,3B/2B/SS/OF,Brendan,Brendan Donovan,Donovan,9.171818403764204,110,2800,STL@TB,STL,TB,IL,Groin,,,,2B/3B/SS/OF/UTIL
119663-185303,SS/2B/3B/OF,Jose,Jose Caballero,Caballero,8.880612120336416,98,2800,BOS@NYY,NYY,BOS,,,,,,2B/3B/SS/OF/UTIL
119663-13638,1B,Wilmer,Wilmer Flores,Flores,8.256190708705358,105,2700,SF@SD,SF,SD,,,,,,C/1B/UTIL
119663-13719,3B,Nolan,Nolan Arenado,Arenado,8.157291412353516,96,2700,STL@TB,STL,TB,IL,Shoulder,,,,3B/UTIL
119663-101827,1B/2B,Luis,Luis Arraez,Arraez,8.660330780281509,121,2700,SF@SD,SD,SF,,,,,,C/1B/2B/UTIL
119663-118210,1B/2B,Jake,Jake Cronenworth,Cronenworth,8.438613740524444,101,2700,SF@SD,SD,SF,,,,,,C/1B/2B/UTIL
119663-119307,C,Adley,Adley Rutschman,Rutschman,7.987059110753677,85,2700,HOU@BAL,BAL,HOU,DTD,Abdomen,,,,C/1B/UTIL
119663-219666,OF,Jake,Jake Mangum,Mangum,7.752272865988991,88,2700,STL@TB,TB,STL,,,,,,OF/UTIL
119663-119376,3B/2B,Brett,Brett Baty,Baty,7.7686866220801765,99,2700,NYM@WSH,NYM,WSH,,,,,,2B/3B/UTIL
119663-82536,OF,Cedric,Cedric Mullins,Mullins,9.649532710280374,107,2700,NYM@WSH,NYM,WSH,,,,,,OF/UTIL
119663-12968,1B,Paul,Paul Goldschmidt,Goldschmidt,8.669827691439924,116,2700,BOS@NYY,NYY,BOS,,,,,,C/1B/UTIL
119663-82644,OF,Jesus,Jesus Sanchez,Sanchez,8.25673088660607,104,2700,HOU@BAL,HOU,BAL,,,,,,OF/UTIL
119663-181987,OF,Masataka,Masataka Yoshida,Yoshida,7.38,25,2700,BOS@NYY,BOS,NYY,,,,,,OF/UTIL
119663-163662,1B,Jonathan,Jonathan Aranda,Aranda,9.89417452025182,103,2700,STL@TB,TB,STL,IL,Wrist,,,,C/1B/UTIL
119663-80848,C,Victor,Victor Caratini,Caratini,7.233333333333333,90,2700,HOU@BAL,HOU,BAL,,,,,,C/1B/UTIL
119663-13423,OF,Starling,Starling Marte,Marte,7.3125,72,2600,NYM@WSH,NYM,WSH,,,,,,OF/UTIL
119663-197762,C,Carlos,Carlos Narvaez,Narvaez,8.237362369076235,91,2600,BOS@NYY,BOS,NYY,,,,,,C/1B/UTIL
119663-85285,1B,Nathaniel,Nathaniel Lowe,Lowe,8.854545656314565,121,2600,BOS@NYY,BOS,NYY,,,,,,C/1B/UTIL
119663-16945,C,Gary,Gary Sanchez,Sanchez,8.886666870117187,30,2600,HOU@BAL,BAL,HOU,IL,Knee,,,,C/1B/UTIL
119663-82556,OF,Taylor,Taylor Trammell,Trammell,5.464285714285714,42,2600,HOU@BAL,HOU,BAL,DTD,Neck,,,,OF/UTIL
119663-38614,SS/3B,Carlos,Carlos Correa,Correa,7.900908868963068,110,2600,HOU@BAL,HOU,BAL,,,,,,3B/SS/UTIL
119663-53994,1B,Josh,Josh Bell,Bell,8.18073405694524,109,2600,NYM@WSH,WSH,NYM,,,,,,C/1B/UTIL
119663-146160,SS/2B,Ha-Seong,Ha-Seong Kim,Kim,7.395833333333333,24,2600,STL@TB,TB,STL,DTD,Back,,,,2B/SS/UTIL
119663-165686,3B/SS/2B/1B,Casey,Casey Schmitt,Schmitt,7.482812404632568,64,2600,SF@SD,SF,SD,,,,,,C/1B/2B/3B/SS/UTIL
119663-165725,OF,Daylen,Daylen Lile,Lile,8.171666463216146,60,2600,NYM@WSH,WSH,NYM,,,,,,OF/UTIL
119663-102365,C,Francisco,Francisco Alvarez,Alvarez,8.49642835344587,56,2600,NYM@WSH,NYM,WSH,IL,Thumb,,,,C/1B/UTIL
119663-135194,C,Freddy,Freddy Fermin,Fermin,5.3500001488662345,82,2500,SF@SD,SD,SF,,,,,,C/1B/UTIL
119663-135364,OF,Jordan,Jordan Walker,Walker,6.9939024390243905,82,2500,STL@TB,STL,TB,,,,,,OF/UTIL
119663-198935,OF,Victor,Victor Scott II,Scott II,7.993965412008351,116,2500,STL@TB,STL,TB,IL,Ankle,,,,OF/UTIL
119663-197908,C,Pedro,Pedro Pages,Pages,6.70537608156922,93,2500,STL@TB,STL,TB,,,,,,C/1B/UTIL
119663-101850,3B/2B/1B,Ramon,Ramon Urias,Urias,7.362637362637362,91,2500,HOU@BAL,HOU,BAL,,,,,,C/1B/2B/3B/UTIL
119663-53757,OF,Rob,Rob Refsnyder,Refsnyder,7.7333334463614,54,2500,BOS@NYY,BOS,NYY,IL,Oblique,,,,OF/UTIL
119663-119318,2B/3B/OF,Christopher,Christopher Morel,Morel,6.383529124540441,85,2500,STL@TB,TB,STL,,,,,,2B/3B/OF/UTIL
119663-79400,OF,Dylan,Dylan Carlson,Carlson,5.453846153846154,65,2500,HOU@BAL,BAL,HOU,,,,,,OF/UTIL
119663-116339,3B/1B/2B,Abraham,Abraham Toro,Toro,7.2740256569602275,77,2500,BOS@NYY,BOS,NYY,,,,,,C/1B/2B/3B/UTIL
119663-222845,SS/2B,Brice,Brice Matthews,Matthews,8.636363636363637,11,2500,HOU@BAL,HOU,BAL,,,,,,2B/SS/UTIL
119663-82593,C,Keibert,Keibert Ruiz,Ruiz,6.239705702837775,68,2500,NYM@WSH,WSH,NYM,IL,Concussion,,,,C/1B/UTIL
119663-164512,3B/1B,Coby,Coby Mayo,Mayo,6.594230651855469,52,2500,HOU@BAL,BAL,HOU,,,,,,C/1B/3B/UTIL
119663-165726,3B,Brady,Brady House,House,6.793478260869565,46,2500,NYM@WSH,WSH,NYM,,,,,,3B/UTIL
119663-102367,2B/3B/SS,Ronny,Ronny Mauricio,Mauricio,7.080850804105718,47,2500,NYM@WSH,NYM,WSH,,,,,,2B/3B/SS/UTIL
119663-68589,2B/3B/OF,Amed,Amed Rosario,Rosario,6.930188448923938,53,2500,BOS@NYY,NYY,BOS,,,,,,2B/3B/OF/UTIL
119663-135190,SS/2B,Taylor,Taylor Walls,Walls,6.73465358620823,101,2400,STL@TB,TB,STL,IL,Groin,,,,2B/SS/UTIL
119663-38973,OF,Tyrone,Tyrone Taylor,Taylor,5.167326974396659,101,2400,NYM@WSH,NYM,WSH,,,,,,OF/UTIL
119663-135284,C,Riley,Riley Adams,Adams,6.3807019685444075,57,2400,NYM@WSH,WSH,NYM,,,,,,C/1B/UTIL
119663-79152,C,Matt,Matt Thaiss,Thaiss,5.736666870117188,60,2400,STL@TB,TB,STL,,,,,,C/1B/UTIL
119663-79181,2B/3B/SS/OF,Mauricio,Mauricio Dubon,Dubon,6.176470588235294,102,2400,HOU@BAL,HOU,BAL,,,,,,2B/3B/SS/OF/UTIL
119663-181806,OF,Jonny,Jonny DeLuca,DeLuca,7.5,20,2400,STL@TB,TB,STL,IL,Hamstring,,,,OF/UTIL
119663-80485,OF,Austin,Austin Slater,Slater,5.574074074074074,54,2400,BOS@NYY,NYY,BOS,IL,Hamstring,,,,OF/UTIL
119663-12919,SS/2B/3B/OF,Jose,Jose Iglesias,Iglesias,5.338709677419355,93,2400,SF@SD,SD,SF,,,,,,2B/3B/SS/OF/UTIL
119663-222887,SS/2B,Christian,Christian Koss,Koss,5.368421052631579,57,2400,SF@SD,SF,SD,,,,,,2B/SS/UTIL
119663-163704,OF,Cooper,Cooper Hummel,Hummel,4.9324324324324325,37,2400,STL@TB,TB,STL,,,,,,OF/UTIL
119663-159624,C,Yohel,Yohel Pozo,Pozo,5.382758831155711,58,2400,STL@TB,STL,TB,,,,,,C/1B/UTIL
119663-52170,1B/OF,Dominic,Dominic Smith,Smith,7.674999872843425,48,2400,SF@SD,SF,SD,,,,,,C/1B/OF/UTIL
119663-38872,OF,Jesse,Jesse Winker,Winker,6.830769465519832,26,2400,NYM@WSH,NYM,WSH,IL,Back,,,,OF/UTIL
119663-79896,C,Luis,Luis Torrens,Torrens,4.32051282051282,78,2300,NYM@WSH,NYM,WSH,,,,,,C/1B/UTIL
119663-102453,SS/2B/3B,Zack,Zack Short,Short,5.69545468417081,22,2300,HOU@BAL,HOU,BAL,,,,,,2B/3B/SS/UTIL
119663-135308,OF,Robert,Robert Hassell III,Hassell III,5.672972808013091,37,2300,NYM@WSH,WSH,NYM,,,,,,OF/UTIL
119663-198867,C,Samuel,Samuel Basallo,Basallo,11.90000025431315,3,2300,HOU@BAL,BAL,HOU,,,,,,C/1B/UTIL
119663-198888,OF,Jacob,Jacob Melton,Melton,5.154999923706055,20,2300,HOU@BAL,HOU,BAL,,,,,,OF/UTIL
119663-209179,1B/2B/3B,Will,Will Wagner,Wagner,5.62750015258789,40,2300,SF@SD,SD,SF,,,,,,C/1B/2B/3B/UTIL
119663-136504,C,Patrick,Patrick Bailey,Bailey,5.715534099097391,103,2300,SF@SD,SF,SD,,,,,,C/1B/UTIL
119663-181596,2B/3B/OF,Jose,Jose Fermin,Fermin,4.953846271221455,13,2300,STL@TB,STL,TB,,,,,,2B/3B/OF/UTIL
119663-207557,2B/SS/3B,Nick,Nick Sogard,Sogard,7.088235294117647,17,2300,BOS@NYY,BOS,NYY,,,,,,2B/3B/SS/UTIL
119663-195378,SS/2B/OF,Tyler,Tyler Fitzgerald,Fitzgerald,6.067605461872799,71,2300,SF@SD,SF,SD,,,,,,2B/SS/OF/UTIL
119663-119621,OF,Luis,Luis Matos,Matos,5.927500152587891,40,2300,SF@SD,SF,SD,,,,,,OF/UTIL
119663-163671,3B,Jose,Jose Tena,Tena,6.895999755859375,50,2300,NYM@WSH,WSH,NYM,,,,,,3B/UTIL
119663-163668,OF/2B/3B,Richie,Richie Palacios,Palacios,21.200000762939453,1,2300,STL@TB,TB,STL,IL,Knee,,,,2B/3B/OF/UTIL
119663-232356,OF,Dylan,Dylan Beavers,Beavers,9.225000381469727,4,2300,HOU@BAL,BAL,HOU,,,,,,OF/UTIL
119663-211906,3B/2B/SS,Thomas,Thomas Saggese,Saggese,5.573469512316645,49,2300,STL@TB,STL,TB,,,,,,2B/3B/SS/UTIL
119663-102403,SS/2B,Marco,Marco Luciano,Luciano,4.362068965517241,29,2200,SF@SD,SF,SD,,,,,,2B/SS/UTIL
119663-54307,C,Elias,Elias Diaz,Diaz,4.731868198939732,91,2200,SF@SD,SD,SF,,,,,,C/1B/UTIL
119663-135216,OF,Chas,Chas McCormick,McCormick,2.9327867851882683,61,2200,HOU@BAL,HOU,BAL,,,,,,OF/UTIL
119663-102504,C,Connor,Connor Wong,Wong,3.7937501271565757,48,2200,BOS@NYY,BOS,NYY,,,,,,C/1B/UTIL
119663-102537,OF,Everson,Everson Pereira,Pereira,5.066666603088379,6,2200,STL@TB,TB,STL,,,,,,OF/UTIL
119663-60649,C,Alex,Alex Jackson,Jackson,6.327272588556463,22,2200,HOU@BAL,BAL,HOU,,,,,,C/1B/UTIL
119663-198903,OF,Drew,Drew Gilbert,Gilbert,3.4200000762939453,10,2200,SF@SD,SF,SD,,,,,,OF/UTIL
119663-193863,OF,Jacob,Jacob Young,Young,5.405208587646484,96,2200,NYM@WSH,WSH,NYM,,,,,,OF/UTIL
119663-202259,1B/OF,Trenton,Trenton Brooks,Brooks,2.48,25,2200,SF@SD,SD,SF,,,,,,C/1B/OF/UTIL
119663-175654,OF,Bryce,Bryce Johnson,Johnson,3.081081081081081,37,2200,SF@SD,SD,SF,,,,,,OF/UTIL
119663-181813,SS/2B,David,David Hamilton,Hamilton,4.881159243376358,69,2200,BOS@NYY,BOS,NYY,,,,,,2B/SS/UTIL
119663-181820,OF/2B/SS/3B,Brett,Brett Wisely,Wisely,5.454545454545454,22,2200,SF@SD,SF,SD,,,,,,2B/3B/SS/OF/UTIL
119663-119365,SS/2B,Nasim,Nasim Nunez,Nunez,5.378260736880095,23,2200,NYM@WSH,WSH,NYM,,,,,,2B/SS/UTIL
119663-119364,OF,Kameron,Kameron Misner,Misner,6.569013998542033,71,2200,STL@TB,TB,STL,,,,,,OF/UTIL
119663-82553,OF,Jose,Jose Siri,Siri,4.95,10,2200,NYM@WSH,NYM,WSH,IL,Lower leg,,,,OF/UTIL
119663-82563,2B/SS/OF,Garrett,Garrett Hampson,Hampson,2.5947367350260415,57,2200,STL@TB,STL,TB,,,,,,2B/SS/OF/UTIL
119663-181991,1B,Ryan,Ryan Noda,Noda,3.46086949887483,23,2200,HOU@BAL,BAL,HOU,,,,,,C/1B/UTIL
119663-119629,SS/2B/3B,Luisangel,Luisangel Acuna,Acuna,4.477215344392801,79,2200,NYM@WSH,NYM,WSH,,,,,,2B/3B/SS/UTIL
119663-208716,1B/OF,Zach,Zach Dezenzo,Dezenzo,6.952940996955423,34,2200,HOU@BAL,HOU,BAL,IL,Hand,,,,C/1B/OF/UTIL
119663-213853,C/3B,J.C.,J.C. Escarra,Escarra,4.5125,40,2200,BOS@NYY,NYY,BOS,,,,,,C/1B/3B/UTIL
119663-165730,C,Drew,Drew Millas,Millas,8.168749809265137,16,2200,NYM@WSH,WSH,NYM,,,,,,C/1B/UTIL
119663-163695,2B/3B,Jorbit,Jorbit Vivas,Vivas,3.5413792051117996,29,2200,BOS@NYY,NYY,BOS,,,,,,2B/3B/UTIL
119663-161677,C,Nick,Nick Fortes,Fortes,4.1333334181043835,72,2200,STL@TB,TB,STL,,,,,,C/1B/UTIL
119663-232365,OF,Nathan,Nathan Church,Church,4.299999872843425,3,2200,STL@TB,STL,TB,,,,,,OF/UTIL
119663-68582,2B,Brendan,Brendan Rodgers,Rodgers,4.858139392941497,43,2200,HOU@BAL,HOU,BAL,IL,Concussion,,,,2B/UTIL
119663-68593,SS/2B/OF,Jorge,Jorge Mateo,Mateo,5.621874809265137,32,2200,HOU@BAL,BAL,HOU,IL,Hamstring,,,,2B/SS/OF/UTIL
119663-102411,C,Andrew,Andrew Knizner,Knizner,3.2347826750382134,23,2100,SF@SD,SF,SD,,,,,,C/1B/UTIL
119663-102550,C,Luis,Luis Campusano,Campusano,1.8,10,2100,SF@SD,SD,SF,,,,,,C/1B/UTIL
119663-184480,C,Cesar,Cesar Salazar,Salazar,0.375,8,2100,HOU@BAL,HOU,BAL,,,,,,C/1B/UTIL
119663-209172,1B,Andres,Andres Chaparro,Chaparro,4.2,5,2100,NYM@WSH,WSH,NYM,,,,,,C/1B/UTIL
119663-197915,C,Hunter,Hunter Feduccia,Feduccia,4.106666564941406,15,2100,STL@TB,TB,STL,,,,,,C/1B/UTIL
119663-194908,SS/2B/3B,Tristan,Tristan Gray,Gray,1.8700000762939453,10,2100,STL@TB,TB,STL,,,,,,2B/3B/SS/UTIL
119663-173546,OF,Nate,Nate Eaton,Eaton,4.40625,16,2100,BOS@NYY,BOS,NYY,,,,,,OF/UTIL
119663-71182,3B/1B,Jeimer,Jeimer Candelario,Candelario,5.572727203369141,22,2100,BOS@NYY,NYY,BOS,,,,,,C/1B/3B/UTIL
119663-179801,1B/OF,Jared,Jared Young,Young,4.7526317395662,19,2100,NYM@WSH,NYM,WSH,,,,,,C/1B/OF/UTIL
119663-222825,2B/OF/1B,Kristian,Kristian Campbell,Campbell,7.437313250641324,67,2100,BOS@NYY,BOS,NYY,,,,,,C/1B/2B/OF/UTIL
119663-222886,C,Hayden,Hayden Senger,Senger,2.3333333333333335,21,2100,NYM@WSH,NYM,WSH,,,,,,C/1B/UTIL
119663-82616,2B/3B/SS,Luis,Luis Guillorme,Guillorme,1.5333333015441895,12,2100,HOU@BAL,HOU,BAL,,,,,,2B/3B/SS/UTIL
119663-165567,3B/2B/OF,Shay,Shay Whitcomb,Whitcomb,1.8649999618530273,20,2100,HOU@BAL,HOU,BAL,,,,,,2B/3B/OF/UTIL
119663-82661,OF,Daniel,Daniel Johnson,Johnson,4.531578867059005,19,2100,HOU@BAL,BAL,HOU,,,,,,OF/UTIL
119663-209703,OF,Grant,Grant McCray,McCray,1.8700000762939453,10,2100,SF@SD,SF,SD,,,,,,OF/UTIL
119663-102295,OF,Stuart,Stuart Fairchild,Fairchild,3.7285714830671037,28,2100,STL@TB,TB,STL,IL,Oblique,,,,OF/UTIL
119663-232344,1B,Bob,Bob Seymour,Seymour,6.240000152587891,5,2100,STL@TB,TB,STL,,,,,,C/1B/UTIL
119663-102307,2B/SS/OF,Jose,Jose Barrero,Barrero,2.4227272380482066,22,2100,HOU@BAL,BAL,HOU,,,,,,2B/SS/OF/UTIL
119663-68537,2B/3B/SS/OF,Tyler,Tyler Wade,Wade,3.468333435058594,60,2100,SF@SD,SD,SF,,,,,,2B/3B/SS/OF/UTIL
119663-102348,SS,Jeremiah,Jeremiah Jackson,Jackson,6.413333129882813,15,2100,HOU@BAL,BAL,HOU,,,,,,SS/UTIL
119663-200663,C,David,David Banuelos,Banuelos,3,1,2100,HOU@BAL,BAL,HOU,,,,,,C/1B/UTIL
119663-81924,2B/OF,Niko,Niko Goodrum,Goodrum,2.3384615091177134,13,2000,NYM@WSH,NYM,WSH,,,,,,2B/OF/UTIL
119663-102409,OF,Nick,Nick Schnell,Schnell,,0,2000,NYM@WSH,WSH,NYM,,,,,,OF/UTIL
119663-102410,C,Ronaldo,Ronaldo Hernandez,Hernandez,,0,2000,BOS@NYY,BOS,NYY,,,,,,C/1B/UTIL
119663-102451,OF,Brennen,Brennen Davis,Davis,0,2,2000,BOS@NYY,NYY,BOS,IL,Undisclosed,,,,OF/UTIL
119663-135223,C,Jakson,Jakson Reetz,Reetz,3.4625000953674316,8,2000,HOU@BAL,BAL,HOU,,,,,,C/1B/UTIL
119663-135227,2B,Jose,Jose Rojas,Rojas,,0,2000,BOS@NYY,NYY,BOS,,,,,,2B/UTIL
119663-102488,3B/1B,Emmanuel,Emmanuel Rivera,Rivera,3.855555499041522,27,2000,HOU@BAL,BAL,HOU,,,,,,C/1B/3B/UTIL
119663-157797,OF,Bryan,Bryan De La Cruz,De La Cruz,3.012500047683716,16,2000,BOS@NYY,NYY,BOS,,,,,,OF/UTIL
119663-13436,C,Max,Max Stassi,Stassi,0,1,2000,SF@SD,SF,SD,IL,Undisclosed,,,,C/1B/UTIL
119663-116869,SS,Erick,Erick Mejia,Mejia,,0,2000,NYM@WSH,WSH,NYM,,,,,,SS/UTIL
119663-197768,SS/3B,Luis,Luis Vazquez,Vazquez,1.3210526516563015,19,2000,HOU@BAL,BAL,HOU,,,,,,3B/SS/UTIL
119663-135310,C,Chadwick,Chadwick Tromp,Tromp,4.237500190734863,8,2000,BOS@NYY,BOS,NYY,,,,,,C/1B/UTIL
119663-102584,C,Tres,Tres Barrera,Barrera,,0,2000,STL@TB,TB,STL,,,,,,C/1B/UTIL
119663-172216,3B/1B,David,David Villar,Villar,5.144444359673394,9,2000,NYM@WSH,NYM,WSH,,,,,,C/1B/3B/UTIL
119663-187594,2B/3B,Coco,Coco Montes,Montes,1.9,5,2000,STL@TB,TB,STL,,,,,,2B/3B/UTIL
119663-194773,C,Logan,Logan Porter,Porter,3.779999923706055,5,2000,SF@SD,SF,SD,,,,,,C/1B/UTIL
119663-198868,OF,Enrique,Enrique Bradfield Jr.,Bradfield Jr.,,0,2000,HOU@BAL,BAL,HOU,,,,,,OF/UTIL
119663-226530,C,Maverick,Maverick Handley,Handley,2.1812500953674316,16,2000,HOU@BAL,BAL,HOU,,,,,,C/1B/UTIL
119663-146666,OF,Heston,Heston Kjerstad,Kjerstad,5.679629855685764,54,2000,HOU@BAL,BAL,HOU,IL,Rest,,,,OF/UTIL
119663-146675,3B,Blaze,Blaze Jordan,Jordan,,0,2000,STL@TB,STL,TB,,,,,,3B/UTIL
119663-198898,SS,Jett,Jett Williams,Williams,,0,2000,NYM@WSH,NYM,WSH,,,,,,SS/UTIL
119663-198902,OF,Ryan,Ryan Clifford,Clifford,,0,2000,NYM@WSH,NYM,WSH,,,,,,OF/UTIL
119663-198900,OF,Spencer,Spencer Jones,Jones,,0,2000,BOS@NYY,NYY,BOS,,,,,,OF/UTIL
119663-197883,OF,Kenedy,Kenedy Corona,Corona,2,3,2000,HOU@BAL,HOU,BAL,,,,,,OF/UTIL
119663-146686,OF,Colin,Colin Barber,Barber,,0,2000,HOU@BAL,HOU,BAL,,,,,,OF/UTIL
119663-198914,SS,Roderick,Roderick Arias,Arias,,0,2000,BOS@NYY,NYY,BOS,,,,,,SS/UTIL
119663-198918,C,Ethan,Ethan Salas,Salas,,0,2000,SF@SD,SD,SF,IL,Back,,,,C/1B/UTIL
119663-79113,C,Francisco,Francisco Mejia,Mejia,,0,2000,NYM@WSH,WSH,NYM,,,,,,C/1B/UTIL
119663-85262,OF,J.P.,J.P. Martinez,Martinez,2.3777777353922525,9,2000,HOU@BAL,BAL,HOU,,,,,,OF/UTIL
119663-85268,1B,Joey,Joey Meneses,Meneses,7.273684049907484,76,2000,NYM@WSH,NYM,WSH,,,,,,C/1B/UTIL
119663-198932,1B,Xavier,Xavier Isaac,Isaac,,0,2000,STL@TB,TB,STL,IL,Undisclosed,,,,C/1B/UTIL
119663-198937,OF,Bryce,Bryce Eldridge,Eldridge,,0,2000,SF@SD,SF,SD,,,,,,OF/UTIL
119663-79130,OF,Jose,Jose Azocar,Azocar,3.3214285714285716,14,2000,NYM@WSH,NYM,WSH,,,,,,OF/UTIL
119663-197912,OF,Jacob,Jacob Hurtubise,Hurtubise,1.8000000317891438,12,2000,HOU@BAL,HOU,BAL,,,,,,OF/UTIL
119663-13596,OF,Trayce,Trayce Thompson,Thompson,0,3,2000,BOS@NYY,BOS,NYY,,,,,,OF/UTIL
119663-146726,OF,Josh,Josh Mears,Mears,,0,2000,SF@SD,SD,SF,,,,,,OF/UTIL
119663-146735,OF,Roismar,Roismar Quintana,Quintana,,0,2000,NYM@WSH,WSH,NYM,,,,,,OF/UTIL
119663-82251,OF,Tim,Tim Locastro,Locastro,0,1,2000,SF@SD,SD,SF,,,,,,OF/UTIL
119663-211306,2B,Darren,Darren Baker,Baker,3.355555640326606,9,2000,NYM@WSH,WSH,NYM,,,,,,2B/UTIL
119663-193947,SS,Mason,Mason McCoy,McCoy,0,4,2000,SF@SD,SD,SF,,,,,,SS/UTIL
119663-180644,2B,Nate,Nate Mondou,Mondou,0,1,2000,SF@SD,SD,SF,,,,,,2B/UTIL
119663-118189,C,Ali,Ali Sanchez,Sanchez,3.0444444020589194,9,2000,BOS@NYY,BOS,NYY,,,,,,C/1B/UTIL
119663-79279,OF,Andrew,Andrew Stevenson,Stevenson,,0,2000,STL@TB,TB,STL,,,,,,OF/UTIL
119663-101807,C,Seby,Seby Zavala,Zavala,3.2526315387926603,19,2000,BOS@NYY,BOS,NYY,,,,,,C/1B/UTIL
119663-13794,OF,Delino,Delino DeShields,DeShields,,0,2000,NYM@WSH,WSH,NYM,,,,,,OF/UTIL
119663-136673,C,Mark,Mark Kolozsvary,Kolozsvary,0,2,2000,BOS@NYY,BOS,NYY,IL,Undisclosed,,,,C/1B/UTIL
119663-96765,C,Joe,Joe Hudson,Hudson,0,1,2000,HOU@BAL,HOU,BAL,,,,,,C/1B/UTIL
119663-119304,SS/2B,Braden,Braden Shewmake,Shewmake,3.406896656957166,29,2000,BOS@NYY,NYY,BOS,,,,,,2B/SS/UTIL
119663-219667,OF,Jhostynxon,Jhostynxon Garcia,Garcia,,0,2000,BOS@NYY,BOS,NYY,,,,,,OF/UTIL
119663-219664,OF,Matt,Matt Koperniak,Koperniak,,0,2000,STL@TB,STL,TB,,,,,,OF/UTIL
119663-79387,3B,Jake,Jake Gatewood,Gatewood,,0,2000,BOS@NYY,NYY,BOS,,,,,,3B/UTIL
119663-95776,2B/SS/3B/OF,Pablo,Pablo Reyes,Reyes,2.111999969482422,25,2000,NYM@WSH,NYM,WSH,,,,,,2B/3B/SS/OF/UTIL
119663-158244,3B/2B,Yonny,Yonny Hernandez,Hernandez,,0,2000,NYM@WSH,NYM,WSH,,,,,,2B/3B/UTIL
119663-219699,C,Jesus,Jesus Rodriguez,Rodriguez,,0,2000,SF@SD,SF,SD,,,,,,C/1B/UTIL
119663-16946,1B,Jon,Jon Singleton,Singleton,1,3,2000,HOU@BAL,HOU,BAL,,,,,,C/1B/UTIL
119663-156226,OF,Pedro,Pedro Leon,Leon,3.4571429661342075,7,2000,HOU@BAL,HOU,BAL,IL,Knee,,,,OF/UTIL
119663-181824,SS,Osleivis,Osleivis Basabe,Basabe,0,1,2000,SF@SD,SF,SD,,,,,,SS/UTIL
119663-119366,OF/1B,Jerar,Jerar Encarnacion,Encarnacion,5.55999984741211,10,2000,SF@SD,SF,SD,IL,Hamstring,,,,C/1B/OF/UTIL
119663-222795,SS,George,George Lombard Jr.,Lombard Jr.,,0,2000,BOS@NYY,NYY,BOS,,,,,,SS/UTIL
119663-207434,3B,Luis,Luis De Los Santos,De Los Santos,2.8384616558368387,13,2000,NYM@WSH,NYM,WSH,,,,,,3B/UTIL
119663-119371,2B,Devin,Devin Mann,Mann,,0,2000,SF@SD,SF,SD,,,,,,2B/UTIL
119663-82531,C,Andy,Andy Yerzy,Yerzy,,0,2000,STL@TB,STL,TB,,,,,,C/1B/UTIL
119663-119394,SS,Logan,Logan Davidson,Davidson,3.466666751437717,9,2000,HOU@BAL,HOU,BAL,,,,,,SS/UTIL
119663-222821,OF,Carson,Carson Benge,Benge,,0,2000,NYM@WSH,NYM,WSH,IL,Undisclosed,,,,OF/UTIL
119663-222827,SS,Franklin,Franklin Arias,Arias,,0,2000,BOS@NYY,BOS,NYY,,,,,,SS/UTIL
119663-222826,SS,Yoeilin,Yoeilin Cespedes,Cespedes,,0,2000,BOS@NYY,BOS,NYY,,,,,,SS/UTIL
119663-119402,C,Rodolfo,Rodolfo Duran,Duran,,0,2000,SF@SD,SD,SF,,,,,,C/1B/UTIL
119663-222831,SS,Jackson,Jackson Cluff,Cluff,,0,2000,NYM@WSH,WSH,NYM,,,,,,SS/UTIL
119663-222829,SS,Seaver,Seaver King,King,,0,2000,NYM@WSH,WSH,NYM,,,,,,SS/UTIL
119663-222835,C,Jimmy,Jimmy Crooks,Crooks,,0,2000,STL@TB,STL,TB,,,,,,C/1B/UTIL
119663-222836,SS,JJ,JJ Wetherholt,Wetherholt,,0,2000,STL@TB,STL,TB,,,,,,SS/UTIL
119663-119419,OF,Hunter,Hunter Bishop,Bishop,,0,2000,SF@SD,SF,SD,,,,,,OF/UTIL
119663-119418,OF,Jairo,Jairo Pomares,Pomares,,0,2000,SF@SD,SF,SD,,,,,,OF/UTIL
119663-118398,SS,Vimael,Vimael Machin,Machin,,0,2000,HOU@BAL,BAL,HOU,,,,,,SS/UTIL
119663-222851,C,Dominic,Dominic Keegan,Keegan,,0,2000,STL@TB,TB,STL,,,,,,C/1B/UTIL
119663-222850,3B,Brayden,Brayden Taylor,Taylor,,0,2000,STL@TB,TB,STL,,,,,,3B/UTIL
119663-222853,1B,Tre',Tre' Morgan,Morgan,,0,2000,STL@TB,TB,STL,,,,,,C/1B/UTIL
119663-222852,OF,Theo,Theo Gillen,Gillen,,0,2000,STL@TB,TB,STL,,,,,,OF/UTIL
119663-119432,SS,Greg,Greg Jones,Jones,2,3,2000,HOU@BAL,HOU,BAL,,,,,,SS/UTIL
119663-119434,OF,Moises,Moises Gomez,Gomez,,0,2000,SF@SD,SD,SF,,,,,,OF/UTIL
119663-119439,C,Sam,Sam Huff,Huff,4.8,20,2000,SF@SD,SF,SD,,,,,,C/1B/UTIL
119663-165516,C,Daniel,Daniel Vellojin,Vellojin,,0,2000,STL@TB,TB,STL,,,,,,C/1B/UTIL
119663-164502,SS/2B,Vaughn,Vaughn Grissom,Grissom,4.787878787878788,33,2000,BOS@NYY,BOS,NYY,,,,,,2B/SS/UTIL
119663-119450,OF,Jeremy,Jeremy De La Rosa,De La Rosa,,0,2000,NYM@WSH,WSH,NYM,,,,,,OF/UTIL
119663-164505,OF,Hudson,Hudson Haskin,Haskin,,0,2000,HOU@BAL,BAL,HOU,IL,Undisclosed,,,,OF/UTIL
119663-164514,SS,Maikol,Maikol Hernandez,Hernandez,,0,2000,HOU@BAL,BAL,HOU,,,,,,SS/UTIL
119663-164518,2B,Tyler,Tyler McDonough,McDonough,,0,2000,BOS@NYY,BOS,NYY,,,,,,2B/UTIL
119663-164516,SS/3B/2B,Marcelo,Marcelo Mayer,Mayer,6.2727272727272725,44,2000,BOS@NYY,BOS,NYY,IL,Wrist,,,,2B/3B/SS/UTIL
119663-164526,C,Nathan,Nathan Hickey,Hickey,,0,2000,BOS@NYY,BOS,NYY,,,,,,C/1B/UTIL
119663-164531,SS,Kevin,Kevin Made,Made,,0,2000,NYM@WSH,WSH,NYM,,,,,,SS/UTIL
119663-165558,OF,Tyler,Tyler Whitaker,Whitaker,,0,2000,HOU@BAL,HOU,BAL,,,,,,OF/UTIL
119663-165563,SS,Cristian,Cristian Gonzalez,Gonzalez,,0,2000,HOU@BAL,HOU,BAL,,,,,,SS/UTIL
119663-202433,2B/OF,Jamie,Jamie Westbrook,Westbrook,4.490476335797991,21,2000,STL@TB,TB,STL,,,,,,2B/OF/UTIL
119663-162509,1B/OF,Juan,Juan Yepez,Yepez,8.784127371651786,63,2000,NYM@WSH,WSH,NYM,,,,,,C/1B/OF/UTIL
119663-13054,C,Rob,Rob Brantly,Brantly,4.166666666666667,3,2000,BOS@NYY,NYY,BOS,,,,,,C/1B/UTIL
119663-165629,1B,JT,JT Schwartz,Schwartz,,0,2000,NYM@WSH,NYM,WSH,,,,,,C/1B/UTIL
119663-202501,OF,Duke,Duke Ellis,Ellis,3.0166667302449546,12,2000,BOS@NYY,NYY,BOS,,,,,,OF/UTIL
119663-232218,OF,Tristan,Tristan Peters,Peters,0,4,2000,STL@TB,TB,STL,,,,,,OF/UTIL
119663-165669,2B,Max,Max Ferguson,Ferguson,,0,2000,BOS@NYY,BOS,NYY,,,,,,2B/UTIL
119663-199466,3B/1B,Trey,Trey Lipscomb,Lipscomb,3.066666603088379,3,2000,NYM@WSH,WSH,NYM,,,,,,C/1B/3B/UTIL
119663-193328,OF,Wade,Wade Meckler,Meckler,0,2,2000,SF@SD,SF,SD,,,,,,OF/UTIL
119663-165685,SS,Aeverson,Aeverson Arteaga,Arteaga,,0,2000,SF@SD,SF,SD,,,,,,SS/UTIL
119663-165690,C,Brett,Brett Auerbach,Auerbach,,0,2000,SF@SD,SF,SD,,,,,,C/1B/UTIL
119663-165688,C,Ricardo,Ricardo Genoves,Genoves,,0,2000,STL@TB,TB,STL,,,,,,C/1B/UTIL
119663-165692,OF,Joshua,Joshua Baez,Baez,,0,2000,STL@TB,STL,TB,,,,,,OF/UTIL
119663-165702,SS,Carson,Carson Williams,Williams,,0,2000,STL@TB,TB,STL,,,,,,SS/UTIL
119663-110404,3B,Mike,Mike Brosseau,Brosseau,0,1,2000,SF@SD,SD,SF,,,,,,3B/UTIL
119663-119623,OF,Alex,Alex Ramirez,Ramirez,0,3,2000,NYM@WSH,NYM,WSH,,,,,,OF/UTIL
119663-165700,SS,Carlos,Carlos Colmenares,Colmenares,,0,2000,STL@TB,TB,STL,,,,,,SS/UTIL
119663-165704,2B,Cooper,Cooper Kinney,Kinney,,0,2000,STL@TB,TB,STL,,,,,,2B/UTIL
119663-163661,3B/2B,Eguy,Eguy Rosario,Rosario,4.193548387096774,31,2000,SF@SD,SD,SF,IL,Groin,,,,2B/3B/UTIL
119663-163669,C,Bryan,Bryan Lavastida,Lavastida,,0,2000,HOU@BAL,HOU,BAL,,,,,,C/1B/UTIL
119663-165728,SS,Armando,Armando Cruz,Cruz,,0,2000,NYM@WSH,WSH,NYM,,,,,,SS/UTIL
119663-163686,3B/SS,Oswaldo,Oswaldo Cabrera,Cabrera,6.597142682756696,35,2000,BOS@NYY,NYY,BOS,IL,Ankle,,,,3B/SS/UTIL
119663-165732,1B,Branden,Branden Boissiere,Boissiere,,0,2000,NYM@WSH,WSH,NYM,,,,,,C/1B/UTIL
119663-102279,3B,Drew,Drew Ellis,Ellis,,0,2000,SF@SD,SF,SD,,,,,,3B/UTIL
119663-102303,1B,Triston,Triston Casas,Casas,6.327586206896552,29,2000,BOS@NYY,BOS,NYY,IL,Knee,,,,C/1B/UTIL
119663-102309,OF,Michael,Michael Siani,Siani,1.6210525914242393,19,2000,STL@TB,STL,TB,,,,,,OF/UTIL
119663-102317,SS,Terrin,Terrin Vavra,Vavra,0,1,2000,HOU@BAL,BAL,HOU,,,,,,SS/UTIL
119663-102322,2B/3B,Nick,Nick Madrigal,Madrigal,2.823529411764706,51,2000,NYM@WSH,NYM,WSH,IL,Shoulder,,,,2B/3B/UTIL
119663-68538,2B,Franklin,Franklin Barreto,Barreto,,0,2000,HOU@BAL,BAL,HOU,IL,Undisclosed,,,,2B/UTIL
119663-52157,C,Tom,Tom Murphy,Murphy,3.7571427481515065,14,2000,SF@SD,SF,SD,IL,Back,,,,C/1B/UTIL
119663-102339,C,Diego,Diego Cartaya,Cartaya,0,2,2000,SF@SD,SF,SD,,,,,,C/1B/UTIL
119663-102347,2B/SS/3B,Livan,Livan Soto,Soto,1.6133333841959636,15,2000,HOU@BAL,BAL,HOU,,,,,,2B/3B/SS/UTIL
119663-68554,SS,Andrew,Andrew Velazquez,Velazquez,0,2,2000,BOS@NYY,NYY,BOS,,,,,,SS/UTIL
119663-102346,OF,Jordyn,Jordyn Adams,Adams,0.3200000047683716,10,2000,HOU@BAL,BAL,HOU,,,,,,OF/UTIL
119663-102356,OF,Gilberto,Gilberto Celestino,Celestino,,0,2000,NYM@WSH,NYM,WSH,IL,Undisclosed,,,,OF/UTIL
119663-102391,OF,Tirso,Tirso Ornelas,Ornelas,1.7857142857142858,7,2000,SF@SD,SD,SF,,,,,,OF/UTIL
119663-13303,C,Yasmani,Yasmani Grandal,Grandal,7.036986468589469,73,2000,BOS@NYY,BOS,NYY,,,,,,C/1B/UTIL
119663-102390,OF,Travis,Travis Swaggerty,Swaggerty,,0,2000,NYM@WSH,NYM,WSH,,,,,,OF/UTIL