Id,Position,First Name,Nickname,Last Name,FPPG,Played,Salary,Game,Team,Opponent,Injury Indicator,Injury Details,Tier,Probable Pitcher,Batting Order,Roster Position
120915-135977,P,Garrett,Garrett Crochet,Crochet,43.75,32,11000,BOS@TOR,BOS,TOR,,,,,,P
120915-187194,P,Bryan,Bryan Woo,Woo,38.36666666666667,30,10800,COL@SEA,SEA,COL,DTD,Pectoral,,,,P
120915-60633,P,Carlos,Carlos Rodon,Rodon,35.625,32,10500,CWS@NYY,NYY,CWS,,,,Yes,,P
120915-222820,P,Nolan,Nolan McLean,McLean,41.142857142857146,7,10200,NYM@CHC,NYM,CHC,,,,Yes,,P
120915-52185,P,Max,Max Fried,Fried,36.28125,32,10100,CWS@NYY,NYY,CWS,,,,,,P
120915-102396,P,Logan,Logan Gilbert,Gilbert,33.583333333333336,24,10100,COL@SEA,SEA,COL,,,,,,P
120915-82554,P,Shane,Shane Bieber,Bieber,32.666666666666664,6,9900,BOS@TOR,TOR,BOS,,,,,,P
120915-38000,P,Kevin,Kevin Gausman,Gausman,33.064516129032256,31,9700,BOS@TOR,TOR,BOS,,,,,,P
120915-119414,P,George,George Kirby,Kirby,30.954545454545453,22,9700,COL@SEA,SEA,COL,,,,,,P
120915-82621,P,Clarke,Clarke Schmidt,Schmidt,30,14,9600,CWS@NYY,NYY,CWS,IL,Elbow,,,,P
120915-102330,P,Kris,Kris Bubic,Bubic,34.5,20,9600,KC@LAA,KC,LAA,IL,Shoulder,,,,P
120915-118206,P,Luis,Luis Gil,Gil,25.2,10,9200,CWS@NYY,NYY,CWS,,,,,,P
120915-222822,P,Brandon,Brandon Sproat,Sproat,26.666666666666668,3,9200,NYM@CHC,NYM,CHC,,,,,,P
120915-198702,P,Shota,Shota Imanaga,Imanaga,29.375,24,9100,NYM@CHC,CHC,NYM,,,,Yes,,P
120915-53067,P,Chris,Chris Bassitt,Bassitt,27.9375,32,9100,BOS@TOR,TOR,BOS,IL,Back,,,,P
120915-232769,P,Connelly,Connelly Early,Early,35.333333333333336,3,9000,BOS@TOR,BOS,TOR,,,,,,P
120915-16956,P,Gerrit,Gerrit Cole,Cole,32,22,9000,CWS@NYY,NYY,CWS,IL,Elbow,,,,P
120915-198876,P,Cade,Cade Horton,Horton,27.217391304347824,23,8900,NYM@CHC,CHC,NYM,DTD,Back,,,,P
120915-228790,P,Cam,Cam Schlittler,Schlittler,29.615384615384617,13,8900,CWS@NYY,NYY,CWS,,,,,,P
120915-63136,P,Matthew,Matthew Boyd,Boyd,31,31,8900,NYM@CHC,CHC,NYM,,,,,,P
120915-182153,P,Kodai,Kodai Senga,Senga,28.136363636363637,22,8900,NYM@CHC,NYM,CHC,,,,,,P
120915-154714,P,Tylor,Tylor Megill,Megill,29.714285714285715,14,8800,NYM@CHC,NYM,CHC,IL,Elbow,,,,P
120915-79270,P,Cole,Cole Ragans,Ragans,31,12,8800,KC@LAA,KC,LAA,,,,,,P
120915-222814,P,Trey,Trey Yesavage,Yesavage,22.5,2,8800,BOS@TOR,TOR,BOS,,,,,,P
120915-79226,P,Eric,Eric Lauer,Lauer,21.423076923076923,26,8700,BOS@TOR,TOR,BOS,,,,,,P
120915-79162,P,Luis,Luis Castillo,Castillo,29.78125,32,8600,COL@SEA,SEA,COL,,,,,,P
120915-219697,P,Noah,Noah Cameron,Cameron,30,23,8600,KC@LAA,KC,LAA,,,,,,P
120915-16961,P,Jameson,Jameson Taillon,Taillon,27.136363636363637,22,8600,NYM@CHC,CHC,NYM,,,,,,P
120915-82618,P,David,David Peterson,Peterson,27.766666666666666,30,8600,NYM@CHC,NYM,CHC,,,,,,P
120915-102458,P,Kutter,Kutter Crawford,Crawford,27.96969696969697,33,8500,BOS@TOR,BOS,TOR,IL,Wrist,,,,P
120915-163680,P,Brayan,Brayan Bello,Bello,28.5,28,8500,BOS@TOR,BOS,TOR,,,,Yes,,P
120915-52728,P,Michael,Michael Lorenzen,Lorenzen,23.884615384615383,27,8300,KC@LAA,KC,LAA,,,,Yes,,P
120915-232240,P,Payton,Payton Tolle,Tolle,11.166666666666666,6,8300,BOS@TOR,BOS,TOR,,,,,,P
120915-52198,P,Lucas,Lucas Giolito,Giolito,28.807692307692307,26,8300,BOS@TOR,BOS,TOR,,,,,,P
120915-135268,P,Emerson,Emerson Hancock,Hancock,15.523809523809524,21,8000,COL@SEA,SEA,COL,,,,,,P
120915-60639,P,Jose,Jose Berrios,Berrios,25.516129032258064,31,8000,BOS@TOR,TOR,BOS,,,,,,P
120915-194677,P,Easton,Easton Lucas,Lucas,17.666666666666668,6,7900,BOS@TOR,TOR,BOS,,,,,,P
120915-198912,P,Will,Will Warren,Warren,25.25,32,7900,CWS@NYY,NYY,CWS,,,,,,P
120915-82594,P,Dustin,Dustin May,May,25.16,25,7900,BOS@TOR,BOS,TOR,IL,Elbow,,,,P
120915-102345,P,Jose,Jose Soriano,Soriano,27.193548387096776,31,7900,KC@LAA,LAA,KC,IL,Forearm,,,,P
120915-79073,P,Michael,Michael Soroka,Soroka,22.25,20,7800,NYM@CHC,CHC,NYM,,,,,,P
120915-170315,P,Davis,Davis Martin,Martin,24.16,25,7800,CWS@NYY,CWS,NYY,,,,Yes,,P
120915-79232,P,Clay,Clay Holmes,Holmes,23.71875,32,7800,NYM@CHC,NYM,CHC,,,,,,P
120915-219724,P,Ryan,Ryan Bergert,Bergert,19.526315789473685,19,7800,KC@LAA,KC,LAA,IL,Elbow,,,,P
120915-198362,P,Stephen,Stephen Kolek,Kolek,26.473684210526315,19,7800,KC@LAA,KC,LAA,,,,,,P
120915-11328,P,Martin,Martin Perez,Perez,23.636363636363637,11,7700,CWS@NYY,CWS,NYY,IL,Shoulder,,,,P
120915-37999,P,Michael,Michael Wacha,Wacha,24.766666666666666,30,7700,KC@LAA,KC,LAA,,,,,,P
120915-82582,P,Griffin,Griffin Canning,Canning,24.8125,16,7700,NYM@CHC,NYM,CHC,IL,Achilles,,,,P
120915-68485,P,Ryan,Ryan Yarbrough,Yarbrough,15.263157894736842,19,7700,CWS@NYY,NYY,CWS,,,,,,P
120915-219668,P,Hunter,Hunter Dobbins,Dobbins,20.76923076923077,13,7600,BOS@TOR,BOS,TOR,IL,Knee,,,,P
120915-102001,P,Yusei,Yusei Kikuchi,Kikuchi,27.454545454545453,33,7600,KC@LAA,LAA,KC,DTD,Forearm,,,,P
120915-82638,P,Jordan,Jordan Hicks,Hicks,7.2727272727272725,34,7600,BOS@TOR,BOS,TOR,IL,Shoulder,,,,P
120915-226322,P,Logan,Logan Evans,Evans,21.6,15,7500,COL@SEA,SEA,COL,IL,Elbow,,,,P
120915-135229,P,Reid,Reid Detmers,Detmers,6.389830508474576,61,7500,KC@LAA,LAA,KC,IL,Elbow,,,,P
120915-71034,P,Seth,Seth Lugo,Lugo,27.153846153846153,26,7500,KC@LAA,KC,LAA,IL,Back,,,,P
120915-119441,P,Alek,Alek Manoah,Manoah,27,6,7500,BOS@TOR,TOR,BOS,,,,,,P
120915-165573,P,Alec,Alec Marsh,Marsh,24.423076923076923,26,7500,KC@LAA,KC,LAA,IL,Shoulder,,,,P
120915-165689,P,Bryce,Bryce Miller,Miller,20.235294117647058,17,7500,COL@SEA,SEA,COL,,,,,,P
120915-52165,P,Sean,Sean Manaea,Manaea,20.785714285714285,14,7500,NYM@CHC,NYM,CHC,,,,,,P
120915-145625,P,Bailey,Bailey Falter,Falter,19.346153846153847,26,7400,KC@LAA,KC,LAA,IL,Biceps,,,,P
120915-146733,P,Kyle,Kyle Harrison,Harrison,16.5,10,7400,BOS@TOR,BOS,TOR,,,,,,P
120915-5481,P,Max,Max Scherzer,Scherzer,24,17,7400,BOS@TOR,TOR,BOS,,,,,,P
120915-220840,P,Shane,Shane Smith,Smith,25.214285714285715,28,7400,CWS@NYY,CWS,NYY,,,,,,P
120915-53398,P,Kyle,Kyle Hendricks,Hendricks,21.133333333333333,30,7200,KC@LAA,LAA,KC,,,,,,P
120915-63781,P,Frankie,Frankie Montas,Montas,16.555555555555557,9,7200,NYM@CHC,NYM,CHC,IL,Elbow,,,,P
120915-181837,P,Ben,Ben Brown,Brown,20.56,25,7200,NYM@CHC,CHC,NYM,,,,,,P
120915-165543,P,Sean,Sean Burke,Burke,22.85185185185185,27,7200,CWS@NYY,CWS,NYY,,,,,,P
120915-164529,P,Jordan,Jordan Wicks,Wicks,5.166666666666667,7,7200,NYM@CHC,CHC,NYM,,,,,,P
120915-200581,P,Jonathan,Jonathan Cannon,Cannon,18.80952380952381,21,7200,CWS@NYY,CWS,NYY,,,,,,P
120915-38246,P,Tyler,Tyler Anderson,Anderson,21.153846153846153,26,7100,KC@LAA,LAA,KC,IL,Oblique,,,,P
120915-101810,P,Justin,Justin Steele,Steele,29.25,4,7100,NYM@CHC,CHC,NYM,IL,Elbow,,,,P
120915-232673,P,Mitch,Mitch Farris,Farris,20.75,4,7000,KC@LAA,LAA,KC,,,,Yes,,P
120915-82557,P,Aaron,Aaron Civale,Civale,19.17391304347826,23,7000,NYM@CHC,CHC,NYM,,,,,,P
120915-161465,P,Ryan,Ryan Feltner,Feltner,21,6,7000,COL@SEA,COL,SEA,IL,Shoulder,,,,P
120915-163698,P,Bowden,Bowden Francis,Francis,17.785714285714285,14,7000,BOS@TOR,TOR,BOS,IL,Shoulder,,,,P
120915-68517,P,Antonio,Antonio Senzatela,Senzatela,12.068965517241379,29,7000,COL@SEA,COL,SEA,,,,,,P
120915-64488,P,Colin,Colin Rea,Rea,22.548387096774192,31,7000,NYM@CHC,CHC,NYM,,,,,,P
120915-119398,P,Yoendrys,Yoendrys Gomez,Gomez,13.368421052631579,20,6900,CWS@NYY,CWS,NYY,,,,,,P
120915-102498,P,Patrick,Patrick Sandoval,Sandoval,23.4375,16,6800,BOS@TOR,BOS,TOR,IL,Elbow,,,,P
120915-198934,P,Yariel,Yariel Rodriguez,Rodriguez,5.359375,64,6800,BOS@TOR,TOR,BOS,,,,,,P
120915-185845,P,Allan,Allan Winans,Winans,6.333333333333333,3,6800,CWS@NYY,NYY,CWS,,,,,,P
120915-82540,P,Tanner,Tanner Houck,Houck,13.555555555555555,9,6800,BOS@TOR,BOS,TOR,IL,Elbow,,,,P
120915-204632,P,Tanner,Tanner Gordon,Gordon,21.133333333333333,15,6800,COL@SEA,COL,SEA,,,,,,P
120915-80859,P,Paul,Paul Blackburn,Blackburn,9,14,6800,CWS@NYY,NYY,CWS,,,,,,P
120915-198891,P,Caden,Caden Dana,Dana,18.333333333333332,6,6700,KC@LAA,LAA,KC,,,,,,P
120915-219569,P,Justin,Justin Hagenman,Hagenman,11.555555555555555,9,6700,NYM@CHC,NYM,CHC,,,,,,P
120915-68518,P,Spencer,Spencer Turnbull,Turnbull,7.333333333333333,3,6700,KC@LAA,KC,LAA,,,,,,P
120915-178415,P,Javier,Javier Assad,Assad,18.142857142857142,7,6600,NYM@CHC,CHC,NYM,,,,,,P
120915-211765,P,Richard,Richard Fitts,Fitts,18.181818181818183,11,6600,BOS@TOR,BOS,TOR,IL,Arm,,,,P
120915-102333,P,Daniel,Daniel Lynch IV,Lynch IV,5.053571428571429,56,6600,KC@LAA,KC,LAA,,,,,,P
120915-60627,P,Touki,Touki Toussaint,Toussaint,9,1,6500,KC@LAA,LAA,KC,,,,,,P
120915-60632,P,Kyle,Kyle Freeland,Freeland,22.448275862068964,30,6500,COL@SEA,COL,SEA,,,,,,P
120915-198886,P,Chase,Chase Dollander,Dollander,16.904761904761905,21,6500,COL@SEA,COL,SEA,IL,Knee,,,,P
120915-198917,P,Drew,Drew Thorpe,Thorpe,18.333333333333332,9,6500,CWS@NYY,CWS,NYY,IL,Elbow,,,,P
120915-23089,P,Dallas,Dallas Keuchel,Keuchel,13.25,4,6500,KC@LAA,KC,LAA,,,,,,P
120915-222819,P,Jonah,Jonah Tong,Tong,17.2,5,6500,NYM@CHC,NYM,CHC,,,,,,P
120915-68452,P,Kenta,Kenta Maeda,Maeda,3.857142857142857,7,6500,CWS@NYY,NYY,CWS,,,,,,P
120915-52174,P,Steven,Steven Matz,Matz,6.901960784313726,51,6500,BOS@TOR,BOS,TOR,,,,,,P
120915-102456,P,Jhonathan,Jhonathan Diaz,Diaz,7,1,6400,COL@SEA,SEA,COL,,,,,,P
120915-170174,P,Chase,Chase Silseth,Silseth,6.333333333333333,9,6400,KC@LAA,LAA,KC,,,,,,P
120915-219695,P,Luinder,Luinder Avila,Avila,7.4,10,6400,KC@LAA,KC,LAA,,,,,,P
120915-119355,P,Jack,Jack Kochanowicz,Kochanowicz,14.391304347826088,23,6400,KC@LAA,LAA,KC,,,,,,P
120915-79254,P,Dakota,Dakota Hudson,Hudson,14.38888888888889,18,6300,KC@LAA,LAA,KC,,,,,,P
120915-161256,P,Cooper,Cooper Criswell,Criswell,10.285714285714286,7,6300,BOS@TOR,BOS,TOR,IL,Elbow,,,,P
120915-138016,P,Brandon,Brandon Waddell,Waddell,11.272727272727273,11,6300,NYM@CHC,NYM,CHC,,,,,,P
120915-211069,P,Sam,Sam Aldegheri,Aldegheri,8,3,6200,KC@LAA,LAA,KC,,,,,,P
120915-53608,P,Jose,Jose Urena,Urena,9.833333333333334,18,6200,KC@LAA,LAA,KC,,,,,,P
120915-82534,P,Bryse,Bryse Wilson,Wilson,6.05,20,6200,CWS@NYY,CWS,NYY,,,,,,P
120915-70559,P,Mike,Mike Clevinger,Clevinger,1.375,8,6200,CWS@NYY,CWS,NYY,,,,,,P
120915-73880,P,German,German Marquez,Marquez,15.6,26,6100,COL@SEA,COL,SEA,,,,,,P
120915-198905,P,Mike,Mike Vasil,Vasil,10.844444444444445,45,6100,CWS@NYY,CWS,NYY,,,,,,P
120915-226881,P,Carson,Carson Palmquist,Palmquist,9.11111111111111,9,6100,COL@SEA,COL,SEA,,,,,,P
120915-232593,P,McCade,McCade Brown,Brown,12.333333333333334,6,6000,COL@SEA,COL,SEA,,,,,,P
120915-83098,P,Austin,Austin Gomber,Gomber,10.916666666666666,12,6000,NYM@CHC,CHC,NYM,,,,,,P
120915-198904,P,Christian,Christian Scott,Scott,22.11111111111111,9,6000,NYM@CHC,NYM,CHC,IL,Elbow,,,,P
120915-165720,P,Ricky,Ricky Tiedemann,Tiedemann,,0,6000,BOS@TOR,TOR,BOS,IL,Elbow,,,,P
120915-163681,P,Josh,Josh Winckowski,Winckowski,7.833333333333333,6,6000,BOS@TOR,BOS,TOR,IL,Elbow,,,,P
120915-68505,P,Carson,Carson Fulmer,Fulmer,8.384615384615385,13,6000,KC@LAA,LAA,KC,IL,Elbow,,,,P
120915-102420,P,Owen,Owen White,White,6,3,5900,CWS@NYY,CWS,NYY,,,,,,P
120915-79072,P,Brad,Brad Keller,Keller,5.984848484848484,66,5900,NYM@CHC,CHC,NYM,,,,,,P
120915-197871,P,Bradley,Bradley Blalock,Blalock,7,13,5900,COL@SEA,COL,SEA,,,,Yes,,P
120915-179456,P,Louis,Louis Varland,Varland,5.225352112676056,72,5900,BOS@TOR,TOR,BOS,,,,Yes,,P
120915-177584,P,Xzavion,Xzavion Curry,Curry,2,3,5900,COL@SEA,COL,SEA,,,,,,P
120915-203266,P,Jake,Jake Bloss,Bloss,13.666666666666666,3,5900,BOS@TOR,TOR,BOS,IL,Elbow,,,,P
120915-119391,P,Roansy,Roansy Contreras,Contreras,6.4,5,5900,COL@SEA,COL,SEA,IL,Hand,,,,P
120915-52873,P,Joe,Joe Ross,Ross,5.416666666666667,37,5900,NYM@CHC,CHC,NYM,,,,,,P
120915-165578,P,Ky,Ky Bush,Bush,14.25,4,5900,CWS@NYY,CWS,NYY,IL,Elbow,,,,P
120915-158858,P,Justin,Justin Bruihl,Bruihl,4.428571428571429,14,5800,BOS@TOR,TOR,BOS,,,,,,P
120915-198354,P,Anthony,Anthony Molina,Molina,5.5,16,5800,COL@SEA,COL,SEA,,,,,,P
120915-189299,P,Victor,Victor Mederos,Mederos,10.2,5,5800,KC@LAA,LAA,KC,IL,Shoulder,,,,P
120915-145610,P,Angel,Angel Zerpa,Zerpa,4.575757575757576,67,5700,KC@LAA,KC,LAA,,,,,,P
120915-79123,P,Tyler,Tyler Alexander,Alexander,8.183673469387756,51,5700,CWS@NYY,CWS,NYY,,,,,,P
120915-161275,P,Kyle,Kyle Tyler,Tyler,14.125,8,5700,CWS@NYY,CWS,NYY,,,,,,P
120915-213867,P,Blas,Blas Castano,Castano,3,1,5700,COL@SEA,SEA,COL,,,,,,P
120915-102297,P,Keegan,Keegan Thompson,Thompson,8.363636363636363,24,5700,NYM@CHC,CHC,NYM,,,,,,P
120915-13312,P,Ryan,Ryan Brasier,Brasier,3.5357142857142856,28,5500,NYM@CHC,CHC,NYM,IL,Groin,,,,P
120915-226310,P,Jose,Jose Fermin,Fermin,4.842105263157895,39,5500,KC@LAA,LAA,KC,,,,,,P
120915-178184,P,Kevin,Kevin Herget,Herget,6.5,6,5500,NYM@CHC,NYM,CHC,,,,,,P
120915-135191,P,Josh,Josh Fleming,Fleming,4.541666666666667,25,5500,COL@SEA,SEA,COL,,,,,,P
120915-102426,P,Adam,Adam Kloffenstein,Kloffenstein,3,1,5500,BOS@TOR,TOR,BOS,,,,,,P
120915-102428,P,Eric,Eric Pardinho,Pardinho,,0,5500,BOS@TOR,TOR,BOS,,,,,,P
120915-68654,P,John,John Gant,Gant,,0,5500,KC@LAA,KC,LAA,,,,,,P
120915-172092,P,Garrett,Garrett Hill,Hill,0,1,5500,COL@SEA,SEA,COL,,,,,,P
120915-200764,P,Cam,Cam Booser,Booser,4.054054054054054,37,5500,CWS@NYY,CWS,NYY,,,,,,P
120915-79936,P,Mark,Mark Leiter Jr.,Leiter Jr.,4.508771929824562,58,5500,CWS@NYY,NYY,CWS,,,,,,P
120915-104512,P,Geoff,Geoff Hartlieb,Hartlieb,0.25,4,5500,KC@LAA,KC,LAA,,,,,,P
120915-154688,P,Jake,Jake Cousins,Cousins,6.4186046511627906,43,5500,CWS@NYY,NYY,CWS,IL,Elbow,,,,P
120915-135236,P,Max,Max Kranick,Kranick,6.625,24,5500,NYM@CHC,NYM,CHC,IL,Elbow,,,,P
120915-179275,P,Fernando,Fernando Cruz,Cruz,6.891304347826087,47,5500,CWS@NYY,NYY,CWS,,,,,,P
120915-102474,P,Eli,Eli Morgan,Morgan,0.5714285714285714,7,5500,NYM@CHC,CHC,NYM,,,,,,P
120915-209997,P,Jack,Jack Neely,Neely,3.5,6,5500,NYM@CHC,CHC,NYM,,,,,,P
120915-135256,P,Connor,Connor Brogdon,Brogdon,5,41,5500,KC@LAA,LAA,KC,,,,,,P
120915-102501,P,Braydon,Braydon Fisher,Fisher,6.6938775510204085,50,5500,BOS@TOR,TOR,BOS,,,,,,P
120915-116839,P,David,David Bednar,Bednar,6.833333333333333,61,5500,CWS@NYY,NYY,CWS,,,,,,P
120915-83054,P,Justin,Justin Anderson,Anderson,4.796296296296297,56,5500,CWS@NYY,CWS,NYY,,,,,,P
120915-194675,P,Luke,Luke Little,Little,8.5,2,5500,NYM@CHC,CHC,NYM,,,,,,P
120915-159857,P,Jose,Jose Marte,Marte,6.071428571428571,14,5500,NYM@CHC,NYM,CHC,IL,Shoulder,,,,P
120915-13438,P,Drew,Drew Pomeranz,Pomeranz,5.036363636363636,55,5500,NYM@CHC,CHC,NYM,,,,,,P
120915-187521,P,Joe,Joe Jacques,Jacques,3,2,5500,COL@SEA,SEA,COL,,,,,,P
120915-116868,P,Gabe,Gabe Speier,Speier,5.383561643835616,74,5500,COL@SEA,SEA,COL,,,,,,P
120915-231563,P,Dugan,Dugan Darnell,Darnell,4.555555555555555,9,5500,COL@SEA,COL,SEA,IL,Hip,,,,P
120915-179339,P,Bryce,Bryce Montes de Oca,Montes de Oca,,0,5500,NYM@CHC,NYM,CHC,IL,Elbow,,,,P
120915-114827,P,John,John Schreiber,Schreiber,4.414285714285715,72,5500,KC@LAA,KC,LAA,,,,,,P
120915-73869,P,Joe,Joe Mantiply,Mantiply,0.2,10,5500,BOS@TOR,TOR,BOS,,,,,,P
120915-135313,P,Nick,Nick Sandlin,Sandlin,4.473684210526316,19,5500,BOS@TOR,TOR,BOS,IL,Elbow,,,,P
120915-102549,P,Andres,Andres Munoz,Munoz,6.682539682539683,63,5500,COL@SEA,SEA,COL,,,,,,P
120915-83097,P,D.J.,D.J. Snelten,Snelten,,0,5500,CWS@NYY,CWS,NYY,,,,,,P
120915-81052,P,Andrew,Andrew Kittredge,Kittredge,5.716981132075472,53,5500,NYM@CHC,CHC,NYM,,,,,,P
120915-102558,P,Gregory,Gregory Santos,Santos,1.875,8,5500,COL@SEA,SEA,COL,IL,Knee,,,,P
120915-184482,P,Hobie,Hobie Harris,Harris,,0,5500,BOS@TOR,BOS,TOR,,,,,,P
120915-102560,P,Camilo,Camilo Doval,Doval,5.088235294117647,68,5500,CWS@NYY,NYY,CWS,,,,,,P
120915-12452,P,Kenley,Kenley Jansen,Jansen,5.338983050847458,61,5500,KC@LAA,LAA,KC,,,,,,P
120915-195748,P,Kelvin,Kelvin Caceres,Caceres,0,2,5500,KC@LAA,LAA,KC,,,,,,P
120915-102568,P,Colin,Colin Poche,Poche,2,14,5500,NYM@CHC,NYM,CHC,,,,,,P
120915-102570,P,Sandy,Sandy Gaston,Gaston,,0,5500,KC@LAA,LAA,KC,,,,,,P
120915-83116,P,Wander,Wander Suero,Suero,3.2,5,5500,NYM@CHC,NYM,CHC,,,,,,P
120915-145591,P,Eduard,Eduard Bazardo,Bazardo,6.183098591549296,71,5500,COL@SEA,SEA,COL,,,,,,P
120915-145593,P,Carlos,Carlos Vargas,Vargas,4.521739130434782,69,5500,COL@SEA,SEA,COL,,,,,,P
120915-135358,P,Dylan,Dylan File,File,,0,5500,COL@SEA,SEA,COL,,,,,,P
120915-160965,P,Elvis,Elvis Peguero,Peguero,3.875,8,5500,CWS@NYY,CWS,NYY,IL,Elbow,,,,P
120915-21707,P,Michael,Michael Mariot,Mariot,,0,5500,COL@SEA,SEA,COL,,,,,,P
120915-145609,P,Peter,Peter Solomon,Solomon,,0,5500,NYM@CHC,CHC,NYM,,,,,,P
120915-83159,P,Diego,Diego Castillo,Castillo,5.571428571428571,7,5500,COL@SEA,COL,SEA,,,,,,P
120915-83158,P,Seranthony,Seranthony Dominguez,Dominguez,5.71875,65,5500,BOS@TOR,TOR,BOS,,,,,,P
120915-145627,P,Lucas,Lucas Gilbreath,Gilbreath,6,1,5500,COL@SEA,COL,SEA,,,,,,P
120915-198874,P,Noah,Noah Schultz,Schultz,,0,5500,CWS@NYY,CWS,NYY,IL,Knee,,,,P
120915-83163,P,Jonathan,Jonathan Loaisiga,Loaisiga,4.066666666666666,30,5500,CWS@NYY,NYY,CWS,IL,Elbow,,,,P
120915-145630,P,Kervin,Kervin Castro,Castro,,0,5500,CWS@NYY,NYY,CWS,,,,,,P
120915-79071,P,Taylor,Taylor Clarke,Clarke,4.74,50,5500,KC@LAA,KC,LAA,,,,,,P
120915-209116,P,Troy,Troy Taylor,Taylor,-0.14285714285714285,8,5500,COL@SEA,SEA,COL,,,,,,P
120915-60640,P,Nick,Nick Burdi,Burdi,7.75,4,5500,BOS@TOR,BOS,TOR,,,,,,P
120915-136424,P,Jake,Jake Brentz,Brentz,0,1,5500,NYM@CHC,CHC,NYM,,,,,,P
120915-60656,P,Jeff,Jeff Hoffman,Hoffman,5.826086956521739,69,5500,BOS@TOR,TOR,BOS,,,,,,P
120915-197879,P,Juan,Juan Mejia,Mejia,5.7924528301886795,53,5500,COL@SEA,COL,SEA,,,,,,P
120915-146679,P,Chris,Chris McMahon,McMahon,,0,5500,COL@SEA,COL,SEA,IL,Undisclosed,,,,P
120915-198901,P,Chase,Chase Hampton,Hampton,,0,5500,CWS@NYY,NYY,CWS,IL,Elbow,,,,P
120915-79097,P,Bryan,Bryan Hudson,Hudson,4.875,16,5500,CWS@NYY,CWS,NYY,IL,Back,,,,P
120915-197880,P,Angel,Angel Chivilli,Chivilli,4.023255813953488,43,5500,COL@SEA,COL,SEA,,,,,,P
120915-197887,P,Porter,Porter Hodge,Hodge,4.5,36,5500,NYM@CHC,CHC,NYM,,,,,,P
120915-146684,P,Jared,Jared Kelley,Kelley,,0,5500,CWS@NYY,CWS,NYY,,,,,,P
120915-197891,P,Michael,Michael Arias,Arias,0,2,5500,CWS@NYY,NYY,CWS,,,,,,P
120915-146691,P,Asa,Asa Lacy,Lacy,,0,5500,KC@LAA,KC,LAA,IL,Elbow,,,,P
120915-21764,P,Caleb,Caleb Thielbar,Thielbar,4.6923076923076925,65,5500,NYM@CHC,CHC,NYM,,,,,,P
120915-85255,P,Shaun,Shaun Anderson,Anderson,4.857142857142857,7,5500,KC@LAA,LAA,KC,,,,,,P
120915-72971,P,Ben,Ben Heller,Heller,4.5,8,5500,NYM@CHC,CHC,NYM,IL,Undisclosed,,,,P
120915-197900,P,Luis,Luis Perales,Perales,0,2,5500,BOS@TOR,BOS,TOR,IL,Elbow,,,,P
120915-146706,P,Robert,Robert Dominguez,Dominguez,,0,5500,NYM@CHC,NYM,CHC,,,,,,P
120915-187669,P,Ty,Ty Adcock,Adcock,7,3,5500,NYM@CHC,NYM,CHC,,,,,,P
120915-197919,P,Jairo,Jairo Iriarte,Iriarte,5.5,6,5500,CWS@NYY,CWS,NYY,,,,,,P
120915-116002,P,Joel,Joel Kuhnel,Kuhnel,5,6,5500,CWS@NYY,NYY,CWS,,,,,,P
120915-146721,P,Jeff,Jeff Criswell,Criswell,9.846153846153847,13,5500,COL@SEA,COL,SEA,IL,Elbow,,,,P
120915-146727,P,Justin,Justin Lange,Lange,,0,5500,CWS@NYY,NYY,CWS,IL,Undisclosed,,,,P
120915-85289,P,Nick,Nick Anderson,Anderson,3.6666666666666665,12,5500,COL@SEA,SEA,COL,,,,,,P
120915-79148,P,A.J.,A.J. Puckett,Puckett,,0,5500,NYM@CHC,CHC,NYM,,,,,,P
120915-146740,P,CJ,CJ Van Eyk,Van Eyk,,0,5500,BOS@TOR,TOR,BOS,,,,,,P
120915-193844,P,Evan,Evan Justice,Justice,4,1,5500,COL@SEA,COL,SEA,,,,,,P
120915-152888,P,Sam,Sam Long,Long,4.2894736842105265,38,5500,KC@LAA,KC,LAA,,,,,,P
120915-185662,P,Sammy,Sammy Peralta,Peralta,5.75,4,5500,KC@LAA,LAA,KC,,,,,,P
120915-211265,P,Seth,Seth Halvorsen,Halvorsen,4.175,42,5500,COL@SEA,COL,SEA,IL,Elbow,,,,P
120915-174406,P,Huascar,Huascar Brazoban,Brazoban,6.06,50,5500,NYM@CHC,NYM,CHC,,,,,,P
120915-79172,P,Luis,Luis Ortiz,Ortiz,-4,3,5500,NYM@CHC,NYM,CHC,IL,Elbow,,,,P
120915-203080,P,Brandon,Brandon Eisert,Eisert,4.9,70,5500,CWS@NYY,CWS,NYY,,,,,,P
120915-181583,P,Prelander,Prelander Berroa,Berroa,7.0588235294117645,17,5500,CWS@NYY,CWS,NYY,IL,Elbow,,,,P
120915-79185,P,Justin,Justin Dunn,Dunn,,0,5500,KC@LAA,KC,LAA,,,,,,P
120915-21846,P,Chris,Chris Devenski,Devenski,6.153846153846154,13,5500,NYM@CHC,NYM,CHC,,,,,,P
120915-118106,P,Victor,Victor Gonzalez,Gonzalez,3.1481481481481484,27,5500,KC@LAA,LAA,KC,,,,,,P
120915-135525,P,Adam,Adam Seminaris,Seminaris,,0,5500,COL@SEA,SEA,COL,,,,,,P
120915-38251,P,Hunter,Hunter Strickland,Strickland,4.7368421052631575,19,5500,KC@LAA,LAA,KC,IL,Shoulder,,,,P
120915-153961,P,Tayler,Tayler Saucedo,Saucedo,4.3,10,5500,COL@SEA,SEA,COL,,,,,,P
120915-79220,P,Kevin,Kevin Gowdy,Gowdy,,0,5500,BOS@TOR,TOR,BOS,,,,,,P
120915-159099,P,Connor,Connor Overton,Overton,0,2,5500,BOS@TOR,TOR,BOS,,,,,,P
120915-225666,P,Paxton,Paxton Schultz,Schultz,9.384615384615385,13,5500,BOS@TOR,TOR,BOS,,,,,,P
120915-225671,P,Zach,Zach Agnos,Agnos,2.75,28,5500,COL@SEA,COL,SEA,,,,,,P
120915-170384,P,Yerry,Yerry de los Santos,de los Santos,6.333333333333333,25,5500,CWS@NYY,NYY,CWS,,,,,,P
120915-79250,P,Junior,Junior Fernandez,Fernandez,,0,5500,NYM@CHC,NYM,CHC,,,,,,P
120915-79258,P,Ryne,Ryne Stanek,Stanek,4.354838709677419,63,5500,NYM@CHC,NYM,CHC,,,,,,P
120915-38303,P,Andrew,Andrew Chafin,Chafin,4.7,42,5500,KC@LAA,LAA,KC,IL,Triceps,,,,P
120915-193949,P,Steven,Steven Cruz,Cruz,4.7272727272727275,45,5500,KC@LAA,KC,LAA,,,,,,P
120915-118191,P,Antonio,Antonio Santos,Santos,,0,5500,NYM@CHC,CHC,NYM,,,,,,P
120915-158131,P,Tyler,Tyler Gilbert,Gilbert,5.5,44,5500,CWS@NYY,CWS,NYY,,,,,,P
120915-118196,P,Ryan,Ryan Hendrix,Hendrix,,0,5500,KC@LAA,KC,LAA,,,,,,P
120915-101815,P,Jimmy,Jimmy Herget,Herget,7.280701754385965,57,5500,COL@SEA,COL,SEA,,,,,,P
120915-136639,P,Burl,Burl Carraway,Carraway,,0,5500,NYM@CHC,CHC,NYM,,,,,,P
120915-40382,P,Luis,Luis Garcia,Garcia,4.4655172413793105,58,5500,KC@LAA,LAA,KC,,,,,,P
120915-101825,P,Jose,Jose Quijada,Quijada,6.5,2,5500,KC@LAA,LAA,KC,,,,,,P
120915-101826,P,Jordan,Jordan Holloway,Holloway,,0,5500,KC@LAA,LAA,KC,,,,,,P
120915-228800,P,Lazaro,Lazaro Estrada,Estrada,15.5,2,5500,BOS@TOR,TOR,BOS,,,,,,P
120915-118216,P,Tyson,Tyson Miller,Miller,5.689655172413793,58,5500,NYM@CHC,CHC,NYM,,,,,,P
120915-101851,P,Brock,Brock Burke,Burke,4.485294117647059,68,5500,KC@LAA,LAA,KC,,,,,,P
120915-101855,P,Trent,Trent Thornton,Thornton,5.121212121212121,33,5500,COL@SEA,SEA,COL,IL,Achilles,,,,P
120915-84452,P,Caleb,Caleb Ferguson,Ferguson,4.134328358208955,68,5500,COL@SEA,SEA,COL,,,,,,P
120915-95737,P,Ian,Ian Hamilton,Hamilton,5.583333333333333,36,5500,CWS@NYY,NYY,CWS,,,,,,P
120915-161273,P,Scott,Scott Effross,Effross,1.8181818181818181,11,5500,CWS@NYY,NYY,CWS,,,,,,P
120915-145916,P,Zach,Zach Pop,Pop,-0.8,5,5500,NYM@CHC,CHC,NYM,,,,,,P
120915-184829,P,McKinley,McKinley Moore,Moore,0,3,5500,CWS@NYY,NYY,CWS,,,,,,P
120915-226819,P,Caleb,Caleb Freeman,Freeman,2.6,5,5500,CWS@NYY,CWS,NYY,,,,,,P
120915-219654,P,Juan,Juan Carela,Carela,,0,5500,CWS@NYY,CWS,NYY,O,Elbow,,,,P
120915-219658,P,Jack,Jack Dashwood,Dashwood,,0,5500,KC@LAA,LAA,KC,,,,,,P
120915-95757,P,Andrew,Andrew Vasquez,Vasquez,,0,5500,KC@LAA,LAA,KC,,,,,,P
120915-138767,P,Jesus,Jesus Cruz,Cruz,,0,5500,KC@LAA,LAA,KC,,,,,,P
120915-119310,P,Noah,Noah Song,Song,,0,5500,BOS@TOR,BOS,TOR,,,,,,P
120915-119315,P,Kohl,Kohl Franklin,Franklin,,0,5500,NYM@CHC,CHC,NYM,IL,Elbow,,,,P
120915-210448,P,Luis,Luis Peralta,Peralta,2,20,5500,COL@SEA,COL,SEA,,,,,,P
120915-101911,P,Reed,Reed Garrett,Garrett,5.428571428571429,58,5500,NYM@CHC,NYM,CHC,IL,Elbow,,,,P
120915-119319,P,Ryan,Ryan Jensen,Jensen,,0,5500,NYM@CHC,CHC,NYM,,,,,,P
120915-210475,P,Ryan,Ryan Zeferjahn,Zeferjahn,5.593220338983051,60,5500,KC@LAA,LAA,KC,,,,,,P
120915-119336,P,Karl,Karl Kauffmann,Kauffmann,0,1,5500,COL@SEA,COL,SEA,,,,,,P
120915-119347,P,Jonathan,Jonathan Bowlan,Bowlan,6.625,32,5500,KC@LAA,KC,LAA,,,,,,P
120915-219696,P,Eric,Eric Cerantola,Cerantola,,0,5500,KC@LAA,KC,LAA,,,,,,P
120915-181815,P,Brent,Brent Headrick,Headrick,7.9411764705882355,17,5500,CWS@NYY,NYY,CWS,IL,Forearm,,,,P
120915-181816,P,Casey,Casey Legumina,Legumina,5.2444444444444445,46,5500,COL@SEA,SEA,COL,,,,,,P
120915-222783,P,Grant,Grant Taylor,Taylor,6.515151515151516,35,5500,CWS@NYY,CWS,NYY,,,,,,P
120915-119356,P,Oliver,Oliver Ortega,Ortega,0,1,5500,NYM@CHC,NYM,CHC,,,,,,P
120915-119358,P,Antoine,Antoine Kelly,Kelly,0,1,5500,COL@SEA,COL,SEA,,,,,,P
120915-181826,P,Colby,Colby White,White,0,1,5500,CWS@NYY,NYY,CWS,,,,,,P
120915-222784,P,Hagen,Hagen Smith,Smith,,0,5500,CWS@NYY,CWS,NYY,,,,,,P
120915-80460,P,John,John Brebbia,Brebbia,4.2727272727272725,22,5500,BOS@TOR,BOS,TOR,,,,,,P
120915-207438,P,Fraser,Fraser Ellard,Ellard,5.235294117647059,17,5500,CWS@NYY,CWS,NYY,,,,,,P
120915-119375,P,Dedniel,Dedniel Nunez,Nunez,5.222222222222222,10,5500,NYM@CHC,NYM,CHC,IL,Elbow,,,,P
120915-228948,P,Alex,Alex Carrillo,Carrillo,1.6666666666666667,3,5500,NYM@CHC,NYM,CHC,,,,,,P
120915-150107,P,Tommy,Tommy Nance,Nance,6.107142857142857,28,5500,BOS@TOR,TOR,BOS,,,,,,P
120915-181848,P,Tom,Tom Cosgrove,Cosgrove,9,2,5500,NYM@CHC,CHC,NYM,,,,,,P
120915-16989,P,Wilking,Wilking Rodriguez,Rodriguez,,0,5500,CWS@NYY,NYY,CWS,,,,,,P
120915-85600,P,Ryan,Ryan Burr,Burr,10.5,2,5500,BOS@TOR,TOR,BOS,IL,Shoulder,,,,P
120915-82535,P,Kyle,Kyle Wright,Wright,0,1,5500,KC@LAA,KC,LAA,IL,Oblique,,,,P
120915-82541,P,Bryan,Bryan Mata,Mata,0,2,5500,BOS@TOR,BOS,TOR,,,,,,P
120915-222828,P,Jacob,Jacob Webb,Webb,,0,5500,BOS@TOR,BOS,TOR,,,,,,P
120915-162419,P,Matt,Matt Brash,Brash,5.269230769230769,52,5500,COL@SEA,SEA,COL,,,,,,P
120915-180848,P,Angel,Angel Felipe,Felipe,0,2,5500,KC@LAA,LAA,KC,,,,,,P
120915-82546,P,Adbert,Adbert Alzolay,Alzolay,3.888888888888889,18,5500,NYM@CHC,NYM,CHC,IL,Elbow,,,,P
120915-82549,P,Brendon,Brendon Little,Little,5.726027397260274,76,5500,BOS@TOR,TOR,BOS,,,,,,P
120915-119413,P,Isaiah,Isaiah Campbell,Campbell,2.3333333333333335,6,5500,BOS@TOR,BOS,TOR,,,,,,P
120915-222843,P,Jurrangelo,Jurrangelo Cijntje,Cijntje,,0,5500,COL@SEA,SEA,COL,,,,,,P
120915-70271,P,Carlos,Carlos Estevez,Estevez,4.863636363636363,66,5500,KC@LAA,KC,LAA,,,,,,P
120915-82564,P,Yency,Yency Almonte,Almonte,5.588235294117647,17,5500,NYM@CHC,CHC,NYM,,,,,,P
120915-62087,P,Miguel,Miguel Castro,Castro,2.5,6,5500,CWS@NYY,CWS,NYY,IL,Knee,,,,P
120915-110216,P,Stephen,Stephen Nogosek,Nogosek,,0,5500,KC@LAA,KC,LAA,,,,,,P
120915-110219,P,Sean,Sean Poppen,Poppen,,0,5500,KC@LAA,LAA,KC,,,,,,P
120915-82572,P,Gregory,Gregory Soto,Soto,4.5,68,5500,NYM@CHC,NYM,CHC,,,,,,P
120915-165531,P,Sam,Sam Weatherly,Weatherly,,0,5500,COL@SEA,COL,SEA,,,,,,P
120915-82587,P,Richard,Richard Lovelady,Lovelady,3.8,10,5500,NYM@CHC,NYM,CHC,,,,,,P
120915-119451,P,Matt,Matt Cronin,Cronin,,0,5500,COL@SEA,SEA,COL,IL,Undisclosed,,,,P
120915-165529,P,Jaden,Jaden Hill,Hill,5.48,26,5500,COL@SEA,COL,SEA,,,,,,P
120915-164510,P,Victor,Victor Vodnik,Vodnik,5.38,51,5500,COL@SEA,COL,SEA,,,,,,P
120915-82591,P,Chris,Chris Rodriguez,Rodriguez,,0,5500,CWS@NYY,CWS,NYY,IL,Undisclosed,,,,P
120915-203420,P,Austin,Austin Kitchen,Kitchen,0,4,5500,COL@SEA,SEA,COL,,,,,,P
120915-222881,P,Ryan,Ryan Johnson,Johnson,4.769230769230769,14,5500,KC@LAA,LAA,KC,,,,,,P
120915-38563,P,Yimi,Yimi Garcia,Garcia,5.318181818181818,22,5500,BOS@TOR,TOR,BOS,IL,Elbow,,,,P
120915-164517,P,Chris,Chris Murphy,Murphy,7.095238095238095,21,5500,BOS@TOR,BOS,TOR,,,,,,P
120915-220836,P,Angel,Angel Bastardo,Bastardo,,0,5500,BOS@TOR,TOR,BOS,IL,Elbow,,,,P
120915-164522,P,Wikelman,Wikelman Gonzalez,Gonzalez,7.75,16,5500,CWS@NYY,CWS,NYY,IL,Elbow,,,,P
120915-165545,P,Tanner,Tanner McDougal,McDougal,,0,5500,CWS@NYY,CWS,NYY,,,,,,P
120915-164530,P,Caleb,Caleb Kilian,Kilian,19,2,5500,NYM@CHC,CHC,NYM,,,,,,P
120915-222898,P,Mason,Mason Fluharty,Fluharty,4.88,53,5500,BOS@TOR,TOR,BOS,,,,,,P
120915-114360,P,Devin,Devin Williams,Williams,5.671875,65,5500,CWS@NYY,NYY,CWS,,,,,,P
120915-165566,P,Ben,Ben Kudrna,Kudrna,,0,5500,KC@LAA,KC,LAA,,,,,,P
120915-165564,P,Frank,Frank Mozzicato,Mozzicato,,0,5500,KC@LAA,KC,LAA,,,,,,P
120915-165570,P,Ben,Ben Hernandez,Hernandez,,0,5500,COL@SEA,SEA,COL,,,,,,P
120915-165572,P,Noah,Noah Murdock,Murdock,3.4615384615384617,14,5500,KC@LAA,KC,LAA,,,,,,P
120915-119494,P,Andrew,Andrew Dalquist,Dalquist,,0,5500,CWS@NYY,CWS,NYY,,,,,,P
120915-119496,P,Matt,Matt Thompson,Thompson,,0,5500,NYM@CHC,CHC,NYM,,,,,,P
120915-165577,P,Sam,Sam Bachman,Bachman,4.631578947368421,21,5500,KC@LAA,LAA,KC,,,,,,P
120915-165582,P,Robinson,Robinson Pina,Pina,2,2,5500,BOS@TOR,TOR,BOS,IL,Elbow,,,,P
120915-82639,P,Ryan,Ryan Helsley,Helsley,5,57,5500,NYM@CHC,NYM,CHC,,,,,,P
120915-165586,P,Mason,Mason Albright,Albright,,0,5500,COL@SEA,COL,SEA,,,,,,P
120915-165585,P,Erik,Erik Rivera,Rivera,,0,5500,BOS@TOR,BOS,TOR,,,,,,P
120915-198352,P,Shane,Shane Drohan,Drohan,0,1,5500,BOS@TOR,BOS,TOR,,,,,,P
120915-179924,P,Gavin,Gavin Hollowell,Hollowell,6.142857142857143,7,5500,NYM@CHC,CHC,NYM,,,,,,P
120915-198356,P,Justin,Justin Slaten,Slaten,4.088235294117647,35,5500,BOS@TOR,BOS,TOR,,,,,,P
120915-198361,P,Carson,Carson Coleman,Coleman,0,1,5500,CWS@NYY,NYY,CWS,,,,,,P
120915-228057,P,Jayvien,Jayvien Sandridge,Sandridge,2,1,5500,CWS@NYY,NYY,CWS,,,,,,P
120915-82653,P,Ryan,Ryan Borucki,Borucki,4.026315789473684,39,5500,BOS@TOR,TOR,BOS,,,,,,P
120915-14049,P,Bryan,Bryan Shaw,Shaw,2.4,5,5500,COL@SEA,SEA,COL,,,,,,P
120915-82656,P,Nate,Nate Pearson,Pearson,1.8181818181818181,11,5500,NYM@CHC,CHC,NYM,,,,,,P
120915-181985,P,Guillo,Guillo Zuniga,Zuniga,4.214285714285714,15,5500,COL@SEA,SEA,COL,,,,,,P
120915-187105,P,Joe,Joe La Sorsa,La Sorsa,0.4,5,5500,NYM@CHC,NYM,CHC,,,,,,P
120915-187110,P,Ben,Ben Joyce,Joyce,2.6,5,5500,KC@LAA,LAA,KC,IL,Shoulder,,,,P
120915-81640,P,Yacksel,Yacksel Rios,Rios,,0,5500,NYM@CHC,NYM,CHC,,,,,,P
120915-81642,P,A.J.,A.J. Minter,Minter,5.3076923076923075,13,5500,NYM@CHC,NYM,CHC,IL,Lat,,,,P
120915-228072,P,Jake,Jake Palisch,Palisch,-3,1,5500,CWS@NYY,CWS,NYY,,,,,,P
120915-84727,P,Drew,Drew Smith,Smith,5.7894736842105265,19,5500,NYM@CHC,NYM,CHC,IL,Elbow,,,,P
120915-165625,P,Calvin,Calvin Ziegler,Ziegler,,0,5500,NYM@CHC,NYM,CHC,IL,Elbow,,,,P
120915-84732,P,Robert,Robert Stock,Stock,1,2,5500,BOS@TOR,BOS,TOR,,,,,,P
120915-165635,P,Brendan,Brendan Beck,Beck,,0,5500,CWS@NYY,NYY,CWS,,,,,,P
120915-228101,P,Jonathan,Jonathan Pintaro,Pintaro,-1,1,5500,NYM@CHC,NYM,CHC,,,,,,P
120915-165637,P,Brock,Brock Selvidge,Selvidge,,0,5500,CWS@NYY,NYY,CWS,,,,,,P
120915-165653,P,Cristian,Cristian Hernandez,Hernandez,,0,5500,CWS@NYY,NYY,CWS,,,,,,P
120915-161563,P,Jovani,Jovani Moran,Moran,9,2,5500,BOS@TOR,BOS,TOR,,,,,,P
120915-211737,P,Luis,Luis Guerrero,Guerrero,4.461538461538462,13,5500,BOS@TOR,BOS,TOR,IL,Elbow,,,,P
120915-199460,P,Jordan,Jordan Leasure,Leasure,5.846153846153846,66,5500,CWS@NYY,CWS,NYY,,,,,,P
120915-165674,P,Adam,Adam Macko,Macko,0,1,5500,BOS@TOR,TOR,BOS,,,,,,P
120915-165682,P,Michael,Michael Morales,Morales,,0,5500,COL@SEA,SEA,COL,,,,,,P
120915-182064,P,Chris,Chris Clarke,Clarke,,0,5500,NYM@CHC,CHC,NYM,,,,,,P
120915-53043,P,Jesse,Jesse Hahn,Hahn,5,3,5500,COL@SEA,SEA,COL,,,,,,P
120915-182065,P,Zach,Zach Greene,Greene,,0,5500,CWS@NYY,NYY,CWS,,,,,,P
120915-178997,P,Greg,Greg Weissert,Weissert,4.742857142857143,70,5500,BOS@TOR,BOS,TOR,,,,,,P
120915-13118,P,Justin,Justin Wilson,Wilson,4.932203389830509,60,5500,BOS@TOR,BOS,TOR,,,,,,P
120915-116548,P,Tyler,Tyler Rogers,Rogers,4.384615384615385,78,5500,NYM@CHC,NYM,CHC,,,,,,P
120915-119622,P,Matt,Matt Allan,Allan,,0,5500,NYM@CHC,NYM,CHC,,,,,,P
120915-232267,P,David,David Sandlin,Sandlin,,0,5500,BOS@TOR,BOS,TOR,,,,,,P
120915-84815,P,Joey,Joey Krehbiel,Krehbiel,,0,5500,KC@LAA,KC,LAA,,,,,,P
120915-163660,P,Steven,Steven Wilson,Wilson,4.7894736842105265,58,5500,CWS@NYY,CWS,NYY,,,,,,P
120915-163664,P,Tommy,Tommy Romero,Romero,0,2,5500,NYM@CHC,CHC,NYM,,,,,,P
120915-165719,P,Irv,Irv Carter,Carter,,0,5500,BOS@TOR,TOR,BOS,,,,,,P
120915-165722,P,Chad,Chad Dallas,Dallas,,0,5500,BOS@TOR,TOR,BOS,IL,Undisclosed,,,,P
120915-213851,P,Domingo,Domingo Gonzalez,Gonzalez,,0,5500,COL@SEA,SEA,COL,,,,,,P
120915-163673,P,Jorge,Jorge Juan,Juan,,0,5500,BOS@TOR,BOS,TOR,,,,,,P
120915-163677,P,James,James McArthur,McArthur,4.618181818181818,57,5500,KC@LAA,KC,LAA,IL,Elbow,,,,P
120915-163682,P,Ethan,Ethan Roberts,Roberts,3.3,10,5500,NYM@CHC,CHC,NYM,,,,,,P
120915-11108,P,Aroldis,Aroldis Chapman,Chapman,6.515151515151516,66,5500,BOS@TOR,BOS,TOR,,,,,,P
120915-163688,P,Collin,Collin Snider,Snider,4.791666666666667,24,5500,COL@SEA,SEA,COL,,,,,,P
120915-163697,P,Hagen,Hagen Danner,Danner,0,1,5500,COL@SEA,SEA,COL,,,,,,P
120915-15225,P,Liam,Liam Hendriks,Hendriks,3.357142857142857,14,5500,BOS@TOR,BOS,TOR,IL,Hip,,,,P
120915-82810,P,Elieser,Elieser Hernandez,Hernandez,5.25,9,5500,BOS@TOR,TOR,BOS,,,,,,P
120915-68476,P,Taylor,Taylor Rogers,Rogers,5.018867924528302,56,5500,NYM@CHC,CHC,NYM,,,,,,P
120915-161675,P,Jonathan,Jonathan Heasley,Heasley,-0.5,5,5500,KC@LAA,KC,LAA,,,,,,P
120915-23437,P,Brooks,Brooks Raley,Raley,4.888888888888889,27,5500,NYM@CHC,NYM,CHC,,,,,,P
120915-170895,P,Jake,Jake Bird,Bird,6.085106382978723,48,5500,CWS@NYY,NYY,CWS,,,,,,P
120915-68510,P,Amir,Amir Garrett,Garrett,6.666666666666667,8,5500,BOS@TOR,TOR,BOS,,,,,,P
120915-157600,P,Austin,Austin Warren,Warren,11.6,5,5500,NYM@CHC,NYM,CHC,,,,,,P
120915-68520,P,Michael,Michael Fulmer,Fulmer,5.666666666666667,3,5500,COL@SEA,SEA,COL,,,,,,P
120915-179118,P,Zack,Zack Kelly,Kelly,6.583333333333333,25,5500,BOS@TOR,BOS,TOR,,,,,,P
120915-68527,P,Jose,Jose De Leon,De Leon,,0,5500,BOS@TOR,BOS,TOR,,,,,,P
120915-52143,P,Hunter,Hunter Harvey,Harvey,5.916666666666667,12,5500,KC@LAA,KC,LAA,IL,Groin,,,,P
120915-102318,P,Ryan,Ryan Rolison,Rolison,3.5161290322580645,31,5500,COL@SEA,COL,SEA,,,,,,P
120915-52152,P,Robert,Robert Stephenson,Stephenson,5.7272727272727275,12,5500,KC@LAA,LAA,KC,IL,Elbow,,,,P
120915-175032,P,Brennan,Brennan Bernardino,Bernardino,4.703703703703703,55,5500,BOS@TOR,BOS,TOR,IL,Lat,,,,P
120915-102332,P,Jackson,Jackson Kowar,Kowar,5.6,15,5500,COL@SEA,SEA,COL,IL,Shoulder,,,,P
120915-68548,P,Edwin,Edwin Diaz,Diaz,8.05084745762712,59,5500,NYM@CHC,NYM,CHC,,,,,,P
120915-68556,P,Dillon,Dillon Tate,Tate,5.666666666666667,6,5500,BOS@TOR,TOR,BOS,,,,,,P
120915-68561,P,Luke,Luke Weaver,Weaver,5.548387096774194,62,5500,CWS@NYY,NYY,CWS,,,,,,P
120915-189393,P,Daniel,Daniel Palencia,Palencia,5.686274509803922,53,5500,NYM@CHC,CHC,NYM,,,,,,P
120915-52192,P,Luke,Luke Jackson,Jackson,4.042553191489362,50,5500,COL@SEA,SEA,COL,,,,,,P
120915-70629,P,Jacob,Jacob Barnes,Barnes,2.5,6,5500,BOS@TOR,TOR,BOS,,,,,,P
120915-187367,P,Nick,Nick Robertson,Robertson,7.111111111111111,9,5500,KC@LAA,KC,LAA,,,,,,P
120915-169957,P,Danny,Danny Young,Young,5.2,10,5500,NYM@CHC,NYM,CHC,IL,Elbow,,,,P
120915-102376,P,Garrett,Garrett Whitlock,Whitlock,7.75,61,5500,BOS@TOR,BOS,TOR,,,,,,P
120915-79852,P,Lucas,Lucas Erceg,Erceg,5.278688524590164,61,5500,KC@LAA,KC,LAA,IL,Shoulder,,,,P
120915-82924,P,Tim,Tim Hill,Hill,3.8823529411764706,69,5500,CWS@NYY,NYY,CWS,,,,,,P
120915-102397,P,Wyatt,Wyatt Mills,Mills,,0,5500,BOS@TOR,BOS,TOR,,,,,,P
120915-60643,OF,Aaron,Aaron Judge,Judge,15.811487146326014,148,4700,CWS@NYY,NYY,CWS,,,,,,OF/UTIL
120915-102554,C,Cal,Cal Raleigh,Raleigh,14.30193579889113,155,4500,COL@SEA,SEA,COL,,,,,,C/1B/UTIL
120915-79282,OF,Juan,Juan Soto,Soto,14.37371826171875,156,4300,NYM@CHC,NYM,CHC,,,,,,OF/UTIL
120915-102400,OF,Julio,Julio Rodriguez,Rodriguez,12.226114649681529,157,4100,COL@SEA,SEA,COL,,,,,,OF/UTIL
120915-119349,SS,Bobby,Bobby Witt Jr.,Witt Jr.,12.340259898792613,154,4000,KC@LAA,KC,LAA,,,,,,SS/UTIL
120915-16952,SS,Francisco,Francisco Lindor,Lindor,12.391666510166266,156,3900,NYM@CHC,NYM,CHC,,,,,,SS/UTIL
120915-16983,OF,George,George Springer,Springer,12.552940817440257,136,3900,BOS@TOR,TOR,BOS,,,,,,OF/UTIL
120915-82527,2B/3B,Jazz,Jazz Chisholm Jr.,Chisholm Jr.,12.38888888888889,126,3900,CWS@NYY,NYY,CWS,,,,,,2B/3B/UTIL
120915-79125,OF,Kyle,Kyle Tucker,Tucker,12.430827434797932,133,3700,NYM@CHC,CHC,NYM,IL,Calf,,,,OF/UTIL
120915-79159,OF/1B,Cody,Cody Bellinger,Bellinger,11.410134805215371,148,3600,CWS@NYY,NYY,CWS,,,,,,C/1B/OF/UTIL
120915-79273,1B,Vladimir,Vladimir Guerrero Jr.,Guerrero Jr.,11.212500321237664,152,3600,BOS@TOR,TOR,BOS,,,,,,C/1B/UTIL
120915-52158,SS,Trevor,Trevor Story,Story,11.179869812804384,154,3600,BOS@TOR,BOS,TOR,,,,,,SS/UTIL
120915-12302,OF,Giancarlo,Giancarlo Stanton,Stanton,10.665753090218322,73,3500,CWS@NYY,NYY,CWS,,,,,,OF/UTIL
120915-21633,3B,Eugenio,Eugenio Suarez,Suarez,11.651612903225807,155,3500,COL@SEA,SEA,COL,,,,,,3B/UTIL
120915-79223,1B,Josh,Josh Naylor,Naylor,11.329655509159483,145,3500,COL@SEA,SEA,COL,,,,,,C/1B/UTIL
120915-119311,OF,Jarren,Jarren Duran,Duran,11.188311688311689,154,3500,BOS@TOR,BOS,TOR,,,,,,OF/UTIL
120915-82533,OF,Daulton,Daulton Varsho,Varsho,11.198507280492072,67,3500,BOS@TOR,TOR,BOS,,,,,,OF/UTIL
120915-82614,1B,Pete,Pete Alonso,Alonso,11.88797499258307,158,3500,NYM@CHC,NYM,CHC,,,,,,C/1B/UTIL
120915-79092,OF,Ian,Ian Happ,Happ,10.595890410958905,146,3400,NYM@CHC,CHC,NYM,,,,,,OF/UTIL
120915-79151,OF,Taylor,Taylor Ward,Ward,11.082467215401786,154,3400,KC@LAA,LAA,KC,,,,,,OF/UTIL
120915-68522,3B,Alex,Alex Bregman,Bregman,10.674999782017299,112,3400,BOS@TOR,BOS,TOR,,,,,,3B/UTIL
120915-185300,SS,Zach,Zach Neto,Neto,11.643750190734863,128,3400,KC@LAA,LAA,KC,IL,Hand,,,,SS/UTIL
120915-85261,OF,Randy,Randy Arozarena,Arozarena,11.221794715294472,156,3300,COL@SEA,SEA,COL,,,,,,OF/UTIL
120915-79175,OF,Trent,Trent Grisham,Grisham,10.617266538331835,139,3300,CWS@NYY,NYY,CWS,,,,,,OF/UTIL
120915-167012,OF,Seiya,Seiya Suzuki,Suzuki,10.5122452301233,147,3200,NYM@CHC,CHC,NYM,,,,,,OF/UTIL
120915-146704,OF,Pete,Pete Crow-Armstrong,Crow-Armstrong,11.394117966196895,153,3200,NYM@CHC,CHC,NYM,,,,,,OF/UTIL
120915-12933,OF,Mike,Mike Trout,Trout,10.008729964967758,126,3200,KC@LAA,LAA,KC,,,,,,OF/UTIL
120915-17097,OF,Brandon,Brandon Nimmo,Nimmo,10.35960297237169,151,3200,NYM@CHC,NYM,CHC,,,,,,OF/UTIL
120915-82654,SS,Bo,Bo Bichette,Bichette,11.302877522200989,139,3200,BOS@TOR,TOR,BOS,IL,Knee,,,,SS/UTIL
120915-163689,3B/2B/OF,Maikel,Maikel Garcia,Garcia,10.24458614276473,157,3200,KC@LAA,KC,LAA,,,,,,2B/3B/OF/UTIL
120915-198870,OF,Roman,Roman Anthony,Anthony,11.008450360365316,71,3100,BOS@TOR,BOS,TOR,IL,Oblique,,,,OF/UTIL
120915-203111,C/1B,Ben,Ben Rice,Rice,9.666666666666666,135,3100,CWS@NYY,NYY,CWS,,,,,,C/1B/UTIL
120915-79211,OF,Mickey,Mickey Moniak,Moniak,9.14370388454861,135,3100,COL@SEA,COL,SEA,,,,,,OF/UTIL
120915-82580,OF,Jo,Jo Adell,Adell,9.670269940350506,148,3100,KC@LAA,LAA,KC,,,,,,OF/UTIL
120915-165527,OF/C/1B,Hunter,Hunter Goodman,Goodman,10.41773066960328,141,3100,COL@SEA,COL,SEA,,,,,,C/1B/OF/UTIL
120915-165535,SS/3B,Colson,Colson Montgomery,Montgomery,11.01940280288013,67,3100,CWS@NYY,CWS,NYY,,,,,,3B/SS/UTIL
120915-165571,1B,Vinnie,Vinnie Pasquantino,Pasquantino,10.40764331210191,157,3100,KC@LAA,KC,LAA,,,,,,C/1B/UTIL
120915-102301,2B/SS,Nico,Nico Hoerner,Hoerner,9.80526331851357,152,3100,NYM@CHC,CHC,NYM,,,,,,2B/SS/UTIL
120915-13266,C/1B,Salvador,Salvador Perez,Perez,9.290131418328537,152,3100,KC@LAA,KC,LAA,,,,,,C/1B/UTIL
120915-21874,2B/3B,Jorge,Jorge Polanco,Polanco,9.675735473632812,136,3000,COL@SEA,SEA,COL,,,,,,2B/3B/UTIL
120915-119352,1B,Michael,Michael Busch,Busch,10.01192085316639,151,3000,NYM@CHC,CHC,NYM,,,,,,C/1B/UTIL
120915-181830,3B/OF,Addison,Addison Barger,Barger,9.000763172411737,131,3000,BOS@TOR,TOR,BOS,,,,,,3B/OF/UTIL
120915-119395,OF,Jasson,Jasson Dominguez,Dominguez,8.767768796810435,121,3000,CWS@NYY,NYY,CWS,,,,,,OF/UTIL
120915-82734,OF,Luis,Luis Robert Jr.,Robert Jr.,9.935454767400568,110,3000,CWS@NYY,CWS,NYY,IL,Hamstring,,,,OF/UTIL
120915-198880,OF,Jordan,Jordan Beck,Beck,8.911723801185344,145,2900,COL@SEA,COL,SEA,,,,,,OF/UTIL
120915-161418,2B/1B/3B,Romy,Romy Gonzalez,Gonzalez,9.41170225752161,94,2900,BOS@TOR,BOS,TOR,,,,,,C/1B/2B/3B/UTIL
120915-82615,3B,Mark,Mark Vientos,Vientos,8.235593116889566,118,2900,NYM@CHC,NYM,CHC,,,,,,3B/UTIL
120915-68586,SS,Dansby,Dansby Swanson,Swanson,9.641290480090726,155,2900,NYM@CHC,CHC,NYM,,,,,,SS/UTIL
120915-193598,1B,Nolan,Nolan Schanuel,Schanuel,9.066153658353365,130,2800,KC@LAA,LAA,KC,,,,,,C/1B/UTIL
120915-73871,C,Carson,Carson Kelly,Kelly,8.73944931730218,109,2800,NYM@CHC,CHC,NYM,,,,,,C/1B/UTIL
120915-146682,OF,Brenton,Brenton Doyle,Doyle,8.177777777777777,135,2800,COL@SEA,COL,SEA,,,,,,OF/UTIL
120915-146716,C,Austin,Austin Wells,Wells,8.558536188389228,123,2800,CWS@NYY,NYY,CWS,,,,,,C/1B/UTIL
120915-85285,1B,Nathaniel,Nathaniel Lowe,Lowe,8.659731871329697,149,2800,BOS@TOR,BOS,TOR,,,,,,C/1B/UTIL
120915-181811,OF/2B/SS,Ceddanne,Ceddanne Rafaela,Rafaela,8.898684049907484,152,2800,BOS@TOR,BOS,TOR,,,,,,2B/SS/OF/UTIL
120915-119372,OF/3B/1B,Miguel,Miguel Vargas,Vargas,9.144030215135261,134,2800,CWS@NYY,CWS,NYY,,,,,,C/1B/3B/OF/UTIL
120915-222837,C,Moises,Moises Ballesteros,Ballesteros,9.588235294117647,17,2800,NYM@CHC,CHC,NYM,,,,,,C/1B/UTIL
120915-82555,SS/2B/3B/OF,Willi,Willi Castro,Castro,8.026050215007878,119,2800,NYM@CHC,CHC,NYM,,,,,,2B/3B/SS/OF/UTIL
120915-163674,SS,Ezequiel,Ezequiel Tovar,Tovar,8.132966764680631,91,2800,COL@SEA,COL,SEA,,,,,,SS/UTIL
120915-68495,OF,Andrew,Andrew Benintendi,Benintendi,9.318103658741919,116,2800,CWS@NYY,CWS,NYY,IL,Achilles,,,,OF/UTIL
120915-68514,3B,Ryan,Ryan McMahon,McMahon,7.7105263157894735,152,2800,CWS@NYY,NYY,CWS,,,,,,3B/UTIL
120915-52179,SS,J.P.,J.P. Crawford,Crawford,8.635065252130682,154,2800,COL@SEA,SEA,COL,,,,,,SS/UTIL
120915-185303,SS/2B/3B/OF,Jose,Jose Caballero,Caballero,8.521950822535569,123,2800,CWS@NYY,NYY,CWS,,,,,,2B/3B/SS/OF/UTIL
120915-189530,OF,Dominic,Dominic Canzone,Canzone,7.820253010037579,79,2700,COL@SEA,SEA,COL,,,,,,OF/UTIL
120915-135260,C,Logan,Logan O'Hoppe,O'Hoppe,7.108695652173913,115,2700,KC@LAA,LAA,KC,,,,,,C/1B/UTIL
120915-61553,3B,Yoan,Yoan Moncada,Moncada,8.503658387719131,82,2700,KC@LAA,LAA,KC,,,,,,3B/UTIL
120915-197762,C,Carlos,Carlos Narvaez,Narvaez,8.294827691439924,116,2700,BOS@TOR,BOS,TOR,,,,,,C/1B/UTIL
120915-198877,3B,Matt,Matt Shaw,Shaw,8.116260063357469,123,2700,NYM@CHC,CHC,NYM,,,,,,3B/UTIL
120915-85307,2B/OF,Jeff,Jeff McNeil,McNeil,8.335294322807249,119,2700,NYM@CHC,NYM,CHC,,,,,,2B/OF/UTIL
120915-181662,OF,Nathan,Nathan Lukes,Lukes,7.299999906816556,131,2700,BOS@TOR,TOR,BOS,,,,,,OF/UTIL
120915-53757,OF,Rob,Rob Refsnyder,Refsnyder,8.114705702837776,68,2700,BOS@TOR,BOS,TOR,,,,,,OF/UTIL
120915-119333,OF/2B,Tyler,Tyler Freeman,Freeman,8.35909090909091,110,2700,COL@SEA,COL,SEA,DTD,Back,,,,2B/OF/UTIL
120915-119396,SS,Anthony,Anthony Volpe,Volpe,8.966442953020135,149,2700,CWS@NYY,NYY,CWS,,,,,,SS/UTIL
120915-222860,2B,Christian,Christian Moore,Moore,7.281632403938138,49,2700,KC@LAA,LAA,KC,,,,,,2B/UTIL
120915-119444,C,Alejandro,Alejandro Kirk,Kirk,8.3220474363312,127,2700,BOS@TOR,TOR,BOS,,,,,,C/1B/UTIL
120915-12968,1B,Paul,Paul Goldschmidt,Goldschmidt,7.996478873239437,142,2700,CWS@NYY,NYY,CWS,,,,,,C/1B/UTIL
120915-181987,OF,Masataka,Masataka Yoshida,Yoshida,7.407842897901348,51,2700,BOS@TOR,BOS,TOR,,,,,,OF/UTIL
120915-53033,OF,Mike,Mike Yastrzemski,Yastrzemski,7.96014020159528,143,2700,KC@LAA,KC,LAA,,,,,,OF/UTIL
120915-102365,C,Francisco,Francisco Alvarez,Alvarez,8.564383728863442,73,2700,NYM@CHC,NYM,CHC,,,,,,C/1B/UTIL
120915-12310,1B,Carlos,Carlos Santana,Santana,7.7241934499432965,124,2600,NYM@CHC,CHC,NYM,,,,,,C/1B/UTIL
120915-135314,2B/SS/3B/1B,Ernie,Ernie Clement,Clement,7.649019926981209,153,2600,BOS@TOR,TOR,BOS,,,,,,C/1B/2B/3B/SS/UTIL
120915-198869,C,Kyle,Kyle Teel,Teel,9.037837672877956,74,2600,CWS@NYY,CWS,NYY,,,,,,C/1B/UTIL
120915-70898,2B/3B/OF,Adam,Adam Frazier,Frazier,6.760769418569711,130,2600,KC@LAA,KC,LAA,,,,,,2B/3B/OF/UTIL
120915-226808,1B,Blaine,Blaine Crim,Crim,10.612500190734863,16,2600,COL@SEA,COL,SEA,,,,,,C/1B/UTIL
120915-119376,3B/2B,Brett,Brett Baty,Baty,7.646093845367432,128,2600,NYM@CHC,NYM,CHC,,,,,,2B/3B/UTIL
120915-82536,OF,Cedric,Cedric Mullins,Mullins,9.10763340141937,131,2600,NYM@CHC,NYM,CHC,,,,,,OF/UTIL
120915-116339,3B/1B/2B,Abraham,Abraham Toro,Toro,7.2740256569602275,77,2600,BOS@TOR,BOS,TOR,,,,,,C/1B/2B/3B/UTIL
120915-165544,2B/3B/1B,Lenyn,Lenyn Sosa,Sosa,8.356204735971716,137,2600,CWS@NYY,CWS,NYY,,,,,,C/1B/2B/3B/UTIL
120915-82617,2B,Andres,Andres Gimenez,Gimenez,7.299999748308634,97,2600,BOS@TOR,TOR,BOS,,,,,,2B/UTIL
120915-165575,SS,Denzer,Denzer Guzman,Guzman,5.511110941569011,9,2600,KC@LAA,LAA,KC,,,,,,SS/UTIL
120915-165579,C,Carter,Carter Jensen,Jensen,10.225000381469727,16,2600,KC@LAA,KC,LAA,,,,,,C/1B/UTIL
120915-81622,C,Mitch,Mitch Garver,Garver,6.635714576357887,84,2600,COL@SEA,SEA,COL,,,,,,C/1B/UTIL
120915-102308,2B/3B/OF,Jonathan,Jonathan India,India,7.83880615234375,134,2600,KC@LAA,KC,LAA,,,,,,2B/3B/OF/UTIL
120915-192426,2B/OF,Davis,Davis Schneider,Schneider,7.208750152587891,80,2600,BOS@TOR,TOR,BOS,,,,,,2B/OF/UTIL
120915-80847,OF,Mike,Mike Tauchman,Tauchman,8.92258051390289,93,2600,CWS@NYY,CWS,NYY,IL,Knee,,,,OF/UTIL
120915-13423,OF,Starling,Starling Marte,Marte,7.550515715608892,97,2500,NYM@CHC,NYM,CHC,,,,,,OF/UTIL
120915-116867,C,Tyler,Tyler Heineman,Heineman,6.333333333333333,63,2500,BOS@TOR,TOR,BOS,,,,,,C/1B/UTIL
120915-146690,3B/2B/OF,Nick,Nick Loftin,Loftin,5.394029759649021,67,2500,KC@LAA,KC,LAA,,,,,,2B/3B/OF/UTIL
120915-101817,2B/3B/SS,Luis,Luis Rengifo,Rengifo,6.8972027118389425,143,2500,KC@LAA,LAA,KC,,,,,,2B/3B/SS/UTIL
120915-101842,1B,Ty,Ty France,France,6.934782608695652,138,2500,BOS@TOR,TOR,BOS,IL,Oblique,,,,C/1B/UTIL
120915-119337,1B/OF,Michael,Michael Toglia,Toglia,6.869663195663623,89,2500,COL@SEA,COL,SEA,,,,,,C/1B/OF/UTIL
120915-181812,OF,Wilyer,Wilyer Abreu,Abreu,9.784684464738175,111,2500,BOS@TOR,BOS,TOR,,,,,,OF/UTIL
120915-222806,1B/OF,Jac,Jac Caglianone,Caglianone,6.4711862337791315,59,2500,KC@LAA,KC,LAA,,,,,,C/1B/OF/UTIL
120915-222844,SS/2B,Cole,Cole Young,Young,6.1459457809860645,74,2500,COL@SEA,SEA,COL,,,,,,2B/SS/UTIL
120915-232219,3B,Kyle,Kyle Karros,Karros,6.135897514147636,39,2500,COL@SEA,COL,SEA,,,,,,3B/UTIL
120915-102363,OF/1B,Luke,Luke Raley,Raley,5.856521827587183,69,2500,COL@SEA,SEA,COL,,,,,,C/1B/OF/UTIL
120915-68589,2B/3B/OF,Amed,Amed Rosario,Rosario,6.685483870967742,62,2500,CWS@NYY,NYY,CWS,,,,,,2B/3B/OF/UTIL
120915-79884,OF,Anthony,Anthony Santander,Santander,6.819607603783701,51,2400,BOS@TOR,TOR,BOS,,,,,,OF/UTIL
120915-79896,C,Luis,Luis Torrens,Torrens,5.4428570087139425,91,2400,NYM@CHC,NYM,CHC,,,,,,C/1B/UTIL
120915-82977,SS/3B/2B,Isiah,Isiah Kiner-Falefa,Kiner-Falefa,6.507462686567164,134,2400,BOS@TOR,TOR,BOS,,,,,,2B/3B/SS/UTIL
120915-38973,OF,Tyrone,Tyrone Taylor,Taylor,5.600908868963068,110,2400,NYM@CHC,NYM,CHC,,,,,,OF/UTIL
120915-222287,SS/2B,Chase,Chase Meidroth,Meidroth,7.712711657507945,118,2400,CWS@NYY,CWS,NYY,,,,,,2B/SS/UTIL
120915-197881,OF,Yanquiel,Yanquiel Fernandez,Fernandez,5.106250127156575,48,2400,COL@SEA,COL,SEA,,,,,,OF/UTIL
120915-201253,OF,Joey,Joey Loperfido,Loperfido,6.302438875524009,41,2400,BOS@TOR,TOR,BOS,,,,,,OF/UTIL
120915-23107,OF,Jorge,Jorge Soler,Soler,7.709756246427211,82,2400,KC@LAA,LAA,KC,IL,Back,,,,OF/UTIL
120915-223870,C,Braxton,Braxton Fulford,Fulford,6.027777777777778,36,2400,COL@SEA,COL,SEA,,,,,,C/1B/UTIL
120915-165583,C,Edgar,Edgar Quero,Quero,6.616822429906542,107,2400,CWS@NYY,CWS,NYY,,,,,,C/1B/UTIL
120915-13099,C,Travis,Travis d'Arnaud,d'Arnaud,5.72029003198596,69,2400,KC@LAA,LAA,KC,IL,Concussion,,,,C/1B/UTIL
120915-68563,OF,Victor,Victor Robles,Robles,7.287096577305948,31,2400,COL@SEA,SEA,COL,,,,,,OF/UTIL
120915-52182,C,Reese,Reese McGuire,McGuire,7.544185904569404,43,2400,NYM@CHC,CHC,NYM,,,,,,C/1B/UTIL
120915-173546,OF,Nate,Nate Eaton,Eaton,5.972972972972973,37,2300,BOS@TOR,BOS,TOR,,,,,,OF/UTIL
120915-206383,2B/SS/OF,Brooks,Brooks Baldwin,Baldwin,6.336363513060291,99,2300,CWS@NYY,CWS,NYY,,,,,,2B/SS/OF/UTIL
120915-181813,SS/2B,David,David Hamilton,Hamilton,5.439772865988991,88,2300,BOS@TOR,BOS,TOR,,,,,,2B/SS/UTIL
120915-13909,OF,Randal,Randal Grichuk,Grichuk,5.2657657657657655,111,2300,KC@LAA,KC,LAA,,,,,,OF/UTIL
120915-80485,OF,Austin,Austin Slater,Slater,4.998437404632568,64,2300,CWS@NYY,NYY,CWS,,,,,,OF/UTIL
120915-226967,SS,Ryan,Ryan Ritter,Ritter,6.614285605294364,56,2300,COL@SEA,COL,SEA,,,,,,SS/UTIL
120915-38561,OF/3B/2B,Chris,Chris Taylor,Taylor,4.081818181818182,55,2300,KC@LAA,LAA,KC,,,,,,2B/3B/OF/UTIL
120915-165701,3B/2B/1B,Curtis,Curtis Mead,Mead,5.51379324375898,87,2300,CWS@NYY,CWS,NYY,,,,,,C/1B/2B/3B/UTIL
120915-102349,SS/2B,Leo,Leo Rivas,Rivas,6.188636086203835,44,2300,COL@SEA,SEA,COL,,,,,,2B/SS/UTIL
120915-38872,OF,Jesse,Jesse Winker,Winker,6.830769465519832,26,2300,NYM@CHC,NYM,CHC,IL,Back,,,,OF/UTIL
120915-102367,2B/3B/SS,Ronny,Ronny Mauricio,Mauricio,5.94482737574084,58,2300,NYM@CHC,NYM,CHC,,,,,,2B/3B/SS/UTIL
120915-97257,OF,Myles,Myles Straw,Straw,5.131578947368421,133,2300,BOS@TOR,TOR,BOS,,,,,,OF/UTIL
120915-135195,C,Sebastian,Sebastian Rivero,Rivero,4.979999923706055,10,2200,KC@LAA,LAA,KC,,,,,,C/1B/UTIL
120915-102485,OF,Kyle,Kyle Isbel,Isbel,5.4330884148092835,136,2200,KC@LAA,KC,LAA,IL,Hamstring,,,,OF/UTIL
120915-102504,C,Connor,Connor Wong,Wong,4.158333333333333,60,2200,BOS@TOR,BOS,TOR,,,,,,C/1B/UTIL
120915-6312,1B/3B,Justin,Justin Turner,Turner,4.266666510166266,78,2200,NYM@CHC,CHC,NYM,,,,,,C/1B/3B/UTIL
120915-145611,SS/2B/3B,Oswald,Oswald Peraza,Peraza,4.169523693266369,105,2200,KC@LAA,LAA,KC,,,,,,2B/3B/SS/UTIL
120915-173548,2B/OF,Michael,Michael Massey,Massey,5.00933349609375,75,2200,KC@LAA,KC,LAA,,,,,,2B/OF/UTIL
120915-181797,3B,Warming,Warming Bernabel,Bernabel,7.684210526315789,38,2200,COL@SEA,COL,SEA,,,,,,3B/UTIL
120915-21074,OF,Michael A.,Michael A. Taylor,Taylor,4.926154033954327,130,2200,CWS@NYY,CWS,NYY,,,,,,OF/UTIL
120915-222825,2B/OF/1B,Kristian,Kristian Campbell,Campbell,7.437313250641324,67,2200,BOS@TOR,BOS,TOR,,,,,,C/1B/2B/OF/UTIL
120915-82553,OF,Jose,Jose Siri,Siri,3.8687500953674316,16,2200,NYM@CHC,NYM,CHC,,,,,,OF/UTIL
120915-207557,2B/SS/3B,Nick,Nick Sogard,Sogard,6.871428353445871,28,2200,BOS@TOR,BOS,TOR,,,,,,2B/3B/SS/UTIL
120915-165672,C,Harry,Harry Ford,Ford,1.6166666348775227,6,2200,COL@SEA,SEA,COL,,,,,,C/1B/UTIL
120915-211757,OF,Bryce,Bryce Teodosio,Teodosio,5.476086823836617,46,2200,KC@LAA,LAA,KC,,,,,,OF/UTIL
120915-119629,SS/2B/3B,Luisangel,Luisangel Acuna,Acuna,4.365591397849462,93,2200,NYM@CHC,NYM,CHC,,,,,,2B/3B/SS/UTIL
120915-13368,OF,Billy,Billy Hamilton,Hamilton,,0,2100,NYM@CHC,CHC,NYM,,,,,,OF/UTIL
120915-135246,OF,Dominic,Dominic Fletcher,Fletcher,4.399999830457899,9,2100,CWS@NYY,CWS,NYY,,,,,,OF/UTIL
120915-21890,SS/1B/3B/2B,Orlando,Orlando Arcia,Arcia,3.8697369224146794,76,2100,COL@SEA,COL,SEA,,,,,,C/1B/2B/3B/SS/UTIL
120915-119346,C,Korey,Korey Lee,Lee,4.186956654424253,23,2100,CWS@NYY,CWS,NYY,,,,,,C/1B/UTIL
120915-119390,OF,Kevin,Kevin Alcantara,Alcantara,2.2750000953674316,8,2100,NYM@CHC,CHC,NYM,,,,,,OF/UTIL
120915-119394,SS,Logan,Logan Davidson,Davidson,3.6105262354800574,19,2100,KC@LAA,LAA,KC,,,,,,SS/UTIL
120915-81511,2B/3B/SS/1B,Kyle,Kyle Farmer,Farmer,5.683505028793492,97,2100,COL@SEA,COL,SEA,,,,,,C/1B/2B/3B/SS/UTIL
120915-226979,OF,Will,Will Robertson,Robertson,3.056000061035156,25,2100,CWS@NYY,CWS,NYY,,,,,,OF/UTIL
120915-222886,C,Hayden,Hayden Senger,Senger,2.836363590124882,33,2100,NYM@CHC,NYM,CHC,,,,,,C/1B/UTIL
120915-165540,3B,Bryan,Bryan Ramos,Ramos,5.550000190734863,4,2100,CWS@NYY,CWS,NYY,,,,,,3B/UTIL
120915-222902,2B/OF,Tyler,Tyler Tolbert,Tolbert,4.334426129450564,61,2100,KC@LAA,KC,LAA,,,,,,2B/OF/UTIL
120915-52995,C,Luke,Luke Maile,Maile,4.607999877929688,25,2100,KC@LAA,KC,LAA,,,,,,C/1B/UTIL
120915-81924,2B/OF,Niko,Niko Goodrum,Goodrum,2.3384615091177134,13,2000,NYM@CHC,NYM,CHC,,,,,,2B/OF/UTIL
120915-97291,2B,Harold,Harold Castro,Castro,,0,2000,KC@LAA,KC,LAA,,,,,,2B/UTIL
120915-102410,C,Ronaldo,Ronaldo Hernandez,Hernandez,,0,2000,BOS@TOR,BOS,TOR,,,,,,C/1B/UTIL
120915-13326,C,Christian,Christian Bethancourt,Bethancourt,5.056250095367432,64,2000,BOS@TOR,TOR,BOS,,,,,,C/1B/UTIL
120915-102427,3B,Jordan,Jordan Groshans,Groshans,,0,2000,KC@LAA,KC,LAA,,,,,,3B/UTIL
120915-13343,2B,Dixon,Dixon Machado,Machado,,0,2000,NYM@CHC,CHC,NYM,,,,,,2B/UTIL
120915-102451,OF,Brennen,Brennen Davis,Davis,0,2,2000,CWS@NYY,NYY,CWS,,,,,,OF/UTIL
120915-135227,2B,Jose,Jose Rojas,Rojas,,0,2000,CWS@NYY,NYY,CWS,,,,,,2B/UTIL
120915-172093,2B,Michael,Michael Stefanic,Stefanic,2.6888889736599393,9,2000,BOS@TOR,TOR,BOS,,,,,,2B/UTIL
120915-223299,3B,Ben,Ben Williamson,Williamson,6.172941320082721,85,2000,COL@SEA,SEA,COL,,,,,,3B/UTIL
120915-222286,OF,Braden,Braden Montgomery,Montgomery,,0,2000,CWS@NYY,CWS,NYY,IL,Foot,,,,OF/UTIL
120915-135263,C,Brian,Brian O'Keefe,O'Keefe,,0,2000,KC@LAA,KC,LAA,,,,,,C/1B/UTIL
120915-135267,2B,Kaden,Kaden Polcovich,Polcovich,,0,2000,COL@SEA,SEA,COL,,,,,,2B/UTIL
120915-135265,1B,Austin,Austin Shenton,Shenton,4.7549999237060545,20,2000,COL@SEA,SEA,COL,,,,,,C/1B/UTIL
120915-212070,OF,Gustavo,Gustavo Campero,Campero,5.885714394705636,28,2000,KC@LAA,LAA,KC,IL,Ankle,,,,OF/UTIL
120915-135269,OF,Zach,Zach DeLoach,DeLoach,6.065217391304348,23,2000,CWS@NYY,CWS,NYY,,,,,,OF/UTIL
120915-157797,OF,Bryan,Bryan De La Cruz,De La Cruz,3.012500047683716,16,2000,CWS@NYY,NYY,CWS,,,,,,OF/UTIL
120915-171112,OF,Sean,Sean Bouchard,Bouchard,3.809375047683716,32,2000,COL@SEA,COL,SEA,,,,,,OF/UTIL
120915-135282,OF,Joshua,Joshua Palacios,Palacios,4.543137195063572,51,2000,CWS@NYY,CWS,NYY,,,,,,OF/UTIL
120915-171128,3B/2B,Buddy,Buddy Kennedy,Kennedy,2.146153816810021,13,2000,BOS@TOR,TOR,BOS,,,,,,2B/3B/UTIL
120915-197764,C,Blake,Blake Hunt,Hunt,0,1,2000,COL@SEA,SEA,COL,,,,,,C/1B/UTIL
120915-135310,C,Chadwick,Chadwick Tromp,Tromp,4.237500190734863,8,2000,BOS@TOR,BOS,TOR,,,,,,C/1B/UTIL
120915-198803,3B,Damiano,Damiano Palmegiani,Palmegiani,,0,2000,BOS@TOR,TOR,BOS,,,,,,3B/UTIL
120915-184479,OF,Corey,Corey Julks,Julks,4.279999923706055,5,2000,CWS@NYY,CWS,NYY,,,,,,OF/UTIL
120915-102579,SS/2B,Leo,Leo Jimenez,Jimenez,1.7166666454739041,18,2000,BOS@TOR,TOR,BOS,,,,,,2B/SS/UTIL
120915-172216,3B/1B,David,David Villar,Villar,5.144444359673394,9,2000,NYM@CHC,NYM,CHC,,,,,,C/1B/3B/UTIL
120915-60634,OF,Forrest,Forrest Wall,Wall,4.072222391764323,18,2000,NYM@CHC,CHC,NYM,,,,,,OF/UTIL
120915-109803,C,Austin,Austin Nola,Nola,2.6600001017252604,15,2000,COL@SEA,COL,SEA,,,,,,C/1B/UTIL
120915-146674,OF,Owen,Owen Caissie,Caissie,4.733333269755046,12,2000,NYM@CHC,CHC,NYM,IL,Concussion,,,,OF/UTIL
120915-198898,SS,Jett,Jett Williams,Williams,,0,2000,NYM@CHC,NYM,CHC,,,,,,SS/UTIL
120915-146672,SS,Reginald,Reginald Preciado,Preciado,,0,2000,NYM@CHC,CHC,NYM,,,,,,SS/UTIL
120915-146673,SS,Ed,Ed Howard,Howard,,0,2000,NYM@CHC,CHC,NYM,,,,,,SS/UTIL
120915-79093,OF,Eloy,Eloy Jimenez,Jimenez,5.833333333333333,99,2000,BOS@TOR,TOR,BOS,,,,,,OF/UTIL
120915-198902,OF,Ryan,Ryan Clifford,Clifford,,0,2000,NYM@CHC,NYM,CHC,,,,,,OF/UTIL
120915-198900,OF,Spencer,Spencer Jones,Jones,,0,2000,CWS@NYY,NYY,CWS,,,,,,OF/UTIL
120915-146680,C,Drew,Drew Romo,Romo,0,3,2000,COL@SEA,COL,SEA,,,,,,C/1B/UTIL
120915-146681,OF,Zac,Zac Veen,Veen,4.100000063578288,12,2000,COL@SEA,COL,SEA,,,,,,OF/UTIL
120915-85249,1B/3B/OF,Bobby,Bobby Dalbec,Dalbec,4.842857360839844,7,2000,KC@LAA,KC,LAA,,,,,,C/1B/3B/OF/UTIL
120915-198914,SS,Roderick,Roderick Arias,Arias,,0,2000,CWS@NYY,NYY,CWS,,,,,,SS/UTIL
120915-146694,SS,Arol,Arol Vera,Vera,,0,2000,KC@LAA,LAA,KC,,,,,,SS/UTIL
120915-197895,OF,Tyler,Tyler Gentry,Gentry,0,4,2000,KC@LAA,KC,LAA,,,,,,OF/UTIL
120915-146692,OF,David,David Calabrese,Calabrese,,0,2000,KC@LAA,LAA,KC,,,,,,OF/UTIL
120915-146693,OF,Alexander,Alexander Ramirez,Ramirez,,0,2000,KC@LAA,LAA,KC,,,,,,OF/UTIL
120915-146696,SS,Alex,Alex De Jesus,De Jesus,,0,2000,BOS@TOR,TOR,BOS,,,,,,SS/UTIL
120915-213262,C,Caleb,Caleb Knight,Knight,,0,2000,NYM@CHC,CHC,NYM,,,,,,C/1B/UTIL
120915-198931,SS,Felnin,Felnin Celesten,Celesten,,0,2000,COL@SEA,SEA,COL,,,,,,SS/UTIL
120915-85268,1B,Joey,Joey Meneses,Meneses,7.273684049907484,76,2000,NYM@CHC,NYM,CHC,IL,Undisclosed,,,,C/1B/UTIL
120915-79130,OF,Jose,Jose Azocar,Azocar,3.3214285714285716,14,2000,NYM@CHC,NYM,CHC,,,,,,OF/UTIL
120915-13596,OF,Trayce,Trayce Thompson,Thompson,0,3,2000,BOS@TOR,BOS,TOR,,,,,,OF/UTIL
120915-85277,2B/OF/1B/3B,Cavan,Cavan Biggio,Biggio,3.573684290835732,38,2000,KC@LAA,LAA,KC,,,,,,C/1B/2B/3B/OF/UTIL
120915-85279,C,Miguel,Miguel Amaya,Amaya,10.403570992606026,28,2000,NYM@CHC,CHC,NYM,IL,Ankle,,,,C/1B/UTIL
120915-79174,C,Jacob,Jacob Nottingham,Nottingham,,0,2000,COL@SEA,SEA,COL,,,,,,C/1B/UTIL
120915-79178,2B,Isan,Isan Diaz,Diaz,,0,2000,KC@LAA,KC,LAA,,,,,,2B/UTIL
120915-79189,2B,Travis,Travis Blankenhorn,Blankenhorn,2.9928572518484935,14,2000,KC@LAA,LAA,KC,,,,,,2B/UTIL
120915-79213,SS/2B,Scott,Scott Kingery,Kingery,1.9263157091642682,19,2000,KC@LAA,LAA,KC,,,,,,2B/SS/UTIL
120915-170350,OF,Dairon,Dairon Blanco,Blanco,3.7666668362087674,9,2000,KC@LAA,KC,LAA,,,,,,OF/UTIL
120915-228716,SS,Chad,Chad Stevens,Stevens,1.8399999618530274,5,2000,KC@LAA,LAA,KC,,,,,,SS/UTIL
120915-226686,OF,Rhylan,Rhylan Thomas,Thomas,7.466666539510091,3,2000,COL@SEA,SEA,COL,,,,,,OF/UTIL
120915-79263,OF,Leody,Leody Taveras,Taveras,5.622413898336476,58,2000,COL@SEA,SEA,COL,,,,,,OF/UTIL
120915-118189,C,Ali,Ali Sanchez,Sanchez,2.2833333015441895,12,2000,BOS@TOR,BOS,TOR,,,,,,C/1B/UTIL
120915-101807,C,Seby,Seby Zavala,Zavala,3.2526315387926603,19,2000,BOS@TOR,BOS,TOR,,,,,,C/1B/UTIL
120915-101811,OF,Sam,Sam Hilliard,Hilliard,7.055000305175781,20,2000,COL@SEA,COL,SEA,,,,,,OF/UTIL
120915-180694,OF,Cade,Cade Marlowe,Marlowe,1.355555534362793,9,2000,COL@SEA,SEA,COL,,,,,,OF/UTIL
120915-136673,C,Mark,Mark Kolozsvary,Kolozsvary,0,2,2000,BOS@TOR,BOS,TOR,IL,Undisclosed,,,,C/1B/UTIL
120915-119304,SS/2B,Braden,Braden Shewmake,Shewmake,3.406896656957166,29,2000,CWS@NYY,NYY,CWS,,,,,,2B/SS/UTIL
120915-71182,3B/1B,Jeimer,Jeimer Candelario,Candelario,5.572727203369141,22,2000,CWS@NYY,NYY,CWS,,,,,,C/1B/3B/UTIL
120915-119313,OF,Matthew,Matthew Lugo,Lugo,5.1387097758631555,31,2000,KC@LAA,LAA,KC,,,,,,OF/UTIL
120915-219667,OF,Jhostynxon,Jhostynxon Garcia,Garcia,2.4,5,2000,BOS@TOR,BOS,TOR,,,,,,OF/UTIL
120915-119314,C,Ethan,Ethan Hearn,Hearn,,0,2000,NYM@CHC,CHC,NYM,,,,,,C/1B/UTIL
120915-226832,1B,Tim,Tim Elko,Elko,5.83478247601053,23,2000,CWS@NYY,CWS,NYY,,,,,,C/1B/UTIL
120915-119320,2B,Chase,Chase Strumpf,Strumpf,,0,2000,NYM@CHC,CHC,NYM,,,,,,2B/UTIL
120915-79387,3B,Jake,Jake Gatewood,Gatewood,,0,2000,CWS@NYY,NYY,CWS,,,,,,3B/UTIL
120915-181790,OF,Diego,Diego Hernandez,Hernandez,,0,2000,KC@LAA,KC,LAA,,,,,,OF/UTIL
120915-95772,C,Beau,Beau Taylor,Taylor,,0,2000,COL@SEA,SEA,COL,,,,,,C/1B/UTIL
120915-119335,3B/2B/SS,Aaron,Aaron Schunk,Schunk,1.4235294566434973,17,2000,COL@SEA,COL,SEA,,,,,,2B/3B/SS/UTIL
120915-158244,3B/2B,Yonny,Yonny Hernandez,Hernandez,,0,2000,NYM@CHC,NYM,CHC,,,,,,2B/3B/UTIL
120915-119351,SS/2B/3B,Jacob,Jacob Amaya,Amaya,2.578378419618349,37,2000,CWS@NYY,CWS,NYY,,,,,,2B/3B/SS/UTIL
120915-16951,3B,Anthony,Anthony Rendon,Rendon,7.038596705386513,57,2000,KC@LAA,LAA,KC,IL,Hip,,,,3B/UTIL
120915-119354,SS/2B/OF,Kyren,Kyren Paris,Paris,7.443181818181818,44,2000,KC@LAA,LAA,KC,,,,,,2B/SS/OF/UTIL
120915-219704,SS,Ben,Ben Cowles,Cowles,,0,2000,CWS@NYY,CWS,NYY,,,,,,SS/UTIL
120915-222795,SS,George,George Lombard Jr.,Lombard Jr.,,0,2000,CWS@NYY,NYY,CWS,,,,,,SS/UTIL
120915-207434,3B,Luis,Luis De Los Santos,De Los Santos,2.8384616558368387,13,2000,NYM@CHC,NYM,CHC,,,,,,3B/UTIL
120915-222793,OF,Robert,Robert Calaz,Calaz,,0,2000,COL@SEA,COL,SEA,,,,,,OF/UTIL
120915-222792,OF,Charlie,Charlie Condon,Condon,,0,2000,COL@SEA,COL,SEA,,,,,,OF/UTIL
120915-222805,C,Blake,Blake Mitchell,Mitchell,,0,2000,KC@LAA,KC,LAA,,,,,,C/1B/UTIL
120915-179801,1B/OF,Jared,Jared Young,Young,4.954545454545454,22,2000,NYM@CHC,NYM,CHC,,,,,,C/1B/OF/UTIL
120915-222813,SS,Arjun,Arjun Nimmala,Nimmala,,0,2000,BOS@TOR,TOR,BOS,,,,,,SS/UTIL
120915-181856,3B,Andre,Andre Lipcius,Lipcius,,0,2000,CWS@NYY,CWS,NYY,,,,,,3B/UTIL
120915-226912,OF,John,John Rave,Rave,5.052941266228171,68,2000,KC@LAA,KC,LAA,,,,,,OF/UTIL
120915-222821,OF,Carson,Carson Benge,Benge,,0,2000,NYM@CHC,NYM,CHC,,,,,,OF/UTIL
120915-222827,SS,Franklin,Franklin Arias,Arias,,0,2000,BOS@TOR,BOS,TOR,,,,,,SS/UTIL
120915-222826,SS,Yoeilin,Yoeilin Cespedes,Cespedes,,0,2000,BOS@TOR,BOS,TOR,,,,,,SS/UTIL
120915-222839,SS,Colt,Colt Emerson,Emerson,,0,2000,COL@SEA,SEA,COL,,,,,,SS/UTIL
120915-119412,2B/3B/1B,Owen,Owen Miller,Miller,2.7222222222222223,9,2000,COL@SEA,COL,SEA,,,,,,C/1B/2B/3B/UTIL
120915-222838,SS,Jefferson,Jefferson Rojas,Rojas,,0,2000,NYM@CHC,CHC,NYM,,,,,,SS/UTIL
120915-222842,2B,Michael,Michael Arroyo,Arroyo,,0,2000,COL@SEA,SEA,COL,,,,,,2B/UTIL
120915-222841,OF,Lazaro,Lazaro Montes,Montes,,0,2000,COL@SEA,SEA,COL,,,,,,OF/UTIL
120915-222840,OF,Jonny,Jonny Farmelo,Farmelo,,0,2000,COL@SEA,SEA,COL,,,,,,OF/UTIL
120915-119424,C,Julio E.,Julio E. Rodriguez,Rodriguez,,0,2000,KC@LAA,KC,LAA,,,,,,C/1B/UTIL
120915-164498,2B,Ryan,Ryan Bliss,Bliss,6.427272449840199,11,2000,COL@SEA,SEA,COL,IL,Knee,,,,2B/UTIL
120915-164502,SS/2B,Vaughn,Vaughn Grissom,Grissom,4.787878787878788,33,2000,BOS@TOR,BOS,TOR,IL,Foot,,,,2B/SS/UTIL
120915-165526,OF,Benny,Benny Montgomery,Montgomery,,0,2000,COL@SEA,COL,SEA,,,,,,OF/UTIL
120915-165530,SS/2B,Adael,Adael Amador,Amador,4.428571428571429,42,2000,COL@SEA,COL,SEA,,,,,,2B/SS/UTIL
120915-203417,C,Nick,Nick Raposo,Raposo,,0,2000,COL@SEA,SEA,COL,,,,,,C/1B/UTIL
120915-82586,OF,MJ,MJ Melendez,Melendez,2.8043478260869565,23,2000,KC@LAA,KC,LAA,,,,,,OF/UTIL
120915-82589,OF/1B,Nick,Nick Pratto,Pratto,0,2,2000,KC@LAA,KC,LAA,,,,,,C/1B/OF/UTIL
120915-165532,3B,Julio,Julio Carreras,Carreras,0,1,2000,COL@SEA,COL,SEA,,,,,,3B/UTIL
120915-165533,3B,Wes,Wes Kath,Kath,,0,2000,CWS@NYY,CWS,NYY,IL,Undisclosed,,,,3B/UTIL
120915-164518,2B,Tyler,Tyler McDonough,McDonough,,0,2000,BOS@TOR,BOS,TOR,,,,,,2B/UTIL
120915-164516,SS/3B/2B,Marcelo,Marcelo Mayer,Mayer,6.2727272727272725,44,2000,BOS@TOR,BOS,TOR,IL,Wrist,,,,2B/3B/SS/UTIL
120915-21161,2B,Yolmer,Yolmer Sanchez,Sanchez,,0,2000,KC@LAA,LAA,KC,,,,,,2B/UTIL
120915-82605,2B/1B,Keston,Keston Hiura,Hiura,4.637499809265137,8,2000,COL@SEA,COL,SEA,,,,,,C/1B/2B/UTIL
120915-164526,C,Nathan,Nathan Hickey,Hickey,,0,2000,BOS@TOR,BOS,TOR,,,,,,C/1B/UTIL
120915-164527,SS,Cristian,Cristian Hernandez,Hernandez,,0,2000,NYM@CHC,CHC,NYM,,,,,,SS/UTIL
120915-164528,SS,James,James Triantos,Triantos,,0,2000,NYM@CHC,CHC,NYM,,,,,,SS/UTIL
120915-21172,1B/2B/3B,Brandon,Brandon Drury,Drury,4.8051547020981,97,2000,KC@LAA,LAA,KC,,,,,,C/1B/2B/3B/UTIL
120915-82613,2B,Thairo,Thairo Estrada,Estrada,8.187179174178686,39,2000,COL@SEA,COL,SEA,IL,Hamstring,,,,2B/UTIL
120915-163510,SS/2B,Diego A.,Diego A. Castillo,Castillo,7.900000095367432,4,2000,KC@LAA,KC,LAA,,,,,,2B/SS/UTIL
120915-164533,OF,Yohendrick,Yohendrick Pinango,Pinango,,0,2000,BOS@TOR,TOR,BOS,,,,,,OF/UTIL
120915-163513,C,Rene,Rene Pinto,Pinto,5.578947368421052,19,2000,BOS@TOR,TOR,BOS,,,,,,C/1B/UTIL
120915-21183,C/1B,Carlos,Carlos Perez,Perez,,0,2000,NYM@CHC,CHC,NYM,,,,,,C/1B/UTIL
120915-165565,2B,Peyton,Peyton Wilson,Wilson,,0,2000,KC@LAA,KC,LAA,,,,,,2B/UTIL
120915-165574,SS,Daniel,Daniel Vazquez,Vazquez,,0,2000,KC@LAA,KC,LAA,,,,,,SS/UTIL
120915-165576,SS,Adrian,Adrian Placencia,Placencia,,0,2000,KC@LAA,LAA,KC,,,,,,SS/UTIL
120915-82637,1B,Evan,Evan White,White,0,2,2000,KC@LAA,LAA,KC,IL,Hip,,,,C/1B/UTIL
120915-103125,2B/SS/OF,Jack,Jack Lopez,Lopez,3.8551725190261315,29,2000,COL@SEA,SEA,COL,,,,,,2B/SS/OF/UTIL
120915-82659,3B,Carter,Carter Kieboom,Kieboom,3,1,2000,KC@LAA,LAA,KC,,,,,,3B/UTIL
120915-181990,C/OF,Blake,Blake Sabol,Sabol,2.737499952316284,8,2000,CWS@NYY,CWS,NYY,,,,,,C/1B/OF/UTIL
120915-165627,3B,Jaylen,Jaylen Palmer,Palmer,,0,2000,NYM@CHC,CHC,NYM,,,,,,3B/UTIL
120915-13054,C,Rob,Rob Brantly,Brantly,4.166666666666667,3,2000,CWS@NYY,NYY,CWS,,,,,,C/1B/UTIL
120915-165629,1B,JT,JT Schwartz,Schwartz,,0,2000,NYM@CHC,NYM,CHC,,,,,,C/1B/UTIL
120915-202501,OF,Duke,Duke Ellis,Ellis,3.0166667302449546,12,2000,CWS@NYY,NYY,CWS,,,,,,OF/UTIL
120915-165667,OF,Samuel,Samuel Zavala,Zavala,,0,2000,CWS@NYY,CWS,NYY,,,,,,OF/UTIL
120915-70435,OF,Ben,Ben Gamel,Gamel,5.779487022986779,39,2000,KC@LAA,LAA,KC,,,,,,OF/UTIL
120915-165670,C,Brandon,Brandon Valenzuela,Valenzuela,,0,2000,BOS@TOR,TOR,BOS,,,,,,C/1B/UTIL
120915-165669,2B,Max,Max Ferguson,Ferguson,,0,2000,BOS@TOR,BOS,TOR,,,,,,2B/UTIL
120915-169769,3B/SS/2B,Vinny,Vinny Capra,Capra,2.723404255319149,47,2000,CWS@NYY,CWS,NYY,,,,,,2B/3B/SS/UTIL
120915-165679,3B,Milkar,Milkar Perez,Perez,,0,2000,COL@SEA,SEA,COL,,,,,,3B/UTIL
120915-165681,3B,Starlin,Starlin Aguilar,Aguilar,,0,2000,COL@SEA,SEA,COL,,,,,,3B/UTIL
120915-183092,OF,Jonatan,Jonatan Clase,Clase,6.014705882352941,34,2000,BOS@TOR,TOR,BOS,,,,,,OF/UTIL
120915-119623,OF,Alex,Alex Ramirez,Ramirez,0,3,2000,NYM@CHC,NYM,CHC,,,,,,OF/UTIL
120915-119627,OF,Erick,Erick Pena,Pena,,0,2000,KC@LAA,KC,LAA,,,,,,OF/UTIL
120915-165714,SS,Manuel,Manuel Beltre,Beltre,,0,2000,BOS@TOR,TOR,BOS,,,,,,SS/UTIL
120915-165718,2B/OF,Samad,Samad Taylor,Taylor,1.5499999523162842,4,2000,COL@SEA,SEA,COL,,,,,,2B/OF/UTIL
120915-163679,3B,Joe,Joe Perez,Perez,,0,2000,CWS@NYY,CWS,NYY,,,,,,3B/UTIL
120915-165724,OF,Dasan,Dasan Brown,Brown,,0,2000,BOS@TOR,TOR,BOS,,,,,,OF/UTIL
120915-213853,C/3B,J.C.,J.C. Escarra,Escarra,4.5125,40,2000,CWS@NYY,NYY,CWS,,,,,,C/1B/3B/UTIL
120915-163686,3B/SS,Oswaldo,Oswaldo Cabrera,Cabrera,6.597142682756696,35,2000,CWS@NYY,NYY,CWS,IL,Ankle,,,,3B/SS/UTIL
120915-163695,2B/3B,Jorbit,Jorbit Vivas,Vivas,3.5413792051117996,29,2000,CWS@NYY,NYY,CWS,,,,,,2B/3B/UTIL
120915-209786,1B,Niko,Niko Kavadas,Kavadas,1.5,10,2000,KC@LAA,LAA,KC,,,,,,C/1B/UTIL
120915-102288,OF,Drew,Drew Waters,Waters,5.280555725097656,72,2000,KC@LAA,KC,LAA,,,,,,OF/UTIL
120915-182170,OF,Oscar,Oscar Colas,Colas,4.228571483067104,14,2000,KC@LAA,LAA,KC,,,,,,OF/UTIL
120915-102303,1B,Triston,Triston Casas,Casas,6.327586206896552,29,2000,BOS@TOR,BOS,TOR,IL,Knee,,,,C/1B/UTIL
120915-52147,1B/OF,Kris,Kris Bryant,Bryant,3.6272728659889917,11,2000,COL@SEA,COL,SEA,IL,Back,,,,C/1B/OF/UTIL
120915-102322,2B/3B,Nick,Nick Madrigal,Madrigal,2.823529411764706,51,2000,NYM@CHC,NYM,CHC,IL,Shoulder,,,,2B/3B/UTIL
120915-102331,2B/SS/3B,Nicky,Nicky Lopez,Lopez,1.3105262957121198,19,2000,NYM@CHC,CHC,NYM,,,,,,2B/3B/SS/UTIL
120915-68554,SS,Andrew,Andrew Velazquez,Velazquez,0,2,2000,CWS@NYY,NYY,CWS,,,,,,SS/UTIL
120915-81869,C,Chad,Chad Wallach,Wallach,0,1,2000,KC@LAA,LAA,KC,,,,,,C/1B/UTIL
120915-102356,OF,Gilberto,Gilberto Celestino,Celestino,,0,2000,NYM@CHC,NYM,CHC,,,,,,OF/UTIL
120915-102360,OF,Connor,Connor Scott,Scott,,0,2000,KC@LAA,KC,LAA,IL,Undisclosed,,,,OF/UTIL
120915-180208,2B/3B/SS/OF,Miles,Miles Mastrobuoni,Mastrobuoni,4.293333333333333,75,2000,COL@SEA,SEA,COL,,,,,,2B/3B/SS/OF/UTIL
120915-13303,C,Yasmani,Yasmani Grandal,Grandal,7.036986468589469,73,2000,BOS@TOR,BOS,TOR,,,,,,C/1B/UTIL
120915-102390,OF,Travis,Travis Swaggerty,Swaggerty,,0,2000,NYM@CHC,NYM,CHC,,,,,,OF/UTIL