Id,Position,First Name,Nickname,Last Name,FPPG,Played,Salary,Game,Team,Opponent,Injury Indicator,Injury Details,Tier,Probable Pitcher,Batting Order,Roster Position
118451-135977,P,Garrett,Garrett Crochet,Crochet,43.333333333333336,18,11200,BOS@WSH,BOS,WSH,,,,,,P
118451-16960,P,Zack,Zack Wheeler,Wheeler,44,17,11000,CIN@PHI,PHI,CIN,,,,,,P
118451-12477,P,Chris,Chris Sale,Sale,39.8,15,10800,BAL@ATL,ATL,BAL,IL,Ribs,,,,P
118451-83157,P,Ranger,Ranger Suarez,Suarez,41,11,10700,CIN@PHI,PHI,CIN,,,,Yes,,P
118451-52185,P,Max,Max Fried,Fried,38.388888888888886,18,10600,NYY@NYM,NYY,NYM,,,,,,P
118451-182153,P,Kodai,Kodai Senga,Senga,35.46153846153846,13,10400,NYY@NYM,NYM,NYY,IL,Hamstring,,,,P
118451-102330,P,Kris,Kris Bubic,Bubic,37.35294117647059,17,10200,KC@ARI,KC,ARI,,,,,,P
118451-60633,P,Carlos,Carlos Rodon,Rodon,37.44444444444444,18,10000,NYY@NYM,NYY,NYM,,,,Yes,,P
118451-60647,P,Aaron,Aaron Nola,Nola,24.555555555555557,9,9900,CIN@PHI,PHI,CIN,IL,Ribs,,,,P
118451-83190,P,Freddy,Freddy Peralta,Peralta,33.05555555555556,18,9800,MIL@MIA,MIL,MIA,,,,,,P
118451-118225,P,Cristopher,Cristopher Sanchez,Sanchez,36.76470588235294,17,9800,CIN@PHI,PHI,CIN,,,,,,P
118451-82550,P,Hunter,Hunter Greene,Greene,35.27272727272727,11,9700,CIN@PHI,CIN,PHI,IL,Groin,,,,P
118451-164503,P,Spencer,Spencer Schwellenbach,Schwellenbach,37.411764705882355,17,9600,BAL@ATL,ATL,BAL,IL,Elbow,,,,P
118451-82604,P,Corbin,Corbin Burnes,Burnes,33.72727272727273,11,9600,KC@ARI,ARI,KC,IL,Elbow,,,,P
118451-82621,P,Clarke,Clarke Schmidt,Schmidt,30,14,9600,NYY@NYM,NYY,NYM,IL,Forearm,,,,P
118451-52142,P,Eduardo,Eduardo Rodriguez,Rodriguez,24.866666666666667,15,9600,KC@ARI,ARI,KC,,,,,,P
118451-79280,P,Jesus,Jesus Luzardo,Luzardo,31.72222222222222,18,9600,CIN@PHI,PHI,CIN,,,,,,P
118451-162445,P,Spencer,Spencer Strider,Strider,32,10,9500,BAL@ATL,ATL,BAL,,,,,,P
118451-71034,P,Seth,Seth Lugo,Lugo,32.625,16,9500,KC@ARI,KC,ARI,,,,,,P
118451-101881,P,Merrill,Merrill Kelly,Kelly,32.22222222222222,18,9500,KC@ARI,ARI,KC,,,,,,P
118451-165512,P,Andrew,Andrew Abbott,Abbott,32.46666666666667,15,9500,CIN@PHI,CIN,PHI,,,,,,P
118451-102294,P,Grayson,Grayson Rodriguez,Rodriguez,35.6,20,9500,BAL@ATL,BAL,ATL,IL,Lat,,,,P
118451-52198,P,Lucas,Lucas Giolito,Giolito,29.5,12,9400,BOS@WSH,BOS,WSH,,,,,,P
118451-219653,P,Logan,Logan Henderson,Henderson,40,4,9300,MIL@MIA,MIL,MIA,,,,,,P
118451-197981,P,Jacob,Jacob Misiorowski,Misiorowski,30.75,4,9300,MIL@MIA,MIL,MIA,,,,,,P
118451-79270,P,Cole,Cole Ragans,Ragans,31,10,9300,KC@ARI,KC,ARI,IL,Shoulder,,,,P
118451-135343,P,Max,Max Meyer,Meyer,27.833333333333332,12,9200,MIL@MIA,MIA,MIL,IL,Hip,,,,P
118451-82635,P,MacKenzie,MacKenzie Gore,Gore,36.666666666666664,18,9200,BOS@WSH,WSH,BOS,,,,,,P
118451-68491,P,Reynaldo,Reynaldo Lopez,Lopez,9,1,9200,BAL@ATL,ATL,BAL,IL,Shoulder,,,,P
118451-16956,P,Gerrit,Gerrit Cole,Cole,32,22,9000,NYY@NYM,NYY,NYM,IL,Elbow,,,,P
118451-82618,P,David,David Peterson,Peterson,31.470588235294116,17,9000,NYY@NYM,NYM,NYY,,,,,,P
118451-80582,P,Brandon,Brandon Woodruff,Woodruff,,0,9000,MIL@MIA,MIL,MIA,IL,Elbow,,,,P
118451-79207,P,Grant,Grant Holmes,Holmes,31.555555555555557,18,8900,BAL@ATL,ATL,BAL,,,,,,P
118451-79232,P,Clay,Clay Holmes,Holmes,28.647058823529413,17,8900,NYY@NYM,NYM,NYY,,,,,,P
118451-198912,P,Will,Will Warren,Warren,26.38888888888889,18,8800,NYY@NYM,NYY,NYM,,,,,,P
118451-219663,P,Chad,Chad Patrick,Patrick,26.72222222222222,18,8800,MIL@MIA,MIL,MIA,,,,Yes,,P
118451-52165,P,Sean,Sean Manaea,Manaea,31.083333333333332,36,8800,NYY@NYM,NYM,NYY,IL,Elbow,,,,P
118451-154714,P,Tylor,Tylor Megill,Megill,29.714285714285715,14,8800,NYY@NYM,NYM,NYY,IL,Elbow,,,,P
118451-79073,P,Michael,Michael Soroka,Soroka,26.666666666666668,12,8800,BOS@WSH,WSH,BOS,,,,,,P
118451-118206,P,Luis,Luis Gil,Gil,30.29032258064516,31,8800,NYY@NYM,NYY,NYM,IL,Lat,,,,P
118451-222782,P,Chase,Chase Burns,Burns,8,2,8800,CIN@PHI,CIN,PHI,,,,,,P
118451-119409,P,Quinn,Quinn Priester,Priester,24.75,16,8700,MIL@MIA,MIL,MIA,,,,,,P
118451-164497,P,Ryne,Ryne Nelson,Nelson,18.333333333333332,19,8700,KC@ARI,ARI,KC,,,,Yes,,P
118451-102395,P,Ryan,Ryan Weathers,Weathers,24.4,5,8700,MIL@MIA,MIA,MIL,IL,Lat,,,,P
118451-119329,P,Nick,Nick Lodolo,Lodolo,29.058823529411764,17,8600,CIN@PHI,CIN,PHI,,,,Yes,,P
118451-164509,P,AJ,AJ Smith-Shawver,Smith-Shawver,25.333333333333332,9,8600,BAL@ATL,ATL,BAL,IL,Elbow,,,,P
118451-102447,P,Dean,Dean Kremer,Kremer,26.176470588235293,17,8500,BAL@ATL,BAL,ATL,,,,Yes,,P
118451-102458,P,Kutter,Kutter Crawford,Crawford,27.96969696969697,33,8500,BOS@WSH,BOS,WSH,IL,Wrist,,,,P
118451-37999,P,Michael,Michael Wacha,Wacha,26.764705882352942,17,8300,KC@ARI,KC,ARI,,,,Yes,,P
118451-79245,P,Sandy,Sandy Alcantara,Alcantara,17.529411764705884,17,8300,MIL@MIA,MIA,MIL,,,,,,P
118451-185701,P,Brandon,Brandon Pfaadt,Pfaadt,24.941176470588236,18,8200,KC@ARI,ARI,KC,,,,,,P
118451-102344,P,Brady,Brady Singer,Singer,26.235294117647058,17,8200,CIN@PHI,CIN,PHI,,,,,,P
118451-21099,P,Jose,Jose Quintana,Quintana,25.083333333333332,12,8100,MIL@MIA,MIL,MIA,,,,,,P
118451-198879,P,Rhett,Rhett Lowder,Lowder,27,6,8000,CIN@PHI,CIN,PHI,IL,Forearm,,,,P
118451-82599,P,Edward,Edward Cabrera,Cabrera,27.428571428571427,14,8000,MIL@MIA,MIA,MIL,,,,,,P
118451-82775,P,Nestor,Nestor Cortes,Cortes,17,2,8000,MIL@MIA,MIL,MIA,IL,Elbow,,,,P
118451-163700,P,Kyle,Kyle Bradish,Bradish,32.625,8,8000,BAL@ATL,BAL,ATL,IL,Elbow,,,,P
118451-68482,P,Zach,Zach Eflin,Eflin,20.75,12,7900,BAL@ATL,BAL,ATL,IL,Back,,,,P
118451-85251,P,Zac,Zac Gallen,Gallen,26.5,18,7900,KC@ARI,ARI,KC,,,,,,P
118451-52728,P,Michael,Michael Lorenzen,Lorenzen,23.941176470588236,18,7800,KC@ARI,KC,ARI,,,,,,P
118451-102684,P,Jake,Jake Irvin,Irvin,24.944444444444443,18,7700,BOS@WSH,WSH,BOS,,,,,,P
118451-63781,P,Frankie,Frankie Montas,Montas,19.5,2,7700,NYY@NYM,NYM,NYY,,,,Yes,,P
118451-82582,P,Griffin,Griffin Canning,Canning,24.8125,16,7700,NYY@NYM,NYM,NYY,IL,Achilles,,,,P
118451-68485,P,Ryan,Ryan Yarbrough,Yarbrough,16.6875,16,7700,NYY@NYM,NYY,NYM,IL,Oblique,,,,P
118451-21097,P,Taijuan,Taijuan Walker,Walker,13.526315789473685,19,7600,CIN@PHI,PHI,CIN,,,,,,P
118451-82638,P,Jordan,Jordan Hicks,Hicks,12.6,15,7600,BOS@WSH,BOS,WSH,,,,,,P
118451-165599,P,Eury,Eury Perez,Perez,21.2,5,7600,MIL@MIA,MIA,MIL,,,,,,P
118451-163680,P,Brayan,Brayan Bello,Bello,25.642857142857142,14,7600,BOS@WSH,BOS,WSH,,,,,,P
118451-164532,P,DJ,DJ Herz,Herz,25.94736842105263,19,7500,BOS@WSH,WSH,BOS,IL,Elbow,,,,P
118451-79168,P,Walker,Walker Buehler,Buehler,20,14,7500,BOS@WSH,BOS,WSH,,,,Yes,,P
118451-165573,P,Alec,Alec Marsh,Marsh,24.423076923076923,26,7500,KC@ARI,KC,ARI,IL,Shoulder,,,,P
118451-39041,P,Marcus,Marcus Stroman,Stroman,10.4,5,7400,NYY@NYM,NYY,NYM,,,,,,P
118451-219697,P,Noah,Noah Cameron,Cameron,28.2,10,7400,KC@ARI,KC,ARI,,,,,,P
118451-203679,P,Valente,Valente Bellozo,Bellozo,12.733333333333333,15,7400,MIL@MIA,MIA,MIL,,,,,,P
118451-146664,P,Bryce,Bryce Elder,Elder,20.928571428571427,14,7400,BAL@ATL,ATL,BAL,,,,,,P
118451-165561,P,Chayce,Chayce McDermott,McDermott,11.5,2,7400,BAL@ATL,BAL,ATL,,,,,,P
118451-202541,P,Cade,Cade Povich,Povich,23.615384615384617,13,7400,BAL@ATL,BAL,ATL,IL,Hip,,,,P
118451-165731,P,Mitchell,Mitchell Parker,Parker,22.235294117647058,17,7400,BOS@WSH,WSH,BOS,,,,Yes,,P
118451-219668,P,Hunter,Hunter Dobbins,Dobbins,21.833333333333332,12,7300,BOS@WSH,BOS,WSH,IL,Elbow,,,,P
118451-82607,P,Trevor,Trevor Rogers,Rogers,29.75,4,7300,BAL@ATL,BAL,ATL,,,,,,P
118451-53590,P,Nick,Nick Martinez,Martinez,23.263157894736842,19,7200,CIN@PHI,CIN,PHI,,,,,,P
118451-211765,P,Richard,Richard Fitts,Fitts,16.571428571428573,7,7200,BOS@WSH,BOS,WSH,,,,,,P
118451-70470,P,Albert,Albert Suarez,Suarez,11,1,7200,BAL@ATL,BAL,ATL,IL,Shoulder,,,,P
118451-146717,P,Mick,Mick Abel,Abel,18.666666666666668,7,7200,CIN@PHI,PHI,CIN,,,,,,P
118451-5466,P,Charlie,Charlie Morton,Morton,20.263157894736842,19,7200,BAL@ATL,BAL,ATL,,,,,,P
118451-161450,P,Janson,Janson Junk,Junk,22.75,8,7100,MIL@MIA,MIA,MIL,,,,,,P
118451-202608,P,Carlos,Carlos Rodriguez,Rodriguez,13,1,7100,MIL@MIA,MIL,MIA,IL,Forearm,,,,P
118451-6266,P,Carlos,Carlos Carrasco,Carrasco,15,8,7000,NYY@NYM,NYY,NYM,,,,,,P
118451-53607,P,Anthony,Anthony DeSclafani,DeSclafani,10,4,7000,KC@ARI,ARI,KC,,,,,,P
118451-219659,P,Brandon,Brandon Young,Young,14,4,7000,BAL@ATL,BAL,ATL,,,,,,P
118451-146733,P,Kyle,Kyle Harrison,Harrison,14.5,8,7000,BOS@WSH,BOS,WSH,,,,,,P
118451-79853,P,Jordan,Jordan Montgomery,Montgomery,17.16,25,7000,KC@ARI,ARI,KC,IL,Elbow,,,,P
118451-102572,P,Tobias,Tobias Myers,Myers,13,6,6900,MIL@MIA,MIL,MIA,,,,,,P
118451-79228,P,Cal,Cal Quantrill,Quantrill,17.0625,16,6900,MIL@MIA,MIA,MIL,,,,Yes,,P
118451-220895,P,Tomoyuki,Tomoyuki Sugano,Sugano,21.941176470588236,17,6900,BAL@ATL,BAL,ATL,,,,,,P
118451-102498,P,Patrick,Patrick Sandoval,Sandoval,23.4375,16,6800,BOS@WSH,BOS,WSH,IL,Elbow,,,,P
118451-176240,P,Luis F.,Luis F. Castillo,Castillo,9,2,6800,BAL@ATL,BAL,ATL,,,,,,P
118451-102569,P,Michael,Michael Mercado,Mercado,2,3,6800,CIN@PHI,PHI,CIN,,,,,,P
118451-149886,P,Cody,Cody Poteet,Poteet,-4,1,6800,BAL@ATL,BAL,ATL,IL,Shoulder,,,,P
118451-82540,P,Tanner,Tanner Houck,Houck,13.555555555555555,9,6800,BOS@WSH,BOS,WSH,IL,Elbow,,,,P
118451-80859,P,Paul,Paul Blackburn,Blackburn,8.833333333333334,6,6800,NYY@NYM,NYM,NYY,IL,Shoulder,,,,P
118451-79078,P,Ian,Ian Anderson,Anderson,2.2857142857142856,7,6800,BAL@ATL,ATL,BAL,,,,,,P
118451-185845,P,Allan,Allan Winans,Winans,5,2,6800,NYY@NYM,NYY,NYM,,,,,,P
118451-222885,P,Brad,Brad Lord,Lord,9.096774193548388,32,6800,BOS@WSH,WSH,BOS,,,,,,P
118451-226810,P,Blade,Blade Tidwell,Tidwell,9,4,6700,NYY@NYM,NYM,NYY,,,,,,P
118451-198872,P,Hurston,Hurston Waldrep,Waldrep,-4.5,2,6600,BAL@ATL,ATL,BAL,,,,,,P
118451-219569,P,Justin,Justin Hagenman,Hagenman,15.333333333333334,3,6600,NYY@NYM,NYM,NYY,,,,,,P
118451-119302,P,Blake,Blake Walston,Walston,12.571428571428571,7,6600,KC@ARI,ARI,KC,IL,Elbow,,,,P
118451-82537,P,DL,DL Hall,Hall,8.555555555555555,9,6600,MIL@MIA,MIL,MIA,,,,,,P
118451-138016,P,Brandon,Brandon Waddell,Waddell,10.571428571428571,7,6600,NYY@NYM,NYM,NYY,,,,,,P
118451-68483,P,Trevor,Trevor Williams,Williams,17.294117647058822,17,6600,BOS@WSH,WSH,BOS,IL,Elbow,,,,P
118451-102333,P,Daniel,Daniel Lynch IV,Lynch IV,4.947368421052632,38,6600,KC@ARI,KC,ARI,,,,,,P
118451-102515,P,Aaron,Aaron Ashby,Ashby,11.272727272727273,11,6500,MIL@MIA,MIL,MIA,,,,,,P
118451-102574,P,Jake,Jake Woodford,Woodford,1.5,2,6500,KC@ARI,ARI,KC,,,,,,P
118451-194242,P,Carson,Carson Spiers,Spiers,16.666666666666668,3,6500,CIN@PHI,CIN,PHI,IL,Shoulder,,,,P
118451-165665,P,Robert,Robert Gasser,Gasser,25.6,5,6500,MIL@MIA,MIL,MIA,IL,Elbow,,,,P
118451-219695,P,Luinder,Luinder Avila,Avila,,0,6400,KC@ARI,KC,ARI,IL,Shoulder,,,,P
118451-170891,P,Davis,Davis Daniel,Daniel,6,1,6400,BAL@ATL,ATL,BAL,,,,,,P
118451-165508,P,Graham,Graham Ashcraft,Ashcraft,6.862068965517241,29,6400,CIN@PHI,CIN,PHI,,,,,,P
118451-165618,P,Chase,Chase Petty,Petty,0,3,6400,CIN@PHI,CIN,PHI,,,,,,P
118451-102416,P,Tyler,Tyler Phillips,Phillips,5.166666666666667,30,6300,MIL@MIA,MIA,MIL,,,,,,P
118451-135245,P,Tommy,Tommy Henry,Henry,17.5,2,6300,KC@ARI,ARI,KC,IL,Elbow,,,,P
118451-161256,P,Cooper,Cooper Criswell,Criswell,6.333333333333333,6,6300,BOS@WSH,BOS,WSH,,,,,,P
118451-119416,P,Brandon,Brandon Williamson,Williamson,15.25,4,6200,CIN@PHI,CIN,PHI,IL,Elbow,,,,P
118451-119447,P,Joan,Joan Adon,Adon,3.25,8,6200,BOS@WSH,WSH,BOS,,,,,,P
118451-228058,P,Didier,Didier Fuentes,Fuentes,10,3,6200,BAL@ATL,ATL,BAL,,,,,,P
118451-199459,P,Nick,Nick Nastrini,Nastrini,11.666666666666666,9,6200,MIL@MIA,MIA,MIL,,,,,,P
118451-181833,P,Darius,Darius Vines,Vines,7.25,4,6200,BAL@ATL,ATL,BAL,IL,Undisclosed,,,,P
118451-204512,P,Yilber,Yilber Diaz,Diaz,3,1,6200,KC@ARI,ARI,KC,,,,,,P
118451-202480,P,Adam,Adam Mazur,Mazur,20,1,6200,MIL@MIA,MIA,MIL,,,,,,P
118451-12972,P,Wade,Wade Miley,Miley,12,3,6100,CIN@PHI,CIN,PHI,IL,Forearm,,,,P
118451-163692,P,Jose,Jose Butto,Butto,7.225806451612903,31,6100,NYY@NYM,NYM,NYY,IL,Illness,,,,P
118451-102502,P,Josiah,Josiah Gray,Gray,6.5,3,6000,BOS@WSH,WSH,BOS,IL,Elbow,,,,P
118451-198904,P,Christian,Christian Scott,Scott,22.11111111111111,9,6000,NYY@NYM,NYM,NYY,IL,Elbow,,,,P
118451-145922,P,Tyler,Tyler Wells,Wells,19.666666666666668,4,6000,BAL@ATL,BAL,ATL,IL,Elbow,,,,P
118451-209958,P,Julian,Julian Aguiar,Aguiar,15.142857142857142,7,6000,CIN@PHI,CIN,PHI,IL,Elbow,,,,P
118451-163515,P,Elvin,Elvin Rodriguez,Rodriguez,8.833333333333334,6,6000,MIL@MIA,MIL,MIA,,,,,,P
118451-163681,P,Josh,Josh Winckowski,Winckowski,7.833333333333333,6,6000,BOS@WSH,BOS,WSH,IL,Elbow,,,,P
118451-119391,P,Roansy,Roansy Contreras,Contreras,6.085106382978723,49,5900,BAL@ATL,BAL,ATL,,,,,,P
118451-119449,P,Jackson,Jackson Rutledge,Rutledge,4.642857142857143,28,5900,BOS@WSH,WSH,BOS,,,,,,P
118451-146728,P,Connor,Connor Phillips,Phillips,5.25,4,5900,CIN@PHI,CIN,PHI,,,,,,P
118451-177584,P,Xzavion,Xzavion Curry,Curry,2,3,5900,MIL@MIA,MIA,MIL,,,,,,P
118451-52873,P,Joe,Joe Ross,Ross,5.518518518518518,28,5900,CIN@PHI,PHI,CIN,,,,,,P
118451-102487,P,Austin,Austin Cox,Cox,12,3,5700,BAL@ATL,ATL,BAL,,,,,,P
118451-145610,P,Angel,Angel Zerpa,Zerpa,4.578947368421052,38,5700,KC@ARI,KC,ARI,,,,,,P
118451-119431,P,Seth,Seth Johnson,Johnson,7.5,2,5700,CIN@PHI,PHI,CIN,,,,,,P
118451-164511,P,Dylan,Dylan Dodd,Dodd,4.3,10,5700,BAL@ATL,ATL,BAL,,,,,,P
118451-101838,P,JT,JT Brubaker,Brubaker,1.25,4,5700,NYY@NYM,NYY,NYM,,,,,,P
118451-102462,P,Lyon,Lyon Richardson,Richardson,5.130434782608695,24,5600,CIN@PHI,CIN,PHI,,,,,,P
118451-195151,P,Anthony,Anthony Veneziano,Veneziano,3.75,24,5600,MIL@MIA,MIA,MIL,,,,,,P
118451-82539,P,Jalen,Jalen Beeks,Beeks,4.609756097560975,41,5600,KC@ARI,ARI,KC,,,,,,P
118451-79873,P,Dylan,Dylan Covey,Covey,0,2,5500,BAL@ATL,ATL,BAL,,,,,,P
118451-178184,P,Kevin,Kevin Herget,Herget,4.5,2,5500,BAL@ATL,ATL,BAL,,,,,,P
118451-135192,P,Ryan,Ryan Thompson,Thompson,4.194444444444445,36,5500,KC@ARI,ARI,KC,,,,,,P
118451-135196,P,Tyler,Tyler Zuber,Zuber,9,1,5500,NYY@NYM,NYM,NYY,,,,,,P
118451-161827,P,Seth,Seth Martinez,Martinez,5.0227272727272725,44,5500,MIL@MIA,MIA,MIL,,,,,,P
118451-102442,P,Freddy,Freddy Tarnok,Tarnok,7.5,2,5500,MIL@MIA,MIA,MIL,,,,,,P
118451-190516,P,Daysbel,Daysbel Hernandez,Hernandez,5.461538461538462,26,5500,BAL@ATL,ATL,BAL,,,,,,P
118451-135221,P,Cade,Cade Cavalli,Cavalli,0,1,5500,BOS@WSH,WSH,BOS,,,,,,P
118451-192574,P,Lane,Lane Ramsey,Ramsey,,0,5500,MIL@MIA,MIA,MIL,,,,,,P
118451-79936,P,Mark,Mark Leiter Jr.,Leiter Jr.,5.225,40,5500,NYY@NYM,NYY,NYM,,,,,,P
118451-104512,P,Geoff,Geoff Hartlieb,Hartlieb,3,1,5500,NYY@NYM,NYY,NYM,,,,,,P
118451-135236,P,Max,Max Kranick,Kranick,6.625,24,5500,NYY@NYM,NYM,NYY,IL,Elbow,,,,P
118451-102470,P,Rico,Rico Garcia,Garcia,,0,5500,NYY@NYM,NYM,NYY,,,,,,P
118451-135237,P,Nick,Nick Mears,Mears,4.815789473684211,38,5500,MIL@MIA,MIL,MIA,,,,,,P
118451-149587,P,Jay,Jay Flaa,Flaa,,0,5500,BAL@ATL,ATL,BAL,,,,,,P
118451-135249,P,Bryce,Bryce Jarvis,Jarvis,6.142857142857143,7,5500,KC@ARI,ARI,KC,,,,,,P
118451-102503,P,John,John Rooney,Rooney,,0,5500,MIL@MIA,MIA,MIL,,,,,,P
118451-161907,P,Dylan,Dylan Lee,Lee,5.45,40,5500,BAL@ATL,ATL,BAL,,,,,,P
118451-135281,P,Bryan,Bryan Baker,Baker,5.875,40,5500,BAL@ATL,BAL,ATL,,,,,,P
118451-159857,P,Jose,Jose Marte,Marte,6.071428571428571,14,5500,NYY@NYM,NYM,NYY,IL,Shoulder,,,,P
118451-82039,P,Aaron,Aaron Wilkerson,Wilkerson,,0,5500,CIN@PHI,CIN,PHI,,,,,,P
118451-102523,P,Deivi,Deivi Garcia,Garcia,4.285714285714286,14,5500,CIN@PHI,CIN,PHI,,,,,,P
118451-209026,P,Parker,Parker Dunshee,Dunshee,1,1,5500,BOS@WSH,WSH,BOS,,,,,,P
118451-114827,P,John,John Schreiber,Schreiber,4.756756756756757,39,5500,KC@ARI,KC,ARI,,,,,,P
118451-135312,P,Kyle,Kyle Nelson,Nelson,3.727272727272727,11,5500,KC@ARI,ARI,KC,,,,,,P
118451-170135,P,Yennier,Yennier Cano,Cano,4.242424242424242,33,5500,BAL@ATL,BAL,ATL,,,,,,P
118451-80033,P,Emilio,Emilio Pagan,Pagan,5.837837837837838,37,5500,CIN@PHI,CIN,PHI,,,,,,P
118451-184482,P,Hobie,Hobie Harris,Harris,,0,5500,BOS@WSH,BOS,WSH,,,,,,P
118451-80034,P,Jose,Jose Alvarado,Alvarado,7.05,20,5500,CIN@PHI,PHI,CIN,NA,Suspension,,,,P
118451-135339,P,Clayton,Clayton Beeter,Beeter,-4,1,5500,NYY@NYM,NYY,NYM,,,,,,P
118451-209078,P,Max,Max Lazar,Lazar,5.666666666666667,12,5500,CIN@PHI,PHI,CIN,,,,,,P
118451-145630,P,Kervin,Kervin Castro,Castro,,0,5500,NYY@NYM,NYY,NYM,,,,,,P
118451-145629,P,Mason,Mason Thompson,Thompson,0,1,5500,BOS@WSH,WSH,BOS,IL,Elbow,,,,P
118451-149731,P,Anthony,Anthony Bender,Bender,4.815789473684211,38,5500,MIL@MIA,MIA,MIL,,,,,,P
118451-198890,P,Walter,Walter Pennington,Pennington,5.8125,16,5500,BAL@ATL,BAL,ATL,,,,,,P
118451-205032,P,Daniel,Daniel Robert,Robert,5.8,5,5500,CIN@PHI,PHI,CIN,,,,,,P
118451-198896,P,Noble,Noble Meyer,Meyer,,0,5500,MIL@MIA,MIA,MIL,IL,Undisclosed,,,,P
118451-198901,P,Chase,Chase Hampton,Hampton,,0,5500,NYY@NYM,NYY,NYM,IL,Elbow,,,,P
118451-198919,P,Robby,Robby Snelling,Snelling,,0,5500,MIL@MIA,MIA,MIL,,,,,,P
118451-225549,P,Patrick,Patrick Monteverde,Monteverde,11,1,5500,MIL@MIA,MIA,MIL,,,,,,P
118451-225559,P,Juan,Juan Morillo,Morillo,4.142857142857143,28,5500,KC@ARI,ARI,KC,,,,,,P
118451-180540,P,Easton,Easton McGee,McGee,7,3,5500,MIL@MIA,MIL,MIA,,,,,,P
118451-203075,P,Michael,Michael Petersen,Petersen,6.5,4,5500,BAL@ATL,ATL,BAL,,,,,,P
118451-174406,P,Huascar,Huascar Brazoban,Brazoban,6.527777777777778,36,5500,NYY@NYM,NYM,NYY,,,,,,P
118451-209224,P,Orlando,Orlando Ribalta,Ribalta,6.5,4,5500,BOS@WSH,WSH,BOS,IL,Biceps,,,,P
118451-135530,P,Brett,Brett de Geus,de Geus,3,1,5500,CIN@PHI,PHI,CIN,,,,,,P
118451-57717,P,Buck,Buck Farmer,Farmer,6.049180327868853,61,5500,CIN@PHI,CIN,PHI,,,,,,P
118451-225667,P,Cade,Cade Gibson,Gibson,6.3,20,5500,MIL@MIA,MIA,MIL,,,,,,P
118451-170384,P,Yerry,Yerry de los Santos,de los Santos,6.214285714285714,14,5500,NYY@NYM,NYY,NYM,IL,Elbow,,,,P
118451-61858,P,Raisel,Raisel Iglesias,Iglesias,5.088235294117647,34,5500,BAL@ATL,ATL,BAL,,,,,,P
118451-219568,P,Rolddy,Rolddy Munoz,Munoz,,0,5500,BAL@ATL,ATL,BAL,,,,,,P
118451-188863,P,Randy,Randy Wynne,Wynne,15,1,5500,CIN@PHI,CIN,PHI,,,,,,P
118451-225748,P,Craig,Craig Yoho,Yoho,2.5,6,5500,MIL@MIA,MIL,MIA,,,,,,P
118451-182750,P,Andrew,Andrew Painter,Painter,,0,5500,CIN@PHI,PHI,CIN,,,,,,P
118451-184829,P,McKinley,McKinley Moore,Moore,0,3,5500,NYY@NYM,NYY,NYM,,,,,,P
118451-119299,P,Drey,Drey Jameson,Jameson,2,3,5500,KC@ARI,ARI,KC,IL,Elbow,,,,P
118451-119310,P,Noah,Noah Song,Song,,0,5500,BOS@WSH,BOS,WSH,,,,,,P
118451-219660,P,Kade,Kade Strowd,Strowd,5.333333333333333,3,5500,BAL@ATL,BAL,ATL,,,,,,P
118451-170514,P,Jose,Jose Cuas,Cuas,4.833333333333333,13,5500,BAL@ATL,ATL,BAL,,,,,,P
118451-119316,P,Thaddeus,Thaddeus Ward,Ward,0,1,5500,BAL@ATL,BAL,ATL,,,,,,P
118451-162328,P,Reiver,Reiver Sanmartin,Sanmartin,0,2,5500,CIN@PHI,CIN,PHI,,,,,,P
118451-191007,P,Declan,Declan Cronin,Cronin,6.125,56,5500,MIL@MIA,MIA,MIL,,,,,,P
118451-119347,P,Jonathan,Jonathan Bowlan,Bowlan,6,12,5500,KC@ARI,KC,ARI,,,,,,P
118451-219696,P,Eric,Eric Cerantola,Cerantola,,0,5500,KC@ARI,KC,ARI,,,,,,P
118451-178743,P,Nicholas,Nicholas Padilla,Padilla,,0,5500,CIN@PHI,PHI,CIN,,,,,,P
118451-219700,P,Luis,Luis Mey,Mey,4.866666666666666,15,5500,CIN@PHI,CIN,PHI,,,,,,P
118451-219707,P,Jean,Jean Cabrera,Cabrera,,0,5500,CIN@PHI,PHI,CIN,,,,,,P
118451-219705,P,Moises,Moises Chace,Chace,,0,5500,CIN@PHI,PHI,CIN,IL,Elbow,,,,P
118451-119356,P,Oliver,Oliver Ortega,Ortega,0,1,5500,NYY@NYM,NYM,NYY,IL,Elbow,,,,P
118451-72265,P,Matt,Matt Strahm,Strahm,4.972972972972973,37,5500,CIN@PHI,PHI,CIN,,,,,,P
118451-80460,P,John,John Brebbia,Brebbia,3.8947368421052633,19,5500,BAL@ATL,ATL,BAL,,,,,,P
118451-219726,P,Joe,Joe Elbis,Elbis,,0,5500,KC@ARI,ARI,KC,O,Undisclosed,,,,P
118451-119375,P,Dedniel,Dedniel Nunez,Nunez,5.222222222222222,10,5500,NYY@NYM,NYM,NYY,IL,Elbow,,,,P
118451-225880,P,Nathan,Nathan Wiles,Wiles,-3,1,5500,BAL@ATL,ATL,BAL,,,,,,P
118451-16989,P,Wilking,Wilking Rodriguez,Rodriguez,,0,5500,NYY@NYM,NYY,NYM,,,,,,P
118451-80476,P,Jackson,Jackson Stephens,Stephens,4.333333333333333,3,5500,BAL@ATL,ATL,BAL,,,,,,P
118451-119388,P,Junior,Junior Santos,Santos,,0,5500,BOS@WSH,WSH,BOS,,,,,,P
118451-119397,P,TJ,TJ Sikkema,Sikkema,,0,5500,CIN@PHI,CIN,PHI,,,,,,P
118451-82535,P,Kyle,Kyle Wright,Wright,0,1,5500,KC@ARI,KC,ARI,IL,Oblique,,,,P
118451-186986,P,Eduardo,Eduardo Salazar,Salazar,2.3793103448275863,29,5500,BOS@WSH,WSH,BOS,,,,,,P
118451-82541,P,Bryan,Bryan Mata,Mata,0,2,5500,BOS@WSH,BOS,WSH,,,,,,P
118451-82547,P,Thomas,Thomas Hatch,Hatch,,0,5500,KC@ARI,KC,ARI,,,,,,P
118451-82546,P,Adbert,Adbert Alzolay,Alzolay,3.888888888888889,18,5500,NYY@NYM,NYM,NYY,IL,Elbow,,,,P
118451-119413,P,Isaiah,Isaiah Campbell,Campbell,0.25,8,5500,BOS@WSH,BOS,WSH,,,,,,P
118451-135798,P,Garrett,Garrett Stallings,Stallings,,0,5500,MIL@MIA,MIL,MIA,,,,,,P
118451-82552,P,Tony,Tony Santillan,Santillan,4.512195121951219,42,5500,CIN@PHI,CIN,PHI,,,,,,P
118451-70271,P,Carlos,Carlos Estevez,Estevez,5.333333333333333,36,5500,KC@ARI,KC,ARI,,,,,,P
118451-12939,P,Casey,Casey Kelly,Kelly,9.5,2,5500,KC@ARI,ARI,KC,,,,,,P
118451-82572,P,Gregory,Gregory Soto,Soto,4.351351351351352,37,5500,BAL@ATL,BAL,ATL,,,,,,P
118451-12943,P,Shelby,Shelby Miller,Miller,6.027777777777778,36,5500,KC@ARI,ARI,KC,,,,,,P
118451-170647,P,Jared,Jared Koenig,Koenig,4.325,40,5500,MIL@MIA,MIL,MIA,,,,,,P
118451-164500,P,Ryan,Ryan Cusick,Cusick,,0,5500,CIN@PHI,PHI,CIN,,,,,,P
118451-119446,P,Andry,Andry Lara,Lara,21,1,5500,BOS@WSH,WSH,BOS,,,,,,P
118451-82584,P,JB,JB Bukauskas,Bukauskas,5.5,6,5500,MIL@MIA,MIL,MIA,IL,Lat,,,,P
118451-82587,P,Richard,Richard Lovelady,Lovelady,3.2,5,5500,NYY@NYM,NYM,NYY,,,,,,P
118451-164517,P,Chris,Chris Murphy,Murphy,13,2,5500,BOS@WSH,BOS,WSH,,,,,,P
118451-228050,P,Nolan,Nolan Hoffman,Hoffman,,0,5500,CIN@PHI,PHI,CIN,,,,,,P
118451-228057,P,Jayvien,Jayvien Sandridge,Sandridge,,0,5500,NYY@NYM,NYY,NYM,,,,,,P
118451-82657,P,Wil,Wil Crowe,Crowe,,0,5500,CIN@PHI,PHI,CIN,,,,,,P
118451-187105,P,Joe,Joe La Sorsa,La Sorsa,-0.3333333333333333,3,5500,CIN@PHI,CIN,PHI,,,,,,P
118451-187121,P,Grant,Grant Anderson,Anderson,6.2105263157894735,38,5500,MIL@MIA,MIL,MIA,,,,,,P
118451-84727,P,Drew,Drew Smith,Smith,5.7894736842105265,19,5500,NYY@NYM,NYM,NYY,IL,Elbow,,,,P
118451-84732,P,Robert,Robert Stock,Stock,1,2,5500,BOS@WSH,BOS,WSH,,,,,,P
118451-13055,P,Anthony,Anthony Gose,Gose,3.3333333333333335,3,5500,KC@ARI,ARI,KC,,,,,,P
118451-154368,P,Vinny,Vinny Nittoli,Nittoli,6,9,5500,MIL@MIA,MIL,MIA,,,,,,P
118451-228101,P,Jonathan,Jonathan Pintaro,Pintaro,-1,1,5500,NYY@NYM,NYM,NYY,,,,,,P
118451-211737,P,Luis,Luis Guerrero,Guerrero,4.461538461538462,13,5500,BOS@WSH,BOS,WSH,IL,Elbow,,,,P
118451-178997,P,Greg,Greg Weissert,Weissert,4.357142857142857,42,5500,BOS@WSH,BOS,WSH,,,,,,P
118451-213816,P,Evan,Evan Sisk,Sisk,9.2,5,5500,KC@ARI,KC,ARI,,,,,,P
118451-13118,P,Justin,Justin Wilson,Wilson,5.151515151515151,34,5500,BOS@WSH,BOS,WSH,,,,,,P
118451-119622,P,Matt,Matt Allan,Allan,,0,5500,NYY@NYM,NYM,NYY,,,,,,P
118451-213851,P,Domingo,Domingo Gonzalez,Gonzalez,,0,5500,BAL@ATL,ATL,BAL,,,,,,P
118451-11108,P,Aroldis,Aroldis Chapman,Chapman,6.868421052631579,38,5500,BOS@WSH,BOS,WSH,,,,,,P
118451-213871,P,Luarbert,Luarbert Arias,Arias,3.6666666666666665,6,5500,MIL@MIA,MIA,MIL,,,,,,P
118451-68469,P,Adam,Adam Plutko,Plutko,,0,5500,CIN@PHI,CIN,PHI,,,,,,P
118451-15225,P,Liam,Liam Hendriks,Hendriks,3.357142857142857,14,5500,BOS@WSH,BOS,WSH,IL,Hip,,,,P
118451-68476,P,Taylor,Taylor Rogers,Rogers,5,35,5500,CIN@PHI,CIN,PHI,,,,,,P
118451-23437,P,Brooks,Brooks Raley,Raley,6.75,8,5500,NYY@NYM,NYM,NYY,IL,Elbow,,,,P
118451-80791,P,Alan,Alan Busenitz,Busenitz,1,3,5500,CIN@PHI,CIN,PHI,,,,,,P
118451-68515,P,Sam,Sam Moll,Moll,5,5,5500,CIN@PHI,CIN,PHI,,,,,,P
118451-68520,P,Michael,Michael Fulmer,Fulmer,5.666666666666667,3,5500,KC@ARI,KC,ARI,,,,,,P
118451-179118,P,Zack,Zack Kelly,Kelly,6.6875,17,5500,BOS@WSH,BOS,WSH,IL,Oblique,,,,P
118451-52141,P,Lucas,Lucas Sims,Sims,1.5625,18,5500,CIN@PHI,PHI,CIN,,,,,,P
118451-68527,P,Jose,Jose De Leon,De Leon,,0,5500,BOS@WSH,BOS,WSH,,,,,,P
118451-52143,P,Hunter,Hunter Harvey,Harvey,6.166666666666667,6,5500,KC@ARI,KC,ARI,IL,Shoulder,,,,P
118451-52148,P,Pierce,Pierce Johnson,Johnson,5.151515151515151,33,5500,BAL@ATL,ATL,BAL,,,,,,P
118451-175032,P,Brennan,Brennan Bernardino,Bernardino,4.243243243243243,38,5500,BOS@WSH,BOS,WSH,,,,,,P
118451-68548,P,Edwin,Edwin Diaz,Diaz,7.411764705882353,34,5500,NYY@NYM,NYM,NYY,,,,,,P
118451-68561,P,Luke,Luke Weaver,Weaver,5.225806451612903,31,5500,NYY@NYM,NYY,NYM,,,,,,P
118451-193498,P,John,John McMillon,McMillon,9,10,5500,CIN@PHI,PHI,CIN,,,,,,P
118451-68584,P,Tyler,Tyler Jay,Jay,5.8,5,5500,MIL@MIA,MIL,MIA,,,,,,P
118451-70634,P,Daniel,Daniel Mengden,Mengden,,0,5500,KC@ARI,ARI,KC,,,,,,P
118451-82924,P,Tim,Tim Hill,Hill,4.125,41,5500,NYY@NYM,NYY,NYM,,,,,,P
118451-82935,P,Trevor,Trevor Richards,Richards,1.5,3,5500,KC@ARI,ARI,KC,,,,,,P
118451-70649,P,Adrian,Adrian Sampson,Sampson,0,1,5500,BOS@WSH,WSH,BOS,IL,Undisclosed,,,,P
118451-168965,P,Tanner,Tanner Banks,Banks,5.611111111111111,36,5500,CIN@PHI,PHI,CIN,,,,,,P
118451-68619,P,Matt,Matt Bowman,Bowman,4.222222222222222,19,5500,BAL@ATL,BAL,ATL,,,,,,P
118451-68654,P,John,John Gant,Gant,,0,5500,KC@ARI,KC,ARI,,,,,,P
118451-82999,P,Scott,Scott Barlow,Barlow,4.609756097560975,41,5500,CIN@PHI,CIN,PHI,,,,,,P
118451-58434,P,Kendall,Kendall Graveman,Graveman,1.7777777777777777,9,5500,KC@ARI,ARI,KC,IL,Hip,,,,P
118451-154688,P,Jake,Jake Cousins,Cousins,6.4186046511627906,43,5500,NYY@NYM,NYY,NYM,IL,Elbow,,,,P
118451-179275,P,Fernando,Fernando Cruz,Cruz,7.5,32,5500,NYY@NYM,NYY,NYM,IL,Oblique,,,,P
118451-195682,P,Orion,Orion Kerkering,Kerkering,5.421052631578948,38,5500,CIN@PHI,PHI,CIN,,,,,,P
118451-85108,P,Enyel,Enyel De Los Santos,De Los Santos,5,35,5500,BAL@ATL,ATL,BAL,,,,,,P
118451-201853,P,Ryan,Ryan Loutos,Loutos,1.25,9,5500,BOS@WSH,WSH,BOS,,,,,,P
118451-179339,P,Bryce,Bryce Montes de Oca,Montes de Oca,,0,5500,NYY@NYM,NYM,NYY,IL,Elbow,,,,P
118451-81044,P,Austin,Austin Adams,Adams,4.2727272727272725,56,5500,BOS@WSH,BOS,WSH,,,,,,P
118451-152734,P,Zach,Zach Thompson,Thompson,10,2,5500,BAL@ATL,ATL,BAL,IL,Undisclosed,,,,P
118451-81052,P,Andrew,Andrew Kittredge,Kittredge,5.157894736842105,19,5500,BAL@ATL,BAL,ATL,,,,,,P
118451-83116,P,Wander,Wander Suero,Suero,0,1,5500,BAL@ATL,ATL,BAL,,,,,,P
118451-160965,P,Elvis,Elvis Peguero,Peguero,4.166666666666667,6,5500,MIL@MIA,MIL,MIA,,,,,,P
118451-83145,P,Jose,Jose Castillo,Castillo,4.176470588235294,18,5500,NYY@NYM,NYM,NYY,,,,,,P
118451-83149,P,Jesus,Jesus Liranzo,Liranzo,,0,5500,MIL@MIA,MIL,MIA,,,,,,P
118451-83158,P,Seranthony,Seranthony Dominguez,Dominguez,6.114285714285714,35,5500,BAL@ATL,BAL,ATL,,,,,,P
118451-79067,P,Alex,Alex Young,Young,4.529411764705882,17,5500,CIN@PHI,CIN,PHI,IL,Elbow,,,,P
118451-83163,P,Jonathan,Jonathan Loaisiga,Loaisiga,4.947368421052632,19,5500,NYY@NYM,NYY,NYM,,,,,,P
118451-79071,P,Taylor,Taylor Clarke,Clarke,4.523809523809524,21,5500,KC@ARI,KC,ARI,,,,,,P
118451-60640,P,Nick,Nick Burdi,Burdi,7.75,4,5500,BOS@WSH,BOS,WSH,IL,Foot,,,,P
118451-83170,P,Thomas,Thomas Pannone,Pannone,,0,5500,MIL@MIA,MIL,MIA,IL,Forearm,,,,P
118451-79085,P,Keegan,Keegan Akin,Akin,5.230769230769231,39,5500,BAL@ATL,BAL,ATL,IL,Shoulder,,,,P
118451-146670,P,Christian,Christian Roa,Roa,0,2,5500,MIL@MIA,MIA,MIL,,,,,,P
118451-83184,P,Julian,Julian Merryweather,Merryweather,3.0952380952380953,21,5500,NYY@NYM,NYM,NYY,,,,,,P
118451-197873,P,Zach,Zach Brzykcy,Brzykcy,3.5,23,5500,BOS@WSH,WSH,BOS,,,,,,P
118451-197877,P,Cristian,Cristian Mena,Mena,15.666666666666666,3,5500,KC@ARI,ARI,KC,IL,Shoulder,,,,P
118451-79097,P,Bryan,Bryan Hudson,Hudson,4.583333333333333,12,5500,MIL@MIA,MIL,MIA,,,,,,P
118451-83193,P,Jesus,Jesus Tinoco,Tinoco,3.35,20,5500,MIL@MIA,MIA,MIL,IL,Forearm,,,,P
118451-197891,P,Michael,Michael Arias,Arias,0,2,5500,NYY@NYM,NYY,NYM,IL,Undisclosed,,,,P
118451-146691,P,Asa,Asa Lacy,Lacy,,0,5500,KC@ARI,KC,ARI,IL,Elbow,,,,P
118451-146699,P,Dax,Dax Fulton,Fulton,,0,5500,MIL@MIA,MIA,MIL,,,,,,P
118451-197900,P,Luis,Luis Perales,Perales,0,2,5500,BOS@WSH,BOS,WSH,IL,Elbow,,,,P
118451-146706,P,Robert,Robert Dominguez,Dominguez,,0,5500,NYY@NYM,NYM,NYY,,,,,,P
118451-197906,P,Royber,Royber Salinas,Salinas,0,1,5500,BAL@ATL,ATL,BAL,IL,Shoulder,,,,P
118451-79124,P,Joe,Joe Jimenez,Jimenez,5.855072463768116,70,5500,BAL@ATL,ATL,BAL,IL,Knee,,,,P
118451-187669,P,Ty,Ty Adcock,Adcock,7,3,5500,NYY@NYM,NYM,NYY,,,,,,P
118451-116002,P,Joel,Joel Kuhnel,Kuhnel,5,6,5500,NYY@NYM,NYY,NYM,,,,,,P
118451-146727,P,Justin,Justin Lange,Lange,,0,5500,NYY@NYM,NYY,NYM,IL,Shoulder,,,,P
118451-85286,P,Ian,Ian Gibaut,Gibaut,3.28,25,5500,CIN@PHI,CIN,PHI,IL,Shoulder,,,,P
118451-79144,P,Scott,Scott Blewett,Blewett,7.541666666666667,24,5500,BAL@ATL,BAL,ATL,,,,,,P
118451-79150,P,Josh,Josh Staumont,Staumont,4.12,25,5500,CIN@PHI,CIN,PHI,IL,Undisclosed,,,,P
118451-146737,P,Cole,Cole Henry,Henry,5.103448275862069,31,5500,BOS@WSH,WSH,BOS,,,,,,P
118451-79161,P,Braxton,Braxton Garrett,Garrett,23.857142857142858,7,5500,MIL@MIA,MIA,MIL,IL,Elbow,,,,P
118451-152888,P,Sam,Sam Long,Long,2.076923076923077,13,5500,KC@ARI,KC,ARI,,,,,,P
118451-154947,P,Justin,Justin Garza,Garza,3.4,5,5500,NYY@NYM,NYM,NYY,,,,,,P
118451-79172,P,Luis,Luis Ortiz,Ortiz,-4,3,5500,NYY@NYM,NYM,NYY,IL,Elbow,,,,P
118451-228678,P,Sam,Sam Benschoter,Benschoter,,0,5500,CIN@PHI,CIN,PHI,,,,,,P
118451-79185,P,Justin,Justin Dunn,Dunn,,0,5500,KC@ARI,KC,ARI,,,,,,P
118451-21846,P,Chris,Chris Devenski,Devenski,6,4,5500,NYY@NYM,NYM,NYY,,,,,,P
118451-177493,P,Andrew,Andrew Nardi,Nardi,5.051724137931035,59,5500,MIL@MIA,MIA,MIL,IL,Back,,,,P
118451-79196,P,Albert,Albert Abreu,Abreu,,0,5500,CIN@PHI,CIN,PHI,,,,,,P
118451-38240,P,Rafael,Rafael Montero,Montero,5.1,30,5500,BAL@ATL,ATL,BAL,,,,,,P
118451-222565,P,Shinnosuke,Shinnosuke Ogasawara,Ogasawara,,0,5500,BOS@WSH,WSH,BOS,,,,,,P
118451-79209,P,A.J.,A.J. Puk,Puk,6.375,8,5500,KC@ARI,ARI,KC,IL,Elbow,,,,P
118451-79250,P,Junior,Junior Fernandez,Fernandez,,0,5500,KC@ARI,KC,ARI,,,,,,P
118451-79258,P,Ryne,Ryne Stanek,Stanek,4.852941176470588,35,5500,NYY@NYM,NYM,NYY,,,,,,P
118451-38303,P,Andrew,Andrew Chafin,Chafin,4.466666666666667,17,5500,BOS@WSH,WSH,BOS,,,,,,P
118451-193949,P,Steven,Steven Cruz,Cruz,5.411764705882353,34,5500,KC@ARI,KC,ARI,,,,,,P
118451-101801,P,Joel,Joel Payamps,Payamps,2.260869565217391,23,5500,MIL@MIA,MIL,MIA,,,,,,P
118451-118185,P,Matt,Matt Foster,Foster,4.333333333333333,6,5500,KC@ARI,ARI,KC,,,,,,P
118451-118184,P,Enoli,Enoli Paredes,Paredes,5.944444444444445,18,5500,BAL@ATL,ATL,BAL,,,,,,P
118451-79275,P,Sean,Sean Reid-Foley,Reid-Foley,5.826086956521739,23,5500,KC@ARI,ARI,KC,,,,,,P
118451-101802,P,Patrick,Patrick Weigel,Weigel,,0,5500,BOS@WSH,WSH,BOS,,,,,,P
118451-118195,P,Tejay,Tejay Antone,Antone,4.5,6,5500,CIN@PHI,CIN,PHI,IL,Elbow,,,,P
118451-118196,P,Ryan,Ryan Hendrix,Hendrix,,0,5500,KC@ARI,KC,ARI,,,,,,P
118451-101819,P,Jose,Jose Suarez,Suarez,12.333333333333334,3,5500,BAL@ATL,ATL,BAL,IL,Undisclosed,,,,P
118451-200143,P,Josh,Josh Maciejewski,Maciejewski,9,4,5500,MIL@MIA,MIL,MIA,,,,,,P
118451-95737,P,Ian,Ian Hamilton,Hamilton,6.111111111111111,27,5500,NYY@NYM,NYY,NYM,,,,,,P
118451-161273,P,Scott,Scott Effross,Effross,6,2,5500,NYY@NYM,NYY,NYM,,,,,,P
118451-101905,P,Sam,Sam McWilliams,McWilliams,,0,5500,MIL@MIA,MIL,MIA,,,,,,P
118451-101904,P,Jordan,Jordan Romano,Romano,3.878787878787879,34,5500,CIN@PHI,PHI,CIN,,,,,,P
118451-101911,P,Reed,Reed Garrett,Garrett,5.882352941176471,36,5500,NYY@NYM,NYM,NYY,,,,,,P
118451-181791,P,Connor,Connor Thomas,Thomas,-2.5,2,5500,MIL@MIA,MIL,MIA,IL,Elbow,,,,P
118451-95774,P,Jeff,Jeff Brigham,Brigham,3.3333333333333335,4,5500,KC@ARI,ARI,KC,,,,,,P
118451-5673,P,Jesse,Jesse Chavez,Chavez,6,2,5500,BAL@ATL,ATL,BAL,,,,,,P
118451-79402,P,Cionel,Cionel Perez,Perez,3.5789473684210527,19,5500,BAL@ATL,BAL,ATL,,,,,,P
118451-181801,P,Jose A.,Jose A. Ferrer,Ferrer,4.209302325581396,43,5500,BOS@WSH,WSH,BOS,,,,,,P
118451-181815,P,Brent,Brent Headrick,Headrick,6.090909090909091,11,5500,NYY@NYM,NYY,NYM,IL,Undisclosed,,,,P
118451-222779,P,Thomas,Thomas White,White,,0,5500,MIL@MIA,MIA,MIL,,,,,,P
118451-181826,P,Colby,Colby White,White,0,1,5500,NYY@NYM,NYY,NYM,,,,,,P
118451-222786,P,Raul,Raul Alcantara,Alcantara,,0,5500,BAL@ATL,BAL,ATL,,,,,,P
118451-181831,P,Yosver,Yosver Zulueta,Zulueta,3.5,2,5500,CIN@PHI,CIN,PHI,,,,,,P
118451-181828,P,Kolton,Kolton Ingram,Ingram,,0,5500,BAL@ATL,ATL,BAL,,,,,,P
118451-226884,P,Christian,Christian Montes De Oca,Montes De Oca,14,1,5500,KC@ARI,ARI,KC,IL,Back,,,,P
118451-181838,P,Abner,Abner Uribe,Uribe,6.571428571428571,42,5500,MIL@MIA,MIL,MIA,,,,,,P
118451-181836,P,Justin,Justin Martinez,Martinez,6.0625,17,5500,KC@ARI,ARI,KC,IL,Elbow,,,,P
118451-81488,P,Jose,Jose Ruiz,Ruiz,2.888888888888889,18,5500,BAL@ATL,ATL,BAL,,,,,,P
118451-181843,P,Josh,Josh Simpson,Simpson,4.5,4,5500,MIL@MIA,MIA,MIL,,,,,,P
118451-181841,P,George,George Soriano,Soriano,6.333333333333333,12,5500,MIL@MIA,MIA,MIL,,,,,,P
118451-73301,P,Brent,Brent Suter,Suter,6.285714285714286,28,5500,CIN@PHI,CIN,PHI,,,,,,P
118451-181847,P,Noah,Noah Denoyer,Denoyer,,0,5500,BAL@ATL,BAL,ATL,,,,,,P
118451-181850,P,Colin,Colin Selby,Selby,10.25,4,5500,BAL@ATL,BAL,ATL,,,,,,P
118451-222819,P,Jonah,Jonah Tong,Tong,,0,5500,NYY@NYM,NYM,NYY,,,,,,P
118451-81507,P,Aaron,Aaron Bummer,Bummer,6.5,28,5500,BAL@ATL,ATL,BAL,,,,Yes,,P
118451-226913,P,Yaramil,Yaramil Hiraldo,Hiraldo,7,1,5500,BAL@ATL,BAL,ATL,,,,,,P
118451-222822,P,Brandon,Brandon Sproat,Sproat,,0,5500,NYY@NYM,NYM,NYY,,,,,,P
118451-222820,P,Nolan,Nolan McLean,McLean,,0,5500,NYY@NYM,NYM,NYY,,,,,,P
118451-118381,P,Kyle,Kyle Finnegan,Finnegan,4.875,32,5500,BOS@WSH,WSH,BOS,,,,,,P
118451-222830,P,Travis,Travis Sykora,Sykora,,0,5500,BOS@WSH,WSH,BOS,,,,,,P
118451-226925,P,Andrew,Andrew Hoffmann,Hoffmann,12,1,5500,KC@ARI,KC,ARI,,,,,,P
118451-222828,P,Jacob,Jacob Webb,Webb,,0,5500,BOS@WSH,BOS,WSH,,,,,,P
118451-222833,P,Jarlin,Jarlin Susana,Susana,,0,5500,BOS@WSH,WSH,BOS,IL,Elbow,,,,P
118451-222832,P,Alex,Alex Clemmey,Clemmey,,0,5500,BOS@WSH,WSH,BOS,,,,,,P
118451-118397,P,Trevor,Trevor Megill,Megill,5.59375,33,5500,MIL@MIA,MIL,MIA,,,,,,P
118451-210562,P,Lake,Lake Bachar,Bachar,8.035714285714286,28,5500,MIL@MIA,MIA,MIL,,,,,,P
118451-52871,P,Derek,Derek Law,Law,6.16,75,5500,BOS@WSH,WSH,BOS,IL,Forearm,,,,P
118451-222859,P,Cam,Cam Caminiti,Caminiti,,0,5500,BAL@ATL,ATL,BAL,,,,,,P
118451-110216,P,Stephen,Stephen Nogosek,Nogosek,,0,5500,KC@ARI,KC,ARI,,,,,,P
118451-190092,P,Devin,Devin Sweet,Sweet,,0,5500,CIN@PHI,PHI,CIN,,,,,,P
118451-73362,P,Rob,Rob Zastryzny,Zastryzny,5.866666666666666,15,5500,MIL@MIA,MIL,MIA,IL,Ribs,,,,P
118451-226969,P,Brian,Brian Van Belle,Van Belle,,0,5500,CIN@PHI,CIN,PHI,,,,,,P
118451-226968,P,Kyle,Kyle Backhus,Backhus,5.777777777777778,9,5500,KC@ARI,ARI,KC,,,,,,P
118451-220842,P,Eiberson,Eiberson Castellano,Castellano,,0,5500,CIN@PHI,PHI,CIN,IL,Undisclosed,,,,P
118451-220841,P,Anderson,Anderson Pilar,Pilar,,0,5500,MIL@MIA,MIA,MIL,,,,,,P
118451-220847,P,Grant,Grant Wolfram,Wolfram,0.5,2,5500,BAL@ATL,BAL,ATL,,,,,,P
118451-220845,P,Juan,Juan Nunez,Nunez,,0,5500,BAL@ATL,BAL,ATL,,,,,,P
118451-163507,P,Alan,Alan Rangel,Rangel,16.5,2,5500,CIN@PHI,PHI,CIN,,,,,,P
118451-114356,P,Kevin,Kevin Ginkel,Ginkel,3.142857142857143,21,5500,KC@ARI,ARI,KC,,,,,,P
118451-14006,P,Brian,Brian Moran,Moran,,0,5500,BAL@ATL,ATL,BAL,,,,,,P
118451-114360,P,Devin,Devin Williams,Williams,4.970588235294118,35,5500,NYY@NYM,NYY,NYM,,,,,,P
118451-165566,P,Ben,Ben Kudrna,Kudrna,,0,5500,KC@ARI,KC,ARI,,,,,,P
118451-165564,P,Frank,Frank Mozzicato,Mozzicato,,0,5500,KC@ARI,KC,ARI,,,,,,P
118451-165572,P,Noah,Noah Murdock,Murdock,3.4615384615384617,14,5500,KC@ARI,KC,ARI,,,,,,P
118451-81614,P,Thyago,Thyago Vieira,Vieira,6.111111111111111,28,5500,KC@ARI,ARI,KC,O,Elbow,,,,P
118451-188115,P,Grant,Grant Hartwig,Hartwig,4.25,6,5500,NYY@NYM,NYM,NYY,,,,,,P
118451-165585,P,Erik,Erik Rivera,Rivera,,0,5500,BOS@WSH,BOS,WSH,,,,,,P
118451-198352,P,Shane,Shane Drohan,Drohan,0,1,5500,BOS@WSH,BOS,WSH,IL,Forearm,,,,P
118451-198356,P,Justin,Justin Slaten,Slaten,4.217391304347826,24,5500,BOS@WSH,BOS,WSH,IL,Shoulder,,,,P
118451-198361,P,Carson,Carson Coleman,Coleman,0,1,5500,NYY@NYM,NYY,NYM,IL,Undisclosed,,,,P
118451-112348,P,Cody,Cody Stashak,Stashak,,0,5500,CIN@PHI,PHI,CIN,,,,,,P
118451-141024,P,Bruce,Bruce Zimmermann,Zimmermann,0,1,5500,MIL@MIA,MIL,MIA,,,,,,P
118451-181985,P,Guillo,Guillo Zuniga,Zuniga,4.214285714285714,15,5500,CIN@PHI,PHI,CIN,,,,,,P
118451-81641,P,John,John Curtiss,Curtiss,5,4,5500,KC@ARI,ARI,KC,,,,,,P
118451-81640,P,Yacksel,Yacksel Rios,Rios,,0,5500,NYY@NYM,NYM,NYY,IL,Undisclosed,,,,P
118451-81642,P,A.J.,A.J. Minter,Minter,5.3076923076923075,13,5500,NYY@NYM,NYM,NYY,IL,Lat,,,,P
118451-165609,P,Zach,Zach McCambley,McCambley,,0,5500,MIL@MIA,MIA,MIL,,,,,,P
118451-165621,P,Russell,Russell Smith,Smith,,0,5500,MIL@MIA,MIL,MIA,IL,Undisclosed,,,,P
118451-165624,P,Dom,Dom Hamel,Hamel,,0,5500,NYY@NYM,NYM,NYY,,,,,,P
118451-165625,P,Calvin,Calvin Ziegler,Ziegler,,0,5500,NYY@NYM,NYM,NYY,IL,Elbow,,,,P
118451-165628,P,Josh,Josh Walker,Walker,9,3,5500,CIN@PHI,PHI,CIN,,,,,,P
118451-165635,P,Brendan,Brendan Beck,Beck,,0,5500,NYY@NYM,NYY,NYM,,,,,,P
118451-165637,P,Brock,Brock Selvidge,Selvidge,,0,5500,NYY@NYM,NYY,NYM,,,,,,P
118451-194323,P,Hunter,Hunter Stratton,Stratton,-3.3333333333333335,3,5500,BAL@ATL,ATL,BAL,,,,,,P
118451-194320,P,Andrew,Andrew Saalfrank,Saalfrank,-4.5,3,5500,KC@ARI,ARI,KC,,,,,,P
118451-165653,P,Cristian,Cristian Hernandez,Hernandez,,0,5500,NYY@NYM,NYY,NYM,,,,,,P
118451-161563,P,Jovani,Jovani Moran,Moran,,0,5500,BOS@WSH,BOS,WSH,,,,,,P
118451-165673,P,Levi,Levi Stoudt,Stoudt,0,1,5500,BAL@ATL,BAL,ATL,,,,,,P
118451-182065,P,Zach,Zach Greene,Greene,,0,5500,NYY@NYM,NYY,NYM,,,,,,P
118451-163641,P,Ray,Ray Kerr,Kerr,11.2,10,5500,BAL@ATL,ATL,BAL,IL,Elbow,,,,P
118451-163663,P,Calvin,Calvin Faucher,Faucher,4.571428571428571,36,5500,MIL@MIA,MIA,MIL,,,,,,P
118451-163673,P,Jorge,Jorge Juan,Juan,,0,5500,BOS@WSH,BOS,WSH,,,,,,P
118451-5983,P,Rich,Rich Hill,Hill,5,4,5500,KC@ARI,KC,ARI,,,,,,P
118451-163677,P,James,James McArthur,McArthur,4.618181818181818,57,5500,KC@ARI,KC,ARI,IL,Elbow,,,,P
118451-163684,P,Ronny,Ronny Henriquez,Henriquez,7.3076923076923075,39,5500,MIL@MIA,MIA,MIL,,,,,,P
118451-163690,P,Nathan,Nathan Webb,Webb,,0,5500,BAL@ATL,BAL,ATL,,,,,,P
118451-163701,P,Felix,Felix Bautista,Bautista,6.258064516129032,31,5500,BAL@ATL,BAL,ATL,,,,,,P
118451-157600,P,Austin,Austin Warren,Warren,10,3,5500,NYY@NYM,NYM,NYY,,,,,,P
118451-102314,P,Lenny,Lenny Torres,Torres,,0,5500,CIN@PHI,CIN,PHI,,,,,,P
118451-102324,P,Konnor,Konnor Pilkington,Pilkington,0,2,5500,BOS@WSH,WSH,BOS,,,,,,P
118451-102334,P,Corbin,Corbin Martin,Martin,10,1,5500,BAL@ATL,BAL,ATL,,,,,,P
118451-102355,P,Jorge,Jorge Alcala,Alcala,4.407407407407407,29,5500,BOS@WSH,BOS,WSH,,,,,,P
118451-198618,P,Coleman,Coleman Crow,Crow,,0,5500,MIL@MIA,MIL,MIA,IL,Hip,,,,P
118451-169957,P,Danny,Danny Young,Young,5.2,10,5500,NYY@NYM,NYM,NYY,IL,Elbow,,,,P
118451-102376,P,Garrett,Garrett Whitlock,Whitlock,8.32258064516129,31,5500,BOS@WSH,BOS,WSH,,,,,,P
118451-79852,P,Lucas,Lucas Erceg,Erceg,5.121212121212121,33,5500,KC@ARI,KC,ARI,,,,,,P
118451-210936,P,Evan,Evan Kravetz,Kravetz,2,1,5500,CIN@PHI,CIN,PHI,,,,,,P
118451-102397,P,Wyatt,Wyatt Mills,Mills,,0,5500,BOS@WSH,BOS,WSH,,,,,,P
118451-60643,OF,Aaron,Aaron Judge,Judge,16.571591463955965,88,5000,NYY@NYM,NYY,NYM,,,,,,OF/UTIL
118451-165661,OF,James,James Wood,Wood,13.842045177112926,88,4300,BOS@WSH,WSH,BOS,,,,,,OF/UTIL
118451-79756,OF,Ronald,Ronald Acuna Jr.,Acuna Jr.,13.43684226588199,38,4200,BAL@ATL,ATL,BAL,,,,,,OF/UTIL
118451-60631,OF,Kyle,Kyle Schwarber,Schwarber,13.297726717862217,88,4100,CIN@PHI,PHI,CIN,,,,,,OF/UTIL
118451-21853,2B,Ketel,Ketel Marte,Marte,13.600000196887601,62,4100,KC@ARI,ARI,KC,,,,,,2B/UTIL
118451-119297,OF,Corbin,Corbin Carroll,Carroll,13.880555894639757,72,4000,KC@ARI,ARI,KC,IL,Wrist,,,,OF/UTIL
118451-79282,OF,Juan,Juan Soto,Soto,12.940909645774148,88,4000,NYY@NYM,NYM,NYY,,,,,,OF/UTIL
118451-119349,SS,Bobby,Bobby Witt Jr.,Witt Jr.,12.078888617621528,90,3900,KC@ARI,KC,ARI,,,,,,SS/UTIL
118451-82527,2B/3B,Jazz,Jazz Chisholm Jr.,Chisholm Jr.,11.967240958378232,58,3800,NYY@NYM,NYY,NYM,,,,,,2B/3B/UTIL
118451-119410,SS,CJ,CJ Abrams,Abrams,12.6413330078125,75,3800,BOS@WSH,WSH,BOS,,,,,,SS/UTIL
118451-82614,1B,Pete,Pete Alonso,Alonso,12.152808714448735,89,3800,NYY@NYM,NYM,NYY,,,,,,C/1B/UTIL
118451-165513,SS,Elly,Elly De La Cruz,De La Cruz,13.381817904385654,88,3800,CIN@PHI,CIN,PHI,,,,,,SS/UTIL
118451-65881,SS,Trea,Trea Turner,Turner,11.912790697674419,86,3700,CIN@PHI,PHI,CIN,,,,,,SS/UTIL
118451-21609,OF,Christian,Christian Yelich,Yelich,11.678313105939383,83,3700,MIL@MIA,MIL,MIA,,,,,,OF/UTIL
118451-52175,1B,Matt,Matt Olson,Olson,11.188506027747845,87,3600,BAL@ATL,ATL,BAL,,,,,,C/1B/UTIL
118451-165611,OF,Jackson,Jackson Chourio,Chourio,11.531034623069324,87,3600,MIL@MIA,MIL,MIA,,,,,,OF/UTIL
118451-12948,1B,Bryce,Bryce Harper,Harper,11.493332926432291,60,3500,CIN@PHI,PHI,CIN,,,,,,C/1B/UTIL
118451-119306,SS,Gunnar,Gunnar Henderson,Henderson,10.26875,80,3400,BAL@ATL,BAL,ATL,,,,,,SS/UTIL
118451-16952,SS,Francisco,Francisco Lindor,Lindor,11.420689374551007,87,3400,NYY@NYM,NYM,NYY,,,,,,SS/UTIL
118451-21633,3B,Eugenio,Eugenio Suarez,Suarez,12.4023252975109,86,3400,KC@ARI,ARI,KC,,,,,,3B/UTIL
118451-79223,1B,Josh,Josh Naylor,Naylor,11.315190182456487,79,3400,KC@ARI,ARI,KC,,,,,,C/1B/UTIL
118451-102438,SS,Geraldo,Geraldo Perdomo,Perdomo,11.552873282596982,87,3300,KC@ARI,ARI,KC,,,,,,SS/UTIL
118451-119305,OF,Kyle,Kyle Stowers,Stowers,10.101219363328887,82,3300,MIL@MIA,MIA,MIL,,,,,,OF/UTIL
118451-119311,OF,Jarren,Jarren Duran,Duran,10.711363358931107,88,3300,BOS@WSH,BOS,WSH,,,,,,OF/UTIL
118451-52158,SS,Trevor,Trevor Story,Story,10.034117934283088,85,3300,BOS@WSH,BOS,WSH,,,,,,SS/UTIL
118451-197886,C,Agustin,Agustin Ramirez,Ramirez,10.211289928805444,62,3300,MIL@MIA,MIA,MIL,,,,,,C/1B/UTIL
118451-79159,OF/1B,Cody,Cody Bellinger,Bellinger,10.853749847412109,80,3300,NYY@NYM,NYY,NYM,,,,,,C/1B/OF/UTIL
118451-81953,OF,Austin,Austin Hays,Hays,12.221052470960116,38,3200,CIN@PHI,CIN,PHI,,,,,,OF/UTIL
118451-203111,C/1B,Ben,Ben Rice,Rice,9.554054054054054,74,3200,NYY@NYM,NYY,NYM,,,,,,C/1B/UTIL
118451-164507,OF,Colton,Colton Cowser,Cowser,9.762069175983298,29,3200,BAL@ATL,BAL,ATL,,,,,,OF/UTIL
118451-68522,3B,Alex,Alex Bregman,Bregman,12.586274988511029,51,3200,BOS@WSH,BOS,WSH,IL,Quadriceps,,,,3B/UTIL
118451-79141,1B/OF,Ryan,Ryan O'Hearn,O'Hearn,9.335134970175254,74,3200,BAL@ATL,BAL,ATL,,,,,,C/1B/OF/UTIL
118451-79175,OF,Trent,Trent Grisham,Grisham,9.692000325520834,75,3200,NYY@NYM,NYY,NYM,,,,,,OF/UTIL
118451-165605,OF,Sal,Sal Frelick,Frelick,9.40941162109375,85,3200,MIL@MIA,MIL,MIA,,,,,,OF/UTIL
118451-102555,3B,Noelvi,Noelvi Marte,Marte,12.1,20,3100,CIN@PHI,CIN,PHI,,,,,,3B/UTIL
118451-82536,OF,Cedric,Cedric Mullins,Mullins,9.976056166098152,71,3100,BAL@ATL,BAL,ATL,,,,,,OF/UTIL
118451-17086,OF,Marcell,Marcell Ozuna,Ozuna,9.392857142857142,84,3100,BAL@ATL,ATL,BAL,,,,,,OF/UTIL
118451-82644,OF,Jesus,Jesus Sanchez,Sanchez,9.54090927586411,66,3100,MIL@MIA,MIA,MIL,,,,,,OF/UTIL
118451-82660,2B,Luis,Luis Garcia Jr.,Garcia Jr.,9.173076923076923,78,3100,BOS@WSH,WSH,BOS,,,,,,2B/UTIL
118451-85285,1B,Nathaniel,Nathaniel Lowe,Lowe,9.418181679465555,88,3100,BOS@WSH,WSH,BOS,,,,,,C/1B/UTIL
118451-197967,2B/SS,Jackson,Jackson Holliday,Holliday,9.06875,80,3100,BAL@ATL,BAL,ATL,,,,,,2B/SS/UTIL
118451-161418,2B/1B/3B,Romy,Romy Gonzalez,Gonzalez,9.537837672877956,37,3100,BOS@WSH,BOS,WSH,,,,,,C/1B/2B/3B/UTIL
118451-163689,3B/2B/OF,Maikel,Maikel Garcia,Garcia,10.292045593261719,88,3100,KC@ARI,KC,ARI,,,,,,2B/3B/OF/UTIL
118451-102353,2B,Brice,Brice Turang,Turang,10.294117647058824,85,3100,MIL@MIA,MIL,MIA,,,,,,2B/UTIL
118451-12302,OF,Giancarlo,Giancarlo Stanton,Stanton,6.66000010172526,15,3000,NYY@NYM,NYY,NYM,,,,,,OF/UTIL
118451-82624,C,Sean,Sean Murphy,Murphy,8.954717096292748,53,3000,BAL@ATL,ATL,BAL,,,,,,C/1B/UTIL
118451-17097,OF,Brandon,Brandon Nimmo,Nimmo,10.258823529411766,85,3000,NYY@NYM,NYM,NYY,,,,,,OF/UTIL
118451-13342,OF,Nick,Nick Castellanos,Castellanos,9.474712503367456,87,3000,CIN@PHI,PHI,CIN,,,,,,OF/UTIL
118451-83155,OF,Ramon,Ramon Laureano,Laureano,9.231667073567708,60,3000,BAL@ATL,BAL,ATL,,,,,,OF/UTIL
118451-79074,3B,Austin,Austin Riley,Riley,9.65747140467852,87,3000,BAL@ATL,ATL,BAL,,,,,,3B/UTIL
118451-79215,1B,Rhys,Rhys Hoskins,Hoskins,8.808641975308642,81,3000,MIL@MIA,MIL,MIA,,,,,,C/1B/UTIL
118451-181812,OF,Wilyer,Wilyer Abreu,Abreu,10.115584732650163,77,3000,BOS@WSH,BOS,WSH,,,,,,OF/UTIL
118451-165571,1B,Vinnie,Vinnie Pasquantino,Pasquantino,9.52471923828125,89,3000,KC@ARI,KC,ARI,,,,,,C/1B/UTIL
118451-145618,2B/SS,Otto,Otto Lopez,Lopez,10.21971796599912,71,2900,MIL@MIA,MIA,MIL,,,,,,2B/SS/UTIL
118451-119395,OF,Jasson,Jasson Dominguez,Dominguez,10.017567402607686,74,2900,NYY@NYM,NYY,NYM,,,,,,OF/UTIL
118451-82530,1B/OF,Pavin,Pavin Smith,Smith,7.951282207782452,78,2900,KC@ARI,ARI,KC,,,,,,C/1B/OF/UTIL
118451-13262,OF,Jurickson,Jurickson Profar,Profar,9.742856706891741,7,2900,BAL@ATL,ATL,BAL,,,,,,OF/UTIL
118451-146667,3B/2B,Jordan,Jordan Westburg,Westburg,9.559459789379224,37,2900,BAL@ATL,BAL,ATL,,,,,,2B/3B/UTIL
118451-197982,OF,Dylan,Dylan Crews,Crews,9.073333062065972,45,2900,BOS@WSH,WSH,BOS,IL,Oblique,,,,OF/UTIL
118451-181811,OF/2B/SS,Ceddanne,Ceddanne Rafaela,Rafaela,9.02857171921503,84,2900,BOS@WSH,BOS,WSH,,,,,,2B/SS/OF/UTIL
118451-102284,C,William,William Contreras,Contreras,9.206097858708079,82,2900,MIL@MIA,MIL,MIA,,,,,,C/1B/UTIL
118451-102486,OF,Blake,Blake Perkins,Perkins,8.120325104007875,123,2800,MIL@MIA,MIL,MIA,IL,Groin,,,,OF/UTIL
118451-119307,C,Adley,Adley Rutschman,Rutschman,7.914706061868107,68,2800,BAL@ATL,BAL,ATL,IL,Oblique,,,,C/1B/UTIL
118451-16945,C,Gary,Gary Sanchez,Sanchez,9.193103658741919,29,2800,BAL@ATL,BAL,ATL,,,,,,C/1B/UTIL
118451-219698,2B/3B,Caleb,Caleb Durbin,Durbin,8.655224244986007,67,2800,MIL@MIA,MIL,MIA,,,,,,2B/3B/UTIL
118451-119396,SS,Anthony,Anthony Volpe,Volpe,9.34942556797773,87,2800,NYY@NYM,NYY,NYM,,,,,,SS/UTIL
118451-119405,2B/SS,Bryson,Bryson Stott,Stott,8.63375015258789,80,2800,CIN@PHI,PHI,CIN,,,,,,2B/SS/UTIL
118451-119442,C,Gabriel,Gabriel Moreno,Moreno,8.0528299583579,53,2800,KC@ARI,ARI,KC,IL,Finger,,,,C/1B/UTIL
118451-12968,1B,Paul,Paul Goldschmidt,Goldschmidt,9.30952380952381,84,2800,NYY@NYM,NYY,NYM,,,,,,C/1B/UTIL
118451-53994,1B,Josh,Josh Bell,Bell,7.680263318513569,76,2800,BOS@WSH,WSH,BOS,,,,,,C/1B/UTIL
118451-13266,C/1B,Salvador,Salvador Perez,Perez,7.921176326976103,85,2800,KC@ARI,KC,ARI,,,,,,C/1B/UTIL
118451-68589,2B/3B/OF,Amed,Amed Rosario,Rosario,7.123809814453125,42,2800,BOS@WSH,WSH,BOS,,,,,,2B/3B/OF/UTIL
118451-197762,C,Carlos,Carlos Narvaez,Narvaez,9.181818181818182,66,2800,BOS@WSH,BOS,WSH,,,,,,C/1B/UTIL
118451-85307,2B/OF,Jeff,Jeff McNeil,McNeil,8.996363414417614,55,2800,NYY@NYM,NYM,NYY,,,,,,2B/OF/UTIL
118451-79272,OF,Lourdes,Lourdes Gurriel Jr.,Gurriel Jr.,9.341463414634147,82,2800,KC@ARI,ARI,KC,,,,,,OF/UTIL
118451-116339,3B/1B/2B,Abraham,Abraham Toro,Toro,8.557777913411458,45,2800,BOS@WSH,BOS,WSH,,,,,,C/1B/2B/3B/UTIL
118451-165507,SS/2B,Matt,Matt McLain,McLain,9.073077079577324,78,2800,CIN@PHI,CIN,PHI,,,,,,2B/SS/UTIL
118451-102296,OF,TJ,TJ Friedl,Friedl,10.267857142857142,84,2800,CIN@PHI,CIN,PHI,,,,,,OF/UTIL
118451-102308,2B/3B/OF,Jonathan,Jonathan India,India,7.862963264371142,81,2800,KC@ARI,KC,ARI,,,,,,2B/3B/OF/UTIL
118451-102393,SS/2B,Xavier,Xavier Edwards,Edwards,9.06142839704241,70,2800,MIL@MIA,MIA,MIL,,,,,,2B/SS/UTIL
118451-53757,OF,Rob,Rob Refsnyder,Refsnyder,7.944444444444445,36,2700,BOS@WSH,BOS,WSH,,,,,,OF/UTIL
118451-164506,2B/3B,Connor,Connor Norby,Norby,8.03076923076923,65,2700,MIL@MIA,MIA,MIL,,,,,,2B/3B/UTIL
118451-224021,3B/1B,Otto,Otto Kemp,Kemp,8.227272727272727,22,2700,CIN@PHI,PHI,CIN,,,,,,C/1B/3B/UTIL
118451-211773,OF/2B,Isaac,Isaac Collins,Collins,7.359420112941576,69,2700,MIL@MIA,MIL,MIA,,,,,,2B/OF/UTIL
118451-189389,OF,Dane,Dane Myers,Myers,8.016949152542374,59,2700,MIL@MIA,MIA,MIL,,,,,,OF/UTIL
118451-68587,2B,Ozzie,Ozzie Albies,Albies,7.797701430046695,87,2700,BAL@ATL,ATL,BAL,,,,,,2B/UTIL
118451-173078,OF,Alex,Alex Call,Call,7.356666564941406,60,2700,BOS@WSH,WSH,BOS,,,,,,OF/UTIL
118451-179272,OF/1B/2B,Spencer,Spencer Steer,Steer,9.023750305175781,80,2700,CIN@PHI,CIN,PHI,,,,,,C/1B/2B/OF/UTIL
118451-79110,C,Tyler,Tyler Stephenson,Stephenson,9.300000129862035,47,2700,CIN@PHI,CIN,PHI,,,,,,C/1B/UTIL
118451-146716,C,Austin,Austin Wells,Wells,8.798591721225792,71,2700,NYY@NYM,NYY,NYM,,,,,,C/1B/UTIL
118451-101850,3B/2B/1B,Ramon,Ramon Urias,Urias,8.004838512789819,62,2700,BAL@ATL,BAL,ATL,,,,,,C/1B/2B/3B/UTIL
118451-165725,OF,Daylen,Daylen Lile,Lile,6.996153611403245,26,2700,BOS@WSH,WSH,BOS,,,,,,OF/UTIL
118451-102283,OF,Alek,Alek Thomas,Thomas,6.533766313032671,77,2700,KC@ARI,ARI,KC,,,,,,OF/UTIL
118451-102370,3B/1B,Alec,Alec Bohm,Bohm,8.420237949916295,84,2700,CIN@PHI,PHI,CIN,,,,,,C/1B/3B/UTIL
118451-102591,OF,Jake,Jake Fraley,Fraley,7.687233782829122,47,2600,CIN@PHI,CIN,PHI,IL,Shoulder,,,,OF/UTIL
118451-198870,OF,Roman,Roman Anthony,Anthony,8.295454545454545,22,2600,BOS@WSH,BOS,WSH,,,,,,OF/UTIL
118451-82593,C,Keibert,Keibert Ruiz,Ruiz,6.235820713327892,67,2600,BOS@WSH,WSH,BOS,,,,,,C/1B/UTIL
118451-164513,3B/2B/SS,Joey,Joey Ortiz,Ortiz,6.837209302325581,86,2600,MIL@MIA,MIL,MIA,,,,,,2B/3B/SS/UTIL
118451-82615,3B,Mark,Mark Vientos,Vientos,7.239655067180765,58,2600,NYY@NYM,NYM,NYY,,,,,,3B/UTIL
118451-17139,C,J.T.,J.T. Realmuto,Realmuto,8.408333672417534,72,2600,CIN@PHI,PHI,CIN,,,,,,C/1B/UTIL
118451-13423,OF,Starling,Starling Marte,Marte,7.048214503696987,56,2600,NYY@NYM,NYM,NYY,,,,,,OF/UTIL
118451-79165,2B/OF,Gavin,Gavin Lux,Lux,8.146753088220374,77,2600,CIN@PHI,CIN,PHI,,,,,,2B/OF/UTIL
118451-79255,1B/OF,Jake,Jake Bauers,Bauers,6.109433731942807,53,2600,MIL@MIA,MIL,MIA,,,,,,C/1B/OF/UTIL
118451-222858,C,Drake,Drake Baldwin,Baldwin,7.862068965517241,58,2600,BAL@ATL,ATL,BAL,,,,,,C/1B/UTIL
118451-165703,OF,Heriberto,Heriberto Hernandez,Hernandez,7.377272865988991,22,2600,MIL@MIA,MIA,MIL,,,,,,OF/UTIL
118451-165726,SS,Brady,Brady House,House,6.631249904632568,16,2600,BOS@WSH,WSH,BOS,,,,,,SS/UTIL
118451-102485,OF,Kyle,Kyle Isbel,Isbel,5.001298780565138,77,2500,KC@ARI,KC,ARI,,,,,,OF/UTIL
118451-80462,SS/3B,Paul,Paul DeJong,DeJong,6.526315789473684,19,2500,BOS@WSH,WSH,BOS,,,,,,3B/SS/UTIL
118451-119376,3B/2B,Brett,Brett Baty,Baty,7.1716417910447765,67,2500,NYY@NYM,NYM,NYY,,,,,,2B/3B/UTIL
118451-119495,1B,Andrew,Andrew Vaughn,Vaughn,6.047916412353516,48,2500,MIL@MIA,MIL,MIA,,,,,,C/1B/UTIL
118451-17171,C,James,James McCann,McCann,13.949999809265137,4,2500,KC@ARI,ARI,KC,,,,,,C/1B/UTIL
118451-183187,1B/3B,Christian,Christian Encarnacion-Strand,Encarnacion-Strand,7.8558825324563415,34,2500,CIN@PHI,CIN,PHI,,,,,,C/1B/3B/UTIL
118451-68547,OF,Tyler,Tyler O'Neill,O'Neill,7.84,25,2500,BAL@ATL,BAL,ATL,,,,,,OF/UTIL
118451-211919,1B/3B/OF,Eric,Eric Wagaman,Wagaman,7.7683545848991296,79,2500,MIL@MIA,MIA,MIL,,,,,,C/1B/3B/OF/UTIL
118451-79119,OF,Will,Will Benson,Benson,7.770454406738281,44,2500,CIN@PHI,CIN,PHI,,,,,,OF/UTIL
118451-21875,OF,Max,Max Kepler,Kepler,7.856410099909856,78,2500,CIN@PHI,PHI,CIN,,,,,,OF/UTIL
118451-79247,3B/SS/2B/OF,Edmundo,Edmundo Sosa,Sosa,6.324999722567472,44,2500,CIN@PHI,PHI,CIN,,,,,,2B/3B/SS/OF/UTIL
118451-136672,OF,Michael,Michael Harris II,Harris II,7.340697532476381,86,2500,BAL@ATL,ATL,BAL,,,,,,OF/UTIL
118451-220835,C/1B,Liam,Liam Hicks,Hicks,7.212499891008649,56,2500,MIL@MIA,MIA,MIL,,,,,,C/1B/UTIL
118451-181987,OF,Masataka,Masataka Yoshida,Yoshida,8.75925925925926,108,2500,BOS@WSH,BOS,WSH,IL,Shoulder,,,,OF/UTIL
118451-163671,3B,Jose,Jose Tena,Tena,7.115909229625355,44,2500,BOS@WSH,WSH,BOS,,,,,,3B/UTIL
118451-102282,OF,Jake,Jake McCarthy,McCarthy,6.395454406738281,22,2500,KC@ARI,ARI,KC,,,,,,OF/UTIL
118451-102367,2B/3B/SS,Ronny,Ronny Mauricio,Mauricio,7.422727411443537,22,2500,NYY@NYM,NYM,NYY,,,,,,2B/3B/SS/UTIL
118451-79896,C,Luis,Luis Torrens,Torrens,4.956363747336647,55,2400,NYY@NYM,NYM,NYY,,,,,,C/1B/UTIL
118451-38973,OF,Tyrone,Tyrone Taylor,Taylor,5.739240429069422,79,2400,NYY@NYM,NYM,NYY,,,,,,OF/UTIL
118451-135308,OF,Robert,Robert Hassell III,Hassell III,5.676190330868676,21,2400,BOS@WSH,WSH,BOS,,,,,,OF/UTIL
118451-219727,2B/1B/OF,Tim,Tim Tawa,Tawa,6.189830715373411,59,2400,KC@ARI,ARI,KC,,,,,,C/1B/2B/OF/UTIL
118451-164516,SS/3B,Marcelo,Marcelo Mayer,Mayer,6.903225806451613,31,2400,BOS@WSH,BOS,WSH,,,,,,3B/SS/UTIL
118451-207557,2B/SS/3B,Nick,Nick Sogard,Sogard,7.088235294117647,17,2400,BOS@WSH,BOS,WSH,,,,,,2B/3B/SS/UTIL
118451-213853,C,J.C.,J.C. Escarra,Escarra,4.871428571428571,35,2400,NYY@NYM,NYY,NYM,,,,,,C/1B/UTIL
118451-60636,OF,Derek,Derek Hill,Hill,7.627999877929687,25,2400,MIL@MIA,MIA,MIL,,,,,,OF/UTIL
118451-83173,C,Jose,Jose Trevino,Trevino,6.998148035120081,54,2400,CIN@PHI,CIN,PHI,,,,,,C/1B/UTIL
118451-79082,1B,Ryan,Ryan Mountcastle,Mountcastle,6.621153611403245,52,2400,BAL@ATL,BAL,ATL,IL,Hamstring,,,,C/1B/UTIL
118451-13567,3B/1B/2B,DJ,DJ LeMahieu,LeMahieu,5.711628048918968,43,2400,NYY@NYM,NYY,NYM,,,,,,C/1B/2B/3B/UTIL
118451-79154,OF,Brandon,Brandon Marsh,Marsh,6.582089552238806,67,2400,CIN@PHI,PHI,CIN,,,,,,OF/UTIL
118451-193863,OF,Jacob,Jacob Young,Young,5.831250190734863,64,2400,BOS@WSH,WSH,BOS,,,,,,OF/UTIL
118451-222806,1B/OF,Jac,Jac Caglianone,Caglianone,4.548148261176215,27,2400,KC@ARI,KC,ARI,,,,,,C/1B/OF/UTIL
118451-163533,C,Jose,Jose Herrera,Herrera,5.653846153846154,39,2400,KC@ARI,ARI,KC,,,,,,C/1B/UTIL
118451-102288,OF,Drew,Drew Waters,Waters,5.280555725097656,72,2400,KC@ARI,KC,ARI,,,,,,OF/UTIL
118451-102418,OF,Eli,Eli White,White,6.018461726262019,65,2300,BAL@ATL,ATL,BAL,,,,,,OF/UTIL
118451-102435,SS/2B/3B,Blaze,Blaze Alexander,Alexander,0.6,5,2300,KC@ARI,ARI,KC,,,,,,2B/3B/SS/UTIL
118451-135284,C,Riley,Riley Adams,Adams,5.171428680419922,28,2300,BOS@WSH,WSH,BOS,,,,,,C/1B/UTIL
118451-102577,2B/3B/OF,Santiago,Santiago Espinal,Espinal,5.096103816837459,77,2300,CIN@PHI,CIN,PHI,,,,,,2B/3B/OF/UTIL
118451-119365,SS/2B,Nasim,Nasim Nunez,Nunez,5.378260736880095,23,2300,BOS@WSH,WSH,BOS,,,,,,2B/SS/UTIL
118451-164512,3B/1B,Coby,Coby Mayo,Mayo,6.120833079020183,24,2300,BAL@ATL,BAL,ATL,,,,,,C/1B/3B/UTIL
118451-211756,SS/2B/OF,Javier,Javier Sanoja,Sanoja,5.476190476190476,63,2300,MIL@MIA,MIA,MIL,,,,,,2B/SS/OF/UTIL
118451-83182,C/OF,Eric,Eric Haase,Haase,5.135999755859375,25,2300,MIL@MIA,MIL,MIA,,,,,,C/1B/OF/UTIL
118451-146690,3B/2B/OF,Nick,Nick Loftin,Loftin,5.464000244140625,25,2300,KC@ARI,KC,ARI,,,,,,2B/3B/OF/UTIL
118451-146697,OF,Garrett,Garrett Mitchell,Mitchell,5.652000122070312,25,2300,MIL@MIA,MIL,MIA,IL,Shoulder,,,,OF/UTIL
118451-173548,2B/OF,Michael,Michael Massey,Massey,4.607142857142857,56,2300,KC@ARI,KC,ARI,IL,Ankle,,,,2B/OF/UTIL
118451-181813,SS/2B,David,David Hamilton,Hamilton,5.02542372881356,59,2300,BOS@WSH,BOS,WSH,,,,,,2B/SS/UTIL
118451-13909,OF,Randal,Randal Grichuk,Grichuk,5.589655382879849,58,2300,KC@ARI,ARI,KC,,,,,,OF/UTIL
118451-165648,OF,Johan,Johan Rojas,Rojas,5.359677222467238,62,2300,CIN@PHI,PHI,CIN,,,,,,OF/UTIL
118451-38872,OF,Jesse,Jesse Winker,Winker,7.400000254313151,24,2300,NYY@NYM,NYM,NYY,IL,Oblique,,,,OF/UTIL
118451-102380,SS,Nick,Nick Allen,Allen,5.344871716621594,78,2300,BAL@ATL,ATL,BAL,,,,,,SS/UTIL
118451-135194,C,Freddy,Freddy Fermin,Fermin,4.87924539817954,53,2200,KC@ARI,KC,ARI,,,,,,C/1B/UTIL
118451-192649,OF/1B,Weston,Weston Wilson,Wilson,3.2545453851873223,22,2200,CIN@PHI,PHI,CIN,,,,,,C/1B/OF/UTIL
118451-135310,C,Chadwick,Chadwick Tromp,Tromp,4.237500190734863,8,2200,BAL@ATL,BAL,ATL,IL,Back,,,,C/1B/UTIL
118451-145611,SS/2B/3B,Oswald,Oswald Peraza,Peraza,4.147272838245739,55,2200,NYY@NYM,NYY,NYM,,,,,,2B/3B/SS/UTIL
118451-209172,1B,Andres,Andres Chaparro,Chaparro,2.25,4,2200,BOS@WSH,WSH,BOS,,,,,,C/1B/UTIL
118451-119326,3B/OF,Rece,Rece Hinds,Hinds,5.284615149864783,13,2200,CIN@PHI,CIN,PHI,,,,,,3B/OF/UTIL
118451-82553,OF,Jose,Jose Siri,Siri,4.95,10,2200,NYY@NYM,NYM,NYY,IL,Lower leg,,,,OF/UTIL
118451-164495,SS/3B/2B,Jordan,Jordan Lawlar,Lawlar,1.524999976158142,8,2200,KC@ARI,ARI,KC,IL,Hamstring,,,,2B/3B/SS/UTIL
118451-164496,C,Adrian,Adrian Del Castillo,Del Castillo,10.315999755859375,25,2200,KC@ARI,ARI,KC,IL,Back,,,,C/1B/UTIL
118451-187103,2B/3B/1B/SS,Andruw,Andruw Monasterio,Monasterio,3.378260736880095,23,2200,MIL@MIA,MIL,MIA,,,,,,C/1B/2B/3B/SS/UTIL
118451-68593,SS/2B/OF,Jorge,Jorge Mateo,Mateo,5.621874809265137,32,2200,BAL@ATL,BAL,ATL,IL,Hamstring,,,,2B/SS/OF/UTIL
118451-70665,C,Jacob,Jacob Stallings,Stallings,3.316129130701865,31,2200,BAL@ATL,BAL,ATL,,,,,,C/1B/UTIL
118451-21666,OF/1B,Mark,Mark Canha,Canha,3.6955556233723956,45,2200,KC@ARI,KC,ARI,,,,,,C/1B/OF/UTIL
118451-79136,OF,Daz,Daz Cameron,Cameron,3.7095238821847096,21,2200,MIL@MIA,MIL,MIA,,,,,,OF/UTIL
118451-101910,1B/OF,Connor,Connor Joe,Joe,3.393103500892376,29,2200,CIN@PHI,CIN,PHI,IL,Illness,,,,C/1B/OF/UTIL
118451-222825,2B/OF/1B,Kristian,Kristian Campbell,Campbell,7.437313250641324,67,2200,BOS@WSH,BOS,WSH,,,,,,C/1B/2B/OF/UTIL
118451-161677,C,Nick,Nick Fortes,Fortes,4.297872340425532,47,2200,MIL@MIA,MIA,MIL,,,,,,C/1B/UTIL
118451-102295,OF,Stuart,Stuart Fairchild,Fairchild,3.6692308279184194,26,2200,BAL@ATL,ATL,BAL,,,,,,OF/UTIL
118451-102307,2B/SS/OF,Jose,Jose Barrero,Barrero,2.4227272380482066,22,2200,BAL@ATL,BAL,ATL,,,,,,2B/SS/OF/UTIL
118451-102365,C,Francisco,Francisco Alvarez,Alvarez,6.814285714285714,35,2200,NYY@NYM,NYM,NYY,,,,,,C/1B/UTIL
118451-102504,C,Connor,Connor Wong,Wong,3.054838611233619,31,2100,BOS@WSH,BOS,WSH,,,,,,C/1B/UTIL
118451-102578,OF,Griffin,Griffin Conine,Conine,8.075,20,2100,MIL@MIA,MIA,MIL,IL,Shoulder,,,,OF/UTIL
118451-198867,C,Samuel,Samuel Basallo,Basallo,,0,2100,BAL@ATL,BAL,ATL,,,,,,C/1B/UTIL
118451-119401,C,Rafael,Rafael Marchan,Marchan,4.456521739130435,23,2100,CIN@PHI,PHI,CIN,,,,,,C/1B/UTIL
118451-82567,1B/OF,Ryan,Ryan Vilade,Vilade,1.524999976158142,8,2100,CIN@PHI,CIN,PHI,,,,,,C/1B/OF/UTIL
118451-80852,2B/SS/3B/OF,Ildemaro,Ildemaro Vargas,Vargas,7.2,10,2100,KC@ARI,ARI,KC,IL,Foot,,,,2B/3B/SS/OF/UTIL
118451-226915,OF,Drew,Drew Avans,Avans,2.3375000953674316,8,2100,MIL@MIA,MIL,MIA,,,,,,OF/UTIL
118451-226912,OF,John,John Rave,Rave,3.5,29,2100,KC@ARI,KC,ARI,,,,,,OF/UTIL
118451-222886,C,Hayden,Hayden Senger,Senger,2.517647013944738,17,2100,NYY@NYM,NYM,NYY,,,,,,C/1B/UTIL
118451-165730,C,Drew,Drew Millas,Millas,6.299999872843425,3,2100,BOS@WSH,WSH,BOS,,,,,,C/1B/UTIL
118451-102398,OF,Jarred,Jarred Kelenic,Kelenic,4.278260935907778,23,2100,BAL@ATL,ATL,BAL,,,,,,OF/UTIL
118451-81924,2B/OF,Niko,Niko Goodrum,Goodrum,2.3384615091177134,13,2000,NYY@NYM,NYM,NYY,,,,,,2B/OF/UTIL
118451-102409,OF,Nick,Nick Schnell,Schnell,,0,2000,BOS@WSH,WSH,BOS,,,,,,OF/UTIL
118451-102410,C,Ronaldo,Ronaldo Hernandez,Hernandez,,0,2000,NYY@NYM,NYY,NYM,,,,,,C/1B/UTIL
118451-102427,3B,Jordan,Jordan Groshans,Groshans,,0,2000,KC@ARI,KC,ARI,,,,,,3B/UTIL
118451-102436,OF,Kristian,Kristian Robinson,Robinson,,0,2000,KC@ARI,ARI,KC,IL,Undisclosed,,,,OF/UTIL
118451-102451,OF,Brennen,Brennen Davis,Davis,0,2,2000,NYY@NYM,NYY,NYM,,,,,,OF/UTIL
118451-135223,C,Jakson,Jakson Reetz,Reetz,3.4625000953674316,8,2000,NYY@NYM,NYM,NYY,,,,,,C/1B/UTIL
118451-135227,2B,Jose,Jose Rojas,Rojas,,0,2000,NYY@NYM,NYY,NYM,,,,,,2B/UTIL
118451-135239,2B/SS/3B,Rodolfo,Rodolfo Castro,Castro,0,2,2000,CIN@PHI,PHI,CIN,,,,,,2B/3B/SS/UTIL
118451-135242,C,P.J.,P.J. Higgins,Higgins,0,2,2000,CIN@PHI,CIN,PHI,,,,,,C/1B/UTIL
118451-102472,SS,Raynel,Raynel Delgado,Delgado,,0,2000,MIL@MIA,MIL,MIA,,,,,,SS/UTIL
118451-135255,C,Brian,Brian Navarreto,Navarreto,,0,2000,MIL@MIA,MIA,MIL,,,,,,C/1B/UTIL
118451-102488,3B/1B,Emmanuel,Emmanuel Rivera,Rivera,3.855555499041522,27,2000,BAL@ATL,BAL,ATL,,,,,,C/1B/3B/UTIL
118451-135263,C,Brian,Brian O'Keefe,O'Keefe,,0,2000,KC@ARI,KC,ARI,,,,,,C/1B/UTIL
118451-102499,SS,Bryson,Bryson Brigman,Brigman,,0,2000,CIN@PHI,CIN,PHI,,,,,,SS/UTIL
118451-157797,OF,Bryan,Bryan De La Cruz,De La Cruz,3.012500047683716,16,2000,NYY@NYM,NYY,NYM,,,,,,OF/UTIL
118451-102512,OF,Carlos,Carlos Rodriguez,Rodriguez,,0,2000,BAL@ATL,ATL,BAL,,,,,,OF/UTIL
118451-102519,3B,Andrew,Andrew Bechtold,Bechtold,,0,2000,CIN@PHI,PHI,CIN,,,,,,3B/UTIL
118451-102521,C,Josh,Josh Breaux,Breaux,,0,2000,CIN@PHI,PHI,CIN,,,,,,C/1B/UTIL
118451-116869,SS,Erick,Erick Mejia,Mejia,,0,2000,BOS@WSH,WSH,BOS,,,,,,SS/UTIL
118451-102537,OF,Everson,Everson Pereira,Pereira,0,3,2000,NYY@NYM,NYY,NYM,,,,,,OF/UTIL
118451-102541,OF,Jared,Jared Oliva,Oliva,,0,2000,MIL@MIA,MIL,MIA,,,,,,OF/UTIL
118451-102563,3B/2B/SS,Jonathan,Jonathan Ornelas,Ornelas,0.75,4,2000,BAL@ATL,ATL,BAL,,,,,,2B/3B/SS/UTIL
118451-172216,3B/1B,David,David Villar,Villar,5.144444359673394,9,2000,NYY@NYM,NYM,NYY,,,,,,C/1B/3B/UTIL
118451-198865,OF,Druw,Druw Jones,Jones,,0,2000,KC@ARI,ARI,KC,,,,,,OF/UTIL
118451-145617,C,David,David Garcia,Garcia,,0,2000,MIL@MIA,MIL,MIA,,,,,,C/1B/UTIL
118451-198871,SS,Tommy,Tommy Troy,Troy,,0,2000,KC@ARI,ARI,KC,,,,,,SS/UTIL
118451-198868,OF,Enrique,Enrique Bradfield Jr.,Bradfield Jr.,,0,2000,BAL@ATL,BAL,ATL,DTD,Hamstring,,,,OF/UTIL
118451-198878,3B,Sal,Sal Stewart,Stewart,,0,2000,CIN@PHI,CIN,PHI,,,,,,3B/UTIL
118451-198898,SS,Jett,Jett Williams,Williams,,0,2000,NYY@NYM,NYM,NYY,,,,,,SS/UTIL
118451-198897,3B,Brock,Brock Wilken,Wilken,,0,2000,MIL@MIA,MIL,MIA,IL,Knee,,,,3B/UTIL
118451-198903,OF,Drew,Drew Gilbert,Gilbert,,0,2000,NYY@NYM,NYM,NYY,,,,,,OF/UTIL
118451-198902,OF,Ryan,Ryan Clifford,Clifford,,0,2000,NYY@NYM,NYM,NYY,,,,,,OF/UTIL
118451-198900,OF,Spencer,Spencer Jones,Jones,,0,2000,NYY@NYM,NYY,NYM,,,,,,OF/UTIL
118451-198914,SS,Roderick,Roderick Arias,Arias,,0,2000,NYY@NYM,NYY,NYM,,,,,,SS/UTIL
118451-116994,SS,Donovan,Donovan Walton,Walton,4.844444274902344,9,2000,CIN@PHI,PHI,CIN,,,,,,SS/UTIL
118451-211306,2B,Darren,Darren Baker,Baker,3.355555640326606,9,2000,BOS@WSH,WSH,BOS,,,,,,2B/UTIL
118451-170350,OF,Dairon,Dairon Blanco,Blanco,3.7666668362087674,9,2000,KC@ARI,KC,ARI,,,,,,OF/UTIL
118451-135646,C,Carson,Carson Taylor,Taylor,,0,2000,CIN@PHI,PHI,CIN,IL,Undisclosed,,,,C/1B/UTIL
118451-119304,SS/2B,Braden,Braden Shewmake,Shewmake,3.406896656957166,29,2000,NYY@NYM,NYY,NYM,IL,Undisclosed,,,,2B/SS/UTIL
118451-119308,SS,Adam,Adam Hall,Hall,,0,2000,MIL@MIA,MIL,MIA,,,,,,SS/UTIL
118451-219661,SS,Jared,Jared Serna,Serna,,0,2000,MIL@MIA,MIA,MIL,,,,,,SS/UTIL
118451-219667,OF,Jhostynxon,Jhostynxon Garcia,Garcia,,0,2000,BOS@WSH,BOS,WSH,,,,,,OF/UTIL
118451-119325,2B/OF,Tyler,Tyler Callihan,Callihan,1.625,4,2000,CIN@PHI,CIN,PHI,IL,Forearm,,,,2B/OF/UTIL
118451-119327,SS,Ivan,Ivan Johnson,Johnson,,0,2000,CIN@PHI,CIN,PHI,,,,,,SS/UTIL
118451-207395,C,Eric,Eric Yang,Yang,0,1,2000,CIN@PHI,CIN,PHI,,,,,,C/1B/UTIL
118451-158244,3B/2B,Yonny,Yonny Hernandez,Hernandez,,0,2000,NYY@NYM,NYM,NYY,,,,,,2B/3B/UTIL
118451-219699,C,Jesus,Jesus Rodriguez,Rodriguez,,0,2000,NYY@NYM,NYY,NYM,,,,,,C/1B/UTIL
118451-119360,OF,Pablo,Pablo Abreu,Abreu,,0,2000,MIL@MIA,MIL,MIA,,,,,,OF/UTIL
118451-119362,SS,Eduardo,Eduardo Garcia,Garcia,,0,2000,MIL@MIA,MIL,MIA,,,,,,SS/UTIL
118451-207434,3B,Luis,Luis De Los Santos,De Los Santos,2.8384616558368387,13,2000,NYY@NYM,NYM,NYY,,,,,,3B/UTIL
118451-82558,OF,Conner,Conner Capel,Capel,2.171428544180734,7,2000,BAL@ATL,ATL,BAL,,,,,,OF/UTIL
118451-176777,OF,Cal,Cal Stevenson,Stevenson,1.9,5,2000,CIN@PHI,PHI,CIN,,,,,,OF/UTIL
118451-119436,SS,Maximo,Maximo Acosta,Acosta,,0,2000,MIL@MIA,MIA,MIL,,,,,,SS/UTIL
118451-119440,3B/2B,Davis,Davis Wendzel,Wendzel,1.8714286259242467,28,2000,CIN@PHI,CIN,PHI,,,,,,2B/3B/UTIL
118451-164499,3B,A.J.,A.J. Vukovich,Vukovich,,0,2000,KC@ARI,ARI,KC,,,,,,3B/UTIL
118451-164502,SS/2B,Vaughn,Vaughn Grissom,Grissom,4.787878787878788,33,2000,BOS@WSH,BOS,WSH,,,,,,2B/SS/UTIL
118451-164501,SS,Cal,Cal Conley,Conley,,0,2000,BAL@ATL,ATL,BAL,,,,,,SS/UTIL
118451-82586,OF,MJ,MJ Melendez,Melendez,3.456249952316284,16,2000,KC@ARI,KC,ARI,,,,,,OF/UTIL
118451-119450,OF,Jeremy,Jeremy De La Rosa,De La Rosa,,0,2000,BOS@WSH,WSH,BOS,,,,,,OF/UTIL
118451-164505,OF,Hudson,Hudson Haskin,Haskin,,0,2000,BAL@ATL,BAL,ATL,,,,,,OF/UTIL
118451-82589,OF/1B,Nick,Nick Pratto,Pratto,0,2,2000,KC@ARI,KC,ARI,,,,,,C/1B/OF/UTIL
118451-164508,OF,Jesse,Jesse Franklin,Franklin,,0,2000,BAL@ATL,ATL,BAL,,,,,,OF/UTIL
118451-164514,SS,Maikol,Maikol Hernandez,Hernandez,,0,2000,BAL@ATL,BAL,ATL,,,,,,SS/UTIL
118451-164518,2B,Tyler,Tyler McDonough,McDonough,,0,2000,BOS@WSH,BOS,WSH,,,,,,2B/UTIL
118451-164519,3B,Alex,Alex Binelas,Binelas,,0,2000,CIN@PHI,PHI,CIN,,,,,,3B/UTIL
118451-164526,C,Nathan,Nathan Hickey,Hickey,,0,2000,BOS@WSH,BOS,WSH,,,,,,C/1B/UTIL
118451-199342,3B,Graham,Graham Pauley,Pauley,4.4178570338657925,28,2000,MIL@MIA,MIA,MIL,,,,,,3B/UTIL
118451-164531,SS,Kevin,Kevin Made,Made,,0,2000,BOS@WSH,WSH,BOS,,,,,,SS/UTIL
118451-162509,1B/OF,Juan,Juan Yepez,Yepez,8.784127371651786,63,2000,BOS@WSH,WSH,BOS,,,,,,C/1B/OF/UTIL
118451-17105,C,Sandy,Sandy Leon,Leon,0,2,2000,BAL@ATL,ATL,BAL,,,,,,C/1B/UTIL
118451-195289,OF,Cam,Cam Eden,Eden,,0,2000,NYY@NYM,NYY,NYM,,,,,,OF/UTIL
118451-13054,C,Rob,Rob Brantly,Brantly,4.166666666666667,3,2000,MIL@MIA,MIA,MIL,IL,Lat,,,,C/1B/UTIL
118451-199466,3B/1B,Trey,Trey Lipscomb,Lipscomb,3.066666603088379,3,2000,BOS@WSH,WSH,BOS,,,,,,C/1B/3B/UTIL
118451-119623,OF,Alex,Alex Ramirez,Ramirez,0,3,2000,NYY@NYM,NYM,NYY,,,,,,OF/UTIL
118451-119627,OF,Erick,Erick Pena,Pena,,0,2000,KC@ARI,KC,ARI,,,,,,OF/UTIL
118451-119629,SS/2B/3B,Luisangel,Luisangel Acuna,Acuna,4.870769324669471,65,2000,NYY@NYM,NYM,NYY,,,,,,2B/3B/SS/UTIL
118451-119632,OF,Hedbert,Hedbert Perez,Perez,,0,2000,MIL@MIA,MIL,MIA,,,,,,OF/UTIL
118451-119636,SS,Alexander,Alexander Vargas,Vargas,,0,2000,NYY@NYM,NYY,NYM,,,,,,SS/UTIL
118451-174963,SS,Charles,Charles Leblanc,Leblanc,8.290908813476562,11,2000,BAL@ATL,ATL,BAL,,,,,,SS/UTIL
118451-203641,SS,Levi,Levi Jordan,Jordan,1.8142856870378767,7,2000,CIN@PHI,CIN,PHI,,,,,,SS/UTIL
118451-68538,2B,Franklin,Franklin Barreto,Barreto,,0,2000,BAL@ATL,BAL,ATL,IL,Undisclosed,,,,2B/UTIL
118451-68554,SS,Andrew,Andrew Velazquez,Velazquez,0,2,2000,NYY@NYM,NYY,NYM,,,,,,SS/UTIL
118451-13303,C,Yasmani,Yasmani Grandal,Grandal,7.036986468589469,73,2000,BOS@WSH,BOS,WSH,,,,,,C/1B/UTIL
118451-97291,2B,Harold,Harold Castro,Castro,,0,2000,KC@ARI,KC,ARI,,,,,,2B/UTIL
118451-171037,C,Jason,Jason Delay,Delay,6.400000095367432,8,2000,BAL@ATL,ATL,BAL,,,,,,C/1B/UTIL
118451-171128,3B/2B,Buddy,Buddy Kennedy,Kennedy,0.75,4,2000,CIN@PHI,PHI,CIN,,,,,,2B/3B/UTIL
118451-197768,SS/3B,Luis,Luis Vazquez,Vazquez,1.0777777565850153,9,2000,BAL@ATL,BAL,ATL,,,,,,3B/SS/UTIL
118451-83143,OF,Oscar,Oscar Mercado,Mercado,0,1,2000,CIN@PHI,PHI,CIN,,,,,,OF/UTIL
118451-195795,C,Chandler,Chandler Seagle,Seagle,,0,2000,BAL@ATL,ATL,BAL,,,,,,C/1B/UTIL
118451-226530,C,Maverick,Maverick Handley,Handley,2.1812500953674316,16,2000,BAL@ATL,BAL,ATL,IL,Concussion,,,,C/1B/UTIL
118451-146666,OF,Heston,Heston Kjerstad,Kjerstad,5.679629855685764,54,2000,BAL@ATL,BAL,ATL,,,,,,OF/UTIL
118451-60649,C,Alex,Alex Jackson,Jackson,4.196551618904903,58,2000,NYY@NYM,NYY,NYM,,,,,,C/1B/UTIL
118451-60652,2B,Christian,Christian Arroyo,Arroyo,,0,2000,CIN@PHI,PHI,CIN,,,,,,2B/UTIL
118451-146671,OF,Austin,Austin Hendrick,Hendrick,,0,2000,CIN@PHI,CIN,PHI,,,,,,OF/UTIL
118451-146675,3B,Blaze,Blaze Jordan,Jordan,,0,2000,BOS@WSH,BOS,WSH,,,,,,3B/UTIL
118451-197874,2B/3B,Oliver,Oliver Dunn,Dunn,4.985714503696987,14,2000,MIL@MIA,MIL,MIA,,,,,,2B/3B/UTIL
118451-197895,OF,Tyler,Tyler Gentry,Gentry,0,4,2000,KC@ARI,KC,ARI,,,,,,OF/UTIL
118451-146700,SS,Freddy,Freddy Zamora,Zamora,,0,2000,MIL@MIA,MIL,MIA,,,,,,SS/UTIL
118451-85262,OF,J.P.,J.P. Martinez,Martinez,2.3777777353922525,9,2000,BAL@ATL,BAL,ATL,,,,,,OF/UTIL
118451-85268,1B,Joey,Joey Meneses,Meneses,7.273684049907484,76,2000,NYY@NYM,NYM,NYY,,,,,,C/1B/UTIL
118451-79128,C,Garrett,Garrett Stubbs,Stubbs,5.580701861465187,57,2000,CIN@PHI,PHI,CIN,,,,,,C/1B/UTIL
118451-79130,OF,Jose,Jose Azocar,Azocar,3.3214285714285716,14,2000,NYY@NYM,NYM,NYY,,,,,,OF/UTIL
118451-13596,OF,Trayce,Trayce Thompson,Thompson,0,3,2000,BOS@WSH,BOS,WSH,,,,,,OF/UTIL
118451-85277,2B/OF/1B/3B,Cavan,Cavan Biggio,Biggio,3.573684290835732,38,2000,KC@ARI,KC,ARI,,,,,,C/1B/2B/3B/OF/UTIL
118451-146718,SS,Casey,Casey Martin,Martin,,0,2000,MIL@MIA,MIL,MIA,,,,,,SS/UTIL
118451-197917,OF,Victor,Victor Mesa Jr.,Mesa Jr.,3.924999952316284,4,2000,MIL@MIA,MIA,MIL,,,,,,OF/UTIL
118451-146735,OF,Roismar,Roismar Quintana,Quintana,,0,2000,BOS@WSH,WSH,BOS,,,,,,OF/UTIL
118451-79156,SS/2B,David,David Fletcher,Fletcher,2.1666666666666665,6,2000,BAL@ATL,ATL,BAL,,,,,,2B/SS/UTIL
118451-79160,OF,Alex,Alex Verdugo,Verdugo,5.967857360839844,56,2000,BAL@ATL,ATL,BAL,,,,,,OF/UTIL
118451-85320,C,Michael,Michael Perez,Perez,0,1,2000,KC@ARI,ARI,KC,,,,,,C/1B/UTIL
118451-38223,OF,Travis,Travis Jankowski,Jankowski,3.7039999389648437,25,2000,NYY@NYM,NYM,NYY,,,,,,OF/UTIL
118451-38276,OF,Albert,Albert Almora,Almora,0,2,2000,KC@ARI,ARI,KC,,,,,,OF/UTIL
118451-79240,C,Aramis,Aramis Garcia,Garcia,0,2,2000,KC@ARI,ARI,KC,,,,,,C/1B/UTIL
118451-152972,2B/OF/SS,Luke,Luke Williams,Williams,2.3299999237060547,20,2000,BAL@ATL,ATL,BAL,,,,,,2B/SS/OF/UTIL
118451-101807,C,Seby,Seby Zavala,Zavala,3.2526315387926603,19,2000,BOS@WSH,BOS,WSH,,,,,,C/1B/UTIL
118451-38324,C,Jorge,Jorge Alfaro,Alfaro,,0,2000,MIL@MIA,MIL,MIA,,,,,,C/1B/UTIL
118451-101821,1B,Edwin,Edwin Rios,Rios,1.8399999618530274,5,2000,CIN@PHI,CIN,PHI,,,,,,C/1B/UTIL
118451-13794,OF,Delino,Delino DeShields,DeShields,,0,2000,BOS@WSH,WSH,BOS,,,,,,OF/UTIL
118451-136673,C,Mark,Mark Kolozsvary,Kolozsvary,0,2,2000,BOS@WSH,BOS,WSH,IL,Undisclosed,,,,C/1B/UTIL
118451-173546,OF,Nate,Nate Eaton,Eaton,3.3900001525878904,10,2000,BOS@WSH,BOS,WSH,,,,,,OF/UTIL
118451-79387,3B,Jake,Jake Gatewood,Gatewood,,0,2000,NYY@NYM,NYY,NYM,,,,,,3B/UTIL
118451-181790,OF,Diego,Diego Hernandez,Hernandez,,0,2000,KC@ARI,KC,ARI,,,,,,OF/UTIL
118451-95776,2B/SS/3B/OF,Pablo,Pablo Reyes,Reyes,2.111999969482422,25,2000,NYY@NYM,NYM,NYY,,,,,,2B/3B/SS/OF/UTIL
118451-79400,OF,Dylan,Dylan Carlson,Carlson,5.609756097560975,41,2000,BAL@ATL,BAL,ATL,,,,,,OF/UTIL
118451-222781,3B,Cam,Cam Collier,Collier,,0,2000,CIN@PHI,CIN,PHI,,,,,,3B/UTIL
118451-222780,SS,Starlyn,Starlyn Caba,Caba,,0,2000,MIL@MIA,MIA,MIL,IL,Thumb,,,,SS/UTIL
118451-222795,SS,George,George Lombard Jr.,Lombard Jr.,,0,2000,NYY@NYM,NYY,NYM,,,,,,SS/UTIL
118451-181835,OF,Jorge,Jorge Barrosa,Barrosa,6.44000015258789,5,2000,KC@ARI,ARI,KC,,,,,,OF/UTIL
118451-167500,OF,Joey,Joey Wiemer,Wiemer,1.4476190294538225,21,2000,KC@ARI,KC,ARI,,,,,,OF/UTIL
118451-222803,2B,Demetrio,Demetrio Crisantes,Crisantes,,0,2000,KC@ARI,ARI,KC,IL,Shoulder,,,,2B/UTIL
118451-222802,OF,Ryan,Ryan Waldschmidt,Waldschmidt,,0,2000,KC@ARI,ARI,KC,,,,,,OF/UTIL
118451-222805,C,Blake,Blake Mitchell,Mitchell,,0,2000,KC@ARI,KC,ARI,IL,Wrist,,,,C/1B/UTIL
118451-222804,OF,Slade,Slade Caldwell,Caldwell,,0,2000,KC@ARI,ARI,KC,,,,,,OF/UTIL
118451-179801,1B/OF,Jared,Jared Young,Young,4.822222391764323,18,2000,NYY@NYM,NYM,NYY,,,,,,C/1B/OF/UTIL
118451-222815,3B,Mike,Mike Boeve,Boeve,,0,2000,MIL@MIA,MIL,MIA,,,,,,3B/UTIL
118451-222817,SS,Jesus,Jesus Made,Made,,0,2000,MIL@MIA,MIL,MIA,,,,,,SS/UTIL
118451-222816,SS,Cooper,Cooper Pratt,Pratt,,0,2000,MIL@MIA,MIL,MIA,,,,,,SS/UTIL
118451-222821,OF,Carson,Carson Benge,Benge,,0,2000,NYY@NYM,NYM,NYY,,,,,,OF/UTIL
118451-222827,SS,Franklin,Franklin Arias,Arias,,0,2000,BOS@WSH,BOS,WSH,,,,,,SS/UTIL
118451-222826,SS,Yoeilin,Yoeilin Cespedes,Cespedes,,0,2000,BOS@WSH,BOS,WSH,,,,,,SS/UTIL
118451-222831,SS,Jackson,Jackson Cluff,Cluff,,0,2000,BOS@WSH,WSH,BOS,,,,,,SS/UTIL
118451-222829,SS,Seaver,Seaver King,King,,0,2000,BOS@WSH,WSH,BOS,,,,,,SS/UTIL
118451-226928,1B/2B/SS/3B,Jack,Jack Winkler,Winkler,1.355555534362793,9,2000,MIL@MIA,MIA,MIL,,,,,,C/1B/2B/3B/SS/UTIL
118451-222847,OF,Justin,Justin Crawford,Crawford,,0,2000,CIN@PHI,PHI,CIN,,,,,,OF/UTIL
118451-118398,SS,Vimael,Vimael Machin,Machin,,0,2000,BAL@ATL,BAL,ATL,,,,,,SS/UTIL
118451-222849,C,Eduardo,Eduardo Tait,Tait,,0,2000,CIN@PHI,PHI,CIN,,,,,,C/1B/UTIL
118451-222848,SS,Aidan,Aidan Miller,Miller,,0,2000,CIN@PHI,PHI,CIN,,,,,,SS/UTIL
118451-165510,OF,Jay,Jay Allen,Allen,,0,2000,CIN@PHI,CIN,PHI,,,,,,OF/UTIL
118451-165511,C,Mat,Mat Nelson,Nelson,,0,2000,CIN@PHI,CIN,PHI,,,,,,C/1B/UTIL
118451-165515,OF,Malvin,Malvin Valdez,Valdez,,0,2000,CIN@PHI,CIN,PHI,,,,,,OF/UTIL
118451-165517,OF,Ariel,Ariel Almonte,Almonte,,0,2000,CIN@PHI,CIN,PHI,,,,,,OF/UTIL
118451-165539,SS,Jose,Jose Rodriguez,Rodriguez,0,2,2000,CIN@PHI,PHI,CIN,,,,,,SS/UTIL
118451-163510,SS/2B,Diego A.,Diego A. Castillo,Castillo,7.900000095367432,4,2000,KC@ARI,KC,ARI,,,,,,2B/SS/UTIL
118451-222902,2B,Tyler,Tyler Tolbert,Tolbert,3.3473683407432153,19,2000,KC@ARI,KC,ARI,,,,,,2B/UTIL
118451-163513,C,Rene,Rene Pinto,Pinto,5.578947368421052,19,2000,KC@ARI,ARI,KC,,,,,,C/1B/UTIL
118451-165565,2B,Peyton,Peyton Wilson,Wilson,,0,2000,KC@ARI,KC,ARI,,,,,,2B/UTIL
118451-165574,SS,Daniel,Daniel Vazquez,Vazquez,,0,2000,KC@ARI,KC,ARI,,,,,,SS/UTIL
118451-165579,C,Carter,Carter Jensen,Jensen,,0,2000,KC@ARI,KC,ARI,,,,,,C/1B/UTIL
118451-188114,SS,Connor,Connor Kaiser,Kaiser,,0,2000,KC@ARI,ARI,KC,,,,,,SS/UTIL
118451-198359,3B,Deyvison,Deyvison De Los Santos,De Los Santos,0,2,2000,MIL@MIA,MIA,MIL,,,,,,3B/UTIL
118451-165602,C,Joe,Joe Mack,Mack,,0,2000,MIL@MIA,MIA,MIL,,,,,,C/1B/UTIL
118451-165603,SS,Yiddi,Yiddi Cappe,Cappe,,0,2000,MIL@MIA,MIA,MIL,,,,,,SS/UTIL
118451-165606,1B/3B/OF,Tyler,Tyler Black,Black,5.433333502875434,18,2000,MIL@MIA,MIL,MIA,,,,,,C/1B/3B/OF/UTIL
118451-181990,C/OF,Blake,Blake Sabol,Sabol,2.737499952316284,8,2000,BOS@WSH,BOS,WSH,,,,,,C/1B/OF/UTIL
118451-165607,SS,Jordan,Jordan McCants,McCants,,0,2000,MIL@MIA,MIA,MIL,,,,,,SS/UTIL
118451-165604,C,Jeferson,Jeferson Quero,Quero,,0,2000,MIL@MIA,MIL,MIA,,,,,,C/1B/UTIL
118451-165610,3B,Zavier,Zavier Warren,Warren,,0,2000,MIL@MIA,MIL,MIA,,,,,,3B/UTIL
118451-165608,2B,Cody,Cody Morissette,Morissette,,0,2000,MIL@MIA,MIA,MIL,,,,,,2B/UTIL
118451-165622,SS,Jheremy,Jheremy Vargas,Vargas,,0,2000,MIL@MIA,MIL,MIA,,,,,,SS/UTIL
118451-165629,1B,JT,JT Schwartz,Schwartz,,0,2000,NYY@NYM,NYM,NYY,,,,,,C/1B/UTIL
118451-52995,C,Luke,Luke Maile,Maile,11.300000508626303,3,2000,KC@ARI,KC,ARI,,,,,,C/1B/UTIL
118451-202502,OF,Blake,Blake Dunn,Dunn,4.983333333333333,30,2000,CIN@PHI,CIN,PHI,,,,,,OF/UTIL
118451-202501,OF,Duke,Duke Ellis,Ellis,3.0166667302449546,12,2000,NYY@NYM,NYY,NYM,,,,,,OF/UTIL
118451-165646,C,Rickardo,Rickardo Perez,Perez,,0,2000,CIN@PHI,PHI,CIN,,,,,,C/1B/UTIL
118451-165647,OF,Ethan,Ethan Wilson,Wilson,,0,2000,CIN@PHI,PHI,CIN,,,,,,OF/UTIL
118451-206608,SS/2B,Nacho,Nacho Alvarez Jr.,Alvarez Jr.,2.2750000953674316,8,2000,BAL@ATL,ATL,BAL,O,Oblique,,,,2B/SS/UTIL
118451-165652,OF,Yhoswar,Yhoswar Garcia,Garcia,,0,2000,MIL@MIA,MIL,MIA,,,,,,OF/UTIL
118451-165663,SS,Victor,Victor Acosta,Acosta,,0,2000,CIN@PHI,CIN,PHI,,,,,,SS/UTIL
118451-165669,2B,Max,Max Ferguson,Ferguson,,0,2000,BOS@WSH,BOS,WSH,,,,,,2B/UTIL
118451-165675,SS,Edwin,Edwin Arroyo,Arroyo,,0,2000,CIN@PHI,CIN,PHI,,,,,,SS/UTIL
118451-165728,SS,Armando,Armando Cruz,Cruz,,0,2000,BOS@WSH,WSH,BOS,,,,,,SS/UTIL
118451-163686,3B/SS,Oswaldo,Oswaldo Cabrera,Cabrera,6.597142682756696,35,2000,NYY@NYM,NYY,NYM,IL,Ankle,,,,3B/SS/UTIL
118451-165732,1B,Branden,Branden Boissiere,Boissiere,,0,2000,BOS@WSH,WSH,BOS,,,,,,C/1B/UTIL
118451-163694,SS,Eddys,Eddys Leonard,Leonard,0,1,2000,BAL@ATL,ATL,BAL,,,,,,SS/UTIL
118451-163695,2B,Jorbit,Jorbit Vivas,Vivas,3.9636362249200996,22,2000,NYY@NYM,NYY,NYM,,,,,,2B/UTIL
118451-102285,OF,Cristian,Cristian Pache,Pache,3.2876405180170294,89,2000,KC@ARI,ARI,KC,,,,,,OF/UTIL
118451-182167,1B,Matt,Matt Mervis,Mervis,6.523809523809524,42,2000,MIL@MIA,MIA,MIL,IL,Oblique,,,,C/1B/UTIL
118451-102303,1B,Triston,Triston Casas,Casas,6.327586206896552,29,2000,BOS@WSH,BOS,WSH,IL,Knee,,,,C/1B/UTIL
118451-102317,SS,Terrin,Terrin Vavra,Vavra,,0,2000,BAL@ATL,BAL,ATL,,,,,,SS/UTIL
118451-102322,2B/3B,Nick,Nick Madrigal,Madrigal,2.823529411764706,51,2000,NYY@NYM,NYM,NYY,IL,Shoulder,,,,2B/3B/UTIL
118451-102331,2B/SS/3B,Nicky,Nicky Lopez,Lopez,1.3105262957121198,19,2000,NYY@NYM,NYY,NYM,,,,,,2B/3B/SS/UTIL
118451-102337,OF,Seth,Seth Beer,Beer,,0,2000,CIN@PHI,PHI,CIN,,,,,,OF/UTIL
118451-102347,2B/SS/3B,Livan,Livan Soto,Soto,1.6133333841959636,15,2000,BAL@ATL,BAL,ATL,,,,,,2B/3B/SS/UTIL
118451-102346,OF,Jordyn,Jordyn Adams,Adams,0.6400000095367432,5,2000,BAL@ATL,BAL,ATL,,,,,,OF/UTIL
118451-102348,SS,Jeremiah,Jeremiah Jackson,Jackson,,0,2000,BAL@ATL,BAL,ATL,,,,,,SS/UTIL
118451-171986,3B,Matthew,Matthew Batten,Batten,4.5,2,2000,BAL@ATL,ATL,BAL,,,,,,3B/UTIL
118451-24529,OF,Rafael,Rafael Ortega,Ortega,2.4866666158040363,15,2000,NYY@NYM,NYM,NYY,IL,Undisclosed,,,,OF/UTIL
118451-102352,C,Payton,Payton Henry,Henry,0,1,2000,CIN@PHI,PHI,CIN,,,,,,C/1B/UTIL
118451-200663,C,David,David Banuelos,Banuelos,0,1,2000,BAL@ATL,BAL,ATL,,,,,,C/1B/UTIL
118451-102356,OF,Gilberto,Gilberto Celestino,Celestino,,0,2000,NYY@NYM,NYM,NYY,,,,,,OF/UTIL
118451-102359,C,Will,Will Banfield,Banfield,,0,2000,CIN@PHI,CIN,PHI,,,,,,C/1B/UTIL
118451-102358,SS,Jose,Jose Devers,Devers,1.2399999618530273,5,2000,BAL@ATL,ATL,BAL,,,,,,SS/UTIL
118451-102360,OF,Connor,Connor Scott,Scott,,0,2000,KC@ARI,KC,ARI,IL,Undisclosed,,,,OF/UTIL
118451-102374,C/2B/3B,Anthony,Anthony Seigler,Seigler,1.5,2,2000,MIL@MIA,MIL,MIA,,,,,,C/1B/2B/3B/UTIL
118451-102390,OF,Travis,Travis Swaggerty,Swaggerty,,0,2000,NYY@NYM,NYM,NYY,,,,,,OF/UTIL