Id,Position,First Name,Nickname,Last Name,FPPG,Played,Salary,Game,Team,Opponent,Injury Indicator,Injury Details,Tier,Probable Pitcher,Batting Order,Roster Position
117021-135977,P,Garrett,Garrett Crochet,Crochet,41.4,10,10800,ATL@BOS,BOS,ATL,,,,,,P
117021-101839,P,Logan,Logan Webb,Webb,40.4,10,10600,ATH@SF,SF,ATH,,,,,,P
117021-198625,P,Yoshinobu,Yoshinobu Yamamoto,Yamamoto,38.22222222222222,9,10600,LAA@LAD,LAD,LAA,,,,,,P
117021-13233,P,Nathan,Nathan Eovaldi,Eovaldi,39.8,10,10500,HOU@TEX,TEX,HOU,,,,,,P
117021-146687,P,Hunter,Hunter Brown,Brown,45.77777777777778,9,10500,HOU@TEX,HOU,TEX,,,,,,P
117021-117232,P,Michael,Michael King,King,34.666666666666664,9,10400,SEA@SD,SD,SEA,,,,,,P
117021-102396,P,Logan,Logan Gilbert,Gilbert,34.833333333333336,6,10400,SEA@SD,SEA,SD,IL,Elbow,,,,P
117021-119430,P,Joe,Joe Ryan,Ryan,38.55555555555556,9,10200,MIN@MIL,MIN,MIL,,,,,,P
117021-162445,P,Spencer,Spencer Strider,Strider,24,1,10200,ATL@BOS,ATL,BOS,IL,Hamstring,,,,P
117021-164509,P,AJ,AJ Smith-Shawver,Smith-Shawver,33.142857142857146,7,10200,ATL@BOS,ATL,BOS,,,,,,P
117021-52183,P,Tyler,Tyler Glasnow,Glasnow,21.2,5,10200,LAA@LAD,LAD,LAA,IL,Shoulder,,,,P
117021-85251,P,Zac,Zac Gallen,Gallen,30.11111111111111,9,10200,COL@ARI,ARI,COL,,,,Yes,,P
117021-102330,P,Kris,Kris Bubic,Bubic,38.77777777777778,9,10200,STL@KC,KC,STL,,,,,,P
117021-68488,P,Blake,Blake Snell,Snell,19.5,2,10000,LAA@LAD,LAD,LAA,IL,Shoulder,,,,P
117021-82604,P,Corbin,Corbin Burnes,Burnes,33.125,8,9900,COL@ARI,ARI,COL,,,,,,P
117021-187194,P,Bryan,Bryan Woo,Woo,37.75,8,9900,SEA@SD,SEA,SD,,,,,,P
117021-83190,P,Freddy,Freddy Peralta,Peralta,33.22222222222222,9,9900,MIN@MIL,MIL,MIN,,,,,,P
117021-185606,P,Gavin,Gavin Stone,Stone,28.4,25,9900,LAA@LAD,LAD,LAA,IL,Shoulder,,,,P
117021-83152,P,Pablo,Pablo Lopez,Lopez,33.714285714285715,7,9800,MIN@MIL,MIN,MIL,,,,Yes,,P
117021-79270,P,Cole,Cole Ragans,Ragans,33.77777777777778,9,9800,STL@KC,KC,STL,DTD,Groin,,,,P
117021-79951,P,Nick,Nick Pivetta,Pivetta,35.125,8,9700,SEA@SD,SD,SEA,,,,Yes,,P
117021-85599,P,Framber,Framber Valdez,Valdez,32.333333333333336,9,9700,HOU@TEX,HOU,TEX,,,,,,P
117021-12477,P,Chris,Chris Sale,Sale,33.8,10,9600,ATL@BOS,ATL,BOS,,,,,,P
117021-17064,P,Sonny,Sonny Gray,Gray,29.77777777777778,9,9600,STL@KC,STL,KC,,,,,,P
117021-145612,P,Bailey,Bailey Ober,Ober,27.666666666666668,9,9500,MIN@MIL,MIN,MIL,,,,,,P
117021-53029,P,Robbie,Robbie Ray,Ray,35.666666666666664,9,9500,ATH@SF,SF,ATH,,,,,,P
117021-185701,P,Brandon,Brandon Pfaadt,Pfaadt,30.77777777777778,9,9400,COL@ARI,ARI,COL,,,,,,P
117021-102408,P,Matthew,Matthew Liberatore,Liberatore,31.875,8,9300,STL@KC,STL,KC,,,,,,P
117021-198885,P,Spencer,Spencer Arrighetti,Arrighetti,22.5,2,9300,HOU@TEX,HOU,TEX,IL,Thumb,,,,P
117021-68491,P,Reynaldo,Reynaldo Lopez,Lopez,9,1,9200,ATL@BOS,ATL,BOS,IL,Shoulder,,,,P
117021-52859,P,Jacob,Jacob deGrom,deGrom,34.333333333333336,9,9200,HOU@TEX,TEX,HOU,,,,,,P
117021-102343,P,Tony,Tony Gonsolin,Gonsolin,37.333333333333336,3,9200,LAA@LAD,LAD,LAA,,,,,,P
117021-119414,P,George,George Kirby,Kirby,31.78787878787879,33,9100,SEA@SD,SEA,SD,IL,Shoulder,,,,P
117021-71034,P,Seth,Seth Lugo,Lugo,31.22222222222222,9,9100,STL@KC,KC,STL,DTD,Finger,,Yes,,P
117021-21099,P,Jose,Jose Quintana,Quintana,29.333333333333332,6,9000,MIN@MIL,MIL,MIN,IL,Shoulder,,,,P
117021-80582,P,Brandon,Brandon Woodruff,Woodruff,,0,9000,MIN@MIL,MIL,MIN,IL,Ankle,,,,P
117021-79091,P,Dylan,Dylan Cease,Cease,29,9,9000,SEA@SD,SD,SEA,,,,,,P
117021-164503,P,Spencer,Spencer Schwellenbach,Schwellenbach,31.22222222222222,9,8900,ATL@BOS,ATL,BOS,,,,,,P
117021-79162,P,Luis,Luis Castillo,Castillo,26.555555555555557,9,8900,SEA@SD,SEA,SD,,,,,,P
117021-79109,P,Tyler,Tyler Mahle,Mahle,30.88888888888889,9,8800,HOU@TEX,TEX,HOU,,,,Yes,,P
117021-79168,P,Walker,Walker Buehler,Buehler,29.333333333333332,6,8800,ATL@BOS,BOS,ATL,IL,Shoulder,,,,P
117021-163685,P,JP,JP Sears,Sears,27.444444444444443,9,8800,ATH@SF,ATH,SF,,,,,,P
117021-37999,P,Michael,Michael Wacha,Wacha,27.666666666666668,9,8700,STL@KC,KC,STL,,,,,,P
117021-16931,P,Yu,Yu Darvish,Darvish,28.77777777777778,18,8600,SEA@SD,SD,SEA,IL,Elbow,,,,P
117021-52728,P,Michael,Michael Lorenzen,Lorenzen,29,10,8600,STL@KC,KC,STL,,,,,,P
117021-102458,P,Kutter,Kutter Crawford,Crawford,27.96969696969697,33,8500,ATL@BOS,BOS,ATL,IL,Knee,,,,P
117021-168872,P,Ronel,Ronel Blanco,Blanco,28.625,8,8500,HOU@TEX,HOU,TEX,,,,Yes,,P
117021-203676,P,David,David Festa,Festa,26,3,8400,MIN@MIL,MIN,MIL,DTD,Arm,,,,P
117021-68564,P,Erick,Erick Fedde,Fedde,25.666666666666668,9,8400,STL@KC,STL,KC,,,,,,P
117021-52198,P,Lucas,Lucas Giolito,Giolito,25,3,8400,ATL@BOS,BOS,ATL,,,,Yes,,P
117021-146664,P,Bryce,Bryce Elder,Elder,24.125,8,8400,ATL@BOS,ATL,BOS,,,,,,P
117021-222787,P,Roki,Roki Sasaki,Sasaki,16.375,8,8400,LAA@LAD,LAD,LAA,IL,Shoulder,,,,P
117021-38246,P,Tyler,Tyler Anderson,Anderson,30.25,8,8300,LAA@LAD,LAA,LAD,,,,Yes,,P
117021-165636,P,Hayden,Hayden Wesneski,Wesneski,24.833333333333332,6,8300,HOU@TEX,HOU,TEX,IL,Elbow,,,,P
117021-82594,P,Dustin,Dustin May,May,26.125,8,8200,LAA@LAD,LAD,LAA,,,,,,P
117021-165689,P,Bryce,Bryce Miller,Miller,20.875,8,8200,SEA@SD,SEA,SD,IL,Elbow,,,,P
117021-163680,P,Brayan,Brayan Bello,Bello,26.2,5,8200,ATL@BOS,BOS,ATL,,,,,,P
117021-219668,P,Hunter,Hunter Dobbins,Dobbins,27.2,5,8100,ATL@BOS,BOS,ATL,,,,,,P
117021-79207,P,Grant,Grant Holmes,Holmes,25.555555555555557,9,8100,ATL@BOS,ATL,BOS,,,,Yes,,P
117021-102001,P,Yusei,Yusei Kikuchi,Kikuchi,26,9,8100,LAA@LAD,LAA,LAD,,,,,,P
117021-198362,P,Stephen,Stephen Kolek,Kolek,34.666666666666664,3,8100,SEA@SD,SD,SEA,,,,,,P
117021-82775,P,Nestor,Nestor Cortes,Cortes,17,2,8000,MIN@MIL,MIL,MIN,IL,Elbow,,,,P
117021-68523,P,Joe,Joe Musgrove,Musgrove,28.45,20,8000,SEA@SD,SD,SEA,IL,Elbow,,,,P
117021-52142,P,Eduardo,Eduardo Rodriguez,Rodriguez,21.666666666666668,9,8000,COL@ARI,ARI,COL,IL,Shoulder,,,,P
117021-5427,P,Clayton,Clayton Kershaw,Kershaw,19,7,8000,LAA@LAD,LAD,LAA,IL,Toe,,Yes,,P
117021-101881,P,Merrill,Merrill Kelly,Kelly,28.555555555555557,9,8000,COL@ARI,ARI,COL,,,,,,P
117021-211874,P,Kumar,Kumar Rocker,Rocker,12.8,5,7900,HOU@TEX,TEX,HOU,IL,Shoulder,,,,P
117021-102528,P,Simeon,Simeon Woods Richardson,Woods Richardson,20.875,8,7800,MIN@MIL,MIN,MIL,,,,,,P
117021-60644,P,Luis,Luis Severino,Severino,23.88888888888889,9,7800,ATH@SF,ATH,SF,,,,Yes,,P
117021-146705,P,J.T.,J.T. Ginn,Ginn,23.666666666666668,3,7800,ATH@SF,ATH,SF,IL,Elbow,,,,P
117021-146733,P,Kyle,Kyle Harrison,Harrison,8,3,7800,ATH@SF,SF,ATH,,,,,,P
117021-13664,P,Patrick,Patrick Corbin,Corbin,26.285714285714285,7,7800,HOU@TEX,TEX,HOU,,,,,,P
117021-185896,P,Cody,Cody Bradford,Bradford,29.785714285714285,14,7800,HOU@TEX,TEX,HOU,IL,Elbow,,,,P
117021-102345,P,Jose,Jose Soriano,Soriano,27.77777777777778,9,7800,LAA@LAD,LAA,LAD,,,,,,P
117021-211765,P,Richard,Richard Fitts,Fitts,26.666666666666668,3,7700,ATL@BOS,BOS,ATL,IL,Pectoral,,,,P
117021-168950,P,Andre,Andre Pallante,Pallante,24.22222222222222,9,7700,STL@KC,STL,KC,,,,,,P
117021-165706,P,Jack,Jack Leiter,Leiter,22.666666666666668,6,7700,HOU@TEX,TEX,HOU,,,,,,P
117021-165715,P,Gunnar,Gunnar Hoglund,Hoglund,28,3,7700,ATH@SF,ATH,SF,,,,,,P
117021-219663,P,Chad,Chad Patrick,Patrick,22.9,10,7600,MIN@MIL,MIL,MIN,,,,,,P
117021-82638,P,Jordan,Jordan Hicks,Hicks,19.333333333333332,9,7600,ATH@SF,SF,ATH,,,,,,P
117021-199728,P,Landen,Landen Roupp,Roupp,25,8,7600,ATH@SF,SF,ATH,,,,Yes,,P
117021-5202,P,Justin,Justin Verlander,Verlander,23.11111111111111,9,7600,ATH@SF,SF,ATH,,,,,,P
117021-135229,P,Reid,Reid Detmers,Detmers,4.333333333333333,14,7500,LAA@LAD,LAA,LAD,,,,,,P
117021-135650,P,Landon,Landon Knack,Knack,18.2,5,7500,LAA@LAD,LAD,LAA,,,,,,P
117021-164497,P,Ryne,Ryne Nelson,Nelson,12.4,11,7500,COL@ARI,ARI,COL,,,,,,P
117021-79123,P,Tyler,Tyler Alexander,Alexander,9,15,7500,MIN@MIL,MIL,MIN,,,,,,P
117021-165573,P,Alec,Alec Marsh,Marsh,24.423076923076923,26,7500,STL@KC,KC,STL,IL,Shoulder,,,,P
117021-79224,P,Chris,Chris Paddack,Paddack,21.77777777777778,9,7400,MIN@MIL,MIN,MIL,,,,,,P
117021-187769,P,Osvaldo,Osvaldo Bido,Bido,16.11111111111111,9,7400,ATH@SF,ATH,SF,,,,,,P
117021-85476,P,Jeffrey,Jeffrey Springs,Springs,25.22222222222222,9,7400,ATH@SF,ATH,SF,,,,,,P
117021-135268,P,Emerson,Emerson Hancock,Hancock,17.333333333333332,6,7300,SEA@SD,SEA,SD,,,,Yes,,P
117021-82557,P,Aaron,Aaron Civale,Civale,0,1,7300,MIN@MIL,MIL,MIN,IL,Hamstring,,,,P
117021-203678,P,Hayden,Hayden Birdsong,Birdsong,12.090909090909092,11,7300,ATH@SF,SF,ATH,,,,,,P
117021-52159,P,Lance,Lance McCullers Jr.,McCullers Jr.,7,3,7300,HOU@TEX,HOU,TEX,,,,,,P
117021-60637,P,Sean,Sean Newcomb,Newcomb,19.11111111111111,9,7300,ATL@BOS,BOS,ATL,,,,,,P
117021-17121,P,Miles,Miles Mikolas,Mikolas,18.25,8,7200,STL@KC,STL,KC,,,,Yes,,P
117021-165638,P,Randy,Randy Vasquez,Vasquez,20.11111111111111,9,7200,SEA@SD,SD,SEA,,,,,,P
117021-197914,P,Nick,Nick Frasso,Frasso,0,2,7100,LAA@LAD,LAD,LAA,,,,,,P
117021-118202,P,Kyle,Kyle Hart,Hart,17,5,7100,SEA@SD,SD,SEA,,,,,,P
117021-161256,P,Cooper,Cooper Criswell,Criswell,0.3333333333333333,3,7100,ATL@BOS,BOS,ATL,,,,,,P
117021-204505,P,Justin,Justin Wrobleski,Wrobleski,16.5,2,7100,LAA@LAD,LAD,LAA,,,,,,P
117021-102378,P,Matt,Matt Sauer,Sauer,14.2,5,7100,LAA@LAD,LAD,LAA,,,,,,P
117021-135212,P,Luis,Luis Garcia,Garcia,0,1,7000,HOU@TEX,HOU,TEX,IL,Elbow,,,,P
117021-219662,P,Colton,Colton Gordon,Gordon,13,1,7000,HOU@TEX,HOU,TEX,,,,,,P
117021-119355,P,Jack,Jack Kochanowicz,Kochanowicz,21.333333333333332,9,7000,LAA@LAD,LAA,LAD,,,,,,P
117021-52155,P,Jon,Jon Gray,Gray,20.47826086956522,24,7000,HOU@TEX,TEX,HOU,IL,Wrist,,,,P
117021-226322,P,Logan,Logan Evans,Evans,22,4,7000,SEA@SD,SEA,SD,,,,,,P
117021-161465,P,Ryan,Ryan Feltner,Feltner,21,6,7000,COL@ARI,COL,ARI,IL,Back,,,,P
117021-102335,P,Cristian,Cristian Javier,Javier,24.285714285714285,8,7000,HOU@TEX,HOU,TEX,IL,Elbow,,,,P
117021-79853,P,Jordan,Jordan Montgomery,Montgomery,17.16,25,7000,COL@ARI,ARI,COL,IL,Elbow,,,,P
117021-211069,P,Sam,Sam Aldegheri,Aldegheri,19.333333333333332,3,6900,LAA@LAD,LAA,LAD,,,,,,P
117021-102572,P,Tobias,Tobias Myers,Myers,13.4,5,6900,MIN@MIL,MIL,MIN,,,,,,P
117021-197981,P,Jacob,Jacob Misiorowski,Misiorowski,,0,6900,MIN@MIL,MIL,MIN,,,,,,P
117021-198353,P,Mitch,Mitch Spence,Spence,7.8125,16,6900,ATH@SF,ATH,SF,,,,,,P
117021-102498,P,Patrick,Patrick Sandoval,Sandoval,23.4375,16,6800,ATL@BOS,BOS,ATL,IL,Elbow,,,,P
117021-53398,P,Kyle,Kyle Hendricks,Hendricks,18.25,8,6800,LAA@LAD,LAA,LAD,,,,,,P
117021-82540,P,Tanner,Tanner Houck,Houck,13.555555555555555,9,6800,ATL@BOS,BOS,ATL,IL,Elbow,,,,P
117021-60632,P,Kyle,Kyle Freeland,Freeland,18.22222222222222,9,6800,COL@ARI,COL,ARI,,,,,,P
117021-79078,P,Ian,Ian Anderson,Anderson,2.2857142857142856,7,6800,ATL@BOS,ATL,BOS,,,,,,P
117021-204632,P,Tanner,Tanner Gordon,Gordon,19,1,6800,COL@ARI,COL,ARI,,,,,,P
117021-213198,P,Ryan,Ryan Gusto,Gusto,15.3,10,6700,HOU@TEX,HOU,TEX,,,,,,P
117021-219653,P,Logan,Logan Henderson,Henderson,44,2,6700,MIN@MIL,MIL,MIN,,,,,,P
117021-119409,P,Quinn,Quinn Priester,Priester,17.714285714285715,7,6700,MIN@MIL,MIL,MIN,,,,,,P
117021-198886,P,Chase,Chase Dollander,Dollander,19.428571428571427,7,6600,COL@ARI,COL,ARI,,,,,,P
117021-119302,P,Blake,Blake Walston,Walston,12.571428571428571,7,6600,COL@ARI,ARI,COL,IL,Elbow,,,,P
117021-102515,P,Aaron,Aaron Ashby,Ashby,11.214285714285714,15,6500,MIN@MIL,MIL,MIN,IL,Oblique,,,,P
117021-198891,P,Caden,Caden Dana,Dana,9,1,6500,LAA@LAD,LAA,LAD,,,,,,P
117021-209846,P,Ben,Ben Casparius,Casparius,12,14,6500,LAA@LAD,LAD,LAA,,,,,,P
117021-52174,P,Steven,Steven Matz,Matz,12.333333333333334,12,6500,STL@KC,STL,KC,,,,,,P
117021-83098,P,Austin,Austin Gomber,Gomber,22,30,6500,COL@ARI,COL,ARI,IL,Shoulder,,,,P
117021-60627,P,Touki,Touki Toussaint,Toussaint,9,1,6500,LAA@LAD,LAA,LAD,,,,,,P
117021-79103,P,Dane,Dane Dunning,Dunning,12,1,6500,HOU@TEX,TEX,HOU,,,,,,P
117021-181805,P,J.P.,J.P. France,France,15.8,6,6500,HOU@TEX,HOU,TEX,IL,Shoulder,,,,P
117021-165634,P,Ken,Ken Waldichuk,Waldichuk,0,1,6500,ATH@SF,ATH,SF,IL,Elbow,,,,P
117021-165665,P,Robert,Robert Gasser,Gasser,25.6,5,6500,MIN@MIL,MIL,MIN,IL,Elbow,,,,P
117021-165694,P,Michael,Michael McGreevy,McGreevy,38,1,6500,STL@KC,STL,KC,,,,,,P
117021-170174,P,Chase,Chase Silseth,Silseth,21,4,6400,LAA@LAD,LAA,LAD,,,,,,P
117021-82537,P,DL,DL Hall,Hall,15.307692307692308,13,6400,MIN@MIL,MIL,MIN,IL,Lat,,,,P
117021-164504,P,Joey,Joey Estes,Estes,0,2,6400,ATH@SF,ATH,SF,,,,,,P
117021-170891,P,Davis,Davis Daniel,Daniel,6,1,6400,ATL@BOS,ATL,BOS,,,,,,P
117021-181794,P,Hogan,Hogan Harris,Harris,7.555555555555555,9,6400,ATH@SF,ATH,SF,,,,,,P
117021-135245,P,Tommy,Tommy Henry,Henry,11,1,6300,COL@ARI,ARI,COL,,,,,,P
117021-209173,P,Zebby,Zebby Matthews,Matthews,18.22222222222222,9,6300,MIN@MIL,MIN,MIL,,,,,,P
117021-135648,P,Bobby,Bobby Miller,Miller,12,1,6300,LAA@LAD,LAD,LAA,,,,,,P
117021-79254,P,Dakota,Dakota Hudson,Hudson,14.38888888888889,18,6300,LAA@LAD,LAA,LAD,,,,,,P
117021-187967,P,Emmet,Emmet Sheehan,Sheehan,0,2,6300,LAA@LAD,LAD,LAA,IL,Elbow,,,,P
117021-73835,P,Ty,Ty Blach,Blach,9.15,20,6200,HOU@TEX,TEX,HOU,,,,,,P
117021-73880,P,German,German Marquez,Marquez,10.375,9,6200,COL@ARI,COL,ARI,,,,Yes,,P
117021-82636,P,Joey,Joey Lucchesi,Lucchesi,19,2,6200,ATH@SF,SF,ATH,,,,,,P
117021-68517,P,Antonio,Antonio Senzatela,Senzatela,12.666666666666666,9,6200,COL@ARI,COL,ARI,,,,,,P
117021-197871,P,Bradley,Bradley Blalock,Blalock,0.6,5,6200,COL@ARI,COL,ARI,,,,,,P
117021-181660,P,Jhony,Jhony Brito,Brito,6.3076923076923075,26,6200,SEA@SD,SD,SEA,IL,Forearm,,,,P
117021-181823,P,Keaton,Keaton Winn,Winn,17.666666666666668,12,6200,ATH@SF,SF,ATH,IL,Undisclosed,,,,P
117021-181833,P,Darius,Darius Vines,Vines,7.25,4,6200,ATL@BOS,ATL,BOS,IL,Undisclosed,,,,P
117021-204512,P,Yilber,Yilber Diaz,Diaz,3,1,6200,COL@ARI,ARI,COL,,,,,,P
117021-102394,P,Luis,Luis Patino,Patino,0,1,6200,SEA@SD,SD,SEA,O,Elbow,,,,P
117021-198872,P,Hurston,Hurston Waldrep,Waldrep,-4.5,2,6100,ATL@BOS,ATL,BOS,,,,,,P
117021-195785,P,Caleb,Caleb Boushley,Boushley,9,6,6100,HOU@TEX,TEX,HOU,,,,,,P
117021-156976,P,Darren,Darren McCaughan,McCaughan,10.333333333333334,3,6100,MIN@MIL,MIN,MIL,,,,,,P
117021-102333,P,Daniel,Daniel Lynch IV,Lynch IV,5.666666666666667,18,6100,STL@KC,KC,STL,,,,,,P
117021-188485,P,Matt,Matt Waldron,Waldron,25.22222222222222,27,6000,SEA@SD,SD,SEA,IL,Oblique,,,,P
117021-219697,P,Noah,Noah Cameron,Cameron,38,1,6000,STL@KC,KC,STL,,,,,,P
117021-101804,P,Huascar,Huascar Ynoa,Ynoa,0,2,6000,MIN@MIL,MIN,MIL,,,,,,P
117021-163515,P,Elvin,Elvin Rodriguez,Rodriguez,8.833333333333334,6,6000,MIN@MIL,MIL,MIN,,,,,,P
117021-163681,P,Josh,Josh Winckowski,Winckowski,7.833333333333333,6,6000,ATL@BOS,BOS,ATL,IL,Elbow,,,,P
117021-202608,P,Carlos,Carlos Rodriguez,Rodriguez,11.333333333333334,3,6000,MIN@MIL,MIL,MIN,,,,,,P
117021-102342,P,Michael,Michael Grove,Grove,6.325,40,6000,LAA@LAD,LAD,LAA,IL,Shoulder,,,,P
117021-102446,P,Tristan,Tristan Beck,Beck,11.571428571428571,7,5900,ATH@SF,SF,ATH,,,,,,P
117021-178306,P,Bryan,Bryan Hoeing,Hoeing,7.405405405405405,37,5900,SEA@SD,SD,SEA,IL,Shoulder,,,,P
117021-199224,P,Mason,Mason Black,Black,14.444444444444445,9,5900,ATH@SF,SF,ATH,,,,,,P
117021-179456,P,Louis,Louis Varland,Varland,5.782608695652174,24,5900,MIN@MIL,MIN,MIL,,,,,,P
117021-197907,P,Brady,Brady Basso,Basso,14.857142857142858,7,5900,ATH@SF,ATH,SF,IL,Shoulder,,,,P
117021-161167,P,Glenn,Glenn Otto,Otto,0,1,5900,HOU@TEX,HOU,TEX,IL,Shoulder,,,,P
117021-181832,P,Roddery,Roddery Munoz,Munoz,5,4,5900,STL@KC,STL,KC,,,,,,P
117021-181845,P,Drew,Drew Rom,Rom,0,2,5900,STL@KC,STL,KC,IL,Shoulder,,,,P
117021-163675,P,Noah,Noah Davis,Davis,4,3,5900,LAA@LAD,LAD,LAA,,,,,,P
117021-79917,P,Casey,Casey Lawrence,Lawrence,7.6,5,5800,SEA@SD,SEA,SD,,,,,,P
117021-135208,P,Shawn,Shawn Dubin,Dubin,9.666666666666666,3,5700,HOU@TEX,HOU,TEX,,,,,,P
117021-102487,P,Austin,Austin Cox,Cox,,0,5700,ATL@BOS,ATL,BOS,,,,,,P
117021-145610,P,Angel,Angel Zerpa,Zerpa,3.75,16,5700,STL@KC,KC,STL,,,,,,P
117021-119423,P,Zack,Zack Thompson,Thompson,11.4,7,5700,STL@KC,STL,KC,IL,Lat,,,,P
117021-164511,P,Dylan,Dylan Dodd,Dodd,6,1,5700,ATL@BOS,ATL,BOS,,,,,,P
117021-213867,P,Blas,Blas Castano,Castano,,0,5700,SEA@SD,SEA,SD,,,,,,P
117021-79126,P,Forrest,Forrest Whitley,Whitley,12,1,5700,HOU@TEX,HOU,TEX,IL,Knee,,,,P
117021-165600,P,Jake,Jake Eder,Eder,1.3333333333333333,3,5700,LAA@LAD,LAA,LAD,,,,,,P
117021-82539,P,Jalen,Jalen Beeks,Beeks,6.2,20,5600,COL@ARI,ARI,COL,,,,,,P
117021-79873,P,Dylan,Dylan Covey,Covey,0,2,5500,ATL@BOS,ATL,BOS,,,,,,P
117021-102405,P,Sean,Sean Hjelle,Hjelle,6.551724137931035,58,5500,ATH@SF,SF,ATH,,,,,,P
117021-102419,P,Cole,Cole Winn,Winn,10,1,5500,HOU@TEX,TEX,HOU,,,,,,P
117021-114708,P,Randy,Randy Dobnak,Dobnak,16,1,5500,MIN@MIL,MIN,MIL,IL,Undisclosed,,,,P
117021-135191,P,Josh,Josh Fleming,Fleming,4.541666666666667,25,5500,SEA@SD,SEA,SD,,,,,,P
117021-79895,P,Miguel,Miguel Diaz,Diaz,3,1,5500,ATH@SF,SF,ATH,,,,,,P
117021-135192,P,Ryan,Ryan Thompson,Thompson,4.529411764705882,17,5500,COL@ARI,ARI,COL,,,,,,P
117021-102455,P,Cory,Cory Abbott,Abbott,0,1,5500,HOU@TEX,TEX,HOU,,,,,,P
117021-190516,P,Daysbel,Daysbel Hernandez,Hernandez,5.684210526315789,19,5500,ATL@BOS,ATL,BOS,,,,,,P
117021-135226,P,Wes,Wes Benjamin,Benjamin,,0,5500,SEA@SD,SD,SEA,,,,,,P
117021-102456,P,Jhonathan,Jhonathan Diaz,Diaz,7,1,5500,SEA@SD,SEA,SD,,,,,,P
117021-172092,P,Garrett,Garrett Hill,Hill,0,1,5500,SEA@SD,SEA,SD,,,,,,P
117021-102469,P,Ben,Ben Bowden,Bowden,,0,5500,ATH@SF,ATH,SF,,,,,,P
117021-135237,P,Nick,Nick Mears,Mears,4.944444444444445,18,5500,MIN@MIL,MIL,MIN,,,,,,P
117021-102479,P,Lincoln,Lincoln Henzman,Henzman,,0,5500,ATH@SF,ATH,SF,,,,,,P
117021-149587,P,Jay,Jay Flaa,Flaa,,0,5500,ATL@BOS,ATL,BOS,,,,,,P
117021-135249,P,Bryce,Bryce Jarvis,Jarvis,5.166666666666667,6,5500,COL@ARI,ARI,COL,,,,,,P
117021-135253,P,Alex,Alex Vesia,Vesia,6.090909090909091,22,5500,LAA@LAD,LAD,LAA,,,,,,P
117021-135256,P,Connor,Connor Brogdon,Brogdon,1.6666666666666667,3,5500,LAA@LAD,LAA,LAD,,,,,,P
117021-135262,P,Anthony,Anthony Misiewicz,Misiewicz,6,1,5500,MIN@MIL,MIN,MIL,,,,,,P
117021-102500,P,Robert,Robert Dugger,Dugger,,0,5500,HOU@TEX,TEX,HOU,,,,,,P
117021-135279,P,Codi,Codi Heuer,Heuer,,0,5500,HOU@TEX,TEX,HOU,,,,,,P
117021-161907,P,Dylan,Dylan Lee,Lee,5.2,20,5500,ATL@BOS,ATL,BOS,,,,,,P
117021-102517,P,Jhoan,Jhoan Duran,Duran,6.318181818181818,22,5500,MIN@MIL,MIN,MIL,,,,,,P
117021-102523,P,Deivi,Deivi Garcia,Garcia,4.285714285714286,14,5500,MIN@MIL,MIL,MIN,,,,,,P
117021-116868,P,Gabe,Gabe Speier,Speier,5.5,20,5500,SEA@SD,SEA,SD,,,,,,P
117021-135303,P,Jordan,Jordan Weems,Weems,3.575,41,5500,ATL@BOS,ATL,BOS,,,,,,P
117021-114827,P,John,John Schreiber,Schreiber,5.105263157894737,20,5500,STL@KC,KC,STL,,,,,,P
117021-135304,P,Tyler,Tyler Baum,Baum,,0,5500,ATH@SF,ATH,SF,,,,,,P
117021-73866,P,Wandy,Wandy Peralta,Peralta,3.4444444444444446,18,5500,SEA@SD,SD,SEA,,,,,,P
117021-73869,P,Joe,Joe Mantiply,Mantiply,0.2,10,5500,COL@ARI,ARI,COL,,,,,,P
117021-102542,P,Travis,Travis MacGregor,MacGregor,,0,5500,HOU@TEX,TEX,HOU,,,,,,P
117021-135312,P,Kyle,Kyle Nelson,Nelson,3.727272727272727,11,5500,COL@ARI,ARI,COL,,,,,,P
117021-102549,P,Andres,Andres Munoz,Munoz,7.421052631578948,19,5500,SEA@SD,SEA,SD,,,,,,P
117021-102558,P,Gregory,Gregory Santos,Santos,1.875,8,5500,SEA@SD,SEA,SD,IL,Knee,,,,P
117021-184482,P,Hobie,Hobie Harris,Harris,,0,5500,ATL@BOS,BOS,ATL,IL,Shoulder,,,,P
117021-102560,P,Camilo,Camilo Doval,Doval,5.2727272727272725,22,5500,ATH@SF,SF,ATH,,,,,,P
117021-12452,P,Kenley,Kenley Jansen,Jansen,3.6923076923076925,14,5500,LAA@LAD,LAA,LAD,,,,,,P
117021-102570,P,Sandy,Sandy Gaston,Gaston,,0,5500,LAA@LAD,LAA,LAD,,,,,,P
117021-145591,P,Eduard,Eduard Bazardo,Bazardo,5.388888888888889,18,5500,SEA@SD,SEA,SD,,,,,,P
117021-145593,P,Carlos,Carlos Vargas,Vargas,5.647058823529412,17,5500,SEA@SD,SEA,SD,,,,,,P
117021-135358,P,Dylan,Dylan File,File,,0,5500,SEA@SD,SEA,SD,,,,,,P
117021-102593,P,Gerardo,Gerardo Carrillo,Carrillo,,0,5500,HOU@TEX,TEX,HOU,,,,,,P
117021-194770,P,Nick,Nick Hernandez,Hernandez,6.6,5,5500,HOU@TEX,HOU,TEX,,,,,,P
117021-145620,P,Helcris,Helcris Olivarez,Olivarez,,0,5500,ATH@SF,SF,ATH,,,,,,P
117021-145627,P,Lucas,Lucas Gilbreath,Gilbreath,-7.5,3,5500,COL@ARI,COL,ARI,,,,,,P
117021-209116,P,Troy,Troy Taylor,Taylor,0,7,5500,SEA@SD,SEA,SD,,,,,,P
117021-178411,P,Michael,Michael Plassmeyer,Plassmeyer,0,1,5500,HOU@TEX,TEX,HOU,,,,,,P
117021-198915,P,Luis,Luis Morales,Morales,,0,5500,ATH@SF,ATH,SF,,,,,,P
117021-194816,P,Kyle,Kyle Hurt,Hurt,8.666666666666666,5,5500,LAA@LAD,LAD,LAA,IL,Elbow,,,,P
117021-225559,P,Juan,Juan Morillo,Morillo,4.222222222222222,9,5500,COL@ARI,ARI,COL,,,,,,P
117021-65817,P,Scott,Scott McGough,McGough,7.5,2,5500,COL@ARI,ARI,COL,,,,,,P
117021-198938,P,Carson,Carson Whisenhunt,Whisenhunt,,0,5500,ATH@SF,SF,ATH,,,,,,P
117021-198936,P,Tekoah,Tekoah Roby,Roby,,0,5500,STL@KC,STL,KC,,,,,,P
117021-180540,P,Easton,Easton McGee,McGee,,0,5500,MIN@MIL,MIL,MIN,,,,,,P
117021-203075,P,Michael,Michael Petersen,Petersen,9,1,5500,ATL@BOS,ATL,BOS,,,,,,P
117021-203074,P,Spencer,Spencer Bivens,Bivens,6.769230769230769,13,5500,ATH@SF,SF,ATH,,,,,,P
117021-211265,P,Seth,Seth Halvorsen,Halvorsen,4.764705882352941,17,5500,COL@ARI,COL,ARI,,,,,,P
117021-182597,P,Shintaro,Shintaro Fujinami,Fujinami,0,3,5500,SEA@SD,SEA,SD,,,,,,P
117021-135525,P,Adam,Adam Seminaris,Seminaris,,0,5500,SEA@SD,SEA,SD,,,,,,P
117021-153961,P,Tayler,Tayler Saucedo,Saucedo,2,4,5500,SEA@SD,SEA,SD,,,,,,P
117021-57717,P,Buck,Buck Farmer,Farmer,6.049180327868853,61,5500,LAA@LAD,LAA,LAD,,,,,,P
117021-225665,P,Sauryn,Sauryn Lao,Lao,14,1,5500,SEA@SD,SEA,SD,,,,,,P
117021-225671,P,Zach,Zach Agnos,Agnos,4.666666666666667,9,5500,COL@ARI,COL,ARI,,,,,,P
117021-61858,P,Raisel,Raisel Iglesias,Iglesias,5.105263157894737,19,5500,ATL@BOS,ATL,BOS,,,,,,P
117021-219568,P,Rolddy,Rolddy Munoz,Munoz,,0,5500,ATL@BOS,ATL,BOS,,,,,,P
117021-158134,P,Stephen,Stephen Ridings,Ridings,,0,5500,LAA@LAD,LAD,LAA,,,,,,P
117021-225748,P,Craig,Craig Yoho,Yoho,2.2,5,5500,MIN@MIL,MIL,MIN,,,,,,P
117021-80346,P,Giovanny,Giovanny Gallegos,Gallegos,4.842105263157895,21,5500,LAA@LAD,LAD,LAA,IL,Undisclosed,,,,P
117021-145916,P,Zach,Zach Pop,Pop,2.912280701754386,58,5500,SEA@SD,SEA,SD,DTD,Elbow,,,,P
117021-119299,P,Drey,Drey Jameson,Jameson,2,3,5500,COL@ARI,ARI,COL,,,,,,P
117021-219658,P,Jack,Jack Dashwood,Dashwood,,0,5500,LAA@LAD,LAA,LAD,,,,,,P
117021-119310,P,Noah,Noah Song,Song,,0,5500,ATL@BOS,BOS,ATL,O,Elbow,,,,P
117021-219665,P,Matt,Matt Svanson,Svanson,7,5,5500,STL@KC,STL,KC,,,,,,P
117021-119319,P,Ryan,Ryan Jensen,Jensen,,0,5500,MIN@MIL,MIN,MIL,,,,,,P
117021-170527,P,Jason,Jason Alexander,Alexander,-0.75,4,5500,ATH@SF,ATH,SF,,,,,,P
117021-119328,P,Packy,Packy Naughton,Naughton,0,2,5500,STL@KC,STL,KC,IL,Elbow,,,,P
117021-119336,P,Karl,Karl Kauffmann,Kauffmann,0,1,5500,COL@ARI,COL,ARI,,,,,,P
117021-119339,P,Tyler,Tyler Ivey,Ivey,,0,5500,HOU@TEX,HOU,TEX,,,,,,P
117021-219695,P,Luinder,Luinder Avila,Avila,,0,5500,STL@KC,KC,STL,,,,,,P
117021-219694,P,Winston,Winston Santos,Santos,,0,5500,HOU@TEX,TEX,HOU,IL,Back,,,,P
117021-219693,P,Emiliano,Emiliano Teodo,Teodo,,0,5500,HOU@TEX,TEX,HOU,,,,,,P
117021-119347,P,Jonathan,Jonathan Bowlan,Bowlan,9,1,5500,STL@KC,KC,STL,,,,,,P
117021-219696,P,Eric,Eric Cerantola,Cerantola,,0,5500,STL@KC,KC,STL,,,,,,P
117021-219703,P,Travis,Travis Adams,Adams,,0,5500,MIN@MIL,MIN,MIL,,,,,,P
117021-219702,P,Marco,Marco Raya,Raya,,0,5500,MIN@MIL,MIN,MIL,,,,,,P
117021-219706,P,Carson,Carson Seymour,Seymour,,0,5500,ATH@SF,SF,ATH,,,,,,P
117021-119359,P,Ethan,Ethan Small,Small,0,2,5500,ATH@SF,SF,ATH,IL,Undisclosed,,,,P
117021-119358,P,Antoine,Antoine Kelly,Kelly,0,1,5500,COL@ARI,COL,ARI,,,,,,P
117021-219708,P,Carson,Carson Ragsdale,Ragsdale,,0,5500,ATH@SF,SF,ATH,,,,,,P
117021-119367,P,Matt,Matt Canterino,Canterino,0,1,5500,MIN@MIL,MIN,MIL,IL,Shoulder,,,,P
117021-219723,P,Omar,Omar Cruz,Cruz,10,2,5500,SEA@SD,SD,SEA,,,,,,P
117021-139851,P,Justin,Justin Topa,Topa,5.071428571428571,14,5500,MIN@MIL,MIN,MIL,,,,,,P
117021-219722,P,Jack,Jack Dreyer,Dreyer,8.444444444444445,18,5500,LAA@LAD,LAD,LAA,,,,,,P
117021-219726,P,Joe,Joe Elbis,Elbis,,0,5500,COL@ARI,ARI,COL,IL,Undisclosed,,,,P
117021-219725,P,Henry,Henry Baez,Baez,,0,5500,SEA@SD,SD,SEA,,,,,,P
117021-219724,P,Ryan,Ryan Bergert,Bergert,6,4,5500,SEA@SD,SD,SEA,,,,,,P
117021-225880,P,Nathan,Nathan Wiles,Wiles,-3,1,5500,ATL@BOS,ATL,BOS,,,,,,P
117021-80476,P,Jackson,Jackson Stephens,Stephens,4.333333333333333,3,5500,ATL@BOS,ATL,BOS,,,,,,P
117021-119392,P,Josh,Josh Wolf,Wolf,,0,5500,ATH@SF,SF,ATH,,,,,,P
117021-82535,P,Kyle,Kyle Wright,Wright,0,1,5500,STL@KC,KC,STL,IL,Shoulder,,,,P
117021-21096,P,Erasmo,Erasmo Ramirez,Ramirez,7.3076923076923075,13,5500,MIN@MIL,MIN,MIL,IL,Shoulder,,,,P
117021-119403,P,Erik,Erik Miller,Miller,4.9375,17,5500,ATH@SF,SF,ATH,,,,,,P
117021-82541,P,Bryan,Bryan Mata,Mata,0,2,5500,ATL@BOS,BOS,ATL,,,,,,P
117021-162419,P,Matt,Matt Brash,Brash,6.5,4,5500,SEA@SD,SEA,SD,,,,,,P
117021-82547,P,Thomas,Thomas Hatch,Hatch,,0,5500,STL@KC,KC,STL,,,,,,P
117021-156272,P,Reiss,Reiss Knehr,Knehr,0,1,5500,SEA@SD,SD,SEA,,,,,,P
117021-180848,P,Angel,Angel Felipe,Felipe,0,2,5500,LAA@LAD,LAA,LAD,IL,Elbow,,,,P
117021-119413,P,Isaiah,Isaiah Campbell,Campbell,0.25,8,5500,ATL@BOS,BOS,ATL,,,,,,P
117021-135798,P,Garrett,Garrett Stallings,Stallings,,0,5500,MIN@MIL,MIL,MIN,,,,,,P
117021-70271,P,Carlos,Carlos Estevez,Estevez,5.473684210526316,19,5500,STL@KC,KC,STL,,,,,,P
117021-119435,P,Riley,Riley O'Brien,O'Brien,1.6666666666666667,3,5500,STL@KC,STL,KC,,,,,,P
117021-12939,P,Casey,Casey Kelly,Kelly,9.5,2,5500,COL@ARI,ARI,COL,,,,,,P
117021-12943,P,Shelby,Shelby Miller,Miller,7.111111111111111,18,5500,COL@ARI,ARI,COL,,,,,,P
117021-203415,P,Bryan,Bryan King,King,5.619047619047619,21,5500,HOU@TEX,HOU,TEX,,,,,,P
117021-170647,P,Jared,Jared Koenig,Koenig,4.761904761904762,21,5500,MIN@MIL,MIL,MIN,,,,,,P
117021-164500,P,Ryan,Ryan Cusick,Cusick,,0,5500,ATH@SF,ATH,SF,,,,,,P
117021-82584,P,JB,JB Bukauskas,Bukauskas,5.5,6,5500,MIN@MIL,MIL,MIN,IL,Lat,,,,P
117021-82587,P,Richard,Richard Lovelady,Lovelady,1,2,5500,MIN@MIL,MIN,MIL,,,,,,P
117021-119451,P,Matt,Matt Cronin,Cronin,,0,5500,SEA@SD,SEA,SD,,,,,,P
117021-164510,P,Victor,Victor Vodnik,Vodnik,4,9,5500,COL@ARI,COL,ARI,IL,Shoulder,,,,P
117021-203420,P,Austin,Austin Kitchen,Kitchen,0,4,5500,SEA@SD,SEA,SD,,,,,,P
117021-164517,P,Chris,Chris Murphy,Murphy,0,2,5500,ATL@BOS,BOS,ATL,IL,Elbow,,,,P
117021-17065,P,Blake,Blake Treinen,Treinen,5.625,8,5500,LAA@LAD,LAD,LAA,IL,Forearm,,,,P
117021-84651,P,Austin,Austin Davis,Davis,2.5714285714285716,7,5500,SEA@SD,SD,SEA,,,,,,P
117021-164521,P,Brandon,Brandon Walter,Walter,0,2,5500,HOU@TEX,HOU,TEX,,,,,,P
117021-80571,P,Phil,Phil Maton,Maton,5.052631578947368,19,5500,STL@KC,STL,KC,,,,,,P
117021-82627,P,JoJo,JoJo Romero,Romero,3,17,5500,STL@KC,STL,KC,,,,,,P
117021-82628,P,Adonis,Adonis Medina,Medina,,0,5500,SEA@SD,SEA,SD,,,,,,P
117021-82639,P,Ryan,Ryan Helsley,Helsley,5.6,15,5500,STL@KC,STL,KC,,,,,,P
117021-187110,P,Ben,Ben Joyce,Joyce,2.6,5,5500,LAA@LAD,LAA,LAD,IL,Shoulder,,,,P
117021-53990,P,Shawn,Shawn Armstrong,Armstrong,5.411764705882353,18,5500,HOU@TEX,TEX,HOU,,,,,,P
117021-187121,P,Grant,Grant Anderson,Anderson,6.157894736842105,19,5500,MIN@MIL,MIL,MIN,,,,,,P
117021-201456,P,Chris,Chris Roycroft,Roycroft,3.5,10,5500,STL@KC,STL,KC,,,,,,P
117021-84731,P,Evan,Evan Phillips,Phillips,5,7,5500,LAA@LAD,LAD,LAA,IL,Elbow,,,,P
117021-84732,P,Robert,Robert Stock,Stock,3,1,5500,ATL@BOS,BOS,ATL,,,,,,P
117021-154368,P,Vinny,Vinny Nittoli,Nittoli,6,9,5500,MIN@MIL,MIL,MIN,,,,,,P
117021-211737,P,Luis,Luis Guerrero,Guerrero,7,3,5500,ATL@BOS,BOS,ATL,,,,,,P
117021-201506,P,Tyler,Tyler Ferguson,Ferguson,4.25,20,5500,ATH@SF,ATH,SF,,,,,,P
117021-199461,P,Luis,Luis Contreras,Contreras,4.285714285714286,7,5500,HOU@TEX,HOU,TEX,,,,,,P
117021-135976,P,Bennett,Bennett Sousa,Sousa,7.7,10,5500,HOU@TEX,HOU,TEX,,,,,,P
117021-199465,P,Juan,Juan Sanchez,Sanchez,,0,5500,ATH@SF,SF,ATH,,,,,,P
117021-193326,P,Jacob,Jacob Lopez,Lopez,9.75,4,5500,ATH@SF,ATH,SF,,,,,,P
117021-178997,P,Greg,Greg Weissert,Weissert,5,20,5500,ATL@BOS,BOS,ATL,,,,,,P
117021-213816,P,Evan,Evan Sisk,Sisk,11,2,5500,STL@KC,KC,STL,,,,,,P
117021-13118,P,Justin,Justin Wilson,Wilson,4.388888888888889,18,5500,ATL@BOS,BOS,ATL,,,,,,P
117021-70482,P,J.B.,J.B. Wendelken,Wendelken,,0,5500,SEA@SD,SD,SEA,,,,,,P
117021-213851,P,Domingo,Domingo Gonzalez,Gonzalez,,0,5500,ATL@BOS,ATL,BOS,,,,,,P
117021-183133,P,Curtis,Curtis Taylor,Taylor,,0,5500,STL@KC,STL,KC,,,,,,P
117021-11108,P,Aroldis,Aroldis Chapman,Chapman,6.333333333333333,18,5500,ATL@BOS,BOS,ATL,,,,,,P
117021-189299,P,Victor,Victor Mederos,Mederos,9,1,5500,LAA@LAD,LAA,LAD,,,,,,P
117021-68466,P,Steven,Steven Okert,Okert,7.9411764705882355,17,5500,HOU@TEX,HOU,TEX,,,,,,P
117021-15225,P,Liam,Liam Hendriks,Hendriks,4.7,10,5500,ATL@BOS,BOS,ATL,,,,,,P
117021-203642,P,Raymond,Raymond Burgos,Burgos,3,1,5500,ATH@SF,SF,ATH,,,,,,P
117021-68474,P,Josh,Josh Hader,Hader,7.764705882352941,17,5500,HOU@TEX,HOU,TEX,,,,,,P
117021-170895,P,Jake,Jake Bird,Bird,9.411764705882353,17,5500,COL@ARI,COL,ARI,,,,,,P
117021-82836,P,Julian,Julian Fernandez,Fernandez,,0,5500,LAA@LAD,LAD,LAA,,,,,,P
117021-68506,P,Rob,Rob Kaminsky,Kaminsky,,0,5500,STL@KC,STL,KC,IL,Undisclosed,,,,P
117021-80801,P,Hoby,Hoby Milner,Milner,5.473684210526316,19,5500,HOU@TEX,TEX,HOU,,,,,,P
117021-179118,P,Zack,Zack Kelly,Kelly,6.5,7,5500,ATL@BOS,BOS,ATL,,,,,,P
117021-68527,P,Jose,Jose De Leon,De Leon,,0,5500,ATL@BOS,BOS,ATL,,,,,,P
117021-52143,P,Hunter,Hunter Harvey,Harvey,6.166666666666667,6,5500,STL@KC,KC,STL,IL,Shoulder,,,,P
117021-52148,P,Pierce,Pierce Johnson,Johnson,5.444444444444445,18,5500,ATL@BOS,ATL,BOS,,,,,,P
117021-52152,P,Robert,Robert Stephenson,Stephenson,0,2,5500,LAA@LAD,LAA,LAD,IL,Elbow,,,,P
117021-175032,P,Brennan,Brennan Bernardino,Bernardino,5.882352941176471,18,5500,ATL@BOS,BOS,ATL,,,,,,P
117021-179129,P,Jeremiah,Jeremiah Estrada,Estrada,6.380952380952381,21,5500,SEA@SD,SD,SEA,,,,,,P
117021-68551,P,Tyler,Tyler Beede,Beede,4.846153846153846,13,5500,MIN@MIL,MIN,MIL,,,,,,P
117021-52192,P,Luke,Luke Jackson,Jackson,3.4,17,5500,HOU@TEX,TEX,HOU,DTD,Hand,,,,P
117021-70624,P,Chris,Chris Stratton,Stratton,4.5,12,5500,STL@KC,KC,STL,,,,,,P
117021-187367,P,Nick,Nick Robertson,Robertson,7.111111111111111,9,5500,HOU@TEX,HOU,TEX,,,,,,P
117021-82921,P,Zack,Zack Weiss,Weiss,0,1,5500,STL@KC,STL,KC,,,,,,P
117021-213995,P,Luis,Luis Curvelo,Curvelo,,0,5500,HOU@TEX,TEX,HOU,,,,,,P
117021-68584,P,Tyler,Tyler Jay,Jay,5.8,5,5500,MIN@MIL,MIL,MIN,,,,,,P
117021-82922,P,Tyler,Tyler Kinley,Kinley,3.3333333333333335,18,5500,COL@ARI,COL,ARI,,,,,,P
117021-226310,P,Jose,Jose Fermin,Fermin,4.888888888888889,9,5500,LAA@LAD,LAA,LAD,,,,,,P
117021-171020,P,Michael,Michael Kelly,Kelly,5.392857142857143,28,5500,ATH@SF,ATH,SF,NA,Suspension,,,,P
117021-189470,P,Kyle,Kyle Leahy,Leahy,7.052631578947368,19,5500,STL@KC,STL,KC,,,,,,P
117021-82998,P,Lou,Lou Trivino,Trivino,4.7272727272727275,11,5500,LAA@LAD,LAD,LAA,,,,,,P
117021-212025,P,Zach,Zach Penrod,Penrod,3,7,5500,ATL@BOS,BOS,ATL,IL,Elbow,,,,P
117021-58434,P,Kendall,Kendall Graveman,Graveman,3,2,5500,COL@ARI,ARI,COL,,,,,,P
117021-169030,P,Zach,Zach Jackson,Jackson,,0,5500,ATH@SF,ATH,SF,,,,,,P
117021-11333,P,Craig,Craig Kimbrel,Kimbrel,5.803571428571429,57,5500,ATL@BOS,ATL,BOS,,,,,,P
117021-203863,P,Gordon,Gordon Graceffo,Graceffo,9.333333333333334,6,5500,STL@KC,STL,KC,,,,,,P
117021-189528,P,Robert,Robert Garcia,Garcia,4.681818181818182,22,5500,HOU@TEX,TEX,HOU,,,,,,P
117021-189529,P,Alek,Alek Jacob,Jacob,4.944444444444445,18,5500,SEA@SD,SD,SEA,,,,,,P
117021-195681,P,Jose,Jose Espada,Espada,,0,5500,SEA@SD,SD,SEA,,,,,,P
117021-226411,P,David,David Morgan,Morgan,,0,5500,SEA@SD,SD,SEA,,,,,,P
117021-85108,P,Enyel,Enyel De Los Santos,De Los Santos,5.722222222222222,18,5500,ATL@BOS,ATL,BOS,,,,,,P
117021-201853,P,Ryan,Ryan Loutos,Loutos,0,1,5500,LAA@LAD,LAD,LAA,,,,,,P
117021-54403,P,Trevor,Trevor Gott,Gott,0,1,5500,SEA@SD,SEA,SD,,,,,,P
117021-187521,P,Joe,Joe Jacques,Jacques,3,2,5500,LAA@LAD,LAD,LAA,,,,,,P
117021-38036,P,T.J.,T.J. McFarland,McFarland,1.3888888888888888,18,5500,ATH@SF,ATH,SF,IL,Groin,,,,P
117021-21653,P,Hector,Hector Neris,Neris,3.8333333333333335,7,5500,LAA@LAD,LAA,LAD,,,,,,P
117021-81044,P,Austin,Austin Adams,Adams,4.2727272727272725,56,5500,ATL@BOS,BOS,ATL,,,,,,P
117021-38043,P,Enny,Enny Romero,Romero,,0,5500,ATH@SF,SF,ATH,O,Personal,,,,P
117021-152734,P,Zach,Zach Thompson,Thompson,10,2,5500,ATL@BOS,ATL,BOS,,,,,,P
117021-152733,P,Griffin,Griffin Jax,Jax,5.818181818181818,22,5500,MIN@MIL,MIN,MIL,,,,,,P
117021-195748,P,Kelvin,Kelvin Caceres,Caceres,0,2,5500,LAA@LAD,LAA,LAD,,,,,,P
117021-154794,P,Joe,Joe Barlow,Barlow,,0,5500,HOU@TEX,TEX,HOU,,,,,,P
117021-140459,P,John,John King,King,2.7333333333333334,15,5500,STL@KC,STL,KC,,,,,,P
117021-160939,P,Jacob,Jacob Latz,Latz,7.166666666666667,7,5500,HOU@TEX,TEX,HOU,,,,,,P
117021-83116,P,Wander,Wander Suero,Suero,0,1,5500,ATL@BOS,ATL,BOS,,,,,,P
117021-160965,P,Elvis,Elvis Peguero,Peguero,4.166666666666667,6,5500,MIN@MIL,MIL,MIN,,,,,,P
117021-21707,P,Michael,Michael Mariot,Mariot,,0,5500,SEA@SD,SEA,SD,,,,,,P
117021-83149,P,Jesus,Jesus Liranzo,Liranzo,,0,5500,MIN@MIL,MIL,MIN,,,,,,P
117021-206028,P,River,River Ryan,Ryan,28,4,5500,LAA@LAD,LAD,LAA,IL,Elbow,,,,P
117021-83154,P,Miguel,Miguel Del Pozo,Del Pozo,,0,5500,ATH@SF,SF,ATH,,,,,,P
117021-83159,P,Diego,Diego Castillo,Castillo,5.571428571428571,7,5500,COL@ARI,COL,ARI,,,,,,P
117021-38106,P,Kirby,Kirby Yates,Yates,7.4,21,5500,LAA@LAD,LAD,LAA,,,,,,P
117021-79066,P,Anthony,Anthony Banda,Banda,4.75,20,5500,LAA@LAD,LAD,LAA,,,,,,P
117021-79071,P,Taylor,Taylor Clarke,Clarke,6.2,5,5500,STL@KC,KC,STL,IL,Personal,,,,P
117021-60640,P,Nick,Nick Burdi,Burdi,1,1,5500,ATL@BOS,BOS,ATL,,,,,,P
117021-83170,P,Thomas,Thomas Pannone,Pannone,,0,5500,MIN@MIL,MIL,MIN,IL,Forearm,,,,P
117021-79084,P,Tanner,Tanner Scott,Scott,5.2,20,5500,LAA@LAD,LAD,LAA,,,,,,P
117021-197879,P,Juan,Juan Mejia,Mejia,6.833333333333333,6,5500,COL@ARI,COL,ARI,,,,,,P
117021-146679,P,Chris,Chris McMahon,McMahon,,0,5500,COL@ARI,COL,ARI,IL,Undisclosed,,,,P
117021-79095,P,Jay,Jay Groome,Groome,0,1,5500,SEA@SD,SD,SEA,NA,Suspension,,,,P
117021-197877,P,Cristian,Cristian Mena,Mena,26,1,5500,COL@ARI,ARI,COL,,,,,,P
117021-79097,P,Bryan,Bryan Hudson,Hudson,4.583333333333333,12,5500,MIN@MIL,MIL,MIN,,,,,,P
117021-197880,P,Angel,Angel Chivilli,Chivilli,5.9411764705882355,17,5500,COL@ARI,COL,ARI,,,,,,P
117021-146691,P,Asa,Asa Lacy,Lacy,,0,5500,STL@KC,KC,STL,IL,Elbow,,,,P
117021-197890,P,Marc,Marc Church,Church,4.6,5,5500,HOU@TEX,TEX,HOU,IL,Oblique,,,,P
117021-146688,P,Alex,Alex Santos II,Santos II,,0,5500,HOU@TEX,HOU,TEX,,,,,,P
117021-85255,P,Shaun,Shaun Anderson,Anderson,14.5,2,5500,LAA@LAD,LAA,LAD,,,,,,P
117021-197893,P,Jose,Jose Corniell,Corniell,0,1,5500,HOU@TEX,TEX,HOU,IL,Elbow,,,,P
117021-197899,P,Kai-Wei,Kai-Wei Teng,Teng,4.5,5,5500,ATH@SF,SF,ATH,,,,,,P
117021-197897,P,Trevor,Trevor McDonald,McDonald,12,1,5500,ATH@SF,SF,ATH,,,,,,P
117021-197896,P,Will,Will Klein,Klein,2.75,8,5500,SEA@SD,SEA,SD,,,,,,P
117021-146702,P,Cole,Cole Sands,Sands,4.842105263157895,19,5500,MIN@MIL,MIN,MIL,,,,,,P
117021-85263,P,CD,CD Pelham,Pelham,,0,5500,ATH@SF,ATH,SF,,,,,,P
117021-197900,P,Luis,Luis Perales,Perales,0,2,5500,ATL@BOS,BOS,ATL,IL,Elbow,,,,P
117021-197906,P,Royber,Royber Salinas,Salinas,0,1,5500,ATL@BOS,ATL,BOS,IL,Shoulder,,,,P
117021-70933,P,Brock,Brock Stewart,Stewart,6.4,10,5500,MIN@MIL,MIN,MIL,,,,,,P
117021-79124,P,Joe,Joe Jimenez,Jimenez,5.855072463768116,70,5500,ATL@BOS,ATL,BOS,IL,Knee,,,,P
117021-197916,P,Anthony,Anthony Maldonado,Maldonado,3,1,5500,ATH@SF,ATH,SF,,,,,,P
117021-179490,P,Cole,Cole Waites,Waites,,0,5500,ATH@SF,SF,ATH,IL,Undisclosed,,,,P
117021-83232,P,Jason,Jason Adam,Adam,7.761904761904762,21,5500,SEA@SD,SD,SEA,,,,,,P
117021-146721,P,Jeff,Jeff Criswell,Criswell,9.846153846153847,13,5500,COL@ARI,COL,ARI,IL,Elbow,,,,P
117021-85289,P,Nick,Nick Anderson,Anderson,4.4324324324324325,37,5500,STL@KC,STL,KC,,,,,,P
117021-79144,P,Scott,Scott Blewett,Blewett,10.9,10,5500,ATL@BOS,ATL,BOS,,,,,,P
117021-85288,P,Brusdar,Brusdar Graterol,Graterol,4.4,10,5500,LAA@LAD,LAD,LAA,IL,Shoulder,,,,P
117021-146734,P,Tink,Tink Hence,Hence,,0,5500,STL@KC,STL,KC,IL,Ribs,,,,P
117021-38189,P,Michael,Michael Tonkin,Tonkin,7.517857142857143,57,5500,MIN@MIL,MIN,MIL,IL,Biceps,,,,P
117021-146732,P,Nick,Nick Swiney,Swiney,,0,5500,HOU@TEX,HOU,TEX,,,,,,P
117021-193844,P,Evan,Evan Justice,Justice,4,1,5500,COL@ARI,COL,ARI,,,,,,P
117021-152888,P,Sam,Sam Long,Long,1.2857142857142858,7,5500,STL@KC,KC,STL,IL,Elbow,,,,P
117021-154947,P,Justin,Justin Garza,Garza,,0,5500,ATH@SF,SF,ATH,,,,,,P
117021-226643,P,AJ,AJ Blubaugh,Blubaugh,24,1,5500,HOU@TEX,HOU,TEX,,,,,,P
117021-197975,P,Cooper,Cooper Hjerpe,Hjerpe,,0,5500,STL@KC,STL,KC,IL,Elbow,,,,P
117021-204119,P,Jacob,Jacob Bosiokovic,Bosiokovic,,0,5500,MIN@MIL,MIN,MIL,,,,,,P
117021-118106,P,Victor,Victor Gonzalez,Gonzalez,3.1481481481481484,27,5500,LAA@LAD,LAA,LAD,IL,Undisclosed,,,,P
117021-38240,P,Rafael,Rafael Montero,Montero,4.75,16,5500,ATL@BOS,ATL,BOS,,,,,,P
117021-79209,P,A.J.,A.J. Puk,Puk,6.375,8,5500,COL@ARI,ARI,COL,IL,Elbow,,,,P
117021-38251,P,Hunter,Hunter Strickland,Strickland,4.619718309859155,72,5500,LAA@LAD,LAA,LAD,,,,,,P
117021-118122,P,Angel,Angel Perdomo,Perdomo,2.5,4,5500,ATH@SF,ATH,SF,,,,,,P
117021-193897,P,Kody,Kody Funderburk,Funderburk,10.333333333333334,3,5500,MIN@MIL,MIN,MIL,,,,,,P
117021-79227,P,Adrian,Adrian Morejon,Morejon,4.35,20,5500,SEA@SD,SD,SEA,,,,,,P
117021-181651,P,Matt,Matt Krook,Krook,11,1,5500,ATH@SF,ATH,SF,,,,,,P
117021-79250,P,Junior,Junior Fernandez,Fernandez,,0,5500,STL@KC,KC,STL,,,,,,P
117021-202139,P,Jack,Jack O'Loughlin,O'Loughlin,8,4,5500,COL@ARI,COL,ARI,,,,,,P
117021-193949,P,Steven,Steven Cruz,Cruz,4.5,14,5500,STL@KC,KC,STL,,,,,,P
117021-79265,P,Alex,Alex Speas,Speas,9,2,5500,MIN@MIL,MIN,MIL,,,,,,P
117021-181664,P,Sean,Sean Reynolds,Reynolds,6.333333333333333,3,5500,SEA@SD,SD,SEA,,,,,,P
117021-101801,P,Joel,Joel Payamps,Payamps,2.5,20,5500,MIN@MIL,MIL,MIN,,,,,,P
117021-118184,P,Enoli,Enoli Paredes,Paredes,5.944444444444445,18,5500,ATL@BOS,ATL,BOS,,,,,,P
117021-101803,P,Jacob,Jacob Webb,Webb,4.722222222222222,18,5500,HOU@TEX,TEX,HOU,,,,,,P
117021-118196,P,Ryan,Ryan Hendrix,Hendrix,,0,5500,STL@KC,KC,STL,,,,,,P
117021-101815,P,Jimmy,Jimmy Herget,Herget,4.375,16,5500,COL@ARI,COL,ARI,,,,,,P
117021-101816,P,Bryan,Bryan Abreu,Abreu,6.6,20,5500,HOU@TEX,HOU,TEX,,,,,,P
117021-101819,P,Jose,Jose Suarez,Suarez,12.333333333333334,3,5500,ATL@BOS,ATL,BOS,,,,,,P
117021-202175,P,Gerson,Gerson Garabito,Garabito,8,3,5500,HOU@TEX,TEX,HOU,,,,,,P
117021-40382,P,Luis,Luis Garcia,Garcia,4.761904761904762,21,5500,LAA@LAD,LAD,LAA,,,,,,P
117021-101822,P,Josh,Josh Sborz,Sborz,5.6875,17,5500,HOU@TEX,TEX,HOU,IL,Shoulder,,,,P
117021-101825,P,Jose,Jose Quijada,Quijada,5.5,22,5500,LAA@LAD,LAA,LAD,,,,,,P
117021-101826,P,Jordan,Jordan Holloway,Holloway,,0,5500,LAA@LAD,LAA,LAD,,,,,,P
117021-101829,P,Trey,Trey Supak,Supak,,0,5500,HOU@TEX,TEX,HOU,,,,,,P
117021-118221,P,J.P.,J.P. Feyereisen,Feyereisen,3,4,5500,LAA@LAD,LAD,LAA,,,,,,P
117021-200143,P,Josh,Josh Maciejewski,Maciejewski,9,4,5500,MIN@MIL,MIL,MIN,,,,,,P
117021-101851,P,Brock,Brock Burke,Burke,4.388888888888889,18,5500,LAA@LAD,LAA,LAD,,,,,,P
117021-101855,P,Trent,Trent Thornton,Thornton,3.4375,16,5500,SEA@SD,SEA,SD,IL,Illness,,,,P
117021-101856,P,Patrick,Patrick Murphy,Murphy,,0,5500,HOU@TEX,TEX,HOU,IL,Undisclosed,,,,P
117021-52733,P,Scott,Scott Alexander,Alexander,2.411764705882353,17,5500,COL@ARI,COL,ARI,,,,,,P
117021-95757,P,Andrew,Andrew Vasquez,Vasquez,,0,5500,LAA@LAD,LAA,LAD,,,,,,P
117021-138767,P,Jesus,Jesus Cruz,Cruz,,0,5500,LAA@LAD,LAA,LAD,,,,,,P
117021-101905,P,Sam,Sam McWilliams,McWilliams,,0,5500,MIN@MIL,MIL,MIN,,,,,,P
117021-210448,P,Luis,Luis Peralta,Peralta,2.7777777777777777,9,5500,COL@ARI,COL,ARI,,,,,,P
117021-71190,P,Jose,Jose Leclerc,Leclerc,3.3,10,5500,ATH@SF,ATH,SF,IL,Lat,,,,P
117021-181791,P,Connor,Connor Thomas,Thomas,-2.5,2,5500,MIN@MIL,MIL,MIN,IL,Elbow,,,,P
117021-79390,P,Michael,Michael Kopech,Kopech,6.302631578947368,77,5500,LAA@LAD,LAD,LAA,IL,Shoulder,,,,P
117021-95774,P,Jeff,Jeff Brigham,Brigham,,0,5500,COL@ARI,ARI,COL,,,,,,P
117021-58913,P,Danny,Danny Coulombe,Coulombe,5.947368421052632,19,5500,MIN@MIL,MIN,MIL,,,,,,P
117021-210475,P,Ryan,Ryan Zeferjahn,Zeferjahn,5.882352941176471,17,5500,LAA@LAD,LAA,LAD,,,,,,P
117021-5673,P,Jesse,Jesse Chavez,Chavez,6,2,5500,ATL@BOS,ATL,BOS,,,,,,P
117021-71218,P,Dylan,Dylan Floro,Floro,4.671875,66,5500,ATH@SF,ATH,SF,,,,,,P
117021-181816,P,Casey,Casey Legumina,Legumina,6.428571428571429,14,5500,SEA@SD,SEA,SD,,,,,,P
117021-226881,P,Carson,Carson Palmquist,Palmquist,-3,1,5500,COL@ARI,COL,ARI,,,,,,P
117021-185926,P,Ryan,Ryan Walker,Walker,3.8823529411764706,17,5500,ATH@SF,SF,ATH,,,,,,P
117021-222790,P,Jose,Jose Rodriguez,Rodriguez,,0,5500,LAA@LAD,LAD,LAA,,,,,,P
117021-181828,P,Kolton,Kolton Ingram,Ingram,,0,5500,ATL@BOS,ATL,BOS,,,,,,P
117021-222789,P,Jackson,Jackson Ferris,Ferris,,0,5500,LAA@LAD,LAD,LAA,,,,,,P
117021-181838,P,Abner,Abner Uribe,Uribe,6.095238095238095,21,5500,MIN@MIL,MIL,MIN,,,,,,P
117021-181836,P,Justin,Justin Martinez,Martinez,5.454545454545454,12,5500,COL@ARI,ARI,COL,IL,Shoulder,,,,P
117021-222807,P,Alejandro,Alejandro Rosario,Rosario,,0,5500,HOU@TEX,TEX,HOU,IL,Elbow,,,,P
117021-81507,P,Aaron,Aaron Bummer,Bummer,6.333333333333333,15,5500,ATL@BOS,ATL,BOS,,,,,,P
117021-222828,P,Jacob,Jacob Webb,Webb,,0,5500,ATL@BOS,BOS,ATL,,,,,,P
117021-222834,P,Quinn,Quinn Mathews,Mathews,,0,5500,STL@KC,STL,KC,IL,Shoulder,,,,P
117021-222843,P,Jurrangelo,Jurrangelo Cijntje,Cijntje,,0,5500,SEA@SD,SEA,SD,,,,,,P
117021-118397,P,Trevor,Trevor Megill,Megill,4.666666666666667,16,5500,MIN@MIL,MIL,MIN,,,,,,P
117021-210559,P,Brady,Brady Feigl,Feigl,-13,1,5500,MIN@MIL,MIN,MIL,,,,,,P
117021-165509,P,Bryce,Bryce Bonnin,Bonnin,,0,5500,HOU@TEX,TEX,HOU,,,,,,P
117021-222859,P,Cam,Cam Caminiti,Caminiti,,0,5500,ATL@BOS,ATL,BOS,,,,,,P
117021-110216,P,Stephen,Stephen Nogosek,Nogosek,,0,5500,STL@KC,KC,STL,,,,,,P
117021-110219,P,Sean,Sean Poppen,Poppen,,0,5500,LAA@LAD,LAA,LAD,,,,,,P
117021-220822,P,Elvis,Elvis Alvarado,Alvarado,5.5,2,5500,ATH@SF,ATH,SF,,,,,,P
117021-165531,P,Sam,Sam Weatherly,Weatherly,,0,5500,COL@ARI,COL,ARI,,,,,,P
117021-165529,P,Jaden,Jaden Hill,Hill,6.666666666666667,3,5500,COL@ARI,COL,ARI,,,,,,P
117021-165534,P,Norge,Norge Vera,Vera,,0,5500,ATH@SF,ATH,SF,,,,,,P
117021-202402,P,Justin,Justin Sterner,Sterner,6.35,20,5500,ATH@SF,ATH,SF,,,,,,P
117021-222881,P,Ryan,Ryan Johnson,Johnson,4.769230769230769,14,5500,LAA@LAD,LAA,LAD,,,,,,P
117021-220838,P,Garrett,Garrett McDaniels,McDaniels,2.9,10,5500,LAA@LAD,LAA,LAD,IL,Biceps,,,,P
117021-114356,P,Kevin,Kevin Ginkel,Ginkel,2.875,8,5500,COL@ARI,ARI,COL,,,,,,P
117021-14006,P,Brian,Brian Moran,Moran,,0,5500,ATL@BOS,ATL,BOS,,,,,,P
117021-165566,P,Ben,Ben Kudrna,Kudrna,,0,5500,STL@KC,KC,STL,,,,,,P
117021-165564,P,Frank,Frank Mozzicato,Mozzicato,,0,5500,STL@KC,KC,STL,,,,,,P
117021-165570,P,Ben,Ben Hernandez,Hernandez,,0,5500,SEA@SD,SEA,SD,,,,,,P
117021-38596,P,Chris,Chris Martin,Martin,5.947368421052632,20,5500,HOU@TEX,TEX,HOU,DTD,Elbow,,,,P
117021-165572,P,Noah,Noah Murdock,Murdock,3.4615384615384617,14,5500,STL@KC,KC,STL,,,,,,P
117021-165577,P,Sam,Sam Bachman,Bachman,0,2,5500,LAA@LAD,LAA,LAD,IL,Shoulder,,,,P
117021-81614,P,Thyago,Thyago Vieira,Vieira,6.111111111111111,28,5500,COL@ARI,ARI,COL,O,Elbow,,,,P
117021-165586,P,Mason,Mason Albright,Albright,,0,5500,COL@ARI,COL,ARI,,,,,,P
117021-198354,P,Anthony,Anthony Molina,Molina,6,1,5500,COL@ARI,COL,ARI,,,,,,P
117021-222930,P,Logan,Logan VanWey,VanWey,3.2857142857142856,7,5500,HOU@TEX,HOU,TEX,,,,,,P
117021-165584,P,Alejandro,Alejandro Hidalgo,Hidalgo,,0,5500,MIN@MIL,MIN,MIL,,,,,,P
117021-165585,P,Erik,Erik Rivera,Rivera,,0,5500,ATL@BOS,BOS,ATL,,,,,,P
117021-198352,P,Shane,Shane Drohan,Drohan,0,1,5500,ATL@BOS,BOS,ATL,IL,Forearm,,,,P
117021-222928,P,Michael,Michael Darrell-Hicks,Darrell-Hicks,3.8333333333333335,6,5500,LAA@LAD,LAA,LAD,,,,,,P
117021-198357,P,Ryan,Ryan Fernandez,Fernandez,1.4,11,5500,STL@KC,STL,KC,,,,,,P
117021-198356,P,Justin,Justin Slaten,Slaten,4.0588235294117645,18,5500,ATL@BOS,BOS,ATL,,,,,,P
117021-165594,P,Carlos,Carlos Duran,Duran,,0,5500,ATH@SF,ATH,SF,,,,,,P
117021-165595,P,Maddux,Maddux Bruns,Bruns,,0,5500,LAA@LAD,LAD,LAA,IL,Back,,,,P
117021-14049,P,Bryan,Bryan Shaw,Shaw,2.4,5,5500,SEA@SD,SEA,SD,,,,,,P
117021-141024,P,Bruce,Bruce Zimmermann,Zimmermann,0,1,5500,MIN@MIL,MIL,MIN,,,,,,P
117021-212709,P,Edgardo,Edgardo Henriquez,Henriquez,5.666666666666667,6,5500,LAA@LAD,LAD,LAA,IL,Foot,,,,P
117021-81641,P,John,John Curtiss,Curtiss,-0.6666666666666666,3,5500,COL@ARI,ARI,COL,,,,,,P
117021-181992,P,Jose,Jose Hernandez,Hernandez,4,8,5500,LAA@LAD,LAD,LAA,,,,,,P
117021-165621,P,Russell,Russell Smith,Smith,,0,5500,MIN@MIL,MIL,MIN,IL,Undisclosed,,,,P
117021-165642,P,Mason,Mason Miller,Miller,7.466666666666667,15,5500,ATH@SF,ATH,SF,,,,,,P
117021-161545,P,Kaleb,Kaleb Ort,Ort,4.4,10,5500,HOU@TEX,HOU,TEX,,,,,,P
117021-165650,P,Grant,Grant Holman,Holman,8.1,10,5500,ATH@SF,ATH,SF,,,,,,P
117021-194320,P,Andrew,Andrew Saalfrank,Saalfrank,-4.5,3,5500,COL@ARI,ARI,COL,NA,Suspension,,,,P
117021-165649,P,Colin,Colin Peluse,Peluse,,0,5500,ATH@SF,ATH,SF,,,,,,P
117021-161563,P,Jovani,Jovani Moran,Moran,,0,5500,ATL@BOS,BOS,ATL,IL,Elbow,,,,P
117021-165671,P,Victor,Victor Lizarraga,Lizarraga,,0,5500,SEA@SD,SD,SEA,,,,,,P
117021-165682,P,Michael,Michael Morales,Morales,,0,5500,SEA@SD,SEA,SD,,,,,,P
117021-165687,P,Will,Will Bednar,Bednar,,0,5500,ATH@SF,SF,ATH,,,,,,P
117021-165684,P,Matt,Matt Mikulski,Mikulski,,0,5500,ATH@SF,SF,ATH,,,,,,P
117021-165691,P,Manuel,Manuel Mercedes,Mercedes,,0,5500,ATH@SF,SF,ATH,,,,,,P
117021-163641,P,Ray,Ray Kerr,Kerr,11.2,10,5500,ATL@BOS,ATL,BOS,IL,Elbow,,,,P
117021-165695,P,Edwin,Edwin Nunez,Nunez,,0,5500,STL@KC,STL,KC,,,,,,P
117021-165696,P,Ian,Ian Bedell,Bedell,,0,5500,STL@KC,STL,KC,,,,,,P
117021-116548,P,Tyler,Tyler Rogers,Rogers,5.619047619047619,21,5500,ATH@SF,SF,ATH,,,,,,P
117021-163655,P,Daniel,Daniel Duarte,Duarte,12,3,5500,MIN@MIL,MIN,MIL,IL,Elbow,,,,P
117021-163658,P,Randy,Randy Rodriguez,Rodriguez,8.058823529411764,17,5500,ATH@SF,SF,ATH,,,,,,P
117021-165716,P,Sem,Sem Robberse,Robberse,0,2,5500,STL@KC,STL,KC,IL,Elbow,,,,P
117021-163673,P,Jorge,Jorge Juan,Juan,,0,5500,ATL@BOS,ATL,BOS,,,,,,P
117021-108380,P,Tayler,Tayler Scott,Scott,4.352941176470588,17,5500,HOU@TEX,HOU,TEX,,,,,,P
117021-5983,P,Rich,Rich Hill,Hill,5,4,5500,STL@KC,KC,STL,,,,,,P
117021-163677,P,James,James McArthur,McArthur,4.618181818181818,57,5500,STL@KC,KC,STL,IL,Elbow,,,,P
117021-163687,P,Ron,Ron Marinaccio,Marinaccio,7.5625,16,5500,SEA@SD,SD,SEA,,,,,,P
117021-163688,P,Collin,Collin Snider,Snider,5.388888888888889,18,5500,SEA@SD,SEA,SD,,,,,,P
117021-163697,P,Hagen,Hagen Danner,Danner,0,1,5500,SEA@SD,SEA,SD,,,,,,P
117021-163702,P,Logan,Logan Gillaspie,Gillaspie,9,3,5500,SEA@SD,SD,SEA,IL,Oblique,,,,P
117021-190370,P,Jackson,Jackson Wolf,Wolf,0,1,5500,SEA@SD,SD,SEA,,,,,,P
117021-102318,P,Ryan,Ryan Rolison,Rolison,4,2,5500,COL@ARI,COL,ARI,,,,,,P
117021-102332,P,Jackson,Jackson Kowar,Kowar,0,1,5500,SEA@SD,SEA,SD,IL,Elbow,,,,P
117021-163782,P,Robert,Robert Suarez,Suarez,5.1,20,5500,SEA@SD,SD,SEA,,,,,,P
117021-102355,P,Jorge,Jorge Alcala,Alcala,4.583333333333333,14,5500,MIN@MIL,MIN,MIL,,,,,,P
117021-198619,P,Yuki,Yuki Matsui,Matsui,6.176470588235294,17,5500,SEA@SD,SD,SEA,,,,,,P
117021-198618,P,Coleman,Coleman Crow,Crow,,0,5500,MIN@MIL,MIL,MIN,,,,,,P
117021-202726,P,Michel,Michel Otanez,Otanez,1,2,5500,ATH@SF,ATH,SF,,,,,,P
117021-102375,P,Luis,Luis Medina,Medina,20.375,8,5500,ATH@SF,ATH,SF,IL,Elbow,,,,P
117021-102376,P,Garrett,Garrett Whitlock,Whitlock,8.466666666666667,15,5500,ATL@BOS,BOS,ATL,,,,,,P
117021-79852,P,Lucas,Lucas Erceg,Erceg,4.8,20,5500,STL@KC,KC,STL,,,,,,P
117021-102386,P,Steven,Steven Jennings,Jennings,,0,5500,HOU@TEX,TEX,HOU,,,,,,P
117021-102397,P,Wyatt,Wyatt Mills,Mills,,0,5500,ATL@BOS,BOS,ATL,,,,,,P
117021-102399,P,Sam,Sam Carlson,Carlson,,0,5500,LAA@LAD,LAD,LAA,,,,,,P
117021-82440,OF,Shohei,Shohei Ohtani,Ohtani,17.727906692859737,43,4800,LAA@LAD,LAD,LAA,,,,,,OF/UTIL
117021-119297,OF,Corbin,Corbin Carroll,Carroll,15.042222764756945,45,4400,COL@ARI,ARI,COL,,,,,,OF/UTIL
117021-11334,1B,Freddie,Freddie Freeman,Freeman,14.494117288028493,34,4400,LAA@LAD,LAD,LAA,,,,,,C/1B/UTIL
117021-119349,SS,Bobby,Bobby Witt Jr.,Witt Jr.,13.214893097573139,47,4200,STL@KC,KC,STL,,,,,,SS/UTIL
117021-79393,OF,Fernando,Fernando Tatis Jr.,Tatis Jr.,13.909524100167411,42,4200,SEA@SD,SD,SEA,,,,,,OF/UTIL
117021-165666,OF,Jackson,Jackson Merrill,Merrill,14.461110432942709,18,4100,SEA@SD,SD,SEA,,,,,,OF/UTIL
117021-39151,2B/SS/OF,Mookie,Mookie Betts,Betts,12.004762195405506,42,4000,LAA@LAD,LAD,LAA,,,,,,2B/SS/OF/UTIL
117021-68522,3B,Alex,Alex Bregman,Bregman,13.442222764756945,45,3800,ATL@BOS,BOS,ATL,,,,,,3B/UTIL
117021-102438,SS,Geraldo,Geraldo Perdomo,Perdomo,12.413636641068893,44,3700,COL@ARI,ARI,COL,,,,,,SS/UTIL
117021-73023,OF,Teoscar,Teoscar Hernandez,Hernandez,13.824242794152463,33,3700,LAA@LAD,LAD,LAA,IL,Groin,,,,OF/UTIL
117021-21853,2B,Ketel,Ketel Marte,Marte,10.904761904761905,21,3700,COL@ARI,ARI,COL,,,,,,2B/UTIL
117021-79756,OF,Ronald,Ronald Acuna Jr.,Acuna Jr.,11.634693379304847,49,3700,ATL@BOS,ATL,BOS,IL,Knee,,,,OF/UTIL
117021-102554,C,Cal,Cal Raleigh,Raleigh,13.448836925417877,43,3600,SEA@SD,SEA,SD,,,,,,C/1B/UTIL
117021-39086,OF,Byron,Byron Buxton,Buxton,13.002438428925306,41,3600,MIN@MIL,MIN,MIL,DTD,Head,,,,OF/UTIL
117021-21633,3B,Eugenio,Eugenio Suarez,Suarez,11.773333062065973,45,3600,COL@ARI,ARI,COL,,,,,,3B/UTIL
117021-13929,3B,Manny,Manny Machado,Machado,11.544185904569405,43,3600,SEA@SD,SD,SEA,,,,,,3B/UTIL
117021-198526,OF,Wyatt,Wyatt Langford,Langford,11.266666836208767,36,3600,HOU@TEX,TEX,HOU,,,,,,OF/UTIL
117021-68585,3B,Rafael,Rafael Devers,Devers,11.873913308848506,46,3500,ATL@BOS,BOS,ATL,,,,,,3B/UTIL
117021-108450,SS/2B/OF,Tommy,Tommy Edman,Edman,11.826666259765625,30,3500,LAA@LAD,LAD,LAA,IL,Ankle,,,,2B/SS/OF/UTIL
117021-135298,1B/OF,Tyler,Tyler Soderstrom,Soderstrom,11.31999986436632,45,3400,ATH@SF,ATH,SF,,,,,,C/1B/OF/UTIL
117021-119311,OF,Jarren,Jarren Duran,Duran,11.091111246744791,45,3400,ATL@BOS,BOS,ATL,,,,,,OF/UTIL
117021-17086,OF,Marcell,Marcell Ozuna,Ozuna,9.942857288178944,42,3400,ATL@BOS,ATL,BOS,,,,,,OF/UTIL
117021-185300,SS,Zach,Zach Neto,Neto,12.884000244140625,25,3400,LAA@LAD,LAA,LAD,,,,,,SS/UTIL
117021-146695,OF,Andy,Andy Pages,Pages,10.747618902297248,42,3400,LAA@LAD,LAD,LAA,,,,,,OF/UTIL
117021-85261,OF,Randy,Randy Arozarena,Arozarena,11.23414649032965,41,3400,SEA@SD,SEA,SD,,,,,,OF/UTIL
117021-21874,2B/3B,Jorge,Jorge Polanco,Polanco,11.908823349896599,34,3400,SEA@SD,SEA,SD,,,,,,2B/3B/UTIL
117021-118210,1B/2B,Jake,Jake Cronenworth,Cronenworth,11.75789441560444,19,3400,SEA@SD,SD,SEA,,,,,,C/1B/2B/UTIL
117021-38412,SS,Corey,Corey Seager,Seager,10.26923076923077,26,3400,HOU@TEX,TEX,HOU,IL,Hamstring,,,,SS/UTIL
117021-181812,OF,Wilyer,Wilyer Abreu,Abreu,11.461363358931107,44,3400,ATL@BOS,BOS,ATL,,,,,,OF/UTIL
117021-165611,OF,Jackson,Jackson Chourio,Chourio,11.034090909090908,44,3400,MIN@MIL,MIL,MIN,,,,,,OF/UTIL
117021-102400,OF,Julio,Julio Rodriguez,Rodriguez,10.976744186046512,43,3300,SEA@SD,SEA,SD,,,,,,OF/UTIL
117021-82612,OF,Brent,Brent Rooker,Rooker,10.639999728732638,45,3300,ATH@SF,ATH,SF,,,,,,OF/UTIL
117021-82642,OF,Heliot,Heliot Ramos,Ramos,11.23181845925071,44,3300,ATH@SF,SF,ATH,,,,,,OF/UTIL
117021-12933,OF,Mike,Mike Trout,Trout,10.544827165274784,29,3200,LAA@LAD,LAA,LAD,IL,Knee,,,,OF/UTIL
117021-119437,3B,Josh,Josh Jung,Jung,9.405405405405405,37,3200,HOU@TEX,TEX,HOU,,,,,,3B/UTIL
117021-82575,OF,Yordan,Yordan Alvarez,Alvarez,8.324137720568427,29,3200,HOU@TEX,HOU,TEX,IL,Hand,,,,OF/UTIL
117021-154711,OF,Lars,Lars Nootbaar,Nootbaar,11.85909063165838,44,3200,STL@KC,STL,KC,,,,,,OF/UTIL
117021-21609,OF,Christian,Christian Yelich,Yelich,10.158139250999273,43,3200,MIN@MIL,MIL,MIN,,,,,,OF/UTIL
117021-79074,3B,Austin,Austin Riley,Riley,10.11111111111111,45,3200,ATL@BOS,ATL,BOS,,,,,,3B/UTIL
117021-21887,C/1B,Willson,Willson Contreras,Contreras,10.2863637750799,44,3200,STL@KC,STL,KC,,,,,,C/1B/UTIL
117021-79401,C,Will,Will Smith,Smith,10.291666666666666,36,3200,LAA@LAD,LAD,LAA,,,,,,C/1B/UTIL
117021-163689,3B/2B/OF,Maikel,Maikel Garcia,Garcia,10.063043345575748,46,3200,STL@KC,KC,STL,,,,,,2B/3B/OF/UTIL
117021-119345,SS,Jeremy,Jeremy Pena,Pena,10.6613637750799,44,3100,HOU@TEX,HOU,TEX,,,,,,SS/UTIL
117021-37982,SS/2B,Xander,Xander Bogaerts,Bogaerts,9.116279069767442,43,3100,SEA@SD,SD,SEA,,,,,,2B/SS/UTIL
117021-79223,1B,Josh,Josh Naylor,Naylor,11.456818320534445,44,3100,COL@ARI,ARI,COL,,,,,,C/1B/UTIL
117021-85520,OF,Adolis,Adolis Garcia,Garcia,8.666666666666666,45,3100,HOU@TEX,TEX,HOU,,,,,,OF/UTIL
117021-198539,OF,Jung Hoo,Jung Hoo Lee,Lee,11.443181818181818,44,3100,ATH@SF,SF,ATH,,,,,,OF/UTIL
117021-102284,C,William,William Contreras,Contreras,9.797619047619047,42,3100,MIN@MIL,MIL,MIN,,,,,,C/1B/UTIL
117021-135366,SS,Masyn,Masyn Winn,Winn,10.602941176470589,34,3000,STL@KC,STL,KC,,,,,,SS/UTIL
117021-198880,OF,Jordan,Jordan Beck,Beck,9.814285714285715,35,3000,COL@ARI,COL,ARI,,,,,,OF/UTIL
117021-119303,C,Shea,Shea Langeliers,Langeliers,10.315384302383814,39,3000,ATH@SF,ATH,SF,,,,,,C/1B/UTIL
117021-23107,OF,Jorge,Jorge Soler,Soler,7.799999702267531,41,3000,LAA@LAD,LAA,LAD,,,,,,OF/UTIL
117021-82530,1B/OF,Pavin,Pavin Smith,Smith,8.487804878048781,41,3000,COL@ARI,ARI,COL,,,,,,C/1B/OF/UTIL
117021-82569,1B/OF,Gavin,Gavin Sheets,Sheets,8.605000305175782,40,3000,SEA@SD,SD,SEA,,,,,,C/1B/OF/UTIL
117021-82574,3B,Isaac,Isaac Paredes,Paredes,9.965116279069768,43,3000,HOU@TEX,HOU,TEX,,,,,,3B/UTIL
117021-52175,1B,Matt,Matt Olson,Olson,9.817777506510417,45,3000,ATL@BOS,ATL,BOS,,,,,,C/1B/UTIL
117021-52176,3B,Max,Max Muncy,Muncy,7.683333623976934,42,3000,LAA@LAD,LAD,LAA,,,,,,3B/UTIL
117021-13266,C/1B,Salvador,Salvador Perez,Perez,6.756817904385653,44,3000,STL@KC,KC,STL,,,,,,C/1B/UTIL
117021-13638,1B,Wilmer,Wilmer Flores,Flores,10.934091047807174,44,3000,ATH@SF,SF,ATH,,,,,,C/1B/UTIL
117021-101753,2B/SS/3B,Dylan,Dylan Moore,Moore,10.390322777532763,31,3000,SEA@SD,SEA,SD,,,,,,2B/3B/SS/UTIL
117021-13719,3B,Nolan,Nolan Arenado,Arenado,9.102439322122713,41,3000,STL@KC,STL,KC,,,,,,3B/UTIL
117021-79272,OF,Lourdes,Lourdes Gurriel Jr.,Gurriel Jr.,8.939024390243903,41,3000,COL@ARI,ARI,COL,,,,,,OF/UTIL
117021-206482,SS,Jacob,Jacob Wilson,Wilson,10.534883720930232,43,3000,ATH@SF,ATH,SF,,,,,,SS/UTIL
117021-53033,OF,Mike,Mike Yastrzemski,Yastrzemski,10.367500305175781,40,3000,ATH@SF,SF,ATH,,,,,,OF/UTIL
117021-163706,3B/2B/SS/OF,Brendan,Brendan Donovan,Donovan,10.546511627906977,43,3000,STL@KC,STL,KC,,,,,,2B/3B/SS/OF/UTIL
117021-102362,OF,Trevor,Trevor Larnach,Larnach,9.57499972256747,44,3000,MIN@MIL,MIN,MIL,,,,,,OF/UTIL
117021-135260,C,Logan,Logan O'Hoppe,O'Hoppe,8.25945962441934,37,2900,LAA@LAD,LAA,LAD,,,,,,C/1B/UTIL
117021-61553,3B,Yoan,Yoan Moncada,Moncada,10.61111111111111,18,2900,LAA@LAD,LAA,LAD,DTD,Thumb,,,,3B/UTIL
117021-82624,C,Sean,Sean Murphy,Murphy,10.807143075125557,28,2900,ATL@BOS,ATL,BOS,,,,,,C/1B/UTIL
117021-68544,3B,Matt,Matt Chapman,Chapman,10.844444444444445,45,2900,ATH@SF,SF,ATH,,,,,,3B/UTIL
117021-79151,OF,Taylor,Taylor Ward,Ward,8.995237804594494,42,2900,LAA@LAD,LAA,LAD,,,,,,OF/UTIL
117021-38218,1B,Christian,Christian Walker,Walker,8.111627623092296,43,2900,HOU@TEX,HOU,TEX,,,,,,C/1B/UTIL
117021-79215,1B,Rhys,Rhys Hoskins,Hoskins,9.1999998546782,42,2900,MIN@MIL,MIL,MIN,,,,,,C/1B/UTIL
117021-101827,1B/2B,Luis,Luis Arraez,Arraez,9.22432399440456,37,2900,SEA@SD,SD,SEA,,,,,,C/1B/2B/UTIL
117021-181795,OF,Lawrence,Lawrence Butler,Butler,9.357142857142858,42,2900,ATH@SF,ATH,SF,,,,,,OF/UTIL
117021-222825,2B/OF,Kristian,Kristian Campbell,Campbell,9.212820199819712,39,2900,ATL@BOS,BOS,ATL,,,,,,2B/OF/UTIL
117021-165527,OF/C/1B,Hunter,Hunter Goodman,Goodman,9.81162776503452,43,2900,COL@ARI,COL,ARI,,,,,,C/1B/OF/UTIL
117021-165571,1B,Vinnie,Vinnie Pasquantino,Pasquantino,8.24347852623981,46,2900,STL@KC,KC,STL,,,,,,C/1B/UTIL
117021-165707,SS/3B/2B/1B/OF,Josh,Josh Smith,Smith,8.687179174178686,39,2900,HOU@TEX,TEX,HOU,,,,,,C/1B/2B/3B/SS/OF/UTIL
117021-102308,2B/3B/OF,Jonathan,Jonathan India,India,7.580952235630581,42,2900,STL@KC,KC,STL,,,,,,2B/3B/OF/UTIL
117021-102353,2B,Brice,Brice Turang,Turang,10.842856997535343,42,2900,MIN@MIL,MIL,MIN,,,,,,2B/UTIL
117021-14562,2B/OF,Jose,Jose Altuve,Altuve,8.042856852213541,42,2800,HOU@TEX,HOU,TEX,,,,,,2B/OF/UTIL
117021-119363,OF,JJ,JJ Bleday,Bleday,9.266666957310267,42,2800,ATH@SF,ATH,SF,,,,,,OF/UTIL
117021-219727,2B,Tim,Tim Tawa,Tawa,8.970370257342303,27,2800,COL@ARI,ARI,COL,,,,,,2B/UTIL
117021-119377,OF,Matt,Matt Wallner,Wallner,7.994444105360243,18,2800,MIN@MIL,MIN,MIL,IL,Hamstring,,,,OF/UTIL
117021-195378,SS/2B/OF,Tyler,Tyler Fitzgerald,Fitzgerald,9.134615384615385,26,2800,ATH@SF,SF,ATH,,,,,,2B/SS/OF/UTIL
117021-68514,3B,Ryan,Ryan McMahon,McMahon,8.0522724498402,44,2800,COL@ARI,COL,ARI,,,,,,3B/UTIL
117021-52158,SS,Trevor,Trevor Story,Story,9.041860181231831,43,2800,ATL@BOS,BOS,ATL,,,,,,SS/UTIL
117021-68587,2B,Ozzie,Ozzie Albies,Albies,8.413333468967014,45,2800,ATL@BOS,ATL,BOS,,,,,,2B/UTIL
117021-222295,2B/SS,Hyeseong,Hyeseong Kim,Kim,9.561538696289062,13,2800,LAA@LAD,LAD,LAA,,,,,,2B/SS/UTIL
117021-21705,2B,Marcus,Marcus Semien,Semien,6.242222086588542,45,2800,HOU@TEX,TEX,HOU,,,,,,2B/UTIL
117021-60642,OF,Michael,Michael Conforto,Conforto,6.519047328404018,42,2800,LAA@LAD,LAD,LAA,,,,,,OF/UTIL
117021-146682,OF,Brenton,Brenton Doyle,Doyle,7.975000169542101,36,2800,COL@ARI,COL,ARI,,,,,,OF/UTIL
117021-118120,C,Jonah,Jonah Heim,Heim,7.731428745814732,35,2800,HOU@TEX,TEX,HOU,,,,,,C/1B/UTIL
117021-101842,1B,Ty,Ty France,France,8.104545593261719,44,2800,MIN@MIL,MIN,MIL,,,,,,C/1B/UTIL
117021-136672,OF,Michael,Michael Harris II,Harris II,8.331110975477431,45,2800,ATL@BOS,ATL,BOS,,,,,,OF/UTIL
117021-13909,OF,Randal,Randal Grichuk,Grichuk,4.941379415577855,29,2800,COL@ARI,ARI,COL,,,,,,OF/UTIL
117021-165559,C,Yainer,Yainer Diaz,Diaz,7.648717635717148,39,2800,HOU@TEX,HOU,TEX,,,,,,C/1B/UTIL
117021-38614,SS,Carlos,Carlos Correa,Correa,6.373170433974847,41,2800,MIN@MIL,MIN,MIL,IL,Concussion,,,,SS/UTIL
117021-181987,OF,Masataka,Masataka Yoshida,Yoshida,8.75925925925926,108,2800,ATL@BOS,BOS,ATL,IL,Shoulder,,,,OF/UTIL
117021-135218,OF,Jake,Jake Meyers,Meyers,7.995348553324854,43,2700,HOU@TEX,HOU,TEX,,,,,,OF/UTIL
117021-53757,OF,Rob,Rob Refsnyder,Refsnyder,9.326666259765625,15,2700,ATL@BOS,BOS,ATL,,,,,,OF/UTIL
117021-119368,C,Ryan,Ryan Jeffers,Jeffers,7.705882352941177,34,2700,MIN@MIL,MIN,MIL,,,,,,C/1B/UTIL
117021-82555,SS/2B/3B/OF,Willi,Willi Castro,Castro,7.821428571428571,28,2700,MIN@MIL,MIN,MIL,DTD,Knee,,,,2B/3B/SS/OF/UTIL
117021-82608,3B,Royce,Royce Lewis,Lewis,3.4400001525878907,10,2700,MIN@MIL,MIN,MIL,,,,,,3B/UTIL
117021-52179,SS,J.P.,J.P. Crawford,Crawford,9.324389946169969,41,2700,SEA@SD,SEA,SD,,,,,,SS/UTIL
117021-54307,C,Elias,Elias Diaz,Diaz,6.087500095367432,32,2700,SEA@SD,SD,SEA,,,,,,C/1B/UTIL
117021-60655,SS,Willy,Willy Adames,Adames,9.697777642144096,45,2700,ATH@SF,SF,ATH,,,,,,SS/UTIL
117021-79249,OF,Harrison,Harrison Bader,Bader,8.620513133513622,39,2700,MIN@MIL,MIN,MIL,DTD,Groin,,,,OF/UTIL
117021-13792,3B/1B/2B/OF,Kike,Kike Hernandez,Hernandez,6.717143031529018,35,2700,LAA@LAD,LAD,LAA,,,,,,C/1B/2B/3B/OF/UTIL
117021-181811,OF/2B/SS,Ceddanne,Ceddanne Rafaela,Rafaela,8.970731409584603,41,2700,ATL@BOS,BOS,ATL,,,,,,2B/SS/OF/UTIL
117021-161418,2B/1B/3B,Romy,Romy Gonzalez,Gonzalez,8.941176470588236,17,2700,ATL@BOS,BOS,ATL,IL,Back,,,,C/1B/2B/3B/UTIL
117021-165605,OF,Sal,Sal Frelick,Frelick,8.342856997535343,42,2700,MIN@MIL,MIL,MIN,,,,,,OF/UTIL
117021-163674,SS,Ezequiel,Ezequiel Tovar,Tovar,6.694117826573989,17,2700,COL@ARI,COL,ARI,,,,,,SS/UTIL
117021-102415,2B/3B,Nolan,Nolan Gorman,Gorman,6.488461421086238,26,2600,STL@KC,STL,KC,,,,,,2B/3B/UTIL
117021-79918,C,Kyle,Kyle Higashioka,Higashioka,6.084210446006374,19,2600,HOU@TEX,TEX,HOU,,,,,,C/1B/UTIL
117021-102486,OF,Blake,Blake Perkins,Perkins,8.120325104007875,123,2600,MIN@MIL,MIL,MIN,IL,Lower leg,,,,OF/UTIL
117021-198935,OF,Victor,Victor Scott II,Scott II,9.912194973084985,41,2600,STL@KC,STL,KC,,,,,,OF/UTIL
117021-119337,1B/OF,Michael,Michael Toglia,Toglia,7.413636641068892,44,2600,COL@ARI,COL,ARI,,,,,,C/1B/OF/UTIL
117021-119420,C,Ivan,Ivan Herrera,Herrera,18.18461491511418,13,2600,STL@KC,STL,KC,,,,,,C/1B/UTIL
117021-119621,OF,Luis,Luis Matos,Matos,6.029999923706055,20,2600,ATH@SF,SF,ATH,DTD,Shoulder,,,,OF/UTIL
117021-68563,OF,Victor,Victor Robles,Robles,8.609999847412109,10,2600,SEA@SD,SEA,SD,IL,Shoulder,,,,OF/UTIL
117021-68582,2B,Brendan,Brendan Rodgers,Rodgers,5.733333333333333,30,2600,HOU@TEX,HOU,TEX,,,,,,2B/UTIL
117021-193598,1B,Nolan,Nolan Schanuel,Schanuel,7.926829268292683,41,2600,LAA@LAD,LAA,LAD,,,,,,C/1B/UTIL
117021-146697,OF,Garrett,Garrett Mitchell,Mitchell,5.652000122070312,25,2600,MIN@MIL,MIL,MIN,IL,Oblique,,,,OF/UTIL
117021-79160,OF,Alex,Alex Verdugo,Verdugo,8.03749974568685,24,2600,ATL@BOS,ATL,BOS,,,,,,OF/UTIL
117021-197972,SS/3B/2B,Brooks,Brooks Lee,Lee,7.033333333333333,30,2600,MIN@MIL,MIN,MIL,,,,,,2B/3B/SS/UTIL
117021-79195,OF/1B/3B,Miguel,Miguel Andujar,Andujar,8.82121230616714,33,2600,ATH@SF,ATH,SF,,,,,,C/1B/3B/OF/UTIL
117021-163533,C,Jose,Jose Herrera,Herrera,6.418749809265137,16,2600,COL@ARI,ARI,COL,,,,,,C/1B/UTIL
117021-165643,2B,Zack,Zack Gelof,Gelof,8.547101449275363,138,2600,ATH@SF,ATH,SF,IL,Ribs,,,,2B/UTIL
117021-208716,1B/OF,Zach,Zach Dezenzo,Dezenzo,7.434615501990685,26,2600,HOU@TEX,HOU,TEX,,,,,,C/1B/OF/UTIL
117021-163691,OF,James,James Outman,Outman,7.333333333333333,9,2600,LAA@LAD,LAD,LAA,,,,,,OF/UTIL
117021-102283,OF,Alek,Alek Thomas,Thomas,7.059459789379223,37,2600,COL@ARI,ARI,COL,,,,,,OF/UTIL
117021-102288,OF,Drew,Drew Waters,Waters,6.971875190734863,32,2600,STL@KC,KC,STL,,,,,,OF/UTIL
117021-102418,OF,Eli,Eli White,White,7.635135135135135,37,2500,ATL@BOS,ATL,BOS,,,,,,OF/UTIL
117021-223299,3B,Ben,Ben Williamson,Williamson,7.003846388596755,26,2500,SEA@SD,SEA,SD,,,,,,3B/UTIL
117021-102485,OF,Kyle,Kyle Isbel,Isbel,5.692682777963033,41,2500,STL@KC,KC,STL,,,,,,OF/UTIL
117021-172216,3B/1B,David,David Villar,Villar,5.787499904632568,8,2500,ATH@SF,SF,ATH,,,,,,C/1B/3B/UTIL
117021-170350,OF,Dairon,Dairon Blanco,Blanco,6.133333206176758,3,2500,STL@KC,KC,STL,,,,,,OF/UTIL
117021-119354,SS/2B/OF,Kyren,Kyren Paris,Paris,7.655262997275905,38,2500,LAA@LAD,LAA,LAD,,,,,,2B/SS/OF/UTIL
117021-12919,SS/2B/3B/OF,Jose,Jose Iglesias,Iglesias,5.3,30,2500,SEA@SD,SD,SEA,,,,,,2B/3B/SS/OF/UTIL
117021-82570,1B,Jake,Jake Burger,Burger,7.151428658621652,35,2500,HOU@TEX,TEX,HOU,,,,,,C/1B/UTIL
117021-119442,C,Gabriel,Gabriel Moreno,Moreno,6.911111195882161,36,2500,COL@ARI,ARI,COL,,,,,,C/1B/UTIL
117021-82580,OF,Jo,Jo Adell,Adell,6.702702702702703,37,2500,LAA@LAD,LAA,LAD,,,,,,OF/UTIL
117021-164513,3B/2B/SS,Joey,Joey Ortiz,Ortiz,5.093023255813954,43,2500,MIN@MIL,MIL,MIN,,,,,,2B/3B/SS/UTIL
117021-197762,C,Carlos,Carlos Narvaez,Narvaez,8.475000381469727,32,2500,ATL@BOS,BOS,ATL,,,,,,C/1B/UTIL
117021-83182,C/OF,Eric,Eric Haase,Haase,5.7999997820172995,14,2500,MIN@MIL,MIL,MIN,,,,,,C/1B/OF/UTIL
117021-79255,1B/OF,Jake,Jake Bauers,Bauers,7.106896762190194,29,2500,MIN@MIL,MIL,MIN,,,,,,C/1B/OF/UTIL
117021-101787,1B/OF,LaMonte,LaMonte Wade Jr.,Wade Jr.,5.538461538461538,39,2500,ATH@SF,SF,ATH,,,,,,C/1B/OF/UTIL
117021-38299,OF,Kevin,Kevin Pillar,Pillar,4.094444274902344,18,2500,HOU@TEX,TEX,HOU,IL,Back,,,,OF/UTIL
117021-79277,1B,Rowdy,Rowdy Tellez,Tellez,7.280555725097656,36,2500,SEA@SD,SEA,SD,,,,,,C/1B/UTIL
117021-173548,2B,Michael,Michael Massey,Massey,5.1000001488662345,41,2500,STL@KC,KC,STL,,,,,,2B/UTIL
117021-13864,OF/1B,Joc,Joc Pederson,Pederson,4.05999984741211,40,2500,HOU@TEX,TEX,HOU,,,,,,C/1B/OF/UTIL
117021-222794,1B,Nick,Nick Kurtz,Kurtz,6.3599998474121096,20,2500,ATH@SF,ATH,SF,,,,,,C/1B/UTIL
117021-222846,OF,Cam,Cam Smith,Smith,7.825806648500504,31,2500,HOU@TEX,HOU,TEX,,,,,,OF/UTIL
117021-222858,C,Drake,Drake Baldwin,Baldwin,7.948148374204282,27,2500,ATL@BOS,ATL,BOS,,,,,,C/1B/UTIL
117021-165710,OF,Evan,Evan Carter,Carter,7.590909090909091,11,2500,HOU@TEX,TEX,HOU,,,,,,OF/UTIL
117021-135364,OF,Jordan,Jordan Walker,Walker,6.416216051256335,37,2400,STL@KC,STL,KC,,,,,,OF/UTIL
117021-198893,C,Dalton,Dalton Rushing,Rushing,18.600000381469727,1,2400,LAA@LAD,LAD,LAA,,,,,,C/1B/UTIL
117021-219698,2B/3B,Caleb,Caleb Durbin,Durbin,6.18076911339393,26,2400,MIN@MIL,MIL,MIN,,,,,,2B/3B/UTIL
117021-119366,OF/1B,Jerar,Jerar Encarnacion,Encarnacion,7.802857317243304,35,2400,ATH@SF,SF,ATH,IL,Hand,,,,C/1B/OF/UTIL
117021-82563,2B/SS/OF,Garrett,Garrett Hampson,Hampson,4.777777777777778,18,2400,COL@ARI,ARI,COL,,,,,,2B/SS/OF/UTIL
117021-164495,SS/3B/2B,Jordan,Jordan Lawlar,Lawlar,1.5,2,2400,COL@ARI,ARI,COL,,,,,,2B/3B/SS/UTIL
117021-80848,C,Victor,Victor Caratini,Caratini,6.64,25,2400,HOU@TEX,HOU,TEX,,,,,,C/1B/UTIL
117021-13303,C,Yasmani,Yasmani Grandal,Grandal,7.036986468589469,73,2400,ATL@BOS,BOS,ATL,,,,,,C/1B/UTIL
117021-79108,3B,Nick,Nick Senzel,Senzel,6.351351351351352,74,2400,LAA@LAD,LAD,LAA,,,,,,3B/UTIL
117021-197908,C,Pedro,Pedro Pages,Pages,7.362500190734863,32,2400,STL@KC,STL,KC,,,,,,C/1B/UTIL
117021-85277,2B/OF/1B/3B,Cavan,Cavan Biggio,Biggio,3.753124952316284,32,2400,STL@KC,KC,STL,,,,,,C/1B/2B/3B/OF/UTIL
117021-101817,2B/3B/SS,Luis,Luis Rengifo,Rengifo,5.574358817858574,39,2400,LAA@LAD,LAA,LAD,,,,,,2B/3B/SS/UTIL
117021-13858,C,Christian,Christian Vazquez,Vazquez,5.340909090909091,22,2400,MIN@MIL,MIN,MIL,,,,,,C/1B/UTIL
117021-81511,2B/3B/SS,Kyle,Kyle Farmer,Farmer,5.341666751437717,36,2400,COL@ARI,COL,ARI,,,,,,2B/3B/SS/UTIL
117021-81622,C,Mitch,Mitch Garver,Garver,5.407142639160156,28,2400,SEA@SD,SEA,SD,,,,,,C/1B/UTIL
117021-165639,OF,Brandon,Brandon Lockridge,Lockridge,5.75652147376019,23,2400,SEA@SD,SD,SEA,,,,,,OF/UTIL
117021-163672,3B/1B,Jonah,Jonah Bride,Bride,3.9499998826246996,26,2400,MIN@MIL,MIN,MIL,,,,,,C/1B/3B/UTIL
117021-102363,OF/1B,Luke,Luke Raley,Raley,7.625,24,2400,SEA@SD,SEA,SD,IL,Oblique,,,,C/1B/OF/UTIL
117021-102413,1B,Luken,Luken Baker,Baker,3.7157893933747945,19,2300,STL@KC,STL,KC,,,,,,C/1B/UTIL
117021-170471,OF,Oscar,Oscar Gonzalez,Gonzalez,3.2571429298037575,21,2300,SEA@SD,SD,SEA,,,,,,OF/UTIL
117021-211773,OF/2B,Isaac,Isaac Collins,Collins,4.529032061176915,31,2300,MIN@MIL,MIL,MIN,,,,,,2B/OF/UTIL
117021-11129,OF,Jason,Jason Heyward,Heyward,5.234482863853717,29,2300,SEA@SD,SD,SEA,,,,,,OF/UTIL
117021-70665,C,Jacob,Jacob Stallings,Stallings,4.208695784859035,23,2300,COL@ARI,COL,ARI,,,,,,C/1B/UTIL
117021-13390,SS/2B/3B,Miguel,Miguel Rojas,Rojas,4.173076923076923,26,2300,LAA@LAD,LAD,LAA,,,,,,2B/3B/SS/UTIL
117021-212070,OF,Gustavo,Gustavo Campero,Campero,4.240000152587891,5,2300,LAA@LAD,LAA,LAD,IL,Ankle,,,,OF/UTIL
117021-21666,OF/1B,Mark,Mark Canha,Canha,4.359090978449041,22,2300,STL@KC,KC,STL,,,,,,C/1B/OF/UTIL
117021-38112,1B/3B,Gio,Gio Urshela,Urshela,5.520000203450521,30,2300,ATH@SF,ATH,SF,,,,,,C/1B/3B/UTIL
117021-136504,C,Patrick,Patrick Bailey,Bailey,4.94000015258789,40,2300,ATH@SF,SF,ATH,,,,,,C/1B/UTIL
117021-79181,2B/OF,Mauricio,Mauricio Dubon,Dubon,4.625925982439959,27,2300,HOU@TEX,HOU,TEX,,,,,,2B/OF/UTIL
117021-79211,OF,Mickey,Mickey Moniak,Moniak,6.282926978134528,41,2300,COL@ARI,COL,ARI,,,,,,OF/UTIL
117021-79225,3B/2B,Luis,Luis Urias,Urias,7.637499809265137,32,2300,ATH@SF,ATH,SF,,,,,,2B/3B/UTIL
117021-226686,OF,Rhylan,Rhylan Thomas,Thomas,7.466666539510091,3,2300,SEA@SD,SEA,SD,,,,,,OF/UTIL
117021-21890,SS,Orlando,Orlando Arcia,Arcia,2.361538520226112,13,2300,ATL@BOS,ATL,BOS,,,,,,SS/UTIL
117021-79263,OF,Leody,Leody Taveras,Taveras,5.723684210526316,38,2300,SEA@SD,SEA,SD,,,,,,OF/UTIL
117021-181813,SS/2B,David,David Hamilton,Hamilton,6.178261134935462,23,2300,ATL@BOS,BOS,ATL,,,,,,2B/SS/UTIL
117021-165530,SS/2B,Adael,Adael Amador,Amador,3.7960000610351563,25,2300,COL@ARI,COL,ARI,,,,,,2B/SS/UTIL
117021-116450,OF,Seth,Seth Brown,Brown,3.2758620689655173,29,2300,ATH@SF,ATH,SF,,,,,,OF/UTIL
117021-52995,C,Luke,Luke Maile,Maile,11.300000508626303,3,2300,STL@KC,KC,STL,,,,,,C/1B/UTIL
117021-200498,SS/3B/2B/OF,Max,Max Schuemann,Schuemann,3.3821427481515065,28,2300,ATH@SF,ATH,SF,,,,,,2B/3B/SS/OF/UTIL
117021-165693,OF/1B,Alec,Alec Burleson,Burleson,6.965789794921875,38,2300,STL@KC,STL,KC,,,,,,C/1B/OF/UTIL
117021-165712,3B/OF,Dustin,Dustin Harris,Harris,4.206250190734863,16,2300,HOU@TEX,TEX,HOU,,,,,,3B/OF/UTIL
117021-159624,C,Yohel,Yohel Pozo,Pozo,7.458333333333333,12,2300,STL@KC,STL,KC,,,,,,C/1B/UTIL
117021-102295,OF,Stuart,Stuart Fairchild,Fairchild,3.4555555979410806,18,2300,ATL@BOS,ATL,BOS,,,,,,OF/UTIL
117021-102307,2B/SS/OF,Jose,Jose Barrero,Barrero,5.112500190734863,8,2300,STL@KC,STL,KC,,,,,,2B/SS/OF/UTIL
117021-102326,1B/2B/3B/OF,Kody,Kody Clemens,Clemens,5.175,20,2300,MIN@MIL,MIN,MIL,,,,,,C/1B/2B/3B/OF/UTIL
117021-102349,SS/2B,Leo,Leo Rivas,Rivas,6.5608692998471465,23,2300,SEA@SD,SEA,SD,,,,,,2B/SS/UTIL
117021-135194,C,Freddy,Freddy Fermin,Fermin,4.503448486328125,29,2200,STL@KC,KC,STL,,,,,,C/1B/UTIL
117021-135216,OF,Chas,Chas McCormick,McCormick,2.103448275862069,29,2200,HOU@TEX,HOU,TEX,,,,,,OF/UTIL
117021-102504,C,Connor,Connor Wong,Wong,3.0374999046325684,16,2200,ATL@BOS,BOS,ATL,,,,,,C/1B/UTIL
117021-102518,3B/1B,Jose,Jose Miranda,Miranda,4.241666793823242,12,2200,MIN@MIL,MIN,MIL,,,,,,C/1B/3B/UTIL
117021-53401,1B/OF,Trey,Trey Mancini,Mancini,,0,2200,COL@ARI,ARI,COL,,,,,,C/1B/OF/UTIL
117021-184480,C,Cesar,Cesar Salazar,Salazar,6.615384615384615,13,2200,HOU@TEX,HOU,TEX,,,,,,C/1B/UTIL
117021-198870,OF,Roman,Roman Anthony,Anthony,,0,2200,ATL@BOS,BOS,ATL,,,,,,OF/UTIL
117021-209177,C/2B/1B,Mickey,Mickey Gasper,Gasper,3.676470588235294,17,2200,MIN@MIL,MIN,MIL,,,,,,C/1B/2B/UTIL
117021-84471,OF,Nick,Nick Martini,Martini,3.682856968470982,35,2200,COL@ARI,COL,ARI,,,,,,OF/UTIL
117021-119412,2B/3B/1B,Owen,Owen Miller,Miller,2.7222222222222223,9,2200,COL@ARI,COL,ARI,,,,,,C/1B/2B/3B/UTIL
117021-164498,2B,Ryan,Ryan Bliss,Bliss,6.427272449840199,11,2200,SEA@SD,SEA,SD,IL,Biceps,,,,2B/UTIL
117021-82586,OF,MJ,MJ Melendez,Melendez,3.456249952316284,16,2200,STL@KC,KC,STL,,,,,,OF/UTIL
117021-211631,OF,DaShawn,DaShawn Keirsey Jr.,Keirsey Jr.,2.0371429443359377,35,2200,MIN@MIL,MIN,MIL,,,,,,OF/UTIL
117021-82613,2B,Thairo,Thairo Estrada,Estrada,7.646874745686849,96,2200,COL@ARI,COL,ARI,IL,Wrist,,,,2B/UTIL
117021-13099,C,Travis,Travis d'Arnaud,d'Arnaud,3.3833334181043835,18,2200,LAA@LAD,LAA,LAD,,,,,,C/1B/UTIL
117021-54068,OF,Hunter,Hunter Renfroe,Renfroe,3.169696923458215,33,2200,STL@KC,KC,STL,,,,,,OF/UTIL
117021-68537,2B/3B/SS/OF,Tyler,Tyler Wade,Wade,4.5679998779296875,25,2200,SEA@SD,SD,SEA,,,,,,2B/3B/SS/OF/UTIL
117021-211906,3B/2B/SS,Thomas,Thomas Saggese,Saggese,7.592857360839844,14,2200,STL@KC,STL,KC,,,,,,2B/3B/SS/UTIL
117021-38040,OF,Eddie,Eddie Rosario,Rosario,1.2399999618530273,5,2200,MIN@MIL,MIL,MIN,,,,,,OF/UTIL
117021-197874,2B/3B,Oliver,Oliver Dunn,Dunn,4.985714503696987,14,2200,MIN@MIL,MIL,MIN,,,,,,2B/3B/UTIL
117021-79218,SS/2B/3B,Kevin,Kevin Newman,Newman,1.756250023841858,16,2200,LAA@LAD,LAA,LAD,,,,,,2B/3B/SS/UTIL
117021-101811,OF,Sam,Sam Hilliard,Hilliard,7.791525630627648,59,2200,COL@ARI,COL,ARI,,,,,,OF/UTIL
117021-116339,3B/1B/2B,Abraham,Abraham Toro,Toro,4.116666793823242,6,2200,ATL@BOS,BOS,ATL,,,,,,C/1B/2B/3B/UTIL
117021-165686,3B/SS/2B/1B,Casey,Casey Schmitt,Schmitt,3.9000000953674316,8,2200,ATH@SF,SF,ATH,IL,Oblique,,,,C/1B/2B/3B/SS/UTIL
117021-102380,SS,Nick,Nick Allen,Allen,6.0131578947368425,38,2200,ATL@BOS,ATL,BOS,,,,,,SS/UTIL
117021-180208,2B/3B/SS/OF,Miles,Miles Mastrobuoni,Mastrobuoni,4.200000089757583,34,2200,SEA@SD,SEA,SD,,,,,,2B/3B/SS/OF/UTIL
117021-102398,OF,Jarred,Jarred Kelenic,Kelenic,4.278260935907778,23,2200,ATL@BOS,ATL,BOS,,,,,,OF/UTIL
117021-102454,C,Jhonny,Jhonny Pereda,Pereda,2.4937500953674316,16,2100,ATH@SF,ATH,SF,,,,,,C/1B/UTIL
117021-135288,SS/2B/3B,Alan,Alan Trejo,Trejo,3.078571319580078,14,2100,COL@ARI,COL,ARI,,,,,,2B/3B/SS/UTIL
117021-102550,C,Luis,Luis Campusano,Campusano,4,3,2100,SEA@SD,SD,SEA,,,,,,C/1B/UTIL
117021-135524,OF/2B,Austin,Austin Martin,Martin,5.78494623655914,93,2100,MIN@MIL,MIN,MIL,IL,Hamstring,,,,2B/OF/UTIL
117021-119335,3B/2B/SS,Aaron,Aaron Schunk,Schunk,2.6500000953674316,8,2100,COL@ARI,COL,ARI,,,,,,2B/3B/SS/UTIL
117021-119439,C,Sam,Sam Huff,Huff,4.33999989827474,15,2100,ATH@SF,SF,ATH,,,,,,C/1B/UTIL
117021-164496,C,Adrian,Adrian Del Castillo,Del Castillo,10.315999755859375,25,2100,COL@ARI,ARI,COL,IL,Shoulder,,,,C/1B/UTIL
117021-82605,2B,Keston,Keston Hiura,Hiura,1.700000069358132,11,2100,COL@ARI,COL,ARI,,,,,,2B/UTIL
117021-119637,3B/OF,Ezequiel,Ezequiel Duran,Duran,2.074999968210856,12,2100,HOU@TEX,TEX,HOU,,,,,,3B/OF/UTIL
117021-68525,3B/1B,J.D.,J.D. Davis,Davis,0.6,5,2100,LAA@LAD,LAA,LAD,,,,,,C/1B/3B/UTIL
117021-52147,1B/OF,Kris,Kris Bryant,Bryant,3.6272728659889917,11,2100,COL@ARI,COL,ARI,IL,Back,,,,C/1B/OF/UTIL
117021-13253,C,Martin,Martin Maldonado,Maldonado,3.879166603088379,24,2100,SEA@SD,SD,SEA,,,,,,C/1B/UTIL
117021-189530,OF,Dominic,Dominic Canzone,Canzone,0,2,2100,SEA@SD,SEA,SD,,,,,,OF/UTIL
117021-13412,3B/1B,Donovan,Donovan Solano,Solano,1.4115384908822866,26,2100,SEA@SD,SEA,SD,,,,,,C/1B/3B/UTIL
117021-60672,SS/2B,Tim,Tim Anderson,Anderson,3.8851852416992188,27,2100,LAA@LAD,LAA,LAD,,,,,,2B/SS/UTIL
117021-79136,OF,Daz,Daz Cameron,Cameron,2.4899999618530275,10,2100,MIN@MIL,MIL,MIN,,,,,,OF/UTIL
117021-38297,C,Austin,Austin Barnes,Barnes,4.523076864389273,13,2100,LAA@LAD,LAD,LAA,,,,,,C/1B/UTIL
117021-181814,2B,Edouard,Edouard Julien,Julien,6.089655382879849,29,2100,MIN@MIL,MIN,MIL,,,,,,2B/UTIL
117021-38561,OF/3B/2B,Chris,Chris Taylor,Taylor,1.6714285441807337,28,2100,LAA@LAD,LAD,LAA,,,,,,2B/3B/OF/UTIL
117021-222887,SS/2B,Christian,Christian Koss,Koss,4.5279998779296875,25,2100,ATH@SF,SF,ATH,,,,,,2B/SS/UTIL
117021-181990,C/OF,Blake,Blake Sabol,Sabol,2.737499952316284,8,2100,ATL@BOS,BOS,ATL,,,,,,C/1B/OF/UTIL
117021-165641,SS/2B,Max,Max Muncy,Muncy,4.419047764369419,21,2100,ATH@SF,ATH,SF,,,,,,2B/SS/UTIL
117021-165718,2B/OF,Samad,Samad Taylor,Taylor,1.5499999523162842,4,2100,SEA@SD,SEA,SD,,,,,,2B/OF/UTIL
117021-102285,OF,Cristian,Cristian Pache,Pache,3.2876405180170294,89,2100,COL@ARI,ARI,COL,,,,,,OF/UTIL
117021-102309,OF,Michael,Michael Siani,Siani,1.5444444020589192,18,2100,STL@KC,STL,KC,,,,,,OF/UTIL
117021-102391,OF,Tirso,Tirso Ornelas,Ornelas,1.7857142857142858,7,2100,SEA@SD,SD,SEA,,,,,,OF/UTIL
117021-102403,SS/2B,Marco,Marco Luciano,Luciano,4.362068965517241,29,2000,ATH@SF,SF,ATH,,,,,,2B/SS/UTIL
117021-135195,C,Sebastian,Sebastian Rivero,Rivero,,0,2000,LAA@LAD,LAA,LAD,,,,,,C/1B/UTIL
117021-102427,3B,Jordan,Jordan Groshans,Groshans,,0,2000,STL@KC,KC,STL,,,,,,3B/UTIL
117021-102435,SS/2B/3B,Blaze,Blaze Alexander,Alexander,6.085483674080141,62,2000,COL@ARI,ARI,COL,,,,,,2B/3B/SS/UTIL
117021-102436,OF,Kristian,Kristian Robinson,Robinson,,0,2000,COL@ARI,ARI,COL,,,,,,OF/UTIL
117021-135207,2B,Alex,Alex De Goti,De Goti,,0,2000,HOU@TEX,TEX,HOU,,,,,,2B/UTIL
117021-102453,SS/2B/3B,Zack,Zack Short,Short,3.388372022052144,43,2000,HOU@TEX,HOU,TEX,,,,,,2B/3B/SS/UTIL
117021-102452,OF,Nelson,Nelson Velazquez,Velazquez,7.760937690734863,64,2000,STL@KC,KC,STL,,,,,,OF/UTIL
117021-102461,SS,Aaron,Aaron Bracho,Bracho,,0,2000,LAA@LAD,LAD,LAA,,,,,,SS/UTIL
117021-102472,SS,Raynel,Raynel Delgado,Delgado,,0,2000,MIN@MIL,MIL,MIN,,,,,,SS/UTIL
117021-135254,2B,Eddy,Eddy Alvarez,Alvarez,0.8857142584664481,14,2000,ATL@BOS,ATL,BOS,,,,,,2B/UTIL
117021-135263,C,Brian,Brian O'Keefe,O'Keefe,,0,2000,STL@KC,KC,STL,,,,,,C/1B/UTIL
117021-135267,2B,Kaden,Kaden Polcovich,Polcovich,,0,2000,SEA@SD,SEA,SD,,,,,,2B/UTIL
117021-135265,1B,Austin,Austin Shenton,Shenton,4.7549999237060545,20,2000,SEA@SD,SEA,SD,,,,,,C/1B/UTIL
117021-116841,2B/1B/OF,Sam,Sam Haggerty,Haggerty,3.1399999618530274,5,2000,HOU@TEX,TEX,HOU,,,,,,C/1B/2B/OF/UTIL
117021-102512,OF,Carlos,Carlos Rodriguez,Rodriguez,,0,2000,ATL@BOS,ATL,BOS,,,,,,OF/UTIL
117021-102520,2B,Yunior,Yunior Severino,Severino,0,1,2000,MIN@MIL,MIN,MIL,IL,Hamstring,,,,2B/UTIL
117021-135302,OF,Brayan,Brayan Buelvas,Buelvas,,0,2000,ATH@SF,ATH,SF,,,,,,OF/UTIL
117021-102541,OF,Jared,Jared Oliva,Oliva,,0,2000,MIN@MIL,MIL,MIN,,,,,,OF/UTIL
117021-102563,3B/2B/SS,Jonathan,Jonathan Ornelas,Ornelas,0.75,4,2000,HOU@TEX,TEX,HOU,,,,,,2B/3B/SS/UTIL
117021-198865,OF,Druw,Druw Jones,Jones,,0,2000,COL@ARI,ARI,COL,,,,,,OF/UTIL
117021-145617,C,David,David Garcia,Garcia,,0,2000,MIN@MIL,MIL,MIN,,,,,,C/1B/UTIL
117021-198871,SS,Tommy,Tommy Troy,Troy,,0,2000,COL@ARI,ARI,COL,,,,,,SS/UTIL
117021-194773,C,Logan,Logan Porter,Porter,,0,2000,ATH@SF,SF,ATH,,,,,,C/1B/UTIL
117021-198888,OF,Jacob,Jacob Melton,Melton,,0,2000,HOU@TEX,HOU,TEX,,,,,,OF/UTIL
117021-198895,OF,Walker,Walker Jenkins,Jenkins,,0,2000,MIN@MIL,MIN,MIL,IL,Ankle,,,,OF/UTIL
117021-198892,OF,Josue,Josue De Paula,De Paula,,0,2000,LAA@LAD,LAD,LAA,,,,,,OF/UTIL
117021-198897,3B,Brock,Brock Wilken,Wilken,,0,2000,MIN@MIL,MIL,MIN,,,,,,3B/UTIL
117021-198918,C,Ethan,Ethan Salas,Salas,,0,2000,SEA@SD,SD,SEA,IL,Back,,,,C/1B/UTIL
117021-198931,SS,Felnin,Felnin Celesten,Celesten,,0,2000,SEA@SD,SEA,SD,,,,,,SS/UTIL
117021-198933,SS,Sebastian,Sebastian Walcott,Walcott,,0,2000,HOU@TEX,TEX,HOU,,,,,,SS/UTIL
117021-198937,OF,Bryce,Bryce Eldridge,Eldridge,,0,2000,ATH@SF,SF,ATH,,,,,,OF/UTIL
117021-82251,OF,Tim,Tim Locastro,Locastro,0,1,2000,SEA@SD,SD,SEA,IL,Undisclosed,,,,OF/UTIL
117021-135529,OF,Jake,Jake Vogel,Vogel,,0,2000,LAA@LAD,LAD,LAA,,,,,,OF/UTIL
117021-180644,2B,Nate,Nate Mondou,Mondou,0,1,2000,SEA@SD,SD,SEA,,,,,,2B/UTIL
117021-180694,OF,Cade,Cade Marlowe,Marlowe,1.355555534362793,9,2000,SEA@SD,SEA,SD,IL,Undisclosed,,,,OF/UTIL
117021-96765,C,Joe,Joe Hudson,Hudson,0,1,2000,HOU@TEX,HOU,TEX,,,,,,C/1B/UTIL
117021-119308,SS,Adam,Adam Hall,Hall,,0,2000,MIN@MIL,MIL,MIN,,,,,,SS/UTIL
117021-119313,SS,Matthew,Matthew Lugo,Lugo,10.685714721679688,7,2000,LAA@LAD,LAA,LAD,,,,,,SS/UTIL
117021-219667,OF,Jhostynxon,Jhostynxon Garcia,Garcia,,0,2000,ATL@BOS,BOS,ATL,,,,,,OF/UTIL
117021-219664,OF,Matt,Matt Koperniak,Koperniak,,0,2000,STL@KC,STL,KC,,,,,,OF/UTIL
117021-119333,OF/2B,Tyler,Tyler Freeman,Freeman,5.328571319580078,7,2000,COL@ARI,COL,ARI,,,,,,2B/OF/UTIL
117021-16951,3B,Anthony,Anthony Rendon,Rendon,7.038596705386513,57,2000,LAA@LAD,LAA,LAD,IL,Hip,,,,3B/UTIL
117021-119353,3B,Kody,Kody Hoese,Hoese,,0,2000,LAA@LAD,LAD,LAA,,,,,,3B/UTIL
117021-156226,OF,Pedro,Pedro Leon,Leon,3.4571429661342075,7,2000,HOU@TEX,HOU,TEX,IL,Knee,,,,OF/UTIL
117021-119360,OF,Pablo,Pablo Abreu,Abreu,,0,2000,MIN@MIL,MIL,MIN,,,,,,OF/UTIL
117021-156224,C,Willie,Willie MacIver,MacIver,,0,2000,ATH@SF,ATH,SF,,,,,,C/1B/UTIL
117021-119362,SS,Eduardo,Eduardo Garcia,Garcia,,0,2000,MIN@MIL,MIL,MIN,,,,,,SS/UTIL
117021-119371,2B,Devin,Devin Mann,Mann,,0,2000,ATH@SF,SF,ATH,,,,,,2B/UTIL
117021-119370,SS,Will,Will Holland,Holland,,0,2000,MIN@MIL,MIN,MIL,,,,,,SS/UTIL
117021-119393,SS,Robert,Robert Puason,Puason,,0,2000,ATH@SF,ATH,SF,,,,,,SS/UTIL
117021-82531,C,Andy,Andy Yerzy,Yerzy,,0,2000,STL@KC,STL,KC,,,,,,C/1B/UTIL
117021-119394,SS,Logan,Logan Davidson,Davidson,,0,2000,ATH@SF,ATH,SF,,,,,,SS/UTIL
117021-119402,C,Rodolfo,Rodolfo Duran,Duran,,0,2000,SEA@SD,SD,SEA,,,,,,C/1B/UTIL
117021-119419,OF,Hunter,Hunter Bishop,Bishop,,0,2000,ATH@SF,SF,ATH,,,,,,OF/UTIL
117021-119418,OF,Jairo,Jairo Pomares,Pomares,,0,2000,ATH@SF,SF,ATH,,,,,,OF/UTIL
117021-82556,OF,Taylor,Taylor Trammell,Trammell,1.1272726925936611,11,2000,HOU@TEX,HOU,TEX,IL,Calf,,,,OF/UTIL
117021-223870,C,Braxton,Braxton Fulford,Fulford,4.675000190734863,4,2000,COL@ARI,COL,ARI,,,,,,C/1B/UTIL
117021-82558,OF,Conner,Conner Capel,Capel,2.171428544180734,7,2000,ATL@BOS,ATL,BOS,,,,,,OF/UTIL
117021-119424,C,Julio E.,Julio E. Rodriguez,Rodriguez,,0,2000,SEA@SD,SEA,SD,,,,,,C/1B/UTIL
117021-82567,1B/OF,Ryan,Ryan Vilade,Vilade,4.027777777777778,18,2000,STL@KC,STL,KC,,,,,,C/1B/OF/UTIL
117021-201354,3B,Brett,Brett Harris,Harris,6.333333333333333,36,2000,ATH@SF,ATH,SF,IL,Undisclosed,,,,3B/UTIL
117021-119434,OF,Moises,Moises Gomez,Gomez,,0,2000,SEA@SD,SD,SEA,,,,,,OF/UTIL
117021-164499,3B,A.J.,A.J. Vukovich,Vukovich,,0,2000,COL@ARI,ARI,COL,,,,,,3B/UTIL
117021-164502,SS/2B,Vaughn,Vaughn Grissom,Grissom,4.787878787878788,33,2000,ATL@BOS,BOS,ATL,,,,,,2B/SS/UTIL
117021-164501,SS,Cal,Cal Conley,Conley,,0,2000,ATL@BOS,ATL,BOS,,,,,,SS/UTIL
117021-203418,2B/3B/1B/OF,Armando,Armando Alvarez,Alvarez,4.462500095367432,16,2000,MIN@MIL,MIN,MIL,,,,,,C/1B/2B/3B/OF/UTIL
117021-203417,C,Nick,Nick Raposo,Raposo,,0,2000,SEA@SD,SEA,SD,,,,,,C/1B/UTIL
117021-82589,OF/1B,Nick,Nick Pratto,Pratto,0,2,2000,STL@KC,KC,STL,,,,,,C/1B/OF/UTIL
117021-164508,OF,Jesse,Jesse Franklin,Franklin,,0,2000,ATL@BOS,ATL,BOS,,,,,,OF/UTIL
117021-164518,2B,Tyler,Tyler McDonough,McDonough,,0,2000,ATL@BOS,BOS,ATL,IL,Undisclosed,,,,2B/UTIL
117021-164519,3B,Alex,Alex Binelas,Binelas,,0,2000,ATL@BOS,BOS,ATL,,,,,,3B/UTIL
117021-164516,SS,Marcelo,Marcelo Mayer,Mayer,,0,2000,ATL@BOS,BOS,ATL,,,,,,SS/UTIL
117021-21161,2B,Yolmer,Yolmer Sanchez,Sanchez,,0,2000,LAA@LAD,LAA,LAD,,,,,,2B/UTIL
117021-164526,C,Nathan,Nathan Hickey,Hickey,,0,2000,ATL@BOS,BOS,ATL,,,,,,C/1B/UTIL
117021-82616,2B/3B/SS,Luis,Luis Guillorme,Guillorme,3.858227693581883,79,2000,HOU@TEX,HOU,TEX,,,,,,2B/3B/SS/UTIL
117021-207557,2B/SS/3B,Nick,Nick Sogard,Sogard,6.133333206176758,6,2000,ATL@BOS,BOS,ATL,,,,,,2B/3B/SS/UTIL
117021-82637,1B,Evan,Evan White,White,0,2,2000,LAA@LAD,LAA,LAD,IL,Hip,,,,C/1B/UTIL
117021-17105,C,Sandy,Sandy Leon,Leon,0,2,2000,ATL@BOS,ATL,BOS,,,,,,C/1B/UTIL
117021-103125,2B/SS/OF,Jack,Jack Lopez,Lopez,3.8551725190261315,29,2000,SEA@SD,SEA,SD,,,,,,2B/SS/OF/UTIL
117021-187103,2B/3B/1B,Andruw,Andruw Monasterio,Monasterio,1.8,5,2000,MIN@MIL,MIL,MIN,,,,,,C/1B/2B/3B/UTIL
117021-203490,OF,Steward,Steward Berroa,Berroa,3.9250000544956754,28,2000,LAA@LAD,LAD,LAA,,,,,,OF/UTIL
117021-82659,3B,Carter,Carter Kieboom,Kieboom,0,1,2000,LAA@LAD,LAA,LAD,,,,,,3B/UTIL
117021-82661,OF,Daniel,Daniel Johnson,Johnson,1.600000023841858,2,2000,ATH@SF,SF,ATH,,,,,,OF/UTIL
117021-17171,C,James,James McCann,McCann,7.277941086713006,68,2000,ATL@BOS,ATL,BOS,,,,,,C/1B/UTIL
117021-209703,OF,Grant,Grant McCray,McCray,7.17837854333826,37,2000,ATH@SF,SF,ATH,,,,,,OF/UTIL
117021-176937,C,Chuckie,Chuckie Robinson,Robinson,1.976923135610727,26,2000,LAA@LAD,LAA,LAD,,,,,,C/1B/UTIL
117021-211757,OF,Bryce,Bryce Teodosio,Teodosio,1.2399999618530273,5,2000,LAA@LAD,LAA,LAD,,,,,,OF/UTIL
117021-193328,OF,Wade,Wade Meckler,Meckler,0,2,2000,ATH@SF,SF,ATH,IL,Undisclosed,,,,OF/UTIL
117021-119627,OF,Erick,Erick Pena,Pena,,0,2000,STL@KC,KC,STL,,,,,,OF/UTIL
117021-119633,OF,Misael,Misael Urbina,Urbina,,0,2000,MIN@MIL,MIN,MIL,,,,,,OF/UTIL
117021-119632,OF,Hedbert,Hedbert Perez,Perez,,0,2000,MIN@MIL,MIL,MIN,,,,,,OF/UTIL
117021-174963,SS,Charles,Charles Leblanc,Leblanc,8.290908813476562,11,2000,ATL@BOS,ATL,BOS,IL,Undisclosed,,,,SS/UTIL
117021-203639,3B,CJ,CJ Alexander,Alexander,0.75,4,2000,ATH@SF,ATH,SF,,,,,,3B/UTIL
117021-209786,1B,Niko,Niko Kavadas,Kavadas,0,1,2000,LAA@LAD,LAA,LAD,,,,,,C/1B/UTIL
117021-170879,C,Chris,Chris Okey,Okey,0,2,2000,LAA@LAD,LAD,LAA,,,,,,C/1B/UTIL
117021-82824,1B,Mike,Mike Ford,Ford,3.600000080309416,19,2000,MIN@MIL,MIN,MIL,,,,,,C/1B/UTIL
117021-52157,C,Tom,Tom Murphy,Murphy,3.7571427481515065,14,2000,ATH@SF,SF,ATH,IL,Back,,,,C/1B/UTIL
117021-13262,OF,Jurickson,Jurickson Profar,Profar,4.599999904632568,4,2000,ATL@BOS,ATL,BOS,NA,Suspension,,,,OF/UTIL
117021-80852,2B/SS/3B/OF,Ildemaro,Ildemaro Vargas,Vargas,5.583673593949299,98,2000,COL@ARI,ARI,COL,,,,,,2B/3B/SS/OF/UTIL
117021-13304,C,Tucker,Tucker Barnhart,Barnhart,3.75,4,2000,HOU@TEX,TEX,HOU,,,,,,C/1B/UTIL
117021-97291,2B,Harold,Harold Castro,Castro,,0,2000,STL@KC,KC,STL,IL,Undisclosed,,,,2B/UTIL
117021-171037,C,Jason,Jason Delay,Delay,6.400000095367432,8,2000,ATL@BOS,ATL,BOS,,,,,,C/1B/UTIL
117021-83051,2B/3B,David,David Bote,Bote,2.4051282833784056,39,2000,LAA@LAD,LAD,LAA,,,,,,2B/3B/UTIL
117021-171112,OF,Sean,Sean Bouchard,Bouchard,3.9322581137380292,31,2000,COL@ARI,COL,ARI,,,,,,OF/UTIL
117021-13436,C,Max,Max Stassi,Stassi,0,1,2000,ATH@SF,SF,ATH,,,,,,C/1B/UTIL
117021-197761,C,Jair,Jair Camargo,Camargo,1.0333333015441895,6,2000,MIN@MIL,MIN,MIL,,,,,,C/1B/UTIL
117021-197764,C,Blake,Blake Hunt,Hunt,0,1,2000,SEA@SD,SEA,SD,,,,,,C/1B/UTIL
117021-81046,1B,Garrett,Garrett Cooper,Cooper,4.883783701303843,37,2000,ATL@BOS,ATL,BOS,,,,,,C/1B/UTIL
117021-195795,C,Chandler,Chandler Seagle,Seagle,,0,2000,ATL@BOS,ATL,BOS,,,,,,C/1B/UTIL
117021-60634,OF,Forrest,Forrest Wall,Wall,4.072222391764323,18,2000,SEA@SD,SD,SEA,,,,,,OF/UTIL
117021-79075,SS,Kevin,Kevin Maitan,Maitan,,0,2000,MIN@MIL,MIN,MIL,,,,,,SS/UTIL
117021-83174,3B,Sergio,Sergio Alcantara,Alcantara,0,2,2000,ATH@SF,SF,ATH,,,,,,3B/UTIL
117021-109803,C,Austin,Austin Nola,Nola,0,1,2000,COL@ARI,COL,ARI,IL,Undisclosed,,,,C/1B/UTIL
117021-79087,1B,Michael,Michael Chavis,Chavis,0,1,2000,LAA@LAD,LAD,LAA,,,,,,C/1B/UTIL
117021-146675,3B,Blaze,Blaze Jordan,Jordan,,0,2000,ATL@BOS,BOS,ATL,,,,,,3B/UTIL
117021-197883,OF,Kenedy,Kenedy Corona,Corona,0,1,2000,HOU@TEX,HOU,TEX,,,,,,OF/UTIL
117021-146680,C,Drew,Drew Romo,Romo,4.737500190734863,16,2000,COL@ARI,COL,ARI,IL,Finger,,,,C/1B/UTIL
117021-197881,OF,Yanquiel,Yanquiel Fernandez,Fernandez,0,1,2000,COL@ARI,COL,ARI,,,,,,OF/UTIL
117021-146681,OF,Zac,Zac Veen,Veen,4.100000063578288,12,2000,COL@ARI,COL,ARI,,,,,,OF/UTIL
117021-146686,OF,Colin,Colin Barber,Barber,,0,2000,HOU@TEX,HOU,TEX,,,,,,OF/UTIL
117021-146690,3B/2B/1B,Nick,Nick Loftin,Loftin,4.620689655172414,58,2000,STL@KC,KC,STL,,,,,,C/1B/2B/3B/UTIL
117021-146694,SS,Arol,Arol Vera,Vera,,0,2000,LAA@LAD,LAA,LAD,,,,,,SS/UTIL
117021-197895,OF,Tyler,Tyler Gentry,Gentry,0,4,2000,STL@KC,KC,STL,,,,,,OF/UTIL
117021-146692,OF,David,David Calabrese,Calabrese,,0,2000,LAA@LAD,LAA,LAD,,,,,,OF/UTIL
117021-146693,OF,Alexander,Alexander Ramirez,Ramirez,,0,2000,LAA@LAD,LAA,LAD,,,,,,OF/UTIL
117021-146703,1B,Aaron,Aaron Sabato,Sabato,,0,2000,MIN@MIL,MIN,MIL,,,,,,C/1B/UTIL
117021-146700,SS,Freddy,Freddy Zamora,Zamora,,0,2000,MIN@MIL,MIL,MIN,,,,,,SS/UTIL
117021-197904,SS/3B,Darell,Darell Hernaiz,Hernaiz,4.012245022520727,49,2000,ATH@SF,ATH,SF,,,,,,3B/SS/UTIL
117021-197915,C,Hunter,Hunter Feduccia,Feduccia,1.5,2,2000,LAA@LAD,LAD,LAA,,,,,,C/1B/UTIL
117021-13596,OF,Trayce,Trayce Thompson,Thompson,0,3,2000,ATL@BOS,BOS,ATL,,,,,,OF/UTIL
117021-146718,SS,Casey,Casey Martin,Martin,,0,2000,MIN@MIL,MIL,MIN,,,,,,SS/UTIL
117021-146719,OF,Junior,Junior Perez,Perez,,0,2000,ATH@SF,ATH,SF,,,,,,OF/UTIL
117021-146726,OF,Josh,Josh Mears,Mears,,0,2000,SEA@SD,SD,SEA,,,,,,OF/UTIL
117021-146738,2B,Justin,Justin Foscue,Foscue,1.756250023841858,16,2000,HOU@TEX,TEX,HOU,,,,,,2B/UTIL
117021-38196,1B,Jake,Jake Lamb,Lamb,0,1,2000,ATH@SF,SF,ATH,,,,,,C/1B/UTIL
117021-79156,SS/2B,David,David Fletcher,Fletcher,2.1666666666666665,6,2000,ATL@BOS,ATL,BOS,,,,,,2B/SS/UTIL
117021-79174,C,Jacob,Jacob Nottingham,Nottingham,,0,2000,SEA@SD,SEA,SD,,,,,,C/1B/UTIL
117021-85320,C,Michael,Michael Perez,Perez,0,1,2000,COL@ARI,ARI,COL,,,,,,C/1B/UTIL
117021-79189,2B,Travis,Travis Blankenhorn,Blankenhorn,2.9928572518484935,14,2000,LAA@LAD,LAA,LAD,IL,Undisclosed,,,,2B/UTIL
117021-181596,2B/3B,Jose,Jose Fermin,Fermin,2.434042585656998,47,2000,STL@KC,STL,KC,,,,,,2B/3B/UTIL
117021-79213,SS,Scott,Scott Kingery,Kingery,0,2,2000,LAA@LAD,LAA,LAD,,,,,,SS/UTIL
117021-79240,C,Aramis,Aramis Garcia,Garcia,0,3,2000,COL@ARI,ARI,COL,,,,,,C/1B/UTIL
117021-152972,2B/OF,Luke,Luke Williams,Williams,3.799999952316284,4,2000,ATL@BOS,ATL,BOS,,,,,,2B/OF/UTIL
117021-193947,SS,Mason,Mason McCoy,McCoy,0,4,2000,SEA@SD,SD,SEA,IL,Finger,,,,SS/UTIL
117021-101807,C,Seby,Seby Zavala,Zavala,3.2526315387926603,19,2000,ATL@BOS,BOS,ATL,IL,Oblique,,,,C/1B/UTIL
117021-38324,C,Jorge,Jorge Alfaro,Alfaro,,0,2000,MIN@MIL,MIL,MIN,,,,,,C/1B/UTIL
117021-136673,C,Mark,Mark Kolozsvary,Kolozsvary,0,2,2000,ATL@BOS,BOS,ATL,,,,,,C/1B/UTIL
117021-155109,2B,Alejo,Alejo Lopez,Lopez,0,2,2000,ATH@SF,ATH,SF,,,,,,2B/UTIL
117021-173546,OF,Nate,Nate Eaton,Eaton,0,1,2000,ATL@BOS,BOS,ATL,,,,,,OF/UTIL
117021-226808,1B,Blaine,Blaine Crim,Crim,1.8399999618530274,5,2000,HOU@TEX,TEX,HOU,,,,,,C/1B/UTIL
117021-202259,1B,Trenton,Trenton Brooks,Brooks,3.3416665395100913,12,2000,SEA@SD,SD,SEA,,,,,,C/1B/UTIL
117021-226840,OF,Carson,Carson McCusker,McCusker,,0,2000,MIN@MIL,MIN,MIL,,,,,,OF/UTIL
117021-181790,OF,Diego,Diego Hernandez,Hernandez,,0,2000,STL@KC,KC,STL,IL,Undisclosed,,,,OF/UTIL
117021-95772,C,Beau,Beau Taylor,Taylor,,0,2000,SEA@SD,SEA,SD,,,,,,C/1B/UTIL
117021-175654,OF,Bryce,Bryce Johnson,Johnson,2.442553256420379,47,2000,SEA@SD,SD,SEA,,,,,,OF/UTIL
117021-181797,3B,Warming,Warming Bernabel,Bernabel,,0,2000,COL@ARI,COL,ARI,,,,,,3B/UTIL
117021-181820,OF/2B/SS,Brett,Brett Wisely,Wisely,2.0399999618530273,5,2000,ATH@SF,SF,ATH,,,,,,2B/SS/OF/UTIL
117021-181824,SS,Osleivis,Osleivis Basabe,Basabe,0,1,2000,ATH@SF,SF,ATH,,,,,,SS/UTIL
117021-222785,2B,Luke,Luke Keaschall,Keaschall,14.400000435965401,7,2000,MIN@MIL,MIN,MIL,IL,Forearm,,,,2B/UTIL
117021-222791,OF,Zyhir,Zyhir Hope,Hope,,0,2000,LAA@LAD,LAD,LAA,,,,,,OF/UTIL
117021-222788,SS,Alex,Alex Freeland,Freeland,,0,2000,LAA@LAD,LAD,LAA,,,,,,SS/UTIL
117021-181835,OF,Jorge,Jorge Barrosa,Barrosa,6.44000015258789,5,2000,COL@ARI,ARI,COL,,,,,,OF/UTIL
117021-222793,OF,Robert,Robert Calaz,Calaz,,0,2000,COL@ARI,COL,ARI,,,,,,OF/UTIL
117021-222792,OF,Charlie,Charlie Condon,Condon,,0,2000,COL@ARI,COL,ARI,IL,Wrist,,,,OF/UTIL
117021-167500,OF,Joey,Joey Wiemer,Wiemer,1.4476190294538225,21,2000,STL@KC,KC,STL,,,,,,OF/UTIL
117021-222803,2B,Demetrio,Demetrio Crisantes,Crisantes,,0,2000,COL@ARI,ARI,COL,,,,,,2B/UTIL
117021-222802,OF,Ryan,Ryan Waldschmidt,Waldschmidt,,0,2000,COL@ARI,ARI,COL,,,,,,OF/UTIL
117021-222806,1B,Jac,Jac Caglianone,Caglianone,,0,2000,STL@KC,KC,STL,,,,,,C/1B/UTIL
117021-222805,C,Blake,Blake Mitchell,Mitchell,,0,2000,STL@KC,KC,STL,IL,Wrist,,,,C/1B/UTIL
117021-222804,OF,Slade,Slade Caldwell,Caldwell,,0,2000,COL@ARI,ARI,COL,,,,,,OF/UTIL
117021-222815,3B,Mike,Mike Boeve,Boeve,,0,2000,MIN@MIL,MIL,MIN,,,,,,3B/UTIL
117021-222818,SS,Leodalis,Leodalis De Vries,De Vries,,0,2000,SEA@SD,SD,SEA,,,,,,SS/UTIL
117021-222817,SS,Jesus,Jesus Made,Made,,0,2000,MIN@MIL,MIL,MIN,,,,,,SS/UTIL
117021-222816,SS,Cooper,Cooper Pratt,Pratt,,0,2000,MIN@MIL,MIL,MIN,,,,,,SS/UTIL
117021-222827,SS,Franklin,Franklin Arias,Arias,,0,2000,ATL@BOS,BOS,ATL,,,,,,SS/UTIL
117021-222826,SS,Yoeilin,Yoeilin Cespedes,Cespedes,,0,2000,ATL@BOS,BOS,ATL,,,,,,SS/UTIL
117021-222835,C,Jimmy,Jimmy Crooks,Crooks,,0,2000,STL@KC,STL,KC,,,,,,C/1B/UTIL
117021-222839,SS,Colt,Colt Emerson,Emerson,,0,2000,SEA@SD,SEA,SD,,,,,,SS/UTIL
117021-222836,SS,JJ,JJ Wetherholt,Wetherholt,,0,2000,STL@KC,STL,KC,,,,,,SS/UTIL
117021-222842,2B,Michael,Michael Arroyo,Arroyo,,0,2000,SEA@SD,SEA,SD,,,,,,2B/UTIL
117021-222841,OF,Lazaro,Lazaro Montes,Montes,,0,2000,SEA@SD,SEA,SD,,,,,,OF/UTIL
117021-222840,OF,Jonny,Jonny Farmelo,Farmelo,,0,2000,SEA@SD,SEA,SD,,,,,,OF/UTIL
117021-222845,SS,Brice,Brice Matthews,Matthews,,0,2000,HOU@TEX,HOU,TEX,IL,Concussion,,,,SS/UTIL
117021-222844,SS,Cole,Cole Young,Young,,0,2000,SEA@SD,SEA,SD,,,,,,SS/UTIL
117021-222860,2B,Christian,Christian Moore,Moore,,0,2000,LAA@LAD,LAA,LAD,,,,,,2B/UTIL
117021-165526,OF,Benny,Benny Montgomery,Montgomery,,0,2000,COL@ARI,COL,ARI,,,,,,OF/UTIL
117021-165532,3B,Julio,Julio Carreras,Carreras,0,1,2000,COL@ARI,COL,ARI,,,,,,3B/UTIL
117021-220839,2B,Cooper,Cooper Bowman,Bowman,,0,2000,ATH@SF,ATH,SF,,,,,,2B/UTIL
117021-165558,OF,Tyler,Tyler Whitaker,Whitaker,,0,2000,HOU@TEX,HOU,TEX,,,,,,OF/UTIL
117021-222902,2B,Tyler,Tyler Tolbert,Tolbert,3.507692190317007,13,2000,STL@KC,KC,STL,,,,,,2B/UTIL
117021-165563,SS,Cristian,Cristian Gonzalez,Gonzalez,,0,2000,HOU@TEX,HOU,TEX,,,,,,SS/UTIL
117021-163513,C,Rene,Rene Pinto,Pinto,5.578947368421052,19,2000,COL@ARI,ARI,COL,,,,,,C/1B/UTIL
117021-165567,3B/2B,Shay,Shay Whitcomb,Whitcomb,3.584999847412109,20,2000,HOU@TEX,HOU,TEX,,,,,,2B/3B/UTIL
117021-165565,2B,Peyton,Peyton Wilson,Wilson,,0,2000,STL@KC,KC,STL,,,,,,2B/UTIL
117021-165574,SS,Daniel,Daniel Vazquez,Vazquez,,0,2000,STL@KC,KC,STL,,,,,,SS/UTIL
117021-165575,SS,Denzer,Denzer Guzman,Guzman,,0,2000,LAA@LAD,LAA,LAD,,,,,,SS/UTIL
117021-165579,C,Carter,Carter Jensen,Jensen,,0,2000,STL@KC,KC,STL,,,,,,C/1B/UTIL
117021-165576,SS,Adrian,Adrian Placencia,Placencia,,0,2000,LAA@LAD,LAA,LAD,,,,,,SS/UTIL
117021-188114,SS,Connor,Connor Kaiser,Kaiser,,0,2000,COL@ARI,ARI,COL,,,,,,SS/UTIL
117021-165590,SS,Wilman,Wilman Diaz,Diaz,,0,2000,LAA@LAD,LAD,LAA,,,,,,SS/UTIL
117021-165593,OF,Jose,Jose Ramos,Ramos,0,2,2000,LAA@LAD,LAD,LAA,IL,Undisclosed,,,,OF/UTIL
117021-165598,C,Jesus,Jesus Galiz,Galiz,,0,2000,LAA@LAD,LAD,LAA,IL,Undisclosed,,,,C/1B/UTIL
117021-165601,SS,Jose,Jose Salas,Salas,,0,2000,MIN@MIL,MIN,MIL,,,,,,SS/UTIL
117021-165606,1B/3B/OF,Tyler,Tyler Black,Black,5.433333502875434,18,2000,MIN@MIL,MIL,MIN,IL,Hand,,,,C/1B/3B/OF/UTIL
117021-181991,1B,Ryan,Ryan Noda,Noda,4.016666836208767,36,2000,LAA@LAD,LAA,LAD,,,,,,C/1B/UTIL
117021-165604,C,Jeferson,Jeferson Quero,Quero,,0,2000,MIN@MIL,MIL,MIN,IL,Hamstring,,,,C/1B/UTIL
117021-165610,3B,Zavier,Zavier Warren,Warren,,0,2000,MIN@MIL,MIL,MIN,,,,,,3B/UTIL
117021-165619,SS,Noah,Noah Miller,Miller,,0,2000,LAA@LAD,LAD,LAA,IL,Knee,,,,SS/UTIL
117021-165622,SS,Jheremy,Jheremy Vargas,Vargas,,0,2000,MIN@MIL,MIL,MIN,,,,,,SS/UTIL
117021-165623,OF,Carlos,Carlos Cortes,Cortes,,0,2000,ATH@SF,ATH,SF,,,,,,OF/UTIL
117021-165626,OF,Emmanuel,Emmanuel Rodriguez,Rodriguez,0,1,2000,MIN@MIL,MIN,MIL,,,,,,OF/UTIL
117021-165644,OF,Pedro,Pedro Pineda,Pineda,,0,2000,ATH@SF,ATH,SF,,,,,,OF/UTIL
117021-165645,OF,Denzel,Denzel Clarke,Clarke,,0,2000,ATH@SF,ATH,SF,,,,,,OF/UTIL
117021-206608,SS/2B,Nacho,Nacho Alvarez Jr.,Alvarez Jr.,2.2750000953674316,8,2000,ATL@BOS,ATL,BOS,IL,Wrist,,,,2B/SS/UTIL
117021-165652,OF,Yhoswar,Yhoswar Garcia,Garcia,,0,2000,MIN@MIL,MIL,MIN,,,,,,OF/UTIL
117021-165662,SS,Euribiel,Euribiel Angeles,Angeles,,0,2000,ATH@SF,ATH,SF,,,,,,SS/UTIL
117021-165670,C,Brandon,Brandon Valenzuela,Valenzuela,,0,2000,SEA@SD,SD,SEA,,,,,,C/1B/UTIL
117021-165669,2B,Max,Max Ferguson,Ferguson,,0,2000,ATL@BOS,BOS,ATL,,,,,,2B/UTIL
117021-165672,C,Harry,Harry Ford,Ford,,0,2000,SEA@SD,SEA,SD,,,,,,C/1B/UTIL
117021-165679,3B,Milkar,Milkar Perez,Perez,,0,2000,SEA@SD,SEA,SD,,,,,,3B/UTIL
117021-165683,OF,Gabriel,Gabriel Gonzalez,Gonzalez,,0,2000,MIN@MIL,MIN,MIL,,,,,,OF/UTIL
117021-165681,3B,Starlin,Starlin Aguilar,Aguilar,,0,2000,SEA@SD,SEA,SD,,,,,,3B/UTIL
117021-165685,SS,Aeverson,Aeverson Arteaga,Arteaga,,0,2000,ATH@SF,SF,ATH,,,,,,SS/UTIL
117021-165690,C,Brett,Brett Auerbach,Auerbach,,0,2000,ATH@SF,SF,ATH,,,,,,C/1B/UTIL
117021-165692,OF,Joshua,Joshua Baez,Baez,,0,2000,STL@KC,STL,KC,,,,,,OF/UTIL
117021-110404,3B,Mike,Mike Brosseau,Brosseau,0,1,2000,SEA@SD,SD,SEA,,,,,,3B/UTIL
117021-163653,OF,Allan,Allan Cerda,Cerda,,0,2000,MIN@MIL,MIN,MIL,,,,,,OF/UTIL
117021-165711,SS,Cam,Cam Cauley,Cauley,,0,2000,HOU@TEX,TEX,HOU,,,,,,SS/UTIL
117021-165708,2B,Trevor,Trevor Hauver,Hauver,,0,2000,HOU@TEX,TEX,HOU,IL,Undisclosed,,,,2B/UTIL
117021-163661,3B/2B,Eguy,Eguy Rosario,Rosario,4.193548387096774,31,2000,SEA@SD,SD,SEA,,,,,,2B/3B/UTIL
117021-165709,OF,Yeison,Yeison Morrobel,Morrobel,,0,2000,HOU@TEX,TEX,HOU,,,,,,OF/UTIL
117021-165713,OF,Aaron,Aaron Zavala,Zavala,,0,2000,HOU@TEX,TEX,HOU,,,,,,OF/UTIL
117021-163669,C,Bryan,Bryan Lavastida,Lavastida,,0,2000,HOU@TEX,HOU,TEX,,,,,,C/1B/UTIL
117021-163694,SS,Eddys,Eddys Leonard,Leonard,0,1,2000,ATL@BOS,ATL,BOS,,,,,,SS/UTIL
117021-102279,3B,Drew,Drew Ellis,Ellis,,0,2000,ATH@SF,SF,ATH,,,,,,3B/UTIL
117021-102282,OF,Jake,Jake McCarthy,McCarthy,3.5642858232770647,14,2000,COL@ARI,ARI,COL,,,,,,OF/UTIL
117021-102303,1B,Triston,Triston Casas,Casas,6.327586206896552,29,2000,ATL@BOS,BOS,ATL,IL,Knee,,,,C/1B/UTIL
117021-202657,1B,Tyler,Tyler Locklear,Locklear,5.006249904632568,16,2000,SEA@SD,SEA,SD,,,,,,C/1B/UTIL
117021-102339,C,Diego,Diego Cartaya,Cartaya,0,2,2000,MIN@MIL,MIN,MIL,,,,,,C/1B/UTIL
117021-81869,C,Chad,Chad Wallach,Wallach,,0,2000,HOU@TEX,TEX,HOU,,,,,,C/1B/UTIL
117021-171986,3B,Matthew,Matthew Batten,Batten,4.5,2,2000,ATL@BOS,ATL,BOS,,,,,,3B/UTIL
117021-102358,SS,Jose,Jose Devers,Devers,1.2399999618530273,5,2000,ATL@BOS,ATL,BOS,,,,,,SS/UTIL
117021-102360,OF,Connor,Connor Scott,Scott,,0,2000,STL@KC,KC,STL,IL,Undisclosed,,,,OF/UTIL
117021-102374,C,Anthony,Anthony Seigler,Seigler,,0,2000,MIN@MIL,MIL,MIN,,,,,,C/1B/UTIL
117021-102384,SS,Jeremy,Jeremy Eierman,Eierman,,0,2000,ATH@SF,ATH,SF,,,,,,SS/UTIL
117021-102388,OF,Cal,Cal Mitchell,Mitchell,,0,2000,ATH@SF,SF,ATH,,,,,,OF/UTIL
117021-102392,OF,Esteury,Esteury Ruiz,Ruiz,5.896551724137931,29,2000,LAA@LAD,LAD,LAA,,,,,,OF/UTIL