Id,Position,First Name,Nickname,Last Name,FPPG,Played,Salary,Game,Team,Opponent,Injury Indicator,Injury Details,Tier,Probable Pitcher,Batting Order,Roster Position
116438-79270,P,Cole,Cole Ragans,Ragans,33.166666666666664,6,10500,KC@BAL,KC,BAL,DTD,Groin,,,,P
116438-198625,P,Yoshinobu,Yoshinobu Yamamoto,Yamamoto,42.142857142857146,7,10500,LAD@ATL,LAD,ATL,,,,,,P
116438-102396,P,Logan,Logan Gilbert,Gilbert,34.833333333333336,6,10400,SEA@TEX,SEA,TEX,IL,Elbow,,,,P
116438-82635,P,MacKenzie,MacKenzie Gore,Gore,40.57142857142857,7,10300,WSH@CIN,WSH,CIN,,,,,,P
116438-83190,P,Freddy,Freddy Peralta,Peralta,33.42857142857143,7,10200,CHC@MIL,MIL,CHC,,,,,,P
116438-162445,P,Spencer,Spencer Strider,Strider,24,1,10200,LAD@ATL,ATL,LAD,IL,Hamstring,,,,P
116438-52183,P,Tyler,Tyler Glasnow,Glasnow,21.2,5,10200,LAD@ATL,LAD,ATL,IL,Shoulder,,,,P
116438-82550,P,Hunter,Hunter Greene,Greene,43,7,10000,WSH@CIN,CIN,WSH,,,,,,P
116438-68488,P,Blake,Blake Snell,Snell,19.5,2,10000,LAD@ATL,LAD,ATL,IL,Shoulder,,,,P
116438-185606,P,Gavin,Gavin Stone,Stone,28.4,25,9900,LAD@ATL,LAD,ATL,IL,Shoulder,,,,P
116438-13233,P,Nathan,Nathan Eovaldi,Eovaldi,38.285714285714285,7,9700,SEA@TEX,TEX,SEA,,,,,,P
116438-102344,P,Brady,Brady Singer,Singer,35.166666666666664,6,9700,WSH@CIN,CIN,WSH,,,,,,P
116438-187194,P,Bryan,Bryan Woo,Woo,40,6,9600,SEA@TEX,SEA,TEX,,,,,,P
116438-12477,P,Chris,Chris Sale,Sale,28.142857142857142,7,9500,LAD@ATL,ATL,LAD,,,,,,P
116438-102294,P,Grayson,Grayson Rodriguez,Rodriguez,35.6,20,9500,KC@BAL,BAL,KC,IL,Lat,,,,P
116438-102330,P,Kris,Kris Bubic,Bubic,36.666666666666664,6,9500,KC@BAL,KC,BAL,,,,Yes,,P
116438-52859,P,Jacob,Jacob deGrom,deGrom,30.333333333333332,6,9400,SEA@TEX,TEX,SEA,,,,,,P
116438-63136,P,Matthew,Matthew Boyd,Boyd,30.666666666666668,6,9400,CHC@MIL,CHC,MIL,,,,,,P
116438-119329,P,Nick,Nick Lodolo,Lodolo,32.666666666666664,6,9300,WSH@CIN,CIN,WSH,,,,Yes,,P
116438-165512,P,Andrew,Andrew Abbott,Abbott,31,4,9300,WSH@CIN,CIN,WSH,,,,,,P
116438-82594,P,Dustin,Dustin May,May,25.2,5,9300,LAD@ATL,LAD,ATL,,,,,,P
116438-164503,P,Spencer,Spencer Schwellenbach,Schwellenbach,33.666666666666664,6,9200,LAD@ATL,ATL,LAD,,,,Yes,,P
116438-68491,P,Reynaldo,Reynaldo Lopez,Lopez,9,1,9200,LAD@ATL,ATL,LAD,IL,Shoulder,,,,P
116438-79162,P,Luis,Luis Castillo,Castillo,28,6,9100,SEA@TEX,SEA,TEX,,,,Yes,,P
116438-119414,P,George,George Kirby,Kirby,31.78787878787879,33,9100,SEA@TEX,SEA,TEX,IL,Shoulder,,,,P
116438-165689,P,Bryce,Bryce Miller,Miller,26.833333333333332,6,9100,SEA@TEX,SEA,TEX,,,,,,P
116438-80582,P,Brandon,Brandon Woodruff,Woodruff,,0,9000,CHC@MIL,MIL,CHC,IL,Shoulder,,,,P
116438-198702,P,Shota,Shota Imanaga,Imanaga,28.142857142857142,7,8900,CHC@MIL,CHC,MIL,,,,,,P
116438-21099,P,Jose,Jose Quintana,Quintana,34.75,4,8900,CHC@MIL,MIL,CHC,,,,Yes,,P
116438-71034,P,Seth,Seth Lugo,Lugo,31.857142857142858,7,8700,KC@BAL,KC,BAL,,,,,,P
116438-16961,P,Jameson,Jameson Taillon,Taillon,25.333333333333332,6,8600,CHC@MIL,CHC,MIL,,,,Yes,,P
116438-165731,P,Mitchell,Mitchell Parker,Parker,25.285714285714285,7,8600,WSH@CIN,WSH,CIN,,,,,,P
116438-79109,P,Tyler,Tyler Mahle,Mahle,32.57142857142857,7,8500,SEA@TEX,TEX,SEA,,,,,,P
116438-102684,P,Jake,Jake Irvin,Irvin,27.714285714285715,7,8300,WSH@CIN,WSH,CIN,,,,,,P
116438-102572,P,Tobias,Tobias Myers,Myers,9,3,8200,CHC@MIL,MIL,CHC,,,,,,P
116438-52728,P,Michael,Michael Lorenzen,Lorenzen,29.333333333333332,7,8200,KC@BAL,KC,BAL,,,,,,P
116438-165706,P,Jack,Jack Leiter,Leiter,20.75,4,8200,SEA@TEX,TEX,SEA,,,,,,P
116438-135268,P,Emerson,Emerson Hancock,Hancock,18.25,4,8100,SEA@TEX,SEA,TEX,,,,,,P
116438-198879,P,Rhett,Rhett Lowder,Lowder,27,6,8000,WSH@CIN,CIN,WSH,IL,Forearm,,,,P
116438-82775,P,Nestor,Nestor Cortes,Cortes,17,2,8000,CHC@MIL,MIL,CHC,IL,Elbow,,,,P
116438-163700,P,Kyle,Kyle Bradish,Bradish,32.625,8,8000,KC@BAL,BAL,KC,IL,Elbow,,,,P
116438-68482,P,Zach,Zach Eflin,Eflin,28,3,8000,KC@BAL,BAL,KC,IL,Lat,,,,P
116438-37999,P,Michael,Michael Wacha,Wacha,24.428571428571427,7,7900,KC@BAL,KC,BAL,,,,,,P
116438-222787,P,Roki,Roki Sasaki,Sasaki,18.333333333333332,6,7900,LAD@ATL,LAD,ATL,,,,Yes,,P
116438-211874,P,Kumar,Kumar Rocker,Rocker,12.8,5,7900,SEA@TEX,TEX,SEA,IL,Shoulder,,,,P
116438-219663,P,Chad,Chad Patrick,Patrick,21.714285714285715,7,7800,CHC@MIL,MIL,CHC,,,,,,P
116438-185896,P,Cody,Cody Bradford,Bradford,29.785714285714285,14,7800,SEA@TEX,TEX,SEA,IL,Elbow,,,,P
116438-164509,P,AJ,AJ Smith-Shawver,Smith-Shawver,25.5,4,7800,LAD@ATL,ATL,LAD,DTD,Arm,,,,P
116438-220895,P,Tomoyuki,Tomoyuki Sugano,Sugano,23.833333333333332,6,7800,KC@BAL,BAL,KC,,,,Yes,,P
116438-102343,P,Tony,Tony Gonsolin,Gonsolin,46,1,7700,LAD@ATL,LAD,ATL,,,,,,P
116438-79207,P,Grant,Grant Holmes,Holmes,25.571428571428573,7,7600,LAD@ATL,ATL,LAD,,,,,,P
116438-79123,P,Tyler,Tyler Alexander,Alexander,10,10,7500,CHC@MIL,MIL,CHC,,,,,,P
116438-5427,P,Clayton,Clayton Kershaw,Kershaw,19,7,7500,LAD@ATL,LAD,ATL,IL,Toe,,,,P
116438-12936,P,Kyle,Kyle Gibson,Gibson,-10,1,7500,KC@BAL,BAL,KC,,,,,,P
116438-164532,P,DJ,DJ Herz,Herz,25.94736842105263,19,7500,WSH@CIN,WSH,CIN,IL,Elbow,,,,P
116438-165573,P,Alec,Alec Marsh,Marsh,24.423076923076923,26,7500,KC@BAL,KC,BAL,IL,Shoulder,,,,P
116438-135650,P,Landon,Landon Knack,Knack,10.666666666666666,3,7400,LAD@ATL,LAD,ATL,,,,,,P
116438-181837,P,Ben,Ben Brown,Brown,24.857142857142858,7,7400,CHC@MIL,CHC,MIL,,,,,,P
116438-202541,P,Cade,Cade Povich,Povich,21.166666666666668,6,7400,KC@BAL,BAL,KC,,,,,,P
116438-68483,P,Trevor,Trevor Williams,Williams,19.5,6,7400,WSH@CIN,WSH,CIN,,,,Yes,,P
116438-178415,P,Javier,Javier Assad,Assad,24,29,7300,CHC@MIL,CHC,MIL,IL,Oblique,,,,P
116438-13664,P,Patrick,Patrick Corbin,Corbin,22.5,4,7300,SEA@TEX,TEX,SEA,,,,Yes,,P
116438-82557,P,Aaron,Aaron Civale,Civale,0,1,7300,CHC@MIL,MIL,CHC,IL,Hamstring,,,,P
116438-64488,P,Colin,Colin Rea,Rea,20.142857142857142,7,7300,CHC@MIL,CHC,MIL,,,,,,P
116438-81490,P,Chris,Chris Flexen,Flexen,21,1,7200,CHC@MIL,CHC,MIL,,,,,,P
116438-70470,P,Albert,Albert Suarez,Suarez,11,1,7200,KC@BAL,BAL,KC,IL,Shoulder,,,,P
116438-197914,P,Nick,Nick Frasso,Frasso,0,2,7100,LAD@ATL,LAD,ATL,,,,,,P
116438-53590,P,Nick,Nick Martinez,Martinez,22.5,6,7100,WSH@CIN,CIN,WSH,,,,,,P
116438-101810,P,Justin,Justin Steele,Steele,29.25,4,7100,CHC@MIL,CHC,MIL,IL,Elbow,,,,P
116438-119409,P,Quinn,Quinn Priester,Priester,16.4,5,7100,CHC@MIL,MIL,CHC,,,,,,P
116438-82607,P,Trevor,Trevor Rogers,Rogers,19.36,25,7100,KC@BAL,BAL,KC,IL,Kneecap,,,,P
116438-204505,P,Justin,Justin Wrobleski,Wrobleski,3,1,7100,LAD@ATL,LAD,ATL,,,,,,P
116438-102378,P,Matt,Matt Sauer,Sauer,16,2,7100,LAD@ATL,LAD,ATL,,,,,,P
116438-163515,P,Elvin,Elvin Rodriguez,Rodriguez,11.5,4,7000,CHC@MIL,MIL,CHC,,,,,,P
116438-52155,P,Jon,Jon Gray,Gray,20.47826086956522,24,7000,SEA@TEX,TEX,SEA,IL,Wrist,,,,P
116438-146664,P,Bryce,Bryce Elder,Elder,19,5,6900,LAD@ATL,ATL,LAD,,,,,,P
116438-102447,P,Dean,Dean Kremer,Kremer,18.428571428571427,7,6800,KC@BAL,BAL,KC,,,,,,P
116438-176240,P,Luis F.,Luis F. Castillo,Castillo,9,2,6800,SEA@TEX,SEA,TEX,,,,,,P
116438-79078,P,Ian,Ian Anderson,Anderson,2.2857142857142856,7,6800,LAD@ATL,ATL,LAD,,,,,,P
116438-149886,P,Cody,Cody Poteet,Poteet,-4,1,6800,KC@BAL,BAL,KC,IL,Shoulder,,,,P
116438-219659,P,Brandon,Brandon Young,Young,17.5,2,6800,KC@BAL,BAL,KC,,,,,,P
116438-219653,P,Logan,Logan Henderson,Henderson,52,1,6700,CHC@MIL,MIL,CHC,,,,,,P
116438-222885,P,Brad,Brad Lord,Lord,13,8,6700,WSH@CIN,WSH,CIN,,,,,,P
116438-12972,P,Wade,Wade Miley,Miley,6,2,6700,WSH@CIN,CIN,WSH,IL,Elbow,,,,P
116438-164529,P,Jordan,Jordan Wicks,Wicks,3,2,6700,CHC@MIL,CHC,MIL,,,,,,P
116438-102515,P,Aaron,Aaron Ashby,Ashby,11.214285714285714,15,6500,CHC@MIL,MIL,CHC,IL,Oblique,,,,P
116438-79073,P,Michael,Michael Soroka,Soroka,12,1,6500,WSH@CIN,WSH,CIN,IL,Biceps,,,,P
116438-79103,P,Dane,Dane Dunning,Dunning,12,1,6500,SEA@TEX,TEX,SEA,,,,,,P
116438-194242,P,Carson,Carson Spiers,Spiers,16.666666666666668,3,6500,WSH@CIN,CIN,WSH,IL,Shoulder,,,,P
116438-165665,P,Robert,Robert Gasser,Gasser,25.6,5,6500,CHC@MIL,MIL,CHC,IL,Elbow,,,,P
116438-82537,P,DL,DL Hall,Hall,15.307692307692308,13,6400,CHC@MIL,MIL,CHC,IL,Lat,,,,P
116438-165508,P,Graham,Graham Ashcraft,Ashcraft,8.916666666666666,12,6400,WSH@CIN,CIN,WSH,,,,,,P
116438-170891,P,Davis,Davis Daniel,Daniel,6,1,6400,LAD@ATL,ATL,LAD,,,,,,P
116438-66766,P,Adrian,Adrian Houser,Houser,9.304347826086957,23,6300,SEA@TEX,TEX,SEA,,,,,,P
116438-135648,P,Bobby,Bobby Miller,Miller,12,1,6300,LAD@ATL,LAD,ATL,,,,,,P
116438-187967,P,Emmet,Emmet Sheehan,Sheehan,0,2,6300,LAD@ATL,LAD,ATL,IL,Elbow,,,,P
116438-73835,P,Ty,Ty Blach,Blach,9.15,20,6200,SEA@TEX,TEX,SEA,,,,,,P
116438-5466,P,Charlie,Charlie Morton,Morton,10.571428571428571,7,6200,KC@BAL,BAL,KC,,,,,,P
116438-181833,P,Darius,Darius Vines,Vines,7.25,4,6200,LAD@ATL,ATL,LAD,IL,Undisclosed,,,,P
116438-119416,P,Brandon,Brandon Williamson,Williamson,15.25,4,6200,WSH@CIN,CIN,WSH,IL,Elbow,,,,P
116438-119447,P,Joan,Joan Adon,Adon,3.25,8,6200,WSH@CIN,WSH,CIN,,,,,,P
116438-195785,P,Caleb,Caleb Boushley,Boushley,8,4,6100,SEA@TEX,TEX,SEA,,,,,,P
116438-198872,P,Hurston,Hurston Waldrep,Waldrep,-4.5,2,6100,LAD@ATL,ATL,LAD,,,,,,P
116438-102333,P,Daniel,Daniel Lynch IV,Lynch IV,6.076923076923077,13,6100,KC@BAL,KC,BAL,,,,,,P
116438-209958,P,Julian,Julian Aguiar,Aguiar,15.142857142857142,7,6000,WSH@CIN,CIN,WSH,IL,Elbow,,,,P
116438-102502,P,Josiah,Josiah Gray,Gray,6.5,3,6000,WSH@CIN,WSH,CIN,IL,Elbow,,,,P
116438-145922,P,Tyler,Tyler Wells,Wells,19.666666666666668,4,6000,KC@BAL,BAL,KC,IL,Elbow,,,,P
116438-219697,P,Noah,Noah Cameron,Cameron,38,1,6000,KC@BAL,KC,BAL,,,,,,P
116438-202608,P,Carlos,Carlos Rodriguez,Rodriguez,11.333333333333334,3,6000,CHC@MIL,MIL,CHC,,,,,,P
116438-102342,P,Michael,Michael Grove,Grove,6.325,40,6000,LAD@ATL,LAD,ATL,IL,Shoulder,,,,P
116438-79072,P,Brad,Brad Keller,Keller,5.416666666666667,12,5900,CHC@MIL,CHC,MIL,,,,,,P
116438-146728,P,Connor,Connor Phillips,Phillips,0,2,5900,WSH@CIN,CIN,WSH,IL,Shoulder,,,,P
116438-119391,P,Roansy,Roansy Contreras,Contreras,6.085106382978723,49,5900,KC@BAL,BAL,KC,,,,,,P
116438-119449,P,Jackson,Jackson Rutledge,Rutledge,9.5,8,5900,WSH@CIN,WSH,CIN,,,,,,P
116438-163675,P,Noah,Noah Davis,Davis,4,3,5900,LAD@ATL,LAD,ATL,,,,,,P
116438-102487,P,Austin,Austin Cox,Cox,,0,5700,KC@BAL,KC,BAL,,,,,,P
116438-145610,P,Angel,Angel Zerpa,Zerpa,4.583333333333333,12,5700,KC@BAL,KC,BAL,,,,,,P
116438-164511,P,Dylan,Dylan Dodd,Dodd,6,1,5700,LAD@ATL,ATL,LAD,,,,,,P
116438-213867,P,Blas,Blas Castano,Castano,,0,5700,SEA@TEX,SEA,TEX,,,,,,P
116438-102297,P,Keegan,Keegan Thompson,Thompson,8.363636363636363,24,5700,CHC@MIL,CHC,MIL,,,,,,P
116438-102462,P,Lyon,Lyon Richardson,Richardson,7.5,2,5600,WSH@CIN,CIN,WSH,,,,,,P
116438-13312,P,Ryan,Ryan Brasier,Brasier,3,1,5500,CHC@MIL,CHC,MIL,IL,Groin,,,,P
116438-79873,P,Dylan,Dylan Covey,Covey,0,2,5500,LAD@ATL,ATL,LAD,,,,,,P
116438-68619,P,Matt,Matt Bowman,Bowman,4.416666666666667,13,5500,KC@BAL,BAL,KC,,,,,,P
116438-226322,P,Logan,Logan Evans,Evans,24,1,5500,SEA@TEX,SEA,TEX,,,,,,P
116438-102419,P,Cole,Cole Winn,Winn,3.769230769230769,13,5500,SEA@TEX,TEX,SEA,,,,,,P
116438-135191,P,Josh,Josh Fleming,Fleming,4.541666666666667,25,5500,SEA@TEX,SEA,TEX,,,,,,P
116438-161818,P,Dylan,Dylan Coleman,Coleman,6,2,5500,KC@BAL,BAL,KC,,,,,,P
116438-82999,P,Scott,Scott Barlow,Barlow,4.2,15,5500,WSH@CIN,CIN,WSH,,,,,,P
116438-190516,P,Daysbel,Daysbel Hernandez,Hernandez,5.642857142857143,14,5500,LAD@ATL,ATL,LAD,,,,,,P
116438-135221,P,Cade,Cade Cavalli,Cavalli,0,1,5500,WSH@CIN,WSH,CIN,IL,Elbow,,,,P
116438-102456,P,Jhonathan,Jhonathan Diaz,Diaz,7,1,5500,SEA@TEX,SEA,TEX,,,,,,P
116438-172092,P,Garrett,Garrett Hill,Hill,0,1,5500,SEA@TEX,SEA,TEX,,,,,,P
116438-11333,P,Craig,Craig Kimbrel,Kimbrel,5.803571428571429,57,5500,LAD@ATL,ATL,LAD,,,,,,P
116438-135237,P,Nick,Nick Mears,Mears,5.818181818181818,11,5500,CHC@MIL,MIL,CHC,,,,,,P
116438-102474,P,Eli,Eli Morgan,Morgan,0.5714285714285714,7,5500,CHC@MIL,CHC,MIL,IL,Elbow,,,,P
116438-209997,P,Jack,Jack Neely,Neely,3.5,6,5500,CHC@MIL,CHC,MIL,,,,,,P
116438-149587,P,Jay,Jay Flaa,Flaa,,0,5500,LAD@ATL,ATL,LAD,,,,,,P
116438-135253,P,Alex,Alex Vesia,Vesia,6.125,16,5500,LAD@ATL,LAD,ATL,,,,,,P
116438-189528,P,Robert,Robert Garcia,Garcia,4.75,16,5500,SEA@TEX,TEX,SEA,,,,,,P
116438-135279,P,Codi,Codi Heuer,Heuer,,0,5500,SEA@TEX,TEX,SEA,,,,,,P
116438-161907,P,Dylan,Dylan Lee,Lee,5.384615384615385,13,5500,LAD@ATL,ATL,LAD,,,,,,P
116438-194675,P,Luke,Luke Little,Little,-1,1,5500,CHC@MIL,CHC,MIL,,,,,,P
116438-135281,P,Bryan,Bryan Baker,Baker,6.6923076923076925,13,5500,KC@BAL,BAL,KC,,,,,,P
116438-85108,P,Enyel,Enyel De Los Santos,De Los Santos,5.583333333333333,12,5500,LAD@ATL,ATL,LAD,,,,,,P
116438-82039,P,Aaron,Aaron Wilkerson,Wilkerson,,0,5500,WSH@CIN,CIN,WSH,,,,,,P
116438-102523,P,Deivi,Deivi Garcia,Garcia,4.285714285714286,14,5500,CHC@MIL,MIL,CHC,,,,,,P
116438-13438,P,Drew,Drew Pomeranz,Pomeranz,6.333333333333333,3,5500,CHC@MIL,CHC,MIL,,,,,,P
116438-201853,P,Ryan,Ryan Loutos,Loutos,2.3333333333333335,3,5500,LAD@ATL,LAD,ATL,,,,,,P
116438-54403,P,Trevor,Trevor Gott,Gott,0,1,5500,SEA@TEX,SEA,TEX,IL,Undisclosed,,,,P
116438-187521,P,Joe,Joe Jacques,Jacques,3,2,5500,LAD@ATL,LAD,ATL,,,,,,P
116438-116868,P,Gabe,Gabe Speier,Speier,5.357142857142857,14,5500,SEA@TEX,SEA,TEX,,,,,,P
116438-135303,P,Jordan,Jordan Weems,Weems,3.575,41,5500,LAD@ATL,ATL,LAD,,,,,,P
116438-114827,P,John,John Schreiber,Schreiber,5.615384615384615,13,5500,KC@BAL,KC,BAL,,,,,,P
116438-102542,P,Travis,Travis MacGregor,MacGregor,,0,5500,SEA@TEX,TEX,SEA,,,,,,P
116438-102549,P,Andres,Andres Munoz,Munoz,7.2,15,5500,SEA@TEX,SEA,TEX,,,,,,P
116438-170135,P,Yennier,Yennier Cano,Cano,4.916666666666667,12,5500,KC@BAL,BAL,KC,,,,,,P
116438-38041,P,Ryan,Ryan Pressly,Pressly,4.384615384615385,13,5500,CHC@MIL,CHC,MIL,,,,,,P
116438-152734,P,Zach,Zach Thompson,Thompson,10,2,5500,LAD@ATL,ATL,LAD,,,,,,P
116438-81052,P,Andrew,Andrew Kittredge,Kittredge,5.094594594594595,74,5500,KC@BAL,BAL,KC,IL,Knee,,,,P
116438-102558,P,Gregory,Gregory Santos,Santos,1.875,8,5500,SEA@TEX,SEA,TEX,IL,Knee,,,,P
116438-80033,P,Emilio,Emilio Pagan,Pagan,5.3125,16,5500,WSH@CIN,CIN,WSH,,,,,,P
116438-154794,P,Joe,Joe Barlow,Barlow,,0,5500,SEA@TEX,TEX,SEA,,,,,,P
116438-102568,P,Colin,Colin Poche,Poche,2.230769230769231,13,5500,WSH@CIN,WSH,CIN,,,,,,P
116438-160939,P,Jacob,Jacob Latz,Latz,6.25,5,5500,SEA@TEX,TEX,SEA,,,,,,P
116438-83116,P,Wander,Wander Suero,Suero,0,1,5500,LAD@ATL,ATL,LAD,,,,,,P
116438-145591,P,Eduard,Eduard Bazardo,Bazardo,4,14,5500,SEA@TEX,SEA,TEX,,,,,,P
116438-145593,P,Carlos,Carlos Vargas,Vargas,5.545454545454546,11,5500,SEA@TEX,SEA,TEX,,,,,,P
116438-135358,P,Dylan,Dylan File,File,,0,5500,SEA@TEX,SEA,TEX,,,,,,P
116438-102593,P,Gerardo,Gerardo Carrillo,Carrillo,,0,5500,SEA@TEX,TEX,SEA,O,Elbow,,,,P
116438-160965,P,Elvis,Elvis Peguero,Peguero,3.2,5,5500,CHC@MIL,MIL,CHC,,,,,,P
116438-21707,P,Michael,Michael Mariot,Mariot,,0,5500,SEA@TEX,SEA,TEX,,,,,,P
116438-145609,P,Peter,Peter Solomon,Solomon,,0,5500,CHC@MIL,CHC,MIL,,,,,,P
116438-66765,P,Jorge,Jorge Lopez,Lopez,3.7142857142857144,14,5500,WSH@CIN,WSH,CIN,,,,,,P
116438-83149,P,Jesus,Jesus Liranzo,Liranzo,,0,5500,CHC@MIL,MIL,CHC,,,,,,P
116438-206028,P,River,River Ryan,Ryan,28,4,5500,LAD@ATL,LAD,ATL,IL,Elbow,,,,P
116438-83158,P,Seranthony,Seranthony Dominguez,Dominguez,6,11,5500,KC@BAL,BAL,KC,,,,,,P
116438-38106,P,Kirby,Kirby Yates,Yates,7.625,17,5500,LAD@ATL,LAD,ATL,,,,,,P
116438-79067,P,Alex,Alex Young,Young,4.529411764705882,17,5500,WSH@CIN,CIN,WSH,IL,Elbow,,,,P
116438-79066,P,Anthony,Anthony Banda,Banda,4.785714285714286,14,5500,LAD@ATL,LAD,ATL,,,,,,P
116438-79071,P,Taylor,Taylor Clarke,Clarke,6,1,5500,KC@BAL,KC,BAL,,,,,,P
116438-145629,P,Mason,Mason Thompson,Thompson,0,1,5500,WSH@CIN,WSH,CIN,IL,Elbow,,,,P
116438-198876,P,Cade,Cade Horton,Horton,,0,5500,CHC@MIL,CHC,MIL,,,,,,P
116438-209116,P,Troy,Troy Taylor,Taylor,1,4,5500,SEA@TEX,SEA,TEX,,,,,,P
116438-83170,P,Thomas,Thomas Pannone,Pannone,,0,5500,CHC@MIL,MIL,CHC,IL,Forearm,,,,P
116438-178411,P,Michael,Michael Plassmeyer,Plassmeyer,0,1,5500,SEA@TEX,TEX,SEA,,,,,,P
116438-198890,P,Walter,Walter Pennington,Pennington,5.8125,16,5500,KC@BAL,BAL,KC,,,,,,P
116438-79085,P,Keegan,Keegan Akin,Akin,5.4,15,5500,KC@BAL,BAL,KC,,,,,,P
116438-79084,P,Tanner,Tanner Scott,Scott,5.0625,16,5500,LAD@ATL,LAD,ATL,,,,,,P
116438-83184,P,Julian,Julian Merryweather,Merryweather,4.384615384615385,13,5500,CHC@MIL,CHC,MIL,,,,,,P
116438-197873,P,Zach,Zach Brzykcy,Brzykcy,0.3333333333333333,6,5500,WSH@CIN,WSH,CIN,,,,,,P
116438-79097,P,Bryan,Bryan Hudson,Hudson,3.727272727272727,11,5500,CHC@MIL,MIL,CHC,,,,,,P
116438-197887,P,Porter,Porter Hodge,Hodge,5.0625,16,5500,CHC@MIL,CHC,MIL,,,,,,P
116438-146691,P,Asa,Asa Lacy,Lacy,,0,5500,KC@BAL,KC,BAL,O,Elbow,,,,P
116438-197890,P,Marc,Marc Church,Church,4.6,5,5500,SEA@TEX,TEX,SEA,IL,Oblique,,,,P
116438-194816,P,Kyle,Kyle Hurt,Hurt,8.666666666666666,5,5500,LAD@ATL,LAD,ATL,IL,Elbow,,,,P
116438-21764,P,Caleb,Caleb Thielbar,Thielbar,4,14,5500,CHC@MIL,CHC,MIL,,,,,,P
116438-197893,P,Jose,Jose Corniell,Corniell,0,1,5500,SEA@TEX,TEX,SEA,IL,Elbow,,,,P
116438-72971,P,Ben,Ben Heller,Heller,4.5,8,5500,CHC@MIL,CHC,MIL,IL,Undisclosed,,,,P
116438-197896,P,Will,Will Klein,Klein,2.75,8,5500,SEA@TEX,SEA,TEX,,,,,,P
116438-197906,P,Royber,Royber Salinas,Salinas,0,1,5500,LAD@ATL,ATL,LAD,IL,Shoulder,,,,P
116438-79124,P,Joe,Joe Jimenez,Jimenez,5.855072463768116,70,5500,LAD@ATL,ATL,LAD,IL,Knee,,,,P
116438-85286,P,Ian,Ian Gibaut,Gibaut,3.9166666666666665,12,5500,WSH@CIN,CIN,WSH,IL,Shoulder,,,,P
116438-79144,P,Scott,Scott Blewett,Blewett,11.285714285714286,7,5500,LAD@ATL,ATL,LAD,,,,,,P
116438-85288,P,Brusdar,Brusdar Graterol,Graterol,4.4,10,5500,LAD@ATL,LAD,ATL,IL,Shoulder,,,,P
116438-79148,P,A.J.,A.J. Puckett,Puckett,,0,5500,CHC@MIL,CHC,MIL,,,,,,P
116438-79150,P,Josh,Josh Staumont,Staumont,4.12,25,5500,WSH@CIN,CIN,WSH,IL,Undisclosed,,,,P
116438-146737,P,Cole,Cole Henry,Henry,5.571428571428571,7,5500,WSH@CIN,WSH,CIN,,,,,,P
116438-152888,P,Sam,Sam Long,Long,1.2857142857142858,7,5500,KC@BAL,KC,BAL,IL,Elbow,,,,P
116438-180540,P,Easton,Easton McGee,McGee,,0,5500,CHC@MIL,MIL,CHC,,,,,,P
116438-203075,P,Michael,Michael Petersen,Petersen,9,1,5500,LAD@ATL,ATL,LAD,,,,,,P
116438-79171,P,Phil,Phil Bickford,Bickford,2.375,8,5500,CHC@MIL,CHC,MIL,,,,,,P
116438-182597,P,Shintaro,Shintaro Fujinami,Fujinami,0,3,5500,SEA@TEX,SEA,TEX,,,,,,P
116438-209224,P,Orlando,Orlando Ribalta,Ribalta,6.5,4,5500,WSH@CIN,WSH,CIN,IL,Biceps,,,,P
116438-170324,P,Brandon,Brandon Hughes,Hughes,4.533333333333333,15,5500,CHC@MIL,CHC,MIL,,,,,,P
116438-79196,P,Albert,Albert Abreu,Abreu,,0,5500,WSH@CIN,CIN,WSH,,,,,,P
116438-197981,P,Jacob,Jacob Misiorowski,Misiorowski,,0,5500,CHC@MIL,MIL,CHC,,,,,,P
116438-38240,P,Rafael,Rafael Montero,Montero,4.833333333333333,12,5500,LAD@ATL,ATL,LAD,,,,,,P
116438-222565,P,Shinnosuke,Shinnosuke Ogasawara,Ogasawara,,0,5500,WSH@CIN,WSH,CIN,IL,Oblique,,,,P
116438-135525,P,Adam,Adam Seminaris,Seminaris,,0,5500,SEA@TEX,SEA,TEX,,,,,,P
116438-38251,P,Hunter,Hunter Strickland,Strickland,4.619718309859155,72,5500,SEA@TEX,TEX,SEA,,,,,,P
116438-153961,P,Tayler,Tayler Saucedo,Saucedo,2,4,5500,SEA@TEX,SEA,TEX,,,,,,P
116438-225665,P,Sauryn,Sauryn Lao,Lao,14,1,5500,SEA@TEX,SEA,TEX,,,,,,P
116438-79250,P,Junior,Junior Fernandez,Fernandez,,0,5500,KC@BAL,KC,BAL,,,,,,P
116438-38303,P,Andrew,Andrew Chafin,Chafin,5.524590163934426,62,5500,WSH@CIN,WSH,CIN,,,,,,P
116438-193949,P,Steven,Steven Cruz,Cruz,4.625,8,5500,KC@BAL,KC,BAL,,,,,,P
116438-61858,P,Raisel,Raisel Iglesias,Iglesias,4.363636363636363,11,5500,LAD@ATL,ATL,LAD,,,,,,P
116438-101801,P,Joel,Joel Payamps,Payamps,1.6666666666666667,15,5500,CHC@MIL,MIL,CHC,,,,,,P
116438-118184,P,Enoli,Enoli Paredes,Paredes,5.944444444444445,18,5500,LAD@ATL,ATL,LAD,,,,,,P
116438-101803,P,Jacob,Jacob Webb,Webb,5.071428571428571,14,5500,SEA@TEX,TEX,SEA,,,,,,P
116438-101802,P,Patrick,Patrick Weigel,Weigel,,0,5500,WSH@CIN,WSH,CIN,,,,,,P
116438-118191,P,Antonio,Antonio Santos,Santos,,0,5500,CHC@MIL,CHC,MIL,,,,,,P
116438-118195,P,Tejay,Tejay Antone,Antone,4.5,6,5500,WSH@CIN,CIN,WSH,IL,Elbow,,,,P
116438-219568,P,Rolddy,Rolddy Munoz,Munoz,,0,5500,LAD@ATL,ATL,LAD,,,,,,P
116438-158134,P,Stephen,Stephen Ridings,Ridings,,0,5500,LAD@ATL,LAD,ATL,,,,,,P
116438-118196,P,Ryan,Ryan Hendrix,Hendrix,,0,5500,KC@BAL,KC,BAL,,,,,,P
116438-101819,P,Jose,Jose Suarez,Suarez,12.333333333333334,3,5500,LAD@ATL,ATL,LAD,,,,,,P
116438-202175,P,Gerson,Gerson Garabito,Garabito,8,3,5500,SEA@TEX,TEX,SEA,,,,,,P
116438-136639,P,Burl,Burl Carraway,Carraway,,0,5500,CHC@MIL,CHC,MIL,,,,,,P
116438-188863,P,Randy,Randy Wynne,Wynne,15,1,5500,WSH@CIN,CIN,WSH,,,,,,P
116438-40382,P,Luis,Luis Garcia,Garcia,4.8,15,5500,LAD@ATL,LAD,ATL,,,,,,P
116438-101822,P,Josh,Josh Sborz,Sborz,5.6875,17,5500,SEA@TEX,TEX,SEA,IL,Shoulder,,,,P
116438-118208,P,Brooks,Brooks Kriske,Kriske,,0,5500,CHC@MIL,CHC,MIL,,,,,,P
116438-101829,P,Trey,Trey Supak,Supak,,0,5500,SEA@TEX,TEX,SEA,,,,,,P
116438-118216,P,Tyson,Tyson Miller,Miller,5.689655172413793,58,5500,CHC@MIL,CHC,MIL,IL,Hip,,,,P
116438-118221,P,J.P.,J.P. Feyereisen,Feyereisen,3,2,5500,LAD@ATL,LAD,ATL,,,,,,P
116438-200143,P,Josh,Josh Maciejewski,Maciejewski,9,4,5500,CHC@MIL,MIL,CHC,,,,,,P
116438-225748,P,Craig,Craig Yoho,Yoho,2.2,5,5500,CHC@MIL,MIL,CHC,,,,,,P
116438-80346,P,Giovanny,Giovanny Gallegos,Gallegos,4.842105263157895,21,5500,LAD@ATL,LAD,ATL,IL,Undisclosed,,,,P
116438-101855,P,Trent,Trent Thornton,Thornton,3.2666666666666666,15,5500,SEA@TEX,SEA,TEX,,,,,,P
116438-101856,P,Patrick,Patrick Murphy,Murphy,,0,5500,SEA@TEX,TEX,SEA,IL,Undisclosed,,,,P
116438-145916,P,Zach,Zach Pop,Pop,2.912280701754386,58,5500,SEA@TEX,SEA,TEX,DTD,Elbow,,,,P
116438-219660,P,Kade,Kade Strowd,Strowd,,0,5500,KC@BAL,BAL,KC,,,,,,P
116438-101905,P,Sam,Sam McWilliams,McWilliams,,0,5500,CHC@MIL,MIL,CHC,,,,,,P
116438-119315,P,Kohl,Kohl Franklin,Franklin,,0,5500,CHC@MIL,CHC,MIL,IL,Elbow,,,,P
116438-119316,P,Thaddeus,Thaddeus Ward,Ward,0,1,5500,KC@BAL,BAL,KC,,,,,,P
116438-162328,P,Reiver,Reiver Sanmartin,Sanmartin,0,2,5500,WSH@CIN,CIN,WSH,,,,,,P
116438-181791,P,Connor,Connor Thomas,Thomas,-2.5,2,5500,CHC@MIL,MIL,CHC,IL,Elbow,,,,P
116438-79390,P,Michael,Michael Kopech,Kopech,6.302631578947368,77,5500,LAD@ATL,LAD,ATL,IL,Shoulder,,,,P
116438-5673,P,Jesse,Jesse Chavez,Chavez,6,2,5500,LAD@ATL,ATL,LAD,,,,,,P
116438-79402,P,Cionel,Cionel Perez,Perez,3.5454545454545454,11,5500,KC@BAL,BAL,KC,,,,,,P
116438-181801,P,Jose A.,Jose A. Ferrer,Ferrer,4.25,16,5500,WSH@CIN,WSH,CIN,,,,,,P
116438-219695,P,Luinder,Luinder Avila,Avila,,0,5500,KC@BAL,KC,BAL,,,,,,P
116438-219694,P,Winston,Winston Santos,Santos,,0,5500,SEA@TEX,TEX,SEA,IL,Back,,,,P
116438-219693,P,Emiliano,Emiliano Teodo,Teodo,,0,5500,SEA@TEX,TEX,SEA,IL,Shoulder,,,,P
116438-119347,P,Jonathan,Jonathan Bowlan,Bowlan,9,1,5500,KC@BAL,KC,BAL,,,,,,P
116438-219696,P,Eric,Eric Cerantola,Cerantola,,0,5500,KC@BAL,KC,BAL,,,,,,P
116438-219700,P,Luis,Luis Mey,Mey,6,1,5500,WSH@CIN,CIN,WSH,,,,,,P
116438-181816,P,Casey,Casey Legumina,Legumina,5.875,8,5500,SEA@TEX,SEA,TEX,,,,,,P
116438-222782,P,Chase,Chase Burns,Burns,,0,5500,WSH@CIN,CIN,WSH,,,,,,P
116438-222786,P,Raul,Raul Alcantara,Alcantara,,0,5500,KC@BAL,BAL,KC,,,,,,P
116438-181831,P,Yosver,Yosver Zulueta,Zulueta,6.833333333333333,12,5500,WSH@CIN,CIN,WSH,,,,,,P
116438-222790,P,Jose,Jose Rodriguez,Rodriguez,,0,5500,LAD@ATL,LAD,ATL,,,,,,P
116438-181828,P,Kolton,Kolton Ingram,Ingram,,0,5500,LAD@ATL,ATL,LAD,,,,,,P
116438-222789,P,Jackson,Jackson Ferris,Ferris,,0,5500,LAD@ATL,LAD,ATL,,,,,,P
116438-219722,P,Jack,Jack Dreyer,Dreyer,8.153846153846153,13,5500,LAD@ATL,LAD,ATL,,,,,,P
116438-181838,P,Abner,Abner Uribe,Uribe,6.357142857142857,14,5500,CHC@MIL,MIL,CHC,,,,,,P
116438-73301,P,Brent,Brent Suter,Suter,6.111111111111111,9,5500,WSH@CIN,CIN,WSH,,,,,,P
116438-222807,P,Alejandro,Alejandro Rosario,Rosario,,0,5500,SEA@TEX,TEX,SEA,IL,Elbow,,,,P
116438-181847,P,Noah,Noah Denoyer,Denoyer,,0,5500,KC@BAL,BAL,KC,,,,,,P
116438-181850,P,Colin,Colin Selby,Selby,6,2,5500,KC@BAL,BAL,KC,,,,,,P
116438-181848,P,Tom,Tom Cosgrove,Cosgrove,12,1,5500,CHC@MIL,CHC,MIL,,,,,,P
116438-225880,P,Nathan,Nathan Wiles,Wiles,-3,1,5500,LAD@ATL,ATL,LAD,,,,,,P
116438-80476,P,Jackson,Jackson Stephens,Stephens,4.333333333333333,3,5500,LAD@ATL,ATL,LAD,,,,,,P
116438-119388,P,Junior,Junior Santos,Santos,,0,5500,WSH@CIN,WSH,CIN,,,,,,P
116438-81507,P,Aaron,Aaron Bummer,Bummer,5.8,10,5500,LAD@ATL,ATL,LAD,,,,,,P
116438-119397,P,TJ,TJ Sikkema,Sikkema,,0,5500,WSH@CIN,CIN,WSH,,,,,,P
116438-82535,P,Kyle,Kyle Wright,Wright,0,1,5500,KC@BAL,KC,BAL,IL,Shoulder,,,,P
116438-119398,P,Yoendrys,Yoendrys Gomez,Gomez,8.142857142857142,8,5500,LAD@ATL,LAD,ATL,,,,,,P
116438-186986,P,Eduardo,Eduardo Salazar,Salazar,2.1333333333333333,15,5500,WSH@CIN,WSH,CIN,,,,,,P
116438-118381,P,Kyle,Kyle Finnegan,Finnegan,5,13,5500,WSH@CIN,WSH,CIN,,,,,,P
116438-222830,P,Travis,Travis Sykora,Sykora,,0,5500,WSH@CIN,WSH,CIN,IL,Hip,,,,P
116438-162419,P,Matt,Matt Brash,Brash,0,1,5500,SEA@TEX,SEA,TEX,IL,Elbow,,,,P
116438-82547,P,Thomas,Thomas Hatch,Hatch,,0,5500,KC@BAL,KC,BAL,,,,,,P
116438-222833,P,Jarlin,Jarlin Susana,Susana,,0,5500,WSH@CIN,WSH,CIN,,,,,,P
116438-222832,P,Alex,Alex Clemmey,Clemmey,,0,5500,WSH@CIN,WSH,CIN,,,,,,P
116438-135798,P,Garrett,Garrett Stallings,Stallings,,0,5500,CHC@MIL,MIL,CHC,,,,,,P
116438-222843,P,Jurrangelo,Jurrangelo Cijntje,Cijntje,,0,5500,SEA@TEX,SEA,TEX,,,,,,P
116438-82552,P,Tony,Tony Santillan,Santillan,4.6875,16,5500,WSH@CIN,CIN,WSH,,,,,,P
116438-118397,P,Trevor,Trevor Megill,Megill,4.181818181818182,11,5500,CHC@MIL,MIL,CHC,,,,,,P
116438-70271,P,Carlos,Carlos Estevez,Estevez,5.571428571428571,14,5500,KC@BAL,KC,BAL,,,,,,P
116438-82564,P,Yency,Yency Almonte,Almonte,5.588235294117647,17,5500,CHC@MIL,CHC,MIL,IL,Shoulder,,,,P
116438-52871,P,Derek,Derek Law,Law,6.16,75,5500,WSH@CIN,WSH,CIN,IL,Forearm,,,,P
116438-165509,P,Bryce,Bryce Bonnin,Bonnin,,0,5500,SEA@TEX,TEX,SEA,,,,,,P
116438-222859,P,Cam,Cam Caminiti,Caminiti,,0,5500,LAD@ATL,ATL,LAD,O,Forearm,,,,P
116438-82572,P,Gregory,Gregory Soto,Soto,4,13,5500,KC@BAL,BAL,KC,,,,,,P
116438-170647,P,Jared,Jared Koenig,Koenig,5.4,15,5500,CHC@MIL,MIL,CHC,,,,,,P
116438-119446,P,Andry,Andry Lara,Lara,,0,5500,WSH@CIN,WSH,CIN,,,,,,P
116438-82584,P,JB,JB Bukauskas,Bukauskas,5.5,6,5500,CHC@MIL,MIL,CHC,IL,Lat,,,,P
116438-119451,P,Matt,Matt Cronin,Cronin,,0,5500,SEA@TEX,SEA,TEX,,,,,,P
116438-203420,P,Austin,Austin Kitchen,Kitchen,0,4,5500,SEA@TEX,SEA,TEX,,,,,,P
116438-17065,P,Blake,Blake Treinen,Treinen,5.625,8,5500,LAD@ATL,LAD,ATL,IL,Forearm,,,,P
116438-220847,P,Grant,Grant Wolfram,Wolfram,0.5,2,5500,KC@BAL,BAL,KC,,,,,,P
116438-220845,P,Juan,Juan Nunez,Nunez,,0,5500,KC@BAL,BAL,KC,,,,,,P
116438-164530,P,Caleb,Caleb Kilian,Kilian,19,2,5500,CHC@MIL,CHC,MIL,IL,Undisclosed,,,,P
116438-14006,P,Brian,Brian Moran,Moran,,0,5500,LAD@ATL,ATL,LAD,,,,,,P
116438-165561,P,Chayce,Chayce McDermott,McDermott,12,1,5500,KC@BAL,BAL,KC,IL,Lat,,,,P
116438-165566,P,Ben,Ben Kudrna,Kudrna,,0,5500,KC@BAL,KC,BAL,,,,,,P
116438-165564,P,Frank,Frank Mozzicato,Mozzicato,,0,5500,KC@BAL,KC,BAL,,,,,,P
116438-165570,P,Ben,Ben Hernandez,Hernandez,,0,5500,SEA@TEX,SEA,TEX,,,,,,P
116438-38596,P,Chris,Chris Martin,Martin,5.933333333333334,15,5500,SEA@TEX,TEX,SEA,,,,,,P
116438-82628,P,Adonis,Adonis Medina,Medina,,0,5500,SEA@TEX,SEA,TEX,,,,,,P
116438-119496,P,Matt,Matt Thompson,Thompson,,0,5500,CHC@MIL,CHC,MIL,,,,,,P
116438-179924,P,Gavin,Gavin Hollowell,Hollowell,12,1,5500,CHC@MIL,CHC,MIL,,,,,,P
116438-165595,P,Maddux,Maddux Bruns,Bruns,,0,5500,LAD@ATL,LAD,ATL,IL,Back,,,,P
116438-14049,P,Bryan,Bryan Shaw,Shaw,2.4,5,5500,SEA@TEX,SEA,TEX,,,,,,P
116438-82656,P,Nate,Nate Pearson,Pearson,1.375,8,5500,CHC@MIL,CHC,MIL,,,,,,P
116438-141024,P,Bruce,Bruce Zimmermann,Zimmermann,0,1,5500,CHC@MIL,MIL,CHC,,,,,,P
116438-187105,P,Joe,Joe La Sorsa,La Sorsa,4.25,16,5500,WSH@CIN,CIN,WSH,,,,,,P
116438-53990,P,Shawn,Shawn Armstrong,Armstrong,6.230769230769231,13,5500,SEA@TEX,TEX,SEA,,,,,,P
116438-212709,P,Edgardo,Edgardo Henriquez,Henriquez,5.666666666666667,6,5500,LAD@ATL,LAD,ATL,IL,Foot,,,,P
116438-181992,P,Jose,Jose Hernandez,Hernandez,4,8,5500,LAD@ATL,LAD,ATL,,,,,,P
116438-165618,P,Chase,Chase Petty,Petty,-11,1,5500,WSH@CIN,CIN,WSH,,,,,,P
116438-187121,P,Grant,Grant Anderson,Anderson,6.857142857142857,14,5500,CHC@MIL,MIL,CHC,,,,,,P
116438-165621,P,Russell,Russell Smith,Smith,,0,5500,CHC@MIL,MIL,CHC,,,,,,P
116438-84731,P,Evan,Evan Phillips,Phillips,5.333333333333333,6,5500,LAD@ATL,LAD,ATL,,,,,,P
116438-154368,P,Vinny,Vinny Nittoli,Nittoli,6,9,5500,CHC@MIL,MIL,CHC,,,,,,P
116438-165673,P,Levi,Levi Stoudt,Stoudt,0,1,5500,KC@BAL,BAL,KC,IL,Undisclosed,,,,P
116438-165682,P,Michael,Michael Morales,Morales,,0,5500,SEA@TEX,SEA,TEX,,,,,,P
116438-182064,P,Chris,Chris Clarke,Clarke,,0,5500,CHC@MIL,CHC,MIL,,,,,,P
116438-163641,P,Ray,Ray Kerr,Kerr,11.2,10,5500,LAD@ATL,ATL,LAD,IL,Elbow,,,,P
116438-213816,P,Evan,Evan Sisk,Sisk,11,2,5500,KC@BAL,KC,BAL,,,,,,P
116438-163654,P,Alexis,Alexis Diaz,Diaz,0.5,6,5500,WSH@CIN,CIN,WSH,,,,,,P
116438-213851,P,Domingo,Domingo Gonzalez,Gonzalez,,0,5500,LAD@ATL,ATL,LAD,,,,,,P
116438-163673,P,Jorge,Jorge Juan,Juan,,0,5500,LAD@ATL,ATL,LAD,,,,,,P
116438-163677,P,James,James McArthur,McArthur,4.618181818181818,57,5500,KC@BAL,KC,BAL,IL,Elbow,,,,P
116438-163682,P,Ethan,Ethan Roberts,Roberts,3.7777777777777777,9,5500,CHC@MIL,CHC,MIL,,,,,,P
116438-163690,P,Nathan,Nathan Webb,Webb,,0,5500,KC@BAL,BAL,KC,,,,,,P
116438-163688,P,Collin,Collin Snider,Snider,4.333333333333333,12,5500,SEA@TEX,SEA,TEX,,,,,,P
116438-163697,P,Hagen,Hagen Danner,Danner,0,1,5500,SEA@TEX,SEA,TEX,,,,,,P
116438-163701,P,Felix,Felix Bautista,Bautista,6,10,5500,KC@BAL,BAL,KC,,,,,,P
116438-68476,P,Taylor,Taylor Rogers,Rogers,4.75,13,5500,WSH@CIN,CIN,WSH,,,,,,P
116438-68484,P,Chad,Chad Kuhl,Kuhl,7.483870967741935,31,5500,LAD@ATL,ATL,LAD,,,,,,P
116438-82836,P,Julian,Julian Fernandez,Fernandez,,0,5500,LAD@ATL,LAD,ATL,,,,,,P
116438-80791,P,Alan,Alan Busenitz,Busenitz,1,3,5500,WSH@CIN,CIN,WSH,,,,,,P
116438-80801,P,Hoby,Hoby Milner,Milner,6.384615384615385,13,5500,SEA@TEX,TEX,SEA,,,,,,P
116438-68515,P,Sam,Sam Moll,Moll,-1,3,5500,WSH@CIN,CIN,WSH,IL,Shoulder,,,,P
116438-68520,P,Michael,Michael Fulmer,Fulmer,5,1,5500,CHC@MIL,CHC,MIL,,,,,,P
116438-102314,P,Lenny,Lenny Torres,Torres,,0,5500,WSH@CIN,CIN,WSH,,,,,,P
116438-52141,P,Lucas,Lucas Sims,Sims,2.857142857142857,16,5500,WSH@CIN,WSH,CIN,,,,,,P
116438-52143,P,Hunter,Hunter Harvey,Harvey,6.166666666666667,6,5500,KC@BAL,KC,BAL,IL,Shoulder,,,,P
116438-52148,P,Pierce,Pierce Johnson,Johnson,5.583333333333333,12,5500,LAD@ATL,ATL,LAD,,,,,,P
116438-102324,P,Konnor,Konnor Pilkington,Pilkington,0,2,5500,WSH@CIN,WSH,CIN,,,,,,P
116438-209846,P,Ben,Ben Casparius,Casparius,11.909090909090908,11,5500,LAD@ATL,LAD,ATL,,,,,,P
116438-102332,P,Jackson,Jackson Kowar,Kowar,0,1,5500,SEA@TEX,SEA,TEX,IL,Elbow,,,,P
116438-102334,P,Corbin,Corbin Martin,Martin,,0,5500,KC@BAL,BAL,KC,,,,,,P
116438-189393,P,Daniel,Daniel Palencia,Palencia,5.857142857142857,7,5500,CHC@MIL,CHC,MIL,,,,,,P
116438-198618,P,Coleman,Coleman Crow,Crow,,0,5500,CHC@MIL,MIL,CHC,,,,,,P
116438-52192,P,Luke,Luke Jackson,Jackson,2.769230769230769,14,5500,SEA@TEX,TEX,SEA,,,,,,P
116438-70624,P,Chris,Chris Stratton,Stratton,3.3333333333333335,9,5500,KC@BAL,KC,BAL,,,,,,P
116438-213995,P,Luis,Luis Curvelo,Curvelo,,0,5500,SEA@TEX,TEX,SEA,,,,,,P
116438-68584,P,Tyler,Tyler Jay,Jay,5.8,5,5500,CHC@MIL,MIL,CHC,,,,,,P
116438-79852,P,Lucas,Lucas Erceg,Erceg,4.142857142857143,14,5500,KC@BAL,KC,BAL,,,,,,P
116438-102386,P,Steven,Steven Jennings,Jennings,,0,5500,SEA@TEX,TEX,SEA,,,,,,P
116438-82935,P,Trevor,Trevor Richards,Richards,5.363636363636363,55,5500,CHC@MIL,CHC,MIL,,,,,,P
116438-210936,P,Evan,Evan Kravetz,Kravetz,2,1,5500,WSH@CIN,CIN,WSH,,,,,,P
116438-102399,P,Sam,Sam Carlson,Carlson,,0,5500,LAD@ATL,LAD,ATL,,,,,,P
116438-82440,OF,Shohei,Shohei Ohtani,Ohtani,14.779999796549479,30,4500,LAD@ATL,LAD,ATL,,,,,,OF/UTIL
116438-79125,OF,Kyle,Kyle Tucker,Tucker,16.160605690696023,33,4300,CHC@MIL,CHC,MIL,,,,,,OF/UTIL
116438-39151,2B/SS/OF,Mookie,Mookie Betts,Betts,11.765517662311423,29,4000,LAD@ATL,LAD,ATL,,,,,,2B/SS/OF/UTIL
116438-165513,SS,Elly,Elly De La Cruz,De La Cruz,13.41212139707623,33,3900,WSH@CIN,CIN,WSH,,,,,,SS/UTIL
116438-167012,OF,Seiya,Seiya Suzuki,Suzuki,14.60344827586207,29,3800,CHC@MIL,CHC,MIL,,,,,,OF/UTIL
116438-119349,SS,Bobby,Bobby Witt Jr.,Witt Jr.,11.808823529411764,34,3800,KC@BAL,KC,BAL,,,,,,SS/UTIL
116438-11334,1B,Freddie,Freddie Freeman,Freeman,12.957143147786459,21,3700,LAD@ATL,LAD,ATL,,,,,,C/1B/UTIL
116438-21609,OF,Christian,Christian Yelich,Yelich,11.106451219128024,31,3700,CHC@MIL,MIL,CHC,,,,,,OF/UTIL
116438-79756,OF,Ronald,Ronald Acuna Jr.,Acuna Jr.,11.634693379304847,49,3700,LAD@ATL,ATL,LAD,IL,Knee,,,,OF/UTIL
116438-73023,OF,Teoscar,Teoscar Hernandez,Hernandez,14.159999593098958,30,3600,LAD@ATL,LAD,ATL,,,,,,OF/UTIL
116438-17086,OF,Marcell,Marcell Ozuna,Ozuna,10.928571428571429,28,3600,LAD@ATL,ATL,LAD,,,,,,OF/UTIL
116438-165611,OF,Jackson,Jackson Chourio,Chourio,11.662500381469727,32,3600,CHC@MIL,MIL,CHC,,,,,,OF/UTIL
116438-198526,OF,Wyatt,Wyatt Langford,Langford,11.826086956521738,23,3600,SEA@TEX,TEX,SEA,,,,,,OF/UTIL
116438-81953,OF,Austin,Austin Hays,Hays,17.576923076923077,13,3500,WSH@CIN,CIN,WSH,IL,Hamstring,,,,OF/UTIL
116438-85261,OF,Randy,Randy Arozarena,Arozarena,12.506667073567709,30,3500,SEA@TEX,SEA,TEX,,,,,,OF/UTIL
116438-146704,OF,Pete,Pete Crow-Armstrong,Crow-Armstrong,14.136363636363637,33,3500,CHC@MIL,CHC,MIL,,,,,,OF/UTIL
116438-108450,SS/2B/OF,Tommy,Tommy Edman,Edman,11.826666259765625,30,3500,LAD@ATL,LAD,ATL,DTD,Ankle,,,,2B/SS/OF/UTIL
116438-79074,3B,Austin,Austin Riley,Riley,10.077419157951109,31,3400,LAD@ATL,ATL,LAD,,,,,,3B/UTIL
116438-102353,2B,Brice,Brice Turang,Turang,11.753125190734863,32,3400,CHC@MIL,MIL,CHC,,,,,,2B/UTIL
116438-102400,OF,Julio,Julio Rodriguez,Rodriguez,11.729032454952117,31,3300,SEA@TEX,SEA,TEX,,,,,,OF/UTIL
116438-102555,3B,Noelvi,Noelvi Marte,Marte,13.676470588235293,17,3300,WSH@CIN,CIN,WSH,,,,,,3B/UTIL
116438-102554,C,Cal,Cal Raleigh,Raleigh,14.135484264742944,31,3300,SEA@TEX,SEA,TEX,,,,,,C/1B/UTIL
116438-79092,OF,Ian,Ian Happ,Happ,11.315151330196496,33,3300,CHC@MIL,CHC,MIL,,,,,,OF/UTIL
116438-21874,2B/3B,Jorge,Jorge Polanco,Polanco,14.482608961022418,23,3300,SEA@TEX,SEA,TEX,,,,,,2B/3B/UTIL
116438-73871,C,Carson,Carson Kelly,Kelly,16.933332655164932,18,3200,CHC@MIL,CHC,MIL,,,,,,C/1B/UTIL
116438-38412,SS,Corey,Corey Seager,Seager,8.361905052548362,21,3200,SEA@TEX,TEX,SEA,IL,Hamstring,,,,SS/UTIL
116438-82536,OF,Cedric,Cedric Mullins,Mullins,12.772413582637393,29,3200,KC@BAL,BAL,KC,,,,,,OF/UTIL
116438-165661,OF,James,James Wood,Wood,12.796969327059658,33,3200,WSH@CIN,WSH,CIN,,,,,,OF/UTIL
116438-102284,C,William,William Contreras,Contreras,10.270967545047883,31,3200,CHC@MIL,MIL,CHC,,,,,,C/1B/UTIL
116438-52175,1B,Matt,Matt Olson,Olson,10.535484067855343,31,3200,LAD@ATL,ATL,LAD,,,,,,C/1B/UTIL
116438-101753,2B/SS/3B,Dylan,Dylan Moore,Moore,10.899999867314877,23,3100,SEA@TEX,SEA,TEX,IL,Hip,,,,2B/3B/SS/UTIL
116438-119306,SS,Gunnar,Gunnar Henderson,Henderson,8.579166412353516,24,3100,KC@BAL,BAL,KC,,,,,,SS/UTIL
116438-79401,C,Will,Will Smith,Smith,10.88,25,3100,LAD@ATL,LAD,ATL,,,,,,C/1B/UTIL
116438-119410,SS,CJ,CJ Abrams,Abrams,12.075,20,3100,WSH@CIN,WSH,CIN,,,,,,SS/UTIL
116438-165507,SS/2B,Matt,Matt McLain,McLain,10.125,24,3100,WSH@CIN,CIN,WSH,,,,,,2B/SS/UTIL
116438-82624,C,Sean,Sean Murphy,Murphy,12.677777608235678,18,3100,LAD@ATL,ATL,LAD,,,,,,C/1B/UTIL
116438-68586,SS,Dansby,Dansby Swanson,Swanson,10.29999981504498,33,3100,CHC@MIL,CHC,MIL,,,,,,SS/UTIL
116438-85285,1B,Nathaniel,Nathaniel Lowe,Lowe,9.803030303030303,33,3000,WSH@CIN,WSH,CIN,,,,,,C/1B/UTIL
116438-136672,OF,Michael,Michael Harris II,Harris II,8.893548780871976,31,3000,LAD@ATL,ATL,LAD,,,,,,OF/UTIL
116438-165605,OF,Sal,Sal Frelick,Frelick,9.506060975970644,33,3000,CHC@MIL,MIL,CHC,,,,,,OF/UTIL
116438-102301,2B/SS,Nico,Nico Hoerner,Hoerner,9.555172624259159,29,3000,CHC@MIL,CHC,MIL,,,,,,2B/SS/UTIL
116438-68547,OF,Tyler,Tyler O'Neill,O'Neill,8.700000339084202,18,3000,KC@BAL,BAL,KC,IL,Neck,,,,OF/UTIL
116438-60642,OF,Michael,Michael Conforto,Conforto,7.127586101663524,29,2900,LAD@ATL,LAD,ATL,,,,,,OF/UTIL
116438-146695,OF,Andy,Andy Pages,Pages,10.379310344827585,29,2900,LAD@ATL,LAD,ATL,,,,,,OF/UTIL
116438-85279,C,Miguel,Miguel Amaya,Amaya,9.655555725097656,18,2900,CHC@MIL,CHC,MIL,,,,,,C/1B/UTIL
116438-79160,OF,Alex,Alex Verdugo,Verdugo,10.19999972256747,11,2900,LAD@ATL,ATL,LAD,,,,,,OF/UTIL
116438-118120,C,Jonah,Jonah Heim,Heim,7.9320001220703125,25,2900,SEA@TEX,TEX,SEA,,,,,,C/1B/UTIL
116438-119307,C,Adley,Adley Rutschman,Rutschman,8.327586206896552,29,2900,KC@BAL,BAL,KC,,,,,,C/1B/UTIL
116438-85520,OF,Adolis,Adolis Garcia,Garcia,8.265625,32,2900,SEA@TEX,TEX,SEA,,,,,,OF/UTIL
116438-119352,1B,Michael,Michael Busch,Busch,11.490322974420362,31,2900,CHC@MIL,CHC,MIL,,,,,,C/1B/UTIL
116438-119437,3B,Josh,Josh Jung,Jung,7.724999745686849,24,2900,SEA@TEX,TEX,SEA,,,,,,3B/UTIL
116438-165571,1B,Vinnie,Vinnie Pasquantino,Pasquantino,7.636363636363637,33,2900,KC@BAL,KC,BAL,,,,,,C/1B/UTIL
116438-165707,SS/3B/OF,Josh,Josh Smith,Smith,8.900000113028067,27,2900,SEA@TEX,TEX,SEA,,,,,,3B/SS/OF/UTIL
116438-163689,3B/2B,Maikel,Maikel Garcia,Garcia,8.875757390802557,33,2900,KC@BAL,KC,BAL,,,,,,2B/3B/UTIL
116438-79141,1B/OF,Ryan,Ryan O'Hearn,O'Hearn,10.952173647673234,23,2800,KC@BAL,BAL,KC,,,,,,C/1B/OF/UTIL
116438-79215,1B,Rhys,Rhys Hoskins,Hoskins,7.863333129882813,30,2800,CHC@MIL,MIL,CHC,,,,,,C/1B/UTIL
116438-82660,2B,Luis,Luis Garcia Jr.,Garcia Jr.,8.53448275862069,29,2800,WSH@CIN,WSH,CIN,,,,,,2B/UTIL
116438-102296,OF,TJ,TJ Friedl,Friedl,9.996773996660787,31,2800,WSH@CIN,CIN,WSH,,,,,,OF/UTIL
116438-52176,3B,Max,Max Muncy,Muncy,5.729999796549479,30,2800,LAD@ATL,LAD,ATL,,,,,,3B/UTIL
116438-68563,OF,Victor,Victor Robles,Robles,8.609999847412109,10,2800,SEA@TEX,SEA,TEX,IL,Shoulder,,,,OF/UTIL
116438-52179,SS,J.P.,J.P. Crawford,Crawford,9.573333740234375,30,2800,SEA@TEX,SEA,TEX,,,,,,SS/UTIL
116438-68587,2B,Ozzie,Ozzie Albies,Albies,9.319354641822077,31,2800,LAD@ATL,ATL,LAD,,,,,,2B/UTIL
116438-179272,OF/1B/2B,Spencer,Spencer Steer,Steer,8.488461421086239,26,2700,WSH@CIN,CIN,WSH,,,,,,C/1B/2B/OF/UTIL
116438-146667,3B/2B,Jordan,Jordan Westburg,Westburg,8.060869299847147,23,2700,KC@BAL,BAL,KC,IL,Hamstring,,,,2B/3B/UTIL
116438-146697,OF,Garrett,Garrett Mitchell,Mitchell,5.652000122070312,25,2700,CHC@MIL,MIL,CHC,IL,Oblique,,,,OF/UTIL
116438-79165,2B/OF,Gavin,Gavin Lux,Lux,9.343332926432291,30,2700,WSH@CIN,CIN,WSH,,,,,,2B/OF/UTIL
116438-38299,OF,Kevin,Kevin Pillar,Pillar,4.335293938131893,17,2700,SEA@TEX,TEX,SEA,,,,,,OF/UTIL
116438-219698,2B/3B,Caleb,Caleb Durbin,Durbin,8.514285496303014,14,2700,CHC@MIL,MIL,CHC,,,,,,2B/3B/UTIL
116438-82593,C,Keibert,Keibert Ruiz,Ruiz,7.78999989827474,30,2700,WSH@CIN,WSH,CIN,,,,,,C/1B/UTIL
116438-102308,2B/3B/OF,Jonathan,Jonathan India,India,6.456666564941406,30,2700,KC@BAL,KC,BAL,,,,,,2B/3B/OF/UTIL
116438-13266,C/1B,Salvador,Salvador Perez,Perez,7.425000190734863,32,2700,KC@BAL,KC,BAL,DTD,Hip,,,,C/1B/UTIL
116438-173078,OF,Alex,Alex Call,Call,8.347619192940849,21,2600,WSH@CIN,WSH,CIN,,,,,,OF/UTIL
116438-102486,OF,Blake,Blake Perkins,Perkins,8.120325104007875,123,2600,CHC@MIL,MIL,CHC,IL,Lower leg,,,,OF/UTIL
116438-21705,2B,Marcus,Marcus Semien,Semien,6.446875095367432,32,2600,SEA@TEX,TEX,SEA,,,,,,2B/UTIL
116438-79082,1B,Ryan,Ryan Mountcastle,Mountcastle,6.020000203450521,30,2600,KC@BAL,BAL,KC,,,,,,C/1B/UTIL
116438-83191,C,Austin,Austin Wynns,Wynns,11.308333079020182,12,2600,WSH@CIN,CIN,WSH,,,,,,C/1B/UTIL
116438-79110,C,Tyler,Tyler Stephenson,Stephenson,28.399999618530273,1,2600,WSH@CIN,CIN,WSH,,,,,,C/1B/UTIL
116438-197982,OF,Dylan,Dylan Crews,Crews,8.213333129882812,30,2600,WSH@CIN,WSH,CIN,,,,,,OF/UTIL
116438-79255,1B/OF,Jake,Jake Bauers,Bauers,5.961904616582961,21,2600,CHC@MIL,MIL,CHC,,,,,,C/1B/OF/UTIL
116438-79263,OF,Leody,Leody Taveras,Taveras,5.97931013436153,29,2600,SEA@TEX,TEX,SEA,,,,,,OF/UTIL
116438-13792,3B/1B/OF,Kike,Kike Hernandez,Hernandez,7.526087221891983,23,2600,LAD@ATL,LAD,ATL,,,,,,C/1B/3B/OF/UTIL
116438-164513,3B/2B/SS,Joey,Joey Ortiz,Ortiz,5.784375190734863,32,2600,CHC@MIL,MIL,CHC,,,,,,2B/3B/SS/UTIL
116438-79918,C,Kyle,Kyle Higashioka,Higashioka,6.623529322007123,17,2500,SEA@TEX,TEX,SEA,IL,Ribs,,,,C/1B/UTIL
116438-6312,1B,Justin,Justin Turner,Turner,4.278947529039885,19,2500,CHC@MIL,CHC,MIL,,,,,,C/1B/UTIL
116438-102577,2B/3B,Santiago,Santiago Espinal,Espinal,6.608333587646484,24,2500,WSH@CIN,CIN,WSH,,,,,,2B/3B/UTIL
116438-197967,2B/SS,Jackson,Jackson Holliday,Holliday,7.011111224139178,27,2500,KC@BAL,BAL,KC,,,,,,2B/SS/UTIL
116438-164507,OF,Colton,Colton Cowser,Cowser,7.724999904632568,4,2500,KC@BAL,BAL,KC,IL,Thumb,,,,OF/UTIL
116438-82586,OF,MJ,MJ Melendez,Melendez,3.456249952316284,16,2500,KC@BAL,KC,BAL,,,,,,OF/UTIL
116438-53994,1B,Josh,Josh Bell,Bell,7.413333129882813,30,2500,WSH@CIN,WSH,CIN,,,,,,C/1B/UTIL
116438-165712,3B,Dustin,Dustin Harris,Harris,3.9499999455043246,14,2500,SEA@TEX,TEX,SEA,,,,,,3B/UTIL
116438-102418,OF/2B,Eli,Eli White,White,7.57826100225034,23,2400,LAD@ATL,ATL,LAD,,,,,,2B/OF/UTIL
116438-223299,3B,Ben,Ben Williamson,Williamson,9.657142639160156,14,2400,SEA@TEX,SEA,TEX,,,,,,3B/UTIL
116438-102485,OF,Kyle,Kyle Isbel,Isbel,4.706666564941406,30,2400,KC@BAL,KC,BAL,,,,,,OF/UTIL
116438-102591,OF,Jake,Jake Fraley,Fraley,7.32,25,2400,WSH@CIN,CIN,WSH,,,,,,OF/UTIL
116438-83155,OF,Ramon,Ramon Laureano,Laureano,5.081818320534446,22,2400,KC@BAL,BAL,KC,,,,,,OF/UTIL
116438-198877,3B,Matt,Matt Shaw,Shaw,6.538888719346788,18,2400,CHC@MIL,CHC,MIL,,,,,,3B/UTIL
116438-83173,C,Jose,Jose Trevino,Trevino,8.01923076923077,26,2400,WSH@CIN,CIN,WSH,,,,,,C/1B/UTIL
116438-146666,OF,Heston,Heston Kjerstad,Kjerstad,6.285714285714286,28,2400,KC@BAL,BAL,KC,,,,,,OF/UTIL
116438-83182,C/OF,Eric,Eric Haase,Haase,5.208333333333333,12,2400,CHC@MIL,MIL,CHC,,,,,,C/1B/OF/UTIL
116438-79108,3B,Nick,Nick Senzel,Senzel,6.351351351351352,74,2400,LAD@ATL,LAD,ATL,,,,,,3B/UTIL
116438-79277,1B,Rowdy,Rowdy Tellez,Tellez,7.095833460489909,24,2400,SEA@TEX,SEA,TEX,,,,,,C/1B/UTIL
116438-101850,3B/2B/1B,Ramon,Ramon Urias,Urias,7.204545454545454,22,2400,KC@BAL,BAL,KC,DTD,Hamstring,,,,C/1B/2B/3B/UTIL
116438-173548,2B,Michael,Michael Massey,Massey,4.393333435058594,30,2400,KC@BAL,KC,BAL,,,,,,2B/UTIL
116438-71182,3B/1B,Jeimer,Jeimer Candelario,Candelario,5.572727203369141,22,2400,WSH@CIN,CIN,WSH,IL,Back,,,,C/1B/3B/UTIL
116438-13864,OF/1B,Joc,Joc Pederson,Pederson,2.929629573115596,27,2400,SEA@TEX,TEX,SEA,,,,,,C/1B/OF/UTIL
116438-80462,SS/3B,Paul,Paul DeJong,DeJong,5.162499904632568,16,2400,WSH@CIN,WSH,CIN,IL,Orbital,,,,3B/SS/UTIL
116438-222858,C,Drake,Drake Baldwin,Baldwin,6.752941355985754,17,2400,LAD@ATL,ATL,LAD,,,,,,C/1B/UTIL
116438-211773,OF,Isaac,Isaac Collins,Collins,5.520000076293945,20,2400,CHC@MIL,MIL,CHC,,,,,,OF/UTIL
116438-102288,OF,Drew,Drew Waters,Waters,7.094999694824219,20,2400,KC@BAL,KC,BAL,,,,,,OF/UTIL
116438-102363,OF/1B,Luke,Luke Raley,Raley,7.625,24,2400,SEA@TEX,SEA,TEX,IL,Oblique,,,,C/1B/OF/UTIL
116438-68589,2B/3B/OF,Amed,Amed Rosario,Rosario,5.850000169542101,18,2400,WSH@CIN,WSH,CIN,,,,,,2B/3B/OF/UTIL
116438-102398,OF,Jarred,Jarred Kelenic,Kelenic,4.278260935907778,23,2400,LAD@ATL,ATL,LAD,,,,,,OF/UTIL
116438-21666,OF/1B,Mark,Mark Canha,Canha,5.2999997820172995,14,2300,KC@BAL,KC,BAL,,,,,,C/1B/OF/UTIL
116438-85277,2B/OF/1B/3B,Cavan,Cavan Biggio,Biggio,3.2181819568980825,22,2300,KC@BAL,KC,BAL,,,,,,C/1B/2B/3B/OF/UTIL
116438-21890,SS,Orlando,Orlando Arcia,Arcia,3.0700000762939452,10,2300,LAD@ATL,ATL,LAD,,,,,,SS/UTIL
116438-164498,2B,Ryan,Ryan Bliss,Bliss,6.427272449840199,11,2300,SEA@TEX,SEA,TEX,IL,Biceps,,,,2B/UTIL
116438-81622,C,Mitch,Mitch Garver,Garver,7.010526155170641,19,2300,SEA@TEX,SEA,TEX,,,,,,C/1B/UTIL
116438-169769,3B/SS,Vinny,Vinny Capra,Capra,2.7363636710427026,22,2300,CHC@MIL,MIL,CHC,,,,,,3B/SS/UTIL
116438-54068,OF,Hunter,Hunter Renfroe,Renfroe,3.3565216064453125,23,2300,KC@BAL,KC,BAL,,,,,,OF/UTIL
116438-101276,2B/3B,Jon,Jon Berti,Berti,7.175,20,2300,CHC@MIL,CHC,MIL,,,,,,2B/3B/UTIL
116438-102349,SS/2B,Leo,Leo Rivas,Rivas,8.37857164655413,14,2300,SEA@TEX,SEA,TEX,,,,,,2B/SS/UTIL
116438-68593,SS/2B/OF,Jorge,Jorge Mateo,Mateo,3.200000047683716,16,2300,KC@BAL,BAL,KC,,,,,,2B/SS/OF/UTIL
116438-135194,C,Freddy,Freddy Fermin,Fermin,4.876190548851376,21,2200,KC@BAL,KC,BAL,,,,,,C/1B/UTIL
116438-13390,SS/2B/3B,Miguel,Miguel Rojas,Rojas,3.2444445292154946,18,2200,LAD@ATL,LAD,ATL,,,,,,2B/3B/SS/UTIL
116438-222295,2B,Hyeseong,Hyeseong Kim,Kim,,0,2200,LAD@ATL,LAD,ATL,,,,,,2B/UTIL
116438-135284,C,Riley,Riley Adams,Adams,5.414285932268415,7,2200,WSH@CIN,WSH,CIN,,,,,,C/1B/UTIL
116438-38040,OF,Eddie,Eddie Rosario,Rosario,1,3,2200,LAD@ATL,ATL,LAD,,,,,,OF/UTIL
116438-197874,2B/3B,Oliver,Oliver Dunn,Dunn,4.985714503696987,14,2200,CHC@MIL,MIL,CHC,,,,,,2B/3B/UTIL
116438-209172,1B,Andres,Andres Chaparro,Chaparro,8.481817996863162,33,2200,WSH@CIN,WSH,CIN,IL,Oblique,,,,C/1B/UTIL
116438-193863,OF,Jacob,Jacob Young,Young,5.024999891008649,28,2200,WSH@CIN,WSH,CIN,,,,,,OF/UTIL
116438-170350,OF,Dairon,Dairon Blanco,Blanco,6.133333206176758,3,2200,KC@BAL,KC,BAL,IL,Achilles,,,,OF/UTIL
116438-16945,C,Gary,Gary Sanchez,Sanchez,2.9384615971491885,13,2200,KC@BAL,BAL,KC,IL,Wrist,,,,C/1B/UTIL
116438-119365,SS/2B,Nasim,Nasim Nunez,Nunez,5.158333460489909,12,2200,WSH@CIN,WSH,CIN,,,,,,2B/SS/UTIL
116438-82570,1B,Jake,Jake Burger,Burger,6.686666870117188,30,2200,SEA@TEX,TEX,SEA,,,,,,C/1B/UTIL
116438-202502,OF,Blake,Blake Dunn,Dunn,5.732000122070312,25,2200,WSH@CIN,CIN,WSH,,,,,,OF/UTIL
116438-165710,OF,Evan,Evan Carter,Carter,7.502174045728601,46,2200,SEA@TEX,TEX,SEA,,,,,,OF/UTIL
116438-119637,3B/OF,Ezequiel,Ezequiel Duran,Duran,0.5,7,2200,SEA@TEX,TEX,SEA,,,,,,3B/OF/UTIL
116438-163671,3B,Jose,Jose Tena,Tena,5.147058823529412,17,2200,WSH@CIN,WSH,CIN,,,,,,3B/UTIL
116438-183187,1B,Christian,Christian Encarnacion-Strand,Encarnacion-Strand,5.820000203450521,15,2200,WSH@CIN,CIN,WSH,IL,Back,,,,C/1B/UTIL
116438-180208,2B/3B/SS,Miles,Miles Mastrobuoni,Mastrobuoni,4.777272657914595,22,2200,SEA@TEX,SEA,TEX,,,,,,2B/3B/SS/UTIL
116438-102406,2B/SS/3B,Vidal,Vidal Brujan,Brujan,2.2750000953674316,8,2100,CHC@MIL,CHC,MIL,,,,,,2B/3B/SS/UTIL
116438-189530,OF,Dominic,Dominic Canzone,Canzone,0,2,2100,SEA@TEX,SEA,TEX,,,,,,OF/UTIL
116438-13412,2B/3B/1B,Donovan,Donovan Solano,Solano,1.7736842506810238,19,2100,SEA@TEX,SEA,TEX,,,,,,C/1B/2B/3B/UTIL
116438-21612,SS,Nick,Nick Ahmed,Ahmed,2.4399999618530273,5,2100,SEA@TEX,TEX,SEA,,,,,,SS/UTIL
116438-135310,C,Chadwick,Chadwick Tromp,Tromp,1.5,2,2100,KC@BAL,BAL,KC,,,,,,C/1B/UTIL
116438-38297,C,Austin,Austin Barnes,Barnes,5.279999923706055,10,2100,LAD@ATL,LAD,ATL,,,,,,C/1B/UTIL
116438-79400,OF,Dylan,Dylan Carlson,Carlson,1.649999976158142,8,2100,KC@BAL,BAL,KC,,,,,,OF/UTIL
116438-38561,OF/3B/2B,Chris,Chris Taylor,Taylor,1.3210526516563015,19,2100,LAD@ATL,LAD,ATL,,,,,,2B/3B/OF/UTIL
116438-102295,OF,Stuart,Stuart Fairchild,Fairchild,1.9454545107754795,11,2100,LAD@ATL,ATL,LAD,,,,,,OF/UTIL
116438-102331,2B/SS,Nicky,Nicky Lopez,Lopez,0.6888888676961263,9,2100,CHC@MIL,CHC,MIL,,,,,,2B/SS/UTIL
116438-102409,OF,Nick,Nick Schnell,Schnell,,0,2000,WSH@CIN,WSH,CIN,,,,,,OF/UTIL
116438-97291,2B,Harold,Harold Castro,Castro,,0,2000,KC@BAL,KC,BAL,,,,,,2B/UTIL
116438-102411,C,Andrew,Andrew Knizner,Knizner,2.9078947368421053,38,2000,WSH@CIN,WSH,CIN,,,,,,C/1B/UTIL
116438-102427,3B,Jordan,Jordan Groshans,Groshans,,0,2000,KC@BAL,KC,BAL,,,,,,3B/UTIL
116438-13343,2B,Dixon,Dixon Machado,Machado,,0,2000,CHC@MIL,CHC,MIL,,,,,,2B/UTIL
116438-171037,C,Jason,Jason Delay,Delay,6.400000095367432,8,2000,LAD@ATL,ATL,LAD,,,,,,C/1B/UTIL
116438-135207,2B,Alex,Alex De Goti,De Goti,,0,2000,SEA@TEX,TEX,SEA,,,,,,2B/UTIL
116438-102452,OF,Nelson,Nelson Velazquez,Velazquez,7.760937690734863,64,2000,KC@BAL,KC,BAL,,,,,,OF/UTIL
116438-102461,SS,Aaron,Aaron Bracho,Bracho,,0,2000,LAD@ATL,LAD,ATL,,,,,,SS/UTIL
116438-135242,C,P.J.,P.J. Higgins,Higgins,0,2,2000,WSH@CIN,CIN,WSH,,,,,,C/1B/UTIL
116438-102472,SS,Raynel,Raynel Delgado,Delgado,,0,2000,CHC@MIL,MIL,CHC,,,,,,SS/UTIL
116438-135254,2B,Eddy,Eddy Alvarez,Alvarez,0.8857142584664481,14,2000,LAD@ATL,ATL,LAD,,,,,,2B/UTIL
116438-102488,3B/1B,Emmanuel,Emmanuel Rivera,Rivera,6.349999904632568,2,2000,KC@BAL,BAL,KC,,,,,,C/1B/3B/UTIL
116438-135263,C,Brian,Brian O'Keefe,O'Keefe,,0,2000,KC@BAL,KC,BAL,,,,,,C/1B/UTIL
116438-135267,2B,Kaden,Kaden Polcovich,Polcovich,,0,2000,SEA@TEX,SEA,TEX,,,,,,2B/UTIL
116438-102499,SS,Bryson,Bryson Brigman,Brigman,,0,2000,WSH@CIN,CIN,WSH,,,,,,SS/UTIL
116438-135265,1B,Austin,Austin Shenton,Shenton,4.7549999237060545,20,2000,SEA@TEX,SEA,TEX,,,,,,C/1B/UTIL
116438-116841,2B/1B/OF,Sam,Sam Haggerty,Haggerty,2.077777862548828,9,2000,SEA@TEX,TEX,SEA,,,,,,C/1B/2B/OF/UTIL
116438-83051,2B/3B,David,David Bote,Bote,2.4051282833784056,39,2000,LAD@ATL,LAD,ATL,,,,,,2B/3B/UTIL
116438-102512,OF,Carlos,Carlos Rodriguez,Rodriguez,,0,2000,LAD@ATL,ATL,LAD,,,,,,OF/UTIL
116438-116869,SS,Erick,Erick Mejia,Mejia,,0,2000,WSH@CIN,WSH,CIN,,,,,,SS/UTIL
116438-197764,C,Blake,Blake Hunt,Hunt,0,1,2000,SEA@TEX,SEA,TEX,,,,,,C/1B/UTIL
116438-197768,SS/3B,Luis,Luis Vazquez,Vazquez,1.223076893733098,13,2000,KC@BAL,BAL,KC,,,,,,3B/SS/UTIL
116438-102541,OF,Jared,Jared Oliva,Oliva,,0,2000,CHC@MIL,MIL,CHC,,,,,,OF/UTIL
116438-135308,OF,Robert,Robert Hassell III,Hassell III,,0,2000,WSH@CIN,WSH,CIN,,,,,,OF/UTIL
116438-81046,1B,Garrett,Garrett Cooper,Cooper,4.883783701303843,37,2000,LAD@ATL,ATL,LAD,,,,,,C/1B/UTIL
116438-102563,3B/2B/SS,Jonathan,Jonathan Ornelas,Ornelas,0.75,4,2000,SEA@TEX,TEX,SEA,,,,,,2B/3B/SS/UTIL
116438-198867,C,Samuel,Samuel Basallo,Basallo,,0,2000,KC@BAL,BAL,KC,,,,,,C/1B/UTIL
116438-195795,C,Chandler,Chandler Seagle,Seagle,,0,2000,LAD@ATL,ATL,LAD,,,,,,C/1B/UTIL
116438-145617,C,David,David Garcia,Garcia,,0,2000,CHC@MIL,MIL,CHC,,,,,,C/1B/UTIL
116438-198868,OF,Enrique,Enrique Bradfield Jr.,Bradfield Jr.,,0,2000,KC@BAL,BAL,KC,IL,Hamstring,,,,OF/UTIL
116438-198878,3B,Sal,Sal Stewart,Stewart,,0,2000,WSH@CIN,CIN,WSH,,,,,,3B/UTIL
116438-60641,OF/2B,Nick,Nick Gordon,Gordon,5.882105134662829,95,2000,KC@BAL,KC,BAL,,,,,,2B/OF/UTIL
116438-226530,C,Maverick,Maverick Handley,Handley,0,1,2000,KC@BAL,BAL,KC,,,,,,C/1B/UTIL
116438-146671,OF,Austin,Austin Hendrick,Hendrick,,0,2000,WSH@CIN,CIN,WSH,,,,,,OF/UTIL
116438-79087,1B,Michael,Michael Chavis,Chavis,0,1,2000,LAD@ATL,LAD,ATL,,,,,,C/1B/UTIL
116438-198893,C,Dalton,Dalton Rushing,Rushing,,0,2000,LAD@ATL,LAD,ATL,,,,,,C/1B/UTIL
116438-198892,OF,Josue,Josue De Paula,De Paula,,0,2000,LAD@ATL,LAD,ATL,,,,,,OF/UTIL
116438-146674,OF,Owen,Owen Caissie,Caissie,,0,2000,CHC@MIL,CHC,MIL,,,,,,OF/UTIL
116438-146672,SS,Reginald,Reginald Preciado,Preciado,,0,2000,CHC@MIL,CHC,MIL,,,,,,SS/UTIL
116438-198897,3B,Brock,Brock Wilken,Wilken,,0,2000,CHC@MIL,MIL,CHC,,,,,,3B/UTIL
116438-146673,SS,Ed,Ed Howard,Howard,,0,2000,CHC@MIL,CHC,MIL,,,,,,SS/UTIL
116438-146690,3B/2B/1B,Nick,Nick Loftin,Loftin,4.620689655172414,58,2000,KC@BAL,KC,BAL,,,,,,C/1B/2B/3B/UTIL
116438-197895,OF,Tyler,Tyler Gentry,Gentry,0,4,2000,KC@BAL,KC,BAL,,,,,,OF/UTIL
116438-79115,OF,Greg,Greg Allen,Allen,0,3,2000,CHC@MIL,CHC,MIL,,,,,,OF/UTIL
116438-213262,C,Caleb,Caleb Knight,Knight,,0,2000,CHC@MIL,CHC,MIL,,,,,,C/1B/UTIL
116438-79119,OF,Will,Will Benson,Benson,0,1,2000,WSH@CIN,CIN,WSH,,,,,,OF/UTIL
116438-146700,SS,Freddy,Freddy Zamora,Zamora,,0,2000,CHC@MIL,MIL,CHC,,,,,,SS/UTIL
116438-198931,SS,Felnin,Felnin Celesten,Celesten,,0,2000,SEA@TEX,SEA,TEX,,,,,,SS/UTIL
116438-198933,SS,Sebastian,Sebastian Walcott,Walcott,,0,2000,SEA@TEX,TEX,SEA,,,,,,SS/UTIL
116438-197915,C,Hunter,Hunter Feduccia,Feduccia,1.5,2,2000,LAD@ATL,LAD,ATL,,,,,,C/1B/UTIL
116438-197912,OF,Jacob,Jacob Hurtubise,Hurtubise,2.0444444020589194,9,2000,WSH@CIN,CIN,WSH,,,,,,OF/UTIL
116438-146718,SS,Casey,Casey Martin,Martin,,0,2000,CHC@MIL,MIL,CHC,,,,,,SS/UTIL
116438-79136,OF,Daz,Daz Cameron,Cameron,0.75,4,2000,CHC@MIL,MIL,CHC,,,,,,OF/UTIL
116438-146735,OF,Roismar,Roismar Quintana,Quintana,,0,2000,WSH@CIN,WSH,CIN,,,,,,OF/UTIL
116438-146738,2B,Justin,Justin Foscue,Foscue,1.756250023841858,16,2000,SEA@TEX,TEX,SEA,,,,,,2B/UTIL
116438-79156,SS/2B,David,David Fletcher,Fletcher,2.1666666666666665,6,2000,LAD@ATL,ATL,LAD,,,,,,2B/SS/UTIL
116438-79174,C,Jacob,Jacob Nottingham,Nottingham,,0,2000,SEA@TEX,SEA,TEX,,,,,,C/1B/UTIL
116438-211306,2B,Darren,Darren Baker,Baker,3.355555640326606,9,2000,WSH@CIN,WSH,CIN,,,,,,2B/UTIL
116438-135529,OF,Jake,Jake Vogel,Vogel,,0,2000,LAD@ATL,LAD,ATL,,,,,,OF/UTIL
116438-226686,OF,Rhylan,Rhylan Thomas,Thomas,16.200000762939453,1,2000,SEA@TEX,SEA,TEX,,,,,,OF/UTIL
116438-152972,2B/OF,Luke,Luke Williams,Williams,2.702564141689203,39,2000,LAD@ATL,ATL,LAD,,,,,,2B/OF/UTIL
116438-38324,C,Jorge,Jorge Alfaro,Alfaro,,0,2000,CHC@MIL,MIL,CHC,,,,,,C/1B/UTIL
116438-101821,1B,Edwin,Edwin Rios,Rios,1.8399999618530274,5,2000,WSH@CIN,CIN,WSH,,,,,,C/1B/UTIL
116438-180694,OF,Cade,Cade Marlowe,Marlowe,1.355555534362793,9,2000,SEA@TEX,SEA,TEX,IL,Undisclosed,,,,OF/UTIL
116438-226808,1B,Blaine,Blaine Crim,Crim,0,1,2000,SEA@TEX,TEX,SEA,,,,,,C/1B/UTIL
116438-119308,SS,Adam,Adam Hall,Hall,,0,2000,CHC@MIL,MIL,CHC,,,,,,SS/UTIL
116438-119314,C,Ethan,Ethan Hearn,Hearn,,0,2000,CHC@MIL,CHC,MIL,,,,,,C/1B/UTIL
116438-119320,2B,Chase,Chase Strumpf,Strumpf,,0,2000,CHC@MIL,CHC,MIL,,,,,,2B/UTIL
116438-119325,2B,Tyler,Tyler Callihan,Callihan,0,2,2000,WSH@CIN,CIN,WSH,,,,,,2B/UTIL
116438-181790,OF,Diego,Diego Hernandez,Hernandez,,0,2000,KC@BAL,KC,BAL,,,,,,OF/UTIL
116438-95772,C,Beau,Beau Taylor,Taylor,,0,2000,SEA@TEX,SEA,TEX,,,,,,C/1B/UTIL
116438-119327,SS,Ivan,Ivan Johnson,Johnson,,0,2000,WSH@CIN,CIN,WSH,,,,,,SS/UTIL
116438-119326,3B/OF,Rece,Rece Hinds,Hinds,7.434615501990685,26,2000,WSH@CIN,CIN,WSH,,,,,,3B/OF/UTIL
116438-207395,C,Eric,Eric Yang,Yang,0,1,2000,WSH@CIN,CIN,WSH,,,,,,C/1B/UTIL
116438-119353,3B,Kody,Kody Hoese,Hoese,,0,2000,LAD@ATL,LAD,ATL,,,,,,3B/UTIL
116438-219704,SS,Ben,Ben Cowles,Cowles,,0,2000,CHC@MIL,CHC,MIL,,,,,,SS/UTIL
116438-222781,3B,Cam,Cam Collier,Collier,,0,2000,WSH@CIN,CIN,WSH,IL,Thumb,,,,3B/UTIL
116438-119360,OF,Pablo,Pablo Abreu,Abreu,,0,2000,CHC@MIL,MIL,CHC,,,,,,OF/UTIL
116438-119362,SS,Eduardo,Eduardo Garcia,Garcia,,0,2000,CHC@MIL,MIL,CHC,,,,,,SS/UTIL
116438-222791,OF,Zyhir,Zyhir Hope,Hope,,0,2000,LAD@ATL,LAD,ATL,,,,,,OF/UTIL
116438-222788,SS,Alex,Alex Freeland,Freeland,,0,2000,LAD@ATL,LAD,ATL,,,,,,SS/UTIL
116438-80459,OF,Franchy,Franchy Cordero,Cordero,,0,2000,WSH@CIN,WSH,CIN,,,,,,OF/UTIL
116438-167500,OF,Joey,Joey Wiemer,Wiemer,1.4476190294538225,21,2000,KC@BAL,KC,BAL,,,,,,OF/UTIL
116438-222806,1B,Jac,Jac Caglianone,Caglianone,,0,2000,KC@BAL,KC,BAL,,,,,,C/1B/UTIL
116438-222805,C,Blake,Blake Mitchell,Mitchell,,0,2000,KC@BAL,KC,BAL,IL,Wrist,,,,C/1B/UTIL
116438-222815,3B,Mike,Mike Boeve,Boeve,,0,2000,CHC@MIL,MIL,CHC,IL,Shoulder,,,,3B/UTIL
116438-119390,OF,Kevin,Kevin Alcantara,Alcantara,2.066666603088379,3,2000,CHC@MIL,CHC,MIL,,,,,,OF/UTIL
116438-222817,SS,Jesus,Jesus Made,Made,,0,2000,CHC@MIL,MIL,CHC,,,,,,SS/UTIL
116438-222816,SS,Cooper,Cooper Pratt,Pratt,,0,2000,CHC@MIL,MIL,CHC,,,,,,SS/UTIL
116438-222831,SS,Jackson,Jackson Cluff,Cluff,,0,2000,WSH@CIN,WSH,CIN,,,,,,SS/UTIL
116438-222829,SS,Seaver,Seaver King,King,,0,2000,WSH@CIN,WSH,CIN,,,,,,SS/UTIL
116438-222839,SS,Colt,Colt Emerson,Emerson,,0,2000,SEA@TEX,SEA,TEX,,,,,,SS/UTIL
116438-222838,SS,Jefferson,Jefferson Rojas,Rojas,,0,2000,CHC@MIL,CHC,MIL,,,,,,SS/UTIL
116438-222837,C,Moises,Moises Ballesteros,Ballesteros,,0,2000,CHC@MIL,CHC,MIL,,,,,,C/1B/UTIL
116438-222842,2B,Michael,Michael Arroyo,Arroyo,,0,2000,SEA@TEX,SEA,TEX,,,,,,2B/UTIL
116438-222841,OF,Lazaro,Lazaro Montes,Montes,,0,2000,SEA@TEX,SEA,TEX,,,,,,OF/UTIL
116438-222840,OF,Jonny,Jonny Farmelo,Farmelo,,0,2000,SEA@TEX,SEA,TEX,,,,,,OF/UTIL
116438-82558,OF,Conner,Conner Capel,Capel,2.171428544180734,7,2000,LAD@ATL,ATL,LAD,,,,,,OF/UTIL
116438-118398,SS,Vimael,Vimael Machin,Machin,,0,2000,KC@BAL,BAL,KC,,,,,,SS/UTIL
116438-222844,SS,Cole,Cole Young,Young,,0,2000,SEA@TEX,SEA,TEX,,,,,,SS/UTIL
116438-119424,C,Julio E.,Julio E. Rodriguez,Rodriguez,,0,2000,SEA@TEX,SEA,TEX,,,,,,C/1B/UTIL
116438-165510,OF,Jay,Jay Allen,Allen,,0,2000,WSH@CIN,CIN,WSH,,,,,,OF/UTIL
116438-165511,C,Mat,Mat Nelson,Nelson,,0,2000,WSH@CIN,CIN,WSH,,,,,,C/1B/UTIL
116438-165515,OF,Malvin,Malvin Valdez,Valdez,,0,2000,WSH@CIN,CIN,WSH,,,,,,OF/UTIL
116438-165517,OF,Ariel,Ariel Almonte,Almonte,,0,2000,WSH@CIN,CIN,WSH,,,,,,OF/UTIL
116438-119440,3B/2B,Davis,Davis Wendzel,Wendzel,1.8714286259242467,28,2000,WSH@CIN,CIN,WSH,,,,,,2B/3B/UTIL
116438-164501,SS,Cal,Cal Conley,Conley,,0,2000,LAD@ATL,ATL,LAD,,,,,,SS/UTIL
116438-203417,C,Nick,Nick Raposo,Raposo,,0,2000,SEA@TEX,SEA,TEX,,,,,,C/1B/UTIL
116438-119450,OF,Jeremy,Jeremy De La Rosa,De La Rosa,,0,2000,WSH@CIN,WSH,CIN,,,,,,OF/UTIL
116438-164505,OF,Hudson,Hudson Haskin,Haskin,,0,2000,KC@BAL,BAL,KC,,,,,,OF/UTIL
116438-82589,OF/1B,Nick,Nick Pratto,Pratto,0,2,2000,KC@BAL,KC,BAL,,,,,,C/1B/OF/UTIL
116438-164508,OF,Jesse,Jesse Franklin,Franklin,,0,2000,LAD@ATL,ATL,LAD,,,,,,OF/UTIL
116438-164514,SS,Maikol,Maikol Hernandez,Hernandez,,0,2000,KC@BAL,BAL,KC,,,,,,SS/UTIL
116438-164512,3B,Coby,Coby Mayo,Mayo,2.341176425709444,17,2000,KC@BAL,BAL,KC,,,,,,3B/UTIL
116438-164527,SS,Cristian,Cristian Hernandez,Hernandez,,0,2000,CHC@MIL,CHC,MIL,,,,,,SS/UTIL
116438-164531,SS,Kevin,Kevin Made,Made,,0,2000,WSH@CIN,WSH,CIN,IL,Oblique,,,,SS/UTIL
116438-164528,SS,James,James Triantos,Triantos,,0,2000,CHC@MIL,CHC,MIL,,,,,,SS/UTIL
116438-222902,2B,Tyler,Tyler Tolbert,Tolbert,3.507692190317007,13,2000,KC@BAL,KC,BAL,,,,,,2B/UTIL
116438-21183,C/1B,Carlos,Carlos Perez,Perez,,0,2000,CHC@MIL,CHC,MIL,,,,,,C/1B/UTIL
116438-165565,2B,Peyton,Peyton Wilson,Wilson,,0,2000,KC@BAL,KC,BAL,,,,,,2B/UTIL
116438-165574,SS,Daniel,Daniel Vazquez,Vazquez,,0,2000,KC@BAL,KC,BAL,,,,,,SS/UTIL
116438-165579,C,Carter,Carter Jensen,Jensen,,0,2000,KC@BAL,KC,BAL,,,,,,C/1B/UTIL
116438-162509,1B/OF,Juan,Juan Yepez,Yepez,8.784127371651786,63,2000,WSH@CIN,WSH,CIN,,,,,,C/1B/OF/UTIL
116438-17105,C,Sandy,Sandy Leon,Leon,0,2,2000,LAD@ATL,ATL,LAD,,,,,,C/1B/UTIL
116438-103125,2B/SS/OF,Jack,Jack Lopez,Lopez,3.8551725190261315,29,2000,SEA@TEX,SEA,TEX,,,,,,2B/SS/OF/UTIL
116438-165590,SS,Wilman,Wilman Diaz,Diaz,,0,2000,LAD@ATL,LAD,ATL,,,,,,SS/UTIL
116438-165593,OF,Jose,Jose Ramos,Ramos,0,2,2000,LAD@ATL,LAD,ATL,,,,,,OF/UTIL
116438-165598,C,Jesus,Jesus Galiz,Galiz,,0,2000,LAD@ATL,LAD,ATL,IL,Undisclosed,,,,C/1B/UTIL
116438-187103,2B/3B/1B,Andruw,Andruw Monasterio,Monasterio,4.911864199880826,59,2000,CHC@MIL,MIL,CHC,,,,,,C/1B/2B/3B/UTIL
116438-165606,1B/3B/OF,Tyler,Tyler Black,Black,5.433333502875434,18,2000,CHC@MIL,MIL,CHC,IL,Hand,,,,C/1B/3B/OF/UTIL
116438-165604,C,Jeferson,Jeferson Quero,Quero,,0,2000,CHC@MIL,MIL,CHC,IL,Hamstring,,,,C/1B/UTIL
116438-165610,3B,Zavier,Zavier Warren,Warren,,0,2000,CHC@MIL,MIL,CHC,,,,,,3B/UTIL
116438-165619,SS,Noah,Noah Miller,Miller,,0,2000,LAD@ATL,LAD,ATL,IL,Knee,,,,SS/UTIL
116438-165622,SS,Jheremy,Jheremy Vargas,Vargas,,0,2000,CHC@MIL,MIL,CHC,,,,,,SS/UTIL
116438-165627,3B,Jaylen,Jaylen Palmer,Palmer,,0,2000,CHC@MIL,CHC,MIL,,,,,,3B/UTIL
116438-17171,C,James,James McCann,McCann,7.277941086713006,68,2000,LAD@ATL,ATL,LAD,,,,,,C/1B/UTIL
116438-206608,SS/2B,Nacho,Nacho Alvarez Jr.,Alvarez Jr.,2.2750000953674316,8,2000,LAD@ATL,ATL,LAD,IL,Wrist,,,,2B/SS/UTIL
116438-165652,OF,Yhoswar,Yhoswar Garcia,Garcia,,0,2000,CHC@MIL,MIL,CHC,,,,,,OF/UTIL
116438-165663,SS,Victor,Victor Acosta,Acosta,,0,2000,WSH@CIN,CIN,WSH,,,,,,SS/UTIL
116438-165675,SS,Edwin,Edwin Arroyo,Arroyo,,0,2000,WSH@CIN,CIN,WSH,,,,,,SS/UTIL
116438-199466,3B/1B,Trey,Trey Lipscomb,Lipscomb,3.066666603088379,3,2000,WSH@CIN,WSH,CIN,,,,,,C/1B/3B/UTIL
116438-165672,C,Harry,Harry Ford,Ford,,0,2000,SEA@TEX,SEA,TEX,,,,,,C/1B/UTIL
116438-165679,3B,Milkar,Milkar Perez,Perez,,0,2000,SEA@TEX,SEA,TEX,,,,,,3B/UTIL
116438-165681,3B,Starlin,Starlin Aguilar,Aguilar,,0,2000,SEA@TEX,SEA,TEX,,,,,,3B/UTIL
116438-119627,OF,Erick,Erick Pena,Pena,,0,2000,KC@BAL,KC,BAL,,,,,,OF/UTIL
116438-165711,SS,Cam,Cam Cauley,Cauley,,0,2000,SEA@TEX,TEX,SEA,,,,,,SS/UTIL
116438-165708,2B,Trevor,Trevor Hauver,Hauver,,0,2000,SEA@TEX,TEX,SEA,,,,,,2B/UTIL
116438-165709,OF,Yeison,Yeison Morrobel,Morrobel,,0,2000,SEA@TEX,TEX,SEA,DTD,Leg,,,,OF/UTIL
116438-119632,OF,Hedbert,Hedbert Perez,Perez,,0,2000,CHC@MIL,MIL,CHC,,,,,,OF/UTIL
116438-165713,OF,Aaron,Aaron Zavala,Zavala,,0,2000,SEA@TEX,TEX,SEA,,,,,,OF/UTIL
116438-165718,2B/OF,Samad,Samad Taylor,Taylor,3.0999999046325684,2,2000,SEA@TEX,SEA,TEX,,,,,,2B/OF/UTIL
116438-165726,SS,Brady,Brady House,House,,0,2000,WSH@CIN,WSH,CIN,,,,,,SS/UTIL
116438-165725,OF,Daylen,Daylen Lile,Lile,,0,2000,WSH@CIN,WSH,CIN,,,,,,OF/UTIL
116438-165730,C,Drew,Drew Millas,Millas,5.661904834565663,21,2000,WSH@CIN,WSH,CIN,,,,,,C/1B/UTIL
116438-165728,SS,Armando,Armando Cruz,Cruz,,0,2000,WSH@CIN,WSH,CIN,,,,,,SS/UTIL
116438-165732,1B,Branden,Branden Boissiere,Boissiere,,0,2000,WSH@CIN,WSH,CIN,,,,,,C/1B/UTIL
116438-163691,OF,James,James Outman,Outman,4.75740729437934,54,2000,LAD@ATL,LAD,ATL,,,,,,OF/UTIL
116438-163694,SS,Eddys,Eddys Leonard,Leonard,0,1,2000,LAD@ATL,ATL,LAD,,,,,,SS/UTIL
116438-174963,SS,Charles,Charles Leblanc,Leblanc,8.290908813476562,11,2000,LAD@ATL,ATL,LAD,IL,Undisclosed,,,,SS/UTIL
116438-203641,SS,Levi,Levi Jordan,Jordan,1.8142856870378767,7,2000,WSH@CIN,CIN,WSH,,,,,,SS/UTIL
116438-170879,C,Chris,Chris Okey,Okey,0,2,2000,LAD@ATL,LAD,ATL,,,,,,C/1B/UTIL
116438-202657,1B,Tyler,Tyler Locklear,Locklear,5.006249904632568,16,2000,SEA@TEX,SEA,TEX,,,,,,C/1B/UTIL
116438-102317,SS,Terrin,Terrin Vavra,Vavra,,0,2000,KC@BAL,BAL,KC,,,,,,SS/UTIL
116438-68538,2B,Franklin,Franklin Barreto,Barreto,,0,2000,KC@BAL,BAL,KC,IL,Undisclosed,,,,2B/UTIL
116438-102347,2B/SS/3B,Livan,Livan Soto,Soto,1.6133333841959636,15,2000,KC@BAL,BAL,KC,,,,,,2B/3B/SS/UTIL
116438-102346,OF,Jordyn,Jordyn Adams,Adams,6.215384850135217,13,2000,KC@BAL,BAL,KC,,,,,,OF/UTIL
116438-81869,C,Chad,Chad Wallach,Wallach,,0,2000,SEA@TEX,TEX,SEA,,,,,,C/1B/UTIL
116438-102348,SS,Jeremiah,Jeremiah Jackson,Jackson,,0,2000,KC@BAL,BAL,KC,,,,,,SS/UTIL
116438-13262,OF,Jurickson,Jurickson Profar,Profar,4.599999904632568,4,2000,LAD@ATL,ATL,LAD,NA,Suspension,,,,OF/UTIL
116438-171986,3B,Matthew,Matthew Batten,Batten,4.5,2,2000,LAD@ATL,ATL,LAD,,,,,,3B/UTIL
116438-200663,C,David,David Banuelos,Banuelos,0,1,2000,KC@BAL,BAL,KC,,,,,,C/1B/UTIL
116438-52182,C,Reese,Reese McGuire,McGuire,5.203703703703703,54,2000,CHC@MIL,CHC,MIL,,,,,,C/1B/UTIL
116438-102359,C,Will,Will Banfield,Banfield,,0,2000,WSH@CIN,CIN,WSH,,,,,,C/1B/UTIL
116438-102358,SS,Jose,Jose Devers,Devers,1.2399999618530273,5,2000,LAD@ATL,ATL,LAD,,,,,,SS/UTIL
116438-102360,OF,Connor,Connor Scott,Scott,,0,2000,KC@BAL,KC,BAL,,,,,,OF/UTIL
116438-102374,C,Anthony,Anthony Seigler,Seigler,,0,2000,CHC@MIL,MIL,CHC,,,,,,C/1B/UTIL
116438-102380,SS,Nick,Nick Allen,Allen,6.808333079020183,24,2000,LAD@ATL,ATL,LAD,,,,,,SS/UTIL
116438-13304,C,Tucker,Tucker Barnhart,Barnhart,0,2,2000,SEA@TEX,TEX,SEA,,,,,,C/1B/UTIL
116438-102392,OF,Esteury,Esteury Ruiz,Ruiz,5.896551724137931,29,2000,LAD@ATL,LAD,ATL,,,,,,OF/UTIL