Id,Position,First Name,Nickname,Last Name,FPPG,Played,Salary,Game,Team,Opponent,Injury Indicator,Injury Details,Tier,Probable Pitcher,Batting Order,Roster Position
121062-198625,P,Yoshinobu,Yoshinobu Yamamoto,Yamamoto,37.666666666666664,30,10600,CIN@LAD,LAD,CIN,,,,,,P
121062-60633,P,Carlos,Carlos Rodon,Rodon,35.57575757575758,33,10500,BOS@NYY,NYY,BOS,,,,,,P
121062-119340,P,Tarik,Tarik Skubal,Skubal,42.806451612903224,31,10300,DET@CLE,DET,CLE,,,,Yes,,P
121062-52183,P,Tyler,Tyler Glasnow,Glasnow,30.27777777777778,18,10300,CIN@LAD,LAD,CIN,,,,,,P
121062-135977,P,Garrett,Garrett Crochet,Crochet,43.75,32,10200,BOS@NYY,BOS,NYY,,,,Yes,,P
121062-185606,P,Gavin,Gavin Stone,Stone,28.4,25,9900,CIN@LAD,LAD,CIN,IL,Shoulder,,,,P
121062-68488,P,Blake,Blake Snell,Snell,36.54545454545455,11,9700,CIN@LAD,LAD,CIN,,,,Yes,,P
121062-82621,P,Clarke,Clarke Schmidt,Schmidt,30,14,9600,BOS@NYY,NYY,BOS,IL,Elbow,,,,P
121062-187967,P,Emmet,Emmet Sheehan,Sheehan,31.066666666666666,15,9500,CIN@LAD,LAD,CIN,,,,,,P
121062-82550,P,Hunter,Hunter Greene,Greene,37.1578947368421,19,9200,CIN@LAD,CIN,LAD,,,,Yes,,P
121062-79091,P,Dylan,Dylan Cease,Cease,30.4375,32,9100,SD@CHC,SD,CHC,,,,,,P
121062-228790,P,Cam,Cam Schlittler,Schlittler,31.642857142857142,14,9100,BOS@NYY,NYY,BOS,,,,,,P
121062-16956,P,Gerrit,Gerrit Cole,Cole,32,22,9000,BOS@NYY,NYY,BOS,IL,Elbow,,,,P
121062-198876,P,Cade,Cade Horton,Horton,27.217391304347824,23,8900,SD@CHC,CHC,SD,IL,Ribs,,,,P
121062-85253,P,Casey,Casey Mize,Mize,28.285714285714285,28,8900,DET@CLE,DET,CLE,,,,,,P
121062-222782,P,Chase,Chase Burns,Burns,21,13,8800,CIN@LAD,CIN,LAD,,,,,,P
121062-52185,P,Max,Max Fried,Fried,36.28125,32,8800,BOS@NYY,NYY,BOS,,,,Yes,,P
121062-118206,P,Luis,Luis Gil,Gil,24.272727272727273,11,8700,BOS@NYY,NYY,BOS,,,,,,P
121062-117232,P,Michael,Michael King,King,26.8,15,8700,SD@CHC,SD,CHC,,,,,,P
121062-79951,P,Nick,Nick Pivetta,Pivetta,35.225806451612904,31,8600,SD@CHC,SD,CHC,,,,Yes,,P
121062-165551,P,Reese,Reese Olson,Olson,28.076923076923077,13,8600,DET@CLE,DET,CLE,IL,Shoulder,,,,P
121062-102458,P,Kutter,Kutter Crawford,Crawford,27.96969696969697,33,8500,BOS@NYY,BOS,NYY,IL,Wrist,,,,P
121062-119411,P,Joey,Joey Cantillo,Cantillo,16.058823529411764,34,8500,DET@CLE,CLE,DET,,,,,,P
121062-163680,P,Brayan,Brayan Bello,Bello,28.137931034482758,29,8500,BOS@NYY,BOS,NYY,,,,,,P
121062-232769,P,Connelly,Connelly Early,Early,34,4,8400,BOS@NYY,BOS,NYY,,,,,,P
121062-179725,P,Luis,Luis Ortiz,Ortiz,29.3125,16,8400,DET@CLE,CLE,DET,O,Personal,,,,P
121062-222787,P,Roki,Roki Sasaki,Sasaki,14.9,10,8400,CIN@LAD,LAD,CIN,,,,,,P
121062-165518,P,Gavin,Gavin Williams,Williams,31.580645161290324,31,8400,DET@CLE,CLE,DET,,,,Yes,,P
121062-232240,P,Payton,Payton Tolle,Tolle,10.428571428571429,7,8300,BOS@NYY,BOS,NYY,,,,,,P
121062-232379,P,Parker,Parker Messick,Messick,33,7,8300,DET@CLE,CLE,DET,,,,,,P
121062-119329,P,Nick,Nick Lodolo,Lodolo,30.137931034482758,29,8200,CIN@LAD,CIN,LAD,,,,,,P
121062-165547,P,Jackson,Jackson Jobe,Jobe,22.7,10,8200,DET@CLE,DET,CLE,IL,Elbow,,,,P
121062-185501,P,Tanner,Tanner Bibee,Bibee,28.967741935483872,31,8100,DET@CLE,CLE,DET,,,,,,P
121062-198912,P,Will,Will Warren,Warren,25.393939393939394,33,8100,BOS@NYY,NYY,BOS,,,,,,P
121062-79246,P,Jack,Jack Flaherty,Flaherty,28.580645161290324,31,8100,DET@CLE,DET,CLE,,,,,,P
121062-102343,P,Tony,Tony Gonsolin,Gonsolin,26.285714285714285,7,8100,CIN@LAD,LAD,CIN,IL,Elbow,,,,P
121062-52198,P,Lucas,Lucas Giolito,Giolito,28.807692307692307,26,8100,BOS@NYY,BOS,NYY,O,Elbow,,,,P
121062-198702,P,Shota,Shota Imanaga,Imanaga,28.28,25,8000,SD@CHC,CHC,SD,,,,,,P
121062-198879,P,Rhett,Rhett Lowder,Lowder,27,6,8000,CIN@LAD,CIN,LAD,IL,Shoulder,,,,P
121062-110822,P,Jose,Jose Urquidy,Urquidy,5,2,8000,DET@CLE,DET,CLE,,,,,,P
121062-68523,P,Joe,Joe Musgrove,Musgrove,28.45,20,8000,SD@CHC,SD,CHC,IL,Elbow,,,,P
121062-16931,P,Yu,Yu Darvish,Darvish,22.2,15,7900,SD@CHC,SD,CHC,,,,,,P
121062-165512,P,Andrew,Andrew Abbott,Abbott,30.724137931034484,29,7900,CIN@LAD,CIN,LAD,,,,,,P
121062-82594,P,Dustin,Dustin May,May,25.16,25,7900,BOS@NYY,BOS,NYY,IL,Elbow,,,,P
121062-83166,P,Zack,Zack Littell,Littell,26.28125,32,7800,CIN@LAD,CIN,LAD,,,,,,P
121062-79073,P,Michael,Michael Soroka,Soroka,20.59090909090909,22,7800,SD@CHC,CHC,SD,,,,,,P
121062-5427,P,Clayton,Clayton Kershaw,Kershaw,24.08695652173913,23,7800,CIN@LAD,LAD,CIN,,,,,,P
121062-102344,P,Brady,Brady Singer,Singer,28.65625,32,7800,CIN@LAD,CIN,LAD,,,,,,P
121062-16961,P,Jameson,Jameson Taillon,Taillon,28.08695652173913,23,7700,SD@CHC,CHC,SD,,,,,,P
121062-63136,P,Matthew,Matthew Boyd,Boyd,31,31,7700,SD@CHC,CHC,SD,,,,Yes,,P
121062-204505,P,Justin,Justin Wrobleski,Wrobleski,15.083333333333334,24,7700,CIN@LAD,LAD,CIN,,,,,,P
121062-68485,P,Ryan,Ryan Yarbrough,Yarbrough,15.263157894736842,19,7700,BOS@NYY,NYY,BOS,,,,,,P
121062-146733,P,Kyle,Kyle Harrison,Harrison,16.636363636363637,11,7600,BOS@NYY,BOS,NYY,,,,,,P
121062-135650,P,Landon,Landon Knack,Knack,21,10,7600,CIN@LAD,LAD,CIN,,,,,,P
121062-219668,P,Hunter,Hunter Dobbins,Dobbins,20.76923076923077,13,7600,BOS@NYY,BOS,NYY,IL,Knee,,,,P
121062-82638,P,Jordan,Jordan Hicks,Hicks,7.2727272727272725,34,7600,BOS@NYY,BOS,NYY,IL,Shoulder,,,,P
121062-97300,P,John,John Means,Means,28,5,7500,DET@CLE,CLE,DET,IL,Elbow,,,,P
121062-146663,P,Slade,Slade Cecconi,Cecconi,26.956521739130434,23,7500,DET@CLE,CLE,DET,,,,,,P
121062-79118,P,Triston,Triston McKenzie,McKenzie,2,4,7500,DET@CLE,CLE,DET,,,,,,P
121062-79224,P,Chris,Chris Paddack,Paddack,17.636363636363637,33,7500,DET@CLE,DET,CLE,,,,,,P
121062-118202,P,Kyle,Kyle Hart,Hart,8.9,20,7500,SD@CHC,SD,CHC,,,,,,P
121062-60646,P,Ben,Ben Lively,Lively,20.555555555555557,9,7400,DET@CLE,CLE,DET,IL,Elbow,,,,P
121062-13123,P,Alex,Alex Cobb,Cobb,19.4,5,7400,DET@CLE,DET,CLE,IL,Hip,,,,P
121062-64488,P,Colin,Colin Rea,Rea,23.21875,32,7400,SD@CHC,CHC,SD,,,,,,P
121062-185490,P,Logan,Logan Allen,Allen,22.9,30,7300,DET@CLE,CLE,DET,,,,,,P
121062-197766,P,Keider,Keider Montero,Montero,19.7,20,7200,DET@CLE,DET,CLE,,,,,,P
121062-181837,P,Ben,Ben Brown,Brown,20.56,25,7200,SD@CHC,CHC,SD,,,,,,P
121062-164529,P,Jordan,Jordan Wicks,Wicks,7.428571428571429,8,7200,SD@CHC,CHC,SD,,,,,,P
121062-229085,P,Troy,Troy Melton,Melton,14.0625,16,7200,DET@CLE,DET,CLE,,,,,,P
121062-197914,P,Nick,Nick Frasso,Frasso,0,2,7100,CIN@LAD,LAD,CIN,IL,Undisclosed,,,,P
121062-101810,P,Justin,Justin Steele,Steele,29.25,4,7100,SD@CHC,CHC,SD,IL,Elbow,,,,P
121062-208032,P,Brant,Brant Hurter,Hurter,8.926829268292684,43,7000,DET@CLE,DET,CLE,,,,,,P
121062-79076,P,Kolby,Kolby Allard,Allard,8.363636363636363,33,7000,DET@CLE,CLE,DET,,,,,,P
121062-82557,P,Aaron,Aaron Civale,Civale,19.17391304347826,23,7000,SD@CHC,CHC,SD,,,,,,P
121062-165638,P,Randy,Randy Vasquez,Vasquez,19.142857142857142,28,7000,SD@CHC,SD,CHC,,,,,,P
121062-82775,P,Nestor,Nestor Cortes,Cortes,17.25,8,7000,SD@CHC,SD,CHC,IL,Biceps,,,,P
121062-53590,P,Nick,Nick Martinez,Martinez,17.725,40,6900,CIN@LAD,CIN,LAD,,,,,,P
121062-163685,P,JP,JP Sears,Sears,22.51851851851852,27,6900,SD@CHC,SD,CHC,,,,,,P
121062-188485,P,Matt,Matt Waldron,Waldron,11,1,6800,SD@CHC,SD,CHC,,,,,,P
121062-102498,P,Patrick,Patrick Sandoval,Sandoval,23.4375,16,6800,BOS@NYY,BOS,NYY,IL,Elbow,,,,P
121062-178415,P,Javier,Javier Assad,Assad,20.875,8,6800,SD@CHC,CHC,SD,,,,,,P
121062-185845,P,Allan,Allan Winans,Winans,6.333333333333333,3,6800,BOS@NYY,NYY,BOS,,,,,,P
121062-82540,P,Tanner,Tanner Houck,Houck,13.555555555555555,9,6800,BOS@NYY,BOS,NYY,IL,Elbow,,,,P
121062-80859,P,Paul,Paul Blackburn,Blackburn,9.2,15,6800,BOS@NYY,NYY,BOS,,,,,,P
121062-194697,P,Sawyer,Sawyer Gipson-Long,Gipson-Long,12.125,8,6700,DET@CLE,DET,CLE,IL,Neck,,,,P
121062-211765,P,Richard,Richard Fitts,Fitts,18.181818181818183,11,6600,BOS@NYY,BOS,NYY,IL,Arm,,,,P
121062-135648,P,Bobby,Bobby Miller,Miller,7.5,2,6500,CIN@LAD,LAD,CIN,,,,,,P
121062-194242,P,Carson,Carson Spiers,Spiers,16.666666666666668,3,6500,CIN@LAD,CIN,LAD,IL,Elbow,,,,P
121062-68452,P,Kenta,Kenta Maeda,Maeda,3.857142857142857,7,6500,BOS@NYY,NYY,BOS,,,,,,P
121062-190370,P,Jackson,Jackson Wolf,Wolf,0,1,6500,SD@CHC,SD,CHC,,,,,,P
121062-209846,P,Ben,Ben Casparius,Casparius,8.177777777777777,46,6500,CIN@LAD,LAD,CIN,,,,,,P
121062-52167,P,Andrew,Andrew Heaney,Heaney,16.962962962962962,27,6500,CIN@LAD,LAD,CIN,,,,,,P
121062-52174,P,Steven,Steven Matz,Matz,6.773584905660377,53,6500,BOS@NYY,BOS,NYY,,,,,,P
121062-102378,P,Matt,Matt Sauer,Sauer,11,10,6500,CIN@LAD,LAD,CIN,,,,,,P
121062-79147,P,Jakob,Jakob Junis,Junis,5.666666666666667,57,6400,DET@CLE,CLE,DET,,,,,,P
121062-165508,P,Graham,Graham Ashcraft,Ashcraft,5.629032258064516,62,6400,CIN@LAD,CIN,LAD,,,,,,P
121062-165618,P,Chase,Chase Petty,Petty,0,3,6400,CIN@LAD,CIN,LAD,,,,,,P
121062-161256,P,Cooper,Cooper Criswell,Criswell,10.285714285714286,7,6300,BOS@NYY,BOS,NYY,IL,Elbow,,,,P
121062-181660,P,Jhony,Jhony Brito,Brito,6.3076923076923075,26,6200,SD@CHC,SD,CHC,IL,Forearm,,,,P
121062-119416,P,Brandon,Brandon Williamson,Williamson,15.25,4,6200,CIN@LAD,CIN,LAD,IL,Elbow,,,,P
121062-165546,P,Ty,Ty Madden,Madden,13.142857142857142,7,6200,DET@CLE,DET,CLE,IL,Shoulder,,,,P
121062-199459,P,Nick,Nick Nastrini,Nastrini,11.666666666666666,9,6200,CIN@LAD,LAD,CIN,,,,,,P
121062-12972,P,Wade,Wade Miley,Miley,12,3,6100,CIN@LAD,CIN,LAD,IL,Forearm,,,,P
121062-209958,P,Julian,Julian Aguiar,Aguiar,15.142857142857142,7,6000,CIN@LAD,CIN,LAD,IL,Elbow,,,,P
121062-83098,P,Austin,Austin Gomber,Gomber,10.916666666666666,12,6000,SD@CHC,CHC,SD,,,,,,P
121062-163681,P,Josh,Josh Winckowski,Winckowski,7.833333333333333,6,6000,BOS@NYY,BOS,NYY,IL,Elbow,,,,P
121062-102342,P,Michael,Michael Grove,Grove,6.325,40,6000,CIN@LAD,LAD,CIN,IL,Shoulder,,,,P
121062-178306,P,Bryan,Bryan Hoeing,Hoeing,5.142857142857143,7,5900,SD@CHC,SD,CHC,,,,,,P
121062-79072,P,Brad,Brad Keller,Keller,6.029411764705882,68,5900,SD@CHC,CHC,SD,,,,,,P
121062-146728,P,Connor,Connor Phillips,Phillips,8.428571428571429,21,5900,CIN@LAD,CIN,LAD,,,,,,P
121062-52873,P,Joe,Joe Ross,Ross,5.416666666666667,37,5900,SD@CHC,CHC,SD,,,,,,P
121062-169742,P,Tyler,Tyler Holton,Holton,5.333333333333333,70,5900,DET@CLE,DET,CLE,,,,,,P
121062-102297,P,Keegan,Keegan Thompson,Thompson,8.363636363636363,24,5700,SD@CHC,CHC,SD,,,,,,P
121062-102462,P,Lyon,Lyon Richardson,Richardson,4.5625,34,5600,CIN@LAD,CIN,LAD,,,,,,P
121062-13312,P,Ryan,Ryan Brasier,Brasier,3.5357142857142856,28,5500,SD@CHC,CHC,SD,IL,Groin,,,,P
121062-211985,P,Andrew,Andrew Walters,Walters,2,2,5500,DET@CLE,CLE,DET,IL,Lat,,,,P
121062-114708,P,Randy,Randy Dobnak,Dobnak,16,1,5500,DET@CLE,DET,CLE,,,,,,P
121062-82974,P,Tanner,Tanner Rainey,Rainey,2.3636363636363638,13,5500,DET@CLE,DET,CLE,,,,,,P
121062-102448,P,Brenan,Brenan Hanifee,Hanifee,4.777777777777778,54,5500,DET@CLE,DET,CLE,,,,,,P
121062-82999,P,Scott,Scott Barlow,Barlow,5,75,5500,CIN@LAD,CIN,LAD,,,,,,P
121062-135226,P,Wes,Wes Benjamin,Benjamin,,0,5500,SD@CHC,SD,CHC,,,,,,P
121062-212025,P,Zach,Zach Penrod,Penrod,3,7,5500,CIN@LAD,LAD,CIN,,,,,,P
121062-79936,P,Mark,Mark Leiter Jr.,Leiter Jr.,4.517241379310345,59,5500,BOS@NYY,NYY,BOS,,,,,,P
121062-154688,P,Jake,Jake Cousins,Cousins,6.4186046511627906,43,5500,BOS@NYY,NYY,BOS,IL,Elbow,,,,P
121062-179275,P,Fernando,Fernando Cruz,Cruz,6.6875,49,5500,BOS@NYY,NYY,BOS,,,,,,P
121062-102474,P,Eli,Eli Morgan,Morgan,0.5714285714285714,7,5500,SD@CHC,CHC,SD,,,,,,P
121062-209997,P,Jack,Jack Neely,Neely,3.5,6,5500,SD@CHC,CHC,SD,,,,,,P
121062-135253,P,Alex,Alex Vesia,Vesia,5.632352941176471,68,5500,CIN@LAD,LAD,CIN,,,,,,P
121062-102489,P,Carlos,Carlos Hernandez,Hernandez,4.075,41,5500,DET@CLE,CLE,DET,,,,,,P
121062-189529,P,Alek,Alek Jacob,Jacob,4.068965517241379,29,5500,SD@CHC,SD,CHC,,,,,,P
121062-116839,P,David,David Bednar,Bednar,6.888888888888889,64,5500,BOS@NYY,NYY,BOS,,,,,,P
121062-226411,P,David,David Morgan,Morgan,6.4,41,5500,SD@CHC,SD,CHC,,,,,,P
121062-232563,P,Drew,Drew Sommers,Sommers,0,4,5500,DET@CLE,DET,CLE,,,,,,P
121062-194675,P,Luke,Luke Little,Little,8.5,2,5500,SD@CHC,CHC,SD,,,,,,P
121062-102523,P,Deivi,Deivi Garcia,Garcia,4.285714285714286,14,5500,CIN@LAD,CIN,LAD,,,,,,P
121062-13438,P,Drew,Drew Pomeranz,Pomeranz,5.192982456140351,57,5500,SD@CHC,CHC,SD,,,,,,P
121062-232576,P,Zach,Zach Maxwell,Maxwell,6.75,8,5500,CIN@LAD,CIN,LAD,,,,,,P
121062-73866,P,Wandy,Wandy Peralta,Peralta,5.098591549295775,71,5500,SD@CHC,SD,CHC,,,,,,P
121062-81052,P,Andrew,Andrew Kittredge,Kittredge,5.833333333333333,54,5500,SD@CHC,CHC,SD,,,,,,P
121062-80033,P,Emilio,Emilio Pagan,Pagan,5.642857142857143,70,5500,CIN@LAD,CIN,LAD,,,,,,P
121062-184482,P,Hobie,Hobie Harris,Harris,,0,5500,BOS@NYY,BOS,NYY,,,,,,P
121062-102560,P,Camilo,Camilo Doval,Doval,5.188405797101449,69,5500,BOS@NYY,NYY,BOS,,,,,,P
121062-85164,P,Matt,Matt Festa,Festa,4.629032258064516,63,5500,DET@CLE,CLE,DET,,,,,,P
121062-102587,P,Jordan,Jordan Balazovic,Balazovic,,0,5500,DET@CLE,DET,CLE,,,,,,P
121062-145609,P,Peter,Peter Solomon,Solomon,,0,5500,SD@CHC,CHC,SD,,,,,,P
121062-206028,P,River,River Ryan,Ryan,28,4,5500,CIN@LAD,LAD,CIN,IL,Elbow,,,,P
121062-38106,P,Kirby,Kirby Yates,Yates,4.833333333333333,50,5500,CIN@LAD,LAD,CIN,IL,Hamstring,,,,P
121062-79067,P,Alex,Alex Young,Young,4.529411764705882,17,5500,CIN@LAD,CIN,LAD,IL,Elbow,,,,P
121062-83163,P,Jonathan,Jonathan Loaisiga,Loaisiga,4.066666666666666,30,5500,BOS@NYY,NYY,BOS,IL,Elbow,,,,P
121062-79066,P,Anthony,Anthony Banda,Banda,4.774647887323944,71,5500,CIN@LAD,LAD,CIN,,,,,,P
121062-145630,P,Kervin,Kervin Castro,Castro,,0,5500,BOS@NYY,NYY,BOS,,,,,,P
121062-60640,P,Nick,Nick Burdi,Burdi,7.75,4,5500,BOS@NYY,BOS,NYY,,,,,,P
121062-104672,P,Devin,Devin Smeltzer,Smeltzer,0,2,5500,DET@CLE,DET,CLE,,,,,,P
121062-152806,P,Jason,Jason Foley,Foley,4.044776119402985,70,5500,DET@CLE,DET,CLE,IL,Shoulder,,,,P
121062-136424,P,Jake,Jake Brentz,Brentz,0,1,5500,SD@CHC,CHC,SD,,,,,,P
121062-79084,P,Tanner,Tanner Scott,Scott,4.52542372881356,61,5500,CIN@LAD,LAD,CIN,,,,,,P
121062-146678,P,Tanner,Tanner Burns,Burns,,0,5500,DET@CLE,CLE,DET,,,,,,P
121062-198901,P,Chase,Chase Hampton,Hampton,,0,5500,BOS@NYY,NYY,BOS,IL,Elbow,,,,P
121062-197887,P,Porter,Porter Hodge,Hodge,4.5,36,5500,SD@CHC,CHC,SD,,,,,,P
121062-197891,P,Michael,Michael Arias,Arias,0,2,5500,BOS@NYY,NYY,BOS,,,,,,P
121062-194816,P,Kyle,Kyle Hurt,Hurt,8.666666666666666,5,5500,CIN@LAD,LAD,CIN,IL,Elbow,,,,P
121062-197888,P,Bailey,Bailey Horn,Horn,5.8,10,5500,DET@CLE,DET,CLE,,,,,,P
121062-21764,P,Caleb,Caleb Thielbar,Thielbar,4.611940298507463,67,5500,SD@CHC,CHC,SD,,,,,,P
121062-72971,P,Ben,Ben Heller,Heller,4.5,8,5500,SD@CHC,CHC,SD,IL,Undisclosed,,,,P
121062-197896,P,Will,Will Klein,Klein,7.357142857142857,14,5500,CIN@LAD,LAD,CIN,,,,,,P
121062-79116,P,Riley,Riley Pint,Pint,1.75,4,5500,DET@CLE,CLE,DET,IL,Undisclosed,,,,P
121062-197902,P,Cade,Cade Smith,Smith,6.878378378378378,76,5500,DET@CLE,CLE,DET,,,,,,P
121062-197900,P,Luis,Luis Perales,Perales,0,2,5500,BOS@NYY,BOS,NYY,,,,,,P
121062-70933,P,Brock,Brock Stewart,Stewart,5.209302325581396,43,5500,CIN@LAD,LAD,CIN,IL,Shoulder,,,,P
121062-79129,P,Kyle,Kyle Funkhouser,Funkhouser,,0,5500,CIN@LAD,LAD,CIN,,,,,,P
121062-83232,P,Jason,Jason Adam,Adam,6.338461538461538,65,5500,SD@CHC,SD,CHC,IL,Quadriceps,,,,P
121062-116002,P,Joel,Joel Kuhnel,Kuhnel,5,6,5500,BOS@NYY,NYY,BOS,,,,,,P
121062-146727,P,Justin,Justin Lange,Lange,,0,5500,BOS@NYY,NYY,BOS,IL,Undisclosed,,,,P
121062-85286,P,Ian,Ian Gibaut,Gibaut,3.28,25,5500,CIN@LAD,CIN,LAD,IL,Shoulder,,,,P
121062-85288,P,Brusdar,Brusdar Graterol,Graterol,4.4,10,5500,CIN@LAD,LAD,CIN,IL,Shoulder,,,,P
121062-79148,P,A.J.,A.J. Puckett,Puckett,,0,5500,SD@CHC,CHC,SD,,,,,,P
121062-79150,P,Josh,Josh Staumont,Staumont,4.12,25,5500,CIN@LAD,CIN,LAD,IL,Undisclosed,,,,P
121062-157997,P,Sean,Sean Guenther,Guenther,4.111111111111111,9,5500,DET@CLE,DET,CLE,IL,Hip,,,,P
121062-113986,P,Emmanuel,Emmanuel Clase,Clase,5.458333333333333,48,5500,DET@CLE,CLE,DET,O,Personal,,,,P
121062-228678,P,Sam,Sam Benschoter,Benschoter,,0,5500,CIN@LAD,CIN,LAD,,,,,,P
121062-38217,P,Tommy,Tommy Kahnle,Kahnle,4,66,5500,DET@CLE,DET,CLE,,,,,,P
121062-79184,P,Thomas,Thomas Szapucki,Szapucki,0,2,5500,DET@CLE,DET,CLE,,,,,,P
121062-79196,P,Albert,Albert Abreu,Abreu,,0,5500,CIN@LAD,CIN,LAD,,,,,,P
121062-38240,P,Rafael,Rafael Montero,Montero,4.754385964912281,59,5500,DET@CLE,DET,CLE,,,,,,P
121062-57717,P,Buck,Buck Farmer,Farmer,6.049180327868853,61,5500,CIN@LAD,CIN,LAD,,,,,,P
121062-79227,P,Adrian,Adrian Morejon,Morejon,6.232876712328767,75,5500,SD@CHC,SD,CHC,,,,,,P
121062-181651,P,Matt,Matt Krook,Krook,4.333333333333333,3,5500,DET@CLE,CLE,DET,,,,,,P
121062-170384,P,Yerry,Yerry de los Santos,de los Santos,6.333333333333333,25,5500,BOS@NYY,NYY,BOS,,,,,,P
121062-181664,P,Sean,Sean Reynolds,Reynolds,5.684210526315789,19,5500,SD@CHC,SD,CHC,,,,,,P
121062-118191,P,Antonio,Antonio Santos,Santos,,0,5500,SD@CHC,CHC,SD,,,,,,P
121062-118195,P,Tejay,Tejay Antone,Antone,4.5,6,5500,CIN@LAD,CIN,LAD,,,,,,P
121062-158134,P,Stephen,Stephen Ridings,Ridings,,0,5500,CIN@LAD,LAD,CIN,,,,,,P
121062-101814,P,Sam,Sam Hentges,Hentges,5.12,25,5500,DET@CLE,CLE,DET,IL,Shoulder,,,,P
121062-169400,P,Parker,Parker Mushinski,Mushinski,1.8,10,5500,DET@CLE,CLE,DET,,,,,,P
121062-136639,P,Burl,Burl Carraway,Carraway,,0,5500,SD@CHC,CHC,SD,,,,,,P
121062-188863,P,Randy,Randy Wynne,Wynne,15,1,5500,CIN@LAD,CIN,LAD,,,,,,P
121062-118216,P,Tyson,Tyson Miller,Miller,5.689655172413793,58,5500,SD@CHC,CHC,SD,,,,,,P
121062-80346,P,Giovanny,Giovanny Gallegos,Gallegos,4.842105263157895,21,5500,CIN@LAD,LAD,CIN,IL,Undisclosed,,,,P
121062-95737,P,Ian,Ian Hamilton,Hamilton,5.583333333333333,36,5500,BOS@NYY,NYY,BOS,,,,,,P
121062-161273,P,Scott,Scott Effross,Effross,1.8181818181818181,11,5500,BOS@NYY,NYY,BOS,,,,,,P
121062-145918,P,Will,Will Vest,Vest,6.21875,64,5500,DET@CLE,DET,CLE,,,,,,P
121062-145916,P,Zach,Zach Pop,Pop,-0.8,5,5500,SD@CHC,CHC,SD,,,,,,P
121062-184829,P,McKinley,McKinley Moore,Moore,0,3,5500,BOS@NYY,NYY,BOS,,,,,,P
121062-119298,P,Luis,Luis Frias,Frias,1.8181818181818181,11,5500,DET@CLE,CLE,DET,,,,,,P
121062-119310,P,Noah,Noah Song,Song,,0,5500,BOS@NYY,BOS,NYY,,,,,,P
121062-119315,P,Kohl,Kohl Franklin,Franklin,,0,5500,SD@CHC,CHC,SD,IL,Elbow,,,,P
121062-119319,P,Ryan,Ryan Jensen,Jensen,,0,5500,SD@CHC,CHC,SD,,,,,,P
121062-162328,P,Reiver,Reiver Sanmartin,Sanmartin,11,1,5500,CIN@LAD,CIN,LAD,,,,,,P
121062-79390,P,Michael,Michael Kopech,Kopech,4.285714285714286,14,5500,CIN@LAD,LAD,CIN,IL,Knee,,,,P
121062-119331,P,Daniel,Daniel Espino,Espino,0,3,5500,DET@CLE,CLE,DET,,,,,,P
121062-181796,P,Blair,Blair Calvo,Calvo,,0,5500,DET@CLE,DET,CLE,,,,,,P
121062-181803,P,Zak,Zak Kent,Kent,6.666666666666667,12,5500,DET@CLE,CLE,DET,,,,,,P
121062-181815,P,Brent,Brent Headrick,Headrick,7.9411764705882355,17,5500,BOS@NYY,NYY,BOS,IL,Forearm,,,,P
121062-219701,P,Franco,Franco Aleman,Aleman,,0,5500,DET@CLE,CLE,DET,,,,,,P
121062-219700,P,Luis,Luis Mey,Mey,4.956521739130435,23,5500,CIN@LAD,CIN,LAD,,,,,,P
121062-181819,P,Tim,Tim Herrin,Herrin,4.226415094339623,54,5500,DET@CLE,CLE,DET,,,,,,P
121062-181826,P,Colby,Colby White,White,0,1,5500,BOS@NYY,NYY,BOS,,,,,,P
121062-181831,P,Yosver,Yosver Zulueta,Zulueta,4.857142857142857,7,5500,CIN@LAD,CIN,LAD,,,,,,P
121062-222790,P,Jose,Jose Rodriguez,Rodriguez,,0,5500,CIN@LAD,LAD,CIN,,,,,,P
121062-222789,P,Jackson,Jackson Ferris,Ferris,,0,5500,CIN@LAD,LAD,CIN,,,,,,P
121062-219723,P,Omar,Omar Cruz,Cruz,10,2,5500,SD@CHC,SD,CHC,,,,,,P
121062-219722,P,Jack,Jack Dreyer,Dreyer,5.880597014925373,67,5500,CIN@LAD,LAD,CIN,,,,,,P
121062-80460,P,John,John Brebbia,Brebbia,4.2727272727272725,22,5500,BOS@NYY,BOS,NYY,,,,,,P
121062-175698,P,Hunter,Hunter Gaddis,Gaddis,4.958904109589041,73,5500,DET@CLE,CLE,DET,,,,,,P
121062-219730,P,Chase,Chase Lee,Lee,6.03125,32,5500,DET@CLE,DET,CLE,,,,,,P
121062-219729,P,Tyler,Tyler Mattison,Mattison,,0,5500,DET@CLE,DET,CLE,,,,,,P
121062-73301,P,Brent,Brent Suter,Suter,5.541666666666667,48,5500,CIN@LAD,CIN,LAD,,,,,,P
121062-181848,P,Tom,Tom Cosgrove,Cosgrove,9,2,5500,SD@CHC,CHC,SD,,,,,,P
121062-16989,P,Wilking,Wilking Rodriguez,Rodriguez,,0,5500,BOS@NYY,NYY,BOS,,,,,,P
121062-222812,P,Jaden,Jaden Hamm,Hamm,,0,5500,DET@CLE,DET,CLE,,,,,,P
121062-119397,P,TJ,TJ Sikkema,Sikkema,,0,5500,CIN@LAD,CIN,LAD,,,,,,P
121062-82541,P,Bryan,Bryan Mata,Mata,0,2,5500,BOS@NYY,BOS,NYY,,,,,,P
121062-118381,P,Kyle,Kyle Finnegan,Finnegan,5.25,56,5500,DET@CLE,DET,CLE,,,,,,P
121062-222828,P,Jacob,Jacob Webb,Webb,,0,5500,BOS@NYY,BOS,NYY,,,,,,P
121062-156272,P,Reiss,Reiss Knehr,Knehr,0,1,5500,SD@CHC,SD,CHC,,,,,,P
121062-226929,P,Bradgley,Bradgley Rodriguez,Rodriguez,7.571428571428571,7,5500,SD@CHC,SD,CHC,,,,,,P
121062-119413,P,Isaiah,Isaiah Campbell,Campbell,2.3333333333333335,6,5500,BOS@NYY,BOS,NYY,,,,,,P
121062-82548,P,Alex,Alex Lange,Lange,6,1,5500,DET@CLE,DET,CLE,,,,,,P
121062-82552,P,Tony,Tony Santillan,Santillan,4.962025316455696,80,5500,CIN@LAD,CIN,LAD,,,,,,P
121062-82564,P,Yency,Yency Almonte,Almonte,5.588235294117647,17,5500,SD@CHC,CHC,SD,,,,,,P
121062-165522,P,Tommy,Tommy Mace,Mace,,0,5500,DET@CLE,CLE,DET,,,,,,P
121062-165521,P,Doug,Doug Nikhazy,Nikhazy,4.5,2,5500,DET@CLE,CLE,DET,,,,,,P
121062-220838,P,Garrett,Garrett McDaniels,McDaniels,2.9,10,5500,CIN@LAD,LAD,CIN,,,,,,P
121062-169636,P,Beau,Beau Brieske,Brieske,3.272727272727273,22,5500,DET@CLE,DET,CLE,IL,Forearm,,,,P
121062-164517,P,Chris,Chris Murphy,Murphy,7.6521739130434785,23,5500,BOS@NYY,BOS,NYY,,,,,,P
121062-17065,P,Blake,Blake Treinen,Treinen,4.903225806451613,32,5500,CIN@LAD,LAD,CIN,,,,,,P
121062-84651,P,Austin,Austin Davis,Davis,2.5714285714285716,7,5500,SD@CHC,SD,CHC,,,,,,P
121062-164530,P,Caleb,Caleb Kilian,Kilian,19,2,5500,SD@CHC,CHC,SD,,,,,,P
121062-165553,P,Dylan,Dylan Smith,Smith,7.285714285714286,7,5500,DET@CLE,DET,CLE,,,,,,P
121062-114360,P,Devin,Devin Williams,Williams,5.7727272727272725,67,5500,BOS@NYY,NYY,BOS,,,,,,P
121062-119496,P,Matt,Matt Thompson,Thompson,,0,5500,SD@CHC,CHC,SD,,,,,,P
121062-165585,P,Erik,Erik Rivera,Rivera,,0,5500,BOS@NYY,BOS,NYY,,,,,,P
121062-198352,P,Shane,Shane Drohan,Drohan,0,1,5500,BOS@NYY,BOS,NYY,,,,,,P
121062-179924,P,Gavin,Gavin Hollowell,Hollowell,6.142857142857143,7,5500,SD@CHC,CHC,SD,,,,,,P
121062-198356,P,Justin,Justin Slaten,Slaten,4.0285714285714285,36,5500,BOS@NYY,BOS,NYY,,,,,,P
121062-165595,P,Maddux,Maddux Bruns,Bruns,,0,5500,CIN@LAD,LAD,CIN,,,,,,P
121062-198361,P,Carson,Carson Coleman,Coleman,0,1,5500,BOS@NYY,NYY,BOS,,,,,,P
121062-228057,P,Jayvien,Jayvien Sandridge,Sandridge,2,1,5500,BOS@NYY,NYY,BOS,,,,,,P
121062-212709,P,Edgardo,Edgardo Henriquez,Henriquez,4.909090909090909,22,5500,CIN@LAD,LAD,CIN,,,,,,P
121062-181992,P,Jose,Jose Hernandez,Hernandez,4,8,5500,CIN@LAD,LAD,CIN,,,,,,P
121062-228076,P,Paul,Paul Gervase,Gervase,6.166666666666667,6,5500,CIN@LAD,LAD,CIN,,,,,,P
121062-182006,P,Nic,Nic Enright,Enright,6.444444444444445,27,5500,DET@CLE,CLE,DET,IL,Elbow,,,,P
121062-84731,P,Evan,Evan Phillips,Phillips,5,7,5500,CIN@LAD,LAD,CIN,IL,Elbow,,,,P
121062-84732,P,Robert,Robert Stock,Stock,1,2,5500,BOS@NYY,BOS,NYY,,,,,,P
121062-165635,P,Brendan,Brendan Beck,Beck,,0,5500,BOS@NYY,NYY,BOS,,,,,,P
121062-165637,P,Brock,Brock Selvidge,Selvidge,,0,5500,BOS@NYY,NYY,BOS,,,,,,P
121062-165642,P,Mason,Mason Miller,Miller,7.483333333333333,60,5500,SD@CHC,SD,CHC,,,,,,P
121062-165653,P,Cristian,Cristian Hernandez,Hernandez,,0,5500,BOS@NYY,NYY,BOS,,,,,,P
121062-161563,P,Jovani,Jovani Moran,Moran,9,2,5500,BOS@NYY,BOS,NYY,,,,,,P
121062-211737,P,Luis,Luis Guerrero,Guerrero,4.461538461538462,13,5500,BOS@NYY,BOS,NYY,IL,Elbow,,,,P
121062-165671,P,Victor,Victor Lizarraga,Lizarraga,,0,5500,SD@CHC,SD,CHC,,,,,,P
121062-182064,P,Chris,Chris Clarke,Clarke,,0,5500,SD@CHC,CHC,SD,,,,,,P
121062-103218,P,Nick,Nick Margevicius,Margevicius,,0,5500,DET@CLE,DET,CLE,,,,,,P
121062-182065,P,Zach,Zach Greene,Greene,,0,5500,BOS@NYY,NYY,BOS,,,,,,P
121062-178997,P,Greg,Greg Weissert,Weissert,4.791666666666667,72,5500,BOS@NYY,BOS,NYY,,,,,,P
121062-13118,P,Justin,Justin Wilson,Wilson,4.766666666666667,61,5500,BOS@NYY,BOS,NYY,,,,,,P
121062-232267,P,David,David Sandlin,Sandlin,,0,5500,BOS@NYY,BOS,NYY,,,,,,P
121062-163664,P,Tommy,Tommy Romero,Romero,0,2,5500,SD@CHC,CHC,SD,,,,,,P
121062-70482,P,J.B.,J.B. Wendelken,Wendelken,,0,5500,SD@CHC,SD,CHC,,,,,,P
121062-163673,P,Jorge,Jorge Juan,Juan,,0,5500,BOS@NYY,BOS,NYY,,,,,,P
121062-163682,P,Ethan,Ethan Roberts,Roberts,3.3,10,5500,SD@CHC,CHC,SD,,,,,,P
121062-11108,P,Aroldis,Aroldis Chapman,Chapman,6.641791044776119,67,5500,BOS@NYY,BOS,NYY,,,,,,P
121062-163687,P,Ron,Ron Marinaccio,Marinaccio,9.285714285714286,7,5500,SD@CHC,SD,CHC,,,,,,P
121062-68469,P,Adam,Adam Plutko,Plutko,,0,5500,CIN@LAD,CIN,LAD,,,,,,P
121062-163702,P,Logan,Logan Gillaspie,Gillaspie,9,3,5500,SD@CHC,SD,CHC,,,,,,P
121062-15225,P,Liam,Liam Hendriks,Hendriks,3.357142857142857,14,5500,BOS@NYY,BOS,NYY,IL,Elbow,,,,P
121062-163707,P,Freddy,Freddy Pacheco,Pacheco,,0,5500,DET@CLE,DET,CLE,,,,,,P
121062-68476,P,Taylor,Taylor Rogers,Rogers,5.037037037037037,57,5500,SD@CHC,CHC,SD,,,,,,P
121062-210813,P,Ryan,Ryan Miller,Miller,4.153846153846154,13,5500,DET@CLE,DET,CLE,,,,,,P
121062-170889,P,Aneurys,Aneurys Zabala,Zabala,,0,5500,DET@CLE,DET,CLE,,,,,,P
121062-170895,P,Jake,Jake Bird,Bird,6.085106382978723,48,5500,BOS@NYY,NYY,BOS,,,,,,P
121062-80791,P,Alan,Alan Busenitz,Busenitz,1,3,5500,CIN@LAD,CIN,LAD,,,,,,P
121062-68515,P,Sam,Sam Moll,Moll,3.8260869565217392,23,5500,CIN@LAD,CIN,LAD,,,,,,P
121062-102314,P,Lenny,Lenny Torres,Torres,,0,5500,CIN@LAD,CIN,LAD,,,,,,P
121062-179118,P,Zack,Zack Kelly,Kelly,6.037037037037037,28,5500,BOS@NYY,BOS,NYY,,,,,,P
121062-68527,P,Jose,Jose De Leon,De Leon,45,1,5500,BOS@NYY,BOS,NYY,,,,,,P
121062-175032,P,Brennan,Brennan Bernardino,Bernardino,4.703703703703703,55,5500,BOS@NYY,BOS,NYY,IL,Lat,,,,P
121062-179129,P,Jeremiah,Jeremiah Estrada,Estrada,6.355263157894737,77,5500,SD@CHC,SD,CHC,,,,,,P
121062-163782,P,Robert,Robert Suarez,Suarez,5.557142857142857,70,5500,SD@CHC,SD,CHC,,,,,,P
121062-210885,P,Erik,Erik Sabrowski,Sabrowski,5.9393939393939394,33,5500,DET@CLE,CLE,DET,,,,,,P
121062-68561,P,Luke,Luke Weaver,Weaver,5.5625,64,5500,BOS@NYY,NYY,BOS,,,,,,P
121062-189393,P,Daniel,Daniel Palencia,Palencia,5.6923076923076925,54,5500,SD@CHC,CHC,SD,,,,,,P
121062-156631,P,Charlie,Charlie Barnes,Barnes,,0,5500,CIN@LAD,CIN,LAD,,,,,,P
121062-198619,P,Yuki,Yuki Matsui,Matsui,5.203389830508475,61,5500,SD@CHC,SD,CHC,,,,,,P
121062-102377,P,Trevor,Trevor Stephan,Stephan,0,3,5500,DET@CLE,CLE,DET,,,,,,P
121062-79848,P,Paul,Paul Sewald,Sewald,4.318181818181818,22,5500,DET@CLE,DET,CLE,,,,,,P
121062-102376,P,Garrett,Garrett Whitlock,Whitlock,7.819672131147541,62,5500,BOS@NYY,BOS,NYY,,,,,,P
121062-82924,P,Tim,Tim Hill,Hill,3.869565217391304,70,5500,BOS@NYY,NYY,BOS,,,,,,P
121062-210936,P,Evan,Evan Kravetz,Kravetz,2,1,5500,CIN@LAD,CIN,LAD,,,,,,P
121062-102397,P,Wyatt,Wyatt Mills,Mills,,0,5500,BOS@NYY,BOS,NYY,,,,,,P
121062-198655,P,Woo-Suk,Woo-Suk Go,Go,,0,5500,DET@CLE,DET,CLE,,,,,,P
121062-102399,P,Sam,Sam Carlson,Carlson,,0,5500,CIN@LAD,LAD,CIN,,,,,,P
121062-82440,OF,Shohei,Shohei Ohtani,Ohtani,15.317721209948576,158,4700,CIN@LAD,LAD,CIN,,,,,,OF/UTIL
121062-60643,OF,Aaron,Aaron Judge,Judge,15.910525673314146,152,4600,BOS@NYY,NYY,BOS,,,,,,OF/UTIL
121062-79393,OF,Fernando,Fernando Tatis Jr.,Tatis Jr.,12.101290007560484,155,4100,SD@CHC,SD,CHC,,,,,,OF/UTIL
121062-38976,3B,Jose,Jose Ramirez,Ramirez,12.703164402442642,158,3900,DET@CLE,CLE,DET,,,,,,3B/UTIL
121062-79125,OF,Kyle,Kyle Tucker,Tucker,12.247793758616728,136,3800,SD@CHC,CHC,SD,,,,,,OF/UTIL
121062-11334,1B,Freddie,Freddie Freeman,Freeman,11.212244565795068,147,3700,CIN@LAD,LAD,CIN,,,,,,C/1B/UTIL
121062-167012,OF,Seiya,Seiya Suzuki,Suzuki,11.02980132450331,151,3600,SD@CHC,CHC,SD,,,,,,OF/UTIL
121062-165513,SS,Elly,Elly De La Cruz,De La Cruz,11.650617434654707,162,3600,CIN@LAD,CIN,LAD,,,,,,SS/UTIL
121062-39151,2B/SS/OF,Mookie,Mookie Betts,Betts,10.32,150,3500,CIN@LAD,LAD,CIN,,,,,,2B/SS/OF/UTIL
121062-146704,OF,Pete,Pete Crow-Armstrong,Crow-Armstrong,11.463057013833598,157,3500,SD@CHC,CHC,SD,,,,,,OF/UTIL
121062-119343,OF,Riley,Riley Greene,Greene,10.874522604000797,157,3500,DET@CLE,DET,CLE,,,,,,OF/UTIL
121062-82527,2B/3B,Jazz,Jazz Chisholm Jr.,Chisholm Jr.,12.03076923076923,130,3500,BOS@NYY,NYY,BOS,,,,,,2B/3B/UTIL
121062-13929,3B,Manny,Manny Machado,Machado,10.884905353282234,159,3500,SD@CHC,SD,CHC,,,,,,3B/UTIL
121062-12302,OF,Giancarlo,Giancarlo Stanton,Stanton,11.431168989701705,77,3400,BOS@NYY,NYY,BOS,,,,,,OF/UTIL
121062-79159,OF/1B,Cody,Cody Bellinger,Bellinger,11.37368453176398,152,3400,BOS@NYY,NYY,BOS,,,,,,C/1B/OF/UTIL
121062-79401,C,Will,Will Smith,Smith,10.702727716619318,110,3400,CIN@LAD,LAD,CIN,IL,Hand,,,,C/1B/UTIL
121062-135203,1B,Spencer,Spencer Torkelson,Torkelson,10.073548544606854,155,3300,DET@CLE,DET,CLE,,,,,,C/1B/UTIL
121062-79092,OF,Ian,Ian Happ,Happ,10.49933349609375,150,3300,SD@CHC,CHC,SD,,,,,,OF/UTIL
121062-73023,OF,Teoscar,Teoscar Hernandez,Hernandez,9.966417910447761,134,3300,CIN@LAD,LAD,CIN,,,,,,OF/UTIL
121062-119311,OF,Jarren,Jarren Duran,Duran,11.15413981638137,157,3300,BOS@NYY,BOS,NYY,,,,,,OF/UTIL
121062-119352,1B,Michael,Michael Busch,Busch,10.378064358618952,155,3300,SD@CHC,CHC,SD,,,,,,C/1B/UTIL
121062-165666,OF,Jackson,Jackson Merrill,Merrill,9.941739555027175,115,3300,SD@CHC,SD,CHC,,,,,,OF/UTIL
121062-52158,SS,Trevor,Trevor Story,Story,11.007643001094745,157,3300,BOS@NYY,BOS,NYY,,,,,,SS/UTIL
121062-79175,OF,Trent,Trent Grisham,Grisham,10.492307863035402,143,3200,BOS@NYY,NYY,BOS,,,,,,OF/UTIL
121062-68522,3B,Alex,Alex Bregman,Bregman,10.594737270422149,114,3200,BOS@NYY,BOS,NYY,DTD,Illness,,,,3B/UTIL
121062-52176,3B,Max,Max Muncy,Muncy,10.630999755859374,100,3200,CIN@LAD,LAD,CIN,,,,,,3B/UTIL
121062-81953,OF,Austin,Austin Hays,Hays,10.330097087378642,103,3100,CIN@LAD,CIN,LAD,DTD,Back,,,,OF/UTIL
121062-102555,3B/OF,Noelvi,Noelvi Marte,Marte,9.95,90,3100,CIN@LAD,CIN,LAD,,,,,,3B/OF/UTIL
121062-146695,OF,Andy,Andy Pages,Pages,9.851282364282852,156,3100,CIN@LAD,LAD,CIN,,,,,,OF/UTIL
121062-68588,2B,Gleyber,Gleyber Torres,Torres,9.798621026400863,145,3100,DET@CLE,DET,CLE,,,,,,2B/UTIL
121062-79141,1B/OF,Ryan,Ryan O'Hearn,O'Hearn,8.83263905843099,144,3000,SD@CHC,SD,CHC,,,,,,C/1B/OF/UTIL
121062-203111,C/1B,Ben,Ben Rice,Rice,9.842753977015398,138,3000,BOS@NYY,NYY,BOS,,,,,,C/1B/UTIL
121062-119341,OF,Wenceel,Wenceel Perez,Perez,8.949000244140626,100,3000,DET@CLE,DET,CLE,,,,,,OF/UTIL
121062-176691,OF,Kerry,Kerry Carpenter,Carpenter,8.878461162860576,130,3000,DET@CLE,DET,CLE,,,,,,OF/UTIL
121062-161418,2B/1B/3B,Romy,Romy Gonzalez,Gonzalez,9.280208587646484,96,3000,BOS@NYY,BOS,NYY,,,,,,C/1B/2B/3B/UTIL
121062-163666,OF,Steven,Steven Kwan,Kwan,9.34102532802484,156,3000,DET@CLE,CLE,DET,,,,,,OF/UTIL
121062-102301,2B/SS,Nico,Nico Hoerner,Hoerner,9.73269262069311,156,3000,SD@CHC,CHC,SD,,,,,,2B/SS/UTIL
121062-108450,SS/2B/OF/3B,Tommy,Tommy Edman,Edman,8.425773070030605,97,3000,CIN@LAD,LAD,CIN,,,,,,2B/3B/SS/OF/UTIL
121062-179272,OF/1B/2B,Spencer,Spencer Steer,Steer,8.97739692583476,146,2900,CIN@LAD,CIN,LAD,,,,,,C/1B/2B/OF/UTIL
121062-83155,OF,Ramon,Ramon Laureano,Laureano,10.192424427379262,132,2900,SD@CHC,SD,CHC,IL,Finger,,,,OF/UTIL
121062-79110,C,Tyler,Tyler Stephenson,Stephenson,9.068181818181818,88,2900,CIN@LAD,CIN,LAD,,,,,,C/1B/UTIL
121062-118218,SS/3B/2B/OF,Zach,Zach McKinstry,McKinstry,8.722916497124565,144,2900,DET@CLE,DET,CLE,,,,,,2B/3B/SS/OF/UTIL
121062-189308,1B,Kyle,Kyle Manzardo,Manzardo,8.573239608549736,142,2900,DET@CLE,CLE,DET,,,,,,C/1B/UTIL
121062-68586,SS,Dansby,Dansby Swanson,Swanson,9.706289615271226,159,2900,SD@CHC,CHC,SD,,,,,,SS/UTIL
121062-135204,C,Dillon,Dillon Dingler,Dingler,8.12142847454737,126,2800,DET@CLE,DET,CLE,,,,,,C/1B/UTIL
121062-37982,SS/2B,Xander,Xander Bogaerts,Bogaerts,9.066911585190716,136,2800,SD@CHC,SD,CHC,,,,,,2B/SS/UTIL
121062-197762,C,Carlos,Carlos Narvaez,Narvaez,8.20508484921213,118,2800,BOS@NYY,BOS,NYY,,,,,,C/1B/UTIL
121062-198870,OF,Roman,Roman Anthony,Anthony,11.008450360365316,71,2800,BOS@NYY,BOS,NYY,IL,Oblique,,,,OF/UTIL
121062-198877,3B,Matt,Matt Shaw,Shaw,8.122222415984623,126,2800,SD@CHC,CHC,SD,,,,,,3B/UTIL
121062-79195,OF/1B/3B,Miguel,Miguel Andujar,Andujar,8.321276725606715,94,2800,CIN@LAD,CIN,LAD,,,,,,C/1B/3B/OF/UTIL
121062-181811,OF/2B/SS,Ceddanne,Ceddanne Rafaela,Rafaela,8.944231082231571,156,2800,BOS@NYY,BOS,NYY,,,,,,2B/SS/OF/UTIL
121062-119395,OF,Jasson,Jasson Dominguez,Dominguez,8.65121931370681,123,2800,BOS@NYY,NYY,BOS,,,,,,OF/UTIL
121062-119396,SS,Anthony,Anthony Volpe,Volpe,8.77124183006536,153,2800,BOS@NYY,NYY,BOS,,,,,,SS/UTIL
121062-222837,C,Moises,Moises Ballesteros,Ballesteros,9.24499969482422,20,2800,SD@CHC,CHC,SD,,,,,,C/1B/UTIL
121062-82569,1B/OF,Gavin,Gavin Sheets,Sheets,8.43379327182112,145,2800,SD@CHC,SD,CHC,,,,,,C/1B/OF/UTIL
121062-165557,1B/2B/3B,Colt,Colt Keith,Keith,7.5510948905109485,137,2800,DET@CLE,DET,CLE,IL,Ribs,,,,C/1B/2B/3B/UTIL
121062-102296,OF,TJ,TJ Friedl,Friedl,9.657237002724095,152,2800,CIN@LAD,CIN,LAD,,,,,,OF/UTIL
121062-173078,OF,Alex,Alex Call,Call,6.328181596235796,110,2700,CIN@LAD,LAD,CIN,,,,,,OF/UTIL
121062-73871,C,Carson,Carson Kelly,Kelly,8.636035816089526,111,2700,SD@CHC,CHC,SD,,,,,,C/1B/UTIL
121062-102546,2B/3B/SS,Gabriel,Gabriel Arias,Arias,7.3705425410307654,129,2700,DET@CLE,CLE,DET,,,,,,2B/3B/SS/UTIL
121062-198878,3B,Sal,Sal Stewart,Stewart,9.01111094156901,18,2700,CIN@LAD,CIN,LAD,,,,,,3B/UTIL
121062-146716,C,Austin,Austin Wells,Wells,8.505555168030755,126,2700,BOS@NYY,NYY,BOS,,,,,,C/1B/UTIL
121062-101827,1B/2B,Luis,Luis Arraez,Arraez,8.621428254362824,154,2700,SD@CHC,SD,CHC,,,,,,C/1B/2B/UTIL
121062-118210,1B/2B,Jake,Jake Cronenworth,Cronenworth,8.486666304976852,135,2700,SD@CHC,SD,CHC,,,,,,C/1B/2B/UTIL
121062-53757,OF,Rob,Rob Refsnyder,Refsnyder,7.925714111328125,70,2700,BOS@NYY,BOS,NYY,,,,,,OF/UTIL
121062-82555,SS/2B/3B/OF,Willi,Willi Castro,Castro,7.959166463216146,120,2700,SD@CHC,CHC,SD,,,,,,2B/3B/SS/OF/UTIL
121062-165514,OF/2B,Angel,Angel Martinez,Martinez,6.846762677748426,139,2700,DET@CLE,CLE,DET,,,,,,2B/OF/UTIL
121062-181987,OF,Masataka,Masataka Yoshida,Yoshida,7.603636585582386,55,2700,BOS@NYY,BOS,NYY,,,,,,OF/UTIL
121062-185303,SS/2B/3B/OF,Jose,Jose Caballero,Caballero,8.43968273344494,126,2700,BOS@NYY,NYY,BOS,,,,,,2B/3B/SS/OF/UTIL
121062-12310,1B,Carlos,Carlos Santana,Santana,7.7241934499432965,124,2600,SD@CHC,CHC,SD,,,,,,C/1B/UTIL
121062-85285,1B,Nathaniel,Nathaniel Lowe,Lowe,8.593464371425654,153,2600,BOS@NYY,BOS,NYY,,,,,,C/1B/UTIL
121062-21885,SS/3B/OF,Javier,Javier Baez,Baez,7.527777777777778,126,2600,DET@CLE,DET,CLE,,,,,,3B/SS/OF/UTIL
121062-181812,OF,Wilyer,Wilyer Abreu,Abreu,9.49652152683424,115,2600,BOS@NYY,BOS,NYY,,,,,,OF/UTIL
121062-222798,OF/1B,C.J.,C.J. Kayfus,Kayfus,7.5840911865234375,44,2600,DET@CLE,CLE,DET,,,,,,C/1B/OF/UTIL
121062-165507,SS/2B,Matt,Matt McLain,McLain,8.310203915550595,147,2600,CIN@LAD,CIN,LAD,,,,,,2B/SS/UTIL
121062-12968,1B,Paul,Paul Goldschmidt,Goldschmidt,7.819862679259418,146,2600,BOS@NYY,NYY,BOS,,,,,,C/1B/UTIL
121062-68514,3B,Ryan,Ryan McMahon,McMahon,7.780000157510081,155,2600,BOS@NYY,NYY,BOS,,,,,,3B/UTIL
121062-102315,C,Bo,Bo Naylor,Naylor,7.021951318756352,123,2600,DET@CLE,CLE,DET,,,,,,C/1B/UTIL
121062-102325,OF,Parker,Parker Meadows,Meadows,6.93793092924973,58,2600,DET@CLE,DET,CLE,,,,,,OF/UTIL
121062-135194,C,Freddy,Freddy Fermin,Fermin,5.358182040127841,110,2500,SD@CHC,SD,CHC,,,,,,C/1B/UTIL
121062-102475,SS,Brayan,Brayan Rocchio,Rocchio,6.537391198199728,115,2500,DET@CLE,CLE,DET,,,,,,SS/UTIL
121062-222295,2B/SS/OF,Hyeseong,Hyeseong Kim,Kim,5.750704053422095,71,2500,CIN@LAD,LAD,CIN,,,,,,2B/SS/OF/UTIL
121062-60642,OF,Michael,Michael Conforto,Conforto,6.643478172412817,138,2500,CIN@LAD,LAD,CIN,,,,,,OF/UTIL
121062-79119,OF,Will,Will Benson,Benson,6.730000135633681,90,2500,CIN@LAD,CIN,LAD,,,,,,OF/UTIL
121062-79153,2B/OF,Jahmai,Jahmai Jones,Jones,6.2319446139865455,72,2500,DET@CLE,DET,CLE,,,,,,2B/OF/UTIL
121062-79165,2B/OF,Gavin,Gavin Lux,Lux,7.24499991280692,140,2500,CIN@LAD,CIN,LAD,,,,,,2B/OF/UTIL
121062-116339,3B/1B/2B,Abraham,Abraham Toro,Toro,7.2740256569602275,77,2500,BOS@NYY,BOS,NYY,,,,,,C/1B/2B/3B/UTIL
121062-82596,C,Jake,Jake Rogers,Rogers,5.761224240672831,49,2500,DET@CLE,DET,CLE,,,,,,C/1B/UTIL
121062-202431,2B/3B/SS/OF,Daniel,Daniel Schneemann,Schneemann,6.687786073175095,131,2500,DET@CLE,CLE,DET,,,,,,2B/3B/SS/OF/UTIL
121062-68589,2B/3B/OF,Amed,Amed Rosario,Rosario,6.579365079365079,63,2500,BOS@NYY,NYY,BOS,,,,,,2B/3B/OF/UTIL
121062-13390,SS/2B/3B,Miguel,Miguel Rojas,Rojas,5.732456140350878,114,2400,CIN@LAD,LAD,CIN,,,,,,2B/3B/SS/UTIL
121062-198893,C,Dalton,Dalton Rushing,Rushing,5.716981132075472,53,2400,CIN@LAD,LAD,CIN,,,,,,C/1B/UTIL
121062-79216,3B,Ke'Bryan,Ke'Bryan Hayes,Hayes,6.641447368421052,152,2400,CIN@LAD,CIN,LAD,,,,,,3B/UTIL
121062-13792,3B/1B/2B/OF,Kike,Kike Hernandez,Hernandez,5.672043010752688,93,2400,CIN@LAD,LAD,CIN,,,,,,C/1B/2B/3B/OF/UTIL
121062-165633,SS,Trey,Trey Sweeney,Sweeney,4.925423832262977,118,2400,DET@CLE,DET,CLE,,,,,,SS/UTIL
121062-52182,C,Reese,Reese McGuire,McGuire,7.275555419921875,45,2400,SD@CHC,CHC,SD,,,,,,C/1B/UTIL
121062-83173,C,Jose,Jose Trevino,Trevino,5.547872340425532,94,2300,CIN@LAD,CIN,LAD,,,,,,C/1B/UTIL
121062-79122,OF,Nolan,Nolan Jones,Jones,5.380882263183594,136,2300,DET@CLE,CLE,DET,IL,Oblique,,,,OF/UTIL
121062-209179,1B/2B/3B,Will,Will Wagner,Wagner,4.427272727272728,55,2300,SD@CHC,SD,CHC,,,,,,C/1B/2B/3B/UTIL
121062-79267,2B/3B,Andy,Andy Ibanez,Ibanez,4.486813052669986,91,2300,DET@CLE,DET,CLE,,,,,,2B/3B/UTIL
121062-173546,OF,Nate,Nate Eaton,Eaton,5.687804803615663,41,2300,BOS@NYY,BOS,NYY,,,,,,OF/UTIL
121062-181813,SS/2B,David,David Hamilton,Hamilton,5.537362570291037,91,2300,BOS@NYY,BOS,NYY,,,,,,2B/SS/UTIL
121062-12919,SS/2B/3B/OF,Jose,Jose Iglesias,Iglesias,5.462499891008649,112,2300,SD@CHC,SD,CHC,,,,,,2B/3B/SS/OF/UTIL
121062-154422,OF/3B,Matt,Matt Vierling,Vierling,5.8290321596207155,31,2300,DET@CLE,DET,CLE,IL,Oblique,,,,3B/OF/UTIL
121062-102313,OF,George,George Valera,Valera,6.993750095367432,16,2300,DET@CLE,CLE,DET,,,,,,OF/UTIL
121062-54307,C,Elias,Elias Diaz,Diaz,5.06886780936763,106,2200,SD@CHC,SD,CHC,DTD,Oblique,,,,C/1B/UTIL
121062-102504,C,Connor,Connor Wong,Wong,4.106349400111607,63,2200,BOS@NYY,BOS,NYY,,,,,,C/1B/UTIL
121062-6312,1B/3B,Justin,Justin Turner,Turner,4.159999847412109,80,2200,SD@CHC,CHC,SD,,,,,,C/1B/3B/UTIL
121062-102577,2B/3B/OF,Santiago,Santiago Espinal,Espinal,4.114035087719298,114,2200,CIN@LAD,CIN,LAD,,,,,,2B/3B/OF/UTIL
121062-222788,SS,Alex,Alex Freeland,Freeland,5.9655172413793105,29,2200,CIN@LAD,LAD,CIN,,,,,,SS/UTIL
121062-80485,OF,Austin,Austin Slater,Slater,4.921538367638221,65,2200,BOS@NYY,NYY,BOS,,,,,,OF/UTIL
121062-207557,2B/SS/3B,Nick,Nick Sogard,Sogard,6.936666870117188,30,2200,BOS@NYY,BOS,NYY,,,,,,2B/3B/SS/UTIL
121062-163667,OF/1B,Jhonkensy,Jhonkensy Noel,Noel,3.627536276112432,69,2200,DET@CLE,CLE,DET,,,,,,C/1B/OF/UTIL
121062-38004,C,Austin,Austin Hedges,Hedges,3.8371429443359375,70,2100,DET@CLE,CLE,DET,,,,,,C/1B/UTIL
121062-197974,3B,Jace,Jace Jung,Jung,3.576190403529576,21,2100,DET@CLE,DET,CLE,,,,,,3B/UTIL
121062-79190,C,Ben,Ben Rortvedt,Rortvedt,3.9045455239035864,44,2100,CIN@LAD,LAD,CIN,,,,,,C/1B/UTIL
121062-175654,OF,Bryce,Bryce Johnson,Johnson,3.5418182373046876,55,2100,SD@CHC,SD,CHC,,,,,,OF/UTIL
121062-119390,OF,Kevin,Kevin Alcantara,Alcantara,3.089999961853027,10,2100,SD@CHC,CHC,SD,,,,,,OF/UTIL
121062-222825,2B/OF/1B,Kristian,Kristian Campbell,Campbell,7.437313250641324,67,2100,BOS@NYY,BOS,NYY,,,,,,C/1B/2B/OF/UTIL
121062-165519,OF,Petey,Petey Halpin,Halpin,4.666666666666667,6,2100,DET@CLE,CLE,DET,,,,,,OF/UTIL
121062-102410,C,Ronaldo,Ronaldo Hernandez,Hernandez,,0,2000,BOS@NYY,BOS,NYY,,,,,,C/1B/UTIL
121062-102413,1B,Luken,Luken Baker,Baker,3.7157893933747945,19,2000,CIN@LAD,LAD,CIN,,,,,,C/1B/UTIL
121062-13343,2B,Dixon,Dixon Machado,Machado,,0,2000,SD@CHC,CHC,SD,,,,,,2B/UTIL
121062-102451,OF,Brennen,Brennen Davis,Davis,0,2,2000,BOS@NYY,NYY,BOS,,,,,,OF/UTIL
121062-13368,OF,Billy,Billy Hamilton,Hamilton,,0,2000,SD@CHC,CHC,SD,,,,,,OF/UTIL
121062-135227,2B,Jose,Jose Rojas,Rojas,,0,2000,BOS@NYY,NYY,BOS,,,,,,2B/UTIL
121062-102461,SS,Aaron,Aaron Bracho,Bracho,,0,2000,CIN@LAD,LAD,CIN,,,,,,SS/UTIL
121062-135242,C,P.J.,P.J. Higgins,Higgins,0,2,2000,CIN@LAD,CIN,LAD,,,,,,C/1B/UTIL
121062-102499,SS,Bryson,Bryson Brigman,Brigman,,0,2000,CIN@LAD,CIN,LAD,,,,,,SS/UTIL
121062-82021,C,Tomas,Tomas Nido,Nido,5.345454476096413,11,2000,DET@CLE,DET,CLE,,,,,,C/1B/UTIL
121062-157797,OF,Bryan,Bryan De La Cruz,De La Cruz,3.012500047683716,16,2000,BOS@NYY,NYY,BOS,,,,,,OF/UTIL
121062-83051,2B/3B,David,David Bote,Bote,2.4051282833784056,39,2000,CIN@LAD,LAD,CIN,,,,,,2B/3B/UTIL
121062-197753,OF,Johnathan,Johnathan Rodriguez,Rodriguez,4.881249904632568,32,2000,DET@CLE,CLE,DET,,,,,,OF/UTIL
121062-135310,C,Chadwick,Chadwick Tromp,Tromp,4.237500190734863,8,2000,BOS@NYY,BOS,NYY,,,,,,C/1B/UTIL
121062-102550,C,Luis,Luis Campusano,Campusano,1.8,10,2000,SD@CHC,SD,CHC,,,,,,C/1B/UTIL
121062-198875,OF,Chase,Chase DeLauter,DeLauter,,0,2000,DET@CLE,CLE,DET,,,,,,OF/UTIL
121062-60634,OF,Forrest,Forrest Wall,Wall,4.072222391764323,18,2000,SD@CHC,CHC,SD,,,,,,OF/UTIL
121062-198884,OF,Max,Max Clark,Clark,,0,2000,DET@CLE,DET,CLE,,,,,,OF/UTIL
121062-146671,OF,Austin,Austin Hendrick,Hendrick,,0,2000,CIN@LAD,CIN,LAD,,,,,,OF/UTIL
121062-198892,OF,Josue,Josue De Paula,De Paula,,0,2000,CIN@LAD,LAD,CIN,,,,,,OF/UTIL
121062-146674,OF,Owen,Owen Caissie,Caissie,4.733333269755046,12,2000,SD@CHC,CHC,SD,IL,Concussion,,,,OF/UTIL
121062-146672,SS,Reginald,Reginald Preciado,Preciado,,0,2000,SD@CHC,CHC,SD,,,,,,SS/UTIL
121062-146673,SS,Ed,Ed Howard,Howard,,0,2000,SD@CHC,CHC,SD,,,,,,SS/UTIL
121062-198900,OF,Spencer,Spencer Jones,Jones,,0,2000,BOS@NYY,NYY,BOS,,,,,,OF/UTIL
121062-146685,OF,Daniel,Daniel Cabrera,Cabrera,,0,2000,DET@CLE,DET,CLE,,,,,,OF/UTIL
121062-198914,SS,Roderick,Roderick Arias,Arias,,0,2000,BOS@NYY,NYY,BOS,,,,,,SS/UTIL
121062-79108,3B,Nick,Nick Senzel,Senzel,6.351351351351352,74,2000,CIN@LAD,LAD,CIN,,,,,,3B/UTIL
121062-198918,C,Ethan,Ethan Salas,Salas,,0,2000,SD@CHC,SD,CHC,O,Back,,,,C/1B/UTIL
121062-213262,C,Caleb,Caleb Knight,Knight,,0,2000,SD@CHC,CHC,SD,,,,,,C/1B/UTIL
121062-13596,OF,Trayce,Trayce Thompson,Thompson,0,3,2000,BOS@NYY,BOS,NYY,,,,,,OF/UTIL
121062-85279,C,Miguel,Miguel Amaya,Amaya,10.403570992606026,28,2000,SD@CHC,CHC,SD,IL,Ankle,,,,C/1B/UTIL
121062-185632,C/1B/OF,David,David Fry,Fry,4.9954547304095644,66,2000,DET@CLE,CLE,DET,IL,Face,,,,C/1B/OF/UTIL
121062-146726,OF,Josh,Josh Mears,Mears,,0,2000,SD@CHC,SD,CHC,,,,,,OF/UTIL
121062-82251,OF,Tim,Tim Locastro,Locastro,0,1,2000,SD@CHC,SD,CHC,,,,,,OF/UTIL
121062-170321,C,Brian,Brian Serven,Serven,3.196551618904903,29,2000,DET@CLE,DET,CLE,,,,,,C/1B/UTIL
121062-135529,OF,Jake,Jake Vogel,Vogel,,0,2000,CIN@LAD,LAD,CIN,,,,,,OF/UTIL
121062-79218,SS/2B/3B,Kevin,Kevin Newman,Newman,3.1947369491844846,57,2000,DET@CLE,DET,CLE,,,,,,2B/3B/SS/UTIL
121062-38293,OF,Tyler,Tyler Naquin,Naquin,,0,2000,DET@CLE,CLE,DET,,,,,,OF/UTIL
121062-193947,SS,Mason,Mason McCoy,McCoy,3.0833333333333335,18,2000,SD@CHC,SD,CHC,,,,,,SS/UTIL
121062-180644,2B,Nate,Nate Mondou,Mondou,0,1,2000,SD@CHC,SD,CHC,,,,,,2B/UTIL
121062-118189,C,Ali,Ali Sanchez,Sanchez,2.2833333015441895,12,2000,BOS@NYY,BOS,NYY,,,,,,C/1B/UTIL
121062-101807,C,Seby,Seby Zavala,Zavala,3.2526315387926603,19,2000,BOS@NYY,BOS,NYY,,,,,,C/1B/UTIL
121062-101821,1B,Edwin,Edwin Rios,Rios,1.8399999618530274,5,2000,CIN@LAD,CIN,LAD,,,,,,C/1B/UTIL
121062-101844,OF,Lane,Lane Thomas,Thomas,6.1923076923076925,39,2000,DET@CLE,CLE,DET,IL,Foot,,,,OF/UTIL
121062-171482,1B,Bligh,Bligh Madris,Madris,6.338095528738839,21,2000,DET@CLE,DET,CLE,,,,,,C/1B/UTIL
121062-136673,C,Mark,Mark Kolozsvary,Kolozsvary,0,2,2000,BOS@NYY,BOS,NYY,IL,Undisclosed,,,,C/1B/UTIL
121062-119304,SS/2B,Braden,Braden Shewmake,Shewmake,3.406896656957166,29,2000,BOS@NYY,NYY,BOS,,,,,,2B/SS/UTIL
121062-71182,3B/1B,Jeimer,Jeimer Candelario,Candelario,5.572727203369141,22,2000,BOS@NYY,NYY,BOS,,,,,,C/1B/3B/UTIL
121062-202259,1B/OF,Trenton,Trenton Brooks,Brooks,2.48,25,2000,SD@CHC,SD,CHC,,,,,,C/1B/OF/UTIL
121062-219667,OF,Jhostynxon,Jhostynxon Garcia,Garcia,2.4,5,2000,BOS@NYY,BOS,NYY,,,,,,OF/UTIL
121062-119314,C,Ethan,Ethan Hearn,Hearn,,0,2000,SD@CHC,CHC,SD,,,,,,C/1B/UTIL
121062-101910,1B/OF,Connor,Connor Joe,Joe,2.557142893473307,42,2000,CIN@LAD,CIN,LAD,,,,,,C/1B/OF/UTIL
121062-119320,2B,Chase,Chase Strumpf,Strumpf,,0,2000,SD@CHC,CHC,SD,,,,,,2B/UTIL
121062-79387,3B,Jake,Jake Gatewood,Gatewood,,0,2000,BOS@NYY,NYY,BOS,,,,,,3B/UTIL
121062-119325,2B/OF,Tyler,Tyler Callihan,Callihan,1.625,4,2000,CIN@LAD,CIN,LAD,IL,Wrist,,,,2B/OF/UTIL
121062-119327,SS,Ivan,Ivan Johnson,Johnson,,0,2000,CIN@LAD,CIN,LAD,,,,,,SS/UTIL
121062-119326,3B/OF,Rece,Rece Hinds,Hinds,4.579999796549479,15,2000,CIN@LAD,CIN,LAD,,,,,,3B/OF/UTIL
121062-207395,C,Eric,Eric Yang,Yang,0,1,2000,CIN@LAD,CIN,LAD,,,,,,C/1B/UTIL
121062-119332,SS,Yordys,Yordys Valdes,Valdes,,0,2000,DET@CLE,CLE,DET,,,,,,SS/UTIL
121062-119353,3B,Kody,Kody Hoese,Hoese,,0,2000,CIN@LAD,LAD,CIN,,,,,,3B/UTIL
121062-181818,2B,Juan,Juan Brito,Brito,0,3,2000,DET@CLE,CLE,DET,IL,Hamstring,,,,2B/UTIL
121062-222781,3B,Cam,Cam Collier,Collier,,0,2000,CIN@LAD,CIN,LAD,,,,,,3B/UTIL
121062-222791,OF,Zyhir,Zyhir Hope,Hope,,0,2000,CIN@LAD,LAD,CIN,,,,,,OF/UTIL
121062-222795,SS,George,George Lombard Jr.,Lombard Jr.,,0,2000,BOS@NYY,NYY,BOS,,,,,,SS/UTIL
121062-222799,C,Cooper,Cooper Ingle,Ingle,,0,2000,DET@CLE,CLE,DET,,,,,,C/1B/UTIL
121062-222797,2B,Travis,Travis Bazzana,Bazzana,,0,2000,DET@CLE,CLE,DET,IL,Oblique,,,,2B/UTIL
121062-222796,SS,Angel,Angel Genao,Genao,,0,2000,DET@CLE,CLE,DET,,,,,,SS/UTIL
121062-222801,OF,Jaison,Jaison Chourio,Chourio,,0,2000,DET@CLE,CLE,DET,,,,,,OF/UTIL
121062-222800,1B,Ralphy,Ralphy Velazquez,Velazquez,,0,2000,DET@CLE,CLE,DET,,,,,,C/1B/UTIL
121062-222811,SS,Bryce,Bryce Rainer,Rainer,,0,2000,DET@CLE,DET,CLE,IL,Shoulder,,,,SS/UTIL
121062-222810,SS,Kevin,Kevin McGonigle,McGonigle,,0,2000,DET@CLE,DET,CLE,,,,,,SS/UTIL
121062-222809,C,Josue,Josue Briceno,Briceno,,0,2000,DET@CLE,DET,CLE,,,,,,C/1B/UTIL
121062-222808,C,Thayron,Thayron Liranzo,Liranzo,,0,2000,DET@CLE,DET,CLE,,,,,,C/1B/UTIL
121062-222827,SS,Franklin,Franklin Arias,Arias,,0,2000,BOS@NYY,BOS,NYY,,,,,,SS/UTIL
121062-222826,SS,Yoeilin,Yoeilin Cespedes,Cespedes,,0,2000,BOS@NYY,BOS,NYY,,,,,,SS/UTIL
121062-119402,C,Rodolfo,Rodolfo Duran,Duran,,0,2000,SD@CHC,SD,CHC,,,,,,C/1B/UTIL
121062-222838,SS,Jefferson,Jefferson Rojas,Rojas,,0,2000,SD@CHC,CHC,SD,,,,,,SS/UTIL
121062-165510,OF,Jay,Jay Allen,Allen,,0,2000,CIN@LAD,CIN,LAD,,,,,,OF/UTIL
121062-119428,2B/3B,Will,Will Wilson,Wilson,3.6000000448787914,34,2000,DET@CLE,CLE,DET,,,,,,2B/3B/UTIL
121062-165511,C,Mat,Mat Nelson,Nelson,,0,2000,CIN@LAD,CIN,LAD,,,,,,C/1B/UTIL
121062-82567,1B/OF,Ryan,Ryan Vilade,Vilade,1.524999976158142,8,2000,CIN@LAD,CIN,LAD,,,,,,C/1B/OF/UTIL
121062-165515,OF,Malvin,Malvin Valdez,Valdez,,0,2000,CIN@LAD,CIN,LAD,,,,,,OF/UTIL
121062-119434,OF,Moises,Moises Gomez,Gomez,,0,2000,SD@CHC,SD,CHC,,,,,,OF/UTIL
121062-165517,OF,Ariel,Ariel Almonte,Almonte,,0,2000,CIN@LAD,CIN,LAD,,,,,,OF/UTIL
121062-119440,3B/2B,Davis,Davis Wendzel,Wendzel,1.8714286259242467,28,2000,CIN@LAD,CIN,LAD,,,,,,2B/3B/UTIL
121062-164502,SS/2B,Vaughn,Vaughn Grissom,Grissom,4.787878787878788,33,2000,BOS@NYY,BOS,NYY,IL,Foot,,,,2B/SS/UTIL
121062-164518,2B,Tyler,Tyler McDonough,McDonough,,0,2000,BOS@NYY,BOS,NYY,,,,,,2B/UTIL
121062-164516,SS/3B/2B,Marcelo,Marcelo Mayer,Mayer,6.2727272727272725,44,2000,BOS@NYY,BOS,NYY,IL,Wrist,,,,2B/3B/SS/UTIL
121062-164526,C,Nathan,Nathan Hickey,Hickey,,0,2000,BOS@NYY,BOS,NYY,,,,,,C/1B/UTIL
121062-164527,SS,Cristian,Cristian Hernandez,Hernandez,,0,2000,SD@CHC,CHC,SD,,,,,,SS/UTIL
121062-165548,SS,Cristian,Cristian Santana,Santana,,0,2000,DET@CLE,DET,CLE,,,,,,SS/UTIL
121062-165549,OF,Roberto,Roberto Campos,Campos,,0,2000,DET@CLE,DET,CLE,,,,,,OF/UTIL
121062-165554,SS,Trei,Trei Cruz,Cruz,,0,2000,DET@CLE,DET,CLE,,,,,,SS/UTIL
121062-165555,SS,Abel,Abel Bastidas,Bastidas,,0,2000,DET@CLE,DET,CLE,,,,,,SS/UTIL
121062-82611,OF,Akil,Akil Baddoo,Baddoo,3.0714285714285716,7,2000,DET@CLE,DET,CLE,,,,,,OF/UTIL
121062-164528,SS,James,James Triantos,Triantos,,0,2000,SD@CHC,CHC,SD,,,,,,SS/UTIL
121062-165552,3B,Izaac,Izaac Pacheco,Pacheco,,0,2000,DET@CLE,DET,CLE,,,,,,3B/UTIL
121062-220848,SS,Christian,Christian Cairo,Cairo,,0,2000,DET@CLE,CLE,DET,,,,,,SS/UTIL
121062-165556,3B,Gage,Gage Workman,Workman,2.3333333333333335,12,2000,DET@CLE,DET,CLE,,,,,,3B/UTIL
121062-21183,C/1B,Carlos,Carlos Perez,Perez,,0,2000,SD@CHC,CHC,SD,,,,,,C/1B/UTIL
121062-165590,SS,Wilman,Wilman Diaz,Diaz,,0,2000,CIN@LAD,LAD,CIN,,,,,,SS/UTIL
121062-165593,OF,Jose,Jose Ramos,Ramos,0,2,2000,CIN@LAD,LAD,CIN,,,,,,OF/UTIL
121062-165598,C,Jesus,Jesus Galiz,Galiz,,0,2000,CIN@LAD,LAD,CIN,IL,Undisclosed,,,,C/1B/UTIL
121062-165597,SS,Kahlil,Kahlil Watson,Watson,,0,2000,DET@CLE,CLE,DET,,,,,,SS/UTIL
121062-232173,OF,Justin,Justin Dean,Dean,0.3333333333333333,18,2000,CIN@LAD,LAD,CIN,,,,,,OF/UTIL
121062-165619,SS,Noah,Noah Miller,Miller,,0,2000,CIN@LAD,LAD,CIN,,,,,,SS/UTIL
121062-165627,3B,Jaylen,Jaylen Palmer,Palmer,,0,2000,SD@CHC,CHC,SD,,,,,,3B/UTIL
121062-226041,OF/1B,Matt,Matt Gorski,Gorski,4.76000010172526,15,2000,CIN@LAD,LAD,CIN,IL,Hand,,,,C/1B/OF/UTIL
121062-13054,C,Rob,Rob Brantly,Brantly,4.166666666666667,3,2000,BOS@NYY,NYY,BOS,,,,,,C/1B/UTIL
121062-202502,OF,Blake,Blake Dunn,Dunn,4.983333333333333,30,2000,CIN@LAD,CIN,LAD,,,,,,OF/UTIL
121062-202501,OF,Duke,Duke Ellis,Ellis,3.0166667302449546,12,2000,BOS@NYY,NYY,BOS,,,,,,OF/UTIL
121062-165663,SS,Victor,Victor Acosta,Acosta,,0,2000,CIN@LAD,CIN,LAD,,,,,,SS/UTIL
121062-165669,2B,Max,Max Ferguson,Ferguson,,0,2000,BOS@NYY,BOS,NYY,,,,,,2B/UTIL
121062-165675,SS,Edwin,Edwin Arroyo,Arroyo,,0,2000,CIN@LAD,CIN,LAD,,,,,,SS/UTIL
121062-110404,3B,Mike,Mike Brosseau,Brosseau,0,1,2000,SD@CHC,SD,CHC,,,,,,3B/UTIL
121062-163661,3B/2B,Eguy,Eguy Rosario,Rosario,4.193548387096774,31,2000,SD@CHC,SD,CHC,,,,,,2B/3B/UTIL
121062-119636,SS,Alexander,Alexander Vargas,Vargas,,0,2000,CIN@LAD,CIN,LAD,,,,,,SS/UTIL
121062-213853,C/3B,J.C.,J.C. Escarra,Escarra,4.5125,40,2000,BOS@NYY,NYY,BOS,,,,,,C/1B/3B/UTIL
121062-163686,3B/SS,Oswaldo,Oswaldo Cabrera,Cabrera,6.597142682756696,35,2000,BOS@NYY,NYY,BOS,IL,Ankle,,,,3B/SS/UTIL
121062-163695,2B/3B,Jorbit,Jorbit Vivas,Vivas,3.5413792051117996,29,2000,BOS@NYY,NYY,BOS,,,,,,2B/3B/UTIL
121062-203639,3B/1B,CJ,CJ Alexander,Alexander,1.5,6,2000,CIN@LAD,LAD,CIN,,,,,,C/1B/3B/UTIL
121062-203641,SS,Levi,Levi Jordan,Jordan,1.8142856870378767,7,2000,CIN@LAD,CIN,LAD,,,,,,SS/UTIL
121062-170879,C,Chris,Chris Okey,Okey,0,2,2000,CIN@LAD,LAD,CIN,,,,,,C/1B/UTIL
121062-180095,OF,Will,Will Brennan,Brennan,1.5,6,2000,DET@CLE,CLE,DET,IL,Abdomen,,,,OF/UTIL
121062-189314,OF,Justyn-Henry,Justyn-Henry Malloy,Malloy,5.125,52,2000,DET@CLE,DET,CLE,,,,,,OF/UTIL
121062-183187,1B/3B,Christian,Christian Encarnacion-Strand,Encarnacion-Strand,7.502777947319879,36,2000,CIN@LAD,CIN,LAD,,,,,,C/1B/3B/UTIL
121062-102303,1B,Triston,Triston Casas,Casas,6.327586206896552,29,2000,BOS@NYY,BOS,NYY,IL,Knee,,,,C/1B/UTIL
121062-79776,C,Dom,Dom Nunez,Nunez,6.199999809265137,2,2000,DET@CLE,CLE,DET,,,,,,C/1B/UTIL
121062-68537,2B/3B/SS/OF,Tyler,Tyler Wade,Wade,3.468333435058594,60,2000,SD@CHC,SD,CHC,,,,,,2B/3B/SS/OF/UTIL
121062-102331,2B/SS/3B,Nicky,Nicky Lopez,Lopez,1.3105262957121198,19,2000,SD@CHC,CHC,SD,,,,,,2B/3B/SS/UTIL
121062-13253,C,Martin,Martin Maldonado,Maldonado,3.831249952316284,64,2000,SD@CHC,SD,CHC,,,,,,C/1B/UTIL
121062-68554,SS,Andrew,Andrew Velazquez,Velazquez,0,2,2000,BOS@NYY,NYY,BOS,,,,,,SS/UTIL
121062-102359,C,Will,Will Banfield,Banfield,0.42857142857142855,7,2000,CIN@LAD,CIN,LAD,,,,,,C/1B/UTIL
121062-102391,OF,Tirso,Tirso Ornelas,Ornelas,1.7857142857142858,7,2000,SD@CHC,SD,CHC,,,,,,OF/UTIL
121062-13303,C,Yasmani,Yasmani Grandal,Grandal,7.036986468589469,73,2000,BOS@NYY,BOS,NYY,,,,,,C/1B/UTIL
121062-102392,OF,Esteury,Esteury Ruiz,Ruiz,3.3894737645199426,19,2000,CIN@LAD,LAD,CIN,,,,,,OF/UTIL