Id,Position,First Name,Nickname,Last Name,FPPG,Played,Salary,Game,Team,Opponent,Injury Indicator,Injury Details,Tier,Probable Pitcher,Batting Order,Roster Position
118876-119340,P,Tarik,Tarik Skubal,Skubal,44.5,20,11000,TOR@DET,DET,TOR,IL,Personal,,,,P
118876-85599,P,Framber,Framber Valdez,Valdez,39.15,20,10700,ATH@HOU,HOU,ATH,,,,,,P
118876-146687,P,Hunter,Hunter Brown,Brown,39.65,20,10600,ATH@HOU,HOU,ATH,,,,,,P
118876-187194,P,Bryan,Bryan Woo,Woo,36.8421052631579,19,10300,SEA@LAA,SEA,LAA,,,,,,P
118876-117232,P,Michael,Michael King,King,34.3,10,10000,SD@STL,SD,STL,IL,Shoulder,,,,P
118876-79951,P,Nick,Nick Pivetta,Pivetta,36.35,20,9800,SD@STL,SD,STL,,,,,,P
118876-102396,P,Logan,Logan Gilbert,Gilbert,34.84615384615385,13,9700,SEA@LAA,SEA,LAA,,,,,,P
118876-119414,P,George,George Kirby,Kirby,27.636363636363637,11,9500,SEA@LAA,SEA,LAA,,,,,,P
118876-17064,P,Sonny,Sonny Gray,Gray,32.15,20,9500,SD@STL,STL,SD,,,,Yes,,P
118876-79091,P,Dylan,Dylan Cease,Cease,30.523809523809526,21,9400,SD@STL,SD,STL,,,,,,P
118876-79246,P,Jack,Jack Flaherty,Flaherty,29.7,20,9400,TOR@DET,DET,TOR,,,,,,P
118876-102001,P,Yusei,Yusei Kikuchi,Kikuchi,31.238095238095237,21,9400,SEA@LAA,LAA,SEA,,,,Yes,,P
118876-198885,P,Spencer,Spencer Arrighetti,Arrighetti,22.5,2,9300,ATH@HOU,HOU,ATH,IL,Thumb,,,,P
118876-85253,P,Casey,Casey Mize,Mize,29.235294117647058,17,9200,TOR@DET,DET,TOR,,,,,,P
118876-79162,P,Luis,Luis Castillo,Castillo,30.428571428571427,21,9100,SEA@LAA,SEA,LAA,,,,,,P
118876-60639,P,Jose,Jose Berrios,Berrios,28.428571428571427,21,8800,TOR@DET,TOR,DET,,,,,,P
118876-79226,P,Eric,Eric Lauer,Lauer,23.933333333333334,15,8800,TOR@DET,TOR,DET,,,,Yes,,P
118876-38000,P,Kevin,Kevin Gausman,Gausman,30.4,20,8700,TOR@DET,TOR,DET,,,,,,P
118876-164521,P,Brandon,Brandon Walter,Walter,31.88888888888889,9,8600,ATH@HOU,HOU,ATH,,,,,,P
118876-165551,P,Reese,Reese Olson,Olson,29.25,12,8600,TOR@DET,DET,TOR,,,,Yes,,P
118876-168872,P,Ronel,Ronel Blanco,Blanco,28.555555555555557,9,8500,ATH@HOU,HOU,ATH,IL,Elbow,,,,P
118876-102408,P,Matthew,Matthew Liberatore,Liberatore,26.61111111111111,18,8400,SD@STL,STL,SD,,,,,,P
118876-165636,P,Hayden,Hayden Wesneski,Wesneski,24.833333333333332,6,8300,ATH@HOU,HOU,ATH,IL,Elbow,,,,P
118876-53067,P,Chris,Chris Bassitt,Bassitt,29.954545454545453,22,8300,TOR@DET,TOR,DET,,,,,,P
118876-5481,P,Max,Max Scherzer,Scherzer,21.666666666666668,6,8200,TOR@DET,TOR,DET,,,,,,P
118876-165547,P,Jackson,Jackson Jobe,Jobe,22.7,10,8200,TOR@DET,DET,TOR,IL,Elbow,,,,P
118876-102345,P,Jose,Jose Soriano,Soriano,28.666666666666668,21,8100,SEA@LAA,LAA,SEA,,,,,,P
118876-226322,P,Logan,Logan Evans,Evans,22.5,10,8000,SEA@LAA,SEA,LAA,,,,Yes,,P
118876-110822,P,Jose,Jose Urquidy,Urquidy,0,1,8000,TOR@DET,DET,TOR,IL,Elbow,,,,P
118876-85476,P,Jeffrey,Jeffrey Springs,Springs,25.476190476190474,21,8000,ATH@HOU,ATH,HOU,,,,,,P
118876-68523,P,Joe,Joe Musgrove,Musgrove,28.45,20,8000,SD@STL,SD,STL,IL,Elbow,,,,P
118876-194677,P,Easton,Easton Lucas,Lucas,21.4,5,7900,TOR@DET,TOR,DET,,,,,,P
118876-60644,P,Luis,Luis Severino,Severino,21.523809523809526,21,7900,ATH@HOU,ATH,HOU,,,,Yes,,P
118876-81594,P,Dietrich,Dietrich Enns,Enns,14.4,5,7800,TOR@DET,DET,TOR,,,,,,P
118876-52159,P,Lance,Lance McCullers Jr.,McCullers Jr.,18.636363636363637,11,7800,ATH@HOU,HOU,ATH,IL,Finger,,,,P
118876-193326,P,Jacob,Jacob Lopez,Lopez,23.2,15,7700,ATH@HOU,ATH,HOU,,,,,,P
118876-165689,P,Bryce,Bryce Miller,Miller,18.2,10,7700,SEA@LAA,SEA,LAA,IL,Elbow,,,,P
118876-38246,P,Tyler,Tyler Anderson,Anderson,22.9,20,7600,SEA@LAA,LAA,SEA,,,,,,P
118876-198362,P,Stephen,Stephen Kolek,Kolek,23.692307692307693,13,7600,SD@STL,SD,STL,,,,,,P
118876-165715,P,Gunnar,Gunnar Hoglund,Hoglund,17.833333333333332,6,7600,ATH@HOU,ATH,HOU,IL,Hip,,,,P
118876-163685,P,JP,JP Sears,Sears,22.761904761904763,21,7600,ATH@HOU,ATH,HOU,,,,,,P
118876-135229,P,Reid,Reid Detmers,Detmers,6.4,42,7500,SEA@LAA,LAA,SEA,,,,,,P
118876-118202,P,Kyle,Kyle Hart,Hart,15.25,8,7500,SD@STL,SD,STL,,,,,,P
118876-119441,P,Alek,Alek Manoah,Manoah,27,6,7500,TOR@DET,TOR,DET,IL,Elbow,,,,P
118876-187769,P,Osvaldo,Osvaldo Bido,Bido,12.928571428571429,14,7400,ATH@HOU,ATH,HOU,,,,,,P
118876-16931,P,Yu,Yu Darvish,Darvish,12.333333333333334,3,7400,SD@STL,SD,STL,,,,Yes,,P
118876-219724,P,Ryan,Ryan Bergert,Bergert,16.1,10,7400,SD@STL,SD,STL,,,,,,P
118876-229085,P,Troy,Troy Melton,Melton,18,1,7400,TOR@DET,DET,TOR,,,,,,P
118876-13123,P,Alex,Alex Cobb,Cobb,19.4,5,7400,TOR@DET,DET,TOR,IL,Hip,,,,P
118876-197766,P,Keider,Keider Montero,Montero,20.785714285714285,14,7200,TOR@DET,DET,TOR,,,,,,P
118876-219662,P,Colton,Colton Gordon,Gordon,21.5,12,7200,ATH@HOU,HOU,ATH,,,,,,P
118876-68564,P,Erick,Erick Fedde,Fedde,17.95,20,7200,SD@STL,STL,SD,,,,,,P
118876-135268,P,Emerson,Emerson Hancock,Hancock,19.2,15,7100,SEA@LAA,SEA,LAA,,,,,,P
118876-146705,P,J.T.,J.T. Ginn,Ginn,16,12,7100,ATH@HOU,ATH,HOU,,,,,,P
118876-119355,P,Jack,Jack Kochanowicz,Kochanowicz,16.94736842105263,19,7100,SEA@LAA,LAA,SEA,,,,,,P
118876-135212,P,Luis,Luis Garcia,Garcia,0,1,7000,ATH@HOU,HOU,ATH,IL,Elbow,,,,P
118876-208032,P,Brant,Brant Hurter,Hurter,9.137931034482758,31,7000,TOR@DET,DET,TOR,,,,,,P
118876-213198,P,Ryan,Ryan Gusto,Gusto,17.772727272727273,22,7000,ATH@HOU,HOU,ATH,,,,,,P
118876-163698,P,Bowden,Bowden Francis,Francis,17.785714285714285,14,7000,TOR@DET,TOR,DET,IL,Shoulder,,,,P
118876-102335,P,Cristian,Cristian Javier,Javier,24.285714285714285,8,7000,ATH@HOU,HOU,ATH,IL,Elbow,,,,P
118876-168950,P,Andre,Andre Pallante,Pallante,21.2,20,7000,SD@STL,STL,SD,,,,,,P
118876-211069,P,Sam,Sam Aldegheri,Aldegheri,5,2,6900,SEA@LAA,LAA,SEA,,,,,,P
118876-17121,P,Miles,Miles Mikolas,Mikolas,20,19,6900,SD@STL,STL,SD,,,,,,P
118876-188485,P,Matt,Matt Waldron,Waldron,11,1,6800,SD@STL,SD,STL,,,,,,P
118876-53398,P,Kyle,Kyle Hendricks,Hendricks,20.63157894736842,19,6800,SEA@LAA,LAA,SEA,,,,,,P
118876-60637,P,Sean,Sean Newcomb,Newcomb,11.482758620689655,29,6800,ATH@HOU,ATH,HOU,,,,,,P
118876-198934,P,Yariel,Yariel Rodriguez,Rodriguez,6.27906976744186,43,6800,TOR@DET,TOR,DET,,,,,,P
118876-79133,P,Matt,Matt Manning,Manning,21.4,5,6800,TOR@DET,DET,TOR,,,,,,P
118876-165638,P,Randy,Randy Vasquez,Vasquez,18.3,20,6800,SD@STL,SD,STL,,,,,,P
118876-194697,P,Sawyer,Sawyer Gipson-Long,Gipson-Long,17.4,5,6700,TOR@DET,DET,TOR,IL,Neck,,,,P
118876-165694,P,Michael,Michael McGreevy,McGreevy,23.8,5,6700,SD@STL,STL,SD,,,,,,P
118876-60627,P,Touki,Touki Toussaint,Toussaint,9,1,6500,SEA@LAA,LAA,SEA,,,,,,P
118876-198891,P,Caden,Caden Dana,Dana,10.5,2,6500,SEA@LAA,LAA,SEA,,,,,,P
118876-181805,P,J.P.,J.P. France,France,15.8,6,6500,ATH@HOU,HOU,ATH,IL,Shoulder,,,,P
118876-198353,P,Mitch,Mitch Spence,Spence,10.620689655172415,29,6500,ATH@HOU,ATH,HOU,,,,,,P
118876-165634,P,Ken,Ken Waldichuk,Waldichuk,0,1,6500,ATH@HOU,ATH,HOU,,,,,,P
118876-190370,P,Jackson,Jackson Wolf,Wolf,0,1,6500,SD@STL,SD,STL,,,,,,P
118876-52174,P,Steven,Steven Matz,Matz,9.206896551724139,29,6500,SD@STL,STL,SD,,,,,,P
118876-102456,P,Jhonathan,Jhonathan Diaz,Diaz,7,1,6400,SEA@LAA,SEA,LAA,,,,,,P
118876-170174,P,Chase,Chase Silseth,Silseth,21,4,6400,SEA@LAA,LAA,SEA,IL,Undisclosed,,,,P
118876-181794,P,Hogan,Hogan Harris,Harris,6.833333333333333,30,6400,ATH@HOU,ATH,HOU,,,,,,P
118876-164504,P,Joey,Joey Estes,Estes,0,2,6400,ATH@HOU,ATH,HOU,,,,,,P
118876-52998,P,Aaron,Aaron Brooks,Brooks,15.8,5,6400,ATH@HOU,ATH,HOU,,,,,,P
118876-79254,P,Dakota,Dakota Hudson,Hudson,14.38888888888889,18,6300,SEA@LAA,LAA,SEA,,,,,,P
118876-181660,P,Jhony,Jhony Brito,Brito,6.3076923076923075,26,6200,SD@STL,SD,STL,IL,Forearm,,,,P
118876-165546,P,Ty,Ty Madden,Madden,13.142857142857142,7,6200,TOR@DET,DET,TOR,IL,Shoulder,,,,P
118876-165600,P,Jake,Jake Eder,Eder,8.75,8,6200,SEA@LAA,LAA,SEA,,,,,,P
118876-102394,P,Luis,Luis Patino,Patino,0,1,6200,SD@STL,SD,STL,,,,,,P
118876-104584,P,Zach,Zach Plesac,Plesac,9.333333333333334,3,6100,SD@STL,STL,SD,,,,,,P
118876-165720,P,Ricky,Ricky Tiedemann,Tiedemann,,0,6000,TOR@DET,TOR,DET,IL,Elbow,,,,P
118876-68505,P,Carson,Carson Fulmer,Fulmer,7,4,6000,SEA@LAA,LAA,SEA,,,,,,P
118876-178306,P,Bryan,Bryan Hoeing,Hoeing,5.142857142857143,7,5900,SD@STL,SD,STL,,,,,,P
118876-197907,P,Brady,Brady Basso,Basso,14.857142857142858,7,5900,ATH@HOU,ATH,HOU,IL,Shoulder,,,,P
118876-161167,P,Glenn,Glenn Otto,Otto,0,1,5900,ATH@HOU,HOU,ATH,IL,Shoulder,,,,P
118876-203266,P,Jake,Jake Bloss,Bloss,13.666666666666666,3,5900,TOR@DET,TOR,DET,IL,Elbow,,,,P
118876-181832,P,Roddery,Roddery Munoz,Munoz,3.8333333333333335,6,5900,SD@STL,STL,SD,,,,,,P
118876-181845,P,Drew,Drew Rom,Rom,0,2,5900,SD@STL,STL,SD,IL,Undisclosed,,,,P
118876-169742,P,Tyler,Tyler Holton,Holton,6.023809523809524,43,5900,TOR@DET,DET,TOR,,,,,,P
118876-158858,P,Justin,Justin Bruihl,Bruihl,5,9,5800,TOR@DET,TOR,DET,,,,,,P
118876-135208,P,Shawn,Shawn Dubin,Dubin,6.555555555555555,18,5700,ATH@HOU,HOU,ATH,IL,Forearm,,,,P
118876-119423,P,Zack,Zack Thompson,Thompson,11.4,7,5700,SD@STL,STL,SD,IL,Lat,,,,P
118876-213867,P,Blas,Blas Castano,Castano,3,1,5700,SEA@LAA,SEA,LAA,,,,,,P
118876-226310,P,Jose,Jose Fermin,Fermin,4.857142857142857,21,5500,SEA@LAA,LAA,SEA,,,,,,P
118876-171020,P,Michael,Michael Kelly,Kelly,5.142857142857143,14,5500,ATH@HOU,ATH,HOU,,,,,,P
118876-135191,P,Josh,Josh Fleming,Fleming,4.541666666666667,25,5500,SEA@LAA,SEA,LAA,,,,,,P
118876-102426,P,Adam,Adam Kloffenstein,Kloffenstein,3,1,5500,TOR@DET,TOR,DET,,,,,,P
118876-189470,P,Kyle,Kyle Leahy,Leahy,6.675,40,5500,SD@STL,STL,SD,,,,,,P
118876-102428,P,Eric,Eric Pardinho,Pardinho,,0,5500,TOR@DET,TOR,DET,IL,Undisclosed,,,,P
118876-82974,P,Tanner,Tanner Rainey,Rainey,2.3,11,5500,TOR@DET,DET,TOR,,,,,,P
118876-102448,P,Brenan,Brenan Hanifee,Hanifee,4.880952380952381,42,5500,TOR@DET,DET,TOR,,,,,,P
118876-135226,P,Wes,Wes Benjamin,Benjamin,,0,5500,SD@STL,SD,STL,,,,,,P
118876-172092,P,Garrett,Garrett Hill,Hill,0,1,5500,SEA@LAA,SEA,LAA,,,,,,P
118876-104512,P,Geoff,Geoff Hartlieb,Hartlieb,-1,2,5500,TOR@DET,DET,TOR,,,,,,P
118876-102469,P,Ben,Ben Bowden,Bowden,,0,5500,ATH@HOU,ATH,HOU,,,,,,P
118876-169030,P,Zach,Zach Jackson,Jackson,,0,5500,ATH@HOU,ATH,HOU,,,,,,P
118876-102479,P,Lincoln,Lincoln Henzman,Henzman,,0,5500,ATH@HOU,ATH,HOU,,,,,,P
118876-203863,P,Gordon,Gordon Graceffo,Graceffo,8.923076923076923,13,5500,SD@STL,STL,SD,,,,,,P
118876-102489,P,Carlos,Carlos Hernandez,Hernandez,4.057142857142857,36,5500,TOR@DET,DET,TOR,,,,,,P
118876-135256,P,Connor,Connor Brogdon,Brogdon,4.8,26,5500,SEA@LAA,LAA,SEA,,,,,,P
118876-189529,P,Alek,Alek Jacob,Jacob,3.6956521739130435,23,5500,SD@STL,SD,STL,,,,,,P
118876-195681,P,Jose,Jose Espada,Espada,,0,5500,SD@STL,SD,STL,,,,,,P
118876-102501,P,Braydon,Braydon Fisher,Fisher,6.814814814814815,28,5500,TOR@DET,TOR,DET,,,,,,P
118876-226411,P,David,David Morgan,Morgan,6.947368421052632,20,5500,SD@STL,SD,STL,,,,,,P
118876-54403,P,Trevor,Trevor Gott,Gott,0,1,5500,SEA@LAA,SEA,LAA,,,,,,P
118876-187521,P,Joe,Joe Jacques,Jacques,3,2,5500,SEA@LAA,SEA,LAA,,,,,,P
118876-116868,P,Gabe,Gabe Speier,Speier,5.533333333333333,45,5500,SEA@LAA,SEA,LAA,,,,,,P
118876-135303,P,Jordan,Jordan Weems,Weems,1.5,2,5500,ATH@HOU,HOU,ATH,,,,,,P
118876-135304,P,Tyler,Tyler Baum,Baum,,0,5500,ATH@HOU,ATH,HOU,,,,,,P
118876-73866,P,Wandy,Wandy Peralta,Peralta,5.088888888888889,45,5500,SD@STL,SD,STL,,,,,,P
118876-73869,P,Joe,Joe Mantiply,Mantiply,0.2,10,5500,TOR@DET,TOR,DET,,,,,,P
118876-135313,P,Nick,Nick Sandlin,Sandlin,4.473684210526316,19,5500,TOR@DET,TOR,DET,IL,Elbow,,,,P
118876-102549,P,Andres,Andres Munoz,Munoz,6.769230769230769,39,5500,SEA@LAA,SEA,LAA,,,,,,P
118876-21653,P,Hector,Hector Neris,Neris,4.2,28,5500,ATH@HOU,HOU,ATH,,,,,,P
118876-102558,P,Gregory,Gregory Santos,Santos,1.875,8,5500,SEA@LAA,SEA,LAA,IL,Knee,,,,P
118876-12452,P,Kenley,Kenley Jansen,Jansen,5.162162162162162,39,5500,SEA@LAA,LAA,SEA,,,,,,P
118876-195748,P,Kelvin,Kelvin Caceres,Caceres,0,2,5500,SEA@LAA,LAA,SEA,,,,,,P
118876-140459,P,John,John King,King,3.275,40,5500,SD@STL,STL,SD,,,,,,P
118876-102570,P,Sandy,Sandy Gaston,Gaston,,0,5500,SEA@LAA,LAA,SEA,,,,,,P
118876-145591,P,Eduard,Eduard Bazardo,Bazardo,6.022222222222222,45,5500,SEA@LAA,SEA,LAA,,,,,,P
118876-102587,P,Jordan,Jordan Balazovic,Balazovic,,0,5500,TOR@DET,DET,TOR,,,,,,P
118876-145593,P,Carlos,Carlos Vargas,Vargas,4.568181818181818,44,5500,SEA@LAA,SEA,LAA,,,,,,P
118876-135358,P,Dylan,Dylan File,File,,0,5500,SEA@LAA,SEA,LAA,,,,,,P
118876-21707,P,Michael,Michael Mariot,Mariot,,0,5500,SEA@LAA,SEA,LAA,,,,,,P
118876-194770,P,Nick,Nick Hernandez,Hernandez,3,2,5500,ATH@HOU,HOU,ATH,,,,,,P
118876-209116,P,Troy,Troy Taylor,Taylor,-0.14285714285714285,8,5500,SEA@LAA,SEA,LAA,,,,,,P
118876-104672,P,Devin,Devin Smeltzer,Smeltzer,0,2,5500,TOR@DET,DET,TOR,,,,,,P
118876-152806,P,Jason,Jason Foley,Foley,4.044776119402985,70,5500,TOR@DET,DET,TOR,IL,Shoulder,,,,P
118876-60656,P,Jeff,Jeff Hoffman,Hoffman,6.155555555555556,45,5500,TOR@DET,TOR,DET,,,,,,P
118876-198915,P,Luis,Luis Morales,Morales,,0,5500,ATH@HOU,ATH,HOU,,,,,,P
118876-146688,P,Alex,Alex Santos II,Santos II,,0,5500,ATH@HOU,HOU,ATH,,,,,,P
118876-197888,P,Bailey,Bailey Horn,Horn,4.666666666666667,3,5500,TOR@DET,DET,TOR,,,,,,P
118876-85255,P,Shaun,Shaun Anderson,Anderson,6.833333333333333,6,5500,SEA@LAA,LAA,SEA,,,,,,P
118876-85263,P,CD,CD Pelham,Pelham,,0,5500,ATH@HOU,ATH,HOU,,,,,,P
118876-197910,P,Wilmer,Wilmer Flores,Flores,0,1,5500,TOR@DET,DET,TOR,IL,Shoulder,,,,P
118876-65817,P,Scott,Scott McGough,McGough,3.5,7,5500,ATH@HOU,ATH,HOU,,,,,,P
118876-198936,P,Tekoah,Tekoah Roby,Roby,,0,5500,SD@STL,STL,SD,IL,Undisclosed,,,,P
118876-197916,P,Anthony,Anthony Maldonado,Maldonado,2.5,6,5500,ATH@HOU,ATH,HOU,,,,,,P
118876-83232,P,Jason,Jason Adam,Adam,6.326530612244898,49,5500,SD@STL,SD,STL,,,,,,P
118876-146734,P,Tink,Tink Hence,Hence,,0,5500,SD@STL,STL,SD,IL,Undisclosed,,,,P
118876-146732,P,Nick,Nick Swiney,Swiney,,0,5500,ATH@HOU,HOU,ATH,,,,,,P
118876-157997,P,Sean,Sean Guenther,Guenther,4.111111111111111,9,5500,TOR@DET,DET,TOR,IL,Hip,,,,P
118876-146740,P,CJ,CJ Van Eyk,Van Eyk,,0,5500,TOR@DET,TOR,DET,,,,,,P
118876-185662,P,Sammy,Sammy Peralta,Peralta,6,9,5500,SEA@LAA,LAA,SEA,,,,,,P
118876-38217,P,Tommy,Tommy Kahnle,Kahnle,4.230769230769231,42,5500,TOR@DET,DET,TOR,,,,,,P
118876-228682,P,Eduarniel,Eduarniel Nunez,Nunez,3.5,4,5500,SD@STL,SD,STL,,,,,,P
118876-226643,P,AJ,AJ Blubaugh,Blubaugh,24,1,5500,ATH@HOU,HOU,ATH,,,,,,P
118876-79184,P,Thomas,Thomas Szapucki,Szapucki,0,2,5500,TOR@DET,DET,TOR,,,,,,P
118876-197975,P,Cooper,Cooper Hjerpe,Hjerpe,,0,5500,SD@STL,STL,SD,IL,Elbow,,,,P
118876-118106,P,Victor,Victor Gonzalez,Gonzalez,3.1481481481481484,27,5500,SEA@LAA,LAA,SEA,,,,,,P
118876-135525,P,Adam,Adam Seminaris,Seminaris,,0,5500,SEA@LAA,SEA,LAA,,,,,,P
118876-38251,P,Hunter,Hunter Strickland,Strickland,4.7368421052631575,19,5500,SEA@LAA,LAA,SEA,IL,Shoulder,,,,P
118876-118122,P,Angel,Angel Perdomo,Perdomo,2.5,4,5500,ATH@HOU,ATH,HOU,IL,Undisclosed,,,,P
118876-153961,P,Tayler,Tayler Saucedo,Saucedo,2.8,5,5500,SEA@LAA,SEA,LAA,,,,,,P
118876-79220,P,Kevin,Kevin Gowdy,Gowdy,,0,5500,TOR@DET,TOR,DET,,,,,,P
118876-159099,P,Connor,Connor Overton,Overton,0,2,5500,TOR@DET,TOR,DET,,,,,,P
118876-79227,P,Adrian,Adrian Morejon,Morejon,6.0625,49,5500,SD@STL,SD,STL,,,,,,P
118876-225666,P,Paxton,Paxton Schultz,Schultz,9.666666666666666,12,5500,TOR@DET,TOR,DET,IL,Finger,,,,P
118876-225665,P,Sauryn,Sauryn Lao,Lao,14,1,5500,SEA@LAA,SEA,LAA,,,,,,P
118876-181664,P,Sean,Sean Reynolds,Reynolds,6.117647058823529,17,5500,SD@STL,SD,STL,,,,,,P
118876-101816,P,Bryan,Bryan Abreu,Abreu,7.7272727272727275,45,5500,ATH@HOU,HOU,ATH,,,,,,P
118876-101825,P,Jose,Jose Quijada,Quijada,5.5,22,5500,SEA@LAA,LAA,SEA,,,,,,P
118876-101826,P,Jordan,Jordan Holloway,Holloway,,0,5500,SEA@LAA,LAA,SEA,,,,,,P
118876-228800,P,Lazaro,Lazaro Estrada,Estrada,21,1,5500,TOR@DET,TOR,DET,,,,,,P
118876-101851,P,Brock,Brock Burke,Burke,4.25,48,5500,SEA@LAA,LAA,SEA,,,,,,P
118876-101855,P,Trent,Trent Thornton,Thornton,4.806451612903226,31,5500,SEA@LAA,SEA,LAA,,,,,,P
118876-145918,P,Will,Will Vest,Vest,6.829268292682927,41,5500,TOR@DET,DET,TOR,,,,,,P
118876-219658,P,Jack,Jack Dashwood,Dashwood,,0,5500,SEA@LAA,LAA,SEA,,,,,,P
118876-95757,P,Andrew,Andrew Vasquez,Vasquez,,0,5500,SEA@LAA,LAA,SEA,,,,,,P
118876-138767,P,Jesus,Jesus Cruz,Cruz,,0,5500,SEA@LAA,LAA,SEA,,,,,,P
118876-219665,P,Matt,Matt Svanson,Svanson,7.588235294117647,17,5500,SD@STL,STL,SD,,,,,,P
118876-71190,P,Jose,Jose Leclerc,Leclerc,3.3,10,5500,ATH@HOU,ATH,HOU,IL,Lat,,,,P
118876-170527,P,Jason,Jason Alexander,Alexander,7.666666666666667,6,5500,ATH@HOU,HOU,ATH,,,,Yes,,P
118876-119328,P,Packy,Packy Naughton,Naughton,0,2,5500,SD@STL,STL,SD,IL,Elbow,,,,P
118876-181796,P,Blair,Blair Calvo,Calvo,,0,5500,TOR@DET,DET,TOR,,,,,,P
118876-210475,P,Ryan,Ryan Zeferjahn,Zeferjahn,5.121951219512195,42,5500,SEA@LAA,LAA,SEA,,,,,,P
118876-119339,P,Tyler,Tyler Ivey,Ivey,,0,5500,ATH@HOU,HOU,ATH,,,,,,P
118876-228913,P,PJ,PJ Poulin,Poulin,,0,5500,TOR@DET,DET,TOR,,,,,,P
118876-181816,P,Casey,Casey Legumina,Legumina,5.416666666666667,37,5500,SEA@LAA,SEA,LAA,,,,,,P
118876-219723,P,Omar,Omar Cruz,Cruz,10,2,5500,SD@STL,SD,STL,,,,,,P
118876-219725,P,Henry,Henry Baez,Baez,,0,5500,SD@STL,SD,STL,,,,,,P
118876-219730,P,Chase,Chase Lee,Lee,6.433333333333334,30,5500,TOR@DET,DET,TOR,,,,,,P
118876-219729,P,Tyler,Tyler Mattison,Mattison,,0,5500,TOR@DET,DET,TOR,,,,,,P
118876-219728,P,Tyler,Tyler Owens,Owens,3,3,5500,TOR@DET,DET,TOR,,,,,,P
118876-150107,P,Tommy,Tommy Nance,Nance,8.666666666666666,3,5500,TOR@DET,TOR,DET,,,,,,P
118876-222814,P,Trey,Trey Yesavage,Yesavage,,0,5500,TOR@DET,TOR,DET,,,,,,P
118876-222812,P,Jaden,Jaden Hamm,Hamm,,0,5500,TOR@DET,DET,TOR,IL,Undisclosed,,,,P
118876-85600,P,Ryan,Ryan Burr,Burr,10.5,2,5500,TOR@DET,TOR,DET,IL,Shoulder,,,,P
118876-162419,P,Matt,Matt Brash,Brash,5.37037037037037,27,5500,SEA@LAA,SEA,LAA,,,,,,P
118876-222834,P,Quinn,Quinn Mathews,Mathews,,0,5500,SD@STL,STL,SD,,,,,,P
118876-156272,P,Reiss,Reiss Knehr,Knehr,0,1,5500,SD@STL,SD,STL,,,,,,P
118876-180848,P,Angel,Angel Felipe,Felipe,0,2,5500,SEA@LAA,LAA,SEA,,,,,,P
118876-226929,P,Bradgley,Bradgley Rodriguez,Rodriguez,8,1,5500,SD@STL,SD,STL,,,,,,P
118876-82549,P,Brendon,Brendon Little,Little,7.23404255319149,48,5500,TOR@DET,TOR,DET,,,,,,P
118876-82548,P,Alex,Alex Lange,Lange,4.380952380952381,21,5500,TOR@DET,DET,TOR,IL,Lat,,,,P
118876-222843,P,Jurrangelo,Jurrangelo Cijntje,Cijntje,,0,5500,SEA@LAA,SEA,LAA,,,,,,P
118876-110219,P,Sean,Sean Poppen,Poppen,,0,5500,SEA@LAA,LAA,SEA,,,,,,P
118876-119435,P,Riley,Riley O'Brien,O'Brien,7.157894736842105,19,5500,SD@STL,STL,SD,,,,,,P
118876-203415,P,Bryan,Bryan King,King,5.674418604651163,43,5500,ATH@HOU,HOU,ATH,,,,,,P
118876-220822,P,Elvis,Elvis Alvarado,Alvarado,6.75,12,5500,ATH@HOU,ATH,HOU,,,,,,P
118876-52887,P,Tyler,Tyler Matzek,Matzek,4.428571428571429,7,5500,SD@STL,STL,SD,IL,Undisclosed,,,,P
118876-119451,P,Matt,Matt Cronin,Cronin,,0,5500,SEA@LAA,SEA,LAA,IL,Undisclosed,,,,P
118876-165534,P,Norge,Norge Vera,Vera,,0,5500,ATH@HOU,ATH,HOU,,,,,,P
118876-203420,P,Austin,Austin Kitchen,Kitchen,0,4,5500,SEA@LAA,SEA,LAA,,,,,,P
118876-202402,P,Justin,Justin Sterner,Sterner,5.142857142857143,36,5500,ATH@HOU,ATH,HOU,,,,,,P
118876-222881,P,Ryan,Ryan Johnson,Johnson,4.769230769230769,14,5500,SEA@LAA,LAA,SEA,,,,,,P
118876-38563,P,Yimi,Yimi Garcia,Garcia,5.318181818181818,22,5500,TOR@DET,TOR,DET,IL,Ankle,,,,P
118876-169636,P,Beau,Beau Brieske,Brieske,3.272727272727273,22,5500,TOR@DET,DET,TOR,IL,Undisclosed,,,,P
118876-220836,P,Angel,Angel Bastardo,Bastardo,,0,5500,TOR@DET,TOR,DET,IL,Elbow,,,,P
118876-226980,P,Andre,Andre Granillo,Granillo,6.166666666666667,6,5500,SD@STL,STL,SD,,,,,,P
118876-84651,P,Austin,Austin Davis,Davis,2.5714285714285716,7,5500,SD@STL,SD,STL,,,,,,P
118876-222898,P,Mason,Mason Fluharty,Fluharty,5.057142857142857,38,5500,TOR@DET,TOR,DET,,,,,,P
118876-165553,P,Dylan,Dylan Smith,Smith,7.285714285714286,7,5500,TOR@DET,DET,TOR,IL,Undisclosed,,,,P
118876-80571,P,Phil,Phil Maton,Maton,5.947368421052632,38,5500,SD@STL,STL,SD,,,,,,P
118876-165570,P,Ben,Ben Hernandez,Hernandez,,0,5500,SEA@LAA,SEA,LAA,,,,,,P
118876-82627,P,JoJo,JoJo Romero,Romero,4.684210526315789,38,5500,SD@STL,STL,SD,,,,,,P
118876-165577,P,Sam,Sam Bachman,Bachman,4.714285714285714,15,5500,SEA@LAA,LAA,SEA,,,,,,P
118876-165582,P,Robinson,Robinson Pina,Pina,2,2,5500,TOR@DET,TOR,DET,,,,,,P
118876-82639,P,Ryan,Ryan Helsley,Helsley,5.735294117647059,34,5500,SD@STL,STL,SD,,,,,,P
118876-222930,P,Logan,Logan VanWey,VanWey,3.2857142857142856,7,5500,ATH@HOU,HOU,ATH,,,,,,P
118876-198357,P,Ryan,Ryan Fernandez,Fernandez,1.4,11,5500,SD@STL,STL,SD,,,,,,P
118876-165594,P,Carlos,Carlos Duran,Duran,-8,1,5500,ATH@HOU,ATH,HOU,,,,,,P
118876-229084,P,Brandyn,Brandyn Garcia,Garcia,3,2,5500,SEA@LAA,SEA,LAA,,,,,,P
118876-14049,P,Bryan,Bryan Shaw,Shaw,2.4,5,5500,SEA@LAA,SEA,LAA,,,,,,P
118876-187110,P,Ben,Ben Joyce,Joyce,2.6,5,5500,SEA@LAA,LAA,SEA,IL,Shoulder,,,,P
118876-228077,P,Jack,Jack Perkins,Perkins,14.333333333333334,6,5500,ATH@HOU,ATH,HOU,,,,,,P
118876-201456,P,Chris,Chris Roycroft,Roycroft,3,14,5500,SD@STL,STL,SD,,,,,,P
118876-165642,P,Mason,Mason Miller,Miller,6.583333333333333,36,5500,ATH@HOU,ATH,HOU,,,,,,P
118876-161545,P,Kaleb,Kaleb Ort,Ort,4.333333333333333,30,5500,ATH@HOU,HOU,ATH,,,,,,P
118876-165650,P,Grant,Grant Holman,Holman,5,22,5500,ATH@HOU,ATH,HOU,IL,Shoulder,,,,P
118876-165649,P,Colin,Colin Peluse,Peluse,,0,5500,ATH@HOU,ATH,HOU,,,,,,P
118876-201506,P,Tyler,Tyler Ferguson,Ferguson,3.8333333333333335,36,5500,ATH@HOU,ATH,HOU,,,,,,P
118876-165671,P,Victor,Victor Lizarraga,Lizarraga,,0,5500,SD@STL,SD,STL,,,,,,P
118876-199461,P,Luis,Luis Contreras,Contreras,4.285714285714286,7,5500,ATH@HOU,HOU,ATH,,,,,,P
118876-165674,P,Adam,Adam Macko,Macko,0,1,5500,TOR@DET,TOR,DET,,,,,,P
118876-135976,P,Bennett,Bennett Sousa,Sousa,7.5588235294117645,34,5500,ATH@HOU,HOU,ATH,,,,,,P
118876-165682,P,Michael,Michael Morales,Morales,,0,5500,SEA@LAA,SEA,LAA,,,,,,P
118876-53043,P,Jesse,Jesse Hahn,Hahn,5,3,5500,SEA@LAA,SEA,LAA,,,,,,P
118876-103218,P,Nick,Nick Margevicius,Margevicius,,0,5500,TOR@DET,DET,TOR,,,,,,P
118876-165684,P,Matt,Matt Mikulski,Mikulski,,0,5500,ATH@HOU,HOU,ATH,,,,,,P
118876-165695,P,Edwin,Edwin Nunez,Nunez,,0,5500,SD@STL,STL,SD,,,,,,P
118876-165696,P,Ian,Ian Bedell,Bedell,,0,5500,SD@STL,STL,SD,,,,,,P
118876-70482,P,J.B.,J.B. Wendelken,Wendelken,,0,5500,SD@STL,SD,STL,,,,,,P
118876-165719,P,Irv,Irv Carter,Carter,,0,5500,TOR@DET,TOR,DET,,,,,,P
118876-165716,P,Sem,Sem Robberse,Robberse,0,2,5500,SD@STL,STL,SD,IL,Elbow,,,,P
118876-165722,P,Chad,Chad Dallas,Dallas,,0,5500,TOR@DET,TOR,DET,IL,Undisclosed,,,,P
118876-108380,P,Tayler,Tayler Scott,Scott,4.130434782608695,23,5500,ATH@HOU,HOU,ATH,,,,,,P
118876-228189,P,Juan,Juan Burgos,Burgos,8.75,4,5500,SEA@LAA,SEA,LAA,,,,,,P
118876-183133,P,Curtis,Curtis Taylor,Taylor,,0,5500,SD@STL,STL,SD,,,,,,P
118876-163687,P,Ron,Ron Marinaccio,Marinaccio,7.5625,16,5500,SD@STL,SD,STL,,,,,,P
118876-163688,P,Collin,Collin Snider,Snider,4.791666666666667,24,5500,SEA@LAA,SEA,LAA,IL,Forearm,,,,P
118876-189299,P,Victor,Victor Mederos,Mederos,9,2,5500,SEA@LAA,LAA,SEA,,,,,,P
118876-68466,P,Steven,Steven Okert,Okert,6.238095238095238,42,5500,ATH@HOU,HOU,ATH,,,,,,P
118876-163697,P,Hagen,Hagen Danner,Danner,0,1,5500,SEA@LAA,SEA,LAA,,,,,,P
118876-70517,P,Chad,Chad Green,Green,4.428571428571429,42,5500,TOR@DET,TOR,DET,,,,,,P
118876-163702,P,Logan,Logan Gillaspie,Gillaspie,9,3,5500,SD@STL,SD,STL,,,,,,P
118876-163707,P,Freddy,Freddy Pacheco,Pacheco,,0,5500,TOR@DET,DET,TOR,,,,,,P
118876-68474,P,Josh,Josh Hader,Hader,7.8604651162790695,43,5500,ATH@HOU,HOU,ATH,,,,,,P
118876-210813,P,Ryan,Ryan Miller,Miller,4.153846153846154,13,5500,TOR@DET,DET,TOR,,,,,,P
118876-170889,P,Aneurys,Aneurys Zabala,Zabala,,0,5500,TOR@DET,DET,TOR,,,,,,P
118876-68510,P,Amir,Amir Garrett,Garrett,6.666666666666667,8,5500,TOR@DET,TOR,DET,,,,,,P
118876-52152,P,Robert,Robert Stephenson,Stephenson,9,2,5500,SEA@LAA,LAA,SEA,IL,Biceps,,,,P
118876-179129,P,Jeremiah,Jeremiah Estrada,Estrada,6.319148936170213,48,5500,SD@STL,SD,STL,,,,,,P
118876-102332,P,Jackson,Jackson Kowar,Kowar,7.142857142857143,7,5500,SEA@LAA,SEA,LAA,,,,,,P
118876-163782,P,Robert,Robert Suarez,Suarez,5.0227272727272725,44,5500,SD@STL,SD,STL,,,,,,P
118876-68556,P,Dillon,Dillon Tate,Tate,5.6,5,5500,TOR@DET,TOR,DET,,,,,,P
118876-198619,P,Yuki,Yuki Matsui,Matsui,4.7631578947368425,40,5500,SD@STL,SD,STL,,,,,,P
118876-70629,P,Jacob,Jacob Barnes,Barnes,2.5,6,5500,TOR@DET,TOR,DET,,,,,,P
118876-187367,P,Nick,Nick Robertson,Robertson,7.111111111111111,9,5500,ATH@HOU,HOU,ATH,,,,,,P
118876-202726,P,Michel,Michel Otanez,Otanez,2,6,5500,ATH@HOU,ATH,HOU,IL,Undisclosed,,,,P
118876-102375,P,Luis,Luis Medina,Medina,20.375,8,5500,ATH@HOU,ATH,HOU,IL,Elbow,,,,P
118876-82921,P,Zack,Zack Weiss,Weiss,0,1,5500,SD@STL,STL,SD,,,,,,P
118876-198655,P,Woo-Suk,Woo-Suk Go,Go,,0,5500,TOR@DET,DET,TOR,,,,,,P
118876-102554,C,Cal,Cal Raleigh,Raleigh,14.708080561474116,99,4500,SEA@LAA,SEA,LAA,,,,,,C/1B/UTIL
118876-222794,1B,Nick,Nick Kurtz,Kurtz,12.746874809265137,64,3900,ATH@HOU,ATH,HOU,,,,,,C/1B/UTIL
118876-79393,OF,Fernando,Fernando Tatis Jr.,Tatis Jr.,11.654000244140626,100,3800,SD@STL,SD,STL,,,,,,OF/UTIL
118876-16983,OF,George,George Springer,Springer,11.380208333333334,96,3700,TOR@DET,TOR,DET,,,,,,OF/UTIL
118876-79273,1B,Vladimir,Vladimir Guerrero Jr.,Guerrero Jr.,11.02800048828125,100,3600,TOR@DET,TOR,DET,,,,,,C/1B/UTIL
118876-13929,3B,Manny,Manny Machado,Machado,11.151960784313726,102,3600,SD@STL,SD,STL,,,,,,3B/UTIL
118876-21887,C/1B,Willson,Willson Contreras,Contreras,10.229896781370812,97,3500,SD@STL,STL,SD,,,,,,C/1B/UTIL
118876-185300,SS,Zach,Zach Neto,Neto,11.86144578313253,83,3500,SEA@LAA,LAA,SEA,,,,,,SS/UTIL
118876-85261,OF,Randy,Randy Arozarena,Arozarena,11.45699951171875,100,3400,SEA@LAA,SEA,LAA,,,,,,OF/UTIL
118876-79151,OF,Taylor,Taylor Ward,Ward,11.53199951171875,100,3400,SEA@LAA,LAA,SEA,,,,,,OF/UTIL
118876-119420,C,Ivan,Ivan Herrera,Herrera,11.12040866151148,49,3400,SD@STL,STL,SD,,,,,,C/1B/UTIL
118876-82612,OF,Brent,Brent Rooker,Rooker,11.23846200796274,104,3400,ATH@HOU,ATH,HOU,,,,,,OF/UTIL
118876-135203,1B,Spencer,Spencer Torkelson,Torkelson,10.998969323856315,97,3300,TOR@DET,DET,TOR,,,,,,C/1B/UTIL
118876-119343,OF,Riley,Riley Greene,Greene,11.57300048828125,100,3300,TOR@DET,DET,TOR,,,,,,OF/UTIL
118876-12933,OF,Mike,Mike Trout,Trout,11.019736842105264,76,3300,SEA@LAA,LAA,SEA,,,,,,OF/UTIL
118876-102400,OF,Julio,Julio Rodriguez,Rodriguez,11.133663366336634,101,3200,SEA@LAA,SEA,LAA,,,,,,OF/UTIL
118876-193598,1B,Nolan,Nolan Schanuel,Schanuel,9.33775485291773,98,3200,SEA@LAA,LAA,SEA,,,,,,C/1B/UTIL
118876-82654,SS,Bo,Bo Bichette,Bichette,10.334343187736742,99,3200,TOR@DET,TOR,DET,,,,,,SS/UTIL
118876-165666,OF,Jackson,Jackson Merrill,Merrill,9.314492930536685,69,3200,SD@STL,SD,STL,,,,,,OF/UTIL
118876-68588,2B,Gleyber,Gleyber Torres,Torres,10.29888916015625,90,3200,TOR@DET,DET,TOR,,,,,,2B/UTIL
118876-37982,SS/2B,Xander,Xander Bogaerts,Bogaerts,8.900999755859376,100,3100,SD@STL,SD,STL,,,,,,2B/SS/UTIL
118876-135366,SS,Masyn,Masyn Winn,Winn,9.147253015539148,91,3100,SD@STL,STL,SD,,,,,,SS/UTIL
118876-13719,3B,Nolan,Nolan Arenado,Arenado,8.463333468967013,90,3100,SD@STL,STL,SD,,,,,,3B/UTIL
118876-119345,SS,Jeremy,Jeremy Pena,Pena,11.446341165682165,82,3100,ATH@HOU,HOU,ATH,IL,Ribs,,,,SS/UTIL
118876-82569,1B/OF,Gavin,Gavin Sheets,Sheets,8.509183922592474,98,3100,SD@STL,SD,STL,,,,,,C/1B/OF/UTIL
118876-82580,OF,Jo,Jo Adell,Adell,9.416841848273027,95,3100,SEA@LAA,LAA,SEA,,,,,,OF/UTIL
118876-14562,2B/OF,Jose,Jose Altuve,Altuve,10.545918367346939,98,3000,ATH@HOU,HOU,ATH,,,,,,2B/OF/UTIL
118876-101827,1B/2B,Luis,Luis Arraez,Arraez,8.467708587646484,96,3000,SD@STL,SD,STL,,,,,,C/1B/2B/UTIL
118876-118210,1B/2B,Jake,Jake Cronenworth,Cronenworth,8.307792366325081,77,3000,SD@STL,SD,STL,,,,,,C/1B/2B/UTIL
118876-181795,OF,Lawrence,Lawrence Butler,Butler,10.411110617897727,99,3000,ATH@HOU,ATH,HOU,,,,,,OF/UTIL
118876-176691,OF,Kerry,Kerry Carpenter,Carpenter,8.615384615384615,78,3000,TOR@DET,DET,TOR,IL,Hamstring,,,,OF/UTIL
118876-82574,3B,Isaac,Isaac Paredes,Paredes,10.651063959649269,94,3000,ATH@HOU,HOU,ATH,IL,Hamstring,,,,3B/UTIL
118876-165693,OF/1B,Alec,Alec Burleson,Burleson,8.687911819625686,91,3000,SD@STL,STL,SD,,,,,,C/1B/OF/UTIL
118876-163706,3B/2B/SS/OF,Brendan,Brendan Donovan,Donovan,9.598947625411185,95,3000,SD@STL,STL,SD,,,,,,2B/3B/SS/OF/UTIL
118876-154711,OF,Lars,Lars Nootbaar,Nootbaar,9.664772727272727,88,2900,SD@STL,STL,SD,IL,Ribs,,,,OF/UTIL
118876-135260,C,Logan,Logan O'Hoppe,O'Hoppe,8.314633997475228,82,2900,SEA@LAA,LAA,SEA,,,,,,C/1B/UTIL
118876-61553,3B,Yoan,Yoan Moncada,Moncada,9.851282364282852,39,2900,SEA@LAA,LAA,SEA,,,,,,3B/UTIL
118876-135298,1B/OF,Tyler,Tyler Soderstrom,Soderstrom,9.9291263321071,103,2900,ATH@HOU,ATH,HOU,,,,,,C/1B/OF/UTIL
118876-38218,1B,Christian,Christian Walker,Walker,8.729166666666666,96,2900,ATH@HOU,HOU,ATH,,,,,,C/1B/UTIL
118876-118218,SS/3B/2B/OF,Zach,Zach McKinstry,McKinstry,9.56170199779754,94,2900,TOR@DET,DET,TOR,,,,,,2B/3B/SS/OF/UTIL
118876-119303,C,Shea,Shea Langeliers,Langeliers,9.554167005750868,72,2900,ATH@HOU,ATH,HOU,,,,,,C/1B/UTIL
118876-23107,OF,Jorge,Jorge Soler,Soler,7.709756246427211,82,2900,SEA@LAA,LAA,SEA,DTD,Back,,,,OF/UTIL
118876-82533,OF,Daulton,Daulton Varsho,Varsho,11.908332824707031,24,2900,TOR@DET,TOR,DET,IL,Hamstring,,,,OF/UTIL
118876-82575,OF,Yordan,Yordan Alvarez,Alvarez,8.324137720568427,29,2900,ATH@HOU,HOU,ATH,IL,Hand,,,,OF/UTIL
118876-119444,C,Alejandro,Alejandro Kirk,Kirk,8.318604935047238,86,2900,TOR@DET,TOR,DET,,,,,,C/1B/UTIL
118876-135314,2B/SS/3B/1B,Ernie,Ernie Clement,Clement,7.099000244140625,100,2800,TOR@DET,TOR,DET,,,,,,C/1B/2B/3B/SS/UTIL
118876-198935,OF,Victor,Victor Scott II,Scott II,8.417708079020182,96,2800,SD@STL,STL,SD,,,,,,OF/UTIL
118876-21874,2B/3B,Jorge,Jorge Polanco,Polanco,9.183132677193148,83,2800,SEA@LAA,SEA,LAA,,,,,,2B/3B/UTIL
118876-119341,OF,Wenceel,Wenceel Perez,Perez,9.127272865988992,44,2800,TOR@DET,DET,TOR,,,,,,OF/UTIL
118876-181830,3B/OF,Addison,Addison Barger,Barger,9.925641182141426,78,2800,TOR@DET,TOR,DET,,,,,,3B/OF/UTIL
118876-222846,OF,Cam,Cam Smith,Smith,8.815908952192826,88,2800,ATH@HOU,HOU,ATH,,,,,,OF/UTIL
118876-206482,SS,Jacob,Jacob Wilson,Wilson,9.529032389322916,93,2800,ATH@HOU,ATH,HOU,,,,,,SS/UTIL
118876-80848,C,Victor,Victor Caratini,Caratini,8.065277947319878,72,2800,ATH@HOU,HOU,ATH,,,,,,C/1B/UTIL
118876-52179,SS,J.P.,J.P. Crawford,Crawford,9.131313131313131,99,2800,SEA@LAA,SEA,LAA,,,,,,SS/UTIL
118876-102415,2B/3B,Nolan,Nolan Gorman,Gorman,7.9954547304095644,66,2700,SD@STL,STL,SD,IL,Back,,,,2B/3B/UTIL
118876-135204,C,Dillon,Dillon Dingler,Dingler,7.647368581671464,76,2700,TOR@DET,DET,TOR,,,,,,C/1B/UTIL
118876-135218,OF,Jake,Jake Meyers,Meyers,8.380899150719804,89,2700,ATH@HOU,HOU,ATH,IL,Calf,,,,OF/UTIL
118876-116867,C,Tyler,Tyler Heineman,Heineman,7.994444105360243,36,2700,TOR@DET,TOR,DET,,,,,,C/1B/UTIL
118876-21885,SS/3B/OF,Javier,Javier Baez,Baez,8.362650308264307,83,2700,TOR@DET,DET,TOR,,,,,,3B/SS/OF/UTIL
118876-222845,SS/2B,Brice,Brice Matthews,Matthews,13.142857142857142,7,2700,ATH@HOU,HOU,ATH,,,,,,2B/SS/UTIL
118876-165559,C,Yainer,Yainer Diaz,Diaz,8.120224856258778,89,2700,ATH@HOU,HOU,ATH,,,,,,C/1B/UTIL
118876-102363,OF/1B,Luke,Luke Raley,Raley,7.579166412353516,48,2700,SEA@LAA,SEA,LAA,,,,,,C/1B/OF/UTIL
118876-189530,OF,Dominic,Dominic Canzone,Canzone,8.060000174386161,35,2600,SEA@LAA,SEA,LAA,,,,,,OF/UTIL
118876-135364,OF,Jordan,Jordan Walker,Walker,6.821311575467469,61,2600,SD@STL,STL,SD,,,,,,OF/UTIL
118876-198888,OF,Jacob,Jacob Melton,Melton,7.418181679465554,11,2600,ATH@HOU,HOU,ATH,IL,Ankle,,,,OF/UTIL
118876-197908,C,Pedro,Pedro Pages,Pages,5.944871951372195,78,2600,SD@STL,STL,SD,,,,,,C/1B/UTIL
118876-79181,2B/3B/SS/OF,Mauricio,Mauricio Dubon,Dubon,6.242307614057492,78,2600,ATH@HOU,HOU,ATH,,,,,,2B/3B/SS/OF/UTIL
118876-101753,2B/SS/3B/OF,Dylan,Dylan Moore,Moore,6.118666585286459,75,2600,SEA@LAA,SEA,LAA,,,,,,2B/3B/SS/OF/UTIL
118876-181662,OF,Nathan,Nathan Lukes,Lukes,6.843420731393914,76,2600,TOR@DET,TOR,DET,,,,,,OF/UTIL
118876-165557,1B/2B/3B,Colt,Colt Keith,Keith,7.6109887427026095,91,2600,TOR@DET,DET,TOR,,,,,,C/1B/2B/3B/UTIL
118876-82617,2B,Andres,Andres Gimenez,Gimenez,8.240983806672643,61,2600,TOR@DET,TOR,DET,IL,Ankle,,,,2B/UTIL
118876-13099,C,Travis,Travis d'Arnaud,d'Arnaud,6.8934783935546875,46,2600,SEA@LAA,LAA,SEA,,,,,,C/1B/UTIL
118876-192426,2B/OF,Davis,Davis Schneider,Schneider,6.87368453176398,38,2600,TOR@DET,TOR,DET,,,,,,2B/OF/UTIL
118876-68563,OF,Victor,Victor Robles,Robles,8.609999847412109,10,2600,SEA@LAA,SEA,LAA,IL,Shoulder,,,,OF/UTIL
118876-181596,2B/3B/OF,Jose,Jose Fermin,Fermin,5.581818320534446,11,2500,SD@STL,STL,SD,,,,,,2B/3B/OF/UTIL
118876-79225,3B/2B,Luis,Luis Urias,Urias,6.458666585286458,75,2500,ATH@HOU,ATH,HOU,,,,,,2B/3B/UTIL
118876-201253,OF,Joey,Joey Loperfido,Loperfido,6.581818320534446,11,2500,TOR@DET,TOR,DET,,,,,,OF/UTIL
118876-12919,SS/2B/3B/OF,Jose,Jose Iglesias,Iglesias,5.211111280653212,72,2500,SD@STL,SD,STL,,,,,,2B/3B/SS/OF/UTIL
118876-222860,2B,Christian,Christian Moore,Moore,7.9777781168619795,18,2500,SEA@LAA,LAA,SEA,IL,Thumb,,,,2B/UTIL
118876-81622,C,Mitch,Mitch Garver,Garver,7.079999889026989,55,2500,SEA@LAA,SEA,LAA,,,,,,C/1B/UTIL
118876-165641,SS/2B/3B,Max,Max Muncy,Muncy,6.9135592185844805,59,2500,ATH@HOU,ATH,HOU,IL,Hand,,,,2B/3B/SS/UTIL
118876-163704,OF,Cooper,Cooper Hummel,Hummel,4.826666768391927,30,2500,ATH@HOU,HOU,ATH,,,,,,OF/UTIL
118876-102325,OF,Parker,Parker Meadows,Meadows,6.280555725097656,36,2500,TOR@DET,DET,TOR,,,,,,OF/UTIL
118876-211906,3B/2B/SS,Thomas,Thomas Saggese,Saggese,5.282758515456627,29,2500,SD@STL,STL,SD,,,,,,2B/3B/SS/UTIL
118876-79884,OF,Anthony,Anthony Santander,Santander,6.955999755859375,50,2400,TOR@DET,TOR,DET,IL,Shoulder,,,,OF/UTIL
118876-54307,C,Elias,Elias Diaz,Diaz,4.545000076293945,80,2400,SD@STL,SD,STL,,,,,,C/1B/UTIL
118876-102453,SS/2B/3B,Zack,Zack Short,Short,5.646666463216146,15,2400,ATH@HOU,HOU,ATH,,,,,,2B/3B/SS/UTIL
118876-83191,C,Austin,Austin Wynns,Wynns,7.360526637027138,38,2400,ATH@HOU,ATH,HOU,,,,,,C/1B/UTIL
118876-79153,2B/OF,Jahmai,Jahmai Jones,Jones,5.28999989827474,30,2400,TOR@DET,DET,TOR,,,,,,2B/OF/UTIL
118876-79195,OF/1B/3B,Miguel,Miguel Andujar,Andujar,7.440740514684607,54,2400,ATH@HOU,ATH,HOU,,,,,,C/1B/3B/OF/UTIL
118876-101817,2B/3B/SS,Luis,Luis Rengifo,Rengifo,6.161052503083882,95,2400,SEA@LAA,LAA,SEA,,,,,,2B/3B/SS/UTIL
118876-82556,OF,Taylor,Taylor Trammell,Trammell,7.019999694824219,20,2400,ATH@HOU,HOU,ATH,,,,,,OF/UTIL
118876-82596,C,Jake,Jake Rogers,Rogers,5.727586417362608,29,2400,TOR@DET,DET,TOR,,,,,,C/1B/UTIL
118876-154422,OF/3B,Matt,Matt Vierling,Vierling,5.389473764519942,19,2400,TOR@DET,DET,TOR,,,,,,3B/OF/UTIL
118876-159624,C,Yohel,Yohel Pozo,Pozo,6.168292534060594,41,2400,SD@STL,STL,SD,,,,,,C/1B/UTIL
118876-135216,OF,Chas,Chas McCormick,McCormick,2.7756098305306782,41,2300,ATH@HOU,HOU,ATH,,,,,,OF/UTIL
118876-223299,3B,Ben,Ben Williamson,Williamson,6.217948717948718,78,2300,SEA@LAA,SEA,LAA,,,,,,3B/UTIL
118876-38112,1B/3B,Gio,Gio Urshela,Urshela,5.254545385187322,44,2300,ATH@HOU,ATH,HOU,,,,,,C/1B/3B/UTIL
118876-209179,1B/2B/3B,Will,Will Wagner,Wagner,5.8941174675436585,34,2300,TOR@DET,TOR,DET,,,,,,C/1B/2B/3B/UTIL
118876-101787,1B/OF,LaMonte,LaMonte Wade Jr.,Wade Jr.,4.838961118227475,77,2300,SEA@LAA,LAA,SEA,,,,,,C/1B/OF/UTIL
118876-71217,C,Omar,Omar Narvaez,Narvaez,6.425000190734863,4,2300,ATH@HOU,HOU,ATH,,,,,,C/1B/UTIL
118876-222844,SS/2B,Cole,Cole Young,Young,6.444999694824219,40,2300,SEA@LAA,SEA,LAA,,,,,,2B/SS/UTIL
118876-82563,2B/SS/OF,Garrett,Garrett Hampson,Hampson,3.2170730218654726,41,2300,SD@STL,STL,SD,,,,,,2B/SS/OF/UTIL
118876-38561,OF/3B/2B,Chris,Chris Taylor,Taylor,3.4878048780487805,41,2300,SEA@LAA,LAA,SEA,,,,,,2B/3B/OF/UTIL
118876-165633,SS,Trey,Trey Sweeney,Sweeney,5.727381025041852,84,2300,TOR@DET,DET,TOR,,,,,,SS/UTIL
118876-200498,SS/3B/2B/OF,Max,Max Schuemann,Schuemann,3.823188228883605,69,2300,ATH@HOU,ATH,HOU,,,,,,2B/3B/SS/OF/UTIL
118876-13253,C,Martin,Martin Maldonado,Maldonado,3.783333333333333,60,2300,SD@STL,SD,STL,,,,,,C/1B/UTIL
118876-102413,1B,Luken,Luken Baker,Baker,3.7157893933747945,19,2200,SD@STL,STL,SD,,,,,,C/1B/UTIL
118876-13412,3B/1B,Donovan,Donovan Solano,Solano,4.473015679253472,63,2200,SEA@LAA,SEA,LAA,,,,,,C/1B/3B/UTIL
118876-212070,OF,Gustavo,Gustavo Campero,Campero,3.0611110263400607,18,2200,SEA@LAA,LAA,SEA,,,,,,OF/UTIL
118876-79213,SS/2B,Scott,Scott Kingery,Kingery,2.815384498009315,13,2200,SEA@LAA,LAA,SEA,,,,,,2B/SS/UTIL
118876-202259,1B/OF,Trenton,Trenton Brooks,Brooks,2.5833333333333335,24,2200,SD@STL,SD,STL,,,,,,C/1B/OF/UTIL
118876-175654,OF,Bryce,Bryce Johnson,Johnson,2.933333396911621,24,2200,SD@STL,SD,STL,,,,,,OF/UTIL
118876-119363,OF,JJ,JJ Bleday,Bleday,7.774193548387097,62,2200,ATH@HOU,ATH,HOU,,,,,,OF/UTIL
118876-165567,3B/2B/OF,Shay,Shay Whitcomb,Whitcomb,2.0733333587646485,15,2200,ATH@HOU,HOU,ATH,,,,,,2B/3B/OF/UTIL
118876-165643,2B,Zack,Zack Gelof,Gelof,3.137500047683716,8,2200,ATH@HOU,ATH,HOU,,,,,,2B/UTIL
118876-165645,OF,Denzel,Denzel Clarke,Clarke,6.67234055539395,47,2200,ATH@HOU,ATH,HOU,IL,Hip,,,,OF/UTIL
118876-183092,OF,Jonatan,Jonatan Clase,Clase,6.014705882352941,34,2200,TOR@DET,TOR,DET,,,,,,OF/UTIL
118876-208716,1B/OF,Zach,Zach Dezenzo,Dezenzo,6.952940996955423,34,2200,ATH@HOU,HOU,ATH,IL,Hand,,,,C/1B/OF/UTIL
118876-189314,OF,Justyn-Henry,Justyn-Henry Malloy,Malloy,5.186956654424253,46,2200,TOR@DET,DET,TOR,,,,,,OF/UTIL
118876-97257,OF,Myles,Myles Straw,Straw,4.8535715738932295,84,2200,TOR@DET,TOR,DET,,,,,,OF/UTIL
118876-180208,2B/3B/SS/OF,Miles,Miles Mastrobuoni,Mastrobuoni,4.405633630886884,71,2200,SEA@LAA,SEA,LAA,,,,,,2B/3B/SS/OF/UTIL
118876-172093,2B,Michael,Michael Stefanic,Stefanic,2.6888889736599393,9,2100,TOR@DET,TOR,DET,,,,,,2B/UTIL
118876-102550,C,Luis,Luis Campusano,Campusano,1.8,10,2100,SD@STL,SD,STL,,,,,,C/1B/UTIL
118876-184480,C,Cesar,Cesar Salazar,Salazar,0.375,8,2100,ATH@HOU,HOU,ATH,,,,,,C/1B/UTIL
118876-102579,SS/2B,Leo,Leo Jimenez,Jimenez,2.574999968210856,12,2100,TOR@DET,TOR,DET,,,,,,2B/SS/UTIL
118876-197974,3B,Jace,Jace Jung,Jung,4.172222137451172,18,2100,TOR@DET,DET,TOR,,,,,,3B/UTIL
118876-79218,SS/2B/3B,Kevin,Kevin Newman,Newman,2.946153787466196,52,2100,SEA@LAA,LAA,SEA,,,,,,2B/3B/SS/UTIL
118876-79267,2B/3B,Andy,Andy Ibanez,Ibanez,5.180434848951257,46,2100,TOR@DET,DET,TOR,,,,,,2B/3B/UTIL
118876-119354,SS/2B/OF,Kyren,Kyren Paris,Paris,7.443181818181818,44,2100,SEA@LAA,LAA,SEA,IL,Undisclosed,,,,2B/SS/OF/UTIL
118876-164498,2B,Ryan,Ryan Bliss,Bliss,6.427272449840199,11,2100,SEA@LAA,SEA,LAA,IL,Biceps,,,,2B/UTIL
118876-222879,OF,Alan,Alan Roden,Roden,4.509523664202009,42,2100,TOR@DET,TOR,DET,,,,,,OF/UTIL
118876-82616,2B/3B/SS,Luis,Luis Guillorme,Guillorme,1.5333333015441895,12,2100,ATH@HOU,HOU,ATH,IL,Hamstring,,,,2B/3B/SS/UTIL
118876-165639,OF,Brandon,Brandon Lockridge,Lockridge,3.793617086207613,47,2100,SD@STL,SD,STL,,,,,,OF/UTIL
118876-228207,OF,Colby,Colby Thomas,Thomas,1.7428571156093053,7,2100,ATH@HOU,ATH,HOU,,,,,,OF/UTIL
118876-68537,2B/3B/SS/OF,Tyler,Tyler Wade,Wade,3.527118747517214,59,2100,SD@STL,SD,STL,,,,,,2B/3B/SS/OF/UTIL
118876-102349,SS/2B,Leo,Leo Rivas,Rivas,5.8600001017252605,30,2100,SEA@LAA,SEA,LAA,,,,,,2B/SS/UTIL
118876-68582,2B,Brendan,Brendan Rodgers,Rodgers,4.858139392941497,43,2100,ATH@HOU,HOU,ATH,IL,Head,,,,2B/UTIL
118876-13326,C,Christian,Christian Bethancourt,Bethancourt,5.056250095367432,64,2000,TOR@DET,TOR,DET,,,,,,C/1B/UTIL
118876-102425,SS,Orelvis,Orelvis Martinez,Martinez,1.5,2,2000,TOR@DET,TOR,DET,,,,,,SS/UTIL
118876-135195,C,Sebastian,Sebastian Rivero,Rivero,,0,2000,SEA@LAA,LAA,SEA,,,,,,C/1B/UTIL
118876-135267,2B,Kaden,Kaden Polcovich,Polcovich,,0,2000,SEA@LAA,SEA,LAA,,,,,,2B/UTIL
118876-135265,1B,Austin,Austin Shenton,Shenton,4.7549999237060545,20,2000,SEA@LAA,SEA,LAA,,,,,,C/1B/UTIL
118876-82021,C,Tomas,Tomas Nido,Nido,5.345454476096413,11,2000,TOR@DET,DET,TOR,,,,,,C/1B/UTIL
118876-171128,3B/2B,Buddy,Buddy Kennedy,Kennedy,0.75,4,2000,TOR@DET,TOR,DET,,,,,,2B/3B/UTIL
118876-135302,OF,Brayan,Brayan Buelvas,Buelvas,,0,2000,ATH@HOU,ATH,HOU,,,,,,OF/UTIL
118876-197764,C,Blake,Blake Hunt,Hunt,0,1,2000,SEA@LAA,SEA,LAA,,,,,,C/1B/UTIL
118876-198803,3B,Damiano,Damiano Palmegiani,Palmegiani,,0,2000,TOR@DET,TOR,DET,,,,,,3B/UTIL
118876-102588,OF,Brewer,Brewer Hicklen,Hicklen,21.399999618530273,1,2000,TOR@DET,DET,TOR,,,,,,OF/UTIL
118876-60634,OF,Forrest,Forrest Wall,Wall,4.072222391764323,18,2000,SD@STL,SD,STL,,,,,,OF/UTIL
118876-198884,OF,Max,Max Clark,Clark,,0,2000,TOR@DET,DET,TOR,,,,,,OF/UTIL
118876-197883,OF,Kenedy,Kenedy Corona,Corona,2,3,2000,ATH@HOU,HOU,ATH,,,,,,OF/UTIL
118876-146686,OF,Colin,Colin Barber,Barber,,0,2000,ATH@HOU,HOU,ATH,,,,,,OF/UTIL
118876-146685,OF,Daniel,Daniel Cabrera,Cabrera,,0,2000,TOR@DET,DET,TOR,,,,,,OF/UTIL
118876-146694,SS,Arol,Arol Vera,Vera,,0,2000,SEA@LAA,LAA,SEA,,,,,,SS/UTIL
118876-198918,C,Ethan,Ethan Salas,Salas,,0,2000,SD@STL,SD,STL,IL,Back,,,,C/1B/UTIL
118876-146692,OF,David,David Calabrese,Calabrese,,0,2000,SEA@LAA,LAA,SEA,,,,,,OF/UTIL
118876-146693,OF,Alexander,Alexander Ramirez,Ramirez,,0,2000,SEA@LAA,LAA,SEA,,,,,,OF/UTIL
118876-146696,SS,Alex,Alex De Jesus,De Jesus,,0,2000,TOR@DET,TOR,DET,,,,,,SS/UTIL
118876-198931,SS,Felnin,Felnin Celesten,Celesten,,0,2000,SEA@LAA,SEA,LAA,,,,,,SS/UTIL
118876-197904,SS/3B,Darell,Darell Hernaiz,Hernaiz,4.012245022520727,49,2000,ATH@HOU,ATH,HOU,,,,,,3B/SS/UTIL
118876-146719,OF,Junior,Junior Perez,Perez,,0,2000,ATH@HOU,ATH,HOU,,,,,,OF/UTIL
118876-146726,OF,Josh,Josh Mears,Mears,,0,2000,SD@STL,SD,STL,,,,,,OF/UTIL
118876-79174,C,Jacob,Jacob Nottingham,Nottingham,,0,2000,SEA@LAA,SEA,LAA,,,,,,C/1B/UTIL
118876-82251,OF,Tim,Tim Locastro,Locastro,0,1,2000,SD@STL,SD,STL,,,,,,OF/UTIL
118876-170321,C,Brian,Brian Serven,Serven,3.196551618904903,29,2000,TOR@DET,DET,TOR,,,,,,C/1B/UTIL
118876-79189,2B,Travis,Travis Blankenhorn,Blankenhorn,2.9928572518484935,14,2000,SEA@LAA,LAA,SEA,,,,,,2B/UTIL
118876-228716,SS,Chad,Chad Stevens,Stevens,1.8399999618530274,5,2000,SEA@LAA,LAA,SEA,,,,,,SS/UTIL
118876-226686,OF,Rhylan,Rhylan Thomas,Thomas,7.466666539510091,3,2000,SEA@LAA,SEA,LAA,,,,,,OF/UTIL
118876-193947,SS,Mason,Mason McCoy,McCoy,0,4,2000,SD@STL,SD,STL,,,,,,SS/UTIL
118876-79263,OF,Leody,Leody Taveras,Taveras,5.622413898336476,58,2000,SEA@LAA,SEA,LAA,,,,,,OF/UTIL
118876-180644,2B,Nate,Nate Mondou,Mondou,0,1,2000,SD@STL,SD,STL,,,,,,2B/UTIL
118876-118189,C,Ali,Ali Sanchez,Sanchez,1.8,5,2000,TOR@DET,TOR,DET,,,,,,C/1B/UTIL
118876-180694,OF,Cade,Cade Marlowe,Marlowe,1.355555534362793,9,2000,SEA@LAA,SEA,LAA,,,,,,OF/UTIL
118876-171482,1B,Bligh,Bligh Madris,Madris,6.338095528738839,21,2000,TOR@DET,DET,TOR,,,,,,C/1B/UTIL
118876-155109,2B,Alejo,Alejo Lopez,Lopez,0,2,2000,ATH@HOU,ATH,HOU,,,,,,2B/UTIL
118876-84471,OF,Nick,Nick Martini,Martini,3.631818251176314,44,2000,ATH@HOU,ATH,HOU,,,,,,OF/UTIL
118876-96765,C,Joe,Joe Hudson,Hudson,0,1,2000,ATH@HOU,HOU,ATH,,,,,,C/1B/UTIL
118876-119313,OF,Matthew,Matthew Lugo,Lugo,6.599999820484834,17,2000,SEA@LAA,LAA,SEA,,,,,,OF/UTIL
118876-219664,OF,Matt,Matt Koperniak,Koperniak,,0,2000,SD@STL,STL,SD,,,,,,OF/UTIL
118876-95772,C,Beau,Beau Taylor,Taylor,,0,2000,SEA@LAA,SEA,LAA,,,,,,C/1B/UTIL
118876-16946,1B,Jon,Jon Singleton,Singleton,6.964754198418289,122,2000,ATH@HOU,HOU,ATH,,,,,,C/1B/UTIL
118876-16951,3B,Anthony,Anthony Rendon,Rendon,7.038596705386513,57,2000,SEA@LAA,LAA,SEA,IL,Hip,,,,3B/UTIL
118876-156226,OF,Pedro,Pedro Leon,Leon,3.4571429661342075,7,2000,ATH@HOU,HOU,ATH,IL,Knee,,,,OF/UTIL
118876-156224,C,Willie,Willie MacIver,MacIver,6.694117826573989,17,2000,ATH@HOU,ATH,HOU,,,,,,C/1B/UTIL
118876-222811,SS,Bryce,Bryce Rainer,Rainer,,0,2000,TOR@DET,DET,TOR,IL,Shoulder,,,,SS/UTIL
118876-222810,SS,Kevin,Kevin McGonigle,McGonigle,,0,2000,TOR@DET,DET,TOR,,,,,,SS/UTIL
118876-222809,C,Josue,Josue Briceno,Briceno,,0,2000,TOR@DET,DET,TOR,,,,,,C/1B/UTIL
118876-222808,C,Thayron,Thayron Liranzo,Liranzo,,0,2000,TOR@DET,DET,TOR,,,,,,C/1B/UTIL
118876-222813,SS,Arjun,Arjun Nimmala,Nimmala,,0,2000,TOR@DET,TOR,DET,,,,,,SS/UTIL
118876-119393,SS,Robert,Robert Puason,Puason,,0,2000,ATH@HOU,ATH,HOU,,,,,,SS/UTIL
118876-222818,SS,Leodalis,Leodalis De Vries,De Vries,,0,2000,SD@STL,SD,STL,,,,,,SS/UTIL
118876-82531,C,Andy,Andy Yerzy,Yerzy,,0,2000,SD@STL,STL,SD,,,,,,C/1B/UTIL
118876-119394,SS,Logan,Logan Davidson,Davidson,3.466666751437717,9,2000,ATH@HOU,ATH,HOU,,,,,,SS/UTIL
118876-119402,C,Rodolfo,Rodolfo Duran,Duran,,0,2000,SD@STL,SD,STL,,,,,,C/1B/UTIL
118876-222835,C,Jimmy,Jimmy Crooks,Crooks,,0,2000,SD@STL,STL,SD,,,,,,C/1B/UTIL
118876-222839,SS,Colt,Colt Emerson,Emerson,,0,2000,SEA@LAA,SEA,LAA,,,,,,SS/UTIL
118876-222836,SS,JJ,JJ Wetherholt,Wetherholt,,0,2000,SD@STL,STL,SD,,,,,,SS/UTIL
118876-222842,2B,Michael,Michael Arroyo,Arroyo,,0,2000,SEA@LAA,SEA,LAA,,,,,,2B/UTIL
118876-222841,OF,Lazaro,Lazaro Montes,Montes,,0,2000,SEA@LAA,SEA,LAA,,,,,,OF/UTIL
118876-222840,OF,Jonny,Jonny Farmelo,Farmelo,,0,2000,SEA@LAA,SEA,LAA,IL,Ribs,,,,OF/UTIL
118876-119432,SS,Greg,Greg Jones,Jones,2,3,2000,ATH@HOU,HOU,ATH,,,,,,SS/UTIL
118876-201354,3B,Brett,Brett Harris,Harris,6.333333333333333,36,2000,ATH@HOU,ATH,HOU,,,,,,3B/UTIL
118876-119434,OF,Moises,Moises Gomez,Gomez,,0,2000,SD@STL,SD,STL,,,,,,OF/UTIL
118876-203417,C,Nick,Nick Raposo,Raposo,,0,2000,SEA@LAA,SEA,LAA,,,,,,C/1B/UTIL
118876-220839,2B,Cooper,Cooper Bowman,Bowman,,0,2000,ATH@HOU,ATH,HOU,,,,,,2B/UTIL
118876-21161,2B,Yolmer,Yolmer Sanchez,Sanchez,,0,2000,SEA@LAA,LAA,SEA,,,,,,2B/UTIL
118876-165550,2B/3B/SS,Ryan,Ryan Kreidler,Kreidler,3.0588235294117645,17,2000,TOR@DET,DET,TOR,,,,,,2B/3B/SS/UTIL
118876-165548,SS,Cristian,Cristian Santana,Santana,,0,2000,TOR@DET,DET,TOR,,,,,,SS/UTIL
118876-165549,OF,Roberto,Roberto Campos,Campos,,0,2000,TOR@DET,DET,TOR,,,,,,OF/UTIL
118876-165554,SS,Trei,Trei Cruz,Cruz,,0,2000,TOR@DET,DET,TOR,,,,,,SS/UTIL
118876-165555,SS,Abel,Abel Bastidas,Bastidas,,0,2000,TOR@DET,DET,TOR,,,,,,SS/UTIL
118876-82611,OF,Akil,Akil Baddoo,Baddoo,3.0714285714285716,7,2000,TOR@DET,DET,TOR,,,,,,OF/UTIL
118876-165552,3B,Izaac,Izaac Pacheco,Pacheco,,0,2000,TOR@DET,DET,TOR,,,,,,3B/UTIL
118876-21172,1B/2B/3B,Brandon,Brandon Drury,Drury,4.8051547020981,97,2000,SEA@LAA,LAA,SEA,,,,,,C/1B/2B/3B/UTIL
118876-165558,OF,Tyler,Tyler Whitaker,Whitaker,,0,2000,ATH@HOU,HOU,ATH,,,,,,OF/UTIL
118876-165556,3B,Gage,Gage Workman,Workman,2.3333333333333335,12,2000,TOR@DET,DET,TOR,,,,,,3B/UTIL
118876-164533,OF,Yohendrick,Yohendrick Pinango,Pinango,,0,2000,TOR@DET,TOR,DET,,,,,,OF/UTIL
118876-165563,SS,Cristian,Cristian Gonzalez,Gonzalez,,0,2000,ATH@HOU,HOU,ATH,,,,,,SS/UTIL
118876-165575,SS,Denzer,Denzer Guzman,Guzman,,0,2000,SEA@LAA,LAA,SEA,,,,,,SS/UTIL
118876-165576,SS,Adrian,Adrian Placencia,Placencia,,0,2000,SEA@LAA,LAA,SEA,,,,,,SS/UTIL
118876-82637,1B,Evan,Evan White,White,0,2,2000,SEA@LAA,LAA,SEA,IL,Hip,,,,C/1B/UTIL
118876-103125,2B/SS/OF,Jack,Jack Lopez,Lopez,3.8551725190261315,29,2000,SEA@LAA,SEA,LAA,,,,,,2B/SS/OF/UTIL
118876-82659,3B,Carter,Carter Kieboom,Kieboom,0,1,2000,SEA@LAA,LAA,SEA,,,,,,3B/UTIL
118876-165623,OF,Carlos,Carlos Cortes,Cortes,0,1,2000,ATH@HOU,ATH,HOU,,,,,,OF/UTIL
118876-165644,OF,Pedro,Pedro Pineda,Pineda,,0,2000,ATH@HOU,ATH,HOU,,,,,,OF/UTIL
118876-165662,SS,Euribiel,Euribiel Angeles,Angeles,,0,2000,ATH@HOU,ATH,HOU,,,,,,SS/UTIL
118876-70435,OF,Ben,Ben Gamel,Gamel,5.779487022986779,39,2000,SEA@LAA,LAA,SEA,IL,Undisclosed,,,,OF/UTIL
118876-165670,C,Brandon,Brandon Valenzuela,Valenzuela,,0,2000,SD@STL,SD,STL,,,,,,C/1B/UTIL
118876-165672,C,Harry,Harry Ford,Ford,,0,2000,SEA@LAA,SEA,LAA,,,,,,C/1B/UTIL
118876-165679,3B,Milkar,Milkar Perez,Perez,,0,2000,SEA@LAA,SEA,LAA,,,,,,3B/UTIL
118876-211757,OF,Bryce,Bryce Teodosio,Teodosio,1.2399999618530273,5,2000,SEA@LAA,LAA,SEA,,,,,,OF/UTIL
118876-165681,3B,Starlin,Starlin Aguilar,Aguilar,,0,2000,SEA@LAA,SEA,LAA,,,,,,3B/UTIL
118876-165692,OF,Joshua,Joshua Baez,Baez,,0,2000,SD@STL,STL,SD,,,,,,OF/UTIL
118876-110404,3B,Mike,Mike Brosseau,Brosseau,0,1,2000,SD@STL,SD,STL,,,,,,3B/UTIL
118876-163661,3B/2B,Eguy,Eguy Rosario,Rosario,4.193548387096774,31,2000,SD@STL,SD,STL,IL,Groin,,,,2B/3B/UTIL
118876-165714,SS,Manuel,Manuel Beltre,Beltre,,0,2000,TOR@DET,TOR,DET,,,,,,SS/UTIL
118876-165718,2B/OF,Samad,Samad Taylor,Taylor,1.5499999523162842,4,2000,SEA@LAA,SEA,LAA,,,,,,2B/OF/UTIL
118876-163669,C,Bryan,Bryan Lavastida,Lavastida,,0,2000,ATH@HOU,HOU,ATH,,,,,,C/1B/UTIL
118876-165724,OF,Dasan,Dasan Brown,Brown,,0,2000,TOR@DET,TOR,DET,,,,,,OF/UTIL
118876-209786,1B,Niko,Niko Kavadas,Kavadas,0,1,2000,SEA@LAA,LAA,SEA,,,,,,C/1B/UTIL
118876-182170,OF,Oscar,Oscar Colas,Colas,4.228571483067104,14,2000,SEA@LAA,LAA,SEA,,,,,,OF/UTIL
118876-202657,1B,Tyler,Tyler Locklear,Locklear,5.006249904632568,16,2000,SEA@LAA,SEA,LAA,,,,,,C/1B/UTIL
118876-102309,OF,Michael,Michael Siani,Siani,1.6210525914242393,19,2000,SD@STL,STL,SD,,,,,,OF/UTIL
118876-81869,C,Chad,Chad Wallach,Wallach,,0,2000,SEA@LAA,LAA,SEA,,,,,,C/1B/UTIL
118876-102384,SS,Jeremy,Jeremy Eierman,Eierman,,0,2000,ATH@HOU,ATH,HOU,,,,,,SS/UTIL
118876-102391,OF,Tirso,Tirso Ornelas,Ornelas,1.7857142857142858,7,2000,SD@STL,SD,STL,,,,,,OF/UTIL