Id,Position,First Name,Nickname,Last Name,FPPG,Played,Salary,Game,Team,Opponent,Injury Indicator,Injury Details,Tier,Probable Pitcher,Batting Order,Roster Position
116507-146687,P,Hunter,Hunter Brown,Brown,44.285714285714285,7,11000,HOU@MIL,HOU,MIL,,,,,,P
116507-117232,P,Michael,Michael King,King,36.42857142857143,7,10600,SD@NYY,SD,NYY,,,,,,P
116507-79951,P,Nick,Nick Pivetta,Pivetta,41.333333333333336,6,10500,SD@NYY,SD,NYY,,,,Yes,,P
116507-198625,P,Yoshinobu,Yoshinobu Yamamoto,Yamamoto,42.142857142857146,7,10500,LAD@MIA,LAD,MIA,,,,,,P
116507-52185,P,Max,Max Fried,Fried,41.714285714285715,7,10400,SD@NYY,NYY,SD,,,,,,P
116507-197980,P,Paul,Paul Skenes,Skenes,35.142857142857146,7,10400,PIT@STL,PIT,STL,,,,,,P
116507-101839,P,Logan,Logan Webb,Webb,39.375,8,10300,SF@CHC,SF,CHC,,,,,,P
116507-135343,P,Max,Max Meyer,Meyer,33.57142857142857,7,10200,LAD@MIA,MIA,LAD,,,,,,P
116507-162445,P,Spencer,Spencer Strider,Strider,24,1,10200,CIN@ATL,ATL,CIN,IL,Hamstring,,,,P
116507-52183,P,Tyler,Tyler Glasnow,Glasnow,21.2,5,10200,LAD@MIA,LAD,MIA,IL,Shoulder,,,,P
116507-82550,P,Hunter,Hunter Greene,Greene,43,7,10000,CIN@ATL,CIN,ATL,,,,,,P
116507-68488,P,Blake,Blake Snell,Snell,19.5,2,10000,LAD@MIA,LAD,MIA,IL,Shoulder,,,,P
116507-185606,P,Gavin,Gavin Stone,Stone,28.4,25,9900,LAD@MIA,LAD,MIA,IL,Shoulder,,,,P
116507-82635,P,MacKenzie,MacKenzie Gore,Gore,40.375,8,9800,CLE@WSH,WSH,CLE,,,,,,P
116507-60633,P,Carlos,Carlos Rodon,Rodon,38.57142857142857,7,9800,SD@NYY,NYY,SD,,,,Yes,,P
116507-79270,P,Cole,Cole Ragans,Ragans,33.166666666666664,6,9600,CWS@KC,KC,CWS,,,,Yes,,P
116507-12477,P,Chris,Chris Sale,Sale,28.142857142857142,7,9500,CIN@ATL,ATL,CIN,,,,,,P
116507-17064,P,Sonny,Sonny Gray,Gray,30.142857142857142,7,9500,PIT@STL,STL,PIT,,,,,,P
116507-102330,P,Kris,Kris Bubic,Bubic,35.714285714285715,7,9500,CWS@KC,KC,CWS,,,,,,P
116507-11328,P,Martin,Martin Perez,Perez,26.75,4,9400,CWS@KC,CWS,KC,IL,Elbow,,,,P
116507-102344,P,Brady,Brady Singer,Singer,35.166666666666664,6,9400,CIN@ATL,CIN,ATL,,,,Yes,,P
116507-198885,P,Spencer,Spencer Arrighetti,Arrighetti,22.5,2,9300,HOU@MIL,HOU,MIL,IL,Thumb,,,,P
116507-119329,P,Nick,Nick Lodolo,Lodolo,29.428571428571427,7,9300,CIN@ATL,CIN,ATL,,,,,,P
116507-83190,P,Freddy,Freddy Peralta,Peralta,35.375,8,9300,HOU@MIL,MIL,HOU,DTD,Groin,,,,P
116507-165512,P,Andrew,Andrew Abbott,Abbott,31,4,9300,CIN@ATL,CIN,ATL,,,,,,P
116507-82554,P,Shane,Shane Bieber,Bieber,58,5,9200,CLE@WSH,CLE,WSH,IL,Elbow,,,,P
116507-164503,P,Spencer,Spencer Schwellenbach,Schwellenbach,29.571428571428573,7,9200,CIN@ATL,ATL,CIN,,,,,,P
116507-68491,P,Reynaldo,Reynaldo Lopez,Lopez,9,1,9200,CIN@ATL,ATL,CIN,IL,Shoulder,,,,P
116507-85599,P,Framber,Framber Valdez,Valdez,28,7,9200,HOU@MIL,HOU,MIL,,,,,,P
116507-102408,P,Matthew,Matthew Liberatore,Liberatore,30.166666666666668,6,9000,PIT@STL,STL,PIT,,,,,,P
116507-198702,P,Shota,Shota Imanaga,Imanaga,27.5,8,9000,SF@CHC,CHC,SF,DTD,Hamstring,,,,P
116507-16956,P,Gerrit,Gerrit Cole,Cole,32,22,9000,SD@NYY,NYY,SD,IL,Elbow,,,,P
116507-80582,P,Brandon,Brandon Woodruff,Woodruff,,0,9000,HOU@MIL,MIL,HOU,IL,Shoulder,,,,P
116507-21099,P,Jose,Jose Quintana,Quintana,30.8,5,8900,HOU@MIL,MIL,HOU,,,,,,P
116507-146725,P,Jared,Jared Jones,Jones,30.59090909090909,22,8900,PIT@STL,PIT,STL,IL,Elbow,,,,P
116507-63136,P,Matthew,Matthew Boyd,Boyd,30.666666666666668,6,8900,SF@CHC,CHC,SF,,,,Yes,,P
116507-52167,P,Andrew,Andrew Heaney,Heaney,29,7,8800,PIT@STL,PIT,STL,,,,,,P
116507-118206,P,Luis,Luis Gil,Gil,30.29032258064516,31,8800,SD@NYY,NYY,SD,IL,Lat,,,,P
116507-179725,P,Luis,Luis Ortiz,Ortiz,28.833333333333332,6,8800,CLE@WSH,CLE,WSH,,,,Yes,,P
116507-71034,P,Seth,Seth Lugo,Lugo,31.857142857142858,7,8700,CWS@KC,KC,CWS,,,,,,P
116507-16931,P,Yu,Yu Darvish,Darvish,28.77777777777778,18,8600,SD@NYY,SD,NYY,IL,Elbow,,,,P
116507-16961,P,Jameson,Jameson Taillon,Taillon,27,7,8600,SF@CHC,CHC,SF,,,,,,P
116507-82594,P,Dustin,Dustin May,May,24.833333333333332,6,8600,LAD@MIA,LAD,MIA,,,,,,P
116507-165731,P,Mitchell,Mitchell Parker,Parker,25.285714285714285,7,8600,CLE@WSH,WSH,CLE,,,,,,P
116507-79091,P,Dylan,Dylan Cease,Cease,23.571428571428573,7,8500,SD@NYY,SD,NYY,,,,,,P
116507-165636,P,Hayden,Hayden Wesneski,Wesneski,28,5,8500,HOU@MIL,HOU,MIL,,,,,,P
116507-165518,P,Gavin,Gavin Williams,Williams,24.142857142857142,7,8400,CLE@WSH,CLE,WSH,,,,,,P
116507-53029,P,Robbie,Robbie Ray,Ray,33.57142857142857,7,8400,SF@CHC,SF,CHC,,,,,,P
116507-52728,P,Michael,Michael Lorenzen,Lorenzen,27.142857142857142,8,8300,CWS@KC,KC,CWS,,,,,,P
116507-82638,P,Jordan,Jordan Hicks,Hicks,21.285714285714285,7,8200,SF@CHC,SF,CHC,,,,,,P
116507-102684,P,Jake,Jake Irvin,Irvin,27.714285714285715,7,8100,CLE@WSH,WSH,CLE,,,,Yes,,P
116507-185501,P,Tanner,Tanner Bibee,Bibee,24.285714285714285,7,8100,CLE@WSH,CLE,WSH,DTD,Leg,,,,P
116507-79217,P,Mitch,Mitch Keller,Keller,24.142857142857142,7,8100,PIT@STL,PIT,STL,,,,,,P
116507-102395,P,Ryan,Ryan Weathers,Weathers,28.3125,16,8100,LAD@MIA,MIA,LAD,IL,Forearm,,,,P
116507-198879,P,Rhett,Rhett Lowder,Lowder,27,6,8000,CIN@ATL,CIN,ATL,IL,Forearm,,,,P
116507-82621,P,Clarke,Clarke Schmidt,Schmidt,20.666666666666668,3,8000,SD@NYY,NYY,SD,,,,,,P
116507-82775,P,Nestor,Nestor Cortes,Cortes,17,2,8000,HOU@MIL,MIL,HOU,IL,Elbow,,,,P
116507-68523,P,Joe,Joe Musgrove,Musgrove,28.45,20,8000,SD@NYY,SD,NYY,IL,Elbow,,,,P
116507-199728,P,Landen,Landen Roupp,Roupp,27.333333333333332,6,7900,SF@CHC,SF,CHC,,,,Yes,,P
116507-5202,P,Justin,Justin Verlander,Verlander,23.142857142857142,7,7900,SF@CHC,SF,CHC,,,,,,P
116507-37999,P,Michael,Michael Wacha,Wacha,24.428571428571427,7,7900,CWS@KC,KC,CWS,,,,,,P
116507-222787,P,Roki,Roki Sasaki,Sasaki,19.142857142857142,7,7900,LAD@MIA,LAD,MIA,,,,,,P
116507-219663,P,Chad,Chad Patrick,Patrick,21.714285714285715,7,7800,HOU@MIL,MIL,HOU,,,,,,P
116507-146733,P,Kyle,Kyle Harrison,Harrison,25.666666666666668,24,7800,SF@CHC,SF,CHC,,,,,,P
116507-165655,P,Bubba,Bubba Chandler,Chandler,,0,7800,PIT@STL,PIT,STL,,,,,,P
116507-164509,P,AJ,AJ Smith-Shawver,Smith-Shawver,25.5,4,7700,CIN@ATL,ATL,CIN,,,,Yes,,P
116507-52159,P,Lance,Lance McCullers Jr.,McCullers Jr.,23,1,7700,HOU@MIL,HOU,MIL,,,,,,P
116507-168950,P,Andre,Andre Pallante,Pallante,19.142857142857142,7,7700,PIT@STL,STL,PIT,,,,,,P
116507-60646,P,Ben,Ben Lively,Lively,20.714285714285715,7,7700,CLE@WSH,CLE,WSH,,,,,,P
116507-102343,P,Tony,Tony Gonsolin,Gonsolin,46,1,7700,LAD@MIA,LAD,MIA,,,,,,P
116507-170315,P,Davis,Davis Martin,Martin,23.142857142857142,7,7600,CWS@KC,CWS,KC,,,,,,P
116507-79207,P,Grant,Grant Holmes,Holmes,25.571428571428573,7,7600,CIN@ATL,ATL,CIN,,,,,,P
116507-220840,P,Shane,Shane Smith,Smith,27.5,6,7600,CWS@KC,CWS,KC,,,,Yes,,P
116507-164532,P,DJ,DJ Herz,Herz,25.94736842105263,19,7500,CLE@WSH,WSH,CLE,IL,Elbow,,,,P
116507-97300,P,John,John Means,Means,28,5,7500,CLE@WSH,CLE,WSH,IL,Elbow,,,,P
116507-79118,P,Triston,Triston McKenzie,McKenzie,2,4,7500,CLE@WSH,CLE,WSH,,,,,,P
116507-79123,P,Tyler,Tyler Alexander,Alexander,10,10,7500,HOU@MIL,MIL,HOU,,,,,,P
116507-5427,P,Clayton,Clayton Kershaw,Kershaw,19,7,7500,LAD@MIA,LAD,MIA,IL,Toe,,,,P
116507-165573,P,Alec,Alec Marsh,Marsh,24.423076923076923,26,7500,CWS@KC,KC,CWS,IL,Shoulder,,,,P
116507-165599,P,Eury,Eury Perez,Perez,0,2,7500,LAD@MIA,MIA,LAD,IL,Elbow,,,,P
116507-213198,P,Ryan,Ryan Gusto,Gusto,17.88888888888889,9,7400,HOU@MIL,HOU,MIL,,,,,,P
116507-135650,P,Landon,Landon Knack,Knack,10.666666666666666,3,7400,LAD@MIA,LAD,MIA,,,,,,P
116507-82599,P,Edward,Edward Cabrera,Cabrera,18.8,5,7400,LAD@MIA,MIA,LAD,,,,,,P
116507-68483,P,Trevor,Trevor Williams,Williams,19.857142857142858,7,7400,CLE@WSH,WSH,CLE,,,,,,P
116507-79245,P,Sandy,Sandy Alcantara,Alcantara,13.166666666666666,6,7400,LAD@MIA,MIA,LAD,,,,Yes,,P
116507-181837,P,Ben,Ben Brown,Brown,24.857142857142858,7,7400,SF@CHC,CHC,SF,,,,,,P
116507-178415,P,Javier,Javier Assad,Assad,24,29,7300,SF@CHC,CHC,SF,IL,Oblique,,,,P
116507-82557,P,Aaron,Aaron Civale,Civale,0,1,7300,HOU@MIL,MIL,HOU,IL,Hamstring,,,,P
116507-203678,P,Hayden,Hayden Birdsong,Birdsong,13.875,8,7300,SF@CHC,SF,CHC,,,,,,P
116507-168872,P,Ronel,Ronel Blanco,Blanco,21.833333333333332,6,7300,HOU@MIL,HOU,MIL,,,,Yes,,P
116507-68564,P,Erick,Erick Fedde,Fedde,20.571428571428573,7,7300,PIT@STL,STL,PIT,,,,,,P
116507-64488,P,Colin,Colin Rea,Rea,20.142857142857142,7,7300,SF@CHC,CHC,SF,,,,,,P
116507-185490,P,Logan,Logan Allen,Allen,20.666666666666668,6,7300,CLE@WSH,CLE,WSH,,,,,,P
116507-39041,P,Marcus,Marcus Stroman,Stroman,4.333333333333333,3,7200,SD@NYY,NYY,SD,IL,Knee,,,,P
116507-53590,P,Nick,Nick Martinez,Martinez,24.571428571428573,7,7200,CIN@ATL,CIN,ATL,,,,,,P
116507-81490,P,Chris,Chris Flexen,Flexen,21,1,7200,SF@CHC,CHC,SF,,,,,,P
116507-102572,P,Tobias,Tobias Myers,Myers,9,3,7100,HOU@MIL,MIL,HOU,,,,Yes,,P
116507-198912,P,Will,Will Warren,Warren,20,7,7100,SD@NYY,NYY,SD,,,,,,P
116507-119409,P,Quinn,Quinn Priester,Priester,16.4,5,7100,HOU@MIL,MIL,HOU,,,,,,P
116507-197914,P,Nick,Nick Frasso,Frasso,0,2,7100,LAD@MIA,LAD,MIA,,,,,,P
116507-101810,P,Justin,Justin Steele,Steele,29.25,4,7100,SF@CHC,CHC,SF,IL,Elbow,,,,P
116507-118202,P,Kyle,Kyle Hart,Hart,17,5,7100,SD@NYY,SD,NYY,,,,,,P
116507-204505,P,Justin,Justin Wrobleski,Wrobleski,3,1,7100,LAD@MIA,LAD,MIA,,,,,,P
116507-102378,P,Matt,Matt Sauer,Sauer,16,2,7100,LAD@MIA,LAD,MIA,,,,,,P
116507-135212,P,Luis,Luis Garcia,Garcia,0,1,7000,HOU@MIL,HOU,MIL,IL,Elbow,,,,P
116507-6266,P,Carlos,Carlos Carrasco,Carrasco,15,8,7000,SD@NYY,NYY,SD,,,,,,P
116507-79076,P,Kolby,Kolby Allard,Allard,16,3,7000,CLE@WSH,CLE,WSH,,,,,,P
116507-165543,P,Sean,Sean Burke,Burke,20,7,7000,CWS@KC,CWS,KC,,,,,,P
116507-163515,P,Elvin,Elvin Rodriguez,Rodriguez,11,5,7000,HOU@MIL,MIL,HOU,,,,,,P
116507-200581,P,Jonathan,Jonathan Cannon,Cannon,24.571428571428573,7,7000,CWS@KC,CWS,KC,,,,,,P
116507-102335,P,Cristian,Cristian Javier,Javier,24.285714285714285,8,7000,HOU@MIL,HOU,MIL,IL,Elbow,,,,P
116507-17121,P,Miles,Miles Mikolas,Mikolas,17.166666666666668,6,6900,PIT@STL,STL,PIT,,,,Yes,,P
116507-198916,P,Thomas,Thomas Harrington,Harrington,9,2,6800,PIT@STL,PIT,STL,,,,,,P
116507-119411,P,Joey,Joey Cantillo,Cantillo,7.6923076923076925,13,6800,CLE@WSH,CLE,WSH,,,,,,P
116507-79078,P,Ian,Ian Anderson,Anderson,2.2857142857142856,7,6800,CIN@ATL,ATL,CIN,,,,,,P
116507-185845,P,Allan,Allan Winans,Winans,-2,2,6800,SD@NYY,NYY,SD,,,,,,P
116507-165638,P,Randy,Randy Vasquez,Vasquez,14.857142857142858,7,6800,SD@NYY,SD,NYY,,,,,,P
116507-145625,P,Bailey,Bailey Falter,Falter,21.571428571428573,7,6700,PIT@STL,PIT,STL,,,,,,P
116507-219653,P,Logan,Logan Henderson,Henderson,52,1,6700,HOU@MIL,MIL,HOU,,,,,,P
116507-12972,P,Wade,Wade Miley,Miley,6,2,6700,CIN@ATL,CIN,ATL,IL,Elbow,,,,P
116507-164529,P,Jordan,Jordan Wicks,Wicks,3,2,6700,SF@CHC,CHC,SF,,,,,,P
116507-203679,P,Valente,Valente Bellozo,Bellozo,12.666666666666666,3,6700,LAD@MIA,MIA,LAD,,,,,,P
116507-222885,P,Brad,Brad Lord,Lord,13,8,6700,CLE@WSH,WSH,CLE,,,,,,P
116507-146664,P,Bryce,Bryce Elder,Elder,21.333333333333332,6,6600,CIN@ATL,ATL,CIN,,,,,,P
116507-146724,P,Carmen,Carmen Mlodzinski,Mlodzinski,15.5,6,6600,PIT@STL,PIT,STL,,,,Yes,,P
116507-102515,P,Aaron,Aaron Ashby,Ashby,11.214285714285714,15,6500,HOU@MIL,MIL,HOU,IL,Oblique,,,,P
116507-102574,P,Jake,Jake Woodford,Woodford,10.444444444444445,9,6500,SD@NYY,NYY,SD,,,,,,P
116507-198917,P,Drew,Drew Thorpe,Thorpe,18.333333333333332,9,6500,CWS@KC,CWS,KC,IL,Elbow,,,,P
116507-52174,P,Steven,Steven Matz,Matz,14.666666666666666,9,6500,PIT@STL,STL,PIT,,,,,,P
116507-79073,P,Michael,Michael Soroka,Soroka,12,1,6500,CLE@WSH,WSH,CLE,IL,Biceps,,,,P
116507-181805,P,J.P.,J.P. France,France,15.8,6,6500,HOU@MIL,HOU,MIL,IL,Shoulder,,,,P
116507-194242,P,Carson,Carson Spiers,Spiers,16.666666666666668,3,6500,CIN@ATL,CIN,ATL,IL,Shoulder,,,,P
116507-165665,P,Robert,Robert Gasser,Gasser,25.6,5,6500,HOU@MIL,MIL,HOU,IL,Elbow,,,,P
116507-165694,P,Michael,Michael McGreevy,McGreevy,38,1,6500,PIT@STL,STL,PIT,,,,,,P
116507-82537,P,DL,DL Hall,Hall,15.307692307692308,13,6400,HOU@MIL,MIL,HOU,IL,Lat,,,,P
116507-170891,P,Davis,Davis Daniel,Daniel,6,1,6400,CIN@ATL,ATL,CIN,,,,,,P
116507-79147,P,Jakob,Jakob Junis,Junis,3.6666666666666665,15,6400,CLE@WSH,CLE,WSH,,,,,,P
116507-79228,P,Cal,Cal Quantrill,Quantrill,11.333333333333334,6,6400,LAD@MIA,MIA,LAD,,,,,,P
116507-165508,P,Graham,Graham Ashcraft,Ashcraft,7.6923076923076925,13,6400,CIN@ATL,CIN,ATL,,,,,,P
116507-102416,P,Tyler,Tyler Phillips,Phillips,5.545454545454546,11,6300,LAD@MIA,MIA,LAD,,,,,,P
116507-135648,P,Bobby,Bobby Miller,Miller,12,1,6300,LAD@MIA,LAD,MIA,,,,,,P
116507-208114,P,Connor,Connor Gillispie,Gillispie,12,6,6300,LAD@MIA,MIA,LAD,,,,,,P
116507-187967,P,Emmet,Emmet Sheehan,Sheehan,0,2,6300,LAD@MIA,LAD,MIA,IL,Elbow,,,,P
116507-119416,P,Brandon,Brandon Williamson,Williamson,15.25,4,6200,CIN@ATL,CIN,ATL,IL,Elbow,,,,P
116507-119447,P,Joan,Joan Adon,Adon,3.25,8,6200,CLE@WSH,WSH,CLE,,,,,,P
116507-82636,P,Joey,Joey Lucchesi,Lucchesi,19,2,6200,SF@CHC,SF,CHC,,,,,,P
116507-199459,P,Nick,Nick Nastrini,Nastrini,11.666666666666666,9,6200,CWS@KC,CWS,KC,,,,,,P
116507-70559,P,Mike,Mike Clevinger,Clevinger,1.375,8,6200,CWS@KC,CWS,KC,,,,,,P
116507-146663,P,Slade,Slade Cecconi,Cecconi,13.8,20,6200,CLE@WSH,CLE,WSH,IL,Oblique,,,,P
116507-181660,P,Jhony,Jhony Brito,Brito,6.3076923076923075,26,6200,SD@NYY,SD,NYY,IL,Forearm,,,,P
116507-181823,P,Keaton,Keaton Winn,Winn,17.666666666666668,12,6200,SF@CHC,SF,CHC,IL,Undisclosed,,,,P
116507-181833,P,Darius,Darius Vines,Vines,7.25,4,6200,CIN@ATL,ATL,CIN,IL,Undisclosed,,,,P
116507-202480,P,Adam,Adam Mazur,Mazur,11.625,8,6200,LAD@MIA,MIA,LAD,,,,,,P
116507-102394,P,Luis,Luis Patino,Patino,0,1,6200,SD@NYY,SD,NYY,O,Elbow,,,,P
116507-198872,P,Hurston,Hurston Waldrep,Waldrep,-4.5,2,6100,CIN@ATL,ATL,CIN,,,,,,P
116507-68485,P,Ryan,Ryan Yarbrough,Yarbrough,9.777777777777779,9,6100,SD@NYY,NYY,SD,,,,,,P
116507-102333,P,Daniel,Daniel Lynch IV,Lynch IV,6.285714285714286,14,6100,CWS@KC,KC,CWS,,,,,,P
116507-188485,P,Matt,Matt Waldron,Waldron,25.22222222222222,27,6000,SD@NYY,SD,NYY,IL,Oblique,,,,P
116507-102502,P,Josiah,Josiah Gray,Gray,6.5,3,6000,CLE@WSH,WSH,CLE,IL,Elbow,,,,P
116507-219697,P,Noah,Noah Cameron,Cameron,38,1,6000,CWS@KC,KC,CWS,,,,,,P
116507-82534,P,Bryse,Bryse Wilson,Wilson,5.916666666666667,12,6000,CWS@KC,CWS,KC,,,,,,P
116507-209846,P,Ben,Ben Casparius,Casparius,11.909090909090908,11,6000,LAD@MIA,LAD,MIA,,,,Yes,,P
116507-209958,P,Julian,Julian Aguiar,Aguiar,15.142857142857142,7,6000,CIN@ATL,CIN,ATL,IL,Elbow,,,,P
116507-202608,P,Carlos,Carlos Rodriguez,Rodriguez,11.333333333333334,3,6000,HOU@MIL,MIL,HOU,,,,,,P
116507-102342,P,Michael,Michael Grove,Grove,6.325,40,6000,LAD@MIA,LAD,MIA,IL,Shoulder,,,,P
116507-102446,P,Tristan,Tristan Beck,Beck,11.571428571428571,7,5900,SF@CHC,SF,CHC,,,,,,P
116507-135231,P,Jared,Jared Shuster,Shuster,4.833333333333333,6,5900,CWS@KC,CWS,KC,,,,,,P
116507-178306,P,Bryan,Bryan Hoeing,Hoeing,7.405405405405405,37,5900,SD@NYY,SD,NYY,IL,Shoulder,,,,P
116507-199224,P,Mason,Mason Black,Black,14.444444444444445,9,5900,SF@CHC,SF,CHC,,,,,,P
116507-119449,P,Jackson,Jackson Rutledge,Rutledge,9.444444444444445,9,5900,CLE@WSH,WSH,CLE,,,,,,P
116507-68505,P,Carson,Carson Fulmer,Fulmer,10.567567567567568,37,5900,PIT@STL,PIT,STL,,,,,,P
116507-79072,P,Brad,Brad Keller,Keller,5.6923076923076925,13,5900,SF@CHC,CHC,SF,,,,,,P
116507-146728,P,Connor,Connor Phillips,Phillips,0,2,5900,CIN@ATL,CIN,ATL,IL,Shoulder,,,,P
116507-161167,P,Glenn,Glenn Otto,Otto,0,1,5900,HOU@MIL,HOU,MIL,IL,Shoulder,,,,P
116507-177584,P,Xzavion,Xzavion Curry,Curry,2,3,5900,LAD@MIA,MIA,LAD,,,,,,P
116507-181832,P,Roddery,Roddery Munoz,Munoz,5,4,5900,PIT@STL,STL,PIT,,,,,,P
116507-181845,P,Drew,Drew Rom,Rom,0,2,5900,PIT@STL,STL,PIT,IL,Shoulder,,,,P
116507-165578,P,Ky,Ky Bush,Bush,14.25,4,5900,CWS@KC,CWS,KC,IL,Elbow,,,,P
116507-163675,P,Noah,Noah Davis,Davis,4,3,5900,LAD@MIA,LAD,MIA,,,,,,P
116507-135208,P,Shawn,Shawn Dubin,Dubin,7.290322580645161,31,5700,HOU@MIL,HOU,MIL,IL,Shoulder,,,,P
116507-102442,P,Freddy,Freddy Tarnok,Tarnok,0,1,5700,LAD@MIA,MIA,LAD,,,,,,P
116507-102487,P,Austin,Austin Cox,Cox,,0,5700,CIN@ATL,ATL,CIN,,,,,,P
116507-145610,P,Angel,Angel Zerpa,Zerpa,4.846153846153846,13,5700,CWS@KC,KC,CWS,,,,,,P
116507-198905,P,Mike,Mike Vasil,Vasil,9.8,10,5700,CWS@KC,CWS,KC,,,,,,P
116507-119423,P,Zack,Zack Thompson,Thompson,11.4,7,5700,PIT@STL,STL,PIT,IL,Lat,,,,P
116507-164511,P,Dylan,Dylan Dodd,Dodd,6,1,5700,CIN@ATL,ATL,CIN,,,,,,P
116507-79079,P,Joey,Joey Wentz,Wentz,5.384615384615385,13,5700,PIT@STL,PIT,STL,,,,,,P
116507-79126,P,Forrest,Forrest Whitley,Whitley,12,1,5700,HOU@MIL,HOU,MIL,IL,Knee,,,,P
116507-101838,P,JT,JT Brubaker,Brubaker,0,3,5700,SD@NYY,NYY,SD,IL,Ribs,,,,P
116507-165659,P,Mike,Mike Burrows,Burrows,19,1,5700,PIT@STL,PIT,STL,,,,,,P
116507-102297,P,Keegan,Keegan Thompson,Thompson,8.363636363636363,24,5700,SF@CHC,CHC,SF,,,,,,P
116507-102462,P,Lyon,Lyon Richardson,Richardson,7.5,2,5600,CIN@ATL,CIN,ATL,,,,,,P
116507-79873,P,Dylan,Dylan Covey,Covey,0,2,5500,CIN@ATL,ATL,CIN,,,,,,P
116507-102405,P,Sean,Sean Hjelle,Hjelle,6.551724137931035,58,5500,SF@CHC,SF,CHC,,,,,,P
116507-102420,P,Owen,Owen White,White,-7.5,3,5500,CWS@KC,CWS,KC,,,,,,P
116507-79895,P,Miguel,Miguel Diaz,Diaz,3,1,5500,SF@CHC,SF,CHC,,,,,,P
116507-161827,P,Seth,Seth Martinez,Martinez,5.0227272727272725,44,5500,LAD@MIA,MIA,LAD,,,,,,P
116507-190516,P,Daysbel,Daysbel Hernandez,Hernandez,5.533333333333333,15,5500,CIN@ATL,ATL,CIN,,,,,,P
116507-135221,P,Cade,Cade Cavalli,Cavalli,0,1,5500,CLE@WSH,WSH,CLE,IL,Elbow,,,,P
116507-135226,P,Wes,Wes Benjamin,Benjamin,,0,5500,SD@NYY,SD,NYY,,,,,,P
116507-192574,P,Lane,Lane Ramsey,Ramsey,,0,5500,LAD@MIA,MIA,LAD,,,,,,P
116507-200764,P,Cam,Cam Booser,Booser,4.153846153846154,13,5500,CWS@KC,CWS,KC,,,,,,P
116507-79936,P,Mark,Mark Leiter Jr.,Leiter Jr.,6.125,16,5500,SD@NYY,NYY,SD,,,,,,P
116507-104512,P,Geoff,Geoff Hartlieb,Hartlieb,4.2,5,5500,SD@NYY,NYY,SD,,,,,,P
116507-135237,P,Nick,Nick Mears,Mears,5.583333333333333,12,5500,HOU@MIL,MIL,HOU,,,,,,P
116507-102474,P,Eli,Eli Morgan,Morgan,0.5714285714285714,7,5500,SF@CHC,CHC,SF,IL,Elbow,,,,P
116507-149587,P,Jay,Jay Flaa,Flaa,,0,5500,CIN@ATL,ATL,CIN,,,,,,P
116507-135253,P,Alex,Alex Vesia,Vesia,5.9411764705882355,17,5500,LAD@MIA,LAD,MIA,,,,,,P
116507-73828,P,Dan,Dan Altavilla,Altavilla,1.6,5,5500,CWS@KC,CWS,KC,,,,,,P
116507-102503,P,John,John Rooney,Rooney,,0,5500,LAD@MIA,MIA,LAD,,,,,,P
116507-116839,P,David,David Bednar,Bednar,4.333333333333333,10,5500,PIT@STL,PIT,STL,,,,,,P
116507-161906,P,Dauri,Dauri Moreta,Moreta,0,1,5500,PIT@STL,PIT,STL,IL,Elbow,,,,P
116507-161907,P,Dylan,Dylan Lee,Lee,5.071428571428571,14,5500,CIN@ATL,ATL,CIN,,,,,,P
116507-194675,P,Luke,Luke Little,Little,-1,1,5500,SF@CHC,CHC,SF,,,,,,P
116507-82039,P,Aaron,Aaron Wilkerson,Wilkerson,,0,5500,CIN@ATL,CIN,ATL,,,,,,P
116507-102523,P,Deivi,Deivi Garcia,Garcia,4.285714285714286,14,5500,HOU@MIL,MIL,HOU,,,,,,P
116507-135303,P,Jordan,Jordan Weems,Weems,3.575,41,5500,CIN@ATL,ATL,CIN,,,,,,P
116507-114827,P,John,John Schreiber,Schreiber,5.642857142857143,14,5500,CWS@KC,KC,CWS,,,,,,P
116507-73866,P,Wandy,Wandy Peralta,Peralta,5.642857142857143,14,5500,SD@NYY,SD,NYY,,,,,,P
116507-80033,P,Emilio,Emilio Pagan,Pagan,5.3125,16,5500,CIN@ATL,CIN,ATL,,,,,,P
116507-102560,P,Camilo,Camilo Doval,Doval,4.705882352941177,17,5500,SF@CHC,SF,CHC,,,,,,P
116507-102568,P,Colin,Colin Poche,Poche,2.230769230769231,13,5500,CLE@WSH,WSH,CLE,,,,,,P
116507-135339,P,Clayton,Clayton Beeter,Beeter,6.666666666666667,3,5500,SD@NYY,NYY,SD,IL,Shoulder,,,,P
116507-145609,P,Peter,Peter Solomon,Solomon,,0,5500,SF@CHC,CHC,SF,,,,,,P
116507-194770,P,Nick,Nick Hernandez,Hernandez,6.6,5,5500,HOU@MIL,HOU,MIL,,,,,,P
116507-145620,P,Helcris,Helcris Olivarez,Olivarez,,0,5500,SF@CHC,SF,CHC,,,,,,P
116507-198874,P,Noah,Noah Schultz,Schultz,,0,5500,CWS@KC,CWS,KC,,,,,,P
116507-145630,P,Kervin,Kervin Castro,Castro,,0,5500,SD@NYY,NYY,SD,,,,,,P
116507-145629,P,Mason,Mason Thompson,Thompson,0,1,5500,CLE@WSH,WSH,CLE,IL,Elbow,,,,P
116507-198876,P,Cade,Cade Horton,Horton,,0,5500,SF@CHC,CHC,SF,,,,,,P
116507-149731,P,Anthony,Anthony Bender,Bender,4.714285714285714,14,5500,LAD@MIA,MIA,LAD,,,,,,P
116507-198896,P,Noble,Noble Meyer,Meyer,,0,5500,LAD@MIA,MIA,LAD,,,,,,P
116507-198901,P,Chase,Chase Hampton,Hampton,,0,5500,SD@NYY,NYY,SD,IL,Elbow,,,,P
116507-194816,P,Kyle,Kyle Hurt,Hurt,8.666666666666666,5,5500,LAD@MIA,LAD,MIA,IL,Elbow,,,,P
116507-198919,P,Robby,Robby Snelling,Snelling,,0,5500,LAD@MIA,MIA,LAD,,,,,,P
116507-170254,P,Colin,Colin Holderman,Holderman,2.888888888888889,10,5500,PIT@STL,PIT,STL,,,,,,P
116507-225549,P,Patrick,Patrick Monteverde,Monteverde,11,1,5500,LAD@MIA,MIA,LAD,,,,,,P
116507-198938,P,Carson,Carson Whisenhunt,Whisenhunt,,0,5500,SF@CHC,SF,CHC,,,,,,P
116507-198936,P,Tekoah,Tekoah Roby,Roby,,0,5500,PIT@STL,STL,PIT,,,,,,P
116507-209176,P,Chase,Chase Shugart,Shugart,6.416666666666667,12,5500,PIT@STL,PIT,STL,,,,,,P
116507-180540,P,Easton,Easton McGee,McGee,,0,5500,HOU@MIL,MIL,HOU,,,,,,P
116507-203075,P,Michael,Michael Petersen,Petersen,9,1,5500,CIN@ATL,ATL,CIN,,,,,,P
116507-203074,P,Spencer,Spencer Bivens,Bivens,6.8,10,5500,SF@CHC,SF,CHC,,,,,,P
116507-117065,P,James,James Karinchak,Karinchak,0,3,5500,CWS@KC,CWS,KC,,,,,,P
116507-203080,P,Brandon,Brandon Eisert,Eisert,6.5,12,5500,CWS@KC,CWS,KC,,,,,,P
116507-209224,P,Orlando,Orlando Ribalta,Ribalta,6.5,4,5500,CLE@WSH,WSH,CLE,IL,Biceps,,,,P
116507-170324,P,Brandon,Brandon Hughes,Hughes,4.533333333333333,15,5500,SF@CHC,CHC,SF,,,,,,P
116507-225667,P,Cade,Cade Gibson,Gibson,13,1,5500,LAD@MIA,MIA,LAD,,,,,,P
116507-170384,P,Yerry,Yerry de los Santos,de los Santos,9,1,5500,SD@NYY,NYY,SD,,,,,,P
116507-61858,P,Raisel,Raisel Iglesias,Iglesias,5.3076923076923075,13,5500,CIN@ATL,ATL,CIN,,,,,,P
116507-158131,P,Tyler,Tyler Gilbert,Gilbert,6.555555555555555,9,5500,CWS@KC,CWS,KC,,,,,,P
116507-219568,P,Rolddy,Rolddy Munoz,Munoz,,0,5500,CIN@ATL,ATL,CIN,,,,,,P
116507-158134,P,Stephen,Stephen Ridings,Ridings,,0,5500,LAD@MIA,LAD,MIA,,,,,,P
116507-188863,P,Randy,Randy Wynne,Wynne,15,1,5500,CIN@ATL,CIN,ATL,,,,,,P
116507-225748,P,Craig,Craig Yoho,Yoho,2.2,5,5500,HOU@MIL,MIL,HOU,,,,,,P
116507-80346,P,Giovanny,Giovanny Gallegos,Gallegos,4.842105263157895,21,5500,LAD@MIA,LAD,MIA,IL,Undisclosed,,,,P
116507-135645,P,Isaac,Isaac Mattson,Mattson,8.333333333333334,3,5500,PIT@STL,PIT,STL,,,,,,P
116507-84452,P,Caleb,Caleb Ferguson,Ferguson,3.533333333333333,15,5500,PIT@STL,PIT,STL,,,,,,P
116507-184829,P,McKinley,McKinley Moore,Moore,0,3,5500,SD@NYY,NYY,SD,,,,,,P
116507-119298,P,Luis,Luis Frias,Frias,1.8181818181818181,11,5500,CLE@WSH,CLE,WSH,,,,,,P
116507-119301,P,Brennan,Brennan Malone,Malone,,0,5500,PIT@STL,PIT,STL,,,,,,P
116507-219654,P,Juan,Juan Carela,Carela,,0,5500,CWS@KC,CWS,KC,O,Elbow,,,,P
116507-219662,P,Colton,Colton Gordon,Gordon,,0,5500,HOU@MIL,HOU,MIL,,,,,,P
116507-119315,P,Kohl,Kohl Franklin,Franklin,,0,5500,SF@CHC,CHC,SF,IL,Elbow,,,,P
116507-170512,P,Peter,Peter Strzelecki,Strzelecki,5.3,10,5500,PIT@STL,PIT,STL,,,,,,P
116507-219665,P,Matt,Matt Svanson,Svanson,5.75,4,5500,PIT@STL,STL,PIT,,,,,,P
116507-162328,P,Reiver,Reiver Sanmartin,Sanmartin,0,2,5500,CIN@ATL,CIN,ATL,,,,,,P
116507-191007,P,Declan,Declan Cronin,Cronin,6.125,56,5500,LAD@MIA,MIA,LAD,IL,Hip,,,,P
116507-119328,P,Packy,Packy Naughton,Naughton,0,2,5500,PIT@STL,STL,PIT,IL,Elbow,,,,P
116507-119331,P,Daniel,Daniel Espino,Espino,0,3,5500,CLE@WSH,CLE,WSH,IL,Shoulder,,,,P
116507-119339,P,Tyler,Tyler Ivey,Ivey,,0,5500,HOU@MIL,HOU,MIL,,,,,,P
116507-219695,P,Luinder,Luinder Avila,Avila,,0,5500,CWS@KC,KC,CWS,,,,,,P
116507-119347,P,Jonathan,Jonathan Bowlan,Bowlan,9,1,5500,CWS@KC,KC,CWS,,,,,,P
116507-219696,P,Eric,Eric Cerantola,Cerantola,,0,5500,CWS@KC,KC,CWS,,,,,,P
116507-219701,P,Franco,Franco Aleman,Aleman,,0,5500,CLE@WSH,CLE,WSH,IL,Abdomen,,,,P
116507-219700,P,Luis,Luis Mey,Mey,7.5,2,5500,CIN@ATL,CIN,ATL,,,,,,P
116507-219706,P,Carson,Carson Seymour,Seymour,,0,5500,SF@CHC,SF,CHC,,,,,,P
116507-195135,P,Kyle,Kyle Nicolas,Nicolas,2,7,5500,PIT@STL,PIT,STL,,,,,,P
116507-119359,P,Ethan,Ethan Small,Small,0,2,5500,SF@CHC,SF,CHC,IL,Undisclosed,,,,P
116507-219708,P,Carson,Carson Ragsdale,Ragsdale,,0,5500,SF@CHC,SF,CHC,,,,,,P
116507-219723,P,Omar,Omar Cruz,Cruz,10,2,5500,SD@NYY,SD,NYY,,,,,,P
116507-219722,P,Jack,Jack Dreyer,Dreyer,7.857142857142857,14,5500,LAD@MIA,LAD,MIA,,,,,,P
116507-195151,P,Anthony,Anthony Veneziano,Veneziano,3.588235294117647,17,5500,LAD@MIA,MIA,LAD,,,,,,P
116507-207438,P,Fraser,Fraser Ellard,Ellard,5,7,5500,CWS@KC,CWS,KC,IL,Lat,,,,P
116507-219725,P,Henry,Henry Baez,Baez,,0,5500,SD@NYY,SD,NYY,,,,,,P
116507-219724,P,Ryan,Ryan Bergert,Bergert,4.5,2,5500,SD@NYY,SD,NYY,,,,,,P
116507-225880,P,Nathan,Nathan Wiles,Wiles,-3,1,5500,CIN@ATL,ATL,CIN,,,,,,P
116507-16989,P,Wilking,Wilking Rodriguez,Rodriguez,,0,5500,SD@NYY,NYY,SD,,,,,,P
116507-80476,P,Jackson,Jackson Stephens,Stephens,4.333333333333333,3,5500,CIN@ATL,ATL,CIN,,,,,,P
116507-119388,P,Junior,Junior Santos,Santos,,0,5500,CLE@WSH,WSH,CLE,,,,,,P
116507-119392,P,Josh,Josh Wolf,Wolf,,0,5500,SF@CHC,SF,CHC,,,,,,P
116507-119397,P,TJ,TJ Sikkema,Sikkema,,0,5500,CIN@ATL,CIN,ATL,,,,,,P
116507-82535,P,Kyle,Kyle Wright,Wright,0,1,5500,CWS@KC,KC,CWS,IL,Shoulder,,,,P
116507-119398,P,Yoendrys,Yoendrys Gomez,Gomez,8.142857142857142,8,5500,LAD@MIA,LAD,MIA,,,,,,P
116507-186986,P,Eduardo,Eduardo Salazar,Salazar,2,16,5500,CLE@WSH,WSH,CLE,,,,,,P
116507-119403,P,Erik,Erik Miller,Miller,4.846153846153846,13,5500,SF@CHC,SF,CHC,,,,,,P
116507-184943,P,Jesse,Jesse Scholtens,Scholtens,,0,5500,CWS@KC,CWS,KC,IL,Elbow,,,,P
116507-119406,P,Cody,Cody Bolton,Bolton,0,1,5500,CLE@WSH,CLE,WSH,IL,Undisclosed,,,,P
116507-82547,P,Thomas,Thomas Hatch,Hatch,,0,5500,CWS@KC,KC,CWS,,,,,,P
116507-156272,P,Reiss,Reiss Knehr,Knehr,0,1,5500,SD@NYY,SD,NYY,,,,,,P
116507-135798,P,Garrett,Garrett Stallings,Stallings,,0,5500,HOU@MIL,MIL,HOU,,,,,,P
116507-82552,P,Tony,Tony Santillan,Santillan,4.6875,16,5500,CIN@ATL,CIN,ATL,,,,,,P
116507-70271,P,Carlos,Carlos Estevez,Estevez,5.571428571428571,14,5500,CWS@KC,KC,CWS,,,,,,P
116507-119426,P,Johan,Johan Oviedo,Oviedo,0,1,5500,PIT@STL,PIT,STL,IL,Lat,,,,P
116507-82564,P,Yency,Yency Almonte,Almonte,5.588235294117647,17,5500,SF@CHC,CHC,SF,IL,Shoulder,,,,P
116507-62087,P,Miguel,Miguel Castro,Castro,3.4545454545454546,11,5500,HOU@MIL,HOU,MIL,,,,,,P
116507-119435,P,Riley,Riley O'Brien,O'Brien,1.6666666666666667,3,5500,PIT@STL,STL,PIT,,,,,,P
116507-203415,P,Bryan,Bryan King,King,5.235294117647059,17,5500,HOU@MIL,HOU,MIL,,,,,,P
116507-170647,P,Jared,Jared Koenig,Koenig,5.4375,16,5500,HOU@MIL,MIL,HOU,,,,,,P
116507-119446,P,Andry,Andry Lara,Lara,,0,5500,CLE@WSH,WSH,CLE,,,,,,P
116507-82584,P,JB,JB Bukauskas,Bukauskas,5.5,6,5500,HOU@MIL,MIL,HOU,IL,Lat,,,,P
116507-82591,P,Chris,Chris Rodriguez,Rodriguez,,0,5500,CWS@KC,CWS,KC,,,,,,P
116507-82592,P,Dennis,Dennis Santana,Santana,4.142857142857143,14,5500,PIT@STL,PIT,STL,,,,,,P
116507-164522,P,Wikelman,Wikelman Gonzalez,Gonzalez,0,2,5500,CWS@KC,CWS,KC,,,,,,P
116507-17065,P,Blake,Blake Treinen,Treinen,5.625,8,5500,LAD@MIA,LAD,MIA,IL,Forearm,,,,P
116507-84651,P,Austin,Austin Davis,Davis,2.5714285714285716,7,5500,SD@NYY,SD,NYY,,,,,,P
116507-164521,P,Brandon,Brandon Walter,Walter,0,2,5500,HOU@MIL,HOU,MIL,,,,,,P
116507-164530,P,Caleb,Caleb Kilian,Kilian,19,2,5500,SF@CHC,CHC,SF,IL,Undisclosed,,,,P
116507-80571,P,Phil,Phil Maton,Maton,4.6875,16,5500,PIT@STL,STL,PIT,,,,,,P
116507-53953,P,Keone,Keone Kela,Kela,,0,5500,CWS@KC,CWS,KC,,,,,,P
116507-82627,P,JoJo,JoJo Romero,Romero,3,14,5500,PIT@STL,STL,PIT,,,,,,P
116507-119494,P,Andrew,Andrew Dalquist,Dalquist,,0,5500,CWS@KC,CWS,KC,,,,,,P
116507-119496,P,Matt,Matt Thompson,Thompson,,0,5500,SF@CHC,CHC,SF,,,,,,P
116507-82639,P,Ryan,Ryan Helsley,Helsley,5,12,5500,PIT@STL,STL,PIT,,,,,,P
116507-82653,P,Ryan,Ryan Borucki,Borucki,4.5,14,5500,PIT@STL,PIT,STL,,,,,,P
116507-82656,P,Nate,Nate Pearson,Pearson,1.375,8,5500,SF@CHC,CHC,SF,,,,,,P
116507-187105,P,Joe,Joe La Sorsa,La Sorsa,4.25,16,5500,CIN@ATL,CIN,ATL,,,,,,P
116507-187121,P,Grant,Grant Anderson,Anderson,7,15,5500,HOU@MIL,MIL,HOU,,,,,,P
116507-201456,P,Chris,Chris Roycroft,Roycroft,2,8,5500,PIT@STL,STL,PIT,,,,,,P
116507-84731,P,Evan,Evan Phillips,Phillips,5.333333333333333,6,5500,LAD@MIA,LAD,MIA,,,,,,P
116507-154368,P,Vinny,Vinny Nittoli,Nittoli,6,9,5500,HOU@MIL,MIL,HOU,,,,,,P
116507-199461,P,Luis,Luis Contreras,Contreras,4.285714285714286,7,5500,HOU@MIL,HOU,MIL,,,,,,P
116507-199460,P,Jordan,Jordan Leasure,Leasure,5.076923076923077,14,5500,CWS@KC,CWS,KC,,,,,,P
116507-135976,P,Bennett,Bennett Sousa,Sousa,7.285714285714286,7,5500,HOU@MIL,HOU,MIL,,,,,,P
116507-199465,P,Juan,Juan Sanchez,Sanchez,,0,5500,SF@CHC,SF,CHC,,,,,,P
116507-213816,P,Evan,Evan Sisk,Sisk,11,2,5500,CWS@KC,KC,CWS,,,,,,P
116507-70482,P,J.B.,J.B. Wendelken,Wendelken,,0,5500,SD@NYY,SD,NYY,,,,,,P
116507-213851,P,Domingo,Domingo Gonzalez,Gonzalez,,0,5500,CIN@ATL,ATL,CIN,,,,,,P
116507-183131,P,Ryder,Ryder Ryan,Ryan,5.714285714285714,15,5500,PIT@STL,PIT,STL,,,,,,P
116507-183133,P,Curtis,Curtis Taylor,Taylor,,0,5500,PIT@STL,STL,PIT,,,,,,P
116507-213871,P,Luarbert,Luarbert Arias,Arias,3.6666666666666665,6,5500,LAD@MIA,MIA,LAD,,,,,,P
116507-68466,P,Steven,Steven Okert,Okert,7.071428571428571,14,5500,HOU@MIL,HOU,MIL,,,,,,P
116507-68469,P,Adam,Adam Plutko,Plutko,,0,5500,CIN@ATL,CIN,ATL,,,,,,P
116507-203642,P,Raymond,Raymond Burgos,Burgos,3,1,5500,SF@CHC,SF,CHC,,,,,,P
116507-68474,P,Josh,Josh Hader,Hader,7.846153846153846,13,5500,HOU@MIL,HOU,MIL,,,,,,P
116507-68476,P,Taylor,Taylor Rogers,Rogers,4.461538461538462,14,5500,CIN@ATL,CIN,ATL,,,,,,P
116507-68484,P,Chad,Chad Kuhl,Kuhl,7.483870967741935,31,5500,CIN@ATL,ATL,CIN,,,,,,P
116507-82836,P,Julian,Julian Fernandez,Fernandez,,0,5500,LAD@MIA,LAD,MIA,,,,,,P
116507-80791,P,Alan,Alan Busenitz,Busenitz,1,3,5500,CIN@ATL,CIN,ATL,,,,,,P
116507-68506,P,Rob,Rob Kaminsky,Kaminsky,,0,5500,PIT@STL,STL,PIT,IL,Undisclosed,,,,P
116507-68515,P,Sam,Sam Moll,Moll,-1,3,5500,CIN@ATL,CIN,ATL,IL,Shoulder,,,,P
116507-39843,P,Burch,Burch Smith,Smith,4.76,50,5500,PIT@STL,PIT,STL,IL,Undisclosed,,,,P
116507-68520,P,Michael,Michael Fulmer,Fulmer,5,1,5500,SF@CHC,CHC,SF,,,,,,P
116507-52141,P,Lucas,Lucas Sims,Sims,2.857142857142857,16,5500,CLE@WSH,WSH,CLE,,,,,,P
116507-52143,P,Hunter,Hunter Harvey,Harvey,6.166666666666667,6,5500,CWS@KC,KC,CWS,IL,Shoulder,,,,P
116507-52148,P,Pierce,Pierce Johnson,Johnson,5.923076923076923,13,5500,CIN@ATL,ATL,CIN,,,,,,P
116507-179129,P,Jeremiah,Jeremiah Estrada,Estrada,6.823529411764706,17,5500,SD@NYY,SD,NYY,,,,,,P
116507-68561,P,Luke,Luke Weaver,Weaver,7.153846153846154,13,5500,SD@NYY,NYY,SD,,,,,,P
116507-189393,P,Daniel,Daniel Palencia,Palencia,6.25,8,5500,SF@CHC,CHC,SF,,,,,,P
116507-70624,P,Chris,Chris Stratton,Stratton,3.3333333333333335,9,5500,CWS@KC,KC,CWS,,,,,,P
116507-187367,P,Nick,Nick Robertson,Robertson,7.111111111111111,9,5500,HOU@MIL,HOU,MIL,,,,,,P
116507-82921,P,Zack,Zack Weiss,Weiss,0,1,5500,PIT@STL,STL,PIT,,,,,,P
116507-68584,P,Tyler,Tyler Jay,Jay,5.8,5,5500,HOU@MIL,MIL,HOU,,,,,,P
116507-82924,P,Tim,Tim Hill,Hill,6.071428571428571,14,5500,SD@NYY,NYY,SD,,,,,,P
116507-82935,P,Trevor,Trevor Richards,Richards,5.363636363636363,55,5500,SF@CHC,CHC,SF,,,,,,P
116507-13312,P,Ryan,Ryan Brasier,Brasier,3,1,5500,SF@CHC,CHC,SF,IL,Groin,,,,P
116507-211985,P,Andrew,Andrew Walters,Walters,5.230769230769231,13,5500,CLE@WSH,CLE,WSH,IL,Undisclosed,,,,P
116507-189470,P,Kyle,Kyle Leahy,Leahy,6.4375,16,5500,PIT@STL,STL,PIT,,,,,,P
116507-82974,P,Tanner,Tanner Rainey,Rainey,9,1,5500,PIT@STL,PIT,STL,,,,,,P
116507-82986,P,Colten,Colten Brewer,Brewer,5.5625,16,5500,SD@NYY,NYY,SD,,,,,,P
116507-82999,P,Scott,Scott Barlow,Barlow,4.3125,16,5500,CIN@ATL,CIN,ATL,,,,,,P
116507-82998,P,Lou,Lou Trivino,Trivino,4.7272727272727275,11,5500,SF@CHC,SF,CHC,,,,,,P
116507-154688,P,Jake,Jake Cousins,Cousins,6.4186046511627906,43,5500,SD@NYY,NYY,SD,IL,Elbow,,,,P
116507-11333,P,Craig,Craig Kimbrel,Kimbrel,5.803571428571429,57,5500,CIN@ATL,ATL,CIN,,,,,,P
116507-179275,P,Fernando,Fernando Cruz,Cruz,8.733333333333333,15,5500,SD@NYY,NYY,SD,,,,,,P
116507-209997,P,Jack,Jack Neely,Neely,3.5,6,5500,SF@CHC,CHC,SF,,,,,,P
116507-203863,P,Gordon,Gordon Graceffo,Graceffo,15,2,5500,PIT@STL,STL,PIT,,,,,,P
116507-189529,P,Alek,Alek Jacob,Jacob,5.714285714285714,14,5500,SD@NYY,SD,NYY,,,,,,P
116507-195681,P,Jose,Jose Espada,Espada,,0,5500,SD@NYY,SD,NYY,,,,,,P
116507-226411,P,David,David Morgan,Morgan,,0,5500,SD@NYY,SD,NYY,,,,,,P
116507-83054,P,Justin,Justin Anderson,Anderson,4.796296296296297,56,5500,CWS@KC,CWS,KC,,,,,,P
116507-85108,P,Enyel,Enyel De Los Santos,De Los Santos,5.923076923076923,13,5500,CIN@ATL,ATL,CIN,,,,,,P
116507-13438,P,Drew,Drew Pomeranz,Pomeranz,6.25,4,5500,SF@CHC,CHC,SF,,,,,,P
116507-201853,P,Ryan,Ryan Loutos,Loutos,2.3333333333333335,3,5500,LAD@MIA,LAD,MIA,,,,,,P
116507-187521,P,Joe,Joe Jacques,Jacques,3,2,5500,LAD@MIA,LAD,MIA,,,,,,P
116507-83097,P,D.J.,D.J. Snelten,Snelten,,0,5500,CWS@KC,CWS,KC,,,,,,P
116507-38041,P,Ryan,Ryan Pressly,Pressly,4.384615384615385,13,5500,SF@CHC,CHC,SF,,,,,,P
116507-38043,P,Enny,Enny Romero,Romero,,0,5500,SF@CHC,SF,CHC,O,Personal,,,,P
116507-152734,P,Zach,Zach Thompson,Thompson,10,2,5500,CIN@ATL,ATL,CIN,,,,,,P
116507-140459,P,John,John King,King,2.4615384615384617,13,5500,PIT@STL,STL,PIT,,,,,,P
116507-83116,P,Wander,Wander Suero,Suero,0,1,5500,CIN@ATL,ATL,CIN,,,,,,P
116507-85164,P,Matt,Matt Festa,Festa,7,1,5500,CLE@WSH,CLE,WSH,,,,,,P
116507-62641,P,Andrew,Andrew Bellatti,Bellatti,,0,5500,SD@NYY,SD,NYY,,,,,,P
116507-160965,P,Elvis,Elvis Peguero,Peguero,3.2,5,5500,HOU@MIL,MIL,HOU,,,,,,P
116507-66765,P,Jorge,Jorge Lopez,Lopez,4.666666666666667,15,5500,CLE@WSH,WSH,CLE,,,,,,P
116507-83149,P,Jesus,Jesus Liranzo,Liranzo,,0,5500,HOU@MIL,MIL,HOU,,,,,,P
116507-206028,P,River,River Ryan,Ryan,28,4,5500,LAD@MIA,LAD,MIA,IL,Elbow,,,,P
116507-83154,P,Miguel,Miguel Del Pozo,Del Pozo,,0,5500,SF@CHC,SF,CHC,,,,,,P
116507-38106,P,Kirby,Kirby Yates,Yates,7.470588235294118,18,5500,LAD@MIA,LAD,MIA,,,,,,P
116507-79067,P,Alex,Alex Young,Young,4.529411764705882,17,5500,CIN@ATL,CIN,ATL,IL,Elbow,,,,P
116507-83163,P,Jonathan,Jonathan Loaisiga,Loaisiga,9,6,5500,SD@NYY,NYY,SD,IL,Elbow,,,,P
116507-79066,P,Anthony,Anthony Banda,Banda,4.875,16,5500,LAD@MIA,LAD,MIA,,,,,,P
116507-79071,P,Taylor,Taylor Clarke,Clarke,6,2,5500,CWS@KC,KC,CWS,,,,,,P
116507-83170,P,Thomas,Thomas Pannone,Pannone,,0,5500,HOU@MIL,MIL,HOU,IL,Forearm,,,,P
116507-146670,P,Christian,Christian Roa,Roa,0,2,5500,LAD@MIA,MIA,LAD,,,,,,P
116507-79084,P,Tanner,Tanner Scott,Scott,5.0625,16,5500,LAD@MIA,LAD,MIA,,,,,,P
116507-83184,P,Julian,Julian Merryweather,Merryweather,3.8666666666666667,15,5500,SF@CHC,CHC,SF,,,,,,P
116507-197873,P,Zach,Zach Brzykcy,Brzykcy,0.3333333333333333,6,5500,CLE@WSH,WSH,CLE,,,,,,P
116507-146678,P,Tanner,Tanner Burns,Burns,,0,5500,CLE@WSH,CLE,WSH,,,,,,P
116507-79095,P,Jay,Jay Groome,Groome,0,1,5500,SD@NYY,SD,NYY,NA,Suspension,,,,P
116507-79097,P,Bryan,Bryan Hudson,Hudson,3.727272727272727,11,5500,HOU@MIL,MIL,HOU,,,,,,P
116507-83193,P,Jesus,Jesus Tinoco,Tinoco,3.7,10,5500,LAD@MIA,MIA,LAD,,,,,,P
116507-197887,P,Porter,Porter Hodge,Hodge,5.0625,16,5500,SF@CHC,CHC,SF,,,,,,P
116507-146684,P,Jared,Jared Kelley,Kelley,,0,5500,CWS@KC,CWS,KC,,,,,,P
116507-197891,P,Michael,Michael Arias,Arias,0,2,5500,SD@NYY,NYY,SD,IL,Undisclosed,,,,P
116507-146691,P,Asa,Asa Lacy,Lacy,,0,5500,CWS@KC,KC,CWS,O,Elbow,,,,P
116507-146688,P,Alex,Alex Santos II,Santos II,,0,5500,HOU@MIL,HOU,MIL,,,,,,P
116507-21764,P,Caleb,Caleb Thielbar,Thielbar,4,14,5500,SF@CHC,CHC,SF,,,,,,P
116507-197899,P,Kai-Wei,Kai-Wei Teng,Teng,4.5,5,5500,SF@CHC,SF,CHC,,,,,,P
116507-146699,P,Dax,Dax Fulton,Fulton,,0,5500,LAD@MIA,MIA,LAD,,,,,,P
116507-72971,P,Ben,Ben Heller,Heller,4.5,8,5500,SF@CHC,CHC,SF,IL,Undisclosed,,,,P
116507-197897,P,Trevor,Trevor McDonald,McDonald,12,1,5500,SF@CHC,SF,CHC,,,,,,P
116507-79116,P,Riley,Riley Pint,Pint,1.75,4,5500,CLE@WSH,CLE,WSH,,,,,,P
116507-197902,P,Cade,Cade Smith,Smith,6.823529411764706,17,5500,CLE@WSH,CLE,WSH,,,,,,P
116507-197906,P,Royber,Royber Salinas,Salinas,0,1,5500,CIN@ATL,ATL,CIN,IL,Shoulder,,,,P
116507-79124,P,Joe,Joe Jimenez,Jimenez,5.855072463768116,70,5500,CIN@ATL,ATL,CIN,IL,Knee,,,,P
116507-197919,P,Jairo,Jairo Iriarte,Iriarte,5.5,6,5500,CWS@KC,CWS,KC,,,,,,P
116507-179490,P,Cole,Cole Waites,Waites,,0,5500,SF@CHC,SF,CHC,IL,Undisclosed,,,,P
116507-83232,P,Jason,Jason Adam,Adam,8,18,5500,SD@NYY,SD,NYY,,,,,,P
116507-146723,P,Eddy,Eddy Yean,Yean,,0,5500,PIT@STL,PIT,STL,,,,,,P
116507-146727,P,Justin,Justin Lange,Lange,,0,5500,SD@NYY,NYY,SD,IL,Shoulder,,,,P
116507-85286,P,Ian,Ian Gibaut,Gibaut,3.9166666666666665,12,5500,CIN@ATL,CIN,ATL,IL,Shoulder,,,,P
116507-85289,P,Nick,Nick Anderson,Anderson,4.4324324324324325,37,5500,PIT@STL,STL,PIT,,,,,,P
116507-79144,P,Scott,Scott Blewett,Blewett,9.875,8,5500,CIN@ATL,ATL,CIN,,,,,,P
116507-85288,P,Brusdar,Brusdar Graterol,Graterol,4.4,10,5500,LAD@MIA,LAD,MIA,IL,Shoulder,,,,P
116507-146734,P,Tink,Tink Hence,Hence,,0,5500,PIT@STL,STL,PIT,IL,Ribs,,,,P
116507-79148,P,A.J.,A.J. Puckett,Puckett,,0,5500,SF@CHC,CHC,SF,,,,,,P
116507-146732,P,Nick,Nick Swiney,Swiney,,0,5500,HOU@MIL,HOU,MIL,,,,,,P
116507-79150,P,Josh,Josh Staumont,Staumont,4.12,25,5500,CIN@ATL,CIN,ATL,IL,Undisclosed,,,,P
116507-146737,P,Cole,Cole Henry,Henry,5.571428571428571,7,5500,CLE@WSH,WSH,CLE,,,,,,P
116507-79161,P,Braxton,Braxton Garrett,Garrett,23.857142857142858,7,5500,LAD@MIA,MIA,LAD,IL,Elbow,,,,P
116507-152888,P,Sam,Sam Long,Long,1.2857142857142858,7,5500,CWS@KC,KC,CWS,IL,Elbow,,,,P
116507-154947,P,Justin,Justin Garza,Garza,,0,5500,SF@CHC,SF,CHC,,,,,,P
116507-79171,P,Phil,Phil Bickford,Bickford,2.375,8,5500,SF@CHC,CHC,SF,,,,,,P
116507-113986,P,Emmanuel,Emmanuel Clase,Clase,5.3125,16,5500,CLE@WSH,CLE,WSH,,,,,,P
116507-181583,P,Prelander,Prelander Berroa,Berroa,7.0588235294117645,17,5500,CWS@KC,CWS,KC,IL,Elbow,,,,P
116507-79185,P,Justin,Justin Dunn,Dunn,,0,5500,CWS@KC,CWS,KC,,,,,,P
116507-226643,P,AJ,AJ Blubaugh,Blubaugh,24,1,5500,HOU@MIL,HOU,MIL,,,,,,P
116507-197975,P,Cooper,Cooper Hjerpe,Hjerpe,,0,5500,PIT@STL,STL,PIT,IL,Elbow,,,,P
116507-177493,P,Andrew,Andrew Nardi,Nardi,5.051724137931035,59,5500,LAD@MIA,MIA,LAD,IL,Back,,,,P
116507-79196,P,Albert,Albert Abreu,Abreu,,0,5500,CIN@ATL,CIN,ATL,,,,,,P
116507-197981,P,Jacob,Jacob Misiorowski,Misiorowski,,0,5500,HOU@MIL,MIL,HOU,,,,,,P
116507-38240,P,Rafael,Rafael Montero,Montero,4.833333333333333,12,5500,CIN@ATL,ATL,CIN,,,,,,P
116507-222565,P,Shinnosuke,Shinnosuke Ogasawara,Ogasawara,,0,5500,CLE@WSH,WSH,CLE,IL,Oblique,,,,P
116507-79227,P,Adrian,Adrian Morejon,Morejon,5.529411764705882,17,5500,SD@NYY,SD,NYY,,,,,,P
116507-79250,P,Junior,Junior Fernandez,Fernandez,,0,5500,CWS@KC,KC,CWS,,,,,,P
116507-62872,P,Vince,Vince Velasquez,Velasquez,,0,5500,CLE@WSH,CLE,WSH,,,,,,P
116507-38303,P,Andrew,Andrew Chafin,Chafin,8,1,5500,CLE@WSH,WSH,CLE,,,,,,P
116507-193949,P,Steven,Steven Cruz,Cruz,4.333333333333333,9,5500,CWS@KC,KC,CWS,,,,,,P
116507-181664,P,Sean,Sean Reynolds,Reynolds,10.333333333333334,9,5500,SD@NYY,SD,NYY,IL,Foot,,,,P
116507-101801,P,Joel,Joel Payamps,Payamps,1.6666666666666667,15,5500,HOU@MIL,MIL,HOU,,,,,,P
116507-118184,P,Enoli,Enoli Paredes,Paredes,5.944444444444445,18,5500,CIN@ATL,ATL,CIN,,,,,,P
116507-101802,P,Patrick,Patrick Weigel,Weigel,,0,5500,CLE@WSH,WSH,CLE,,,,,,P
116507-118191,P,Antonio,Antonio Santos,Santos,,0,5500,SF@CHC,CHC,SF,,,,,,P
116507-118195,P,Tejay,Tejay Antone,Antone,4.5,6,5500,CIN@ATL,CIN,ATL,IL,Elbow,,,,P
116507-101812,P,Justin,Justin Lawrence,Lawrence,7.454545454545454,11,5500,PIT@STL,PIT,STL,IL,Elbow,,,,P
116507-118196,P,Ryan,Ryan Hendrix,Hendrix,,0,5500,CWS@KC,KC,CWS,,,,,,P
116507-101814,P,Sam,Sam Hentges,Hentges,5.12,25,5500,CLE@WSH,CLE,WSH,IL,Shoulder,,,,P
116507-101816,P,Bryan,Bryan Abreu,Abreu,6.2,15,5500,HOU@MIL,HOU,MIL,,,,,,P
116507-101819,P,Jose,Jose Suarez,Suarez,12.333333333333334,3,5500,CIN@ATL,ATL,CIN,,,,,,P
116507-169400,P,Parker,Parker Mushinski,Mushinski,1.8,10,5500,CLE@WSH,CLE,WSH,,,,,,P
116507-136639,P,Burl,Burl Carraway,Carraway,,0,5500,SF@CHC,CHC,SF,,,,,,P
116507-40382,P,Luis,Luis Garcia,Garcia,5.0588235294117645,17,5500,LAD@MIA,LAD,MIA,,,,,,P
116507-118208,P,Brooks,Brooks Kriske,Kriske,,0,5500,SF@CHC,CHC,SF,,,,,,P
116507-118216,P,Tyson,Tyson Miller,Miller,5.689655172413793,58,5500,SF@CHC,CHC,SF,IL,Hip,,,,P
116507-118221,P,J.P.,J.P. Feyereisen,Feyereisen,3,2,5500,LAD@MIA,LAD,MIA,,,,,,P
116507-200143,P,Josh,Josh Maciejewski,Maciejewski,9,4,5500,HOU@MIL,MIL,HOU,,,,,,P
116507-101849,P,Wei-Chieh,Wei-Chieh Huang,Huang,,0,5500,PIT@STL,PIT,STL,,,,,,P
116507-95737,P,Ian,Ian Hamilton,Hamilton,8.375,8,5500,SD@NYY,NYY,SD,,,,,,P
116507-161273,P,Scott,Scott Effross,Effross,3.3333333333333335,3,5500,SD@NYY,NYY,SD,IL,Hamstring,,,,P
116507-226819,P,Caleb,Caleb Freeman,Freeman,,0,5500,CWS@KC,CWS,KC,,,,,,P
116507-138764,P,Brandon,Brandon Leibrandt,Leibrandt,6.5,2,5500,SD@NYY,NYY,SD,,,,,,P
116507-101905,P,Sam,Sam McWilliams,McWilliams,,0,5500,HOU@MIL,MIL,HOU,,,,,,P
116507-181791,P,Connor,Connor Thomas,Thomas,-2.5,2,5500,HOU@MIL,MIL,HOU,IL,Elbow,,,,P
116507-79390,P,Michael,Michael Kopech,Kopech,6.302631578947368,77,5500,LAD@MIA,LAD,MIA,IL,Shoulder,,,,P
116507-5673,P,Jesse,Jesse Chavez,Chavez,6,2,5500,CIN@ATL,ATL,CIN,,,,,,P
116507-181803,P,Zak,Zak Kent,Kent,18,1,5500,CLE@WSH,CLE,WSH,,,,,,P
116507-181801,P,Jose A.,Jose A. Ferrer,Ferrer,4.444444444444445,18,5500,CLE@WSH,WSH,CLE,,,,,,P
116507-181815,P,Brent,Brent Headrick,Headrick,10.75,4,5500,SD@NYY,NYY,SD,,,,,,P
116507-222779,P,Thomas,Thomas White,White,,0,5500,LAD@MIA,MIA,LAD,,,,,,P
116507-181819,P,Tim,Tim Herrin,Herrin,5.733333333333333,15,5500,CLE@WSH,CLE,WSH,,,,,,P
116507-222783,P,Grant,Grant Taylor,Taylor,,0,5500,CWS@KC,CWS,KC,,,,,,P
116507-222782,P,Chase,Chase Burns,Burns,,0,5500,CIN@ATL,CIN,ATL,,,,,,P
116507-181826,P,Colby,Colby White,White,0,1,5500,SD@NYY,NYY,SD,,,,,,P
116507-222784,P,Hagen,Hagen Smith,Smith,,0,5500,CWS@KC,CWS,KC,,,,,,P
116507-185926,P,Ryan,Ryan Walker,Walker,4.538461538461538,13,5500,SF@CHC,SF,CHC,,,,,,P
116507-181831,P,Yosver,Yosver Zulueta,Zulueta,3.5,2,5500,CIN@ATL,CIN,ATL,,,,,,P
116507-222790,P,Jose,Jose Rodriguez,Rodriguez,,0,5500,LAD@MIA,LAD,MIA,,,,,,P
116507-181828,P,Kolton,Kolton Ingram,Ingram,,0,5500,CIN@ATL,ATL,CIN,,,,,,P
116507-222789,P,Jackson,Jackson Ferris,Ferris,,0,5500,LAD@MIA,LAD,MIA,,,,,,P
116507-181838,P,Abner,Abner Uribe,Uribe,6.3125,16,5500,HOU@MIL,MIL,HOU,,,,,,P
116507-175698,P,Hunter,Hunter Gaddis,Gaddis,6.666666666666667,15,5500,CLE@WSH,CLE,WSH,,,,,,P
116507-181843,P,Josh,Josh Simpson,Simpson,0,2,5500,LAD@MIA,MIA,LAD,,,,,,P
116507-181841,P,George,George Soriano,Soriano,5.5,10,5500,LAD@MIA,MIA,LAD,,,,,,P
116507-73301,P,Brent,Brent Suter,Suter,5.6,10,5500,CIN@ATL,CIN,ATL,,,,,,P
116507-181848,P,Tom,Tom Cosgrove,Cosgrove,12,1,5500,SF@CHC,CHC,SF,,,,,,P
116507-81507,P,Aaron,Aaron Bummer,Bummer,6.363636363636363,11,5500,CIN@ATL,ATL,CIN,,,,,,P
116507-169574,P,Penn,Penn Murfee,Murfee,3.142857142857143,15,5500,CWS@KC,CWS,KC,,,,,,P
116507-118381,P,Kyle,Kyle Finnegan,Finnegan,5.285714285714286,14,5500,CLE@WSH,WSH,CLE,,,,,,P
116507-222830,P,Travis,Travis Sykora,Sykora,,0,5500,CLE@WSH,WSH,CLE,IL,Hip,,,,P
116507-222834,P,Quinn,Quinn Mathews,Mathews,,0,5500,PIT@STL,STL,PIT,IL,Shoulder,,,,P
116507-222833,P,Jarlin,Jarlin Susana,Susana,,0,5500,CLE@WSH,WSH,CLE,,,,,,P
116507-222832,P,Alex,Alex Clemmey,Clemmey,,0,5500,CLE@WSH,WSH,CLE,,,,,,P
116507-118394,P,Yohan,Yohan Ramirez,Ramirez,4.783783783783784,38,5500,PIT@STL,PIT,STL,,,,,,P
116507-118397,P,Trevor,Trevor Megill,Megill,4.583333333333333,12,5500,HOU@MIL,MIL,HOU,,,,,,P
116507-210562,P,Lake,Lake Bachar,Bachar,8.142857142857142,14,5500,LAD@MIA,MIA,LAD,,,,,,P
116507-52871,P,Derek,Derek Law,Law,6.16,75,5500,CLE@WSH,WSH,CLE,IL,Forearm,,,,P
116507-222859,P,Cam,Cam Caminiti,Caminiti,,0,5500,CIN@ATL,ATL,CIN,O,Forearm,,,,P
116507-165522,P,Tommy,Tommy Mace,Mace,,0,5500,CLE@WSH,CLE,WSH,,,,,,P
116507-73362,P,Rob,Rob Zastryzny,Zastryzny,4.555555555555555,9,5500,SD@NYY,NYY,SD,,,,,,P
116507-165521,P,Doug,Doug Nikhazy,Nikhazy,0,1,5500,CLE@WSH,CLE,WSH,,,,,,P
116507-52887,P,Tyler,Tyler Matzek,Matzek,4.333333333333333,3,5500,SD@NYY,NYY,SD,,,,,,P
116507-161450,P,Janson,Janson Junk,Junk,1.8,6,5500,LAD@MIA,MIA,LAD,,,,,,P
116507-220841,P,Anderson,Anderson Pilar,Pilar,,0,5500,LAD@MIA,MIA,LAD,,,,,,P
116507-165545,P,Tanner,Tanner McDougal,McDougal,,0,5500,CWS@KC,CWS,KC,,,,,,P
116507-14006,P,Brian,Brian Moran,Moran,,0,5500,CIN@ATL,ATL,CIN,,,,,,P
116507-114360,P,Devin,Devin Williams,Williams,3,13,5500,SD@NYY,NYY,SD,,,,,,P
116507-165566,P,Ben,Ben Kudrna,Kudrna,,0,5500,CWS@KC,KC,CWS,,,,,,P
116507-165564,P,Frank,Frank Mozzicato,Mozzicato,,0,5500,CWS@KC,KC,CWS,,,,,,P
116507-165582,P,Robinson,Robinson Pina,Pina,,0,5500,LAD@MIA,MIA,LAD,,,,,,P
116507-81615,P,Tim,Tim Mayza,Mayza,6.142857142857143,7,5500,PIT@STL,PIT,STL,IL,Shoulder,,,,P
116507-222930,P,Logan,Logan VanWey,VanWey,3.8333333333333335,6,5500,HOU@MIL,HOU,MIL,,,,,,P
116507-179924,P,Gavin,Gavin Hollowell,Hollowell,12,1,5500,SF@CHC,CHC,SF,,,,,,P
116507-198357,P,Ryan,Ryan Fernandez,Fernandez,1.4,11,5500,PIT@STL,STL,PIT,,,,,,P
116507-165595,P,Maddux,Maddux Bruns,Bruns,,0,5500,LAD@MIA,LAD,MIA,IL,Back,,,,P
116507-198362,P,Stephen,Stephen Kolek,Kolek,34,1,5500,SD@NYY,SD,NYY,,,,,,P
116507-198361,P,Carson,Carson Coleman,Coleman,0,1,5500,SD@NYY,NYY,SD,IL,Undisclosed,,,,P
116507-141024,P,Bruce,Bruce Zimmermann,Zimmermann,0,1,5500,HOU@MIL,MIL,HOU,,,,,,P
116507-212709,P,Edgardo,Edgardo Henriquez,Henriquez,5.666666666666667,6,5500,LAD@MIA,LAD,MIA,IL,Foot,,,,P
116507-181992,P,Jose,Jose Hernandez,Hernandez,4,8,5500,LAD@MIA,LAD,MIA,,,,,,P
116507-165609,P,Zach,Zach McCambley,McCambley,,0,5500,LAD@MIA,MIA,LAD,,,,,,P
116507-165618,P,Chase,Chase Petty,Petty,-11,1,5500,CIN@ATL,CIN,ATL,,,,,,P
116507-182006,P,Nic,Nic Enright,Enright,,0,5500,CLE@WSH,CLE,WSH,,,,,,P
116507-165621,P,Russell,Russell Smith,Smith,,0,5500,HOU@MIL,MIL,HOU,,,,,,P
116507-165635,P,Brendan,Brendan Beck,Beck,,0,5500,SD@NYY,NYY,SD,,,,,,P
116507-165637,P,Brock,Brock Selvidge,Selvidge,,0,5500,SD@NYY,NYY,SD,IL,Biceps,,,,P
116507-161545,P,Kaleb,Kaleb Ort,Ort,3.25,4,5500,HOU@MIL,HOU,MIL,,,,,,P
116507-194323,P,Hunter,Hunter Stratton,Stratton,-3.5,2,5500,PIT@STL,PIT,STL,,,,,,P
116507-165653,P,Cristian,Cristian Hernandez,Hernandez,,0,5500,SD@NYY,NYY,SD,,,,,,P
116507-165657,P,Anthony,Anthony Solometo,Solometo,,0,5500,PIT@STL,PIT,STL,,,,,,P
116507-165671,P,Victor,Victor Lizarraga,Lizarraga,,0,5500,SD@NYY,SD,NYY,,,,,,P
116507-182062,P,Gus,Gus Varland,Varland,5.230769230769231,26,5500,CWS@KC,CWS,KC,,,,,,P
116507-182064,P,Chris,Chris Clarke,Clarke,,0,5500,SF@CHC,CHC,SF,,,,,,P
116507-182065,P,Zach,Zach Greene,Greene,,0,5500,SD@NYY,NYY,SD,,,,,,P
116507-165687,P,Will,Will Bednar,Bednar,,0,5500,SF@CHC,SF,CHC,,,,,,P
116507-165684,P,Matt,Matt Mikulski,Mikulski,,0,5500,SF@CHC,SF,CHC,,,,,,P
116507-165691,P,Manuel,Manuel Mercedes,Mercedes,,0,5500,SF@CHC,SF,CHC,,,,,,P
116507-163641,P,Ray,Ray Kerr,Kerr,11.2,10,5500,CIN@ATL,ATL,CIN,IL,Elbow,,,,P
116507-165695,P,Edwin,Edwin Nunez,Nunez,,0,5500,PIT@STL,STL,PIT,,,,,,P
116507-165696,P,Ian,Ian Bedell,Bedell,,0,5500,PIT@STL,STL,PIT,,,,,,P
116507-163654,P,Alexis,Alexis Diaz,Diaz,0.5,6,5500,CIN@ATL,CIN,ATL,,,,,,P
116507-116548,P,Tyler,Tyler Rogers,Rogers,5.529411764705882,17,5500,SF@CHC,SF,CHC,,,,,,P
116507-163658,P,Randy,Randy Rodriguez,Rodriguez,7.642857142857143,14,5500,SF@CHC,SF,CHC,,,,,,P
116507-163663,P,Calvin,Calvin Faucher,Faucher,4.833333333333333,12,5500,LAD@MIA,MIA,LAD,,,,,,P
116507-163660,P,Steven,Steven Wilson,Wilson,6.714285714285714,7,5500,CWS@KC,CWS,KC,,,,,,P
116507-165716,P,Sem,Sem Robberse,Robberse,0,2,5500,PIT@STL,STL,PIT,IL,Undisclosed,,,,P
116507-163673,P,Jorge,Jorge Juan,Juan,,0,5500,CIN@ATL,ATL,CIN,,,,,,P
116507-108380,P,Tayler,Tayler Scott,Scott,4,14,5500,HOU@MIL,HOU,MIL,,,,,,P
116507-163677,P,James,James McArthur,McArthur,4.618181818181818,57,5500,CWS@KC,KC,CWS,IL,Elbow,,,,P
116507-163682,P,Ethan,Ethan Roberts,Roberts,3.7777777777777777,9,5500,SF@CHC,CHC,SF,,,,,,P
116507-163687,P,Ron,Ron Marinaccio,Marinaccio,7.5625,16,5500,SD@NYY,SD,NYY,,,,,,P
116507-163684,P,Ronny,Ronny Henriquez,Henriquez,7.538461538461538,13,5500,LAD@MIA,MIA,LAD,,,,,,P
116507-163702,P,Logan,Logan Gillaspie,Gillaspie,9,3,5500,SD@NYY,SD,NYY,IL,Oblique,,,,P
116507-161675,P,Jonathan,Jonathan Heasley,Heasley,-0.5,5,5500,CWS@KC,CWS,KC,,,,,,P
116507-190370,P,Jackson,Jackson Wolf,Wolf,0,1,5500,SD@NYY,SD,NYY,,,,,,P
116507-102314,P,Lenny,Lenny Torres,Torres,,0,5500,CIN@ATL,CIN,ATL,,,,,,P
116507-102324,P,Konnor,Konnor Pilkington,Pilkington,0,2,5500,CLE@WSH,WSH,CLE,,,,,,P
116507-163782,P,Robert,Robert Suarez,Suarez,6,15,5500,SD@NYY,SD,NYY,,,,,,P
116507-210885,P,Erik,Erik Sabrowski,Sabrowski,10.153846153846153,13,5500,CLE@WSH,CLE,WSH,IL,Elbow,,,,P
116507-198619,P,Yuki,Yuki Matsui,Matsui,6.6923076923076925,13,5500,SD@NYY,SD,NYY,,,,,,P
116507-198618,P,Coleman,Coleman Crow,Crow,,0,5500,HOU@MIL,MIL,HOU,,,,,,P
116507-102377,P,Trevor,Trevor Stephan,Stephan,0,3,5500,CLE@WSH,CLE,WSH,IL,Elbow,,,,P
116507-79848,P,Paul,Paul Sewald,Sewald,4.428571428571429,14,5500,CLE@WSH,CLE,WSH,IL,Shoulder,,,,P
116507-79852,P,Lucas,Lucas Erceg,Erceg,4.375,16,5500,CWS@KC,KC,CWS,,,,,,P
116507-102387,P,Braxton,Braxton Ashcraft,Ashcraft,0,1,5500,PIT@STL,PIT,STL,,,,,,P
116507-210936,P,Evan,Evan Kravetz,Kravetz,2,1,5500,CIN@ATL,CIN,ATL,,,,,,P
116507-198655,P,Woo-Suk,Woo-Suk Go,Go,,0,5500,LAD@MIA,MIA,LAD,IL,Finger,,,,P
116507-102399,P,Sam,Sam Carlson,Carlson,,0,5500,LAD@MIA,LAD,MIA,,,,,,P
116507-60643,OF,Aaron,Aaron Judge,Judge,17.879412482766543,34,4900,SD@NYY,NYY,SD,,,,,,OF/UTIL
116507-82440,OF,Shohei,Shohei Ohtani,Ohtani,15.203125,32,4600,LAD@MIA,LAD,MIA,,,,,,OF/UTIL
116507-79125,OF,Kyle,Kyle Tucker,Tucker,16.2,35,4500,SF@CHC,CHC,SF,,,,,,OF/UTIL
116507-39151,2B/SS/OF,Mookie,Mookie Betts,Betts,12.016129032258064,31,4200,LAD@MIA,LAD,MIA,,,,,,2B/SS/OF/UTIL
116507-11334,1B,Freddie,Freddie Freeman,Freeman,13.630434782608695,23,4000,LAD@MIA,LAD,MIA,,,,,,C/1B/UTIL
116507-79393,OF,Fernando,Fernando Tatis Jr.,Tatis Jr.,14.037500381469727,32,4000,SD@NYY,SD,NYY,,,,,,OF/UTIL
116507-119349,SS,Bobby,Bobby Witt Jr.,Witt Jr.,11.936111450195312,36,3900,CWS@KC,KC,CWS,,,,,,SS/UTIL
116507-167012,OF,Seiya,Seiya Suzuki,Suzuki,13.661290322580646,31,3800,SF@CHC,CHC,SF,,,,,,OF/UTIL
116507-146704,OF,Pete,Pete Crow-Armstrong,Crow-Armstrong,14.14857177734375,35,3800,SF@CHC,CHC,SF,,,,,,OF/UTIL
116507-73023,OF,Teoscar,Teoscar Hernandez,Hernandez,13.865625381469727,32,3800,LAD@MIA,LAD,MIA,,,,,,OF/UTIL
116507-102389,SS/OF,Oneil,Oneil Cruz,Cruz,14.1875,32,3800,PIT@STL,PIT,STL,,,,,,SS/OF/UTIL
116507-165513,SS,Elly,Elly De La Cruz,De La Cruz,13.265713936941964,35,3700,CIN@ATL,CIN,ATL,,,,,,SS/UTIL
116507-79756,OF,Ronald,Ronald Acuna Jr.,Acuna Jr.,11.634693379304847,49,3700,CIN@ATL,ATL,CIN,IL,Knee,,,,OF/UTIL
116507-81953,OF,Austin,Austin Hays,Hays,17.576923076923077,13,3600,CIN@ATL,CIN,ATL,IL,Hamstring,,,,OF/UTIL
116507-165611,OF,Jackson,Jackson Chourio,Chourio,11.429411944221048,34,3600,HOU@MIL,MIL,HOU,,,,,,OF/UTIL
116507-165666,OF,Jackson,Jackson Merrill,Merrill,14.739999389648437,10,3600,SD@NYY,SD,NYY,IL,Hamstring,,,,OF/UTIL
116507-38976,3B,Jose,Jose Ramirez,Ramirez,10.353124618530273,32,3500,CLE@WSH,CLE,WSH,,,,,,3B/UTIL
116507-203111,C/1B,Ben,Ben Rice,Rice,11.663333129882812,30,3500,SD@NYY,NYY,SD,,,,,,C/1B/UTIL
116507-17086,OF,Marcell,Marcell Ozuna,Ozuna,10.8,30,3500,CIN@ATL,ATL,CIN,,,,,,OF/UTIL
116507-82734,OF,Luis,Luis Robert Jr.,Robert Jr.,11.978124618530273,32,3500,CWS@KC,CWS,KC,,,,,,OF/UTIL
116507-21609,OF,Christian,Christian Yelich,Yelich,10.621212121212121,33,3500,HOU@MIL,MIL,HOU,,,,,,OF/UTIL
116507-108450,SS/2B/OF,Tommy,Tommy Edman,Edman,11.826666259765625,30,3500,LAD@MIA,LAD,MIA,IL,Ankle,,,,2B/SS/OF/UTIL
116507-73871,C,Carson,Carson Kelly,Kelly,16.68421052631579,19,3400,SF@CHC,CHC,SF,,,,,,C/1B/UTIL
116507-165661,OF,James,James Wood,Wood,13.02000034877232,35,3400,CLE@WSH,WSH,CLE,,,,,,OF/UTIL
116507-119305,OF,Kyle,Kyle Stowers,Stowers,12.035484067855343,31,3300,LAD@MIA,MIA,LAD,,,,,,OF/UTIL
116507-82527,2B,Jazz,Jazz Chisholm Jr.,Chisholm Jr.,11.196666463216145,30,3300,SD@NYY,NYY,SD,IL,Oblique,,,,2B/UTIL
116507-154711,OF,Lars,Lars Nootbaar,Nootbaar,11.870588414809284,34,3300,PIT@STL,STL,PIT,,,,,,OF/UTIL
116507-79074,3B,Austin,Austin Riley,Riley,11.084848114938447,33,3300,CIN@ATL,ATL,CIN,,,,,,3B/UTIL
116507-13929,3B,Manny,Manny Machado,Machado,11.066667036576705,33,3300,SD@NYY,SD,NYY,,,,,,3B/UTIL
116507-53033,OF,Mike,Mike Yastrzemski,Yastrzemski,10.73225845829133,31,3300,SF@CHC,SF,CHC,,,,,,OF/UTIL
116507-198539,OF,Jung Hoo,Jung Hoo Lee,Lee,11.558823529411764,34,3300,SF@CHC,SF,CHC,,,,,,OF/UTIL
116507-102353,2B,Brice,Brice Turang,Turang,11.429411944221048,34,3300,HOU@MIL,MIL,HOU,,,,,,2B/UTIL
116507-102555,3B,Noelvi,Noelvi Marte,Marte,12.394736842105264,19,3200,CIN@ATL,CIN,ATL,,,,,,3B/UTIL
116507-82575,OF,Yordan,Yordan Alvarez,Alvarez,8.324137720568427,29,3200,HOU@MIL,HOU,MIL,DTD,Hand,,,,OF/UTIL
116507-12968,1B,Paul,Paul Goldschmidt,Goldschmidt,10.155881993910846,34,3200,SD@NYY,NYY,SD,,,,,,C/1B/UTIL
116507-52175,1B,Matt,Matt Olson,Olson,10.078788063742898,33,3200,CIN@ATL,ATL,CIN,,,,,,C/1B/UTIL
116507-79092,OF,Ian,Ian Happ,Happ,11.017143031529018,35,3200,SF@CHC,CHC,SF,,,,,,OF/UTIL
116507-163706,3B/2B/OF,Brendan,Brendan Donovan,Donovan,11.130302660392992,33,3200,PIT@STL,STL,PIT,,,,,,2B/3B/OF/UTIL
116507-14562,2B/OF,Jose,Jose Altuve,Altuve,8.9375,32,3100,HOU@MIL,HOU,MIL,,,,,,2B/OF/UTIL
116507-119345,SS,Jeremy,Jeremy Pena,Pena,9.73939375443892,33,3100,HOU@MIL,HOU,MIL,,,,,,SS/UTIL
116507-119410,SS,CJ,CJ Abrams,Abrams,12.8227275501598,22,3100,CLE@WSH,WSH,CLE,,,,,,SS/UTIL
116507-119420,C,Ivan,Ivan Herrera,Herrera,18.957142421177455,7,3100,PIT@STL,STL,PIT,IL,Knee,,,,C/1B/UTIL
116507-82624,C,Sean,Sean Murphy,Murphy,12.010526155170641,19,3100,CIN@ATL,ATL,CIN,,,,,,C/1B/UTIL
116507-82642,OF,Heliot,Heliot Ramos,Ramos,9.935293758616728,34,3100,SF@CHC,SF,CHC,,,,,,OF/UTIL
116507-79110,C,Tyler,Tyler Stephenson,Stephenson,16.6999994913737,3,3100,CIN@ATL,CIN,ATL,,,,,,C/1B/UTIL
116507-79401,C,Will,Will Smith,Smith,10.655556007667824,27,3100,LAD@MIA,LAD,MIA,,,,,,C/1B/UTIL
116507-165507,SS/2B,Matt,Matt McLain,McLain,10.161538931039663,26,3100,CIN@ATL,CIN,ATL,,,,,,2B/SS/UTIL
116507-163666,OF,Steven,Steven Kwan,Kwan,10.764705882352942,34,3100,CLE@WSH,CLE,WSH,,,,,,OF/UTIL
116507-163689,3B/2B,Maikel,Maikel Garcia,Garcia,9.965713936941965,35,3100,CWS@KC,KC,CWS,,,,,,2B/3B/UTIL
116507-102284,C,William,William Contreras,Contreras,9.921211936257102,33,3100,HOU@MIL,MIL,HOU,,,,,,C/1B/UTIL
116507-12302,OF,Giancarlo,Giancarlo Stanton,Stanton,10.454263376635174,129,3000,SD@NYY,NYY,SD,IL,Elbow,,,,OF/UTIL
116507-119352,1B,Michael,Michael Busch,Busch,10.884848854758523,33,3000,SF@CHC,CHC,SF,,,,,,C/1B/UTIL
116507-82569,1B/OF,Gavin,Gavin Sheets,Sheets,8.006666564941407,30,3000,SD@NYY,SD,NYY,,,,,,C/1B/OF/UTIL
116507-82574,3B,Isaac,Isaac Paredes,Paredes,9.118749618530273,32,3000,HOU@MIL,HOU,MIL,,,,,,3B/UTIL
116507-189308,1B,Kyle,Kyle Manzardo,Manzardo,10.670967348160282,31,3000,CLE@WSH,CLE,WSH,,,,,,C/1B/UTIL
116507-68586,SS,Dansby,Dansby Swanson,Swanson,10.331428745814732,35,3000,SF@CHC,CHC,SF,,,,,,SS/UTIL
116507-146695,OF,Andy,Andy Pages,Pages,9.806451612903226,31,3000,LAD@MIA,LAD,MIA,,,,,,OF/UTIL
116507-146716,C,Austin,Austin Wells,Wells,8.766666666666667,30,3000,SD@NYY,NYY,SD,,,,,,C/1B/UTIL
116507-85285,1B,Nathaniel,Nathaniel Lowe,Lowe,10.225714111328125,35,3000,CLE@WSH,WSH,CLE,,,,,,C/1B/UTIL
116507-13638,1B/3B,Wilmer,Wilmer Flores,Flores,10.073529411764707,34,3000,SF@CHC,SF,CHC,,,,,,C/1B/3B/UTIL
116507-79175,OF,Trent,Trent Grisham,Grisham,10.025000435965401,28,3000,SD@NYY,NYY,SD,,,,,,OF/UTIL
116507-21887,C/1B,Willson,Willson Contreras,Contreras,9.0676466997932,34,3000,PIT@STL,STL,PIT,,,,,,C/1B/UTIL
116507-13719,3B,Nolan,Nolan Arenado,Arenado,9.118749618530273,32,3000,PIT@STL,STL,PIT,,,,,,3B/UTIL
116507-198935,OF,Victor,Victor Scott II,Scott II,10.893548780871976,31,2900,PIT@STL,STL,PIT,,,,,,OF/UTIL
116507-119395,OF,Jasson,Jasson Dominguez,Dominguez,9,28,2900,SD@NYY,NYY,SD,,,,,,OF/UTIL
116507-164506,2B/3B,Connor,Connor Norby,Norby,8.046666463216146,15,2900,LAD@MIA,MIA,LAD,,,,,,2B/3B/UTIL
116507-68495,OF,Andrew,Andrew Benintendi,Benintendi,8.858333587646484,24,2900,CWS@KC,CWS,KC,DTD,Calf,,,,OF/UTIL
116507-68544,3B,Matt,Matt Chapman,Chapman,10.854285539899553,35,2900,SF@CHC,SF,CHC,,,,,,3B/UTIL
116507-189389,OF,Dane,Dane Myers,Myers,9.354166666666666,24,2900,LAD@MIA,MIA,LAD,,,,,,OF/UTIL
116507-68587,2B,Ozzie,Ozzie Albies,Albies,9.872726902817234,33,2900,CIN@ATL,ATL,CIN,,,,,,2B/UTIL
116507-37982,SS/2B,Xander,Xander Bogaerts,Bogaerts,8.712121212121213,33,2900,SD@NYY,SD,NYY,,,,,,2B/SS/UTIL
116507-60655,SS,Willy,Willy Adames,Adames,9.628571428571428,35,2900,SF@CHC,SF,CHC,,,,,,SS/UTIL
116507-79159,OF/1B,Cody,Cody Bellinger,Bellinger,9.290322580645162,31,2900,SD@NYY,NYY,SD,,,,,,C/1B/OF/UTIL
116507-79160,OF,Alex,Alex Verdugo,Verdugo,9.815384498009315,13,2900,CIN@ATL,ATL,CIN,,,,,,OF/UTIL
116507-79230,OF,Bryan,Bryan Reynolds,Reynolds,9.061764885397519,34,2900,PIT@STL,PIT,STL,,,,,,OF/UTIL
116507-118210,1B/2B,Jake,Jake Cronenworth,Cronenworth,9.825000127156576,12,2900,SD@NYY,SD,NYY,IL,Ribs,,,,C/1B/2B/UTIL
116507-136672,OF,Michael,Michael Harris II,Harris II,8.627273097182766,33,2900,CIN@ATL,ATL,CIN,,,,,,OF/UTIL
116507-165571,1B,Vinnie,Vinnie Pasquantino,Pasquantino,8.525714111328124,35,2900,CWS@KC,KC,CWS,,,,,,C/1B/UTIL
116507-165605,OF,Sal,Sal Frelick,Frelick,8.962857491629464,35,2900,HOU@MIL,MIL,HOU,DTD,Knee,,,,OF/UTIL
116507-102301,2B/SS,Nico,Nico Hoerner,Hoerner,9.138709283644154,31,2900,SF@CHC,CHC,SF,,,,,,2B/SS/UTIL
116507-102415,2B,Nolan,Nolan Gorman,Gorman,7.215000152587891,20,2800,PIT@STL,STL,PIT,,,,,,2B/UTIL
116507-135366,SS,Masyn,Masyn Winn,Winn,9.295999755859375,25,2800,PIT@STL,STL,PIT,DTD,Ankle,,,,SS/UTIL
116507-119396,SS,Anthony,Anthony Volpe,Volpe,10.657576127485795,33,2800,SD@NYY,NYY,SD,DTD,Shoulder,,,,SS/UTIL
116507-82660,2B,Luis,Luis Garcia Jr.,Garcia Jr.,8.812903619581654,31,2800,CLE@WSH,WSH,CLE,,,,,,2B/UTIL
116507-195378,SS/2B/OF,Tyler,Tyler Fitzgerald,Fitzgerald,9.012000122070312,25,2800,SF@CHC,SF,CHC,IL,Ribs,,,,2B/SS/OF/UTIL
116507-136090,2B/SS,Nick,Nick Gonzales,Gonzales,22.200000762939453,1,2800,PIT@STL,PIT,STL,IL,Ankle,,,,2B/SS/UTIL
116507-52176,3B,Max,Max Muncy,Muncy,6.059374809265137,32,2800,LAD@MIA,LAD,MIA,,,,,,3B/UTIL
116507-13266,C/1B,Salvador,Salvador Perez,Perez,7.478787971265389,33,2800,CWS@KC,KC,CWS,,,,,,C/1B/UTIL
116507-60642,OF,Michael,Michael Conforto,Conforto,6.7806450628465225,31,2800,LAD@MIA,LAD,MIA,,,,,,OF/UTIL
116507-83191,C,Austin,Austin Wynns,Wynns,11.308333079020182,12,2800,CIN@ATL,CIN,ATL,,,,,,C/1B/UTIL
116507-197886,C,Agustin,Agustin Ramirez,Ramirez,10.681818181818182,11,2800,LAD@MIA,MIA,LAD,,,,,,C/1B/UTIL
116507-85279,C,Miguel,Miguel Amaya,Amaya,9.147368581671463,19,2800,SF@CHC,CHC,SF,,,,,,C/1B/UTIL
116507-38218,1B,Christian,Christian Walker,Walker,7.546875,32,2800,HOU@MIL,HOU,MIL,,,,,,C/1B/UTIL
116507-5456,OF,Andrew,Andrew McCutchen,McCutchen,8.344827586206897,29,2800,PIT@STL,PIT,STL,,,,,,OF/UTIL
116507-101827,1B/2B,Luis,Luis Arraez,Arraez,9.422221996166089,27,2800,SD@NYY,SD,NYY,,,,,,C/1B/2B/UTIL
116507-102296,OF,TJ,TJ Friedl,Friedl,10.065625190734863,32,2800,CIN@ATL,CIN,ATL,,,,,,OF/UTIL
116507-135218,OF,Jake,Jake Meyers,Meyers,8.434374809265137,32,2700,HOU@MIL,HOU,MIL,,,,,,OF/UTIL
116507-102546,2B/3B/SS,Gabriel,Gabriel Arias,Arias,8.659375190734863,32,2700,CLE@WSH,CLE,WSH,,,,,,2B/3B/SS/UTIL
116507-135364,OF,Jordan,Jordan Walker,Walker,6.424138036267511,29,2700,PIT@STL,STL,PIT,,,,,,OF/UTIL
116507-145618,2B,Otto,Otto Lopez,Lopez,8.083333333333334,30,2700,LAD@MIA,MIA,LAD,IL,Ankle,,,,2B/UTIL
116507-219698,2B/3B,Caleb,Caleb Durbin,Durbin,8.262499809265137,16,2700,HOU@MIL,MIL,HOU,,,,,,2B/3B/UTIL
116507-82593,C,Keibert,Keibert Ruiz,Ruiz,7.7322579660723285,31,2700,CLE@WSH,WSH,CLE,,,,,,C/1B/UTIL
116507-173078,OF,Alex,Alex Call,Call,8.83478247601053,23,2700,CLE@WSH,WSH,CLE,,,,,,OF/UTIL
116507-179272,OF/1B/2B,Spencer,Spencer Steer,Steer,8.674999782017299,28,2700,CIN@ATL,CIN,ATL,,,,,,C/1B/2B/OF/UTIL
116507-79165,2B/OF,Gavin,Gavin Lux,Lux,9.040624618530273,32,2700,CIN@ATL,CIN,ATL,,,,,,2B/OF/UTIL
116507-197982,OF,Dylan,Dylan Crews,Crews,8.456250190734863,32,2700,CLE@WSH,WSH,CLE,,,,,,OF/UTIL
116507-79215,1B,Rhys,Rhys Hoskins,Hoskins,8.149999618530273,32,2700,HOU@MIL,MIL,HOU,,,,,,C/1B/UTIL
116507-181829,2B/1B,Spencer,Spencer Horwitz,Horwitz,8.777551144969706,98,2700,PIT@STL,PIT,STL,IL,Wrist,,,,C/1B/2B/UTIL
116507-165559,C,Yainer,Yainer Diaz,Diaz,7.507142748151507,28,2700,HOU@MIL,HOU,MIL,,,,,,C/1B/UTIL
116507-182167,1B,Matt,Matt Mervis,Mervis,8.776922959547777,26,2700,LAD@MIA,MIA,LAD,,,,,,C/1B/UTIL
116507-102393,SS,Xavier,Xavier Edwards,Edwards,8.969696969696969,33,2700,LAD@MIA,MIA,LAD,,,,,,SS/UTIL
116507-12310,1B,Carlos,Carlos Santana,Santana,7.837500095367432,32,2600,CLE@WSH,CLE,WSH,,,,,,C/1B/UTIL
116507-102486,OF,Blake,Blake Perkins,Perkins,8.120325104007875,123,2600,HOU@MIL,MIL,HOU,IL,Lower leg,,,,OF/UTIL
116507-102577,2B/3B,Santiago,Santiago Espinal,Espinal,6.5615386962890625,26,2600,CIN@ATL,CIN,ATL,,,,,,2B/3B/UTIL
116507-119372,OF/3B,Miguel,Miguel Vargas,Vargas,7.721212213689631,33,2600,CWS@KC,CWS,KC,,,,,,3B/OF/UTIL
116507-12919,SS/2B/3B/OF,Jose,Jose Iglesias,Iglesias,5.876923194298377,26,2600,SD@NYY,SD,NYY,,,,,,2B/3B/SS/OF/UTIL
116507-82644,OF,Jesus,Jesus Sanchez,Sanchez,6.573333231608073,15,2600,LAD@MIA,MIA,LAD,DTD,Back,,,,OF/UTIL
116507-53994,1B,Josh,Josh Bell,Bell,7.413333129882813,30,2600,CLE@WSH,WSH,CLE,DTD,Groin,,,,C/1B/UTIL
116507-211919,3B/OF,Eric,Eric Wagaman,Wagaman,7.896551724137931,29,2600,LAD@MIA,MIA,LAD,,,,,,3B/OF/UTIL
116507-80847,OF,Mike,Mike Tauchman,Tauchman,7.066666920979817,3,2600,CWS@KC,CWS,KC,IL,Hamstring,,,,OF/UTIL
116507-68582,2B,Brendan,Brendan Rodgers,Rodgers,5.291304215140965,23,2600,HOU@MIL,HOU,MIL,,,,,,2B/UTIL
116507-54307,C,Elias,Elias Diaz,Diaz,6.075000127156575,24,2600,SD@NYY,SD,NYY,,,,,,C/1B/UTIL
116507-85254,C,Joey,Joey Bart,Bart,7.796153728778545,26,2600,PIT@STL,PIT,STL,,,,,,C/1B/UTIL
116507-146697,OF,Garrett,Garrett Mitchell,Mitchell,5.652000122070312,25,2600,HOU@MIL,MIL,HOU,IL,Oblique,,,,OF/UTIL
116507-197908,C,Pedro,Pedro Pages,Pages,6.9320001220703125,25,2600,PIT@STL,STL,PIT,,,,,,C/1B/UTIL
116507-185632,C/1B/OF,David,David Fry,Fry,7.909848299893466,132,2600,CLE@WSH,CLE,WSH,IL,Elbow,,,,C/1B/OF/UTIL
116507-101787,1B/OF,LaMonte,LaMonte Wade Jr.,Wade Jr.,5.761290519468246,31,2600,SF@CHC,SF,CHC,,,,,,C/1B/OF/UTIL
116507-13792,3B/1B/OF,Kike,Kike Hernandez,Hernandez,6.924000244140625,25,2600,LAD@MIA,LAD,MIA,,,,,,C/1B/3B/OF/UTIL
116507-206383,2B/SS/OF,Brooks,Brooks Baldwin,Baldwin,6.5548386112336186,31,2600,CWS@KC,CWS,KC,,,,,,2B/SS/OF/UTIL
116507-222846,3B/OF,Cam,Cam Smith,Smith,7.783333460489909,24,2600,HOU@MIL,HOU,MIL,,,,,,3B/OF/UTIL
116507-165544,2B/3B,Lenyn,Lenyn Sosa,Sosa,6.03030303030303,33,2600,CWS@KC,CWS,KC,,,,,,2B/3B/UTIL
116507-102308,2B/3B/OF,Jonathan,Jonathan India,India,7.112500190734863,32,2600,CWS@KC,KC,CWS,,,,,,2B/3B/OF/UTIL
116507-102418,OF/2B,Eli,Eli White,White,7.84,25,2500,CIN@ATL,ATL,CIN,,,,,,2B/OF/UTIL
116507-135216,OF,Chas,Chas McCormick,McCormick,2.490909056230025,22,2500,HOU@MIL,HOU,MIL,,,,,,OF/UTIL
116507-6312,1B,Justin,Justin Turner,Turner,4.3900001525878904,20,2500,SF@CHC,CHC,SF,,,,,,C/1B/UTIL
116507-172216,3B/2B/1B,David,David Villar,Villar,8.200000127156576,3,2500,SF@CHC,SF,CHC,,,,,,C/1B/2B/3B/UTIL
116507-21074,OF,Michael A.,Michael A. Taylor,Taylor,5.314285823277065,28,2500,CWS@KC,CWS,KC,,,,,,OF/UTIL
116507-113309,3B/2B/OF,Josh,Josh Rojas,Rojas,6.5,1,2500,CWS@KC,CWS,KC,,,,,,2B/3B/OF/UTIL
116507-164513,3B/2B/SS,Joey,Joey Ortiz,Ortiz,5.444117826573989,34,2500,HOU@MIL,MIL,HOU,,,,,,2B/3B/SS/UTIL
116507-119495,1B,Andrew,Andrew Vaughn,Vaughn,6.168749809265137,32,2500,CWS@KC,CWS,KC,,,,,,C/1B/UTIL
116507-119621,OF,Luis,Luis Matos,Matos,6.146666463216146,15,2500,SF@CHC,SF,CHC,,,,,,OF/UTIL
116507-60636,OF,Derek,Derek Hill,Hill,8.990909229625355,11,2500,LAD@MIA,MIA,LAD,IL,Wrist,,,,OF/UTIL
116507-83173,C,Jose,Jose Trevino,Trevino,7.722222222222222,27,2500,CIN@ATL,CIN,ATL,,,,,,C/1B/UTIL
116507-70898,2B/3B/OF,Adam,Adam Frazier,Frazier,6.390625,32,2500,PIT@STL,PIT,STL,,,,,,2B/3B/OF/UTIL
116507-79122,OF,Nolan,Nolan Jones,Jones,4.816666666666666,30,2500,CLE@WSH,CLE,WSH,,,,,,OF/UTIL
116507-79216,3B,Ke'Bryan,Ke'Bryan Hayes,Hayes,7.063636548591383,33,2500,PIT@STL,PIT,STL,,,,,,3B/UTIL
116507-79255,1B/OF,Jake,Jake Bauers,Bauers,5.961904616582961,21,2500,HOU@MIL,MIL,HOU,,,,,,C/1B/OF/UTIL
116507-173548,2B,Michael,Michael Massey,Massey,4.90625,32,2500,CWS@KC,KC,CWS,,,,,,2B/UTIL
116507-165583,C,Edgar,Edgar Quero,Quero,8.199999809265137,16,2500,CWS@KC,CWS,KC,,,,,,C/1B/UTIL
116507-163686,3B,Oswaldo,Oswaldo Cabrera,Cabrera,6.227586417362608,29,2500,SD@NYY,NYY,SD,,,,,,3B/UTIL
116507-159624,C,Yohel,Yohel Pozo,Pozo,8,10,2500,PIT@STL,STL,PIT,,,,,,C/1B/UTIL
116507-102288,OF,Drew,Drew Waters,Waters,7.0409088134765625,22,2500,CWS@KC,KC,CWS,,,,,,OF/UTIL
116507-102315,C,Bo,Bo Naylor,Naylor,8.1,25,2500,CLE@WSH,CLE,WSH,,,,,,C/1B/UTIL
116507-102413,1B,Luken,Luken Baker,Baker,3.4111111958821616,18,2400,PIT@STL,STL,PIT,,,,,,C/1B/UTIL
116507-102485,OF,Kyle,Kyle Isbel,Isbel,5.096875190734863,32,2400,CWS@KC,KC,CWS,,,,,,OF/UTIL
116507-102591,OF,Jake,Jake Fraley,Fraley,8.11153822678786,26,2400,CIN@ATL,CIN,ATL,,,,,,OF/UTIL
116507-198877,3B,Matt,Matt Shaw,Shaw,6.538888719346788,18,2400,SF@CHC,CHC,SF,,,,,,3B/UTIL
116507-119366,OF/1B,Jerar,Jerar Encarnacion,Encarnacion,7.802857317243304,35,2400,SF@CHC,SF,CHC,IL,Hand,,,,C/1B/OF/UTIL
116507-80462,SS/3B,Paul,Paul DeJong,DeJong,5.162499904632568,16,2400,CLE@WSH,WSH,CLE,IL,Orbital,,,,3B/SS/UTIL
116507-82586,OF,MJ,MJ Melendez,Melendez,3.456249952316284,16,2400,CWS@KC,KC,CWS,,,,,,OF/UTIL
116507-211756,SS/2B/OF,Javier,Javier Sanoja,Sanoja,6.391304347826087,23,2400,LAD@MIA,MIA,LAD,,,,,,2B/SS/OF/UTIL
116507-211773,OF,Isaac,Isaac Collins,Collins,5.154545523903587,22,2400,HOU@MIL,MIL,HOU,,,,,,OF/UTIL
116507-80848,C,Victor,Victor Caratini,Caratini,5.9764704984777115,17,2400,HOU@MIL,HOU,MIL,,,,,,C/1B/UTIL
116507-68589,2B/3B/OF,Amed,Amed Rosario,Rosario,7.175,20,2400,CLE@WSH,WSH,CLE,,,,,,2B/3B/OF/UTIL
116507-222295,2B/SS,Hyeseong,Hyeseong Kim,Kim,3,2,2400,LAD@MIA,LAD,MIA,,,,,,2B/SS/UTIL
116507-13487,OF,Tommy,Tommy Pham,Pham,5.648275967301993,29,2400,PIT@STL,PIT,STL,,,,,,OF/UTIL
116507-83182,C/OF,Eric,Eric Haase,Haase,5.208333333333333,12,2400,HOU@MIL,MIL,HOU,,,,,,C/1B/OF/UTIL
116507-79108,3B,Nick,Nick Senzel,Senzel,6.351351351351352,74,2400,LAD@MIA,LAD,MIA,,,,,,3B/UTIL
116507-85277,2B/OF/1B/3B,Cavan,Cavan Biggio,Biggio,4.112499872843425,24,2400,CWS@KC,KC,CWS,,,,,,C/1B/2B/3B/OF/UTIL
116507-79152,C,Matt,Matt Thaiss,Thaiss,6.486363497647372,22,2400,CWS@KC,CWS,KC,,,,,,C/1B/UTIL
116507-136504,C,Patrick,Patrick Bailey,Bailey,4.8483871952179936,31,2400,SF@CHC,SF,CHC,,,,,,C/1B/UTIL
116507-181642,2B/OF/1B,Enmanuel,Enmanuel Valdez,Valdez,6.692856924874442,28,2400,PIT@STL,PIT,STL,,,,,,C/1B/2B/OF/UTIL
116507-165514,OF/2B/3B,Angel,Angel Martinez,Martinez,6.628571283249628,21,2400,CLE@WSH,CLE,WSH,,,,,,2B/3B/OF/UTIL
116507-222858,C,Drake,Drake Baldwin,Baldwin,6.5444446139865455,18,2400,CIN@ATL,ATL,CIN,,,,,,C/1B/UTIL
116507-165639,OF,Brandon,Brandon Lockridge,Lockridge,5.5625,16,2400,SD@NYY,SD,NYY,,,,,,OF/UTIL
116507-165693,OF/1B,Alec,Alec Burleson,Burleson,5.8967742919921875,31,2400,PIT@STL,STL,PIT,,,,,,C/1B/OF/UTIL
116507-208716,1B/OF,Zach,Zach Dezenzo,Dezenzo,7.352941176470588,17,2400,HOU@MIL,HOU,MIL,,,,,,C/1B/OF/UTIL
116507-163667,OF/1B,Jhonkensy,Jhonkensy Noel,Noel,4.207407350893374,27,2400,CLE@WSH,CLE,WSH,,,,,,C/1B/OF/UTIL
116507-163696,OF,Jack,Jack Suwinski,Suwinski,4.393750190734863,16,2400,PIT@STL,PIT,STL,,,,,,OF/UTIL
116507-157797,OF,Bryan,Bryan De La Cruz,De La Cruz,3.012500047683716,16,2300,SD@NYY,NYY,SD,,,,,,OF/UTIL
116507-102578,OF,Griffin,Griffin Conine,Conine,8.075,20,2300,LAD@MIA,MIA,LAD,IL,Shoulder,,,,OF/UTIL
116507-209172,1B,Andres,Andres Chaparro,Chaparro,8.481817996863162,33,2300,CLE@WSH,WSH,CLE,IL,Oblique,,,,C/1B/UTIL
116507-170471,OF,Oscar,Oscar Gonzalez,Gonzalez,3.6333334181043835,18,2300,SD@NYY,SD,NYY,,,,,,OF/UTIL
116507-82531,C,Andy,Andy Yerzy,Yerzy,,0,2300,PIT@STL,STL,PIT,,,,,,C/1B/UTIL
116507-80485,OF,Austin,Austin Slater,Slater,4.987500190734863,8,2300,CWS@KC,CWS,KC,IL,Knee,,,,OF/UTIL
116507-226041,OF/1B,Matt,Matt Gorski,Gorski,5.616666793823242,6,2300,PIT@STL,PIT,STL,,,,,,C/1B/OF/UTIL
116507-54068,OF,Hunter,Hunter Renfroe,Renfroe,3.4560000610351564,25,2300,CWS@KC,KC,CWS,,,,,,OF/UTIL
116507-11129,OF,Jason,Jason Heyward,Heyward,4.849999861283735,22,2300,SD@NYY,SD,NYY,,,,,,OF/UTIL
116507-101276,2B/3B,Jon,Jon Berti,Berti,6.659090909090909,22,2300,SF@CHC,CHC,SF,,,,,,2B/3B/UTIL
116507-82977,SS/3B/2B,Isiah,Isiah Kiner-Falefa,Kiner-Falefa,7.28999989827474,30,2300,PIT@STL,PIT,STL,IL,Hamstring,,,,2B/3B/SS/UTIL
116507-222287,SS,Chase,Chase Meidroth,Meidroth,8.523077157827524,13,2300,CWS@KC,CWS,KC,,,,,,SS/UTIL
116507-21666,OF/1B,Mark,Mark Canha,Canha,4.946666463216146,15,2300,CWS@KC,KC,CWS,,,,,,C/1B/OF/UTIL
116507-13567,3B/1B,DJ,DJ LeMahieu,LeMahieu,5.254285539899554,70,2300,SD@NYY,NYY,SD,IL,Calf,,,,C/1B/3B/UTIL
116507-193863,OF,Jacob,Jacob Young,Young,5.726666768391927,30,2300,CLE@WSH,WSH,CLE,,,,,,OF/UTIL
116507-79181,2B/OF,Mauricio,Mauricio Dubon,Dubon,4.778947529039885,19,2300,HOU@MIL,HOU,MIL,,,,,,2B/OF/UTIL
116507-21890,SS,Orlando,Orlando Arcia,Arcia,3.0700000762939452,10,2300,CIN@ATL,ATL,CIN,,,,,,SS/UTIL
116507-101844,OF,Lane,Lane Thomas,Thomas,3.8000001173753004,13,2300,CLE@WSH,CLE,WSH,IL,Wrist,,,,OF/UTIL
116507-71182,3B/1B,Jeimer,Jeimer Candelario,Candelario,5.572727203369141,22,2300,CIN@ATL,CIN,ATL,IL,Back,,,,C/1B/3B/UTIL
116507-71217,C,Omar,Omar Narvaez,Narvaez,6.425000190734863,4,2300,CWS@KC,CWS,KC,,,,,,C/1B/UTIL
116507-181851,3B/2B,Jared,Jared Triolo,Triolo,2.8954545801336113,22,2300,PIT@STL,PIT,STL,,,,,,2B/3B/UTIL
116507-220835,C,Liam,Liam Hicks,Hicks,7.2136362249201,22,2300,LAD@MIA,MIA,LAD,,,,,,C/1B/UTIL
116507-202431,SS/3B/OF,Daniel,Daniel Schneemann,Schneemann,7.4720001220703125,25,2300,CLE@WSH,CLE,WSH,,,,,,3B/SS/OF/UTIL
116507-169769,3B/SS,Vinny,Vinny Capra,Capra,2.7363636710427026,22,2300,HOU@MIL,MIL,HOU,,,,,,3B/SS/UTIL
116507-102398,OF,Jarred,Jarred Kelenic,Kelenic,4.278260935907778,23,2300,CIN@ATL,ATL,CIN,,,,,,OF/UTIL
116507-102402,OF,Alexander,Alexander Canario,Canario,3.933333333333333,15,2200,PIT@STL,PIT,STL,,,,,,OF/UTIL
116507-135194,C,Freddy,Freddy Fermin,Fermin,4.790909160267223,22,2200,CWS@KC,KC,CWS,,,,,,C/1B/UTIL
116507-102475,SS,Brayan,Brayan Rocchio,Rocchio,4.074999809265137,32,2200,CLE@WSH,CLE,WSH,,,,,,SS/UTIL
116507-135282,OF,Joshua,Joshua Palacios,Palacios,4.2272727272727275,22,2200,CWS@KC,CWS,KC,,,,,,OF/UTIL
116507-135284,C,Riley,Riley Adams,Adams,5.987500190734863,8,2200,CLE@WSH,WSH,CLE,,,,,,C/1B/UTIL
116507-145611,SS/2B/3B,Oswald,Oswald Peraza,Peraza,5.8600001017252605,15,2200,SD@NYY,NYY,SD,,,,,,2B/3B/SS/UTIL
116507-170350,OF,Dairon,Dairon Blanco,Blanco,6.133333206176758,3,2200,CWS@KC,KC,CWS,IL,Achilles,,,,OF/UTIL
116507-119346,C,Korey,Korey Lee,Lee,4.4555553860134545,9,2200,CWS@KC,CWS,KC,IL,Ankle,,,,C/1B/UTIL
116507-119365,SS/2B,Nasim,Nasim Nunez,Nunez,5.158333460489909,12,2200,CLE@WSH,WSH,CLE,,,,,,2B/SS/UTIL
116507-199342,3B,Graham,Graham Pauley,Pauley,5.068421213250411,19,2200,LAD@MIA,MIA,LAD,,,,,,3B/UTIL
116507-21172,1B/2B/3B,Brandon,Brandon Drury,Drury,4.8051547020981,97,2200,CWS@KC,CWS,KC,O,Thumb,,,,C/1B/2B/3B/UTIL
116507-183187,1B,Christian,Christian Encarnacion-Strand,Encarnacion-Strand,5.820000203450521,15,2200,CIN@ATL,CIN,ATL,IL,Back,,,,C/1B/UTIL
116507-68537,2B/3B/SS,Tyler,Tyler Wade,Wade,5.6058825324563415,17,2200,SD@NYY,SD,NYY,,,,,,2B/3B/SS/UTIL
116507-211906,3B/2B/SS,Thomas,Thomas Saggese,Saggese,7.592857360839844,14,2200,PIT@STL,STL,PIT,,,,,,2B/3B/SS/UTIL
116507-13390,SS/2B/3B,Miguel,Miguel Rojas,Rojas,4.057894656532689,19,2200,LAD@MIA,LAD,MIA,,,,,,2B/3B/SS/UTIL
116507-38004,C,Austin,Austin Hedges,Hedges,5.257142748151507,14,2200,CLE@WSH,CLE,WSH,,,,,,C/1B/UTIL
116507-38040,OF,Eddie,Eddie Rosario,Rosario,1,3,2200,CIN@ATL,ATL,CIN,,,,,,OF/UTIL
116507-197874,2B/3B,Oliver,Oliver Dunn,Dunn,4.985714503696987,14,2200,HOU@MIL,MIL,HOU,,,,,,2B/3B/UTIL
116507-146715,C/1B,Endy,Endy Rodriguez,Rodriguez,4.520000203450521,15,2200,PIT@STL,PIT,STL,IL,Finger,,,,C/1B/UTIL
116507-101910,1B/OF,Connor,Connor Joe,Joe,0.42857142857142855,7,2200,SD@NYY,SD,NYY,,,,,,C/1B/OF/UTIL
116507-165556,3B,Gage,Gage Workman,Workman,2.3333333333333335,12,2200,CWS@KC,CWS,KC,IL,Hip,,,,3B/UTIL
116507-202502,OF,Blake,Blake Dunn,Dunn,5.626923194298377,26,2200,CIN@ATL,CIN,ATL,,,,,,OF/UTIL
116507-165686,3B/SS/2B/1B,Casey,Casey Schmitt,Schmitt,3.9000000953674316,8,2200,SF@CHC,SF,CHC,IL,Oblique,,,,C/1B/2B/3B/SS/UTIL
116507-163671,3B,Jose,Jose Tena,Tena,4.861111111111111,18,2200,CLE@WSH,WSH,CLE,,,,,,3B/UTIL
116507-163695,2B,Jorbit,Jorbit Vivas,Vivas,6.400000254313151,3,2200,SD@NYY,NYY,SD,,,,,,2B/UTIL
116507-161677,C,Nick,Nick Fortes,Fortes,6.212500095367432,8,2200,LAD@MIA,MIA,LAD,,,,,,C/1B/UTIL
116507-198658,OF,Ronny,Ronny Simon,Simon,6.228571210588727,7,2100,LAD@MIA,MIA,LAD,,,,,,OF/UTIL
116507-102406,2B/SS/3B,Vidal,Vidal Brujan,Brujan,2.0222223069932728,9,2100,SF@CHC,CHC,SF,,,,,,2B/3B/SS/UTIL
116507-119325,2B,Tyler,Tyler Callihan,Callihan,2.1666666666666665,3,2100,CIN@ATL,CIN,ATL,,,,,,2B/UTIL
116507-119351,SS/2B/3B,Jake,Jake Amaya,Amaya,2.7037037037037037,27,2100,CWS@KC,CWS,KC,,,,,,2B/3B/SS/UTIL
116507-119404,2B/3B,Nick,Nick Maton,Maton,4.695652173913044,23,2100,CWS@KC,CWS,KC,,,,,,2B/3B/UTIL
116507-119439,C,Sam,Sam Huff,Huff,4.908333460489909,12,2100,SF@CHC,SF,CHC,,,,,,C/1B/UTIL
116507-13054,C,Rob,Rob Brantly,Brantly,4.166666666666667,3,2100,LAD@MIA,MIA,LAD,IL,Lat,,,,C/1B/UTIL
116507-213853,C,J.C.,J.C. Escarra,Escarra,5.627272865988991,11,2100,SD@NYY,NYY,SD,,,,,,C/1B/UTIL
116507-13253,C,Martin,Martin Maldonado,Maldonado,3.2315790276778373,19,2100,SD@NYY,SD,NYY,,,,,,C/1B/UTIL
116507-197753,OF,Johnathan,Johnathan Rodriguez,Rodriguez,0,4,2100,CLE@WSH,CLE,WSH,,,,,,OF/UTIL
116507-85249,1B/3B/OF,Bobby,Bobby Dalbec,Dalbec,4.842857360839844,7,2100,CWS@KC,CWS,KC,,,,,,C/1B/3B/OF/UTIL
116507-197918,SS,Tsung-Che,Tsung-Che Cheng,Cheng,0,3,2100,PIT@STL,PIT,STL,,,,,,SS/UTIL
116507-38297,C,Austin,Austin Barnes,Barnes,5.345454476096413,11,2100,LAD@MIA,LAD,MIA,,,,,,C/1B/UTIL
116507-95776,2B/SS/3B,Pablo,Pablo Reyes,Reyes,2.3769230475792518,13,2100,SD@NYY,NYY,SD,,,,,,2B/3B/SS/UTIL
116507-38561,OF/3B/2B,Chris,Chris Taylor,Taylor,1.2550000190734862,20,2100,LAD@MIA,LAD,MIA,,,,,,2B/3B/OF/UTIL
116507-222887,SS/2B,Christian,Christian Koss,Koss,3.0866666158040363,15,2100,SF@CHC,SF,CHC,,,,,,2B/SS/UTIL
116507-52995,C,Luke,Luke Maile,Maile,21.700000762939453,1,2100,CWS@KC,KC,CWS,,,,,,C/1B/UTIL
116507-165654,C/OF,Henry,Henry Davis,Davis,4.679999923706054,10,2100,PIT@STL,PIT,STL,,,,,,C/1B/OF/UTIL
116507-102295,OF,Stuart,Stuart Fairchild,Fairchild,1.9454545107754795,11,2100,CIN@ATL,ATL,CIN,,,,,,OF/UTIL
116507-102309,OF,Michael,Michael Siani,Siani,1.5444444020589192,18,2100,PIT@STL,STL,PIT,,,,,,OF/UTIL
116507-102331,2B/SS,Nicky,Nicky Lopez,Lopez,0.6199999809265136,10,2100,SF@CHC,CHC,SF,,,,,,2B/SS/UTIL
116507-102380,SS,Nick,Nick Allen,Allen,6.649999765249399,26,2100,CIN@ATL,ATL,CIN,,,,,,SS/UTIL
116507-102391,OF,Tirso,Tirso Ornelas,Ornelas,1.7857142857142858,7,2100,SD@NYY,SD,NYY,,,,,,OF/UTIL
116507-102403,SS/2B,Marco,Marco Luciano,Luciano,4.362068965517241,29,2000,SF@CHC,SF,CHC,,,,,,2B/SS/UTIL
116507-102409,OF,Nick,Nick Schnell,Schnell,,0,2000,CLE@WSH,WSH,CLE,,,,,,OF/UTIL
116507-102411,C,Andrew,Andrew Knizner,Knizner,2.9078947368421053,38,2000,CLE@WSH,WSH,CLE,,,,,,C/1B/UTIL
116507-102410,C,Ronaldo,Ronaldo Hernandez,Hernandez,,0,2000,SD@NYY,NYY,SD,,,,,,C/1B/UTIL
116507-102427,3B,Jordan,Jordan Groshans,Groshans,,0,2000,CWS@KC,KC,CWS,,,,,,3B/UTIL
116507-102451,OF,Brennen,Brennen Davis,Davis,0,2,2000,SD@NYY,NYY,SD,IL,Undisclosed,,,,OF/UTIL
116507-102453,SS/2B/3B,Zack,Zack Short,Short,3.388372022052144,43,2000,HOU@MIL,HOU,MIL,,,,,,2B/3B/SS/UTIL
116507-102452,OF,Nelson,Nelson Velazquez,Velazquez,7.760937690734863,64,2000,CWS@KC,KC,CWS,,,,,,OF/UTIL
116507-135227,2B,Jose,Jose Rojas,Rojas,,0,2000,SD@NYY,NYY,SD,,,,,,2B/UTIL
116507-102461,SS,Aaron,Aaron Bracho,Bracho,,0,2000,LAD@MIA,LAD,MIA,,,,,,SS/UTIL
116507-135242,C,P.J.,P.J. Higgins,Higgins,0,2,2000,CIN@ATL,CIN,ATL,,,,,,C/1B/UTIL
116507-102472,SS,Raynel,Raynel Delgado,Delgado,,0,2000,HOU@MIL,MIL,HOU,,,,,,SS/UTIL
116507-135246,OF,Dominic,Dominic Fletcher,Fletcher,4.406944274902344,72,2000,CWS@KC,CWS,KC,,,,,,OF/UTIL
116507-135254,2B,Eddy,Eddy Alvarez,Alvarez,0.8857142584664481,14,2000,CIN@ATL,ATL,CIN,,,,,,2B/UTIL
116507-135255,C,Brian,Brian Navarreto,Navarreto,,0,2000,LAD@MIA,MIA,LAD,,,,,,C/1B/UTIL
116507-135263,C,Brian,Brian O'Keefe,O'Keefe,,0,2000,CWS@KC,KC,CWS,,,,,,C/1B/UTIL
116507-102499,SS,Bryson,Bryson Brigman,Brigman,,0,2000,CIN@ATL,CIN,ATL,,,,,,SS/UTIL
116507-135269,OF,Zach,Zach DeLoach,DeLoach,6.065217391304348,23,2000,CWS@KC,CWS,KC,,,,,,OF/UTIL
116507-102512,OF,Carlos,Carlos Rodriguez,Rodriguez,,0,2000,CIN@ATL,ATL,CIN,,,,,,OF/UTIL
116507-116869,SS,Erick,Erick Mejia,Mejia,,0,2000,CLE@WSH,WSH,CLE,,,,,,SS/UTIL
116507-102537,OF,Everson,Everson Pereira,Pereira,0,3,2000,SD@NYY,NYY,SD,,,,,,OF/UTIL
116507-102541,OF,Jared,Jared Oliva,Oliva,,0,2000,HOU@MIL,MIL,HOU,,,,,,OF/UTIL
116507-135308,OF,Robert,Robert Hassell III,Hassell III,,0,2000,CLE@WSH,WSH,CLE,,,,,,OF/UTIL
116507-102550,C,Luis,Luis Campusano,Campusano,4.5,2,2000,SD@NYY,SD,NYY,,,,,,C/1B/UTIL
116507-184479,OF,Corey,Corey Julks,Julks,5.03582080442514,67,2000,CWS@KC,CWS,KC,,,,,,OF/UTIL
116507-184480,C,Cesar,Cesar Salazar,Salazar,6.615384615384615,13,2000,HOU@MIL,HOU,MIL,,,,,,C/1B/UTIL
116507-145617,C,David,David Garcia,Garcia,,0,2000,HOU@MIL,MIL,HOU,,,,,,C/1B/UTIL
116507-198869,C,Kyle,Kyle Teel,Teel,,0,2000,CWS@KC,CWS,KC,,,,,,C/1B/UTIL
116507-194773,C,Logan,Logan Porter,Porter,,0,2000,SF@CHC,SF,CHC,,,,,,C/1B/UTIL
116507-198875,OF,Chase,Chase DeLauter,DeLauter,,0,2000,CLE@WSH,CLE,WSH,IL,Abdomen,,,,OF/UTIL
116507-198878,3B,Sal,Sal Stewart,Stewart,,0,2000,CIN@ATL,CIN,ATL,,,,,,3B/UTIL
116507-198888,OF,Jacob,Jacob Melton,Melton,,0,2000,HOU@MIL,HOU,MIL,,,,,,OF/UTIL
116507-198893,C,Dalton,Dalton Rushing,Rushing,,0,2000,LAD@MIA,LAD,MIA,,,,,,C/1B/UTIL
116507-198892,OF,Josue,Josue De Paula,De Paula,,0,2000,LAD@MIA,LAD,MIA,,,,,,OF/UTIL
116507-198897,3B,Brock,Brock Wilken,Wilken,,0,2000,HOU@MIL,MIL,HOU,,,,,,3B/UTIL
116507-198900,OF,Spencer,Spencer Jones,Jones,,0,2000,SD@NYY,NYY,SD,,,,,,OF/UTIL
116507-198914,SS,Roderick,Roderick Arias,Arias,,0,2000,SD@NYY,NYY,SD,,,,,,SS/UTIL
116507-198918,C,Ethan,Ethan Salas,Salas,,0,2000,SD@NYY,SD,NYY,IL,Back,,,,C/1B/UTIL
116507-213262,C,Caleb,Caleb Knight,Knight,,0,2000,SF@CHC,CHC,SF,,,,,,C/1B/UTIL
116507-198937,OF,Bryce,Bryce Eldridge,Eldridge,,0,2000,SF@CHC,SF,CHC,,,,,,OF/UTIL
116507-82251,OF,Tim,Tim Locastro,Locastro,0,1,2000,SD@NYY,SD,NYY,,,,,,OF/UTIL
116507-194908,SS/2B/3B,Tristan,Tristan Gray,Gray,1.4,15,2000,CWS@KC,CWS,KC,,,,,,2B/3B/SS/UTIL
116507-211306,2B,Darren,Darren Baker,Baker,3.355555640326606,9,2000,CLE@WSH,WSH,CLE,,,,,,2B/UTIL
116507-135529,OF,Jake,Jake Vogel,Vogel,,0,2000,LAD@MIA,LAD,MIA,,,,,,OF/UTIL
116507-211345,2B,Michael,Michael Helman,Helman,2.3777777353922525,9,2000,PIT@STL,STL,PIT,IL,Undisclosed,,,,2B/UTIL
116507-180644,2B,Nate,Nate Mondou,Mondou,0,1,2000,SD@NYY,SD,NYY,,,,,,2B/UTIL
116507-96765,C,Joe,Joe Hudson,Hudson,0,1,2000,HOU@MIL,HOU,MIL,,,,,,C/1B/UTIL
116507-119304,SS/2B,Braden,Braden Shewmake,Shewmake,3.406896656957166,29,2000,SD@NYY,NYY,SD,,,,,,2B/SS/UTIL
116507-119308,SS,Adam,Adam Hall,Hall,,0,2000,HOU@MIL,MIL,HOU,,,,,,SS/UTIL
116507-219661,SS,Jared,Jared Serna,Serna,,0,2000,LAD@MIA,MIA,LAD,,,,,,SS/UTIL
116507-119314,C,Ethan,Ethan Hearn,Hearn,,0,2000,SF@CHC,CHC,SF,,,,,,C/1B/UTIL
116507-219664,OF,Matt,Matt Koperniak,Koperniak,,0,2000,PIT@STL,STL,PIT,,,,,,OF/UTIL
116507-119320,2B,Chase,Chase Strumpf,Strumpf,,0,2000,SF@CHC,CHC,SF,,,,,,2B/UTIL
116507-119327,SS,Ivan,Ivan Johnson,Johnson,,0,2000,CIN@ATL,CIN,ATL,,,,,,SS/UTIL
116507-119326,3B/OF,Rece,Rece Hinds,Hinds,7.434615501990685,26,2000,CIN@ATL,CIN,ATL,,,,,,3B/OF/UTIL
116507-207395,C,Eric,Eric Yang,Yang,0,1,2000,CIN@ATL,CIN,ATL,,,,,,C/1B/UTIL
116507-119332,SS,Yordys,Yordys Valdes,Valdes,,0,2000,CLE@WSH,CLE,WSH,,,,,,SS/UTIL
116507-219699,C,Jesus,Jesus Rodriguez,Rodriguez,,0,2000,SD@NYY,NYY,SD,,,,,,C/1B/UTIL
116507-119353,3B,Kody,Kody Hoese,Hoese,,0,2000,LAD@MIA,LAD,MIA,,,,,,3B/UTIL
116507-219704,SS,Ben,Ben Cowles,Cowles,,0,2000,SF@CHC,CHC,SF,,,,,,SS/UTIL
116507-156226,OF,Pedro,Pedro Leon,Leon,3.4571429661342075,7,2000,HOU@MIL,HOU,MIL,IL,Knee,,,,OF/UTIL
116507-119360,OF,Pablo,Pablo Abreu,Abreu,,0,2000,HOU@MIL,MIL,HOU,,,,,,OF/UTIL
116507-119362,SS,Eduardo,Eduardo Garcia,Garcia,,0,2000,HOU@MIL,MIL,HOU,,,,,,SS/UTIL
116507-80459,OF,Franchy,Franchy Cordero,Cordero,,0,2000,CLE@WSH,WSH,CLE,,,,,,OF/UTIL
116507-119371,2B,Devin,Devin Mann,Mann,,0,2000,SF@CHC,SF,CHC,,,,,,2B/UTIL
116507-119390,OF,Kevin,Kevin Alcantara,Alcantara,2.066666603088379,3,2000,SF@CHC,CHC,SF,,,,,,OF/UTIL
116507-119402,C,Rodolfo,Rodolfo Duran,Duran,,0,2000,SD@NYY,SD,NYY,,,,,,C/1B/UTIL
116507-119407,OF,Sammy,Sammy Siani,Siani,,0,2000,PIT@STL,PIT,STL,,,,,,OF/UTIL
116507-119408,2B/OF,Ji Hwan,Ji Hwan Bae,Bae,0,2,2000,PIT@STL,PIT,STL,,,,,,2B/OF/UTIL
116507-119419,OF,Hunter,Hunter Bishop,Bishop,,0,2000,SF@CHC,SF,CHC,,,,,,OF/UTIL
116507-119418,OF,Jairo,Jairo Pomares,Pomares,,0,2000,SF@CHC,SF,CHC,,,,,,OF/UTIL
116507-119421,3B,Malcom,Malcom Nunez,Nunez,,0,2000,PIT@STL,PIT,STL,,,,,,3B/UTIL
116507-82556,OF,Taylor,Taylor Trammell,Trammell,1.1272726925936611,11,2000,HOU@MIL,HOU,MIL,IL,Calf,,,,OF/UTIL
116507-82558,OF,Conner,Conner Capel,Capel,2.171428544180734,7,2000,CIN@ATL,ATL,CIN,,,,,,OF/UTIL
116507-119428,SS,Will,Will Wilson,Wilson,2.6500000953674316,8,2000,CLE@WSH,CLE,WSH,,,,,,SS/UTIL
116507-82567,1B/OF,Ryan,Ryan Vilade,Vilade,4.027777777777778,18,2000,PIT@STL,STL,PIT,,,,,,C/1B/OF/UTIL
116507-119432,SS,Greg,Greg Jones,Jones,2,3,2000,CWS@KC,CWS,KC,,,,,,SS/UTIL
116507-119434,OF,Moises,Moises Gomez,Gomez,,0,2000,SD@NYY,SD,NYY,,,,,,OF/UTIL
116507-119436,SS,Maximo,Maximo Acosta,Acosta,,0,2000,LAD@MIA,MIA,LAD,,,,,,SS/UTIL
116507-119440,3B/2B,Davis,Davis Wendzel,Wendzel,1.8714286259242467,28,2000,CIN@ATL,CIN,ATL,,,,,,2B/3B/UTIL
116507-164501,SS,Cal,Cal Conley,Conley,,0,2000,CIN@ATL,ATL,CIN,,,,,,SS/UTIL
116507-119450,OF,Jeremy,Jeremy De La Rosa,De La Rosa,,0,2000,CLE@WSH,WSH,CLE,,,,,,OF/UTIL
116507-82589,OF/1B,Nick,Nick Pratto,Pratto,0,2,2000,CWS@KC,KC,CWS,,,,,,C/1B/OF/UTIL
116507-164508,OF,Jesse,Jesse Franklin,Franklin,,0,2000,CIN@ATL,ATL,CIN,,,,,,OF/UTIL
116507-164527,SS,Cristian,Cristian Hernandez,Hernandez,,0,2000,SF@CHC,CHC,SF,,,,,,SS/UTIL
116507-164531,SS,Kevin,Kevin Made,Made,,0,2000,CLE@WSH,WSH,CLE,IL,Oblique,,,,SS/UTIL
116507-164528,SS,James,James Triantos,Triantos,,0,2000,SF@CHC,CHC,SF,,,,,,SS/UTIL
116507-82616,2B/3B/SS,Luis,Luis Guillorme,Guillorme,3.858227693581883,79,2000,HOU@MIL,HOU,MIL,,,,,,2B/3B/SS/UTIL
116507-82620,2B,Nick,Nick Solak,Solak,,0,2000,PIT@STL,PIT,STL,,,,,,2B/UTIL
116507-21183,C/1B,Carlos,Carlos Perez,Perez,,0,2000,SF@CHC,CHC,SF,,,,,,C/1B/UTIL
116507-162509,1B/OF,Juan,Juan Yepez,Yepez,8.784127371651786,63,2000,CLE@WSH,WSH,CLE,,,,,,C/1B/OF/UTIL
116507-17105,C,Sandy,Sandy Leon,Leon,0,2,2000,CIN@ATL,ATL,CIN,,,,,,C/1B/UTIL
116507-195289,OF,Cam,Cam Eden,Eden,,0,2000,SD@NYY,NYY,SD,IL,Undisclosed,,,,OF/UTIL
116507-187103,2B/3B/1B,Andruw,Andruw Monasterio,Monasterio,4.911864199880826,59,2000,HOU@MIL,MIL,HOU,,,,,,C/1B/2B/3B/UTIL
116507-82661,OF,Daniel,Daniel Johnson,Johnson,1.600000023841858,2,2000,SF@CHC,SF,CHC,,,,,,OF/UTIL
116507-17171,C,James,James McCann,McCann,7.277941086713006,68,2000,CIN@ATL,ATL,CIN,,,,,,C/1B/UTIL
116507-209703,OF,Grant,Grant McCray,McCray,7.17837854333826,37,2000,SF@CHC,SF,CHC,,,,,,OF/UTIL
116507-199466,3B/1B,Trey,Trey Lipscomb,Lipscomb,3.066666603088379,3,2000,CLE@WSH,WSH,CLE,,,,,,C/1B/3B/UTIL
116507-193328,OF,Wade,Wade Meckler,Meckler,0,2,2000,SF@CHC,SF,CHC,,,,,,OF/UTIL
116507-211774,1B/OF,Billy,Billy Cook,Cook,7.25,16,2000,PIT@STL,PIT,STL,,,,,,C/1B/OF/UTIL
116507-119627,OF,Erick,Erick Pena,Pena,,0,2000,CWS@KC,KC,CWS,,,,,,OF/UTIL
116507-119626,OF,Hudson,Hudson Head,Head,,0,2000,PIT@STL,PIT,STL,,,,,,OF/UTIL
116507-119632,OF,Hedbert,Hedbert Perez,Perez,,0,2000,HOU@MIL,MIL,HOU,,,,,,OF/UTIL
116507-119634,SS/2B,Liover,Liover Peguero,Peguero,4,4,2000,PIT@STL,PIT,STL,,,,,,2B/SS/UTIL
116507-119636,SS,Alexander,Alexander Vargas,Vargas,,0,2000,SD@NYY,NYY,SD,,,,,,SS/UTIL
116507-174963,SS,Charles,Charles Leblanc,Leblanc,8.290908813476562,11,2000,CIN@ATL,ATL,CIN,IL,Undisclosed,,,,SS/UTIL
116507-203641,SS,Levi,Levi Jordan,Jordan,1.8142856870378767,7,2000,CIN@ATL,CIN,ATL,,,,,,SS/UTIL
116507-170879,C,Chris,Chris Okey,Okey,0,2,2000,LAD@MIA,LAD,MIA,,,,,,C/1B/UTIL
116507-52157,C,Tom,Tom Murphy,Murphy,3.7571427481515065,14,2000,SF@CHC,SF,CHC,IL,Back,,,,C/1B/UTIL
116507-52170,1B,Dominic,Dominic Smith,Smith,6.866666404149866,93,2000,SD@NYY,NYY,SD,,,,,,C/1B/UTIL
116507-68554,SS,Andrew,Andrew Velazquez,Velazquez,0,2,2000,SD@NYY,NYY,SD,,,,,,SS/UTIL
116507-13262,OF,Jurickson,Jurickson Profar,Profar,4.599999904632568,4,2000,CIN@ATL,ATL,CIN,NA,Suspension,,,,OF/UTIL
116507-52182,C,Reese,Reese McGuire,McGuire,5.203703703703703,54,2000,SF@CHC,CHC,SF,,,,,,C/1B/UTIL
116507-97291,2B,Harold,Harold Castro,Castro,,0,2000,CWS@KC,KC,CWS,,,,,,2B/UTIL
116507-13343,2B,Dixon,Dixon Machado,Machado,,0,2000,SF@CHC,CHC,SF,,,,,,2B/UTIL
116507-171037,C,Jason,Jason Delay,Delay,6.400000095367432,8,2000,CIN@ATL,ATL,CIN,,,,,,C/1B/UTIL
116507-222286,OF,Braden,Braden Montgomery,Montgomery,,0,2000,CWS@KC,CWS,KC,,,,,,OF/UTIL
116507-83051,2B/3B,David,David Bote,Bote,2.4051282833784056,39,2000,LAD@MIA,LAD,MIA,,,,,,2B/3B/UTIL
116507-13436,C,Max,Max Stassi,Stassi,0,1,2000,SF@CHC,SF,CHC,,,,,,C/1B/UTIL
116507-81046,1B,Garrett,Garrett Cooper,Cooper,4.883783701303843,37,2000,CIN@ATL,ATL,CIN,,,,,,C/1B/UTIL
116507-195795,C,Chandler,Chandler Seagle,Seagle,,0,2000,CIN@ATL,ATL,CIN,,,,,,C/1B/UTIL
116507-60634,OF,Forrest,Forrest Wall,Wall,4.072222391764323,18,2000,SD@NYY,SD,NYY,,,,,,OF/UTIL
116507-83174,3B,Sergio,Sergio Alcantara,Alcantara,0,2,2000,SF@CHC,SF,CHC,,,,,,3B/UTIL
116507-60649,C,Alex,Alex Jackson,Jackson,4.196551618904903,58,2000,SD@NYY,NYY,SD,,,,,,C/1B/UTIL
116507-146671,OF,Austin,Austin Hendrick,Hendrick,,0,2000,CIN@ATL,CIN,ATL,,,,,,OF/UTIL
116507-79087,1B,Michael,Michael Chavis,Chavis,0,1,2000,LAD@MIA,LAD,MIA,,,,,,C/1B/UTIL
116507-146668,2B,Nick,Nick Yorke,Yorke,8.754545731977982,11,2000,PIT@STL,PIT,STL,,,,,,2B/UTIL
116507-146674,OF,Owen,Owen Caissie,Caissie,,0,2000,SF@CHC,CHC,SF,,,,,,OF/UTIL
116507-146672,SS,Reginald,Reginald Preciado,Preciado,,0,2000,SF@CHC,CHC,SF,,,,,,SS/UTIL
116507-146673,SS,Ed,Ed Howard,Howard,,0,2000,SF@CHC,CHC,SF,,,,,,SS/UTIL
116507-197883,OF,Kenedy,Kenedy Corona,Corona,0,1,2000,HOU@MIL,HOU,MIL,,,,,,OF/UTIL
116507-146686,OF,Colin,Colin Barber,Barber,,0,2000,HOU@MIL,HOU,MIL,,,,,,OF/UTIL
116507-146690,3B/2B/1B,Nick,Nick Loftin,Loftin,4.620689655172414,58,2000,CWS@KC,KC,CWS,,,,,,C/1B/2B/3B/UTIL
116507-197895,OF,Tyler,Tyler Gentry,Gentry,0,4,2000,CWS@KC,KC,CWS,,,,,,OF/UTIL
116507-79115,OF,Greg,Greg Allen,Allen,0,3,2000,SF@CHC,CHC,SF,,,,,,OF/UTIL
116507-79119,OF,Will,Will Benson,Benson,0,1,2000,CIN@ATL,CIN,ATL,,,,,,OF/UTIL
116507-146700,SS,Freddy,Freddy Zamora,Zamora,,0,2000,HOU@MIL,MIL,HOU,,,,,,SS/UTIL
116507-197915,C,Hunter,Hunter Feduccia,Feduccia,1.5,2,2000,LAD@MIA,LAD,MIA,,,,,,C/1B/UTIL
116507-85274,OF,DJ,DJ Stewart,Stewart,4.864473844829359,76,2000,PIT@STL,PIT,STL,,,,,,OF/UTIL
116507-197912,OF,Jacob,Jacob Hurtubise,Hurtubise,2.0444444020589194,9,2000,CIN@ATL,CIN,ATL,,,,,,OF/UTIL
116507-146718,SS,Casey,Casey Martin,Martin,,0,2000,HOU@MIL,MIL,HOU,,,,,,SS/UTIL
116507-197917,OF,Victor,Victor Mesa Jr.,Mesa Jr.,0,2,2000,LAD@MIA,MIA,LAD,IL,Hamstring,,,,OF/UTIL
116507-79136,OF,Daz,Daz Cameron,Cameron,3.7400001525878905,5,2000,HOU@MIL,MIL,HOU,,,,,,OF/UTIL
116507-146726,OF,Josh,Josh Mears,Mears,,0,2000,SD@NYY,SD,NYY,,,,,,OF/UTIL
116507-146731,SS/2B,Alika,Alika Williams,Williams,4.191892056851773,37,2000,PIT@STL,PIT,STL,,,,,,2B/SS/UTIL
116507-146735,OF,Roismar,Roismar Quintana,Quintana,,0,2000,CLE@WSH,WSH,CLE,,,,,,OF/UTIL
116507-38196,1B,Jake,Jake Lamb,Lamb,0,1,2000,SF@CHC,SF,CHC,,,,,,C/1B/UTIL
116507-79156,SS/2B,David,David Fletcher,Fletcher,2.1666666666666665,6,2000,CIN@ATL,ATL,CIN,,,,,,2B/SS/UTIL
116507-181596,2B/3B,Jose,Jose Fermin,Fermin,2.434042585656998,47,2000,PIT@STL,STL,PIT,,,,,,2B/3B/UTIL
116507-38276,OF,Albert,Albert Almora,Almora,0,2,2000,LAD@MIA,MIA,LAD,,,,,,OF/UTIL
116507-152972,2B/OF,Luke,Luke Williams,Williams,2.702564141689203,39,2000,CIN@ATL,ATL,CIN,,,,,,2B/OF/UTIL
116507-38293,OF,Tyler,Tyler Naquin,Naquin,,0,2000,CLE@WSH,CLE,WSH,,,,,,OF/UTIL
116507-193947,SS,Mason,Mason McCoy,McCoy,0,4,2000,SD@NYY,SD,NYY,IL,Finger,,,,SS/UTIL
116507-38324,C,Jorge,Jorge Alfaro,Alfaro,,0,2000,HOU@MIL,MIL,HOU,,,,,,C/1B/UTIL
116507-101821,1B,Edwin,Edwin Rios,Rios,1.8399999618530274,5,2000,CIN@ATL,CIN,ATL,,,,,,C/1B/UTIL
116507-202259,1B,Trenton,Trenton Brooks,Brooks,3.3416665395100913,12,2000,SD@NYY,SD,NYY,,,,,,C/1B/UTIL
116507-79387,3B,Jake,Jake Gatewood,Gatewood,,0,2000,SD@NYY,NYY,SD,,,,,,3B/UTIL
116507-181790,OF,Diego,Diego Hernandez,Hernandez,,0,2000,CWS@KC,KC,CWS,,,,,,OF/UTIL
116507-175654,OF,Bryce,Bryce Johnson,Johnson,2.442553256420379,47,2000,SD@NYY,SD,NYY,,,,,,OF/UTIL
116507-181818,2B,Juan,Juan Brito,Brito,0,3,2000,CLE@WSH,CLE,WSH,O,Thumb,,,,2B/UTIL
116507-181820,OF/2B/SS,Brett,Brett Wisely,Wisely,0,2,2000,SF@CHC,SF,CHC,,,,,,2B/SS/OF/UTIL
116507-222781,3B,Cam,Cam Collier,Collier,,0,2000,CIN@ATL,CIN,ATL,IL,Thumb,,,,3B/UTIL
116507-222780,SS,Starlyn,Starlyn Caba,Caba,,0,2000,LAD@MIA,MIA,LAD,,,,,,SS/UTIL
116507-181824,SS,Osleivis,Osleivis Basabe,Basabe,0,1,2000,SF@CHC,SF,CHC,,,,,,SS/UTIL
116507-222791,OF,Zyhir,Zyhir Hope,Hope,,0,2000,LAD@MIA,LAD,MIA,,,,,,OF/UTIL
116507-222788,SS,Alex,Alex Freeland,Freeland,,0,2000,LAD@MIA,LAD,MIA,,,,,,SS/UTIL
116507-222795,SS,George,George Lombard Jr.,Lombard Jr.,,0,2000,SD@NYY,NYY,SD,,,,,,SS/UTIL
116507-222799,C,Cooper,Cooper Ingle,Ingle,,0,2000,CLE@WSH,CLE,WSH,,,,,,C/1B/UTIL
116507-222798,1B,CJ,CJ Kayfus,Kayfus,,0,2000,CLE@WSH,CLE,WSH,,,,,,C/1B/UTIL
116507-167500,OF,Joey,Joey Wiemer,Wiemer,1.4476190294538225,21,2000,CWS@KC,KC,CWS,,,,,,OF/UTIL
116507-222797,2B,Travis,Travis Bazzana,Bazzana,,0,2000,CLE@WSH,CLE,WSH,,,,,,2B/UTIL
116507-222796,SS,Angel,Angel Genao,Genao,,0,2000,CLE@WSH,CLE,WSH,IL,Shoulder,,,,SS/UTIL
116507-222801,OF,Jaison,Jaison Chourio,Chourio,,0,2000,CLE@WSH,CLE,WSH,,,,,,OF/UTIL
116507-222800,1B,Ralphy,Ralphy Velazquez,Velazquez,,0,2000,CLE@WSH,CLE,WSH,,,,,,C/1B/UTIL
116507-222806,1B,Jac,Jac Caglianone,Caglianone,,0,2000,CWS@KC,KC,CWS,,,,,,C/1B/UTIL
116507-222805,C,Blake,Blake Mitchell,Mitchell,,0,2000,CWS@KC,KC,CWS,IL,Wrist,,,,C/1B/UTIL
116507-222815,3B,Mike,Mike Boeve,Boeve,,0,2000,HOU@MIL,MIL,HOU,IL,Shoulder,,,,3B/UTIL
116507-222818,SS,Leodalis,Leodalis De Vries,De Vries,,0,2000,SD@NYY,SD,NYY,,,,,,SS/UTIL
116507-181856,3B,Andre,Andre Lipcius,Lipcius,,0,2000,CWS@KC,CWS,KC,,,,,,3B/UTIL
116507-222817,SS,Jesus,Jesus Made,Made,,0,2000,HOU@MIL,MIL,HOU,,,,,,SS/UTIL
116507-222816,SS,Cooper,Cooper Pratt,Pratt,,0,2000,HOU@MIL,MIL,HOU,,,,,,SS/UTIL
116507-222823,SS,Konnor,Konnor Griffin,Griffin,,0,2000,PIT@STL,PIT,STL,,,,,,SS/UTIL
116507-222824,2B,Termarr,Termarr Johnson,Johnson,,0,2000,PIT@STL,PIT,STL,,,,,,2B/UTIL
116507-222831,SS,Jackson,Jackson Cluff,Cluff,,0,2000,CLE@WSH,WSH,CLE,,,,,,SS/UTIL
116507-222829,SS,Seaver,Seaver King,King,,0,2000,CLE@WSH,WSH,CLE,,,,,,SS/UTIL
116507-222835,C,Jimmy,Jimmy Crooks,Crooks,,0,2000,PIT@STL,STL,PIT,,,,,,C/1B/UTIL
116507-222838,SS,Jefferson,Jefferson Rojas,Rojas,,0,2000,SF@CHC,CHC,SF,,,,,,SS/UTIL
116507-222837,C,Moises,Moises Ballesteros,Ballesteros,,0,2000,SF@CHC,CHC,SF,,,,,,C/1B/UTIL
116507-222836,SS,JJ,JJ Wetherholt,Wetherholt,,0,2000,PIT@STL,STL,PIT,,,,,,SS/UTIL
116507-222845,SS,Brice,Brice Matthews,Matthews,,0,2000,HOU@MIL,HOU,MIL,,,,,,SS/UTIL
116507-165510,OF,Jay,Jay Allen,Allen,,0,2000,CIN@ATL,CIN,ATL,,,,,,OF/UTIL
116507-165511,C,Mat,Mat Nelson,Nelson,,0,2000,CIN@ATL,CIN,ATL,,,,,,C/1B/UTIL
116507-165515,OF,Malvin,Malvin Valdez,Valdez,,0,2000,CIN@ATL,CIN,ATL,,,,,,OF/UTIL
116507-165519,OF,Petey,Petey Halpin,Halpin,,0,2000,CLE@WSH,CLE,WSH,,,,,,OF/UTIL
116507-165517,OF,Ariel,Ariel Almonte,Almonte,,0,2000,CIN@ATL,CIN,ATL,,,,,,OF/UTIL
116507-165535,SS,Colson,Colson Montgomery,Montgomery,,0,2000,CWS@KC,CWS,KC,,,,,,SS/UTIL
116507-165533,3B,Wes,Wes Kath,Kath,,0,2000,CWS@KC,CWS,KC,,,,,,3B/UTIL
116507-165540,3B,Bryan,Bryan Ramos,Ramos,6.063636548591383,33,2000,CWS@KC,CWS,KC,,,,,,3B/UTIL
116507-220848,SS,Christian,Christian Cairo,Cairo,,0,2000,CLE@WSH,CLE,WSH,,,,,,SS/UTIL
116507-165558,OF,Tyler,Tyler Whitaker,Whitaker,,0,2000,HOU@MIL,HOU,MIL,,,,,,OF/UTIL
116507-222902,2B,Tyler,Tyler Tolbert,Tolbert,3.507692190317007,13,2000,CWS@KC,KC,CWS,,,,,,2B/UTIL
116507-165563,SS,Cristian,Cristian Gonzalez,Gonzalez,,0,2000,HOU@MIL,HOU,MIL,,,,,,SS/UTIL
116507-165567,3B/2B,Shay,Shay Whitcomb,Whitcomb,3.584999847412109,20,2000,HOU@MIL,HOU,MIL,,,,,,2B/3B/UTIL
116507-165565,2B,Peyton,Peyton Wilson,Wilson,,0,2000,CWS@KC,KC,CWS,,,,,,2B/UTIL
116507-165574,SS,Daniel,Daniel Vazquez,Vazquez,,0,2000,CWS@KC,KC,CWS,,,,,,SS/UTIL
116507-165579,C,Carter,Carter Jensen,Jensen,,0,2000,CWS@KC,KC,CWS,,,,,,C/1B/UTIL
116507-165590,SS,Wilman,Wilman Diaz,Diaz,,0,2000,LAD@MIA,LAD,MIA,,,,,,SS/UTIL
116507-198359,3B,Deyvison,Deyvison De Los Santos,De Los Santos,0,2,2000,LAD@MIA,MIA,LAD,,,,,,3B/UTIL
116507-165593,OF,Jose,Jose Ramos,Ramos,0,2,2000,LAD@MIA,LAD,MIA,,,,,,OF/UTIL
116507-165598,C,Jesus,Jesus Galiz,Galiz,,0,2000,LAD@MIA,LAD,MIA,IL,Undisclosed,,,,C/1B/UTIL
116507-165597,SS,Kahlil,Kahlil Watson,Watson,,0,2000,CLE@WSH,CLE,WSH,,,,,,SS/UTIL
116507-165602,C,Joe,Joe Mack,Mack,,0,2000,LAD@MIA,MIA,LAD,,,,,,C/1B/UTIL
116507-165603,SS,Yiddi,Yiddi Cappe,Cappe,,0,2000,LAD@MIA,MIA,LAD,,,,,,SS/UTIL
116507-165606,1B/3B/OF,Tyler,Tyler Black,Black,5.433333502875434,18,2000,HOU@MIL,MIL,HOU,IL,Hand,,,,C/1B/3B/OF/UTIL
116507-165607,SS,Jordan,Jordan McCants,McCants,,0,2000,LAD@MIA,MIA,LAD,,,,,,SS/UTIL
116507-165604,C,Jeferson,Jeferson Quero,Quero,,0,2000,HOU@MIL,MIL,HOU,IL,Hamstring,,,,C/1B/UTIL
116507-165610,3B,Zavier,Zavier Warren,Warren,,0,2000,HOU@MIL,MIL,HOU,,,,,,3B/UTIL
116507-165608,2B,Cody,Cody Morissette,Morissette,,0,2000,LAD@MIA,MIA,LAD,,,,,,2B/UTIL
116507-165619,SS,Noah,Noah Miller,Miller,,0,2000,LAD@MIA,LAD,MIA,IL,Knee,,,,SS/UTIL
116507-165622,SS,Jheremy,Jheremy Vargas,Vargas,,0,2000,HOU@MIL,MIL,HOU,,,,,,SS/UTIL
116507-165627,3B,Jaylen,Jaylen Palmer,Palmer,,0,2000,SF@CHC,CHC,SF,,,,,,3B/UTIL
116507-202501,OF,Duke,Duke Ellis,Ellis,3.0166667302449546,12,2000,SD@NYY,NYY,SD,,,,,,OF/UTIL
116507-206608,SS/2B,Nacho,Nacho Alvarez Jr.,Alvarez Jr.,2.2750000953674316,8,2000,CIN@ATL,ATL,CIN,IL,Wrist,,,,2B/SS/UTIL
116507-165652,OF,Yhoswar,Yhoswar Garcia,Garcia,,0,2000,HOU@MIL,MIL,HOU,,,,,,OF/UTIL
116507-165658,SS,Maikol,Maikol Escotto,Escotto,,0,2000,PIT@STL,PIT,STL,,,,,,SS/UTIL
116507-165656,OF,Lonnie,Lonnie White,White,,0,2000,PIT@STL,PIT,STL,,,,,,OF/UTIL
116507-165663,SS,Victor,Victor Acosta,Acosta,,0,2000,CIN@ATL,CIN,ATL,,,,,,SS/UTIL
116507-165667,OF,Samuel,Samuel Zavala,Zavala,,0,2000,CWS@KC,CWS,KC,,,,,,OF/UTIL
116507-165670,C,Brandon,Brandon Valenzuela,Valenzuela,,0,2000,SD@NYY,SD,NYY,,,,,,C/1B/UTIL
116507-165675,SS,Edwin,Edwin Arroyo,Arroyo,,0,2000,CIN@ATL,CIN,ATL,,,,,,SS/UTIL
116507-165685,SS,Aeverson,Aeverson Arteaga,Arteaga,,0,2000,SF@CHC,SF,CHC,,,,,,SS/UTIL
116507-165690,C,Brett,Brett Auerbach,Auerbach,,0,2000,SF@CHC,SF,CHC,,,,,,C/1B/UTIL
116507-165692,OF,Joshua,Joshua Baez,Baez,,0,2000,PIT@STL,STL,PIT,,,,,,OF/UTIL
116507-110404,3B,Mike,Mike Brosseau,Brosseau,0,1,2000,SD@NYY,SD,NYY,,,,,,3B/UTIL
116507-165703,OF,Heriberto,Heriberto Hernandez,Hernandez,,0,2000,LAD@MIA,MIA,LAD,,,,,,OF/UTIL
116507-163661,3B/2B,Eguy,Eguy Rosario,Rosario,4.193548387096774,31,2000,SD@NYY,SD,NYY,,,,,,2B/3B/UTIL
116507-163669,C,Bryan,Bryan Lavastida,Lavastida,,0,2000,HOU@MIL,HOU,MIL,,,,,,C/1B/UTIL
116507-165726,SS,Brady,Brady House,House,,0,2000,CLE@WSH,WSH,CLE,,,,,,SS/UTIL
116507-163679,3B,Joe,Joe Perez,Perez,,0,2000,CWS@KC,CWS,KC,,,,,,3B/UTIL
116507-165725,OF,Daylen,Daylen Lile,Lile,,0,2000,CLE@WSH,WSH,CLE,,,,,,OF/UTIL
116507-165730,C,Drew,Drew Millas,Millas,5.661904834565663,21,2000,CLE@WSH,WSH,CLE,,,,,,C/1B/UTIL
116507-165728,SS,Armando,Armando Cruz,Cruz,,0,2000,CLE@WSH,WSH,CLE,,,,,,SS/UTIL
116507-165732,1B,Branden,Branden Boissiere,Boissiere,,0,2000,CLE@WSH,WSH,CLE,,,,,,C/1B/UTIL
116507-163691,OF,James,James Outman,Outman,4.75740729437934,54,2000,LAD@MIA,LAD,MIA,,,,,,OF/UTIL
116507-163694,SS,Eddys,Eddys Leonard,Leonard,0,1,2000,CIN@ATL,ATL,CIN,,,,,,SS/UTIL
116507-163704,OF,Cooper,Cooper Hummel,Hummel,0.8571428571428571,7,2000,SD@NYY,NYY,SD,,,,,,OF/UTIL
116507-180095,OF,Will,Will Brennan,Brennan,5.891735738959194,121,2000,CLE@WSH,CLE,WSH,,,,,,OF/UTIL
116507-171923,1B,Darick,Darick Hall,Hall,0,2,2000,PIT@STL,PIT,STL,,,,,,C/1B/UTIL
116507-182170,OF,Oscar,Oscar Colas,Colas,4.228571483067104,14,2000,CWS@KC,CWS,KC,,,,,,OF/UTIL
116507-79776,C,Dom,Dom Nunez,Nunez,,0,2000,CLE@WSH,CLE,WSH,,,,,,C/1B/UTIL
116507-102307,SS/OF,Jose,Jose Barrero,Barrero,1.8399999618530274,5,2000,PIT@STL,STL,PIT,,,,,,SS/OF/UTIL
116507-102313,OF,George,George Valera,Valera,0,3,2000,CLE@WSH,CLE,WSH,IL,Knee,,,,OF/UTIL
116507-163772,C,Brett,Brett Sullivan,Sullivan,3.9000000953674316,8,2000,PIT@STL,PIT,STL,,,,,,C/1B/UTIL
116507-171986,3B,Matthew,Matthew Batten,Batten,4.5,2,2000,CIN@ATL,ATL,CIN,,,,,,3B/UTIL
116507-102359,C,Will,Will Banfield,Banfield,,0,2000,CIN@ATL,CIN,ATL,,,,,,C/1B/UTIL
116507-102358,SS,Jose,Jose Devers,Devers,1.2399999618530273,5,2000,CIN@ATL,ATL,CIN,,,,,,SS/UTIL
116507-102360,OF,Connor,Connor Scott,Scott,,0,2000,CWS@KC,KC,CWS,,,,,,OF/UTIL
116507-102374,C,Anthony,Anthony Seigler,Seigler,,0,2000,HOU@MIL,MIL,HOU,,,,,,C/1B/UTIL
116507-102388,OF,Cal,Cal Mitchell,Mitchell,,0,2000,SF@CHC,SF,CHC,,,,,,OF/UTIL
116507-102392,OF,Esteury,Esteury Ruiz,Ruiz,5.896551724137931,29,2000,LAD@MIA,LAD,MIA,,,,,,OF/UTIL