Id,Position,First Name,Nickname,Last Name,FPPG,Played,Salary,Game,Team,Opponent,Injury Indicator,Injury Details,Tier,Probable Pitcher,Batting Order,Roster Position
117667-197980,P,Paul,Paul Skenes,Skenes,39.38461538461539,13,11000,HOU@PIT,PIT,HOU,,,,,,P
117667-146687,P,Hunter,Hunter Brown,Brown,43,12,10900,HOU@PIT,HOU,PIT,,,,,,P
117667-60633,P,Carlos,Carlos Rodon,Rodon,41.76923076923077,13,10700,CLE@NYY,NYY,CLE,,,,,,P
117667-13233,P,Nathan,Nathan Eovaldi,Eovaldi,37.25,12,10400,TEX@TB,TEX,TB,IL,Triceps,,,,P
117667-85599,P,Framber,Framber Valdez,Valdez,36.5,12,10300,HOU@PIT,HOU,PIT,,,,Yes,,P
117667-52185,P,Max,Max Fried,Fried,38.416666666666664,12,10100,CLE@NYY,NYY,CLE,,,,Yes,,P
117667-82635,P,MacKenzie,MacKenzie Gore,Gore,40.61538461538461,13,10000,CHC@WSH,WSH,CHC,,,,,,P
117667-52859,P,Jacob,Jacob deGrom,deGrom,33.5,12,9600,TEX@TB,TEX,TB,,,,,,P
117667-63136,P,Matthew,Matthew Boyd,Boyd,34.083333333333336,12,9600,CHC@WSH,CHC,WSH,,,,,,P
117667-198885,P,Spencer,Spencer Arrighetti,Arrighetti,22.5,2,9300,HOU@PIT,HOU,PIT,IL,Thumb,,,,P
117667-102407,P,Shane,Shane McClanahan,McClanahan,0,1,9200,TEX@TB,TB,TEX,IL,Triceps,,,,P
117667-82554,P,Shane,Shane Bieber,Bieber,58,5,9200,CLE@NYY,CLE,NYY,IL,Elbow,,,,P
117667-198702,P,Shota,Shota Imanaga,Imanaga,27.5,8,9000,CHC@WSH,CHC,WSH,IL,Hamstring,,,,P
117667-83166,P,Zack,Zack Littell,Littell,27.833333333333332,12,9000,TEX@TB,TB,TEX,,,,,,P
117667-79109,P,Tyler,Tyler Mahle,Mahle,29.46153846153846,13,9000,TEX@TB,TEX,TB,,,,,,P
117667-135647,P,Ryan,Ryan Pepiot,Pepiot,29.416666666666668,12,9000,TEX@TB,TB,TEX,,,,Yes,,P
117667-16956,P,Gerrit,Gerrit Cole,Cole,32,22,9000,CLE@NYY,NYY,CLE,IL,Elbow,,,,P
117667-16961,P,Jameson,Jameson Taillon,Taillon,28.5,12,9000,CHC@WSH,CHC,WSH,,,,,,P
117667-146725,P,Jared,Jared Jones,Jones,30.59090909090909,22,8900,HOU@PIT,PIT,HOU,IL,Elbow,,,,P
117667-82621,P,Clarke,Clarke Schmidt,Schmidt,28.77777777777778,9,8900,CLE@NYY,NYY,CLE,,,,,,P
117667-118206,P,Luis,Luis Gil,Gil,30.29032258064516,31,8800,CLE@NYY,NYY,CLE,IL,Lat,,,,P
117667-119361,P,Drew,Drew Rasmussen,Rasmussen,29.5,12,8800,TEX@TB,TB,TEX,,,,,,P
117667-79217,P,Mitch,Mitch Keller,Keller,27.75,12,8700,HOU@PIT,PIT,HOU,,,,Yes,,P
117667-165698,P,Taj,Taj Bradley,Bradley,30.583333333333332,12,8500,TEX@TB,TB,TEX,,,,,,P
117667-168872,P,Ronel,Ronel Blanco,Blanco,28.555555555555557,9,8500,HOU@PIT,HOU,PIT,IL,Elbow,,,,P
117667-181837,P,Ben,Ben Brown,Brown,25.083333333333332,12,8400,CHC@WSH,CHC,WSH,,,,,,P
117667-165518,P,Gavin,Gavin Williams,Williams,28.583333333333332,12,8400,CLE@NYY,CLE,NYY,,,,,,P
117667-165636,P,Hayden,Hayden Wesneski,Wesneski,24.833333333333332,6,8300,HOU@PIT,HOU,PIT,IL,Elbow,,,,P
117667-68485,P,Ryan,Ryan Yarbrough,Yarbrough,17.76923076923077,13,8300,CLE@NYY,NYY,CLE,,,,,,P
117667-52159,P,Lance,Lance McCullers Jr.,McCullers Jr.,25,6,8300,HOU@PIT,HOU,PIT,,,,,,P
117667-198912,P,Will,Will Warren,Warren,24.583333333333332,12,8200,CLE@NYY,NYY,CLE,,,,,,P
117667-165706,P,Jack,Jack Leiter,Leiter,24.77777777777778,9,8200,TEX@TB,TEX,TB,,,,Yes,,P
117667-198876,P,Cade,Cade Horton,Horton,24,5,8100,CHC@WSH,CHC,WSH,,,,,,P
117667-102684,P,Jake,Jake Irvin,Irvin,26.583333333333332,12,8100,CHC@WSH,WSH,CHC,,,,Yes,,P
117667-179725,P,Luis,Luis Ortiz,Ortiz,29.583333333333332,12,7900,CLE@NYY,CLE,NYY,,,,,,P
117667-211874,P,Kumar,Kumar Rocker,Rocker,12.333333333333334,6,7900,TEX@TB,TEX,TB,,,,,,P
117667-52167,P,Andrew,Andrew Heaney,Heaney,24.916666666666668,12,7900,HOU@PIT,PIT,HOU,,,,,,P
117667-185501,P,Tanner,Tanner Bibee,Bibee,27.5,12,7800,CLE@NYY,CLE,NYY,,,,,,P
117667-185896,P,Cody,Cody Bradford,Bradford,29.785714285714285,14,7800,TEX@TB,TEX,TB,IL,Elbow,,,,P
117667-82630,P,Shane,Shane Baz,Baz,26.166666666666668,12,7800,TEX@TB,TB,TEX,,,,,,P
117667-165655,P,Bubba,Bubba Chandler,Chandler,,0,7800,HOU@PIT,PIT,HOU,,,,,,P
117667-79073,P,Michael,Michael Soroka,Soroka,22.166666666666668,6,7700,CHC@WSH,WSH,CHC,,,,,,P
117667-64488,P,Colin,Colin Rea,Rea,20.25,12,7700,CHC@WSH,CHC,WSH,,,,,,P
117667-145625,P,Bailey,Bailey Falter,Falter,25,12,7600,HOU@PIT,PIT,HOU,,,,,,P
117667-97300,P,John,John Means,Means,28,5,7500,CLE@NYY,CLE,NYY,IL,Elbow,,,,P
117667-146663,P,Slade,Slade Cecconi,Cecconi,26.666666666666668,3,7500,CLE@NYY,CLE,NYY,,,,Yes,,P
117667-79118,P,Triston,Triston McKenzie,McKenzie,2,4,7500,CLE@NYY,CLE,NYY,,,,,,P
117667-164532,P,DJ,DJ Herz,Herz,25.94736842105263,19,7500,CHC@WSH,WSH,CHC,IL,Elbow,,,,P
117667-60646,P,Ben,Ben Lively,Lively,20.555555555555557,9,7400,CLE@NYY,CLE,NYY,IL,Elbow,,,,P
117667-146724,P,Carmen,Carmen Mlodzinski,Mlodzinski,14.88888888888889,9,7400,HOU@PIT,PIT,HOU,,,,,,P
117667-13664,P,Patrick,Patrick Corbin,Corbin,24.3,10,7400,TEX@TB,TEX,TB,,,,,,P
117667-185490,P,Logan,Logan Allen,Allen,19.454545454545453,11,7300,CLE@NYY,CLE,NYY,,,,,,P
117667-178415,P,Javier,Javier Assad,Assad,24,29,7300,CHC@WSH,CHC,WSH,IL,Oblique,,,,P
117667-39041,P,Marcus,Marcus Stroman,Stroman,4.333333333333333,3,7200,CLE@NYY,NYY,CLE,IL,Knee,,,,P
117667-219662,P,Colton,Colton Gordon,Gordon,20,4,7200,HOU@PIT,HOU,PIT,,,,,,P
117667-81490,P,Chris,Chris Flexen,Flexen,10.625,8,7200,CHC@WSH,CHC,WSH,,,,,,P
117667-68483,P,Trevor,Trevor Williams,Williams,18.5,12,7200,CHC@WSH,WSH,CHC,,,,,,P
117667-101810,P,Justin,Justin Steele,Steele,29.25,4,7100,CHC@WSH,CHC,WSH,IL,Elbow,,,,P
117667-135212,P,Luis,Luis Garcia,Garcia,0,1,7000,HOU@PIT,HOU,PIT,IL,Elbow,,,,P
117667-6266,P,Carlos,Carlos Carrasco,Carrasco,15,8,7000,CLE@NYY,NYY,CLE,,,,,,P
117667-79076,P,Kolby,Kolby Allard,Allard,10.88888888888889,9,7000,CLE@NYY,CLE,NYY,,,,,,P
117667-53607,P,Anthony,Anthony DeSclafani,DeSclafani,0,1,7000,CLE@NYY,NYY,CLE,,,,,,P
117667-52155,P,Jon,Jon Gray,Gray,20.47826086956522,24,7000,TEX@TB,TEX,TB,IL,Wrist,,,,P
117667-102335,P,Cristian,Cristian Javier,Javier,24.285714285714285,8,7000,HOU@PIT,HOU,PIT,IL,Elbow,,,,P
117667-213198,P,Ryan,Ryan Gusto,Gusto,15.285714285714286,14,6900,HOU@PIT,HOU,PIT,,,,,,P
117667-198916,P,Thomas,Thomas Harrington,Harrington,9,2,6800,HOU@PIT,PIT,HOU,,,,,,P
117667-185845,P,Allan,Allan Winans,Winans,-2,2,6800,CLE@NYY,NYY,CLE,,,,,,P
117667-119411,P,Joey,Joey Cantillo,Cantillo,7.761904761904762,21,6800,CLE@NYY,CLE,NYY,,,,,,P
117667-222885,P,Brad,Brad Lord,Lord,10.944444444444445,19,6800,CHC@WSH,WSH,CHC,,,,,,P
117667-165659,P,Mike,Mike Burrows,Burrows,18.666666666666668,3,6800,HOU@PIT,PIT,HOU,,,,,,P
117667-165731,P,Mitchell,Mitchell Parker,Parker,21.916666666666668,12,6800,CHC@WSH,WSH,CHC,,,,,,P
117667-164529,P,Jordan,Jordan Wicks,Wicks,3,2,6700,CHC@WSH,CHC,WSH,IL,Undisclosed,,,,P
117667-79103,P,Dane,Dane Dunning,Dunning,12,1,6500,TEX@TB,TEX,TB,,,,,,P
117667-181805,P,J.P.,J.P. France,France,15.8,6,6500,HOU@PIT,HOU,PIT,IL,Shoulder,,,,P
117667-12936,P,Kyle,Kyle Gibson,Gibson,-0.5,4,6500,TEX@TB,TB,TEX,,,,,,P
117667-68452,P,Kenta,Kenta Maeda,Maeda,3.857142857142857,7,6500,CHC@WSH,CHC,WSH,,,,,,P
117667-79147,P,Jakob,Jakob Junis,Junis,4.458333333333333,24,6400,CLE@NYY,CLE,NYY,,,,,,P
117667-194939,P,Joe,Joe Boyle,Boyle,42,1,6400,TEX@TB,TB,TEX,,,,,,P
117667-73835,P,Ty,Ty Blach,Blach,9.15,20,6200,TEX@TB,TEX,TB,,,,,,P
117667-119447,P,Joan,Joan Adon,Adon,3.25,8,6200,CHC@WSH,WSH,CHC,,,,,,P
117667-195785,P,Caleb,Caleb Boushley,Boushley,9,10,6100,TEX@TB,TEX,TB,,,,,,P
117667-102502,P,Josiah,Josiah Gray,Gray,6.5,3,6000,CHC@WSH,WSH,CHC,IL,Elbow,,,,P
117667-79072,P,Brad,Brad Keller,Keller,6.153846153846154,26,5900,CHC@WSH,CHC,WSH,,,,,,P
117667-161167,P,Glenn,Glenn Otto,Otto,0,1,5900,HOU@PIT,HOU,PIT,IL,Shoulder,,,,P
117667-119449,P,Jackson,Jackson Rutledge,Rutledge,6.052631578947368,19,5900,CHC@WSH,WSH,CHC,,,,,,P
117667-135208,P,Shawn,Shawn Dubin,Dubin,8,10,5700,HOU@PIT,HOU,PIT,,,,,,P
117667-79079,P,Joey,Joey Wentz,Wentz,6.315789473684211,19,5700,HOU@PIT,PIT,HOU,,,,,,P
117667-79126,P,Forrest,Forrest Whitley,Whitley,3.2,5,5700,HOU@PIT,HOU,PIT,,,,,,P
117667-101838,P,JT,JT Brubaker,Brubaker,0,3,5700,CLE@NYY,NYY,CLE,IL,Ribs,,,,P
117667-82573,P,Alex,Alex Faedo,Faedo,8.054054054054054,37,5700,TEX@TB,TB,TEX,IL,Shoulder,,,,P
117667-102297,P,Keegan,Keegan Thompson,Thompson,8.363636363636363,24,5700,CHC@WSH,CHC,WSH,,,,,,P
117667-13312,P,Ryan,Ryan Brasier,Brasier,3.1666666666666665,6,5500,CHC@WSH,CHC,WSH,,,,,,P
117667-102419,P,Cole,Cole Winn,Winn,7.8,5,5500,TEX@TB,TEX,TB,,,,,,P
117667-211985,P,Andrew,Andrew Walters,Walters,2,2,5500,CLE@NYY,CLE,NYY,IL,Lat,,,,P
117667-82974,P,Tanner,Tanner Rainey,Rainey,2.3,11,5500,HOU@PIT,PIT,HOU,,,,,,P
117667-155687,P,Andrew,Andrew Wantz,Wantz,10,1,5500,TEX@TB,TB,TEX,IL,Elbow,,,,P
117667-82986,P,Colten,Colten Brewer,Brewer,5.5625,16,5500,CLE@NYY,NYY,CLE,,,,,,P
117667-102455,P,Cory,Cory Abbott,Abbott,0,1,5500,TEX@TB,TEX,TB,,,,,,P
117667-135221,P,Cade,Cade Cavalli,Cavalli,0,1,5500,CHC@WSH,WSH,CHC,,,,,,P
117667-79936,P,Mark,Mark Leiter Jr.,Leiter Jr.,6.035714285714286,28,5500,CLE@NYY,NYY,CLE,,,,,,P
117667-104512,P,Geoff,Geoff Hartlieb,Hartlieb,4.2,5,5500,CLE@NYY,NYY,CLE,,,,,,P
117667-154688,P,Jake,Jake Cousins,Cousins,6.4186046511627906,43,5500,CLE@NYY,NYY,CLE,IL,Forearm,,,,P
117667-179275,P,Fernando,Fernando Cruz,Cruz,7.7272727272727275,22,5500,CLE@NYY,NYY,CLE,,,,,,P
117667-102474,P,Eli,Eli Morgan,Morgan,0.5714285714285714,7,5500,CHC@WSH,CHC,WSH,IL,Elbow,,,,P
117667-209997,P,Jack,Jack Neely,Neely,3.5,6,5500,CHC@WSH,CHC,WSH,,,,,,P
117667-189528,P,Robert,Robert Garcia,Garcia,4.607142857142857,28,5500,TEX@TB,TEX,TB,,,,,,P
117667-102500,P,Robert,Robert Dugger,Dugger,,0,5500,TEX@TB,TEX,TB,,,,,,P
117667-116839,P,David,David Bednar,Bednar,5.136363636363637,23,5500,HOU@PIT,PIT,HOU,,,,,,P
117667-102505,P,Edwin,Edwin Uceta,Uceta,4.642857142857143,28,5500,TEX@TB,TB,TEX,,,,,,P
117667-135279,P,Codi,Codi Heuer,Heuer,4,1,5500,TEX@TB,TEX,TB,,,,,,P
117667-116847,P,Cole,Cole Sulser,Sulser,5.555555555555555,9,5500,TEX@TB,TB,TEX,,,,,,P
117667-161906,P,Dauri,Dauri Moreta,Moreta,0,1,5500,HOU@PIT,PIT,HOU,IL,Elbow,,,,P
117667-194675,P,Luke,Luke Little,Little,-1,1,5500,CHC@WSH,CHC,WSH,,,,,,P
117667-135289,P,Kodi,Kodi Whitley,Whitley,,0,5500,TEX@TB,TB,TEX,IL,Undisclosed,,,,P
117667-13438,P,Drew,Drew Pomeranz,Pomeranz,6.533333333333333,15,5500,CHC@WSH,CHC,WSH,,,,Yes,,P
117667-209026,P,Parker,Parker Dunshee,Dunshee,1,1,5500,CHC@WSH,WSH,CHC,,,,,,P
117667-135303,P,Jordan,Jordan Weems,Weems,3.575,41,5500,HOU@PIT,HOU,PIT,,,,,,P
117667-135306,P,Cole,Cole Wilcox,Wilcox,,0,5500,TEX@TB,TB,TEX,,,,,,P
117667-102543,P,Connor,Connor Seabold,Seabold,7,2,5500,TEX@TB,TB,TEX,,,,,,P
117667-102542,P,Travis,Travis MacGregor,MacGregor,,0,5500,TEX@TB,TEX,TB,,,,,,P
117667-38041,P,Ryan,Ryan Pressly,Pressly,3.652173913043478,24,5500,CHC@WSH,CHC,WSH,,,,,,P
117667-102565,P,Mason,Mason Englert,Englert,7.2,11,5500,TEX@TB,TB,TEX,,,,,,P
117667-154794,P,Joe,Joe Barlow,Barlow,,0,5500,TEX@TB,TEX,TB,,,,,,P
117667-135339,P,Clayton,Clayton Beeter,Beeter,6.666666666666667,3,5500,CLE@NYY,NYY,CLE,,,,,,P
117667-160939,P,Jacob,Jacob Latz,Latz,9.1,11,5500,TEX@TB,TEX,TB,,,,,,P
117667-85164,P,Matt,Matt Festa,Festa,4.923076923076923,13,5500,CLE@NYY,CLE,NYY,,,,,,P
117667-102590,P,Joey,Joey Gerber,Gerber,,0,5500,TEX@TB,TB,TEX,,,,,,P
117667-102593,P,Gerardo,Gerardo Carrillo,Carrillo,,0,5500,TEX@TB,TEX,TB,,,,,,P
117667-145609,P,Peter,Peter Solomon,Solomon,,0,5500,CHC@WSH,CHC,WSH,,,,,,P
117667-194770,P,Nick,Nick Hernandez,Hernandez,6.6,5,5500,HOU@PIT,HOU,PIT,,,,,,P
117667-83163,P,Jonathan,Jonathan Loaisiga,Loaisiga,4.142857142857143,7,5500,CLE@NYY,NYY,CLE,,,,,,P
117667-145630,P,Kervin,Kervin Castro,Castro,,0,5500,CLE@NYY,NYY,CLE,,,,,,P
117667-145629,P,Mason,Mason Thompson,Thompson,0,1,5500,CHC@WSH,WSH,CHC,IL,Elbow,,,,P
117667-83172,P,Jonathan,Jonathan Hernandez,Hernandez,6.448275862068965,29,5500,TEX@TB,TB,TEX,IL,Undisclosed,,,,P
117667-178411,P,Michael,Michael Plassmeyer,Plassmeyer,0,1,5500,TEX@TB,TEX,TB,,,,,,P
117667-197873,P,Zach,Zach Brzykcy,Brzykcy,3.4545454545454546,11,5500,CHC@WSH,WSH,CHC,,,,,,P
117667-146678,P,Tanner,Tanner Burns,Burns,,0,5500,CLE@NYY,CLE,NYY,,,,,,P
117667-198901,P,Chase,Chase Hampton,Hampton,,0,5500,CLE@NYY,NYY,CLE,IL,Elbow,,,,P
117667-197887,P,Porter,Porter Hodge,Hodge,4.476190476190476,21,5500,CHC@WSH,CHC,WSH,IL,Oblique,,,,P
117667-197884,P,Yoniel,Yoniel Curet,Curet,0,1,5500,TEX@TB,TB,TEX,IL,Shoulder,,,,P
117667-197891,P,Michael,Michael Arias,Arias,0,2,5500,CLE@NYY,NYY,CLE,IL,Undisclosed,,,,P
117667-197890,P,Marc,Marc Church,Church,4.6,5,5500,TEX@TB,TEX,TB,,,,,,P
117667-146688,P,Alex,Alex Santos II,Santos II,,0,5500,HOU@PIT,HOU,PIT,,,,,,P
117667-21764,P,Caleb,Caleb Thielbar,Thielbar,4.68,25,5500,CHC@WSH,CHC,WSH,,,,,,P
117667-197893,P,Jose,Jose Corniell,Corniell,0,1,5500,TEX@TB,TEX,TB,IL,Elbow,,,,P
117667-72971,P,Ben,Ben Heller,Heller,4.5,8,5500,CHC@WSH,CHC,WSH,IL,Undisclosed,,,,P
117667-198920,P,Dylan,Dylan Lesko,Lesko,,0,5500,TEX@TB,TB,TEX,,,,,,P
117667-170254,P,Colin,Colin Holderman,Holderman,2.5384615384615383,14,5500,HOU@PIT,PIT,HOU,IL,Thumb,,,,P
117667-79116,P,Riley,Riley Pint,Pint,1.75,4,5500,CLE@NYY,CLE,NYY,IL,Undisclosed,,,,P
117667-197902,P,Cade,Cade Smith,Smith,6.571428571428571,28,5500,CLE@NYY,CLE,NYY,,,,,,P
117667-209176,P,Chase,Chase Shugart,Shugart,4.954545454545454,23,5500,HOU@PIT,PIT,HOU,,,,,,P
117667-79135,P,Beau,Beau Burrows,Burrows,,0,5500,HOU@PIT,PIT,HOU,,,,,,P
117667-146723,P,Eddy,Eddy Yean,Yean,,0,5500,HOU@PIT,PIT,HOU,,,,,,P
117667-146727,P,Justin,Justin Lange,Lange,,0,5500,CLE@NYY,NYY,CLE,IL,Shoulder,,,,P
117667-146730,P,Nick,Nick Bitsko,Bitsko,,0,5500,TEX@TB,TB,TEX,IL,Undisclosed,,,,P
117667-79148,P,A.J.,A.J. Puckett,Puckett,,0,5500,CHC@WSH,CHC,WSH,,,,,,P
117667-146732,P,Nick,Nick Swiney,Swiney,,0,5500,HOU@PIT,HOU,PIT,,,,,,P
117667-146737,P,Cole,Cole Henry,Henry,6.105263157894737,19,5500,CHC@WSH,WSH,CHC,,,,,,P
117667-79171,P,Phil,Phil Bickford,Bickford,2.375,8,5500,CHC@WSH,CHC,WSH,,,,,,P
117667-113986,P,Emmanuel,Emmanuel Clase,Clase,5.777777777777778,27,5500,CLE@NYY,CLE,NYY,,,,,,P
117667-209224,P,Orlando,Orlando Ribalta,Ribalta,6.5,4,5500,CHC@WSH,WSH,CHC,IL,Biceps,,,,P
117667-226643,P,AJ,AJ Blubaugh,Blubaugh,24,1,5500,HOU@PIT,HOU,PIT,,,,,,P
117667-170324,P,Brandon,Brandon Hughes,Hughes,4.533333333333333,15,5500,CHC@WSH,CHC,WSH,,,,,,P
117667-222565,P,Shinnosuke,Shinnosuke Ogasawara,Ogasawara,,0,5500,CHC@WSH,WSH,CHC,IL,Oblique,,,,P
117667-181651,P,Matt,Matt Krook,Krook,4.333333333333333,3,5500,CLE@NYY,CLE,NYY,,,,,,P
117667-170384,P,Yerry,Yerry de los Santos,de los Santos,5.1,10,5500,CLE@NYY,NYY,CLE,,,,,,P
117667-62872,P,Vince,Vince Velasquez,Velasquez,,0,5500,CLE@NYY,CLE,NYY,,,,,,P
117667-38303,P,Andrew,Andrew Chafin,Chafin,4.909090909090909,13,5500,CHC@WSH,WSH,CHC,,,,,,P
117667-101803,P,Jacob,Jacob Webb,Webb,4.32,25,5500,TEX@TB,TEX,TB,,,,,,P
117667-101802,P,Patrick,Patrick Weigel,Weigel,,0,5500,CHC@WSH,WSH,CHC,,,,,,P
117667-118191,P,Antonio,Antonio Santos,Santos,,0,5500,CHC@WSH,CHC,WSH,,,,,,P
117667-101812,P,Justin,Justin Lawrence,Lawrence,7.454545454545454,11,5500,HOU@PIT,PIT,HOU,IL,Elbow,,,,P
117667-101814,P,Sam,Sam Hentges,Hentges,5.12,25,5500,CLE@NYY,CLE,NYY,IL,Shoulder,,,,P
117667-101816,P,Bryan,Bryan Abreu,Abreu,6.333333333333333,27,5500,HOU@PIT,HOU,PIT,,,,,,P
117667-169400,P,Parker,Parker Mushinski,Mushinski,1.8,10,5500,CLE@NYY,CLE,NYY,,,,,,P
117667-202175,P,Gerson,Gerson Garabito,Garabito,8,3,5500,TEX@TB,TEX,TB,,,,,,P
117667-136639,P,Burl,Burl Carraway,Carraway,,0,5500,CHC@WSH,CHC,WSH,,,,,,P
117667-101822,P,Josh,Josh Sborz,Sborz,5.6875,17,5500,TEX@TB,TEX,TB,IL,Shoulder,,,,P
117667-118208,P,Brooks,Brooks Kriske,Kriske,9,1,5500,CHC@WSH,CHC,WSH,,,,,,P
117667-219586,P,Ian,Ian Seymour,Seymour,,0,5500,TEX@TB,TB,TEX,,,,,,P
117667-101829,P,Trey,Trey Supak,Supak,,0,5500,TEX@TB,TEX,TB,,,,,,P
117667-118217,P,Manuel,Manuel Rodriguez,Rodriguez,4.75,28,5500,TEX@TB,TB,TEX,,,,,,P
117667-118216,P,Tyson,Tyson Miller,Miller,5.689655172413793,58,5500,CHC@WSH,CHC,WSH,IL,Hip,,,,P
117667-118224,P,Garrett,Garrett Cleavinger,Cleavinger,5.583333333333333,24,5500,TEX@TB,TB,TEX,,,,,,P
117667-101845,P,Genesis,Genesis Cabrera,Cabrera,5.888888888888889,9,5500,CHC@WSH,CHC,WSH,,,,,,P
117667-101849,P,Wei-Chieh,Wei-Chieh Huang,Huang,,0,5500,HOU@PIT,PIT,HOU,,,,,,P
117667-101854,P,Jacob,Jacob Waguespack,Waguespack,11.25,4,5500,TEX@TB,TB,TEX,IL,Undisclosed,,,,P
117667-135645,P,Isaac,Isaac Mattson,Mattson,6,3,5500,HOU@PIT,PIT,HOU,,,,,,P
117667-101856,P,Patrick,Patrick Murphy,Murphy,,0,5500,TEX@TB,TEX,TB,,,,,,P
117667-84452,P,Caleb,Caleb Ferguson,Ferguson,3.7142857142857144,28,5500,HOU@PIT,PIT,HOU,,,,,,P
117667-185847,P,Garrett,Garrett Acton,Acton,,0,5500,TEX@TB,TB,TEX,,,,,,P
117667-95737,P,Ian,Ian Hamilton,Hamilton,6.705882352941177,17,5500,CLE@NYY,NYY,CLE,,,,,,P
117667-161273,P,Scott,Scott Effross,Effross,3.3333333333333335,3,5500,CLE@NYY,NYY,CLE,,,,,,P
117667-184829,P,McKinley,McKinley Moore,Moore,0,3,5500,CLE@NYY,NYY,CLE,,,,,,P
117667-119298,P,Luis,Luis Frias,Frias,1.8181818181818181,11,5500,CLE@NYY,CLE,NYY,,,,,,P
117667-119301,P,Brennan,Brennan Malone,Malone,,0,5500,HOU@PIT,PIT,HOU,,,,,,P
117667-138764,P,Brandon,Brandon Leibrandt,Leibrandt,6.5,2,5500,CLE@NYY,NYY,CLE,,,,,,P
117667-119315,P,Kohl,Kohl Franklin,Franklin,,0,5500,CHC@WSH,CHC,WSH,IL,Elbow,,,,P
117667-170512,P,Peter,Peter Strzelecki,Strzelecki,5.3,10,5500,HOU@PIT,PIT,HOU,,,,,,P
117667-170527,P,Jason,Jason Alexander,Alexander,-0.75,4,5500,HOU@PIT,HOU,PIT,,,,,,P
117667-119331,P,Daniel,Daniel Espino,Espino,0,3,5500,CLE@NYY,CLE,NYY,IL,Shoulder,,,,P
117667-181803,P,Zak,Zak Kent,Kent,8,3,5500,CLE@NYY,CLE,NYY,,,,,,P
117667-119339,P,Tyler,Tyler Ivey,Ivey,,0,5500,HOU@PIT,HOU,PIT,,,,,,P
117667-181801,P,Jose A.,Jose A. Ferrer,Ferrer,4.241379310344827,29,5500,CHC@WSH,WSH,CHC,,,,,,P
117667-219694,P,Winston,Winston Santos,Santos,,0,5500,TEX@TB,TEX,TB,IL,Back,,,,P
117667-219693,P,Emiliano,Emiliano Teodo,Teodo,,0,5500,TEX@TB,TEX,TB,,,,,,P
117667-181815,P,Brent,Brent Headrick,Headrick,7,8,5500,CLE@NYY,NYY,CLE,,,,,,P
117667-219701,P,Franco,Franco Aleman,Aleman,,0,5500,CLE@NYY,CLE,NYY,,,,,,P
117667-181819,P,Tim,Tim Herrin,Herrin,4.884615384615385,27,5500,CLE@NYY,CLE,NYY,,,,,,P
117667-195135,P,Kyle,Kyle Nicolas,Nicolas,2,8,5500,HOU@PIT,PIT,HOU,,,,,,P
117667-181826,P,Colby,Colby White,White,0,1,5500,CLE@NYY,NYY,CLE,,,,,,P
117667-175698,P,Hunter,Hunter Gaddis,Gaddis,6.296296296296297,27,5500,CLE@NYY,CLE,NYY,,,,,,P
117667-222807,P,Alejandro,Alejandro Rosario,Rosario,,0,5500,TEX@TB,TEX,TB,IL,Elbow,,,,P
117667-181848,P,Tom,Tom Cosgrove,Cosgrove,9,2,5500,CHC@WSH,CHC,WSH,,,,,,P
117667-16989,P,Wilking,Wilking Rodriguez,Rodriguez,,0,5500,CLE@NYY,NYY,CLE,,,,,,P
117667-119388,P,Junior,Junior Santos,Santos,,0,5500,CHC@WSH,WSH,CHC,,,,,,P
117667-186986,P,Eduardo,Eduardo Salazar,Salazar,2.3157894736842106,19,5500,CHC@WSH,WSH,CHC,,,,,,P
117667-118381,P,Kyle,Kyle Finnegan,Finnegan,4.7272727272727275,22,5500,CHC@WSH,WSH,CHC,,,,,,P
117667-222830,P,Travis,Travis Sykora,Sykora,,0,5500,CHC@WSH,WSH,CHC,,,,,,P
117667-119406,P,Cody,Cody Bolton,Bolton,0,1,5500,CLE@NYY,CLE,NYY,O,Undisclosed,,,,P
117667-222833,P,Jarlin,Jarlin Susana,Susana,,0,5500,CHC@WSH,WSH,CHC,IL,Elbow,,,,P
117667-222832,P,Alex,Alex Clemmey,Clemmey,,0,5500,CHC@WSH,WSH,CHC,,,,,,P
117667-118394,P,Yohan,Yohan Ramirez,Ramirez,4.783783783783784,38,5500,HOU@PIT,PIT,HOU,,,,,,P
117667-119426,P,Johan,Johan Oviedo,Oviedo,0,1,5500,HOU@PIT,PIT,HOU,IL,Lat,,,,P
117667-222855,P,Ty,Ty Johnson,Johnson,,0,5500,TEX@TB,TB,TEX,,,,,,P
117667-82564,P,Yency,Yency Almonte,Almonte,5.588235294117647,17,5500,CHC@WSH,CHC,WSH,IL,Shoulder,,,,P
117667-222854,P,Brody,Brody Hopkins,Hopkins,,0,5500,TEX@TB,TB,TEX,,,,,,P
117667-52871,P,Derek,Derek Law,Law,6.16,75,5500,CHC@WSH,WSH,CHC,IL,Forearm,,,,P
117667-165509,P,Bryce,Bryce Bonnin,Bonnin,,0,5500,TEX@TB,TEX,TB,,,,,,P
117667-119433,P,JJ,JJ Goss,Goss,,0,5500,TEX@TB,TB,TEX,,,,,,P
117667-222857,P,Jackson,Jackson Baumeister,Baumeister,,0,5500,TEX@TB,TB,TEX,,,,,,P
117667-222856,P,Trevor,Trevor Harrison,Harrison,,0,5500,TEX@TB,TB,TEX,,,,,,P
117667-165522,P,Tommy,Tommy Mace,Mace,,0,5500,CLE@NYY,CLE,NYY,,,,,,P
117667-165521,P,Doug,Doug Nikhazy,Nikhazy,0,1,5500,CLE@NYY,CLE,NYY,,,,,,P
117667-203415,P,Bryan,Bryan King,King,5.428571428571429,28,5500,HOU@PIT,HOU,PIT,,,,,,P
117667-119446,P,Andry,Andry Lara,Lara,,0,5500,CHC@WSH,WSH,CHC,,,,,,P
117667-165528,P,Joe,Joe Rock,Rock,,0,5500,TEX@TB,TB,TEX,,,,,,P
117667-82592,P,Dennis,Dennis Santana,Santana,4.8076923076923075,26,5500,HOU@PIT,PIT,HOU,,,,,,P
117667-220834,P,Nate,Nate Lavender,Lavender,,0,5500,TEX@TB,TB,TEX,IL,Elbow,,,,P
117667-220837,P,Evan,Evan Reifert,Reifert,,0,5500,TEX@TB,TB,TEX,,,,,,P
117667-164521,P,Brandon,Brandon Walter,Walter,30,1,5500,HOU@PIT,HOU,PIT,,,,,,P
117667-164530,P,Caleb,Caleb Kilian,Kilian,19,2,5500,CHC@WSH,CHC,WSH,IL,Undisclosed,,,,P
117667-211632,P,Mason,Mason Montgomery,Montgomery,4.541666666666667,25,5500,TEX@TB,TB,TEX,,,,,,P
117667-114360,P,Devin,Devin Williams,Williams,4.76,26,5500,CLE@NYY,NYY,CLE,,,,,,P
117667-38596,P,Chris,Chris Martin,Martin,5.8,22,5500,TEX@TB,TEX,TB,IL,Shoulder,,,,P
117667-119496,P,Matt,Matt Thompson,Thompson,,0,5500,CHC@WSH,CHC,WSH,,,,,,P
117667-81615,P,Tim,Tim Mayza,Mayza,6.142857142857143,7,5500,HOU@PIT,PIT,HOU,IL,Shoulder,,,,P
117667-222930,P,Logan,Logan VanWey,VanWey,3.2857142857142856,7,5500,HOU@PIT,HOU,PIT,IL,Undisclosed,,,,P
117667-179924,P,Gavin,Gavin Hollowell,Hollowell,6.2,5,5500,CHC@WSH,CHC,WSH,,,,,,P
117667-198361,P,Carson,Carson Coleman,Coleman,0,1,5500,CLE@NYY,NYY,CLE,IL,Undisclosed,,,,P
117667-82653,P,Ryan,Ryan Borucki,Borucki,4.2727272727272725,23,5500,HOU@PIT,PIT,HOU,,,,,,P
117667-82656,P,Nate,Nate Pearson,Pearson,1.375,8,5500,CHC@WSH,CHC,WSH,,,,,,P
117667-53990,P,Shawn,Shawn Armstrong,Armstrong,5.826086956521739,24,5500,TEX@TB,TEX,TB,,,,,,P
117667-182006,P,Nic,Nic Enright,Enright,5,3,5500,CLE@NYY,CLE,NYY,,,,,,P
117667-182005,P,Kevin,Kevin Kelly,Kelly,3.5714285714285716,7,5500,TEX@TB,TB,TEX,,,,,,P
117667-165635,P,Brendan,Brendan Beck,Beck,,0,5500,CLE@NYY,NYY,CLE,,,,,,P
117667-165637,P,Brock,Brock Selvidge,Selvidge,,0,5500,CLE@NYY,NYY,CLE,IL,Biceps,,,,P
117667-161545,P,Kaleb,Kaleb Ort,Ort,3.6666666666666665,15,5500,HOU@PIT,HOU,PIT,,,,,,P
117667-194323,P,Hunter,Hunter Stratton,Stratton,-3.5,2,5500,HOU@PIT,PIT,HOU,,,,,,P
117667-165653,P,Cristian,Cristian Hernandez,Hernandez,,0,5500,CLE@NYY,NYY,CLE,,,,,,P
117667-165657,P,Anthony,Anthony Solometo,Solometo,,0,5500,HOU@PIT,PIT,HOU,IL,Shoulder,,,,P
117667-199461,P,Luis,Luis Contreras,Contreras,4.285714285714286,7,5500,HOU@PIT,HOU,PIT,,,,,,P
117667-135976,P,Bennett,Bennett Sousa,Sousa,7.3125,16,5500,HOU@PIT,HOU,PIT,,,,,,P
117667-182064,P,Chris,Chris Clarke,Clarke,,0,5500,CHC@WSH,CHC,WSH,,,,,,P
117667-182065,P,Zach,Zach Greene,Greene,,0,5500,CLE@NYY,NYY,CLE,,,,,,P
117667-165684,P,Matt,Matt Mikulski,Mikulski,,0,5500,HOU@PIT,HOU,PIT,,,,,,P
117667-84815,P,Joey,Joey Krehbiel,Krehbiel,,0,5500,TEX@TB,TB,TEX,,,,,,P
117667-163664,P,Tommy,Tommy Romero,Romero,0,2,5500,CHC@WSH,CHC,WSH,,,,,,P
117667-204624,P,Eric,Eric Orze,Orze,6.588235294117647,17,5500,TEX@TB,TB,TEX,,,,,,P
117667-204631,P,Hunter,Hunter Bigge,Bigge,5.3076923076923075,13,5500,TEX@TB,TB,TEX,IL,Lat,,,,P
117667-183131,P,Ryder,Ryder Ryan,Ryan,5.714285714285714,15,5500,HOU@PIT,PIT,HOU,,,,,,P
117667-163682,P,Ethan,Ethan Roberts,Roberts,3.7777777777777777,9,5500,CHC@WSH,CHC,WSH,,,,,,P
117667-68466,P,Steven,Steven Okert,Okert,7.125,24,5500,HOU@PIT,HOU,PIT,,,,,,P
117667-68474,P,Josh,Josh Hader,Hader,7.875,24,5500,HOU@PIT,HOU,PIT,,,,,,P
117667-80801,P,Hoby,Hoby Milner,Milner,5.423076923076923,27,5500,TEX@TB,TEX,TB,,,,,,P
117667-39843,P,Burch,Burch Smith,Smith,4.76,50,5500,HOU@PIT,PIT,HOU,,,,,,P
117667-68520,P,Michael,Michael Fulmer,Fulmer,5,1,5500,CHC@WSH,CHC,WSH,,,,,,P
117667-108461,P,Pete,Pete Fairbanks,Fairbanks,5.64,25,5500,TEX@TB,TB,TEX,,,,,,P
117667-102324,P,Konnor,Konnor Pilkington,Pilkington,0,2,5500,CHC@WSH,WSH,CHC,,,,,,P
117667-210885,P,Erik,Erik Sabrowski,Sabrowski,10.153846153846153,13,5500,CLE@NYY,CLE,NYY,IL,Elbow,,,,P
117667-68561,P,Luke,Luke Weaver,Weaver,6.083333333333333,24,5500,CLE@NYY,NYY,CLE,IL,Hamstring,,,,P
117667-189393,P,Daniel,Daniel Palencia,Palencia,6.105263157894737,19,5500,CHC@WSH,CHC,WSH,,,,,,P
117667-52192,P,Luke,Luke Jackson,Jackson,3.590909090909091,24,5500,TEX@TB,TEX,TB,,,,,,P
117667-187367,P,Nick,Nick Robertson,Robertson,7.111111111111111,9,5500,HOU@PIT,HOU,PIT,,,,,,P
117667-102377,P,Trevor,Trevor Stephan,Stephan,0,3,5500,CLE@NYY,CLE,NYY,IL,Elbow,,,,P
117667-213995,P,Luis,Luis Curvelo,Curvelo,,0,5500,TEX@TB,TEX,TB,,,,,,P
117667-79848,P,Paul,Paul Sewald,Sewald,4.428571428571429,14,5500,CLE@NYY,CLE,NYY,IL,Shoulder,,,,P
117667-82924,P,Tim,Tim Hill,Hill,4.384615384615385,27,5500,CLE@NYY,NYY,CLE,,,,,,P
117667-102387,P,Braxton,Braxton Ashcraft,Ashcraft,12,3,5500,HOU@PIT,PIT,HOU,,,,,,P
117667-102386,P,Steven,Steven Jennings,Jennings,,0,5500,TEX@TB,TEX,TB,,,,,,P
117667-70649,P,Adrian,Adrian Sampson,Sampson,0,1,5500,CHC@WSH,WSH,CHC,,,,,,P
117667-60643,OF,Aaron,Aaron Judge,Judge,16.9,60,5000,CLE@NYY,NYY,CLE,,,,,,OF/UTIL
117667-146704,OF,Pete,Pete Crow-Armstrong,Crow-Armstrong,14.690163534195698,61,4200,CHC@WSH,CHC,WSH,,,,,,OF/UTIL
117667-79125,OF,Kyle,Kyle Tucker,Tucker,14.221666463216145,60,4100,CHC@WSH,CHC,WSH,DTD,Finger,,,,OF/UTIL
117667-165661,OF,James,James Wood,Wood,13.624589763703893,61,3900,CHC@WSH,WSH,CHC,,,,,,OF/UTIL
117667-167012,OF,Seiya,Seiya Suzuki,Suzuki,13.057894522683663,57,3700,CHC@WSH,CHC,WSH,,,,,,OF/UTIL
117667-38976,3B,Jose,Jose Ramirez,Ramirez,12.898275441136853,58,3600,CLE@NYY,CLE,NYY,,,,,,3B/UTIL
117667-102389,SS/OF,Oneil,Oneil Cruz,Cruz,13.37037037037037,54,3600,HOU@PIT,PIT,HOU,,,,,,SS/OF/UTIL
117667-119410,SS,CJ,CJ Abrams,Abrams,12.104166666666666,48,3500,CHC@WSH,WSH,CHC,,,,,,SS/UTIL
117667-198526,OF,Wyatt,Wyatt Langford,Langford,11.01923076923077,52,3500,TEX@TB,TEX,TB,,,,,,OF/UTIL
117667-203111,C/1B,Ben,Ben Rice,Rice,10.428302117113796,53,3400,CLE@NYY,NYY,CLE,,,,,,C/1B/UTIL
117667-82527,2B/3B,Jazz,Jazz Chisholm Jr.,Chisholm Jr.,11.274999618530273,32,3400,CLE@NYY,NYY,CLE,,,,,,2B/3B/UTIL
117667-195679,3B,Junior,Junior Caminero,Caminero,11.024561831825658,57,3300,TEX@TB,TB,TEX,,,,,,3B/UTIL
117667-73871,C,Carson,Carson Kelly,Kelly,11.42631611071135,38,3300,CHC@WSH,CHC,WSH,,,,,,C/1B/UTIL
117667-79257,OF,Josh,Josh Lowe,Lowe,11.127777947319878,18,3300,TEX@TB,TB,TEX,,,,,,OF/UTIL
117667-82575,OF,Yordan,Yordan Alvarez,Alvarez,8.324137720568427,29,3300,HOU@PIT,HOU,PIT,IL,Hand,,,,OF/UTIL
117667-12968,1B,Paul,Paul Goldschmidt,Goldschmidt,10.459999593098958,60,3300,CLE@NYY,NYY,CLE,,,,,,C/1B/UTIL
117667-79092,OF,Ian,Ian Happ,Happ,10.151923546424278,52,3200,CHC@WSH,CHC,WSH,,,,,,OF/UTIL
117667-79159,OF/1B,Cody,Cody Bellinger,Bellinger,10.545454545454545,55,3200,CLE@NYY,NYY,CLE,,,,,,C/1B/OF/UTIL
117667-38412,SS,Corey,Corey Seager,Seager,8.625,32,3200,TEX@TB,TEX,TB,,,,,,SS/UTIL
117667-82574,3B,Isaac,Isaac Paredes,Paredes,10.336666870117188,60,3200,HOU@PIT,HOU,PIT,,,,,,3B/UTIL
117667-79175,OF,Trent,Trent Grisham,Grisham,9.807546939489976,53,3100,CLE@NYY,NYY,CLE,,,,,,OF/UTIL
117667-119345,SS,Jeremy,Jeremy Pena,Pena,11.022951219902664,61,3100,HOU@PIT,HOU,PIT,,,,,,SS/UTIL
117667-119352,1B,Michael,Michael Busch,Busch,10.568421480948466,57,3100,CHC@WSH,CHC,WSH,,,,,,C/1B/UTIL
117667-119396,SS,Anthony,Anthony Volpe,Volpe,10.40338962360964,59,3100,CLE@NYY,NYY,CLE,,,,,,SS/UTIL
117667-85279,C,Miguel,Miguel Amaya,Amaya,10.67777732566551,27,3000,CHC@WSH,CHC,WSH,IL,Oblique,,,,C/1B/UTIL
117667-119395,OF,Jasson,Jasson Dominguez,Dominguez,10.283673344826212,49,3000,CLE@NYY,NYY,CLE,DTD,Thumb,,,,OF/UTIL
117667-119437,3B,Josh,Josh Jung,Jung,8.496226184772995,53,3000,TEX@TB,TEX,TB,,,,,,3B/UTIL
117667-163662,1B,Jonathan,Jonathan Aranda,Aranda,10.142857142857142,56,3000,TEX@TB,TB,TEX,,,,,,C/1B/UTIL
117667-68586,SS,Dansby,Dansby Swanson,Swanson,10.485245501408812,61,3000,CHC@WSH,CHC,WSH,,,,,,SS/UTIL
117667-12302,OF,Giancarlo,Giancarlo Stanton,Stanton,10.454263376635174,129,2900,CLE@NYY,NYY,CLE,IL,Elbow,,,,OF/UTIL
117667-14562,2B/OF,Jose,Jose Altuve,Altuve,8.92542331501589,59,2900,HOU@PIT,HOU,PIT,,,,,,2B/OF/UTIL
117667-79120,1B,Yandy,Yandy Diaz,Diaz,9.435087505139803,57,2900,TEX@TB,TB,TEX,,,,,,C/1B/UTIL
117667-146716,C,Austin,Austin Wells,Wells,9.215686274509803,51,2900,CLE@NYY,NYY,CLE,,,,,,C/1B/UTIL
117667-85285,1B,Nathaniel,Nathaniel Lowe,Lowe,9.013114553983094,61,2900,CHC@WSH,WSH,CHC,,,,,,C/1B/UTIL
117667-82570,1B,Jake,Jake Burger,Burger,7.5431374942555145,51,2900,TEX@TB,TEX,TB,,,,,,C/1B/UTIL
117667-82660,2B,Luis,Luis Garcia Jr.,Garcia Jr.,9.294339737802181,53,2900,CHC@WSH,WSH,CHC,,,,,,2B/UTIL
117667-165707,SS/3B/2B/1B/OF,Josh,Josh Smith,Smith,8.32830177163178,53,2900,TEX@TB,TEX,TB,,,,,,C/1B/2B/3B/SS/OF/UTIL
117667-102301,2B/SS,Nico,Nico Hoerner,Hoerner,10.31578947368421,57,2900,CHC@WSH,CHC,WSH,,,,,,2B/SS/UTIL
117667-12310,1B,Carlos,Carlos Santana,Santana,9.798214503696986,56,2800,CLE@NYY,CLE,NYY,,,,,,C/1B/UTIL
117667-116841,2B/1B/OF,Sam,Sam Haggerty,Haggerty,8.473684210526315,19,2800,TEX@TB,TEX,TB,,,,,,C/1B/2B/OF/UTIL
117667-21705,2B,Marcus,Marcus Semien,Semien,6.873770291688012,61,2800,TEX@TB,TEX,TB,,,,,,2B/UTIL
117667-38218,1B,Christian,Christian Walker,Walker,7.988135386321504,59,2800,HOU@PIT,HOU,PIT,,,,,,C/1B/UTIL
117667-79230,OF,Bryan,Bryan Reynolds,Reynolds,9.155932410288665,59,2800,HOU@PIT,PIT,HOU,,,,,,OF/UTIL
117667-85504,2B,Brandon,Brandon Lowe,Lowe,10.158929007393974,56,2800,TEX@TB,TB,TEX,,,,,,2B/UTIL
117667-53994,1B,Josh,Josh Bell,Bell,7.669230534480168,52,2800,CHC@WSH,WSH,CHC,,,,,,C/1B/UTIL
117667-163666,OF,Steven,Steven Kwan,Kwan,9.940677966101696,59,2800,CLE@NYY,CLE,NYY,,,,,,OF/UTIL
117667-136090,2B/SS,Nick,Nick Gonzales,Gonzales,12.600000381469727,2,2800,HOU@PIT,PIT,HOU,,,,,,2B/SS/UTIL
117667-82977,SS/3B/2B,Isiah,Isiah Kiner-Falefa,Kiner-Falefa,8.084000244140626,50,2700,HOU@PIT,PIT,HOU,,,,,,2B/3B/SS/UTIL
117667-135218,OF,Jake,Jake Meyers,Meyers,7.800000206898835,59,2700,HOU@PIT,HOU,PIT,,,,,,OF/UTIL
117667-5456,OF,Andrew,Andrew McCutchen,McCutchen,7.909259372287327,54,2700,HOU@PIT,PIT,HOU,,,,,,OF/UTIL
117667-197982,OF,Dylan,Dylan Crews,Crews,9.073333062065972,45,2700,CHC@WSH,WSH,CHC,IL,Oblique,,,,OF/UTIL
117667-85520,OF,Adolis,Adolis Garcia,Garcia,7.68793092924973,58,2700,TEX@TB,TEX,TB,,,,,,OF/UTIL
117667-219666,OF,Jake,Jake Mangum,Mangum,9.40769254244291,26,2700,TEX@TB,TB,TEX,,,,,,OF/UTIL
117667-165559,C,Yainer,Yainer Diaz,Diaz,7.518518518518518,54,2700,HOU@PIT,HOU,PIT,,,,,,C/1B/UTIL
117667-189308,1B,Kyle,Kyle Manzardo,Manzardo,9.238888775860822,54,2700,CLE@NYY,CLE,NYY,,,,,,C/1B/UTIL
117667-79918,C,Kyle,Kyle Higashioka,Higashioka,5.420000203450521,30,2600,TEX@TB,TEX,TB,,,,,,C/1B/UTIL
117667-135308,OF,Robert,Robert Hassell III,Hassell III,7.583333333333333,12,2600,CHC@WSH,WSH,CHC,,,,,,OF/UTIL
117667-198877,3B,Matt,Matt Shaw,Shaw,8.096875190734863,32,2600,CHC@WSH,CHC,WSH,,,,,,3B/UTIL
117667-85254,C,Joey,Joey Bart,Bart,6.156818043101918,44,2600,HOU@PIT,PIT,HOU,IL,Concussion,,,,C/1B/UTIL
117667-118120,C,Jonah,Jonah Heim,Heim,7.337500254313151,48,2600,TEX@TB,TEX,TB,,,,,,C/1B/UTIL
117667-181829,2B/1B,Spencer,Spencer Horwitz,Horwitz,6.5588235294117645,17,2600,HOU@PIT,PIT,HOU,,,,,,C/1B/2B/UTIL
117667-165514,OF/2B,Angel,Angel Martinez,Martinez,7.817391437032948,46,2600,CLE@NYY,CLE,NYY,,,,,,2B/OF/UTIL
117667-208716,1B/OF,Zach,Zach Dezenzo,Dezenzo,6.952940996955423,34,2600,HOU@PIT,HOU,PIT,IL,Hand,,,,C/1B/OF/UTIL
117667-102315,C,Bo,Bo Naylor,Naylor,7.630434782608695,46,2600,CLE@NYY,CLE,NYY,,,,,,C/1B/UTIL
117667-185303,SS/2B/3B/OF,Jose,Jose Caballero,Caballero,9.342856893734057,49,2600,TEX@TB,TB,TEX,,,,,,2B/3B/SS/OF/UTIL
117667-68589,2B/3B/OF,Amed,Amed Rosario,Rosario,8.286207001784753,29,2600,CHC@WSH,WSH,CHC,,,,,,2B/3B/OF/UTIL
117667-173078,OF,Alex,Alex Call,Call,7.338461851462339,39,2500,CHC@WSH,WSH,CHC,,,,,,OF/UTIL
117667-70898,2B/3B/OF,Adam,Adam Frazier,Frazier,6.348214285714286,56,2500,HOU@PIT,PIT,HOU,,,,,,2B/3B/OF/UTIL
117667-181642,2B/OF/1B,Enmanuel,Enmanuel Valdez,Valdez,6.335483674080141,31,2500,HOU@PIT,PIT,HOU,IL,Shoulder,,,,C/1B/2B/OF/UTIL
117667-101844,OF,Lane,Lane Thomas,Thomas,3.464705972110524,17,2500,CLE@NYY,CLE,NYY,IL,Foot,,,,OF/UTIL
117667-13864,OF/1B,Joc,Joc Pederson,Pederson,4.673913043478261,46,2500,TEX@TB,TEX,TB,IL,Hand,,,,C/1B/OF/UTIL
117667-119364,OF,Kameron,Kameron Misner,Misner,7.482142857142857,56,2500,TEX@TB,TB,TEX,,,,,,OF/UTIL
117667-222846,OF,Cam,Cam Smith,Smith,7.564583460489909,48,2500,HOU@PIT,HOU,PIT,,,,,,OF/UTIL
117667-82593,C,Keibert,Keibert Ruiz,Ruiz,7.067924643462559,53,2500,CHC@WSH,WSH,CHC,,,,,,C/1B/UTIL
117667-202431,2B/3B/SS/OF,Daniel,Daniel Schneemann,Schneemann,7.853060975366709,49,2500,CLE@NYY,CLE,NYY,,,,,,2B/3B/SS/OF/UTIL
117667-146160,SS,Ha-Seong,Ha-Seong Kim,Kim,9.21900826446281,121,2500,TEX@TB,TB,TEX,IL,Shoulder,,,,SS/UTIL
117667-165710,OF,Evan,Evan Carter,Carter,6.653846153846154,13,2500,TEX@TB,TEX,TB,,,,,,OF/UTIL
117667-102402,OF,Alexander,Alexander Canario,Canario,6.336111280653212,36,2400,HOU@PIT,PIT,HOU,,,,,,OF/UTIL
117667-102546,2B/3B/SS,Gabriel,Gabriel Arias,Arias,7.610526101631031,57,2400,CLE@NYY,CLE,NYY,,,,,,2B/3B/SS/UTIL
117667-6312,1B/3B,Justin,Justin Turner,Turner,4.769444359673394,36,2400,CHC@WSH,CHC,WSH,,,,,,C/1B/3B/UTIL
117667-13567,3B/1B/2B,DJ,DJ LeMahieu,LeMahieu,5.317647148581112,17,2400,CLE@NYY,NYY,CLE,,,,,,C/1B/2B/3B/UTIL
117667-185632,C/1B/OF,David,David Fry,Fry,2.1666666666666665,3,2400,CLE@NYY,CLE,NYY,,,,,,C/1B/OF/UTIL
117667-193863,OF,Jacob,Jacob Young,Young,5.634146341463414,41,2400,CHC@WSH,WSH,CHC,IL,Shoulder,,,,OF/UTIL
117667-119318,2B/3B/OF,Christopher,Christopher Morel,Morel,6.263043610945992,46,2400,TEX@TB,TB,TEX,,,,,,2B/3B/OF/UTIL
117667-181851,3B/2B/1B/SS,Jared,Jared Triolo,Triolo,4.602777693006727,36,2400,HOU@PIT,PIT,HOU,,,,,,C/1B/2B/3B/SS/UTIL
117667-82655,C,Danny,Danny Jansen,Jansen,6.341463414634147,41,2400,TEX@TB,TB,TEX,,,,,,C/1B/UTIL
117667-163671,3B,Jose,Jose Tena,Tena,7.412820669320913,39,2400,CHC@WSH,WSH,CHC,,,,,,3B/UTIL
117667-163695,2B,Jorbit,Jorbit Vivas,Vivas,3.9636362249200996,22,2400,CLE@NYY,NYY,CLE,,,,,,2B/UTIL
117667-80848,C,Victor,Victor Caratini,Caratini,6.33076907426883,39,2400,HOU@PIT,HOU,PIT,,,,,,C/1B/UTIL
117667-13487,OF,Tommy,Tommy Pham,Pham,5.190908952192827,44,2300,HOU@PIT,PIT,HOU,,,,,,OF/UTIL
117667-79122,OF,Nolan,Nolan Jones,Jones,5.254545454545455,55,2300,CLE@NYY,CLE,NYY,,,,,,OF/UTIL
117667-79152,C,Matt,Matt Thaiss,Thaiss,6.163157814427426,38,2300,TEX@TB,TB,TEX,,,,,,C/1B/UTIL
117667-79181,2B/OF,Mauricio,Mauricio Dubon,Dubon,5.274358896108774,39,2300,HOU@PIT,HOU,PIT,,,,,,2B/OF/UTIL
117667-79216,3B,Ke'Bryan,Ke'Bryan Hayes,Hayes,6.568965517241379,58,2300,HOU@PIT,PIT,HOU,,,,,,3B/UTIL
117667-119365,SS/2B,Nasim,Nasim Nunez,Nunez,5.89047604515439,21,2300,CHC@WSH,WSH,CHC,,,,,,2B/SS/UTIL
117667-80462,SS/3B,Paul,Paul DeJong,DeJong,5.162499904632568,16,2300,CHC@WSH,WSH,CHC,IL,Orbital,,,,3B/SS/UTIL
117667-165654,C/OF,Henry,Henry Davis,Davis,5.430434848951257,23,2300,HOU@PIT,PIT,HOU,,,,,,C/1B/OF/UTIL
117667-165701,3B/2B/1B,Curtis,Curtis Mead,Mead,4.939999825613839,35,2300,TEX@TB,TB,TEX,,,,,,C/1B/2B/3B/UTIL
117667-163667,OF/1B,Jhonkensy,Jhonkensy Noel,Noel,3.4395347417787066,43,2300,CLE@NYY,CLE,NYY,,,,,,C/1B/OF/UTIL
117667-165712,3B/OF,Dustin,Dustin Harris,Harris,4.206250190734863,16,2300,TEX@TB,TEX,TB,,,,,,3B/OF/UTIL
117667-101276,2B/3B,Jon,Jon Berti,Berti,5.262499809265137,32,2300,CHC@WSH,CHC,WSH,,,,,,2B/3B/UTIL
117667-52182,C,Reese,Reese McGuire,McGuire,9.350000381469727,4,2300,CHC@WSH,CHC,WSH,,,,,,C/1B/UTIL
117667-68582,2B,Brendan,Brendan Rodgers,Rodgers,4.72972972972973,37,2300,HOU@PIT,HOU,PIT,,,,,,2B/UTIL
117667-135190,SS,Taylor,Taylor Walls,Walls,5.2823528214996935,51,2200,TEX@TB,TB,TEX,,,,,,SS/UTIL
117667-135216,OF,Chas,Chas McCormick,McCormick,2.4777776930067272,36,2200,HOU@PIT,HOU,PIT,IL,Oblique,,,,OF/UTIL
117667-102475,SS,Brayan,Brayan Rocchio,Rocchio,4.188571602957589,35,2200,CLE@NYY,CLE,NYY,,,,,,SS/UTIL
117667-38004,C,Austin,Austin Hedges,Hedges,4.282608695652174,23,2200,CLE@NYY,CLE,NYY,,,,,,C/1B/UTIL
117667-135284,C,Riley,Riley Adams,Adams,4.757142748151507,14,2200,CHC@WSH,WSH,CHC,,,,,,C/1B/UTIL
117667-145611,SS/2B/3B,Oswald,Oswald Peraza,Peraza,5.1078948974609375,38,2200,CLE@NYY,NYY,CLE,,,,,,2B/3B/SS/UTIL
117667-146715,C/1B,Endy,Endy Rodriguez,Rodriguez,4.529411764705882,17,2200,HOU@PIT,PIT,HOU,,,,,,C/1B/UTIL
117667-226907,OF,Alejandro,Alejandro Osuna,Osuna,4.150000095367432,8,2200,TEX@TB,TEX,TB,,,,,,OF/UTIL
117667-222837,C,Moises,Moises Ballesteros,Ballesteros,7.019999694824219,5,2200,CHC@WSH,CHC,WSH,,,,,,C/1B/UTIL
117667-226041,OF/1B,Matt,Matt Gorski,Gorski,4.76000010172526,15,2200,HOU@PIT,PIT,HOU,,,,,,C/1B/OF/UTIL
117667-163668,OF/2B/3B,Richie,Richie Palacios,Palacios,21.200000762939453,1,2200,TEX@TB,TB,TEX,IL,Knee,,,,2B/3B/OF/UTIL
117667-213853,C,J.C.,J.C. Escarra,Escarra,5.243478194527004,23,2200,CLE@NYY,NYY,CLE,,,,,,C/1B/UTIL
117667-165725,OF,Daylen,Daylen Lile,Lile,6.459999847412109,10,2200,CHC@WSH,WSH,CHC,,,,,,OF/UTIL
117667-102406,2B/SS/3B,Vidal,Vidal Brujan,Brujan,2.422222137451172,18,2100,CHC@WSH,CHC,WSH,,,,,,2B/3B/SS/UTIL
117667-225386,OF,Chandler,Chandler Simpson,Simpson,9.854285539899553,35,2100,TEX@TB,TB,TEX,,,,,,OF/UTIL
117667-197753,OF,Johnathan,Johnathan Rodriguez,Rodriguez,0,4,2100,CLE@NYY,CLE,NYY,,,,,,OF/UTIL
117667-184480,C,Cesar,Cesar Salazar,Salazar,0,3,2100,HOU@PIT,HOU,PIT,,,,,,C/1B/UTIL
117667-209172,1B,Andres,Andres Chaparro,Chaparro,8.481817996863162,33,2100,CHC@WSH,WSH,CHC,,,,,,C/1B/UTIL
117667-197918,SS,Tsung-Che,Tsung-Che Cheng,Cheng,0,3,2100,HOU@PIT,PIT,HOU,,,,,,SS/UTIL
117667-95776,2B/SS/3B/OF,Pablo,Pablo Reyes,Reyes,1.959090839732777,22,2100,CLE@NYY,NYY,CLE,,,,,,2B/3B/SS/OF/UTIL
117667-181806,OF,Jonny,Jonny DeLuca,DeLuca,9.144444783528646,9,2100,TEX@TB,TB,TEX,IL,Shoulder,,,,OF/UTIL
117667-119428,2B/3B,Will,Will Wilson,Wilson,2.8700000762939455,20,2100,CLE@NYY,CLE,NYY,,,,,,2B/3B/UTIL
117667-119634,SS/2B,Liover,Liover Peguero,Peguero,2.25,4,2100,HOU@PIT,PIT,HOU,,,,,,2B/SS/UTIL
117667-119637,3B/OF,Ezequiel,Ezequiel Duran,Duran,1.743749976158142,16,2100,TEX@TB,TEX,TB,,,,,,3B/OF/UTIL
117667-198658,OF/2B,Ronny,Ronny Simon,Simon,5.089473523591694,19,2000,HOU@PIT,PIT,HOU,,,,,,2B/OF/UTIL
117667-102409,OF,Nick,Nick Schnell,Schnell,,0,2000,CHC@WSH,WSH,CHC,,,,,,OF/UTIL
117667-102410,C,Ronaldo,Ronaldo Hernandez,Hernandez,,0,2000,CLE@NYY,NYY,CLE,,,,,,C/1B/UTIL
117667-13343,2B,Dixon,Dixon Machado,Machado,,0,2000,CHC@WSH,CHC,WSH,,,,,,2B/UTIL
117667-135207,2B,Alex,Alex De Goti,De Goti,,0,2000,TEX@TB,TEX,TB,,,,,,2B/UTIL
117667-102451,OF,Brennen,Brennen Davis,Davis,0,2,2000,CLE@NYY,NYY,CLE,,,,,,OF/UTIL
117667-102453,SS/2B/3B,Zack,Zack Short,Short,3.388372022052144,43,2000,HOU@PIT,HOU,PIT,,,,,,2B/3B/SS/UTIL
117667-135227,2B,Jose,Jose Rojas,Rojas,,0,2000,CLE@NYY,NYY,CLE,,,,,,2B/UTIL
117667-157797,OF,Bryan,Bryan De La Cruz,De La Cruz,3.012500047683716,16,2000,CLE@NYY,NYY,CLE,,,,,,OF/UTIL
117667-135288,SS/2B/3B,Alan,Alan Trejo,Trejo,3.078571319580078,14,2000,TEX@TB,TEX,TB,,,,,,2B/3B/SS/UTIL
117667-116869,SS,Erick,Erick Mejia,Mejia,,0,2000,CHC@WSH,WSH,CHC,,,,,,SS/UTIL
117667-102537,OF,Everson,Everson Pereira,Pereira,0,3,2000,CLE@NYY,NYY,CLE,,,,,,OF/UTIL
117667-102584,C,Tres,Tres Barrera,Barrera,,0,2000,TEX@TB,TB,TEX,,,,,,C/1B/UTIL
117667-187594,2B/3B,Coco,Coco Montes,Montes,1.9,5,2000,TEX@TB,TB,TEX,,,,,,2B/3B/UTIL
117667-198875,OF,Chase,Chase DeLauter,DeLauter,,0,2000,CLE@NYY,CLE,NYY,,,,,,OF/UTIL
117667-60649,C,Alex,Alex Jackson,Jackson,4.196551618904903,58,2000,CLE@NYY,NYY,CLE,,,,,,C/1B/UTIL
117667-198888,OF,Jacob,Jacob Melton,Melton,2,3,2000,HOU@PIT,HOU,PIT,,,,,,OF/UTIL
117667-146668,2B,Nick,Nick Yorke,Yorke,8.754545731977982,11,2000,HOU@PIT,PIT,HOU,,,,,,2B/UTIL
117667-146674,OF,Owen,Owen Caissie,Caissie,,0,2000,CHC@WSH,CHC,WSH,,,,,,OF/UTIL
117667-146672,SS,Reginald,Reginald Preciado,Preciado,,0,2000,CHC@WSH,CHC,WSH,,,,,,SS/UTIL
117667-146673,SS,Ed,Ed Howard,Howard,,0,2000,CHC@WSH,CHC,WSH,,,,,,SS/UTIL
117667-79093,OF,Eloy,Eloy Jimenez,Jimenez,5.833333333333333,99,2000,TEX@TB,TB,TEX,IL,Achilles,,,,OF/UTIL
117667-198900,OF,Spencer,Spencer Jones,Jones,,0,2000,CLE@NYY,NYY,CLE,,,,,,OF/UTIL
117667-197883,OF,Kenedy,Kenedy Corona,Corona,0,1,2000,HOU@PIT,HOU,PIT,,,,,,OF/UTIL
117667-146686,OF,Colin,Colin Barber,Barber,,0,2000,HOU@PIT,HOU,PIT,,,,,,OF/UTIL
117667-198914,SS,Roderick,Roderick Arias,Arias,,0,2000,CLE@NYY,NYY,CLE,,,,,,SS/UTIL
117667-79115,OF,Greg,Greg Allen,Allen,0,3,2000,CHC@WSH,CHC,WSH,,,,,,OF/UTIL
117667-213262,C,Caleb,Caleb Knight,Knight,,0,2000,CHC@WSH,CHC,WSH,,,,,,C/1B/UTIL
117667-198933,SS,Sebastian,Sebastian Walcott,Walcott,,0,2000,TEX@TB,TEX,TB,,,,,,SS/UTIL
117667-198932,1B,Xavier,Xavier Isaac,Isaac,,0,2000,TEX@TB,TB,TEX,,,,,,C/1B/UTIL
117667-85274,OF,DJ,DJ Stewart,Stewart,4.864473844829359,76,2000,HOU@PIT,PIT,HOU,,,,,,OF/UTIL
117667-146731,SS/2B,Alika,Alika Williams,Williams,4.191892056851773,37,2000,HOU@PIT,PIT,HOU,,,,,,2B/SS/UTIL
117667-146735,OF,Roismar,Roismar Quintana,Quintana,,0,2000,CHC@WSH,WSH,CHC,,,,,,OF/UTIL
117667-146738,2B,Justin,Justin Foscue,Foscue,1.756250023841858,16,2000,TEX@TB,TEX,TB,,,,,,2B/UTIL
117667-79190,C,Ben,Ben Rortvedt,Rortvedt,2.6692308279184194,26,2000,TEX@TB,TB,TEX,,,,,,C/1B/UTIL
117667-79204,SS,Richie,Richie Martin,Martin,,0,2000,TEX@TB,TEX,TB,,,,,,SS/UTIL
117667-211306,2B,Darren,Darren Baker,Baker,3.355555640326606,9,2000,CHC@WSH,WSH,CHC,,,,,,2B/UTIL
117667-211339,C,Logan,Logan Driscoll,Driscoll,3.593333435058594,15,2000,TEX@TB,TB,TEX,IL,Ankle,,,,C/1B/UTIL
117667-211345,2B,Michael,Michael Helman,Helman,2.3777777353922525,9,2000,TEX@TB,TEX,TB,,,,,,2B/UTIL
117667-38293,OF,Tyler,Tyler Naquin,Naquin,,0,2000,CLE@NYY,CLE,NYY,,,,,,OF/UTIL
117667-79279,OF,Andrew,Andrew Stevenson,Stevenson,,0,2000,TEX@TB,TB,TEX,,,,,,OF/UTIL
117667-226808,1B,Blaine,Blaine Crim,Crim,1.8399999618530274,5,2000,TEX@TB,TEX,TB,,,,,,C/1B/UTIL
117667-96765,C,Joe,Joe Hudson,Hudson,0,1,2000,HOU@PIT,HOU,PIT,,,,,,C/1B/UTIL
117667-119304,SS/2B,Braden,Braden Shewmake,Shewmake,3.406896656957166,29,2000,CLE@NYY,NYY,CLE,,,,,,2B/SS/UTIL
117667-119314,C,Ethan,Ethan Hearn,Hearn,,0,2000,CHC@WSH,CHC,WSH,,,,,,C/1B/UTIL
117667-119320,2B,Chase,Chase Strumpf,Strumpf,,0,2000,CHC@WSH,CHC,WSH,,,,,,2B/UTIL
117667-79387,3B,Jake,Jake Gatewood,Gatewood,,0,2000,CLE@NYY,NYY,CLE,,,,,,3B/UTIL
117667-119332,SS,Yordys,Yordys Valdes,Valdes,,0,2000,CLE@NYY,CLE,NYY,,,,,,SS/UTIL
117667-219699,C,Jesus,Jesus Rodriguez,Rodriguez,,0,2000,CLE@NYY,NYY,CLE,,,,,,C/1B/UTIL
117667-181818,2B,Juan,Juan Brito,Brito,0,3,2000,CLE@NYY,CLE,NYY,IL,Thumb,,,,2B/UTIL
117667-219704,SS,Ben,Ben Cowles,Cowles,,0,2000,CHC@WSH,CHC,WSH,,,,,,SS/UTIL
117667-156226,OF,Pedro,Pedro Leon,Leon,3.4571429661342075,7,2000,HOU@PIT,HOU,PIT,IL,Knee,,,,OF/UTIL
117667-222795,SS,George,George Lombard Jr.,Lombard Jr.,,0,2000,CLE@NYY,NYY,CLE,,,,,,SS/UTIL
117667-80459,OF,Franchy,Franchy Cordero,Cordero,,0,2000,CHC@WSH,WSH,CHC,,,,,,OF/UTIL
117667-222799,C,Cooper,Cooper Ingle,Ingle,,0,2000,CLE@NYY,CLE,NYY,,,,,,C/1B/UTIL
117667-222798,1B,CJ,CJ Kayfus,Kayfus,,0,2000,CLE@NYY,CLE,NYY,,,,,,C/1B/UTIL
117667-222797,2B,Travis,Travis Bazzana,Bazzana,,0,2000,CLE@NYY,CLE,NYY,IL,Oblique,,,,2B/UTIL
117667-222796,SS,Angel,Angel Genao,Genao,,0,2000,CLE@NYY,CLE,NYY,IL,Shoulder,,,,SS/UTIL
117667-222801,OF,Jaison,Jaison Chourio,Chourio,,0,2000,CLE@NYY,CLE,NYY,IL,Shoulder,,,,OF/UTIL
117667-222800,1B,Ralphy,Ralphy Velazquez,Velazquez,,0,2000,CLE@NYY,CLE,NYY,,,,,,C/1B/UTIL
117667-119390,OF,Kevin,Kevin Alcantara,Alcantara,2.066666603088379,3,2000,CHC@WSH,CHC,WSH,,,,,,OF/UTIL
117667-222823,SS,Konnor,Konnor Griffin,Griffin,,0,2000,HOU@PIT,PIT,HOU,,,,,,SS/UTIL
117667-222824,2B,Termarr,Termarr Johnson,Johnson,,0,2000,HOU@PIT,PIT,HOU,,,,,,2B/UTIL
117667-222831,SS,Jackson,Jackson Cluff,Cluff,,0,2000,CHC@WSH,WSH,CHC,,,,,,SS/UTIL
117667-119407,OF,Sammy,Sammy Siani,Siani,,0,2000,HOU@PIT,PIT,HOU,,,,,,OF/UTIL
117667-222829,SS,Seaver,Seaver King,King,,0,2000,CHC@WSH,WSH,CHC,,,,,,SS/UTIL
117667-119408,2B/OF,Ji Hwan,Ji Hwan Bae,Bae,3.942857197352818,7,2000,HOU@PIT,PIT,HOU,,,,,,2B/OF/UTIL
117667-222838,SS,Jefferson,Jefferson Rojas,Rojas,,0,2000,CHC@WSH,CHC,WSH,,,,,,SS/UTIL
117667-119421,3B,Malcom,Malcom Nunez,Nunez,,0,2000,HOU@PIT,PIT,HOU,IL,Undisclosed,,,,3B/UTIL
117667-82556,OF,Taylor,Taylor Trammell,Trammell,1.1272726925936611,11,2000,HOU@PIT,HOU,PIT,IL,Calf,,,,OF/UTIL
117667-222845,SS,Brice,Brice Matthews,Matthews,,0,2000,HOU@PIT,HOU,PIT,,,,,,SS/UTIL
117667-222851,C,Dominic,Dominic Keegan,Keegan,,0,2000,TEX@TB,TB,TEX,,,,,,C/1B/UTIL
117667-222850,3B,Brayden,Brayden Taylor,Taylor,,0,2000,TEX@TB,TB,TEX,,,,,,3B/UTIL
117667-222853,1B,Tre',Tre' Morgan,Morgan,,0,2000,TEX@TB,TB,TEX,,,,,,C/1B/UTIL
117667-222852,OF,Theo,Theo Gillen,Gillen,,0,2000,TEX@TB,TB,TEX,,,,,,OF/UTIL
117667-119432,SS,Greg,Greg Jones,Jones,2,3,2000,HOU@PIT,HOU,PIT,,,,,,SS/UTIL
117667-165519,OF,Petey,Petey Halpin,Halpin,,0,2000,CLE@NYY,CLE,NYY,,,,,,OF/UTIL
117667-52878,OF,Billy,Billy McKinney,McKinney,4.254545385187322,11,2000,TEX@TB,TEX,TB,,,,,,OF/UTIL
117667-165516,C,Daniel,Daniel Vellojin,Vellojin,,0,2000,TEX@TB,TB,TEX,,,,,,C/1B/UTIL
117667-119450,OF,Jeremy,Jeremy De La Rosa,De La Rosa,,0,2000,CHC@WSH,WSH,CHC,,,,,,OF/UTIL
117667-164527,SS,Cristian,Cristian Hernandez,Hernandez,,0,2000,CHC@WSH,CHC,WSH,,,,,,SS/UTIL
117667-164531,SS,Kevin,Kevin Made,Made,,0,2000,CHC@WSH,WSH,CHC,,,,,,SS/UTIL
117667-164528,SS,James,James Triantos,Triantos,,0,2000,CHC@WSH,CHC,WSH,,,,,,SS/UTIL
117667-220848,SS,Christian,Christian Cairo,Cairo,,0,2000,CLE@NYY,CLE,NYY,,,,,,SS/UTIL
117667-165558,OF,Tyler,Tyler Whitaker,Whitaker,,0,2000,HOU@PIT,HOU,PIT,,,,,,OF/UTIL
117667-82616,2B/3B/SS,Luis,Luis Guillorme,Guillorme,3.858227693581883,79,2000,HOU@PIT,HOU,PIT,,,,,,2B/3B/SS/UTIL
117667-165563,SS,Cristian,Cristian Gonzalez,Gonzalez,,0,2000,HOU@PIT,HOU,PIT,,,,,,SS/UTIL
117667-82620,2B,Nick,Nick Solak,Solak,0.75,4,2000,HOU@PIT,PIT,HOU,,,,,,2B/UTIL
117667-165567,3B/2B,Shay,Shay Whitcomb,Whitcomb,0,1,2000,HOU@PIT,HOU,PIT,,,,,,2B/3B/UTIL
117667-21183,C/1B,Carlos,Carlos Perez,Perez,,0,2000,CHC@WSH,CHC,WSH,,,,,,C/1B/UTIL
117667-202433,2B/OF,Jamie,Jamie Westbrook,Westbrook,4.490476335797991,21,2000,TEX@TB,TB,TEX,,,,,,2B/OF/UTIL
117667-162509,1B/OF,Juan,Juan Yepez,Yepez,8.784127371651786,63,2000,CHC@WSH,WSH,CHC,,,,,,C/1B/OF/UTIL
117667-195289,OF,Cam,Cam Eden,Eden,,0,2000,CLE@NYY,NYY,CLE,,,,,,OF/UTIL
117667-165597,SS,Kahlil,Kahlil Watson,Watson,,0,2000,CLE@NYY,CLE,NYY,,,,,,SS/UTIL
117667-165627,3B,Jaylen,Jaylen Palmer,Palmer,,0,2000,CHC@WSH,CHC,WSH,,,,,,3B/UTIL
117667-202501,OF,Duke,Duke Ellis,Ellis,3.0166667302449546,12,2000,CLE@NYY,NYY,CLE,,,,,,OF/UTIL
117667-165658,SS,Maikol,Maikol Escotto,Escotto,,0,2000,HOU@PIT,PIT,HOU,,,,,,SS/UTIL
117667-165656,OF,Lonnie,Lonnie White,White,,0,2000,HOU@PIT,PIT,HOU,,,,,,OF/UTIL
117667-199466,3B/1B,Trey,Trey Lipscomb,Lipscomb,3.066666603088379,3,2000,CHC@WSH,WSH,CHC,,,,,,C/1B/3B/UTIL
117667-165688,C,Ricardo,Ricardo Genoves,Genoves,,0,2000,TEX@TB,TB,TEX,,,,,,C/1B/UTIL
117667-211774,1B/OF,Billy,Billy Cook,Cook,7.25,16,2000,HOU@PIT,PIT,HOU,,,,,,C/1B/OF/UTIL
117667-165702,SS,Carson,Carson Williams,Williams,,0,2000,TEX@TB,TB,TEX,,,,,,SS/UTIL
117667-165700,SS,Carlos,Carlos Colmenares,Colmenares,,0,2000,TEX@TB,TB,TEX,,,,,,SS/UTIL
117667-165704,2B,Cooper,Cooper Kinney,Kinney,,0,2000,TEX@TB,TB,TEX,,,,,,2B/UTIL
117667-119626,OF,Hudson,Hudson Head,Head,,0,2000,HOU@PIT,PIT,HOU,,,,,,OF/UTIL
117667-165711,SS,Cam,Cam Cauley,Cauley,,0,2000,TEX@TB,TEX,TB,,,,,,SS/UTIL
117667-165708,2B,Trevor,Trevor Hauver,Hauver,,0,2000,TEX@TB,TEX,TB,IL,Undisclosed,,,,2B/UTIL
117667-165709,OF,Yeison,Yeison Morrobel,Morrobel,,0,2000,TEX@TB,TEX,TB,,,,,,OF/UTIL
117667-165713,OF,Aaron,Aaron Zavala,Zavala,,0,2000,TEX@TB,TEX,TB,,,,,,OF/UTIL
117667-119636,SS,Alexander,Alexander Vargas,Vargas,,0,2000,CLE@NYY,NYY,CLE,,,,,,SS/UTIL
117667-163669,C,Bryan,Bryan Lavastida,Lavastida,,0,2000,HOU@PIT,HOU,PIT,,,,,,C/1B/UTIL
117667-165726,SS,Brady,Brady House,House,,0,2000,CHC@WSH,WSH,CHC,,,,,,SS/UTIL
117667-165730,C,Drew,Drew Millas,Millas,5.661904834565663,21,2000,CHC@WSH,WSH,CHC,,,,,,C/1B/UTIL
117667-165728,SS,Armando,Armando Cruz,Cruz,,0,2000,CHC@WSH,WSH,CHC,,,,,,SS/UTIL
117667-163686,3B/SS,Oswaldo,Oswaldo Cabrera,Cabrera,6.597142682756696,35,2000,CLE@NYY,NYY,CLE,IL,Ankle,,,,3B/SS/UTIL
117667-165732,1B,Branden,Branden Boissiere,Boissiere,,0,2000,CHC@WSH,WSH,CHC,,,,,,C/1B/UTIL
117667-163696,OF,Jack,Jack Suwinski,Suwinski,4.393750190734863,16,2000,HOU@PIT,PIT,HOU,,,,,,OF/UTIL
117667-180095,OF,Will,Will Brennan,Brennan,1.5,6,2000,CLE@NYY,CLE,NYY,IL,Forearm,,,,OF/UTIL
117667-171923,1B,Darick,Darick Hall,Hall,0,2,2000,HOU@PIT,PIT,HOU,IL,Undisclosed,,,,C/1B/UTIL
117667-79776,C,Dom,Dom Nunez,Nunez,,0,2000,CLE@NYY,CLE,NYY,,,,,,C/1B/UTIL
117667-102313,OF,George,George Valera,Valera,0,3,2000,CLE@NYY,CLE,NYY,IL,Knee,,,,OF/UTIL
117667-163772,C,Brett,Brett Sullivan,Sullivan,3.9000000953674316,8,2000,HOU@PIT,PIT,HOU,,,,,,C/1B/UTIL
117667-68554,SS,Andrew,Andrew Velazquez,Velazquez,0,2,2000,CLE@NYY,NYY,CLE,,,,,,SS/UTIL
117667-81869,C,Chad,Chad Wallach,Wallach,,0,2000,TEX@TB,TEX,TB,IL,Undisclosed,,,,C/1B/UTIL
117667-13304,C,Tucker,Tucker Barnhart,Barnhart,1.875,8,2000,TEX@TB,TEX,TB,,,,,,C/1B/UTIL