Id,Position,First Name,Nickname,Last Name,FPPG,Played,Salary,Game,Team,Opponent,Injury Indicator,Injury Details,Tier,Probable Pitcher,Batting Order,Roster Position
117348-52185,P,Max,Max Fried,Fried,41.36363636363637,11,11000,NYY@LAA,NYY,LAA,,,,,,P
117348-197980,P,Paul,Paul Skenes,Skenes,37.45454545454545,11,10800,PIT@ARI,PIT,ARI,,,,,,P
117348-119430,P,Joe,Joe Ryan,Ryan,36.5,10,10600,MIN@TB,MIN,TB,,,,,,P
117348-198625,P,Yoshinobu,Yoshinobu Yamamoto,Yamamoto,39.6,10,10600,LAD@CLE,LAD,CLE,,,,Yes,,P
117348-52183,P,Tyler,Tyler Glasnow,Glasnow,21.2,5,10200,LAD@CLE,LAD,CLE,IL,Shoulder,,,,P
117348-83152,P,Pablo,Pablo Lopez,Lopez,34.55555555555556,9,10000,MIN@TB,MIN,TB,,,,,,P
117348-117232,P,Michael,Michael King,King,34.3,10,10000,MIA@SD,SD,MIA,IL,Shoulder,,,,P
117348-68488,P,Blake,Blake Snell,Snell,19.5,2,10000,LAD@CLE,LAD,CLE,IL,Shoulder,,,,P
117348-60633,P,Carlos,Carlos Rodon,Rodon,39.09090909090909,11,9900,NYY@LAA,NYY,LAA,,,,,,P
117348-185606,P,Gavin,Gavin Stone,Stone,28.4,25,9900,LAD@CLE,LAD,CLE,IL,Shoulder,,,,P
117348-79951,P,Nick,Nick Pivetta,Pivetta,36.1,10,9600,MIA@SD,SD,MIA,,,,,,P
117348-79091,P,Dylan,Dylan Cease,Cease,29.545454545454547,11,9400,MIA@SD,SD,MIA,,,,,,P
117348-101881,P,Merrill,Merrill Kelly,Kelly,31.363636363636363,11,9400,PIT@ARI,ARI,PIT,,,,,,P
117348-82604,P,Corbin,Corbin Burnes,Burnes,33.888888888888886,9,9400,PIT@ARI,ARI,PIT,,,,,,P
117348-82621,P,Clarke,Clarke Schmidt,Schmidt,26.714285714285715,7,9400,NYY@LAA,NYY,LAA,,,,,,P
117348-85251,P,Zac,Zac Gallen,Gallen,27.272727272727273,11,9300,PIT@ARI,ARI,PIT,,,,,,P
117348-102407,P,Shane,Shane McClanahan,McClanahan,0,1,9200,MIN@TB,TB,MIN,IL,Triceps,,,,P
117348-145612,P,Bailey,Bailey Ober,Ober,26.727272727272727,11,9200,MIN@TB,MIN,TB,,,,,,P
117348-83166,P,Zack,Zack Littell,Littell,25,10,9200,MIN@TB,TB,MIN,,,,Yes,,P
117348-82554,P,Shane,Shane Bieber,Bieber,58,5,9200,LAD@CLE,CLE,LAD,IL,Elbow,,,,P
117348-185701,P,Brandon,Brandon Pfaadt,Pfaadt,29,11,9000,PIT@ARI,ARI,PIT,,,,,,P
117348-79217,P,Mitch,Mitch Keller,Keller,28.818181818181817,11,9000,PIT@ARI,PIT,ARI,,,,,,P
117348-16956,P,Gerrit,Gerrit Cole,Cole,32,22,9000,NYY@LAA,NYY,LAA,IL,Elbow,,,,P
117348-102345,P,Jose,Jose Soriano,Soriano,26.272727272727273,11,9000,NYY@LAA,LAA,NYY,,,,,,P
117348-135343,P,Max,Max Meyer,Meyer,31.8,10,8900,MIA@SD,MIA,SD,,,,,,P
117348-146725,P,Jared,Jared Jones,Jones,30.59090909090909,22,8900,PIT@ARI,PIT,ARI,IL,Elbow,,,,P
117348-198362,P,Stephen,Stephen Kolek,Kolek,33.75,4,8900,MIA@SD,SD,MIA,,,,,,P
117348-118206,P,Luis,Luis Gil,Gil,30.29032258064516,31,8800,NYY@LAA,NYY,LAA,IL,Lat,,,,P
117348-102001,P,Yusei,Yusei Kikuchi,Kikuchi,27.636363636363637,11,8800,NYY@LAA,LAA,NYY,,,,,,P
117348-102343,P,Tony,Tony Gonsolin,Gonsolin,27.2,5,8800,LAD@CLE,LAD,CLE,,,,,,P
117348-179725,P,Luis,Luis Ortiz,Ortiz,27.7,10,8600,LAD@CLE,CLE,LAD,,,,,,P
117348-16931,P,Yu,Yu Darvish,Darvish,28.77777777777778,18,8600,MIA@SD,SD,MIA,IL,Elbow,,,,P
117348-52167,P,Andrew,Andrew Heaney,Heaney,27.3,10,8600,PIT@ARI,PIT,ARI,,,,Yes,,P
117348-38246,P,Tyler,Tyler Anderson,Anderson,25.6,10,8500,NYY@LAA,LAA,NYY,,,,,,P
117348-135647,P,Ryan,Ryan Pepiot,Pepiot,28.818181818181817,11,8500,MIN@TB,TB,MIN,,,,,,P
117348-119361,P,Drew,Drew Rasmussen,Rasmussen,26.6,10,8500,MIN@TB,TB,MIN,,,,,,P
117348-165518,P,Gavin,Gavin Williams,Williams,28.4,10,8500,LAD@CLE,CLE,LAD,,,,Yes,,P
117348-185501,P,Tanner,Tanner Bibee,Bibee,27.4,10,8400,LAD@CLE,CLE,LAD,,,,,,P
117348-198912,P,Will,Will Warren,Warren,27.818181818181817,11,8400,NYY@LAA,NYY,LAA,,,,,,P
117348-222787,P,Roki,Roki Sasaki,Sasaki,16.375,8,8400,LAD@CLE,LAD,CLE,IL,Shoulder,,,,P
117348-165638,P,Randy,Randy Vasquez,Vasquez,20.1,10,8400,MIA@SD,SD,MIA,,,,Yes,,P
117348-203676,P,David,David Festa,Festa,26,3,8400,MIN@TB,MIN,TB,,,,,,P
117348-82594,P,Dustin,Dustin May,May,28.666666666666668,9,8300,LAD@CLE,LAD,CLE,,,,,,P
117348-165698,P,Taj,Taj Bradley,Bradley,27.5,10,8200,MIN@TB,TB,MIN,,,,,,P
117348-102395,P,Ryan,Ryan Weathers,Weathers,28.5,2,8200,MIA@SD,MIA,SD,,,,Yes,,P
117348-79245,P,Sandy,Sandy Alcantara,Alcantara,15.1,10,8000,MIA@SD,MIA,SD,,,,,,P
117348-82630,P,Shane,Shane Baz,Baz,27,10,8000,MIN@TB,TB,MIN,,,,,,P
117348-68523,P,Joe,Joe Musgrove,Musgrove,28.45,20,8000,MIA@SD,SD,MIA,IL,Elbow,,,,P
117348-52142,P,Eduardo,Eduardo Rodriguez,Rodriguez,21.666666666666668,9,8000,PIT@ARI,ARI,PIT,IL,Shoulder,,,,P
117348-102528,P,Simeon,Simeon Woods Richardson,Woods Richardson,20.875,8,7800,MIN@TB,MIN,TB,,,,,,P
117348-145625,P,Bailey,Bailey Falter,Falter,24.363636363636363,11,7800,PIT@ARI,PIT,ARI,,,,,,P
117348-79224,P,Chris,Chris Paddack,Paddack,21.2,10,7800,MIN@TB,MIN,TB,,,,Yes,,P
117348-165655,P,Bubba,Bubba Chandler,Chandler,,0,7800,PIT@ARI,PIT,ARI,,,,,,P
117348-5427,P,Clayton,Clayton Kershaw,Kershaw,6,2,7600,LAD@CLE,LAD,CLE,,,,,,P
117348-119355,P,Jack,Jack Kochanowicz,Kochanowicz,21,10,7600,NYY@LAA,LAA,NYY,,,,Yes,,P
117348-97300,P,John,John Means,Means,28,5,7500,LAD@CLE,CLE,LAD,IL,Elbow,,,,P
117348-135229,P,Reid,Reid Detmers,Detmers,5.266666666666667,17,7500,NYY@LAA,LAA,NYY,,,,,,P
117348-79118,P,Triston,Triston McKenzie,McKenzie,2,4,7500,LAD@CLE,CLE,LAD,,,,,,P
117348-165599,P,Eury,Eury Perez,Perez,0,2,7500,MIA@SD,MIA,SD,IL,Elbow,,,,P
117348-68485,P,Ryan,Ryan Yarbrough,Yarbrough,13.181818181818182,11,7500,NYY@LAA,NYY,LAA,,,,Yes,,P
117348-60646,P,Ben,Ben Lively,Lively,20.555555555555557,9,7400,LAD@CLE,CLE,LAD,IL,Elbow,,,,P
117348-146724,P,Carmen,Carmen Mlodzinski,Mlodzinski,14.88888888888889,9,7400,PIT@ARI,PIT,ARI,,,,,,P
117348-164497,P,Ryne,Ryne Nelson,Nelson,12.909090909090908,12,7400,PIT@ARI,ARI,PIT,,,,Yes,,P
117348-185490,P,Logan,Logan Allen,Allen,19.9,10,7300,LAD@CLE,CLE,LAD,,,,,,P
117348-39041,P,Marcus,Marcus Stroman,Stroman,4.333333333333333,3,7200,NYY@LAA,NYY,LAA,IL,Knee,,,,P
117348-146663,P,Slade,Slade Cecconi,Cecconi,36.5,2,7200,LAD@CLE,CLE,LAD,,,,,,P
117348-203679,P,Valente,Valente Bellozo,Bellozo,18,6,7200,MIA@SD,MIA,SD,,,,,,P
117348-197914,P,Nick,Nick Frasso,Frasso,0,2,7100,LAD@CLE,LAD,CLE,,,,,,P
117348-79228,P,Cal,Cal Quantrill,Quantrill,15.4,10,7100,MIA@SD,MIA,SD,,,,,,P
117348-118202,P,Kyle,Kyle Hart,Hart,17,5,7100,MIA@SD,SD,MIA,,,,,,P
117348-204505,P,Justin,Justin Wrobleski,Wrobleski,16.5,2,7100,LAD@CLE,LAD,CLE,,,,,,P
117348-102378,P,Matt,Matt Sauer,Sauer,12.285714285714286,7,7100,LAD@CLE,LAD,CLE,,,,,,P
117348-6266,P,Carlos,Carlos Carrasco,Carrasco,15,8,7000,NYY@LAA,NYY,LAA,,,,,,P
117348-79076,P,Kolby,Kolby Allard,Allard,11.142857142857142,7,7000,LAD@CLE,CLE,LAD,,,,,,P
117348-53607,P,Anthony,Anthony DeSclafani,DeSclafani,0,1,7000,NYY@LAA,NYY,LAA,O,Elbow,,,,P
117348-82599,P,Edward,Edward Cabrera,Cabrera,24,8,7000,MIA@SD,MIA,SD,,,,,,P
117348-79853,P,Jordan,Jordan Montgomery,Montgomery,17.16,25,7000,PIT@ARI,ARI,PIT,IL,Elbow,,,,P
117348-211069,P,Sam,Sam Aldegheri,Aldegheri,19.333333333333332,3,6900,NYY@LAA,LAA,NYY,,,,,,P
117348-198916,P,Thomas,Thomas Harrington,Harrington,9,2,6800,PIT@ARI,PIT,ARI,,,,,,P
117348-209173,P,Zebby,Zebby Matthews,Matthews,22.5,2,6800,MIN@TB,MIN,TB,,,,,,P
117348-185845,P,Allan,Allan Winans,Winans,-2,2,6800,NYY@LAA,NYY,LAA,,,,,,P
117348-119411,P,Joey,Joey Cantillo,Cantillo,7.25,20,6800,LAD@CLE,CLE,LAD,,,,,,P
117348-135650,P,Landon,Landon Knack,Knack,19.571428571428573,7,6700,LAD@CLE,LAD,CLE,,,,,,P
117348-53398,P,Kyle,Kyle Hendricks,Hendricks,19.4,10,6600,NYY@LAA,LAA,NYY,,,,,,P
117348-119302,P,Blake,Blake Walston,Walston,12.571428571428571,7,6600,PIT@ARI,ARI,PIT,IL,Elbow,,,,P
117348-102574,P,Jake,Jake Woodford,Woodford,10.444444444444445,9,6500,NYY@LAA,NYY,LAA,,,,,,P
117348-60627,P,Touki,Touki Toussaint,Toussaint,9,1,6500,NYY@LAA,LAA,NYY,,,,,,P
117348-198891,P,Caden,Caden Dana,Dana,10.5,2,6500,NYY@LAA,LAA,NYY,,,,,,P
117348-209846,P,Ben,Ben Casparius,Casparius,12.117647058823529,17,6500,LAD@CLE,LAD,CLE,,,,,,P
117348-170174,P,Chase,Chase Silseth,Silseth,21,4,6400,NYY@LAA,LAA,NYY,,,,,,P
117348-79147,P,Jakob,Jakob Junis,Junis,4.318181818181818,22,6400,LAD@CLE,CLE,LAD,,,,,,P
117348-194939,P,Joe,Joe Boyle,Boyle,42,1,6400,MIN@TB,TB,MIN,,,,,,P
117348-102416,P,Tyler,Tyler Phillips,Phillips,5.125,16,6300,MIA@SD,MIA,SD,,,,,,P
117348-135245,P,Tommy,Tommy Henry,Henry,11,1,6300,PIT@ARI,ARI,PIT,,,,,,P
117348-208114,P,Connor,Connor Gillispie,Gillispie,12,6,6300,MIA@SD,MIA,SD,,,,,,P
117348-79254,P,Dakota,Dakota Hudson,Hudson,14.38888888888889,18,6300,NYY@LAA,LAA,NYY,,,,,,P
117348-135648,P,Bobby,Bobby Miller,Miller,7.5,2,6300,LAD@CLE,LAD,CLE,,,,,,P
117348-187967,P,Emmet,Emmet Sheehan,Sheehan,0,2,6300,LAD@CLE,LAD,CLE,IL,Elbow,,,,P
117348-181660,P,Jhony,Jhony Brito,Brito,6.3076923076923075,26,6200,MIA@SD,SD,MIA,IL,Forearm,,,,P
117348-204512,P,Yilber,Yilber Diaz,Diaz,3,1,6200,PIT@ARI,ARI,PIT,,,,,,P
117348-202480,P,Adam,Adam Mazur,Mazur,11.625,8,6200,MIA@SD,MIA,SD,,,,,,P
117348-102394,P,Luis,Luis Patino,Patino,0,1,6200,MIA@SD,SD,MIA,O,Elbow,,,,P
117348-156976,P,Darren,Darren McCaughan,McCaughan,10.333333333333334,3,6100,MIN@TB,MIN,TB,,,,,,P
117348-188485,P,Matt,Matt Waldron,Waldron,25.22222222222222,27,6000,MIA@SD,SD,MIA,IL,Oblique,,,,P
117348-101804,P,Huascar,Huascar Ynoa,Ynoa,0,2,6000,MIN@TB,MIN,TB,,,,,,P
117348-102342,P,Michael,Michael Grove,Grove,6.325,40,6000,LAD@CLE,LAD,CLE,IL,Shoulder,,,,P
117348-178306,P,Bryan,Bryan Hoeing,Hoeing,7.405405405405405,37,5900,MIA@SD,SD,MIA,IL,Shoulder,,,,P
117348-179456,P,Louis,Louis Varland,Varland,5.576923076923077,27,5900,MIN@TB,MIN,TB,,,,,,P
117348-177584,P,Xzavion,Xzavion Curry,Curry,2,3,5900,MIA@SD,MIA,SD,,,,,,P
117348-163675,P,Noah,Noah Davis,Davis,4,3,5900,LAD@CLE,LAD,CLE,,,,,,P
117348-68505,P,Carson,Carson Fulmer,Fulmer,10.567567567567568,37,5900,PIT@ARI,PIT,ARI,,,,,,P
117348-102442,P,Freddy,Freddy Tarnok,Tarnok,0,1,5700,MIA@SD,MIA,SD,,,,,,P
117348-79079,P,Joey,Joey Wentz,Wentz,5.222222222222222,18,5700,PIT@ARI,PIT,ARI,,,,,,P
117348-101838,P,JT,JT Brubaker,Brubaker,0,3,5700,NYY@LAA,NYY,LAA,IL,Ribs,,,,P
117348-82573,P,Alex,Alex Faedo,Faedo,8.054054054054054,37,5700,MIN@TB,TB,MIN,IL,Shoulder,,,,P
117348-165600,P,Jake,Jake Eder,Eder,4,4,5700,NYY@LAA,LAA,NYY,,,,,,P
117348-165659,P,Mike,Mike Burrows,Burrows,12,1,5700,PIT@ARI,PIT,ARI,,,,,,P
117348-82539,P,Jalen,Jalen Beeks,Beeks,5.24,25,5600,PIT@ARI,ARI,PIT,,,,,,P
117348-226310,P,Jose,Jose Fermin,Fermin,4.888888888888889,9,5500,NYY@LAA,LAA,NYY,IL,Elbow,,,,P
117348-211985,P,Andrew,Andrew Walters,Walters,5.230769230769231,13,5500,LAD@CLE,CLE,LAD,,,,,,P
117348-114708,P,Randy,Randy Dobnak,Dobnak,16,1,5500,MIN@TB,MIN,TB,,,,,,P
117348-135192,P,Ryan,Ryan Thompson,Thompson,3.6,20,5500,PIT@ARI,ARI,PIT,,,,,,P
117348-82974,P,Tanner,Tanner Rainey,Rainey,2.857142857142857,8,5500,PIT@ARI,PIT,ARI,,,,,,P
117348-161827,P,Seth,Seth Martinez,Martinez,5.0227272727272725,44,5500,MIA@SD,MIA,SD,,,,,,P
117348-155687,P,Andrew,Andrew Wantz,Wantz,10,1,5500,MIN@TB,TB,MIN,IL,Elbow,,,,P
117348-82986,P,Colten,Colten Brewer,Brewer,5.5625,16,5500,NYY@LAA,NYY,LAA,,,,,,P
117348-82998,P,Lou,Lou Trivino,Trivino,5.466666666666667,15,5500,LAD@CLE,LAD,CLE,,,,,,P
117348-135226,P,Wes,Wes Benjamin,Benjamin,,0,5500,MIA@SD,SD,MIA,,,,,,P
117348-192574,P,Lane,Lane Ramsey,Ramsey,,0,5500,MIA@SD,MIA,SD,,,,,,P
117348-79936,P,Mark,Mark Leiter Jr.,Leiter Jr.,6.75,24,5500,NYY@LAA,NYY,LAA,,,,,,P
117348-104512,P,Geoff,Geoff Hartlieb,Hartlieb,4.2,5,5500,NYY@LAA,NYY,LAA,,,,,,P
117348-58434,P,Kendall,Kendall Graveman,Graveman,3.75,4,5500,PIT@ARI,ARI,PIT,,,,,,P
117348-154688,P,Jake,Jake Cousins,Cousins,6.4186046511627906,43,5500,NYY@LAA,NYY,LAA,IL,Forearm,,,,P
117348-179275,P,Fernando,Fernando Cruz,Cruz,7.666666666666667,21,5500,NYY@LAA,NYY,LAA,IL,Shoulder,,,,P
117348-135249,P,Bryce,Bryce Jarvis,Jarvis,5.166666666666667,6,5500,PIT@ARI,ARI,PIT,,,,,,P
117348-135253,P,Alex,Alex Vesia,Vesia,5.92,25,5500,LAD@CLE,LAD,CLE,,,,,,P
117348-135256,P,Connor,Connor Brogdon,Brogdon,3.8333333333333335,6,5500,NYY@LAA,LAA,NYY,,,,,,P
117348-189529,P,Alek,Alek Jacob,Jacob,3.4545454545454546,22,5500,MIA@SD,SD,MIA,,,,,,P
117348-135262,P,Anthony,Anthony Misiewicz,Misiewicz,6,1,5500,MIN@TB,MIN,TB,,,,,,P
117348-195681,P,Jose,Jose Espada,Espada,,0,5500,MIA@SD,SD,MIA,,,,,,P
117348-102503,P,John,John Rooney,Rooney,,0,5500,MIA@SD,MIA,SD,,,,,,P
117348-116839,P,David,David Bednar,Bednar,4.777777777777778,19,5500,PIT@ARI,PIT,ARI,,,,,,P
117348-102505,P,Edwin,Edwin Uceta,Uceta,4.260869565217392,23,5500,MIN@TB,TB,MIN,,,,,,P
117348-226411,P,David,David Morgan,Morgan,,0,5500,MIA@SD,SD,MIA,,,,,,P
117348-116847,P,Cole,Cole Sulser,Sulser,5.5,8,5500,MIN@TB,TB,MIN,,,,,,P
117348-161906,P,Dauri,Dauri Moreta,Moreta,0,1,5500,PIT@ARI,PIT,ARI,IL,Elbow,,,,P
117348-102517,P,Jhoan,Jhoan Duran,Duran,6.76,25,5500,MIN@TB,MIN,TB,,,,,,P
117348-135289,P,Kodi,Kodi Whitley,Whitley,,0,5500,MIN@TB,TB,MIN,IL,Undisclosed,,,,P
117348-201853,P,Ryan,Ryan Loutos,Loutos,0,1,5500,LAD@CLE,LAD,CLE,,,,,,P
117348-187521,P,Joe,Joe Jacques,Jacques,3,2,5500,LAD@CLE,LAD,CLE,,,,,,P
117348-135306,P,Cole,Cole Wilcox,Wilcox,,0,5500,MIN@TB,TB,MIN,,,,,,P
117348-73866,P,Wandy,Wandy Peralta,Peralta,4.238095238095238,21,5500,MIA@SD,SD,MIA,,,,,,P
117348-73869,P,Joe,Joe Mantiply,Mantiply,0.2,10,5500,PIT@ARI,ARI,PIT,,,,,,P
117348-102543,P,Connor,Connor Seabold,Seabold,8,1,5500,MIN@TB,TB,MIN,,,,,,P
117348-135312,P,Kyle,Kyle Nelson,Nelson,3.727272727272727,11,5500,PIT@ARI,ARI,PIT,,,,,,P
117348-21653,P,Hector,Hector Neris,Neris,4.111111111111111,11,5500,NYY@LAA,LAA,NYY,,,,,,P
117348-152733,P,Griffin,Griffin Jax,Jax,6.2,25,5500,MIN@TB,MIN,TB,,,,,,P
117348-12452,P,Kenley,Kenley Jansen,Jansen,4.117647058823529,18,5500,NYY@LAA,LAA,NYY,,,,,,P
117348-102565,P,Mason,Mason Englert,Englert,7.2,11,5500,MIN@TB,TB,MIN,,,,,,P
117348-195748,P,Kelvin,Kelvin Caceres,Caceres,0,2,5500,NYY@LAA,LAA,NYY,,,,,,P
117348-135339,P,Clayton,Clayton Beeter,Beeter,6.666666666666667,3,5500,NYY@LAA,NYY,LAA,,,,,,P
117348-102570,P,Sandy,Sandy Gaston,Gaston,,0,5500,NYY@LAA,LAA,NYY,,,,,,P
117348-85164,P,Matt,Matt Festa,Festa,5.333333333333333,9,5500,LAD@CLE,CLE,LAD,,,,,,P
117348-102590,P,Joey,Joey Gerber,Gerber,,0,5500,MIN@TB,TB,MIN,,,,,,P
117348-206028,P,River,River Ryan,Ryan,28,4,5500,LAD@CLE,LAD,CLE,IL,Elbow,,,,P
117348-38106,P,Kirby,Kirby Yates,Yates,6.666666666666667,22,5500,LAD@CLE,LAD,CLE,IL,Hamstring,,,,P
117348-83163,P,Jonathan,Jonathan Loaisiga,Loaisiga,4.75,4,5500,NYY@LAA,NYY,LAA,,,,,,P
117348-79066,P,Anthony,Anthony Banda,Banda,4.958333333333333,24,5500,LAD@CLE,LAD,CLE,,,,,,P
117348-145630,P,Kervin,Kervin Castro,Castro,,0,5500,NYY@LAA,NYY,LAA,,,,,,P
117348-149731,P,Anthony,Anthony Bender,Bender,5.333333333333333,21,5500,MIA@SD,MIA,SD,,,,,,P
117348-83172,P,Jonathan,Jonathan Hernandez,Hernandez,6.448275862068965,29,5500,MIN@TB,TB,MIN,IL,Undisclosed,,,,P
117348-146670,P,Christian,Christian Roa,Roa,0,2,5500,MIA@SD,MIA,SD,,,,,,P
117348-79084,P,Tanner,Tanner Scott,Scott,4.958333333333333,24,5500,LAD@CLE,LAD,CLE,,,,,,P
117348-198896,P,Noble,Noble Meyer,Meyer,,0,5500,MIA@SD,MIA,SD,,,,,,P
117348-146678,P,Tanner,Tanner Burns,Burns,,0,5500,LAD@CLE,CLE,LAD,,,,,,P
117348-79095,P,Jay,Jay Groome,Groome,0,1,5500,MIA@SD,SD,MIA,NA,Suspension,,,,P
117348-197877,P,Cristian,Cristian Mena,Mena,26,1,5500,PIT@ARI,ARI,PIT,,,,,,P
117348-198901,P,Chase,Chase Hampton,Hampton,,0,5500,NYY@LAA,NYY,LAA,IL,Elbow,,,,P
117348-83193,P,Jesus,Jesus Tinoco,Tinoco,3.375,16,5500,MIA@SD,MIA,SD,,,,,,P
117348-197884,P,Yoniel,Yoniel Curet,Curet,0,1,5500,MIN@TB,TB,MIN,IL,Shoulder,,,,P
117348-197891,P,Michael,Michael Arias,Arias,0,2,5500,NYY@LAA,NYY,LAA,IL,Undisclosed,,,,P
117348-194816,P,Kyle,Kyle Hurt,Hurt,8.666666666666666,5,5500,LAD@CLE,LAD,CLE,IL,Elbow,,,,P
117348-198919,P,Robby,Robby Snelling,Snelling,,0,5500,MIA@SD,MIA,SD,,,,,,P
117348-85255,P,Shaun,Shaun Anderson,Anderson,9,5,5500,NYY@LAA,LAA,NYY,,,,,,P
117348-146699,P,Dax,Dax Fulton,Fulton,,0,5500,MIA@SD,MIA,SD,,,,,,P
117348-198920,P,Dylan,Dylan Lesko,Lesko,,0,5500,MIN@TB,TB,MIN,,,,,,P
117348-146702,P,Cole,Cole Sands,Sands,5.173913043478261,23,5500,MIN@TB,MIN,TB,,,,,,P
117348-170254,P,Colin,Colin Holderman,Holderman,2.5384615384615383,14,5500,PIT@ARI,PIT,ARI,IL,Thumb,,,,P
117348-79116,P,Riley,Riley Pint,Pint,1.75,4,5500,LAD@CLE,CLE,LAD,IL,Undisclosed,,,,P
117348-197902,P,Cade,Cade Smith,Smith,6.64,25,5500,LAD@CLE,CLE,LAD,,,,,,P
117348-225549,P,Patrick,Patrick Monteverde,Monteverde,11,1,5500,MIA@SD,MIA,SD,,,,,,P
117348-70933,P,Brock,Brock Stewart,Stewart,5.923076923076923,13,5500,MIN@TB,MIN,TB,,,,,,P
117348-225559,P,Juan,Juan Morillo,Morillo,4.571428571428571,14,5500,PIT@ARI,ARI,PIT,,,,,,P
117348-65817,P,Scott,Scott McGough,McGough,6,4,5500,PIT@ARI,ARI,PIT,,,,,,P
117348-209176,P,Chase,Chase Shugart,Shugart,5.15,21,5500,PIT@ARI,PIT,ARI,,,,,,P
117348-79135,P,Beau,Beau Burrows,Burrows,,0,5500,PIT@ARI,PIT,ARI,,,,,,P
117348-83232,P,Jason,Jason Adam,Adam,7.28,25,5500,MIA@SD,SD,MIA,,,,,,P
117348-146723,P,Eddy,Eddy Yean,Yean,,0,5500,PIT@ARI,PIT,ARI,,,,,,P
117348-146727,P,Justin,Justin Lange,Lange,,0,5500,NYY@LAA,NYY,LAA,IL,Shoulder,,,,P
117348-146730,P,Nick,Nick Bitsko,Bitsko,,0,5500,MIN@TB,TB,MIN,IL,Undisclosed,,,,P
117348-85288,P,Brusdar,Brusdar Graterol,Graterol,4.4,10,5500,LAD@CLE,LAD,CLE,IL,Shoulder,,,,P
117348-38189,P,Michael,Michael Tonkin,Tonkin,7.517857142857143,57,5500,MIN@TB,MIN,TB,IL,Biceps,,,,P
117348-79161,P,Braxton,Braxton Garrett,Garrett,23.857142857142858,7,5500,MIA@SD,MIA,SD,IL,Elbow,,,,P
117348-185662,P,Sammy,Sammy Peralta,Peralta,6,9,5500,NYY@LAA,LAA,NYY,,,,,,P
117348-113986,P,Emmanuel,Emmanuel Clase,Clase,5.478260869565218,23,5500,LAD@CLE,CLE,LAD,,,,,,P
117348-204119,P,Jacob,Jacob Bosiokovic,Bosiokovic,,0,5500,MIN@TB,MIN,TB,,,,,,P
117348-177493,P,Andrew,Andrew Nardi,Nardi,5.051724137931035,59,5500,MIA@SD,MIA,SD,IL,Back,,,,P
117348-118106,P,Victor,Victor Gonzalez,Gonzalez,3.1481481481481484,27,5500,NYY@LAA,LAA,NYY,IL,Undisclosed,,,,P
117348-79209,P,A.J.,A.J. Puk,Puk,6.375,8,5500,PIT@ARI,ARI,PIT,IL,Elbow,,,,P
117348-38251,P,Hunter,Hunter Strickland,Strickland,4.666666666666667,3,5500,NYY@LAA,LAA,NYY,,,,,,P
117348-193897,P,Kody,Kody Funderburk,Funderburk,6.8,5,5500,MIN@TB,MIN,TB,,,,,,P
117348-57717,P,Buck,Buck Farmer,Farmer,6.049180327868853,61,5500,NYY@LAA,LAA,NYY,,,,,,P
117348-79227,P,Adrian,Adrian Morejon,Morejon,4.416666666666667,24,5500,MIA@SD,SD,MIA,,,,,,P
117348-225667,P,Cade,Cade Gibson,Gibson,9.166666666666666,6,5500,MIA@SD,MIA,SD,,,,,,P
117348-170384,P,Yerry,Yerry de los Santos,de los Santos,5.857142857142857,7,5500,NYY@LAA,NYY,LAA,,,,,,P
117348-62872,P,Vince,Vince Velasquez,Velasquez,,0,5500,LAD@CLE,CLE,LAD,,,,,,P
117348-79265,P,Alex,Alex Speas,Speas,9,2,5500,MIN@TB,MIN,TB,,,,,,P
117348-181664,P,Sean,Sean Reynolds,Reynolds,5.833333333333333,6,5500,MIA@SD,SD,MIA,,,,,,P
117348-158134,P,Stephen,Stephen Ridings,Ridings,,0,5500,LAD@CLE,LAD,CLE,,,,,,P
117348-101812,P,Justin,Justin Lawrence,Lawrence,7.454545454545454,11,5500,PIT@ARI,PIT,ARI,IL,Elbow,,,,P
117348-101814,P,Sam,Sam Hentges,Hentges,5.12,25,5500,LAD@CLE,CLE,LAD,IL,Shoulder,,,,P
117348-169400,P,Parker,Parker Mushinski,Mushinski,1.8,10,5500,LAD@CLE,CLE,LAD,,,,,,P
117348-40382,P,Luis,Luis Garcia,Garcia,4.875,24,5500,LAD@CLE,LAD,CLE,,,,,,P
117348-101825,P,Jose,Jose Quijada,Quijada,5.5,22,5500,NYY@LAA,LAA,NYY,,,,,,P
117348-219586,P,Ian,Ian Seymour,Seymour,,0,5500,MIN@TB,TB,MIN,,,,,,P
117348-101826,P,Jordan,Jordan Holloway,Holloway,,0,5500,NYY@LAA,LAA,NYY,,,,,,P
117348-118217,P,Manuel,Manuel Rodriguez,Rodriguez,4.84,25,5500,MIN@TB,TB,MIN,,,,,,P
117348-118221,P,J.P.,J.P. Feyereisen,Feyereisen,3,4,5500,LAD@CLE,LAD,CLE,,,,,,P
117348-118224,P,Garrett,Garrett Cleavinger,Cleavinger,5.761904761904762,21,5500,MIN@TB,TB,MIN,,,,,,P
117348-101849,P,Wei-Chieh,Wei-Chieh Huang,Huang,,0,5500,PIT@ARI,PIT,ARI,,,,,,P
117348-101851,P,Brock,Brock Burke,Burke,4.136363636363637,22,5500,NYY@LAA,LAA,NYY,,,,,,P
117348-80346,P,Giovanny,Giovanny Gallegos,Gallegos,4.842105263157895,21,5500,LAD@CLE,LAD,CLE,IL,Undisclosed,,,,P
117348-101854,P,Jacob,Jacob Waguespack,Waguespack,11.25,4,5500,MIN@TB,TB,MIN,,,,,,P
117348-135645,P,Isaac,Isaac Mattson,Mattson,6,3,5500,PIT@ARI,PIT,ARI,,,,,,P
117348-84452,P,Caleb,Caleb Ferguson,Ferguson,3.68,25,5500,PIT@ARI,PIT,ARI,,,,,,P
117348-185847,P,Garrett,Garrett Acton,Acton,,0,5500,MIN@TB,TB,MIN,,,,,,P
117348-95737,P,Ian,Ian Hamilton,Hamilton,6.266666666666667,15,5500,NYY@LAA,NYY,LAA,,,,,,P
117348-161273,P,Scott,Scott Effross,Effross,3.3333333333333335,3,5500,NYY@LAA,NYY,LAA,,,,,,P
117348-184829,P,McKinley,McKinley Moore,Moore,0,3,5500,NYY@LAA,NYY,LAA,,,,,,P
117348-119299,P,Drey,Drey Jameson,Jameson,2,3,5500,PIT@ARI,ARI,PIT,IL,Elbow,,,,P
117348-119298,P,Luis,Luis Frias,Frias,1.8181818181818181,11,5500,LAD@CLE,CLE,LAD,,,,,,P
117348-119301,P,Brennan,Brennan Malone,Malone,,0,5500,PIT@ARI,PIT,ARI,,,,,,P
117348-219658,P,Jack,Jack Dashwood,Dashwood,,0,5500,NYY@LAA,LAA,NYY,,,,,,P
117348-95757,P,Andrew,Andrew Vasquez,Vasquez,,0,5500,NYY@LAA,LAA,NYY,,,,,,P
117348-138767,P,Jesus,Jesus Cruz,Cruz,,0,5500,NYY@LAA,LAA,NYY,,,,,,P
117348-138764,P,Brandon,Brandon Leibrandt,Leibrandt,6.5,2,5500,NYY@LAA,NYY,LAA,,,,,,P
117348-170512,P,Peter,Peter Strzelecki,Strzelecki,5.3,10,5500,PIT@ARI,PIT,ARI,,,,,,P
117348-119319,P,Ryan,Ryan Jensen,Jensen,,0,5500,MIN@TB,MIN,TB,,,,,,P
117348-191007,P,Declan,Declan Cronin,Cronin,6.125,56,5500,MIA@SD,MIA,SD,IL,Hip,,,,P
117348-79390,P,Michael,Michael Kopech,Kopech,6.302631578947368,77,5500,LAD@CLE,LAD,CLE,IL,Shoulder,,,,P
117348-95774,P,Jeff,Jeff Brigham,Brigham,,0,5500,PIT@ARI,ARI,PIT,,,,,,P
117348-58913,P,Danny,Danny Coulombe,Coulombe,5.947368421052632,19,5500,MIN@TB,MIN,TB,IL,Forearm,,,,P
117348-119331,P,Daniel,Daniel Espino,Espino,0,3,5500,LAD@CLE,CLE,LAD,IL,Shoulder,,,,P
117348-210475,P,Ryan,Ryan Zeferjahn,Zeferjahn,5.571428571428571,21,5500,NYY@LAA,LAA,NYY,,,,,,P
117348-181803,P,Zak,Zak Kent,Kent,8,3,5500,LAD@CLE,CLE,LAD,,,,,,P
117348-219703,P,Travis,Travis Adams,Adams,,0,5500,MIN@TB,MIN,TB,,,,,,P
117348-181815,P,Brent,Brent Headrick,Headrick,9.8,5,5500,NYY@LAA,NYY,LAA,,,,,,P
117348-219702,P,Marco,Marco Raya,Raya,,0,5500,MIN@TB,MIN,TB,,,,,,P
117348-219701,P,Franco,Franco Aleman,Aleman,,0,5500,LAD@CLE,CLE,LAD,,,,,,P
117348-222779,P,Thomas,Thomas White,White,,0,5500,MIA@SD,MIA,SD,DTD,Finger,,,,P
117348-181819,P,Tim,Tim Herrin,Herrin,5.181818181818182,23,5500,LAD@CLE,CLE,LAD,,,,,,P
117348-195135,P,Kyle,Kyle Nicolas,Nicolas,2,7,5500,PIT@ARI,PIT,ARI,,,,,,P
117348-181826,P,Colby,Colby White,White,0,1,5500,NYY@LAA,NYY,LAA,,,,,,P
117348-222790,P,Jose,Jose Rodriguez,Rodriguez,,0,5500,LAD@CLE,LAD,CLE,,,,,,P
117348-119367,P,Matt,Matt Canterino,Canterino,0,1,5500,MIN@TB,MIN,TB,IL,Shoulder,,,,P
117348-222789,P,Jackson,Jackson Ferris,Ferris,,0,5500,LAD@CLE,LAD,CLE,,,,,,P
117348-226884,P,Christian,Christian Montes De Oca,Montes De Oca,,0,5500,PIT@ARI,ARI,PIT,,,,,,P
117348-219723,P,Omar,Omar Cruz,Cruz,10,2,5500,MIA@SD,SD,MIA,,,,,,P
117348-139851,P,Justin,Justin Topa,Topa,4.705882352941177,17,5500,MIN@TB,MIN,TB,,,,,,P
117348-219722,P,Jack,Jack Dreyer,Dreyer,7.619047619047619,21,5500,LAD@CLE,LAD,CLE,,,,,,P
117348-195151,P,Anthony,Anthony Veneziano,Veneziano,3.4,20,5500,MIA@SD,MIA,SD,,,,,,P
117348-219726,P,Joe,Joe Elbis,Elbis,,0,5500,PIT@ARI,ARI,PIT,IL,Undisclosed,,,,P
117348-181836,P,Justin,Justin Martinez,Martinez,5.25,13,5500,PIT@ARI,ARI,PIT,,,,,,P
117348-219725,P,Henry,Henry Baez,Baez,,0,5500,MIA@SD,SD,MIA,,,,,,P
117348-219724,P,Ryan,Ryan Bergert,Bergert,6,4,5500,MIA@SD,SD,MIA,,,,,,P
117348-175698,P,Hunter,Hunter Gaddis,Gaddis,6.260869565217392,23,5500,LAD@CLE,CLE,LAD,NA,Personal,,,,P
117348-181843,P,Josh,Josh Simpson,Simpson,0,2,5500,MIA@SD,MIA,SD,,,,,,P
117348-181841,P,George,George Soriano,Soriano,6.090909090909091,11,5500,MIA@SD,MIA,SD,,,,,,P
117348-16989,P,Wilking,Wilking Rodriguez,Rodriguez,,0,5500,NYY@LAA,NYY,LAA,,,,,,P
117348-21096,P,Erasmo,Erasmo Ramirez,Ramirez,7.3076923076923075,13,5500,MIN@TB,MIN,TB,IL,Shoulder,,,,P
117348-119406,P,Cody,Cody Bolton,Bolton,0,1,5500,LAD@CLE,CLE,LAD,IL,Undisclosed,,,,P
117348-156272,P,Reiss,Reiss Knehr,Knehr,0,1,5500,MIA@SD,SD,MIA,,,,,,P
117348-180848,P,Angel,Angel Felipe,Felipe,0,2,5500,NYY@LAA,LAA,NYY,IL,Elbow,,,,P
117348-118394,P,Yohan,Yohan Ramirez,Ramirez,4.783783783783784,38,5500,PIT@ARI,PIT,ARI,,,,,,P
117348-210559,P,Brady,Brady Feigl,Feigl,-13,1,5500,MIN@TB,MIN,TB,,,,,,P
117348-210562,P,Lake,Lake Bachar,Bachar,6.363636363636363,22,5500,MIA@SD,MIA,SD,,,,,,P
117348-119426,P,Johan,Johan Oviedo,Oviedo,0,1,5500,PIT@ARI,PIT,ARI,IL,Lat,,,,P
117348-222855,P,Ty,Ty Johnson,Johnson,,0,5500,MIN@TB,TB,MIN,,,,,,P
117348-222854,P,Brody,Brody Hopkins,Hopkins,,0,5500,MIN@TB,TB,MIN,,,,,,P
117348-119433,P,JJ,JJ Goss,Goss,,0,5500,MIN@TB,TB,MIN,,,,,,P
117348-110219,P,Sean,Sean Poppen,Poppen,,0,5500,NYY@LAA,LAA,NYY,,,,,,P
117348-222857,P,Jackson,Jackson Baumeister,Baumeister,,0,5500,MIN@TB,TB,MIN,,,,,,P
117348-12939,P,Casey,Casey Kelly,Kelly,9.5,2,5500,PIT@ARI,ARI,PIT,,,,,,P
117348-222856,P,Trevor,Trevor Harrison,Harrison,,0,5500,MIN@TB,TB,MIN,,,,,,P
117348-12943,P,Shelby,Shelby Miller,Miller,6.238095238095238,21,5500,PIT@ARI,ARI,PIT,,,,,,P
117348-165522,P,Tommy,Tommy Mace,Mace,,0,5500,LAD@CLE,CLE,LAD,,,,,,P
117348-165521,P,Doug,Doug Nikhazy,Nikhazy,0,1,5500,LAD@CLE,CLE,LAD,,,,,,P
117348-82587,P,Richard,Richard Lovelady,Lovelady,1,2,5500,MIN@TB,MIN,TB,,,,,,P
117348-165528,P,Joe,Joe Rock,Rock,,0,5500,MIN@TB,TB,MIN,,,,,,P
117348-82592,P,Dennis,Dennis Santana,Santana,5,23,5500,PIT@ARI,PIT,ARI,,,,,,P
117348-220834,P,Nate,Nate Lavender,Lavender,,0,5500,MIN@TB,TB,MIN,IL,Elbow,,,,P
117348-222881,P,Ryan,Ryan Johnson,Johnson,4.769230769230769,14,5500,NYY@LAA,LAA,NYY,,,,,,P
117348-220838,P,Garrett,Garrett McDaniels,McDaniels,2.9,10,5500,NYY@LAA,LAA,NYY,IL,Biceps,,,,P
117348-220837,P,Evan,Evan Reifert,Reifert,,0,5500,MIN@TB,TB,MIN,,,,,,P
117348-161450,P,Janson,Janson Junk,Junk,24,1,5500,MIA@SD,MIA,SD,,,,,,P
117348-17065,P,Blake,Blake Treinen,Treinen,5.625,8,5500,LAD@CLE,LAD,CLE,IL,Forearm,,,,P
117348-84651,P,Austin,Austin Davis,Davis,2.5714285714285716,7,5500,MIA@SD,SD,MIA,,,,,,P
117348-220841,P,Anderson,Anderson Pilar,Pilar,,0,5500,MIA@SD,MIA,SD,,,,,,P
117348-211632,P,Mason,Mason Montgomery,Montgomery,4,21,5500,MIN@TB,TB,MIN,,,,,,P
117348-114356,P,Kevin,Kevin Ginkel,Ginkel,3.6666666666666665,12,5500,PIT@ARI,ARI,PIT,,,,,,P
117348-114360,P,Devin,Devin Williams,Williams,5.142857142857143,22,5500,NYY@LAA,NYY,LAA,,,,,,P
117348-165577,P,Sam,Sam Bachman,Bachman,0,2,5500,NYY@LAA,LAA,NYY,,,,,,P
117348-165582,P,Robinson,Robinson Pina,Pina,,0,5500,MIA@SD,MIA,SD,,,,,,P
117348-81615,P,Tim,Tim Mayza,Mayza,6.142857142857143,7,5500,PIT@ARI,PIT,ARI,IL,Shoulder,,,,P
117348-81614,P,Thyago,Thyago Vieira,Vieira,6.111111111111111,28,5500,PIT@ARI,ARI,PIT,O,Elbow,,,,P
117348-165584,P,Alejandro,Alejandro Hidalgo,Hidalgo,,0,5500,MIN@TB,MIN,TB,,,,,,P
117348-222928,P,Michael,Michael Darrell-Hicks,Darrell-Hicks,3.8333333333333335,6,5500,NYY@LAA,LAA,NYY,,,,,,P
117348-165595,P,Maddux,Maddux Bruns,Bruns,,0,5500,LAD@CLE,LAD,CLE,IL,Back,,,,P
117348-198361,P,Carson,Carson Coleman,Coleman,0,1,5500,NYY@LAA,NYY,LAA,IL,Undisclosed,,,,P
117348-82653,P,Ryan,Ryan Borucki,Borucki,4.0476190476190474,22,5500,PIT@ARI,PIT,ARI,,,,,,P
117348-187110,P,Ben,Ben Joyce,Joyce,2.6,5,5500,NYY@LAA,LAA,NYY,IL,Shoulder,,,,P
117348-212709,P,Edgardo,Edgardo Henriquez,Henriquez,5.666666666666667,6,5500,LAD@CLE,LAD,CLE,IL,Foot,,,,P
117348-81641,P,John,John Curtiss,Curtiss,-0.6666666666666666,3,5500,PIT@ARI,ARI,PIT,,,,,,P
117348-181992,P,Jose,Jose Hernandez,Hernandez,4,8,5500,LAD@CLE,LAD,CLE,,,,,,P
117348-165609,P,Zach,Zach McCambley,McCambley,,0,5500,MIA@SD,MIA,SD,,,,,,P
117348-182006,P,Nic,Nic Enright,Enright,15,1,5500,LAD@CLE,CLE,LAD,,,,,,P
117348-182005,P,Kevin,Kevin Kelly,Kelly,3,5,5500,MIN@TB,TB,MIN,IL,Thigh,,,,P
117348-84731,P,Evan,Evan Phillips,Phillips,5,7,5500,LAD@CLE,LAD,CLE,IL,Elbow,,,,P
117348-165635,P,Brendan,Brendan Beck,Beck,,0,5500,NYY@LAA,NYY,LAA,,,,,,P
117348-165637,P,Brock,Brock Selvidge,Selvidge,,0,5500,NYY@LAA,NYY,LAA,IL,Biceps,,,,P
117348-194323,P,Hunter,Hunter Stratton,Stratton,-3.5,2,5500,PIT@ARI,PIT,ARI,,,,,,P
117348-194320,P,Andrew,Andrew Saalfrank,Saalfrank,-4.5,3,5500,PIT@ARI,ARI,PIT,NA,Suspension,,,,P
117348-165653,P,Cristian,Cristian Hernandez,Hernandez,,0,5500,NYY@LAA,NYY,LAA,,,,,,P
117348-165657,P,Anthony,Anthony Solometo,Solometo,,0,5500,PIT@ARI,PIT,ARI,IL,Shoulder,,,,P
117348-165671,P,Victor,Victor Lizarraga,Lizarraga,,0,5500,MIA@SD,SD,MIA,,,,,,P
117348-182065,P,Zach,Zach Greene,Greene,,0,5500,NYY@LAA,NYY,LAA,,,,,,P
117348-163655,P,Daniel,Daniel Duarte,Duarte,12,3,5500,MIN@TB,MIN,TB,IL,Elbow,,,,P
117348-163663,P,Calvin,Calvin Faucher,Faucher,4.833333333333333,19,5500,MIA@SD,MIA,SD,,,,,,P
117348-84815,P,Joey,Joey Krehbiel,Krehbiel,,0,5500,MIN@TB,TB,MIN,,,,,,P
117348-70482,P,J.B.,J.B. Wendelken,Wendelken,,0,5500,MIA@SD,SD,MIA,,,,,,P
117348-204624,P,Eric,Eric Orze,Orze,5.866666666666666,15,5500,MIN@TB,TB,MIN,,,,,,P
117348-204631,P,Hunter,Hunter Bigge,Bigge,5.3076923076923075,13,5500,MIN@TB,TB,MIN,IL,Lat,,,,P
117348-183131,P,Ryder,Ryder Ryan,Ryan,5.714285714285714,15,5500,PIT@ARI,PIT,ARI,,,,,,P
117348-163687,P,Ron,Ron Marinaccio,Marinaccio,7.5625,16,5500,MIA@SD,SD,MIA,,,,,,P
117348-163684,P,Ronny,Ronny Henriquez,Henriquez,7.739130434782608,23,5500,MIA@SD,MIA,SD,,,,,,P
117348-213871,P,Luarbert,Luarbert Arias,Arias,3.6666666666666665,6,5500,MIA@SD,MIA,SD,,,,,,P
117348-189299,P,Victor,Victor Mederos,Mederos,9,1,5500,NYY@LAA,LAA,NYY,,,,,,P
117348-163702,P,Logan,Logan Gillaspie,Gillaspie,9,3,5500,MIA@SD,SD,MIA,IL,Oblique,,,,P
117348-82836,P,Julian,Julian Fernandez,Fernandez,,0,5500,LAD@CLE,LAD,CLE,,,,,,P
117348-190370,P,Jackson,Jackson Wolf,Wolf,0,1,5500,MIA@SD,SD,MIA,,,,,,P
117348-39843,P,Burch,Burch Smith,Smith,4.76,50,5500,PIT@ARI,PIT,ARI,IL,Undisclosed,,,,P
117348-108461,P,Pete,Pete Fairbanks,Fairbanks,5.869565217391305,23,5500,MIN@TB,TB,MIN,,,,,,P
117348-52152,P,Robert,Robert Stephenson,Stephenson,0,2,5500,NYY@LAA,LAA,NYY,IL,Elbow,,,,P
117348-179129,P,Jeremiah,Jeremiah Estrada,Estrada,6.6,25,5500,MIA@SD,SD,MIA,,,,,,P
117348-163782,P,Robert,Robert Suarez,Suarez,4.956521739130435,23,5500,MIA@SD,SD,MIA,,,,,,P
117348-68551,P,Tyler,Tyler Beede,Beede,4.846153846153846,13,5500,MIN@TB,MIN,TB,,,,,,P
117348-210885,P,Erik,Erik Sabrowski,Sabrowski,10.153846153846153,13,5500,LAD@CLE,CLE,LAD,IL,Elbow,,,,P
117348-68561,P,Luke,Luke Weaver,Weaver,6.363636363636363,22,5500,NYY@LAA,NYY,LAA,,,,,,P
117348-102355,P,Jorge,Jorge Alcala,Alcala,5.066666666666666,17,5500,MIN@TB,MIN,TB,,,,,,P
117348-198619,P,Yuki,Yuki Matsui,Matsui,6.05,21,5500,MIA@SD,SD,MIA,,,,,,P
117348-102377,P,Trevor,Trevor Stephan,Stephan,0,3,5500,LAD@CLE,CLE,LAD,IL,Elbow,,,,P
117348-79848,P,Paul,Paul Sewald,Sewald,4.428571428571429,14,5500,LAD@CLE,CLE,LAD,IL,Shoulder,,,,P
117348-82924,P,Tim,Tim Hill,Hill,4.454545454545454,23,5500,NYY@LAA,NYY,LAA,,,,,,P
117348-102387,P,Braxton,Braxton Ashcraft,Ashcraft,0,1,5500,PIT@ARI,PIT,ARI,,,,,,P
117348-198655,P,Woo-Suk,Woo-Suk Go,Go,,0,5500,MIA@SD,MIA,SD,IL,Finger,,,,P
117348-102399,P,Sam,Sam Carlson,Carlson,,0,5500,LAD@CLE,LAD,CLE,,,,,,P
117348-60643,OF,Aaron,Aaron Judge,Judge,17.428845919095554,52,5000,NYY@LAA,NYY,LAA,,,,,,OF/UTIL
117348-82440,OF,Shohei,Shohei Ohtani,Ohtani,16.52548995672488,51,4600,LAD@CLE,LAD,CLE,,,,,,OF/UTIL
117348-119297,OF,Corbin,Corbin Carroll,Carroll,14.056603773584905,53,4300,PIT@ARI,ARI,PIT,,,,,,OF/UTIL
117348-11334,1B,Freddie,Freddie Freeman,Freeman,13.542856852213541,42,4200,LAD@CLE,LAD,CLE,,,,,,C/1B/UTIL
117348-39151,2B/SS/OF,Mookie,Mookie Betts,Betts,11.62,50,4000,LAD@CLE,LAD,CLE,,,,,,2B/SS/OF/UTIL
117348-102438,SS,Geraldo,Geraldo Perdomo,Perdomo,12.28269254244291,52,3900,PIT@ARI,ARI,PIT,,,,,,SS/UTIL
117348-79393,OF,Fernando,Fernando Tatis Jr.,Tatis Jr.,12.47800048828125,50,3900,MIA@SD,SD,MIA,,,,,,OF/UTIL
117348-102389,SS/OF,Oneil,Oneil Cruz,Cruz,13.48913043478261,46,3800,PIT@ARI,PIT,ARI,,,,,,SS/OF/UTIL
117348-73023,OF,Teoscar,Teoscar Hernandez,Hernandez,13.807692307692308,39,3700,LAD@CLE,LAD,CLE,,,,,,OF/UTIL
117348-165666,OF,Jackson,Jackson Merrill,Merrill,11.546154315655048,26,3700,MIA@SD,SD,MIA,,,,,,OF/UTIL
117348-185300,SS,Zach,Zach Neto,Neto,13.150000179515166,34,3700,NYY@LAA,LAA,NYY,,,,,,SS/UTIL
117348-39086,OF,Byron,Byron Buxton,Buxton,13.002438428925306,41,3600,MIN@TB,MIN,TB,IL,Concussion,,,,OF/UTIL
117348-79151,OF,Taylor,Taylor Ward,Ward,11.366666906020221,51,3600,NYY@LAA,LAA,NYY,,,,,,OF/UTIL
117348-119305,OF,Kyle,Kyle Stowers,Stowers,11.185713787468112,49,3600,MIA@SD,MIA,SD,,,,,,OF/UTIL
117348-38976,3B,Jose,Jose Ramirez,Ramirez,12.26,50,3500,LAD@CLE,CLE,LAD,,,,,,3B/UTIL
117348-79159,OF/1B,Cody,Cody Bellinger,Bellinger,11.23191541306516,47,3500,NYY@LAA,NYY,LAA,,,,,,C/1B/OF/UTIL
117348-21853,2B,Ketel,Ketel Marte,Marte,12.262069175983298,29,3500,PIT@ARI,ARI,PIT,,,,,,2B/UTIL
117348-135260,C,Logan,Logan O'Hoppe,O'Hoppe,9.934782608695652,46,3400,NYY@LAA,LAA,NYY,,,,,,C/1B/UTIL
117348-197886,C,Agustin,Agustin Ramirez,Ramirez,10.17142813546317,28,3300,MIA@SD,MIA,SD,,,,,,C/1B/UTIL
117348-79175,OF,Trent,Trent Grisham,Grisham,10.182222493489583,45,3300,NYY@LAA,NYY,LAA,,,,,,OF/UTIL
117348-79401,C,Will,Will Smith,Smith,10.692857288178944,42,3300,LAD@CLE,LAD,CLE,,,,,,C/1B/UTIL
117348-82527,2B,Jazz,Jazz Chisholm Jr.,Chisholm Jr.,11.196666463216145,30,3300,NYY@LAA,NYY,LAA,IL,Oblique,,,,2B/UTIL
117348-13929,3B,Manny,Manny Machado,Machado,11.307843376608457,51,3300,MIA@SD,SD,MIA,,,,,,3B/UTIL
117348-12968,1B,Paul,Paul Goldschmidt,Goldschmidt,11.01346177321214,52,3300,NYY@LAA,NYY,LAA,,,,,,C/1B/UTIL
117348-21633,3B,Eugenio,Eugenio Suarez,Suarez,11.479245743661556,53,3200,PIT@ARI,ARI,PIT,,,,,,3B/UTIL
117348-203111,C/1B,Ben,Ben Rice,Rice,10.600000132685123,46,3200,NYY@LAA,NYY,LAA,,,,,,C/1B/UTIL
117348-79257,OF,Josh,Josh Lowe,Lowe,9.809091047807174,11,3200,MIN@TB,TB,MIN,,,,,,OF/UTIL
117348-118210,1B/2B,Jake,Jake Cronenworth,Cronenworth,9.74444467050058,27,3200,MIA@SD,SD,MIA,,,,,,C/1B/2B/UTIL
117348-12933,OF,Mike,Mike Trout,Trout,10.544827165274784,29,3200,NYY@LAA,LAA,NYY,IL,Knee,,,,OF/UTIL
117348-82644,OF,Jesus,Jesus Sanchez,Sanchez,8.348484848484848,33,3200,MIA@SD,MIA,SD,,,,,,OF/UTIL
117348-108450,SS/2B/OF,Tommy,Tommy Edman,Edman,10.4378381677576,37,3200,LAD@CLE,LAD,CLE,,,,,,2B/SS/OF/UTIL
117348-85504,2B,Brandon,Brandon Lowe,Lowe,9.652083079020182,48,3100,MIN@TB,TB,MIN,,,,,,2B/UTIL
117348-119395,OF,Jasson,Jasson Dominguez,Dominguez,10.55000027743253,44,3100,NYY@LAA,NYY,LAA,,,,,,OF/UTIL
117348-119396,SS,Anthony,Anthony Volpe,Volpe,10.733333812040442,51,3100,NYY@LAA,NYY,LAA,,,,,,SS/UTIL
117348-82569,1B/OF,Gavin,Gavin Sheets,Sheets,9.597916920979818,48,3100,MIA@SD,SD,MIA,,,,,,C/1B/OF/UTIL
117348-163662,1B,Jonathan,Jonathan Aranda,Aranda,9.291489621426196,47,3100,MIN@TB,TB,MIN,,,,,,C/1B/UTIL
117348-12302,OF,Giancarlo,Giancarlo Stanton,Stanton,10.454263376635174,129,3000,NYY@LAA,NYY,LAA,IL,Elbow,,,,OF/UTIL
117348-61553,3B,Yoan,Yoan Moncada,Moncada,10.404000244140626,25,3000,NYY@LAA,LAA,NYY,,,,,,3B/UTIL
117348-146695,OF,Andy,Andy Pages,Pages,10.312244648836097,49,3000,LAD@CLE,LAD,CLE,,,,,,OF/UTIL
117348-79120,1B,Yandy,Yandy Diaz,Diaz,9.308163389867666,49,3000,MIN@TB,TB,MIN,,,,,,C/1B/UTIL
117348-146716,C,Austin,Austin Wells,Wells,9.346666802300348,45,3000,NYY@LAA,NYY,LAA,,,,,,C/1B/UTIL
117348-82530,1B/OF,Pavin,Pavin Smith,Smith,7.865305997887436,49,3000,PIT@ARI,ARI,PIT,,,,,,C/1B/OF/UTIL
117348-102362,OF,Trevor,Trevor Larnach,Larnach,9.158823649088541,51,3000,MIN@TB,MIN,TB,,,,,,OF/UTIL
117348-195679,3B,Junior,Junior Caminero,Caminero,9.216666539510092,48,2900,MIN@TB,TB,MIN,,,,,,3B/UTIL
117348-37982,SS/2B,Xander,Xander Bogaerts,Bogaerts,8.450980392156863,51,2900,MIA@SD,SD,MIA,,,,,,2B/SS/UTIL
117348-79223,1B,Josh,Josh Naylor,Naylor,10.78269254244291,52,2900,PIT@ARI,ARI,PIT,,,,,,C/1B/UTIL
117348-79230,OF,Bryan,Bryan Reynolds,Reynolds,8.633333093979779,51,2900,PIT@ARI,PIT,ARI,DTD,Undisclosed,,,,OF/UTIL
117348-79272,OF,Lourdes,Lourdes Gurriel Jr.,Gurriel Jr.,9.383673220264669,49,2900,PIT@ARI,ARI,PIT,,,,,,OF/UTIL
117348-101842,1B,Ty,Ty France,France,8.345999755859374,50,2900,MIN@TB,MIN,TB,,,,,,C/1B/UTIL
117348-23107,OF,Jorge,Jorge Soler,Soler,8.193877551020408,49,2900,NYY@LAA,LAA,NYY,,,,,,OF/UTIL
117348-164506,2B/3B,Connor,Connor Norby,Norby,9.418749809265137,32,2900,MIA@SD,MIA,SD,,,,,,2B/3B/UTIL
117348-163666,OF,Steven,Steven Kwan,Kwan,10.168626972273284,51,2900,LAD@CLE,CLE,LAD,,,,,,OF/UTIL
117348-193598,1B,Nolan,Nolan Schanuel,Schanuel,8.652000122070312,50,2800,NYY@LAA,LAA,NYY,,,,,,C/1B/UTIL
117348-222295,2B/SS,Hyeseong,Hyeseong Kim,Kim,7.405555725097656,18,2800,LAD@CLE,LAD,CLE,,,,,,2B/SS/UTIL
117348-225386,OF,Chandler,Chandler Simpson,Simpson,9.570968135710686,31,2800,MIN@TB,TB,MIN,,,,,,OF/UTIL
117348-79249,OF,Harrison,Harrison Bader,Bader,8.58913056746773,46,2800,MIN@TB,MIN,TB,,,,,,OF/UTIL
117348-119377,OF,Matt,Matt Wallner,Wallner,7.994444105360243,18,2800,MIN@TB,MIN,TB,IL,Hamstring,,,,OF/UTIL
117348-119442,C,Gabriel,Gabriel Moreno,Moreno,7.7465117698492,43,2800,PIT@ARI,ARI,PIT,,,,,,C/1B/UTIL
117348-220835,C,Liam,Liam Hicks,Hicks,8.538710071194556,31,2800,MIA@SD,MIA,SD,,,,,,C/1B/UTIL
117348-189308,1B,Kyle,Kyle Manzardo,Manzardo,9.691489361702128,47,2800,LAD@CLE,CLE,LAD,,,,,,C/1B/UTIL
117348-136090,2B/SS,Nick,Nick Gonzales,Gonzales,22.200000762939453,1,2800,PIT@ARI,PIT,ARI,IL,Ankle,,,,2B/SS/UTIL
117348-211919,1B/3B/OF,Eric,Eric Wagaman,Wagaman,7.919149195894282,47,2800,MIA@SD,MIA,SD,,,,,,C/1B/3B/OF/UTIL
117348-189389,OF,Dane,Dane Myers,Myers,9.11724116884429,29,2800,MIA@SD,MIA,SD,IL,Oblique,,,,OF/UTIL
117348-12310,1B,Carlos,Carlos Santana,Santana,9.565306371572067,49,2700,LAD@CLE,CLE,LAD,DTD,Leg,,,,C/1B/UTIL
117348-60636,OF,Derek,Derek Hill,Hill,8.291304215140965,23,2700,MIA@SD,MIA,SD,,,,,,OF/UTIL
117348-101827,1B/2B,Luis,Luis Arraez,Arraez,8.6,45,2700,MIA@SD,SD,MIA,,,,,,C/1B/2B/UTIL
117348-13792,3B/1B/2B/OF,Kike,Kike Hernandez,Hernandez,7.277500152587891,40,2700,LAD@CLE,LAD,CLE,,,,,,C/1B/2B/3B/OF/UTIL
117348-219666,OF,Jake,Jake Mangum,Mangum,9.090475899832589,21,2700,MIN@TB,TB,MIN,IL,Groin,,,,OF/UTIL
117348-119368,C,Ryan,Ryan Jeffers,Jeffers,8.409755799828506,41,2700,MIN@TB,MIN,TB,,,,,,C/1B/UTIL
117348-82580,OF,Jo,Jo Adell,Adell,6.542222086588541,45,2700,NYY@LAA,LAA,NYY,,,,,,OF/UTIL
117348-82608,3B,Royce,Royce Lewis,Lewis,4.723529591279871,17,2700,MIN@TB,MIN,TB,,,,,,3B/UTIL
117348-146160,SS,Ha-Seong,Ha-Seong Kim,Kim,9.21900826446281,121,2700,MIN@TB,TB,MIN,IL,Shoulder,,,,SS/UTIL
117348-102283,OF,Alek,Alek Thomas,Thomas,6.41999986436632,45,2700,PIT@ARI,ARI,PIT,,,,,,OF/UTIL
117348-52176,3B,Max,Max Muncy,Muncy,7.41224514708227,49,2700,LAD@CLE,LAD,CLE,,,,,,3B/UTIL
117348-102393,SS,Xavier,Xavier Edwards,Edwards,8.85952395484561,42,2700,MIA@SD,MIA,SD,IL,Back,,,,SS/UTIL
117348-145618,2B,Otto,Otto Lopez,Lopez,8.641666836208767,36,2600,MIA@SD,MIA,SD,,,,,,2B/UTIL
117348-60642,OF,Michael,Michael Conforto,Conforto,6.341666539510091,48,2600,LAD@CLE,LAD,CLE,,,,,,OF/UTIL
117348-85254,C,Joey,Joey Bart,Bart,6.378571283249628,42,2600,PIT@ARI,PIT,ARI,,,,,,C/1B/UTIL
117348-5456,OF,Andrew,Andrew McCutchen,McCutchen,7.553191489361702,47,2600,PIT@ARI,PIT,ARI,,,,,,OF/UTIL
117348-119364,OF,Kameron,Kameron Misner,Misner,7.587234172415226,47,2600,MIN@TB,TB,MIN,,,,,,OF/UTIL
117348-181829,2B/1B,Spencer,Spencer Horwitz,Horwitz,6.877777947319879,9,2600,PIT@ARI,PIT,ARI,,,,,,C/1B/2B/UTIL
117348-219727,2B,Tim,Tim Tawa,Tawa,8.169697154651988,33,2600,PIT@ARI,ARI,PIT,,,,,,2B/UTIL
117348-13909,OF,Randal,Randal Grichuk,Grichuk,5.314705792595358,34,2600,PIT@ARI,ARI,PIT,,,,,,OF/UTIL
117348-82555,SS/2B/3B/OF,Willi,Willi Castro,Castro,7.572727087772254,33,2600,MIN@TB,MIN,TB,,,,,,2B/3B/SS/OF/UTIL
117348-165514,OF/2B,Angel,Angel Martinez,Martinez,7.723684210526316,38,2600,LAD@CLE,CLE,LAD,,,,,,2B/OF/UTIL
117348-202431,2B/3B/SS/OF,Daniel,Daniel Schneemann,Schneemann,7.260975907488567,41,2600,LAD@CLE,CLE,LAD,,,,,,2B/3B/SS/OF/UTIL
117348-163533,C,Jose,Jose Herrera,Herrera,6.2055553860134545,18,2600,PIT@ARI,ARI,PIT,,,,,,C/1B/UTIL
117348-38614,SS,Carlos,Carlos Correa,Correa,6.645454406738281,44,2600,MIN@TB,MIN,TB,,,,,,SS/UTIL
117348-182167,1B,Matt,Matt Mervis,Mervis,6.682926829268292,41,2600,MIA@SD,MIA,SD,,,,,,C/1B/UTIL
117348-185303,SS/2B/3B/OF,Jose,Jose Caballero,Caballero,8.228571573893229,42,2600,MIN@TB,TB,MIN,,,,,,2B/3B/SS/OF/UTIL
117348-82977,SS/3B/2B,Isiah,Isiah Kiner-Falefa,Kiner-Falefa,7.52857171921503,42,2500,PIT@ARI,PIT,ARI,,,,,,2B/3B/SS/UTIL
117348-102546,2B/3B/SS,Gabriel,Gabriel Arias,Arias,7.514285963408801,49,2500,LAD@CLE,CLE,LAD,,,,,,2B/3B/SS/UTIL
117348-185632,C/1B/OF,David,David Fry,Fry,7.909848299893466,132,2500,LAD@CLE,CLE,LAD,IL,Elbow,,,,C/1B/OF/UTIL
117348-197972,SS/3B/2B,Brooks,Brooks Lee,Lee,6.72972972972973,37,2500,MIN@TB,MIN,TB,,,,,,2B/3B/SS/UTIL
117348-181642,2B/OF/1B,Enmanuel,Enmanuel Valdez,Valdez,6.335483674080141,31,2500,PIT@ARI,PIT,ARI,IL,Shoulder,,,,C/1B/2B/OF/UTIL
117348-119318,2B/3B/OF,Christopher,Christopher Morel,Morel,6.497618902297247,42,2500,MIN@TB,TB,MIN,,,,,,2B/3B/OF/UTIL
117348-119354,SS/2B/OF,Kyren,Kyren Paris,Paris,7.616279069767442,43,2500,NYY@LAA,LAA,NYY,,,,,,2B/SS/OF/UTIL
117348-82655,C,Danny,Danny Jansen,Jansen,6.355555640326606,36,2500,MIN@TB,TB,MIN,,,,,,C/1B/UTIL
117348-163668,OF/2B/3B,Richie,Richie Palacios,Palacios,21.200000762939453,1,2500,MIN@TB,TB,MIN,IL,Knee,,,,2B/3B/OF/UTIL
117348-102315,C,Bo,Bo Naylor,Naylor,8.374359130859375,39,2500,LAD@CLE,CLE,LAD,,,,,,C/1B/UTIL
117348-102326,1B/2B/3B/OF,Kody,Kody Clemens,Clemens,7.434615501990685,26,2500,MIN@TB,MIN,TB,,,,,,C/1B/2B/3B/OF/UTIL
117348-102402,OF,Alexander,Alexander Canario,Canario,6.3774192563949095,31,2400,PIT@ARI,PIT,ARI,,,,,,OF/UTIL
117348-198893,C,Dalton,Dalton Rushing,Rushing,8.259999847412109,5,2400,LAD@CLE,LAD,CLE,,,,,,C/1B/UTIL
117348-70898,2B/3B/OF,Adam,Adam Frazier,Frazier,6.252000122070313,50,2400,PIT@ARI,PIT,ARI,,,,,,2B/3B/OF/UTIL
117348-79108,3B,Nick,Nick Senzel,Senzel,6.351351351351352,74,2400,LAD@CLE,LAD,CLE,,,,,,3B/UTIL
117348-101817,2B/3B/SS,Luis,Luis Rengifo,Rengifo,5.346808575569315,47,2400,NYY@LAA,LAA,NYY,,,,,,2B/3B/SS/UTIL
117348-119313,OF,Matthew,Matthew Lugo,Lugo,8.153846153846153,13,2400,NYY@LAA,LAA,NYY,,,,,,OF/UTIL
117348-13858,C,Christian,Christian Vazquez,Vazquez,5.123076805701623,26,2400,MIN@TB,MIN,TB,,,,,,C/1B/UTIL
117348-181806,OF,Jonny,Jonny DeLuca,DeLuca,9.144444783528646,9,2400,MIN@TB,TB,MIN,IL,Shoulder,,,,OF/UTIL
117348-181851,3B/2B/1B/SS,Jared,Jared Triolo,Triolo,4.3,35,2400,PIT@ARI,PIT,ARI,,,,,,C/1B/2B/3B/SS/UTIL
117348-12919,SS/2B/3B/OF,Jose,Jose Iglesias,Iglesias,5.123529322007123,34,2400,MIA@SD,SD,MIA,,,,,,2B/3B/SS/OF/UTIL
117348-165701,3B/2B/1B,Curtis,Curtis Mead,Mead,5.080645161290323,31,2400,MIN@TB,TB,MIN,,,,,,C/1B/2B/3B/UTIL
117348-163672,3B/1B,Jonah,Jonah Bride,Bride,3.893548288652974,31,2400,MIN@TB,MIN,TB,,,,,,C/1B/3B/UTIL
117348-163695,2B,Jorbit,Jorbit Vivas,Vivas,4.177777608235677,18,2400,NYY@LAA,NYY,LAA,,,,,,2B/UTIL
117348-135190,SS,Taylor,Taylor Walls,Walls,5.791304215140965,46,2300,MIN@TB,TB,MIN,,,,,,SS/UTIL
117348-54307,C,Elias,Elias Diaz,Diaz,5.2450000762939455,40,2300,MIA@SD,SD,MIA,,,,,,C/1B/UTIL
117348-13390,SS/2B/3B,Miguel,Miguel Rojas,Rojas,3.893548288652974,31,2300,LAD@CLE,LAD,CLE,,,,,,2B/3B/SS/UTIL
117348-212070,OF,Gustavo,Gustavo Campero,Campero,4.240000152587891,5,2300,NYY@LAA,LAA,NYY,IL,Ankle,,,,OF/UTIL
117348-13487,OF,Tommy,Tommy Pham,Pham,5.135897514147636,39,2300,PIT@ARI,PIT,ARI,,,,,,OF/UTIL
117348-102578,OF,Griffin,Griffin Conine,Conine,8.075,20,2300,MIA@SD,MIA,SD,IL,Shoulder,,,,OF/UTIL
117348-13567,3B/1B/2B,DJ,DJ LeMahieu,LeMahieu,5.590000152587891,10,2300,NYY@LAA,NYY,LAA,,,,,,C/1B/2B/3B/UTIL
117348-79122,OF,Nolan,Nolan Jones,Jones,4.863829917096077,47,2300,LAD@CLE,CLE,LAD,,,,,,OF/UTIL
117348-38223,OF,Travis,Travis Jankowski,Jankowski,4.2571429298037575,21,2300,MIN@TB,TB,MIN,IL,Groin,,,,OF/UTIL
117348-79216,3B,Ke'Bryan,Ke'Bryan Hayes,Hayes,6.557999877929688,50,2300,PIT@ARI,PIT,ARI,,,,,,3B/UTIL
117348-101844,OF,Lane,Lane Thomas,Thomas,3.4937500953674316,16,2300,LAD@CLE,CLE,LAD,,,,,,OF/UTIL
117348-13099,C,Travis,Travis d'Arnaud,d'Arnaud,4.890909021550959,22,2300,NYY@LAA,LAA,NYY,,,,,,C/1B/UTIL
117348-211756,SS/2B/OF,Javier,Javier Sanoja,Sanoja,5.835897592397837,39,2300,MIA@SD,MIA,SD,,,,,,2B/SS/OF/UTIL
117348-163667,OF/1B,Jhonkensy,Jhonkensy Noel,Noel,3.649999919690584,38,2300,LAD@CLE,CLE,LAD,,,,,,C/1B/OF/UTIL
117348-11129,OF,Jason,Jason Heyward,Heyward,4.641176560345818,34,2300,MIA@SD,SD,MIA,IL,Oblique,,,,OF/UTIL
117348-38004,C,Austin,Austin Hedges,Hedges,4.925,20,2200,LAD@CLE,CLE,LAD,,,,,,C/1B/UTIL
117348-102518,3B/1B,Jose,Jose Miranda,Miranda,4.241666793823242,12,2200,MIN@TB,MIN,TB,,,,,,C/1B/3B/UTIL
117348-53401,1B/OF,Trey,Trey Mancini,Mancini,,0,2200,PIT@ARI,ARI,PIT,,,,,,C/1B/OF/UTIL
117348-145611,SS/2B/3B,Oswald,Oswald Peraza,Peraza,4.896874904632568,32,2200,NYY@LAA,NYY,LAA,,,,,,2B/3B/SS/UTIL
117348-146715,C/1B,Endy,Endy Rodriguez,Rodriguez,4.520000203450521,15,2200,PIT@ARI,PIT,ARI,IL,Finger,,,,C/1B/UTIL
117348-209177,C/2B/1B,Mickey,Mickey Gasper,Gasper,3.676470588235294,17,2200,MIN@TB,MIN,TB,,,,,,C/1B/2B/UTIL
117348-79190,C,Ben,Ben Rortvedt,Rortvedt,2.7760000610351563,25,2200,MIN@TB,TB,MIN,,,,,,C/1B/UTIL
117348-79218,SS/2B/3B,Kevin,Kevin Newman,Newman,3.2789473282663444,19,2200,NYY@LAA,LAA,NYY,,,,,,2B/3B/SS/UTIL
117348-164495,SS/3B/2B,Jordan,Jordan Lawlar,Lawlar,0.5,6,2200,PIT@ARI,ARI,PIT,,,,,,2B/3B/SS/UTIL
117348-211631,OF,DaShawn,DaShawn Keirsey Jr.,Keirsey Jr.,2.1951219512195124,41,2200,MIN@TB,MIN,TB,,,,,,OF/UTIL
117348-199342,3B,Graham,Graham Pauley,Pauley,4.581481368453415,27,2200,MIA@SD,MIA,SD,,,,,,3B/UTIL
117348-226041,OF/1B,Matt,Matt Gorski,Gorski,4.76000010172526,15,2200,PIT@ARI,PIT,ARI,,,,,,C/1B/OF/UTIL
117348-165639,OF,Brandon,Brandon Lockridge,Lockridge,4.98620710701778,29,2200,MIA@SD,SD,MIA,,,,,,OF/UTIL
117348-213853,C,J.C.,J.C. Escarra,Escarra,6.031578867059005,19,2200,NYY@LAA,NYY,LAA,,,,,,C/1B/UTIL
117348-163691,OF,James,James Outman,Outman,7.333333333333333,9,2200,LAD@CLE,LAD,CLE,,,,,,OF/UTIL
117348-161677,C,Nick,Nick Fortes,Fortes,4.329999923706055,20,2200,MIA@SD,MIA,SD,,,,,,C/1B/UTIL
117348-68537,2B/3B/SS/OF,Tyler,Tyler Wade,Wade,4.185714176722935,28,2200,MIA@SD,SD,MIA,,,,,,2B/3B/SS/OF/UTIL
117348-198658,OF,Ronny,Ronny Simon,Simon,4.764705882352941,17,2100,MIA@SD,MIA,SD,,,,,,OF/UTIL
117348-102475,SS,Brayan,Brayan Rocchio,Rocchio,4.188571602957589,35,2100,LAD@CLE,CLE,LAD,,,,,,SS/UTIL
117348-197753,OF,Johnathan,Johnathan Rodriguez,Rodriguez,0,4,2100,LAD@CLE,CLE,LAD,,,,,,OF/UTIL
117348-102550,C,Luis,Luis Campusano,Campusano,3,5,2100,MIA@SD,SD,MIA,,,,,,C/1B/UTIL
117348-187594,2B/3B,Coco,Coco Montes,Montes,1.9,5,2100,MIN@TB,TB,MIN,,,,,,2B/3B/UTIL
117348-60672,SS/2B,Tim,Tim Anderson,Anderson,3.8741934991651967,31,2100,NYY@LAA,LAA,NYY,,,,,,2B/SS/UTIL
117348-197918,SS,Tsung-Che,Tsung-Che Cheng,Cheng,0,3,2100,PIT@ARI,PIT,ARI,,,,,,SS/UTIL
117348-135524,OF/2B,Austin,Austin Martin,Martin,5.78494623655914,93,2100,MIN@TB,MIN,TB,IL,Hamstring,,,,2B/OF/UTIL
117348-95776,2B/SS/3B/OF,Pablo,Pablo Reyes,Reyes,2.154999923706055,20,2100,NYY@LAA,NYY,LAA,,,,,,2B/3B/SS/OF/UTIL
117348-181814,2B,Edouard,Edouard Julien,Julien,6.089655382879849,29,2100,MIN@TB,MIN,TB,,,,,,2B/UTIL
117348-119428,2B/3B,Will,Will Wilson,Wilson,2.6133333841959634,15,2100,LAD@CLE,CLE,LAD,,,,,,2B/3B/UTIL
117348-164496,C,Adrian,Adrian Del Castillo,Del Castillo,10.315999755859375,25,2100,PIT@ARI,ARI,PIT,IL,Shoulder,,,,C/1B/UTIL
117348-13054,C,Rob,Rob Brantly,Brantly,4.166666666666667,3,2100,MIA@SD,MIA,SD,IL,Lat,,,,C/1B/UTIL
117348-165654,C/OF,Henry,Henry Davis,Davis,4.322222391764323,18,2100,PIT@ARI,PIT,ARI,,,,,,C/1B/OF/UTIL
117348-119634,SS/2B,Liover,Liover Peguero,Peguero,2.25,4,2100,PIT@ARI,PIT,ARI,,,,,,2B/SS/UTIL
117348-102285,OF,Cristian,Cristian Pache,Pache,3.2876405180170294,89,2100,PIT@ARI,ARI,PIT,,,,,,OF/UTIL
117348-68525,3B/1B,J.D.,J.D. Davis,Davis,0.6,5,2100,NYY@LAA,LAA,NYY,,,,,,C/1B/3B/UTIL
117348-13253,C,Martin,Martin Maldonado,Maldonado,3.4481480916341147,27,2100,MIA@SD,SD,MIA,,,,,,C/1B/UTIL
117348-102391,OF,Tirso,Tirso Ornelas,Ornelas,1.7857142857142858,7,2100,MIA@SD,SD,MIA,,,,,,OF/UTIL
117348-102410,C,Ronaldo,Ronaldo Hernandez,Hernandez,,0,2000,NYY@LAA,NYY,LAA,,,,,,C/1B/UTIL
117348-135195,C,Sebastian,Sebastian Rivero,Rivero,,0,2000,NYY@LAA,LAA,NYY,,,,,,C/1B/UTIL
117348-102435,SS/2B/3B,Blaze,Blaze Alexander,Alexander,6.085483674080141,62,2000,PIT@ARI,ARI,PIT,,,,,,2B/3B/SS/UTIL
117348-102436,OF,Kristian,Kristian Robinson,Robinson,,0,2000,PIT@ARI,ARI,PIT,,,,,,OF/UTIL
117348-102451,OF,Brennen,Brennen Davis,Davis,0,2,2000,NYY@LAA,NYY,LAA,,,,,,OF/UTIL
117348-135227,2B,Jose,Jose Rojas,Rojas,,0,2000,NYY@LAA,NYY,LAA,,,,,,2B/UTIL
117348-102461,SS,Aaron,Aaron Bracho,Bracho,,0,2000,LAD@CLE,LAD,CLE,,,,,,SS/UTIL
117348-135255,C,Brian,Brian Navarreto,Navarreto,,0,2000,MIA@SD,MIA,SD,,,,,,C/1B/UTIL
117348-157797,OF,Bryan,Bryan De La Cruz,De La Cruz,3.012500047683716,16,2000,NYY@LAA,NYY,LAA,,,,,,OF/UTIL
117348-83051,2B/3B,David,David Bote,Bote,2.4051282833784056,39,2000,LAD@CLE,LAD,CLE,,,,,,2B/3B/UTIL
117348-102520,2B,Yunior,Yunior Severino,Severino,0,1,2000,MIN@TB,MIN,TB,IL,Hamstring,,,,2B/UTIL
117348-197761,C,Jair,Jair Camargo,Camargo,1.0333333015441895,6,2000,MIN@TB,MIN,TB,,,,,,C/1B/UTIL
117348-102537,OF,Everson,Everson Pereira,Pereira,0,3,2000,NYY@LAA,NYY,LAA,,,,,,OF/UTIL
117348-102584,C,Tres,Tres Barrera,Barrera,,0,2000,MIN@TB,TB,MIN,,,,,,C/1B/UTIL
117348-198865,OF,Druw,Druw Jones,Jones,,0,2000,PIT@ARI,ARI,PIT,,,,,,OF/UTIL
117348-198871,SS,Tommy,Tommy Troy,Troy,,0,2000,PIT@ARI,ARI,PIT,,,,,,SS/UTIL
117348-198875,OF,Chase,Chase DeLauter,DeLauter,,0,2000,LAD@CLE,CLE,LAD,,,,,,OF/UTIL
117348-60634,OF,Forrest,Forrest Wall,Wall,4.072222391764323,18,2000,MIA@SD,SD,MIA,,,,,,OF/UTIL
117348-79075,SS,Kevin,Kevin Maitan,Maitan,,0,2000,MIN@TB,MIN,TB,,,,,,SS/UTIL
117348-60649,C,Alex,Alex Jackson,Jackson,4.196551618904903,58,2000,NYY@LAA,NYY,LAA,,,,,,C/1B/UTIL
117348-198895,OF,Walker,Walker Jenkins,Jenkins,,0,2000,MIN@TB,MIN,TB,IL,Ankle,,,,OF/UTIL
117348-79087,1B,Michael,Michael Chavis,Chavis,0,1,2000,LAD@CLE,LAD,CLE,,,,,,C/1B/UTIL
117348-146668,2B,Nick,Nick Yorke,Yorke,8.754545731977982,11,2000,PIT@ARI,PIT,ARI,,,,,,2B/UTIL
117348-198892,OF,Josue,Josue De Paula,De Paula,,0,2000,LAD@CLE,LAD,CLE,,,,,,OF/UTIL
117348-79093,OF,Eloy,Eloy Jimenez,Jimenez,5.833333333333333,99,2000,MIN@TB,TB,MIN,IL,Achilles,,,,OF/UTIL
117348-198900,OF,Spencer,Spencer Jones,Jones,,0,2000,NYY@LAA,NYY,LAA,IL,Ribs,,,,OF/UTIL
117348-198914,SS,Roderick,Roderick Arias,Arias,,0,2000,NYY@LAA,NYY,LAA,IL,Undisclosed,,,,SS/UTIL
117348-146694,SS,Arol,Arol Vera,Vera,,0,2000,NYY@LAA,LAA,NYY,,,,,,SS/UTIL
117348-198918,C,Ethan,Ethan Salas,Salas,,0,2000,MIA@SD,SD,MIA,IL,Back,,,,C/1B/UTIL
117348-146692,OF,David,David Calabrese,Calabrese,,0,2000,NYY@LAA,LAA,NYY,,,,,,OF/UTIL
117348-146693,OF,Alexander,Alexander Ramirez,Ramirez,,0,2000,NYY@LAA,LAA,NYY,,,,,,OF/UTIL
117348-146703,1B,Aaron,Aaron Sabato,Sabato,,0,2000,MIN@TB,MIN,TB,,,,,,C/1B/UTIL
117348-198932,1B,Xavier,Xavier Isaac,Isaac,,0,2000,MIN@TB,TB,MIN,,,,,,C/1B/UTIL
117348-197915,C,Hunter,Hunter Feduccia,Feduccia,1.5,2,2000,LAD@CLE,LAD,CLE,,,,,,C/1B/UTIL
117348-85274,OF,DJ,DJ Stewart,Stewart,4.864473844829359,76,2000,PIT@ARI,PIT,ARI,,,,,,OF/UTIL
117348-197917,OF,Victor,Victor Mesa Jr.,Mesa Jr.,0,2,2000,MIA@SD,MIA,SD,,,,,,OF/UTIL
117348-146726,OF,Josh,Josh Mears,Mears,,0,2000,MIA@SD,SD,MIA,,,,,,OF/UTIL
117348-146731,SS/2B,Alika,Alika Williams,Williams,4.191892056851773,37,2000,PIT@ARI,PIT,ARI,,,,,,2B/SS/UTIL
117348-85320,C,Michael,Michael Perez,Perez,0,1,2000,PIT@ARI,ARI,PIT,,,,,,C/1B/UTIL
117348-82251,OF,Tim,Tim Locastro,Locastro,0,1,2000,MIA@SD,SD,MIA,,,,,,OF/UTIL
117348-79189,2B,Travis,Travis Blankenhorn,Blankenhorn,2.9928572518484935,14,2000,NYY@LAA,LAA,NYY,IL,Undisclosed,,,,2B/UTIL
117348-135529,OF,Jake,Jake Vogel,Vogel,,0,2000,LAD@CLE,LAD,CLE,,,,,,OF/UTIL
117348-79213,SS,Scott,Scott Kingery,Kingery,0,2,2000,NYY@LAA,LAA,NYY,,,,,,SS/UTIL
117348-38276,OF,Albert,Albert Almora,Almora,0,2,2000,MIA@SD,MIA,SD,,,,,,OF/UTIL
117348-211339,C,Logan,Logan Driscoll,Driscoll,3.593333435058594,15,2000,MIN@TB,TB,MIN,IL,Ankle,,,,C/1B/UTIL
117348-79240,C,Aramis,Aramis Garcia,Garcia,0,3,2000,PIT@ARI,ARI,PIT,,,,,,C/1B/UTIL
117348-38293,OF,Tyler,Tyler Naquin,Naquin,,0,2000,LAD@CLE,CLE,LAD,,,,,,OF/UTIL
117348-193947,SS,Mason,Mason McCoy,McCoy,0,4,2000,MIA@SD,SD,MIA,IL,Finger,,,,SS/UTIL
117348-180644,2B,Nate,Nate Mondou,Mondou,0,1,2000,MIA@SD,SD,MIA,,,,,,2B/UTIL
117348-79279,OF,Andrew,Andrew Stevenson,Stevenson,,0,2000,MIN@TB,TB,MIN,,,,,,OF/UTIL
117348-119304,SS/2B,Braden,Braden Shewmake,Shewmake,3.406896656957166,29,2000,NYY@LAA,NYY,LAA,,,,,,2B/SS/UTIL
117348-219661,SS,Jared,Jared Serna,Serna,,0,2000,MIA@SD,MIA,SD,,,,,,SS/UTIL
117348-202259,1B,Trenton,Trenton Brooks,Brooks,3.3416665395100913,12,2000,MIA@SD,SD,MIA,,,,,,C/1B/UTIL
117348-79387,3B,Jake,Jake Gatewood,Gatewood,,0,2000,NYY@LAA,NYY,LAA,,,,,,3B/UTIL
117348-226840,OF,Carson,Carson McCusker,McCusker,0,3,2000,MIN@TB,MIN,TB,,,,,,OF/UTIL
117348-175654,OF,Bryce,Bryce Johnson,Johnson,2.442553256420379,47,2000,MIA@SD,SD,MIA,,,,,,OF/UTIL
117348-119332,SS,Yordys,Yordys Valdes,Valdes,,0,2000,LAD@CLE,CLE,LAD,,,,,,SS/UTIL
117348-219699,C,Jesus,Jesus Rodriguez,Rodriguez,,0,2000,NYY@LAA,NYY,LAA,,,,,,C/1B/UTIL
117348-16951,3B,Anthony,Anthony Rendon,Rendon,7.038596705386513,57,2000,NYY@LAA,LAA,NYY,IL,Hip,,,,3B/UTIL
117348-119353,3B,Kody,Kody Hoese,Hoese,,0,2000,LAD@CLE,LAD,CLE,,,,,,3B/UTIL
117348-181818,2B,Juan,Juan Brito,Brito,0,3,2000,LAD@CLE,CLE,LAD,IL,Thumb,,,,2B/UTIL
117348-222780,SS,Starlyn,Starlyn Caba,Caba,,0,2000,MIA@SD,MIA,SD,IL,Thumb,,,,SS/UTIL
117348-222785,2B,Luke,Luke Keaschall,Keaschall,14.400000435965401,7,2000,MIN@TB,MIN,TB,IL,Forearm,,,,2B/UTIL
117348-222791,OF,Zyhir,Zyhir Hope,Hope,,0,2000,LAD@CLE,LAD,CLE,,,,,,OF/UTIL
117348-222788,SS,Alex,Alex Freeland,Freeland,,0,2000,LAD@CLE,LAD,CLE,,,,,,SS/UTIL
117348-222795,SS,George,George Lombard Jr.,Lombard Jr.,,0,2000,NYY@LAA,NYY,LAA,,,,,,SS/UTIL
117348-181835,OF,Jorge,Jorge Barrosa,Barrosa,6.44000015258789,5,2000,PIT@ARI,ARI,PIT,,,,,,OF/UTIL
117348-119370,SS,Will,Will Holland,Holland,,0,2000,MIN@TB,MIN,TB,,,,,,SS/UTIL
117348-226888,2B,Ryan,Ryan Fitzgerald,Fitzgerald,1.600000023841858,2,2000,MIN@TB,MIN,TB,,,,,,2B/UTIL
117348-222799,C,Cooper,Cooper Ingle,Ingle,,0,2000,LAD@CLE,CLE,LAD,,,,,,C/1B/UTIL
117348-222798,1B,CJ,CJ Kayfus,Kayfus,,0,2000,LAD@CLE,CLE,LAD,,,,,,C/1B/UTIL
117348-222797,2B,Travis,Travis Bazzana,Bazzana,,0,2000,LAD@CLE,CLE,LAD,IL,Oblique,,,,2B/UTIL
117348-222796,SS,Angel,Angel Genao,Genao,,0,2000,LAD@CLE,CLE,LAD,IL,Shoulder,,,,SS/UTIL
117348-222803,2B,Demetrio,Demetrio Crisantes,Crisantes,,0,2000,PIT@ARI,ARI,PIT,IL,Shoulder,,,,2B/UTIL
117348-222802,OF,Ryan,Ryan Waldschmidt,Waldschmidt,,0,2000,PIT@ARI,ARI,PIT,,,,,,OF/UTIL
117348-222801,OF,Jaison,Jaison Chourio,Chourio,,0,2000,LAD@CLE,CLE,LAD,IL,Shoulder,,,,OF/UTIL
117348-222800,1B,Ralphy,Ralphy Velazquez,Velazquez,,0,2000,LAD@CLE,CLE,LAD,,,,,,C/1B/UTIL
117348-222804,OF,Slade,Slade Caldwell,Caldwell,,0,2000,PIT@ARI,ARI,PIT,,,,,,OF/UTIL
117348-222818,SS,Leodalis,Leodalis De Vries,De Vries,,0,2000,MIA@SD,SD,MIA,,,,,,SS/UTIL
117348-222823,SS,Konnor,Konnor Griffin,Griffin,,0,2000,PIT@ARI,PIT,ARI,,,,,,SS/UTIL
117348-119402,C,Rodolfo,Rodolfo Duran,Duran,,0,2000,MIA@SD,SD,MIA,,,,,,C/1B/UTIL
117348-222824,2B,Termarr,Termarr Johnson,Johnson,,0,2000,PIT@ARI,PIT,ARI,,,,,,2B/UTIL
117348-119407,OF,Sammy,Sammy Siani,Siani,,0,2000,PIT@ARI,PIT,ARI,,,,,,OF/UTIL
117348-119408,2B/OF,Ji Hwan,Ji Hwan Bae,Bae,3.942857197352818,7,2000,PIT@ARI,PIT,ARI,,,,,,2B/OF/UTIL
117348-119421,3B,Malcom,Malcom Nunez,Nunez,,0,2000,PIT@ARI,PIT,ARI,IL,Undisclosed,,,,3B/UTIL
117348-222851,C,Dominic,Dominic Keegan,Keegan,,0,2000,MIN@TB,TB,MIN,IL,Elbow,,,,C/1B/UTIL
117348-222850,3B,Brayden,Brayden Taylor,Taylor,,0,2000,MIN@TB,TB,MIN,,,,,,3B/UTIL
117348-222853,1B,Tre',Tre' Morgan,Morgan,,0,2000,MIN@TB,TB,MIN,,,,,,C/1B/UTIL
117348-222852,OF,Theo,Theo Gillen,Gillen,,0,2000,MIN@TB,TB,MIN,,,,,,OF/UTIL
117348-119434,OF,Moises,Moises Gomez,Gomez,,0,2000,MIA@SD,SD,MIA,,,,,,OF/UTIL
117348-119436,SS,Maximo,Maximo Acosta,Acosta,,0,2000,MIA@SD,MIA,SD,,,,,,SS/UTIL
117348-165519,OF,Petey,Petey Halpin,Halpin,,0,2000,LAD@CLE,CLE,LAD,,,,,,OF/UTIL
117348-165516,C,Daniel,Daniel Vellojin,Vellojin,,0,2000,MIN@TB,TB,MIN,,,,,,C/1B/UTIL
117348-222860,2B,Christian,Christian Moore,Moore,,0,2000,NYY@LAA,LAA,NYY,,,,,,2B/UTIL
117348-164499,3B,A.J.,A.J. Vukovich,Vukovich,,0,2000,PIT@ARI,ARI,PIT,,,,,,3B/UTIL
117348-203418,2B/3B/1B/OF,Armando,Armando Alvarez,Alvarez,4.462500095367432,16,2000,MIN@TB,MIN,TB,,,,,,C/1B/2B/3B/OF/UTIL
117348-21161,2B,Yolmer,Yolmer Sanchez,Sanchez,,0,2000,NYY@LAA,LAA,NYY,,,,,,2B/UTIL
117348-220848,SS,Christian,Christian Cairo,Cairo,,0,2000,LAD@CLE,CLE,LAD,,,,,,SS/UTIL
117348-163513,C,Rene,Rene Pinto,Pinto,5.578947368421052,19,2000,PIT@ARI,ARI,PIT,,,,,,C/1B/UTIL
117348-82620,2B,Nick,Nick Solak,Solak,1,3,2000,PIT@ARI,PIT,ARI,,,,,,2B/UTIL
117348-202433,2B/OF,Jamie,Jamie Westbrook,Westbrook,4.490476335797991,21,2000,MIN@TB,TB,MIN,,,,,,2B/OF/UTIL
117348-165575,SS,Denzer,Denzer Guzman,Guzman,,0,2000,NYY@LAA,LAA,NYY,,,,,,SS/UTIL
117348-165576,SS,Adrian,Adrian Placencia,Placencia,,0,2000,NYY@LAA,LAA,NYY,,,,,,SS/UTIL
117348-82637,1B,Evan,Evan White,White,0,2,2000,NYY@LAA,LAA,NYY,IL,Hip,,,,C/1B/UTIL
117348-188114,SS,Connor,Connor Kaiser,Kaiser,,0,2000,PIT@ARI,ARI,PIT,,,,,,SS/UTIL
117348-165590,SS,Wilman,Wilman Diaz,Diaz,,0,2000,LAD@CLE,LAD,CLE,IL,Undisclosed,,,,SS/UTIL
117348-198359,3B,Deyvison,Deyvison De Los Santos,De Los Santos,0,2,2000,MIA@SD,MIA,SD,IL,Quadriceps,,,,3B/UTIL
117348-165593,OF,Jose,Jose Ramos,Ramos,0,2,2000,LAD@CLE,LAD,CLE,,,,,,OF/UTIL
117348-195289,OF,Cam,Cam Eden,Eden,,0,2000,NYY@LAA,NYY,LAA,IL,Undisclosed,,,,OF/UTIL
117348-165598,C,Jesus,Jesus Galiz,Galiz,,0,2000,LAD@CLE,LAD,CLE,IL,Undisclosed,,,,C/1B/UTIL
117348-165597,SS,Kahlil,Kahlil Watson,Watson,,0,2000,LAD@CLE,CLE,LAD,,,,,,SS/UTIL
117348-165602,C,Joe,Joe Mack,Mack,,0,2000,MIA@SD,MIA,SD,,,,,,C/1B/UTIL
117348-165603,SS,Yiddi,Yiddi Cappe,Cappe,,0,2000,MIA@SD,MIA,SD,,,,,,SS/UTIL
117348-203490,OF,Steward,Steward Berroa,Berroa,3.9250000544956754,28,2000,LAD@CLE,LAD,CLE,,,,,,OF/UTIL
117348-82659,3B,Carter,Carter Kieboom,Kieboom,0,1,2000,NYY@LAA,LAA,NYY,,,,,,3B/UTIL
117348-165601,SS,Jose,Jose Salas,Salas,,0,2000,MIN@TB,MIN,TB,,,,,,SS/UTIL
117348-165607,SS,Jordan,Jordan McCants,McCants,,0,2000,MIA@SD,MIA,SD,,,,,,SS/UTIL
117348-165608,2B,Cody,Cody Morissette,Morissette,,0,2000,MIA@SD,MIA,SD,,,,,,2B/UTIL
117348-165619,SS,Noah,Noah Miller,Miller,,0,2000,LAD@CLE,LAD,CLE,,,,,,SS/UTIL
117348-165626,OF,Emmanuel,Emmanuel Rodriguez,Rodriguez,0,1,2000,MIN@TB,MIN,TB,,,,,,OF/UTIL
117348-202501,OF,Duke,Duke Ellis,Ellis,3.0166667302449546,12,2000,NYY@LAA,NYY,LAA,,,,,,OF/UTIL
117348-165658,SS,Maikol,Maikol Escotto,Escotto,,0,2000,PIT@ARI,PIT,ARI,,,,,,SS/UTIL
117348-165656,OF,Lonnie,Lonnie White,White,,0,2000,PIT@ARI,PIT,ARI,,,,,,OF/UTIL
117348-165670,C,Brandon,Brandon Valenzuela,Valenzuela,,0,2000,MIA@SD,SD,MIA,,,,,,C/1B/UTIL
117348-176937,C,Chuckie,Chuckie Robinson,Robinson,1.976923135610727,26,2000,NYY@LAA,LAA,NYY,,,,,,C/1B/UTIL
117348-211757,OF,Bryce,Bryce Teodosio,Teodosio,1.2399999618530273,5,2000,NYY@LAA,LAA,NYY,,,,,,OF/UTIL
117348-165683,OF,Gabriel,Gabriel Gonzalez,Gonzalez,,0,2000,MIN@TB,MIN,TB,,,,,,OF/UTIL
117348-165688,C,Ricardo,Ricardo Genoves,Genoves,,0,2000,MIN@TB,TB,MIN,,,,,,C/1B/UTIL
117348-211774,1B/OF,Billy,Billy Cook,Cook,7.25,16,2000,PIT@ARI,PIT,ARI,,,,,,C/1B/OF/UTIL
117348-165702,SS,Carson,Carson Williams,Williams,,0,2000,MIN@TB,TB,MIN,,,,,,SS/UTIL
117348-110404,3B,Mike,Mike Brosseau,Brosseau,0,1,2000,MIA@SD,SD,MIA,,,,,,3B/UTIL
117348-165703,OF,Heriberto,Heriberto Hernandez,Hernandez,,0,2000,MIA@SD,MIA,SD,,,,,,OF/UTIL
117348-165700,SS,Carlos,Carlos Colmenares,Colmenares,,0,2000,MIN@TB,TB,MIN,,,,,,SS/UTIL
117348-163653,OF,Allan,Allan Cerda,Cerda,,0,2000,MIN@TB,MIN,TB,,,,,,OF/UTIL
117348-165704,2B,Cooper,Cooper Kinney,Kinney,,0,2000,MIN@TB,TB,MIN,,,,,,2B/UTIL
117348-119626,OF,Hudson,Hudson Head,Head,,0,2000,PIT@ARI,PIT,ARI,,,,,,OF/UTIL
117348-163661,3B/2B,Eguy,Eguy Rosario,Rosario,4.193548387096774,31,2000,MIA@SD,SD,MIA,,,,,,2B/3B/UTIL
117348-119633,OF,Misael,Misael Urbina,Urbina,,0,2000,MIN@TB,MIN,TB,,,,,,OF/UTIL
117348-119636,SS,Alexander,Alexander Vargas,Vargas,,0,2000,NYY@LAA,NYY,LAA,,,,,,SS/UTIL
117348-163686,3B/SS,Oswaldo,Oswaldo Cabrera,Cabrera,6.597142682756696,35,2000,NYY@LAA,NYY,LAA,IL,Ankle,,,,3B/SS/UTIL
117348-163696,OF,Jack,Jack Suwinski,Suwinski,4.393750190734863,16,2000,PIT@ARI,PIT,ARI,,,,,,OF/UTIL
117348-209786,1B,Niko,Niko Kavadas,Kavadas,0,1,2000,NYY@LAA,LAA,NYY,,,,,,C/1B/UTIL
117348-170879,C,Chris,Chris Okey,Okey,0,2,2000,LAD@CLE,LAD,CLE,,,,,,C/1B/UTIL
117348-180095,OF,Will,Will Brennan,Brennan,1.5,6,2000,LAD@CLE,CLE,LAD,IL,Forearm,,,,OF/UTIL
117348-82824,1B,Mike,Mike Ford,Ford,3.600000080309416,19,2000,MIN@TB,MIN,TB,,,,,,C/1B/UTIL
117348-102282,OF,Jake,Jake McCarthy,McCarthy,3.5642858232770647,14,2000,PIT@ARI,ARI,PIT,,,,,,OF/UTIL
117348-171923,1B,Darick,Darick Hall,Hall,0,2,2000,PIT@ARI,PIT,ARI,,,,,,C/1B/UTIL
117348-79776,C,Dom,Dom Nunez,Nunez,,0,2000,LAD@CLE,CLE,LAD,,,,,,C/1B/UTIL
117348-102313,OF,George,George Valera,Valera,0,3,2000,LAD@CLE,CLE,LAD,IL,Knee,,,,OF/UTIL
117348-163772,C,Brett,Brett Sullivan,Sullivan,3.9000000953674316,8,2000,PIT@ARI,PIT,ARI,,,,,,C/1B/UTIL
117348-102339,C,Diego,Diego Cartaya,Cartaya,0,2,2000,MIN@TB,MIN,TB,,,,,,C/1B/UTIL
117348-52170,1B,Dominic,Dominic Smith,Smith,6.866666404149866,93,2000,NYY@LAA,NYY,LAA,,,,,,C/1B/UTIL
117348-68554,SS,Andrew,Andrew Velazquez,Velazquez,0,2,2000,NYY@LAA,NYY,LAA,,,,,,SS/UTIL
117348-80852,2B/SS/3B/OF,Ildemaro,Ildemaro Vargas,Vargas,5.583673593949299,98,2000,PIT@ARI,ARI,PIT,,,,,,2B/3B/SS/OF/UTIL
117348-102392,OF,Esteury,Esteury Ruiz,Ruiz,5.896551724137931,29,2000,LAD@CLE,LAD,CLE,,,,,,OF/UTIL