Id,Position,First Name,Nickname,Last Name,FPPG,Played,Salary,Game,Team,Opponent,Injury Indicator,Injury Details,Tier,Probable Pitcher,Batting Order,Roster Position
117461-146687,P,Hunter,Hunter Brown,Brown,43,11,10700,TB@HOU,HOU,TB,,,,,,P
117461-16960,P,Zack,Zack Wheeler,Wheeler,44.63636363636363,11,10600,ATL@PHI,PHI,ATL,,,,Yes,,P
117461-79280,P,Jesus,Jesus Luzardo,Luzardo,40.18181818181818,11,10500,ATL@PHI,PHI,ATL,,,,,,P
117461-187194,P,Bryan,Bryan Woo,Woo,38.2,10,10400,WSH@SEA,SEA,WSH,,,,,,P
117461-102396,P,Logan,Logan Gilbert,Gilbert,34.833333333333336,6,10400,WSH@SEA,SEA,WSH,IL,Elbow,,,,P
117461-85599,P,Framber,Framber Valdez,Valdez,34.27272727272727,11,10200,TB@HOU,HOU,TB,,,,,,P
117461-118225,P,Cristopher,Cristopher Sanchez,Sanchez,34.4,10,10100,ATL@PHI,PHI,ATL,,,,,,P
117461-82635,P,MacKenzie,MacKenzie Gore,Gore,39.09090909090909,11,10000,WSH@SEA,WSH,SEA,,,,Yes,,P
117461-12477,P,Chris,Chris Sale,Sale,34.36363636363637,11,9900,ATL@PHI,ATL,PHI,,,,Yes,,P
117461-60647,P,Aaron,Aaron Nola,Nola,24.555555555555557,9,9900,ATL@PHI,PHI,ATL,IL,Ankle,,,,P
117461-83157,P,Ranger,Ranger Suarez,Suarez,38.8,5,9600,ATL@PHI,PHI,ATL,,,,,,P
117461-198885,P,Spencer,Spencer Arrighetti,Arrighetti,22.5,2,9300,TB@HOU,HOU,TB,IL,Thumb,,,,P
117461-102407,P,Shane,Shane McClanahan,McClanahan,0,1,9200,TB@HOU,TB,HOU,IL,Triceps,,,,P
117461-38000,P,Kevin,Kevin Gausman,Gausman,32.18181818181818,11,9200,ATH@TOR,TOR,ATH,,,,,,P
117461-83166,P,Zack,Zack Littell,Littell,26.181818181818183,11,9200,TB@HOU,TB,HOU,,,,,,P
117461-68491,P,Reynaldo,Reynaldo Lopez,Lopez,9,1,9200,ATL@PHI,ATL,PHI,IL,Shoulder,,,,P
117461-53067,P,Chris,Chris Bassitt,Bassitt,30.90909090909091,11,9100,ATH@TOR,TOR,ATH,,,,,,P
117461-164503,P,Spencer,Spencer Schwellenbach,Schwellenbach,32.45454545454545,11,8900,ATL@PHI,ATL,PHI,,,,,,P
117461-68518,P,Spencer,Spencer Turnbull,Turnbull,18.529411764705884,17,8900,ATH@TOR,TOR,ATH,,,,,,P
117461-79162,P,Luis,Luis Castillo,Castillo,28.727272727272727,11,8800,WSH@SEA,SEA,WSH,,,,,,P
117461-119361,P,Drew,Drew Rasmussen,Rasmussen,28.09090909090909,11,8700,TB@HOU,TB,HOU,,,,,,P
117461-79207,P,Grant,Grant Holmes,Holmes,27.90909090909091,11,8600,ATL@PHI,ATL,PHI,,,,,,P
117461-164509,P,AJ,AJ Smith-Shawver,Smith-Shawver,27.875,8,8600,ATL@PHI,ATL,PHI,,,,,,P
117461-165698,P,Taj,Taj Bradley,Bradley,28.363636363636363,11,8600,TB@HOU,TB,HOU,,,,,,P
117461-135647,P,Ryan,Ryan Pepiot,Pepiot,28.818181818181817,11,8500,TB@HOU,TB,HOU,,,,,,P
117461-168872,P,Ronel,Ronel Blanco,Blanco,28.555555555555557,9,8500,TB@HOU,HOU,TB,IL,Elbow,,,,P
117461-146664,P,Bryce,Bryce Elder,Elder,24.125,8,8400,ATL@PHI,ATL,PHI,,,,,,P
117461-119414,P,George,George Kirby,Kirby,8.5,2,8400,WSH@SEA,SEA,WSH,,,,,,P
117461-162445,P,Spencer,Spencer Strider,Strider,22,3,8400,ATL@PHI,ATL,PHI,,,,,,P
117461-5481,P,Max,Max Scherzer,Scherzer,6,1,8300,ATH@TOR,TOR,ATH,IL,Thumb,,,,P
117461-85476,P,Jeffrey,Jeffrey Springs,Springs,26.727272727272727,11,8300,ATH@TOR,ATH,TOR,,,,,,P
117461-165636,P,Hayden,Hayden Wesneski,Wesneski,24.833333333333332,6,8300,TB@HOU,HOU,TB,IL,Elbow,,,,P
117461-60639,P,Jose,Jose Berrios,Berrios,27.272727272727273,11,8200,ATH@TOR,TOR,ATH,,,,Yes,,P
117461-165689,P,Bryce,Bryce Miller,Miller,20.875,8,8200,WSH@SEA,SEA,WSH,IL,Elbow,,,,P
117461-60644,P,Luis,Luis Severino,Severino,26.166666666666668,12,8100,ATH@TOR,ATH,TOR,,,,,,P
117461-82630,P,Shane,Shane Baz,Baz,27,10,8100,TB@HOU,TB,HOU,,,,Yes,,P
117461-146705,P,J.T.,J.T. Ginn,Ginn,23,4,8000,ATH@TOR,ATH,TOR,IL,Quadriceps,,,,P
117461-21097,P,Taijuan,Taijuan Walker,Walker,21.555555555555557,9,8000,ATL@PHI,PHI,ATL,,,,,,P
117461-194677,P,Easton,Easton Lucas,Lucas,19.5,4,7900,ATH@TOR,TOR,ATH,,,,,,P
117461-79073,P,Michael,Michael Soroka,Soroka,22.8,5,7900,WSH@SEA,WSH,SEA,,,,,,P
117461-163685,P,JP,JP Sears,Sears,22,11,7900,ATH@TOR,ATH,TOR,,,,,,P
117461-102684,P,Jake,Jake Irvin,Irvin,28.727272727272727,11,7800,WSH@SEA,WSH,SEA,,,,,,P
117461-146717,P,Mick,Mick Abel,Abel,55,1,7700,ATL@PHI,PHI,ATL,,,,,,P
117461-135268,P,Emerson,Emerson Hancock,Hancock,19,8,7600,WSH@SEA,SEA,WSH,,,,Yes,,P
117461-119441,P,Alek,Alek Manoah,Manoah,27,6,7500,ATH@TOR,TOR,ATH,IL,Elbow,,,,P
117461-164532,P,DJ,DJ Herz,Herz,25.94736842105263,19,7500,WSH@SEA,WSH,SEA,IL,Elbow,,,,P
117461-193326,P,Jacob,Jacob Lopez,Lopez,17,5,7500,ATH@TOR,ATH,TOR,,,,Yes,,P
117461-163698,P,Bowden,Bowden Francis,Francis,21.363636363636363,11,7500,ATH@TOR,TOR,ATH,,,,,,P
117461-52159,P,Lance,Lance McCullers Jr.,McCullers Jr.,20.2,5,7500,TB@HOU,HOU,TB,,,,,,P
117461-226322,P,Logan,Logan Evans,Evans,26.333333333333332,6,7400,WSH@SEA,SEA,WSH,,,,,,P
117461-187769,P,Osvaldo,Osvaldo Bido,Bido,16.11111111111111,9,7400,ATH@TOR,ATH,TOR,,,,,,P
117461-165715,P,Gunnar,Gunnar Hoglund,Hoglund,22,5,7400,ATH@TOR,ATH,TOR,,,,,,P
117461-60637,P,Sean,Sean Newcomb,Newcomb,16,12,7300,ATH@TOR,ATH,TOR,,,,,,P
117461-219662,P,Colton,Colton Gordon,Gordon,19.666666666666668,3,7100,TB@HOU,HOU,TB,,,,,,P
117461-165731,P,Mitchell,Mitchell Parker,Parker,22.818181818181817,11,7100,WSH@SEA,WSH,SEA,,,,,,P
117461-135212,P,Luis,Luis Garcia,Garcia,0,1,7000,TB@HOU,HOU,TB,IL,Elbow,,,,P
117461-213198,P,Ryan,Ryan Gusto,Gusto,15.333333333333334,12,7000,TB@HOU,HOU,TB,,,,Yes,,P
117461-68483,P,Trevor,Trevor Williams,Williams,19.272727272727273,11,7000,WSH@SEA,WSH,SEA,,,,,,P
117461-102335,P,Cristian,Cristian Javier,Javier,24.285714285714285,8,7000,TB@HOU,HOU,TB,IL,Elbow,,,,P
117461-198353,P,Mitch,Mitch Spence,Spence,8.15,20,6900,ATH@TOR,ATH,TOR,,,,,,P
117461-102569,P,Michael,Michael Mercado,Mercado,5.4,5,6800,ATL@PHI,PHI,ATL,,,,,,P
117461-79078,P,Ian,Ian Anderson,Anderson,2.2857142857142856,7,6800,ATL@PHI,ATL,PHI,,,,,,P
117461-198934,P,Yariel,Yariel Rodriguez,Rodriguez,6.045454545454546,22,6800,ATH@TOR,TOR,ATH,,,,,,P
117461-79226,P,Eric,Eric Lauer,Lauer,17.833333333333332,6,6800,ATH@TOR,TOR,ATH,,,,,,P
117461-222885,P,Brad,Brad Lord,Lord,11.533333333333333,16,6800,WSH@SEA,WSH,SEA,,,,,,P
117461-181805,P,J.P.,J.P. France,France,15.8,6,6500,TB@HOU,HOU,TB,IL,Shoulder,,,,P
117461-165634,P,Ken,Ken Waldichuk,Waldichuk,0,1,6500,ATH@TOR,ATH,TOR,IL,Elbow,,,,P
117461-102456,P,Jhonathan,Jhonathan Diaz,Diaz,7,1,6400,WSH@SEA,SEA,WSH,,,,,,P
117461-194939,P,Joe,Joe Boyle,Boyle,42,1,6400,TB@HOU,TB,HOU,,,,,,P
117461-181794,P,Hogan,Hogan Harris,Harris,7,13,6400,ATH@TOR,ATH,TOR,,,,,,P
117461-164504,P,Joey,Joey Estes,Estes,0,2,6400,ATH@TOR,ATH,TOR,,,,,,P
117461-170891,P,Davis,Davis Daniel,Daniel,6,1,6400,ATL@PHI,ATL,PHI,,,,,,P
117461-181833,P,Darius,Darius Vines,Vines,7.25,4,6200,ATL@PHI,ATL,PHI,IL,Undisclosed,,,,P
117461-119447,P,Joan,Joan Adon,Adon,3.25,8,6200,WSH@SEA,WSH,SEA,IL,Undisclosed,,,,P
117461-198872,P,Hurston,Hurston Waldrep,Waldrep,-4.5,2,6100,ATL@PHI,ATL,PHI,,,,,,P
117461-102502,P,Josiah,Josiah Gray,Gray,6.5,3,6000,WSH@SEA,WSH,SEA,IL,Elbow,,,,P
117461-53608,P,Jose,Jose Urena,Urena,4.666666666666667,6,6000,ATH@TOR,TOR,ATH,,,,,,P
117461-165720,P,Ricky,Ricky Tiedemann,Tiedemann,,0,6000,ATH@TOR,TOR,ATH,IL,Elbow,,,,P
117461-197907,P,Brady,Brady Basso,Basso,14.857142857142858,7,5900,ATH@TOR,ATH,TOR,IL,Shoulder,,,,P
117461-161167,P,Glenn,Glenn Otto,Otto,0,1,5900,TB@HOU,HOU,TB,IL,Shoulder,,,,P
117461-203266,P,Jake,Jake Bloss,Bloss,13.666666666666666,3,5900,ATH@TOR,TOR,ATH,IL,Elbow,,,,P
117461-52873,P,Joe,Joe Ross,Ross,6.411764705882353,18,5900,ATL@PHI,PHI,ATL,,,,,,P
117461-119449,P,Jackson,Jackson Rutledge,Rutledge,6.823529411764706,17,5900,WSH@SEA,WSH,SEA,,,,,,P
117461-79917,P,Casey,Casey Lawrence,Lawrence,9.333333333333334,6,5800,WSH@SEA,SEA,WSH,,,,,,P
117461-158858,P,Justin,Justin Bruihl,Bruihl,2,7,5800,ATH@TOR,TOR,ATH,,,,,,P
117461-135208,P,Shawn,Shawn Dubin,Dubin,9.25,8,5700,TB@HOU,HOU,TB,,,,,,P
117461-102487,P,Austin,Austin Cox,Cox,,0,5700,ATL@PHI,ATL,PHI,,,,,,P
117461-79126,P,Forrest,Forrest Whitley,Whitley,5.666666666666667,3,5700,TB@HOU,HOU,TB,,,,,,P
117461-161275,P,Kyle,Kyle Tyler,Tyler,14.125,8,5700,ATL@PHI,PHI,ATL,,,,,,P
117461-119431,P,Seth,Seth Johnson,Johnson,-20,1,5700,ATL@PHI,PHI,ATL,,,,,,P
117461-82573,P,Alex,Alex Faedo,Faedo,8.054054054054054,37,5700,TB@HOU,TB,HOU,IL,Shoulder,,,,P
117461-164511,P,Dylan,Dylan Dodd,Dodd,6,1,5700,ATL@PHI,ATL,PHI,,,,,,P
117461-213867,P,Blas,Blas Castano,Castano,3,1,5700,WSH@SEA,SEA,WSH,,,,,,P
117461-79873,P,Dylan,Dylan Covey,Covey,0,2,5500,ATL@PHI,ATL,PHI,,,,,,P
117461-168965,P,Tanner,Tanner Banks,Banks,5.739130434782608,23,5500,ATL@PHI,PHI,ATL,,,,,,P
117461-178184,P,Kevin,Kevin Herget,Herget,6,1,5500,ATL@PHI,ATL,PHI,,,,,,P
117461-171020,P,Michael,Michael Kelly,Kelly,5.392857142857143,28,5500,ATH@TOR,ATH,TOR,NA,Suspension,,,,P
117461-135191,P,Josh,Josh Fleming,Fleming,4.541666666666667,25,5500,WSH@SEA,SEA,WSH,,,,,,P
117461-102426,P,Adam,Adam Kloffenstein,Kloffenstein,3,1,5500,ATH@TOR,TOR,ATH,,,,,,P
117461-102428,P,Eric,Eric Pardinho,Pardinho,,0,5500,ATH@TOR,TOR,ATH,,,,,,P
117461-155687,P,Andrew,Andrew Wantz,Wantz,10,1,5500,TB@HOU,TB,HOU,IL,Elbow,,,,P
117461-190516,P,Daysbel,Daysbel Hernandez,Hernandez,5.7272727272727275,22,5500,ATL@PHI,ATL,PHI,,,,,,P
117461-135221,P,Cade,Cade Cavalli,Cavalli,0,1,5500,WSH@SEA,WSH,SEA,,,,,,P
117461-172092,P,Garrett,Garrett Hill,Hill,0,1,5500,WSH@SEA,SEA,WSH,,,,,,P
117461-102469,P,Ben,Ben Bowden,Bowden,,0,5500,ATH@TOR,ATH,TOR,,,,,,P
117461-169030,P,Zach,Zach Jackson,Jackson,,0,5500,ATH@TOR,ATH,TOR,,,,,,P
117461-11333,P,Craig,Craig Kimbrel,Kimbrel,5.803571428571429,57,5500,ATL@PHI,ATL,PHI,,,,,,P
117461-102479,P,Lincoln,Lincoln Henzman,Henzman,,0,5500,ATH@TOR,ATH,TOR,,,,,,P
117461-149587,P,Jay,Jay Flaa,Flaa,,0,5500,ATL@PHI,ATL,PHI,,,,,,P
117461-102489,P,Carlos,Carlos Hernandez,Hernandez,3.4,20,5500,ATL@PHI,PHI,ATL,,,,,,P
117461-195682,P,Orion,Orion Kerkering,Kerkering,4.791666666666667,24,5500,ATL@PHI,PHI,ATL,,,,,,P
117461-102501,P,Braydon,Braydon Fisher,Fisher,9.571428571428571,7,5500,ATH@TOR,TOR,ATH,,,,,,P
117461-102505,P,Edwin,Edwin Uceta,Uceta,4.208333333333333,24,5500,TB@HOU,TB,HOU,,,,,,P
117461-116847,P,Cole,Cole Sulser,Sulser,5.5,8,5500,TB@HOU,TB,HOU,,,,,,P
117461-161907,P,Dylan,Dylan Lee,Lee,4.8,25,5500,ATL@PHI,ATL,PHI,,,,,,P
117461-85108,P,Enyel,Enyel De Los Santos,De Los Santos,5.409090909090909,22,5500,ATL@PHI,ATL,PHI,,,,,,P
117461-135289,P,Kodi,Kodi Whitley,Whitley,,0,5500,TB@HOU,TB,HOU,IL,Undisclosed,,,,P
117461-209026,P,Parker,Parker Dunshee,Dunshee,1,1,5500,WSH@SEA,WSH,SEA,,,,,,P
117461-54403,P,Trevor,Trevor Gott,Gott,0,1,5500,WSH@SEA,SEA,WSH,,,,,,P
117461-116868,P,Gabe,Gabe Speier,Speier,6.130434782608695,23,5500,WSH@SEA,SEA,WSH,,,,,,P
117461-135306,P,Cole,Cole Wilcox,Wilcox,,0,5500,TB@HOU,TB,HOU,,,,,,P
117461-135304,P,Tyler,Tyler Baum,Baum,,0,5500,ATH@TOR,ATH,TOR,,,,,,P
117461-102543,P,Connor,Connor Seabold,Seabold,7,2,5500,TB@HOU,TB,HOU,,,,,,P
117461-135313,P,Nick,Nick Sandlin,Sandlin,4.8,10,5500,ATH@TOR,TOR,ATH,IL,Lat,,,,P
117461-38036,P,T.J.,T.J. McFarland,McFarland,1.3888888888888888,18,5500,ATH@TOR,ATH,TOR,IL,Groin,,,,P
117461-102549,P,Andres,Andres Munoz,Munoz,6.869565217391305,23,5500,WSH@SEA,SEA,WSH,,,,,,P
117461-152734,P,Zach,Zach Thompson,Thompson,10,2,5500,ATL@PHI,ATL,PHI,,,,,,P
117461-102558,P,Gregory,Gregory Santos,Santos,1.875,8,5500,WSH@SEA,SEA,WSH,IL,Knee,,,,P
117461-80034,P,Jose,Jose Alvarado,Alvarado,7.05,20,5500,ATL@PHI,PHI,ATL,NA,Suspension,,,,P
117461-102565,P,Mason,Mason Englert,Englert,7.2,11,5500,TB@HOU,TB,HOU,,,,,,P
117461-83116,P,Wander,Wander Suero,Suero,0,1,5500,ATL@PHI,ATL,PHI,,,,,,P
117461-145591,P,Eduard,Eduard Bazardo,Bazardo,5.238095238095238,21,5500,WSH@SEA,SEA,WSH,,,,,,P
117461-209078,P,Max,Max Lazar,Lazar,4.5,2,5500,ATL@PHI,PHI,ATL,,,,,,P
117461-145593,P,Carlos,Carlos Vargas,Vargas,5.590909090909091,22,5500,WSH@SEA,SEA,WSH,,,,,,P
117461-135358,P,Dylan,Dylan File,File,,0,5500,WSH@SEA,SEA,WSH,,,,,,P
117461-102590,P,Joey,Joey Gerber,Gerber,,0,5500,TB@HOU,TB,HOU,,,,,,P
117461-135361,P,Nabil,Nabil Crismatt,Crismatt,7.8,5,5500,ATL@PHI,PHI,ATL,,,,,,P
117461-21707,P,Michael,Michael Mariot,Mariot,,0,5500,WSH@SEA,SEA,WSH,,,,,,P
117461-66765,P,Jorge,Jorge Lopez,Lopez,4.5,25,5500,WSH@SEA,WSH,SEA,,,,,,P
117461-194770,P,Nick,Nick Hernandez,Hernandez,6.6,5,5500,TB@HOU,HOU,TB,,,,,,P
117461-145629,P,Mason,Mason Thompson,Thompson,0,1,5500,WSH@SEA,WSH,SEA,IL,Elbow,,,,P
117461-209116,P,Troy,Troy Taylor,Taylor,-0.14285714285714285,8,5500,WSH@SEA,SEA,WSH,,,,,,P
117461-83172,P,Jonathan,Jonathan Hernandez,Hernandez,6.448275862068965,29,5500,TB@HOU,TB,HOU,IL,Undisclosed,,,,P
117461-205032,P,Daniel,Daniel Robert,Robert,2.5,2,5500,ATL@PHI,PHI,ATL,,,,,,P
117461-60656,P,Jeff,Jeff Hoffman,Hoffman,6.541666666666667,24,5500,ATH@TOR,TOR,ATH,,,,,,P
117461-197873,P,Zach,Zach Brzykcy,Brzykcy,2.5555555555555554,9,5500,WSH@SEA,WSH,SEA,,,,,,P
117461-197884,P,Yoniel,Yoniel Curet,Curet,0,1,5500,TB@HOU,TB,HOU,IL,Shoulder,,,,P
117461-198915,P,Luis,Luis Morales,Morales,,0,5500,ATH@TOR,ATH,TOR,,,,,,P
117461-146688,P,Alex,Alex Santos II,Santos II,,0,5500,TB@HOU,HOU,TB,,,,,,P
117461-197896,P,Will,Will Klein,Klein,2.75,8,5500,WSH@SEA,SEA,WSH,,,,,,P
117461-198920,P,Dylan,Dylan Lesko,Lesko,,0,5500,TB@HOU,TB,HOU,,,,,,P
117461-85263,P,CD,CD Pelham,Pelham,,0,5500,ATH@TOR,ATH,TOR,,,,,,P
117461-197906,P,Royber,Royber Salinas,Salinas,0,1,5500,ATL@PHI,ATL,PHI,IL,Shoulder,,,,P
117461-79124,P,Joe,Joe Jimenez,Jimenez,5.855072463768116,70,5500,ATL@PHI,ATL,PHI,IL,Knee,,,,P
117461-197916,P,Anthony,Anthony Maldonado,Maldonado,4.8,5,5500,ATH@TOR,ATH,TOR,,,,,,P
117461-116002,P,Joel,Joel Kuhnel,Kuhnel,5,6,5500,ATL@PHI,PHI,ATL,,,,,,P
117461-146730,P,Nick,Nick Bitsko,Bitsko,,0,5500,TB@HOU,TB,HOU,IL,Undisclosed,,,,P
117461-79144,P,Scott,Scott Blewett,Blewett,9.833333333333334,12,5500,ATL@PHI,ATL,PHI,,,,,,P
117461-146732,P,Nick,Nick Swiney,Swiney,,0,5500,TB@HOU,HOU,TB,,,,,,P
117461-146737,P,Cole,Cole Henry,Henry,5.875,16,5500,WSH@SEA,WSH,SEA,,,,,,P
117461-146740,P,CJ,CJ Van Eyk,Van Eyk,,0,5500,ATH@TOR,TOR,ATH,,,,,,P
117461-203075,P,Michael,Michael Petersen,Petersen,9,1,5500,ATL@PHI,ATL,PHI,,,,,,P
117461-182597,P,Shintaro,Shintaro Fujinami,Fujinami,0,3,5500,WSH@SEA,SEA,WSH,,,,,,P
117461-209224,P,Orlando,Orlando Ribalta,Ribalta,6.5,4,5500,WSH@SEA,WSH,SEA,IL,Biceps,,,,P
117461-226643,P,AJ,AJ Blubaugh,Blubaugh,24,1,5500,TB@HOU,HOU,TB,,,,,,P
117461-170323,P,Nick,Nick Vespi,Vespi,4.7272727272727275,11,5500,ATL@PHI,PHI,ATL,,,,,,P
117461-38240,P,Rafael,Rafael Montero,Montero,4.315789473684211,19,5500,ATL@PHI,ATL,PHI,,,,,,P
117461-222565,P,Shinnosuke,Shinnosuke Ogasawara,Ogasawara,,0,5500,WSH@SEA,WSH,SEA,IL,Oblique,,,,P
117461-135525,P,Adam,Adam Seminaris,Seminaris,,0,5500,WSH@SEA,SEA,WSH,,,,,,P
117461-135530,P,Brett,Brett de Geus,de Geus,2.1538461538461537,13,5500,ATL@PHI,PHI,ATL,,,,,,P
117461-118122,P,Angel,Angel Perdomo,Perdomo,2.5,4,5500,ATH@TOR,ATH,TOR,,,,,,P
117461-153961,P,Tayler,Tayler Saucedo,Saucedo,2,4,5500,WSH@SEA,SEA,WSH,,,,,,P
117461-79220,P,Kevin,Kevin Gowdy,Gowdy,,0,5500,ATH@TOR,TOR,ATH,,,,,,P
117461-159099,P,Connor,Connor Overton,Overton,0,2,5500,ATH@TOR,TOR,ATH,IL,Undisclosed,,,,P
117461-225666,P,Paxton,Paxton Schultz,Schultz,16.4,5,5500,ATH@TOR,TOR,ATH,,,,,,P
117461-225665,P,Sauryn,Sauryn Lao,Lao,14,1,5500,WSH@SEA,SEA,WSH,,,,,,P
117461-181651,P,Matt,Matt Krook,Krook,4.333333333333333,3,5500,ATH@TOR,ATH,TOR,,,,,,P
117461-38303,P,Andrew,Andrew Chafin,Chafin,5.1,11,5500,WSH@SEA,WSH,SEA,,,,,,P
117461-61858,P,Raisel,Raisel Iglesias,Iglesias,4.904761904761905,21,5500,ATL@PHI,ATL,PHI,,,,,,P
117461-118184,P,Enoli,Enoli Paredes,Paredes,5.944444444444445,18,5500,ATL@PHI,ATL,PHI,,,,,,P
117461-101802,P,Patrick,Patrick Weigel,Weigel,,0,5500,WSH@SEA,WSH,SEA,,,,,,P
117461-219568,P,Rolddy,Rolddy Munoz,Munoz,,0,5500,ATL@PHI,ATL,PHI,,,,,,P
117461-101816,P,Bryan,Bryan Abreu,Abreu,6.32,25,5500,TB@HOU,HOU,TB,,,,,,P
117461-101819,P,Jose,Jose Suarez,Suarez,12.333333333333334,3,5500,ATL@PHI,ATL,PHI,,,,,,P
117461-219586,P,Ian,Ian Seymour,Seymour,,0,5500,TB@HOU,TB,HOU,,,,,,P
117461-118217,P,Manuel,Manuel Rodriguez,Rodriguez,4.703703703703703,27,5500,TB@HOU,TB,HOU,,,,,,P
117461-118224,P,Garrett,Garrett Cleavinger,Cleavinger,5.590909090909091,22,5500,TB@HOU,TB,HOU,,,,,,P
117461-101846,P,Erik,Erik Swanson,Swanson,3.977272727272727,45,5500,ATH@TOR,TOR,ATH,IL,Forearm,,,,P
117461-182750,P,Andrew,Andrew Painter,Painter,,0,5500,ATL@PHI,PHI,ATL,,,,,,P
117461-101855,P,Trent,Trent Thornton,Thornton,3.4375,16,5500,WSH@SEA,SEA,WSH,IL,Abdomen,,,,P
117461-101854,P,Jacob,Jacob Waguespack,Waguespack,11.25,4,5500,TB@HOU,TB,HOU,,,,,,P
117461-185847,P,Garrett,Garrett Acton,Acton,,0,5500,TB@HOU,TB,HOU,,,,,,P
117461-145916,P,Zach,Zach Pop,Pop,2.912280701754386,58,5500,WSH@SEA,SEA,WSH,,,,,,P
117461-170514,P,Jose,Jose Cuas,Cuas,4.833333333333333,13,5500,ATL@PHI,ATL,PHI,,,,,,P
117461-101904,P,Jordan,Jordan Romano,Romano,4,22,5500,ATL@PHI,PHI,ATL,,,,,,P
117461-71190,P,Jose,Jose Leclerc,Leclerc,3.3,10,5500,ATH@TOR,ATH,TOR,IL,Lat,,,,P
117461-170527,P,Jason,Jason Alexander,Alexander,-0.75,4,5500,TB@HOU,HOU,TB,,,,,,P
117461-5673,P,Jesse,Jesse Chavez,Chavez,6,2,5500,ATL@PHI,ATL,PHI,,,,,,P
117461-119339,P,Tyler,Tyler Ivey,Ivey,,0,5500,TB@HOU,HOU,TB,,,,,,P
117461-181801,P,Jose A.,Jose A. Ferrer,Ferrer,4.037037037037037,27,5500,WSH@SEA,WSH,SEA,,,,,,P
117461-71218,P,Dylan,Dylan Floro,Floro,4.671875,66,5500,ATH@TOR,ATH,TOR,,,,,,P
117461-178743,P,Nicholas,Nicholas Padilla,Padilla,,0,5500,ATL@PHI,PHI,ATL,,,,,,P
117461-219707,P,Jean,Jean Cabrera,Cabrera,,0,5500,ATL@PHI,PHI,ATL,,,,,,P
117461-181816,P,Casey,Casey Legumina,Legumina,6.444444444444445,19,5500,WSH@SEA,SEA,WSH,,,,,,P
117461-219705,P,Moises,Moises Chace,Chace,,0,5500,ATL@PHI,PHI,ATL,IL,Elbow,,,,P
117461-181828,P,Kolton,Kolton Ingram,Ingram,,0,5500,ATL@PHI,ATL,PHI,,,,,,P
117461-72265,P,Matt,Matt Strahm,Strahm,5.36,25,5500,ATL@PHI,PHI,ATL,,,,,,P
117461-81488,P,Jose,Jose Ruiz,Ruiz,3.642857142857143,14,5500,ATL@PHI,PHI,ATL,,,,,,P
117461-150107,P,Tommy,Tommy Nance,Nance,4.65,20,5500,ATH@TOR,TOR,ATH,,,,,,P
117461-225880,P,Nathan,Nathan Wiles,Wiles,-3,1,5500,ATL@PHI,ATL,PHI,,,,,,P
117461-80476,P,Jackson,Jackson Stephens,Stephens,4.333333333333333,3,5500,ATL@PHI,ATL,PHI,,,,,,P
117461-119388,P,Junior,Junior Santos,Santos,,0,5500,WSH@SEA,WSH,SEA,,,,,,P
117461-222814,P,Trey,Trey Yesavage,Yesavage,,0,5500,ATH@TOR,TOR,ATH,,,,,,P
117461-85600,P,Ryan,Ryan Burr,Burr,5.705882352941177,34,5500,ATH@TOR,TOR,ATH,IL,Shoulder,,,,P
117461-81507,P,Aaron,Aaron Bummer,Bummer,5.833333333333333,18,5500,ATL@PHI,ATL,PHI,,,,,,P
117461-186986,P,Eduardo,Eduardo Salazar,Salazar,1.7058823529411764,17,5500,WSH@SEA,WSH,SEA,,,,,,P
117461-118381,P,Kyle,Kyle Finnegan,Finnegan,4.842105263157895,19,5500,WSH@SEA,WSH,SEA,DTD,Shoulder,,,,P
117461-222830,P,Travis,Travis Sykora,Sykora,,0,5500,WSH@SEA,WSH,SEA,,,,,,P
117461-162419,P,Matt,Matt Brash,Brash,5.142857142857143,7,5500,WSH@SEA,SEA,WSH,,,,,,P
117461-222833,P,Jarlin,Jarlin Susana,Susana,,0,5500,WSH@SEA,WSH,SEA,IL,Elbow,,,,P
117461-222832,P,Alex,Alex Clemmey,Clemmey,,0,5500,WSH@SEA,WSH,SEA,,,,,,P
117461-82549,P,Brendon,Brendon Little,Little,7.64,26,5500,ATH@TOR,TOR,ATH,,,,,,P
117461-222843,P,Jurrangelo,Jurrangelo Cijntje,Cijntje,,0,5500,WSH@SEA,SEA,WSH,,,,,,P
117461-222855,P,Ty,Ty Johnson,Johnson,,0,5500,TB@HOU,TB,HOU,,,,,,P
117461-222854,P,Brody,Brody Hopkins,Hopkins,,0,5500,TB@HOU,TB,HOU,,,,,,P
117461-52871,P,Derek,Derek Law,Law,6.16,75,5500,WSH@SEA,WSH,SEA,IL,Forearm,,,,P
117461-119433,P,JJ,JJ Goss,Goss,,0,5500,TB@HOU,TB,HOU,,,,,,P
117461-222859,P,Cam,Cam Caminiti,Caminiti,,0,5500,ATL@PHI,ATL,PHI,,,,,,P
117461-222857,P,Jackson,Jackson Baumeister,Baumeister,,0,5500,TB@HOU,TB,HOU,,,,,,P
117461-222856,P,Trevor,Trevor Harrison,Harrison,,0,5500,TB@HOU,TB,HOU,,,,,,P
117461-190092,P,Devin,Devin Sweet,Sweet,,0,5500,ATL@PHI,PHI,ATL,,,,,,P
117461-203415,P,Bryan,Bryan King,King,6.2,25,5500,TB@HOU,HOU,TB,,,,,,P
117461-220822,P,Elvis,Elvis Alvarado,Alvarado,5.5,2,5500,ATH@TOR,ATH,TOR,,,,,,P
117461-164500,P,Ryan,Ryan Cusick,Cusick,,0,5500,ATH@TOR,ATH,TOR,,,,,,P
117461-119446,P,Andry,Andry Lara,Lara,,0,5500,WSH@SEA,WSH,SEA,,,,,,P
117461-119451,P,Matt,Matt Cronin,Cronin,,0,5500,WSH@SEA,SEA,WSH,,,,,,P
117461-165528,P,Joe,Joe Rock,Rock,,0,5500,TB@HOU,TB,HOU,,,,,,P
117461-165534,P,Norge,Norge Vera,Vera,,0,5500,ATH@TOR,ATH,TOR,,,,,,P
117461-203420,P,Austin,Austin Kitchen,Kitchen,0,4,5500,WSH@SEA,SEA,WSH,,,,,,P
117461-202402,P,Justin,Justin Sterner,Sterner,5.653846153846154,26,5500,ATH@TOR,ATH,TOR,,,,,,P
117461-220834,P,Nate,Nate Lavender,Lavender,,0,5500,TB@HOU,TB,HOU,IL,Elbow,,,,P
117461-38563,P,Yimi,Yimi Garcia,Garcia,5.285714285714286,21,5500,ATH@TOR,TOR,ATH,IL,Shoulder,,,,P
117461-220837,P,Evan,Evan Reifert,Reifert,,0,5500,TB@HOU,TB,HOU,,,,,,P
117461-220836,P,Angel,Angel Bastardo,Bastardo,,0,5500,ATH@TOR,TOR,ATH,IL,Elbow,,,,P
117461-220842,P,Eiberson,Eiberson Castellano,Castellano,,0,5500,ATL@PHI,PHI,ATL,IL,Undisclosed,,,,P
117461-164521,P,Brandon,Brandon Walter,Walter,30,1,5500,TB@HOU,HOU,TB,,,,,,P
117461-163507,P,Alan,Alan Rangel,Rangel,,0,5500,ATL@PHI,PHI,ATL,,,,,,P
117461-222898,P,Mason,Mason Fluharty,Fluharty,5.7,22,5500,ATH@TOR,TOR,ATH,,,,,,P
117461-211632,P,Mason,Mason Montgomery,Montgomery,4.181818181818182,23,5500,TB@HOU,TB,HOU,,,,,,P
117461-14006,P,Brian,Brian Moran,Moran,,0,5500,ATL@PHI,ATL,PHI,,,,,,P
117461-165570,P,Ben,Ben Hernandez,Hernandez,,0,5500,WSH@SEA,SEA,WSH,,,,,,P
117461-82628,P,Adonis,Adonis Medina,Medina,,0,5500,WSH@SEA,SEA,WSH,,,,,,P
117461-222930,P,Logan,Logan VanWey,VanWey,3.2857142857142856,7,5500,TB@HOU,HOU,TB,,,,,,P
117461-165594,P,Carlos,Carlos Duran,Duran,-8,1,5500,ATH@TOR,ATH,TOR,,,,,,P
117461-112348,P,Cody,Cody Stashak,Stashak,,0,5500,ATL@PHI,PHI,ATL,,,,,,P
117461-82657,P,Wil,Wil Crowe,Crowe,,0,5500,ATL@PHI,PHI,ATL,,,,,,P
117461-14049,P,Bryan,Bryan Shaw,Shaw,2.4,5,5500,WSH@SEA,SEA,WSH,,,,,,P
117461-181985,P,Guillo,Guillo Zuniga,Zuniga,4.214285714285714,15,5500,ATL@PHI,PHI,ATL,,,,,,P
117461-182005,P,Kevin,Kevin Kelly,Kelly,3,5,5500,TB@HOU,TB,HOU,IL,Thigh,,,,P
117461-165628,P,Josh,Josh Walker,Walker,9,3,5500,ATH@TOR,TOR,ATH,,,,,,P
117461-165642,P,Mason,Mason Miller,Miller,6.7368421052631575,19,5500,ATH@TOR,ATH,TOR,,,,,,P
117461-161545,P,Kaleb,Kaleb Ort,Ort,5.3076923076923075,13,5500,TB@HOU,HOU,TB,,,,,,P
117461-165650,P,Grant,Grant Holman,Holman,6.466666666666667,15,5500,ATH@TOR,ATH,TOR,,,,,,P
117461-165649,P,Colin,Colin Peluse,Peluse,,0,5500,ATH@TOR,ATH,TOR,,,,,,P
117461-201506,P,Tyler,Tyler Ferguson,Ferguson,4.56,25,5500,ATH@TOR,ATH,TOR,,,,,,P
117461-199461,P,Luis,Luis Contreras,Contreras,4.285714285714286,7,5500,TB@HOU,HOU,TB,,,,,,P
117461-165674,P,Adam,Adam Macko,Macko,0,1,5500,ATH@TOR,TOR,ATH,O,Knee,,,,P
117461-135976,P,Bennett,Bennett Sousa,Sousa,7.428571428571429,14,5500,TB@HOU,HOU,TB,,,,,,P
117461-165682,P,Michael,Michael Morales,Morales,,0,5500,WSH@SEA,SEA,WSH,,,,,,P
117461-53043,P,Jesse,Jesse Hahn,Hahn,5,3,5500,WSH@SEA,SEA,WSH,,,,,,P
117461-163641,P,Ray,Ray Kerr,Kerr,11.2,10,5500,ATL@PHI,ATL,PHI,IL,Elbow,,,,P
117461-84815,P,Joey,Joey Krehbiel,Krehbiel,,0,5500,TB@HOU,TB,HOU,,,,,,P
117461-204624,P,Eric,Eric Orze,Orze,6.25,16,5500,TB@HOU,TB,HOU,,,,,,P
117461-204631,P,Hunter,Hunter Bigge,Bigge,5.3076923076923075,13,5500,TB@HOU,TB,HOU,IL,Lat,,,,P
117461-165719,P,Irv,Irv Carter,Carter,,0,5500,ATH@TOR,TOR,ATH,,,,,,P
117461-165722,P,Chad,Chad Dallas,Dallas,,0,5500,ATH@TOR,TOR,ATH,IL,Undisclosed,,,,P
117461-213851,P,Domingo,Domingo Gonzalez,Gonzalez,,0,5500,ATL@PHI,ATL,PHI,,,,,,P
117461-163673,P,Jorge,Jorge Juan,Juan,,0,5500,ATL@PHI,ATL,PHI,,,,,,P
117461-163688,P,Collin,Collin Snider,Snider,5.571428571428571,21,5500,WSH@SEA,SEA,WSH,,,,,,P
117461-68466,P,Steven,Steven Okert,Okert,7.095238095238095,21,5500,TB@HOU,HOU,TB,,,,,,P
117461-163697,P,Hagen,Hagen Danner,Danner,0,1,5500,WSH@SEA,SEA,WSH,,,,,,P
117461-70517,P,Chad,Chad Green,Green,4.666666666666667,24,5500,ATH@TOR,TOR,ATH,,,,,,P
117461-68474,P,Josh,Josh Hader,Hader,7.7727272727272725,22,5500,TB@HOU,HOU,TB,,,,,,P
117461-68510,P,Amir,Amir Garrett,Garrett,6.666666666666667,8,5500,ATH@TOR,TOR,ATH,IL,Undisclosed,,,,P
117461-108461,P,Pete,Pete Fairbanks,Fairbanks,5.869565217391305,23,5500,TB@HOU,TB,HOU,,,,,,P
117461-52141,P,Lucas,Lucas Sims,Sims,1.5625,18,5500,ATL@PHI,PHI,ATL,,,,,,P
117461-52148,P,Pierce,Pierce Johnson,Johnson,5.285714285714286,21,5500,ATL@PHI,ATL,PHI,,,,,,P
117461-102324,P,Konnor,Konnor Pilkington,Pilkington,0,2,5500,WSH@SEA,WSH,SEA,,,,,,P
117461-102332,P,Jackson,Jackson Kowar,Kowar,6,1,5500,WSH@SEA,SEA,WSH,,,,,,P
117461-68556,P,Dillon,Dillon Tate,Tate,5.6,5,5500,ATH@TOR,TOR,ATH,,,,,,P
117461-193498,P,John,John McMillon,McMillon,9,10,5500,ATL@PHI,PHI,ATL,,,,,,P
117461-70629,P,Jacob,Jacob Barnes,Barnes,2.5,6,5500,ATH@TOR,TOR,ATH,,,,,,P
117461-187367,P,Nick,Nick Robertson,Robertson,7.111111111111111,9,5500,TB@HOU,HOU,TB,,,,,,P
117461-202726,P,Michel,Michel Otanez,Otanez,2,6,5500,ATH@TOR,ATH,TOR,,,,,,P
117461-102375,P,Luis,Luis Medina,Medina,20.375,8,5500,ATH@TOR,ATH,TOR,IL,Elbow,,,,P
117461-70649,P,Adrian,Adrian Sampson,Sampson,0,1,5500,WSH@SEA,WSH,SEA,,,,,,P
117461-60631,OF,Kyle,Kyle Schwarber,Schwarber,14.133333559389468,54,4100,ATL@PHI,PHI,ATL,,,,,,OF/UTIL
117461-165661,OF,James,James Wood,Wood,13.690909090909091,55,4000,WSH@SEA,WSH,SEA,,,,,,OF/UTIL
117461-79756,OF,Ronald,Ronald Acuna Jr.,Acuna Jr.,14.725000381469727,4,3900,ATL@PHI,ATL,PHI,,,,,,OF/UTIL
117461-102554,C,Cal,Cal Raleigh,Raleigh,13.462962962962964,54,3800,WSH@SEA,SEA,WSH,,,,,,C/1B/UTIL
117461-12948,1B,Bryce,Bryce Harper,Harper,11.86111111111111,54,3700,ATL@PHI,PHI,ATL,DTD,Elbow,,,,C/1B/UTIL
117461-65881,SS,Trea,Trea Turner,Turner,11.959615854116587,52,3600,ATL@PHI,PHI,ATL,,,,,,SS/UTIL
117461-119410,SS,CJ,CJ Abrams,Abrams,12.216666085379464,42,3600,WSH@SEA,WSH,SEA,,,,,,SS/UTIL
117461-82533,OF,Daulton,Daulton Varsho,Varsho,12.30000027743253,22,3500,ATH@TOR,TOR,ATH,,,,,,OF/UTIL
117461-102400,OF,Julio,Julio Rodriguez,Rodriguez,11.475471928434551,53,3400,WSH@SEA,SEA,WSH,,,,,,OF/UTIL
117461-82574,3B,Isaac,Isaac Paredes,Paredes,11.018518518518519,54,3400,TB@HOU,HOU,TB,,,,,,3B/UTIL
117461-82612,OF,Brent,Brent Rooker,Rooker,10.594642639160156,56,3400,ATH@TOR,ATH,TOR,,,,,,OF/UTIL
117461-79273,1B,Vladimir,Vladimir Guerrero Jr.,Guerrero Jr.,9.921818403764204,55,3300,ATH@TOR,TOR,ATH,,,,,,C/1B/UTIL
117461-119405,2B/SS,Bryson,Bryson Stott,Stott,10.233333587646484,48,3300,ATL@PHI,PHI,ATL,,,,,,2B/SS/UTIL
117461-82575,OF,Yordan,Yordan Alvarez,Alvarez,8.324137720568427,29,3300,TB@HOU,HOU,TB,IL,Hand,,,,OF/UTIL
117461-85261,OF,Randy,Randy Arozarena,Arozarena,10.396153376652645,52,3200,WSH@SEA,SEA,WSH,,,,,,OF/UTIL
117461-79257,OF,Josh,Josh Lowe,Lowe,8.992307809682993,13,3200,TB@HOU,TB,HOU,,,,,,OF/UTIL
117461-119345,SS,Jeremy,Jeremy Pena,Pena,10.438181374289773,55,3200,TB@HOU,HOU,TB,,,,,,SS/UTIL
117461-17086,OF,Marcell,Marcell Ozuna,Ozuna,10.775999755859376,50,3200,ATL@PHI,ATL,PHI,,,,,,OF/UTIL
117461-14562,2B/OF,Jose,Jose Altuve,Altuve,9.186792337669516,53,3100,TB@HOU,HOU,TB,,,,,,2B/OF/UTIL
117461-79074,3B,Austin,Austin Riley,Riley,9.871698343528891,53,3100,ATL@PHI,ATL,PHI,,,,,,3B/UTIL
117461-85504,2B,Brandon,Brandon Lowe,Lowe,9.870588115617341,51,3100,TB@HOU,TB,HOU,,,,,,2B/UTIL
117461-181795,OF,Lawrence,Lawrence Butler,Butler,10.417307927058292,52,3100,ATH@TOR,ATH,TOR,,,,,,OF/UTIL
117461-163662,1B,Jonathan,Jonathan Aranda,Aranda,10.06,50,3100,TB@HOU,TB,HOU,,,,,,C/1B/UTIL
117461-52175,1B,Matt,Matt Olson,Olson,10.632075471698114,53,3100,ATL@PHI,ATL,PHI,,,,,,C/1B/UTIL
117461-195679,3B,Junior,Junior Caminero,Caminero,9.407842897901348,51,3000,TB@HOU,TB,HOU,,,,,,3B/UTIL
117461-135298,1B/OF,Tyler,Tyler Soderstrom,Soderstrom,10.130356924874443,56,3000,ATH@TOR,ATH,TOR,,,,,,C/1B/OF/UTIL
117461-85285,1B,Nathaniel,Nathaniel Lowe,Lowe,8.89090909090909,55,3000,WSH@SEA,WSH,SEA,,,,,,C/1B/UTIL
117461-21874,2B/3B,Jorge,Jorge Polanco,Polanco,10.014285859607515,42,3000,WSH@SEA,SEA,WSH,,,,,,2B/3B/UTIL
117461-206482,SS,Jacob,Jacob Wilson,Wilson,11.09433962264151,53,3000,ATH@TOR,ATH,TOR,,,,,,SS/UTIL
117461-13342,OF,Nick,Nick Castellanos,Castellanos,8.91296273690683,54,2900,ATL@PHI,PHI,ATL,,,,,,OF/UTIL
117461-79120,1B,Yandy,Yandy Diaz,Diaz,9.005882113587623,51,2900,TB@HOU,TB,HOU,,,,,,C/1B/UTIL
117461-38218,1B,Christian,Christian Walker,Walker,8.150000113028067,54,2900,TB@HOU,HOU,TB,DTD,Hand,,,,C/1B/UTIL
117461-101753,2B/SS/3B,Dylan,Dylan Moore,Moore,9.361905052548362,42,2900,WSH@SEA,SEA,WSH,,,,,,2B/3B/SS/UTIL
117461-119303,C,Shea,Shea Langeliers,Langeliers,9.593877675581952,49,2900,ATH@TOR,ATH,TOR,,,,,,C/1B/UTIL
117461-16983,OF,George,George Springer,Springer,9.388235054764094,51,2900,ATH@TOR,TOR,ATH,,,,,,OF/UTIL
117461-82654,SS,Bo,Bo Bichette,Bichette,9.547272283380682,55,2900,ATH@TOR,TOR,ATH,DTD,Back,,,,SS/UTIL
117461-82660,2B,Luis,Luis Garcia Jr.,Garcia Jr.,8.679166793823242,48,2900,WSH@SEA,WSH,SEA,,,,,,2B/UTIL
117461-135218,OF,Jake,Jake Meyers,Meyers,8.074074074074074,54,2800,TB@HOU,HOU,TB,,,,,,OF/UTIL
117461-225386,OF,Chandler,Chandler Simpson,Simpson,9.344118006089154,34,2800,TB@HOU,TB,HOU,,,,,,OF/UTIL
117461-197982,OF,Dylan,Dylan Crews,Crews,9.073333062065972,45,2800,WSH@SEA,WSH,SEA,IL,Oblique,,,,OF/UTIL
117461-222794,1B,Nick,Nick Kurtz,Kurtz,8.810714176722936,28,2800,ATH@TOR,ATH,TOR,IL,Hip,,,,C/1B/UTIL
117461-17139,C,J.T.,J.T. Realmuto,Realmuto,8.835555691189237,45,2800,ATL@PHI,PHI,ATL,,,,,,C/1B/UTIL
117461-79884,OF,Anthony,Anthony Santander,Santander,6.910204206194196,49,2700,ATH@TOR,TOR,ATH,,,,,,OF/UTIL
117461-79195,OF/1B/3B,Miguel,Miguel Andujar,Andujar,8.39047604515439,42,2700,ATH@TOR,ATH,TOR,,,,,,C/1B/3B/OF/UTIL
117461-219666,OF,Jake,Jake Mangum,Mangum,9.090475899832589,21,2700,TB@HOU,TB,HOU,IL,Groin,,,,OF/UTIL
117461-222846,OF,Cam,Cam Smith,Smith,7.997618902297247,42,2700,TB@HOU,HOU,TB,,,,,,OF/UTIL
117461-82593,C,Keibert,Keibert Ruiz,Ruiz,7.065306371572066,49,2700,WSH@SEA,WSH,SEA,,,,,,C/1B/UTIL
117461-165559,C,Yainer,Yainer Diaz,Diaz,7.429166793823242,48,2700,TB@HOU,HOU,TB,,,,,,C/1B/UTIL
117461-52179,SS,J.P.,J.P. Crawford,Crawford,8.76923076923077,52,2700,WSH@SEA,SEA,WSH,,,,,,SS/UTIL
117461-185303,SS/2B/3B/OF,Jose,Jose Caballero,Caballero,8.704545454545455,44,2700,TB@HOU,TB,HOU,,,,,,2B/3B/SS/OF/UTIL
117461-102370,3B/1B,Alec,Alec Bohm,Bohm,8.109804041245404,51,2700,ATL@PHI,PHI,ATL,,,,,,C/1B/3B/UTIL
117461-68589,2B/3B/OF,Amed,Amed Rosario,Rosario,7.914285932268415,28,2700,WSH@SEA,WSH,SEA,,,,,,2B/3B/OF/UTIL
117461-173078,OF,Alex,Alex Call,Call,7.368421052631579,38,2600,WSH@SEA,WSH,SEA,,,,,,OF/UTIL
117461-209172,1B,Andres,Andres Chaparro,Chaparro,8.481817996863162,33,2600,WSH@SEA,WSH,SEA,,,,,,C/1B/UTIL
117461-21875,OF,Max,Max Kepler,Kepler,8.304081508091517,49,2600,ATL@PHI,PHI,ATL,,,,,,OF/UTIL
117461-79225,3B/2B,Luis,Luis Urias,Urias,7.174418604651163,43,2600,ATH@TOR,ATH,TOR,,,,,,2B/3B/UTIL
117461-181662,OF,Nathan,Nathan Lukes,Lukes,7.215384458884214,39,2600,ATH@TOR,TOR,ATH,,,,,,OF/UTIL
117461-181830,3B/OF,Addison,Addison Barger,Barger,6.920588325051701,34,2600,ATH@TOR,TOR,ATH,,,,,,3B/OF/UTIL
117461-119364,OF,Kameron,Kameron Misner,Misner,7.562000122070312,50,2600,TB@HOU,TB,HOU,,,,,,OF/UTIL
117461-82624,C,Sean,Sean Murphy,Murphy,9.35151533647017,33,2600,ATL@PHI,ATL,PHI,,,,,,C/1B/UTIL
117461-53994,1B,Josh,Josh Bell,Bell,6.960869830587636,46,2600,WSH@SEA,WSH,SEA,,,,,,C/1B/UTIL
117461-146160,SS,Ha-Seong,Ha-Seong Kim,Kim,9.21900826446281,121,2600,TB@HOU,TB,HOU,IL,Shoulder,,,,SS/UTIL
117461-135314,2B/SS/3B,Ernie,Ernie Clement,Clement,5.25849079635908,53,2500,ATH@TOR,TOR,ATH,,,,,,2B/3B/SS/UTIL
117461-193863,OF,Jacob,Jacob Young,Young,5.634146341463414,41,2500,WSH@SEA,WSH,SEA,IL,Shoulder,,,,OF/UTIL
117461-79247,3B/SS/2B/OF,Edmundo,Edmundo Sosa,Sosa,7,26,2500,ATL@PHI,PHI,ATL,,,,,,2B/3B/SS/OF/UTIL
117461-79277,1B,Rowdy,Rowdy Tellez,Tellez,7.055555555555555,45,2500,WSH@SEA,SEA,WSH,,,,,,C/1B/UTIL
117461-136672,OF,Michael,Michael Harris II,Harris II,8.149056488612914,53,2500,ATL@PHI,ATL,PHI,,,,,,OF/UTIL
117461-119318,2B/3B/OF,Christopher,Christopher Morel,Morel,6.486046369685683,43,2500,TB@HOU,TB,HOU,,,,,,2B/3B/OF/UTIL
117461-119444,C,Alejandro,Alejandro Kirk,Kirk,6.802272449840199,44,2500,ATH@TOR,TOR,ATH,,,,,,C/1B/UTIL
117461-82655,C,Danny,Danny Jansen,Jansen,6.684210526315789,38,2500,TB@HOU,TB,HOU,,,,,,C/1B/UTIL
117461-165643,2B,Zack,Zack Gelof,Gelof,8.547101449275363,138,2500,ATH@TOR,ATH,TOR,IL,Ribs,,,,2B/UTIL
117461-208716,1B/OF,Zach,Zach Dezenzo,Dezenzo,7.3290321596207155,31,2500,TB@HOU,HOU,TB,,,,,,C/1B/OF/UTIL
117461-163671,3B,Jose,Jose Tena,Tena,6.585293938131893,34,2500,WSH@SEA,WSH,SEA,,,,,,3B/UTIL
117461-80848,C,Victor,Victor Caratini,Caratini,6.9088233498966,34,2500,TB@HOU,HOU,TB,,,,,,C/1B/UTIL
117461-102363,OF/1B,Luke,Luke Raley,Raley,7.625,24,2500,WSH@SEA,SEA,WSH,IL,Oblique,,,,C/1B/OF/UTIL
117461-68587,2B,Ozzie,Ozzie Albies,Albies,8.658490450877064,53,2500,ATL@PHI,ATL,PHI,,,,,,2B/UTIL
117461-223299,3B,Ben,Ben Williamson,Williamson,6.427777608235677,36,2400,WSH@SEA,SEA,WSH,,,,,,3B/UTIL
117461-116867,C,Tyler,Tyler Heineman,Heineman,7.842105263157895,19,2400,ATH@TOR,TOR,ATH,IL,Concussion,,,,C/1B/UTIL
117461-192649,OF/1B,Weston,Weston Wilson,Wilson,4.084615267240084,13,2400,ATL@PHI,PHI,ATL,,,,,,C/1B/OF/UTIL
117461-79152,C,Matt,Matt Thaiss,Thaiss,6.177142769949777,35,2400,TB@HOU,TB,HOU,,,,,,C/1B/UTIL
117461-79160,OF,Alex,Alex Verdugo,Verdugo,8.109677222467237,31,2400,ATL@PHI,ATL,PHI,,,,,,OF/UTIL
117461-79181,2B/OF,Mauricio,Mauricio Dubon,Dubon,5.519999912806919,35,2400,TB@HOU,HOU,TB,,,,,,2B/OF/UTIL
117461-79263,OF,Leody,Leody Taveras,Taveras,6.018367222377232,49,2400,WSH@SEA,SEA,WSH,,,,,,OF/UTIL
117461-119365,SS/2B,Nasim,Nasim Nunez,Nunez,5.259999847412109,20,2400,WSH@SEA,WSH,SEA,,,,,,2B/SS/UTIL
117461-80462,SS/3B,Paul,Paul DeJong,DeJong,5.162499904632568,16,2400,WSH@SEA,WSH,SEA,IL,Orbital,,,,3B/SS/UTIL
117461-222858,C,Drake,Drake Baldwin,Baldwin,7.924242424242424,33,2400,ATL@PHI,ATL,PHI,,,,,,C/1B/UTIL
117461-82617,2B,Andres,Andres Gimenez,Gimenez,8.399999830457899,36,2400,ATH@TOR,TOR,ATH,IL,Quadriceps,,,,2B/UTIL
117461-165648,OF,Johan,Johan Rojas,Rojas,6.3076923076923075,39,2400,ATL@PHI,PHI,ATL,,,,,,OF/UTIL
117461-163668,OF/2B/3B,Richie,Richie Palacios,Palacios,21.200000762939453,1,2400,TB@HOU,TB,HOU,IL,Knee,,,,2B/3B/OF/UTIL
117461-68582,2B,Brendan,Brendan Rodgers,Rodgers,5,35,2400,TB@HOU,HOU,TB,,,,,,2B/UTIL
117461-102418,OF,Eli,Eli White,White,7.509302183639171,43,2300,ATL@PHI,ATL,PHI,,,,,,OF/UTIL
117461-135284,C,Riley,Riley Adams,Adams,5.549999872843425,12,2300,WSH@SEA,WSH,SEA,,,,,,C/1B/UTIL
117461-38112,1B/3B,Gio,Gio Urshela,Urshela,5.471875190734863,32,2300,ATH@TOR,ATH,TOR,IL,Hamstring,,,,C/1B/3B/UTIL
117461-209179,1B/2B/3B,Will,Will Wagner,Wagner,4.44000015258789,20,2300,ATH@TOR,TOR,ATH,IL,Foot,,,,C/1B/2B/3B/UTIL
117461-79154,OF,Brandon,Brandon Marsh,Marsh,5.4499999152289496,36,2300,ATL@PHI,PHI,ATL,,,,,,OF/UTIL
117461-181806,OF,Jonny,Jonny DeLuca,DeLuca,9.144444783528646,9,2300,TB@HOU,TB,HOU,IL,Shoulder,,,,OF/UTIL
117461-81622,C,Mitch,Mitch Garver,Garver,5.605555640326606,36,2300,WSH@SEA,SEA,WSH,,,,,,C/1B/UTIL
117461-183092,OF,Jonatan,Jonatan Clase,Clase,7.354545593261719,11,2300,ATH@TOR,TOR,ATH,,,,,,OF/UTIL
117461-165701,3B/2B/1B,Curtis,Curtis Mead,Mead,5.115624904632568,32,2300,TB@HOU,TB,HOU,,,,,,C/1B/2B/3B/UTIL
117461-68563,OF,Victor,Victor Robles,Robles,8.609999847412109,10,2300,WSH@SEA,SEA,WSH,IL,Shoulder,,,,OF/UTIL
117461-135190,SS,Taylor,Taylor Walls,Walls,5.549999872843425,48,2200,TB@HOU,TB,HOU,,,,,,SS/UTIL
117461-135216,OF,Chas,Chas McCormick,McCormick,2.548571341378348,35,2200,TB@HOU,HOU,TB,,,,,,OF/UTIL
117461-135308,OF,Robert,Robert Hassell III,Hassell III,8.883333206176758,6,2200,WSH@SEA,WSH,SEA,,,,,,OF/UTIL
117461-184480,C,Cesar,Cesar Salazar,Salazar,0,1,2200,TB@HOU,HOU,TB,,,,,,C/1B/UTIL
117461-102579,SS/2B,Leo,Leo Jimenez,Jimenez,6.251562595367432,64,2200,ATH@TOR,TOR,ATH,IL,Undisclosed,,,,2B/SS/UTIL
117461-79190,C,Ben,Ben Rortvedt,Rortvedt,2.6692308279184194,26,2200,TB@HOU,TB,HOU,,,,,,C/1B/UTIL
117461-119363,OF,JJ,JJ Bleday,Bleday,8.472340685255984,47,2200,ATH@TOR,ATH,TOR,,,,,,OF/UTIL
117461-222879,OF,Alan,Alan Roden,Roden,4.425000054495675,28,2200,ATH@TOR,TOR,ATH,,,,,,OF/UTIL
117461-116450,OF,Seth,Seth Brown,Brown,3.3545453620679453,33,2200,ATH@TOR,ATH,TOR,,,,,,OF/UTIL
117461-200498,SS/3B/2B/OF,Max,Max Schuemann,Schuemann,3.543243408203125,37,2200,ATH@TOR,ATH,TOR,,,,,,2B/3B/SS/OF/UTIL
117461-102295,OF,Stuart,Stuart Fairchild,Fairchild,3.5700000762939452,20,2200,ATL@PHI,ATL,PHI,,,,,,OF/UTIL
117461-102349,SS/2B,Leo,Leo Rivas,Rivas,5.837931139715787,29,2200,WSH@SEA,SEA,WSH,,,,,,2B/SS/UTIL
117461-97257,OF,Myles,Myles Straw,Straw,4.1636362942782315,44,2200,ATH@TOR,TOR,ATH,,,,,,OF/UTIL
117461-102380,SS,Nick,Nick Allen,Allen,5.92173899774966,46,2200,ATL@PHI,ATL,PHI,,,,,,SS/UTIL
117461-180208,2B/3B/SS/OF,Miles,Miles Mastrobuoni,Mastrobuoni,4.536585365853658,41,2200,WSH@SEA,SEA,WSH,,,,,,2B/3B/SS/OF/UTIL
117461-102454,C,Jhonny,Jhonny Pereda,Pereda,2.9111111958821616,18,2100,ATH@TOR,ATH,TOR,,,,,,C/1B/UTIL
117461-13412,3B/1B,Donovan,Donovan Solano,Solano,2.133333379572088,33,2100,WSH@SEA,SEA,WSH,,,,,,C/1B/3B/UTIL
117461-187594,2B/3B,Coco,Coco Montes,Montes,1.9,5,2100,TB@HOU,TB,HOU,,,,,,2B/3B/UTIL
117461-38223,OF,Travis,Travis Jankowski,Jankowski,4.2571429298037575,21,2100,TB@HOU,TB,HOU,IL,Groin,,,,OF/UTIL
117461-226686,OF,Rhylan,Rhylan Thomas,Thomas,7.466666539510091,3,2100,WSH@SEA,SEA,WSH,,,,,,OF/UTIL
117461-119401,C,Rafael,Rafael Marchan,Marchan,3.616666793823242,12,2100,ATL@PHI,PHI,ATL,,,,,,C/1B/UTIL
117461-164498,2B,Ryan,Ryan Bliss,Bliss,6.427272449840199,11,2100,WSH@SEA,SEA,WSH,IL,Biceps,,,,2B/UTIL
117461-165641,SS/2B,Max,Max Muncy,Muncy,4.419047764369419,21,2100,ATH@TOR,ATH,TOR,,,,,,2B/SS/UTIL
117461-165645,OF,Denzel,Denzel Clarke,Clarke,0.6,5,2100,ATH@TOR,ATH,TOR,,,,,,OF/UTIL
117461-203639,3B/1B,CJ,CJ Alexander,Alexander,1.5,4,2100,ATH@TOR,ATH,TOR,,,,,,C/1B/3B/UTIL
117461-192426,2B/OF,Davis,Davis Schneider,Schneider,3.089999961853027,10,2100,ATH@TOR,TOR,ATH,,,,,,2B/OF/UTIL
117461-102398,OF,Jarred,Jarred Kelenic,Kelenic,4.278260935907778,23,2100,ATL@PHI,ATL,PHI,,,,,,OF/UTIL
117461-102409,OF,Nick,Nick Schnell,Schnell,,0,2000,WSH@SEA,WSH,SEA,,,,,,OF/UTIL
117461-13326,C,Christian,Christian Bethancourt,Bethancourt,5.056250095367432,64,2000,ATH@TOR,TOR,ATH,,,,,,C/1B/UTIL
117461-102425,SS,Orelvis,Orelvis Martinez,Martinez,1.5,2,2000,ATH@TOR,TOR,ATH,,,,,,SS/UTIL
117461-171037,C,Jason,Jason Delay,Delay,6.400000095367432,8,2000,ATL@PHI,ATL,PHI,,,,,,C/1B/UTIL
117461-102453,SS/2B/3B,Zack,Zack Short,Short,3.388372022052144,43,2000,TB@HOU,HOU,TB,,,,,,2B/3B/SS/UTIL
117461-172093,2B,Michael,Michael Stefanic,Stefanic,2.2750000953674316,8,2000,ATH@TOR,TOR,ATH,,,,,,2B/UTIL
117461-135239,2B/SS/3B,Rodolfo,Rodolfo Castro,Castro,0,2,2000,ATL@PHI,PHI,ATL,,,,,,2B/3B/SS/UTIL
117461-135254,2B,Eddy,Eddy Alvarez,Alvarez,0.8857142584664481,14,2000,ATL@PHI,ATL,PHI,,,,,,2B/UTIL
117461-189530,OF,Dominic,Dominic Canzone,Canzone,0,2,2000,WSH@SEA,SEA,WSH,,,,,,OF/UTIL
117461-135267,2B,Kaden,Kaden Polcovich,Polcovich,,0,2000,WSH@SEA,SEA,WSH,,,,,,2B/UTIL
117461-135265,1B,Austin,Austin Shenton,Shenton,4.7549999237060545,20,2000,WSH@SEA,SEA,WSH,,,,,,C/1B/UTIL
117461-102512,OF,Carlos,Carlos Rodriguez,Rodriguez,,0,2000,ATL@PHI,ATL,PHI,,,,,,OF/UTIL
117461-102519,3B,Andrew,Andrew Bechtold,Bechtold,,0,2000,ATL@PHI,PHI,ATL,,,,,,3B/UTIL
117461-102521,C,Josh,Josh Breaux,Breaux,,0,2000,ATL@PHI,PHI,ATL,,,,,,C/1B/UTIL
117461-171128,3B/2B,Buddy,Buddy Kennedy,Kennedy,5.185714176722935,14,2000,ATL@PHI,PHI,ATL,,,,,,2B/3B/UTIL
117461-116869,SS,Erick,Erick Mejia,Mejia,,0,2000,WSH@SEA,WSH,SEA,,,,,,SS/UTIL
117461-135302,OF,Brayan,Brayan Buelvas,Buelvas,,0,2000,ATH@TOR,ATH,TOR,,,,,,OF/UTIL
117461-197764,C,Blake,Blake Hunt,Hunt,0,1,2000,WSH@SEA,SEA,WSH,,,,,,C/1B/UTIL
117461-198803,3B,Damiano,Damiano Palmegiani,Palmegiani,,0,2000,ATH@TOR,TOR,ATH,,,,,,3B/UTIL
117461-102563,3B/2B/SS,Jonathan,Jonathan Ornelas,Ornelas,0.75,4,2000,ATL@PHI,ATL,PHI,,,,,,2B/3B/SS/UTIL
117461-102584,C,Tres,Tres Barrera,Barrera,,0,2000,TB@HOU,TB,HOU,,,,,,C/1B/UTIL
117461-83143,OF,Oscar,Oscar Mercado,Mercado,0,1,2000,ATL@PHI,PHI,ATL,,,,,,OF/UTIL
117461-195795,C,Chandler,Chandler Seagle,Seagle,,0,2000,ATL@PHI,ATL,PHI,,,,,,C/1B/UTIL
117461-198888,OF,Jacob,Jacob Melton,Melton,,0,2000,TB@HOU,HOU,TB,,,,,,OF/UTIL
117461-60652,2B,Christian,Christian Arroyo,Arroyo,,0,2000,ATL@PHI,PHI,ATL,,,,,,2B/UTIL
117461-79093,OF,Eloy,Eloy Jimenez,Jimenez,5.833333333333333,99,2000,TB@HOU,TB,HOU,IL,Achilles,,,,OF/UTIL
117461-197883,OF,Kenedy,Kenedy Corona,Corona,0,1,2000,TB@HOU,HOU,TB,,,,,,OF/UTIL
117461-146686,OF,Colin,Colin Barber,Barber,,0,2000,TB@HOU,HOU,TB,,,,,,OF/UTIL
117461-146696,SS,Alex,Alex De Jesus,De Jesus,,0,2000,ATH@TOR,TOR,ATH,,,,,,SS/UTIL
117461-198931,SS,Felnin,Felnin Celesten,Celesten,,0,2000,WSH@SEA,SEA,WSH,,,,,,SS/UTIL
117461-197904,SS/3B,Darell,Darell Hernaiz,Hernaiz,4.012245022520727,49,2000,ATH@TOR,ATH,TOR,,,,,,3B/SS/UTIL
117461-198932,1B,Xavier,Xavier Isaac,Isaac,,0,2000,TB@HOU,TB,HOU,,,,,,C/1B/UTIL
117461-79128,C,Garrett,Garrett Stubbs,Stubbs,5.580701861465187,57,2000,ATL@PHI,PHI,ATL,,,,,,C/1B/UTIL
117461-146719,OF,Junior,Junior Perez,Perez,,0,2000,ATH@TOR,ATH,TOR,,,,,,OF/UTIL
117461-146735,OF,Roismar,Roismar Quintana,Quintana,,0,2000,WSH@SEA,WSH,SEA,,,,,,OF/UTIL
117461-79156,SS/2B,David,David Fletcher,Fletcher,2.1666666666666665,6,2000,ATL@PHI,ATL,PHI,,,,,,2B/SS/UTIL
117461-79174,C,Jacob,Jacob Nottingham,Nottingham,,0,2000,WSH@SEA,SEA,WSH,,,,,,C/1B/UTIL
117461-211306,2B,Darren,Darren Baker,Baker,3.355555640326606,9,2000,WSH@SEA,WSH,SEA,,,,,,2B/UTIL
117461-211339,C,Logan,Logan Driscoll,Driscoll,3.593333435058594,15,2000,TB@HOU,TB,HOU,IL,Ankle,,,,C/1B/UTIL
117461-152972,2B/OF,Luke,Luke Williams,Williams,2.6285713740757535,7,2000,ATL@PHI,ATL,PHI,,,,,,2B/OF/UTIL
117461-118189,C,Ali,Ali Sanchez,Sanchez,1.5,2,2000,ATH@TOR,TOR,ATH,,,,,,C/1B/UTIL
117461-79279,OF,Andrew,Andrew Stevenson,Stevenson,,0,2000,TB@HOU,TB,HOU,,,,,,OF/UTIL
117461-180694,OF,Cade,Cade Marlowe,Marlowe,1.355555534362793,9,2000,WSH@SEA,SEA,WSH,IL,Undisclosed,,,,OF/UTIL
117461-135646,C,Carson,Carson Taylor,Taylor,,0,2000,ATL@PHI,PHI,ATL,IL,Undisclosed,,,,C/1B/UTIL
117461-155109,2B,Alejo,Alejo Lopez,Lopez,0,2,2000,ATH@TOR,ATH,TOR,,,,,,2B/UTIL
117461-96765,C,Joe,Joe Hudson,Hudson,0,1,2000,TB@HOU,HOU,TB,,,,,,C/1B/UTIL
117461-95772,C,Beau,Beau Taylor,Taylor,,0,2000,WSH@SEA,SEA,WSH,,,,,,C/1B/UTIL
117461-201253,OF,Joey,Joey Loperfido,Loperfido,6.10246898509838,81,2000,ATH@TOR,TOR,ATH,,,,,,OF/UTIL
117461-156226,OF,Pedro,Pedro Leon,Leon,3.4571429661342075,7,2000,TB@HOU,HOU,TB,IL,Knee,,,,OF/UTIL
117461-156224,C,Willie,Willie MacIver,MacIver,3.25,2,2000,ATH@TOR,ATH,TOR,,,,,,C/1B/UTIL
117461-80459,OF,Franchy,Franchy Cordero,Cordero,,0,2000,WSH@SEA,WSH,SEA,,,,,,OF/UTIL
117461-222813,SS,Arjun,Arjun Nimmala,Nimmala,,0,2000,ATH@TOR,TOR,ATH,,,,,,SS/UTIL
117461-119393,SS,Robert,Robert Puason,Puason,,0,2000,ATH@TOR,ATH,TOR,,,,,,SS/UTIL
117461-226915,OF,Drew,Drew Avans,Avans,3,1,2000,ATH@TOR,ATH,TOR,,,,,,OF/UTIL
117461-119394,SS,Logan,Logan Davidson,Davidson,7.400000254313151,3,2000,ATH@TOR,ATH,TOR,,,,,,SS/UTIL
117461-222831,SS,Jackson,Jackson Cluff,Cluff,,0,2000,WSH@SEA,WSH,SEA,,,,,,SS/UTIL
117461-222829,SS,Seaver,Seaver King,King,,0,2000,WSH@SEA,WSH,SEA,,,,,,SS/UTIL
117461-222839,SS,Colt,Colt Emerson,Emerson,,0,2000,WSH@SEA,SEA,WSH,,,,,,SS/UTIL
117461-222842,2B,Michael,Michael Arroyo,Arroyo,,0,2000,WSH@SEA,SEA,WSH,,,,,,2B/UTIL
117461-222841,OF,Lazaro,Lazaro Montes,Montes,,0,2000,WSH@SEA,SEA,WSH,,,,,,OF/UTIL
117461-222840,OF,Jonny,Jonny Farmelo,Farmelo,,0,2000,WSH@SEA,SEA,WSH,,,,,,OF/UTIL
117461-222847,OF,Justin,Justin Crawford,Crawford,,0,2000,ATL@PHI,PHI,ATL,,,,,,OF/UTIL
117461-82556,OF,Taylor,Taylor Trammell,Trammell,1.1272726925936611,11,2000,TB@HOU,HOU,TB,IL,Calf,,,,OF/UTIL
117461-222845,SS,Brice,Brice Matthews,Matthews,,0,2000,TB@HOU,HOU,TB,IL,Concussion,,,,SS/UTIL
117461-82558,OF,Conner,Conner Capel,Capel,2.171428544180734,7,2000,ATL@PHI,ATL,PHI,,,,,,OF/UTIL
117461-222844,SS,Cole,Cole Young,Young,,0,2000,WSH@SEA,SEA,WSH,,,,,,SS/UTIL
117461-222851,C,Dominic,Dominic Keegan,Keegan,,0,2000,TB@HOU,TB,HOU,,,,,,C/1B/UTIL
117461-119424,C,Julio E.,Julio E. Rodriguez,Rodriguez,,0,2000,WSH@SEA,SEA,WSH,,,,,,C/1B/UTIL
117461-222850,3B,Brayden,Brayden Taylor,Taylor,,0,2000,TB@HOU,TB,HOU,,,,,,3B/UTIL
117461-222849,C,Eduardo,Eduardo Tait,Tait,,0,2000,ATL@PHI,PHI,ATL,,,,,,C/1B/UTIL
117461-222848,SS,Aidan,Aidan Miller,Miller,,0,2000,ATL@PHI,PHI,ATL,,,,,,SS/UTIL
117461-222853,1B,Tre',Tre' Morgan,Morgan,,0,2000,TB@HOU,TB,HOU,,,,,,C/1B/UTIL
117461-222852,OF,Theo,Theo Gillen,Gillen,,0,2000,TB@HOU,TB,HOU,,,,,,OF/UTIL
117461-119432,SS,Greg,Greg Jones,Jones,2,3,2000,TB@HOU,HOU,TB,,,,,,SS/UTIL
117461-201354,3B,Brett,Brett Harris,Harris,6.333333333333333,36,2000,ATH@TOR,ATH,TOR,IL,Undisclosed,,,,3B/UTIL
117461-176777,OF,Cal,Cal Stevenson,Stevenson,1.9,5,2000,ATL@PHI,PHI,ATL,,,,,,OF/UTIL
117461-165516,C,Daniel,Daniel Vellojin,Vellojin,,0,2000,TB@HOU,TB,HOU,,,,,,C/1B/UTIL
117461-164501,SS,Cal,Cal Conley,Conley,,0,2000,ATL@PHI,ATL,PHI,,,,,,SS/UTIL
117461-203417,C,Nick,Nick Raposo,Raposo,,0,2000,WSH@SEA,SEA,WSH,,,,,,C/1B/UTIL
117461-119450,OF,Jeremy,Jeremy De La Rosa,De La Rosa,,0,2000,WSH@SEA,WSH,SEA,,,,,,OF/UTIL
117461-164508,OF,Jesse,Jesse Franklin,Franklin,,0,2000,ATL@PHI,ATL,PHI,,,,,,OF/UTIL
117461-165539,SS,Jose,Jose Rodriguez,Rodriguez,0,2,2000,ATL@PHI,PHI,ATL,NA,Suspension,,,,SS/UTIL
117461-220839,2B,Cooper,Cooper Bowman,Bowman,,0,2000,ATH@TOR,ATH,TOR,,,,,,2B/UTIL
117461-164519,3B,Alex,Alex Binelas,Binelas,,0,2000,ATL@PHI,PHI,ATL,,,,,,3B/UTIL
117461-164531,SS,Kevin,Kevin Made,Made,,0,2000,WSH@SEA,WSH,SEA,,,,,,SS/UTIL
117461-165558,OF,Tyler,Tyler Whitaker,Whitaker,,0,2000,TB@HOU,HOU,TB,,,,,,OF/UTIL
117461-164533,OF,Yohendrick,Yohendrick Pinango,Pinango,,0,2000,ATH@TOR,TOR,ATH,,,,,,OF/UTIL
117461-82616,2B/3B/SS,Luis,Luis Guillorme,Guillorme,3.858227693581883,79,2000,TB@HOU,HOU,TB,,,,,,2B/3B/SS/UTIL
117461-165563,SS,Cristian,Cristian Gonzalez,Gonzalez,,0,2000,TB@HOU,HOU,TB,,,,,,SS/UTIL
117461-165567,3B/2B,Shay,Shay Whitcomb,Whitcomb,3.584999847412109,20,2000,TB@HOU,HOU,TB,,,,,,2B/3B/UTIL
117461-202433,2B/OF,Jamie,Jamie Westbrook,Westbrook,4.490476335797991,21,2000,TB@HOU,TB,HOU,,,,,,2B/OF/UTIL
117461-162509,1B/OF,Juan,Juan Yepez,Yepez,8.784127371651786,63,2000,WSH@SEA,WSH,SEA,,,,,,C/1B/OF/UTIL
117461-17105,C,Sandy,Sandy Leon,Leon,0,2,2000,ATL@PHI,ATL,PHI,,,,,,C/1B/UTIL
117461-103125,2B/SS/OF,Jack,Jack Lopez,Lopez,3.8551725190261315,29,2000,WSH@SEA,SEA,WSH,,,,,,2B/SS/OF/UTIL
117461-165623,OF,Carlos,Carlos Cortes,Cortes,,0,2000,ATH@TOR,ATH,TOR,,,,,,OF/UTIL
117461-165646,C,Rickardo,Rickardo Perez,Perez,,0,2000,ATL@PHI,PHI,ATL,,,,,,C/1B/UTIL
117461-165647,OF,Ethan,Ethan Wilson,Wilson,,0,2000,ATL@PHI,PHI,ATL,,,,,,OF/UTIL
117461-165644,OF,Pedro,Pedro Pineda,Pineda,,0,2000,ATH@TOR,ATH,TOR,,,,,,OF/UTIL
117461-17171,C,James,James McCann,McCann,7.277941086713006,68,2000,ATL@PHI,ATL,PHI,,,,,,C/1B/UTIL
117461-206608,SS/2B,Nacho,Nacho Alvarez Jr.,Alvarez Jr.,2.2750000953674316,8,2000,ATL@PHI,ATL,PHI,IL,Wrist,,,,2B/SS/UTIL
117461-224021,3B,Otto,Otto Kemp,Kemp,,0,2000,ATL@PHI,PHI,ATL,,,,,,3B/UTIL
117461-165662,SS,Euribiel,Euribiel Angeles,Angeles,,0,2000,ATH@TOR,ATH,TOR,,,,,,SS/UTIL
117461-199466,3B/1B,Trey,Trey Lipscomb,Lipscomb,3.066666603088379,3,2000,WSH@SEA,WSH,SEA,,,,,,C/1B/3B/UTIL
117461-165672,C,Harry,Harry Ford,Ford,,0,2000,WSH@SEA,SEA,WSH,,,,,,C/1B/UTIL
117461-165679,3B,Milkar,Milkar Perez,Perez,,0,2000,WSH@SEA,SEA,WSH,,,,,,3B/UTIL
117461-165681,3B,Starlin,Starlin Aguilar,Aguilar,,0,2000,WSH@SEA,SEA,WSH,,,,,,3B/UTIL
117461-165688,C,Ricardo,Ricardo Genoves,Genoves,,0,2000,TB@HOU,TB,HOU,,,,,,C/1B/UTIL
117461-165702,SS,Carson,Carson Williams,Williams,,0,2000,TB@HOU,TB,HOU,,,,,,SS/UTIL
117461-165700,SS,Carlos,Carlos Colmenares,Colmenares,,0,2000,TB@HOU,TB,HOU,,,,,,SS/UTIL
117461-165704,2B,Cooper,Cooper Kinney,Kinney,,0,2000,TB@HOU,TB,HOU,,,,,,2B/UTIL
117461-165714,SS,Manuel,Manuel Beltre,Beltre,,0,2000,ATH@TOR,TOR,ATH,,,,,,SS/UTIL
117461-165718,2B/OF,Samad,Samad Taylor,Taylor,1.5499999523162842,4,2000,WSH@SEA,SEA,WSH,,,,,,2B/OF/UTIL
117461-163669,C,Bryan,Bryan Lavastida,Lavastida,,0,2000,TB@HOU,HOU,TB,,,,,,C/1B/UTIL
117461-165726,SS,Brady,Brady House,House,,0,2000,WSH@SEA,WSH,SEA,,,,,,SS/UTIL
117461-165724,OF,Dasan,Dasan Brown,Brown,,0,2000,ATH@TOR,TOR,ATH,,,,,,OF/UTIL
117461-165725,OF,Daylen,Daylen Lile,Lile,3.6400001525878904,5,2000,WSH@SEA,WSH,SEA,,,,,,OF/UTIL
117461-165730,C,Drew,Drew Millas,Millas,5.661904834565663,21,2000,WSH@SEA,WSH,SEA,,,,,,C/1B/UTIL
117461-165728,SS,Armando,Armando Cruz,Cruz,,0,2000,WSH@SEA,WSH,SEA,,,,,,SS/UTIL
117461-165732,1B,Branden,Branden Boissiere,Boissiere,,0,2000,WSH@SEA,WSH,SEA,,,,,,C/1B/UTIL
117461-163694,SS,Eddys,Eddys Leonard,Leonard,0,1,2000,ATL@PHI,ATL,PHI,,,,,,SS/UTIL
117461-174963,SS,Charles,Charles Leblanc,Leblanc,8.290908813476562,11,2000,ATL@PHI,ATL,PHI,IL,Undisclosed,,,,SS/UTIL
117461-202657,1B,Tyler,Tyler Locklear,Locklear,5.006249904632568,16,2000,WSH@SEA,SEA,WSH,,,,,,C/1B/UTIL
117461-102337,OF,Seth,Seth Beer,Beer,,0,2000,ATL@PHI,PHI,ATL,,,,,,OF/UTIL
117461-13262,OF,Jurickson,Jurickson Profar,Profar,4.599999904632568,4,2000,ATL@PHI,ATL,PHI,NA,Suspension,,,,OF/UTIL
117461-171986,3B,Matthew,Matthew Batten,Batten,4.5,2,2000,ATL@PHI,ATL,PHI,,,,,,3B/UTIL
117461-102352,C,Payton,Payton Henry,Henry,0,1,2000,ATL@PHI,PHI,ATL,,,,,,C/1B/UTIL
117461-102358,SS,Jose,Jose Devers,Devers,1.2399999618530273,5,2000,ATL@PHI,ATL,PHI,,,,,,SS/UTIL
117461-102384,SS,Jeremy,Jeremy Eierman,Eierman,,0,2000,ATH@TOR,ATH,TOR,,,,,,SS/UTIL