Id,Position,First Name,Nickname,Last Name,FPPG,Played,Salary,Game,Team,Opponent,Injury Indicator,Injury Details,Tier,Probable Pitcher,Batting Order,Roster Position
118041-12477,P,Chris,Chris Sale,Sale,39.8,15,10800,NYM@ATL,ATL,NYM,,,,,,P
118041-146687,P,Hunter,Hunter Brown,Brown,43.642857142857146,14,10800,HOU@ATH,HOU,ATH,,,,,,P
118041-16960,P,Zack,Zack Wheeler,Wheeler,42.785714285714285,14,10800,PHI@MIA,PHI,MIA,,,,,,P
118041-182153,P,Kodai,Kodai Senga,Senga,35.46153846153846,13,10400,NYM@ATL,NYM,ATL,IL,Hamstring,,,,P
118041-85599,P,Framber,Framber Valdez,Valdez,38.53333333333333,15,10300,HOU@ATH,HOU,ATH,,,,,,P
118041-52183,P,Tyler,Tyler Glasnow,Glasnow,21.2,5,10200,SD@LAD,LAD,SD,IL,Shoulder,,,,P
118041-79280,P,Jesus,Jesus Luzardo,Luzardo,32.46666666666667,15,10100,PHI@MIA,PHI,MIA,,,,,,P
118041-198625,P,Yoshinobu,Yoshinobu Yamamoto,Yamamoto,36,14,10100,SD@LAD,LAD,SD,,,,Yes,,P
118041-117232,P,Michael,Michael King,King,34.3,10,10000,SD@LAD,SD,LAD,IL,Shoulder,,,,P
118041-164503,P,Spencer,Spencer Schwellenbach,Schwellenbach,35.666666666666664,15,10000,NYM@ATL,ATL,NYM,,,,,,P
118041-68488,P,Blake,Blake Snell,Snell,19.5,2,10000,SD@LAD,LAD,SD,IL,Shoulder,,,,P
118041-60647,P,Aaron,Aaron Nola,Nola,24.555555555555557,9,9900,PHI@MIA,PHI,MIA,IL,Ribs,,,,P
118041-185606,P,Gavin,Gavin Stone,Stone,28.4,25,9900,SD@LAD,LAD,SD,IL,Shoulder,,,,P
118041-83157,P,Ranger,Ranger Suarez,Suarez,39.333333333333336,9,9800,PHI@MIA,PHI,MIA,,,,,,P
118041-79951,P,Nick,Nick Pivetta,Pivetta,34.714285714285715,14,9700,SD@LAD,SD,LAD,,,,,,P
118041-118225,P,Cristopher,Cristopher Sanchez,Sanchez,34.785714285714285,14,9700,PHI@MIA,PHI,MIA,,,,Yes,,P
118041-82618,P,David,David Peterson,Peterson,33.785714285714285,14,9700,NYM@ATL,NYM,ATL,,,,,,P
118041-79091,P,Dylan,Dylan Cease,Cease,30.866666666666667,15,9500,SD@LAD,SD,LAD,,,,,,P
118041-102294,P,Grayson,Grayson Rodriguez,Rodriguez,35.6,20,9500,BAL@TB,BAL,TB,IL,Lat,,,,P
118041-198885,P,Spencer,Spencer Arrighetti,Arrighetti,22.5,2,9300,HOU@ATH,HOU,ATH,IL,Thumb,,,,P
118041-102407,P,Shane,Shane McClanahan,McClanahan,0,1,9200,BAL@TB,TB,BAL,IL,Triceps,,,,P
118041-135343,P,Max,Max Meyer,Meyer,27.833333333333332,12,9200,PHI@MIA,MIA,PHI,IL,Hip,,,,P
118041-135647,P,Ryan,Ryan Pepiot,Pepiot,32.8,15,9200,BAL@TB,TB,BAL,,,,,,P
118041-68491,P,Reynaldo,Reynaldo Lopez,Lopez,9,1,9200,NYM@ATL,ATL,NYM,IL,Shoulder,,,,P
118041-52159,P,Lance,Lance McCullers Jr.,McCullers Jr.,24.428571428571427,7,9000,HOU@ATH,HOU,ATH,IL,Foot,,,,P
118041-79232,P,Clay,Clay Holmes,Holmes,30.714285714285715,14,8900,NYM@ATL,NYM,ATL,,,,Yes,,P
118041-154714,P,Tylor,Tylor Megill,Megill,29.714285714285715,14,8800,NYM@ATL,NYM,ATL,IL,Elbow,,,,P
118041-83166,P,Zack,Zack Littell,Littell,27.8,15,8800,BAL@TB,TB,BAL,,,,,,P
118041-68482,P,Zach,Zach Eflin,Eflin,25.5,10,8800,BAL@TB,BAL,TB,,,,,,P
118041-52165,P,Sean,Sean Manaea,Manaea,31.083333333333332,36,8800,NYM@ATL,NYM,ATL,IL,Oblique,,,,P
118041-82594,P,Dustin,Dustin May,May,27.615384615384617,13,8700,SD@LAD,LAD,SD,,,,,,P
118041-102395,P,Ryan,Ryan Weathers,Weathers,24.4,5,8700,PHI@MIA,MIA,PHI,IL,Lat,,,,P
118041-16931,P,Yu,Yu Darvish,Darvish,28.77777777777778,18,8600,SD@LAD,SD,LAD,IL,Elbow,,,,P
118041-162445,P,Spencer,Spencer Strider,Strider,28.833333333333332,6,8600,NYM@ATL,ATL,NYM,,,,Yes,,P
118041-82582,P,Griffin,Griffin Canning,Canning,25.428571428571427,14,8600,NYM@ATL,NYM,ATL,,,,,,P
118041-164509,P,AJ,AJ Smith-Shawver,Smith-Shawver,25.333333333333332,9,8600,NYM@ATL,ATL,NYM,IL,Elbow,,,,P
118041-146664,P,Bryce,Bryce Elder,Elder,25.181818181818183,11,8500,NYM@ATL,ATL,NYM,,,,,,P
118041-146717,P,Mick,Mick Abel,Abel,28.25,4,8500,PHI@MIA,PHI,MIA,,,,,,P
118041-168872,P,Ronel,Ronel Blanco,Blanco,28.555555555555557,9,8500,HOU@ATH,HOU,ATH,IL,Elbow,,,,P
118041-222787,P,Roki,Roki Sasaki,Sasaki,16.375,8,8400,SD@LAD,LAD,SD,IL,Shoulder,,,,P
118041-165698,P,Taj,Taj Bradley,Bradley,25.533333333333335,15,8400,BAL@TB,TB,BAL,,,,,,P
118041-119361,P,Drew,Drew Rasmussen,Rasmussen,28.357142857142858,14,8300,BAL@TB,TB,BAL,,,,Yes,,P
118041-165636,P,Hayden,Hayden Wesneski,Wesneski,24.833333333333332,6,8300,HOU@ATH,HOU,ATH,IL,Elbow,,,,P
118041-79207,P,Grant,Grant Holmes,Holmes,30.066666666666666,15,8200,NYM@ATL,ATL,NYM,,,,,,P
118041-102343,P,Tony,Tony Gonsolin,Gonsolin,26.285714285714285,7,8100,SD@LAD,LAD,SD,IL,Elbow,,,,P
118041-146705,P,J.T.,J.T. Ginn,Ginn,23.2,5,8000,HOU@ATH,ATH,HOU,,,,,,P
118041-219662,P,Colton,Colton Gordon,Gordon,25,6,8000,HOU@ATH,HOU,ATH,,,,Yes,,P
118041-163700,P,Kyle,Kyle Bradish,Bradish,32.625,8,8000,BAL@TB,BAL,TB,IL,Elbow,,,,P
118041-68523,P,Joe,Joe Musgrove,Musgrove,28.45,20,8000,SD@LAD,SD,LAD,IL,Elbow,,,,P
118041-164521,P,Brandon,Brandon Walter,Walter,36.333333333333336,3,7900,HOU@ATH,HOU,ATH,,,,,,P
118041-204505,P,Justin,Justin Wrobleski,Wrobleski,21.2,5,7900,SD@LAD,LAD,SD,,,,,,P
118041-102447,P,Dean,Dean Kremer,Kremer,24.066666666666666,15,7800,BAL@TB,BAL,TB,,,,,,P
118041-85476,P,Jeffrey,Jeffrey Springs,Springs,25,15,7800,HOU@ATH,ATH,HOU,,,,,,P
118041-82599,P,Edward,Edward Cabrera,Cabrera,24.727272727272727,11,7800,PHI@MIA,MIA,PHI,,,,Yes,,P
118041-198362,P,Stephen,Stephen Kolek,Kolek,26.22222222222222,9,7800,SD@LAD,SD,LAD,,,,,,P
118041-213198,P,Ryan,Ryan Gusto,Gusto,18.3125,16,7700,HOU@ATH,HOU,ATH,,,,,,P
118041-82630,P,Shane,Shane Baz,Baz,27.428571428571427,14,7700,BAL@TB,TB,BAL,,,,,,P
118041-220895,P,Tomoyuki,Tomoyuki Sugano,Sugano,24.428571428571427,14,7700,BAL@TB,BAL,TB,,,,,,P
118041-5427,P,Clayton,Clayton Kershaw,Kershaw,21.5,6,7600,SD@LAD,LAD,SD,,,,,,P
118041-135650,P,Landon,Landon Knack,Knack,20.11111111111111,9,7600,SD@LAD,LAD,SD,,,,,,P
118041-226810,P,Blade,Blade Tidwell,Tidwell,-1,1,7600,NYM@ATL,NYM,ATL,,,,,,P
118041-21097,P,Taijuan,Taijuan Walker,Walker,15.533333333333333,15,7600,PHI@MIA,PHI,MIA,,,,,,P
118041-165599,P,Eury,Eury Perez,Perez,10.5,2,7600,PHI@MIA,MIA,PHI,,,,,,P
118041-165715,P,Gunnar,Gunnar Hoglund,Hoglund,17.833333333333332,6,7600,HOU@ATH,ATH,HOU,IL,Hip,,,,P
118041-163685,P,JP,JP Sears,Sears,20.666666666666668,15,7600,HOU@ATH,ATH,HOU,,,,,,P
118041-60644,P,Luis,Luis Severino,Severino,24,16,7500,HOU@ATH,ATH,HOU,,,,,,P
118041-63781,P,Frankie,Frankie Montas,Montas,24.129032258064516,31,7500,NYM@ATL,NYM,ATL,IL,Lat,,,,P
118041-193326,P,Jacob,Jacob Lopez,Lopez,19.555555555555557,9,7500,HOU@ATH,ATH,HOU,,,,Yes,,P
118041-187769,P,Osvaldo,Osvaldo Bido,Bido,13.333333333333334,12,7400,HOU@ATH,ATH,HOU,,,,,,P
118041-82607,P,Trevor,Trevor Rogers,Rogers,24,2,7400,BAL@TB,BAL,TB,,,,,,P
118041-165561,P,Chayce,Chayce McDermott,McDermott,11.5,2,7400,BAL@TB,BAL,TB,,,,,,P
118041-202541,P,Cade,Cade Povich,Povich,23.615384615384617,13,7400,BAL@TB,BAL,TB,IL,Hip,,,,P
118041-203679,P,Valente,Valente Bellozo,Bellozo,14.363636363636363,11,7400,PHI@MIA,MIA,PHI,,,,,,P
118041-70470,P,Albert,Albert Suarez,Suarez,11,1,7200,BAL@TB,BAL,TB,IL,Shoulder,,,,P
118041-197914,P,Nick,Nick Frasso,Frasso,0,2,7100,SD@LAD,LAD,SD,,,,,,P
118041-5466,P,Charlie,Charlie Morton,Morton,17.9375,16,7100,BAL@TB,BAL,TB,,,,Yes,,P
118041-79245,P,Sandy,Sandy Alcantara,Alcantara,17.357142857142858,14,7100,PHI@MIA,MIA,PHI,,,,,,P
118041-118202,P,Kyle,Kyle Hart,Hart,14.5,6,7100,SD@LAD,SD,LAD,,,,,,P
118041-135212,P,Luis,Luis Garcia,Garcia,0,1,7000,HOU@ATH,HOU,ATH,IL,Elbow,,,,P
118041-102335,P,Cristian,Cristian Javier,Javier,24.285714285714285,8,7000,HOU@ATH,HOU,ATH,IL,Elbow,,,,P
118041-80859,P,Paul,Paul Blackburn,Blackburn,8.25,4,6900,NYM@ATL,NYM,ATL,,,,,,P
118041-176240,P,Luis F.,Luis F. Castillo,Castillo,9,2,6800,BAL@TB,BAL,TB,IL,Undisclosed,,,,P
118041-102569,P,Michael,Michael Mercado,Mercado,3,2,6800,PHI@MIA,PHI,MIA,,,,,,P
118041-60637,P,Sean,Sean Newcomb,Newcomb,13.722222222222221,18,6800,HOU@ATH,ATH,HOU,,,,,,P
118041-79078,P,Ian,Ian Anderson,Anderson,2.2857142857142856,7,6800,NYM@ATL,ATL,NYM,,,,,,P
118041-149886,P,Cody,Cody Poteet,Poteet,-4,1,6800,BAL@TB,BAL,TB,IL,Shoulder,,,,P
118041-79228,P,Cal,Cal Quantrill,Quantrill,16.571428571428573,14,6800,PHI@MIA,MIA,PHI,DTD,Hamstring,,,,P
118041-219659,P,Brandon,Brandon Young,Young,17.5,2,6800,BAL@TB,BAL,TB,IL,Shoulder,,,,P
118041-219724,P,Ryan,Ryan Bergert,Bergert,13.857142857142858,7,6600,SD@LAD,SD,LAD,,,,Yes,,P
118041-198353,P,Mitch,Mitch Spence,Spence,10.08,25,6600,HOU@ATH,ATH,HOU,,,,,,P
118041-165638,P,Randy,Randy Vasquez,Vasquez,19.466666666666665,15,6600,SD@LAD,SD,LAD,,,,,,P
118041-138016,P,Brandon,Brandon Waddell,Waddell,10.25,4,6600,NYM@ATL,NYM,ATL,,,,,,P
118041-188485,P,Matt,Matt Waldron,Waldron,25.22222222222222,27,6500,SD@LAD,SD,LAD,,,,,,P
118041-135648,P,Bobby,Bobby Miller,Miller,7.5,2,6500,SD@LAD,LAD,SD,,,,,,P
118041-181805,P,J.P.,J.P. France,France,15.8,6,6500,HOU@ATH,HOU,ATH,IL,Shoulder,,,,P
118041-12936,P,Kyle,Kyle Gibson,Gibson,-0.5,4,6500,BAL@TB,TB,BAL,,,,,,P
118041-165634,P,Ken,Ken Waldichuk,Waldichuk,0,1,6500,HOU@ATH,ATH,HOU,IL,Elbow,,,,P
118041-190370,P,Jackson,Jackson Wolf,Wolf,0,1,6500,SD@LAD,SD,LAD,,,,,,P
118041-209846,P,Ben,Ben Casparius,Casparius,11.695652173913043,23,6500,SD@LAD,LAD,SD,,,,,,P
118041-102378,P,Matt,Matt Sauer,Sauer,11.555555555555555,9,6500,SD@LAD,LAD,SD,,,,,,P
118041-194939,P,Joe,Joe Boyle,Boyle,42,1,6400,BAL@TB,TB,BAL,,,,,,P
118041-181794,P,Hogan,Hogan Harris,Harris,6.863636363636363,22,6400,HOU@ATH,ATH,HOU,,,,,,P
118041-187967,P,Emmet,Emmet Sheehan,Sheehan,27,1,6400,SD@LAD,LAD,SD,,,,,,P
118041-164504,P,Joey,Joey Estes,Estes,0,2,6400,HOU@ATH,ATH,HOU,IL,Undisclosed,,,,P
118041-52998,P,Aaron,Aaron Brooks,Brooks,15.8,5,6400,HOU@ATH,ATH,HOU,,,,,,P
118041-170891,P,Davis,Davis Daniel,Daniel,6,1,6400,NYM@ATL,ATL,NYM,,,,,,P
118041-102416,P,Tyler,Tyler Phillips,Phillips,5.115384615384615,26,6300,PHI@MIA,MIA,PHI,,,,,,P
118041-208114,P,Connor,Connor Gillispie,Gillispie,12,6,6300,PHI@MIA,MIA,PHI,,,,,,P
118041-181660,P,Jhony,Jhony Brito,Brito,6.3076923076923075,26,6200,SD@LAD,SD,LAD,IL,Forearm,,,,P
118041-181833,P,Darius,Darius Vines,Vines,7.25,4,6200,NYM@ATL,ATL,NYM,IL,Undisclosed,,,,P
118041-202480,P,Adam,Adam Mazur,Mazur,20,1,6200,PHI@MIA,MIA,PHI,,,,,,P
118041-102394,P,Luis,Luis Patino,Patino,0,1,6200,SD@LAD,SD,LAD,,,,,,P
118041-198872,P,Hurston,Hurston Waldrep,Waldrep,-4.5,2,6100,NYM@ATL,ATL,NYM,,,,,,P
118041-163692,P,Jose,Jose Butto,Butto,6.814814814814815,27,6100,NYM@ATL,NYM,ATL,,,,,,P
118041-198904,P,Christian,Christian Scott,Scott,22.11111111111111,9,6000,NYM@ATL,NYM,ATL,IL,Elbow,,,,P
118041-145922,P,Tyler,Tyler Wells,Wells,19.666666666666668,4,6000,BAL@TB,BAL,TB,IL,Elbow,,,,P
118041-102342,P,Michael,Michael Grove,Grove,6.325,40,6000,SD@LAD,LAD,SD,IL,Shoulder,,,,P
118041-178306,P,Bryan,Bryan Hoeing,Hoeing,7.405405405405405,37,5900,SD@LAD,SD,LAD,IL,Shoulder,,,,P
118041-197907,P,Brady,Brady Basso,Basso,14.857142857142858,7,5900,HOU@ATH,ATH,HOU,IL,Shoulder,,,,P
118041-161167,P,Glenn,Glenn Otto,Otto,0,1,5900,HOU@ATH,HOU,ATH,IL,Shoulder,,,,P
118041-177584,P,Xzavion,Xzavion Curry,Curry,2,3,5900,PHI@MIA,MIA,PHI,,,,,,P
118041-119391,P,Roansy,Roansy Contreras,Contreras,6.085106382978723,49,5900,BAL@TB,BAL,TB,,,,,,P
118041-52873,P,Joe,Joe Ross,Ross,5.666666666666667,25,5900,PHI@MIA,PHI,MIA,,,,,,P
118041-163675,P,Noah,Noah Davis,Davis,6.666666666666667,4,5900,SD@LAD,LAD,SD,,,,,,P
118041-135208,P,Shawn,Shawn Dubin,Dubin,6.705882352941177,17,5700,HOU@ATH,HOU,ATH,,,,,,P
118041-102487,P,Austin,Austin Cox,Cox,,0,5700,NYM@ATL,ATL,NYM,,,,,,P
118041-79126,P,Forrest,Forrest Whitley,Whitley,3.142857142857143,7,5700,BAL@TB,TB,BAL,,,,,,P
118041-161275,P,Kyle,Kyle Tyler,Tyler,14.125,8,5700,BAL@TB,BAL,TB,,,,,,P
118041-119431,P,Seth,Seth Johnson,Johnson,3,1,5700,PHI@MIA,PHI,MIA,,,,,,P
118041-82573,P,Alex,Alex Faedo,Faedo,8.054054054054054,37,5700,BAL@TB,TB,BAL,IL,Shoulder,,,,P
118041-164511,P,Dylan,Dylan Dodd,Dodd,4,5,5700,NYM@ATL,ATL,NYM,,,,,,P
118041-195151,P,Anthony,Anthony Veneziano,Veneziano,3.75,24,5600,PHI@MIA,MIA,PHI,,,,,,P
118041-79873,P,Dylan,Dylan Covey,Covey,0,2,5500,NYM@ATL,ATL,NYM,,,,,,P
118041-168965,P,Tanner,Tanner Banks,Banks,5.032258064516129,31,5500,PHI@MIA,PHI,MIA,,,,,,P
118041-68619,P,Matt,Matt Bowman,Bowman,4.705882352941177,18,5500,BAL@TB,BAL,TB,,,,,,P
118041-178184,P,Kevin,Kevin Herget,Herget,6,1,5500,NYM@ATL,ATL,NYM,,,,,,P
118041-171020,P,Michael,Michael Kelly,Kelly,7.25,4,5500,HOU@ATH,ATH,HOU,,,,,,P
118041-135196,P,Tyler,Tyler Zuber,Zuber,9.5,2,5500,NYM@ATL,NYM,ATL,,,,,,P
118041-161827,P,Seth,Seth Martinez,Martinez,5.0227272727272725,44,5500,PHI@MIA,MIA,PHI,,,,,,P
118041-155687,P,Andrew,Andrew Wantz,Wantz,10,1,5500,BAL@TB,TB,BAL,IL,Elbow,,,,P
118041-102442,P,Freddy,Freddy Tarnok,Tarnok,7.5,2,5500,PHI@MIA,MIA,PHI,,,,,,P
118041-190516,P,Daysbel,Daysbel Hernandez,Hernandez,5.44,25,5500,NYM@ATL,ATL,NYM,IL,Forearm,,,,P
118041-82998,P,Lou,Lou Trivino,Trivino,5.434782608695652,23,5500,SD@LAD,LAD,SD,,,,,,P
118041-135226,P,Wes,Wes Benjamin,Benjamin,,0,5500,SD@LAD,SD,LAD,,,,,,P
118041-192574,P,Lane,Lane Ramsey,Ramsey,,0,5500,PHI@MIA,MIA,PHI,,,,,,P
118041-102469,P,Ben,Ben Bowden,Bowden,,0,5500,HOU@ATH,ATH,HOU,,,,,,P
118041-169030,P,Zach,Zach Jackson,Jackson,,0,5500,HOU@ATH,ATH,HOU,,,,,,P
118041-135236,P,Max,Max Kranick,Kranick,6.625,24,5500,NYM@ATL,NYM,ATL,,,,,,P
118041-102470,P,Rico,Rico Garcia,Garcia,,0,5500,NYM@ATL,NYM,ATL,,,,,,P
118041-102479,P,Lincoln,Lincoln Henzman,Henzman,,0,5500,HOU@ATH,ATH,HOU,,,,,,P
118041-149587,P,Jay,Jay Flaa,Flaa,,0,5500,NYM@ATL,ATL,NYM,,,,,,P
118041-135253,P,Alex,Alex Vesia,Vesia,5.885714285714286,35,5500,SD@LAD,LAD,SD,,,,,,P
118041-189529,P,Alek,Alek Jacob,Jacob,3.4545454545454546,22,5500,SD@LAD,SD,LAD,,,,,,P
118041-195682,P,Orion,Orion Kerkering,Kerkering,5.393939393939394,33,5500,PHI@MIA,PHI,MIA,,,,,,P
118041-195681,P,Jose,Jose Espada,Espada,,0,5500,SD@LAD,SD,LAD,,,,,,P
118041-102503,P,John,John Rooney,Rooney,,0,5500,PHI@MIA,MIA,PHI,,,,,,P
118041-102505,P,Edwin,Edwin Uceta,Uceta,5.28125,32,5500,BAL@TB,TB,BAL,,,,,,P
118041-226411,P,David,David Morgan,Morgan,7.888888888888889,10,5500,SD@LAD,SD,LAD,,,,,,P
118041-116847,P,Cole,Cole Sulser,Sulser,6,13,5500,BAL@TB,TB,BAL,,,,,,P
118041-161907,P,Dylan,Dylan Lee,Lee,5.454545454545454,33,5500,NYM@ATL,ATL,NYM,,,,,,P
118041-135281,P,Bryan,Bryan Baker,Baker,6.2,35,5500,BAL@TB,BAL,TB,,,,,,P
118041-159857,P,Jose,Jose Marte,Marte,6.071428571428571,14,5500,NYM@ATL,NYM,ATL,IL,Shoulder,,,,P
118041-85108,P,Enyel,Enyel De Los Santos,De Los Santos,5.178571428571429,29,5500,NYM@ATL,ATL,NYM,,,,,,P
118041-135289,P,Kodi,Kodi Whitley,Whitley,,0,5500,BAL@TB,TB,BAL,IL,Undisclosed,,,,P
118041-135303,P,Jordan,Jordan Weems,Weems,3.575,41,5500,HOU@ATH,HOU,ATH,,,,,,P
118041-135306,P,Cole,Cole Wilcox,Wilcox,,0,5500,BAL@TB,TB,BAL,,,,,,P
118041-179339,P,Bryce,Bryce Montes de Oca,Montes de Oca,,0,5500,NYM@ATL,NYM,ATL,IL,Elbow,,,,P
118041-135304,P,Tyler,Tyler Baum,Baum,,0,5500,HOU@ATH,ATH,HOU,,,,,,P
118041-73866,P,Wandy,Wandy Peralta,Peralta,4.606060606060606,33,5500,SD@LAD,SD,LAD,,,,,,P
118041-102543,P,Connor,Connor Seabold,Seabold,7,2,5500,BAL@TB,TB,BAL,,,,,,P
118041-38036,P,T.J.,T.J. McFarland,McFarland,1.375,24,5500,HOU@ATH,ATH,HOU,,,,,,P
118041-170135,P,Yennier,Yennier Cano,Cano,3.966666666666667,30,5500,BAL@TB,BAL,TB,,,,,,P
118041-152734,P,Zach,Zach Thompson,Thompson,10,2,5500,NYM@ATL,ATL,NYM,,,,,,P
118041-81052,P,Andrew,Andrew Kittredge,Kittredge,5,11,5500,BAL@TB,BAL,TB,,,,,,P
118041-80034,P,Jose,Jose Alvarado,Alvarado,7.05,20,5500,PHI@MIA,PHI,MIA,NA,Suspension,,,,P
118041-102565,P,Mason,Mason Englert,Englert,8.083333333333334,13,5500,BAL@TB,TB,BAL,,,,,,P
118041-102568,P,Colin,Colin Poche,Poche,2.230769230769231,13,5500,NYM@ATL,NYM,ATL,,,,,,P
118041-83116,P,Wander,Wander Suero,Suero,0,1,5500,NYM@ATL,ATL,NYM,,,,,,P
118041-209078,P,Max,Max Lazar,Lazar,6,7,5500,PHI@MIA,PHI,MIA,,,,,,P
118041-102590,P,Joey,Joey Gerber,Gerber,,0,5500,BAL@TB,TB,BAL,,,,,,P
118041-135361,P,Nabil,Nabil Crismatt,Crismatt,7.8,5,5500,PHI@MIA,PHI,MIA,,,,,,P
118041-83145,P,Jose,Jose Castillo,Castillo,4.75,16,5500,NYM@ATL,NYM,ATL,,,,,,P
118041-206028,P,River,River Ryan,Ryan,28,4,5500,SD@LAD,LAD,SD,IL,Elbow,,,,P
118041-194770,P,Nick,Nick Hernandez,Hernandez,0,1,5500,HOU@ATH,HOU,ATH,,,,,,P
118041-83158,P,Seranthony,Seranthony Dominguez,Dominguez,5.666666666666667,30,5500,BAL@TB,BAL,TB,,,,,,P
118041-38106,P,Kirby,Kirby Yates,Yates,6.269230769230769,27,5500,SD@LAD,LAD,SD,,,,,,P
118041-79066,P,Anthony,Anthony Banda,Banda,4.794117647058823,34,5500,SD@LAD,LAD,SD,,,,,,P
118041-149731,P,Anthony,Anthony Bender,Bender,4.533333333333333,30,5500,PHI@MIA,MIA,PHI,,,,,,P
118041-83172,P,Jonathan,Jonathan Hernandez,Hernandez,6.448275862068965,29,5500,BAL@TB,TB,BAL,IL,Undisclosed,,,,P
118041-198890,P,Walter,Walter Pennington,Pennington,5.8125,16,5500,BAL@TB,BAL,TB,,,,,,P
118041-205032,P,Daniel,Daniel Robert,Robert,2.5,2,5500,PHI@MIA,PHI,MIA,,,,,,P
118041-79085,P,Keegan,Keegan Akin,Akin,5.636363636363637,33,5500,BAL@TB,BAL,TB,,,,,,P
118041-146670,P,Christian,Christian Roa,Roa,0,2,5500,PHI@MIA,MIA,PHI,,,,,,P
118041-79084,P,Tanner,Tanner Scott,Scott,5.222222222222222,36,5500,SD@LAD,LAD,SD,,,,,,P
118041-83184,P,Julian,Julian Merryweather,Merryweather,3.0952380952380953,21,5500,NYM@ATL,NYM,ATL,,,,,,P
118041-198896,P,Noble,Noble Meyer,Meyer,,0,5500,PHI@MIA,MIA,PHI,,,,,,P
118041-83193,P,Jesus,Jesus Tinoco,Tinoco,3.35,20,5500,PHI@MIA,MIA,PHI,IL,Forearm,,,,P
118041-197884,P,Yoniel,Yoniel Curet,Curet,0,1,5500,BAL@TB,TB,BAL,IL,Shoulder,,,,P
118041-198915,P,Luis,Luis Morales,Morales,,0,5500,HOU@ATH,ATH,HOU,,,,,,P
118041-146688,P,Alex,Alex Santos II,Santos II,,0,5500,HOU@ATH,HOU,ATH,,,,,,P
118041-194816,P,Kyle,Kyle Hurt,Hurt,8.666666666666666,5,5500,SD@LAD,LAD,SD,IL,Elbow,,,,P
118041-198919,P,Robby,Robby Snelling,Snelling,,0,5500,PHI@MIA,MIA,PHI,,,,,,P
118041-146699,P,Dax,Dax Fulton,Fulton,,0,5500,PHI@MIA,MIA,PHI,,,,,,P
118041-197896,P,Will,Will Klein,Klein,2.75,8,5500,SD@LAD,LAD,SD,,,,,,P
118041-198920,P,Dylan,Dylan Lesko,Lesko,,0,5500,BAL@TB,TB,BAL,,,,,,P
118041-85263,P,CD,CD Pelham,Pelham,,0,5500,HOU@ATH,ATH,HOU,,,,,,P
118041-225549,P,Patrick,Patrick Monteverde,Monteverde,11,1,5500,PHI@MIA,MIA,PHI,,,,,,P
118041-146706,P,Robert,Robert Dominguez,Dominguez,,0,5500,NYM@ATL,NYM,ATL,,,,,,P
118041-197906,P,Royber,Royber Salinas,Salinas,0,1,5500,NYM@ATL,ATL,NYM,IL,Shoulder,,,,P
118041-79124,P,Joe,Joe Jimenez,Jimenez,5.855072463768116,70,5500,NYM@ATL,ATL,NYM,IL,Knee,,,,P
118041-187669,P,Ty,Ty Adcock,Adcock,7,3,5500,NYM@ATL,NYM,ATL,,,,,,P
118041-65817,P,Scott,Scott McGough,McGough,3.5,7,5500,HOU@ATH,ATH,HOU,,,,,,P
118041-79129,P,Kyle,Kyle Funkhouser,Funkhouser,,0,5500,SD@LAD,LAD,SD,,,,,,P
118041-197916,P,Anthony,Anthony Maldonado,Maldonado,2.5,6,5500,HOU@ATH,ATH,HOU,,,,,,P
118041-83232,P,Jason,Jason Adam,Adam,6.583333333333333,36,5500,SD@LAD,SD,LAD,,,,,,P
118041-116002,P,Joel,Joel Kuhnel,Kuhnel,5,6,5500,PHI@MIA,PHI,MIA,,,,,,P
118041-146730,P,Nick,Nick Bitsko,Bitsko,,0,5500,BAL@TB,TB,BAL,IL,Undisclosed,,,,P
118041-79144,P,Scott,Scott Blewett,Blewett,7.947368421052632,19,5500,BAL@TB,BAL,TB,,,,,,P
118041-85288,P,Brusdar,Brusdar Graterol,Graterol,4.4,10,5500,SD@LAD,LAD,SD,IL,Shoulder,,,,P
118041-146732,P,Nick,Nick Swiney,Swiney,,0,5500,HOU@ATH,HOU,ATH,,,,,,P
118041-79161,P,Braxton,Braxton Garrett,Garrett,23.857142857142858,7,5500,PHI@MIA,MIA,PHI,IL,Elbow,,,,P
118041-203075,P,Michael,Michael Petersen,Petersen,4.5,2,5500,NYM@ATL,ATL,NYM,,,,,,P
118041-154947,P,Justin,Justin Garza,Garza,5,4,5500,NYM@ATL,NYM,ATL,,,,,,P
118041-174406,P,Huascar,Huascar Brazoban,Brazoban,7.5,30,5500,NYM@ATL,NYM,ATL,,,,,,P
118041-79172,P,Luis,Luis Ortiz,Ortiz,-4,3,5500,NYM@ATL,NYM,ATL,IL,Elbow,,,,P
118041-226643,P,AJ,AJ Blubaugh,Blubaugh,24,1,5500,HOU@ATH,HOU,ATH,,,,,,P
118041-170323,P,Nick,Nick Vespi,Vespi,4.7272727272727275,11,5500,PHI@MIA,PHI,MIA,,,,,,P
118041-21846,P,Chris,Chris Devenski,Devenski,6,2,5500,NYM@ATL,NYM,ATL,,,,,,P
118041-177493,P,Andrew,Andrew Nardi,Nardi,5.051724137931035,59,5500,PHI@MIA,MIA,PHI,IL,Back,,,,P
118041-38240,P,Rafael,Rafael Montero,Montero,4.875,24,5500,NYM@ATL,ATL,NYM,,,,,,P
118041-135530,P,Brett,Brett de Geus,de Geus,3,1,5500,PHI@MIA,PHI,MIA,,,,,,P
118041-118122,P,Angel,Angel Perdomo,Perdomo,2.5,4,5500,HOU@ATH,ATH,HOU,IL,Undisclosed,,,,P
118041-79227,P,Adrian,Adrian Morejon,Morejon,5.212121212121212,34,5500,SD@LAD,SD,LAD,,,,,,P
118041-225667,P,Cade,Cade Gibson,Gibson,6.5,14,5500,PHI@MIA,MIA,PHI,,,,,,P
118041-79258,P,Ryne,Ryne Stanek,Stanek,4.071428571428571,29,5500,NYM@ATL,NYM,ATL,,,,,,P
118041-61858,P,Raisel,Raisel Iglesias,Iglesias,4.793103448275862,29,5500,NYM@ATL,ATL,NYM,,,,,,P
118041-181664,P,Sean,Sean Reynolds,Reynolds,6.5,14,5500,SD@LAD,SD,LAD,,,,,,P
118041-118184,P,Enoli,Enoli Paredes,Paredes,5.944444444444445,18,5500,NYM@ATL,ATL,NYM,,,,,,P
118041-219569,P,Justin,Justin Hagenman,Hagenman,19,1,5500,NYM@ATL,NYM,ATL,,,,,,P
118041-219568,P,Rolddy,Rolddy Munoz,Munoz,,0,5500,NYM@ATL,ATL,NYM,,,,,,P
118041-158134,P,Stephen,Stephen Ridings,Ridings,,0,5500,SD@LAD,LAD,SD,,,,,,P
118041-101816,P,Bryan,Bryan Abreu,Abreu,6.483870967741935,32,5500,HOU@ATH,HOU,ATH,,,,,,P
118041-101819,P,Jose,Jose Suarez,Suarez,12.333333333333334,3,5500,NYM@ATL,ATL,NYM,IL,Undisclosed,,,,P
118041-40382,P,Luis,Luis Garcia,Garcia,4.615384615384615,26,5500,SD@LAD,LAD,SD,IL,Thigh,,,,P
118041-219586,P,Ian,Ian Seymour,Seymour,18,1,5500,BAL@TB,TB,BAL,,,,,,P
118041-118217,P,Manuel,Manuel Rodriguez,Rodriguez,4.870967741935484,31,5500,BAL@TB,TB,BAL,IL,Forearm,,,,P
118041-118224,P,Garrett,Garrett Cleavinger,Cleavinger,5.6,30,5500,BAL@TB,TB,BAL,,,,,,P
118041-80346,P,Giovanny,Giovanny Gallegos,Gallegos,4.842105263157895,21,5500,SD@LAD,LAD,SD,IL,Undisclosed,,,,P
118041-182750,P,Andrew,Andrew Painter,Painter,,0,5500,PHI@MIA,PHI,MIA,,,,,,P
118041-101854,P,Jacob,Jacob Waguespack,Waguespack,11.25,4,5500,BAL@TB,TB,BAL,IL,Undisclosed,,,,P
118041-185847,P,Garrett,Garrett Acton,Acton,,0,5500,BAL@TB,TB,BAL,,,,,,P
118041-219660,P,Kade,Kade Strowd,Strowd,3,1,5500,BAL@TB,BAL,TB,,,,,,P
118041-170514,P,Jose,Jose Cuas,Cuas,4.833333333333333,13,5500,NYM@ATL,ATL,NYM,,,,,,P
118041-101904,P,Jordan,Jordan Romano,Romano,4.321428571428571,29,5500,PHI@MIA,PHI,MIA,,,,,,P
118041-119316,P,Thaddeus,Thaddeus Ward,Ward,0,1,5500,BAL@TB,BAL,TB,,,,,,P
118041-101911,P,Reed,Reed Garrett,Garrett,6.655172413793103,30,5500,NYM@ATL,NYM,ATL,,,,,,P
118041-71190,P,Jose,Jose Leclerc,Leclerc,3.3,10,5500,HOU@ATH,ATH,HOU,IL,Lat,,,,P
118041-170527,P,Jason,Jason Alexander,Alexander,6.2,5,5500,HOU@ATH,HOU,ATH,,,,,,P
118041-191007,P,Declan,Declan Cronin,Cronin,6.125,56,5500,PHI@MIA,MIA,PHI,,,,,,P
118041-79390,P,Michael,Michael Kopech,Kopech,4.8,5,5500,SD@LAD,LAD,SD,,,,,,P
118041-5673,P,Jesse,Jesse Chavez,Chavez,6,2,5500,NYM@ATL,ATL,NYM,,,,,,P
118041-119339,P,Tyler,Tyler Ivey,Ivey,,0,5500,HOU@ATH,HOU,ATH,,,,,,P
118041-79402,P,Cionel,Cionel Perez,Perez,3.5789473684210527,19,5500,BAL@TB,BAL,TB,,,,,,P
118041-71218,P,Dylan,Dylan Floro,Floro,4.671875,66,5500,HOU@ATH,ATH,HOU,,,,,,P
118041-178743,P,Nicholas,Nicholas Padilla,Padilla,,0,5500,PHI@MIA,PHI,MIA,,,,,,P
118041-219707,P,Jean,Jean Cabrera,Cabrera,,0,5500,PHI@MIA,PHI,MIA,,,,,,P
118041-222779,P,Thomas,Thomas White,White,,0,5500,PHI@MIA,MIA,PHI,,,,,,P
118041-219705,P,Moises,Moises Chace,Chace,,0,5500,PHI@MIA,PHI,MIA,IL,Elbow,,,,P
118041-119356,P,Oliver,Oliver Ortega,Ortega,0,1,5500,NYM@ATL,NYM,ATL,IL,Elbow,,,,P
118041-222786,P,Raul,Raul Alcantara,Alcantara,,0,5500,BAL@TB,BAL,TB,,,,,,P
118041-222790,P,Jose,Jose Rodriguez,Rodriguez,,0,5500,SD@LAD,LAD,SD,,,,,,P
118041-181828,P,Kolton,Kolton Ingram,Ingram,,0,5500,NYM@ATL,ATL,NYM,,,,,,P
118041-222789,P,Jackson,Jackson Ferris,Ferris,,0,5500,SD@LAD,LAD,SD,,,,,,P
118041-72265,P,Matt,Matt Strahm,Strahm,4.9393939393939394,33,5500,PHI@MIA,PHI,MIA,,,,,,P
118041-219723,P,Omar,Omar Cruz,Cruz,10,2,5500,SD@LAD,SD,LAD,,,,,,P
118041-219722,P,Jack,Jack Dreyer,Dreyer,7.142857142857143,28,5500,SD@LAD,LAD,SD,,,,,,P
118041-119375,P,Dedniel,Dedniel Nunez,Nunez,2.75,5,5500,NYM@ATL,NYM,ATL,,,,,,P
118041-219725,P,Henry,Henry Baez,Baez,,0,5500,SD@LAD,SD,LAD,,,,,,P
118041-81488,P,Jose,Jose Ruiz,Ruiz,2.888888888888889,18,5500,NYM@ATL,ATL,NYM,,,,,,P
118041-181843,P,Josh,Josh Simpson,Simpson,0,2,5500,PHI@MIA,MIA,PHI,,,,,,P
118041-181841,P,George,George Soriano,Soriano,6.333333333333333,12,5500,PHI@MIA,MIA,PHI,,,,,,P
118041-181847,P,Noah,Noah Denoyer,Denoyer,,0,5500,BAL@TB,BAL,TB,,,,,,P
118041-181850,P,Colin,Colin Selby,Selby,10.25,4,5500,BAL@TB,BAL,TB,,,,,,P
118041-225880,P,Nathan,Nathan Wiles,Wiles,-3,1,5500,NYM@ATL,ATL,NYM,,,,,,P
118041-80476,P,Jackson,Jackson Stephens,Stephens,4.333333333333333,3,5500,NYM@ATL,ATL,NYM,,,,,,P
118041-222819,P,Jonah,Jonah Tong,Tong,,0,5500,NYM@ATL,NYM,ATL,,,,,,P
118041-81507,P,Aaron,Aaron Bummer,Bummer,5.92,25,5500,NYM@ATL,ATL,NYM,,,,,,P
118041-226913,P,Yaramil,Yaramil Hiraldo,Hiraldo,7,1,5500,BAL@TB,BAL,TB,,,,,,P
118041-222822,P,Brandon,Brandon Sproat,Sproat,,0,5500,NYM@ATL,NYM,ATL,,,,,,P
118041-222820,P,Nolan,Nolan McLean,McLean,,0,5500,NYM@ATL,NYM,ATL,,,,,,P
118041-156272,P,Reiss,Reiss Knehr,Knehr,0,1,5500,SD@LAD,SD,LAD,,,,,,P
118041-226929,P,Bradgley,Bradgley Rodriguez,Rodriguez,8,1,5500,SD@LAD,SD,LAD,,,,,,P
118041-82546,P,Adbert,Adbert Alzolay,Alzolay,3.888888888888889,18,5500,NYM@ATL,NYM,ATL,IL,Elbow,,,,P
118041-210562,P,Lake,Lake Bachar,Bachar,7.44,25,5500,PHI@MIA,MIA,PHI,,,,,,P
118041-222855,P,Ty,Ty Johnson,Johnson,,0,5500,BAL@TB,TB,BAL,,,,,,P
118041-222854,P,Brody,Brody Hopkins,Hopkins,,0,5500,BAL@TB,TB,BAL,,,,,,P
118041-119433,P,JJ,JJ Goss,Goss,,0,5500,BAL@TB,TB,BAL,,,,,,P
118041-222859,P,Cam,Cam Caminiti,Caminiti,,0,5500,NYM@ATL,ATL,NYM,,,,,,P
118041-222857,P,Jackson,Jackson Baumeister,Baumeister,,0,5500,BAL@TB,TB,BAL,,,,,,P
118041-222856,P,Trevor,Trevor Harrison,Harrison,,0,5500,BAL@TB,TB,BAL,,,,,,P
118041-82572,P,Gregory,Gregory Soto,Soto,4.645161290322581,31,5500,BAL@TB,BAL,TB,,,,,,P
118041-190092,P,Devin,Devin Sweet,Sweet,,0,5500,PHI@MIA,PHI,MIA,,,,,,P
118041-203415,P,Bryan,Bryan King,King,5.53125,32,5500,HOU@ATH,HOU,ATH,,,,,,P
118041-220822,P,Elvis,Elvis Alvarado,Alvarado,6.75,4,5500,HOU@ATH,ATH,HOU,,,,,,P
118041-164500,P,Ryan,Ryan Cusick,Cusick,,0,5500,PHI@MIA,PHI,MIA,,,,,,P
118041-165528,P,Joe,Joe Rock,Rock,,0,5500,BAL@TB,TB,BAL,,,,,,P
118041-165534,P,Norge,Norge Vera,Vera,,0,5500,HOU@ATH,ATH,HOU,,,,,,P
118041-202402,P,Justin,Justin Sterner,Sterner,4.964285714285714,29,5500,HOU@ATH,ATH,HOU,,,,,,P
118041-220834,P,Nate,Nate Lavender,Lavender,,0,5500,BAL@TB,TB,BAL,IL,Elbow,,,,P
118041-220838,P,Garrett,Garrett McDaniels,McDaniels,2.9,10,5500,SD@LAD,LAD,SD,,,,,,P
118041-220837,P,Evan,Evan Reifert,Reifert,,0,5500,BAL@TB,TB,BAL,,,,,,P
118041-161450,P,Janson,Janson Junk,Junk,22.6,5,5500,PHI@MIA,MIA,PHI,,,,,,P
118041-17065,P,Blake,Blake Treinen,Treinen,5.625,8,5500,SD@LAD,LAD,SD,IL,Forearm,,,,P
118041-220842,P,Eiberson,Eiberson Castellano,Castellano,,0,5500,PHI@MIA,PHI,MIA,IL,Undisclosed,,,,P
118041-84651,P,Austin,Austin Davis,Davis,2.5714285714285716,7,5500,SD@LAD,SD,LAD,,,,,,P
118041-220841,P,Anderson,Anderson Pilar,Pilar,,0,5500,PHI@MIA,MIA,PHI,,,,,,P
118041-220847,P,Grant,Grant Wolfram,Wolfram,0.5,2,5500,BAL@TB,BAL,TB,,,,,,P
118041-220845,P,Juan,Juan Nunez,Nunez,,0,5500,BAL@TB,BAL,TB,,,,,,P
118041-163507,P,Alan,Alan Rangel,Rangel,6,1,5500,PHI@MIA,PHI,MIA,,,,,,P
118041-211632,P,Mason,Mason Montgomery,Montgomery,4.516129032258065,32,5500,BAL@TB,TB,BAL,,,,,,P
118041-14006,P,Brian,Brian Moran,Moran,,0,5500,NYM@ATL,ATL,NYM,,,,,,P
118041-165582,P,Robinson,Robinson Pina,Pina,,0,5500,PHI@MIA,MIA,PHI,,,,,,P
118041-188115,P,Grant,Grant Hartwig,Hartwig,4.25,6,5500,NYM@ATL,NYM,ATL,,,,,,P
118041-222930,P,Logan,Logan VanWey,VanWey,3.2857142857142856,7,5500,HOU@ATH,HOU,ATH,IL,Undisclosed,,,,P
118041-228050,P,Nolan,Nolan Hoffman,Hoffman,,0,5500,PHI@MIA,PHI,MIA,,,,,,P
118041-165594,P,Carlos,Carlos Duran,Duran,-8,1,5500,HOU@ATH,ATH,HOU,,,,,,P
118041-165595,P,Maddux,Maddux Bruns,Bruns,,0,5500,SD@LAD,LAD,SD,IL,Back,,,,P
118041-112348,P,Cody,Cody Stashak,Stashak,,0,5500,PHI@MIA,PHI,MIA,,,,,,P
118041-82657,P,Wil,Wil Crowe,Crowe,,0,5500,PHI@MIA,PHI,MIA,,,,,,P
118041-181985,P,Guillo,Guillo Zuniga,Zuniga,4.214285714285714,15,5500,PHI@MIA,PHI,MIA,,,,,,P
118041-212709,P,Edgardo,Edgardo Henriquez,Henriquez,5.666666666666667,6,5500,SD@LAD,LAD,SD,IL,Foot,,,,P
118041-81640,P,Yacksel,Yacksel Rios,Rios,,0,5500,NYM@ATL,NYM,ATL,IL,Undisclosed,,,,P
118041-181992,P,Jose,Jose Hernandez,Hernandez,4,8,5500,SD@LAD,LAD,SD,,,,,,P
118041-81642,P,A.J.,A.J. Minter,Minter,5.3076923076923075,13,5500,NYM@ATL,NYM,ATL,IL,Lat,,,,P
118041-165609,P,Zach,Zach McCambley,McCambley,,0,5500,PHI@MIA,MIA,PHI,,,,,,P
118041-84727,P,Drew,Drew Smith,Smith,5.7894736842105265,19,5500,NYM@ATL,NYM,ATL,IL,Elbow,,,,P
118041-182005,P,Kevin,Kevin Kelly,Kelly,3.923076923076923,13,5500,BAL@TB,TB,BAL,,,,,,P
118041-84731,P,Evan,Evan Phillips,Phillips,5,7,5500,SD@LAD,LAD,SD,IL,Elbow,,,,P
118041-165624,P,Dom,Dom Hamel,Hamel,,0,5500,NYM@ATL,NYM,ATL,,,,,,P
118041-165625,P,Calvin,Calvin Ziegler,Ziegler,,0,5500,NYM@ATL,NYM,ATL,O,Elbow,,,,P
118041-165628,P,Josh,Josh Walker,Walker,9,3,5500,PHI@MIA,PHI,MIA,,,,,,P
118041-165642,P,Mason,Mason Miller,Miller,6.730769230769231,26,5500,HOU@ATH,ATH,HOU,,,,,,P
118041-161545,P,Kaleb,Kaleb Ort,Ort,4.25,20,5500,HOU@ATH,HOU,ATH,,,,,,P
118041-165650,P,Grant,Grant Holman,Holman,5,22,5500,HOU@ATH,ATH,HOU,,,,,,P
118041-165649,P,Colin,Colin Peluse,Peluse,,0,5500,HOU@ATH,ATH,HOU,,,,,,P
118041-201506,P,Tyler,Tyler Ferguson,Ferguson,3.909090909090909,33,5500,HOU@ATH,ATH,HOU,,,,,,P
118041-165671,P,Victor,Victor Lizarraga,Lizarraga,,0,5500,SD@LAD,SD,LAD,DTD,Undisclosed,,,,P
118041-199461,P,Luis,Luis Contreras,Contreras,4.285714285714286,7,5500,HOU@ATH,HOU,ATH,,,,,,P
118041-135976,P,Bennett,Bennett Sousa,Sousa,8.095238095238095,21,5500,HOU@ATH,HOU,ATH,,,,,,P
118041-165673,P,Levi,Levi Stoudt,Stoudt,0,1,5500,BAL@TB,BAL,TB,,,,,,P
118041-165684,P,Matt,Matt Mikulski,Mikulski,,0,5500,HOU@ATH,HOU,ATH,,,,,,P
118041-163641,P,Ray,Ray Kerr,Kerr,11.2,10,5500,NYM@ATL,ATL,NYM,IL,Elbow,,,,P
118041-163654,P,Alexis,Alexis Diaz,Diaz,0.5,6,5500,SD@LAD,LAD,SD,,,,,,P
118041-119622,P,Matt,Matt Allan,Allan,,0,5500,NYM@ATL,NYM,ATL,,,,,,P
118041-163663,P,Calvin,Calvin Faucher,Faucher,4.607142857142857,29,5500,PHI@MIA,MIA,PHI,,,,,,P
118041-84815,P,Joey,Joey Krehbiel,Krehbiel,,0,5500,BAL@TB,TB,BAL,,,,,,P
118041-70482,P,J.B.,J.B. Wendelken,Wendelken,,0,5500,SD@LAD,SD,LAD,,,,,,P
118041-204624,P,Eric,Eric Orze,Orze,7.043478260869565,23,5500,BAL@TB,TB,BAL,,,,,,P
118041-204631,P,Hunter,Hunter Bigge,Bigge,5.3076923076923075,13,5500,BAL@TB,TB,BAL,IL,Lat,,,,P
118041-213851,P,Domingo,Domingo Gonzalez,Gonzalez,,0,5500,NYM@ATL,ATL,NYM,,,,,,P
118041-163687,P,Ron,Ron Marinaccio,Marinaccio,7.5625,16,5500,SD@LAD,SD,LAD,,,,,,P
118041-163684,P,Ronny,Ronny Henriquez,Henriquez,7.161290322580645,31,5500,PHI@MIA,MIA,PHI,,,,,,P
118041-163690,P,Nathan,Nathan Webb,Webb,,0,5500,BAL@TB,BAL,TB,,,,,,P
118041-213871,P,Luarbert,Luarbert Arias,Arias,3.6666666666666665,6,5500,PHI@MIA,MIA,PHI,,,,,,P
118041-68466,P,Steven,Steven Okert,Okert,7.103448275862069,29,5500,HOU@ATH,HOU,ATH,,,,,,P
118041-163702,P,Logan,Logan Gillaspie,Gillaspie,9,3,5500,SD@LAD,SD,LAD,IL,Oblique,,,,P
118041-163701,P,Felix,Felix Bautista,Bautista,5.84,25,5500,BAL@TB,BAL,TB,,,,,,P
118041-68474,P,Josh,Josh Hader,Hader,8.482758620689655,29,5500,HOU@ATH,HOU,ATH,,,,,,P
118041-23437,P,Brooks,Brooks Raley,Raley,6.75,8,5500,NYM@ATL,NYM,ATL,IL,Elbow,,,,P
118041-82836,P,Julian,Julian Fernandez,Fernandez,,0,5500,SD@LAD,LAD,SD,,,,,,P
118041-157600,P,Austin,Austin Warren,Warren,6,1,5500,NYM@ATL,NYM,ATL,,,,,,P
118041-108461,P,Pete,Pete Fairbanks,Fairbanks,5.433333333333334,30,5500,BAL@TB,TB,BAL,,,,,,P
118041-52141,P,Lucas,Lucas Sims,Sims,1.5625,18,5500,PHI@MIA,PHI,MIA,,,,,,P
118041-52148,P,Pierce,Pierce Johnson,Johnson,4.892857142857143,28,5500,NYM@ATL,ATL,NYM,,,,,,P
118041-179129,P,Jeremiah,Jeremiah Estrada,Estrada,5.823529411764706,35,5500,SD@LAD,SD,LAD,,,,,,P
118041-102334,P,Corbin,Corbin Martin,Martin,,0,5500,BAL@TB,BAL,TB,,,,,,P
118041-163782,P,Robert,Robert Suarez,Suarez,5.0625,32,5500,SD@LAD,SD,LAD,,,,,,P
118041-68548,P,Edwin,Edwin Diaz,Diaz,7.379310344827586,29,5500,NYM@ATL,NYM,ATL,,,,,,P
118041-193498,P,John,John McMillon,McMillon,9,10,5500,PHI@MIA,PHI,MIA,,,,,,P
118041-198619,P,Yuki,Yuki Matsui,Matsui,5.9655172413793105,31,5500,SD@LAD,SD,LAD,,,,,,P
118041-187367,P,Nick,Nick Robertson,Robertson,7.111111111111111,9,5500,HOU@ATH,HOU,ATH,,,,,,P
118041-202726,P,Michel,Michel Otanez,Otanez,2,6,5500,HOU@ATH,ATH,HOU,,,,,,P
118041-102375,P,Luis,Luis Medina,Medina,20.375,8,5500,HOU@ATH,ATH,HOU,IL,Elbow,,,,P
118041-169957,P,Danny,Danny Young,Young,5.2,10,5500,NYM@ATL,NYM,ATL,IL,Elbow,,,,P
118041-102399,P,Sam,Sam Carlson,Carlson,,0,5500,SD@LAD,LAD,SD,,,,,,P
118041-82440,OF,Shohei,Shohei Ohtani,Ohtani,15.57671199432791,73,4800,SD@LAD,LAD,SD,,,,,,OF/UTIL
118041-79756,OF,Ronald,Ronald Acuna Jr.,Acuna Jr.,15.226087487262228,23,4400,NYM@ATL,ATL,NYM,,,,,,OF/UTIL
118041-60631,OF,Kyle,Kyle Schwarber,Schwarber,13.185135300095016,74,4300,PHI@MIA,PHI,MIA,,,,,,OF/UTIL
118041-65881,SS,Trea,Trea Turner,Turner,12.336111280653212,72,3900,PHI@MIA,PHI,MIA,,,,,,SS/UTIL
118041-79393,OF,Fernando,Fernando Tatis Jr.,Tatis Jr.,12.161971830985916,71,3900,SD@LAD,SD,LAD,,,,,,OF/UTIL
118041-11334,1B,Freddie,Freddie Freeman,Freeman,11.642187118530273,64,3800,SD@LAD,LAD,SD,,,,,,C/1B/UTIL
118041-73023,OF,Teoscar,Teoscar Hernandez,Hernandez,11.743332926432291,60,3700,SD@LAD,LAD,SD,,,,,,OF/UTIL
118041-82614,1B,Pete,Pete Alonso,Alonso,12.944594924514359,74,3700,NYM@ATL,NYM,ATL,,,,,,C/1B/UTIL
118041-39151,2B/SS/OF,Mookie,Mookie Betts,Betts,10.861764346852022,68,3600,SD@LAD,LAD,SD,,,,,,2B/SS/OF/UTIL
118041-79282,OF,Juan,Juan Soto,Soto,12.231507183754282,73,3600,NYM@ATL,NYM,ATL,,,,,,OF/UTIL
118041-16952,SS,Francisco,Francisco Lindor,Lindor,12.019444783528646,72,3500,NYM@ATL,NYM,ATL,,,,,,SS/UTIL
118041-13929,3B,Manny,Manny Machado,Machado,11.826027230040667,73,3500,SD@LAD,SD,LAD,,,,,,3B/UTIL
118041-82574,3B,Isaac,Isaac Paredes,Paredes,11.097142682756697,70,3500,HOU@ATH,HOU,ATH,,,,,,3B/UTIL
118041-146667,3B/2B,Jordan,Jordan Westburg,Westburg,10.129032258064516,31,3400,BAL@TB,BAL,TB,,,,,,2B/3B/UTIL
118041-181795,OF,Lawrence,Lawrence Butler,Butler,10.895774304027288,71,3400,HOU@ATH,ATH,HOU,,,,,,OF/UTIL
118041-79401,C,Will,Will Smith,Smith,11.757627325542902,59,3400,SD@LAD,LAD,SD,,,,,,C/1B/UTIL
118041-119345,SS,Jeremy,Jeremy Pena,Pena,11.429729564769849,74,3400,HOU@ATH,HOU,ATH,,,,,,SS/UTIL
118041-12948,1B,Bryce,Bryce Harper,Harper,11.72631621779057,57,3400,PHI@MIA,PHI,MIA,IL,Wrist,,,,C/1B/UTIL
118041-82612,OF,Brent,Brent Rooker,Rooker,11.088158055355674,76,3400,HOU@ATH,ATH,HOU,,,,,,OF/UTIL
118041-52175,1B,Matt,Matt Olson,Olson,11.220833672417534,72,3400,NYM@ATL,ATL,NYM,,,,,,C/1B/UTIL
118041-14562,2B/OF,Jose,Jose Altuve,Altuve,9.76056338028169,71,3300,HOU@ATH,HOU,ATH,,,,,,2B/OF/UTIL
118041-146695,OF,Andy,Andy Pages,Pages,11.233802473041374,71,3300,SD@LAD,LAD,SD,,,,,,OF/UTIL
118041-206482,SS,Jacob,Jacob Wilson,Wilson,10.83999982561384,70,3300,HOU@ATH,ATH,HOU,,,,,,SS/UTIL
118041-17086,OF,Marcell,Marcell Ozuna,Ozuna,10.288406150928441,69,3300,NYM@ATL,ATL,NYM,,,,,,OF/UTIL
118041-195679,3B,Junior,Junior Caminero,Caminero,11.568571254185267,70,3200,BAL@TB,TB,BAL,,,,,,3B/UTIL
118041-135298,1B/OF,Tyler,Tyler Soderstrom,Soderstrom,10.4813330078125,75,3200,HOU@ATH,ATH,HOU,,,,,,C/1B/OF/UTIL
118041-79074,3B,Austin,Austin Riley,Riley,10.037500169542101,72,3200,NYM@ATL,ATL,NYM,,,,,,3B/UTIL
118041-119306,SS,Gunnar,Gunnar Henderson,Henderson,10.048485033439867,66,3200,BAL@TB,BAL,TB,,,,,,SS/UTIL
118041-82536,OF,Cedric,Cedric Mullins,Mullins,10.85344827586207,58,3200,BAL@TB,BAL,TB,,,,,,OF/UTIL
118041-165666,OF,Jackson,Jackson Merrill,Merrill,10.35909063165838,44,3200,SD@LAD,SD,LAD,IL,Concussion,,,,OF/UTIL
118041-79141,1B/OF,Ryan,Ryan O'Hearn,O'Hearn,9.857376849065062,61,3100,BAL@TB,BAL,TB,,,,,,C/1B/OF/UTIL
118041-85504,2B,Brandon,Brandon Lowe,Lowe,10.68840579710145,69,3100,BAL@TB,TB,BAL,,,,,,2B/UTIL
118041-82575,OF,Yordan,Yordan Alvarez,Alvarez,8.324137720568427,29,3100,HOU@ATH,HOU,ATH,IL,Hand,,,,OF/UTIL
118041-17097,OF,Brandon,Brandon Nimmo,Nimmo,9.88999982561384,70,3100,NYM@ATL,NYM,ATL,,,,,,OF/UTIL
118041-163662,1B,Jonathan,Jonathan Aranda,Aranda,10.227536408797555,69,3100,BAL@TB,TB,BAL,,,,,,C/1B/UTIL
118041-52176,3B,Max,Max Muncy,Muncy,9.608571079799107,70,3100,SD@LAD,LAD,SD,,,,,,3B/UTIL
118041-102370,3B/1B,Alec,Alec Bohm,Bohm,8.680281518210828,71,3100,PHI@MIA,PHI,MIA,,,,,,C/1B/3B/UTIL
118041-79257,OF,Josh,Josh Lowe,Lowe,9.774193548387096,31,3000,BAL@TB,TB,BAL,,,,,,OF/UTIL
118041-82569,1B/OF,Gavin,Gavin Sheets,Sheets,9.077143205915178,70,3000,SD@LAD,SD,LAD,,,,,,C/1B/OF/UTIL
118041-108450,SS/2B/OF,Tommy,Tommy Edman,Edman,10.033929007393974,56,3000,SD@LAD,LAD,SD,,,,,,2B/SS/OF/UTIL
118041-13342,OF,Nick,Nick Castellanos,Castellanos,8.964383896083048,73,2900,PHI@MIA,PHI,MIA,,,,,,OF/UTIL
118041-197886,C,Agustin,Agustin Ramirez,Ramirez,9.710416793823242,48,2900,PHI@MIA,MIA,PHI,,,,,,C/1B/UTIL
118041-79120,1B,Yandy,Yandy Diaz,Diaz,10.152941535500918,68,2900,BAL@TB,TB,BAL,,,,,,C/1B/UTIL
118041-85307,2B/OF,Jeff,Jeff McNeil,McNeil,9.111627623092296,43,2900,NYM@ATL,NYM,ATL,,,,,,2B/OF/UTIL
118041-38218,1B,Christian,Christian Walker,Walker,8.361972002915934,71,2900,HOU@ATH,HOU,ATH,,,,,,C/1B/UTIL
118041-197967,2B/SS,Jackson,Jackson Holliday,Holliday,9.075757575757576,66,2900,BAL@TB,BAL,TB,,,,,,2B/SS/UTIL
118041-118210,1B/2B,Jake,Jake Cronenworth,Cronenworth,8.599999875438456,49,2900,SD@LAD,SD,LAD,,,,,,C/1B/2B/UTIL
118041-119303,C,Shea,Shea Langeliers,Langeliers,9.330357142857142,56,2900,HOU@ATH,ATH,HOU,IL,Oblique,,,,C/1B/UTIL
118041-219666,OF,Jake,Jake Mangum,Mangum,9.284615541115786,39,2900,BAL@TB,TB,BAL,,,,,,OF/UTIL
118041-222794,1B,Nick,Nick Kurtz,Kurtz,9.630555894639757,36,2900,HOU@ATH,ATH,HOU,,,,,,C/1B/UTIL
118041-165559,C,Yainer,Yainer Diaz,Diaz,8.166153658353366,65,2900,HOU@ATH,HOU,ATH,,,,,,C/1B/UTIL
118041-82624,C,Sean,Sean Murphy,Murphy,8.625,44,2900,NYM@ATL,ATL,NYM,,,,,,C/1B/UTIL
118041-82644,OF,Jesus,Jesus Sanchez,Sanchez,9.699999882624699,52,2900,PHI@MIA,MIA,PHI,,,,,,OF/UTIL
118041-37982,SS/2B,Xander,Xander Bogaerts,Bogaerts,8.226388719346788,72,2800,SD@LAD,SD,LAD,,,,,,2B/SS/UTIL
118041-145618,2B/SS,Otto,Otto Lopez,Lopez,8.836842319421601,57,2800,PHI@MIA,MIA,PHI,,,,,,2B/SS/UTIL
118041-83155,OF,Ramon,Ramon Laureano,Laureano,8.41702140645778,47,2800,BAL@TB,BAL,TB,,,,,,OF/UTIL
118041-21875,OF,Max,Max Kepler,Kepler,8.094118006089154,68,2800,PHI@MIA,PHI,MIA,,,,,,OF/UTIL
118041-101827,1B/2B,Luis,Luis Arraez,Arraez,8.717910083372201,67,2800,SD@LAD,SD,LAD,,,,,,C/1B/2B/UTIL
118041-136672,OF,Michael,Michael Harris II,Harris II,7.9986114501953125,72,2800,NYM@ATL,ATL,NYM,,,,,,OF/UTIL
118041-119307,C,Adley,Adley Rutschman,Rutschman,7.988059883687034,67,2800,BAL@TB,BAL,TB,,,,,,C/1B/UTIL
118041-119363,OF,JJ,JJ Bleday,Bleday,8.332142966134208,56,2800,HOU@ATH,ATH,HOU,,,,,,OF/UTIL
118041-119405,2B/SS,Bryson,Bryson Stott,Stott,8.961765064912683,68,2800,PHI@MIA,PHI,MIA,,,,,,2B/SS/UTIL
118041-17139,C,J.T.,J.T. Realmuto,Realmuto,8.470492003393955,61,2800,PHI@MIA,PHI,MIA,,,,,,C/1B/UTIL
118041-189389,OF,Dane,Dane Myers,Myers,8.363043743631113,46,2800,PHI@MIA,MIA,PHI,,,,,,OF/UTIL
118041-185303,SS/2B/3B/OF,Jose,Jose Caballero,Caballero,9.204918032786885,61,2800,BAL@TB,TB,BAL,,,,,,2B/3B/SS/OF/UTIL
118041-68587,2B,Ozzie,Ozzie Albies,Albies,8.265277438693577,72,2800,NYM@ATL,ATL,NYM,,,,,,2B/UTIL
118041-102393,SS/2B,Xavier,Xavier Edwards,Edwards,8.859649122807017,57,2800,PHI@MIA,MIA,PHI,,,,,,2B/SS/UTIL
118041-135218,OF,Jake,Jake Meyers,Meyers,8.181944105360243,72,2700,HOU@ATH,HOU,ATH,,,,,,OF/UTIL
118041-222295,2B/SS/OF,Hyeseong,Hyeseong Kim,Kim,8.106451711347026,31,2700,SD@LAD,LAD,SD,,,,,,2B/SS/OF/UTIL
118041-60642,OF,Michael,Michael Conforto,Conforto,6.5030771108774035,65,2700,SD@LAD,LAD,SD,,,,,,OF/UTIL
118041-83191,C,Austin,Austin Wynns,Wynns,8.552000122070313,25,2700,HOU@ATH,ATH,HOU,,,,,,C/1B/UTIL
118041-79225,3B/2B,Luis,Luis Urias,Urias,7.379660913499735,59,2700,HOU@ATH,ATH,HOU,,,,,,2B/3B/UTIL
118041-101850,3B/2B/1B,Ramon,Ramon Urias,Urias,7.6820001220703125,50,2700,BAL@TB,BAL,TB,,,,,,C/1B/2B/3B/UTIL
118041-119305,OF,Kyle,Kyle Stowers,Stowers,9.247058644014245,68,2700,PHI@MIA,MIA,PHI,,,,,,OF/UTIL
118041-119376,3B/2B,Brett,Brett Baty,Baty,7.170370596426505,54,2700,NYM@ATL,NYM,ATL,DTD,Groin,,,,2B/3B/UTIL
118041-222846,OF,Cam,Cam Smith,Smith,8.768332926432292,60,2700,HOU@ATH,HOU,ATH,,,,,,OF/UTIL
118041-222858,C,Drake,Drake Baldwin,Baldwin,6.943749745686849,48,2700,NYM@ATL,ATL,NYM,,,,,,C/1B/UTIL
118041-164507,OF,Colton,Colton Cowser,Cowser,9.106249809265137,16,2700,BAL@TB,BAL,TB,,,,,,OF/UTIL
118041-13262,OF,Jurickson,Jurickson Profar,Profar,4.599999904632568,4,2700,NYM@ATL,ATL,NYM,NA,Suspension,,,,OF/UTIL
118041-13423,OF,Starling,Starling Marte,Marte,7.363265056999362,49,2600,NYM@ATL,NYM,ATL,,,,,,OF/UTIL
118041-198893,C,Dalton,Dalton Rushing,Rushing,7.035714285714286,14,2600,SD@LAD,LAD,SD,,,,,,C/1B/UTIL
118041-79195,OF/1B/3B,Miguel,Miguel Andujar,Andujar,7.995651908542799,46,2600,HOU@ATH,ATH,HOU,IL,Oblique,,,,C/1B/3B/OF/UTIL
118041-79400,OF,Dylan,Dylan Carlson,Carlson,6.5,34,2600,BAL@TB,BAL,TB,,,,,,OF/UTIL
118041-119364,OF,Kameron,Kameron Misner,Misner,6.667646969065947,68,2600,BAL@TB,TB,BAL,,,,,,OF/UTIL
118041-164506,2B/3B,Connor,Connor Norby,Norby,8.470588235294118,51,2600,PHI@MIA,MIA,PHI,,,,,,2B/3B/UTIL
118041-82655,C,Danny,Danny Jansen,Jansen,6.894000244140625,50,2600,BAL@TB,TB,BAL,,,,,,C/1B/UTIL
118041-165641,SS/2B/3B,Max,Max Muncy,Muncy,6.797059003044577,34,2600,HOU@ATH,ATH,HOU,,,,,,2B/3B/SS/UTIL
118041-224021,3B/1B,Otto,Otto Kemp,Kemp,8.11999969482422,10,2600,PHI@MIA,PHI,MIA,DTD,Knee,,,,C/1B/3B/UTIL
118041-208716,1B/OF,Zach,Zach Dezenzo,Dezenzo,6.952940996955423,34,2600,HOU@ATH,HOU,ATH,IL,Hand,,,,C/1B/OF/UTIL
118041-80848,C,Victor,Victor Caratini,Caratini,6.577083587646484,48,2600,HOU@ATH,HOU,ATH,,,,,,C/1B/UTIL
118041-102367,2B/3B/SS,Ronny,Ronny Mauricio,Mauricio,7.416666666666667,12,2600,NYM@ATL,NYM,ATL,,,,,,2B/3B/SS/UTIL
118041-102418,OF,Eli,Eli White,White,6.26379289298222,58,2500,NYM@ATL,ATL,NYM,,,,,,OF/UTIL
118041-198888,OF,Jacob,Jacob Melton,Melton,7.418181679465554,11,2500,HOU@ATH,HOU,ATH,IL,Ankle,,,,OF/UTIL
118041-79160,OF,Alex,Alex Verdugo,Verdugo,6.585106382978723,47,2500,NYM@ATL,ATL,NYM,,,,,,OF/UTIL
118041-79247,3B/SS/2B/OF,Edmundo,Edmundo Sosa,Sosa,5.505405322925465,37,2500,PHI@MIA,PHI,MIA,,,,,,2B/3B/SS/OF/UTIL
118041-13792,3B/1B/2B/OF,Kike,Kike Hernandez,Hernandez,5.363333129882813,60,2500,SD@LAD,LAD,SD,,,,,,C/1B/2B/3B/OF/UTIL
118041-119318,2B/3B/OF,Christopher,Christopher Morel,Morel,6.905555442527488,54,2500,BAL@TB,TB,BAL,,,,,,2B/3B/OF/UTIL
118041-16945,C,Gary,Gary Sanchez,Sanchez,6.34375,16,2500,BAL@TB,BAL,TB,,,,,,C/1B/UTIL
118041-220835,C/1B,Liam,Liam Hicks,Hicks,7.7444444444444445,45,2500,PHI@MIA,MIA,PHI,,,,,,C/1B/UTIL
118041-82615,3B,Mark,Mark Vientos,Vientos,7.809433847103479,53,2500,NYM@ATL,NYM,ATL,IL,Hamstring,,,,3B/UTIL
118041-146160,SS,Ha-Seong,Ha-Seong Kim,Kim,9.21900826446281,121,2500,BAL@TB,TB,BAL,IL,Shoulder,,,,SS/UTIL
118041-165643,2B,Zack,Zack Gelof,Gelof,8.547101449275363,138,2500,HOU@ATH,ATH,HOU,IL,Ribs,,,,2B/UTIL
118041-165648,OF,Johan,Johan Rojas,Rojas,5.270908979936079,55,2500,PHI@MIA,PHI,MIA,,,,,,OF/UTIL
118041-165703,OF,Heriberto,Heriberto Hernandez,Hernandez,6.835714067731585,14,2500,PHI@MIA,MIA,PHI,,,,,,OF/UTIL
118041-161677,C,Nick,Nick Fortes,Fortes,4.874285888671875,35,2500,PHI@MIA,MIA,PHI,,,,,,C/1B/UTIL
118041-68547,OF,Tyler,Tyler O'Neill,O'Neill,7.783333460489909,24,2500,BAL@TB,BAL,TB,IL,Shoulder,,,,OF/UTIL
118041-211919,1B/3B/OF,Eric,Eric Wagaman,Wagaman,7.9447759372084885,67,2500,PHI@MIA,MIA,PHI,,,,,,C/1B/3B/OF/UTIL
118041-102365,C,Francisco,Francisco Alvarez,Alvarez,6.472727457682292,33,2500,NYM@ATL,NYM,ATL,,,,,,C/1B/UTIL
118041-135190,SS,Taylor,Taylor Walls,Walls,6.520967545047883,62,2400,BAL@TB,TB,BAL,,,,,,SS/UTIL
118041-54307,C,Elias,Elias Diaz,Diaz,5.129310344827586,58,2400,SD@LAD,SD,LAD,,,,,,C/1B/UTIL
118041-38973,OF,Tyrone,Tyrone Taylor,Taylor,6.353030118075284,66,2400,NYM@ATL,NYM,ATL,,,,,,OF/UTIL
118041-60636,OF,Derek,Derek Hill,Hill,8.291304215140965,23,2400,PHI@MIA,MIA,PHI,IL,Wrist,,,,OF/UTIL
118041-38112,1B/3B,Gio,Gio Urshela,Urshela,5.611764795639935,34,2400,HOU@ATH,ATH,HOU,,,,,,C/1B/3B/UTIL
118041-79082,1B,Ryan,Ryan Mountcastle,Mountcastle,6.621153611403245,52,2400,BAL@TB,BAL,TB,IL,Hamstring,,,,C/1B/UTIL
118041-79154,OF,Brandon,Brandon Marsh,Marsh,6.375925699869792,54,2400,PHI@MIA,PHI,MIA,,,,,,OF/UTIL
118041-79181,2B/3B/OF,Mauricio,Mauricio Dubon,Dubon,5.739215925628064,51,2400,HOU@ATH,HOU,ATH,,,,,,2B/3B/OF/UTIL
118041-12919,SS/2B/3B/OF,Jose,Jose Iglesias,Iglesias,4.634694002112564,49,2400,SD@LAD,SD,LAD,,,,,,2B/3B/SS/OF/UTIL
118041-165645,OF,Denzel,Denzel Clarke,Clarke,5.482608629309612,23,2400,HOU@ATH,ATH,HOU,,,,,,OF/UTIL
118041-38872,OF,Jesse,Jesse Winker,Winker,7.400000254313151,24,2400,NYM@ATL,NYM,ATL,IL,Oblique,,,,OF/UTIL
118041-68582,2B,Brendan,Brendan Rodgers,Rodgers,4.858139392941497,43,2400,HOU@ATH,HOU,ATH,IL,Oblique,,,,2B/UTIL
118041-79896,C,Luis,Luis Torrens,Torrens,5.293181679465554,44,2300,NYM@ATL,NYM,ATL,,,,,,C/1B/UTIL
118041-13390,SS/2B/3B,Miguel,Miguel Rojas,Rojas,3.530232629110647,43,2300,SD@LAD,LAD,SD,,,,,,2B/3B/SS/UTIL
118041-192649,OF/1B,Weston,Weston Wilson,Wilson,3.2545453851873223,22,2300,PHI@MIA,PHI,MIA,,,,,,C/1B/OF/UTIL
118041-79152,C,Matt,Matt Thaiss,Thaiss,6.025581537291061,43,2300,BAL@TB,TB,BAL,,,,,,C/1B/UTIL
118041-71217,C,Omar,Omar Narvaez,Narvaez,6.425000190734863,4,2300,HOU@ATH,HOU,ATH,,,,,,C/1B/UTIL
118041-156224,C,Willie,Willie MacIver,MacIver,4.116666793823242,12,2300,HOU@ATH,ATH,HOU,,,,,,C/1B/UTIL
118041-165701,3B/2B/1B,Curtis,Curtis Mead,Mead,5.157500076293945,40,2300,BAL@TB,TB,BAL,,,,,,C/1B/2B/3B/UTIL
118041-119629,SS/2B/3B,Luisangel,Luisangel Acuna,Acuna,5.025396922278026,63,2300,NYM@ATL,NYM,ATL,,,,,,2B/3B/SS/UTIL
118041-68537,2B/3B/SS/OF,Tyler,Tyler Wade,Wade,3.9520832697550454,48,2300,SD@LAD,SD,LAD,,,,,,2B/3B/SS/OF/UTIL
118041-102380,SS,Nick,Nick Allen,Allen,5.496825203062996,63,2300,NYM@ATL,ATL,NYM,,,,,,SS/UTIL
118041-135216,OF,Chas,Chas McCormick,McCormick,2.4777776930067272,36,2200,HOU@ATH,HOU,ATH,IL,Oblique,,,,OF/UTIL
118041-184480,C,Cesar,Cesar Salazar,Salazar,0.6,5,2200,HOU@ATH,HOU,ATH,,,,,,C/1B/UTIL
118041-102578,OF,Griffin,Griffin Conine,Conine,8.075,20,2200,PHI@MIA,MIA,PHI,IL,Shoulder,,,,OF/UTIL
118041-179801,1B/OF,Jared,Jared Young,Young,4.776922959547776,13,2200,NYM@ATL,NYM,ATL,,,,,,C/1B/OF/UTIL
118041-119401,C,Rafael,Rafael Marchan,Marchan,5.078947368421052,19,2200,PHI@MIA,PHI,MIA,,,,,,C/1B/UTIL
118041-164512,3B/1B,Coby,Coby Mayo,Mayo,4.706666564941406,15,2200,BAL@TB,BAL,TB,,,,,,C/1B/3B/UTIL
118041-116450,OF,Seth,Seth Brown,Brown,3.149999919690584,38,2200,HOU@ATH,ATH,HOU,IL,Elbow,,,,OF/UTIL
118041-165639,OF,Brandon,Brandon Lockridge,Lockridge,4.052272796630859,44,2200,SD@LAD,SD,LAD,,,,,,OF/UTIL
118041-211756,SS/2B/OF,Javier,Javier Sanoja,Sanoja,5.323728917008739,59,2200,PHI@MIA,MIA,PHI,,,,,,2B/SS/OF/UTIL
118041-200498,SS/3B/2B/OF,Max,Max Schuemann,Schuemann,3.7211538461538463,52,2200,HOU@ATH,ATH,HOU,,,,,,2B/3B/SS/OF/UTIL
118041-163668,OF/2B/3B,Richie,Richie Palacios,Palacios,21.200000762939453,1,2200,BAL@TB,TB,BAL,IL,Knee,,,,2B/3B/OF/UTIL
118041-163691,OF,James,James Outman,Outman,7.333333333333333,9,2200,SD@LAD,LAD,SD,,,,,,OF/UTIL
118041-102295,OF,Stuart,Stuart Fairchild,Fairchild,3.51818188753995,22,2200,NYM@ATL,ATL,NYM,,,,,,OF/UTIL
118041-68593,SS/2B/OF,Jorge,Jorge Mateo,Mateo,5.621874809265137,32,2200,BAL@TB,BAL,TB,IL,Elbow,,,,2B/SS/OF/UTIL
118041-102454,C,Jhonny,Jhonny Pereda,Pereda,3.426315709164268,19,2100,HOU@ATH,ATH,HOU,,,,,,C/1B/UTIL
118041-225386,OF,Chandler,Chandler Simpson,Simpson,9.854285539899553,35,2100,BAL@TB,TB,BAL,,,,,,OF/UTIL
118041-135310,C,Chadwick,Chadwick Tromp,Tromp,0.75,4,2100,BAL@TB,BAL,TB,,,,,,C/1B/UTIL
118041-102550,C,Luis,Luis Campusano,Campusano,2,9,2100,SD@LAD,SD,LAD,,,,,,C/1B/UTIL
118041-84471,OF,Nick,Nick Martini,Martini,3.631818251176314,44,2100,HOU@ATH,ATH,HOU,,,,,,OF/UTIL
118041-181806,OF,Jonny,Jonny DeLuca,DeLuca,9.144444783528646,9,2100,BAL@TB,TB,BAL,IL,Shoulder,,,,OF/UTIL
118041-82553,OF,Jose,Jose Siri,Siri,4.95,10,2100,NYM@ATL,NYM,ATL,IL,Lower leg,,,,OF/UTIL
118041-222886,C,Hayden,Hayden Senger,Senger,2.353846183189979,13,2100,NYM@ATL,NYM,ATL,,,,,,C/1B/UTIL
118041-82616,2B/3B/SS,Luis,Luis Guillorme,Guillorme,1.2,5,2100,HOU@ATH,HOU,ATH,,,,,,2B/3B/SS/UTIL
118041-163704,OF,Cooper,Cooper Hummel,Hummel,5.6400001525878904,5,2100,HOU@ATH,HOU,ATH,,,,,,OF/UTIL
118041-13253,C,Martin,Martin Maldonado,Maldonado,3.717499923706055,40,2100,SD@LAD,SD,LAD,,,,,,C/1B/UTIL
118041-102391,OF,Tirso,Tirso Ornelas,Ornelas,1.7857142857142858,7,2100,SD@LAD,SD,LAD,,,,,,OF/UTIL
118041-102398,OF,Jarred,Jarred Kelenic,Kelenic,4.278260935907778,23,2100,NYM@ATL,ATL,NYM,,,,,,OF/UTIL
118041-81924,2B/OF,Niko,Niko Goodrum,Goodrum,2.3384615091177134,13,2000,NYM@ATL,NYM,ATL,,,,,,2B/OF/UTIL
118041-171037,C,Jason,Jason Delay,Delay,6.400000095367432,8,2000,NYM@ATL,ATL,NYM,,,,,,C/1B/UTIL
118041-102453,SS/2B/3B,Zack,Zack Short,Short,3.388372022052144,43,2000,HOU@ATH,HOU,ATH,,,,,,2B/3B/SS/UTIL
118041-135223,C,Jakson,Jakson Reetz,Reetz,3.4625000953674316,8,2000,NYM@ATL,NYM,ATL,,,,,,C/1B/UTIL
118041-102461,SS,Aaron,Aaron Bracho,Bracho,,0,2000,SD@LAD,LAD,SD,,,,,,SS/UTIL
118041-135239,2B/SS/3B,Rodolfo,Rodolfo Castro,Castro,0,2,2000,PHI@MIA,PHI,MIA,,,,,,2B/3B/SS/UTIL
118041-135254,2B,Eddy,Eddy Alvarez,Alvarez,0.8857142584664481,14,2000,NYM@ATL,ATL,NYM,,,,,,2B/UTIL
118041-135255,C,Brian,Brian Navarreto,Navarreto,,0,2000,PHI@MIA,MIA,PHI,,,,,,C/1B/UTIL
118041-102488,3B/1B,Emmanuel,Emmanuel Rivera,Rivera,4.0038460951585035,26,2000,BAL@TB,BAL,TB,,,,,,C/1B/3B/UTIL
118041-83051,2B/3B,David,David Bote,Bote,2.4051282833784056,39,2000,SD@LAD,LAD,SD,,,,,,2B/3B/UTIL
118041-102512,OF,Carlos,Carlos Rodriguez,Rodriguez,,0,2000,NYM@ATL,ATL,NYM,,,,,,OF/UTIL
118041-102519,3B,Andrew,Andrew Bechtold,Bechtold,,0,2000,PHI@MIA,PHI,MIA,,,,,,3B/UTIL
118041-102521,C,Josh,Josh Breaux,Breaux,,0,2000,PHI@MIA,PHI,MIA,,,,,,C/1B/UTIL
118041-171128,3B/2B,Buddy,Buddy Kennedy,Kennedy,5.185714176722935,14,2000,PHI@MIA,PHI,MIA,,,,,,2B/3B/UTIL
118041-135302,OF,Brayan,Brayan Buelvas,Buelvas,,0,2000,HOU@ATH,ATH,HOU,,,,,,OF/UTIL
118041-197768,SS/3B,Luis,Luis Vazquez,Vazquez,0,2,2000,BAL@TB,BAL,TB,,,,,,3B/SS/UTIL
118041-102563,3B/2B/SS,Jonathan,Jonathan Ornelas,Ornelas,0.75,4,2000,NYM@ATL,ATL,NYM,,,,,,2B/3B/SS/UTIL
118041-102584,C,Tres,Tres Barrera,Barrera,,0,2000,BAL@TB,TB,BAL,,,,,,C/1B/UTIL
118041-172216,3B/1B,David,David Villar,Villar,5.144444359673394,9,2000,NYM@ATL,NYM,ATL,,,,,,C/1B/3B/UTIL
118041-83143,OF,Oscar,Oscar Mercado,Mercado,0,1,2000,PHI@MIA,PHI,MIA,,,,,,OF/UTIL
118041-187594,2B/3B,Coco,Coco Montes,Montes,1.9,5,2000,BAL@TB,TB,BAL,,,,,,2B/3B/UTIL
118041-198867,C,Samuel,Samuel Basallo,Basallo,,0,2000,BAL@TB,BAL,TB,,,,,,C/1B/UTIL
118041-195795,C,Chandler,Chandler Seagle,Seagle,,0,2000,NYM@ATL,ATL,NYM,,,,,,C/1B/UTIL
118041-198868,OF,Enrique,Enrique Bradfield Jr.,Bradfield Jr.,,0,2000,BAL@TB,BAL,TB,,,,,,OF/UTIL
118041-60634,OF,Forrest,Forrest Wall,Wall,4.072222391764323,18,2000,SD@LAD,SD,LAD,,,,,,OF/UTIL
118041-226530,C,Maverick,Maverick Handley,Handley,2.326666768391927,15,2000,BAL@TB,BAL,TB,,,,,,C/1B/UTIL
118041-146666,OF,Heston,Heston Kjerstad,Kjerstad,5.679629855685764,54,2000,BAL@TB,BAL,TB,,,,,,OF/UTIL
118041-60652,2B,Christian,Christian Arroyo,Arroyo,,0,2000,PHI@MIA,PHI,MIA,,,,,,2B/UTIL
118041-79087,1B,Michael,Michael Chavis,Chavis,0,1,2000,SD@LAD,LAD,SD,,,,,,C/1B/UTIL
118041-198892,OF,Josue,Josue De Paula,De Paula,,0,2000,SD@LAD,LAD,SD,,,,,,OF/UTIL
118041-198898,SS,Jett,Jett Williams,Williams,,0,2000,NYM@ATL,NYM,ATL,,,,,,SS/UTIL
118041-79093,OF,Eloy,Eloy Jimenez,Jimenez,5.833333333333333,99,2000,BAL@TB,TB,BAL,IL,Achilles,,,,OF/UTIL
118041-198903,OF,Drew,Drew Gilbert,Gilbert,,0,2000,NYM@ATL,NYM,ATL,,,,,,OF/UTIL
118041-198902,OF,Ryan,Ryan Clifford,Clifford,,0,2000,NYM@ATL,NYM,ATL,,,,,,OF/UTIL
118041-197883,OF,Kenedy,Kenedy Corona,Corona,0,1,2000,HOU@ATH,HOU,ATH,,,,,,OF/UTIL
118041-146686,OF,Colin,Colin Barber,Barber,,0,2000,HOU@ATH,HOU,ATH,,,,,,OF/UTIL
118041-116994,SS,Donovan,Donovan Walton,Walton,4.844444274902344,9,2000,NYM@ATL,NYM,ATL,,,,,,SS/UTIL
118041-79108,3B,Nick,Nick Senzel,Senzel,6.351351351351352,74,2000,SD@LAD,LAD,SD,,,,,,3B/UTIL
118041-198918,C,Ethan,Ethan Salas,Salas,,0,2000,SD@LAD,SD,LAD,IL,Back,,,,C/1B/UTIL
118041-85262,OF,J.P.,J.P. Martinez,Martinez,2.3777777353922525,9,2000,BAL@TB,BAL,TB,,,,,,OF/UTIL
118041-197904,SS/3B,Darell,Darell Hernaiz,Hernaiz,4.012245022520727,49,2000,HOU@ATH,ATH,HOU,,,,,,3B/SS/UTIL
118041-85268,1B,Joey,Joey Meneses,Meneses,7.273684049907484,76,2000,NYM@ATL,NYM,ATL,,,,,,C/1B/UTIL
118041-198932,1B,Xavier,Xavier Isaac,Isaac,,0,2000,BAL@TB,TB,BAL,,,,,,C/1B/UTIL
118041-197915,C,Hunter,Hunter Feduccia,Feduccia,1.5,2,2000,SD@LAD,LAD,SD,,,,,,C/1B/UTIL
118041-79128,C,Garrett,Garrett Stubbs,Stubbs,5.580701861465187,57,2000,PHI@MIA,PHI,MIA,,,,,,C/1B/UTIL
118041-79130,OF,Jose,Jose Azocar,Azocar,3.3214285714285716,14,2000,NYM@ATL,ATL,NYM,,,,,,OF/UTIL
118041-146719,OF,Junior,Junior Perez,Perez,,0,2000,HOU@ATH,ATH,HOU,,,,,,OF/UTIL
118041-197917,OF,Victor,Victor Mesa Jr.,Mesa Jr.,3.924999952316284,4,2000,PHI@MIA,MIA,PHI,,,,,,OF/UTIL
118041-146726,OF,Josh,Josh Mears,Mears,,0,2000,SD@LAD,SD,LAD,,,,,,OF/UTIL
118041-79156,SS/2B,David,David Fletcher,Fletcher,2.1666666666666665,6,2000,NYM@ATL,ATL,NYM,,,,,,2B/SS/UTIL
118041-82251,OF,Tim,Tim Locastro,Locastro,0,1,2000,SD@LAD,SD,LAD,,,,,,OF/UTIL
118041-79190,C,Ben,Ben Rortvedt,Rortvedt,2.6692308279184194,26,2000,BAL@TB,TB,BAL,,,,,,C/1B/UTIL
118041-135529,OF,Jake,Jake Vogel,Vogel,,0,2000,SD@LAD,LAD,SD,,,,,,OF/UTIL
118041-38276,OF,Albert,Albert Almora,Almora,0,2,2000,PHI@MIA,MIA,PHI,,,,,,OF/UTIL
118041-211339,C,Logan,Logan Driscoll,Driscoll,3.593333435058594,15,2000,BAL@TB,TB,BAL,IL,Ankle,,,,C/1B/UTIL
118041-152972,2B/OF/SS,Luke,Luke Williams,Williams,2.5888888041178384,18,2000,NYM@ATL,ATL,NYM,,,,,,2B/SS/OF/UTIL
118041-193947,SS,Mason,Mason McCoy,McCoy,0,4,2000,SD@LAD,SD,LAD,IL,Finger,,,,SS/UTIL
118041-180644,2B,Nate,Nate Mondou,Mondou,0,1,2000,SD@LAD,SD,LAD,,,,,,2B/UTIL
118041-79279,OF,Andrew,Andrew Stevenson,Stevenson,,0,2000,BAL@TB,TB,BAL,,,,,,OF/UTIL
118041-135646,C,Carson,Carson Taylor,Taylor,,0,2000,PHI@MIA,PHI,MIA,IL,Undisclosed,,,,C/1B/UTIL
118041-155109,2B,Alejo,Alejo Lopez,Lopez,0,2,2000,HOU@ATH,ATH,HOU,,,,,,2B/UTIL
118041-96765,C,Joe,Joe Hudson,Hudson,0,1,2000,HOU@ATH,HOU,ATH,,,,,,C/1B/UTIL
118041-219661,SS,Jared,Jared Serna,Serna,,0,2000,PHI@MIA,MIA,PHI,,,,,,SS/UTIL
118041-202259,1B,Trenton,Trenton Brooks,Brooks,7.400000254313151,3,2000,SD@LAD,SD,LAD,,,,,,C/1B/UTIL
118041-175654,OF,Bryce,Bryce Johnson,Johnson,7.5,2,2000,SD@LAD,SD,LAD,,,,,,OF/UTIL
118041-158244,3B/2B,Yonny,Yonny Hernandez,Hernandez,,0,2000,NYM@ATL,NYM,ATL,,,,,,2B/3B/UTIL
118041-16946,1B,Jon,Jon Singleton,Singleton,6.964754198418289,122,2000,NYM@ATL,NYM,ATL,,,,,,C/1B/UTIL
118041-119353,3B,Kody,Kody Hoese,Hoese,,0,2000,SD@LAD,LAD,SD,,,,,,3B/UTIL
118041-222780,SS,Starlyn,Starlyn Caba,Caba,,0,2000,PHI@MIA,MIA,PHI,IL,Thumb,,,,SS/UTIL
118041-156226,OF,Pedro,Pedro Leon,Leon,3.4571429661342075,7,2000,HOU@ATH,HOU,ATH,IL,Knee,,,,OF/UTIL
118041-222791,OF,Zyhir,Zyhir Hope,Hope,,0,2000,SD@LAD,LAD,SD,,,,,,OF/UTIL
118041-222788,SS,Alex,Alex Freeland,Freeland,,0,2000,SD@LAD,LAD,SD,,,,,,SS/UTIL
118041-207434,3B,Luis,Luis De Los Santos,De Los Santos,2.8384616558368387,13,2000,NYM@ATL,NYM,ATL,,,,,,3B/UTIL
118041-119393,SS,Robert,Robert Puason,Puason,,0,2000,HOU@ATH,ATH,HOU,,,,,,SS/UTIL
118041-222818,SS,Leodalis,Leodalis De Vries,De Vries,,0,2000,SD@LAD,SD,LAD,,,,,,SS/UTIL
118041-119394,SS,Logan,Logan Davidson,Davidson,3.466666751437717,9,2000,HOU@ATH,ATH,HOU,,,,,,SS/UTIL
118041-222821,OF,Carson,Carson Benge,Benge,,0,2000,NYM@ATL,NYM,ATL,,,,,,OF/UTIL
118041-119402,C,Rodolfo,Rodolfo Duran,Duran,,0,2000,SD@LAD,SD,LAD,,,,,,C/1B/UTIL
118041-226928,1B/2B/SS/3B,Jack,Jack Winkler,Winkler,0.5,6,2000,PHI@MIA,MIA,PHI,,,,,,C/1B/2B/3B/SS/UTIL
118041-222847,OF,Justin,Justin Crawford,Crawford,,0,2000,PHI@MIA,PHI,MIA,,,,,,OF/UTIL
118041-82556,OF,Taylor,Taylor Trammell,Trammell,1.1272726925936611,11,2000,HOU@ATH,HOU,ATH,IL,Calf,,,,OF/UTIL
118041-222845,SS,Brice,Brice Matthews,Matthews,,0,2000,HOU@ATH,HOU,ATH,,,,,,SS/UTIL
118041-82558,OF,Conner,Conner Capel,Capel,2.171428544180734,7,2000,NYM@ATL,ATL,NYM,,,,,,OF/UTIL
118041-118398,SS,Vimael,Vimael Machin,Machin,,0,2000,BAL@TB,BAL,TB,,,,,,SS/UTIL
118041-222851,C,Dominic,Dominic Keegan,Keegan,,0,2000,BAL@TB,TB,BAL,,,,,,C/1B/UTIL
118041-222850,3B,Brayden,Brayden Taylor,Taylor,,0,2000,BAL@TB,TB,BAL,,,,,,3B/UTIL
118041-222849,C,Eduardo,Eduardo Tait,Tait,,0,2000,PHI@MIA,PHI,MIA,,,,,,C/1B/UTIL
118041-222848,SS,Aidan,Aidan Miller,Miller,,0,2000,PHI@MIA,PHI,MIA,,,,,,SS/UTIL
118041-222853,1B,Tre',Tre' Morgan,Morgan,,0,2000,BAL@TB,TB,BAL,,,,,,C/1B/UTIL
118041-222852,OF,Theo,Theo Gillen,Gillen,,0,2000,BAL@TB,TB,BAL,,,,,,OF/UTIL
118041-119432,SS,Greg,Greg Jones,Jones,2,3,2000,HOU@ATH,HOU,ATH,,,,,,SS/UTIL
118041-201354,3B,Brett,Brett Harris,Harris,6.333333333333333,36,2000,HOU@ATH,ATH,HOU,,,,,,3B/UTIL
118041-119434,OF,Moises,Moises Gomez,Gomez,,0,2000,SD@LAD,SD,LAD,,,,,,OF/UTIL
118041-176777,OF,Cal,Cal Stevenson,Stevenson,1.9,5,2000,PHI@MIA,PHI,MIA,,,,,,OF/UTIL
118041-119436,SS,Maximo,Maximo Acosta,Acosta,,0,2000,PHI@MIA,MIA,PHI,,,,,,SS/UTIL
118041-165516,C,Daniel,Daniel Vellojin,Vellojin,,0,2000,BAL@TB,TB,BAL,,,,,,C/1B/UTIL
118041-164501,SS,Cal,Cal Conley,Conley,,0,2000,NYM@ATL,ATL,NYM,,,,,,SS/UTIL
118041-164505,OF,Hudson,Hudson Haskin,Haskin,,0,2000,BAL@TB,BAL,TB,,,,,,OF/UTIL
118041-164508,OF,Jesse,Jesse Franklin,Franklin,,0,2000,NYM@ATL,ATL,NYM,,,,,,OF/UTIL
118041-164514,SS,Maikol,Maikol Hernandez,Hernandez,,0,2000,BAL@TB,BAL,TB,,,,,,SS/UTIL
118041-165539,SS,Jose,Jose Rodriguez,Rodriguez,0,2,2000,PHI@MIA,PHI,MIA,,,,,,SS/UTIL
118041-220839,2B,Cooper,Cooper Bowman,Bowman,,0,2000,HOU@ATH,ATH,HOU,IL,Undisclosed,,,,2B/UTIL
118041-164519,3B,Alex,Alex Binelas,Binelas,,0,2000,PHI@MIA,PHI,MIA,,,,,,3B/UTIL
118041-199342,3B,Graham,Graham Pauley,Pauley,4.4178570338657925,28,2000,PHI@MIA,MIA,PHI,,,,,,3B/UTIL
118041-165558,OF,Tyler,Tyler Whitaker,Whitaker,,0,2000,HOU@ATH,HOU,ATH,,,,,,OF/UTIL
118041-165563,SS,Cristian,Cristian Gonzalez,Gonzalez,,0,2000,HOU@ATH,HOU,ATH,,,,,,SS/UTIL
118041-165567,3B/2B/OF,Shay,Shay Whitcomb,Whitcomb,0,5,2000,HOU@ATH,HOU,ATH,,,,,,2B/3B/OF/UTIL
118041-202433,2B/OF,Jamie,Jamie Westbrook,Westbrook,4.490476335797991,21,2000,BAL@TB,TB,BAL,,,,,,2B/OF/UTIL
118041-17105,C,Sandy,Sandy Leon,Leon,0,2,2000,NYM@ATL,ATL,NYM,,,,,,C/1B/UTIL
118041-165590,SS,Wilman,Wilman Diaz,Diaz,,0,2000,SD@LAD,LAD,SD,,,,,,SS/UTIL
118041-198359,3B,Deyvison,Deyvison De Los Santos,De Los Santos,0,2,2000,PHI@MIA,MIA,PHI,IL,Quadriceps,,,,3B/UTIL
118041-165593,OF,Jose,Jose Ramos,Ramos,0,2,2000,SD@LAD,LAD,SD,,,,,,OF/UTIL
118041-165598,C,Jesus,Jesus Galiz,Galiz,,0,2000,SD@LAD,LAD,SD,IL,Undisclosed,,,,C/1B/UTIL
118041-165602,C,Joe,Joe Mack,Mack,,0,2000,PHI@MIA,MIA,PHI,,,,,,C/1B/UTIL
118041-165603,SS,Yiddi,Yiddi Cappe,Cappe,,0,2000,PHI@MIA,MIA,PHI,IL,Undisclosed,,,,SS/UTIL
118041-203490,OF,Steward,Steward Berroa,Berroa,3.9250000544956754,28,2000,SD@LAD,LAD,SD,,,,,,OF/UTIL
118041-165607,SS,Jordan,Jordan McCants,McCants,,0,2000,PHI@MIA,MIA,PHI,,,,,,SS/UTIL
118041-165608,2B,Cody,Cody Morissette,Morissette,,0,2000,PHI@MIA,MIA,PHI,,,,,,2B/UTIL
118041-165619,SS,Noah,Noah Miller,Miller,,0,2000,SD@LAD,LAD,SD,,,,,,SS/UTIL
118041-165623,OF,Carlos,Carlos Cortes,Cortes,,0,2000,HOU@ATH,ATH,HOU,,,,,,OF/UTIL
118041-13054,C,Rob,Rob Brantly,Brantly,4.166666666666667,3,2000,PHI@MIA,MIA,PHI,IL,Lat,,,,C/1B/UTIL
118041-165629,1B,JT,JT Schwartz,Schwartz,,0,2000,NYM@ATL,NYM,ATL,,,,,,C/1B/UTIL
118041-165646,C,Rickardo,Rickardo Perez,Perez,,0,2000,PHI@MIA,PHI,MIA,,,,,,C/1B/UTIL
118041-165647,OF,Ethan,Ethan Wilson,Wilson,,0,2000,PHI@MIA,PHI,MIA,,,,,,OF/UTIL
118041-165644,OF,Pedro,Pedro Pineda,Pineda,,0,2000,HOU@ATH,ATH,HOU,,,,,,OF/UTIL
118041-17171,C,James,James McCann,McCann,7.277941086713006,68,2000,NYM@ATL,ATL,NYM,,,,,,C/1B/UTIL
118041-206608,SS/2B,Nacho,Nacho Alvarez Jr.,Alvarez Jr.,2.2750000953674316,8,2000,NYM@ATL,ATL,NYM,,,,,,2B/SS/UTIL
118041-165662,SS,Euribiel,Euribiel Angeles,Angeles,,0,2000,HOU@ATH,ATH,HOU,,,,,,SS/UTIL
118041-165670,C,Brandon,Brandon Valenzuela,Valenzuela,,0,2000,SD@LAD,SD,LAD,,,,,,C/1B/UTIL
118041-176937,C,Chuckie,Chuckie Robinson,Robinson,1.976923135610727,26,2000,SD@LAD,LAD,SD,,,,,,C/1B/UTIL
118041-165688,C,Ricardo,Ricardo Genoves,Genoves,,0,2000,BAL@TB,TB,BAL,,,,,,C/1B/UTIL
118041-165702,SS,Carson,Carson Williams,Williams,,0,2000,BAL@TB,TB,BAL,,,,,,SS/UTIL
118041-110404,3B,Mike,Mike Brosseau,Brosseau,0,1,2000,SD@LAD,SD,LAD,,,,,,3B/UTIL
118041-119623,OF,Alex,Alex Ramirez,Ramirez,0,3,2000,NYM@ATL,NYM,ATL,,,,,,OF/UTIL
118041-165700,SS,Carlos,Carlos Colmenares,Colmenares,,0,2000,BAL@TB,TB,BAL,,,,,,SS/UTIL
118041-165704,2B,Cooper,Cooper Kinney,Kinney,,0,2000,BAL@TB,TB,BAL,,,,,,2B/UTIL
118041-163661,3B/2B,Eguy,Eguy Rosario,Rosario,4.193548387096774,31,2000,SD@LAD,SD,LAD,,,,,,2B/3B/UTIL
118041-163669,C,Bryan,Bryan Lavastida,Lavastida,,0,2000,HOU@ATH,HOU,ATH,,,,,,C/1B/UTIL
118041-163694,SS,Eddys,Eddys Leonard,Leonard,0,1,2000,NYM@ATL,ATL,NYM,,,,,,SS/UTIL
118041-174963,SS,Charles,Charles Leblanc,Leblanc,8.290908813476562,11,2000,NYM@ATL,ATL,NYM,IL,Undisclosed,,,,SS/UTIL
118041-11129,OF,Jason,Jason Heyward,Heyward,4.641176560345818,34,2000,SD@LAD,SD,LAD,IL,Oblique,,,,OF/UTIL
118041-170879,C,Chris,Chris Okey,Okey,0,2,2000,SD@LAD,LAD,SD,,,,,,C/1B/UTIL
118041-182167,1B,Matt,Matt Mervis,Mervis,6.523809523809524,42,2000,PHI@MIA,MIA,PHI,,,,,,C/1B/UTIL
118041-102317,SS,Terrin,Terrin Vavra,Vavra,,0,2000,BAL@TB,BAL,TB,,,,,,SS/UTIL
118041-102322,2B/3B,Nick,Nick Madrigal,Madrigal,2.823529411764706,51,2000,NYM@ATL,NYM,ATL,IL,Shoulder,,,,2B/3B/UTIL
118041-68538,2B,Franklin,Franklin Barreto,Barreto,,0,2000,BAL@TB,BAL,TB,IL,Undisclosed,,,,2B/UTIL
118041-102337,OF,Seth,Seth Beer,Beer,,0,2000,PHI@MIA,PHI,MIA,,,,,,OF/UTIL
118041-102347,2B/SS/3B,Livan,Livan Soto,Soto,1.6133333841959636,15,2000,BAL@TB,BAL,TB,,,,,,2B/3B/SS/UTIL
118041-102346,OF,Jordyn,Jordyn Adams,Adams,0.6400000095367432,5,2000,BAL@TB,BAL,TB,,,,,,OF/UTIL
118041-102348,SS,Jeremiah,Jeremiah Jackson,Jackson,,0,2000,BAL@TB,BAL,TB,,,,,,SS/UTIL
118041-171986,3B,Matthew,Matthew Batten,Batten,4.5,2,2000,NYM@ATL,ATL,NYM,,,,,,3B/UTIL
118041-24529,OF,Rafael,Rafael Ortega,Ortega,2.4866666158040363,15,2000,NYM@ATL,NYM,ATL,IL,Undisclosed,,,,OF/UTIL
118041-102352,C,Payton,Payton Henry,Henry,0,1,2000,PHI@MIA,PHI,MIA,,,,,,C/1B/UTIL
118041-200663,C,David,David Banuelos,Banuelos,0,1,2000,BAL@TB,BAL,TB,,,,,,C/1B/UTIL
118041-102356,OF,Gilberto,Gilberto Celestino,Celestino,,0,2000,NYM@ATL,NYM,ATL,,,,,,OF/UTIL
118041-102358,SS,Jose,Jose Devers,Devers,1.2399999618530273,5,2000,NYM@ATL,ATL,NYM,,,,,,SS/UTIL
118041-102384,SS,Jeremy,Jeremy Eierman,Eierman,,0,2000,HOU@ATH,ATH,HOU,,,,,,SS/UTIL
118041-102390,OF,Travis,Travis Swaggerty,Swaggerty,,0,2000,NYM@ATL,NYM,ATL,,,,,,OF/UTIL
118041-102392,OF,Esteury,Esteury Ruiz,Ruiz,5.896551724137931,29,2000,SD@LAD,LAD,SD,,,,,,OF/UTIL