Id,Position,First Name,Nickname,Last Name,FPPG,Played,Salary,Game,Team,Opponent,Injury Indicator,Injury Details,Tier,Probable Pitcher,Batting Order,Roster Position
118315-135977,P,Garrett,Garrett Crochet,Crochet,43.76470588235294,17,11200,CIN@BOS,BOS,CIN,,,,Yes,,P
118315-16960,P,Zack,Zack Wheeler,Wheeler,42.75,16,11000,SD@PHI,PHI,SD,,,,Yes,,P
118315-197980,P,Paul,Paul Skenes,Skenes,37.94117647058823,17,10800,STL@PIT,PIT,STL,,,,,,P
118315-53029,P,Robbie,Robbie Ray,Ray,36.88235294117647,17,10600,SF@ARI,SF,ARI,,,,,,P
118315-102396,P,Logan,Logan Gilbert,Gilbert,33.333333333333336,9,10500,KC@SEA,SEA,KC,,,,,,P
118315-83157,P,Ranger,Ranger Suarez,Suarez,41,11,10400,SD@PHI,PHI,SD,,,,,,P
118315-101839,P,Logan,Logan Webb,Webb,40.35294117647059,17,10400,SF@ARI,SF,ARI,,,,Yes,,P
118315-79091,P,Dylan,Dylan Cease,Cease,31.11764705882353,17,10300,SD@PHI,SD,PHI,,,,,,P
118315-187194,P,Bryan,Bryan Woo,Woo,36.8125,16,10200,KC@SEA,SEA,KC,,,,,,P
118315-13233,P,Nathan,Nathan Eovaldi,Eovaldi,34.84615384615385,13,10200,BAL@TEX,TEX,BAL,,,,,,P
118315-52185,P,Max,Max Fried,Fried,39.94117647058823,17,10200,NYY@TOR,NYY,TOR,,,,,,P
118315-60633,P,Carlos,Carlos Rodon,Rodon,38.411764705882355,17,10200,NYY@TOR,NYY,TOR,,,,Yes,,P
118315-117232,P,Michael,Michael King,King,34.3,10,10000,SD@PHI,SD,PHI,IL,Shoulder,,,,P
118315-17064,P,Sonny,Sonny Gray,Gray,35.1875,16,10000,STL@PIT,STL,PIT,,,,,,P
118315-52859,P,Jacob,Jacob deGrom,deGrom,36.625,16,10000,BAL@TEX,TEX,BAL,,,,,,P
118315-60647,P,Aaron,Aaron Nola,Nola,24.555555555555557,9,9900,SD@PHI,PHI,SD,IL,Ribs,,,,P
118315-101881,P,Merrill,Merrill Kelly,Kelly,32.8235294117647,17,9900,SF@ARI,ARI,SF,,,,,,P
118315-165512,P,Andrew,Andrew Abbott,Abbott,34.5,14,9800,CIN@BOS,CIN,BOS,,,,,,P
118315-135647,P,Ryan,Ryan Pepiot,Pepiot,31,17,9700,ATH@TB,TB,ATH,,,,,,P
118315-82550,P,Hunter,Hunter Greene,Greene,35.27272727272727,11,9700,CIN@BOS,CIN,BOS,IL,Groin,,,,P
118315-82621,P,Clarke,Clarke Schmidt,Schmidt,32.07692307692308,13,9700,NYY@TOR,NYY,TOR,,,,,,P
118315-82604,P,Corbin,Corbin Burnes,Burnes,33.72727272727273,11,9600,SF@ARI,ARI,SF,IL,Elbow,,,,P
118315-118225,P,Cristopher,Cristopher Sanchez,Sanchez,36.375,16,9600,SD@PHI,PHI,SD,,,,,,P
118315-79280,P,Jesus,Jesus Luzardo,Luzardo,33.411764705882355,17,9500,SD@PHI,PHI,SD,,,,,,P
118315-53067,P,Chris,Chris Bassitt,Bassitt,29,17,9500,NYY@TOR,TOR,NYY,,,,,,P
118315-102294,P,Grayson,Grayson Rodriguez,Rodriguez,35.6,20,9500,BAL@TEX,BAL,TEX,IL,Lat,,,,P
118315-52142,P,Eduardo,Eduardo Rodriguez,Rodriguez,25.928571428571427,14,9400,SF@ARI,ARI,SF,,,,,,P
118315-79270,P,Cole,Cole Ragans,Ragans,31,10,9300,KC@SEA,KC,SEA,IL,Shoulder,,,,P
118315-102330,P,Kris,Kris Bubic,Bubic,37.1875,16,9300,KC@SEA,KC,SEA,,,,,,P
118315-102407,P,Shane,Shane McClanahan,McClanahan,0,1,9200,ATH@TB,TB,ATH,IL,Triceps,,,,P
118315-60639,P,Jose,Jose Berrios,Berrios,31.176470588235293,17,9100,NYY@TOR,TOR,NYY,,,,,,P
118315-79109,P,Tyler,Tyler Mahle,Mahle,28.785714285714285,14,9100,BAL@TEX,TEX,BAL,IL,Shoulder,,,,P
118315-102408,P,Matthew,Matthew Liberatore,Liberatore,29.1875,16,9000,STL@PIT,STL,PIT,,,,,,P
118315-79951,P,Nick,Nick Pivetta,Pivetta,34.875,16,9000,SD@PHI,SD,PHI,,,,,,P
118315-16956,P,Gerrit,Gerrit Cole,Cole,32,22,9000,NYY@TOR,NYY,TOR,IL,Elbow,,,,P
118315-193326,P,Jacob,Jacob Lopez,Lopez,24.636363636363637,11,9000,ATH@TB,ATH,TB,,,,Yes,,P
118315-38000,P,Kevin,Kevin Gausman,Gausman,30.5,16,9000,NYY@TOR,TOR,NYY,,,,,,P
118315-146725,P,Jared,Jared Jones,Jones,30.59090909090909,22,8900,STL@PIT,PIT,STL,IL,Elbow,,,,P
118315-198912,P,Will,Will Warren,Warren,27.941176470588236,17,8800,NYY@TOR,NYY,TOR,,,,,,P
118315-85251,P,Zac,Zac Gallen,Gallen,24.647058823529413,17,8800,SF@ARI,ARI,SF,,,,,,P
118315-79162,P,Luis,Luis Castillo,Castillo,28,17,8800,KC@SEA,SEA,KC,,,,,,P
118315-118206,P,Luis,Luis Gil,Gil,30.29032258064516,31,8800,NYY@TOR,NYY,TOR,IL,Lat,,,,P
118315-222782,P,Chase,Chase Burns,Burns,30,1,8800,CIN@BOS,CIN,BOS,,,,Yes,,P
118315-119329,P,Nick,Nick Lodolo,Lodolo,29.058823529411764,17,8700,CIN@BOS,CIN,BOS,,,,,,P
118315-119361,P,Drew,Drew Rasmussen,Rasmussen,28.625,16,8700,ATH@TB,TB,ATH,,,,Yes,,P
118315-83166,P,Zack,Zack Littell,Littell,28.647058823529413,17,8700,ATH@TB,TB,ATH,,,,,,P
118315-16931,P,Yu,Yu Darvish,Darvish,28.77777777777778,18,8600,SD@PHI,SD,PHI,IL,Elbow,,,,P
118315-37999,P,Michael,Michael Wacha,Wacha,28.25,16,8600,KC@SEA,KC,SEA,,,,Yes,,P
118315-71034,P,Seth,Seth Lugo,Lugo,31.666666666666668,15,8600,KC@SEA,KC,SEA,,,,,,P
118315-102458,P,Kutter,Kutter Crawford,Crawford,27.96969696969697,33,8500,CIN@BOS,BOS,CIN,IL,Wrist,,,,P
118315-79217,P,Mitch,Mitch Keller,Keller,26.823529411764707,17,8500,STL@PIT,PIT,STL,,,,,,P
118315-219697,P,Noah,Noah Cameron,Cameron,28.11111111111111,9,8400,KC@SEA,KC,SEA,,,,,,P
118315-52198,P,Lucas,Lucas Giolito,Giolito,27.545454545454547,11,8400,CIN@BOS,BOS,CIN,,,,,,P
118315-165698,P,Taj,Taj Bradley,Bradley,25.41176470588235,17,8400,ATH@TB,TB,ATH,,,,,,P
118315-164497,P,Ryne,Ryne Nelson,Nelson,17.11764705882353,18,8300,SF@ARI,ARI,SF,,,,Yes,,P
118315-199728,P,Landen,Landen Roupp,Roupp,27.125,16,8300,SF@ARI,SF,ARI,,,,,,P
118315-79226,P,Eric,Eric Lauer,Lauer,21.25,12,8300,NYY@TOR,TOR,NYY,,,,,,P
118315-102447,P,Dean,Dean Kremer,Kremer,26.176470588235293,17,8200,BAL@TEX,BAL,TEX,,,,,,P
118315-119414,P,George,George Kirby,Kirby,23.714285714285715,7,8200,KC@SEA,SEA,KC,,,,Yes,,P
118315-203678,P,Hayden,Hayden Birdsong,Birdsong,15.666666666666666,18,8200,SF@ARI,SF,ARI,,,,,,P
118315-163680,P,Brayan,Brayan Bello,Bello,25.76923076923077,13,8200,CIN@BOS,BOS,CIN,,,,,,P
118315-82630,P,Shane,Shane Baz,Baz,29.375,16,8100,ATH@TB,TB,ATH,,,,,,P
118315-198879,P,Rhett,Rhett Lowder,Lowder,27,6,8000,CIN@BOS,CIN,BOS,IL,Forearm,,,,P
118315-68523,P,Joe,Joe Musgrove,Musgrove,28.45,20,8000,SD@PHI,SD,PHI,IL,Elbow,,,,P
118315-146705,P,J.T.,J.T. Ginn,Ginn,17.285714285714285,7,8000,ATH@TB,ATH,TB,,,,,,P
118315-185701,P,Brandon,Brandon Pfaadt,Pfaadt,24.625,17,8000,SF@ARI,ARI,SF,,,,,,P
118315-163700,P,Kyle,Kyle Bradish,Bradish,32.625,8,8000,BAL@TEX,BAL,TEX,IL,Elbow,,,,P
118315-194677,P,Easton,Easton Lucas,Lucas,21.4,5,7900,NYY@TOR,TOR,NYY,IL,Undisclosed,,,,P
118315-219724,P,Ryan,Ryan Bergert,Bergert,14.666666666666666,9,7900,SD@PHI,SD,PHI,IL,Forearm,,,,P
118315-68482,P,Zach,Zach Eflin,Eflin,20.75,12,7900,BAL@TEX,BAL,TEX,O,Back,,,,P
118315-5202,P,Justin,Justin Verlander,Verlander,22.23076923076923,13,7900,SF@ARI,SF,ARI,,,,,,P
118315-85476,P,Jeffrey,Jeffrey Springs,Springs,25.705882352941178,17,7900,ATH@TB,ATH,TB,,,,,,P
118315-146717,P,Mick,Mick Abel,Abel,22.6,6,7800,SD@PHI,PHI,SD,,,,,,P
118315-52728,P,Michael,Michael Lorenzen,Lorenzen,24.1875,17,7800,KC@SEA,KC,SEA,,,,,,P
118315-185896,P,Cody,Cody Bradford,Bradford,29.785714285714285,14,7800,BAL@TEX,TEX,BAL,IL,Elbow,,,,P
118315-165655,P,Bubba,Bubba Chandler,Chandler,,0,7800,STL@PIT,PIT,STL,,,,,,P
118315-165706,P,Jack,Jack Leiter,Leiter,23,14,7800,BAL@TEX,TEX,BAL,,,,,,P
118315-102344,P,Brady,Brady Singer,Singer,26.9375,16,7800,CIN@BOS,CIN,BOS,,,,,,P
118315-68485,P,Ryan,Ryan Yarbrough,Yarbrough,16.6875,16,7700,NYY@TOR,NYY,TOR,IL,Oblique,,,,P
118315-211874,P,Kumar,Kumar Rocker,Rocker,19.444444444444443,9,7700,BAL@TEX,TEX,BAL,,,,,,P
118315-68564,P,Erick,Erick Fedde,Fedde,22.25,16,7700,STL@PIT,STL,PIT,,,,Yes,,P
118315-226322,P,Logan,Logan Evans,Evans,25.142857142857142,7,7700,KC@SEA,SEA,KC,,,,,,P
118315-165689,P,Bryce,Bryce Miller,Miller,18.2,10,7700,KC@SEA,SEA,KC,IL,Elbow,,,,P
118315-21097,P,Taijuan,Taijuan Walker,Walker,13.666666666666666,18,7600,SD@PHI,PHI,SD,,,,,,P
118315-82638,P,Jordan,Jordan Hicks,Hicks,14.153846153846153,13,7600,CIN@BOS,BOS,CIN,IL,Toe,,,,P
118315-79168,P,Walker,Walker Buehler,Buehler,20,14,7600,CIN@BOS,BOS,CIN,,,,,,P
118315-165715,P,Gunnar,Gunnar Hoglund,Hoglund,17.833333333333332,6,7600,ATH@TB,ATH,TB,IL,Hip,,,,P
118315-119441,P,Alek,Alek Manoah,Manoah,27,6,7500,NYY@TOR,TOR,NYY,IL,Elbow,,,,P
118315-211765,P,Richard,Richard Fitts,Fitts,17.833333333333332,6,7500,CIN@BOS,BOS,CIN,,,,,,P
118315-5466,P,Charlie,Charlie Morton,Morton,19.333333333333332,18,7500,BAL@TEX,BAL,TEX,,,,,,P
118315-165573,P,Alec,Alec Marsh,Marsh,24.423076923076923,26,7500,KC@SEA,KC,SEA,IL,Shoulder,,,,P
118315-198362,P,Stephen,Stephen Kolek,Kolek,25.545454545454547,11,7500,SD@PHI,SD,PHI,,,,,,P
118315-17121,P,Miles,Miles Mikolas,Mikolas,20.4375,16,7400,STL@PIT,STL,PIT,,,,,,P
118315-52167,P,Andrew,Andrew Heaney,Heaney,22.75,16,7400,STL@PIT,PIT,STL,,,,Yes,,P
118315-60644,P,Luis,Luis Severino,Severino,21.444444444444443,18,7400,ATH@TB,ATH,TB,,,,,,P
118315-187769,P,Osvaldo,Osvaldo Bido,Bido,13.333333333333334,12,7400,ATH@TB,ATH,TB,,,,,,P
118315-165561,P,Chayce,Chayce McDermott,McDermott,11.5,2,7400,BAL@TEX,BAL,TEX,,,,,,P
118315-220895,P,Tomoyuki,Tomoyuki Sugano,Sugano,22.625,16,7400,BAL@TEX,BAL,TEX,,,,,,P
118315-202541,P,Cade,Cade Povich,Povich,23.615384615384617,13,7400,BAL@TEX,BAL,TEX,IL,Hip,,,,P
118315-163685,P,JP,JP Sears,Sears,21.529411764705884,17,7400,ATH@TB,ATH,TB,,,,,,P
118315-145625,P,Bailey,Bailey Falter,Falter,21.88235294117647,17,7300,STL@PIT,PIT,STL,,,,,,P
118315-219668,P,Hunter,Hunter Dobbins,Dobbins,21.833333333333332,12,7300,CIN@BOS,BOS,CIN,IL,Elbow,,,,P
118315-82607,P,Trevor,Trevor Rogers,Rogers,31.333333333333332,3,7300,BAL@TEX,BAL,TEX,,,,Yes,,P
118315-5481,P,Max,Max Scherzer,Scherzer,12,2,7300,NYY@TOR,TOR,NYY,,,,Yes,,P
118315-53590,P,Nick,Nick Martinez,Martinez,23.444444444444443,18,7200,CIN@BOS,CIN,BOS,,,,,,P
118315-70470,P,Albert,Albert Suarez,Suarez,11,1,7200,BAL@TEX,BAL,TEX,IL,Shoulder,,,,P
118315-13664,P,Patrick,Patrick Corbin,Corbin,23.857142857142858,14,7200,BAL@TEX,TEX,BAL,,,,Yes,,P
118315-135268,P,Emerson,Emerson Hancock,Hancock,20.142857142857142,14,7100,KC@SEA,SEA,KC,,,,,,P
118315-160939,P,Jacob,Jacob Latz,Latz,11.823529411764707,18,7100,BAL@TEX,TEX,BAL,DTD,Undisclosed,,,,P
118315-118202,P,Kyle,Kyle Hart,Hart,14.5,6,7100,SD@PHI,SD,PHI,,,,,,P
118315-6266,P,Carlos,Carlos Carrasco,Carrasco,15,8,7000,NYY@TOR,NYY,TOR,,,,,,P
118315-53607,P,Anthony,Anthony DeSclafani,DeSclafani,9.333333333333334,3,7000,SF@ARI,ARI,SF,,,,,,P
118315-219659,P,Brandon,Brandon Young,Young,13.666666666666666,3,7000,BAL@TEX,BAL,TEX,,,,,,P
118315-52155,P,Jon,Jon Gray,Gray,20.47826086956522,24,7000,BAL@TEX,TEX,BAL,IL,Wrist,,,,P
118315-168950,P,Andre,Andre Pallante,Pallante,22.9375,16,7000,STL@PIT,STL,PIT,,,,,,P
118315-146733,P,Kyle,Kyle Harrison,Harrison,14.5,8,7000,CIN@BOS,BOS,CIN,,,,,,P
118315-165638,P,Randy,Randy Vasquez,Vasquez,19.235294117647058,17,7000,SD@PHI,SD,PHI,,,,,,P
118315-163698,P,Bowden,Bowden Francis,Francis,17.785714285714285,14,7000,NYY@TOR,TOR,NYY,IL,Shoulder,,,,P
118315-79853,P,Jordan,Jordan Montgomery,Montgomery,17.16,25,7000,SF@ARI,ARI,SF,IL,Elbow,,,,P
118315-146724,P,Carmen,Carmen Mlodzinski,Mlodzinski,13.357142857142858,14,6900,STL@PIT,PIT,STL,,,,,,P
118315-198353,P,Mitch,Mitch Spence,Spence,10.62962962962963,27,6900,ATH@TB,ATH,TB,,,,,,P
118315-165659,P,Mike,Mike Burrows,Burrows,20.875,8,6900,STL@PIT,PIT,STL,,,,,,P
118315-188485,P,Matt,Matt Waldron,Waldron,25.22222222222222,27,6800,SD@PHI,SD,PHI,,,,Yes,,P
118315-102498,P,Patrick,Patrick Sandoval,Sandoval,23.4375,16,6800,CIN@BOS,BOS,CIN,IL,Elbow,,,,P
118315-176240,P,Luis F.,Luis F. Castillo,Castillo,9,2,6800,BAL@TEX,BAL,TEX,,,,,,P
118315-39041,P,Marcus,Marcus Stroman,Stroman,8.5,4,6800,NYY@TOR,NYY,TOR,,,,,,P
118315-102569,P,Michael,Michael Mercado,Mercado,2,3,6800,SD@PHI,PHI,SD,,,,,,P
118315-198916,P,Thomas,Thomas Harrington,Harrington,9,2,6800,STL@PIT,PIT,STL,,,,,,P
118315-198934,P,Yariel,Yariel Rodriguez,Rodriguez,6.424242424242424,33,6800,NYY@TOR,TOR,NYY,,,,,,P
118315-149886,P,Cody,Cody Poteet,Poteet,-4,1,6800,BAL@TEX,BAL,TEX,IL,Shoulder,,,,P
118315-82540,P,Tanner,Tanner Houck,Houck,13.555555555555555,9,6800,CIN@BOS,BOS,CIN,IL,Elbow,,,,P
118315-60637,P,Sean,Sean Newcomb,Newcomb,13.7,20,6800,ATH@TB,ATH,TB,,,,,,P
118315-185845,P,Allan,Allan Winans,Winans,5,2,6800,NYY@TOR,NYY,TOR,,,,,,P
118315-165694,P,Michael,Michael McGreevy,McGreevy,22,4,6700,STL@PIT,STL,PIT,,,,,,P
118315-119302,P,Blake,Blake Walston,Walston,12.571428571428571,7,6600,SF@ARI,ARI,SF,IL,Elbow,,,,P
118315-102333,P,Daniel,Daniel Lynch IV,Lynch IV,4.972222222222222,36,6600,KC@SEA,KC,SEA,,,,,,P
118315-12936,P,Kyle,Kyle Gibson,Gibson,-0.5,4,6500,ATH@TB,TB,ATH,,,,,,P
118315-52174,P,Steven,Steven Matz,Matz,9.541666666666666,24,6500,STL@PIT,STL,PIT,,,,,,P
118315-79103,P,Dane,Dane Dunning,Dunning,10.5,2,6500,BAL@TEX,TEX,BAL,,,,,,P
118315-194242,P,Carson,Carson Spiers,Spiers,16.666666666666668,3,6500,CIN@BOS,CIN,BOS,IL,Shoulder,,,,P
118315-165634,P,Ken,Ken Waldichuk,Waldichuk,0,1,6500,ATH@TB,ATH,TB,IL,Elbow,,,,P
118315-190370,P,Jackson,Jackson Wolf,Wolf,0,1,6500,SD@PHI,SD,PHI,,,,,,P
118315-102456,P,Jhonathan,Jhonathan Diaz,Diaz,7,1,6400,KC@SEA,SEA,KC,,,,,,P
118315-194939,P,Joe,Joe Boyle,Boyle,42,1,6400,ATH@TB,TB,ATH,,,,,,P
118315-219695,P,Luinder,Luinder Avila,Avila,,0,6400,KC@SEA,KC,SEA,IL,Shoulder,,,,P
118315-164504,P,Joey,Joey Estes,Estes,0,2,6400,ATH@TB,ATH,TB,,,,,,P
118315-181794,P,Hogan,Hogan Harris,Harris,7.12,25,6400,ATH@TB,ATH,TB,,,,,,P
118315-165508,P,Graham,Graham Ashcraft,Ashcraft,6.862068965517241,29,6400,CIN@BOS,CIN,BOS,IL,Groin,,,,P
118315-165618,P,Chase,Chase Petty,Petty,0,3,6400,CIN@BOS,CIN,BOS,,,,,,P
118315-52998,P,Aaron,Aaron Brooks,Brooks,15.8,5,6400,ATH@TB,ATH,TB,,,,,,P
118315-135245,P,Tommy,Tommy Henry,Henry,17.5,2,6300,SF@ARI,ARI,SF,IL,Elbow,,,,P
118315-161256,P,Cooper,Cooper Criswell,Criswell,6,5,6300,CIN@BOS,BOS,CIN,,,,,,P
118315-73835,P,Ty,Ty Blach,Blach,9.15,20,6200,BAL@TEX,TEX,BAL,,,,,,P
118315-119416,P,Brandon,Brandon Williamson,Williamson,15.25,4,6200,CIN@BOS,CIN,BOS,IL,Elbow,,,,P
118315-82636,P,Joey,Joey Lucchesi,Lucchesi,3,5,6200,SF@ARI,SF,ARI,,,,,,P
118315-181660,P,Jhony,Jhony Brito,Brito,6.3076923076923075,26,6200,SD@PHI,SD,PHI,IL,Forearm,,,,P
118315-181823,P,Keaton,Keaton Winn,Winn,17.666666666666668,12,6200,SF@ARI,SF,ARI,IL,Undisclosed,,,,P
118315-204512,P,Yilber,Yilber Diaz,Diaz,3,1,6200,SF@ARI,ARI,SF,,,,,,P
118315-102394,P,Luis,Luis Patino,Patino,0,1,6200,SD@PHI,SD,PHI,,,,,,P
118315-104584,P,Zach,Zach Plesac,Plesac,9.333333333333334,3,6100,STL@PIT,STL,PIT,,,,,,P
118315-12972,P,Wade,Wade Miley,Miley,12,3,6100,CIN@BOS,CIN,BOS,IL,Forearm,,,,P
118315-195785,P,Caleb,Caleb Boushley,Boushley,8.466666666666667,15,6100,BAL@TEX,TEX,BAL,,,,,,P
118315-145922,P,Tyler,Tyler Wells,Wells,19.666666666666668,4,6000,BAL@TEX,BAL,TEX,IL,Elbow,,,,P
118315-209958,P,Julian,Julian Aguiar,Aguiar,15.142857142857142,7,6000,CIN@BOS,CIN,BOS,IL,Elbow,,,,P
118315-165720,P,Ricky,Ricky Tiedemann,Tiedemann,,0,6000,NYY@TOR,TOR,NYY,IL,Elbow,,,,P
118315-163681,P,Josh,Josh Winckowski,Winckowski,7.833333333333333,6,6000,CIN@BOS,BOS,CIN,IL,Elbow,,,,P
118315-102446,P,Tristan,Tristan Beck,Beck,7.5,6,5900,SF@ARI,SF,ARI,,,,,,P
118315-178306,P,Bryan,Bryan Hoeing,Hoeing,10.5,2,5900,SD@PHI,SD,PHI,,,,,,P
118315-203266,P,Jake,Jake Bloss,Bloss,13.666666666666666,3,5900,NYY@TOR,TOR,NYY,IL,Elbow,,,,P
118315-199224,P,Mason,Mason Black,Black,14.444444444444445,9,5900,SF@ARI,SF,ARI,,,,,,P
118315-119391,P,Roansy,Roansy Contreras,Contreras,6.085106382978723,49,5900,BAL@TEX,BAL,TEX,,,,,,P
118315-197907,P,Brady,Brady Basso,Basso,14.857142857142858,7,5900,ATH@TB,ATH,TB,IL,Shoulder,,,,P
118315-146728,P,Connor,Connor Phillips,Phillips,7,3,5900,CIN@BOS,CIN,BOS,,,,,,P
118315-181832,P,Roddery,Roddery Munoz,Munoz,3.8333333333333335,6,5900,STL@PIT,STL,PIT,,,,,,P
118315-181845,P,Drew,Drew Rom,Rom,0,2,5900,STL@PIT,STL,PIT,IL,Undisclosed,,,,P
118315-52873,P,Joe,Joe Ross,Ross,5.653846153846154,27,5900,SD@PHI,PHI,SD,,,,,,P
118315-158858,P,Justin,Justin Bruihl,Bruihl,10,2,5800,NYY@TOR,TOR,NYY,,,,,,P
118315-145610,P,Angel,Angel Zerpa,Zerpa,4.888888888888889,36,5700,KC@SEA,KC,SEA,,,,,,P
118315-119423,P,Zack,Zack Thompson,Thompson,11.4,7,5700,STL@PIT,STL,PIT,IL,Lat,,,,P
118315-119431,P,Seth,Seth Johnson,Johnson,3,1,5700,SD@PHI,PHI,SD,,,,,,P
118315-82573,P,Alex,Alex Faedo,Faedo,8.054054054054054,37,5700,ATH@TB,TB,ATH,IL,Shoulder,,,,P
118315-213867,P,Blas,Blas Castano,Castano,3,1,5700,KC@SEA,SEA,KC,,,,,,P
118315-79126,P,Forrest,Forrest Whitley,Whitley,2,10,5700,ATH@TB,TB,ATH,,,,,,P
118315-101838,P,JT,JT Brubaker,Brubaker,0.3333333333333333,3,5700,NYY@TOR,NYY,TOR,,,,,,P
118315-161275,P,Kyle,Kyle Tyler,Tyler,14.125,8,5700,BAL@TEX,BAL,TEX,,,,,,P
118315-102462,P,Lyon,Lyon Richardson,Richardson,5.333333333333333,22,5600,CIN@BOS,CIN,BOS,,,,,,P
118315-82539,P,Jalen,Jalen Beeks,Beeks,4.461538461538462,39,5600,SF@ARI,ARI,SF,,,,,,P
118315-102405,P,Sean,Sean Hjelle,Hjelle,4.666666666666667,9,5500,SF@ARI,SF,ARI,,,,,,P
118315-102419,P,Cole,Cole Winn,Winn,5.769230769230769,13,5500,BAL@TEX,TEX,BAL,,,,,,P
118315-135191,P,Josh,Josh Fleming,Fleming,4.541666666666667,25,5500,KC@SEA,SEA,KC,,,,,,P
118315-79895,P,Miguel,Miguel Diaz,Diaz,3,1,5500,SF@ARI,SF,ARI,,,,,,P
118315-135192,P,Ryan,Ryan Thompson,Thompson,4.142857142857143,35,5500,SF@ARI,ARI,SF,,,,,,P
118315-102426,P,Adam,Adam Kloffenstein,Kloffenstein,3,1,5500,NYY@TOR,TOR,NYY,,,,,,P
118315-102428,P,Eric,Eric Pardinho,Pardinho,,0,5500,NYY@TOR,TOR,NYY,,,,,,P
118315-155687,P,Andrew,Andrew Wantz,Wantz,10,1,5500,ATH@TB,TB,ATH,IL,Elbow,,,,P
118315-102455,P,Cory,Cory Abbott,Abbott,0,1,5500,BAL@TEX,TEX,BAL,,,,,,P
118315-135226,P,Wes,Wes Benjamin,Benjamin,,0,5500,SD@PHI,SD,PHI,,,,,,P
118315-172092,P,Garrett,Garrett Hill,Hill,0,1,5500,KC@SEA,SEA,KC,,,,,,P
118315-79936,P,Mark,Mark Leiter Jr.,Leiter Jr.,5.675675675675675,37,5500,NYY@TOR,NYY,TOR,,,,,,P
118315-104512,P,Geoff,Geoff Hartlieb,Hartlieb,4.2,5,5500,NYY@TOR,NYY,TOR,,,,,,P
118315-102469,P,Ben,Ben Bowden,Bowden,,0,5500,ATH@TB,ATH,TB,,,,,,P
118315-102479,P,Lincoln,Lincoln Henzman,Henzman,,0,5500,ATH@TB,ATH,TB,,,,,,P
118315-135249,P,Bryce,Bryce Jarvis,Jarvis,6.142857142857143,7,5500,SF@ARI,ARI,SF,,,,,,P
118315-102501,P,Braydon,Braydon Fisher,Fisher,7.2,20,5500,NYY@TOR,TOR,NYY,,,,,,P
118315-102500,P,Robert,Robert Dugger,Dugger,,0,5500,BAL@TEX,TEX,BAL,,,,,,P
118315-116839,P,David,David Bednar,Bednar,6.258064516129032,32,5500,STL@PIT,PIT,STL,,,,,,P
118315-102505,P,Edwin,Edwin Uceta,Uceta,5.257142857142857,35,5500,ATH@TB,TB,ATH,,,,,,P
118315-135279,P,Codi,Codi Heuer,Heuer,4,1,5500,BAL@TEX,TEX,BAL,,,,,,P
118315-116847,P,Cole,Cole Sulser,Sulser,6,13,5500,ATH@TB,TB,ATH,,,,,,P
118315-161906,P,Dauri,Dauri Moreta,Moreta,0,1,5500,STL@PIT,PIT,STL,,,,,,P
118315-135281,P,Bryan,Bryan Baker,Baker,5.7894736842105265,38,5500,BAL@TEX,BAL,TEX,,,,,,P
118315-82039,P,Aaron,Aaron Wilkerson,Wilkerson,,0,5500,CIN@BOS,CIN,BOS,,,,,,P
118315-102523,P,Deivi,Deivi Garcia,Garcia,4.285714285714286,14,5500,CIN@BOS,CIN,BOS,,,,,,P
118315-135289,P,Kodi,Kodi Whitley,Whitley,,0,5500,ATH@TB,TB,ATH,IL,Undisclosed,,,,P
118315-116868,P,Gabe,Gabe Speier,Speier,5.555555555555555,36,5500,KC@SEA,SEA,KC,,,,,,P
118315-135306,P,Cole,Cole Wilcox,Wilcox,,0,5500,ATH@TB,TB,ATH,,,,,,P
118315-114827,P,John,John Schreiber,Schreiber,4.885714285714286,37,5500,KC@SEA,KC,SEA,,,,,,P
118315-135304,P,Tyler,Tyler Baum,Baum,,0,5500,ATH@TB,ATH,TB,,,,,,P
118315-73866,P,Wandy,Wandy Peralta,Peralta,4.828571428571428,35,5500,SD@PHI,SD,PHI,,,,,,P
118315-102543,P,Connor,Connor Seabold,Seabold,10.666666666666666,3,5500,ATH@TB,TB,ATH,,,,,,P
118315-102542,P,Travis,Travis MacGregor,MacGregor,,0,5500,BAL@TEX,TEX,BAL,,,,,,P
118315-135312,P,Kyle,Kyle Nelson,Nelson,3.727272727272727,11,5500,SF@ARI,ARI,SF,,,,,,P
118315-135313,P,Nick,Nick Sandlin,Sandlin,4.533333333333333,15,5500,NYY@TOR,TOR,NYY,,,,,,P
118315-102549,P,Andres,Andres Munoz,Munoz,6.9375,32,5500,KC@SEA,SEA,KC,,,,,,P
118315-170135,P,Yennier,Yennier Cano,Cano,4.28125,32,5500,BAL@TEX,BAL,TEX,,,,,,P
118315-102558,P,Gregory,Gregory Santos,Santos,1.875,8,5500,KC@SEA,SEA,KC,IL,Knee,,,,P
118315-80033,P,Emilio,Emilio Pagan,Pagan,5.828571428571428,35,5500,CIN@BOS,CIN,BOS,,,,,,P
118315-184482,P,Hobie,Hobie Harris,Harris,,0,5500,CIN@BOS,BOS,CIN,,,,,,P
118315-102560,P,Camilo,Camilo Doval,Doval,5.2631578947368425,38,5500,SF@ARI,SF,ARI,,,,,,P
118315-80034,P,Jose,Jose Alvarado,Alvarado,7.05,20,5500,SD@PHI,PHI,SD,NA,Suspension,,,,P
118315-102565,P,Mason,Mason Englert,Englert,8.083333333333334,13,5500,ATH@TB,TB,ATH,,,,,,P
118315-135339,P,Clayton,Clayton Beeter,Beeter,6.666666666666667,3,5500,NYY@TOR,NYY,TOR,,,,,,P
118315-145591,P,Eduard,Eduard Bazardo,Bazardo,5.864864864864865,37,5500,KC@SEA,SEA,KC,,,,,,P
118315-209078,P,Max,Max Lazar,Lazar,5.7,10,5500,SD@PHI,PHI,SD,,,,,,P
118315-145593,P,Carlos,Carlos Vargas,Vargas,4.815789473684211,38,5500,KC@SEA,SEA,KC,,,,,,P
118315-135358,P,Dylan,Dylan File,File,,0,5500,KC@SEA,SEA,KC,,,,,,P
118315-102590,P,Joey,Joey Gerber,Gerber,,0,5500,ATH@TB,TB,ATH,,,,,,P
118315-102593,P,Gerardo,Gerardo Carrillo,Carrillo,,0,5500,BAL@TEX,TEX,BAL,,,,,,P
118315-135361,P,Nabil,Nabil Crismatt,Crismatt,7.8,5,5500,SD@PHI,PHI,SD,,,,,,P
118315-145620,P,Helcris,Helcris Olivarez,Olivarez,,0,5500,SF@ARI,SF,ARI,,,,,,P
118315-145630,P,Kervin,Kervin Castro,Castro,,0,5500,NYY@TOR,NYY,TOR,,,,,,P
118315-209116,P,Troy,Troy Taylor,Taylor,-0.14285714285714285,8,5500,KC@SEA,SEA,KC,,,,,,P
118315-178411,P,Michael,Michael Plassmeyer,Plassmeyer,0,1,5500,BAL@TEX,TEX,BAL,,,,,,P
118315-198890,P,Walter,Walter Pennington,Pennington,5.8125,16,5500,BAL@TEX,BAL,TEX,,,,,,P
118315-205032,P,Daniel,Daniel Robert,Robert,4.666666666666667,3,5500,SD@PHI,PHI,SD,,,,,,P
118315-198901,P,Chase,Chase Hampton,Hampton,,0,5500,NYY@TOR,NYY,TOR,IL,Elbow,,,,P
118315-198915,P,Luis,Luis Morales,Morales,,0,5500,ATH@TB,ATH,TB,,,,,,P
118315-198920,P,Dylan,Dylan Lesko,Lesko,,0,5500,ATH@TB,TB,ATH,,,,,,P
118315-170254,P,Colin,Colin Holderman,Holderman,2.5384615384615383,14,5500,STL@PIT,PIT,STL,IL,Thumb,,,,P
118315-225559,P,Juan,Juan Morillo,Morillo,4.2592592592592595,27,5500,SF@ARI,ARI,SF,,,,,,P
118315-65817,P,Scott,Scott McGough,McGough,3.5,7,5500,ATH@TB,ATH,TB,,,,,,P
118315-198938,P,Carson,Carson Whisenhunt,Whisenhunt,,0,5500,SF@ARI,SF,ARI,,,,,,P
118315-198936,P,Tekoah,Tekoah Roby,Roby,,0,5500,STL@PIT,STL,PIT,,,,,,P
118315-209176,P,Chase,Chase Shugart,Shugart,5.172413793103448,30,5500,STL@PIT,PIT,STL,,,,,,P
118315-203074,P,Spencer,Spencer Bivens,Bivens,7,26,5500,SF@ARI,SF,ARI,,,,,,P
118315-135525,P,Adam,Adam Seminaris,Seminaris,,0,5500,KC@SEA,SEA,KC,,,,,,P
118315-135530,P,Brett,Brett de Geus,de Geus,3,1,5500,SD@PHI,PHI,SD,,,,,,P
118315-153961,P,Tayler,Tayler Saucedo,Saucedo,2,4,5500,KC@SEA,SEA,KC,,,,,,P
118315-225666,P,Paxton,Paxton Schultz,Schultz,9.666666666666666,12,5500,NYY@TOR,TOR,NYY,IL,Finger,,,,P
118315-225665,P,Sauryn,Sauryn Lao,Lao,14,1,5500,KC@SEA,SEA,KC,,,,,,P
118315-170384,P,Yerry,Yerry de los Santos,de los Santos,6.214285714285714,14,5500,NYY@TOR,NYY,TOR,IL,Elbow,,,,P
118315-188863,P,Randy,Randy Wynne,Wynne,15,1,5500,CIN@BOS,CIN,BOS,,,,,,P
118315-219586,P,Ian,Ian Seymour,Seymour,18,1,5500,ATH@TB,TB,ATH,,,,,,P
118315-182750,P,Andrew,Andrew Painter,Painter,,0,5500,SD@PHI,PHI,SD,,,,,,P
118315-135645,P,Isaac,Isaac Mattson,Mattson,8.090909090909092,11,5500,STL@PIT,PIT,STL,,,,,,P
118315-84452,P,Caleb,Caleb Ferguson,Ferguson,4.621621621621622,37,5500,STL@PIT,PIT,STL,,,,,,P
118315-145916,P,Zach,Zach Pop,Pop,0.25,4,5500,KC@SEA,SEA,KC,,,,,,P
118315-184829,P,McKinley,McKinley Moore,Moore,0,3,5500,NYY@TOR,NYY,TOR,,,,,,P
118315-119299,P,Drey,Drey Jameson,Jameson,2,3,5500,SF@ARI,ARI,SF,IL,Elbow,,,,P
118315-119301,P,Brennan,Brennan Malone,Malone,,0,5500,STL@PIT,PIT,STL,,,,,,P
118315-119310,P,Noah,Noah Song,Song,,0,5500,CIN@BOS,BOS,CIN,,,,,,P
118315-219660,P,Kade,Kade Strowd,Strowd,5.333333333333333,3,5500,BAL@TEX,BAL,TEX,,,,,,P
118315-170512,P,Peter,Peter Strzelecki,Strzelecki,5.3,10,5500,STL@PIT,PIT,STL,,,,,,P
118315-219665,P,Matt,Matt Svanson,Svanson,7.166666666666667,12,5500,STL@PIT,STL,PIT,,,,,,P
118315-119316,P,Thaddeus,Thaddeus Ward,Ward,0,1,5500,BAL@TEX,BAL,TEX,,,,,,P
118315-162328,P,Reiver,Reiver Sanmartin,Sanmartin,0,2,5500,CIN@BOS,CIN,BOS,,,,,,P
118315-119328,P,Packy,Packy Naughton,Naughton,0,2,5500,STL@PIT,STL,PIT,IL,Elbow,,,,P
118315-219694,P,Winston,Winston Santos,Santos,,0,5500,BAL@TEX,TEX,BAL,IL,Back,,,,P
118315-219693,P,Emiliano,Emiliano Teodo,Teodo,,0,5500,BAL@TEX,TEX,BAL,,,,,,P
118315-119347,P,Jonathan,Jonathan Bowlan,Bowlan,6,12,5500,KC@SEA,KC,SEA,,,,,,P
118315-219696,P,Eric,Eric Cerantola,Cerantola,,0,5500,KC@SEA,KC,SEA,,,,,,P
118315-178743,P,Nicholas,Nicholas Padilla,Padilla,,0,5500,SD@PHI,PHI,SD,,,,,,P
118315-219700,P,Luis,Luis Mey,Mey,4.866666666666666,15,5500,CIN@BOS,CIN,BOS,,,,,,P
118315-219707,P,Jean,Jean Cabrera,Cabrera,,0,5500,SD@PHI,PHI,SD,,,,,,P
118315-219706,P,Carson,Carson Seymour,Seymour,3,1,5500,SF@ARI,SF,ARI,,,,,,P
118315-219705,P,Moises,Moises Chace,Chace,,0,5500,SD@PHI,PHI,SD,IL,Elbow,,,,P
118315-195135,P,Kyle,Kyle Nicolas,Nicolas,3,10,5500,STL@PIT,PIT,STL,,,,,,P
118315-119359,P,Ethan,Ethan Small,Small,0,2,5500,SF@ARI,SF,ARI,IL,Undisclosed,,,,P
118315-219708,P,Carson,Carson Ragsdale,Ragsdale,,0,5500,SF@ARI,SF,ARI,,,,,,P
118315-72265,P,Matt,Matt Strahm,Strahm,4.861111111111111,36,5500,SD@PHI,PHI,SD,,,,,,P
118315-219723,P,Omar,Omar Cruz,Cruz,10,2,5500,SD@PHI,SD,PHI,,,,,,P
118315-219726,P,Joe,Joe Elbis,Elbis,,0,5500,SF@ARI,ARI,SF,O,Undisclosed,,,,P
118315-219725,P,Henry,Henry Baez,Baez,,0,5500,SD@PHI,SD,PHI,,,,,,P
118315-150107,P,Tommy,Tommy Nance,Nance,4.65,20,5500,NYY@TOR,TOR,NYY,,,,,,P
118315-16989,P,Wilking,Wilking Rodriguez,Rodriguez,,0,5500,NYY@TOR,NYY,TOR,,,,,,P
118315-119392,P,Josh,Josh Wolf,Wolf,,0,5500,SF@ARI,SF,ARI,,,,,,P
118315-119397,P,TJ,TJ Sikkema,Sikkema,,0,5500,CIN@BOS,CIN,BOS,,,,,,P
118315-82535,P,Kyle,Kyle Wright,Wright,0,1,5500,KC@SEA,KC,SEA,,,,,,P
118315-119403,P,Erik,Erik Miller,Miller,4.588235294117647,35,5500,SF@ARI,SF,ARI,,,,,,P
118315-82541,P,Bryan,Bryan Mata,Mata,0,2,5500,CIN@BOS,BOS,CIN,,,,,,P
118315-162419,P,Matt,Matt Brash,Brash,5.555555555555555,18,5500,KC@SEA,SEA,KC,,,,,,P
118315-82547,P,Thomas,Thomas Hatch,Hatch,,0,5500,KC@SEA,KC,SEA,,,,,,P
118315-156272,P,Reiss,Reiss Knehr,Knehr,0,1,5500,SD@PHI,SD,PHI,,,,,,P
118315-82549,P,Brendon,Brendon Little,Little,7.162162162162162,38,5500,NYY@TOR,TOR,NYY,,,,,,P
118315-119413,P,Isaiah,Isaiah Campbell,Campbell,0.25,8,5500,CIN@BOS,BOS,CIN,,,,,,P
118315-82552,P,Tony,Tony Santillan,Santillan,4.435897435897436,40,5500,CIN@BOS,CIN,BOS,,,,,,P
118315-70271,P,Carlos,Carlos Estevez,Estevez,5.352941176470588,34,5500,KC@SEA,KC,SEA,,,,,,P
118315-119426,P,Johan,Johan Oviedo,Oviedo,0,1,5500,STL@PIT,PIT,STL,IL,Lat,,,,P
118315-119433,P,JJ,JJ Goss,Goss,,0,5500,ATH@TB,TB,ATH,,,,,,P
118315-119435,P,Riley,Riley O'Brien,O'Brien,5.769230769230769,13,5500,STL@PIT,STL,PIT,,,,,,P
118315-12939,P,Casey,Casey Kelly,Kelly,9.5,2,5500,SF@ARI,ARI,SF,,,,,,P
118315-82572,P,Gregory,Gregory Soto,Soto,4.583333333333333,36,5500,BAL@TEX,BAL,TEX,,,,,,P
118315-12943,P,Shelby,Shelby Miller,Miller,6,34,5500,SF@ARI,ARI,SF,,,,,,P
118315-164500,P,Ryan,Ryan Cusick,Cusick,,0,5500,SD@PHI,PHI,SD,,,,,,P
118315-119451,P,Matt,Matt Cronin,Cronin,,0,5500,KC@SEA,SEA,KC,IL,Undisclosed,,,,P
118315-203420,P,Austin,Austin Kitchen,Kitchen,0,4,5500,KC@SEA,SEA,KC,,,,,,P
118315-82592,P,Dennis,Dennis Santana,Santana,5.166666666666667,36,5500,STL@PIT,PIT,STL,NA,Suspension,,,,P
118315-164517,P,Chris,Chris Murphy,Murphy,12,1,5500,CIN@BOS,BOS,CIN,,,,,,P
118315-84651,P,Austin,Austin Davis,Davis,2.5714285714285716,7,5500,SD@PHI,SD,PHI,,,,,,P
118315-211632,P,Mason,Mason Montgomery,Montgomery,4.6,36,5500,ATH@TB,TB,ATH,,,,,,P
118315-80571,P,Phil,Phil Maton,Maton,6.454545454545454,33,5500,STL@PIT,STL,PIT,,,,,,P
118315-82627,P,JoJo,JoJo Romero,Romero,4.09375,32,5500,STL@PIT,STL,PIT,,,,,,P
118315-82628,P,Adonis,Adonis Medina,Medina,,0,5500,KC@SEA,SEA,KC,,,,,,P
118315-82639,P,Ryan,Ryan Helsley,Helsley,6,29,5500,STL@PIT,STL,PIT,,,,,,P
118315-228050,P,Nolan,Nolan Hoffman,Hoffman,,0,5500,SD@PHI,PHI,SD,,,,,,P
118315-228057,P,Jayvien,Jayvien Sandridge,Sandridge,,0,5500,NYY@TOR,NYY,TOR,,,,,,P
118315-82653,P,Ryan,Ryan Borucki,Borucki,3.7142857142857144,29,5500,STL@PIT,PIT,STL,IL,Back,,,,P
118315-82657,P,Wil,Wil Crowe,Crowe,,0,5500,SD@PHI,PHI,SD,,,,,,P
118315-187105,P,Joe,Joe La Sorsa,La Sorsa,-3,2,5500,CIN@BOS,CIN,BOS,,,,,,P
118315-53990,P,Shawn,Shawn Armstrong,Armstrong,6.28125,33,5500,BAL@TEX,TEX,BAL,,,,,,P
118315-228077,P,Jack,Jack Perkins,Perkins,17,2,5500,ATH@TB,ATH,TB,,,,,,P
118315-228076,P,Paul,Paul Gervase,Gervase,2.6666666666666665,3,5500,ATH@TB,TB,ATH,,,,,,P
118315-201456,P,Chris,Chris Roycroft,Roycroft,3,14,5500,STL@PIT,STL,PIT,,,,,,P
118315-84732,P,Robert,Robert Stock,Stock,1,2,5500,CIN@BOS,BOS,CIN,,,,,,P
118315-13055,P,Anthony,Anthony Gose,Gose,3.3333333333333335,3,5500,SF@ARI,ARI,SF,,,,,,P
118315-211737,P,Luis,Luis Guerrero,Guerrero,4.461538461538462,13,5500,CIN@BOS,BOS,CIN,IL,Elbow,,,,P
118315-201506,P,Tyler,Tyler Ferguson,Ferguson,3.8333333333333335,36,5500,ATH@TB,ATH,TB,,,,,,P
118315-199465,P,Juan,Juan Sanchez,Sanchez,,0,5500,SF@ARI,SF,ARI,,,,,,P
118315-178997,P,Greg,Greg Weissert,Weissert,4.65,40,5500,CIN@BOS,BOS,CIN,,,,,,P
118315-213816,P,Evan,Evan Sisk,Sisk,9.2,5,5500,KC@SEA,KC,SEA,,,,,,P
118315-13118,P,Justin,Justin Wilson,Wilson,5.28125,33,5500,CIN@BOS,BOS,CIN,,,,,,P
118315-84815,P,Joey,Joey Krehbiel,Krehbiel,,0,5500,ATH@TB,TB,ATH,,,,,,P
118315-70482,P,J.B.,J.B. Wendelken,Wendelken,,0,5500,SD@PHI,SD,PHI,,,,,,P
118315-183131,P,Ryder,Ryder Ryan,Ryan,5.714285714285714,15,5500,STL@PIT,PIT,STL,,,,,,P
118315-228189,P,Juan,Juan Burgos,Burgos,,0,5500,KC@SEA,SEA,KC,,,,,,P
118315-183133,P,Curtis,Curtis Taylor,Taylor,,0,5500,STL@PIT,STL,PIT,,,,,,P
118315-11108,P,Aroldis,Aroldis Chapman,Chapman,6.891891891891892,37,5500,CIN@BOS,BOS,CIN,,,,,,P
118315-68469,P,Adam,Adam Plutko,Plutko,,0,5500,CIN@BOS,CIN,BOS,,,,,,P
118315-70517,P,Chad,Chad Green,Green,4.371428571428571,35,5500,NYY@TOR,TOR,NYY,,,,,,P
118315-15225,P,Liam,Liam Hendriks,Hendriks,3.357142857142857,14,5500,CIN@BOS,BOS,CIN,IL,Hip,,,,P
118315-203642,P,Raymond,Raymond Burgos,Burgos,3,1,5500,SF@ARI,SF,ARI,,,,,,P
118315-68476,P,Taylor,Taylor Rogers,Rogers,5.066666666666666,33,5500,CIN@BOS,CIN,BOS,,,,,,P
118315-80791,P,Alan,Alan Busenitz,Busenitz,1,3,5500,CIN@BOS,CIN,BOS,,,,,,P
118315-68510,P,Amir,Amir Garrett,Garrett,6.666666666666667,8,5500,NYY@TOR,TOR,NYY,IL,Undisclosed,,,,P
118315-80801,P,Hoby,Hoby Milner,Milner,5.8108108108108105,38,5500,BAL@TEX,TEX,BAL,,,,,,P
118315-68515,P,Sam,Sam Moll,Moll,-1,3,5500,CIN@BOS,CIN,BOS,,,,,,P
118315-39843,P,Burch,Burch Smith,Smith,4.76,50,5500,STL@PIT,PIT,STL,,,,,,P
118315-179118,P,Zack,Zack Kelly,Kelly,6.6875,17,5500,CIN@BOS,BOS,CIN,DTD,Oblique,,,,P
118315-52141,P,Lucas,Lucas Sims,Sims,1.5625,18,5500,SD@PHI,PHI,SD,,,,,,P
118315-68527,P,Jose,Jose De Leon,De Leon,,0,5500,CIN@BOS,BOS,CIN,,,,,,P
118315-52143,P,Hunter,Hunter Harvey,Harvey,6.166666666666667,6,5500,KC@SEA,KC,SEA,IL,Shoulder,,,,P
118315-175032,P,Brennan,Brennan Bernardino,Bernardino,4.055555555555555,37,5500,CIN@BOS,BOS,CIN,,,,,,P
118315-179129,P,Jeremiah,Jeremiah Estrada,Estrada,6,40,5500,SD@PHI,SD,PHI,,,,,,P
118315-68556,P,Dillon,Dillon Tate,Tate,5.6,5,5500,NYY@TOR,TOR,NYY,,,,,,P
118315-68561,P,Luke,Luke Weaver,Weaver,5.928571428571429,28,5500,NYY@TOR,NYY,TOR,,,,,,P
118315-193498,P,John,John McMillon,McMillon,9,10,5500,SD@PHI,PHI,SD,,,,,,P
118315-52192,P,Luke,Luke Jackson,Jackson,4.161290322580645,33,5500,BAL@TEX,TEX,BAL,,,,,,P
118315-70629,P,Jacob,Jacob Barnes,Barnes,2.5,6,5500,NYY@TOR,TOR,NYY,,,,,,P
118315-82921,P,Zack,Zack Weiss,Weiss,0,1,5500,STL@PIT,STL,PIT,,,,,,P
118315-213995,P,Luis,Luis Curvelo,Curvelo,,0,5500,BAL@TEX,TEX,BAL,,,,,,P
118315-70634,P,Daniel,Daniel Mengden,Mengden,,0,5500,SF@ARI,ARI,SF,,,,,,P
118315-82924,P,Tim,Tim Hill,Hill,4.108108108108108,38,5500,NYY@TOR,NYY,TOR,,,,,,P
118315-82935,P,Trevor,Trevor Richards,Richards,1.5,3,5500,SF@ARI,ARI,SF,,,,,,P
118315-168965,P,Tanner,Tanner Banks,Banks,5.470588235294118,34,5500,SD@PHI,PHI,SD,,,,,,P
118315-68619,P,Matt,Matt Bowman,Bowman,4.705882352941177,18,5500,BAL@TEX,BAL,TEX,,,,,,P
118315-171020,P,Michael,Michael Kelly,Kelly,6.875,8,5500,ATH@TB,ATH,TB,,,,,,P
118315-189470,P,Kyle,Kyle Leahy,Leahy,6.0588235294117645,34,5500,STL@PIT,STL,PIT,,,,,,P
118315-82974,P,Tanner,Tanner Rainey,Rainey,2.3,11,5500,STL@PIT,PIT,STL,,,,,,P
118315-82986,P,Colten,Colten Brewer,Brewer,5.5625,16,5500,NYY@TOR,NYY,TOR,,,,,,P
118315-68654,P,John,John Gant,Gant,,0,5500,KC@SEA,KC,SEA,,,,,,P
118315-82999,P,Scott,Scott Barlow,Barlow,4.6923076923076925,39,5500,CIN@BOS,CIN,BOS,,,,,,P
118315-58434,P,Kendall,Kendall Graveman,Graveman,1.7777777777777777,9,5500,SF@ARI,ARI,SF,IL,Hip,,,,P
118315-154688,P,Jake,Jake Cousins,Cousins,6.4186046511627906,43,5500,NYY@TOR,NYY,TOR,IL,Elbow,,,,P
118315-169030,P,Zach,Zach Jackson,Jackson,,0,5500,ATH@TB,ATH,TB,,,,,,P
118315-11333,P,Craig,Craig Kimbrel,Kimbrel,6,1,5500,BAL@TEX,TEX,BAL,,,,,,P
118315-179275,P,Fernando,Fernando Cruz,Cruz,7.5,32,5500,NYY@TOR,NYY,TOR,,,,,,P
118315-203863,P,Gordon,Gordon Graceffo,Graceffo,7.1,10,5500,STL@PIT,STL,PIT,,,,,,P
118315-189528,P,Robert,Robert Garcia,Garcia,4.405405405405405,37,5500,BAL@TEX,TEX,BAL,,,,,,P
118315-189529,P,Alek,Alek Jacob,Jacob,3.4545454545454546,22,5500,SD@PHI,SD,PHI,,,,,,P
118315-195682,P,Orion,Orion Kerkering,Kerkering,5.324324324324325,37,5500,SD@PHI,PHI,SD,,,,,,P
118315-195681,P,Jose,Jose Espada,Espada,,0,5500,SD@PHI,SD,PHI,,,,,,P
118315-226411,P,David,David Morgan,Morgan,7.833333333333333,13,5500,SD@PHI,SD,PHI,,,,,,P
118315-54403,P,Trevor,Trevor Gott,Gott,0,1,5500,KC@SEA,SEA,KC,,,,,,P
118315-187521,P,Joe,Joe Jacques,Jacques,3,2,5500,KC@SEA,SEA,KC,,,,,,P
118315-38036,P,T.J.,T.J. McFarland,McFarland,1.1851851851851851,27,5500,ATH@TB,ATH,TB,,,,,,P
118315-81044,P,Austin,Austin Adams,Adams,4.2727272727272725,56,5500,CIN@BOS,BOS,CIN,,,,,,P
118315-38043,P,Enny,Enny Romero,Romero,,0,5500,SF@ARI,SF,ARI,,,,,,P
118315-81052,P,Andrew,Andrew Kittredge,Kittredge,4.875,16,5500,BAL@TEX,BAL,TEX,,,,,,P
118315-154794,P,Joe,Joe Barlow,Barlow,,0,5500,BAL@TEX,TEX,BAL,,,,,,P
118315-140459,P,John,John King,King,3.375,32,5500,STL@PIT,STL,PIT,,,,,,P
118315-21707,P,Michael,Michael Mariot,Mariot,,0,5500,KC@SEA,SEA,KC,,,,,,P
118315-83154,P,Miguel,Miguel Del Pozo,Del Pozo,,0,5500,SF@ARI,SF,ARI,,,,,,P
118315-83158,P,Seranthony,Seranthony Dominguez,Dominguez,5.882352941176471,34,5500,BAL@TEX,BAL,TEX,,,,,,P
118315-79067,P,Alex,Alex Young,Young,4.529411764705882,17,5500,CIN@BOS,CIN,BOS,IL,Elbow,,,,P
118315-83163,P,Jonathan,Jonathan Loaisiga,Loaisiga,4.470588235294118,17,5500,NYY@TOR,NYY,TOR,DTD,Illness,,,,P
118315-79071,P,Taylor,Taylor Clarke,Clarke,4.421052631578948,19,5500,KC@SEA,KC,SEA,,,,,,P
118315-60640,P,Nick,Nick Burdi,Burdi,7.75,4,5500,CIN@BOS,BOS,CIN,IL,Foot,,,,P
118315-83172,P,Jonathan,Jonathan Hernandez,Hernandez,6.448275862068965,29,5500,ATH@TB,TB,ATH,IL,Undisclosed,,,,P
118315-79085,P,Keegan,Keegan Akin,Akin,5.2894736842105265,38,5500,BAL@TEX,BAL,TEX,,,,,,P
118315-60656,P,Jeff,Jeff Hoffman,Hoffman,6.277777777777778,36,5500,NYY@TOR,TOR,NYY,,,,,,P
118315-197877,P,Cristian,Cristian Mena,Mena,15.666666666666666,3,5500,SF@ARI,ARI,SF,IL,Shoulder,,,,P
118315-5370,P,Daniel,Daniel Bard,Bard,0,1,5500,KC@SEA,SEA,KC,,,,,,P
118315-197884,P,Yoniel,Yoniel Curet,Curet,0,1,5500,ATH@TB,TB,ATH,IL,Shoulder,,,,P
118315-197891,P,Michael,Michael Arias,Arias,0,2,5500,NYY@TOR,NYY,TOR,IL,Undisclosed,,,,P
118315-146691,P,Asa,Asa Lacy,Lacy,,0,5500,KC@SEA,KC,SEA,IL,Elbow,,,,P
118315-197890,P,Marc,Marc Church,Church,4.6,5,5500,BAL@TEX,TEX,BAL,IL,Elbow,,,,P
118315-197893,P,Jose,Jose Corniell,Corniell,0,1,5500,BAL@TEX,TEX,BAL,IL,Elbow,,,,P
118315-197899,P,Kai-Wei,Kai-Wei Teng,Teng,4.5,5,5500,SF@ARI,SF,ARI,,,,,,P
118315-197897,P,Trevor,Trevor McDonald,McDonald,12,1,5500,SF@ARI,SF,ARI,,,,,,P
118315-85263,P,CD,CD Pelham,Pelham,,0,5500,ATH@TB,ATH,TB,,,,,,P
118315-197900,P,Luis,Luis Perales,Perales,0,2,5500,CIN@BOS,BOS,CIN,IL,Elbow,,,,P
118315-79135,P,Beau,Beau Burrows,Burrows,,0,5500,STL@PIT,PIT,STL,,,,,,P
118315-197916,P,Anthony,Anthony Maldonado,Maldonado,2.5,6,5500,ATH@TB,ATH,TB,,,,,,P
118315-179490,P,Cole,Cole Waites,Waites,,0,5500,SF@ARI,SF,ARI,IL,Undisclosed,,,,P
118315-83232,P,Jason,Jason Adam,Adam,6.904761904761905,42,5500,SD@PHI,SD,PHI,,,,,,P
118315-146723,P,Eddy,Eddy Yean,Yean,,0,5500,STL@PIT,PIT,STL,,,,,,P
118315-116002,P,Joel,Joel Kuhnel,Kuhnel,5,6,5500,SD@PHI,PHI,SD,,,,,,P
118315-146727,P,Justin,Justin Lange,Lange,,0,5500,NYY@TOR,NYY,TOR,IL,Shoulder,,,,P
118315-85286,P,Ian,Ian Gibaut,Gibaut,3.28,25,5500,CIN@BOS,CIN,BOS,,,,,,P
118315-146730,P,Nick,Nick Bitsko,Bitsko,,0,5500,ATH@TB,TB,ATH,IL,Undisclosed,,,,P
118315-79144,P,Scott,Scott Blewett,Blewett,7.565217391304348,23,5500,BAL@TEX,BAL,TEX,,,,,,P
118315-146734,P,Tink,Tink Hence,Hence,,0,5500,STL@PIT,STL,PIT,,,,,,P
118315-79150,P,Josh,Josh Staumont,Staumont,4.12,25,5500,CIN@BOS,CIN,BOS,IL,Undisclosed,,,,P
118315-146740,P,CJ,CJ Van Eyk,Van Eyk,,0,5500,NYY@TOR,TOR,NYY,,,,,,P
118315-152888,P,Sam,Sam Long,Long,1.5,12,5500,KC@SEA,KC,SEA,,,,,,P
118315-79185,P,Justin,Justin Dunn,Dunn,,0,5500,KC@SEA,KC,SEA,,,,,,P
118315-197975,P,Cooper,Cooper Hjerpe,Hjerpe,,0,5500,STL@PIT,STL,PIT,IL,Elbow,,,,P
118315-79196,P,Albert,Albert Abreu,Abreu,,0,5500,CIN@BOS,CIN,BOS,,,,,,P
118315-79209,P,A.J.,A.J. Puk,Puk,6.375,8,5500,SF@ARI,ARI,SF,IL,Elbow,,,,P
118315-118122,P,Angel,Angel Perdomo,Perdomo,2.5,4,5500,ATH@TB,ATH,TB,IL,Undisclosed,,,,P
118315-79220,P,Kevin,Kevin Gowdy,Gowdy,,0,5500,NYY@TOR,TOR,NYY,,,,,,P
118315-159099,P,Connor,Connor Overton,Overton,0,2,5500,NYY@TOR,TOR,NYY,IL,Undisclosed,,,,P
118315-79227,P,Adrian,Adrian Morejon,Morejon,5.282051282051282,40,5500,SD@PHI,SD,PHI,,,,,,P
118315-79250,P,Junior,Junior Fernandez,Fernandez,,0,5500,KC@SEA,KC,SEA,,,,,,P
118315-193949,P,Steven,Steven Cruz,Cruz,5.40625,32,5500,KC@SEA,KC,SEA,,,,,,P
118315-181664,P,Sean,Sean Reynolds,Reynolds,6.117647058823529,17,5500,SD@PHI,SD,PHI,,,,,,P
118315-118185,P,Matt,Matt Foster,Foster,4.333333333333333,6,5500,SF@ARI,ARI,SF,,,,,,P
118315-79275,P,Sean,Sean Reid-Foley,Reid-Foley,5.826086956521739,23,5500,SF@ARI,ARI,SF,,,,,,P
118315-101803,P,Jacob,Jacob Webb,Webb,5.090909090909091,33,5500,BAL@TEX,TEX,BAL,,,,,,P
118315-118195,P,Tejay,Tejay Antone,Antone,4.5,6,5500,CIN@BOS,CIN,BOS,IL,Elbow,,,,P
118315-101812,P,Justin,Justin Lawrence,Lawrence,7.454545454545454,11,5500,STL@PIT,PIT,STL,IL,Elbow,,,,P
118315-118196,P,Ryan,Ryan Hendrix,Hendrix,,0,5500,KC@SEA,KC,SEA,,,,,,P
118315-101822,P,Josh,Josh Sborz,Sborz,5.6875,17,5500,BAL@TEX,TEX,BAL,IL,Shoulder,,,,P
118315-101829,P,Trey,Trey Supak,Supak,,0,5500,BAL@TEX,TEX,BAL,,,,,,P
118315-118217,P,Manuel,Manuel Rodriguez,Rodriguez,4.870967741935484,31,5500,ATH@TB,TB,ATH,IL,Forearm,,,,P
118315-118224,P,Garrett,Garrett Cleavinger,Cleavinger,5.59375,32,5500,ATH@TB,TB,ATH,,,,,,P
118315-101845,P,Genesis,Genesis Cabrera,Cabrera,4.294117647058823,17,5500,STL@PIT,PIT,STL,,,,,,P
118315-101849,P,Wei-Chieh,Wei-Chieh Huang,Huang,,0,5500,STL@PIT,PIT,STL,,,,,,P
118315-101855,P,Trent,Trent Thornton,Thornton,4.521739130434782,23,5500,KC@SEA,SEA,KC,,,,,,P
118315-101854,P,Jacob,Jacob Waguespack,Waguespack,11.25,4,5500,ATH@TB,TB,ATH,IL,Undisclosed,,,,P
118315-101856,P,Patrick,Patrick Murphy,Murphy,,0,5500,BAL@TEX,TEX,BAL,,,,,,P
118315-185847,P,Garrett,Garrett Acton,Acton,,0,5500,ATH@TB,TB,ATH,,,,,,P
118315-95737,P,Ian,Ian Hamilton,Hamilton,6.32,25,5500,NYY@TOR,NYY,TOR,,,,,,P
118315-161273,P,Scott,Scott Effross,Effross,6,1,5500,NYY@TOR,NYY,TOR,,,,,,P
118315-52733,P,Scott,Scott Alexander,Alexander,2.1052631578947367,19,5500,SF@ARI,SF,ARI,,,,,,P
118315-101904,P,Jordan,Jordan Romano,Romano,3.90625,33,5500,SD@PHI,PHI,SD,,,,,,P
118315-71190,P,Jose,Jose Leclerc,Leclerc,3.3,10,5500,ATH@TB,ATH,TB,IL,Lat,,,,P
118315-95774,P,Jeff,Jeff Brigham,Brigham,3.3333333333333335,4,5500,SF@ARI,ARI,SF,,,,,,P
118315-79402,P,Cionel,Cionel Perez,Perez,3.5789473684210527,19,5500,BAL@TEX,BAL,TEX,,,,,,P
118315-181815,P,Brent,Brent Headrick,Headrick,6.090909090909091,11,5500,NYY@TOR,NYY,TOR,IL,Undisclosed,,,,P
118315-181816,P,Casey,Casey Legumina,Legumina,6.366666666666666,31,5500,KC@SEA,SEA,KC,,,,,,P
118315-181826,P,Colby,Colby White,White,0,1,5500,NYY@TOR,NYY,TOR,,,,,,P
118315-222786,P,Raul,Raul Alcantara,Alcantara,,0,5500,BAL@TEX,BAL,TEX,,,,,,P
118315-185926,P,Ryan,Ryan Walker,Walker,4,36,5500,SF@ARI,SF,ARI,,,,,,P
118315-181831,P,Yosver,Yosver Zulueta,Zulueta,3.5,2,5500,CIN@BOS,CIN,BOS,,,,,,P
118315-226884,P,Christian,Christian Montes De Oca,Montes De Oca,14,1,5500,SF@ARI,ARI,SF,IL,Back,,,,P
118315-181836,P,Justin,Justin Martinez,Martinez,6.0625,17,5500,SF@ARI,ARI,SF,IL,Elbow,,,,P
118315-73301,P,Brent,Brent Suter,Suter,6.111111111111111,27,5500,CIN@BOS,CIN,BOS,,,,,,P
118315-222807,P,Alejandro,Alejandro Rosario,Rosario,,0,5500,BAL@TEX,TEX,BAL,IL,Elbow,,,,P
118315-181847,P,Noah,Noah Denoyer,Denoyer,,0,5500,BAL@TEX,BAL,TEX,,,,,,P
118315-181850,P,Colin,Colin Selby,Selby,10.25,4,5500,BAL@TEX,BAL,TEX,,,,,,P
118315-222814,P,Trey,Trey Yesavage,Yesavage,,0,5500,NYY@TOR,TOR,NYY,,,,,,P
118315-85600,P,Ryan,Ryan Burr,Burr,5.705882352941177,34,5500,NYY@TOR,TOR,NYY,IL,Shoulder,,,,P
118315-226913,P,Yaramil,Yaramil Hiraldo,Hiraldo,7,1,5500,BAL@TEX,BAL,TEX,,,,,,P
118315-226925,P,Andrew,Andrew Hoffmann,Hoffmann,12,1,5500,KC@SEA,KC,SEA,,,,,,P
118315-222828,P,Jacob,Jacob Webb,Webb,,0,5500,CIN@BOS,BOS,CIN,,,,,,P
118315-222834,P,Quinn,Quinn Mathews,Mathews,,0,5500,STL@PIT,STL,PIT,,,,,,P
118315-226929,P,Bradgley,Bradgley Rodriguez,Rodriguez,8,1,5500,SD@PHI,SD,PHI,,,,,,P
118315-222843,P,Jurrangelo,Jurrangelo Cijntje,Cijntje,,0,5500,KC@SEA,SEA,KC,,,,,,P
118315-118394,P,Yohan,Yohan Ramirez,Ramirez,4.783783783783784,38,5500,STL@PIT,PIT,STL,,,,,,P
118315-222855,P,Ty,Ty Johnson,Johnson,,0,5500,ATH@TB,TB,ATH,,,,,,P
118315-222854,P,Brody,Brody Hopkins,Hopkins,,0,5500,ATH@TB,TB,ATH,,,,,,P
118315-165509,P,Bryce,Bryce Bonnin,Bonnin,,0,5500,BAL@TEX,TEX,BAL,,,,,,P
118315-110216,P,Stephen,Stephen Nogosek,Nogosek,,0,5500,KC@SEA,KC,SEA,,,,,,P
118315-222857,P,Jackson,Jackson Baumeister,Baumeister,,0,5500,ATH@TB,TB,ATH,,,,,,P
118315-222856,P,Trevor,Trevor Harrison,Harrison,,0,5500,ATH@TB,TB,ATH,,,,,,P
118315-190092,P,Devin,Devin Sweet,Sweet,,0,5500,SD@PHI,PHI,SD,,,,,,P
118315-220822,P,Elvis,Elvis Alvarado,Alvarado,7.2,5,5500,ATH@TB,ATH,TB,,,,,,P
118315-52887,P,Tyler,Tyler Matzek,Matzek,4.428571428571429,7,5500,STL@PIT,STL,PIT,IL,Undisclosed,,,,P
118315-165528,P,Joe,Joe Rock,Rock,12,1,5500,ATH@TB,TB,ATH,,,,,,P
118315-226969,P,Brian,Brian Van Belle,Van Belle,,0,5500,CIN@BOS,CIN,BOS,,,,,,P
118315-226968,P,Kyle,Kyle Backhus,Backhus,5.375,8,5500,SF@ARI,ARI,SF,,,,,,P
118315-165534,P,Norge,Norge Vera,Vera,,0,5500,ATH@TB,ATH,TB,,,,,,P
118315-202402,P,Justin,Justin Sterner,Sterner,4.964285714285714,29,5500,ATH@TB,ATH,TB,,,,,,P
118315-220834,P,Nate,Nate Lavender,Lavender,,0,5500,ATH@TB,TB,ATH,IL,Elbow,,,,P
118315-38563,P,Yimi,Yimi Garcia,Garcia,5.285714285714286,21,5500,NYY@TOR,TOR,NYY,IL,Shoulder,,,,P
118315-220837,P,Evan,Evan Reifert,Reifert,,0,5500,ATH@TB,TB,ATH,,,,,,P
118315-220836,P,Angel,Angel Bastardo,Bastardo,,0,5500,NYY@TOR,TOR,NYY,IL,Elbow,,,,P
118315-226980,P,Andre,Andre Granillo,Granillo,5.8,5,5500,STL@PIT,STL,PIT,,,,,,P
118315-220842,P,Eiberson,Eiberson Castellano,Castellano,,0,5500,SD@PHI,PHI,SD,IL,Undisclosed,,,,P
118315-220847,P,Grant,Grant Wolfram,Wolfram,0.5,2,5500,BAL@TEX,BAL,TEX,,,,,,P
118315-220845,P,Juan,Juan Nunez,Nunez,,0,5500,BAL@TEX,BAL,TEX,,,,,,P
118315-163507,P,Alan,Alan Rangel,Rangel,16.5,2,5500,SD@PHI,PHI,SD,,,,,,P
118315-222898,P,Mason,Mason Fluharty,Fluharty,5.242424242424242,36,5500,NYY@TOR,TOR,NYY,,,,,,P
118315-114356,P,Kevin,Kevin Ginkel,Ginkel,3.15,20,5500,SF@ARI,ARI,SF,,,,,,P
118315-114360,P,Devin,Devin Williams,Williams,5.121212121212121,34,5500,NYY@TOR,NYY,TOR,,,,,,P
118315-165566,P,Ben,Ben Kudrna,Kudrna,,0,5500,KC@SEA,KC,SEA,,,,,,P
118315-165564,P,Frank,Frank Mozzicato,Mozzicato,,0,5500,KC@SEA,KC,SEA,,,,,,P
118315-165570,P,Ben,Ben Hernandez,Hernandez,,0,5500,KC@SEA,SEA,KC,,,,,,P
118315-38596,P,Chris,Chris Martin,Martin,5.333333333333333,30,5500,BAL@TEX,TEX,BAL,,,,,,P
118315-165572,P,Noah,Noah Murdock,Murdock,3.4615384615384617,14,5500,KC@SEA,KC,SEA,,,,,,P
118315-165582,P,Robinson,Robinson Pina,Pina,0,1,5500,NYY@TOR,TOR,NYY,,,,,,P
118315-81615,P,Tim,Tim Mayza,Mayza,6.142857142857143,7,5500,STL@PIT,PIT,STL,IL,Shoulder,,,,P
118315-81614,P,Thyago,Thyago Vieira,Vieira,6.111111111111111,28,5500,SF@ARI,ARI,SF,O,Elbow,,,,P
118315-165585,P,Erik,Erik Rivera,Rivera,,0,5500,CIN@BOS,BOS,CIN,,,,,,P
118315-198352,P,Shane,Shane Drohan,Drohan,0,1,5500,CIN@BOS,BOS,CIN,IL,Forearm,,,,P
118315-222928,P,Michael,Michael Darrell-Hicks,Darrell-Hicks,5,7,5500,STL@PIT,PIT,STL,,,,,,P
118315-198357,P,Ryan,Ryan Fernandez,Fernandez,1.4,11,5500,STL@PIT,STL,PIT,,,,,,P
118315-198356,P,Justin,Justin Slaten,Slaten,4.217391304347826,24,5500,CIN@BOS,BOS,CIN,IL,Shoulder,,,,P
118315-165594,P,Carlos,Carlos Duran,Duran,-8,1,5500,ATH@TB,ATH,TB,,,,,,P
118315-198361,P,Carson,Carson Coleman,Coleman,0,1,5500,NYY@TOR,NYY,TOR,IL,Undisclosed,,,,P
118315-112348,P,Cody,Cody Stashak,Stashak,,0,5500,SD@PHI,PHI,SD,,,,,,P
118315-14049,P,Bryan,Bryan Shaw,Shaw,2.4,5,5500,KC@SEA,SEA,KC,,,,,,P
118315-181985,P,Guillo,Guillo Zuniga,Zuniga,4.214285714285714,15,5500,SD@PHI,PHI,SD,,,,,,P
118315-81641,P,John,John Curtiss,Curtiss,4,1,5500,SF@ARI,ARI,SF,,,,,,P
118315-182005,P,Kevin,Kevin Kelly,Kelly,4.294117647058823,17,5500,ATH@TB,TB,ATH,,,,,,P
118315-165628,P,Josh,Josh Walker,Walker,9,3,5500,SD@PHI,PHI,SD,,,,,,P
118315-165635,P,Brendan,Brendan Beck,Beck,,0,5500,NYY@TOR,NYY,TOR,,,,,,P
118315-165637,P,Brock,Brock Selvidge,Selvidge,,0,5500,NYY@TOR,NYY,TOR,,,,,,P
118315-165642,P,Mason,Mason Miller,Miller,6.689655172413793,29,5500,ATH@TB,ATH,TB,,,,,,P
118315-165650,P,Grant,Grant Holman,Holman,5,22,5500,ATH@TB,ATH,TB,IL,Shoulder,,,,P
118315-194323,P,Hunter,Hunter Stratton,Stratton,-3.3333333333333335,3,5500,STL@PIT,PIT,STL,,,,,,P
118315-194320,P,Andrew,Andrew Saalfrank,Saalfrank,-4.5,3,5500,SF@ARI,ARI,SF,,,,,,P
118315-165649,P,Colin,Colin Peluse,Peluse,,0,5500,ATH@TB,ATH,TB,,,,,,P
118315-165653,P,Cristian,Cristian Hernandez,Hernandez,,0,5500,NYY@TOR,NYY,TOR,,,,,,P
118315-161563,P,Jovani,Jovani Moran,Moran,,0,5500,CIN@BOS,BOS,CIN,,,,,,P
118315-165657,P,Anthony,Anthony Solometo,Solometo,,0,5500,STL@PIT,PIT,STL,IL,Shoulder,,,,P
118315-165671,P,Victor,Victor Lizarraga,Lizarraga,,0,5500,SD@PHI,SD,PHI,DTD,Undisclosed,,,,P
118315-165674,P,Adam,Adam Macko,Macko,0,1,5500,NYY@TOR,TOR,NYY,,,,,,P
118315-165673,P,Levi,Levi Stoudt,Stoudt,0,1,5500,BAL@TEX,BAL,TEX,,,,,,P
118315-165682,P,Michael,Michael Morales,Morales,,0,5500,KC@SEA,SEA,KC,,,,,,P
118315-53043,P,Jesse,Jesse Hahn,Hahn,5,3,5500,KC@SEA,SEA,KC,,,,,,P
118315-182065,P,Zach,Zach Greene,Greene,,0,5500,NYY@TOR,NYY,TOR,,,,,,P
118315-165687,P,Will,Will Bednar,Bednar,,0,5500,SF@ARI,SF,ARI,,,,,,P
118315-165691,P,Manuel,Manuel Mercedes,Mercedes,,0,5500,SF@ARI,SF,ARI,,,,,,P
118315-165695,P,Edwin,Edwin Nunez,Nunez,,0,5500,STL@PIT,STL,PIT,,,,,,P
118315-165696,P,Ian,Ian Bedell,Bedell,,0,5500,STL@PIT,STL,PIT,,,,,,P
118315-116548,P,Tyler,Tyler Rogers,Rogers,5.219512195121951,41,5500,SF@ARI,SF,ARI,,,,,,P
118315-163658,P,Randy,Randy Rodriguez,Rodriguez,7.714285714285714,35,5500,SF@ARI,SF,ARI,,,,,,P
118315-204624,P,Eric,Eric Orze,Orze,6.5,28,5500,ATH@TB,TB,ATH,,,,,,P
118315-204631,P,Hunter,Hunter Bigge,Bigge,5.3076923076923075,13,5500,ATH@TB,TB,ATH,IL,Lat,,,,P
118315-165719,P,Irv,Irv Carter,Carter,,0,5500,NYY@TOR,TOR,NYY,,,,,,P
118315-165716,P,Sem,Sem Robberse,Robberse,0,2,5500,STL@PIT,STL,PIT,IL,Elbow,,,,P
118315-165722,P,Chad,Chad Dallas,Dallas,,0,5500,NYY@TOR,TOR,NYY,IL,Undisclosed,,,,P
118315-163673,P,Jorge,Jorge Juan,Juan,,0,5500,CIN@BOS,BOS,CIN,,,,,,P
118315-108380,P,Tayler,Tayler Scott,Scott,4.130434782608695,23,5500,SF@ARI,ARI,SF,,,,,,P
118315-5983,P,Rich,Rich Hill,Hill,5,4,5500,KC@SEA,KC,SEA,,,,,,P
118315-163677,P,James,James McArthur,McArthur,4.618181818181818,57,5500,KC@SEA,KC,SEA,IL,Elbow,,,,P
118315-163687,P,Ron,Ron Marinaccio,Marinaccio,7.5625,16,5500,SD@PHI,SD,PHI,,,,,,P
118315-163690,P,Nathan,Nathan Webb,Webb,,0,5500,BAL@TEX,BAL,TEX,,,,,,P
118315-163688,P,Collin,Collin Snider,Snider,4.791666666666667,24,5500,KC@SEA,SEA,KC,IL,Forearm,,,,P
118315-163697,P,Hagen,Hagen Danner,Danner,0,1,5500,KC@SEA,SEA,KC,,,,,,P
118315-163702,P,Logan,Logan Gillaspie,Gillaspie,9,3,5500,SD@PHI,SD,PHI,IL,Oblique,,,,P
118315-163701,P,Felix,Felix Bautista,Bautista,6.275862068965517,29,5500,BAL@TEX,BAL,TEX,,,,,,P
118315-102314,P,Lenny,Lenny Torres,Torres,,0,5500,CIN@BOS,CIN,BOS,,,,,,P
118315-108461,P,Pete,Pete Fairbanks,Fairbanks,5.25,32,5500,ATH@TB,TB,ATH,,,,,,P
118315-102332,P,Jackson,Jackson Kowar,Kowar,7.142857142857143,7,5500,KC@SEA,SEA,KC,,,,,,P
118315-102334,P,Corbin,Corbin Martin,Martin,,0,5500,BAL@TEX,BAL,TEX,,,,,,P
118315-163782,P,Robert,Robert Suarez,Suarez,4.837837837837838,37,5500,SD@PHI,SD,PHI,,,,,,P
118315-102355,P,Jorge,Jorge Alcala,Alcala,4.36,27,5500,CIN@BOS,BOS,CIN,,,,,,P
118315-198619,P,Yuki,Yuki Matsui,Matsui,5.1875,34,5500,SD@PHI,SD,PHI,,,,,,P
118315-202726,P,Michel,Michel Otanez,Otanez,2,6,5500,ATH@TB,ATH,TB,IL,Undisclosed,,,,P
118315-102375,P,Luis,Luis Medina,Medina,20.375,8,5500,ATH@TB,ATH,TB,IL,Elbow,,,,P
118315-102376,P,Garrett,Garrett Whitlock,Whitlock,8.5,30,5500,CIN@BOS,BOS,CIN,,,,,,P
118315-79852,P,Lucas,Lucas Erceg,Erceg,4.966666666666667,30,5500,KC@SEA,KC,SEA,,,,,,P
118315-102387,P,Braxton,Braxton Ashcraft,Ashcraft,10.777777777777779,9,5500,STL@PIT,PIT,STL,,,,,,P
118315-102386,P,Steven,Steven Jennings,Jennings,,0,5500,BAL@TEX,TEX,BAL,,,,,,P
118315-210936,P,Evan,Evan Kravetz,Kravetz,2,1,5500,CIN@BOS,CIN,BOS,,,,,,P
118315-102397,P,Wyatt,Wyatt Mills,Mills,,0,5500,CIN@BOS,BOS,CIN,,,,,,P
118315-60643,OF,Aaron,Aaron Judge,Judge,16.26626476609563,83,4900,NYY@TOR,NYY,TOR,,,,,,OF/UTIL
118315-102554,C,Cal,Cal Raleigh,Raleigh,15.082927424733231,82,4400,KC@SEA,SEA,KC,,,,,,C/1B/UTIL
118315-60631,OF,Kyle,Kyle Schwarber,Schwarber,13.408333914620536,84,4300,SD@PHI,PHI,SD,,,,,,OF/UTIL
118315-21853,2B,Ketel,Ketel Marte,Marte,13.703508343612938,57,4200,SF@ARI,ARI,SF,,,,,,2B/UTIL
118315-119297,OF,Corbin,Corbin Carroll,Carroll,13.880555894639757,72,4000,SF@ARI,ARI,SF,IL,Wrist,,,,OF/UTIL
118315-119349,SS,Bobby,Bobby Witt Jr.,Witt Jr.,11.725882496553309,85,3900,KC@SEA,KC,SEA,,,,,,SS/UTIL
118315-165513,SS,Elly,Elly De La Cruz,De La Cruz,13.639285132998513,84,3900,CIN@BOS,CIN,BOS,,,,,,SS/UTIL
118315-68585,3B,Rafael,Rafael Devers,Devers,12.455293543198529,85,3800,SF@ARI,SF,ARI,,,,,,3B/UTIL
118315-65881,SS,Trea,Trea Turner,Turner,12.007316775438262,82,3700,SD@PHI,PHI,SD,,,,,,SS/UTIL
118315-79393,OF,Fernando,Fernando Tatis Jr.,Tatis Jr.,11.890123155381945,81,3700,SD@PHI,SD,PHI,,,,,,OF/UTIL
118315-13929,3B,Manny,Manny Machado,Machado,11.215662944747741,83,3700,SD@PHI,SD,PHI,,,,,,3B/UTIL
118315-21633,3B,Eugenio,Eugenio Suarez,Suarez,12.279012044270834,81,3600,SF@ARI,ARI,SF,,,,,,3B/UTIL
118315-82527,2B/3B,Jazz,Jazz Chisholm Jr.,Chisholm Jr.,12.220754947302476,53,3500,NYY@TOR,NYY,TOR,,,,,,2B/3B/UTIL
118315-79223,1B,Josh,Josh Naylor,Naylor,11.401299018364448,77,3500,SF@ARI,ARI,SF,DTD,Neck,,,,C/1B/UTIL
118315-102389,SS/OF,Oneil,Oneil Cruz,Cruz,12.277027027027026,74,3500,STL@PIT,PIT,STL,,,,,,SS/OF/UTIL
118315-82612,OF,Brent,Brent Rooker,Rooker,10.948836925417877,86,3400,ATH@TB,ATH,TB,,,,,,OF/UTIL
118315-195679,3B,Junior,Junior Caminero,Caminero,11.532051282051283,78,3400,ATH@TB,TB,ATH,,,,,,3B/UTIL
118315-21887,C/1B,Willson,Willson Contreras,Contreras,10.511250305175782,80,3400,STL@PIT,STL,PIT,,,,,,C/1B/UTIL
118315-222794,1B,Nick,Nick Kurtz,Kurtz,10.552173780358356,46,3400,ATH@TB,ATH,TB,,,,,,C/1B/UTIL
118315-102400,OF,Julio,Julio Rodriguez,Rodriguez,10.917073319597941,82,3300,KC@SEA,SEA,KC,,,,,,OF/UTIL
118315-102438,SS,Geraldo,Geraldo Perdomo,Perdomo,11.618292831793063,82,3300,SF@ARI,ARI,SF,,,,,,SS/UTIL
118315-203111,C/1B,Ben,Ben Rice,Rice,9.744285365513393,70,3300,NYY@TOR,NYY,TOR,,,,,,C/1B/UTIL
118315-16983,OF,George,George Springer,Springer,10.381818498883929,77,3300,NYY@TOR,TOR,NYY,,,,,,OF/UTIL
118315-82536,OF,Cedric,Cedric Mullins,Mullins,10.061193665461754,67,3300,BAL@TEX,BAL,TEX,,,,,,OF/UTIL
118315-82642,OF,Heliot,Heliot Ramos,Ramos,10.885365555926066,82,3300,SF@ARI,SF,ARI,,,,,,OF/UTIL
118315-79273,1B,Vladimir,Vladimir Guerrero Jr.,Guerrero Jr.,10.950000297732469,82,3300,NYY@TOR,TOR,NYY,,,,,,C/1B/UTIL
118315-81953,OF,Austin,Austin Hays,Hays,12.08235258214614,34,3200,CIN@BOS,CIN,BOS,,,,,,OF/UTIL
118315-119306,SS,Gunnar,Gunnar Henderson,Henderson,9.906579268606086,76,3200,BAL@TEX,BAL,TEX,,,,,,SS/UTIL
118315-164507,OF,Colton,Colton Cowser,Cowser,10.215999755859375,25,3200,BAL@TEX,BAL,TEX,,,,,,OF/UTIL
118315-68522,3B,Alex,Alex Bregman,Bregman,12.586274988511029,51,3200,CIN@BOS,BOS,CIN,IL,Quadriceps,,,,3B/UTIL
118315-52158,SS,Trevor,Trevor Story,Story,9.171605239679783,81,3200,CIN@BOS,BOS,CIN,,,,,,SS/UTIL
118315-85261,OF,Randy,Randy Arozarena,Arozarena,10.524691358024691,81,3200,KC@SEA,SEA,KC,,,,,,OF/UTIL
118315-79159,OF/1B,Cody,Cody Bellinger,Bellinger,10.706666666666667,75,3200,NYY@TOR,NYY,TOR,,,,,,C/1B/OF/UTIL
118315-85504,2B,Brandon,Brandon Lowe,Lowe,10.985897748898237,78,3200,ATH@TB,TB,ATH,,,,,,2B/UTIL
118315-163689,3B/2B/OF,Maikel,Maikel Garcia,Garcia,10.653012195265436,83,3200,KC@SEA,KC,SEA,,,,,,2B/3B/OF/UTIL
118315-102555,3B,Noelvi,Noelvi Marte,Marte,12.394736842105264,19,3100,CIN@BOS,CIN,BOS,IL,Oblique,,,,3B/UTIL
118315-119420,C,Ivan,Ivan Herrera,Herrera,11.89047604515439,42,3100,STL@PIT,STL,PIT,IL,Hamstring,,,,C/1B/UTIL
118315-79120,1B,Yandy,Yandy Diaz,Diaz,10.706409943409454,78,3100,ATH@TB,TB,ATH,,,,,,C/1B/UTIL
118315-79141,1B/OF,Ryan,Ryan O'Hearn,O'Hearn,9.608571079799107,70,3100,BAL@TEX,BAL,TEX,,,,,,C/1B/OF/UTIL
118315-79175,OF,Trent,Trent Grisham,Grisham,9.76056338028169,71,3100,NYY@TOR,NYY,TOR,,,,,,OF/UTIL
118315-197967,2B/SS,Jackson,Jackson Holliday,Holliday,9.343420731393914,76,3100,BAL@TEX,BAL,TEX,,,,,,2B/SS/UTIL
118315-79257,OF,Josh,Josh Lowe,Lowe,10.29000015258789,40,3100,ATH@TB,TB,ATH,,,,,,OF/UTIL
118315-38412,SS,Corey,Corey Seager,Seager,9.7250002347506,52,3100,BAL@TEX,TEX,BAL,,,,,,SS/UTIL
118315-181795,OF,Lawrence,Lawrence Butler,Butler,10.459259409963348,81,3100,ATH@TB,ATH,TB,,,,,,OF/UTIL
118315-161418,2B/1B/3B,Romy,Romy Gonzalez,Gonzalez,9.711428397042411,35,3100,CIN@BOS,BOS,CIN,,,,,,C/1B/2B/3B/UTIL
118315-165666,OF,Jackson,Jackson Merrill,Merrill,9.890195958754596,51,3100,SD@PHI,SD,PHI,,,,,,OF/UTIL
118315-163662,1B,Jonathan,Jonathan Aranda,Aranda,10.184809817543513,79,3100,ATH@TB,TB,ATH,,,,,,C/1B/UTIL
118315-198526,OF,Wyatt,Wyatt Langford,Langford,10.401492901702426,67,3100,BAL@TEX,TEX,BAL,IL,Oblique,,,,OF/UTIL
118315-198539,OF,Jung Hoo,Jung Hoo Lee,Lee,9.434568051938657,81,3100,SF@ARI,SF,ARI,,,,,,OF/UTIL
118315-135366,SS,Masyn,Masyn Winn,Winn,9.676712663206336,73,3000,STL@PIT,STL,PIT,,,,,,SS/UTIL
118315-119311,OF,Jarren,Jarren Duran,Duran,10.435713995070685,84,3000,CIN@BOS,BOS,CIN,,,,,,OF/UTIL
118315-82533,OF,Daulton,Daulton Varsho,Varsho,11.908332824707031,24,3000,NYY@TOR,TOR,NYY,IL,Hamstring,,,,OF/UTIL
118315-119396,SS,Anthony,Anthony Volpe,Volpe,9.609756097560975,82,3000,NYY@TOR,NYY,TOR,,,,,,SS/UTIL
118315-12948,1B,Bryce,Bryce Harper,Harper,11.72631621779057,57,3000,SD@PHI,PHI,SD,IL,Wrist,,,,C/1B/UTIL
118315-82654,SS,Bo,Bo Bichette,Bichette,10.112048045698419,83,3000,NYY@TOR,TOR,NYY,,,,,,SS/UTIL
118315-68544,3B,Matt,Matt Chapman,Chapman,10.723076923076922,65,3000,SF@ARI,SF,ARI,IL,Hand,,,,3B/UTIL
118315-154711,OF,Lars,Lars Nootbaar,Nootbaar,9.952563946063702,78,3000,STL@PIT,STL,PIT,DTD,Ribs,,,,OF/UTIL
118315-60655,SS,Willy,Willy Adames,Adames,8.744578166180347,83,3000,SF@ARI,SF,ARI,,,,,,SS/UTIL
118315-79230,OF,Bryan,Bryan Reynolds,Reynolds,9.36329129375989,79,3000,STL@PIT,PIT,STL,,,,,,OF/UTIL
118315-13719,3B,Nolan,Nolan Arenado,Arenado,8.975949058049842,79,3000,STL@PIT,STL,PIT,DTD,Finger,,,,3B/UTIL
118315-118210,1B/2B,Jake,Jake Cronenworth,Cronenworth,8.668965306775323,58,3000,SD@PHI,SD,PHI,,,,,,C/1B/2B/UTIL
118315-181830,3B/OF,Addison,Addison Barger,Barger,9.11864406779661,59,3000,NYY@TOR,TOR,NYY,,,,,,3B/OF/UTIL
118315-206482,SS,Jacob,Jacob Wilson,Wilson,10.180000305175781,80,3000,ATH@TB,ATH,TB,,,,,,SS/UTIL
118315-165571,1B,Vinnie,Vinnie Pasquantino,Pasquantino,9.072618756975446,84,3000,KC@SEA,KC,SEA,,,,,,C/1B/UTIL
118315-53033,OF,Mike,Mike Yastrzemski,Yastrzemski,8.284415901481331,77,3000,SF@ARI,SF,ARI,,,,,,OF/UTIL
118315-165707,SS/3B/2B/1B/OF,Josh,Josh Smith,Smith,9.125352456536092,71,3000,BAL@TEX,TEX,BAL,,,,,,C/1B/2B/3B/SS/OF/UTIL
118315-165710,OF,Evan,Evan Carter,Carter,9.840624809265137,32,3000,BAL@TEX,TEX,BAL,,,,,,OF/UTIL
118315-163706,3B/2B/SS/OF,Brendan,Brendan Donovan,Donovan,9.824675324675324,77,3000,STL@PIT,STL,PIT,,,,,,2B/3B/SS/OF/UTIL
118315-135298,1B/OF,Tyler,Tyler Soderstrom,Soderstrom,9.975294404871324,85,2900,ATH@TB,ATH,TB,,,,,,C/1B/OF/UTIL
118315-102591,OF,Jake,Jake Fraley,Fraley,7.687233782829122,47,2900,CIN@BOS,CIN,BOS,IL,Shoulder,,,,OF/UTIL
118315-82530,1B/OF,Pavin,Pavin Smith,Smith,8.14933349609375,75,2900,SF@ARI,ARI,SF,,,,,,C/1B/OF/UTIL
118315-119405,2B/SS,Bryson,Bryson Stott,Stott,8.842105263157896,76,2900,SD@PHI,PHI,SD,,,,,,2B/SS/UTIL
118315-136090,2B/SS,Nick,Nick Gonzales,Gonzales,9.434782608695652,23,2900,STL@PIT,PIT,STL,,,,,,2B/SS/UTIL
118315-13266,C/1B,Salvador,Salvador Perez,Perez,7.816249847412109,80,2900,KC@SEA,KC,SEA,,,,,,C/1B/UTIL
118315-13342,OF,Nick,Nick Castellanos,Castellanos,9.245783426675452,83,2900,SD@PHI,PHI,SD,,,,,,OF/UTIL
118315-83155,OF,Ramon,Ramon Laureano,Laureano,9.228571210588727,56,2900,BAL@TEX,BAL,TEX,,,,,,OF/UTIL
118315-146667,3B/2B,Jordan,Jordan Westburg,Westburg,9.13888888888889,36,2900,BAL@TEX,BAL,TEX,DTD,Finger,,,,2B/3B/UTIL
118315-79110,C,Tyler,Tyler Stephenson,Stephenson,9.170454545454545,44,2900,CIN@BOS,CIN,BOS,,,,,,C/1B/UTIL
118315-13638,1B,Wilmer,Wilmer Flores,Flores,9.046250152587891,80,2900,SF@ARI,SF,ARI,,,,,,C/1B/UTIL
118315-85520,OF,Adolis,Adolis Garcia,Garcia,8.306329268443433,79,2900,BAL@TEX,TEX,BAL,,,,,,OF/UTIL
118315-181811,OF/2B/SS,Ceddanne,Ceddanne Rafaela,Rafaela,8.978749847412109,80,2900,CIN@BOS,BOS,CIN,,,,,,2B/SS/OF/UTIL
118315-165693,OF/1B,Alec,Alec Burleson,Burleson,8.587671567315924,73,2900,STL@PIT,STL,PIT,,,,,,C/1B/OF/UTIL
118315-102296,OF,TJ,TJ Friedl,Friedl,10.438749694824219,80,2900,CIN@BOS,CIN,BOS,,,,,,OF/UTIL
118315-102308,2B/3B/OF,Jonathan,Jonathan India,India,7.6986838892886515,76,2900,KC@SEA,KC,SEA,,,,,,2B/3B/OF/UTIL
118315-102363,OF/1B,Luke,Luke Raley,Raley,8.268750190734863,32,2900,KC@SEA,SEA,KC,,,,,,C/1B/OF/UTIL
118315-12302,OF,Giancarlo,Giancarlo Stanton,Stanton,4.920000076293945,10,2800,NYY@TOR,NYY,TOR,,,,,,OF/UTIL
118315-135314,2B/SS/3B/1B,Ernie,Ernie Clement,Clement,7.334567599826389,81,2800,NYY@TOR,TOR,NYY,,,,,,C/1B/2B/3B/SS/UTIL
118315-119303,C,Shea,Shea Langeliers,Langeliers,9.330357142857142,56,2800,ATH@TB,ATH,TB,IL,Oblique,,,,C/1B/UTIL
118315-119395,OF,Jasson,Jasson Dominguez,Dominguez,9.120289678158967,69,2800,NYY@TOR,NYY,TOR,,,,,,OF/UTIL
118315-82569,1B/OF,Gavin,Gavin Sheets,Sheets,9.27624969482422,80,2800,SD@PHI,SD,PHI,,,,,,C/1B/OF/UTIL
118315-119437,3B,Josh,Josh Jung,Jung,8.034246575342467,73,2800,BAL@TEX,TEX,BAL,,,,,,3B/UTIL
118315-119442,C,Gabriel,Gabriel Moreno,Moreno,8.0528299583579,53,2800,SF@ARI,ARI,SF,IL,Finger,,,,C/1B/UTIL
118315-119444,C,Alejandro,Alejandro Kirk,Kirk,8.689706241383272,68,2800,NYY@TOR,TOR,NYY,,,,,,C/1B/UTIL
118315-12968,1B,Paul,Paul Goldschmidt,Goldschmidt,9.355555404851467,81,2800,NYY@TOR,NYY,TOR,,,,,,C/1B/UTIL
118315-17139,C,J.T.,J.T. Realmuto,Realmuto,8.289855072463768,69,2800,SD@PHI,PHI,SD,,,,,,C/1B/UTIL
118315-52179,SS,J.P.,J.P. Crawford,Crawford,9.205000305175782,80,2800,KC@SEA,SEA,KC,,,,,,SS/UTIL
118315-185303,SS/2B/3B/OF,Jose,Jose Caballero,Caballero,9.120895157999067,67,2800,ATH@TB,TB,ATH,,,,,,2B/3B/SS/OF/UTIL
118315-179272,OF/1B/2B,Spencer,Spencer Steer,Steer,8.63376607523336,77,2800,CIN@BOS,CIN,BOS,,,,,,C/1B/2B/OF/UTIL
118315-189530,OF,Dominic,Dominic Canzone,Canzone,8.831579107987253,19,2800,KC@SEA,SEA,KC,,,,,,OF/UTIL
118315-197762,C,Carlos,Carlos Narvaez,Narvaez,9.017459929935516,63,2800,CIN@BOS,BOS,CIN,,,,,,C/1B/UTIL
118315-21705,2B,Marcus,Marcus Semien,Semien,8.10120511342244,83,2800,BAL@TEX,TEX,BAL,,,,,,2B/UTIL
118315-5456,OF,Andrew,Andrew McCutchen,McCutchen,8.350000329919764,74,2800,STL@PIT,PIT,STL,,,,,,OF/UTIL
118315-79272,OF,Lourdes,Lourdes Gurriel Jr.,Gurriel Jr.,9.100000158532874,77,2800,SF@ARI,ARI,SF,,,,,,OF/UTIL
118315-101850,3B/2B/1B,Ramon,Ramon Urias,Urias,8.208474369372352,59,2800,BAL@TEX,BAL,TEX,,,,,,C/1B/2B/3B/UTIL
118315-181812,OF,Wilyer,Wilyer Abreu,Abreu,9.235616605575771,73,2800,CIN@BOS,BOS,CIN,,,,,,OF/UTIL
118315-116339,3B/1B/2B,Abraham,Abraham Toro,Toro,8.178048482755335,41,2800,CIN@BOS,BOS,CIN,,,,,,C/1B/2B/3B/UTIL
118315-116841,2B/1B/OF,Sam,Sam Haggerty,Haggerty,8.460526315789474,38,2700,BAL@TEX,TEX,BAL,,,,,,C/1B/2B/OF/UTIL
118315-225386,OF,Chandler,Chandler Simpson,Simpson,9.751219214462653,41,2700,ATH@TB,TB,ATH,,,,,,OF/UTIL
118315-53757,OF,Rob,Rob Refsnyder,Refsnyder,7.944444444444445,36,2700,CIN@BOS,BOS,CIN,,,,,,OF/UTIL
118315-119307,C,Adley,Adley Rutschman,Rutschman,7.914706061868107,68,2700,BAL@TEX,BAL,TEX,IL,Oblique,,,,C/1B/UTIL
118315-219666,OF,Jake,Jake Mangum,Mangum,9.028571304009885,49,2700,ATH@TB,TB,ATH,,,,,,OF/UTIL
118315-16945,C,Gary,Gary Sanchez,Sanchez,8.995999755859375,25,2700,BAL@TEX,BAL,TEX,,,,,,C/1B/UTIL
118315-52170,1B/OF,Dominic,Dominic Smith,Smith,7.611111111111111,18,2700,SF@ARI,SF,ARI,,,,,,C/1B/OF/UTIL
118315-68563,OF,Victor,Victor Robles,Robles,8.609999847412109,10,2700,KC@SEA,SEA,KC,IL,Shoulder,,,,OF/UTIL
118315-83191,C,Austin,Austin Wynns,Wynns,7.181250095367432,32,2700,ATH@TB,ATH,TB,,,,,,C/1B/UTIL
118315-146716,C,Austin,Austin Wells,Wells,8.923188582710598,69,2700,NYY@TOR,NYY,TOR,,,,,,C/1B/UTIL
118315-21874,2B/3B,Jorge,Jorge Polanco,Polanco,8.734328540403451,67,2700,KC@SEA,SEA,KC,,,,,,2B/3B/UTIL
118315-21875,OF,Max,Max Kepler,Kepler,7.712000325520833,75,2700,SD@PHI,PHI,SD,,,,,,OF/UTIL
118315-181829,1B,Spencer,Spencer Horwitz,Horwitz,7.362857491629464,35,2700,STL@PIT,PIT,STL,,,,,,C/1B/UTIL
118315-165507,SS/2B,Matt,Matt McLain,McLain,8.889189024229307,74,2700,CIN@BOS,CIN,BOS,,,,,,2B/SS/UTIL
118315-165686,3B/SS/2B/1B,Casey,Casey Schmitt,Schmitt,7.70882370892693,34,2700,SF@ARI,SF,ARI,DTD,Wrist,,,,C/1B/2B/3B/SS/UTIL
118315-79884,OF,Anthony,Anthony Santander,Santander,6.955999755859375,50,2600,NYY@TOR,TOR,NYY,IL,Shoulder,,,,OF/UTIL
118315-102415,2B/3B,Nolan,Nolan Gorman,Gorman,7.973214285714286,56,2600,STL@PIT,STL,PIT,,,,,,2B/3B/UTIL
118315-116867,C,Tyler,Tyler Heineman,Heineman,7.913333129882813,30,2600,NYY@TOR,TOR,NYY,,,,,,C/1B/UTIL
118315-82570,1B,Jake,Jake Burger,Burger,7.875384521484375,65,2600,BAL@TEX,TEX,BAL,IL,Oblique,,,,C/1B/UTIL
118315-82617,2B,Andres,Andres Gimenez,Gimenez,7.761403401692708,57,2600,NYY@TOR,TOR,NYY,,,,,,2B/UTIL
118315-146160,SS,Ha-Seong,Ha-Seong Kim,Kim,9.21900826446281,121,2600,ATH@TB,TB,ATH,IL,Shoulder,,,,SS/UTIL
118315-224021,3B/1B,Otto,Otto Kemp,Kemp,8.45,20,2600,SD@PHI,PHI,SD,,,,,,C/1B/3B/UTIL
118315-37982,SS/2B,Xander,Xander Bogaerts,Bogaerts,8.753086419753087,81,2600,SD@PHI,SD,PHI,,,,,,2B/SS/UTIL
118315-70898,2B/3B/OF,Adam,Adam Frazier,Frazier,6.665277693006727,72,2600,STL@PIT,PIT,STL,,,,,,2B/3B/OF/UTIL
118315-79195,OF/1B/3B,Miguel,Miguel Andujar,Andujar,7.995651908542799,46,2600,ATH@TB,ATH,TB,IL,Oblique,,,,C/1B/3B/OF/UTIL
118315-79225,3B/2B,Luis,Luis Urias,Urias,6.858823439654182,68,2600,ATH@TB,ATH,TB,,,,,,2B/3B/UTIL
118315-101827,1B/2B,Luis,Luis Arraez,Arraez,8.754545137479708,77,2600,SD@PHI,SD,PHI,,,,,,C/1B/2B/UTIL
118315-102370,3B/1B,Alec,Alec Bohm,Bohm,8.346913278838734,81,2600,SD@PHI,PHI,SD,,,,,,C/1B/3B/UTIL
118315-79918,C,Kyle,Kyle Higashioka,Higashioka,5.676190330868676,42,2500,BAL@TEX,TEX,BAL,,,,,,C/1B/UTIL
118315-198870,OF,Roman,Roman Anthony,Anthony,7.549999660915798,18,2500,CIN@BOS,BOS,CIN,,,,,,OF/UTIL
118315-198935,OF,Victor,Victor Scott II,Scott II,8.851282364282852,78,2500,STL@PIT,STL,PIT,,,,,,OF/UTIL
118315-82655,C,Danny,Danny Jansen,Jansen,7.410714285714286,56,2500,ATH@TB,TB,ATH,,,,,,C/1B/UTIL
118315-195378,SS/2B/OF,Tyler,Tyler Fitzgerald,Fitzgerald,6.252631471868147,57,2500,SF@ARI,SF,ARI,,,,,,2B/SS/OF/UTIL
118315-183187,1B/3B,Christian,Christian Encarnacion-Strand,Encarnacion-Strand,7.17741935483871,31,2500,CIN@BOS,CIN,BOS,,,,,,C/1B/3B/UTIL
118315-68547,OF,Tyler,Tyler O'Neill,O'Neill,7.783333460489909,24,2500,BAL@TEX,BAL,TEX,IL,Shoulder,,,,OF/UTIL
118315-82977,SS/3B/2B,Isiah,Isiah Kiner-Falefa,Kiner-Falefa,7.050704311317121,71,2500,STL@PIT,PIT,STL,,,,,,2B/3B/SS/UTIL
118315-13487,OF,Tommy,Tommy Pham,Pham,6.337499891008649,56,2500,STL@PIT,PIT,STL,,,,,,OF/UTIL
118315-79119,OF,Will,Will Benson,Benson,8.029268590415397,41,2500,CIN@BOS,CIN,BOS,,,,,,OF/UTIL
118315-197908,C,Pedro,Pedro Pages,Pages,6.546875,64,2500,STL@PIT,STL,PIT,,,,,,C/1B/UTIL
118315-79154,OF,Brandon,Brandon Marsh,Marsh,6.252380855499752,63,2500,SD@PHI,PHI,SD,,,,,,OF/UTIL
118315-79165,2B/OF,Gavin,Gavin Lux,Lux,7.996000162760416,75,2500,CIN@BOS,CIN,BOS,,,,,,2B/OF/UTIL
118315-118120,C,Jonah,Jonah Heim,Heim,6.509375095367432,64,2500,BAL@TEX,TEX,BAL,,,,,,C/1B/UTIL
118315-101753,2B/SS/3B/OF,Dylan,Dylan Moore,Moore,6.682539682539683,63,2500,KC@SEA,SEA,KC,,,,,,2B/3B/SS/OF/UTIL
118315-79247,3B/SS/2B/OF,Edmundo,Edmundo Sosa,Sosa,5.961904616582961,42,2500,SD@PHI,PHI,SD,,,,,,2B/3B/SS/OF/UTIL
118315-222806,1B/OF,Jac,Jac Caglianone,Caglianone,4.678260803222656,23,2500,KC@SEA,KC,SEA,,,,,,C/1B/OF/UTIL
118315-165641,SS/2B/3B,Max,Max Muncy,Muncy,6.306977028070494,43,2500,ATH@TB,ATH,TB,,,,,,2B/3B/SS/UTIL
118315-102283,OF,Alek,Alek Thomas,Thomas,6.342465753424658,73,2500,SF@ARI,ARI,SF,,,,,,OF/UTIL
118315-135190,SS,Taylor,Taylor Walls,Walls,6.516901580380722,71,2400,ATH@TB,TB,ATH,,,,,,SS/UTIL
118315-102485,OF,Kyle,Kyle Isbel,Isbel,5.016438523383989,73,2400,KC@SEA,KC,SEA,,,,,,OF/UTIL
118315-135364,OF,Jordan,Jordan Walker,Walker,6.612727494673296,55,2400,STL@PIT,STL,PIT,IL,Abdomen,,,,OF/UTIL
118315-156224,C,Willie,Willie MacIver,MacIver,6.694117826573989,17,2400,ATH@TB,ATH,TB,,,,,,C/1B/UTIL
118315-219727,2B/1B/OF,Tim,Tim Tawa,Tawa,6.585454767400568,55,2400,SF@ARI,ARI,SF,,,,,,C/1B/2B/OF/UTIL
118315-12919,SS/2B/3B/OF,Jose,Jose Iglesias,Iglesias,5.029310555293642,58,2400,SD@PHI,SD,PHI,,,,,,2B/3B/SS/OF/UTIL
118315-207557,2B/SS/3B,Nick,Nick Sogard,Sogard,7.088235294117647,17,2400,CIN@BOS,BOS,CIN,,,,,,2B/3B/SS/UTIL
118315-82661,OF,Daniel,Daniel Johnson,Johnson,4.358333269755046,12,2400,SF@ARI,SF,ARI,,,,,,OF/UTIL
118315-213853,C,J.C.,J.C. Escarra,Escarra,5.140625,32,2400,NYY@TOR,NYY,TOR,DTD,Personal,,,,C/1B/UTIL
118315-83173,C,Jose,Jose Trevino,Trevino,7.267307574932392,52,2400,CIN@BOS,CIN,BOS,,,,,,C/1B/UTIL
118315-79082,1B,Ryan,Ryan Mountcastle,Mountcastle,6.621153611403245,52,2400,BAL@TEX,BAL,TEX,IL,Hamstring,,,,C/1B/UTIL
118315-13567,3B/1B/2B,DJ,DJ LeMahieu,LeMahieu,5.644736842105263,38,2400,NYY@TOR,NYY,TOR,,,,,,C/1B/2B/3B/UTIL
118315-85254,C,Joey,Joey Bart,Bart,6.292307927058293,52,2400,STL@PIT,PIT,STL,,,,,,C/1B/UTIL
118315-136504,C,Patrick,Patrick Bailey,Bailey,5.384615384615385,65,2400,SF@ARI,SF,ARI,,,,,,C/1B/UTIL
118315-79216,3B,Ke'Bryan,Ke'Bryan Hayes,Hayes,7.258441875507305,77,2400,STL@PIT,PIT,STL,,,,,,3B/UTIL
118315-181662,OF,Nathan,Nathan Lukes,Lukes,6.646551724137931,58,2400,NYY@TOR,TOR,NYY,,,,,,OF/UTIL
118315-13864,OF/1B,Joc,Joc Pederson,Pederson,4.673913043478261,46,2400,BAL@TEX,TEX,BAL,IL,Hand,,,,C/1B/OF/UTIL
118315-13909,OF,Randal,Randal Grichuk,Grichuk,5.546296296296297,54,2400,SF@ARI,ARI,SF,,,,,,OF/UTIL
118315-163533,C,Jose,Jose Herrera,Herrera,5.869444529215495,36,2400,SF@ARI,ARI,SF,,,,,,C/1B/UTIL
118315-81622,C,Mitch,Mitch Garver,Garver,7.0608692998471465,46,2400,KC@SEA,SEA,KC,,,,,,C/1B/UTIL
118315-181987,OF,Masataka,Masataka Yoshida,Yoshida,8.75925925925926,108,2400,CIN@BOS,BOS,CIN,IL,Shoulder,,,,OF/UTIL
118315-165645,OF,Denzel,Denzel Clarke,Clarke,5.5,32,2400,ATH@TB,ATH,TB,,,,,,OF/UTIL
118315-102282,OF,Jake,Jake McCarthy,McCarthy,5.394736842105263,19,2400,SF@ARI,ARI,SF,,,,,,OF/UTIL
118315-102288,OF,Drew,Drew Waters,Waters,5.5911766501034,68,2400,KC@SEA,KC,SEA,,,,,,OF/UTIL
118315-102402,OF,Alexander,Alexander Canario,Canario,5.952000122070313,50,2300,STL@PIT,PIT,STL,,,,,,OF/UTIL
118315-223299,3B,Ben,Ben Williamson,Williamson,6.103278488409324,61,2300,KC@SEA,SEA,KC,,,,,,3B/UTIL
118315-102577,2B/3B/OF,Santiago,Santiago Espinal,Espinal,5.027397260273973,73,2300,CIN@BOS,CIN,BOS,,,,,,2B/3B/OF/UTIL
118315-119318,2B/3B/OF,Christopher,Christopher Morel,Morel,6.9491525423728815,59,2300,ATH@TB,TB,ATH,,,,,,2B/3B/OF/UTIL
118315-119363,OF,JJ,JJ Bleday,Bleday,7.774193548387097,62,2300,ATH@TB,ATH,TB,,,,,,OF/UTIL
118315-164512,3B/1B,Coby,Coby Mayo,Mayo,6.5409088134765625,22,2300,BAL@TEX,BAL,TEX,,,,,,C/1B/3B/UTIL
118315-164516,SS/3B,Marcelo,Marcelo Mayer,Mayer,6.662962736906828,27,2300,CIN@BOS,BOS,CIN,NA,Personal,,,,3B/SS/UTIL
118315-183092,OF,Jonatan,Jonatan Clase,Clase,6.106060606060606,33,2300,NYY@TOR,TOR,NYY,,,,,,OF/UTIL
118315-119637,3B/SS/OF,Ezequiel,Ezequiel Duran,Duran,2.8500001089913503,28,2300,BAL@TEX,TEX,BAL,,,,,,3B/SS/OF/UTIL
118315-211906,3B/2B/SS,Thomas,Thomas Saggese,Saggese,5.910526476408306,19,2300,STL@PIT,STL,PIT,,,,,,2B/3B/SS/UTIL
118315-13412,3B/1B,Donovan,Donovan Solano,Solano,4.703999938964844,50,2300,KC@SEA,SEA,KC,,,,,,C/1B/3B/UTIL
118315-38112,1B/3B,Gio,Gio Urshela,Urshela,5.481081163561022,37,2300,ATH@TB,ATH,TB,,,,,,C/1B/3B/UTIL
118315-146690,3B/2B/OF,Nick,Nick Loftin,Loftin,5.6318182511763135,22,2300,KC@SEA,KC,SEA,,,,,,2B/3B/OF/UTIL
118315-79152,C,Matt,Matt Thaiss,Thaiss,6.6063829787234045,47,2300,ATH@TB,TB,ATH,,,,,,C/1B/UTIL
118315-79263,OF,Leody,Leody Taveras,Taveras,5.622413898336476,58,2300,KC@SEA,SEA,KC,,,,,,OF/UTIL
118315-173548,2B/OF,Michael,Michael Massey,Massey,4.607142857142857,56,2300,KC@SEA,KC,SEA,IL,Ankle,,,,2B/OF/UTIL
118315-202259,1B,Trenton,Trenton Brooks,Brooks,4.177777608235677,9,2300,SD@PHI,SD,PHI,,,,,,C/1B/UTIL
118315-175654,OF,Bryce,Bryce Johnson,Johnson,3.6700000762939453,10,2300,SD@PHI,SD,PHI,,,,,,OF/UTIL
118315-165643,2B,Zack,Zack Gelof,Gelof,8.547101449275363,138,2300,ATH@TB,ATH,TB,IL,Ribs,,,,2B/UTIL
118315-165648,OF,Johan,Johan Rojas,Rojas,5.222034001754502,59,2300,SD@PHI,PHI,SD,,,,,,OF/UTIL
118315-159624,C,Yohel,Yohel Pozo,Pozo,5.682143075125558,28,2300,STL@PIT,STL,PIT,,,,,,C/1B/UTIL
118315-192426,2B/OF,Davis,Davis Schneider,Schneider,4.9956522402556045,23,2300,NYY@TOR,TOR,NYY,,,,,,2B/OF/UTIL
118315-135194,C,Freddy,Freddy Fermin,Fermin,4.807999877929688,50,2200,KC@SEA,KC,SEA,,,,,,C/1B/UTIL
118315-172093,2B,Michael,Michael Stefanic,Stefanic,2.6888889736599393,9,2200,NYY@TOR,TOR,NYY,,,,,,2B/UTIL
118315-192649,OF/1B,Weston,Weston Wilson,Wilson,3.2545453851873223,22,2200,SD@PHI,PHI,SD,,,,,,C/1B/OF/UTIL
118315-135310,C,Chadwick,Chadwick Tromp,Tromp,4.842857360839844,7,2200,BAL@TEX,BAL,TEX,,,,,,C/1B/UTIL
118315-145611,SS/2B/3B,Oswald,Oswald Peraza,Peraza,4.386538578913762,52,2200,NYY@TOR,NYY,TOR,,,,,,2B/3B/SS/UTIL
118315-119326,3B/OF,Rece,Rece Hinds,Hinds,6.229999923706055,10,2200,CIN@BOS,CIN,BOS,,,,,,3B/OF/UTIL
118315-82563,2B/SS/OF,Garrett,Garrett Hampson,Hampson,3.453125,32,2200,STL@PIT,STL,PIT,,,,,,2B/SS/OF/UTIL
118315-164495,SS/3B/2B,Jordan,Jordan Lawlar,Lawlar,1.524999976158142,8,2200,SF@ARI,ARI,SF,IL,Hamstring,,,,2B/3B/SS/UTIL
118315-164496,C,Adrian,Adrian Del Castillo,Del Castillo,10.315999755859375,25,2200,SF@ARI,ARI,SF,IL,Back,,,,C/1B/UTIL
118315-17171,C,James,James McCann,McCann,13.949999809265137,2,2200,SF@ARI,ARI,SF,,,,,,C/1B/UTIL
118315-211774,1B/OF,Billy,Billy Cook,Cook,3.066666603088379,3,2200,STL@PIT,PIT,STL,,,,,,C/1B/OF/UTIL
118315-119621,OF,Luis,Luis Matos,Matos,6.470833460489909,24,2200,SF@ARI,SF,ARI,,,,,,OF/UTIL
118315-68537,2B/3B/SS/OF,Tyler,Tyler Wade,Wade,3.853703816731771,54,2200,SD@PHI,SD,PHI,,,,,,2B/3B/SS/OF/UTIL
118315-97257,OF,Myles,Myles Straw,Straw,4.768182003136837,66,2200,NYY@TOR,TOR,NYY,,,,,,OF/UTIL
118315-68593,SS/2B/OF,Jorge,Jorge Mateo,Mateo,5.621874809265137,32,2200,BAL@TEX,BAL,TEX,IL,Elbow,,,,2B/SS/OF/UTIL
118315-70665,C,Jacob,Jacob Stallings,Stallings,3.5448276914399246,29,2200,BAL@TEX,BAL,TEX,,,,,,C/1B/UTIL
118315-54307,C,Elias,Elias Diaz,Diaz,4.8076923076923075,65,2200,SD@PHI,SD,PHI,,,,,,C/1B/UTIL
118315-21666,OF/1B,Mark,Mark Canha,Canha,3.3545455932617188,44,2200,KC@SEA,KC,SEA,,,,,,C/1B/OF/UTIL
118315-101910,1B/OF,Connor,Connor Joe,Joe,3.393103500892376,29,2200,CIN@BOS,CIN,BOS,IL,Illness,,,,C/1B/OF/UTIL
118315-181813,SS/2B,David,David Hamilton,Hamilton,4.692856924874442,56,2200,CIN@BOS,BOS,CIN,,,,,,2B/SS/UTIL
118315-226907,OF,Alejandro,Alejandro Osuna,Osuna,4.279999923706055,20,2200,BAL@TEX,TEX,BAL,,,,,,OF/UTIL
118315-222825,2B/OF/1B,Kristian,Kristian Campbell,Campbell,7.437313250641324,67,2200,CIN@BOS,BOS,CIN,,,,,,C/1B/2B/OF/UTIL
118315-222844,SS/2B,Cole,Cole Young,Young,5.454166412353516,24,2200,KC@SEA,SEA,KC,,,,,,2B/SS/UTIL
118315-222887,SS/2B,Christian,Christian Koss,Koss,5.2349998474121096,40,2200,SF@ARI,SF,ARI,,,,,,2B/SS/UTIL
118315-165639,OF,Brandon,Brandon Lockridge,Lockridge,3.793617086207613,47,2200,SD@PHI,SD,PHI,,,,,,OF/UTIL
118315-165654,C/OF,Henry,Henry Davis,Davis,6.144736842105263,38,2200,STL@PIT,PIT,STL,,,,,,C/1B/OF/UTIL
118315-200498,SS/3B/2B/OF,Max,Max Schuemann,Schuemann,3.6052631578947367,57,2200,ATH@TB,ATH,TB,,,,,,2B/3B/SS/OF/UTIL
118315-165701,3B/2B/1B,Curtis,Curtis Mead,Mead,5.480000135633681,45,2200,ATH@TB,TB,ATH,,,,,,C/1B/2B/3B/UTIL
118315-163668,OF/2B/3B,Richie,Richie Palacios,Palacios,21.200000762939453,1,2200,ATH@TB,TB,ATH,IL,Knee,,,,2B/3B/OF/UTIL
118315-180208,2B/3B/SS/OF,Miles,Miles Mastrobuoni,Mastrobuoni,4.522950719614498,61,2200,KC@SEA,SEA,KC,,,,,,2B/3B/SS/OF/UTIL
118315-102411,C,Andrew,Andrew Knizner,Knizner,3.390909021550959,11,2100,SF@ARI,SF,ARI,,,,,,C/1B/UTIL
118315-102454,C,Jhonny,Jhonny Pereda,Pereda,3.426315709164268,19,2100,ATH@TB,ATH,TB,,,,,,C/1B/UTIL
118315-102504,C,Connor,Connor Wong,Wong,3.0566665649414064,30,2100,CIN@BOS,BOS,CIN,,,,,,C/1B/UTIL
118315-102550,C,Luis,Luis Campusano,Campusano,2,9,2100,SD@PHI,SD,PHI,,,,,,C/1B/UTIL
118315-198867,C,Samuel,Samuel Basallo,Basallo,,0,2100,BAL@TEX,BAL,TEX,,,,,,C/1B/UTIL
118315-209179,1B/2B/3B,Will,Will Wagner,Wagner,4.371428716750372,21,2100,NYY@TOR,TOR,NYY,,,,,,C/1B/2B/3B/UTIL
118315-211345,OF/2B,Michael,Michael Helman,Helman,0,1,2100,BAL@TEX,TEX,BAL,,,,,,2B/OF/UTIL
118315-119364,OF,Kameron,Kameron Misner,Misner,6.569013998542033,71,2100,ATH@TB,TB,ATH,,,,,,OF/UTIL
118315-119401,C,Rafael,Rafael Marchan,Marchan,4.659090909090909,22,2100,SD@PHI,PHI,SD,,,,,,C/1B/UTIL
118315-82567,1B/OF,Ryan,Ryan Vilade,Vilade,1.524999976158142,8,2100,CIN@BOS,CIN,BOS,,,,,,C/1B/OF/UTIL
118315-164498,2B,Ryan,Ryan Bliss,Bliss,6.427272449840199,11,2100,KC@SEA,SEA,KC,IL,Biceps,,,,2B/UTIL
118315-13253,C,Martin,Martin Maldonado,Maldonado,3.7574469383726727,47,2100,SD@PHI,SD,PHI,,,,,,C/1B/UTIL
118315-80852,2B/SS/3B/OF,Ildemaro,Ildemaro Vargas,Vargas,7.2,10,2100,SF@ARI,ARI,SF,IL,Foot,,,,2B/3B/SS/OF/UTIL
118315-181806,OF,Jonny,Jonny DeLuca,DeLuca,9.144444783528646,9,2100,ATH@TB,TB,ATH,IL,Shoulder,,,,OF/UTIL
118315-181820,OF/2B/SS,Brett,Brett Wisely,Wisely,3.8200000762939452,10,2100,SF@ARI,SF,ARI,,,,,,2B/SS/OF/UTIL
118315-181851,3B/2B/1B/SS,Jared,Jared Triolo,Triolo,5.203921448950674,51,2100,STL@PIT,PIT,STL,,,,,,C/1B/2B/3B/SS/UTIL
118315-226912,OF,John,John Rave,Rave,3.4624999364217124,24,2100,KC@SEA,KC,SEA,,,,,,OF/UTIL
118315-222879,OF,Alan,Alan Roden,Roden,4.509523664202009,42,2100,NYY@TOR,TOR,NYY,,,,,,OF/UTIL
118315-163772,C,Brett,Brett Sullivan,Sullivan,6.400000254313151,3,2100,STL@PIT,PIT,STL,,,,,,C/1B/UTIL
118315-102349,SS/2B,Leo,Leo Rivas,Rivas,5.8600001017252605,30,2100,KC@SEA,SEA,KC,,,,,,2B/SS/UTIL
118315-198658,OF/2B,Ronny,Ronny Simon,Simon,5.089473523591694,19,2000,STL@PIT,PIT,STL,,,,,,2B/OF/UTIL
118315-102403,SS/2B,Marco,Marco Luciano,Luciano,4.362068965517241,29,2000,SF@ARI,SF,ARI,,,,,,2B/SS/UTIL
118315-102410,C,Ronaldo,Ronaldo Hernandez,Hernandez,,0,2000,NYY@TOR,NYY,TOR,,,,,,C/1B/UTIL
118315-102413,1B,Luken,Luken Baker,Baker,3.7157893933747945,19,2000,STL@PIT,STL,PIT,,,,,,C/1B/UTIL
118315-102425,SS,Orelvis,Orelvis Martinez,Martinez,1.5,2,2000,NYY@TOR,TOR,NYY,,,,,,SS/UTIL
118315-102427,3B,Jordan,Jordan Groshans,Groshans,,0,2000,KC@SEA,KC,SEA,,,,,,3B/UTIL
118315-102435,SS/2B/3B,Blaze,Blaze Alexander,Alexander,0,2,2000,SF@ARI,ARI,SF,,,,,,2B/3B/SS/UTIL
118315-102436,OF,Kristian,Kristian Robinson,Robinson,,0,2000,SF@ARI,ARI,SF,IL,Undisclosed,,,,OF/UTIL
118315-135207,2B,Alex,Alex De Goti,De Goti,,0,2000,BAL@TEX,TEX,BAL,,,,,,2B/UTIL
118315-102451,OF,Brennen,Brennen Davis,Davis,0,2,2000,NYY@TOR,NYY,TOR,,,,,,OF/UTIL
118315-135227,2B,Jose,Jose Rojas,Rojas,,0,2000,NYY@TOR,NYY,TOR,,,,,,2B/UTIL
118315-135239,2B/SS/3B,Rodolfo,Rodolfo Castro,Castro,0,2,2000,SD@PHI,PHI,SD,,,,,,2B/3B/SS/UTIL
118315-135242,C,P.J.,P.J. Higgins,Higgins,0,2,2000,CIN@BOS,CIN,BOS,,,,,,C/1B/UTIL
118315-102488,3B/1B,Emmanuel,Emmanuel Rivera,Rivera,4.0038460951585035,26,2000,BAL@TEX,BAL,TEX,,,,,,C/1B/3B/UTIL
118315-135263,C,Brian,Brian O'Keefe,O'Keefe,,0,2000,KC@SEA,KC,SEA,,,,,,C/1B/UTIL
118315-135267,2B,Kaden,Kaden Polcovich,Polcovich,,0,2000,KC@SEA,SEA,KC,,,,,,2B/UTIL
118315-102499,SS,Bryson,Bryson Brigman,Brigman,,0,2000,CIN@BOS,CIN,BOS,,,,,,SS/UTIL
118315-135265,1B,Austin,Austin Shenton,Shenton,4.7549999237060545,20,2000,KC@SEA,SEA,KC,,,,,,C/1B/UTIL
118315-157797,OF,Bryan,Bryan De La Cruz,De La Cruz,3.012500047683716,16,2000,NYY@TOR,NYY,TOR,,,,,,OF/UTIL
118315-102519,3B,Andrew,Andrew Bechtold,Bechtold,,0,2000,SD@PHI,PHI,SD,,,,,,3B/UTIL
118315-102521,C,Josh,Josh Breaux,Breaux,,0,2000,SD@PHI,PHI,SD,,,,,,C/1B/UTIL
118315-135288,SS/2B/3B,Alan,Alan Trejo,Trejo,3.078571319580078,14,2000,BAL@TEX,TEX,BAL,,,,,,2B/3B/SS/UTIL
118315-135302,OF,Brayan,Brayan Buelvas,Buelvas,,0,2000,ATH@TB,ATH,TB,,,,,,OF/UTIL
118315-102537,OF,Everson,Everson Pereira,Pereira,0,3,2000,NYY@TOR,NYY,TOR,,,,,,OF/UTIL
118315-198803,3B,Damiano,Damiano Palmegiani,Palmegiani,,0,2000,NYY@TOR,TOR,NYY,,,,,,3B/UTIL
118315-53401,1B/OF,Trey,Trey Mancini,Mancini,,0,2000,SF@ARI,ARI,SF,,,,,,C/1B/OF/UTIL
118315-102579,SS/2B,Leo,Leo Jimenez,Jimenez,6.251562595367432,64,2000,NYY@TOR,TOR,NYY,,,,,,2B/SS/UTIL
118315-102584,C,Tres,Tres Barrera,Barrera,,0,2000,ATH@TB,TB,ATH,,,,,,C/1B/UTIL
118315-198865,OF,Druw,Druw Jones,Jones,,0,2000,SF@ARI,ARI,SF,,,,,,OF/UTIL
118315-198871,SS,Tommy,Tommy Troy,Troy,,0,2000,SF@ARI,ARI,SF,,,,,,SS/UTIL
118315-194773,C,Logan,Logan Porter,Porter,3.779999923706055,5,2000,SF@ARI,SF,ARI,,,,,,C/1B/UTIL
118315-198868,OF,Enrique,Enrique Bradfield Jr.,Bradfield Jr.,,0,2000,BAL@TEX,BAL,TEX,DTD,Hamstring,,,,OF/UTIL
118315-198878,3B,Sal,Sal Stewart,Stewart,,0,2000,CIN@BOS,CIN,BOS,,,,,,3B/UTIL
118315-198900,OF,Spencer,Spencer Jones,Jones,,0,2000,NYY@TOR,NYY,TOR,,,,,,OF/UTIL
118315-198914,SS,Roderick,Roderick Arias,Arias,,0,2000,NYY@TOR,NYY,TOR,,,,,,SS/UTIL
118315-198918,C,Ethan,Ethan Salas,Salas,,0,2000,SD@PHI,SD,PHI,IL,Back,,,,C/1B/UTIL
118315-198931,SS,Felnin,Felnin Celesten,Celesten,,0,2000,KC@SEA,SEA,KC,,,,,,SS/UTIL
118315-198933,SS,Sebastian,Sebastian Walcott,Walcott,,0,2000,BAL@TEX,TEX,BAL,,,,,,SS/UTIL
118315-198932,1B,Xavier,Xavier Isaac,Isaac,,0,2000,ATH@TB,TB,ATH,,,,,,C/1B/UTIL
118315-198937,OF,Bryce,Bryce Eldridge,Eldridge,,0,2000,SF@ARI,SF,ARI,O,Hamstring,,,,OF/UTIL
118315-82251,OF,Tim,Tim Locastro,Locastro,0,1,2000,SD@PHI,SD,PHI,,,,,,OF/UTIL
118315-170350,OF,Dairon,Dairon Blanco,Blanco,3.7666668362087674,9,2000,KC@SEA,KC,SEA,,,,,,OF/UTIL
118315-211339,C,Logan,Logan Driscoll,Driscoll,3.593333435058594,15,2000,ATH@TB,TB,ATH,IL,Ankle,,,,C/1B/UTIL
118315-180644,2B,Nate,Nate Mondou,Mondou,0,1,2000,SD@PHI,SD,PHI,,,,,,2B/UTIL
118315-180694,OF,Cade,Cade Marlowe,Marlowe,1.355555534362793,9,2000,KC@SEA,SEA,KC,IL,Undisclosed,,,,OF/UTIL
118315-135646,C,Carson,Carson Taylor,Taylor,,0,2000,SD@PHI,PHI,SD,IL,Undisclosed,,,,C/1B/UTIL
118315-84471,OF,Nick,Nick Martini,Martini,3.631818251176314,44,2000,ATH@TB,ATH,TB,,,,,,OF/UTIL
118315-119304,SS/2B,Braden,Braden Shewmake,Shewmake,3.406896656957166,29,2000,NYY@TOR,NYY,TOR,,,,,,2B/SS/UTIL
118315-219667,OF,Jhostynxon,Jhostynxon Garcia,Garcia,,0,2000,CIN@BOS,BOS,CIN,,,,,,OF/UTIL
118315-219664,OF,Matt,Matt Koperniak,Koperniak,,0,2000,STL@PIT,STL,PIT,,,,,,OF/UTIL
118315-119325,2B/OF,Tyler,Tyler Callihan,Callihan,1.625,4,2000,CIN@BOS,CIN,BOS,IL,Forearm,,,,2B/OF/UTIL
118315-119327,SS,Ivan,Ivan Johnson,Johnson,,0,2000,CIN@BOS,CIN,BOS,,,,,,SS/UTIL
118315-207395,C,Eric,Eric Yang,Yang,0,1,2000,CIN@BOS,CIN,BOS,,,,,,C/1B/UTIL
118315-201253,OF,Joey,Joey Loperfido,Loperfido,6.10246898509838,81,2000,NYY@TOR,TOR,NYY,,,,,,OF/UTIL
118315-219699,C,Jesus,Jesus Rodriguez,Rodriguez,,0,2000,NYY@TOR,NYY,TOR,,,,,,C/1B/UTIL
118315-119366,OF/1B,Jerar,Jerar Encarnacion,Encarnacion,2.2750000953674316,8,2000,SF@ARI,SF,ARI,IL,Oblique,,,,C/1B/OF/UTIL
118315-119371,2B,Devin,Devin Mann,Mann,,0,2000,SF@ARI,SF,ARI,,,,,,2B/UTIL
118315-119393,SS,Robert,Robert Puason,Puason,,0,2000,ATH@TB,ATH,TB,,,,,,SS/UTIL
118315-82531,C,Andy,Andy Yerzy,Yerzy,,0,2000,STL@PIT,STL,PIT,,,,,,C/1B/UTIL
118315-119394,SS,Logan,Logan Davidson,Davidson,3.466666751437717,9,2000,ATH@TB,ATH,TB,,,,,,SS/UTIL
118315-119402,C,Rodolfo,Rodolfo Duran,Duran,,0,2000,SD@PHI,SD,PHI,,,,,,C/1B/UTIL
118315-119407,OF,Sammy,Sammy Siani,Siani,,0,2000,STL@PIT,PIT,STL,,,,,,OF/UTIL
118315-119408,2B/OF,Ji Hwan,Ji Hwan Bae,Bae,3.942857197352818,7,2000,STL@PIT,PIT,STL,,,,,,2B/OF/UTIL
118315-119419,OF,Hunter,Hunter Bishop,Bishop,,0,2000,SF@ARI,SF,ARI,,,,,,OF/UTIL
118315-119418,OF,Jairo,Jairo Pomares,Pomares,,0,2000,SF@ARI,SF,ARI,,,,,,OF/UTIL
118315-119421,3B,Malcom,Malcom Nunez,Nunez,,0,2000,STL@PIT,PIT,STL,,,,,,3B/UTIL
118315-119424,C,Julio E.,Julio E. Rodriguez,Rodriguez,,0,2000,KC@SEA,SEA,KC,,,,,,C/1B/UTIL
118315-201354,3B,Brett,Brett Harris,Harris,6.333333333333333,36,2000,ATH@TB,ATH,TB,,,,,,3B/UTIL
118315-119434,OF,Moises,Moises Gomez,Gomez,,0,2000,SD@PHI,SD,PHI,,,,,,OF/UTIL
118315-176777,OF,Cal,Cal Stevenson,Stevenson,1.9,5,2000,SD@PHI,PHI,SD,,,,,,OF/UTIL
118315-119439,C,Sam,Sam Huff,Huff,4.8,20,2000,SF@ARI,SF,ARI,,,,,,C/1B/UTIL
118315-119440,3B/2B,Davis,Davis Wendzel,Wendzel,1.8714286259242467,28,2000,CIN@BOS,CIN,BOS,,,,,,2B/3B/UTIL
118315-164499,3B,A.J.,A.J. Vukovich,Vukovich,,0,2000,SF@ARI,ARI,SF,,,,,,3B/UTIL
118315-164502,SS/2B,Vaughn,Vaughn Grissom,Grissom,4.787878787878788,33,2000,CIN@BOS,BOS,CIN,,,,,,2B/SS/UTIL
118315-203417,C,Nick,Nick Raposo,Raposo,,0,2000,KC@SEA,SEA,KC,,,,,,C/1B/UTIL
118315-82586,OF,MJ,MJ Melendez,Melendez,3.456249952316284,16,2000,KC@SEA,KC,SEA,,,,,,OF/UTIL
118315-164505,OF,Hudson,Hudson Haskin,Haskin,,0,2000,BAL@TEX,BAL,TEX,,,,,,OF/UTIL
118315-82589,OF/1B,Nick,Nick Pratto,Pratto,0,2,2000,KC@SEA,KC,SEA,,,,,,C/1B/OF/UTIL
118315-164514,SS,Maikol,Maikol Hernandez,Hernandez,,0,2000,BAL@TEX,BAL,TEX,,,,,,SS/UTIL
118315-164518,2B,Tyler,Tyler McDonough,McDonough,,0,2000,CIN@BOS,BOS,CIN,,,,,,2B/UTIL
118315-164519,3B,Alex,Alex Binelas,Binelas,,0,2000,SD@PHI,PHI,SD,,,,,,3B/UTIL
118315-164526,C,Nathan,Nathan Hickey,Hickey,,0,2000,CIN@BOS,BOS,CIN,,,,,,C/1B/UTIL
118315-164533,OF,Yohendrick,Yohendrick Pinango,Pinango,,0,2000,NYY@TOR,TOR,NYY,,,,,,OF/UTIL
118315-82620,2B,Nick,Nick Solak,Solak,0.75,4,2000,STL@PIT,PIT,STL,,,,,,2B/UTIL
118315-103125,2B/SS/OF,Jack,Jack Lopez,Lopez,3.8551725190261315,29,2000,KC@SEA,SEA,KC,,,,,,2B/SS/OF/UTIL
118315-195289,OF,Cam,Cam Eden,Eden,,0,2000,NYY@TOR,NYY,TOR,,,,,,OF/UTIL
118315-226041,OF/1B,Matt,Matt Gorski,Gorski,4.76000010172526,15,2000,STL@PIT,PIT,STL,IL,Undisclosed,,,,C/1B/OF/UTIL
118315-209703,OF,Grant,Grant McCray,McCray,7.17837854333826,37,2000,SF@ARI,SF,ARI,,,,,,OF/UTIL
118315-193328,OF,Wade,Wade Meckler,Meckler,0,2,2000,SF@ARI,SF,ARI,,,,,,OF/UTIL
118315-119627,OF,Erick,Erick Pena,Pena,,0,2000,KC@SEA,KC,SEA,,,,,,OF/UTIL
118315-119626,OF,Hudson,Hudson Head,Head,,0,2000,STL@PIT,PIT,STL,,,,,,OF/UTIL
118315-119634,SS/2B,Liover,Liover Peguero,Peguero,2.25,4,2000,STL@PIT,PIT,STL,,,,,,2B/SS/UTIL
118315-119636,SS,Alexander,Alexander Vargas,Vargas,,0,2000,NYY@TOR,NYY,TOR,,,,,,SS/UTIL
118315-203639,3B/1B,CJ,CJ Alexander,Alexander,1.5,6,2000,NYY@TOR,NYY,TOR,,,,,,C/1B/3B/UTIL
118315-203641,SS,Levi,Levi Jordan,Jordan,1.8142856870378767,7,2000,CIN@BOS,CIN,BOS,,,,,,SS/UTIL
118315-68538,2B,Franklin,Franklin Barreto,Barreto,,0,2000,BAL@TEX,BAL,TEX,IL,Undisclosed,,,,2B/UTIL
118315-52157,C,Tom,Tom Murphy,Murphy,3.7571427481515065,14,2000,SF@ARI,SF,ARI,IL,Back,,,,C/1B/UTIL
118315-68554,SS,Andrew,Andrew Velazquez,Velazquez,0,2,2000,NYY@TOR,NYY,TOR,,,,,,SS/UTIL
118315-13303,C,Yasmani,Yasmani Grandal,Grandal,7.036986468589469,73,2000,CIN@BOS,BOS,CIN,,,,,,C/1B/UTIL
118315-13304,C,Tucker,Tucker Barnhart,Barnhart,1.875,8,2000,BAL@TEX,TEX,BAL,,,,,,C/1B/UTIL
118315-97291,2B,Harold,Harold Castro,Castro,,0,2000,KC@SEA,KC,SEA,,,,,,2B/UTIL
118315-13326,C,Christian,Christian Bethancourt,Bethancourt,5.056250095367432,64,2000,NYY@TOR,TOR,NYY,,,,,,C/1B/UTIL
118315-171128,3B/2B,Buddy,Buddy Kennedy,Kennedy,0.75,4,2000,SD@PHI,PHI,SD,,,,,,2B/3B/UTIL
118315-13436,C,Max,Max Stassi,Stassi,0,1,2000,SF@ARI,SF,ARI,,,,,,C/1B/UTIL
118315-197764,C,Blake,Blake Hunt,Hunt,0,1,2000,KC@SEA,SEA,KC,,,,,,C/1B/UTIL
118315-197768,SS/3B,Luis,Luis Vazquez,Vazquez,0,7,2000,BAL@TEX,BAL,TEX,,,,,,3B/SS/UTIL
118315-83143,OF,Oscar,Oscar Mercado,Mercado,0,1,2000,SD@PHI,PHI,SD,,,,,,OF/UTIL
118315-187594,2B/3B,Coco,Coco Montes,Montes,1.9,5,2000,ATH@TB,TB,ATH,,,,,,2B/3B/UTIL
118315-60634,OF,Forrest,Forrest Wall,Wall,4.072222391764323,18,2000,SD@PHI,SD,PHI,,,,,,OF/UTIL
118315-226530,C,Maverick,Maverick Handley,Handley,2.1812500953674316,16,2000,BAL@TEX,BAL,TEX,IL,Concussion,,,,C/1B/UTIL
118315-83174,3B,Sergio,Sergio Alcantara,Alcantara,0,2,2000,SF@ARI,SF,ARI,,,,,,3B/UTIL
118315-146666,OF,Heston,Heston Kjerstad,Kjerstad,5.679629855685764,54,2000,BAL@TEX,BAL,TEX,,,,,,OF/UTIL
118315-60649,C,Alex,Alex Jackson,Jackson,4.196551618904903,58,2000,NYY@TOR,NYY,TOR,,,,,,C/1B/UTIL
118315-60652,2B,Christian,Christian Arroyo,Arroyo,,0,2000,SD@PHI,PHI,SD,,,,,,2B/UTIL
118315-146671,OF,Austin,Austin Hendrick,Hendrick,,0,2000,CIN@BOS,CIN,BOS,,,,,,OF/UTIL
118315-146668,2B,Nick,Nick Yorke,Yorke,8.754545731977982,11,2000,STL@PIT,PIT,STL,,,,,,2B/UTIL
118315-146675,3B,Blaze,Blaze Jordan,Jordan,,0,2000,CIN@BOS,BOS,CIN,,,,,,3B/UTIL
118315-79093,OF,Eloy,Eloy Jimenez,Jimenez,5.833333333333333,99,2000,ATH@TB,TB,ATH,,,,,,OF/UTIL
118315-197895,OF,Tyler,Tyler Gentry,Gentry,0,4,2000,KC@SEA,KC,SEA,,,,,,OF/UTIL
118315-146696,SS,Alex,Alex De Jesus,De Jesus,,0,2000,NYY@TOR,TOR,NYY,,,,,,SS/UTIL
118315-85262,OF,J.P.,J.P. Martinez,Martinez,2.3777777353922525,9,2000,BAL@TEX,BAL,TEX,,,,,,OF/UTIL
118315-197904,SS/3B,Darell,Darell Hernaiz,Hernaiz,4.012245022520727,49,2000,ATH@TB,ATH,TB,,,,,,3B/SS/UTIL
118315-79128,C,Garrett,Garrett Stubbs,Stubbs,5.580701861465187,57,2000,SD@PHI,PHI,SD,,,,,,C/1B/UTIL
118315-146715,C/1B,Endy,Endy Rodriguez,Rodriguez,4.277777777777778,18,2000,STL@PIT,PIT,STL,IL,Elbow,,,,C/1B/UTIL
118315-85274,OF,DJ,DJ Stewart,Stewart,4.864473844829359,76,2000,STL@PIT,PIT,STL,,,,,,OF/UTIL
118315-197912,OF,Jacob,Jacob Hurtubise,Hurtubise,1.8000000317891438,12,2000,KC@SEA,SEA,KC,,,,,,OF/UTIL
118315-13596,OF,Trayce,Trayce Thompson,Thompson,0,3,2000,CIN@BOS,BOS,CIN,,,,,,OF/UTIL
118315-85277,2B/OF/1B/3B,Cavan,Cavan Biggio,Biggio,3.573684290835732,38,2000,KC@SEA,KC,SEA,,,,,,C/1B/2B/3B/OF/UTIL
118315-146719,OF,Junior,Junior Perez,Perez,,0,2000,ATH@TB,ATH,TB,,,,,,OF/UTIL
118315-197918,SS,Tsung-Che,Tsung-Che Cheng,Cheng,0,3,2000,STL@PIT,PIT,STL,,,,,,SS/UTIL
118315-146726,OF,Josh,Josh Mears,Mears,,0,2000,SD@PHI,SD,PHI,,,,,,OF/UTIL
118315-146731,SS/2B,Alika,Alika Williams,Williams,4.191892056851773,37,2000,STL@PIT,PIT,STL,,,,,,2B/SS/UTIL
118315-146738,2B,Justin,Justin Foscue,Foscue,0,1,2000,BAL@TEX,TEX,BAL,,,,,,2B/UTIL
118315-79174,C,Jacob,Jacob Nottingham,Nottingham,,0,2000,KC@SEA,SEA,KC,,,,,,C/1B/UTIL
118315-85320,C,Michael,Michael Perez,Perez,0,1,2000,SF@ARI,ARI,SF,,,,,,C/1B/UTIL
118315-79190,C,Ben,Ben Rortvedt,Rortvedt,2.6692308279184194,26,2000,ATH@TB,TB,ATH,,,,,,C/1B/UTIL
118315-181596,2B/3B,Jose,Jose Fermin,Fermin,7.599999904632568,2,2000,STL@PIT,STL,PIT,,,,,,2B/3B/UTIL
118315-79204,SS,Richie,Richie Martin,Martin,,0,2000,BAL@TEX,TEX,BAL,,,,,,SS/UTIL
118315-226686,OF,Rhylan,Rhylan Thomas,Thomas,7.466666539510091,3,2000,KC@SEA,SEA,KC,,,,,,OF/UTIL
118315-38276,OF,Albert,Albert Almora,Almora,0,2,2000,SF@ARI,ARI,SF,,,,,,OF/UTIL
118315-181642,2B/OF/1B,Enmanuel,Enmanuel Valdez,Valdez,6.335483674080141,31,2000,STL@PIT,PIT,STL,IL,Shoulder,,,,C/1B/2B/OF/UTIL
118315-79240,C,Aramis,Aramis Garcia,Garcia,0,2,2000,SF@ARI,ARI,SF,,,,,,C/1B/UTIL
118315-193947,SS,Mason,Mason McCoy,McCoy,0,4,2000,SD@PHI,SD,PHI,,,,,,SS/UTIL
118315-118189,C,Ali,Ali Sanchez,Sanchez,1.8,5,2000,NYY@TOR,TOR,NYY,,,,,,C/1B/UTIL
118315-79279,OF,Andrew,Andrew Stevenson,Stevenson,,0,2000,ATH@TB,TB,ATH,,,,,,OF/UTIL
118315-101807,C,Seby,Seby Zavala,Zavala,3.2526315387926603,19,2000,CIN@BOS,BOS,CIN,,,,,,C/1B/UTIL
118315-101821,1B,Edwin,Edwin Rios,Rios,1.8399999618530274,5,2000,CIN@BOS,CIN,BOS,,,,,,C/1B/UTIL
118315-136673,C,Mark,Mark Kolozsvary,Kolozsvary,0,2,2000,CIN@BOS,BOS,CIN,IL,Undisclosed,,,,C/1B/UTIL
118315-155109,2B,Alejo,Alejo Lopez,Lopez,0,2,2000,ATH@TB,ATH,TB,,,,,,2B/UTIL
118315-173546,OF,Nate,Nate Eaton,Eaton,3.0875000953674316,8,2000,CIN@BOS,BOS,CIN,,,,,,OF/UTIL
118315-226808,1B,Blaine,Blaine Crim,Crim,1.8399999618530274,5,2000,BAL@TEX,TEX,BAL,,,,,,C/1B/UTIL
118315-79387,3B,Jake,Jake Gatewood,Gatewood,,0,2000,NYY@TOR,NYY,TOR,,,,,,3B/UTIL
118315-181790,OF,Diego,Diego Hernandez,Hernandez,,0,2000,KC@SEA,KC,SEA,,,,,,OF/UTIL
118315-95772,C,Beau,Beau Taylor,Taylor,,0,2000,KC@SEA,SEA,KC,,,,,,C/1B/UTIL
118315-79400,OF,Dylan,Dylan Carlson,Carlson,5.75,40,2000,BAL@TEX,BAL,TEX,,,,,,OF/UTIL
118315-222781,3B,Cam,Cam Collier,Collier,,0,2000,CIN@BOS,CIN,BOS,,,,,,3B/UTIL
118315-181824,SS,Osleivis,Osleivis Basabe,Basabe,0,1,2000,SF@ARI,SF,ARI,,,,,,SS/UTIL
118315-222795,SS,George,George Lombard Jr.,Lombard Jr.,,0,2000,NYY@TOR,NYY,TOR,,,,,,SS/UTIL
118315-181835,OF,Jorge,Jorge Barrosa,Barrosa,6.44000015258789,5,2000,SF@ARI,ARI,SF,,,,,,OF/UTIL
118315-167500,OF,Joey,Joey Wiemer,Wiemer,1.4476190294538225,21,2000,KC@SEA,KC,SEA,,,,,,OF/UTIL
118315-222803,2B,Demetrio,Demetrio Crisantes,Crisantes,,0,2000,SF@ARI,ARI,SF,IL,Shoulder,,,,2B/UTIL
118315-222802,OF,Ryan,Ryan Waldschmidt,Waldschmidt,,0,2000,SF@ARI,ARI,SF,,,,,,OF/UTIL
118315-222805,C,Blake,Blake Mitchell,Mitchell,,0,2000,KC@SEA,KC,SEA,IL,Wrist,,,,C/1B/UTIL
118315-222804,OF,Slade,Slade Caldwell,Caldwell,,0,2000,SF@ARI,ARI,SF,,,,,,OF/UTIL
118315-222813,SS,Arjun,Arjun Nimmala,Nimmala,,0,2000,NYY@TOR,TOR,NYY,,,,,,SS/UTIL
118315-222818,SS,Leodalis,Leodalis De Vries,De Vries,,0,2000,SD@PHI,SD,PHI,,,,,,SS/UTIL
118315-222823,SS,Konnor,Konnor Griffin,Griffin,,0,2000,STL@PIT,PIT,STL,,,,,,SS/UTIL
118315-222827,SS,Franklin,Franklin Arias,Arias,,0,2000,CIN@BOS,BOS,CIN,,,,,,SS/UTIL
118315-222826,SS,Yoeilin,Yoeilin Cespedes,Cespedes,,0,2000,CIN@BOS,BOS,CIN,,,,,,SS/UTIL
118315-222824,2B,Termarr,Termarr Johnson,Johnson,,0,2000,STL@PIT,PIT,STL,,,,,,2B/UTIL
118315-222835,C,Jimmy,Jimmy Crooks,Crooks,,0,2000,STL@PIT,STL,PIT,,,,,,C/1B/UTIL
118315-222839,SS,Colt,Colt Emerson,Emerson,,0,2000,KC@SEA,SEA,KC,,,,,,SS/UTIL
118315-222836,SS,JJ,JJ Wetherholt,Wetherholt,,0,2000,STL@PIT,STL,PIT,,,,,,SS/UTIL
118315-222842,2B,Michael,Michael Arroyo,Arroyo,,0,2000,KC@SEA,SEA,KC,,,,,,2B/UTIL
118315-222841,OF,Lazaro,Lazaro Montes,Montes,,0,2000,KC@SEA,SEA,KC,,,,,,OF/UTIL
118315-222840,OF,Jonny,Jonny Farmelo,Farmelo,,0,2000,KC@SEA,SEA,KC,IL,Ribs,,,,OF/UTIL
118315-222847,OF,Justin,Justin Crawford,Crawford,,0,2000,SD@PHI,PHI,SD,,,,,,OF/UTIL
118315-118398,SS,Vimael,Vimael Machin,Machin,,0,2000,BAL@TEX,BAL,TEX,,,,,,SS/UTIL
118315-222851,C,Dominic,Dominic Keegan,Keegan,,0,2000,ATH@TB,TB,ATH,,,,,,C/1B/UTIL
118315-222850,3B,Brayden,Brayden Taylor,Taylor,,0,2000,ATH@TB,TB,ATH,,,,,,3B/UTIL
118315-222849,C,Eduardo,Eduardo Tait,Tait,,0,2000,SD@PHI,PHI,SD,,,,,,C/1B/UTIL
118315-222848,SS,Aidan,Aidan Miller,Miller,,0,2000,SD@PHI,PHI,SD,,,,,,SS/UTIL
118315-165510,OF,Jay,Jay Allen,Allen,,0,2000,CIN@BOS,CIN,BOS,,,,,,OF/UTIL
118315-165511,C,Mat,Mat Nelson,Nelson,,0,2000,CIN@BOS,CIN,BOS,,,,,,C/1B/UTIL
118315-222853,1B,Tre',Tre' Morgan,Morgan,,0,2000,ATH@TB,TB,ATH,,,,,,C/1B/UTIL
118315-222852,OF,Theo,Theo Gillen,Gillen,,0,2000,ATH@TB,TB,ATH,,,,,,OF/UTIL
118315-165515,OF,Malvin,Malvin Valdez,Valdez,,0,2000,CIN@BOS,CIN,BOS,,,,,,OF/UTIL
118315-52878,OF,Billy,Billy McKinney,McKinney,4.254545385187322,11,2000,BAL@TEX,TEX,BAL,,,,,,OF/UTIL
118315-165516,C,Daniel,Daniel Vellojin,Vellojin,,0,2000,ATH@TB,TB,ATH,,,,,,C/1B/UTIL
118315-165517,OF,Ariel,Ariel Almonte,Almonte,,0,2000,CIN@BOS,CIN,BOS,,,,,,OF/UTIL
118315-226979,OF,Will,Will Robertson,Robertson,4.166666666666667,3,2000,NYY@TOR,TOR,NYY,,,,,,OF/UTIL
118315-165539,SS,Jose,Jose Rodriguez,Rodriguez,0,2,2000,SD@PHI,PHI,SD,,,,,,SS/UTIL
118315-220839,2B,Cooper,Cooper Bowman,Bowman,,0,2000,ATH@TB,ATH,TB,IL,Undisclosed,,,,2B/UTIL
118315-163510,SS/2B,Diego A.,Diego A. Castillo,Castillo,7.900000095367432,4,2000,KC@SEA,KC,SEA,,,,,,2B/SS/UTIL
118315-222902,2B,Tyler,Tyler Tolbert,Tolbert,3.533333248562283,18,2000,KC@SEA,KC,SEA,,,,,,2B/UTIL
118315-163513,C,Rene,Rene Pinto,Pinto,5.578947368421052,19,2000,SF@ARI,ARI,SF,,,,,,C/1B/UTIL
118315-165565,2B,Peyton,Peyton Wilson,Wilson,,0,2000,KC@SEA,KC,SEA,,,,,,2B/UTIL
118315-202433,2B/OF,Jamie,Jamie Westbrook,Westbrook,4.490476335797991,21,2000,ATH@TB,TB,ATH,,,,,,2B/OF/UTIL
118315-165574,SS,Daniel,Daniel Vazquez,Vazquez,,0,2000,KC@SEA,KC,SEA,,,,,,SS/UTIL
118315-165579,C,Carter,Carter Jensen,Jensen,,0,2000,KC@SEA,KC,SEA,,,,,,C/1B/UTIL
118315-188114,SS,Connor,Connor Kaiser,Kaiser,,0,2000,SF@ARI,ARI,SF,,,,,,SS/UTIL
118315-181990,C/OF,Blake,Blake Sabol,Sabol,2.737499952316284,8,2000,CIN@BOS,BOS,CIN,,,,,,C/1B/OF/UTIL
118315-165623,OF,Carlos,Carlos Cortes,Cortes,,0,2000,ATH@TB,ATH,TB,,,,,,OF/UTIL
118315-52995,C,Luke,Luke Maile,Maile,11.300000508626303,3,2000,KC@SEA,KC,SEA,,,,,,C/1B/UTIL
118315-202502,OF,Blake,Blake Dunn,Dunn,4.983333333333333,30,2000,CIN@BOS,CIN,BOS,,,,,,OF/UTIL
118315-202501,OF,Duke,Duke Ellis,Ellis,3.0166667302449546,12,2000,NYY@TOR,NYY,TOR,,,,,,OF/UTIL
118315-165646,C,Rickardo,Rickardo Perez,Perez,,0,2000,SD@PHI,PHI,SD,,,,,,C/1B/UTIL
118315-165647,OF,Ethan,Ethan Wilson,Wilson,,0,2000,SD@PHI,PHI,SD,,,,,,OF/UTIL
118315-165644,OF,Pedro,Pedro Pineda,Pineda,,0,2000,ATH@TB,ATH,TB,,,,,,OF/UTIL
118315-165658,SS,Maikol,Maikol Escotto,Escotto,,0,2000,STL@PIT,PIT,STL,,,,,,SS/UTIL
118315-165656,OF,Lonnie,Lonnie White,White,,0,2000,STL@PIT,PIT,STL,,,,,,OF/UTIL
118315-165662,SS,Euribiel,Euribiel Angeles,Angeles,,0,2000,ATH@TB,ATH,TB,,,,,,SS/UTIL
118315-165663,SS,Victor,Victor Acosta,Acosta,,0,2000,CIN@BOS,CIN,BOS,,,,,,SS/UTIL
118315-165670,C,Brandon,Brandon Valenzuela,Valenzuela,,0,2000,SD@PHI,SD,PHI,,,,,,C/1B/UTIL
118315-165669,2B,Max,Max Ferguson,Ferguson,,0,2000,CIN@BOS,BOS,CIN,,,,,,2B/UTIL
118315-165675,SS,Edwin,Edwin Arroyo,Arroyo,,0,2000,CIN@BOS,CIN,BOS,,,,,,SS/UTIL
118315-165672,C,Harry,Harry Ford,Ford,,0,2000,KC@SEA,SEA,KC,,,,,,C/1B/UTIL
118315-165679,3B,Milkar,Milkar Perez,Perez,,0,2000,KC@SEA,SEA,KC,,,,,,3B/UTIL
118315-165681,3B,Starlin,Starlin Aguilar,Aguilar,,0,2000,KC@SEA,SEA,KC,,,,,,3B/UTIL
118315-165685,SS,Aeverson,Aeverson Arteaga,Arteaga,,0,2000,SF@ARI,SF,ARI,,,,,,SS/UTIL
118315-165690,C,Brett,Brett Auerbach,Auerbach,,0,2000,SF@ARI,SF,ARI,,,,,,C/1B/UTIL
118315-165688,C,Ricardo,Ricardo Genoves,Genoves,,0,2000,ATH@TB,TB,ATH,,,,,,C/1B/UTIL
118315-165692,OF,Joshua,Joshua Baez,Baez,,0,2000,STL@PIT,STL,PIT,,,,,,OF/UTIL
118315-165702,SS,Carson,Carson Williams,Williams,,0,2000,ATH@TB,TB,ATH,,,,,,SS/UTIL
118315-110404,3B,Mike,Mike Brosseau,Brosseau,0,1,2000,SD@PHI,SD,PHI,,,,,,3B/UTIL
118315-165700,SS,Carlos,Carlos Colmenares,Colmenares,,0,2000,ATH@TB,TB,ATH,,,,,,SS/UTIL
118315-165704,2B,Cooper,Cooper Kinney,Kinney,,0,2000,ATH@TB,TB,ATH,,,,,,2B/UTIL
118315-165711,SS,Cam,Cam Cauley,Cauley,,0,2000,BAL@TEX,TEX,BAL,,,,,,SS/UTIL
118315-165708,2B,Trevor,Trevor Hauver,Hauver,,0,2000,BAL@TEX,TEX,BAL,,,,,,2B/UTIL
118315-163661,3B/2B,Eguy,Eguy Rosario,Rosario,4.193548387096774,31,2000,SD@PHI,SD,PHI,IL,Groin,,,,2B/3B/UTIL
118315-165709,OF,Yeison,Yeison Morrobel,Morrobel,,0,2000,BAL@TEX,TEX,BAL,,,,,,OF/UTIL
118315-165714,SS,Manuel,Manuel Beltre,Beltre,,0,2000,NYY@TOR,TOR,NYY,,,,,,SS/UTIL
118315-165712,3B/OF,Dustin,Dustin Harris,Harris,4.206250190734863,16,2000,BAL@TEX,TEX,BAL,,,,,,3B/OF/UTIL
118315-165713,OF,Aaron,Aaron Zavala,Zavala,,0,2000,BAL@TEX,TEX,BAL,,,,,,OF/UTIL
118315-165718,2B/OF,Samad,Samad Taylor,Taylor,1.5499999523162842,4,2000,KC@SEA,SEA,KC,,,,,,2B/OF/UTIL
118315-165724,OF,Dasan,Dasan Brown,Brown,,0,2000,NYY@TOR,TOR,NYY,,,,,,OF/UTIL
118315-163686,3B/SS,Oswaldo,Oswaldo Cabrera,Cabrera,6.597142682756696,35,2000,NYY@TOR,NYY,TOR,IL,Ankle,,,,3B/SS/UTIL
118315-163695,2B,Jorbit,Jorbit Vivas,Vivas,3.9636362249200996,22,2000,NYY@TOR,NYY,TOR,,,,,,2B/UTIL
118315-163696,OF,Jack,Jack Suwinski,Suwinski,4.572222391764323,18,2000,STL@PIT,PIT,STL,,,,,,OF/UTIL
118315-102279,3B,Drew,Drew Ellis,Ellis,,0,2000,SF@ARI,SF,ARI,,,,,,3B/UTIL
118315-102285,OF,Cristian,Cristian Pache,Pache,3.2876405180170294,89,2000,SF@ARI,ARI,SF,,,,,,OF/UTIL
118315-171923,1B,Darick,Darick Hall,Hall,0,2,2000,STL@PIT,PIT,STL,IL,Undisclosed,,,,C/1B/UTIL
118315-102303,1B,Triston,Triston Casas,Casas,6.327586206896552,29,2000,CIN@BOS,BOS,CIN,IL,Knee,,,,C/1B/UTIL
118315-202657,1B,Tyler,Tyler Locklear,Locklear,5.006249904632568,16,2000,KC@SEA,SEA,KC,,,,,,C/1B/UTIL
118315-102309,OF,Michael,Michael Siani,Siani,1.6210525914242393,19,2000,STL@PIT,STL,PIT,,,,,,OF/UTIL
118315-102317,SS,Terrin,Terrin Vavra,Vavra,,0,2000,BAL@TEX,BAL,TEX,,,,,,SS/UTIL
118315-102331,2B/SS/3B,Nicky,Nicky Lopez,Lopez,1.3105262957121198,19,2000,SF@ARI,ARI,SF,,,,,,2B/3B/SS/UTIL
118315-102337,OF,Seth,Seth Beer,Beer,,0,2000,SD@PHI,PHI,SD,,,,,,OF/UTIL
118315-102347,2B/SS/3B,Livan,Livan Soto,Soto,1.6133333841959636,15,2000,BAL@TEX,BAL,TEX,,,,,,2B/3B/SS/UTIL
118315-102346,OF,Jordyn,Jordyn Adams,Adams,0.6400000095367432,5,2000,BAL@TEX,BAL,TEX,,,,,,OF/UTIL
118315-102348,SS,Jeremiah,Jeremiah Jackson,Jackson,,0,2000,BAL@TEX,BAL,TEX,,,,,,SS/UTIL
118315-102352,C,Payton,Payton Henry,Henry,0,1,2000,SD@PHI,PHI,SD,,,,,,C/1B/UTIL
118315-200663,C,David,David Banuelos,Banuelos,0,1,2000,BAL@TEX,BAL,TEX,,,,,,C/1B/UTIL
118315-102359,C,Will,Will Banfield,Banfield,,0,2000,CIN@BOS,CIN,BOS,,,,,,C/1B/UTIL
118315-102360,OF,Connor,Connor Scott,Scott,,0,2000,KC@SEA,KC,SEA,IL,Undisclosed,,,,OF/UTIL
118315-102384,SS,Jeremy,Jeremy Eierman,Eierman,,0,2000,ATH@TB,ATH,TB,,,,,,SS/UTIL
118315-102391,OF,Tirso,Tirso Ornelas,Ornelas,1.7857142857142858,7,2000,SD@PHI,SD,PHI,,,,,,OF/UTIL