Id,Position,First Name,Nickname,Last Name,FPPG,Played,Salary,Game,Team,Opponent,Injury Indicator,Injury Details,Tier,Probable Pitcher,Batting Order,Roster Position
118125-182153,P,Kodai,Kodai Senga,Senga,35.46153846153846,13,10400,NYM@PHI,NYM,PHI,IL,Hamstring,,,,P
118125-85599,P,Framber,Framber Valdez,Valdez,38.53333333333333,15,10300,HOU@LAA,HOU,LAA,,,,,,P
118125-52183,P,Tyler,Tyler Glasnow,Glasnow,21.2,5,10200,WSH@LAD,LAD,WSH,IL,Shoulder,,,,P
118125-146687,P,Hunter,Hunter Brown,Brown,42.333333333333336,15,10200,HOU@LAA,HOU,LAA,,,,,,P
118125-16960,P,Zack,Zack Wheeler,Wheeler,42.53333333333333,15,10100,NYM@PHI,PHI,NYM,,,,,,P
118125-79280,P,Jesus,Jesus Luzardo,Luzardo,32.46666666666667,15,10100,NYM@PHI,PHI,NYM,,,,,,P
118125-102330,P,Kris,Kris Bubic,Bubic,37.92857142857143,14,10100,KC@SD,KC,SD,,,,,,P
118125-198625,P,Yoshinobu,Yoshinobu Yamamoto,Yamamoto,35.53333333333333,15,10100,WSH@LAD,LAD,WSH,,,,,,P
118125-117232,P,Michael,Michael King,King,34.3,10,10000,KC@SD,SD,KC,IL,Shoulder,,,,P
118125-68488,P,Blake,Blake Snell,Snell,19.5,2,10000,WSH@LAD,LAD,WSH,IL,Shoulder,,,,P
118125-60647,P,Aaron,Aaron Nola,Nola,24.555555555555557,9,9900,NYM@PHI,PHI,NYM,IL,Ribs,,,,P
118125-185606,P,Gavin,Gavin Stone,Stone,28.4,25,9900,WSH@LAD,LAD,WSH,IL,Shoulder,,,,P
118125-83157,P,Ranger,Ranger Suarez,Suarez,39.333333333333336,9,9800,NYM@PHI,PHI,NYM,,,,,,P
118125-79091,P,Dylan,Dylan Cease,Cease,30.866666666666667,15,9800,KC@SD,SD,KC,,,,Yes,,P
118125-82618,P,David,David Peterson,Peterson,33.785714285714285,14,9700,NYM@PHI,NYM,PHI,,,,,,P
118125-82635,P,MacKenzie,MacKenzie Gore,Gore,37.9375,16,9700,WSH@LAD,WSH,LAD,,,,,,P
118125-118225,P,Cristopher,Cristopher Sanchez,Sanchez,35.333333333333336,15,9700,NYM@PHI,PHI,NYM,,,,,,P
118125-82604,P,Corbin,Corbin Burnes,Burnes,33.72727272727273,11,9600,ARI@COL,ARI,COL,IL,Elbow,,,,P
118125-101881,P,Merrill,Merrill Kelly,Kelly,32.53333333333333,15,9500,ARI@COL,ARI,COL,,,,Yes,,P
118125-198885,P,Spencer,Spencer Arrighetti,Arrighetti,22.5,2,9300,HOU@LAA,HOU,LAA,IL,Thumb,,,,P
118125-79270,P,Cole,Cole Ragans,Ragans,31,10,9300,KC@SD,KC,SD,IL,Shoulder,,,,P
118125-82554,P,Shane,Shane Bieber,Bieber,58,5,9200,CLE@ATH,CLE,ATH,IL,Elbow,,,,P
118125-219697,P,Noah,Noah Cameron,Cameron,32.57142857142857,7,9100,KC@SD,KC,SD,,,,Yes,,P
118125-79951,P,Nick,Nick Pivetta,Pivetta,33.13333333333333,15,9000,KC@SD,SD,KC,,,,,,P
118125-52159,P,Lance,Lance McCullers Jr.,McCullers Jr.,24.428571428571427,7,9000,HOU@LAA,HOU,LAA,IL,Foot,,,,P
118125-82594,P,Dustin,Dustin May,May,27.615384615384617,13,8900,WSH@LAD,LAD,WSH,,,,Yes,,P
118125-185501,P,Tanner,Tanner Bibee,Bibee,28.333333333333332,15,8900,CLE@ATH,CLE,ATH,,,,,,P
118125-79073,P,Michael,Michael Soroka,Soroka,26.666666666666668,9,8900,WSH@LAD,WSH,LAD,,,,,,P
118125-79232,P,Clay,Clay Holmes,Holmes,30,15,8900,NYM@PHI,NYM,PHI,,,,,,P
118125-52165,P,Sean,Sean Manaea,Manaea,31.083333333333332,36,8800,NYM@PHI,NYM,PHI,IL,Oblique,,,,P
118125-154714,P,Tylor,Tylor Megill,Megill,29.714285714285715,14,8800,NYM@PHI,NYM,PHI,IL,Elbow,,,,P
118125-179725,P,Luis,Luis Ortiz,Ortiz,27.642857142857142,14,8800,CLE@ATH,CLE,ATH,,,,Yes,,P
118125-164521,P,Brandon,Brandon Walter,Walter,36.333333333333336,3,8700,HOU@LAA,HOU,LAA,,,,Yes,,P
118125-71034,P,Seth,Seth Lugo,Lugo,29.76923076923077,13,8700,KC@SD,KC,SD,,,,,,P
118125-16931,P,Yu,Yu Darvish,Darvish,28.77777777777778,18,8600,KC@SD,SD,KC,IL,Elbow,,,,P
118125-102345,P,Jose,Jose Soriano,Soriano,28.2,15,8600,HOU@LAA,LAA,HOU,,,,Yes,,P
118125-168872,P,Ronel,Ronel Blanco,Blanco,28.555555555555557,9,8500,HOU@LAA,HOU,LAA,IL,Elbow,,,,P
118125-37999,P,Michael,Michael Wacha,Wacha,27.466666666666665,15,8500,KC@SD,KC,SD,,,,,,P
118125-222787,P,Roki,Roki Sasaki,Sasaki,16.375,8,8400,WSH@LAD,LAD,WSH,IL,Shoulder,,,,P
118125-102001,P,Yusei,Yusei Kikuchi,Kikuchi,30,16,8400,HOU@LAA,LAA,HOU,,,,,,P
118125-165518,P,Gavin,Gavin Williams,Williams,28,15,8400,CLE@ATH,CLE,ATH,,,,,,P
118125-52142,P,Eduardo,Eduardo Rodriguez,Rodriguez,22.833333333333332,12,8300,ARI@COL,ARI,COL,,,,,,P
118125-146717,P,Mick,Mick Abel,Abel,28.25,4,8300,NYM@PHI,PHI,NYM,,,,Yes,,P
118125-165636,P,Hayden,Hayden Wesneski,Wesneski,24.833333333333332,6,8300,HOU@LAA,HOU,LAA,IL,Elbow,,,,P
118125-5427,P,Clayton,Clayton Kershaw,Kershaw,22.285714285714285,7,8200,WSH@LAD,LAD,WSH,,,,,,P
118125-82582,P,Griffin,Griffin Canning,Canning,25.428571428571427,14,8100,NYM@PHI,NYM,PHI,,,,Yes,,P
118125-60632,P,Kyle,Kyle Freeland,Freeland,21.428571428571427,14,8100,ARI@COL,COL,ARI,IL,Back,,,,P
118125-146663,P,Slade,Slade Cecconi,Cecconi,27.833333333333332,6,8100,CLE@ATH,CLE,ATH,,,,,,P
118125-85251,P,Zac,Zac Gallen,Gallen,25.75,16,8100,ARI@COL,ARI,COL,,,,,,P
118125-102343,P,Tony,Tony Gonsolin,Gonsolin,26.285714285714285,7,8100,WSH@LAD,LAD,WSH,IL,Elbow,,,,P
118125-219662,P,Colton,Colton Gordon,Gordon,24.428571428571427,7,8000,HOU@LAA,HOU,LAA,,,,,,P
118125-68523,P,Joe,Joe Musgrove,Musgrove,28.45,20,8000,KC@SD,SD,KC,IL,Elbow,,,,P
118125-146705,P,J.T.,J.T. Ginn,Ginn,19.166666666666668,6,8000,CLE@ATH,ATH,CLE,,,,,,P
118125-185701,P,Brandon,Brandon Pfaadt,Pfaadt,24.285714285714285,15,7900,ARI@COL,ARI,COL,,,,,,P
118125-52728,P,Michael,Michael Lorenzen,Lorenzen,24.666666666666668,16,7900,KC@SD,KC,SD,,,,,,P
118125-204505,P,Justin,Justin Wrobleski,Wrobleski,21.2,5,7900,WSH@LAD,LAD,WSH,,,,,,P
118125-198362,P,Stephen,Stephen Kolek,Kolek,26.22222222222222,9,7800,KC@SD,SD,KC,,,,,,P
118125-213198,P,Ryan,Ryan Gusto,Gusto,18.3125,16,7700,HOU@LAA,HOU,LAA,,,,,,P
118125-85476,P,Jeffrey,Jeffrey Springs,Springs,26.375,16,7700,CLE@ATH,ATH,CLE,,,,,,P
118125-135650,P,Landon,Landon Knack,Knack,20.11111111111111,9,7600,WSH@LAD,LAD,WSH,,,,,,P
118125-21097,P,Taijuan,Taijuan Walker,Walker,14.25,16,7600,NYM@PHI,PHI,NYM,,,,,,P
118125-38246,P,Tyler,Tyler Anderson,Anderson,23.133333333333333,15,7600,HOU@LAA,LAA,HOU,,,,,,P
118125-226810,P,Blade,Blade Tidwell,Tidwell,8,2,7600,NYM@PHI,NYM,PHI,,,,,,P
118125-165715,P,Gunnar,Gunnar Hoglund,Hoglund,17.833333333333332,6,7600,CLE@ATH,ATH,CLE,IL,Hip,,,,P
118125-163685,P,JP,JP Sears,Sears,20.666666666666668,15,7600,CLE@ATH,ATH,CLE,,,,,,P
118125-135229,P,Reid,Reid Detmers,Detmers,6.703703703703703,29,7500,HOU@LAA,LAA,HOU,,,,,,P
118125-102684,P,Jake,Jake Irvin,Irvin,25.133333333333333,15,7500,WSH@LAD,WSH,LAD,,,,Yes,,P
118125-63781,P,Frankie,Frankie Montas,Montas,24.129032258064516,31,7500,NYM@PHI,NYM,PHI,IL,Lat,,,,P
118125-164532,P,DJ,DJ Herz,Herz,25.94736842105263,19,7500,WSH@LAD,WSH,LAD,IL,Elbow,,,,P
118125-193326,P,Jacob,Jacob Lopez,Lopez,22.2,10,7500,CLE@ATH,ATH,CLE,,,,,,P
118125-97300,P,John,John Means,Means,28,5,7500,CLE@ATH,CLE,ATH,IL,Elbow,,,,P
118125-60644,P,Luis,Luis Severino,Severino,24,16,7500,CLE@ATH,ATH,CLE,,,,,,P
118125-79118,P,Triston,Triston McKenzie,McKenzie,2,4,7500,CLE@ATH,CLE,ATH,,,,,,P
118125-165573,P,Alec,Alec Marsh,Marsh,24.423076923076923,26,7500,KC@SD,KC,SD,IL,Shoulder,,,,P
118125-204632,P,Tanner,Tanner Gordon,Gordon,22.333333333333332,3,7500,ARI@COL,COL,ARI,IL,Oblique,,,,P
118125-60646,P,Ben,Ben Lively,Lively,20.555555555555557,9,7400,CLE@ATH,CLE,ATH,IL,Elbow,,,,P
118125-187769,P,Osvaldo,Osvaldo Bido,Bido,13.333333333333334,12,7400,CLE@ATH,ATH,CLE,,,,,,P
118125-185490,P,Logan,Logan Allen,Allen,21,14,7100,CLE@ATH,CLE,ATH,,,,,,P
118125-197914,P,Nick,Nick Frasso,Frasso,0,2,7100,WSH@LAD,LAD,WSH,,,,,,P
118125-118202,P,Kyle,Kyle Hart,Hart,14.5,6,7100,KC@SD,SD,KC,,,,,,P
118125-165731,P,Mitchell,Mitchell Parker,Parker,22.733333333333334,15,7100,WSH@LAD,WSH,LAD,,,,,,P
118125-135212,P,Luis,Luis Garcia,Garcia,0,1,7000,HOU@LAA,HOU,LAA,IL,Elbow,,,,P
118125-53607,P,Anthony,Anthony DeSclafani,DeSclafani,3.5,2,7000,ARI@COL,ARI,COL,,,,,,P
118125-79076,P,Kolby,Kolby Allard,Allard,9.416666666666666,12,7000,CLE@ATH,CLE,ATH,,,,,,P
118125-161465,P,Ryan,Ryan Feltner,Feltner,21,6,7000,ARI@COL,COL,ARI,IL,Back,,,,P
118125-102335,P,Cristian,Cristian Javier,Javier,24.285714285714285,8,7000,HOU@LAA,HOU,LAA,IL,Elbow,,,,P
118125-79853,P,Jordan,Jordan Montgomery,Montgomery,17.16,25,7000,ARI@COL,ARI,COL,IL,Elbow,,,,P
118125-211069,P,Sam,Sam Aldegheri,Aldegheri,13,1,6900,HOU@LAA,LAA,HOU,,,,,,P
118125-68483,P,Trevor,Trevor Williams,Williams,18.8,15,6900,WSH@LAD,WSH,LAD,,,,,,P
118125-80859,P,Paul,Paul Blackburn,Blackburn,8.25,4,6900,NYM@PHI,NYM,PHI,,,,,,P
118125-102569,P,Michael,Michael Mercado,Mercado,3,2,6800,NYM@PHI,PHI,NYM,,,,,,P
118125-198886,P,Chase,Chase Dollander,Dollander,18.416666666666668,12,6800,ARI@COL,COL,ARI,,,,,,P
118125-119355,P,Jack,Jack Kochanowicz,Kochanowicz,20.066666666666666,15,6800,HOU@LAA,LAA,HOU,,,,,,P
118125-119411,P,Joey,Joey Cantillo,Cantillo,7.761904761904762,21,6800,CLE@ATH,CLE,ATH,,,,,,P
118125-60637,P,Sean,Sean Newcomb,Newcomb,13.722222222222221,18,6800,CLE@ATH,ATH,CLE,,,,,,P
118125-222885,P,Brad,Brad Lord,Lord,9.44,26,6800,WSH@LAD,WSH,LAD,,,,,,P
118125-198353,P,Mitch,Mitch Spence,Spence,10.08,25,6800,CLE@ATH,ATH,CLE,,,,Yes,,P
118125-164497,P,Ryne,Ryne Nelson,Nelson,16.125,17,6700,ARI@COL,ARI,COL,,,,,,P
118125-219569,P,Justin,Justin Hagenman,Hagenman,15,2,6600,NYM@PHI,NYM,PHI,,,,,,P
118125-119302,P,Blake,Blake Walston,Walston,12.571428571428571,7,6600,ARI@COL,ARI,COL,IL,Elbow,,,,P
118125-219724,P,Ryan,Ryan Bergert,Bergert,15,8,6600,KC@SD,SD,KC,,,,,,P
118125-138016,P,Brandon,Brandon Waddell,Waddell,10.25,4,6600,NYM@PHI,NYM,PHI,,,,,,P
118125-165638,P,Randy,Randy Vasquez,Vasquez,19.466666666666665,15,6600,KC@SD,SD,KC,,,,,,P
118125-102333,P,Daniel,Daniel Lynch IV,Lynch IV,5.290322580645161,31,6600,KC@SD,KC,SD,,,,,,P
118125-188485,P,Matt,Matt Waldron,Waldron,25.22222222222222,27,6500,KC@SD,SD,KC,,,,,,P
118125-198891,P,Caden,Caden Dana,Dana,10.5,2,6500,HOU@LAA,LAA,HOU,,,,,,P
118125-135648,P,Bobby,Bobby Miller,Miller,7.5,2,6500,WSH@LAD,LAD,WSH,,,,,,P
118125-209846,P,Ben,Ben Casparius,Casparius,11.695652173913043,23,6500,WSH@LAD,LAD,WSH,,,,,,P
118125-60627,P,Touki,Touki Toussaint,Toussaint,9,1,6500,HOU@LAA,LAA,HOU,,,,,,P
118125-181805,P,J.P.,J.P. France,France,15.8,6,6500,HOU@LAA,HOU,LAA,IL,Shoulder,,,,P
118125-165634,P,Ken,Ken Waldichuk,Waldichuk,0,1,6500,CLE@ATH,ATH,CLE,IL,Elbow,,,,P
118125-190370,P,Jackson,Jackson Wolf,Wolf,0,1,6500,KC@SD,SD,KC,,,,,,P
118125-102378,P,Matt,Matt Sauer,Sauer,11.555555555555555,9,6500,WSH@LAD,LAD,WSH,,,,,,P
118125-53398,P,Kyle,Kyle Hendricks,Hendricks,22.928571428571427,14,6400,HOU@LAA,LAA,HOU,,,,,,P
118125-170174,P,Chase,Chase Silseth,Silseth,21,4,6400,HOU@LAA,LAA,HOU,IL,Undisclosed,,,,P
118125-219695,P,Luinder,Luinder Avila,Avila,,0,6400,KC@SD,KC,SD,IL,Shoulder,,,,P
118125-164504,P,Joey,Joey Estes,Estes,0,2,6400,CLE@ATH,ATH,CLE,IL,Undisclosed,,,,P
118125-79147,P,Jakob,Jakob Junis,Junis,4.433333333333334,30,6400,CLE@ATH,CLE,ATH,,,,,,P
118125-181794,P,Hogan,Hogan Harris,Harris,6.863636363636363,22,6400,CLE@ATH,ATH,CLE,,,,,,P
118125-187967,P,Emmet,Emmet Sheehan,Sheehan,27,1,6400,WSH@LAD,LAD,WSH,,,,,,P
118125-52998,P,Aaron,Aaron Brooks,Brooks,15.8,5,6400,CLE@ATH,ATH,CLE,,,,,,P
118125-135245,P,Tommy,Tommy Henry,Henry,17.5,2,6300,ARI@COL,ARI,COL,IL,Elbow,,,,P
118125-83098,P,Austin,Austin Gomber,Gomber,7,2,6300,ARI@COL,COL,ARI,,,,,,P
118125-79254,P,Dakota,Dakota Hudson,Hudson,14.38888888888889,18,6300,HOU@LAA,LAA,HOU,,,,,,P
118125-119447,P,Joan,Joan Adon,Adon,3.25,8,6200,WSH@LAD,WSH,LAD,,,,,,P
118125-68517,P,Antonio,Antonio Senzatela,Senzatela,11.666666666666666,15,6200,ARI@COL,COL,ARI,,,,,,P
118125-197871,P,Bradley,Bradley Blalock,Blalock,0.6,5,6200,ARI@COL,COL,ARI,,,,,,P
118125-181660,P,Jhony,Jhony Brito,Brito,6.3076923076923075,26,6200,KC@SD,SD,KC,IL,Forearm,,,,P
118125-204512,P,Yilber,Yilber Diaz,Diaz,3,1,6200,ARI@COL,ARI,COL,,,,,,P
118125-102394,P,Luis,Luis Patino,Patino,0,1,6200,KC@SD,SD,KC,,,,,,P
118125-163692,P,Jose,Jose Butto,Butto,7.107142857142857,28,6100,NYM@PHI,NYM,PHI,,,,,,P
118125-102502,P,Josiah,Josiah Gray,Gray,6.5,3,6000,WSH@LAD,WSH,LAD,IL,Elbow,,,,P
118125-198904,P,Christian,Christian Scott,Scott,22.11111111111111,9,6000,NYM@PHI,NYM,PHI,IL,Elbow,,,,P
118125-226881,P,Carson,Carson Palmquist,Palmquist,10.833333333333334,6,6000,ARI@COL,COL,ARI,,,,Yes,,P
118125-102342,P,Michael,Michael Grove,Grove,6.325,40,6000,WSH@LAD,LAD,WSH,IL,Shoulder,,,,P
118125-178306,P,Bryan,Bryan Hoeing,Hoeing,7.405405405405405,37,5900,KC@SD,SD,KC,IL,Shoulder,,,,P
118125-73880,P,German,German Marquez,Marquez,17,16,5900,ARI@COL,COL,ARI,,,,,,P
118125-119449,P,Jackson,Jackson Rutledge,Rutledge,5.08,25,5900,WSH@LAD,WSH,LAD,,,,,,P
118125-68505,P,Carson,Carson Fulmer,Fulmer,10.567567567567568,37,5900,HOU@LAA,LAA,HOU,,,,,,P
118125-197907,P,Brady,Brady Basso,Basso,14.857142857142858,7,5900,CLE@ATH,ATH,CLE,IL,Shoulder,,,,P
118125-161167,P,Glenn,Glenn Otto,Otto,0,1,5900,HOU@LAA,HOU,LAA,IL,Shoulder,,,,P
118125-52873,P,Joe,Joe Ross,Ross,5.666666666666667,25,5900,NYM@PHI,PHI,NYM,,,,,,P
118125-163675,P,Noah,Noah Davis,Davis,6.666666666666667,4,5900,WSH@LAD,LAD,WSH,,,,,,P
118125-135208,P,Shawn,Shawn Dubin,Dubin,6.555555555555555,18,5700,HOU@LAA,HOU,LAA,,,,,,P
118125-145610,P,Angel,Angel Zerpa,Zerpa,4.96875,32,5700,KC@SD,KC,SD,,,,,,P
118125-119431,P,Seth,Seth Johnson,Johnson,3,1,5700,NYM@PHI,PHI,NYM,,,,,,P
118125-165600,P,Jake,Jake Eder,Eder,4.4,5,5700,HOU@LAA,LAA,HOU,,,,,,P
118125-82539,P,Jalen,Jalen Beeks,Beeks,5.171428571428572,35,5600,ARI@COL,ARI,COL,,,,,,P
118125-135192,P,Ryan,Ryan Thompson,Thompson,3.870967741935484,31,5500,ARI@COL,ARI,COL,,,,,,P
118125-135196,P,Tyler,Tyler Zuber,Zuber,9.5,2,5500,NYM@PHI,NYM,PHI,,,,,,P
118125-135221,P,Cade,Cade Cavalli,Cavalli,0,1,5500,WSH@LAD,WSH,LAD,,,,,,P
118125-135226,P,Wes,Wes Benjamin,Benjamin,,0,5500,KC@SD,SD,KC,,,,,,P
118125-102469,P,Ben,Ben Bowden,Bowden,,0,5500,CLE@ATH,ATH,CLE,,,,,,P
118125-135236,P,Max,Max Kranick,Kranick,6.625,24,5500,NYM@PHI,NYM,PHI,IL,Elbow,,,,P
118125-102470,P,Rico,Rico Garcia,Garcia,,0,5500,NYM@PHI,NYM,PHI,,,,,,P
118125-102479,P,Lincoln,Lincoln Henzman,Henzman,,0,5500,CLE@ATH,ATH,CLE,,,,,,P
118125-135249,P,Bryce,Bryce Jarvis,Jarvis,6.142857142857143,7,5500,ARI@COL,ARI,COL,,,,,,P
118125-135253,P,Alex,Alex Vesia,Vesia,5.694444444444445,36,5500,WSH@LAD,LAD,WSH,,,,,,P
118125-135256,P,Connor,Connor Brogdon,Brogdon,3.7333333333333334,16,5500,HOU@LAA,LAA,HOU,,,,,,P
118125-159857,P,Jose,Jose Marte,Marte,6.071428571428571,14,5500,NYM@PHI,NYM,PHI,IL,Shoulder,,,,P
118125-209026,P,Parker,Parker Dunshee,Dunshee,1,1,5500,WSH@LAD,WSH,LAD,,,,,,P
118125-135303,P,Jordan,Jordan Weems,Weems,3.575,41,5500,HOU@LAA,HOU,LAA,,,,,,P
118125-114827,P,John,John Schreiber,Schreiber,4.818181818181818,34,5500,KC@SD,KC,SD,,,,,,P
118125-135304,P,Tyler,Tyler Baum,Baum,,0,5500,CLE@ATH,ATH,CLE,,,,,,P
118125-73866,P,Wandy,Wandy Peralta,Peralta,4.588235294117647,34,5500,KC@SD,SD,KC,,,,,,P
118125-135312,P,Kyle,Kyle Nelson,Nelson,3.727272727272727,11,5500,ARI@COL,ARI,COL,,,,,,P
118125-80034,P,Jose,Jose Alvarado,Alvarado,7.05,20,5500,NYM@PHI,PHI,NYM,NA,Suspension,,,,P
118125-12452,P,Kenley,Kenley Jansen,Jansen,4.357142857142857,29,5500,HOU@LAA,LAA,HOU,,,,,,P
118125-102568,P,Colin,Colin Poche,Poche,2.230769230769231,13,5500,NYM@PHI,NYM,PHI,,,,,,P
118125-102570,P,Sandy,Sandy Gaston,Gaston,,0,5500,HOU@LAA,LAA,HOU,,,,,,P
118125-209078,P,Max,Max Lazar,Lazar,6.375,8,5500,NYM@PHI,PHI,NYM,,,,,,P
118125-135361,P,Nabil,Nabil Crismatt,Crismatt,7.8,5,5500,NYM@PHI,PHI,NYM,,,,,,P
118125-194770,P,Nick,Nick Hernandez,Hernandez,0,1,5500,HOU@LAA,HOU,LAA,,,,,,P
118125-145627,P,Lucas,Lucas Gilbreath,Gilbreath,-7.5,3,5500,ARI@COL,COL,ARI,,,,,,P
118125-145629,P,Mason,Mason Thompson,Thompson,0,1,5500,WSH@LAD,WSH,LAD,IL,Elbow,,,,P
118125-205032,P,Daniel,Daniel Robert,Robert,2.5,2,5500,NYM@PHI,PHI,NYM,,,,,,P
118125-198915,P,Luis,Luis Morales,Morales,,0,5500,CLE@ATH,ATH,CLE,,,,,,P
118125-194816,P,Kyle,Kyle Hurt,Hurt,8.666666666666666,5,5500,WSH@LAD,LAD,WSH,IL,Elbow,,,,P
118125-225559,P,Juan,Juan Morillo,Morillo,4.521739130434782,23,5500,ARI@COL,ARI,COL,,,,,,P
118125-65817,P,Scott,Scott McGough,McGough,3.5,7,5500,CLE@ATH,ATH,CLE,,,,,,P
118125-211265,P,Seth,Seth Halvorsen,Halvorsen,4.387096774193548,31,5500,ARI@COL,COL,ARI,,,,,,P
118125-174406,P,Huascar,Huascar Brazoban,Brazoban,6.935483870967742,31,5500,NYM@PHI,NYM,PHI,,,,,,P
118125-209224,P,Orlando,Orlando Ribalta,Ribalta,6.5,4,5500,WSH@LAD,WSH,LAD,IL,Biceps,,,,P
118125-170323,P,Nick,Nick Vespi,Vespi,4.7272727272727275,11,5500,NYM@PHI,PHI,NYM,,,,,,P
118125-135530,P,Brett,Brett de Geus,de Geus,3,1,5500,NYM@PHI,PHI,NYM,,,,,,P
118125-57717,P,Buck,Buck Farmer,Farmer,6.049180327868853,61,5500,HOU@LAA,LAA,HOU,,,,,,P
118125-225671,P,Zach,Zach Agnos,Agnos,3.05,20,5500,ARI@COL,COL,ARI,,,,,,P
118125-158134,P,Stephen,Stephen Ridings,Ridings,,0,5500,WSH@LAD,LAD,WSH,,,,,,P
118125-80346,P,Giovanny,Giovanny Gallegos,Gallegos,4.842105263157895,21,5500,WSH@LAD,LAD,WSH,IL,Undisclosed,,,,P
118125-182750,P,Andrew,Andrew Painter,Painter,,0,5500,NYM@PHI,PHI,NYM,,,,,,P
118125-119299,P,Drey,Drey Jameson,Jameson,2,3,5500,ARI@COL,ARI,COL,IL,Elbow,,,,P
118125-119298,P,Luis,Luis Frias,Frias,1.8181818181818181,11,5500,CLE@ATH,CLE,ATH,,,,,,P
118125-219658,P,Jack,Jack Dashwood,Dashwood,,0,5500,HOU@LAA,LAA,HOU,,,,,,P
118125-170527,P,Jason,Jason Alexander,Alexander,6.2,5,5500,HOU@LAA,HOU,LAA,,,,,,P
118125-119331,P,Daniel,Daniel Espino,Espino,0,3,5500,CLE@ATH,CLE,ATH,IL,Shoulder,,,,P
118125-119336,P,Karl,Karl Kauffmann,Kauffmann,0,1,5500,ARI@COL,COL,ARI,,,,,,P
118125-119339,P,Tyler,Tyler Ivey,Ivey,,0,5500,HOU@LAA,HOU,LAA,,,,,,P
118125-119347,P,Jonathan,Jonathan Bowlan,Bowlan,6,12,5500,KC@SD,KC,SD,,,,,,P
118125-219696,P,Eric,Eric Cerantola,Cerantola,,0,5500,KC@SD,KC,SD,,,,,,P
118125-178743,P,Nicholas,Nicholas Padilla,Padilla,,0,5500,NYM@PHI,PHI,NYM,,,,,,P
118125-219701,P,Franco,Franco Aleman,Aleman,,0,5500,CLE@ATH,CLE,ATH,,,,,,P
118125-219707,P,Jean,Jean Cabrera,Cabrera,,0,5500,NYM@PHI,PHI,NYM,,,,,,P
118125-219705,P,Moises,Moises Chace,Chace,,0,5500,NYM@PHI,PHI,NYM,IL,Elbow,,,,P
118125-119356,P,Oliver,Oliver Ortega,Ortega,0,1,5500,NYM@PHI,NYM,PHI,IL,Elbow,,,,P
118125-119358,P,Antoine,Antoine Kelly,Kelly,0,1,5500,ARI@COL,COL,ARI,,,,,,P
118125-72265,P,Matt,Matt Strahm,Strahm,4.9393939393939394,33,5500,NYM@PHI,PHI,NYM,,,,,,P
118125-219723,P,Omar,Omar Cruz,Cruz,10,2,5500,KC@SD,SD,KC,,,,,,P
118125-219722,P,Jack,Jack Dreyer,Dreyer,7.103448275862069,29,5500,WSH@LAD,LAD,WSH,,,,,,P
118125-219726,P,Joe,Joe Elbis,Elbis,,0,5500,ARI@COL,ARI,COL,O,Undisclosed,,,,P
118125-119375,P,Dedniel,Dedniel Nunez,Nunez,2.75,5,5500,NYM@PHI,NYM,PHI,,,,,,P
118125-219725,P,Henry,Henry Baez,Baez,,0,5500,KC@SD,SD,KC,,,,,,P
118125-119388,P,Junior,Junior Santos,Santos,,0,5500,WSH@LAD,WSH,LAD,,,,,,P
118125-82535,P,Kyle,Kyle Wright,Wright,0,1,5500,KC@SD,KC,SD,IL,Shoulder,,,,P
118125-186986,P,Eduardo,Eduardo Salazar,Salazar,2.44,25,5500,WSH@LAD,WSH,LAD,,,,,,P
118125-82547,P,Thomas,Thomas Hatch,Hatch,,0,5500,KC@SD,KC,SD,,,,,,P
118125-156272,P,Reiss,Reiss Knehr,Knehr,0,1,5500,KC@SD,SD,KC,,,,,,P
118125-180848,P,Angel,Angel Felipe,Felipe,0,2,5500,HOU@LAA,LAA,HOU,IL,Elbow,,,,P
118125-82546,P,Adbert,Adbert Alzolay,Alzolay,3.888888888888889,18,5500,NYM@PHI,NYM,PHI,IL,Elbow,,,,P
118125-70271,P,Carlos,Carlos Estevez,Estevez,5.242424242424242,33,5500,KC@SD,KC,SD,,,,,,P
118125-12939,P,Casey,Casey Kelly,Kelly,9.5,2,5500,ARI@COL,ARI,COL,,,,,,P
118125-12943,P,Shelby,Shelby Miller,Miller,5.903225806451613,31,5500,ARI@COL,ARI,COL,,,,,,P
118125-203415,P,Bryan,Bryan King,King,5.696969696969697,33,5500,HOU@LAA,HOU,LAA,,,,,,P
118125-164500,P,Ryan,Ryan Cusick,Cusick,,0,5500,NYM@PHI,PHI,NYM,,,,,,P
118125-119446,P,Andry,Andry Lara,Lara,,0,5500,WSH@LAD,WSH,LAD,,,,,,P
118125-164510,P,Victor,Victor Vodnik,Vodnik,5.2,20,5500,ARI@COL,COL,ARI,,,,,,P
118125-17065,P,Blake,Blake Treinen,Treinen,5.625,8,5500,WSH@LAD,LAD,WSH,IL,Forearm,,,,P
118125-84651,P,Austin,Austin Davis,Davis,2.5714285714285716,7,5500,KC@SD,SD,KC,,,,,,P
118125-228050,P,Nolan,Nolan Hoffman,Hoffman,,0,5500,NYM@PHI,PHI,NYM,,,,,,P
118125-228060,P,Jack,Jack Little,Little,3,1,5500,WSH@LAD,LAD,WSH,,,,,,P
118125-82657,P,Wil,Wil Crowe,Crowe,,0,5500,NYM@PHI,PHI,NYM,,,,,,P
118125-187110,P,Ben,Ben Joyce,Joyce,2.6,5,5500,HOU@LAA,LAA,HOU,IL,Shoulder,,,,P
118125-84727,P,Drew,Drew Smith,Smith,5.7894736842105265,19,5500,NYM@PHI,NYM,PHI,IL,Elbow,,,,P
118125-84731,P,Evan,Evan Phillips,Phillips,5,7,5500,WSH@LAD,LAD,WSH,IL,Elbow,,,,P
118125-13055,P,Anthony,Anthony Gose,Gose,3.3333333333333335,3,5500,ARI@COL,ARI,COL,,,,,,P
118125-201506,P,Tyler,Tyler Ferguson,Ferguson,3.909090909090909,33,5500,CLE@ATH,ATH,CLE,,,,,,P
118125-199461,P,Luis,Luis Contreras,Contreras,4.285714285714286,7,5500,HOU@LAA,HOU,LAA,,,,,,P
118125-135976,P,Bennett,Bennett Sousa,Sousa,8,22,5500,HOU@LAA,HOU,LAA,,,,,,P
118125-213816,P,Evan,Evan Sisk,Sisk,9.2,5,5500,KC@SD,KC,SD,,,,,,P
118125-119622,P,Matt,Matt Allan,Allan,,0,5500,NYM@PHI,NYM,PHI,,,,,,P
118125-70482,P,J.B.,J.B. Wendelken,Wendelken,,0,5500,KC@SD,SD,KC,,,,,,P
118125-189299,P,Victor,Victor Mederos,Mederos,9,1,5500,HOU@LAA,LAA,HOU,,,,,,P
118125-68466,P,Steven,Steven Okert,Okert,7.066666666666666,30,5500,HOU@LAA,HOU,LAA,,,,,,P
118125-68474,P,Josh,Josh Hader,Hader,8.548387096774194,31,5500,HOU@LAA,HOU,LAA,,,,,,P
118125-23437,P,Brooks,Brooks Raley,Raley,6.75,8,5500,NYM@PHI,NYM,PHI,IL,Elbow,,,,P
118125-170895,P,Jake,Jake Bird,Bird,8.40625,32,5500,ARI@COL,COL,ARI,,,,,,P
118125-82836,P,Julian,Julian Fernandez,Fernandez,,0,5500,WSH@LAD,LAD,WSH,,,,,,P
118125-52141,P,Lucas,Lucas Sims,Sims,1.5625,18,5500,NYM@PHI,PHI,NYM,,,,,,P
118125-52143,P,Hunter,Hunter Harvey,Harvey,6.166666666666667,6,5500,KC@SD,KC,SD,IL,Shoulder,,,,P
118125-52152,P,Robert,Robert Stephenson,Stephenson,9,2,5500,HOU@LAA,LAA,HOU,IL,Biceps,,,,P
118125-179129,P,Jeremiah,Jeremiah Estrada,Estrada,5.742857142857143,36,5500,KC@SD,SD,KC,,,,,,P
118125-68548,P,Edwin,Edwin Diaz,Diaz,7.379310344827586,29,5500,NYM@PHI,NYM,PHI,,,,,,P
118125-193498,P,John,John McMillon,McMillon,9,10,5500,NYM@PHI,PHI,NYM,,,,,,P
118125-187367,P,Nick,Nick Robertson,Robertson,7.111111111111111,9,5500,HOU@LAA,HOU,LAA,,,,,,P
118125-82922,P,Tyler,Tyler Kinley,Kinley,3.4242424242424243,33,5500,ARI@COL,COL,ARI,,,,,,P
118125-82935,P,Trevor,Trevor Richards,Richards,1.5,3,5500,ARI@COL,ARI,COL,,,,,,P
118125-70649,P,Adrian,Adrian Sampson,Sampson,0,1,5500,WSH@LAD,WSH,LAD,,,,,,P
118125-226310,P,Jose,Jose Fermin,Fermin,5.8,10,5500,HOU@LAA,LAA,HOU,,,,,,P
118125-168965,P,Tanner,Tanner Banks,Banks,5.40625,32,5500,NYM@PHI,PHI,NYM,,,,,,P
118125-171020,P,Michael,Michael Kelly,Kelly,7.166666666666667,6,5500,CLE@ATH,ATH,CLE,,,,,,P
118125-211985,P,Andrew,Andrew Walters,Walters,2,2,5500,CLE@ATH,CLE,ATH,IL,Lat,,,,P
118125-68654,P,John,John Gant,Gant,,0,5500,KC@SD,KC,SD,,,,,,P
118125-82998,P,Lou,Lou Trivino,Trivino,5.291666666666667,24,5500,WSH@LAD,LAD,WSH,,,,,,P
118125-58434,P,Kendall,Kendall Graveman,Graveman,1.7777777777777777,9,5500,ARI@COL,ARI,COL,IL,Hip,,,,P
118125-169030,P,Zach,Zach Jackson,Jackson,,0,5500,CLE@ATH,ATH,CLE,,,,,,P
118125-189529,P,Alek,Alek Jacob,Jacob,3.4545454545454546,22,5500,KC@SD,SD,KC,,,,,,P
118125-195682,P,Orion,Orion Kerkering,Kerkering,5.323529411764706,34,5500,NYM@PHI,PHI,NYM,,,,,,P
118125-195681,P,Jose,Jose Espada,Espada,,0,5500,KC@SD,SD,KC,,,,,,P
118125-226411,P,David,David Morgan,Morgan,7.4,11,5500,KC@SD,SD,KC,,,,,,P
118125-201853,P,Ryan,Ryan Loutos,Loutos,3.5,6,5500,WSH@LAD,WSH,LAD,,,,,,P
118125-179339,P,Bryce,Bryce Montes de Oca,Montes de Oca,,0,5500,NYM@PHI,NYM,PHI,IL,Elbow,,,,P
118125-38036,P,T.J.,T.J. McFarland,McFarland,1.375,24,5500,CLE@ATH,ATH,CLE,,,,,,P
118125-21653,P,Hector,Hector Neris,Neris,4,20,5500,HOU@LAA,LAA,HOU,,,,,,P
118125-195748,P,Kelvin,Kelvin Caceres,Caceres,0,2,5500,HOU@LAA,LAA,HOU,,,,,,P
118125-85164,P,Matt,Matt Festa,Festa,4.4,20,5500,CLE@ATH,CLE,ATH,,,,,,P
118125-83145,P,Jose,Jose Castillo,Castillo,4.529411764705882,17,5500,NYM@PHI,NYM,PHI,,,,,,P
118125-206028,P,River,River Ryan,Ryan,28,4,5500,WSH@LAD,LAD,WSH,IL,Elbow,,,,P
118125-83159,P,Diego,Diego Castillo,Castillo,5.571428571428571,7,5500,ARI@COL,COL,ARI,,,,,,P
118125-38106,P,Kirby,Kirby Yates,Yates,6.074074074074074,28,5500,WSH@LAD,LAD,WSH,,,,,,P
118125-79066,P,Anthony,Anthony Banda,Banda,4.794117647058823,34,5500,WSH@LAD,LAD,WSH,,,,,,P
118125-79071,P,Taylor,Taylor Clarke,Clarke,4.785714285714286,14,5500,KC@SD,KC,SD,,,,,,P
118125-79084,P,Tanner,Tanner Scott,Scott,5.081081081081081,37,5500,WSH@LAD,LAD,WSH,,,,,,P
118125-83184,P,Julian,Julian Merryweather,Merryweather,3.0952380952380953,21,5500,NYM@PHI,NYM,PHI,,,,,,P
118125-197873,P,Zach,Zach Brzykcy,Brzykcy,4.333333333333333,18,5500,WSH@LAD,WSH,LAD,,,,,,P
118125-146678,P,Tanner,Tanner Burns,Burns,,0,5500,CLE@ATH,CLE,ATH,,,,,,P
118125-197879,P,Juan,Juan Mejia,Mejia,6.166666666666667,18,5500,ARI@COL,COL,ARI,,,,,,P
118125-146679,P,Chris,Chris McMahon,McMahon,,0,5500,ARI@COL,COL,ARI,IL,Undisclosed,,,,P
118125-197877,P,Cristian,Cristian Mena,Mena,15.666666666666666,3,5500,ARI@COL,ARI,COL,IL,Shoulder,,,,P
118125-197880,P,Angel,Angel Chivilli,Chivilli,4.85,20,5500,ARI@COL,COL,ARI,,,,,,P
118125-146691,P,Asa,Asa Lacy,Lacy,,0,5500,KC@SD,KC,SD,IL,Elbow,,,,P
118125-146688,P,Alex,Alex Santos II,Santos II,,0,5500,HOU@LAA,HOU,LAA,,,,,,P
118125-85255,P,Shaun,Shaun Anderson,Anderson,6.833333333333333,6,5500,HOU@LAA,LAA,HOU,,,,,,P
118125-197896,P,Will,Will Klein,Klein,2.75,8,5500,WSH@LAD,LAD,WSH,,,,,,P
118125-79116,P,Riley,Riley Pint,Pint,1.75,4,5500,CLE@ATH,CLE,ATH,IL,Undisclosed,,,,P
118125-197902,P,Cade,Cade Smith,Smith,6.9411764705882355,34,5500,CLE@ATH,CLE,ATH,,,,,,P
118125-85263,P,CD,CD Pelham,Pelham,,0,5500,CLE@ATH,ATH,CLE,,,,,,P
118125-146706,P,Robert,Robert Dominguez,Dominguez,,0,5500,NYM@PHI,NYM,PHI,,,,,,P
118125-187669,P,Ty,Ty Adcock,Adcock,7,3,5500,NYM@PHI,NYM,PHI,,,,,,P
118125-79129,P,Kyle,Kyle Funkhouser,Funkhouser,,0,5500,WSH@LAD,LAD,WSH,,,,,,P
118125-197916,P,Anthony,Anthony Maldonado,Maldonado,2.5,6,5500,CLE@ATH,ATH,CLE,,,,,,P
118125-83232,P,Jason,Jason Adam,Adam,6.7105263157894735,38,5500,KC@SD,SD,KC,,,,,,P
118125-116002,P,Joel,Joel Kuhnel,Kuhnel,5,6,5500,NYM@PHI,PHI,NYM,,,,,,P
118125-146721,P,Jeff,Jeff Criswell,Criswell,9.846153846153847,13,5500,ARI@COL,COL,ARI,IL,Elbow,,,,P
118125-85289,P,Nick,Nick Anderson,Anderson,4.4324324324324325,37,5500,ARI@COL,COL,ARI,,,,,,P
118125-85288,P,Brusdar,Brusdar Graterol,Graterol,4.4,10,5500,WSH@LAD,LAD,WSH,IL,Shoulder,,,,P
118125-146732,P,Nick,Nick Swiney,Swiney,,0,5500,HOU@LAA,HOU,LAA,,,,,,P
118125-146737,P,Cole,Cole Henry,Henry,5.739130434782608,25,5500,WSH@LAD,WSH,LAD,,,,,,P
118125-193844,P,Evan,Evan Justice,Justice,4,1,5500,ARI@COL,COL,ARI,,,,,,P
118125-152888,P,Sam,Sam Long,Long,1.2857142857142858,7,5500,KC@SD,KC,SD,,,,,,P
118125-185662,P,Sammy,Sammy Peralta,Peralta,6,9,5500,HOU@LAA,LAA,HOU,,,,,,P
118125-154947,P,Justin,Justin Garza,Garza,3.4,5,5500,NYM@PHI,NYM,PHI,,,,,,P
118125-113986,P,Emmanuel,Emmanuel Clase,Clase,5.515151515151516,33,5500,CLE@ATH,CLE,ATH,,,,,,P
118125-79172,P,Luis,Luis Ortiz,Ortiz,-4,3,5500,NYM@PHI,NYM,PHI,IL,Elbow,,,,P
118125-79185,P,Justin,Justin Dunn,Dunn,,0,5500,KC@SD,KC,SD,,,,,,P
118125-226643,P,AJ,AJ Blubaugh,Blubaugh,24,1,5500,HOU@LAA,HOU,LAA,,,,,,P
118125-21846,P,Chris,Chris Devenski,Devenski,6,2,5500,NYM@PHI,NYM,PHI,,,,,,P
118125-118106,P,Victor,Victor Gonzalez,Gonzalez,3.1481481481481484,27,5500,HOU@LAA,LAA,HOU,IL,Undisclosed,,,,P
118125-222565,P,Shinnosuke,Shinnosuke Ogasawara,Ogasawara,,0,5500,WSH@LAD,WSH,LAD,IL,Oblique,,,,P
118125-79209,P,A.J.,A.J. Puk,Puk,6.375,8,5500,ARI@COL,ARI,COL,IL,Elbow,,,,P
118125-38251,P,Hunter,Hunter Strickland,Strickland,5.5,14,5500,HOU@LAA,LAA,HOU,,,,,,P
118125-118122,P,Angel,Angel Perdomo,Perdomo,2.5,4,5500,CLE@ATH,ATH,CLE,IL,Undisclosed,,,,P
118125-79227,P,Adrian,Adrian Morejon,Morejon,5.352941176470588,35,5500,KC@SD,SD,KC,,,,,,P
118125-181651,P,Matt,Matt Krook,Krook,4.333333333333333,3,5500,CLE@ATH,CLE,ATH,,,,,,P
118125-79250,P,Junior,Junior Fernandez,Fernandez,,0,5500,KC@SD,KC,SD,,,,,,P
118125-62872,P,Vince,Vince Velasquez,Velasquez,,0,5500,CLE@ATH,CLE,ATH,,,,,,P
118125-202139,P,Jack,Jack O'Loughlin,O'Loughlin,8,4,5500,ARI@COL,COL,ARI,,,,,,P
118125-79258,P,Ryne,Ryne Stanek,Stanek,4.071428571428571,29,5500,NYM@PHI,NYM,PHI,,,,,,P
118125-38303,P,Andrew,Andrew Chafin,Chafin,4.571428571428571,16,5500,WSH@LAD,WSH,LAD,IL,Hamstring,,,,P
118125-193949,P,Steven,Steven Cruz,Cruz,5.689655172413793,29,5500,KC@SD,KC,SD,,,,,,P
118125-181664,P,Sean,Sean Reynolds,Reynolds,5.75,16,5500,KC@SD,SD,KC,,,,,,P
118125-118185,P,Matt,Matt Foster,Foster,4.333333333333333,6,5500,ARI@COL,ARI,COL,,,,,,P
118125-79275,P,Sean,Sean Reid-Foley,Reid-Foley,5.826086956521739,23,5500,ARI@COL,ARI,COL,,,,,,P
118125-101802,P,Patrick,Patrick Weigel,Weigel,,0,5500,WSH@LAD,WSH,LAD,,,,,,P
118125-118196,P,Ryan,Ryan Hendrix,Hendrix,,0,5500,KC@SD,KC,SD,,,,,,P
118125-101815,P,Jimmy,Jimmy Herget,Herget,5.92,25,5500,ARI@COL,COL,ARI,,,,,,P
118125-101814,P,Sam,Sam Hentges,Hentges,5.12,25,5500,CLE@ATH,CLE,ATH,IL,Shoulder,,,,P
118125-101816,P,Bryan,Bryan Abreu,Abreu,6.636363636363637,34,5500,HOU@LAA,HOU,LAA,,,,,,P
118125-169400,P,Parker,Parker Mushinski,Mushinski,1.8,10,5500,CLE@ATH,CLE,ATH,,,,,,P
118125-40382,P,Luis,Luis Garcia,Garcia,4.615384615384615,26,5500,WSH@LAD,LAD,WSH,IL,Thigh,,,,P
118125-101825,P,Jose,Jose Quijada,Quijada,5.5,22,5500,HOU@LAA,LAA,HOU,,,,,,P
118125-101826,P,Jordan,Jordan Holloway,Holloway,,0,5500,HOU@LAA,LAA,HOU,,,,,,P
118125-101851,P,Brock,Brock Burke,Burke,4.176470588235294,34,5500,HOU@LAA,LAA,HOU,,,,,,P
118125-95757,P,Andrew,Andrew Vasquez,Vasquez,,0,5500,HOU@LAA,LAA,HOU,,,,,,P
118125-138767,P,Jesus,Jesus Cruz,Cruz,,0,5500,HOU@LAA,LAA,HOU,,,,,,P
118125-101904,P,Jordan,Jordan Romano,Romano,4.321428571428571,29,5500,NYM@PHI,PHI,NYM,,,,,,P
118125-210448,P,Luis,Luis Peralta,Peralta,2.7777777777777777,9,5500,ARI@COL,COL,ARI,,,,,,P
118125-101911,P,Reed,Reed Garrett,Garrett,6.241379310344827,31,5500,NYM@PHI,NYM,PHI,,,,,,P
118125-71190,P,Jose,Jose Leclerc,Leclerc,3.3,10,5500,CLE@ATH,ATH,CLE,IL,Lat,,,,P
118125-79390,P,Michael,Michael Kopech,Kopech,5.5,6,5500,WSH@LAD,LAD,WSH,,,,,,P
118125-95774,P,Jeff,Jeff Brigham,Brigham,3.3333333333333335,4,5500,ARI@COL,ARI,COL,,,,,,P
118125-210475,P,Ryan,Ryan Zeferjahn,Zeferjahn,5.09375,32,5500,HOU@LAA,LAA,HOU,,,,,,P
118125-181803,P,Zak,Zak Kent,Kent,8,3,5500,CLE@ATH,CLE,ATH,,,,,,P
118125-181801,P,Jose A.,Jose A. Ferrer,Ferrer,4.138888888888889,36,5500,WSH@LAD,WSH,LAD,,,,,,P
118125-71218,P,Dylan,Dylan Floro,Floro,4.671875,66,5500,CLE@ATH,ATH,CLE,,,,,,P
118125-181819,P,Tim,Tim Herrin,Herrin,4.466666666666667,31,5500,CLE@ATH,CLE,ATH,,,,,,P
118125-222790,P,Jose,Jose Rodriguez,Rodriguez,,0,5500,WSH@LAD,LAD,WSH,,,,,,P
118125-222789,P,Jackson,Jackson Ferris,Ferris,,0,5500,WSH@LAD,LAD,WSH,,,,,,P
118125-226884,P,Christian,Christian Montes De Oca,Montes De Oca,14,1,5500,ARI@COL,ARI,COL,IL,Back,,,,P
118125-181836,P,Justin,Justin Martinez,Martinez,6.0625,17,5500,ARI@COL,ARI,COL,IL,Elbow,,,,P
118125-175698,P,Hunter,Hunter Gaddis,Gaddis,5.65625,32,5500,CLE@ATH,CLE,ATH,,,,,,P
118125-222819,P,Jonah,Jonah Tong,Tong,,0,5500,NYM@PHI,NYM,PHI,,,,,,P
118125-222822,P,Brandon,Brandon Sproat,Sproat,,0,5500,NYM@PHI,NYM,PHI,,,,,,P
118125-222820,P,Nolan,Nolan McLean,McLean,,0,5500,NYM@PHI,NYM,PHI,,,,,,P
118125-118381,P,Kyle,Kyle Finnegan,Finnegan,4.481481481481482,27,5500,WSH@LAD,WSH,LAD,,,,,,P
118125-222830,P,Travis,Travis Sykora,Sykora,,0,5500,WSH@LAD,WSH,LAD,,,,,,P
118125-226925,P,Andrew,Andrew Hoffmann,Hoffmann,12,1,5500,KC@SD,KC,SD,,,,,,P
118125-222833,P,Jarlin,Jarlin Susana,Susana,,0,5500,WSH@LAD,WSH,LAD,IL,Elbow,,,,P
118125-226929,P,Bradgley,Bradgley Rodriguez,Rodriguez,8,1,5500,KC@SD,SD,KC,,,,,,P
118125-222832,P,Alex,Alex Clemmey,Clemmey,,0,5500,WSH@LAD,WSH,LAD,,,,,,P
118125-52871,P,Derek,Derek Law,Law,6.16,75,5500,WSH@LAD,WSH,LAD,IL,Forearm,,,,P
118125-110216,P,Stephen,Stephen Nogosek,Nogosek,,0,5500,KC@SD,KC,SD,,,,,,P
118125-110219,P,Sean,Sean Poppen,Poppen,,0,5500,HOU@LAA,LAA,HOU,,,,,,P
118125-190092,P,Devin,Devin Sweet,Sweet,,0,5500,NYM@PHI,PHI,NYM,,,,,,P
118125-165522,P,Tommy,Tommy Mace,Mace,,0,5500,CLE@ATH,CLE,ATH,,,,,,P
118125-165521,P,Doug,Doug Nikhazy,Nikhazy,0,1,5500,CLE@ATH,CLE,ATH,,,,,,P
118125-220822,P,Elvis,Elvis Alvarado,Alvarado,6.75,4,5500,CLE@ATH,ATH,CLE,,,,,,P
118125-165531,P,Sam,Sam Weatherly,Weatherly,,0,5500,ARI@COL,COL,ARI,,,,,,P
118125-165529,P,Jaden,Jaden Hill,Hill,6.666666666666667,3,5500,ARI@COL,COL,ARI,,,,,,P
118125-226968,P,Kyle,Kyle Backhus,Backhus,4.8,5,5500,ARI@COL,ARI,COL,,,,,,P
118125-165534,P,Norge,Norge Vera,Vera,,0,5500,CLE@ATH,ATH,CLE,,,,,,P
118125-202402,P,Justin,Justin Sterner,Sterner,4.964285714285714,29,5500,CLE@ATH,ATH,CLE,,,,,,P
118125-222881,P,Ryan,Ryan Johnson,Johnson,4.769230769230769,14,5500,HOU@LAA,LAA,HOU,,,,,,P
118125-220838,P,Garrett,Garrett McDaniels,McDaniels,2.9,10,5500,WSH@LAD,LAD,WSH,,,,,,P
118125-220842,P,Eiberson,Eiberson Castellano,Castellano,,0,5500,NYM@PHI,PHI,NYM,IL,Undisclosed,,,,P
118125-163507,P,Alan,Alan Rangel,Rangel,6,1,5500,NYM@PHI,PHI,NYM,,,,,,P
118125-114356,P,Kevin,Kevin Ginkel,Ginkel,2.625,16,5500,ARI@COL,ARI,COL,,,,,,P
118125-165566,P,Ben,Ben Kudrna,Kudrna,,0,5500,KC@SD,KC,SD,,,,,,P
118125-165564,P,Frank,Frank Mozzicato,Mozzicato,,0,5500,KC@SD,KC,SD,,,,,,P
118125-165572,P,Noah,Noah Murdock,Murdock,3.4615384615384617,14,5500,KC@SD,KC,SD,,,,,,P
118125-165577,P,Sam,Sam Bachman,Bachman,3,2,5500,HOU@LAA,LAA,HOU,,,,,,P
118125-81614,P,Thyago,Thyago Vieira,Vieira,6.111111111111111,28,5500,ARI@COL,ARI,COL,O,Elbow,,,,P
118125-165586,P,Mason,Mason Albright,Albright,,0,5500,ARI@COL,COL,ARI,,,,,,P
118125-188115,P,Grant,Grant Hartwig,Hartwig,4.25,6,5500,NYM@PHI,NYM,PHI,,,,,,P
118125-198354,P,Anthony,Anthony Molina,Molina,3.5,4,5500,ARI@COL,COL,ARI,,,,,,P
118125-222930,P,Logan,Logan VanWey,VanWey,3.2857142857142856,7,5500,HOU@LAA,HOU,LAA,IL,Undisclosed,,,,P
118125-165594,P,Carlos,Carlos Duran,Duran,-8,1,5500,CLE@ATH,ATH,CLE,,,,,,P
118125-165595,P,Maddux,Maddux Bruns,Bruns,,0,5500,WSH@LAD,LAD,WSH,IL,Back,,,,P
118125-112348,P,Cody,Cody Stashak,Stashak,,0,5500,NYM@PHI,PHI,NYM,,,,,,P
118125-181985,P,Guillo,Guillo Zuniga,Zuniga,4.214285714285714,15,5500,NYM@PHI,PHI,NYM,,,,,,P
118125-212709,P,Edgardo,Edgardo Henriquez,Henriquez,5.666666666666667,6,5500,WSH@LAD,LAD,WSH,IL,Foot,,,,P
118125-81641,P,John,John Curtiss,Curtiss,-0.6666666666666666,3,5500,ARI@COL,ARI,COL,,,,,,P
118125-81640,P,Yacksel,Yacksel Rios,Rios,,0,5500,NYM@PHI,NYM,PHI,IL,Undisclosed,,,,P
118125-181992,P,Jose,Jose Hernandez,Hernandez,4,8,5500,WSH@LAD,LAD,WSH,,,,,,P
118125-81642,P,A.J.,A.J. Minter,Minter,5.3076923076923075,13,5500,NYM@PHI,NYM,PHI,IL,Lat,,,,P
118125-182006,P,Nic,Nic Enright,Enright,5.222222222222222,9,5500,CLE@ATH,CLE,ATH,,,,,,P
118125-165624,P,Dom,Dom Hamel,Hamel,,0,5500,NYM@PHI,NYM,PHI,,,,,,P
118125-165625,P,Calvin,Calvin Ziegler,Ziegler,,0,5500,NYM@PHI,NYM,PHI,O,Elbow,,,,P
118125-165628,P,Josh,Josh Walker,Walker,9,3,5500,NYM@PHI,PHI,NYM,,,,,,P
118125-165642,P,Mason,Mason Miller,Miller,6.607142857142857,28,5500,CLE@ATH,ATH,CLE,,,,,,P
118125-161545,P,Kaleb,Kaleb Ort,Ort,4.333333333333333,21,5500,HOU@LAA,HOU,LAA,,,,,,P
118125-165650,P,Grant,Grant Holman,Holman,5,22,5500,CLE@ATH,ATH,CLE,IL,Shoulder,,,,P
118125-194320,P,Andrew,Andrew Saalfrank,Saalfrank,-4.5,3,5500,ARI@COL,ARI,COL,,,,,,P
118125-165649,P,Colin,Colin Peluse,Peluse,,0,5500,CLE@ATH,ATH,CLE,,,,,,P
118125-165671,P,Victor,Victor Lizarraga,Lizarraga,,0,5500,KC@SD,SD,KC,DTD,Undisclosed,,,,P
118125-165684,P,Matt,Matt Mikulski,Mikulski,,0,5500,HOU@LAA,HOU,LAA,,,,,,P
118125-163654,P,Alexis,Alexis Diaz,Diaz,0.5,6,5500,WSH@LAD,LAD,WSH,,,,,,P
118125-108380,P,Tayler,Tayler Scott,Scott,3.85,20,5500,ARI@COL,ARI,COL,,,,,,P
118125-5983,P,Rich,Rich Hill,Hill,5,4,5500,KC@SD,KC,SD,,,,,,P
118125-163677,P,James,James McArthur,McArthur,4.618181818181818,57,5500,KC@SD,KC,SD,IL,Elbow,,,,P
118125-163687,P,Ron,Ron Marinaccio,Marinaccio,7.5625,16,5500,KC@SD,SD,KC,,,,,,P
118125-163702,P,Logan,Logan Gillaspie,Gillaspie,9,3,5500,KC@SD,SD,KC,IL,Oblique,,,,P
118125-157600,P,Austin,Austin Warren,Warren,6,1,5500,NYM@PHI,NYM,PHI,,,,,,P
118125-102318,P,Ryan,Ryan Rolison,Rolison,3,14,5500,ARI@COL,COL,ARI,,,,,,P
118125-102324,P,Konnor,Konnor Pilkington,Pilkington,0,2,5500,WSH@LAD,WSH,LAD,,,,,,P
118125-163782,P,Robert,Robert Suarez,Suarez,4.848484848484849,33,5500,KC@SD,SD,KC,,,,,,P
118125-210885,P,Erik,Erik Sabrowski,Sabrowski,10.153846153846153,13,5500,CLE@ATH,CLE,ATH,IL,Elbow,,,,P
118125-198619,P,Yuki,Yuki Matsui,Matsui,5.9,32,5500,KC@SD,SD,KC,,,,,,P
118125-202726,P,Michel,Michel Otanez,Otanez,2,6,5500,CLE@ATH,ATH,CLE,,,,,,P
118125-102375,P,Luis,Luis Medina,Medina,20.375,8,5500,CLE@ATH,ATH,CLE,IL,Elbow,,,,P
118125-169957,P,Danny,Danny Young,Young,5.2,10,5500,NYM@PHI,NYM,PHI,IL,Elbow,,,,P
118125-102377,P,Trevor,Trevor Stephan,Stephan,0,3,5500,CLE@ATH,CLE,ATH,IL,Elbow,,,,P
118125-79848,P,Paul,Paul Sewald,Sewald,4.428571428571429,14,5500,CLE@ATH,CLE,ATH,IL,Shoulder,,,,P
118125-79852,P,Lucas,Lucas Erceg,Erceg,4.75,28,5500,KC@SD,KC,SD,,,,,,P
118125-102399,P,Sam,Sam Carlson,Carlson,,0,5500,WSH@LAD,LAD,WSH,,,,,,P
118125-82440,OF,Shohei,Shohei Ohtani,Ohtani,15.407999674479166,75,4800,WSH@LAD,LAD,WSH,,,,,,OF/UTIL
118125-119297,OF,Corbin,Corbin Carroll,Carroll,13.880555894639757,72,4400,ARI@COL,ARI,COL,DTD,Hand,,,,OF/UTIL
118125-21853,2B,Ketel,Ketel Marte,Marte,13.259183922592474,49,4200,ARI@COL,ARI,COL,,,,,,2B/UTIL
118125-21633,3B,Eugenio,Eugenio Suarez,Suarez,12.5186669921875,75,4100,ARI@COL,ARI,COL,,,,,,3B/UTIL
118125-60631,OF,Kyle,Kyle Schwarber,Schwarber,13.405262997275905,76,4100,NYM@PHI,PHI,NYM,,,,,,OF/UTIL
118125-165661,OF,James,James Wood,Wood,13.236842105263158,76,4000,WSH@LAD,WSH,LAD,,,,,,OF/UTIL
118125-65881,SS,Trea,Trea Turner,Turner,12.214865194784629,74,3900,NYM@PHI,PHI,NYM,,,,,,SS/UTIL
118125-102438,SS,Geraldo,Geraldo Perdomo,Perdomo,11.0148645349451,74,3800,ARI@COL,ARI,COL,,,,,,SS/UTIL
118125-11334,1B,Freddie,Freddie Freeman,Freeman,11.463076547475962,65,3800,WSH@LAD,LAD,WSH,,,,,,C/1B/UTIL
118125-79393,OF,Fernando,Fernando Tatis Jr.,Tatis Jr.,11.952054794520548,73,3800,KC@SD,SD,KC,,,,,,OF/UTIL
118125-119349,SS,Bobby,Bobby Witt Jr.,Witt Jr.,11.979221096286526,77,3700,KC@SD,KC,SD,,,,,,SS/UTIL
118125-79223,1B,Josh,Josh Naylor,Naylor,11.291780654698202,73,3700,ARI@COL,ARI,COL,,,,,,C/1B/UTIL
118125-79282,OF,Juan,Juan Soto,Soto,12.025333658854167,75,3700,NYM@PHI,NYM,PHI,,,,,,OF/UTIL
118125-38976,3B,Jose,Jose Ramirez,Ramirez,12.445832994249132,72,3600,CLE@ATH,CLE,ATH,,,,,,3B/UTIL
118125-39151,2B/SS/OF,Mookie,Mookie Betts,Betts,10.732856968470982,70,3600,WSH@LAD,LAD,WSH,,,,,,2B/SS/OF/UTIL
118125-82614,1B,Pete,Pete Alonso,Alonso,12.928947047183389,76,3600,NYM@PHI,NYM,PHI,,,,,,C/1B/UTIL
118125-73023,OF,Teoscar,Teoscar Hernandez,Hernandez,11.561290125693045,62,3600,WSH@LAD,LAD,WSH,,,,,,OF/UTIL
118125-79272,OF,Lourdes,Lourdes Gurriel Jr.,Gurriel Jr.,9.528571428571428,70,3600,ARI@COL,ARI,COL,,,,,,OF/UTIL
118125-13929,3B,Manny,Manny Machado,Machado,11.922666829427083,75,3600,KC@SD,SD,KC,,,,,,3B/UTIL
118125-165527,OF/C/1B,Hunter,Hunter Goodman,Goodman,10.5621618322424,74,3600,ARI@COL,COL,ARI,,,,,,C/1B/OF/UTIL
118125-82530,1B/OF,Pavin,Pavin Smith,Smith,7.897014560984142,67,3500,ARI@COL,ARI,COL,,,,,,C/1B/OF/UTIL
118125-119410,SS,CJ,CJ Abrams,Abrams,12.14920673673115,63,3500,WSH@LAD,WSH,LAD,,,,,,SS/UTIL
118125-198880,OF,Jordan,Jordan Beck,Beck,9.696969696969697,66,3400,ARI@COL,COL,ARI,,,,,,OF/UTIL
118125-16952,SS,Francisco,Francisco Lindor,Lindor,11.7351354650549,74,3400,NYM@PHI,NYM,PHI,,,,,,SS/UTIL
118125-12948,1B,Bryce,Bryce Harper,Harper,11.72631621779057,57,3400,NYM@PHI,PHI,NYM,IL,Wrist,,,,C/1B/UTIL
118125-181795,OF,Lawrence,Lawrence Butler,Butler,11.065753257437928,73,3400,CLE@ATH,ATH,CLE,,,,,,OF/UTIL
118125-79401,C,Will,Will Smith,Smith,11.522951219902664,61,3400,WSH@LAD,LAD,WSH,,,,,,C/1B/UTIL
118125-163689,3B/2B/OF,Maikel,Maikel Garcia,Garcia,10.81066650390625,75,3400,KC@SD,KC,SD,,,,,,2B/3B/OF/UTIL
118125-119345,SS,Jeremy,Jeremy Pena,Pena,11.618421052631579,76,3300,HOU@LAA,HOU,LAA,,,,,,SS/UTIL
118125-82574,3B,Isaac,Isaac Paredes,Paredes,11.215277777777779,72,3300,HOU@LAA,HOU,LAA,,,,,,3B/UTIL
118125-82612,OF,Brent,Brent Rooker,Rooker,10.921795184795673,78,3300,CLE@ATH,ATH,CLE,,,,,,OF/UTIL
118125-68514,3B,Ryan,Ryan McMahon,McMahon,8.612000325520833,75,3300,ARI@COL,COL,ARI,,,,,,3B/UTIL
118125-185300,SS,Zach,Zach Neto,Neto,11.585965340597587,57,3300,HOU@LAA,LAA,HOU,,,,,,SS/UTIL
118125-146695,OF,Andy,Andy Pages,Pages,11.056164049122431,73,3300,WSH@LAD,LAD,WSH,,,,,,OF/UTIL
118125-102370,3B/1B,Alec,Alec Bohm,Bohm,8.660274139822345,73,3300,NYM@PHI,PHI,NYM,,,,,,C/1B/3B/UTIL
118125-119333,OF/2B,Tyler,Tyler Freeman,Freeman,8.061111450195312,36,3200,ARI@COL,COL,ARI,,,,,,2B/OF/UTIL
118125-82613,2B,Thairo,Thairo Estrada,Estrada,8.574999809265137,16,3200,ARI@COL,COL,ARI,DTD,Hand,,,,2B/UTIL
118125-52176,3B,Max,Max Muncy,Muncy,9.469444274902344,72,3200,WSH@LAD,LAD,WSH,,,,,,3B/UTIL
118125-165666,OF,Jackson,Jackson Merrill,Merrill,10.35909063165838,44,3200,KC@SD,SD,KC,IL,Concussion,,,,OF/UTIL
118125-119337,1B/OF,Michael,Michael Toglia,Toglia,7.673333231608073,60,3100,ARI@COL,COL,ARI,,,,,,C/1B/OF/UTIL
118125-219727,2B/1B/OF,Tim,Tim Tawa,Tawa,7.077550771285076,49,3100,ARI@COL,ARI,COL,,,,,,C/1B/2B/OF/UTIL
118125-82575,OF,Yordan,Yordan Alvarez,Alvarez,8.324137720568427,29,3100,HOU@LAA,HOU,LAA,IL,Hand,,,,OF/UTIL
118125-17097,OF,Brandon,Brandon Nimmo,Nimmo,9.906944274902344,72,3100,NYM@PHI,NYM,PHI,,,,,,OF/UTIL
118125-82660,2B,Luis,Luis Garcia Jr.,Garcia Jr.,9.073134692747201,67,3100,WSH@LAD,WSH,LAD,,,,,,2B/UTIL
118125-222794,1B,Nick,Nick Kurtz,Kurtz,10.37105279219778,38,3100,CLE@ATH,ATH,CLE,,,,,,C/1B/UTIL
118125-206482,SS,Jacob,Jacob Wilson,Wilson,10.930555555555555,72,3100,CLE@ATH,ATH,CLE,,,,,,SS/UTIL
118125-163674,SS,Ezequiel,Ezequiel Tovar,Tovar,8.493749618530273,32,3100,ARI@COL,COL,ARI,IL,Oblique,,,,SS/UTIL
118125-108450,SS/2B/OF,Tommy,Tommy Edman,Edman,10.010344406654095,58,3100,WSH@LAD,LAD,WSH,,,,,,2B/SS/OF/UTIL
118125-135298,1B/OF,Tyler,Tyler Soderstrom,Soderstrom,10.489610548143263,77,3000,CLE@ATH,ATH,CLE,,,,,,C/1B/OF/UTIL
118125-14562,2B/OF,Jose,Jose Altuve,Altuve,9.575342465753424,73,3000,HOU@LAA,HOU,LAA,,,,,,2B/OF/UTIL
118125-12933,OF,Mike,Mike Trout,Trout,10.293877426458865,49,3000,HOU@LAA,LAA,HOU,,,,,,OF/UTIL
118125-119442,C,Gabriel,Gabriel Moreno,Moreno,8.0528299583579,53,3000,ARI@COL,ARI,COL,IL,Finger,,,,C/1B/UTIL
118125-85285,1B,Nathaniel,Nathaniel Lowe,Lowe,8.661841944644326,76,3000,WSH@LAD,WSH,LAD,,,,,,C/1B/UTIL
118125-79151,OF,Taylor,Taylor Ward,Ward,10.599999832780394,73,3000,HOU@LAA,LAA,HOU,,,,,,OF/UTIL
118125-38218,1B,Christian,Christian Walker,Walker,8.300000334439213,73,3000,HOU@LAA,HOU,LAA,,,,,,C/1B/UTIL
118125-79211,OF,Mickey,Mickey Moniak,Moniak,7.64923095703125,65,3000,ARI@COL,COL,ARI,,,,,,OF/UTIL
118125-165571,1B,Vinnie,Vinnie Pasquantino,Pasquantino,9.032894736842104,76,3000,KC@SD,KC,SD,,,,,,C/1B/UTIL
118125-163666,OF,Steven,Steven Kwan,Kwan,9.508450360365316,71,3000,CLE@ATH,CLE,ATH,,,,,,OF/UTIL
118125-102283,OF,Alek,Alek Thomas,Thomas,6.306153752253606,65,3000,ARI@COL,ARI,COL,,,,,,OF/UTIL
118125-12310,1B,Carlos,Carlos Santana,Santana,9.054285539899553,70,2900,CLE@ATH,CLE,ATH,,,,,,C/1B/UTIL
118125-135218,OF,Jake,Jake Meyers,Meyers,8.25,74,2900,HOU@LAA,HOU,LAA,,,,,,OF/UTIL
118125-119303,C,Shea,Shea Langeliers,Langeliers,9.330357142857142,56,2900,CLE@ATH,ATH,CLE,IL,Oblique,,,,C/1B/UTIL
118125-119405,2B/SS,Bryson,Bryson Stott,Stott,9.205714634486608,70,2900,NYM@PHI,PHI,NYM,,,,,,2B/SS/UTIL
118125-193598,1B,Nolan,Nolan Schanuel,Schanuel,8.861644170055651,73,2900,HOU@LAA,LAA,HOU,,,,,,C/1B/UTIL
118125-146682,OF,Brenton,Brenton Doyle,Doyle,7.628787878787879,66,2900,ARI@COL,COL,ARI,,,,,,OF/UTIL
118125-85307,2B/OF,Jeff,Jeff McNeil,McNeil,9.122222222222222,45,2900,NYM@PHI,NYM,PHI,,,,,,2B/OF/UTIL
118125-21875,OF,Max,Max Kepler,Kepler,7.94857177734375,70,2900,NYM@PHI,PHI,NYM,,,,,,OF/UTIL
118125-13909,OF,Randal,Randal Grichuk,Grichuk,5.5,47,2900,ARI@COL,ARI,COL,,,,,,OF/UTIL
118125-165559,C,Yainer,Yainer Diaz,Diaz,7.9671639969099814,67,2900,HOU@LAA,HOU,LAA,,,,,,C/1B/UTIL
118125-119363,OF,JJ,JJ Bleday,Bleday,8.185965019359923,57,2800,CLE@ATH,ATH,CLE,,,,,,OF/UTIL
118125-82569,1B/OF,Gavin,Gavin Sheets,Sheets,9.054167005750868,72,2800,KC@SD,SD,KC,,,,,,C/1B/OF/UTIL
118125-82580,OF,Jo,Jo Adell,Adell,8.914706061868106,68,2800,HOU@LAA,LAA,HOU,,,,,,OF/UTIL
118125-17139,C,J.T.,J.T. Realmuto,Realmuto,8.582257670740928,62,2800,NYM@PHI,PHI,NYM,,,,,,C/1B/UTIL
118125-189308,1B,Kyle,Kyle Manzardo,Manzardo,8.470312118530273,64,2800,CLE@ATH,CLE,ATH,,,,,,C/1B/UTIL
118125-80848,C,Victor,Victor Caratini,Caratini,6.827999877929687,50,2800,HOU@LAA,HOU,LAA,,,,,,C/1B/UTIL
118125-173078,OF,Alex,Alex Call,Call,7.31886780936763,53,2800,WSH@LAD,WSH,LAD,,,,,,OF/UTIL
118125-13342,OF,Nick,Nick Castellanos,Castellanos,9.233333333333333,75,2800,NYM@PHI,PHI,NYM,,,,,,OF/UTIL
118125-222295,2B/SS/OF,Hyeseong,Hyeseong Kim,Kim,7.812120842211174,33,2800,WSH@LAD,LAD,WSH,,,,,,2B/SS/OF/UTIL
118125-37982,SS/2B,Xander,Xander Bogaerts,Bogaerts,8.710810480891046,74,2800,KC@SD,SD,KC,,,,,,2B/SS/UTIL
118125-83191,C,Austin,Austin Wynns,Wynns,7.918518631546585,27,2800,CLE@ATH,ATH,CLE,,,,,,C/1B/UTIL
118125-197982,OF,Dylan,Dylan Crews,Crews,9.073333062065972,45,2800,WSH@LAD,WSH,LAD,IL,Oblique,,,,OF/UTIL
118125-101811,OF,Sam,Sam Hilliard,Hilliard,7.681250095367432,16,2800,ARI@COL,COL,ARI,,,,,,OF/UTIL
118125-222846,OF,Cam,Cam Smith,Smith,8.582257670740928,62,2800,HOU@LAA,HOU,LAA,,,,,,OF/UTIL
118125-202431,2B/3B/SS/OF,Daniel,Daniel Schneemann,Schneemann,7.601724032698007,58,2800,CLE@ATH,CLE,ATH,,,,,,2B/3B/SS/OF/UTIL
118125-163533,C,Jose,Jose Herrera,Herrera,5.387096774193548,31,2800,ARI@COL,ARI,COL,,,,,,C/1B/UTIL
118125-135260,C,Logan,Logan O'Hoppe,O'Hoppe,8.014516030588458,62,2700,HOU@LAA,LAA,HOU,,,,,,C/1B/UTIL
118125-23107,OF,Jorge,Jorge Soler,Soler,7.298507462686567,67,2700,HOU@LAA,LAA,HOU,IL,Back,,,,OF/UTIL
118125-119376,3B/2B,Brett,Brett Baty,Baty,7.0400002219460225,55,2700,NYM@PHI,NYM,PHI,,,,,,2B/3B/UTIL
118125-164495,SS/3B/2B,Jordan,Jordan Lawlar,Lawlar,1.524999976158142,8,2700,ARI@COL,ARI,COL,,,,,,2B/3B/SS/UTIL
118125-53994,1B,Josh,Josh Bell,Bell,7.151562690734863,64,2700,WSH@LAD,WSH,LAD,,,,,,C/1B/UTIL
118125-224021,3B/1B,Otto,Otto Kemp,Kemp,7.808333079020183,12,2700,NYM@PHI,PHI,NYM,,,,,,C/1B/3B/UTIL
118125-13266,C/1B,Salvador,Salvador Perez,Perez,7.8369859669306505,73,2700,KC@SD,KC,SD,,,,,,C/1B/UTIL
118125-68589,2B/3B/OF,Amed,Amed Rosario,Rosario,7.465789794921875,38,2700,WSH@LAD,WSH,LAD,,,,,,2B/3B/OF/UTIL
118125-13423,OF,Starling,Starling Marte,Marte,7.335999755859375,50,2700,NYM@PHI,NYM,PHI,,,,,,OF/UTIL
118125-79225,3B/2B,Luis,Luis Urias,Urias,7.391803178630892,61,2700,CLE@ATH,ATH,CLE,,,,,,2B/3B/UTIL
118125-101827,1B/2B,Luis,Luis Arraez,Arraez,8.782608695652174,69,2700,KC@SD,SD,KC,,,,,,C/1B/2B/UTIL
118125-118210,1B/2B,Jake,Jake Cronenworth,Cronenworth,8.625490076401654,51,2700,KC@SD,SD,KC,,,,,,C/1B/2B/UTIL
118125-81511,2B/3B/SS/1B,Kyle,Kyle Farmer,Farmer,5.416363525390625,55,2700,ARI@COL,COL,ARI,,,,,,C/1B/2B/3B/SS/UTIL
118125-226967,SS,Ryan,Ryan Ritter,Ritter,7.246153611403245,13,2700,ARI@COL,COL,ARI,,,,,,SS/UTIL
118125-102315,C,Bo,Bo Naylor,Naylor,7.408771715666118,57,2700,CLE@ATH,CLE,ATH,,,,,,C/1B/UTIL
118125-61553,3B,Yoan,Yoan Moncada,Moncada,10.323333740234375,30,2600,HOU@LAA,LAA,HOU,IL,Knee,,,,3B/UTIL
118125-223870,C,Braxton,Braxton Fulford,Fulford,8.387499809265137,8,2600,ARI@COL,COL,ARI,,,,,,C/1B/UTIL
118125-164496,C,Adrian,Adrian Del Castillo,Del Castillo,10.315999755859375,25,2600,ARI@COL,ARI,COL,IL,Back,,,,C/1B/UTIL
118125-82593,C,Keibert,Keibert Ruiz,Ruiz,6.23968263656374,63,2600,WSH@LAD,WSH,LAD,,,,,,C/1B/UTIL
118125-13099,C,Travis,Travis d'Arnaud,d'Arnaud,5.2914284842354915,35,2600,HOU@LAA,LAA,HOU,,,,,,C/1B/UTIL
118125-60642,OF,Michael,Michael Conforto,Conforto,6.404545639500474,66,2600,WSH@LAD,LAD,WSH,,,,,,OF/UTIL
118125-146690,3B/2B/OF,Nick,Nick Loftin,Loftin,7.111764795639935,17,2600,KC@SD,KC,SD,,,,,,2B/3B/OF/UTIL
118125-79122,OF,Nolan,Nolan Jones,Jones,5.354545362067945,66,2600,CLE@ATH,CLE,ATH,,,,,,OF/UTIL
118125-79154,OF,Brandon,Brandon Marsh,Marsh,6.482142857142857,56,2600,NYM@PHI,PHI,NYM,,,,,,OF/UTIL
118125-79181,2B/3B/OF,Mauricio,Mauricio Dubon,Dubon,5.6962262999336675,53,2600,HOU@LAA,HOU,LAA,,,,,,2B/3B/OF/UTIL
118125-79195,OF/1B/3B,Miguel,Miguel Andujar,Andujar,7.995651908542799,46,2600,CLE@ATH,ATH,CLE,IL,Oblique,,,,C/1B/3B/OF/UTIL
118125-21890,SS/1B/3B/2B,Orlando,Orlando Arcia,Arcia,4.016666666666667,30,2600,ARI@COL,COL,ARI,,,,,,C/1B/2B/3B/SS/UTIL
118125-165514,OF/2B,Angel,Angel Martinez,Martinez,7.484482863853717,58,2600,CLE@ATH,CLE,ATH,,,,,,2B/OF/UTIL
118125-165641,SS/2B/3B,Max,Max Muncy,Muncy,6.6750000847710504,36,2600,CLE@ATH,ATH,CLE,,,,,,2B/3B/SS/UTIL
118125-208716,1B/OF,Zach,Zach Dezenzo,Dezenzo,6.952940996955423,34,2600,HOU@LAA,HOU,LAA,IL,Hand,,,,C/1B/OF/UTIL
118125-163671,3B,Jose,Jose Tena,Tena,7.115909229625355,44,2600,WSH@LAD,WSH,LAD,,,,,,3B/UTIL
118125-102308,2B/3B/OF,Jonathan,Jonathan India,India,7.79117629107307,68,2600,KC@SD,KC,SD,,,,,,2B/3B/OF/UTIL
118125-102331,2B/SS/3B,Nicky,Nicky Lopez,Lopez,1.3105262957121198,19,2600,ARI@COL,ARI,COL,,,,,,2B/3B/SS/UTIL
118125-102367,2B/3B/SS,Ronny,Ronny Mauricio,Mauricio,7.346153846153846,13,2600,NYM@PHI,NYM,PHI,,,,,,2B/3B/SS/UTIL
118125-102435,SS/2B/3B,Blaze,Blaze Alexander,Alexander,6.085483674080141,62,2500,ARI@COL,ARI,COL,,,,,,2B/3B/SS/UTIL
118125-102436,OF,Kristian,Kristian Robinson,Robinson,,0,2500,ARI@COL,ARI,COL,,,,,,OF/UTIL
118125-135308,OF,Robert,Robert Hassell III,Hassell III,5.676190330868676,21,2500,WSH@LAD,WSH,LAD,,,,,,OF/UTIL
118125-102546,2B/3B/SS,Gabriel,Gabriel Arias,Arias,7.288571602957589,70,2500,CLE@ATH,CLE,ATH,,,,,,2B/3B/SS/UTIL
118125-53401,1B/OF,Trey,Trey Mancini,Mancini,,0,2500,ARI@COL,ARI,COL,,,,,,C/1B/OF/UTIL
118125-198865,OF,Druw,Druw Jones,Jones,,0,2500,ARI@COL,ARI,COL,,,,,,OF/UTIL
118125-198871,SS,Tommy,Tommy Troy,Troy,,0,2500,ARI@COL,ARI,COL,,,,,,SS/UTIL
118125-198888,OF,Jacob,Jacob Melton,Melton,7.418181679465554,11,2500,HOU@LAA,HOU,LAA,IL,Ankle,,,,OF/UTIL
118125-198893,C,Dalton,Dalton Rushing,Rushing,6.566666666666666,15,2500,WSH@LAD,LAD,WSH,,,,,,C/1B/UTIL
118125-119313,OF,Matthew,Matthew Lugo,Lugo,6.599999820484834,17,2500,HOU@LAA,LAA,HOU,,,,,,OF/UTIL
118125-119335,3B/2B/SS,Aaron,Aaron Schunk,Schunk,2.0166667302449546,12,2500,ARI@COL,COL,ARI,,,,,,2B/3B/SS/UTIL
118125-119412,2B/3B/1B,Owen,Owen Miller,Miller,2.7222222222222223,9,2500,ARI@COL,COL,ARI,,,,,,C/1B/2B/3B/UTIL
118125-164499,3B,A.J.,A.J. Vukovich,Vukovich,,0,2500,ARI@COL,ARI,COL,,,,,,3B/UTIL
118125-82605,2B/1B,Keston,Keston Hiura,Hiura,4.637499809265137,8,2500,ARI@COL,COL,ARI,,,,,,C/1B/2B/UTIL
118125-82615,3B,Mark,Mark Vientos,Vientos,7.809433847103479,53,2500,NYM@PHI,NYM,PHI,IL,Hamstring,,,,3B/UTIL
118125-52147,1B/OF,Kris,Kris Bryant,Bryant,3.6272728659889917,11,2500,ARI@COL,COL,ARI,IL,Back,,,,C/1B/OF/UTIL
118125-80852,2B/SS/3B/OF,Ildemaro,Ildemaro Vargas,Vargas,8.466666539510092,6,2500,ARI@COL,ARI,COL,,,,,,2B/3B/SS/OF/UTIL
118125-171112,OF,Sean,Sean Bouchard,Bouchard,3.809375047683716,32,2500,ARI@COL,COL,ARI,,,,,,OF/UTIL
118125-109803,C,Austin,Austin Nola,Nola,0,1,2500,ARI@COL,COL,ARI,,,,,,C/1B/UTIL
118125-146680,C,Drew,Drew Romo,Romo,4.737500190734863,16,2500,ARI@COL,COL,ARI,,,,,,C/1B/UTIL
118125-197881,OF,Yanquiel,Yanquiel Fernandez,Fernandez,0,1,2500,ARI@COL,COL,ARI,,,,,,OF/UTIL
118125-146681,OF,Zac,Zac Veen,Veen,4.100000063578288,12,2500,ARI@COL,COL,ARI,,,,,,OF/UTIL
118125-85320,C,Michael,Michael Perez,Perez,0,1,2500,ARI@COL,ARI,COL,,,,,,C/1B/UTIL
118125-79240,C,Aramis,Aramis Garcia,Garcia,0,1,2500,ARI@COL,ARI,COL,,,,,,C/1B/UTIL
118125-79247,3B/SS/2B/OF,Edmundo,Edmundo Sosa,Sosa,5.505405322925465,37,2500,NYM@PHI,PHI,NYM,,,,,,2B/3B/SS/OF/UTIL
118125-101844,OF,Lane,Lane Thomas,Thomas,4.592592592592593,27,2500,CLE@ATH,CLE,ATH,,,,,,OF/UTIL
118125-13792,3B/1B/2B/OF,Kike,Kike Hernandez,Hernandez,5.535484067855343,62,2500,WSH@LAD,LAD,WSH,,,,,,C/1B/2B/3B/OF/UTIL
118125-181797,3B,Warming,Warming Bernabel,Bernabel,,0,2500,ARI@COL,COL,ARI,,,,,,3B/UTIL
118125-181835,OF,Jorge,Jorge Barrosa,Barrosa,6.44000015258789,5,2500,ARI@COL,ARI,COL,,,,,,OF/UTIL
118125-222793,OF,Robert,Robert Calaz,Calaz,,0,2500,ARI@COL,COL,ARI,,,,,,OF/UTIL
118125-222792,OF,Charlie,Charlie Condon,Condon,,0,2500,ARI@COL,COL,ARI,,,,,,OF/UTIL
118125-222803,2B,Demetrio,Demetrio Crisantes,Crisantes,,0,2500,ARI@COL,ARI,COL,IL,Shoulder,,,,2B/UTIL
118125-222802,OF,Ryan,Ryan Waldschmidt,Waldschmidt,,0,2500,ARI@COL,ARI,COL,,,,,,OF/UTIL
118125-222806,1B/OF,Jac,Jac Caglianone,Caglianone,6.173333231608073,15,2500,KC@SD,KC,SD,,,,,,C/1B/OF/UTIL
118125-222804,OF,Slade,Slade Caldwell,Caldwell,,0,2500,ARI@COL,ARI,COL,,,,,,OF/UTIL
118125-165526,OF,Benny,Benny Montgomery,Montgomery,,0,2500,ARI@COL,COL,ARI,,,,,,OF/UTIL
118125-165530,SS/2B,Adael,Adael Amador,Amador,3.797059003044577,34,2500,ARI@COL,COL,ARI,,,,,,2B/SS/UTIL
118125-165532,3B,Julio,Julio Carreras,Carreras,0,1,2500,ARI@COL,COL,ARI,,,,,,3B/UTIL
118125-163513,C,Rene,Rene Pinto,Pinto,5.578947368421052,19,2500,ARI@COL,ARI,COL,,,,,,C/1B/UTIL
118125-188114,SS,Connor,Connor Kaiser,Kaiser,,0,2500,ARI@COL,ARI,COL,,,,,,SS/UTIL
118125-165643,2B,Zack,Zack Gelof,Gelof,8.547101449275363,138,2500,CLE@ATH,ATH,CLE,IL,Ribs,,,,2B/UTIL
118125-165648,OF,Johan,Johan Rojas,Rojas,5.270908979936079,55,2500,NYM@PHI,PHI,NYM,,,,,,OF/UTIL
118125-165726,SS,Brady,Brady House,House,6.1,5,2500,WSH@LAD,WSH,LAD,,,,,,SS/UTIL
118125-102282,OF,Jake,Jake McCarthy,McCarthy,3.5642858232770647,14,2500,ARI@COL,ARI,COL,,,,,,OF/UTIL
118125-102285,OF,Cristian,Cristian Pache,Pache,3.2876405180170294,89,2500,ARI@COL,ARI,COL,IL,Undisclosed,,,,OF/UTIL
118125-102365,C,Francisco,Francisco Alvarez,Alvarez,6.282353120691636,34,2500,NYM@PHI,NYM,PHI,,,,,,C/1B/UTIL
118125-38973,OF,Tyrone,Tyrone Taylor,Taylor,6.345588235294118,68,2400,NYM@PHI,NYM,PHI,,,,,,OF/UTIL
118125-102485,OF,Kyle,Kyle Isbel,Isbel,5.0191174675436585,68,2400,KC@SD,KC,SD,,,,,,OF/UTIL
118125-209172,1B,Andres,Andres Chaparro,Chaparro,2.25,4,2400,WSH@LAD,WSH,LAD,,,,,,C/1B/UTIL
118125-156224,C,Willie,Willie MacIver,MacIver,6.161538344163161,13,2400,CLE@ATH,ATH,CLE,,,,,,C/1B/UTIL
118125-119365,SS/2B,Nasim,Nasim Nunez,Nunez,5.378260736880095,23,2400,WSH@LAD,WSH,LAD,,,,,,2B/SS/UTIL
118125-12919,SS/2B/3B/OF,Jose,Jose Iglesias,Iglesias,4.776470707912071,51,2400,KC@SD,SD,KC,,,,,,2B/3B/SS/OF/UTIL
118125-68582,2B,Brendan,Brendan Rodgers,Rodgers,4.858139392941497,43,2400,HOU@LAA,HOU,LAA,IL,Oblique,,,,2B/UTIL
118125-54307,C,Elias,Elias Diaz,Diaz,5.093220338983051,59,2400,KC@SD,SD,KC,,,,,,C/1B/UTIL
118125-185632,C/1B/OF,David,David Fry,Fry,4.507692190317007,13,2400,CLE@ATH,CLE,ATH,,,,,,C/1B/OF/UTIL
118125-101817,2B/3B/SS,Luis,Luis Rengifo,Rengifo,5.2808824426987595,68,2400,HOU@LAA,LAA,HOU,,,,,,2B/3B/SS/UTIL
118125-38561,OF/3B/2B,Chris,Chris Taylor,Taylor,3.4342105263157894,38,2400,HOU@LAA,LAA,HOU,IL,Hand,,,,2B/3B/OF/UTIL
118125-165645,OF,Denzel,Denzel Clarke,Clarke,5.412000122070313,25,2400,CLE@ATH,ATH,CLE,,,,,,OF/UTIL
118125-102288,OF,Drew,Drew Waters,Waters,5.983333333333333,60,2400,KC@SD,KC,SD,,,,,,OF/UTIL
118125-38872,OF,Jesse,Jesse Winker,Winker,7.400000254313151,24,2400,NYM@PHI,NYM,PHI,IL,Oblique,,,,OF/UTIL
118125-79896,C,Luis,Luis Torrens,Torrens,5.308888753255208,45,2300,NYM@PHI,NYM,PHI,,,,,,C/1B/UTIL
118125-192649,OF/1B,Weston,Weston Wilson,Wilson,3.2545453851873223,22,2300,NYM@PHI,PHI,NYM,,,,,,C/1B/OF/UTIL
118125-119629,SS/2B/3B,Luisangel,Luisangel Acuna,Acuna,5.025396922278026,63,2300,NYM@PHI,NYM,PHI,,,,,,2B/3B/SS/UTIL
118125-13390,SS/2B/3B,Miguel,Miguel Rojas,Rojas,4.204444376627604,45,2300,WSH@LAD,LAD,WSH,,,,,,2B/3B/SS/UTIL
118125-38112,1B/3B,Gio,Gio Urshela,Urshela,5.611764795639935,34,2300,CLE@ATH,ATH,CLE,,,,,,C/1B/3B/UTIL
118125-193863,OF,Jacob,Jacob Young,Young,5.023077157827524,52,2300,WSH@LAD,WSH,LAD,,,,,,OF/UTIL
118125-79213,SS/2B,Scott,Scott Kingery,Kingery,2.7399999618530275,10,2300,HOU@LAA,LAA,HOU,,,,,,2B/SS/UTIL
118125-173548,2B/OF,Michael,Michael Massey,Massey,4.607142857142857,56,2300,KC@SD,KC,SD,IL,Ankle,,,,2B/OF/UTIL
118125-202259,1B,Trenton,Trenton Brooks,Brooks,6.279999923706055,5,2300,KC@SD,SD,KC,,,,,,C/1B/UTIL
118125-71217,C,Omar,Omar Narvaez,Narvaez,6.425000190734863,4,2300,HOU@LAA,HOU,LAA,,,,,,C/1B/UTIL
118125-222860,2B,Christian,Christian Moore,Moore,4.987500190734863,8,2300,HOU@LAA,LAA,HOU,,,,,,2B/UTIL
118125-165639,OF,Brandon,Brandon Lockridge,Lockridge,3.8760870228643003,46,2300,KC@SD,SD,KC,,,,,,OF/UTIL
118125-165725,OF,Daylen,Daylen Lile,Lile,5.366666666666666,15,2300,WSH@LAD,WSH,LAD,,,,,,OF/UTIL
118125-135194,C,Freddy,Freddy Fermin,Fermin,4.875555419921875,45,2200,KC@SD,KC,SD,,,,,,C/1B/UTIL
118125-135216,OF,Chas,Chas McCormick,McCormick,2.4777776930067272,36,2200,HOU@LAA,HOU,LAA,IL,Oblique,,,,OF/UTIL
118125-102475,SS,Brayan,Brayan Rocchio,Rocchio,4.188571602957589,35,2200,CLE@ATH,CLE,ATH,,,,,,SS/UTIL
118125-135284,C,Riley,Riley Adams,Adams,4.819047473725819,21,2200,WSH@LAD,WSH,LAD,,,,,,C/1B/UTIL
118125-184480,C,Cesar,Cesar Salazar,Salazar,0.6,5,2200,HOU@LAA,HOU,LAA,,,,,,C/1B/UTIL
118125-119354,SS/2B/OF,Kyren,Kyren Paris,Paris,7.616279069767442,43,2200,HOU@LAA,LAA,HOU,,,,,,2B/SS/OF/UTIL
118125-80462,SS/3B,Paul,Paul DeJong,DeJong,5.162499904632568,16,2200,WSH@LAD,WSH,LAD,IL,Orbital,,,,3B/SS/UTIL
118125-119401,C,Rafael,Rafael Marchan,Marchan,4.825,20,2200,NYM@PHI,PHI,NYM,,,,,,C/1B/UTIL
118125-68537,2B/3B/SS/OF,Tyler,Tyler Wade,Wade,4.037999877929687,50,2200,KC@SD,SD,KC,,,,,,2B/3B/SS/OF/UTIL
118125-38004,C,Austin,Austin Hedges,Hedges,4.153846153846154,26,2200,CLE@ATH,CLE,ATH,,,,,,C/1B/UTIL
118125-21666,OF/1B,Mark,Mark Canha,Canha,3.6150001525878905,40,2200,KC@SD,KC,SD,,,,,,C/1B/OF/UTIL
118125-79218,SS/2B/3B,Kevin,Kevin Newman,Newman,2.830303076541785,33,2200,HOU@LAA,LAA,HOU,DTD,Ankle,,,,2B/3B/SS/UTIL
118125-179801,1B/OF,Jared,Jared Young,Young,4.649999891008649,14,2200,NYM@PHI,NYM,PHI,,,,,,C/1B/OF/UTIL
118125-116450,OF,Seth,Seth Brown,Brown,3.149999919690584,38,2200,CLE@ATH,ATH,CLE,IL,Elbow,,,,OF/UTIL
118125-200498,SS/3B/2B/OF,Max,Max Schuemann,Schuemann,3.650943396226415,53,2200,CLE@ATH,ATH,CLE,,,,,,2B/3B/SS/OF/UTIL
118125-163691,OF,James,James Outman,Outman,7.333333333333333,9,2200,WSH@LAD,LAD,WSH,,,,,,OF/UTIL
118125-102454,C,Jhonny,Jhonny Pereda,Pereda,3.426315709164268,19,2100,CLE@ATH,ATH,CLE,,,,,,C/1B/UTIL
118125-102550,C,Luis,Luis Campusano,Campusano,2,9,2100,KC@SD,SD,KC,,,,,,C/1B/UTIL
118125-84471,OF,Nick,Nick Martini,Martini,3.631818251176314,44,2100,CLE@ATH,ATH,CLE,,,,,,OF/UTIL
118125-82553,OF,Jose,Jose Siri,Siri,4.95,10,2100,NYM@PHI,NYM,PHI,IL,Lower leg,,,,OF/UTIL
118125-119428,2B/3B,Will,Will Wilson,Wilson,2.9125000635782876,24,2100,CLE@ATH,CLE,ATH,,,,,,2B/3B/UTIL
118125-82616,2B/3B/SS,Luis,Luis Guillorme,Guillorme,1,6,2100,HOU@LAA,HOU,LAA,,,,,,2B/3B/SS/UTIL
118125-13253,C,Martin,Martin Maldonado,Maldonado,3.5404761178152904,42,2100,KC@SD,SD,KC,,,,,,C/1B/UTIL
118125-212070,OF,Gustavo,Gustavo Campero,Campero,4.033333460489909,6,2100,HOU@LAA,LAA,HOU,,,,,,OF/UTIL
118125-197753,OF,Johnathan,Johnathan Rodriguez,Rodriguez,2.7636363289572974,11,2100,CLE@ATH,CLE,ATH,,,,,,OF/UTIL
118125-101787,1B/OF,LaMonte,LaMonte Wade Jr.,Wade Jr.,4.998214176722935,56,2100,HOU@LAA,LAA,HOU,,,,,,C/1B/OF/UTIL
118125-226912,OF,John,John Rave,Rave,2.9157895539936267,19,2100,KC@SD,KC,SD,,,,,,OF/UTIL
118125-222886,C,Hayden,Hayden Senger,Senger,2.353846183189979,13,2100,NYM@PHI,NYM,PHI,,,,,,C/1B/UTIL
118125-163704,OF,Cooper,Cooper Hummel,Hummel,4.4571429661342075,7,2100,HOU@LAA,HOU,LAA,,,,,,OF/UTIL
118125-81924,2B/OF,Niko,Niko Goodrum,Goodrum,2.3384615091177134,13,2000,NYM@PHI,NYM,PHI,,,,,,2B/OF/UTIL
118125-102409,OF,Nick,Nick Schnell,Schnell,,0,2000,WSH@LAD,WSH,LAD,,,,,,OF/UTIL
118125-135195,C,Sebastian,Sebastian Rivero,Rivero,,0,2000,HOU@LAA,LAA,HOU,,,,,,C/1B/UTIL
118125-102427,3B,Jordan,Jordan Groshans,Groshans,,0,2000,KC@SD,KC,SD,,,,,,3B/UTIL
118125-102453,SS/2B/3B,Zack,Zack Short,Short,3.388372022052144,43,2000,HOU@LAA,HOU,LAA,,,,,,2B/3B/SS/UTIL
118125-135223,C,Jakson,Jakson Reetz,Reetz,3.4625000953674316,8,2000,NYM@PHI,NYM,PHI,,,,,,C/1B/UTIL
118125-102461,SS,Aaron,Aaron Bracho,Bracho,,0,2000,WSH@LAD,LAD,WSH,,,,,,SS/UTIL
118125-135239,2B/SS/3B,Rodolfo,Rodolfo Castro,Castro,0,2,2000,NYM@PHI,PHI,NYM,,,,,,2B/3B/SS/UTIL
118125-135263,C,Brian,Brian O'Keefe,O'Keefe,,0,2000,KC@SD,KC,SD,,,,,,C/1B/UTIL
118125-102519,3B,Andrew,Andrew Bechtold,Bechtold,,0,2000,NYM@PHI,PHI,NYM,,,,,,3B/UTIL
118125-102521,C,Josh,Josh Breaux,Breaux,,0,2000,NYM@PHI,PHI,NYM,,,,,,C/1B/UTIL
118125-116869,SS,Erick,Erick Mejia,Mejia,,0,2000,WSH@LAD,WSH,LAD,,,,,,SS/UTIL
118125-135302,OF,Brayan,Brayan Buelvas,Buelvas,,0,2000,CLE@ATH,ATH,CLE,,,,,,OF/UTIL
118125-172216,3B/1B,David,David Villar,Villar,5.144444359673394,9,2000,NYM@PHI,NYM,PHI,,,,,,C/1B/3B/UTIL
118125-198875,OF,Chase,Chase DeLauter,DeLauter,,0,2000,CLE@ATH,CLE,ATH,,,,,,OF/UTIL
118125-198892,OF,Josue,Josue De Paula,De Paula,,0,2000,WSH@LAD,LAD,WSH,,,,,,OF/UTIL
118125-198898,SS,Jett,Jett Williams,Williams,,0,2000,NYM@PHI,NYM,PHI,,,,,,SS/UTIL
118125-198903,OF,Drew,Drew Gilbert,Gilbert,,0,2000,NYM@PHI,NYM,PHI,,,,,,OF/UTIL
118125-198902,OF,Ryan,Ryan Clifford,Clifford,,0,2000,NYM@PHI,NYM,PHI,,,,,,OF/UTIL
118125-116994,SS,Donovan,Donovan Walton,Walton,4.844444274902344,9,2000,NYM@PHI,NYM,PHI,,,,,,SS/UTIL
118125-198918,C,Ethan,Ethan Salas,Salas,,0,2000,KC@SD,SD,KC,IL,Back,,,,C/1B/UTIL
118125-82251,OF,Tim,Tim Locastro,Locastro,0,1,2000,KC@SD,SD,KC,,,,,,OF/UTIL
118125-211306,2B,Darren,Darren Baker,Baker,3.355555640326606,9,2000,WSH@LAD,WSH,LAD,,,,,,2B/UTIL
118125-135529,OF,Jake,Jake Vogel,Vogel,,0,2000,WSH@LAD,LAD,WSH,,,,,,OF/UTIL
118125-170350,OF,Dairon,Dairon Blanco,Blanco,3.7666668362087674,9,2000,KC@SD,KC,SD,,,,,,OF/UTIL
118125-180644,2B,Nate,Nate Mondou,Mondou,0,1,2000,KC@SD,SD,KC,,,,,,2B/UTIL
118125-135646,C,Carson,Carson Taylor,Taylor,,0,2000,NYM@PHI,PHI,NYM,IL,Undisclosed,,,,C/1B/UTIL
118125-96765,C,Joe,Joe Hudson,Hudson,0,1,2000,HOU@LAA,HOU,LAA,,,,,,C/1B/UTIL
118125-119332,SS,Yordys,Yordys Valdes,Valdes,,0,2000,CLE@ATH,CLE,ATH,,,,,,SS/UTIL
118125-158244,3B/2B,Yonny,Yonny Hernandez,Hernandez,,0,2000,NYM@PHI,NYM,PHI,,,,,,2B/3B/UTIL
118125-16946,1B,Jon,Jon Singleton,Singleton,6.964754198418289,122,2000,NYM@PHI,NYM,PHI,,,,,,C/1B/UTIL
118125-16951,3B,Anthony,Anthony Rendon,Rendon,7.038596705386513,57,2000,HOU@LAA,LAA,HOU,IL,Hip,,,,3B/UTIL
118125-119353,3B,Kody,Kody Hoese,Hoese,,0,2000,WSH@LAD,LAD,WSH,,,,,,3B/UTIL
118125-156226,OF,Pedro,Pedro Leon,Leon,3.4571429661342075,7,2000,HOU@LAA,HOU,LAA,IL,Knee,,,,OF/UTIL
118125-207434,3B,Luis,Luis De Los Santos,De Los Santos,2.8384616558368387,13,2000,NYM@PHI,NYM,PHI,,,,,,3B/UTIL
118125-119393,SS,Robert,Robert Puason,Puason,,0,2000,CLE@ATH,ATH,CLE,,,,,,SS/UTIL
118125-119394,SS,Logan,Logan Davidson,Davidson,3.466666751437717,9,2000,CLE@ATH,ATH,CLE,,,,,,SS/UTIL
118125-119402,C,Rodolfo,Rodolfo Duran,Duran,,0,2000,KC@SD,SD,KC,,,,,,C/1B/UTIL
118125-82556,OF,Taylor,Taylor Trammell,Trammell,1.1272726925936611,11,2000,HOU@LAA,HOU,LAA,IL,Calf,,,,OF/UTIL
118125-119432,SS,Greg,Greg Jones,Jones,2,3,2000,HOU@LAA,HOU,LAA,,,,,,SS/UTIL
118125-201354,3B,Brett,Brett Harris,Harris,6.333333333333333,36,2000,CLE@ATH,ATH,CLE,,,,,,3B/UTIL
118125-119434,OF,Moises,Moises Gomez,Gomez,,0,2000,KC@SD,SD,KC,,,,,,OF/UTIL
118125-176777,OF,Cal,Cal Stevenson,Stevenson,1.9,5,2000,NYM@PHI,PHI,NYM,,,,,,OF/UTIL
118125-82586,OF,MJ,MJ Melendez,Melendez,3.456249952316284,16,2000,KC@SD,KC,SD,,,,,,OF/UTIL
118125-119450,OF,Jeremy,Jeremy De La Rosa,De La Rosa,,0,2000,WSH@LAD,WSH,LAD,,,,,,OF/UTIL
118125-82589,OF/1B,Nick,Nick Pratto,Pratto,0,2,2000,KC@SD,KC,SD,,,,,,C/1B/OF/UTIL
118125-164519,3B,Alex,Alex Binelas,Binelas,,0,2000,NYM@PHI,PHI,NYM,,,,,,3B/UTIL
118125-21161,2B,Yolmer,Yolmer Sanchez,Sanchez,,0,2000,HOU@LAA,LAA,HOU,,,,,,2B/UTIL
118125-164531,SS,Kevin,Kevin Made,Made,,0,2000,WSH@LAD,WSH,LAD,,,,,,SS/UTIL
118125-82637,1B,Evan,Evan White,White,0,2,2000,HOU@LAA,LAA,HOU,IL,Hip,,,,C/1B/UTIL
118125-162509,1B/OF,Juan,Juan Yepez,Yepez,8.784127371651786,63,2000,WSH@LAD,WSH,LAD,,,,,,C/1B/OF/UTIL
118125-203490,OF,Steward,Steward Berroa,Berroa,3.9250000544956754,28,2000,WSH@LAD,LAD,WSH,,,,,,OF/UTIL
118125-82659,3B,Carter,Carter Kieboom,Kieboom,0,1,2000,HOU@LAA,LAA,HOU,,,,,,3B/UTIL
118125-70435,OF,Ben,Ben Gamel,Gamel,5.779487022986779,39,2000,HOU@LAA,LAA,HOU,,,,,,OF/UTIL
118125-199466,3B/1B,Trey,Trey Lipscomb,Lipscomb,3.066666603088379,3,2000,WSH@LAD,WSH,LAD,,,,,,C/1B/3B/UTIL
118125-176937,C,Chuckie,Chuckie Robinson,Robinson,1.976923135610727,26,2000,WSH@LAD,LAD,WSH,,,,,,C/1B/UTIL
118125-211757,OF,Bryce,Bryce Teodosio,Teodosio,1.2399999618530273,5,2000,HOU@LAA,LAA,HOU,,,,,,OF/UTIL
118125-119623,OF,Alex,Alex Ramirez,Ramirez,0,3,2000,NYM@PHI,NYM,PHI,,,,,,OF/UTIL
118125-119627,OF,Erick,Erick Pena,Pena,,0,2000,KC@SD,KC,SD,,,,,,OF/UTIL
118125-11129,OF,Jason,Jason Heyward,Heyward,4.641176560345818,34,2000,KC@SD,SD,KC,IL,Oblique,,,,OF/UTIL
118125-209786,1B,Niko,Niko Kavadas,Kavadas,0,1,2000,HOU@LAA,LAA,HOU,,,,,,C/1B/UTIL
118125-170879,C,Chris,Chris Okey,Okey,0,2,2000,WSH@LAD,LAD,WSH,,,,,,C/1B/UTIL
118125-68525,3B/1B,J.D.,J.D. Davis,Davis,0.6,5,2000,HOU@LAA,LAA,HOU,,,,,,C/1B/3B/UTIL
118125-97291,2B,Harold,Harold Castro,Castro,,0,2000,KC@SD,KC,SD,IL,Undisclosed,,,,2B/UTIL
118125-83051,2B/3B,David,David Bote,Bote,2.4051282833784056,39,2000,WSH@LAD,LAD,WSH,,,,,,2B/3B/UTIL
118125-171128,3B/2B,Buddy,Buddy Kennedy,Kennedy,5.185714176722935,14,2000,NYM@PHI,PHI,NYM,,,,,,2B/3B/UTIL
118125-83143,OF,Oscar,Oscar Mercado,Mercado,0,1,2000,NYM@PHI,PHI,NYM,,,,,,OF/UTIL
118125-60634,OF,Forrest,Forrest Wall,Wall,4.072222391764323,18,2000,KC@SD,SD,KC,,,,,,OF/UTIL
118125-60652,2B,Christian,Christian Arroyo,Arroyo,,0,2000,NYM@PHI,PHI,NYM,,,,,,2B/UTIL
118125-79087,1B,Michael,Michael Chavis,Chavis,0,1,2000,WSH@LAD,LAD,WSH,,,,,,C/1B/UTIL
118125-197883,OF,Kenedy,Kenedy Corona,Corona,0,1,2000,HOU@LAA,HOU,LAA,,,,,,OF/UTIL
118125-146686,OF,Colin,Colin Barber,Barber,,0,2000,HOU@LAA,HOU,LAA,,,,,,OF/UTIL
118125-146694,SS,Arol,Arol Vera,Vera,,0,2000,HOU@LAA,LAA,HOU,,,,,,SS/UTIL
118125-197895,OF,Tyler,Tyler Gentry,Gentry,0,4,2000,KC@SD,KC,SD,,,,,,OF/UTIL
118125-79108,3B,Nick,Nick Senzel,Senzel,6.351351351351352,74,2000,WSH@LAD,LAD,WSH,,,,,,3B/UTIL
118125-146692,OF,David,David Calabrese,Calabrese,,0,2000,HOU@LAA,LAA,HOU,,,,,,OF/UTIL
118125-146693,OF,Alexander,Alexander Ramirez,Ramirez,,0,2000,HOU@LAA,LAA,HOU,,,,,,OF/UTIL
118125-197904,SS/3B,Darell,Darell Hernaiz,Hernaiz,4.012245022520727,49,2000,CLE@ATH,ATH,CLE,,,,,,3B/SS/UTIL
118125-85268,1B,Joey,Joey Meneses,Meneses,7.273684049907484,76,2000,NYM@PHI,NYM,PHI,,,,,,C/1B/UTIL
118125-197915,C,Hunter,Hunter Feduccia,Feduccia,1.5,2,2000,WSH@LAD,LAD,WSH,,,,,,C/1B/UTIL
118125-79128,C,Garrett,Garrett Stubbs,Stubbs,5.580701861465187,57,2000,NYM@PHI,PHI,NYM,,,,,,C/1B/UTIL
118125-85277,2B/OF/1B/3B,Cavan,Cavan Biggio,Biggio,3.573684290835732,38,2000,KC@SD,KC,SD,,,,,,C/1B/2B/3B/OF/UTIL
118125-146719,OF,Junior,Junior Perez,Perez,,0,2000,CLE@ATH,ATH,CLE,,,,,,OF/UTIL
118125-146726,OF,Josh,Josh Mears,Mears,,0,2000,KC@SD,SD,KC,,,,,,OF/UTIL
118125-146735,OF,Roismar,Roismar Quintana,Quintana,,0,2000,WSH@LAD,WSH,LAD,,,,,,OF/UTIL
118125-79189,2B,Travis,Travis Blankenhorn,Blankenhorn,2.9928572518484935,14,2000,HOU@LAA,LAA,HOU,,,,,,2B/UTIL
118125-38293,OF,Tyler,Tyler Naquin,Naquin,,0,2000,CLE@ATH,CLE,ATH,,,,,,OF/UTIL
118125-193947,SS,Mason,Mason McCoy,McCoy,0,4,2000,KC@SD,SD,KC,IL,Finger,,,,SS/UTIL
118125-13794,OF,Delino,Delino DeShields,DeShields,,0,2000,WSH@LAD,WSH,LAD,,,,,,OF/UTIL
118125-155109,2B,Alejo,Alejo Lopez,Lopez,0,2,2000,CLE@ATH,ATH,CLE,,,,,,2B/UTIL
118125-181790,OF,Diego,Diego Hernandez,Hernandez,,0,2000,KC@SD,KC,SD,,,,,,OF/UTIL
118125-175654,OF,Bryce,Bryce Johnson,Johnson,7,3,2000,KC@SD,SD,KC,,,,,,OF/UTIL
118125-181818,2B,Juan,Juan Brito,Brito,0,3,2000,CLE@ATH,CLE,ATH,IL,Thumb,,,,2B/UTIL
118125-222791,OF,Zyhir,Zyhir Hope,Hope,,0,2000,WSH@LAD,LAD,WSH,,,,,,OF/UTIL
118125-222788,SS,Alex,Alex Freeland,Freeland,,0,2000,WSH@LAD,LAD,WSH,,,,,,SS/UTIL
118125-222799,C,Cooper,Cooper Ingle,Ingle,,0,2000,CLE@ATH,CLE,ATH,,,,,,C/1B/UTIL
118125-222798,1B,CJ,CJ Kayfus,Kayfus,,0,2000,CLE@ATH,CLE,ATH,,,,,,C/1B/UTIL
118125-167500,OF,Joey,Joey Wiemer,Wiemer,1.4476190294538225,21,2000,KC@SD,KC,SD,,,,,,OF/UTIL
118125-222797,2B,Travis,Travis Bazzana,Bazzana,,0,2000,CLE@ATH,CLE,ATH,IL,Oblique,,,,2B/UTIL
118125-222796,SS,Angel,Angel Genao,Genao,,0,2000,CLE@ATH,CLE,ATH,,,,,,SS/UTIL
118125-222801,OF,Jaison,Jaison Chourio,Chourio,,0,2000,CLE@ATH,CLE,ATH,,,,,,OF/UTIL
118125-222800,1B,Ralphy,Ralphy Velazquez,Velazquez,,0,2000,CLE@ATH,CLE,ATH,,,,,,C/1B/UTIL
118125-222805,C,Blake,Blake Mitchell,Mitchell,,0,2000,KC@SD,KC,SD,IL,Wrist,,,,C/1B/UTIL
118125-222818,SS,Leodalis,Leodalis De Vries,De Vries,,0,2000,KC@SD,SD,KC,,,,,,SS/UTIL
118125-222821,OF,Carson,Carson Benge,Benge,,0,2000,NYM@PHI,NYM,PHI,,,,,,OF/UTIL
118125-222831,SS,Jackson,Jackson Cluff,Cluff,,0,2000,WSH@LAD,WSH,LAD,,,,,,SS/UTIL
118125-222829,SS,Seaver,Seaver King,King,,0,2000,WSH@LAD,WSH,LAD,,,,,,SS/UTIL
118125-222847,OF,Justin,Justin Crawford,Crawford,,0,2000,NYM@PHI,PHI,NYM,,,,,,OF/UTIL
118125-222845,SS,Brice,Brice Matthews,Matthews,,0,2000,HOU@LAA,HOU,LAA,,,,,,SS/UTIL
118125-222849,C,Eduardo,Eduardo Tait,Tait,,0,2000,NYM@PHI,PHI,NYM,,,,,,C/1B/UTIL
118125-222848,SS,Aidan,Aidan Miller,Miller,,0,2000,NYM@PHI,PHI,NYM,,,,,,SS/UTIL
118125-165519,OF,Petey,Petey Halpin,Halpin,,0,2000,CLE@ATH,CLE,ATH,,,,,,OF/UTIL
118125-165539,SS,Jose,Jose Rodriguez,Rodriguez,0,2,2000,NYM@PHI,PHI,NYM,,,,,,SS/UTIL
118125-220839,2B,Cooper,Cooper Bowman,Bowman,,0,2000,CLE@ATH,ATH,CLE,IL,Undisclosed,,,,2B/UTIL
118125-220848,SS,Christian,Christian Cairo,Cairo,,0,2000,CLE@ATH,CLE,ATH,,,,,,SS/UTIL
118125-163510,SS/2B,Diego A.,Diego A. Castillo,Castillo,7.900000095367432,4,2000,KC@SD,KC,SD,,,,,,2B/SS/UTIL
118125-165558,OF,Tyler,Tyler Whitaker,Whitaker,,0,2000,HOU@LAA,HOU,LAA,,,,,,OF/UTIL
118125-222902,2B,Tyler,Tyler Tolbert,Tolbert,3.7874999046325684,16,2000,KC@SD,KC,SD,,,,,,2B/UTIL
118125-165563,SS,Cristian,Cristian Gonzalez,Gonzalez,,0,2000,HOU@LAA,HOU,LAA,,,,,,SS/UTIL
118125-165567,3B/2B/OF,Shay,Shay Whitcomb,Whitcomb,0,6,2000,HOU@LAA,HOU,LAA,,,,,,2B/3B/OF/UTIL
118125-165565,2B,Peyton,Peyton Wilson,Wilson,,0,2000,KC@SD,KC,SD,,,,,,2B/UTIL
118125-165574,SS,Daniel,Daniel Vazquez,Vazquez,,0,2000,KC@SD,KC,SD,,,,,,SS/UTIL
118125-165575,SS,Denzer,Denzer Guzman,Guzman,,0,2000,HOU@LAA,LAA,HOU,,,,,,SS/UTIL
118125-165579,C,Carter,Carter Jensen,Jensen,,0,2000,KC@SD,KC,SD,,,,,,C/1B/UTIL
118125-165576,SS,Adrian,Adrian Placencia,Placencia,,0,2000,HOU@LAA,LAA,HOU,,,,,,SS/UTIL
118125-165590,SS,Wilman,Wilman Diaz,Diaz,,0,2000,WSH@LAD,LAD,WSH,,,,,,SS/UTIL
118125-165593,OF,Jose,Jose Ramos,Ramos,0,2,2000,WSH@LAD,LAD,WSH,,,,,,OF/UTIL
118125-165598,C,Jesus,Jesus Galiz,Galiz,,0,2000,WSH@LAD,LAD,WSH,IL,Undisclosed,,,,C/1B/UTIL
118125-165597,SS,Kahlil,Kahlil Watson,Watson,,0,2000,CLE@ATH,CLE,ATH,,,,,,SS/UTIL
118125-165619,SS,Noah,Noah Miller,Miller,,0,2000,WSH@LAD,LAD,WSH,,,,,,SS/UTIL
118125-165623,OF,Carlos,Carlos Cortes,Cortes,,0,2000,CLE@ATH,ATH,CLE,,,,,,OF/UTIL
118125-165629,1B,JT,JT Schwartz,Schwartz,,0,2000,NYM@PHI,NYM,PHI,,,,,,C/1B/UTIL
118125-52995,C,Luke,Luke Maile,Maile,11.300000508626303,3,2000,KC@SD,KC,SD,,,,,,C/1B/UTIL
118125-165646,C,Rickardo,Rickardo Perez,Perez,,0,2000,NYM@PHI,PHI,NYM,,,,,,C/1B/UTIL
118125-165647,OF,Ethan,Ethan Wilson,Wilson,,0,2000,NYM@PHI,PHI,NYM,,,,,,OF/UTIL
118125-165644,OF,Pedro,Pedro Pineda,Pineda,,0,2000,CLE@ATH,ATH,CLE,,,,,,OF/UTIL
118125-165662,SS,Euribiel,Euribiel Angeles,Angeles,,0,2000,CLE@ATH,ATH,CLE,,,,,,SS/UTIL
118125-165670,C,Brandon,Brandon Valenzuela,Valenzuela,,0,2000,KC@SD,SD,KC,,,,,,C/1B/UTIL
118125-110404,3B,Mike,Mike Brosseau,Brosseau,0,1,2000,KC@SD,SD,KC,,,,,,3B/UTIL
118125-163661,3B/2B,Eguy,Eguy Rosario,Rosario,4.193548387096774,31,2000,KC@SD,SD,KC,IL,Groin,,,,2B/3B/UTIL
118125-163667,OF/1B,Jhonkensy,Jhonkensy Noel,Noel,3.2152172586192256,46,2000,CLE@ATH,CLE,ATH,,,,,,C/1B/OF/UTIL
118125-163669,C,Bryan,Bryan Lavastida,Lavastida,,0,2000,HOU@LAA,HOU,LAA,,,,,,C/1B/UTIL
118125-165730,C,Drew,Drew Millas,Millas,5.661904834565663,21,2000,WSH@LAD,WSH,LAD,,,,,,C/1B/UTIL
118125-165728,SS,Armando,Armando Cruz,Cruz,,0,2000,WSH@LAD,WSH,LAD,,,,,,SS/UTIL
118125-165732,1B,Branden,Branden Boissiere,Boissiere,,0,2000,WSH@LAD,WSH,LAD,,,,,,C/1B/UTIL
118125-180095,OF,Will,Will Brennan,Brennan,1.5,6,2000,CLE@ATH,CLE,ATH,IL,Elbow,,,,OF/UTIL
118125-182170,OF,Oscar,Oscar Colas,Colas,4.228571483067104,14,2000,HOU@LAA,LAA,HOU,,,,,,OF/UTIL
118125-79776,C,Dom,Dom Nunez,Nunez,6.199999809265137,2,2000,CLE@ATH,CLE,ATH,,,,,,C/1B/UTIL
118125-102313,OF,George,George Valera,Valera,0,3,2000,CLE@ATH,CLE,ATH,,,,,,OF/UTIL
118125-102322,2B/3B,Nick,Nick Madrigal,Madrigal,2.823529411764706,51,2000,NYM@PHI,NYM,PHI,IL,Shoulder,,,,2B/3B/UTIL
118125-102337,OF,Seth,Seth Beer,Beer,,0,2000,NYM@PHI,PHI,NYM,,,,,,OF/UTIL
118125-81869,C,Chad,Chad Wallach,Wallach,,0,2000,HOU@LAA,LAA,HOU,,,,,,C/1B/UTIL
118125-24529,OF,Rafael,Rafael Ortega,Ortega,2.4866666158040363,15,2000,NYM@PHI,NYM,PHI,IL,Undisclosed,,,,OF/UTIL
118125-102352,C,Payton,Payton Henry,Henry,0,1,2000,NYM@PHI,PHI,NYM,,,,,,C/1B/UTIL
118125-102356,OF,Gilberto,Gilberto Celestino,Celestino,,0,2000,NYM@PHI,NYM,PHI,,,,,,OF/UTIL
118125-102360,OF,Connor,Connor Scott,Scott,,0,2000,KC@SD,KC,SD,IL,Undisclosed,,,,OF/UTIL
118125-102384,SS,Jeremy,Jeremy Eierman,Eierman,,0,2000,CLE@ATH,ATH,CLE,,,,,,SS/UTIL
118125-102391,OF,Tirso,Tirso Ornelas,Ornelas,1.7857142857142858,7,2000,KC@SD,SD,KC,,,,,,OF/UTIL
118125-102390,OF,Travis,Travis Swaggerty,Swaggerty,,0,2000,NYM@PHI,NYM,PHI,,,,,,OF/UTIL
118125-102392,OF,Esteury,Esteury Ruiz,Ruiz,5.896551724137931,29,2000,WSH@LAD,LAD,WSH,,,,,,OF/UTIL