Id,Position,First Name,Nickname,Last Name,FPPG,Played,Salary,Game,Team,Opponent,Injury Indicator,Injury Details,Tier,Probable Pitcher,Batting Order,Roster Position
119048-52859,P,Jacob,Jacob deGrom,deGrom,36.38095238095238,21,10600,TEX@LAA,TEX,LAA,,,,,,P
119048-13233,P,Nathan,Nathan Eovaldi,Eovaldi,37.11764705882353,17,10500,TEX@LAA,TEX,LAA,,,,Yes,,P
119048-187194,P,Bryan,Bryan Woo,Woo,36.7,20,10200,SEA@ATH,SEA,ATH,,,,Yes,,P
119048-52183,P,Tyler,Tyler Glasnow,Glasnow,26.666666666666668,9,10200,LAD@CIN,LAD,CIN,,,,,,P
119048-198625,P,Yoshinobu,Yoshinobu Yamamoto,Yamamoto,35.904761904761905,21,10100,LAD@CIN,LAD,CIN,,,,,,P
119048-68488,P,Blake,Blake Snell,Snell,19.5,2,10000,LAD@CIN,LAD,CIN,IL,Shoulder,,,,P
119048-60633,P,Carlos,Carlos Rodon,Rodon,36.31818181818182,22,9900,TB@NYY,NYY,TB,,,,,,P
119048-185606,P,Gavin,Gavin Stone,Stone,28.4,25,9900,LAD@CIN,LAD,CIN,IL,Shoulder,,,,P
119048-102396,P,Logan,Logan Gilbert,Gilbert,34.07142857142857,14,9800,SEA@ATH,SEA,ATH,,,,,,P
119048-82550,P,Hunter,Hunter Greene,Greene,35.27272727272727,11,9700,LAD@CIN,CIN,LAD,IL,Groin,,,,P
119048-165512,P,Andrew,Andrew Abbott,Abbott,33.5,18,9700,LAD@CIN,CIN,LAD,,,,,,P
119048-82621,P,Clarke,Clarke Schmidt,Schmidt,30,14,9600,TB@NYY,NYY,TB,IL,Elbow,,,,P
119048-79162,P,Luis,Luis Castillo,Castillo,30.863636363636363,22,9600,SEA@ATH,SEA,ATH,,,,,,P
119048-52185,P,Max,Max Fried,Fried,35.81818181818182,22,9400,TB@NYY,NYY,TB,,,,,,P
119048-102407,P,Shane,Shane McClanahan,McClanahan,0,1,9200,TB@NYY,TB,NYY,IL,Triceps,,,,P
119048-135343,P,Max,Max Meyer,Meyer,27.833333333333332,12,9200,MIA@STL,MIA,STL,IL,Hip,,,,P
119048-119329,P,Nick,Nick Lodolo,Lodolo,32.77272727272727,22,9200,LAD@CIN,CIN,LAD,,,,,,P
119048-82554,P,Shane,Shane Bieber,Bieber,58,5,9200,COL@CLE,CLE,COL,IL,Elbow,,,,P
119048-82630,P,Shane,Shane Baz,Baz,28.857142857142858,21,9100,TB@NYY,TB,NYY,,,,,,P
119048-146663,P,Slade,Slade Cecconi,Cecconi,28.923076923076923,13,9100,COL@CLE,CLE,COL,,,,,,P
119048-79109,P,Tyler,Tyler Mahle,Mahle,28.785714285714285,14,9100,TEX@LAA,TEX,LAA,IL,Shoulder,,,,P
119048-102001,P,Yusei,Yusei Kikuchi,Kikuchi,30.217391304347824,23,9100,TEX@LAA,LAA,TEX,,,,,,P
119048-194939,P,Joe,Joe Boyle,Boyle,20.666666666666668,6,9000,TB@NYY,TB,NYY,,,,,,P
119048-16956,P,Gerrit,Gerrit Cole,Cole,32,22,9000,TB@NYY,NYY,TB,IL,Elbow,,,,P
119048-165698,P,Taj,Taj Bradley,Bradley,25.142857142857142,21,9000,TB@NYY,TB,NYY,,,,,,P
119048-17064,P,Sonny,Sonny Gray,Gray,31,22,8900,MIA@STL,STL,MIA,,,,,,P
119048-165599,P,Eury,Eury Perez,Perez,27.88888888888889,9,8900,MIA@STL,MIA,STL,,,,,,P
119048-119414,P,George,George Kirby,Kirby,29.416666666666668,12,8800,SEA@ATH,SEA,ATH,,,,,,P
119048-118206,P,Luis,Luis Gil,Gil,30.29032258064516,31,8800,TB@NYY,NYY,TB,IL,Lat,,,,P
119048-165518,P,Gavin,Gavin Williams,Williams,28.428571428571427,21,8700,COL@CLE,CLE,COL,,,,,,P
119048-102395,P,Ryan,Ryan Weathers,Weathers,24.4,5,8700,MIA@STL,MIA,STL,IL,Lat,,,,P
119048-135647,P,Ryan,Ryan Pepiot,Pepiot,31.772727272727273,22,8600,TB@NYY,TB,NYY,,,,,,P
119048-82599,P,Edward,Edward Cabrera,Cabrera,28.055555555555557,18,8600,MIA@STL,MIA,STL,,,,,,P
119048-185490,P,Logan,Logan Allen,Allen,23.238095238095237,21,8600,COL@CLE,CLE,COL,,,,,,P
119048-185501,P,Tanner,Tanner Bibee,Bibee,27.80952380952381,21,8500,COL@CLE,CLE,COL,,,,,,P
119048-179725,P,Luis,Luis Ortiz,Ortiz,29.3125,16,8400,COL@CLE,CLE,COL,O,Personal,,,,P
119048-222787,P,Roki,Roki Sasaki,Sasaki,16.375,8,8400,LAD@CIN,LAD,CIN,IL,Shoulder,,,,P
119048-102345,P,Jose,Jose Soriano,Soriano,28.772727272727273,22,8400,TEX@LAA,LAA,TEX,,,,Yes,,P
119048-102408,P,Matthew,Matthew Liberatore,Liberatore,26.210526315789473,19,8300,MIA@STL,STL,MIA,,,,,,P
119048-85476,P,Jeffrey,Jeffrey Springs,Springs,26,22,8300,SEA@ATH,ATH,SEA,,,,Yes,,P
119048-83166,P,Zack,Zack Littell,Littell,27.666666666666668,21,8200,TB@NYY,TB,NYY,,,,Yes,,P
119048-5427,P,Clayton,Clayton Kershaw,Kershaw,21.666666666666668,12,8200,LAD@CIN,LAD,CIN,,,,,,P
119048-13664,P,Patrick,Patrick Corbin,Corbin,26.3,20,8200,TEX@LAA,TEX,LAA,,,,,,P
119048-211874,P,Kumar,Kumar Rocker,Rocker,20,13,8100,TEX@LAA,TEX,LAA,,,,,,P
119048-222782,P,Chase,Chase Burns,Burns,27.333333333333332,6,8100,LAD@CIN,CIN,LAD,,,,,,P
119048-165706,P,Jack,Jack Leiter,Leiter,25.666666666666668,19,8100,TEX@LAA,TEX,LAA,,,,,,P
119048-102343,P,Tony,Tony Gonsolin,Gonsolin,26.285714285714285,7,8100,LAD@CIN,LAD,CIN,IL,Elbow,,,,P
119048-198879,P,Rhett,Rhett Lowder,Lowder,27,6,8000,LAD@CIN,CIN,LAD,IL,Oblique,,,,P
119048-198912,P,Will,Will Warren,Warren,25.727272727272727,22,8000,TB@NYY,NYY,TB,,,,Yes,,P
119048-119361,P,Drew,Drew Rasmussen,Rasmussen,25.095238095238095,21,8000,TB@NYY,TB,NYY,,,,,,P
119048-102344,P,Brady,Brady Singer,Singer,26.047619047619047,21,8000,LAD@CIN,CIN,LAD,,,,,,P
119048-82594,P,Dustin,Dustin May,May,26.473684210526315,19,7900,LAD@CIN,LAD,CIN,,,,,,P
119048-60644,P,Luis,Luis Severino,Severino,23.347826086956523,23,7900,SEA@ATH,ATH,SEA,,,,,,P
119048-187967,P,Emmet,Emmet Sheehan,Sheehan,21.8,5,7900,LAD@CIN,LAD,CIN,,,,,,P
119048-161450,P,Janson,Janson Junk,Junk,24.083333333333332,12,7900,MIA@STL,MIA,STL,,,,,,P
119048-193326,P,Jacob,Jacob Lopez,Lopez,23.3125,16,7800,SEA@ATH,ATH,SEA,,,,,,P
119048-185896,P,Cody,Cody Bradford,Bradford,29.785714285714285,14,7800,TEX@LAA,TEX,LAA,IL,Elbow,,,,P
119048-119411,P,Joey,Joey Cantillo,Cantillo,10.846153846153847,26,7700,COL@CLE,CLE,COL,,,,,,P
119048-68485,P,Ryan,Ryan Yarbrough,Yarbrough,16.6875,16,7700,TB@NYY,NYY,TB,IL,Oblique,,,,P
119048-226322,P,Logan,Logan Evans,Evans,22.416666666666668,12,7700,SEA@ATH,SEA,ATH,,,,,,P
119048-204505,P,Justin,Justin Wrobleski,Wrobleski,23.666666666666668,9,7700,LAD@CIN,LAD,CIN,,,,,,P
119048-165689,P,Bryce,Bryce Miller,Miller,18.2,10,7700,SEA@ATH,SEA,ATH,IL,Elbow,,,,P
119048-53590,P,Nick,Nick Martinez,Martinez,22.52173913043478,23,7600,LAD@CIN,CIN,LAD,,,,Yes,,P
119048-135650,P,Landon,Landon Knack,Knack,20.11111111111111,9,7600,LAD@CIN,LAD,CIN,,,,,,P
119048-79245,P,Sandy,Sandy Alcantara,Alcantara,18.80952380952381,21,7600,MIA@STL,MIA,STL,,,,,,P
119048-228790,P,Cam,Cam Schlittler,Schlittler,23.666666666666668,3,7600,TB@NYY,NYY,TB,,,,,,P
119048-165715,P,Gunnar,Gunnar Hoglund,Hoglund,17.833333333333332,6,7600,SEA@ATH,ATH,SEA,IL,Hip,,,,P
119048-135229,P,Reid,Reid Detmers,Detmers,6.72093023255814,45,7500,TEX@LAA,LAA,TEX,,,,,,P
119048-97300,P,John,John Means,Means,28,5,7500,COL@CLE,CLE,COL,IL,Elbow,,,,P
119048-79118,P,Triston,Triston McKenzie,McKenzie,2,4,7500,COL@CLE,CLE,COL,DTD,Illness,,,,P
119048-38246,P,Tyler,Tyler Anderson,Anderson,22.333333333333332,21,7500,TEX@LAA,LAA,TEX,,,,,,P
119048-203679,P,Valente,Valente Bellozo,Bellozo,11.65,20,7400,MIA@STL,MIA,STL,,,,,,P
119048-60646,P,Ben,Ben Lively,Lively,20.555555555555557,9,7400,COL@CLE,CLE,COL,IL,Elbow,,,,P
119048-187769,P,Osvaldo,Osvaldo Bido,Bido,12.928571428571429,14,7400,SEA@ATH,ATH,SEA,,,,,,P
119048-60632,P,Kyle,Kyle Freeland,Freeland,20.894736842105264,19,7300,COL@CLE,COL,CLE,,,,Yes,,P
119048-39041,P,Marcus,Marcus Stroman,Stroman,14.75,8,7200,TB@NYY,NYY,TB,,,,,,P
119048-79228,P,Cal,Cal Quantrill,Quantrill,18.3,20,7200,MIA@STL,MIA,STL,,,,Yes,,P
119048-204632,P,Tanner,Tanner Gordon,Gordon,20.2,5,7200,COL@CLE,COL,CLE,,,,,,P
119048-135268,P,Emerson,Emerson Hancock,Hancock,19.2,15,7100,SEA@ATH,SEA,ATH,,,,,,P
119048-73880,P,German,German Marquez,Marquez,18.3,21,7100,COL@CLE,COL,CLE,IL,Biceps,,,,P
119048-168950,P,Andre,Andre Pallante,Pallante,22.238095238095237,21,7100,MIA@STL,STL,MIA,,,,,,P
119048-160939,P,Jacob,Jacob Latz,Latz,11.826086956521738,24,7100,TEX@LAA,TEX,LAA,,,,,,P
119048-197914,P,Nick,Nick Frasso,Frasso,0,2,7100,LAD@CIN,LAD,CIN,,,,,,P
119048-165694,P,Michael,Michael McGreevy,McGreevy,19.666666666666668,6,7100,MIA@STL,STL,MIA,,,,,,P
119048-52155,P,Jon,Jon Gray,Gray,6.666666666666667,3,7000,TEX@LAA,TEX,LAA,,,,,,P
119048-79076,P,Kolby,Kolby Allard,Allard,7.904761904761905,21,7000,COL@CLE,CLE,COL,,,,Yes,,P
119048-161465,P,Ryan,Ryan Feltner,Feltner,21,6,7000,COL@CLE,COL,CLE,,,,,,P
119048-163685,P,JP,JP Sears,Sears,22.863636363636363,22,7000,SEA@ATH,ATH,SEA,,,,,,P
119048-211069,P,Sam,Sam Aldegheri,Aldegheri,5,2,6900,TEX@LAA,LAA,TEX,,,,,,P
119048-53398,P,Kyle,Kyle Hendricks,Hendricks,21.3,20,6900,TEX@LAA,LAA,TEX,,,,,,P
119048-60637,P,Sean,Sean Newcomb,Newcomb,11.4375,32,6800,SEA@ATH,ATH,SEA,,,,,,P
119048-185845,P,Allan,Allan Winans,Winans,6.333333333333333,3,6800,TB@NYY,NYY,TB,,,,,,P
119048-119355,P,Jack,Jack Kochanowicz,Kochanowicz,17.25,20,6700,TEX@LAA,LAA,TEX,,,,,,P
119048-68517,P,Antonio,Antonio Senzatela,Senzatela,13.142857142857142,21,6700,COL@CLE,COL,CLE,,,,,,P
119048-146705,P,J.T.,J.T. Ginn,Ginn,17.846153846153847,13,6700,SEA@ATH,ATH,SEA,,,,,,P
119048-198886,P,Chase,Chase Dollander,Dollander,15.533333333333333,15,6600,COL@CLE,COL,CLE,,,,,,P
119048-17121,P,Miles,Miles Mikolas,Mikolas,20.2,20,6600,MIA@STL,STL,MIA,,,,Yes,,P
119048-198891,P,Caden,Caden Dana,Dana,10.5,2,6500,TEX@LAA,LAA,TEX,,,,,,P
119048-135648,P,Bobby,Bobby Miller,Miller,7.5,2,6500,LAD@CIN,LAD,CIN,,,,,,P
119048-209846,P,Ben,Ben Casparius,Casparius,10.193548387096774,32,6500,LAD@CIN,LAD,CIN,,,,,,P
119048-52174,P,Steven,Steven Matz,Matz,8.53125,32,6500,MIA@STL,STL,MIA,,,,,,P
119048-83098,P,Austin,Austin Gomber,Gomber,12.625,8,6500,COL@CLE,COL,CLE,,,,,,P
119048-60627,P,Touki,Touki Toussaint,Toussaint,9,1,6500,TEX@LAA,LAA,TEX,,,,,,P
119048-194242,P,Carson,Carson Spiers,Spiers,16.666666666666668,3,6500,LAD@CIN,CIN,LAD,IL,Elbow,,,,P
119048-198353,P,Mitch,Mitch Spence,Spence,10.620689655172415,29,6500,SEA@ATH,ATH,SEA,,,,,,P
119048-165634,P,Ken,Ken Waldichuk,Waldichuk,0,1,6500,SEA@ATH,ATH,SEA,,,,,,P
119048-102378,P,Matt,Matt Sauer,Sauer,11.555555555555555,9,6500,LAD@CIN,LAD,CIN,,,,,,P
119048-102456,P,Jhonathan,Jhonathan Diaz,Diaz,7,1,6400,SEA@ATH,SEA,ATH,,,,,,P
119048-170174,P,Chase,Chase Silseth,Silseth,21,4,6400,TEX@LAA,LAA,TEX,,,,,,P
119048-164504,P,Joey,Joey Estes,Estes,0,2,6400,SEA@ATH,ATH,SEA,,,,,,P
119048-79147,P,Jakob,Jakob Junis,Junis,4.725,40,6400,COL@CLE,CLE,COL,,,,,,P
119048-181794,P,Hogan,Hogan Harris,Harris,6.833333333333333,30,6400,SEA@ATH,ATH,SEA,,,,,,P
119048-165508,P,Graham,Graham Ashcraft,Ashcraft,6.3,40,6400,LAD@CIN,CIN,LAD,,,,,,P
119048-165618,P,Chase,Chase Petty,Petty,0,3,6400,LAD@CIN,CIN,LAD,,,,,,P
119048-52998,P,Aaron,Aaron Brooks,Brooks,15.8,5,6400,SEA@ATH,ATH,SEA,,,,,,P
119048-102416,P,Tyler,Tyler Phillips,Phillips,5.777777777777778,36,6300,MIA@STL,MIA,STL,,,,,,P
119048-79254,P,Dakota,Dakota Hudson,Hudson,14.38888888888889,18,6300,TEX@LAA,LAA,TEX,,,,,,P
119048-73835,P,Ty,Ty Blach,Blach,9.15,20,6200,TEX@LAA,TEX,LAA,IL,Undisclosed,,,,P
119048-119416,P,Brandon,Brandon Williamson,Williamson,15.25,4,6200,LAD@CIN,CIN,LAD,IL,Elbow,,,,P
119048-199459,P,Nick,Nick Nastrini,Nastrini,11.666666666666666,9,6200,LAD@CIN,LAD,CIN,,,,,,P
119048-165600,P,Jake,Jake Eder,Eder,8.75,8,6200,TEX@LAA,LAA,TEX,,,,,,P
119048-202480,P,Adam,Adam Mazur,Mazur,20,1,6200,MIA@STL,MIA,STL,,,,,,P
119048-104584,P,Zach,Zach Plesac,Plesac,9.333333333333334,3,6100,MIA@STL,STL,MIA,,,,,,P
119048-12972,P,Wade,Wade Miley,Miley,12,3,6100,LAD@CIN,CIN,LAD,IL,Forearm,,,,P
119048-195785,P,Caleb,Caleb Boushley,Boushley,7.684210526315789,19,6100,TEX@LAA,TEX,LAA,,,,,,P
119048-226881,P,Carson,Carson Palmquist,Palmquist,11.428571428571429,7,6100,COL@CLE,COL,CLE,,,,,,P
119048-68505,P,Carson,Carson Fulmer,Fulmer,8.666666666666666,6,6000,TEX@LAA,LAA,TEX,,,,,,P
119048-209958,P,Julian,Julian Aguiar,Aguiar,15.142857142857142,7,6000,LAD@CIN,CIN,LAD,IL,Elbow,,,,P
119048-102342,P,Michael,Michael Grove,Grove,6.325,40,6000,LAD@CIN,LAD,CIN,IL,Shoulder,,,,P
119048-197907,P,Brady,Brady Basso,Basso,14.857142857142858,7,5900,SEA@ATH,ATH,SEA,IL,Shoulder,,,,P
119048-146728,P,Connor,Connor Phillips,Phillips,5.25,4,5900,LAD@CIN,CIN,LAD,,,,,,P
119048-177584,P,Xzavion,Xzavion Curry,Curry,2,3,5900,MIA@STL,MIA,STL,,,,,,P
119048-181832,P,Roddery,Roddery Munoz,Munoz,3.8333333333333335,6,5900,MIA@STL,STL,MIA,,,,,,P
119048-181845,P,Drew,Drew Rom,Rom,0,2,5900,MIA@STL,STL,MIA,IL,Undisclosed,,,,P
119048-197871,P,Bradley,Bradley Blalock,Blalock,9.875,8,5800,COL@CLE,COL,CLE,,,,,,P
119048-119423,P,Zack,Zack Thompson,Thompson,11.4,7,5700,MIA@STL,STL,MIA,IL,Lat,,,,P
119048-82573,P,Alex,Alex Faedo,Faedo,8.054054054054054,37,5700,TB@NYY,TB,NYY,IL,Shoulder,,,,P
119048-213867,P,Blas,Blas Castano,Castano,3,1,5700,SEA@ATH,SEA,ATH,,,,,,P
119048-79126,P,Forrest,Forrest Whitley,Whitley,2,10,5700,TB@NYY,TB,NYY,,,,,,P
119048-101838,P,JT,JT Brubaker,Brubaker,4.636363636363637,11,5700,TB@NYY,NYY,TB,,,,,,P
119048-102462,P,Lyon,Lyon Richardson,Richardson,4.766666666666667,31,5600,LAD@CIN,CIN,LAD,,,,,,P
119048-195151,P,Anthony,Anthony Veneziano,Veneziano,3.75,24,5600,MIA@STL,MIA,STL,,,,,,P
119048-102419,P,Cole,Cole Winn,Winn,6.1875,16,5500,TEX@LAA,TEX,LAA,,,,,,P
119048-135191,P,Josh,Josh Fleming,Fleming,4.541666666666667,25,5500,SEA@ATH,SEA,ATH,,,,,,P
119048-135196,P,Tyler,Tyler Zuber,Zuber,9,1,5500,MIA@STL,MIA,STL,,,,,,P
119048-161827,P,Seth,Seth Martinez,Martinez,5.0227272727272725,44,5500,MIA@STL,MIA,STL,,,,,,P
119048-155687,P,Andrew,Andrew Wantz,Wantz,10,1,5500,TB@NYY,TB,NYY,IL,Elbow,,,,P
119048-102442,P,Freddy,Freddy Tarnok,Tarnok,7.5,2,5500,MIA@STL,MIA,STL,,,,,,P
119048-102455,P,Cory,Cory Abbott,Abbott,0,1,5500,TEX@LAA,TEX,LAA,,,,,,P
119048-192574,P,Lane,Lane Ramsey,Ramsey,,0,5500,MIA@STL,MIA,STL,,,,,,P
119048-172092,P,Garrett,Garrett Hill,Hill,0,1,5500,SEA@ATH,SEA,ATH,,,,,,P
119048-79936,P,Mark,Mark Leiter Jr.,Leiter Jr.,5.146341463414634,41,5500,TB@NYY,NYY,TB,IL,Leg,,,,P
119048-102469,P,Ben,Ben Bowden,Bowden,0,2,5500,SEA@ATH,ATH,SEA,,,,,,P
119048-102479,P,Lincoln,Lincoln Henzman,Henzman,,0,5500,SEA@ATH,ATH,SEA,,,,,,P
119048-135253,P,Alex,Alex Vesia,Vesia,5.803921568627451,51,5500,LAD@CIN,LAD,CIN,,,,,,P
119048-135256,P,Connor,Connor Brogdon,Brogdon,4.620689655172414,30,5500,TEX@LAA,LAA,TEX,,,,,,P
119048-102500,P,Robert,Robert Dugger,Dugger,,0,5500,TEX@LAA,TEX,LAA,,,,,,P
119048-102503,P,John,John Rooney,Rooney,,0,5500,MIA@STL,MIA,STL,,,,,,P
119048-102505,P,Edwin,Edwin Uceta,Uceta,6.844444444444444,45,5500,TB@NYY,TB,NYY,,,,,,P
119048-135279,P,Codi,Codi Heuer,Heuer,4,1,5500,TEX@LAA,TEX,LAA,,,,,,P
119048-116847,P,Cole,Cole Sulser,Sulser,6,13,5500,TB@NYY,TB,NYY,,,,,,P
119048-135281,P,Bryan,Bryan Baker,Baker,5.48936170212766,48,5500,TB@NYY,TB,NYY,DTD,Calf,,,,P
119048-102523,P,Deivi,Deivi Garcia,Garcia,4.285714285714286,14,5500,LAD@CIN,CIN,LAD,,,,,,P
119048-135289,P,Kodi,Kodi Whitley,Whitley,,0,5500,TB@NYY,TB,NYY,,,,,,P
119048-116868,P,Gabe,Gabe Speier,Speier,5.382978723404255,47,5500,SEA@ATH,SEA,ATH,,,,,,P
119048-135306,P,Cole,Cole Wilcox,Wilcox,,0,5500,TB@NYY,TB,NYY,,,,,,P
119048-135304,P,Tyler,Tyler Baum,Baum,,0,5500,SEA@ATH,ATH,SEA,,,,,,P
119048-102543,P,Connor,Connor Seabold,Seabold,10.666666666666666,3,5500,TB@NYY,TB,NYY,,,,,,P
119048-102542,P,Travis,Travis MacGregor,MacGregor,,0,5500,TEX@LAA,TEX,LAA,,,,,,P
119048-102549,P,Andres,Andres Munoz,Munoz,6.785714285714286,42,5500,SEA@ATH,SEA,ATH,,,,,,P
119048-102558,P,Gregory,Gregory Santos,Santos,1.875,8,5500,SEA@ATH,SEA,ATH,IL,Knee,,,,P
119048-80033,P,Emilio,Emilio Pagan,Pagan,5.826086956521739,46,5500,LAD@CIN,CIN,LAD,,,,,,P
119048-12452,P,Kenley,Kenley Jansen,Jansen,5.2682926829268295,43,5500,TEX@LAA,LAA,TEX,,,,,,P
119048-102565,P,Mason,Mason Englert,Englert,8.11111111111111,20,5500,TB@NYY,TB,NYY,,,,,,P
119048-102570,P,Sandy,Sandy Gaston,Gaston,,0,5500,TEX@LAA,LAA,TEX,,,,,,P
119048-145591,P,Eduard,Eduard Bazardo,Bazardo,6.085106382978723,47,5500,SEA@ATH,SEA,ATH,,,,,,P
119048-145593,P,Carlos,Carlos Vargas,Vargas,4.404255319148936,47,5500,SEA@ATH,SEA,ATH,,,,,,P
119048-135358,P,Dylan,Dylan File,File,,0,5500,SEA@ATH,SEA,ATH,,,,,,P
119048-102590,P,Joey,Joey Gerber,Gerber,,0,5500,TB@NYY,TB,NYY,,,,,,P
119048-102593,P,Gerardo,Gerardo Carrillo,Carrillo,,0,5500,TEX@LAA,TEX,LAA,,,,,,P
119048-145627,P,Lucas,Lucas Gilbreath,Gilbreath,-7.5,3,5500,COL@CLE,COL,CLE,,,,,,P
119048-145630,P,Kervin,Kervin Castro,Castro,,0,5500,TB@NYY,NYY,TB,,,,,,P
119048-209116,P,Troy,Troy Taylor,Taylor,-0.14285714285714285,8,5500,SEA@ATH,SEA,ATH,,,,,,P
119048-149731,P,Anthony,Anthony Bender,Bender,4.955555555555556,45,5500,MIA@STL,MIA,STL,,,,,,P
119048-178411,P,Michael,Michael Plassmeyer,Plassmeyer,0,1,5500,TEX@LAA,TEX,LAA,,,,,,P
119048-198896,P,Noble,Noble Meyer,Meyer,,0,5500,MIA@STL,MIA,STL,,,,,,P
119048-198901,P,Chase,Chase Hampton,Hampton,,0,5500,TB@NYY,NYY,TB,IL,Elbow,,,,P
119048-198915,P,Luis,Luis Morales,Morales,,0,5500,SEA@ATH,ATH,SEA,,,,,,P
119048-194816,P,Kyle,Kyle Hurt,Hurt,8.666666666666666,5,5500,LAD@CIN,LAD,CIN,IL,Elbow,,,,P
119048-198919,P,Robby,Robby Snelling,Snelling,,0,5500,MIA@STL,MIA,STL,,,,,,P
119048-198920,P,Dylan,Dylan Lesko,Lesko,,0,5500,TB@NYY,TB,NYY,,,,,,P
119048-225549,P,Patrick,Patrick Monteverde,Monteverde,11,1,5500,MIA@STL,MIA,STL,,,,,,P
119048-65817,P,Scott,Scott McGough,McGough,3.5,7,5500,SEA@ATH,ATH,SEA,,,,,,P
119048-198936,P,Tekoah,Tekoah Roby,Roby,,0,5500,MIA@STL,STL,MIA,IL,Elbow,,,,P
119048-203075,P,Michael,Michael Petersen,Petersen,6.5,4,5500,MIA@STL,MIA,STL,,,,,,P
119048-211265,P,Seth,Seth Halvorsen,Halvorsen,4.175,41,5500,COL@CLE,COL,CLE,,,,,,P
119048-135525,P,Adam,Adam Seminaris,Seminaris,,0,5500,SEA@ATH,SEA,ATH,,,,,,P
119048-153961,P,Tayler,Tayler Saucedo,Saucedo,2.8,5,5500,SEA@ATH,SEA,ATH,,,,,,P
119048-57717,P,Buck,Buck Farmer,Farmer,6.049180327868853,61,5500,LAD@CIN,CIN,LAD,,,,,,P
119048-225667,P,Cade,Cade Gibson,Gibson,5.84,25,5500,MIA@STL,MIA,STL,,,,,,P
119048-225665,P,Sauryn,Sauryn Lao,Lao,14,1,5500,SEA@ATH,SEA,ATH,,,,,,P
119048-225671,P,Zach,Zach Agnos,Agnos,2.75,28,5500,COL@CLE,COL,CLE,IL,Elbow,,,,P
119048-170384,P,Yerry,Yerry de los Santos,de los Santos,6.133333333333334,15,5500,TB@NYY,NYY,TB,,,,,,P
119048-158134,P,Stephen,Stephen Ridings,Ridings,,0,5500,LAD@CIN,LAD,CIN,,,,,,P
119048-188863,P,Randy,Randy Wynne,Wynne,15,1,5500,LAD@CIN,CIN,LAD,,,,,,P
119048-219586,P,Ian,Ian Seymour,Seymour,8.428571428571429,7,5500,TB@NYY,TB,NYY,,,,,,P
119048-80346,P,Giovanny,Giovanny Gallegos,Gallegos,4.842105263157895,21,5500,LAD@CIN,LAD,CIN,IL,Undisclosed,,,,P
119048-184829,P,McKinley,McKinley Moore,Moore,0,3,5500,TB@NYY,NYY,TB,,,,,,P
119048-119298,P,Luis,Luis Frias,Frias,1.8181818181818181,11,5500,COL@CLE,CLE,COL,,,,,,P
119048-219658,P,Jack,Jack Dashwood,Dashwood,,0,5500,TEX@LAA,LAA,TEX,,,,,,P
119048-170512,P,Peter,Peter Strzelecki,Strzelecki,5.3,10,5500,TB@NYY,TB,NYY,IL,Elbow,,,,P
119048-219665,P,Matt,Matt Svanson,Svanson,7.2631578947368425,19,5500,MIA@STL,STL,MIA,,,,,,P
119048-162328,P,Reiver,Reiver Sanmartin,Sanmartin,0,2,5500,LAD@CIN,CIN,LAD,,,,,,P
119048-191007,P,Declan,Declan Cronin,Cronin,6.125,56,5500,MIA@STL,MIA,STL,,,,,,P
119048-119328,P,Packy,Packy Naughton,Naughton,0,2,5500,MIA@STL,STL,MIA,IL,Elbow,,,,P
119048-119331,P,Daniel,Daniel Espino,Espino,0,3,5500,COL@CLE,CLE,COL,IL,Shoulder,,,,P
119048-119336,P,Karl,Karl Kauffmann,Kauffmann,0,1,5500,COL@CLE,COL,CLE,,,,,,P
119048-219694,P,Winston,Winston Santos,Santos,,0,5500,TEX@LAA,TEX,LAA,IL,Back,,,,P
119048-219693,P,Emiliano,Emiliano Teodo,Teodo,,0,5500,TEX@LAA,TEX,LAA,IL,Undisclosed,,,,P
119048-219701,P,Franco,Franco Aleman,Aleman,,0,5500,COL@CLE,CLE,COL,,,,,,P
119048-219700,P,Luis,Luis Mey,Mey,4.866666666666666,15,5500,LAD@CIN,CIN,LAD,,,,,,P
119048-119358,P,Antoine,Antoine Kelly,Kelly,0,1,5500,COL@CLE,COL,CLE,,,,,,P
119048-219722,P,Jack,Jack Dreyer,Dreyer,6.523809523809524,42,5500,LAD@CIN,LAD,CIN,,,,,,P
119048-16989,P,Wilking,Wilking Rodriguez,Rodriguez,,0,5500,TB@NYY,NYY,TB,,,,,,P
119048-119397,P,TJ,TJ Sikkema,Sikkema,,0,5500,LAD@CIN,CIN,LAD,,,,,,P
119048-162419,P,Matt,Matt Brash,Brash,5.333333333333333,30,5500,SEA@ATH,SEA,ATH,,,,,,P
119048-180848,P,Angel,Angel Felipe,Felipe,0,2,5500,TEX@LAA,LAA,TEX,,,,,,P
119048-82552,P,Tony,Tony Santillan,Santillan,4.8076923076923075,53,5500,LAD@CIN,CIN,LAD,,,,,,P
119048-119433,P,JJ,JJ Goss,Goss,,0,5500,TB@NYY,TB,NYY,,,,,,P
119048-119435,P,Riley,Riley O'Brien,O'Brien,6.9523809523809526,21,5500,MIA@STL,STL,MIA,,,,,,P
119048-119451,P,Matt,Matt Cronin,Cronin,,0,5500,SEA@ATH,SEA,ATH,IL,Undisclosed,,,,P
119048-164510,P,Victor,Victor Vodnik,Vodnik,5.612903225806452,32,5500,COL@CLE,COL,CLE,,,,,,P
119048-203420,P,Austin,Austin Kitchen,Kitchen,0,4,5500,SEA@ATH,SEA,ATH,,,,,,P
119048-17065,P,Blake,Blake Treinen,Treinen,5.555555555555555,9,5500,LAD@CIN,LAD,CIN,,,,,,P
119048-211632,P,Mason,Mason Montgomery,Montgomery,4.463414634146342,42,5500,TB@NYY,TB,NYY,,,,,,P
119048-80571,P,Phil,Phil Maton,Maton,5.875,40,5500,MIA@STL,STL,MIA,,,,,,P
119048-82627,P,JoJo,JoJo Romero,Romero,4.95,40,5500,MIA@STL,STL,MIA,,,,,,P
119048-82639,P,Ryan,Ryan Helsley,Helsley,5.916666666666667,36,5500,MIA@STL,STL,MIA,,,,,,P
119048-228057,P,Jayvien,Jayvien Sandridge,Sandridge,2,1,5500,TB@NYY,NYY,TB,,,,,,P
119048-228060,P,Jack,Jack Little,Little,4.5,2,5500,LAD@CIN,LAD,CIN,,,,,,P
119048-187105,P,Joe,Joe La Sorsa,La Sorsa,-0.3333333333333333,3,5500,LAD@CIN,CIN,LAD,,,,,,P
119048-187110,P,Ben,Ben Joyce,Joyce,2.6,5,5500,TEX@LAA,LAA,TEX,IL,Shoulder,,,,P
119048-53990,P,Shawn,Shawn Armstrong,Armstrong,5.955555555555556,46,5500,TEX@LAA,TEX,LAA,,,,,,P
119048-228077,P,Jack,Jack Perkins,Perkins,13.571428571428571,7,5500,SEA@ATH,ATH,SEA,,,,,,P
119048-228076,P,Paul,Paul Gervase,Gervase,5.6,5,5500,TB@NYY,TB,NYY,,,,,,P
119048-201456,P,Chris,Chris Roycroft,Roycroft,3,14,5500,MIA@STL,STL,MIA,,,,,,P
119048-84731,P,Evan,Evan Phillips,Phillips,5,7,5500,LAD@CIN,LAD,CIN,IL,Elbow,,,,P
119048-201506,P,Tyler,Tyler Ferguson,Ferguson,3.8333333333333335,36,5500,SEA@ATH,ATH,SEA,,,,,,P
119048-228189,P,Juan,Juan Burgos,Burgos,8.75,4,5500,SEA@ATH,SEA,ATH,,,,,,P
119048-183133,P,Curtis,Curtis Taylor,Taylor,,0,5500,MIA@STL,STL,MIA,,,,,,P
119048-213871,P,Luarbert,Luarbert Arias,Arias,3.6666666666666665,6,5500,MIA@STL,MIA,STL,,,,,,P
119048-189299,P,Victor,Victor Mederos,Mederos,9,2,5500,TEX@LAA,LAA,TEX,,,,,,P
119048-68469,P,Adam,Adam Plutko,Plutko,,0,5500,LAD@CIN,CIN,LAD,,,,,,P
119048-68476,P,Taylor,Taylor Rogers,Rogers,5.027027027027027,40,5500,LAD@CIN,CIN,LAD,,,,,,P
119048-170895,P,Jake,Jake Bird,Bird,6.5,45,5500,COL@CLE,COL,CLE,,,,,,P
119048-82836,P,Julian,Julian Fernandez,Fernandez,3,1,5500,LAD@CIN,LAD,CIN,,,,,,P
119048-80791,P,Alan,Alan Busenitz,Busenitz,1,3,5500,LAD@CIN,CIN,LAD,,,,,,P
119048-80801,P,Hoby,Hoby Milner,Milner,5.404255319148936,49,5500,TEX@LAA,TEX,LAA,,,,,,P
119048-68515,P,Sam,Sam Moll,Moll,4.3,10,5500,LAD@CIN,CIN,LAD,,,,,,P
119048-52146,P,Carl,Carl Edwards Jr.,Edwards Jr.,3,2,5500,TEX@LAA,TEX,LAA,,,,,,P
119048-52152,P,Robert,Robert Stephenson,Stephenson,9,2,5500,TEX@LAA,LAA,TEX,IL,Biceps,,,,P
119048-68561,P,Luke,Luke Weaver,Weaver,5.5,38,5500,TB@NYY,NYY,TB,,,,,,P
119048-82921,P,Zack,Zack Weiss,Weiss,0,1,5500,MIA@STL,STL,MIA,,,,,,P
119048-213995,P,Luis,Luis Curvelo,Curvelo,,0,5500,TEX@LAA,TEX,LAA,,,,,,P
119048-82922,P,Tyler,Tyler Kinley,Kinley,4.326530612244898,49,5500,COL@CLE,COL,CLE,,,,,,P
119048-82924,P,Tim,Tim Hill,Hill,3.94,51,5500,TB@NYY,NYY,TB,,,,,,P
119048-226310,P,Jose,Jose Fermin,Fermin,4.5,23,5500,TEX@LAA,LAA,TEX,,,,,,P
119048-171020,P,Michael,Michael Kelly,Kelly,5.411764705882353,17,5500,SEA@ATH,ATH,SEA,,,,,,P
119048-211985,P,Andrew,Andrew Walters,Walters,2,2,5500,COL@CLE,CLE,COL,IL,Lat,,,,P
119048-189470,P,Kyle,Kyle Leahy,Leahy,6.714285714285714,42,5500,MIA@STL,STL,MIA,,,,,,P
119048-82999,P,Scott,Scott Barlow,Barlow,4.803921568627451,51,5500,LAD@CIN,CIN,LAD,,,,,,P
119048-212025,P,Zach,Zach Penrod,Penrod,3,7,5500,LAD@CIN,LAD,CIN,,,,,,P
119048-154688,P,Jake,Jake Cousins,Cousins,6.4186046511627906,43,5500,TB@NYY,NYY,TB,IL,Elbow,,,,P
119048-169030,P,Zach,Zach Jackson,Jackson,,0,5500,SEA@ATH,ATH,SEA,,,,,,P
119048-11333,P,Craig,Craig Kimbrel,Kimbrel,6,1,5500,TEX@LAA,TEX,LAA,,,,,,P
119048-179275,P,Fernando,Fernando Cruz,Cruz,7.5,32,5500,TB@NYY,NYY,TB,IL,Oblique,,,,P
119048-203863,P,Gordon,Gordon Graceffo,Graceffo,8.923076923076923,13,5500,MIA@STL,STL,MIA,,,,,,P
119048-189528,P,Robert,Robert Garcia,Garcia,4.8478260869565215,46,5500,TEX@LAA,TEX,LAA,,,,,,P
119048-54403,P,Trevor,Trevor Gott,Gott,0,1,5500,SEA@ATH,SEA,ATH,,,,,,P
119048-187521,P,Joe,Joe Jacques,Jacques,3,2,5500,SEA@ATH,SEA,ATH,,,,,,P
119048-195748,P,Kelvin,Kelvin Caceres,Caceres,0,2,5500,TEX@LAA,LAA,TEX,,,,,,P
119048-154794,P,Joe,Joe Barlow,Barlow,,0,5500,TEX@LAA,TEX,LAA,,,,,,P
119048-140459,P,John,John King,King,3.186046511627907,43,5500,MIA@STL,STL,MIA,,,,,,P
119048-85164,P,Matt,Matt Festa,Festa,3.742857142857143,36,5500,COL@CLE,CLE,COL,,,,,,P
119048-21707,P,Michael,Michael Mariot,Mariot,,0,5500,SEA@ATH,SEA,ATH,,,,,,P
119048-206028,P,River,River Ryan,Ryan,28,4,5500,LAD@CIN,LAD,CIN,IL,Elbow,,,,P
119048-83159,P,Diego,Diego Castillo,Castillo,5.571428571428571,7,5500,COL@CLE,COL,CLE,,,,,,P
119048-38106,P,Kirby,Kirby Yates,Yates,5.54054054054054,39,5500,LAD@CIN,LAD,CIN,,,,,,P
119048-79067,P,Alex,Alex Young,Young,4.529411764705882,17,5500,LAD@CIN,CIN,LAD,IL,Elbow,,,,P
119048-83163,P,Jonathan,Jonathan Loaisiga,Loaisiga,4.107142857142857,28,5500,TB@NYY,NYY,TB,,,,,,P
119048-79066,P,Anthony,Anthony Banda,Banda,4.714285714285714,49,5500,LAD@CIN,LAD,CIN,,,,,,P
119048-83172,P,Jonathan,Jonathan Hernandez,Hernandez,6.448275862068965,29,5500,TB@NYY,TB,NYY,IL,Undisclosed,,,,P
119048-146670,P,Christian,Christian Roa,Roa,0,2,5500,MIA@STL,MIA,STL,,,,,,P
119048-79084,P,Tanner,Tanner Scott,Scott,4.8936170212765955,47,5500,LAD@CIN,LAD,CIN,IL,Elbow,,,,P
119048-146678,P,Tanner,Tanner Burns,Burns,,0,5500,COL@CLE,CLE,COL,IL,Oblique,,,,P
119048-197879,P,Juan,Juan Mejia,Mejia,5.25,32,5500,COL@CLE,COL,CLE,,,,,,P
119048-146679,P,Chris,Chris McMahon,McMahon,,0,5500,COL@CLE,COL,CLE,IL,Undisclosed,,,,P
119048-83193,P,Jesus,Jesus Tinoco,Tinoco,3.35,20,5500,MIA@STL,MIA,STL,IL,Forearm,,,,P
119048-197880,P,Angel,Angel Chivilli,Chivilli,4.615384615384615,26,5500,COL@CLE,COL,CLE,,,,,,P
119048-197884,P,Yoniel,Yoniel Curet,Curet,0,1,5500,TB@NYY,TB,NYY,,,,,,P
119048-197891,P,Michael,Michael Arias,Arias,0,2,5500,TB@NYY,NYY,TB,,,,,,P
119048-197890,P,Marc,Marc Church,Church,4.6,5,5500,TEX@LAA,TEX,LAA,IL,Elbow,,,,P
119048-85255,P,Shaun,Shaun Anderson,Anderson,6.833333333333333,6,5500,TEX@LAA,LAA,TEX,,,,,,P
119048-197893,P,Jose,Jose Corniell,Corniell,0,1,5500,TEX@LAA,TEX,LAA,,,,,,P
119048-146699,P,Dax,Dax Fulton,Fulton,,0,5500,MIA@STL,MIA,STL,,,,,,P
119048-197896,P,Will,Will Klein,Klein,7.1,10,5500,LAD@CIN,LAD,CIN,,,,,,P
119048-79116,P,Riley,Riley Pint,Pint,1.75,4,5500,COL@CLE,CLE,COL,IL,Undisclosed,,,,P
119048-197902,P,Cade,Cade Smith,Smith,6.25531914893617,47,5500,COL@CLE,CLE,COL,,,,,,P
119048-85263,P,CD,CD Pelham,Pelham,,0,5500,SEA@ATH,ATH,SEA,,,,,,P
119048-79129,P,Kyle,Kyle Funkhouser,Funkhouser,,0,5500,LAD@CIN,LAD,CIN,,,,,,P
119048-197916,P,Anthony,Anthony Maldonado,Maldonado,2.5,6,5500,SEA@ATH,ATH,SEA,,,,,,P
119048-116002,P,Joel,Joel Kuhnel,Kuhnel,5,6,5500,TB@NYY,NYY,TB,,,,,,P
119048-146721,P,Jeff,Jeff Criswell,Criswell,9.846153846153847,13,5500,COL@CLE,COL,CLE,IL,Elbow,,,,P
119048-146727,P,Justin,Justin Lange,Lange,,0,5500,TB@NYY,NYY,TB,IL,Undisclosed,,,,P
119048-85286,P,Ian,Ian Gibaut,Gibaut,3.28,25,5500,LAD@CIN,CIN,LAD,IL,Shoulder,,,,P
119048-85289,P,Nick,Nick Anderson,Anderson,-12,1,5500,COL@CLE,COL,CLE,,,,,,P
119048-146730,P,Nick,Nick Bitsko,Bitsko,,0,5500,TB@NYY,TB,NYY,,,,,,P
119048-85288,P,Brusdar,Brusdar Graterol,Graterol,4.4,10,5500,LAD@CIN,LAD,CIN,IL,Shoulder,,,,P
119048-146734,P,Tink,Tink Hence,Hence,,0,5500,MIA@STL,STL,MIA,IL,Undisclosed,,,,P
119048-79150,P,Josh,Josh Staumont,Staumont,4.12,25,5500,LAD@CIN,CIN,LAD,IL,Undisclosed,,,,P
119048-193844,P,Evan,Evan Justice,Justice,4,1,5500,COL@CLE,COL,CLE,,,,,,P
119048-79161,P,Braxton,Braxton Garrett,Garrett,23.857142857142858,7,5500,MIA@STL,MIA,STL,IL,Elbow,,,,P
119048-185662,P,Sammy,Sammy Peralta,Peralta,6,9,5500,TEX@LAA,LAA,TEX,,,,,,P
119048-113986,P,Emmanuel,Emmanuel Clase,Clase,5.458333333333333,48,5500,COL@CLE,CLE,COL,O,Personal,,,,P
119048-228678,P,Sam,Sam Benschoter,Benschoter,,0,5500,LAD@CIN,CIN,LAD,,,,,,P
119048-197975,P,Cooper,Cooper Hjerpe,Hjerpe,,0,5500,MIA@STL,STL,MIA,IL,Elbow,,,,P
119048-177493,P,Andrew,Andrew Nardi,Nardi,5.051724137931035,59,5500,MIA@STL,MIA,STL,IL,Back,,,,P
119048-118106,P,Victor,Victor Gonzalez,Gonzalez,3.1481481481481484,27,5500,TEX@LAA,LAA,TEX,,,,,,P
119048-79196,P,Albert,Albert Abreu,Abreu,,0,5500,LAD@CIN,CIN,LAD,,,,,,P
119048-38251,P,Hunter,Hunter Strickland,Strickland,4.7368421052631575,19,5500,TEX@LAA,LAA,TEX,IL,Shoulder,,,,P
119048-118122,P,Angel,Angel Perdomo,Perdomo,2.5,4,5500,SEA@ATH,ATH,SEA,IL,Undisclosed,,,,P
119048-181651,P,Matt,Matt Krook,Krook,4.333333333333333,3,5500,COL@CLE,CLE,COL,,,,,,P
119048-62872,P,Vince,Vince Velasquez,Velasquez,,0,5500,COL@CLE,CLE,COL,,,,,,P
119048-101803,P,Jacob,Jacob Webb,Webb,5.357142857142857,42,5500,TEX@LAA,TEX,LAA,,,,,,P
119048-118195,P,Tejay,Tejay Antone,Antone,4.5,6,5500,LAD@CIN,CIN,LAD,IL,Elbow,,,,P
119048-101815,P,Jimmy,Jimmy Herget,Herget,6.684210526315789,38,5500,COL@CLE,COL,CLE,,,,,,P
119048-101814,P,Sam,Sam Hentges,Hentges,5.12,25,5500,COL@CLE,CLE,COL,IL,Shoulder,,,,P
119048-169400,P,Parker,Parker Mushinski,Mushinski,1.8,10,5500,COL@CLE,CLE,COL,,,,,,P
119048-101822,P,Josh,Josh Sborz,Sborz,5.6875,17,5500,TEX@LAA,TEX,LAA,IL,Shoulder,,,,P
119048-101825,P,Jose,Jose Quijada,Quijada,6.5,2,5500,TEX@LAA,LAA,TEX,,,,,,P
119048-101826,P,Jordan,Jordan Holloway,Holloway,,0,5500,TEX@LAA,LAA,TEX,,,,,,P
119048-101829,P,Trey,Trey Supak,Supak,,0,5500,TEX@LAA,TEX,LAA,,,,,,P
119048-118217,P,Manuel,Manuel Rodriguez,Rodriguez,4.870967741935484,31,5500,TB@NYY,TB,NYY,IL,Forearm,,,,P
119048-118224,P,Garrett,Garrett Cleavinger,Cleavinger,5.658536585365853,42,5500,TB@NYY,TB,NYY,,,,,,P
119048-101851,P,Brock,Brock Burke,Burke,4.215686274509804,51,5500,TEX@LAA,LAA,TEX,,,,,,P
119048-101855,P,Trent,Trent Thornton,Thornton,4.9375,32,5500,SEA@ATH,SEA,ATH,,,,,,P
119048-185847,P,Garrett,Garrett Acton,Acton,,0,5500,TB@NYY,TB,NYY,,,,,,P
119048-95737,P,Ian,Ian Hamilton,Hamilton,5.583333333333333,36,5500,TB@NYY,NYY,TB,,,,,,P
119048-161273,P,Scott,Scott Effross,Effross,1.8181818181818181,11,5500,TB@NYY,NYY,TB,,,,,,P
119048-95757,P,Andrew,Andrew Vasquez,Vasquez,,0,5500,TEX@LAA,LAA,TEX,,,,,,P
119048-138767,P,Jesus,Jesus Cruz,Cruz,,0,5500,TEX@LAA,LAA,TEX,,,,,,P
119048-210448,P,Luis,Luis Peralta,Peralta,2.7777777777777777,9,5500,COL@CLE,COL,CLE,,,,,,P
119048-71190,P,Jose,Jose Leclerc,Leclerc,3.3,10,5500,SEA@ATH,ATH,SEA,IL,Lat,,,,P
119048-79390,P,Michael,Michael Kopech,Kopech,5.625,8,5500,LAD@CIN,LAD,CIN,IL,Knee,,,,P
119048-210475,P,Ryan,Ryan Zeferjahn,Zeferjahn,5.395348837209302,44,5500,TEX@LAA,LAA,TEX,,,,,,P
119048-181803,P,Zak,Zak Kent,Kent,7.75,4,5500,COL@CLE,CLE,COL,,,,,,P
119048-181815,P,Brent,Brent Headrick,Headrick,6.75,12,5500,TB@NYY,NYY,TB,,,,,,P
119048-222779,P,Thomas,Thomas White,White,,0,5500,MIA@STL,MIA,STL,,,,,,P
119048-181819,P,Tim,Tim Herrin,Herrin,4.342105263157895,39,5500,COL@CLE,CLE,COL,,,,,,P
119048-181816,P,Casey,Casey Legumina,Legumina,5.5,39,5500,SEA@ATH,SEA,ATH,,,,,,P
119048-181826,P,Colby,Colby White,White,0,1,5500,TB@NYY,NYY,TB,,,,,,P
119048-181831,P,Yosver,Yosver Zulueta,Zulueta,3.5,2,5500,LAD@CIN,CIN,LAD,,,,,,P
119048-222790,P,Jose,Jose Rodriguez,Rodriguez,,0,5500,LAD@CIN,LAD,CIN,,,,,,P
119048-222789,P,Jackson,Jackson Ferris,Ferris,,0,5500,LAD@CIN,LAD,CIN,,,,,,P
119048-175698,P,Hunter,Hunter Gaddis,Gaddis,5.021739130434782,46,5500,COL@CLE,CLE,COL,,,,,,P
119048-81488,P,Jose,Jose Ruiz,Ruiz,2.888888888888889,18,5500,TEX@LAA,TEX,LAA,,,,,,P
119048-181843,P,Josh,Josh Simpson,Simpson,6.333333333333333,12,5500,MIA@STL,MIA,STL,,,,,,P
119048-181841,P,George,George Soriano,Soriano,6.333333333333333,12,5500,MIA@STL,MIA,STL,,,,,,P
119048-73301,P,Brent,Brent Suter,Suter,6.2727272727272725,33,5500,LAD@CIN,CIN,LAD,,,,,,P
119048-222807,P,Alejandro,Alejandro Rosario,Rosario,,0,5500,TEX@LAA,TEX,LAA,IL,Elbow,,,,P
119048-222834,P,Quinn,Quinn Mathews,Mathews,,0,5500,MIA@STL,STL,MIA,,,,,,P
119048-222843,P,Jurrangelo,Jurrangelo Cijntje,Cijntje,,0,5500,SEA@ATH,SEA,ATH,,,,,,P
119048-210562,P,Lake,Lake Bachar,Bachar,8.303030303030303,33,5500,MIA@STL,MIA,STL,,,,,,P
119048-222855,P,Ty,Ty Johnson,Johnson,,0,5500,TB@NYY,TB,NYY,,,,,,P
119048-222854,P,Brody,Brody Hopkins,Hopkins,,0,5500,TB@NYY,TB,NYY,,,,,,P
119048-165509,P,Bryce,Bryce Bonnin,Bonnin,,0,5500,TEX@LAA,TEX,LAA,,,,,,P
119048-110219,P,Sean,Sean Poppen,Poppen,,0,5500,TEX@LAA,LAA,TEX,,,,,,P
119048-222857,P,Jackson,Jackson Baumeister,Baumeister,,0,5500,TB@NYY,TB,NYY,,,,,,P
119048-222856,P,Trevor,Trevor Harrison,Harrison,,0,5500,TB@NYY,TB,NYY,,,,,,P
119048-165522,P,Tommy,Tommy Mace,Mace,,0,5500,COL@CLE,CLE,COL,,,,,,P
119048-165521,P,Doug,Doug Nikhazy,Nikhazy,4.5,2,5500,COL@CLE,CLE,COL,,,,,,P
119048-220822,P,Elvis,Elvis Alvarado,Alvarado,7.6,15,5500,SEA@ATH,ATH,SEA,,,,,,P
119048-52887,P,Tyler,Tyler Matzek,Matzek,4.428571428571429,7,5500,MIA@STL,STL,MIA,IL,Undisclosed,,,,P
119048-165531,P,Sam,Sam Weatherly,Weatherly,,0,5500,COL@CLE,COL,CLE,,,,,,P
119048-165528,P,Joe,Joe Rock,Rock,12,1,5500,TB@NYY,TB,NYY,,,,,,P
119048-226969,P,Brian,Brian Van Belle,Van Belle,,0,5500,LAD@CIN,CIN,LAD,,,,,,P
119048-165529,P,Jaden,Jaden Hill,Hill,5.8,5,5500,COL@CLE,COL,CLE,,,,,,P
119048-165534,P,Norge,Norge Vera,Vera,,0,5500,SEA@ATH,ATH,SEA,,,,,,P
119048-202402,P,Justin,Justin Sterner,Sterner,5.216216216216216,38,5500,SEA@ATH,ATH,SEA,,,,,,P
119048-220834,P,Nate,Nate Lavender,Lavender,,0,5500,TB@NYY,TB,NYY,IL,Elbow,,,,P
119048-222881,P,Ryan,Ryan Johnson,Johnson,4.769230769230769,14,5500,TEX@LAA,LAA,TEX,,,,,,P
119048-220838,P,Garrett,Garrett McDaniels,McDaniels,2.9,10,5500,LAD@CIN,LAD,CIN,,,,,,P
119048-220837,P,Evan,Evan Reifert,Reifert,,0,5500,TB@NYY,TB,NYY,,,,,,P
119048-226980,P,Andre,Andre Granillo,Granillo,6.5,8,5500,MIA@STL,STL,MIA,,,,,,P
119048-220841,P,Anderson,Anderson Pilar,Pilar,,0,5500,MIA@STL,MIA,STL,,,,,,P
119048-114360,P,Devin,Devin Williams,Williams,5.534883720930233,44,5500,TB@NYY,NYY,TB,,,,,,P
119048-165570,P,Ben,Ben Hernandez,Hernandez,,0,5500,SEA@ATH,SEA,ATH,,,,,,P
119048-38596,P,Chris,Chris Martin,Martin,5.277777777777778,39,5500,TEX@LAA,TEX,LAA,IL,Calf,,,,P
119048-165577,P,Sam,Sam Bachman,Bachman,4.5625,17,5500,TEX@LAA,LAA,TEX,,,,,,P
119048-165586,P,Mason,Mason Albright,Albright,,0,5500,COL@CLE,COL,CLE,,,,,,P
119048-198354,P,Anthony,Anthony Molina,Molina,4.6,5,5500,COL@CLE,COL,CLE,,,,,,P
119048-198357,P,Ryan,Ryan Fernandez,Fernandez,1.4,11,5500,MIA@STL,STL,MIA,,,,,,P
119048-165594,P,Carlos,Carlos Duran,Duran,-8,1,5500,SEA@ATH,ATH,SEA,,,,,,P
119048-165595,P,Maddux,Maddux Bruns,Bruns,,0,5500,LAD@CIN,LAD,CIN,,,,,,P
119048-198361,P,Carson,Carson Coleman,Coleman,0,1,5500,TB@NYY,NYY,TB,IL,Undisclosed,,,,P
119048-14049,P,Bryan,Bryan Shaw,Shaw,2.4,5,5500,SEA@ATH,SEA,ATH,,,,,,P
119048-212709,P,Edgardo,Edgardo Henriquez,Henriquez,3.3333333333333335,3,5500,LAD@CIN,LAD,CIN,,,,,,P
119048-181992,P,Jose,Jose Hernandez,Hernandez,4,8,5500,LAD@CIN,LAD,CIN,,,,,,P
119048-165609,P,Zach,Zach McCambley,McCambley,,0,5500,MIA@STL,MIA,STL,,,,,,P
119048-182006,P,Nic,Nic Enright,Enright,6.533333333333333,15,5500,COL@CLE,CLE,COL,,,,,,P
119048-182005,P,Kevin,Kevin Kelly,Kelly,3.2222222222222223,27,5500,TB@NYY,TB,NYY,,,,,,P
119048-165635,P,Brendan,Brendan Beck,Beck,,0,5500,TB@NYY,NYY,TB,,,,,,P
119048-165637,P,Brock,Brock Selvidge,Selvidge,,0,5500,TB@NYY,NYY,TB,,,,,,P
119048-165642,P,Mason,Mason Miller,Miller,6.578947368421052,38,5500,SEA@ATH,ATH,SEA,,,,,,P
119048-165650,P,Grant,Grant Holman,Holman,5,22,5500,SEA@ATH,ATH,SEA,IL,Shoulder,,,,P
119048-165649,P,Colin,Colin Peluse,Peluse,,0,5500,SEA@ATH,ATH,SEA,,,,,,P
119048-165653,P,Cristian,Cristian Hernandez,Hernandez,,0,5500,TB@NYY,NYY,TB,,,,,,P
119048-165682,P,Michael,Michael Morales,Morales,,0,5500,SEA@ATH,SEA,ATH,,,,,,P
119048-53043,P,Jesse,Jesse Hahn,Hahn,5,3,5500,SEA@ATH,SEA,ATH,,,,,,P
119048-182065,P,Zach,Zach Greene,Greene,,0,5500,TB@NYY,NYY,TB,,,,,,P
119048-165695,P,Edwin,Edwin Nunez,Nunez,,0,5500,MIA@STL,STL,MIA,,,,,,P
119048-165696,P,Ian,Ian Bedell,Bedell,,0,5500,MIA@STL,STL,MIA,,,,,,P
119048-163654,P,Alexis,Alexis Diaz,Diaz,2.7777777777777777,9,5500,LAD@CIN,LAD,CIN,,,,,,P
119048-163663,P,Calvin,Calvin Faucher,Faucher,4.928571428571429,43,5500,MIA@STL,MIA,STL,,,,,,P
119048-204624,P,Eric,Eric Orze,Orze,6.548387096774194,31,5500,TB@NYY,TB,NYY,,,,,,P
119048-204631,P,Hunter,Hunter Bigge,Bigge,5.3076923076923075,13,5500,TB@NYY,TB,NYY,IL,Lat,,,,P
119048-165716,P,Sem,Sem Robberse,Robberse,0,2,5500,MIA@STL,STL,MIA,IL,Elbow,,,,P
119048-163684,P,Ronny,Ronny Henriquez,Henriquez,7.1875,48,5500,MIA@STL,MIA,STL,,,,,,P
119048-163688,P,Collin,Collin Snider,Snider,4.791666666666667,24,5500,SEA@ATH,SEA,ATH,IL,Forearm,,,,P
119048-163697,P,Hagen,Hagen Danner,Danner,0,1,5500,SEA@ATH,SEA,ATH,,,,,,P
119048-102314,P,Lenny,Lenny Torres,Torres,,0,5500,LAD@CIN,CIN,LAD,,,,,,P
119048-108461,P,Pete,Pete Fairbanks,Fairbanks,5.125,40,5500,TB@NYY,TB,NYY,,,,,,P
119048-102318,P,Ryan,Ryan Rolison,Rolison,3.227272727272727,22,5500,COL@CLE,COL,CLE,,,,,,P
119048-102332,P,Jackson,Jackson Kowar,Kowar,6.888888888888889,9,5500,SEA@ATH,SEA,ATH,,,,,,P
119048-210885,P,Erik,Erik Sabrowski,Sabrowski,7,10,5500,COL@CLE,CLE,COL,,,,,,P
119048-202726,P,Michel,Michel Otanez,Otanez,2,6,5500,SEA@ATH,ATH,SEA,IL,Undisclosed,,,,P
119048-102375,P,Luis,Luis Medina,Medina,20.375,8,5500,SEA@ATH,ATH,SEA,IL,Elbow,,,,P
119048-102377,P,Trevor,Trevor Stephan,Stephan,0,3,5500,COL@CLE,CLE,COL,IL,Elbow,,,,P
119048-79848,P,Paul,Paul Sewald,Sewald,4.555555555555555,18,5500,COL@CLE,CLE,COL,IL,Shoulder,,,,P
119048-102386,P,Steven,Steven Jennings,Jennings,,0,5500,TEX@LAA,TEX,LAA,,,,,,P
119048-210936,P,Evan,Evan Kravetz,Kravetz,2,1,5500,LAD@CIN,CIN,LAD,,,,,,P
119048-102399,P,Sam,Sam Carlson,Carlson,,0,5500,LAD@CIN,LAD,CIN,,,,,,P
119048-82440,OF,Shohei,Shohei Ohtani,Ohtani,15.36320754716981,106,4700,LAD@CIN,LAD,CIN,,,,Yes,,OF/UTIL
119048-60643,OF,Aaron,Aaron Judge,Judge,16.08252427184466,103,4400,TB@NYY,NYY,TB,IL,Elbow,,,,OF/UTIL
119048-102554,C,Cal,Cal Raleigh,Raleigh,14.544761439732143,105,4300,SEA@ATH,SEA,ATH,,,,,,C/1B/UTIL
119048-222794,1B,Nick,Nick Kurtz,Kurtz,13.95507281759511,69,4100,SEA@ATH,ATH,SEA,,,,,,C/1B/UTIL
119048-165513,SS,Elly,Elly De La Cruz,De La Cruz,13.098147922092014,108,4000,LAD@CIN,CIN,LAD,,,,,,SS/UTIL
119048-38976,3B,Jose,Jose Ramirez,Ramirez,12.973076453575722,104,3900,COL@CLE,CLE,COL,,,,,,3B/UTIL
119048-102400,OF,Julio,Julio Rodriguez,Rodriguez,11.404673353533878,107,3600,SEA@ATH,SEA,ATH,,,,,,OF/UTIL
119048-82527,2B/3B,Jazz,Jazz Chisholm Jr.,Chisholm Jr.,11.646052310341283,76,3600,TB@NYY,NYY,TB,,,,,,2B/3B/UTIL
119048-79159,OF/1B,Cody,Cody Bellinger,Bellinger,11.701019909917092,98,3500,TB@NYY,NYY,TB,,,,,,C/1B/OF/UTIL
119048-73023,OF,Teoscar,Teoscar Hernandez,Hernandez,10.434482618309985,87,3500,LAD@CIN,LAD,CIN,,,,,,OF/UTIL
119048-79223,1B,Josh,Josh Naylor,Naylor,11.004081881776148,98,3500,SEA@ATH,SEA,ATH,,,,,,C/1B/UTIL
119048-39151,2B/SS/OF,Mookie,Mookie Betts,Betts,9.82244873046875,98,3400,LAD@CIN,LAD,CIN,,,,,,2B/SS/OF/UTIL
119048-119305,OF,Kyle,Kyle Stowers,Stowers,11.317821540454826,101,3400,MIA@STL,MIA,STL,,,,,,OF/UTIL
119048-85261,OF,Randy,Randy Arozarena,Arozarena,11.622641509433961,106,3400,SEA@ATH,SEA,ATH,,,,,,OF/UTIL
119048-38412,SS,Corey,Corey Seager,Seager,11.007999674479167,75,3400,TEX@LAA,TEX,LAA,,,,,,SS/UTIL
119048-79401,C,Will,Will Smith,Smith,11.457143147786459,84,3400,LAD@CIN,LAD,CIN,,,,,,C/1B/UTIL
119048-198526,OF,Wyatt,Wyatt Langford,Langford,10.586206896551724,87,3400,TEX@LAA,TEX,LAA,,,,,,OF/UTIL
119048-81953,OF,Austin,Austin Hays,Hays,11.556896341258081,58,3300,LAD@CIN,CIN,LAD,,,,,,OF/UTIL
119048-11334,1B,Freddie,Freddie Freeman,Freeman,10.402105391652961,95,3300,LAD@CIN,LAD,CIN,,,,,,C/1B/UTIL
119048-195679,3B,Junior,Junior Caminero,Caminero,11.313725490196079,102,3300,TB@NYY,TB,NYY,,,,,,3B/UTIL
119048-12302,OF,Giancarlo,Giancarlo Stanton,Stanton,10.226666259765626,30,3200,TB@NYY,NYY,TB,,,,,,OF/UTIL
119048-119420,C/OF,Ivan,Ivan Herrera,Herrera,10.972727272727273,55,3200,MIA@STL,STL,MIA,,,,,,C/1B/OF/UTIL
119048-12933,OF,Mike,Mike Trout,Trout,10.925610053830031,82,3200,TEX@LAA,LAA,TEX,,,,,,OF/UTIL
119048-82612,OF,Brent,Brent Rooker,Rooker,11.171818403764204,110,3200,SEA@ATH,ATH,SEA,,,,,,OF/UTIL
119048-52176,3B,Max,Max Muncy,Muncy,10.546913429542824,81,3200,LAD@CIN,LAD,CIN,IL,Knee,,,,3B/UTIL
119048-185300,SS,Zach,Zach Neto,Neto,11.937078926000702,89,3200,TEX@LAA,LAA,TEX,,,,,,SS/UTIL
119048-79120,1B,Yandy,Yandy Diaz,Diaz,10.760784074371935,102,3200,TB@NYY,TB,NYY,,,,,,C/1B/UTIL
119048-165527,OF/C/1B,Hunter,Hunter Goodman,Goodman,10.521052631578947,95,3200,COL@CLE,COL,CLE,,,,,,C/1B/OF/UTIL
119048-102555,3B,Noelvi,Noelvi Marte,Marte,10.912820669320913,39,3100,LAD@CIN,CIN,LAD,,,,,,3B/UTIL
119048-203111,C/1B,Ben,Ben Rice,Rice,9.120454268022018,88,3100,TB@NYY,NYY,TB,,,,,,C/1B/UTIL
119048-119395,OF,Jasson,Jasson Dominguez,Dominguez,9.652273004705256,88,3100,TB@NYY,NYY,TB,,,,,,OF/UTIL
119048-82644,OF,Jesus,Jesus Sanchez,Sanchez,8.868235150505514,85,3100,MIA@STL,MIA,STL,,,,,,OF/UTIL
119048-21887,C/1B,Willson,Willson Contreras,Contreras,10.300000237029733,103,3100,MIA@STL,STL,MIA,,,,,,C/1B/UTIL
119048-85504,2B,Brandon,Brandon Lowe,Lowe,10.569767441860465,86,3100,TB@NYY,TB,NYY,IL,Foot,,,,2B/UTIL
119048-165693,OF/1B,Alec,Alec Burleson,Burleson,8.890721901175903,97,3100,MIA@STL,STL,MIA,,,,,,C/1B/OF/UTIL
119048-163706,3B/2B/SS/OF,Brendan,Brendan Donovan,Donovan,9.59,100,3100,MIA@STL,STL,MIA,,,,,,2B/3B/SS/OF/UTIL
119048-102296,OF,TJ,TJ Friedl,Friedl,10.141747335785801,103,3100,LAD@CIN,CIN,LAD,IL,Personal,,,,OF/UTIL
119048-225386,OF,Chandler,Chandler Simpson,Simpson,9.738095238095237,63,3000,TB@NYY,TB,NYY,,,,,,OF/UTIL
119048-135366,SS,Masyn,Masyn Winn,Winn,9.10412345964884,97,3000,MIA@STL,STL,MIA,,,,,,SS/UTIL
119048-12968,1B,Paul,Paul Goldschmidt,Goldschmidt,9.005999755859374,100,3000,TB@NYY,NYY,TB,,,,,,C/1B/UTIL
119048-146695,OF,Andy,Andy Pages,Pages,10.23846200796274,104,3000,LAD@CIN,LAD,CIN,,,,,,OF/UTIL
119048-146716,C,Austin,Austin Wells,Wells,9.090697532476382,86,3000,TB@NYY,NYY,TB,,,,,,C/1B/UTIL
119048-79151,OF,Taylor,Taylor Ward,Ward,11.34528278854658,106,3000,TEX@LAA,LAA,TEX,,,,,,OF/UTIL
119048-165514,OF/2B,Angel,Angel Martinez,Martinez,8.035555691189236,90,3000,COL@CLE,CLE,COL,,,,,,2B/OF/UTIL
119048-12310,1B,Carlos,Carlos Santana,Santana,8.380999755859374,100,2900,COL@CLE,CLE,COL,,,,,,C/1B/UTIL
119048-135298,1B/OF,Tyler,Tyler Soderstrom,Soderstrom,9.924771090166285,109,2900,SEA@ATH,ATH,SEA,,,,,,C/1B/OF/UTIL
119048-145618,2B/SS,Otto,Otto Lopez,Lopez,9.936666531032985,90,2900,MIA@STL,MIA,STL,,,,,,2B/SS/UTIL
119048-119303,C,Shea,Shea Langeliers,Langeliers,10.26025625375601,78,2900,SEA@ATH,ATH,SEA,,,,,,C/1B/UTIL
119048-119396,SS,Anthony,Anthony Volpe,Volpe,9.44056615289652,106,2900,TB@NYY,NYY,TB,,,,,,SS/UTIL
119048-82570,1B,Jake,Jake Burger,Burger,7.9613330078125,75,2900,TEX@LAA,TEX,LAA,IL,Quadriceps,,,,C/1B/UTIL
119048-82580,OF,Jo,Jo Adell,Adell,9.321782178217822,101,2900,TEX@LAA,LAA,TEX,,,,,,OF/UTIL
119048-189308,1B,Kyle,Kyle Manzardo,Manzardo,8.659340659340659,91,2900,COL@CLE,CLE,COL,,,,,,C/1B/UTIL
119048-68514,3B,Ryan,Ryan McMahon,McMahon,8.377142624627977,105,2900,TB@NYY,NYY,TB,,,,,,3B/UTIL
119048-193598,1B,Nolan,Nolan Schanuel,Schanuel,9.245192307692308,104,2900,TEX@LAA,LAA,TEX,,,,,,C/1B/UTIL
119048-21705,2B,Marcus,Marcus Semien,Semien,9.1766357421875,107,2900,TEX@LAA,TEX,LAA,,,,,,2B/UTIL
119048-197886,C,Agustin,Agustin Ramirez,Ramirez,10.158536585365853,82,2900,MIA@STL,MIA,STL,,,,,,C/1B/UTIL
119048-79110,C,Tyler,Tyler Stephenson,Stephenson,8.724193942162298,62,2900,LAD@CIN,CIN,LAD,,,,,,C/1B/UTIL
119048-79211,OF,Mickey,Mickey Moniak,Moniak,8.783333333333333,90,2900,COL@CLE,COL,CLE,,,,,,OF/UTIL
119048-85520,OF,Adolis,Adolis Garcia,Garcia,9.021359341815838,103,2900,TEX@LAA,TEX,LAA,,,,,,OF/UTIL
119048-181795,OF,Lawrence,Lawrence Butler,Butler,10.323809523809524,105,2900,SEA@ATH,ATH,SEA,,,,,,OF/UTIL
119048-165507,SS/2B,Matt,Matt McLain,McLain,9.0142859634088,98,2900,LAD@CIN,CIN,LAD,,,,,,2B/SS/UTIL
119048-165707,SS/3B/2B/1B/OF,Josh,Josh Smith,Smith,9.19789460834704,95,2900,TEX@LAA,TEX,LAA,,,,,,C/1B/2B/3B/SS/OF/UTIL
119048-163662,1B,Jonathan,Jonathan Aranda,Aranda,9.961385896890471,101,2900,TB@NYY,TB,NYY,,,,,,C/1B/UTIL
119048-108450,SS/2B/OF/3B,Tommy,Tommy Edman,Edman,8.71904790969122,84,2900,LAD@CIN,LAD,CIN,,,,,,2B/3B/SS/OF/UTIL
119048-116841,2B/1B/OF,Sam,Sam Haggerty,Haggerty,7.874509923598346,51,2800,TEX@LAA,TEX,LAA,,,,,,C/1B/2B/OF/UTIL
119048-198880,OF,Jordan,Jordan Beck,Beck,9.533333460489908,96,2800,COL@CLE,COL,CLE,,,,,,OF/UTIL
119048-179272,OF/1B/2B,Spencer,Spencer Steer,Steer,8.231313377919824,99,2800,LAD@CIN,CIN,LAD,,,,,,C/1B/2B/OF/UTIL
119048-79175,OF,Trent,Trent Grisham,Grisham,9.389999728732638,90,2800,TB@NYY,NYY,TB,,,,,,OF/UTIL
119048-21874,2B/3B,Jorge,Jorge Polanco,Polanco,9.121348177449088,89,2800,SEA@ATH,SEA,ATH,,,,,,2B/3B/UTIL
119048-13719,3B,Nolan,Nolan Arenado,Arenado,8.211578690378289,95,2800,MIA@STL,STL,MIA,,,,,,3B/UTIL
119048-165710,OF,Evan,Evan Carter,Carter,9.18076911339393,52,2800,TEX@LAA,TEX,LAA,,,,,,OF/UTIL
119048-163666,OF,Steven,Steven Kwan,Kwan,9.736633905089727,101,2800,COL@CLE,CLE,COL,,,,,,OF/UTIL
119048-163674,SS,Ezequiel,Ezequiel Tovar,Tovar,9.139024687976372,41,2800,COL@CLE,COL,CLE,,,,,,SS/UTIL
119048-102393,SS/2B,Xavier,Xavier Edwards,Edwards,9.523333062065973,90,2800,MIA@STL,MIA,STL,,,,,,2B/SS/UTIL
119048-102415,2B/3B,Nolan,Nolan Gorman,Gorman,7.9954547304095644,66,2700,MIA@STL,STL,MIA,IL,Back,,,,2B/3B/UTIL
119048-135260,C,Logan,Logan O'Hoppe,O'Hoppe,8.27294132008272,85,2700,TEX@LAA,LAA,TEX,,,,,,C/1B/UTIL
119048-61553,3B,Yoan,Yoan Moncada,Moncada,9.381395206894986,43,2700,TEX@LAA,LAA,TEX,DTD,Hand,,,,3B/UTIL
119048-23107,OF,Jorge,Jorge Soler,Soler,7.709756246427211,82,2700,TEX@LAA,LAA,TEX,IL,Back,,,,OF/UTIL
119048-119437,3B,Josh,Josh Jung,Jung,8.195180869964233,83,2700,TEX@LAA,TEX,LAA,,,,,,3B/UTIL
119048-52179,SS,J.P.,J.P. Crawford,Crawford,8.8125,104,2700,SEA@ATH,SEA,ATH,,,,,,SS/UTIL
119048-185303,SS/2B/3B/OF,Jose,Jose Caballero,Caballero,8.746428716750373,84,2700,TB@NYY,TB,NYY,,,,,,2B/3B/SS/OF/UTIL
119048-154711,OF,Lars,Lars Nootbaar,Nootbaar,9.664772727272727,88,2700,MIA@STL,STL,MIA,IL,Ribs,,,,OF/UTIL
119048-189530,OF,Dominic,Dominic Canzone,Canzone,7.709756246427211,41,2700,SEA@ATH,SEA,ATH,,,,,,OF/UTIL
119048-79119,OF,Will,Will Benson,Benson,7.196551618904903,58,2700,LAD@CIN,CIN,LAD,,,,,,OF/UTIL
119048-79257,OF,Josh,Josh Lowe,Lowe,9.114515735257056,62,2700,TB@NYY,TB,NYY,,,,,,OF/UTIL
119048-206482,SS,Jacob,Jacob Wilson,Wilson,9.528723534117354,94,2700,SEA@ATH,ATH,SEA,IL,Forearm,,,,SS/UTIL
119048-202431,2B/3B/SS/OF,Daniel,Daniel Schneemann,Schneemann,7.202298569953305,87,2700,COL@CLE,CLE,COL,,,,,,2B/3B/SS/OF/UTIL
119048-102363,OF/1B,Luke,Luke Raley,Raley,7.4244895467952805,49,2700,SEA@ATH,SEA,ATH,O,Back,,,,C/1B/OF/UTIL
119048-135190,SS/2B,Taylor,Taylor Walls,Walls,6.706383238447473,94,2600,TB@NYY,TB,NYY,,,,,,2B/SS/UTIL
119048-79918,C,Kyle,Kyle Higashioka,Higashioka,7.671929610402961,57,2600,TEX@LAA,TEX,LAA,,,,,,C/1B/UTIL
119048-102591,OF,Jake,Jake Fraley,Fraley,7.739655067180765,58,2600,LAD@CIN,CIN,LAD,,,,,,OF/UTIL
119048-198935,OF,Victor,Victor Scott II,Scott II,8.516666786343444,102,2600,MIA@STL,STL,MIA,,,,,,OF/UTIL
119048-219666,OF,Jake,Jake Mangum,Mangum,8.32857142857143,70,2600,TB@NYY,TB,NYY,,,,,,OF/UTIL
119048-119333,OF/2B,Tyler,Tyler Freeman,Freeman,8.760317847842263,63,2600,COL@CLE,COL,CLE,,,,,,2B/OF/UTIL
119048-164506,2B/3B,Connor,Connor Norby,Norby,7.8972218831380205,72,2600,MIA@STL,MIA,STL,IL,Wrist,,,,2B/3B/UTIL
119048-82613,2B,Thairo,Thairo Estrada,Estrada,8.73939375443892,33,2600,COL@CLE,COL,CLE,,,,,,2B/UTIL
119048-146160,SS/2B,Ha-Seong,Ha-Seong Kim,Kim,8.90999984741211,10,2600,TB@NYY,TB,NYY,IL,Back,,,,2B/SS/UTIL
119048-13099,C,Travis,Travis d'Arnaud,d'Arnaud,6.846938775510204,49,2600,TEX@LAA,LAA,TEX,,,,,,C/1B/UTIL
119048-68563,OF,Victor,Victor Robles,Robles,8.609999847412109,10,2600,SEA@ATH,SEA,ATH,IL,Shoulder,,,,OF/UTIL
119048-68589,2B/3B/OF,Amed,Amed Rosario,Rosario,7.266666412353516,48,2600,TB@NYY,NYY,TB,,,,,,2B/3B/OF/UTIL
119048-13390,SS/2B/3B,Miguel,Miguel Rojas,Rojas,5.495522570254198,67,2600,LAD@CIN,LAD,CIN,,,,,,2B/3B/SS/UTIL
119048-222295,2B/SS/OF,Hyeseong,Hyeseong Kim,Kim,6.343103343042834,58,2600,LAD@CIN,LAD,CIN,IL,Shoulder,,,,2B/SS/OF/UTIL
119048-60642,OF,Michael,Michael Conforto,Conforto,7.051612771967406,93,2600,LAD@CIN,LAD,CIN,,,,,,OF/UTIL
119048-13792,3B/1B/2B/OF,Kike,Kike Hernandez,Hernandez,5.3000000847710504,72,2600,LAD@CIN,LAD,CIN,IL,Elbow,,,,C/1B/2B/3B/OF/UTIL
119048-135364,OF,Jordan,Jordan Walker,Walker,6.8552236984025186,67,2500,MIA@STL,STL,MIA,,,,,,OF/UTIL
119048-189389,OF,Dane,Dane Myers,Myers,7.357142857142857,77,2500,MIA@STL,MIA,STL,,,,,,OF/UTIL
119048-146682,OF,Brenton,Brenton Doyle,Doyle,7.569663058505969,89,2500,COL@CLE,COL,CLE,,,,,,OF/UTIL
119048-197908,C,Pedro,Pedro Pages,Pages,5.691463563500381,82,2500,MIA@STL,STL,MIA,,,,,,C/1B/UTIL
119048-79165,2B/OF,Gavin,Gavin Lux,Lux,7.665957187084442,94,2500,LAD@CIN,CIN,LAD,,,,,,2B/OF/UTIL
119048-118120,C,Jonah,Jonah Heim,Heim,6.744186046511628,86,2500,TEX@LAA,TEX,LAA,,,,,,C/1B/UTIL
119048-101753,2B/SS/3B/OF,Dylan,Dylan Moore,Moore,5.96025633200621,78,2500,SEA@ATH,SEA,ATH,,,,,,2B/3B/SS/OF/UTIL
119048-101817,2B/3B/SS,Luis,Luis Rengifo,Rengifo,6.317821540454827,101,2500,TEX@LAA,LAA,TEX,,,,,,2B/3B/SS/UTIL
119048-101844,OF,Lane,Lane Thomas,Thomas,6.1923076923076925,39,2500,COL@CLE,CLE,COL,IL,Foot,,,,OF/UTIL
119048-13864,OF/1B,Joc,Joc Pederson,Pederson,4.387755102040816,49,2500,TEX@LAA,TEX,LAA,,,,,,C/1B/OF/UTIL
119048-222860,2B,Christian,Christian Moore,Moore,7.9777781168619795,18,2500,TEX@LAA,LAA,TEX,IL,Thumb,,,,2B/UTIL
119048-220835,C/1B,Liam,Liam Hicks,Hicks,6.510958736889983,73,2500,MIA@STL,MIA,STL,,,,,,C/1B/UTIL
119048-81622,C,Mitch,Mitch Garver,Garver,6.9293102395945585,58,2500,SEA@ATH,SEA,ATH,,,,,,C/1B/UTIL
119048-165641,SS/2B/3B,Max,Max Muncy,Muncy,6.9135592185844805,59,2500,SEA@ATH,ATH,SEA,IL,Hand,,,,2B/3B/SS/UTIL
119048-102315,C,Bo,Bo Naylor,Naylor,7.133333182629244,81,2500,COL@CLE,CLE,COL,,,,,,C/1B/UTIL
119048-198893,C,Dalton,Dalton Rushing,Rushing,5.424138036267511,29,2400,LAD@CIN,LAD,CIN,,,,,,C/1B/UTIL
119048-211345,OF/2B,Michael,Michael Helman,Helman,6.724999904632568,8,2400,TEX@LAA,TEX,LAA,,,,,,2B/OF/UTIL
119048-119318,2B/3B/OF,Christopher,Christopher Morel,Morel,6.504166497124566,72,2400,TB@NYY,TB,NYY,,,,,,2B/3B/OF/UTIL
119048-119337,1B/OF,Michael,Michael Toglia,Toglia,7.07441888853561,86,2400,COL@CLE,COL,CLE,,,,,,C/1B/OF/UTIL
119048-223870,C,Braxton,Braxton Fulford,Fulford,7.9500002179827005,14,2400,COL@CLE,COL,CLE,,,,,,C/1B/UTIL
119048-211906,3B/2B/SS,Thomas,Thomas Saggese,Saggese,5.162499904632568,32,2400,MIA@STL,STL,MIA,,,,,,2B/3B/SS/UTIL
119048-211919,1B/3B/OF,Eric,Eric Wagaman,Wagaman,7.029166539510091,96,2400,MIA@STL,MIA,STL,,,,,,C/1B/3B/OF/UTIL
119048-185632,C/1B/OF,David,David Fry,Fry,4.651351516311233,37,2400,COL@CLE,CLE,COL,,,,,,C/1B/OF/UTIL
119048-79195,OF/1B/3B,Miguel,Miguel Andujar,Andujar,7.6525423728813555,59,2400,SEA@ATH,ATH,SEA,,,,,,C/1B/3B/OF/UTIL
119048-181596,2B/3B/OF,Jose,Jose Fermin,Fermin,5.116666793823242,12,2400,MIA@STL,STL,MIA,,,,,,2B/3B/OF/UTIL
119048-79225,3B/2B,Luis,Luis Urias,Urias,6.518518518518518,81,2400,SEA@ATH,ATH,SEA,,,,,,2B/3B/UTIL
119048-101811,OF,Sam,Sam Hilliard,Hilliard,7.055000305175781,20,2400,COL@CLE,COL,CLE,,,,,,OF/UTIL
119048-181797,3B,Warming,Warming Bernabel,Bernabel,16.274999618530273,4,2400,COL@CLE,COL,CLE,,,,,,3B/UTIL
119048-165703,OF,Heriberto,Heriberto Hernandez,Hernandez,7.945945945945946,37,2400,MIA@STL,MIA,STL,,,,,,OF/UTIL
119048-102475,SS,Brayan,Brayan Rocchio,Rocchio,5.678333536783854,60,2300,COL@CLE,CLE,COL,,,,,,SS/UTIL
119048-102546,2B/3B/SS,Gabriel,Gabriel Arias,Arias,7.540740590036651,81,2300,COL@CLE,CLE,COL,,,,,,2B/3B/SS/UTIL
119048-212070,OF,Gustavo,Gustavo Campero,Campero,5.128571283249628,21,2300,TEX@LAA,LAA,TEX,,,,,,OF/UTIL
119048-60636,OF,Derek,Derek Hill,Hill,6.554545547022964,33,2300,MIA@STL,MIA,STL,IL,Finger,,,,OF/UTIL
119048-38112,1B/3B,Gio,Gio Urshela,Urshela,5.460416793823242,48,2300,SEA@ATH,ATH,SEA,,,,,,C/1B/3B/UTIL
119048-83173,C,Jose,Jose Trevino,Trevino,6.438095334976438,63,2300,LAD@CIN,CIN,LAD,,,,,,C/1B/UTIL
119048-83191,C,Austin,Austin Wynns,Wynns,7.48974374624399,39,2300,SEA@ATH,ATH,SEA,,,,,,C/1B/UTIL
119048-79122,OF,Nolan,Nolan Jones,Jones,5.91546379168009,97,2300,COL@CLE,CLE,COL,,,,,,OF/UTIL
119048-79152,C,Matt,Matt Thaiss,Thaiss,5.831034693224677,58,2300,TB@NYY,TB,NYY,,,,,,C/1B/UTIL
119048-101787,1B/OF,LaMonte,LaMonte Wade Jr.,Wade Jr.,4.7349998474121096,80,2300,TEX@LAA,LAA,TEX,,,,,,C/1B/OF/UTIL
119048-81511,2B/3B/SS/1B,Kyle,Kyle Farmer,Farmer,5.580821834198416,73,2300,COL@CLE,COL,CLE,,,,,,C/1B/2B/3B/SS/UTIL
119048-222844,SS/2B,Cole,Cole Young,Young,6.134883437045785,43,2300,SEA@ATH,SEA,ATH,,,,,,2B/SS/UTIL
119048-226967,SS,Ryan,Ryan Ritter,Ritter,7.051613100113407,31,2300,COL@CLE,COL,CLE,IL,Finger,,,,SS/UTIL
119048-165701,3B/2B/1B,Curtis,Curtis Mead,Mead,5.342856893734056,49,2300,TB@NYY,TB,NYY,,,,,,C/1B/2B/3B/UTIL
119048-163667,OF/1B,Jhonkensy,Jhonkensy Noel,Noel,3.018367222377232,49,2300,COL@CLE,CLE,COL,,,,,,C/1B/OF/UTIL
119048-163691,OF,James,James Outman,Outman,4.171428498767671,21,2300,LAD@CIN,LAD,CIN,,,,,,OF/UTIL
119048-159624,C,Yohel,Yohel Pozo,Pozo,5.902222357855903,45,2300,MIA@STL,STL,MIA,,,,,,C/1B/UTIL
119048-223299,3B,Ben,Ben Williamson,Williamson,6.210714431036086,84,2200,SEA@ATH,SEA,ATH,,,,,,3B/UTIL
119048-102577,2B/3B/OF,Santiago,Santiago Espinal,Espinal,4.70752675046203,93,2200,LAD@CIN,CIN,LAD,,,,,,2B/3B/OF/UTIL
119048-145611,SS/2B/3B,Oswald,Oswald Peraza,Peraza,3.8271427699497766,70,2200,TB@NYY,NYY,TB,,,,,,2B/3B/SS/UTIL
119048-198875,OF,Chase,Chase DeLauter,DeLauter,,0,2200,COL@CLE,CLE,COL,IL,Wrist,,,,OF/UTIL
119048-119364,OF,Kameron,Kameron Misner,Misner,6.569013998542033,71,2200,TB@NYY,TB,NYY,,,,,,OF/UTIL
119048-82563,2B/SS/OF,Garrett,Garrett Hampson,Hampson,3.002222357855903,45,2200,MIA@STL,STL,MIA,,,,,,2B/SS/OF/UTIL
119048-211756,SS/2B/3B/OF,Javier,Javier Sanoja,Sanoja,5.418181976714692,77,2200,MIA@STL,MIA,STL,,,,,,2B/3B/SS/OF/UTIL
119048-119637,3B/SS/OF/1B,Ezequiel,Ezequiel Duran,Duran,3.084444512261285,45,2200,TEX@LAA,TEX,LAA,,,,,,C/1B/3B/SS/OF/UTIL
119048-213853,C/3B,J.C.,J.C. Escarra,Escarra,4.538461538461538,39,2200,TB@NYY,NYY,TB,,,,,,C/1B/3B/UTIL
119048-183187,1B/3B,Christian,Christian Encarnacion-Strand,Encarnacion-Strand,7.502777947319879,36,2200,LAD@CIN,CIN,LAD,,,,,,C/1B/3B/UTIL
119048-13412,3B/1B,Donovan,Donovan Solano,Solano,4.449999809265137,64,2200,SEA@ATH,SEA,ATH,,,,,,C/1B/3B/UTIL
119048-171112,OF,Sean,Sean Bouchard,Bouchard,3.809375047683716,32,2200,COL@CLE,COL,CLE,,,,,,OF/UTIL
119048-197753,OF,Johnathan,Johnathan Rodriguez,Rodriguez,3.892857142857143,28,2200,COL@CLE,CLE,COL,,,,,,OF/UTIL
119048-79213,SS/2B,Scott,Scott Kingery,Kingery,2.815384498009315,13,2200,TEX@LAA,LAA,TEX,,,,,,2B/SS/UTIL
119048-79218,SS/2B/3B,Kevin,Kevin Newman,Newman,3.1947369491844846,57,2200,TEX@LAA,LAA,TEX,,,,,,2B/3B/SS/UTIL
119048-79277,1B,Rowdy,Rowdy Tellez,Tellez,6.676811771116395,69,2200,TEX@LAA,TEX,LAA,,,,,,C/1B/UTIL
119048-101910,1B/OF,Connor,Connor Joe,Joe,2.61951223233851,41,2200,LAD@CIN,CIN,LAD,,,,,,C/1B/OF/UTIL
119048-226907,OF,Alejandro,Alejandro Osuna,Osuna,4.893103237809806,29,2200,TEX@LAA,TEX,LAA,,,,,,OF/UTIL
119048-38561,OF/3B/2B,Chris,Chris Taylor,Taylor,3.3255813953488373,43,2200,TEX@LAA,LAA,TEX,IL,Hand,,,,2B/3B/OF/UTIL
119048-165623,OF,Carlos,Carlos Cortes,Cortes,6.185714176722935,7,2200,SEA@ATH,ATH,SEA,,,,,,OF/UTIL
119048-165645,OF,Denzel,Denzel Clarke,Clarke,6.67234055539395,47,2200,SEA@ATH,ATH,SEA,IL,Hip,,,,OF/UTIL
119048-200498,SS/3B/2B/OF,Max,Max Schuemann,Schuemann,4.083783948743665,74,2200,SEA@ATH,ATH,SEA,,,,,,2B/3B/SS/OF/UTIL
119048-163668,OF/2B/3B,Richie,Richie Palacios,Palacios,21.200000762939453,1,2200,TB@NYY,TB,NYY,IL,Knee,,,,2B/3B/OF/UTIL
119048-163695,2B/3B,Jorbit,Jorbit Vivas,Vivas,3.5413792051117996,29,2200,TB@NYY,NYY,TB,,,,,,2B/3B/UTIL
119048-161677,C,Nick,Nick Fortes,Fortes,3.973333231608073,60,2200,TB@NYY,TB,NYY,,,,,,C/1B/UTIL
119048-180208,2B/3B/SS/OF,Miles,Miles Mastrobuoni,Mastrobuoni,4.405633630886884,71,2200,SEA@ATH,SEA,ATH,,,,,,2B/3B/SS/OF/UTIL
119048-102392,OF,Esteury,Esteury Ruiz,Ruiz,3.6000000448787914,17,2200,LAD@CIN,LAD,CIN,,,,,,OF/UTIL
119048-102413,1B,Luken,Luken Baker,Baker,3.7157893933747945,19,2100,MIA@STL,STL,MIA,,,,,,C/1B/UTIL
119048-119326,3B/OF,Rece,Rece Hinds,Hinds,4.579999796549479,15,2100,LAD@CIN,CIN,LAD,,,,,,3B/OF/UTIL
119048-119354,SS/2B/OF,Kyren,Kyren Paris,Paris,7.443181818181818,44,2100,TEX@LAA,LAA,TEX,IL,Undisclosed,,,,2B/SS/OF/UTIL
119048-119363,OF,JJ,JJ Bleday,Bleday,7.774193548387097,62,2100,SEA@ATH,ATH,SEA,,,,,,OF/UTIL
119048-119428,2B/3B,Will,Will Wilson,Wilson,3.1468749046325684,32,2100,COL@CLE,CLE,COL,,,,,,2B/3B/UTIL
119048-82567,1B/OF,Ryan,Ryan Vilade,Vilade,1.524999976158142,8,2100,LAD@CIN,CIN,LAD,,,,,,C/1B/OF/UTIL
119048-164498,2B,Ryan,Ryan Bliss,Bliss,6.427272449840199,11,2100,SEA@ATH,SEA,ATH,IL,Biceps,,,,2B/UTIL
119048-199342,3B/2B/1B,Graham,Graham Pauley,Pauley,4.823077079577324,39,2100,MIA@STL,MIA,STL,,,,,,C/1B/2B/3B/UTIL
119048-228207,OF,Colby,Colby Thomas,Thomas,2.51818188753995,11,2100,SEA@ATH,ATH,SEA,,,,,,OF/UTIL
119048-38004,C,Austin,Austin Hedges,Hedges,3.5022728659889917,44,2100,COL@CLE,CLE,COL,,,,,,C/1B/UTIL
119048-197881,OF,Yanquiel,Yanquiel Fernandez,Fernandez,3.4588234845329735,17,2100,COL@CLE,COL,CLE,,,,,,OF/UTIL
119048-146681,OF,Zac,Zac Veen,Veen,4.100000063578288,12,2100,COL@CLE,COL,CLE,,,,,,OF/UTIL
119048-21890,SS/1B/3B/2B,Orlando,Orlando Arcia,Arcia,3.315384498009315,52,2100,COL@CLE,COL,CLE,,,,,,C/1B/2B/3B/SS/UTIL
119048-71182,3B/1B,Jeimer,Jeimer Candelario,Candelario,5.572727203369141,22,2100,TB@NYY,NYY,TB,,,,,,C/1B/3B/UTIL
119048-181806,OF,Jonny,Jonny DeLuca,DeLuca,8.691666920979818,12,2100,TB@NYY,TB,NYY,,,,,,OF/UTIL
119048-229041,3B,Cody,Cody Freeman,Freeman,3.9749999046325684,4,2100,TEX@LAA,TEX,LAA,,,,,,3B/UTIL
119048-198359,3B,Deyvison,Deyvison De Los Santos,De Los Santos,0,2,2100,MIA@STL,MIA,STL,,,,,,3B/UTIL
119048-165643,2B,Zack,Zack Gelof,Gelof,3.137500047683716,8,2100,SEA@ATH,ATH,SEA,,,,,,2B/UTIL
119048-102295,OF,Stuart,Stuart Fairchild,Fairchild,3.7285714830671037,28,2100,TB@NYY,TB,NYY,IL,Oblique,,,,OF/UTIL
119048-102349,SS/2B,Leo,Leo Rivas,Rivas,5.8600001017252605,30,2100,SEA@ATH,SEA,ATH,,,,,,2B/SS/UTIL
119048-135195,C,Sebastian,Sebastian Rivero,Rivero,,0,2000,TEX@LAA,LAA,TEX,,,,,,C/1B/UTIL
119048-135207,2B,Alex,Alex De Goti,De Goti,,0,2000,TEX@LAA,TEX,LAA,,,,,,2B/UTIL
119048-102451,OF,Brennen,Brennen Davis,Davis,0,2,2000,TB@NYY,NYY,TB,IL,Undisclosed,,,,OF/UTIL
119048-135227,2B,Jose,Jose Rojas,Rojas,,0,2000,TB@NYY,NYY,TB,,,,,,2B/UTIL
119048-102461,SS,Aaron,Aaron Bracho,Bracho,,0,2000,LAD@CIN,LAD,CIN,,,,,,SS/UTIL
119048-135242,C,P.J.,P.J. Higgins,Higgins,0,2,2000,LAD@CIN,CIN,LAD,,,,,,C/1B/UTIL
119048-135255,C,Brian,Brian Navarreto,Navarreto,,0,2000,MIA@STL,MIA,STL,,,,,,C/1B/UTIL
119048-135267,2B,Kaden,Kaden Polcovich,Polcovich,,0,2000,SEA@ATH,SEA,ATH,,,,,,2B/UTIL
119048-102499,SS,Bryson,Bryson Brigman,Brigman,,0,2000,LAD@CIN,CIN,LAD,,,,,,SS/UTIL
119048-135265,1B,Austin,Austin Shenton,Shenton,4.7549999237060545,20,2000,SEA@ATH,SEA,ATH,,,,,,C/1B/UTIL
119048-157797,OF,Bryan,Bryan De La Cruz,De La Cruz,3.012500047683716,16,2000,TB@NYY,NYY,TB,,,,,,OF/UTIL
119048-135288,SS/2B/3B,Alan,Alan Trejo,Trejo,3.078571319580078,14,2000,TEX@LAA,TEX,LAA,,,,,,2B/3B/SS/UTIL
119048-135302,OF,Brayan,Brayan Buelvas,Buelvas,,0,2000,SEA@ATH,ATH,SEA,,,,,,OF/UTIL
119048-102537,OF,Everson,Everson Pereira,Pereira,0,3,2000,TB@NYY,NYY,TB,,,,,,OF/UTIL
119048-102578,OF,Griffin,Griffin Conine,Conine,8.075,20,2000,MIA@STL,MIA,STL,IL,Shoulder,,,,OF/UTIL
119048-102584,C,Tres,Tres Barrera,Barrera,,0,2000,TB@NYY,TB,NYY,,,,,,C/1B/UTIL
119048-198878,3B,Sal,Sal Stewart,Stewart,,0,2000,LAD@CIN,CIN,LAD,,,,,,3B/UTIL
119048-198892,OF,Josue,Josue De Paula,De Paula,,0,2000,LAD@CIN,LAD,CIN,IL,Undisclosed,,,,OF/UTIL
119048-198900,OF,Spencer,Spencer Jones,Jones,,0,2000,TB@NYY,NYY,TB,DTD,Back,,,,OF/UTIL
119048-198914,SS,Roderick,Roderick Arias,Arias,,0,2000,TB@NYY,NYY,TB,,,,,,SS/UTIL
119048-198931,SS,Felnin,Felnin Celesten,Celesten,,0,2000,SEA@ATH,SEA,ATH,,,,,,SS/UTIL
119048-198933,SS,Sebastian,Sebastian Walcott,Walcott,,0,2000,TEX@LAA,TEX,LAA,,,,,,SS/UTIL
119048-198932,1B,Xavier,Xavier Isaac,Isaac,,0,2000,TB@NYY,TB,NYY,IL,Undisclosed,,,,C/1B/UTIL
119048-194908,SS/2B/3B,Tristan,Tristan Gray,Gray,1.625,4,2000,TB@NYY,TB,NYY,,,,,,2B/3B/SS/UTIL
119048-135529,OF,Jake,Jake Vogel,Vogel,,0,2000,LAD@CIN,LAD,CIN,,,,,,OF/UTIL
119048-211339,C,Logan,Logan Driscoll,Driscoll,3.593333435058594,15,2000,TB@NYY,TB,NYY,IL,Ankle,,,,C/1B/UTIL
119048-180694,OF,Cade,Cade Marlowe,Marlowe,1.355555534362793,9,2000,SEA@ATH,SEA,ATH,,,,,,OF/UTIL
119048-84471,OF,Nick,Nick Martini,Martini,3.631818251176314,44,2000,SEA@ATH,ATH,SEA,,,,,,OF/UTIL
119048-119304,SS/2B,Braden,Braden Shewmake,Shewmake,3.406896656957166,29,2000,TB@NYY,NYY,TB,,,,,,2B/SS/UTIL
119048-219661,SS,Jared,Jared Serna,Serna,,0,2000,MIA@STL,MIA,STL,,,,,,SS/UTIL
119048-119313,OF,Matthew,Matthew Lugo,Lugo,6.599999820484834,17,2000,TEX@LAA,LAA,TEX,,,,,,OF/UTIL
119048-219664,OF,Matt,Matt Koperniak,Koperniak,,0,2000,MIA@STL,STL,MIA,,,,,,OF/UTIL
119048-119325,2B/OF,Tyler,Tyler Callihan,Callihan,1.625,4,2000,LAD@CIN,CIN,LAD,IL,Wrist,,,,2B/OF/UTIL
119048-119327,SS,Ivan,Ivan Johnson,Johnson,,0,2000,LAD@CIN,CIN,LAD,,,,,,SS/UTIL
119048-207395,C,Eric,Eric Yang,Yang,0,1,2000,LAD@CIN,CIN,LAD,,,,,,C/1B/UTIL
119048-119332,SS,Yordys,Yordys Valdes,Valdes,,0,2000,COL@CLE,CLE,COL,,,,,,SS/UTIL
119048-119335,3B/2B/SS,Aaron,Aaron Schunk,Schunk,2.0166667302449546,12,2000,COL@CLE,COL,CLE,,,,,,2B/3B/SS/UTIL
119048-219699,C,Jesus,Jesus Rodriguez,Rodriguez,,0,2000,TB@NYY,NYY,TB,,,,,,C/1B/UTIL
119048-16951,3B,Anthony,Anthony Rendon,Rendon,7.038596705386513,57,2000,TEX@LAA,LAA,TEX,IL,Hip,,,,3B/UTIL
119048-119353,3B,Kody,Kody Hoese,Hoese,,0,2000,LAD@CIN,LAD,CIN,,,,,,3B/UTIL
119048-156224,C,Willie,Willie MacIver,MacIver,6.694117826573989,17,2000,SEA@ATH,ATH,SEA,,,,,,C/1B/UTIL
119048-119393,SS,Robert,Robert Puason,Puason,,0,2000,SEA@ATH,ATH,SEA,,,,,,SS/UTIL
119048-82531,C,Andy,Andy Yerzy,Yerzy,,0,2000,MIA@STL,STL,MIA,,,,,,C/1B/UTIL
119048-119412,2B/3B/1B,Owen,Owen Miller,Miller,2.7222222222222223,9,2000,COL@CLE,COL,CLE,,,,,,C/1B/2B/3B/UTIL
119048-201354,3B,Brett,Brett Harris,Harris,6.333333333333333,36,2000,SEA@ATH,ATH,SEA,,,,,,3B/UTIL
119048-119436,SS,Maximo,Maximo Acosta,Acosta,,0,2000,MIA@STL,MIA,STL,,,,,,SS/UTIL
119048-119440,3B/2B,Davis,Davis Wendzel,Wendzel,1.8714286259242467,28,2000,LAD@CIN,CIN,LAD,,,,,,2B/3B/UTIL
119048-203417,C,Nick,Nick Raposo,Raposo,,0,2000,SEA@ATH,SEA,ATH,,,,,,C/1B/UTIL
119048-21161,2B,Yolmer,Yolmer Sanchez,Sanchez,,0,2000,TEX@LAA,LAA,TEX,,,,,,2B/UTIL
119048-82605,2B/1B,Keston,Keston Hiura,Hiura,4.637499809265137,8,2000,COL@CLE,COL,CLE,,,,,,C/1B/2B/UTIL
119048-21172,1B/2B/3B,Brandon,Brandon Drury,Drury,4.8051547020981,97,2000,TEX@LAA,LAA,TEX,,,,,,C/1B/2B/3B/UTIL
119048-82637,1B,Evan,Evan White,White,0,2,2000,TEX@LAA,LAA,TEX,IL,Hip,,,,C/1B/UTIL
119048-103125,2B/SS/OF,Jack,Jack Lopez,Lopez,3.8551725190261315,29,2000,SEA@ATH,SEA,ATH,,,,,,2B/SS/OF/UTIL
119048-195289,OF,Cam,Cam Eden,Eden,,0,2000,TB@NYY,NYY,TB,,,,,,OF/UTIL
119048-82659,3B,Carter,Carter Kieboom,Kieboom,0,1,2000,TEX@LAA,LAA,TEX,,,,,,3B/UTIL
119048-226041,OF/1B,Matt,Matt Gorski,Gorski,4.76000010172526,15,2000,LAD@CIN,LAD,CIN,O,Hand,,,,C/1B/OF/UTIL
119048-13054,C,Rob,Rob Brantly,Brantly,4.166666666666667,3,2000,MIA@STL,MIA,STL,,,,,,C/1B/UTIL
119048-70435,OF,Ben,Ben Gamel,Gamel,5.779487022986779,39,2000,TEX@LAA,LAA,TEX,IL,Undisclosed,,,,OF/UTIL
119048-176937,C,Chuckie,Chuckie Robinson,Robinson,1.976923135610727,26,2000,LAD@CIN,LAD,CIN,,,,,,C/1B/UTIL
119048-211757,OF,Bryce,Bryce Teodosio,Teodosio,1.2399999618530273,5,2000,TEX@LAA,LAA,TEX,,,,,,OF/UTIL
119048-119636,SS,Alexander,Alexander Vargas,Vargas,,0,2000,TB@NYY,NYY,TB,,,,,,SS/UTIL
119048-203639,3B/1B,CJ,CJ Alexander,Alexander,1.5,6,2000,LAD@CIN,LAD,CIN,,,,,,C/1B/3B/UTIL
119048-209786,1B,Niko,Niko Kavadas,Kavadas,0,1,2000,TEX@LAA,LAA,TEX,,,,,,C/1B/UTIL
119048-203641,SS,Levi,Levi Jordan,Jordan,1.8142856870378767,7,2000,LAD@CIN,CIN,LAD,,,,,,SS/UTIL
119048-170879,C,Chris,Chris Okey,Okey,0,2,2000,LAD@CIN,LAD,CIN,,,,,,C/1B/UTIL
119048-52147,1B/OF,Kris,Kris Bryant,Bryant,3.6272728659889917,11,2000,COL@CLE,COL,CLE,IL,Back,,,,C/1B/OF/UTIL
119048-68554,SS,Andrew,Andrew Velazquez,Velazquez,0,2,2000,TB@NYY,NYY,TB,,,,,,SS/UTIL
119048-83051,2B/3B,David,David Bote,Bote,2.4051282833784056,39,2000,LAD@CIN,LAD,CIN,,,,,,2B/3B/UTIL
119048-197764,C,Blake,Blake Hunt,Hunt,0,1,2000,SEA@ATH,SEA,ATH,,,,,,C/1B/UTIL
119048-187594,2B/3B,Coco,Coco Montes,Montes,1.9,5,2000,TB@NYY,TB,NYY,,,,,,2B/3B/UTIL
119048-109803,C,Austin,Austin Nola,Nola,3.0444444020589194,9,2000,COL@CLE,COL,CLE,,,,,,C/1B/UTIL
119048-146671,OF,Austin,Austin Hendrick,Hendrick,,0,2000,LAD@CIN,CIN,LAD,,,,,,OF/UTIL
119048-146680,C,Drew,Drew Romo,Romo,4.737500190734863,16,2000,COL@CLE,COL,CLE,,,,,,C/1B/UTIL
119048-146694,SS,Arol,Arol Vera,Vera,,0,2000,TEX@LAA,LAA,TEX,,,,,,SS/UTIL
119048-79108,3B,Nick,Nick Senzel,Senzel,6.351351351351352,74,2000,LAD@CIN,LAD,CIN,,,,,,3B/UTIL
119048-146692,OF,David,David Calabrese,Calabrese,,0,2000,TEX@LAA,LAA,TEX,,,,,,OF/UTIL
119048-146693,OF,Alexander,Alexander Ramirez,Ramirez,,0,2000,TEX@LAA,LAA,TEX,,,,,,OF/UTIL
119048-197904,SS/3B,Darell,Darell Hernaiz,Hernaiz,3,1,2000,SEA@ATH,ATH,SEA,,,,,,3B/SS/UTIL
119048-197915,C,Hunter,Hunter Feduccia,Feduccia,1.5,2,2000,LAD@CIN,LAD,CIN,,,,,,C/1B/UTIL
119048-146719,OF,Junior,Junior Perez,Perez,,0,2000,SEA@ATH,ATH,SEA,,,,,,OF/UTIL
119048-197917,OF,Victor,Victor Mesa Jr.,Mesa Jr.,3.924999952316284,4,2000,MIA@STL,MIA,STL,,,,,,OF/UTIL
119048-146738,2B,Justin,Justin Foscue,Foscue,3.25,4,2000,TEX@LAA,TEX,LAA,,,,,,2B/UTIL
119048-79174,C,Jacob,Jacob Nottingham,Nottingham,,0,2000,SEA@ATH,SEA,ATH,,,,,,C/1B/UTIL
119048-79189,2B,Travis,Travis Blankenhorn,Blankenhorn,2.9928572518484935,14,2000,TEX@LAA,LAA,TEX,,,,,,2B/UTIL
119048-79190,C,Ben,Ben Rortvedt,Rortvedt,2.6692308279184194,26,2000,TB@NYY,TB,NYY,,,,,,C/1B/UTIL
119048-79204,SS,Richie,Richie Martin,Martin,,0,2000,TEX@LAA,TEX,LAA,,,,,,SS/UTIL
119048-228716,SS,Chad,Chad Stevens,Stevens,1.8399999618530274,5,2000,TEX@LAA,LAA,TEX,,,,,,SS/UTIL
119048-226686,OF,Rhylan,Rhylan Thomas,Thomas,7.466666539510091,3,2000,SEA@ATH,SEA,ATH,,,,,,OF/UTIL
119048-38293,OF,Tyler,Tyler Naquin,Naquin,,0,2000,COL@CLE,CLE,COL,,,,,,OF/UTIL
119048-79263,OF,Leody,Leody Taveras,Taveras,5.622413898336476,58,2000,SEA@ATH,SEA,ATH,,,,,,OF/UTIL
119048-79279,OF,Andrew,Andrew Stevenson,Stevenson,,0,2000,TB@NYY,TB,NYY,,,,,,OF/UTIL
119048-101821,1B,Edwin,Edwin Rios,Rios,1.8399999618530274,5,2000,LAD@CIN,CIN,LAD,,,,,,C/1B/UTIL
119048-155109,2B,Alejo,Alejo Lopez,Lopez,0,2,2000,SEA@ATH,ATH,SEA,,,,,,2B/UTIL
119048-226808,1B,Blaine,Blaine Crim,Crim,1.8399999618530274,5,2000,TEX@LAA,TEX,LAA,,,,,,C/1B/UTIL
119048-79387,3B,Jake,Jake Gatewood,Gatewood,,0,2000,TB@NYY,NYY,TB,,,,,,3B/UTIL
119048-95772,C,Beau,Beau Taylor,Taylor,,0,2000,SEA@ATH,SEA,ATH,,,,,,C/1B/UTIL
119048-181818,2B,Juan,Juan Brito,Brito,0,3,2000,COL@CLE,CLE,COL,IL,Hamstring,,,,2B/UTIL
119048-222781,3B,Cam,Cam Collier,Collier,,0,2000,LAD@CIN,CIN,LAD,,,,,,3B/UTIL
119048-222780,SS,Starlyn,Starlyn Caba,Caba,,0,2000,MIA@STL,MIA,STL,,,,,,SS/UTIL
119048-222791,OF,Zyhir,Zyhir Hope,Hope,,0,2000,LAD@CIN,LAD,CIN,,,,,,OF/UTIL
119048-222788,SS,Alex,Alex Freeland,Freeland,,0,2000,LAD@CIN,LAD,CIN,,,,,,SS/UTIL
119048-222795,SS,George,George Lombard Jr.,Lombard Jr.,,0,2000,TB@NYY,NYY,TB,,,,,,SS/UTIL
119048-222793,OF,Robert,Robert Calaz,Calaz,,0,2000,COL@CLE,COL,CLE,,,,,,OF/UTIL
119048-222792,OF,Charlie,Charlie Condon,Condon,,0,2000,COL@CLE,COL,CLE,,,,,,OF/UTIL
119048-222799,C,Cooper,Cooper Ingle,Ingle,,0,2000,COL@CLE,CLE,COL,,,,,,C/1B/UTIL
119048-222798,1B,CJ,CJ Kayfus,Kayfus,,0,2000,COL@CLE,CLE,COL,,,,,,C/1B/UTIL
119048-222797,2B,Travis,Travis Bazzana,Bazzana,,0,2000,COL@CLE,CLE,COL,,,,,,2B/UTIL
119048-222796,SS,Angel,Angel Genao,Genao,,0,2000,COL@CLE,CLE,COL,,,,,,SS/UTIL
119048-222801,OF,Jaison,Jaison Chourio,Chourio,,0,2000,COL@CLE,CLE,COL,,,,,,OF/UTIL
119048-222800,1B,Ralphy,Ralphy Velazquez,Velazquez,,0,2000,COL@CLE,CLE,COL,,,,,,C/1B/UTIL
119048-222835,C,Jimmy,Jimmy Crooks,Crooks,,0,2000,MIA@STL,STL,MIA,,,,,,C/1B/UTIL
119048-226928,1B/2B/SS/3B,Jack,Jack Winkler,Winkler,1.3818181644786487,11,2000,MIA@STL,MIA,STL,,,,,,C/1B/2B/3B/SS/UTIL
119048-222839,SS,Colt,Colt Emerson,Emerson,,0,2000,SEA@ATH,SEA,ATH,,,,,,SS/UTIL
119048-222836,SS,JJ,JJ Wetherholt,Wetherholt,,0,2000,MIA@STL,STL,MIA,,,,,,SS/UTIL
119048-222842,2B,Michael,Michael Arroyo,Arroyo,,0,2000,SEA@ATH,SEA,ATH,,,,,,2B/UTIL
119048-222841,OF,Lazaro,Lazaro Montes,Montes,,0,2000,SEA@ATH,SEA,ATH,,,,,,OF/UTIL
119048-222840,OF,Jonny,Jonny Farmelo,Farmelo,,0,2000,SEA@ATH,SEA,ATH,IL,Ribs,,,,OF/UTIL
119048-222851,C,Dominic,Dominic Keegan,Keegan,,0,2000,TB@NYY,TB,NYY,,,,,,C/1B/UTIL
119048-222850,3B,Brayden,Brayden Taylor,Taylor,,0,2000,TB@NYY,TB,NYY,,,,,,3B/UTIL
119048-165510,OF,Jay,Jay Allen,Allen,,0,2000,LAD@CIN,CIN,LAD,,,,,,OF/UTIL
119048-165511,C,Mat,Mat Nelson,Nelson,,0,2000,LAD@CIN,CIN,LAD,,,,,,C/1B/UTIL
119048-222853,1B,Tre',Tre' Morgan,Morgan,,0,2000,TB@NYY,TB,NYY,,,,,,C/1B/UTIL
119048-222852,OF,Theo,Theo Gillen,Gillen,,0,2000,TB@NYY,TB,NYY,,,,,,OF/UTIL
119048-165515,OF,Malvin,Malvin Valdez,Valdez,,0,2000,LAD@CIN,CIN,LAD,,,,,,OF/UTIL
119048-165519,OF,Petey,Petey Halpin,Halpin,,0,2000,COL@CLE,CLE,COL,,,,,,OF/UTIL
119048-165516,C,Daniel,Daniel Vellojin,Vellojin,,0,2000,TB@NYY,TB,NYY,,,,,,C/1B/UTIL
119048-165517,OF,Ariel,Ariel Almonte,Almonte,,0,2000,LAD@CIN,CIN,LAD,,,,,,OF/UTIL
119048-165526,OF,Benny,Benny Montgomery,Montgomery,,0,2000,COL@CLE,COL,CLE,,,,,,OF/UTIL
119048-165530,SS/2B,Adael,Adael Amador,Amador,4.594594594594595,37,2000,COL@CLE,COL,CLE,,,,,,2B/SS/UTIL
119048-165532,3B,Julio,Julio Carreras,Carreras,0,1,2000,COL@CLE,COL,CLE,,,,,,3B/UTIL
119048-220839,2B,Cooper,Cooper Bowman,Bowman,,0,2000,SEA@ATH,ATH,SEA,,,,,,2B/UTIL
119048-220848,SS,Christian,Christian Cairo,Cairo,,0,2000,COL@CLE,CLE,COL,,,,,,SS/UTIL
119048-202433,2B/OF,Jamie,Jamie Westbrook,Westbrook,4.490476335797991,21,2000,TB@NYY,TB,NYY,,,,,,2B/OF/UTIL
119048-165575,SS,Denzer,Denzer Guzman,Guzman,,0,2000,TEX@LAA,LAA,TEX,,,,,,SS/UTIL
119048-165576,SS,Adrian,Adrian Placencia,Placencia,,0,2000,TEX@LAA,LAA,TEX,,,,,,SS/UTIL
119048-165590,SS,Wilman,Wilman Diaz,Diaz,,0,2000,LAD@CIN,LAD,CIN,,,,,,SS/UTIL
119048-165593,OF,Jose,Jose Ramos,Ramos,0,2,2000,LAD@CIN,LAD,CIN,,,,,,OF/UTIL
119048-165598,C,Jesus,Jesus Galiz,Galiz,,0,2000,LAD@CIN,LAD,CIN,IL,Undisclosed,,,,C/1B/UTIL
119048-165597,SS,Kahlil,Kahlil Watson,Watson,,0,2000,COL@CLE,CLE,COL,,,,,,SS/UTIL
119048-165602,C,Joe,Joe Mack,Mack,,0,2000,MIA@STL,MIA,STL,,,,,,C/1B/UTIL
119048-165603,SS,Yiddi,Yiddi Cappe,Cappe,,0,2000,MIA@STL,MIA,STL,,,,,,SS/UTIL
119048-165607,SS,Jordan,Jordan McCants,McCants,,0,2000,MIA@STL,MIA,STL,,,,,,SS/UTIL
119048-165608,2B,Cody,Cody Morissette,Morissette,,0,2000,MIA@STL,MIA,STL,,,,,,2B/UTIL
119048-165619,SS,Noah,Noah Miller,Miller,,0,2000,LAD@CIN,LAD,CIN,,,,,,SS/UTIL
119048-202502,OF,Blake,Blake Dunn,Dunn,4.983333333333333,30,2000,LAD@CIN,CIN,LAD,,,,,,OF/UTIL
119048-202501,OF,Duke,Duke Ellis,Ellis,3.0166667302449546,12,2000,TB@NYY,NYY,TB,,,,,,OF/UTIL
119048-165644,OF,Pedro,Pedro Pineda,Pineda,,0,2000,SEA@ATH,ATH,SEA,,,,,,OF/UTIL
119048-165662,SS,Euribiel,Euribiel Angeles,Angeles,,0,2000,SEA@ATH,ATH,SEA,,,,,,SS/UTIL
119048-165663,SS,Victor,Victor Acosta,Acosta,,0,2000,LAD@CIN,CIN,LAD,,,,,,SS/UTIL
119048-165675,SS,Edwin,Edwin Arroyo,Arroyo,,0,2000,LAD@CIN,CIN,LAD,,,,,,SS/UTIL
119048-165672,C,Harry,Harry Ford,Ford,,0,2000,SEA@ATH,SEA,ATH,,,,,,C/1B/UTIL
119048-165679,3B,Milkar,Milkar Perez,Perez,,0,2000,SEA@ATH,SEA,ATH,,,,,,3B/UTIL
119048-165681,3B,Starlin,Starlin Aguilar,Aguilar,,0,2000,SEA@ATH,SEA,ATH,,,,,,3B/UTIL
119048-165688,C,Ricardo,Ricardo Genoves,Genoves,,0,2000,TB@NYY,TB,NYY,,,,,,C/1B/UTIL
119048-165692,OF,Joshua,Joshua Baez,Baez,,0,2000,MIA@STL,STL,MIA,,,,,,OF/UTIL
119048-165702,SS,Carson,Carson Williams,Williams,,0,2000,TB@NYY,TB,NYY,,,,,,SS/UTIL
119048-165700,SS,Carlos,Carlos Colmenares,Colmenares,,0,2000,TB@NYY,TB,NYY,,,,,,SS/UTIL
119048-165704,2B,Cooper,Cooper Kinney,Kinney,,0,2000,TB@NYY,TB,NYY,,,,,,2B/UTIL
119048-165711,SS,Cam,Cam Cauley,Cauley,,0,2000,TEX@LAA,TEX,LAA,,,,,,SS/UTIL
119048-165708,2B,Trevor,Trevor Hauver,Hauver,,0,2000,TEX@LAA,TEX,LAA,,,,,,2B/UTIL
119048-165709,OF,Yeison,Yeison Morrobel,Morrobel,,0,2000,TEX@LAA,TEX,LAA,,,,,,OF/UTIL
119048-165712,3B/OF,Dustin,Dustin Harris,Harris,4.206250190734863,16,2000,TEX@LAA,TEX,LAA,,,,,,3B/OF/UTIL
119048-165713,OF,Aaron,Aaron Zavala,Zavala,,0,2000,TEX@LAA,TEX,LAA,,,,,,OF/UTIL
119048-165718,2B/OF,Samad,Samad Taylor,Taylor,1.5499999523162842,4,2000,SEA@ATH,SEA,ATH,,,,,,2B/OF/UTIL
119048-163686,3B/SS,Oswaldo,Oswaldo Cabrera,Cabrera,6.597142682756696,35,2000,TB@NYY,NYY,TB,IL,Ankle,,,,3B/SS/UTIL
119048-180095,OF,Will,Will Brennan,Brennan,1.5,6,2000,COL@CLE,CLE,COL,IL,Elbow,,,,OF/UTIL
119048-182167,1B,Matt,Matt Mervis,Mervis,6.523809523809524,42,2000,MIA@STL,MIA,STL,,,,,,C/1B/UTIL
119048-182170,OF,Oscar,Oscar Colas,Colas,4.228571483067104,14,2000,TEX@LAA,LAA,TEX,,,,,,OF/UTIL
119048-79776,C,Dom,Dom Nunez,Nunez,6.199999809265137,2,2000,COL@CLE,CLE,COL,,,,,,C/1B/UTIL
119048-202657,1B,Tyler,Tyler Locklear,Locklear,5.006249904632568,16,2000,SEA@ATH,SEA,ATH,,,,,,C/1B/UTIL
119048-102309,OF,Michael,Michael Siani,Siani,1.6210525914242393,19,2000,MIA@STL,STL,MIA,,,,,,OF/UTIL
119048-102313,OF,George,George Valera,Valera,0,3,2000,COL@CLE,CLE,COL,,,,,,OF/UTIL
119048-102331,2B/SS/3B,Nicky,Nicky Lopez,Lopez,1.3105262957121198,19,2000,TB@NYY,NYY,TB,,,,,,2B/3B/SS/UTIL
119048-81869,C,Chad,Chad Wallach,Wallach,,0,2000,TEX@LAA,LAA,TEX,,,,,,C/1B/UTIL
119048-102359,C,Will,Will Banfield,Banfield,,0,2000,LAD@CIN,CIN,LAD,,,,,,C/1B/UTIL
119048-102384,SS,Jeremy,Jeremy Eierman,Eierman,,0,2000,SEA@ATH,ATH,SEA,,,,,,SS/UTIL